"LATITUDE.MIN","LONGITUDE.MIN","ROCK.NAME","LA.PPM.","CE.PPM.","PR.PPM.","ND.PPM.","SM.PPM.","EU.PPM.","GD.PPM.","TB.PPM.","DY.PPM.","HO.PPM.","ER.PPM.","TM.PPM.","YB.PPM.","LU.PPM."
58,7,"DIORITE, QUARTZ [19967]",59,141,18,77,14.9,3.5,11.5,1.7,8.8,1.7,4.5,0.57,3.91,0.56
58,7,"DIORITE, QUARTZ [19967]",69,162,21,91,17.9,4.3,14.4,2,10.3,2,5.1,0.68,4.39,0.62
58,7,"DIORITE, QUARTZ [19967]",61,138,18,73,14.4,3.5,11.3,1.7,8.4,1.7,4.3,0.55,3.49,0.49
58,7,"DIORITE, QUARTZ [19967]",69,155,20,83,15.8,3.7,12.6,1.9,9.6,1.9,4.9,0.67,4.41,0.64
58,7,"DIORITE, QUARTZ [19967]",62,138,18,76,15.4,3.5,12.1,1.8,9.3,1.8,4.7,0.63,4.02,0.56
52,39,"DIORITE [20102]",24.1,54.8,6.42,25.6,4.79,1.29,4.67,0.752,3.86,0.798,2.64,0.387,2.58,0.349
52,39,"DIORITE [20102]",22.6,51.3,5.88,23.6,4.49,1.3,4.31,0.691,3.78,0.774,2.5,0.37,2.49,0.345
52,39,"DIORITE [20102]",24.6,55.5,6.44,25.2,4.63,1.46,4.23,0.641,3.42,0.711,2.17,0.309,2.13,0.31
34.775,131.9044,"DIORITE, BIOTITE-HORNBLENDE-QUARTZ [19747]",13.5,31.2,3.98,17.1,4.02,1.2,3.82,0.59,3.51,0.69,1.97,0.291,2,0.265
34.8086,132.0711,"DIORITE, CLINOPYROXENE-BIOTITE-QUARTZ [19747]",15.8,35.4,4.1,17.1,3.87,1.13,4.13,0.68,4.06,0.84,2.49,0.379,2.5,0.402
37,121,"DIORITE [17467]",69,128.6,15.4,64.87,10.9,2.6,7.7,0.9,4.1,0.7,1.6,0.2,1.3,0.2
37,121,"DIORITE, PYROXENE [17467]",30.9,64.9,8.9,41.21,8.06,2.1,5.6,0.7,3.5,0.6,1.6,0.2,1.5,0.2
44.6096,91.7746,"DIORITE [17468]",9.25,20.86,2.58,9.826,1.949,0.67,1.65,0.25,1.47,0.3,0.85,0.13,0.87,0.14
44.5995,91.7947,"DIORITE [17468]",12.16,24.66,3,12.57,3.21,0.8,2.31,0.36,2.14,0.45,1.27,0.19,1.24,0.2
44.5995,91.7947,"DIORITE [17468]",15.05,33.12,4.46,18.16,3.9,1.07,3.19,0.49,3.03,0.62,1.79,0.28,1.8,0.28
44.602,91.7991,"DIORITE [17468]",7.33,18.24,2.78,13.27,4.025,1.44,4.51,0.78,5.2,1.1,3.07,0.46,2.93,0.44
44.6013,91.7963,"DIORITE [17468]",10.27,24.44,3.89,18.51,5.45,1.83,5.88,1.08,6.95,1.49,4.22,0.61,3.86,0.6
42,92,"DIORITE, QUARTZ [20329]",11,22.4,2.76,11.4,2.33,0.693,1.94,0.347,1.99,0.37,1.14,0.195,1.19,0.172
29.7649,95.6971,"DIORITE [16208]",24.9,57.1,7.38,31.8,6.61,1.43,5.56,0.85,4.39,0.84,2.24,0.31,1.91,0.28
42.79,140.94,"DIORITE [20470]",12.36,25.94,3.61,14.71,3.3,0.83,3.37,0.54,3.49,0.72,2.18,0.32,2.2,0.33
35,110,"DIORITE [18802]",74.8,161,20.9,84.6,15.8,3.96,15.9,2.18,12.4,2.46,7.1,0.99,6.47,0.97
35,110,"DIORITE [18802]",59.7,128,16.6,67.5,12.6,3.03,12.6,1.74,9.92,1.97,5.73,0.79,5.21,0.78
-78.072606,163.895484,"DIORITE, HORNBLENDE [20561]",51.6,101.5,12.85,50.7,9.88,2.79,7.21,0.95,4.92,0.88,2.31,0.32,2.02,0.29
-78.160711,163.646503,"DIORITE [20561]",13.2,20.6,2.5,10.3,2.29,1.41,2.14,0.31,1.84,0.39,1.23,0.21,1.47,0.25
-78.078198,163.867237,"DIORITE [20561]",50.8,91.4,10.85,40.9,7.14,2.58,4.9,0.65,3.24,0.59,1.59,0.23,1.5,0.22
-78.160711,163.646503,"DIORITE [20561]",23.3,53.9,7.57,32.8,7.13,1.74,6.18,0.92,5.01,0.97,2.61,0.38,2.29,0.32
-78.372389,163.066303,"DIORITE, HORNBLENDE [20561]",16.1,36.4,4.24,17.7,4.65,1.42,4.97,0.82,4.93,0.99,2.98,0.48,2.74,0.43
-78.270883,163.228757,"DIORITE [20561]",28.7,48.3,5.27,18.6,3.03,1.58,2.06,0.29,1.5,0.28,0.79,0.15,0.89,0.13
-79.92348,158.340797,"DIORITE [20561]",7,17.7,2.44,11.8,3.08,1.11,3.74,0.65,4.01,0.83,2.51,0.36,2.41,0.36
-80.452398,156.320963,"DIORITE [20561]",21.4,44.1,5.65,25.1,5.28,1,4.86,0.72,4.14,0.78,2.15,0.33,2.02,0.28
-80.441553,156.243973,"DIORITE [20561]",23.2,43.9,5.34,22.6,4.25,1.19,3.35,0.44,2.27,0.42,1.12,0.16,1.03,0.14
43,24,"DIORITE [20127]",39.15,77.52,9.05,35.74,7.06,1.92,5.17,0.98,5.29,1.14,3.01,0.48,3.11,0.5
43,24,"DIORITE, QUARTZ [20127]",32.5,61.26,6.96,27.93,5.55,1.39,4.51,0.67,4.2,0.84,2.52,0.34,2.47,0.36
34,111,"DIORITE [20154]",72.2,168,16.8,72.5,13.3,3,11,1.9,9.95,2.01,5.5,0.88,5.42,0.79
34,111,"DIORITE [20154]",68.6,163,16.7,73.9,13,2.88,10.6,1.81,9.2,1.82,5.21,0.86,4.88,0.75
42.3,8.7,"DIORITE, QUARTZ [20589]",28.9,67.6,9.21,39.9,9.43,2.89,9.35,1.45,8.36,1.7,4.65,0.64,3.95,0.57
42.3,8.7,"DIORITE, QUARTZ [20600]",28.9,67.6,9.21,39.9,9.43,2.89,9.35,1.45,8.36,1.7,4.65,0.64,3.95,0.57
42.3,8.7,"DIORITE, QUARTZ [20600]",27,61.8,8.33,35.5,8.49,2.59,8.52,1.33,7.93,1.6,4.44,0.64,3.88,0.55
-30.26583,-70.65861,"DIORITE [20547]",18.6,43.1,5.9,24.6,5.6,1.2,5.4,0.9,5.1,1,2.9,0.4,2.7,0.4
-29.60525,-70.69497,"DIORITE [20547]",6,15.9,2.2,10.1,2.5,0.9,2.5,0.4,2.5,0.5,1.4,0.2,1.2,0.2
41.4375,71.2269,"DIORITE [20621]",3.58,8.88,1.27,6.43,2.07,0.45,2.36,0.38,2.88,0.63,1.86,0.24,1.88,0.29
41.4361,71.2294,"DIORITE [20621]",4.14,9.84,1.33,6.36,2.21,0.52,2.38,0.42,2.7,0.56,1.99,0.25,1.89,0.29
41.4372,71.2272,"DIORITE [20621]",9.61,19.8,2.33,9.32,2.47,0.73,2.54,0.44,2.62,0.52,1.62,0.21,1.5,0.25
41.4586,70.9083,"DIORITE [20621]",20.2,43.8,5.43,22.67,4.833,1.52,4.56,0.7,4.41,0.9,4.42,0.37,2.6,0.36
-18.18645,-69.762925,"DIORITE [20525]",25.86637711,47.50649759,5.378124582,19.36135636,3.940851931,0.813287252,3.024747159,0.424913102,2.420657802,0.467879539,1.504511595,0.24849488,1.813068546,0.252266287
-18.25,-69.95,"DIORITE [20525]",20.57359782,54.39355248,5.272895243,20.74471293,4.593901406,0.776074382,3.851064095,0.619979718,3.989751721,0.776645793,2.543083708,0.409125824,2.992632898,0.481508187
-18.25,-69.95,"DIORITE [20525]",16.233873,55.64963781,4.261960571,16.23195731,4.294646562,0.77121524,3.674382252,0.65494766,4.40329916,0.915895991,3.11410694,0.540603109,4.052356823,0.621369254
-18.25,-69.95,"DIORITE [20525]",18.42093468,37.05096638,4.456684322,15.53291302,3.320126168,0.586995782,2.3862628,0.322666387,1.881592722,0.387365455,1.158389589,0.204818505,1.42048494,0.21681118
-18.082983,-69.675564,"DIORITE [20525]",36.70187898,72.44032852,9.160092204,33.81450245,6.796344092,1.426120852,4.97318546,0.689678636,3.969644453,0.76233608,2.289011902,0.36219925,2.489152461,0.382100147
-14,-41,"DIORITE [20769]",55.031,124.34,14.535,53.49,9.043,2.446,7.352,0.871,4.318,0.769,2.104,0.285,1.774,0.262
28.3923,120.8355,"DIORITE [20772]",50.9749824890087,98.9416100285777,11.4407020575505,46.3865320457586,8.19080692472871,2.97668998266061,6.25714992539904,0.901215864096051,5.11283709925933,0.954943296997406,2.58395337255456,0.37186397555992,2.20457868180619,0.359585518229335
28.3973,120.853,"DIORITE [20772]",50.1020237797461,98.3369648238846,10.9767760926173,42.6531835192921,7.72362821971289,2.37206637942483,5.83247218635444,0.791680868259264,4.52020728386027,0.856055545654975,2.294144709245,0.339681837453397,2.15947601813429,0.349430138602105
46.4609,90.1151,"DIORITE, BIOTITE [20774]",9.3,19.5,2.38,9.9,2.37,0.72,2.38,0.37,2.29,0.46,1.33,0.19,1.21,0.19
46.4609,90.1151,"DIORITE, BIOTITE [20774]",11.1,24.2,3.02,13,3.13,0.96,3.07,0.46,2.83,0.57,1.67,0.23,1.49,0.25
25,99,"DIORITE [20652]",63.6,128,14.2,53,10.5,0.82,9.84,1.43,8.11,1.5,4.11,0.6,3.85,0.56
32.33,84,"DIORITE [20800]",44.5,85.8,9.87,36.4,6.59,1.65,4.83,0.76,3.97,0.8,2.03,0.3,1.92,0.3
32.33,84,"DIORITE [20800]",38.5,80,9.7,38.6,7.2,1.8,5.88,0.9,5.02,1.01,2.68,0.4,2.61,0.39
32.33,84,"DIORITE [20800]",41.1,85.3,10.2,40,7.56,1.83,5.84,0.96,5.04,1.03,2.65,0.41,2.6,0.38
32.33,84,"DIORITE [20800]",44.2,86.1,9.64,37,6.76,1.65,5.12,0.79,4.18,0.82,2.12,0.3,1.98,0.3
32.33,84,"DIORITE [20800]",32.2,61.1,7.07,26.9,4.66,1.38,3.63,0.53,2.46,0.44,1.25,0.18,1.18,0.18
32.33,84,"DIORITE [20800]",42,79.1,9.13,33.9,6.06,1.48,4.9,0.74,3.43,0.64,1.75,0.26,1.61,0.25
32.33,84,"DIORITE [20800]",46.6,92.1,10.3,39.9,7.3,1.51,6.64,0.81,5.76,1.28,3.53,0.52,3.17,0.5
32.33,84,"DIORITE [20800]",51.1,99,12.4,48.8,9.32,2.29,7.51,1.12,5.46,1.07,2.97,0.43,2.79,0.43
32.33,84,"DIORITE [20800]",45.4,94.8,11.9,50.8,13.6,2.96,14.3,2.26,13.2,2.47,6.76,0.94,6.13,0.85
14.8692,107.2156,"DIORITE [20832]",20.4,42.4,5.1,19.1,3.2,0.8,2.2,0.3,1.5,0.29,0.8,0.12,0.77,0.12
14.8692,107.2156,"DIORITE [20832]",12.4,27.2,3.4,13.6,2.7,0.8,2.1,0.3,1.6,0.32,0.9,0.14,0.9,0.14
14.8692,107.2156,"DIORITE [20832]",15.3,34.7,4.4,16.8,3.4,0.7,3.1,0.5,2.9,0.64,1.8,0.28,1.87,0.28
14.8692,107.2156,"DIORITE [20832]",18.6,39.4,4.8,18.3,3.3,0.8,2.3,0.3,1.7,0.33,0.9,0.14,0.9,0.14
14.8692,107.2156,"DIORITE [20832]",17,36.8,4.5,17.3,3.1,0.8,2.3,0.3,1.7,0.33,0.9,0.13,0.86,0.13
14.8692,107.2156,"DIORITE [20832]",21.1,43.7,5.2,19.6,3.4,0.8,2.4,0.3,1.8,0.35,1,0.15,0.94,0.15
7.658962,-80.634208,"DIORITE [20839]",2.9,6.11,0.98,4.7,1.31,0.4,1.48,0.26,1.77,0.41,1.29,0.2,1.42,0.23
7.658962,-80.634208,"DIORITE [20839]",3.47,7.04,1.13,5.26,1.35,0.41,1.45,0.23,1.6,0.35,1.09,0.17,1.16,0.19
9.334839,-79.437491,"DIORITE [20839]",1.02,2.93,0.53,3.12,1.28,0.53,1.82,0.36,2.53,0.55,1.6,0.24,1.58,0.24
9.328165,-79.441217,"DIORITE [20839]",5.17,13.7,2.43,13.2,4.64,1.61,6.06,1.07,7.15,1.55,4.46,0.64,4.21,0.64
9.323917,-79.441645,"DIORITE [20839]",6.02,14.4,2.57,13.7,4.36,2.09,5.49,0.88,5.62,1.18,3.31,0.45,2.92,0.44
9.360234,-79.286112,"DIORITE [20839]",1.02,3.02,0.61,3.77,1.62,0.71,2.78,0.5,3.43,0.77,2.28,0.32,2.23,0.33
9.357325,-79.28832,"DIORITE [20839]",8.72,22.6,3.43,16.7,5.01,1.13,5.96,1.08,7.4,1.63,4.8,0.73,4.84,0.76
9.352565,-79.461091,"DIORITE [20839]",3.1,9.47,1.15,5.6,1.67,0.61,1.95,0.35,2.38,0.52,1.56,0.24,1.65,0.27
9.35379,-79.466275,"DIORITE [20839]",3.74,8.04,1.22,5.9,1.64,0.91,1.86,0.3,1.93,0.41,1.18,0.17,1.12,0.17
9.261938,-78.820089,"DIORITE [20839]",9.87,20,3.42,17.2,5.11,1.67,6.73,1.11,7.21,1.58,4.43,0.62,3.79,0.61
9.198428,-78.387192,"DIORITE [20839]",6.76,14.09,2.17,9.85,2.65,0.87,3.04,0.51,3.27,0.71,2.17,0.31,2.14,0.34
9.208842,-78.471368,"DIORITE [20839]",9.92,20.77,2.93,12.35,2.93,0.74,3.01,0.51,3.25,0.72,2.28,0.34,2.42,0.39
9.208842,-78.471368,"DIORITE [20839]",8.98,19.03,2.67,11.67,2.82,0.8,3.12,0.51,3.22,0.71,2.16,0.31,2.15,0.34
8.871957,-82.578538,"DIORITE [20839]",20.03,38.39,5.18,21.49,4.84,1.38,4.97,0.73,4.38,0.89,2.59,0.35,2.42,0.37
8.871957,-82.578538,"DIORITE [20839]",20.12,38.96,5.38,22.9,5.12,1.38,5.44,0.76,4.52,0.92,2.59,0.35,2.38,0.36
8.888398,-82.611593,"DIORITE [20839]",2.1,4.63,0.78,4.04,1.23,0.51,1.4,0.21,1.28,0.25,0.69,0.09,0.56,0.08
8.487527,-82.077736,"DIORITE [20839]",15.46,29.77,4.17,17.79,4.08,1.13,4.16,0.62,3.77,0.77,2.2,0.3,2.01,0.3
8.323084,-81.836866,"DIORITE [20839]",11.55,23.14,3.5,16.03,4.07,1.3,4.38,0.68,4.2,0.88,2.57,0.35,2.37,0.36
8.4075,-81.52654,"DIORITE [20839]",6.03,12.9,1.96,9.4,2.55,0.91,2.89,0.45,2.76,0.57,1.63,0.22,1.48,0.22
9.114434,-82.288702,"DIORITE [20839]",39.51,65.23,9.91,39.5,7.46,2.24,6.5,0.81,4.35,0.83,2.14,0.29,1.86,0.28
8.657379,-82.792876,"DIORITE [20839]",22.4,39,5.57,20.8,4.43,0.68,4.71,0.74,4.86,1.06,3.5,0.54,4.03,0.61
-23.18,-66.85,"DIORITE [5039]",46,84,10,39,7.6,1.6,7,1.1,6.3,1.2,3.1,0.44,2.6,0.37
-22.53,-66.02,"DIORITE [5039]",32,64,8,33,7.5,1.7,6.7,1.1,5.6,1,2.6,0.35,2.1,0.33
31.0236,-3.9359,"DIORITE [20904]",114.5,206.4,20.59,69.6,9.16,2.74,6.59,0.85,4.31,0.73,1.95,0.29,1.73,0.25
41.8,125,"DIORITE, QUARTZ [20922]",36.3,74.1,9.17,30.53,5.201,1.49,4.34,0.58,2.84,0.53,1.41,0.21,1.35,0.2
41.8,125,"DIORITE, QUARTZ [20922]",43.2,97,12.7,47.9,8.23,1.87,6.33,0.83,4.17,0.81,2.15,0.33,2.07,0.32
41.8,125,"DIORITE, QUARTZ [20922]",30.8,60.3,7.61,28.2,5.41,1.47,3.87,0.49,2.46,0.46,1.22,0.18,1.17,0.18
41.8,125,"DIORITE, QUARTZ [20922]",44.5,89,11.4,43.1,8.16,1.91,6.03,0.76,3.97,0.75,1.92,0.28,1.74,0.27
42,81,"DIORITE [20934]",17.1,29.9,3.52,13.2,2.56,0.772,2.24,0.359,2.02,0.414,1.23,0.209,1.47,0.232
42,81,"DIORITE, QUARTZ [20934]",19.6,34.4,4.22,11.7,2.27,1.37,3.08,0.529,3,0.617,1.7,0.26,1.68,0.255
42,81,"DIORITE [20934]",28.4,51.3,5.86,24.5,3.95,1.63,3.66,0.592,3.74,0.612,1.63,0.336,2.09,0.35
-24.7,-48.04,"DIORITE [21077]",74.8,149.2,17.06,63.5,10.57,3.82,9.02,1.11,5.64,0.9,2.24,0.3,1.65,0.24
-24.7,-48.04,"DIORITE [21077]",107.2,206,21.3,71.3,9.62,3.13,7.02,0.83,4.29,0.67,1.65,0.25,1.45,0.22
29.024,57.4513,"DIORITE, QUARTZ [21091]",9.6,24,3.4,15.7,3.87,1.05,4.15,0.67,3.7,0.76,2.35,0.37,2.56,0.37
24.3,115.75,"DIORITE, QUARTZ [21135]",32.1812750390068,62.0959837926747,7.74476251940425,30.2967963987896,5.82603178402674,1.92562682842505,5.14360184289306,0.78241470908921,4.43240454894017,0.822819616272963,2.01273693777972,2.21273693777972,2.27004235033403,0.322689003444162
24.3,115.75,"DIORITE, QUARTZ [21135]",54.4873126111492,99.1157893533043,11.0853083067658,40.1813962340136,6.94417594611726,1.93391473833433,6.54902976167091,0.921043111105082,4.9988520204627,0.924100102299822,2.3178133157656,2.6178133157656,2.55007262224709,0.361652780118723
24.3,115.75,"DIORITE, QUARTZ [21135]",35.3723926908395,67.3061991101332,8.0412875028997,31.2479765629631,5.79115886272691,1.89437888660672,5.20091908867581,0.780407530564743,4.31036995995817,0.818230851047053,2.03271060218113,2.23271060218113,2.31103245831375,0.328565761514593
24.3,115.75,"DIORITE, QUARTZ [21135]",42.2215061012811,78.3682400115108,9.15960158902968,34.0211089903883,6.10904640463081,1.87901972280389,5.61927736655248,0.810125716455943,4.44789226365448,0.839296379489879,2.10910223443752,2.30910223443752,2.35701333187304,0.333192177140214
24.3,115.75,"DIORITE, QUARTZ [21135]",43.6519023102881,89.1970673374778,11.1748150771387,44.4691094787465,8.67111126359308,2.28661354349042,7.54901376950614,1.18786788676581,6.78426856519662,1.27436713169641,3.04711599803252,3.44711599803252,3.37991627290044,0.475478963567854
48.5,95.5,"DIORITE [21151]",20.1,41.4,4.9,19.1,3.57,0.93,3.47,0.42,2.74,0.51,1.58,0.2,1.48,0.25
-10,-51.5,"DIORITE, BIOTITE-CLINOPYROXENE [21156]",16.8,37.8,3.91,16.8,3.02,0.87,2.79,0.41,2.2,0.47,1.68,0.19,1.37,0.19
-10,-51.5,"DIORITE, BIOTITE-CLINOPYROXENE [21156]",19.1,37.9,4.24,17.6,3.18,0.92,2.83,0.4,2.34,0.45,1.68,0.2,1.29,0.2
-10,-51.5,"DIORITE, BIOTITE-HORNBLENDE [21156]",15,33.1,3.39,14.1,2.34,0.75,2.38,0.35,1.98,0.44,1.68,0.2,1.26,0.22
-10,-51.5,"DIORITE, BIOTITE-HORNBLENDE [21156]",22.5,41.5,4.78,20,3.65,1.17,3.68,0.5,2.8,0.6,1.69,0.24,1.66,0.25
-10,-51.5,"DIORITE, BIOTITE-HORNBLENDE [21156]",27.5,52.7,5.71,23.4,4.45,1.05,3.75,0.48,2.67,0.51,1.68,0.2,1.38,0.21
-10,-51.5,"DIORITE, QUARTZ-BIOTITE [21156]",24.8,50.4,5.42,22,3.84,1.09,3.07,0.44,2.4,0.46,1.68,0.2,1.21,0.2
26,114,"DIORITE, QUARTZ [21162]",31.17,60.06,7.06,27.11,4.87,1.48,4.8,0.68,3.71,0.71,2.09,0.29,1.9,0.29
26,114,"DIORITE, QUARTZ [21162]",28.61,52.71,5.85,21.26,3.6,1.09,3.52,0.47,2.37,0.44,1.3,0.18,1.19,0.18
27,118,"DIORITE [21166]",53,100,13.3,54,10.2,2.6,8.9,1.32,7.1,1.37,3.79,0.76,4.98,0.77
28.096,114.311,"DIORITE [21167]",33.4,69.4,8.43,33,6.18,1.29,5.04,0.79,4.52,0.91,2.45,0.35,2.21,0.32
28.096,114.311,"DIORITE [21167]",20.9,46.1,6.02,24.6,5.52,1.44,5.29,0.83,4.87,1,2.73,0.42,2.76,0.38
28.096,114.311,"DIORITE [21167]",19.9,42.1,5.1,20,4,1.09,3.6,0.6,3.69,0.76,2.18,0.34,2,0.33
48.5,95.5,"DIORITE, QUARTZ-HORNBLENDE [21194]",21,41,4.9,19.74,3.78,0.94,3.3,0.5,2.8,0.57,1.49,0.23,1.43,0.23
61,24,"DIORITE, QUARTZ [21225]",40.9,89,11.3,46.5,8.5,2.1,7.1,1,5.1,1,2.6,0.4,2.2,0.3
61,24,"DIORITE [21225]",15.7,31.2,3.75,15.1,2.88,1.23,2.62,0.29,1.18,0.25,0.59,0,0.49,0
61,24,"DIORITE [21225]",2.37,9.2,1.45,8.74,2.59,1.1,3.5,0.62,3.57,0.74,2.08,0.27,1.89,0.26
61,24,"DIORITE [21225]",32.9,67.6,8.33,33.9,6.73,1.41,6.34,0.96,5.16,1.01,2.72,0.39,2.63,0.35
61,24,"DIORITE [21225]",5.73,15.6,2.11,11.4,3.38,1.4,3.82,0.68,4,0.81,2.32,0.31,2.13,0.31
61,24,"DIORITE [21225]",9.25,23.7,3.23,15.8,3.92,1.47,4.92,0.77,4.25,0.94,2.59,0.35,2.54,0.38
45.6924,130.0229,"DIORITE, QUARTZ [21227]",54.7,103,12.6,48.2,8.29,1.78,6.7,0.925,4.67,0.753,1.99,0.3,2.02,0.296
45.6924,130.0229,"DIORITE, QUARTZ [21227]",33.8,63.7,7.82,30.5,5.53,1.66,4.82,0.721,3.45,0.645,1.9,0.27,1.74,0.233
45.6924,130.0229,"DIORITE, QUARTZ [21227]",46.1,87.5,10.8,41.8,7.53,1.91,6.19,0.946,4.55,0.82,2.33,0.33,2.1,0.31
38,102,"DIORITE, QUARTZ [21236]",58,125,12.4,43.3,6.46,1.69,4.65,0.58,2.95,0.53,1.42,0.21,1.23,0.18
38,102,"DIORITE, QUARTZ [21236]",76.6,184,18.5,65.3,9.3,2.13,6.63,0.9,4.5,0.77,2.15,0.33,2.18,0.34
38,102,"DIORITE, QUARTZ [21236]",95.9,233,23.2,81,11.8,1.87,8.7,1.1,5.65,1.02,2.83,0.45,2.99,0.43
29.97,88.78,"DIORITE, QUARTZ [21242]",53.9,102,11.8,43.6,6.85,1.41,5.47,0.83,3.48,0.61,1.86,0.24,1.43,0.2
29.97,88.78,"DIORITE, QUARTZ [21242]",38.6,73.5,8.81,34.6,5.6,1.45,3.93,0.58,2.73,0.44,1.11,0.14,0.87,0.15
29.97,88.78,"DIORITE, QUARTZ [21242]",58.1,112,12.9,47.3,7.49,1.34,5.85,0.82,3.8,0.66,1.76,0.33,1.72,0.25
29.97,88.78,"DIORITE, QUARTZ [21242]",46.7,88.8,10.4,38.7,6.09,1.38,4.57,0.68,3.06,0.5,1.51,0.17,1.45,0.21
29.97,88.78,"DIORITE, QUARTZ [21242]",41.6,77.5,9.44,37.1,6.59,1.55,5.32,0.99,4.92,0.97,2.53,0.44,2.58,0.32
29.97,88.78,"DIORITE, QUARTZ [21242]",47.1,83.7,10.6,40.9,7.48,1.65,6.8,1.13,5.75,1.15,2.98,0.51,3.07,0.37
27,33,"DIORITE, PYROXENE [21247]",21.1474684957421,46.3629437506497,5.58191884791192,24.1938745395441,4.98370040465369,1.26614346929101,3.69314876649821,0.430833897549705,2.76674024344426,0.423984457540601,1.11338447429625,0.119391860322001,1.03235581434044,0.149470823426761
27,33,"DIORITE, PYROXENE [21247]",21.9940981724558,47.4131919809321,5.96393732176093,24.0523419615955,5.012454582281,1.18933582028495,4.28343556923235,0.469130972802934,2.60269173888527,0.415116573380661,1.35421864606152,0.173340314749324,0.869591086104969,0.133599701646427
27,33,"DIORITE, PYROXENE [21247]",21.9346037390665,45.4219595700691,5.93930962721031,25.1195557017483,4.86859761125381,1.31676161106493,3.46874535092289,0.41854564582617,2.64430828782067,0.40315514745117,1.06401829097769,0.168282881535946,1.08562924316171,0.12250440606739
27,33,"DIORITE, PYROXENE [21247]",20.9024853331158,44.8623508996812,5.76777057898541,24.2775812790318,4.59090894709368,1.3404202373174,3.68978364176437,0.387773288915242,2.20156329636589,0.419401988860966,1.07028723863877,0.154022730599933,0.882134889564834,0.145640894243772
27,33,"DIORITE, PYROXENE [21247]",21.1920029620886,45.8964255499709,5.80330569551071,24.8647266940083,4.65053082786353,1.35271496767235,3.50320120359749,0.423192929211197,2.74111464807827,0.361006750424006,1.0875226015832,0.135081436070055,0.947893201310536,0.131193208970283
27,33,"DIORITE, PYROXENE [21247]",19.9607138984508,42.7493559053969,5.52792365261884,23.5103349433986,4.44923444551183,1.19438410842762,3.34930980393741,0.418469161433769,2.55694254925795,0.435751297595522,1.13993572010052,0.149420368597951,1.07173638509014,0.151799549844461
27,33,"DIORITE, PYROXENE [21247]",22.1321836268329,48.047711165148,6.0742638727569,24.8484627174813,5.25240958612169,1.51581811167631,3.64633600027956,0.401659687307211,2.98344781041435,0.49345214352069,1.00763254671699,0.175641213015237,1.02451493971249,0.182646893669943
27,33,"DIORITE, PYROXENE [21247]",19.9414414945411,42.7932206170077,5.52219367892309,23.1629088233017,4.4639968526758,1.33335311804094,3.84891109170118,0.431310865728565,2.51699585782511,0.453473995960903,1.1345454496575,0.129133234966614,0.842174011674761,0.14680082869765
27,33,"DIORITE, PYROXENE [21247]",18.4057590445103,39.0510315192768,5.02821523315817,20.0222102066743,3.52929914999148,1.23037129381016,2.91941190944961,0.413448358386466,2.23914367624503,0.397546129079353,0.990974117988099,0.12,0.84774030893374,0.177127875529691
27,33,"DIORITE, QUARTZ [21247]",13.0189169505247,27.8612712608519,3.50987569721332,13.2733384391035,2.78859845657236,0.618614969067157,2.81273539516456,0.480935402924434,2.72887669551411,0.50167682621987,1.88383034862909,0.296996335335921,1.83385881215664,0.299092489235444
27,33,"DIORITE, QUARTZ [21247]",12.6470595912809,26.8839541508975,3.18263109025896,12.7031310491151,2.70755137263522,0.720447349856377,2.40313203049424,0.345141374735095,2.94726828307782,0.524739378022711,1.79216808218046,0.293302519244418,2.07042127980635,0.322247673395757
27,33,"DIORITE, QUARTZ [21247]",14.4050780454076,29.5334302621771,3.59796357877329,14.3117496133311,3.28915549358356,0.697790062929997,2.75700775160066,0.497181352020727,2.9756631260178,0.655211454322316,2.00091268790683,0.268542939205373,1.81170509807824,0.286837660934154
27,33,"DIORITE, QUARTZ [21247]",15.3904509580897,31.0721608746054,3.81405058401935,17.3951850395918,3.73201967319165,0.778576197005784,3.75194705261176,0.59834061147522,3.92594053250682,0.7706477417023,2.7614979218492,0.336036724143578,2.14588028073124,0.433245128859444
27,33,"DIORITE, QUARTZ [21247]",27.4888150877961,51.1772460592678,5.75593217699926,21.4943430149531,4.35576571915386,0.886126761264045,3.65170041682194,0.524881897828386,3.26902227017229,0.612051226642148,1.87369484687375,0.272231742238073,1.61836103788056,0.233164263821782
27,33,"DIORITE, QUARTZ [21247]",24.4385277446864,43.2551863750746,4.69224231404932,16.0492167200808,3.15945364509493,0.715103554820654,2.43376827921169,0.245148404358662,2.09017810648508,0.3599031485913,0.920462630645417,0.15421523722289,0.997990434547003,0.142319271121827
27,33,"DIORITE, QUARTZ [21247]",22.3017659112047,42.4978913733625,4.73950850654212,16.8209716996065,3.33350389209325,0.917764997177577,2.70099113453132,0.300705270514329,1.88789143775901,0.379979656318686,1.03525544508902,0.177072815244128,0.864420681081848,0.178455164710897
25.9602,98.7239,"DIORITE, QUARTZ [21250]",12.3,27.6,3.24,12.7,3.08,0.85,3.25,0.46,2.69,0.54,1.47,0.21,1.3,0.2
25.9602,98.7239,"DIORITE, QUARTZ [21250]",21.6,41.4,4.75,18,3.7,0.89,3.51,0.55,3.11,0.62,1.83,0.24,1.57,0.23
25.9602,98.7239,"DIORITE, QUARTZ [21250]",13.4,29.5,3.72,15.4,3.61,0.91,3.46,0.55,3.23,0.64,1.82,0.25,1.58,0.23
25.9539,98.7345,"DIORITE, QUARTZ [21250]",24.1,50.6,5.94,22.5,4.62,1.19,4.42,0.66,3.79,0.74,2.25,0.32,2.09,0.31
25.9539,98.7345,"DIORITE, QUARTZ [21250]",22.3,48.8,6.09,23,4.95,1.24,4.64,0.67,4.05,0.76,2.26,0.31,1.96,0.29
25.9539,98.7345,"DIORITE, QUARTZ [21250]",23.7,51.5,6.23,24.1,5.03,1.28,4.59,0.71,4.12,0.81,2.37,0.34,2.15,0.31
25.9539,98.7345,"DIORITE, QUARTZ [21250]",18.1,44.2,5.71,23.8,5.36,1.3,5.03,0.8,4.56,0.87,2.46,0.35,2.21,0.32
-33.3463,18.1541,"DIORITE, QUARTZ [21286]",32.32,59.53,6.845,24.2,4.4,1.52,3.865,0.399,2.15,0.4115,0.953,0.131,1.075,0.1265
-33.3473,18.1527,"DIORITE, QUARTZ [21286]",83.1533333333333,182.513333333333,24.4866666666667,107.63,23.1366666666667,4.23,17.27,1.95,9.49333333333333,1.63666666666667,4.09,0.535666666666667,3.50333333333333,0.501333333333333
-33.3463,18.1541,"DIORITE, QUARTZ [21286]",86.17,176.353333333333,22.3266666666667,91.98,18.27,3.79333333333333,13.6033333333333,1.62,8.03666666666667,1.34666666666667,3.92666666666667,0.459333333333333,3.48666666666667,0.423333333333333
-33,18,"DIORITE, QUARTZ [21286]",77.76,160.1,20.75,88.2733333333333,18.5133333333333,4.57,14.2633333333333,1.67333333333333,7.94,1.40666666666667,3.58666666666667,0.46,2.89333333333333,0.398333333333333
29,58,"DIORITE, QUARTZ [21311]",8.9,19.6,2.76,12.5,3.01,0.97,3.04,0.48,3.06,0.63,1.95,0.3,1.84,0.27
29,58,"DIORITE, QUARTZ [21311]",11.4,25.1,3.46,15.6,3.61,1.07,3.47,0.56,3.59,0.73,2.21,0.33,2.03,0.3
29,58,"DIORITE, QUARTZ [21311]",10.5,22.9,3.06,14.5,3.43,1.1,3.65,0.58,3.88,0.78,2.35,0.35,2.25,0.35
45,120,"DIORITE, QUARTZ [21317]",24.19,46.82,6.02,23.58,4.24,1.37,3.39,0.46,1.96,0.37,0.89,0.14,0.75,0.14
35,65,"DIORITE [21320]",55.7,110.4,13.23,50.4,9.13,1.72,8.88,1.28,8.42,1.78,4.86,0.86,5.25,0.8
31.37,-5.79,"DIORITE, QUARTZ [21321]",25.7,50.7,6.01,23,4.72,1.13,4.57,0.6,3.35,0.81,2.21,0.33,2.13,0.34
31.37,-5.79,"DIORITE, QUARTZ [21321]",17.8,36.4,4.67,19.37,4.21,0.83,4.03,0.55,3.61,0.79,2.22,0.37,2.24,0.36
31.37,-5.79,"DIORITE, QUARTZ [21321]",21.8,43,5.19,24.65,5.52,0.72,4.87,0.88,5.53,1.15,3.22,0.49,3.17,0.47
31.37,-5.79,"DIORITE, QUARTZ [21321]",21.2,43.5,5.43,21.17,4.21,0.79,3.57,0.6,3.29,0.64,2.18,0.33,2.11,0.33
31,116.5,"DIORITE [21335]",58.92,103.3,13.33,44.79,8.53,2.49,7.71,0.91,3.93,0.83,2,0.29,1.62,0.23
30.5,116,"DIORITE [21351]",52.15,88.01,10.09,36.12,5.4,1.82,3.97,0.54,2.78,0.56,1.47,0.22,1.41,0.24
30.5,116,"DIORITE [21351]",34.53,70.06,7.84,29.65,5.09,1.69,4.11,0.62,3.18,0.63,1.58,0.24,1.49,0.21
30.5,116,"DIORITE [21351]",35.43,76.49,9.11,34.59,5.64,1.84,4.68,0.73,3.61,0.74,1.91,0.31,1.83,0.26
30.5,116,"DIORITE [21351]",35.99,74.28,8.73,33.5,6,1.77,5.03,0.78,3.98,0.8,2.12,0.33,1.87,0.29
30.5,116,"DIORITE [21351]",35.92,73.56,8.66,31.73,5.31,1.7,4.17,0.64,3.22,0.64,1.7,0.27,1.5,0.23
30.5,116,"DIORITE [21351]",36.6,71.41,8.03,29.57,5.14,1.58,4.17,0.64,3.05,0.62,1.58,0.23,1.47,0.21
30.5,116,"DIORITE [21351]",57.87,100.3,11.79,40.6,6.42,1.8,4.74,0.66,3.45,0.6,1.44,0.21,1.21,0.2
30.5,116,"DIORITE [21351]",29.18,56.78,6.49,23.55,3.93,1.18,2.79,0.4,1.85,0.36,0.9,0.15,0.8,0.12
30.5,116,"DIORITE [21351]",32.5,58.3,6.82,25.85,4.42,1.35,3.2,0.44,2.28,0.4,0.96,0.14,0.82,0.14
32,115,"DIORITE, BIOTITE [21355]",60.3,115,11.95,43.9,7.31,2.33,6.2,0.78,4.21,0.8,2.17,0.28,1.83,0.28
32,115,"DIORITE, BIOTITE [21355]",47.7,103,11.2,43.3,8.14,2.38,7.1,0.87,4.69,0.84,2.32,0.3,1.97,0.3
32,115,"DIORITE, BIOTITE [21355]",45.8,109.5,12.25,47.6,8.9,2.54,7.36,0.9,4.76,0.83,2.22,0.28,1.76,0.25
40.3919,104.3842,"DIORITE [21357]",14.9,36.4,5.27,22.3,5.12,1.47,4.93,0.8,4.66,1,2.64,0.37,2.51,0.37
40.3919,104.3842,"DIORITE [21357]",13.9,32.2,3.97,17.5,4.06,1.36,3.69,0.6,3.52,0.63,1.75,0.28,1.77,0.28
40.3889,104.3936,"DIORITE [21357]",15.6,36.3,5.03,21.2,4.62,1.23,4.32,0.65,3.82,0.8,2.23,0.32,2.06,0.31
40.3981,104.3794,"DIORITE, QUARTZ [21357]",7.77,15.3,1.83,8.04,1.72,1.41,1.76,0.26,1.48,0.3,0.83,0.12,0.82,0.13
40.3981,104.3794,"DIORITE, QUARTZ [21357]",10.3,19.5,2.32,9.89,2.2,1.39,2.26,0.33,1.94,0.39,1.07,0.16,1.03,0.16
40.3981,104.3794,"DIORITE, QUARTZ [21357]",8.68,16.3,1.82,7.18,1.2,1.41,0.95,0.15,0.83,0.17,0.51,0.084,0.55,0.095
40.3981,104.3794,"DIORITE, QUARTZ [21357]",8.52,13.6,1.94,9.3,2.34,1.54,2.11,0.34,1.99,0.37,0.99,0.16,1.07,0.19
6.48,12.05,"DIORITE [21366]",47.1,95.1,11.9,47.2,8.9,2.6,6.8,0.9,4.5,0.8,2,0.3,1.8,0.3
35.6614,119.2361,"DIORITE [21379]",94.21,162.8,19.34,71.87,11.08,3.48,7.93,1.11,5.44,1.03,2.54,0.37,2.13,0.32
30,116,"DIORITE [21380]",57,102,11,35.54,5.714,1.6,4.3,0.63,3.2,0.58,1.6,0.23,1.5,0.24
30,116,"DIORITE [21380]",61,114,13,42.91,7.213,1.9,5.3,0.78,3.8,0.69,1.9,0.26,1.7,0.27
30,116,"DIORITE [21380]",56,110,13,45.41,7.606,1.9,5.3,0.77,3.8,0.68,1.8,0.25,1.6,0.25
30,116,"DIORITE [21380]",47,89,11,36.85,6.405,1.8,5.1,0.72,3.6,0.69,1.8,0.27,1.7,0.27
30,116,"DIORITE [21380]",33,61,7,26.77,4.513,1.1,3.1,0.47,2.4,0.46,1.3,0.19,1.2,0.21
30,116,"DIORITE [21380]",34,63,7,33.02,5.709,1.3,3.3,0.5,2.6,0.5,1.4,0.21,1.3,0.21
30,116,"DIORITE [21380]",42,79,9,35,6,1.8,5.2,0.72,3.8,0.75,2,0.29,1.9,0.29
30,116,"DIORITE [21380]",53,97,11,38,5.9,1.7,4.7,0.59,2.9,0.53,1.4,0.19,1.2,0.18
39.8784,9.3095,"DIORITE [21388]",39.5,78.3,9.16,34.2,6.56,1.29,5.54,0.9,5.35,0.99,2.95,0.441,2.83,0.453
42,95,"DIORITE [21390]",5.6,15.6,1.98,8.5,2.39,0.68,2.84,0.48,3,0.64,1.84,0.27,1.85,0.28
42,95,"DIORITE [21390]",7.8,24.6,3.69,16.2,4.21,1.07,4.46,0.69,4.16,0.87,2.44,0.34,2.3,0.33
42,95,"DIORITE [21390]",8.1,23.5,3.49,15.1,3.71,0.95,4.01,0.61,3.74,0.78,2.22,0.31,2.12,0.3
59,94,"DIORITE, QUARTZ [21399]",8.58,17.86,2.25,9.76,1.78,0.66,1.42,0.16,1,0.15,0.27,0.05,0.32,0.05
-21.3,-44.3,"DIORITE, QUARTZ [21460]",30.3,62.1,8.94,39.181,8.67,2.74,8.87,1.43,8.47,1.93,5.21,0.73,4.81,0.71
-21.3,-44.3,"DIORITE, QUARTZ [21460]",30.3,62.7,9.01,41.3,10,3.08,9.68,1.6,9.6,2.2,5.99,0.84,5.61,0.84
30.2789,101.5242,"DIORITE [21479]",27.13,57.01,6.961,28.08,6.021,0.928,5.672,0.89,5.453,1.159,3.186,0.474,3.025,0.46
30,101.5,"DIORITE [21479]",23.15,48.4,6.155,25.73,6.202,0.883,6.012,1.004,6.361,1.362,3.794,0.57,3.645,0.558
30,101.5,"DIORITE [21479]",22,48.7,5.81,24.1,5.491,0.868,5.131,0.835,5.231,1.102,3.045,0.45,2.927,0.45
41.73,34.57,"DIORITE [21484]",13.9,32,4.33,18.4,4.46,1.25,4.78,0.83,4.74,0.98,2.82,0.43,2.6,0.38
41.73,34.57,"DIORITE [21484]",20.1,39.6,4.95,21.1,4.23,1.31,4.52,0.73,4.17,0.96,2.47,0.38,2.32,0.35
41.73,34.57,"DIORITE [21484]",10.8,23.3,2.83,11.7,2.89,0.86,3.12,0.52,3.19,0.68,2.05,0.29,1.92,0.29
41.73,34.57,"DIORITE [21484]",11.6,22.6,2.69,11.1,2.57,0.8,2.79,0.48,2.7,0.6,1.78,0.24,1.62,0.26
41.73,34.57,"DIORITE [21484]",15.2,28.8,3.57,15.2,3.31,0.84,3.55,0.58,3.58,0.76,2.16,0.32,2.12,0.33
41.73,34.57,"DIORITE [21484]",8,19,2.44,10.4,2.62,0.94,3.2,0.5,2.97,0.6,1.67,0.26,1.65,0.27
41.73,34.57,"DIORITE [21484]",8.8,18.3,2.49,11.1,2.73,0.91,3.01,0.49,2.87,0.6,1.81,0.25,1.6,0.24
41.73,34.57,"DIORITE [21484]",12.3,29.5,3.95,18.3,4.79,1.43,5.11,0.78,4.69,0.9,2.51,0.37,2.36,0.35
41.73,34.57,"DIORITE [21484]",7.3,24,3.39,16.8,4.76,1.04,5.92,0.95,5.83,1.09,3.15,0.47,2.82,0.41
41.73,34.57,"DIORITE [21484]",5.7,16.3,2.72,13.7,3.64,1.3,4.68,0.73,4.6,0.94,2.83,0.41,2.45,0.39
66,33.5,"DIORITE [21476]",5.89,11.8,1.78,7.3,2.08,0.768,2.48,0.408,2.62,0.544,1.58,0.228,1.53,0.224
66,33.5,"DIORITE [21476]",14.4,30.6,3.82,17.8,3.65,1.12,3.81,0.575,3.51,0.711,2.03,0.296,1.95,0.298
41,122,"DIORITE [21492]",32,63,7.11,26.6,4.26,1.05,3.19,0.46,2.44,0.48,1.35,0.21,1.33,0.21
41,122,"DIORITE [21492]",28.5,57,6.55,25.2,4.2,1.17,3.22,0.45,2.46,0.48,1.32,0.2,1.22,0.19
36,98,"DIORITE, QUARTZ [21496]",26,52.4,5.98,24,4.82,1.18,4,0.62,3.59,0.69,1.96,0.27,1.74,0.26
36,98,"DIORITE, QUARTZ [21496]",22.4,48.4,5.64,22.6,4.59,1.1,3.71,0.57,3.16,0.61,1.76,0.25,1.58,0.23
37,91.98,"DIORITE [21563]",19.67,44.06,5.67,22.95,5.27,1.45,4.83,0.77,4.57,0.91,2.52,0.38,2.38,0.36
37,91.98,"DIORITE [21563]",33.19,71.09,8.8,35.8,7.32,1.66,6.11,0.95,5.49,1.07,2.98,0.46,2.82,0.41
37,91.98,"DIORITE [21563]",31.41,67.37,8.3,33.77,6.85,1.45,5.59,0.84,4.96,0.95,2.54,0.38,2.41,0.36
-25,-67,"DIORITE [21570]",5.9,12,1.7,8.1,2.2,0.8,3.3,0.6,4.2,0.9,2.5,0.4,2.5,0.4
-25,-67,"DIORITE [21570]",18.5,39.6,5.08,23.6,5.1,1.5,6,1,5.9,1.3,3.6,0.5,3.4,0.5
-25,-67,"DIORITE [21570]",12.3,30.9,4.2,21.1,5.2,1.7,6.7,1.1,6.8,1.5,4,0.6,3.6,0.6
41.5784,111.538,"DIORITE, QUARTZ [21590]",26.1,40.78,3.78,12.64,1.61,0.84,1.27,0.12,0.59,0.1,0.27,0.04,0.24,0.04
41.5784,111.538,"DIORITE, QUARTZ [21590]",31.85,60.91,6.67,26.36,4.68,1.31,3.86,0.51,2.74,0.51,1.41,0.19,1.25,0.18
29.4,87.7,"DIORITE [21601]",15.67,33.96,4.41,18.79,4.07,1.34,3.73,0.59,3.25,0.62,1.63,0.23,1.44,0.22
45.765331,97.616486,"DIORITE, AMPHIBOLE-QUARTZ [21612]",21.2,48.5,5.96,25.5,5.52,1.45,4.3,0.59,3.25,0.62,1.7,0.25,1.57,0.245
45.787376,97.504288,"DIORITE, QUARTZ-AMPHIBOLE-BIOTITE [21612]",21.9,49.6,6.04,24.3,5.19,1.25,4.37,0.71,4.05,0.77,2.32,0.35,2.26,0.375
45.787636,97.504852,"DIORITE, QUARTZ-BIOTITE-AMPHIBOLE [21612]",16.1,35.1,4.27,18.5,4.16,1.23,3.42,0.57,3.34,0.63,1.74,0.266,1.71,0.281
45.881184,97.513893,"DIORITE, CLINOPYROXENE-AMPHIBOLE [21612]",10.4,21.8,2.7,12,2.73,0.853,2.7,0.42,2.44,0.49,1.41,0.237,1.42,0.259
45.527962,97.104622,"DIORITE, QUARTZ-BIOTITE [21612]",18.3,36.1,3.87,15.4,3.14,0.859,2.94,0.4,2.33,0.44,1.25,0.184,1.18,0.179
45.798233,97.520973,"DIORITE, QUARTZ-AMPHIBOLE-BIOTITE [21612]",23,49.2,5.83,23.7,4.54,1.14,3.09,0.4,1.93,0.34,0.93,0.129,0.77,0.125
52,40,"DIORITE, QUARTZ [21677]",21.1,41.7,5.88,25.1,5,1.5,4.31,0.614,3.41,0.676,1.98,0.263,1.77,0.256
52,40,"DIORITE, QUARTZ [21677]",18.4,36.7,4.2,17.27,3.506,1.17,3.55,0.569,3.32,0.687,2.1,0.307,2.03,0.311
52,40,"DIORITE, QUARTZ [21677]",21,45.7,5.47,22.3,4.42,1.09,3.92,0.585,3.33,0.675,2.07,0.284,1.92,0.292
52,40,"DIORITE, QUARTZ [21677]",22.3,45.5,5.63,22.8,4.28,1.07,3.61,0.55,3.21,0.668,1.93,0.282,2,0.283
35.4555,74.1536,"DIORITE [21684]",11.5,22.6,2.89,12.1,3.1,1.06,3.22,0.6,3.66,0.77,2.06,0.343,2.16,0.319
39,27,"DIORITE, QUARTZ-BIOTITE-HORNBLENDE [21692]",29.3,54.7,6.29,23.4,4.88,1.33,4.78,0.76,4.46,0.94,2.79,0.43,2.85,0.45
39,27,"DIORITE, QUARTZ, HORNBLENDE [21692]",19.5,39.7,4.51,17.6,3.94,0.96,3.82,0.61,3.78,0.79,2.36,0.37,2.37,0.4
39,27,"DIORITE, QUARTZ, HORNBLENDE [21692]",29.3,55.9,6.16,24.7,4.89,1.31,4.57,0.7,4.17,0.93,2.49,0.41,2.58,0.42
39,27,"DIORITE, BIOTITE-HORNBLENDE [21692]",16.76,34.19,4.26,16.68,3.76,0.9,3.95,0.63,3.64,0.84,2.44,0.36,2.44,0.4
39,27,"DIORITE, QUARTZ, BIOTITE-HORNBLENDE [21692]",16.9,33.89,4.27,16.79,3.72,1,3.8,0.64,3.64,0.84,2.21,0.37,2.27,0.37
-3,32,"DIORITE [21695]",22.33,42.51666667,4.59,17.10666667,2.96,0.864,2.226666667,0.315333333,1.749333333,0.305,0.860666667,0.138484848181818,0.935,0.13515
-3,32,"DIORITE [21695]",31.39333333,65.59666667,7.653333333,30.62,5.066666667,1.217666667,3.136666667,0.362666667,1.623666667,0.280333333,0.614666667,0.09,0.497666667,0.08
-3,32,"DIORITE [21695]",31.57666667,65.89,7.923333333,32.22,5.94,1.422666667,3.776666667,0.44,2.046666667,0.342666667,0.875666667,0.117575757272727,0.608333333,0.079733333
-3,32,"DIORITE [21695]",21.22,46.35,5.74,24.19,4.86,1.31,3.55,0.46,2.41,0.45,1.19,0.18,1.04,0.17
-3,32,"DIORITE [21695]",13.72,30.72,4.01,17.65,3.74,1.11,3.21,0.44,2.39,0.46,1.27,0.190909090909091,1.19,0.18
-3,32,"DIORITE [21695]",12.31,29.06,4.05,17.04,3.7,1.15,3.13,0.46,2.27,0.44,1.08,0.16,0.94,0.15
-3,32,"DIORITE [21695]",12.02,26.67,3.54,14.47,3.08,1.07,2.53,0.35,1.67,0.32,0.76,0.116,0.66,0.11
-3,32,"DIORITE [21695]",12.07,26.91,3.53,16.21,3.47,1.19,2.78,0.35,1.93,0.36,0.99,0.135,0.79,0.12
-3,32,"DIORITE [21695]",38.26,76.19,8.76,34.33,5.77,1.51,3.9,0.49,2.53,0.45,1.29,0.181818181818182,1.09,0.16
-3,32,"DIORITE [21695]",10.72,22,2.8,12.69,2.65,0.85,2.33,0.31,1.84,0.35,0.94,0.135,0.75,0.1
-3,32,"DIORITE [21695]",24.26,52.24666667,6.153333333,23.64333333,4.446666667,0.957666667,3.613333333,0.499333333,3.173333333,0.572666667,1.866666667,0.246363636363636,1.563333333,0.258
42.5837,91.955,"DIORITE [21700]",17.7,37.3,4.61,19.8,4.38,1.09,3.9,0.63,3.82,0.83,2.37,0.36,2.4,0.38
42.5837,91.955,"DIORITE [21700]",15.6,33,4.07,17,3.86,1.02,3.4,0.54,3.4,0.74,2.17,0.32,2.2,0.36
42.5837,91.955,"DIORITE [21700]",14.8,32.1,4.15,17.5,4.08,1.03,3.67,0.6,3.65,0.8,2.3,0.35,2.3,0.37
42.5837,91.955,"DIORITE [21700]",16.7,35.2,4.56,19.5,4.4,1.06,3.89,0.61,3.76,0.81,2.3,0.35,2.27,0.37
42,92,"DIORITE, PYROXENE [21702]",13,31.9,4.29,18.7,4.14,1.23,3.63,0.5,2.52,0.5,1.31,0.16,1,0.16
42,92,"DIORITE, PYROXENE [21702]",18.4,43.8,6.25,26.2,5.09,1.23,3.57,0.47,2.74,0.5,1.47,0.19,1.23,0.18
42,92,"DIORITE [21702]",14.6,30.2,3.66,16.2,4.6,1.69,5.04,0.86,5.48,1.19,3.37,0.45,2.92,0.43
42,92,"DIORITE, BIOTITE [21702]",23.8,54.6,7.35,31.3,6.91,1.68,7.22,1.08,6.51,1.27,3.77,0.51,3.15,0.47
42,92.5,"DIORITE, QUARTZ [21706]",18.4,34.7,4.02,15.8,3.08,1,2.44,0.34,2.13,0.41,1.22,0.19,1.37,0.24
42,92.5,"DIORITE, QUARTZ [21706]",17.7,36.9,4.34,18.2,3.63,1.06,2.98,0.41,2.44,0.48,1.39,0.21,1.4,0.23
42,92.5,"DIORITE, QUARTZ [21706]",18.8,37.5,4.38,17.1,3.41,1.1,2.82,0.37,2.24,0.42,1.24,0.19,1.35,0.22
42,92.5,"DIORITE, PYROXENE [21706]",13.7,35.8,4.89,23.5,6.3,2.23,7.63,1.16,7.34,1.45,4.18,0.61,3.85,0.57
42,92.5,"DIORITE, PYROXENE [21706]",11.9,30.3,4.35,21.1,5.99,2.11,7.14,1.18,7.64,1.54,4.51,0.66,4.18,0.64
42,92.5,"DIORITE, PYROXENE [21706]",12.4,31.3,4.46,21.3,6.14,2.2,7.72,1.22,7.87,1.58,4.73,0.66,4.3,0.65
41.8572,96.7986,"DIORITE, QUARTZ [21710]",28.6,62.6,6.58,25.7,4.5,1.39,4.32,0.591,3.11,0.602,1.62,0.253,1.55,0.242
41.8572,96.7986,"DIORITE, QUARTZ [21710]",32.3,66.2,7.29,27.8,4.79,1.29,4.63,0.622,3.27,0.631,1.73,0.261,1.64,0.262
41.8572,96.7986,"DIORITE, QUARTZ [21710]",34.2,68.2,7.44,27.6,4.62,1.33,4.37,0.583,3.03,0.582,1.62,0.243,1.53,0.242
41.8572,96.7986,"DIORITE, QUARTZ [21710]",34.5,68.9,7.42,28.9,4.61,1.36,4.37,0.583,3.04,0.591,1.63,0.252,1.6,0.243
37,96,"DIORITE, QUARTZ [21718]",40.8,103,14,59,12.9,1.99,10.2,1.47,8.04,1.55,4.23,0.624,3.9,0.58
37,96,"DIORITE, QUARTZ [21718]",38,84.2,10.3,42.2,7.91,1.93,5.77,0.747,4.13,0.753,2.08,0.292,1.87,0.285
33,110,"DIORITE, QUARTZ [21760]",21.6,45.6,5.74,25.1,5.54,1.57,4.9,0.72,4.33,0.88,2.54,0.38,2.39,0.36
33,110,"DIORITE, QUARTZ [21760]",18.5,37.4,4.34,17.4,3.74,1.03,3.55,0.54,3.31,0.69,1.97,0.3,1.97,0.3
33,110,"DIORITE, QUARTZ [21760]",12.4,28.2,3.72,16.1,3.68,1.01,3.51,0.56,3.48,0.72,2.09,0.31,2.03,0.31
45.6911,133.6461,"DIORITE, PYROXENE [21768]",54.64,106.355,11.793,44.893,8.572,1.937,8.468,1.037,6.254,1.28,3.335,0.43,2.672,0.441
45.6911,133.6461,"DIORITE, PYROXENE [21768]",45.399,111.239,12.671,40.349,6.472,1.513,8.156,1.16,5.015,0.951,2.94,0.477,3.045,0.393
45.6911,133.6461,"DIORITE, PYROXENE [21768]",44.941,97.322,11.104,38.743,6.551,1.391,6.802,0.987,5.325,1.008,2.773,0.438,2.956,0.435
45.6911,133.6461,"DIORITE, PYROXENE [21768]",50.074,106.04,11.362,38.7,7.081,1.37,8.474,1.134,5.968,1.207,3.575,0.54,3.345,0.487
45.6911,133.6461,"DIORITE, PYROXENE [21768]",62.196,122.098,12.886,42.519,6.749,1.656,7.281,0.95,5.004,0.972,2.82,0.418,2.704,0.41
45.6911,133.6461,"DIORITE, PYROXENE [21768]",44.577,106.349,11.997,37.346,5.929,1.377,7.403,1.065,4.642,0.872,2.737,0.455,2.96,0.384
45,113,"DIORITE [21785]",37.4,74.7,8.45,30.2,6.02,1.88,5.25,0.86,5.6,1.15,3.61,0.65,4.3,0.69
45,113,"DIORITE [21785]",41.1,81.2,9.29,32.6,6.21,1.56,5.35,0.87,5.33,1.08,3.35,0.57,3.76,0.59
45,113,"DIORITE [21785]",26.6,54.5,6.3,23,4.62,1.05,3.9,0.7,4.89,1.07,3.56,0.65,4.2,0.69
45,113,"DIORITE [21785]",25.4,51,5.96,22,4.34,0.8,3.27,0.52,3.08,0.61,1.98,0.35,2.29,0.39
45,113,"DIORITE [21785]",37.8,75.6,8.61,31,6.07,1.84,4.85,0.84,5.44,1.08,3.34,0.6,3.94,0.62
35,73,"DIORITE, PYROXENE-QUARTZ [21787]",9.28,21.19,3.17,15.54,4.32,1.15,5.13,0.79,4.8,1.06,2.94,0.44,2.95,0.42
36.1431,74.0508,"DIORITE, MICA [21788]",5.97818601769178,11.4043098543959,1.32378502365359,6.14891926011753,1.14902009357397,0.702427249182918,0.925798535551681,0.21092392088464,1.26572119297623,0.240336124474798,0.827531234049423,0.0843058421022923,0.769235589889269,0.0773974349176151
36.1431,74.0508,"DIORITE, MICA [21788]",4.72749124454449,8.74433973891664,0.936083854519555,3.63125506758038,0.753949632309604,0.578257751152388,0.578510749956083,0.131060247531023,0.520536264721881,0.11460446668186,0.395220109835784,0.0405700047396444,0.237494974231203,0.0744826737862417
42.1473,97.088,"DIORITE, QUARTZ [21806]",21.3635221418744,50.2974252379852,6.68978400679188,28.9907389045634,6.24410305237974,1.42468811534211,5.55898858682385,0.86817932746825,4.95856438790022,0.91027059880468,2.47387870715458,0.346367261415877,2.18874883018493,0.312588916746908
42.135,97.1017,"DIORITE, QUARTZ [21806]",20.8867521573779,43.7414654023255,5.21496220207153,20.2121226288798,4.21267517813024,0.930037523404993,3.59270480738787,0.55907011448559,3.2838772191776,0.637214154977028,1.86432834028216,0.286073130413134,1.79386673706491,0.267025108543122
41.825,98.365,"DIORITE [21806]",31.4895118517103,72.5009366581554,8.88537410533354,34.2883637144483,7.06054676320202,1.43805786434603,5.9295445052549,0.899781278913942,5.25958926229478,0.961195355907703,2.81931332463017,0.41934957432869,2.77641329831959,0.384545319776173
41.855,98.3633,"DIORITE [21806]",36.1527753585046,71.1832563672393,7.95142151189557,29.5238818611729,5.8199258252914,1.24339142213992,4.60436454182938,0.667506983771351,3.75288349114688,0.681704699529569,1.92243523375282,0.269701169203316,1.72269750966764,0.257615797852962
41.9133,98.3867,"DIORITE [21806]",42.5447728984241,89.1135686531936,10.3402828125572,39.1032838148901,7.9343609927905,1.74674384300053,6.74242041981513,1.02313905251622,5.87842700590398,1.06703472982905,2.94899988849707,0.427397845265959,2.68474501945088,0.382613127006191
46.9181,128.185,"DIORITE [21808]",35.62,66.67,8.04,32.16,6.93,1.38,7.67,1.24,7.24,1.53,4.35,0.68,4.26,0.66
46.9181,128.185,"DIORITE [21808]",27.36,59.95,6.63,26.22,5.54,1.34,6.02,1,6.07,1.35,4.15,0.7,4.68,0.73
46.9181,128.185,"DIORITE [21808]",16.56,40.5,6.24,29.6,8.79,1.36,10.35,1.88,11.61,2.48,7.22,1.13,7.12,1.03
47.3833,129.9825,"DIORITE [21808]",56.49,98.88,10.97,40.72,5.98,1.79,5.55,0.69,3.34,0.63,1.62,0.22,1.38,0.21
47.3833,129.9825,"DIORITE [21808]",33.01,64.83,8.96,37.24,6.52,2.09,5.84,0.77,3.75,0.7,1.81,0.25,1.53,0.23
47.3833,129.9825,"DIORITE [21808]",25.92,57.27,7.61,31.97,5.88,1.86,5.19,0.71,3.49,0.65,1.66,0.23,1.4,0.21
42.5,92,"DIORITE [21815]",14.4,31.9,3.73,14.5,3.38,1.02,3.73,0.58,3.56,0.78,2.32,0.35,2.34,0.37
42.5,92,"DIORITE [21815]",14,31.1,3.68,14.5,3.35,1.04,3.71,0.58,3.67,0.81,2.35,0.36,2.39,0.37
42.5,92,"DIORITE [21815]",15,33.1,3.85,15.2,3.49,1.09,3.88,0.6,3.72,0.82,2.41,0.38,2.49,0.39
42.5,92,"DIORITE [21815]",14.2,32.4,3.85,15.3,3.44,1,3.76,0.58,3.63,0.8,2.33,0.35,2.37,0.37
42.5,92,"DIORITE [21815]",16.2,32.7,4.08,17.2,3.8,1.02,4.13,0.63,3.9,0.85,2.54,0.35,2.48,0.38
42.5,92,"DIORITE [21815]",16.6,33.9,4.28,18,3.92,1,4.16,0.65,3.95,0.86,2.55,0.35,2.53,0.39
42.5,92,"DIORITE [21815]",17.3,35.1,4.42,18.4,4.01,1.02,4.22,0.64,4.01,0.85,2.55,0.36,2.51,0.39
42.5,92,"DIORITE [21815]",17.4,35,4.41,18.3,4.03,1,4.31,0.66,4.22,0.89,2.69,0.37,2.59,0.41
42.5,92,"DIORITE [21815]",17.2,35.7,4.63,19.6,4.33,0.95,3.82,0.6,3.88,0.84,2.58,0.36,2.54,0.4
-23.8333,-70.4167,"NOT GIVEN [11649] / DIORITE, QUARTZ [7358]",9.05106963251494,21.4727808333588,3.04750286842553,14.0882024239542,3.40668549973463,1.09029826382885,3.38600103794436,0.508604413712201,3.17986423397759,0.654926186719773,1.86942983534731,0.272462541042086,1.80103816227085,0.268231551305729
32.5596,80.1842,"DIORITE [21823]",17.3,35.9,4.69,19.3,4.13,0.863,3.73,0.758,4.34,0.817,2.54,0.418,2.46,0.397
32.5521,80.1859,"DIORITE [21823]",34.4,62.7,6.9,25.2,4.6,0.97,4.33,0.757,4.57,0.804,2.54,0.395,2.57,0.39
32.5415,80.2404,"DIORITE [21823]",35.8,64.5,6.76,25,4.56,1.01,4.24,0.738,4.35,0.782,2.33,0.39,2.26,0.346
32.5411,80.2905,"DIORITE [21823]",27.1,53,5.86,23,4.34,0.992,4.3,0.727,4.47,0.828,2.56,0.398,2.38,0.377
32.551,80.4036,"DIORITE [21823]",28,57.9,6.36,25.8,4.83,1.03,4.59,0.862,4.99,0.896,2.86,0.454,2.92,0.469
32.5399,80.4507,"DIORITE [21823]",34,61.3,6.5,23.9,4.33,0.974,4.06,0.734,4.24,0.742,2.31,0.339,2.37,0.34
32.3872,80.5734,"DIORITE [21823]",29,55.3,6.12,23,4.44,1.03,4.4,0.712,3.88,0.838,2.27,0.394,2.56,0.361
32.3895,80.642,"DIORITE [21823]",23.8,46,5.36,21,3.95,1.05,4.22,0.695,4.01,0.732,2.41,0.369,2.51,0.384
32.3761,80.7098,"DIORITE [21823]",26.4,51.8,5.99,22.8,4.52,1.02,4.12,0.71,4.3,0.826,2.54,0.429,2.48,0.375
32.5543,80.9505,"DIORITE [21823]",23.5,47.8,5.23,19.8,3.88,1.02,3.75,0.699,4.12,0.771,2.31,0.378,2.36,0.32
32.5553,80.954,"DIORITE [21823]",19.8,41.3,4.86,19.3,4.12,0.976,3.9,0.715,4.16,0.826,2.43,0.387,2.56,0.376
32.4215,81.4513,"DIORITE [21823]",13.8,42.8,6.66,30.2,7.35,1.66,6.47,1.26,7.04,1.38,4.01,0.628,4.33,0.672
32.1844,81.273,"DIORITE [21823]",12.1,26.5,3.68,16.2,4.68,0.982,4.73,1.01,6.78,1.38,4.54,0.821,5.86,0.935
32.2201,81.2415,"DIORITE [21823]",43,79.8,9.83,35.5,5.74,1.52,4.42,0.675,3.43,0.619,1.66,0.28,1.55,0.245
31.7887,83.9714,"DIORITE [21823]",17.2,36.2,4.49,17.1,3.47,0.999,3.62,0.696,3.72,0.773,2.43,0.319,2.54,0.348
71,124,"DIORITE, QUARTZ [21825]",20.52,44.98,6.52,24.64,4.45,0.89,3.29,0.47,2.6,0.56,1.67,0.27,1.16,0.25
71,124,"DIORITE, QUARTZ [21825]",31.42,64.22,8.01,14.96,2.66,0.94,3.8,0.59,3.17,0.64,1.8,0.18,1.94,0.28
71,124,"DIORITE, QUARTZ [21825]",40.1,82.36,10.15,33.43,6.25,0.95,4.92,0.71,3.95,0.72,2.44,0.24,2.25,0.37
23,111,"DIORITE [21838]",76.7,149,17.7,68.1,11.5,2.72,9.62,1.17,5.58,0.99,2.53,0.34,2.15,0.33
25,109,"DIORITE [21859]",25.4,52,5.81,21.8,4.46,1,4.36,0.63,4.54,1.07,3.15,0.47,2.88,0.441
30,120,"DIORITE [21860]",39.11,94.05,13.96,63.16,14.15,4.6,13.27,2.44,15.2,3.1,8.64,1.65,10.25,1.52
30,120,"DIORITE [21860]",31.1,67.7,9.38,43.9,10.2,2.3,8.36,1.49,8.75,1.92,5.63,0.78,5.83,0.92
30,120,"DIORITE [21860]",38.3,89.6,11.2,49.1,12,3.86,13.12,2.3,13.3,2.9,8.83,1.22,8.07,1.19
30,120,"DIORITE [21860]",29.13,67.79,9.17,41.64,9.23,2.53,8.87,1.41,8.69,1.81,5.31,0.78,5.02,0.78
28.827,113.599,"DIORITE [21861]",10.3,21.1,2.49,9.96,2.35,0.88,2.22,0.41,2.27,0.54,1.42,0.21,1.4,0.2
28.827,113.599,"DIORITE [21861]",9.98,19.3,2.36,9.53,2.37,0.84,2.16,0.38,2.11,0.49,1.27,0.2,1.16,0.19
28.827,113.599,"DIORITE [21861]",9.51,19.7,2.32,9.1,2.18,0.88,2.08,0.38,2.24,0.51,1.43,0.2,1.38,0.19
28.827,113.599,"DIORITE [21861]",11,22.3,2.61,10.3,2.31,0.85,2.11,0.4,2.17,0.47,1.27,0.19,1.22,0.18
28.827,113.599,"DIORITE [21861]",9.88,19.5,2.28,9.13,2.12,0.84,1.97,0.35,1.91,0.43,1.14,0.17,1.12,0.16
28.827,113.599,"DIORITE [21861]",9.37,18.6,2.18,9,2.1,0.86,2.13,0.38,2.14,0.49,1.33,0.19,1.25,0.17
28.827,113.599,"DIORITE [21861]",12.2,24.9,2.91,11.3,2.48,0.83,2.17,0.39,2.14,0.49,1.3,0.18,1.24,0.17
28.827,113.599,"DIORITE [21861]",12.2,24.6,2.86,11.2,2.48,0.82,2.15,0.41,2.12,0.47,1.3,0.2,1.25,0.18
28.827,113.599,"DIORITE [21861]",11.1,22.5,2.69,10.4,2.38,0.86,2.17,0.38,2.09,0.47,1.28,0.19,1.21,0.18
28.827,113.599,"DIORITE [21861]",12.4,25,2.91,11.1,2.41,0.74,2.07,0.36,1.96,0.42,1.13,0.16,1.14,0.16
28.827,113.599,"DIORITE [21861]",9.28,19,2.29,9.01,2.01,0.78,1.85,0.34,1.96,0.44,1.15,0.17,1.11,0.16
28.827,113.599,"DIORITE [21861]",13.3,26.9,3.15,12.2,2.57,0.81,2.29,0.39,2.06,0.46,1.22,0.18,1.19,0.17
27,101.5,"DIORITE [21864]",8.06,17.9,2.36,10.4,2.2,0.82,2.29,0.35,1.9,0.38,1.17,0.16,1.11,0.16
27,101.5,"DIORITE [21864]",28.8,59.9,7.17,28.2,4.47,1.44,3.75,0.52,2.29,0.42,1.33,0.15,1.04,0.15
27,101.5,"DIORITE [21864]",17,36.1,4.71,19.8,3.89,1.27,3.79,0.57,3.05,0.62,1.83,0.25,1.65,0.24
27,101.5,"DIORITE [21864]",12.6,41.8,6.69,32.1,7.25,2.11,6.83,1.03,5.54,1.06,3.02,0.4,2.59,0.37
27,101.5,"DIORITE [21864]",10.4,24.3,3.19,13.7,2.68,1.1,2.48,0.35,1.81,0.34,1,0.12,0.83,0.12
27,101.5,"DIORITE [21864]",13.2,29.3,3.88,16.4,2.8,1.13,2.43,0.33,1.49,0.27,0.8,0.1,0.67,0.1
27,101.5,"DIORITE [21864]",17.9,37,4.68,19.9,3.92,1.41,3.52,0.53,2.71,0.52,1.56,0.2,1.33,0.19
27,101.5,"DIORITE [21864]",18.9,40.1,4.46,19.5,3.86,1.33,3.41,0.5,2.56,0.49,1.46,0.19,1.27,0.19
27,101.5,"DIORITE [21864]",19.5,40.6,4.12,17.5,3.34,1.3,2.89,0.41,1.84,0.33,0.94,0.11,0.78,0.11
27,101.5,"DIORITE [21864]",19.5,41,4.43,18.7,3.48,1.37,2.93,0.41,1.76,0.3,0.85,0.1,0.66,0.09
27,101.5,"DIORITE [21864]",19.8,41.9,4.77,20.2,3.74,1.56,3.2,0.43,1.87,0.32,0.91,0.11,0.72,0.1
27,101.5,"DIORITE [21864]",13.9,29.9,3.4,14.9,3.14,1.13,2.82,0.43,2.17,0.41,1.22,0.16,1.03,0.15
27,101.5,"DIORITE [21864]",16.6,34.9,3.95,16.9,3.5,1.22,3.13,0.45,2.26,0.43,1.24,0.16,1.05,0.15
27,101.5,"DIORITE [21864]",14.2,30.1,3.64,15.9,3.15,1.2,3.07,0.43,2.16,0.41,1.2,0.15,0.98,0.15
27,101.5,"DIORITE [21864]",11,27.3,3.8,18,4.48,1.71,4.7,0.78,4.58,0.93,2.75,0.38,2.6,0.38
27,101.5,"DIORITE [21864]",14.2,31.4,3.76,17.5,3.97,1.49,4.09,0.63,3.44,0.68,2.01,0.27,1.79,0.27
36.5,129,"DIORITE [21903]",8.9,17.8,2.12,8.4,1.8,0.76,1.7,0.3,1.6,0.3,1,0.16,1,0.17
36.5,129,"DIORITE [21903]",8.4,18.6,2.44,10.3,2.4,0.74,2.2,0.4,2.4,0.5,1.5,0.24,1.7,0.28
36.5,129,"DIORITE [21903]",14.1,28.5,3.34,12.9,2.8,0.91,2.4,0.4,2.6,0.5,1.4,0.22,1.5,0.24
36.5,129,"DIORITE [21903]",7.5,17.7,2.39,9.8,2.5,0.77,2.6,0.4,2.6,0.5,1.5,0.22,1.6,0.25
36.5,129,"DIORITE [21903]",10.1,21.1,2.5,10.2,2.3,0.94,2.1,0.3,2,0.4,1,0.15,1,0.16
36.5,129,"DIORITE [21903]",29.2,55,6.41,25,5.3,1.68,4.2,0.6,3.5,0.7,1.8,0.25,1.6,0.25
36.5,129,"DIORITE [21903]",22.8,43.5,4.61,17.4,3,0.76,2.4,0.4,2.2,0.4,1.2,0.2,1.4,0.22
36.5,129,"DIORITE [21903]",14.4,29.8,3.49,13.7,2.9,0.77,2.4,0.4,2.3,0.5,1.3,0.21,1.5,0.22
36.5,129,"DIORITE [21903]",18.2,34.5,3.88,15.1,3,0.79,2.5,0.4,2.4,0.5,1.5,0.23,1.5,0.23
36.5,129,"DIORITE [21903]",10,21.9,2.78,12.1,2.7,0.78,2.3,0.4,2.3,0.5,1.3,0.21,1.4,0.22
36.5,129,"DIORITE [21903]",9.2,20.1,2.53,10.3,2.3,0.74,1.9,0.3,1.9,0.4,1.2,0.19,1.3,0.19
36.5,129,"DIORITE [21903]",24.2,45.2,4.61,16.5,3,0.8,2.4,0.4,2.1,0.4,1.2,0.2,1.4,0.22
36.5,129,"DIORITE [21903]",22.8,46.3,5.05,17.4,3.2,0.64,2.9,0.5,2.9,0.6,1.7,0.27,1.8,0.3
36.5,129,"DIORITE [21903]",11.6,25.1,3.26,13.2,3.2,0.74,3.2,0.5,3.3,0.7,2,0.29,2.1,0.33
36.5,129,"DIORITE [21903]",19,36.6,3.94,14.4,2.8,0.78,2.5,0.4,2.3,0.5,1.4,0.2,1.5,0.24
36.5,129,"DIORITE [21903]",12.3,28.5,3.49,13.3,2.9,0.67,2.7,0.4,2.8,0.6,1.7,0.26,1.8,0.29
36.5,129,"DIORITE [21903]",14.3,33,4.24,17,3.9,0.93,3.8,0.6,3.9,0.8,2.2,0.33,2.2,0.34
31,85.5,"DIORITE [21906]",27.03,49.33,5.18,18.4,3.59,0.93,3.14,0.49,3.13,0.6,1.86,0.29,2.03,0.28
31,85.5,"DIORITE [21906]",44.21,73.88,8.28,31.58,6.16,2.52,5.15,0.73,4.01,0.75,2.24,0.34,2.27,0.35
31,85.5,"DIORITE [21906]",30.52,59.53,6.75,25.93,5.4,1.37,4.2,0.59,3.39,0.63,1.86,0.26,1.83,0.27
31,85.5,"DIORITE [21906]",18.19,35.04,4.15,16.42,3.38,1.03,3.32,0.47,2.96,0.62,1.76,0.26,1.85,0.27
31,85.5,"DIORITE [21906]",16.81,33.06,3.8,14.87,3.21,0.93,2.94,0.46,2.86,0.55,1.69,0.26,1.75,0.24
31,85.5,"DIORITE [21906]",35.8,68.13,7.25,25.66,5.1,1.17,4.68,0.73,4.72,0.96,2.83,0.42,3.14,0.49
42,92,"DIORITE [21907]",11.9,25.4,3.22,12.6,3.09,0.99,3.32,0.62,4.15,0.91,2.74,0.43,2.99,0.49
42,92,"DIORITE [21907]",15.6,39.4,5.47,22.8,5.22,1.1,5.42,0.99,6.16,1.34,3.94,0.62,4.21,0.67
42,92,"DIORITE [21907]",14.6,28.9,3.27,11.9,2.71,0.99,2.95,0.51,3.47,0.75,2.21,0.34,2.29,0.37
42,92,"DIORITE [21907]",15,33.8,4.3,17.1,4.06,1.11,4.09,0.71,4.48,0.98,2.88,0.44,2.98,0.48
24,116,"DIORITE, QUARTZ [21914]",29.9,66.6,8.5,35.1,7.11,1.34,6.24,0.98,5.5,0.99,2.85,0.39,2.52,0.37
24,116,"DIORITE, QUARTZ [21914]",31.6,71,8.96,36.3,7.64,1.4,6.67,1.04,5.75,1.03,3.03,0.42,2.69,0.39
27.8,99.8,"DIORITE, QUARTZ [21916]",31.49,62.34,7.796,28.99,5.729,1.512,4.169,0.575,3.2,0.612,1.673,0.241,1.59,0.244
27.8,99.8,"DIORITE, QUARTZ [21916]",35.22,69.27,8.548,31.99,6.041,1.558,4.299,0.595,3.278,0.643,1.694,0.251,1.594,0.244
27.8,99.8,"DIORITE, QUARTZ [21916]",37.51,73.3,8.894,32.93,6.143,1.668,4.494,0.625,3.471,0.668,1.752,0.257,1.661,0.258
27.8,99.8,"DIORITE, QUARTZ [21916]",30.3,61.89,7.637,28.88,5.537,1.273,4.021,0.547,2.965,0.567,1.521,0.224,1.479,0.234
27.8,99.8,"DIORITE, QUARTZ [21916]",44.26,82.87,9.615,35.01,6.472,1.821,4.895,0.643,3.534,0.658,1.738,0.247,1.626,0.246
27.8,99.8,"DIORITE, QUARTZ [21916]",31.79,61.71,7.434,27.04,5.038,1.251,3.647,0.505,2.826,0.546,1.528,0.219,1.449,0.222
27.8,99.8,"DIORITE [21916]",218.2,416.7,48.02,165.1,21.81,3.636,11.6,1.108,4.302,0.679,1.51,0.19,1.251,0.176
27.8,99.8,"DIORITE [21916]",92.57,180.6,20.36,71.13,10.3,2.096,5.859,0.668,3.089,0.543,1.392,0.195,1.262,0.2
27.8,99.8,"DIORITE [21916]",35.6,68.5,7.7,28.7,5.95,1.56,4.71,0.67,3.44,0.6,1.71,0.246,1.47,0.235
27.8,99.8,"DIORITE [21916]",90,185,21.3,77.1,11.5,2.66,6.13,0.62,2.9,0.49,1.38,0.188,1.05,0.148
27.8,99.8,"DIORITE [21916]",40.9,80.3,9.25,35.7,7.51,1.56,6.07,0.8,4.13,0.69,1.88,0.27,1.62,0.233
27.8,99.8,"DIORITE [21916]",33.6,74.2,8.7,33,6.26,2.03,4.41,0.53,2.84,0.53,1.43,0.21,1.32,0.2
27.8,99.8,"DIORITE [21916]",39.5,77.3,8.84,33.1,7,1.77,5.48,0.7,3.67,0.65,1.73,0.247,1.55,0.235
26,89,"DIORITE, QUARTZ [21941]",33.8,66.2,7.63,28.6,5.36,1.44,4.31,0.61,3.02,0.57,1.61,0.23,1.49,0.2
26,89,"DIORITE [21941]",34.2,69.2,8.43,32.8,6.8,1.72,5.46,0.77,3.94,0.74,2.21,0.33,2.18,0.32
-22.5,-69,"DIORITE [21851]",34.7,59,5.99,20.6,3.78,1.14,3.09,0.46,2.44,0.5,1.39,0.22,1.45,0.22
-22.5,-69,"DIORITE [21851]",22.8,47,5.52,20,3.99,1.11,3.5,0.59,3.34,0.7,1.99,0.33,2.11,0.31
46.74,89.7,"DIORITE [21982]",13,34.2,4.06,19.1,3.93,1.06,3.78,0.51,3.12,0.55,1.56,0.22,1.15,0.18
46.7422,89.7058,"DIORITE [21982]",16.3,35.7,4.09,18,3.52,0.91,3.04,0.45,2.58,0.49,1.35,0.18,0.98,0.16
46.74,89.7,"DIORITE [21982]",19.7,45.5,5.39,24.5,4.89,1.36,4.28,0.58,3.61,0.66,1.85,0.26,1.39,0.25
46.7437,89.7128,"DIORITE [21982]",18.1,43,5.36,25.4,5.15,1.45,4.39,0.59,3.63,0.68,1.88,0.27,1.41,0.25
46.7437,89.7128,"DIORITE [21982]",22.8,55.2,6.85,31.8,6.39,1.82,5.95,0.72,4.29,0.73,1.99,0.27,1.42,0.25
39,43,"DIORITE [22007]",33.1,70.2,9.39,27.6,5.12,2.04,7.4,1.1,6.41,1.23,3.51,0.52,3.06,0.47
39,43,"DIORITE [22007]",37.9,69,7.64,28.7,5.19,1.34,4.53,0.71,4.04,0.83,2.2,0.37,2.45,0.41
39,43,"DIORITE [22007]",29.6,60.2,6.56,22.6,4.29,1.02,4.74,0.74,4.5,0.75,2.32,0.5,3.05,0.38
39,43,"DIORITE [22007]",35.9,66.6,7.61,19.3,8.37,1.65,3.5,0.63,3.54,0.81,1.85,0.34,2.07,0.29
39,43,"DIORITE [22007]",32.6,61.3,6.61,23.1,4.48,1.1,3.99,0.62,3.87,0.77,2.14,0.33,2.08,0.35
33.5,109.7,"DIORITE [22013]",42.3,77.5,8.93,34.6,6.41,1.69,4.69,0.7,3.96,0.77,2.52,0.35,2.24,0.31
33.5,109.7,"DIORITE [22013]",25.1,57.6,6.5,26.1,4.81,1.29,3.96,0.6,3.03,0.65,1.97,0.28,1.93,0.29
33.5,109.7,"DIORITE [22013]",28.8,57.2,6.94,27.2,4.84,1.34,3.45,0.61,3.15,0.63,1.99,0.26,1.73,0.28
33.5,109.7,"DIORITE [22013]",29.8,59.9,7.11,27.9,5.16,1.37,3.63,0.63,3.21,0.61,1.96,0.27,1.76,0.26
33.5,109.7,"DIORITE [22013]",32.6,65.4,7.89,31.5,5.68,1.5,3.96,0.64,3.32,0.67,2.1,0.27,1.82,0.29
33.4937,109.342,"DIORITE [22013]",31,60.9,7.45,29,5.37,1.21,3.96,0.58,3.2,0.66,2.04,0.29,1.97,0.31
33.5,109.7,"DIORITE, QUARTZ [22013]",29.9,59.2,6.91,27.1,4.99,1.37,3.65,0.6,2.92,0.56,1.83,0.28,1.78,0.27
33.5,109.7,"DIORITE, QUARTZ [22013]",31.5,63.5,7.39,28.6,5.21,1.6,3.8,0.62,3.42,0.66,1.96,0.28,1.87,0.28
33.5,109.7,"DIORITE, QUARTZ [22013]",36,68.6,7.98,31.8,5.51,1.47,4.29,0.65,3.45,0.7,2.26,0.31,2.07,0.32
33.5186,109.7353,"DIORITE [22013]",27,51.8,6.58,27.3,5.73,1.4,5.08,0.76,4,0.74,2.31,0.3,2.04,0.32
33.5,109.7,"DIORITE [22013]",41.8,94.1,11.6,46,8.6,2.31,6.65,1.05,5.64,1.04,3.44,0.44,3,0.47
33.5,109.7,"DIORITE [22013]",40,73,8.09,30.1,5.11,1.58,3.94,0.59,3.08,0.56,1.8,0.26,1.8,0.27
33.5,109.7,"DIORITE, QUARTZ [22013]",30.7,61.3,7.11,28,5.24,1.43,4.25,0.69,3.68,0.7,2.28,0.31,2.03,0.27
44,113,"DIORITE [22037]",17.5,36.5,4.87,21,4.57,1.45,4.54,0.818,4.71,0.86,2.64,0.425,2.74,0.405
44,113,"DIORITE [22037]",17.3,34.6,4.84,22,5.06,1.24,4.03,0.81,4.93,0.959,2.52,0.426,2.51,0.354
44,113,"DIORITE [22037]",25.5,61.4,8.77,37.5,8.19,1.47,6.43,1.32,8.14,1.62,4.42,0.799,4.81,0.678
44,113,"DIORITE [22037]",23.6,45.8,5.86,24.3,5.06,1.33,4.22,0.83,5.04,1.01,2.78,0.498,3.13,0.459
44,113,"DIORITE [22037]",17.7,32.7,4.07,16.9,3.58,1.05,3.11,0.61,3.75,0.743,2.07,0.373,2.35,0.356
44,113,"DIORITE [22037]",17.8,37.6,5.27,23.3,5.28,1.41,4.28,0.886,5.47,1.07,2.94,0.525,3.29,0.474
44,113,"DIORITE [22037]",22.2,44.5,6.08,26.7,5.72,1.38,4.6,0.916,5.49,1.09,3,0.534,3.29,0.48
44,113,"DIORITE [22037]",15.7,32.2,4.03,16,3.42,1,3.38,0.634,3.62,0.7,2.17,0.329,2.11,0.339
44,113,"DIORITE [22037]",24,50.3,6.81,27.9,5.46,1.38,4.59,0.876,5.25,1.05,2.95,0.543,3.52,0.52
44,113,"DIORITE [22037]",16.7,36,5.05,22,4.83,1.18,3.95,0.784,4.86,0.983,2.74,0.517,3.21,0.488
29,98.5,"DIORITE, QUARTZ [22039]",32.9,67.3,7.61,28,5.16,1.12,5.16,0.73,4.42,0.89,2.72,0.4,2.62,0.39
29,98.5,"DIORITE, QUARTZ [22039]",34.2,68.8,7.45,27.6,5.36,1.2,5.35,0.78,4.65,0.89,2.71,0.4,2.65,0.39
29,98.5,"DIORITE, QUARTZ [22039]",41.8,80.9,8.74,31.1,5.59,1.21,5.51,0.77,4.58,0.91,2.68,0.38,2.5,0.36
29,98.5,"DIORITE, QUARTZ [22039]",35.9,70.2,7.4,27.2,5.05,1.25,5.1,0.71,4.3,0.83,2.46,0.36,2.48,0.36
29,98.5,"DIORITE, QUARTZ [22039]",37,76,8.6,32.2,6,1.25,6,0.88,5.13,1.03,3.06,0.45,3,0.44
29,98.5,"DIORITE, QUARTZ [22039]",33.3,69.4,7.81,29.9,5.95,1.22,5.97,0.92,5.32,1.01,3.01,0.43,2.95,0.43
29,98.5,"DIORITE, QUARTZ [22039]",33,68.6,8.02,30.3,5.77,1.29,5.74,0.82,4.97,0.99,2.94,0.42,2.79,0.4
30,97,"DIORITE [22039]",50.5,105,11.61,42.8,7.72,1.96,7.7,1.11,6.58,1.32,4.05,0.63,4.64,0.77
30,97,"DIORITE [22039]",47.3,102,11.4,42.8,7.88,1.93,7.84,1.16,6.9,1.32,4.02,0.59,3.98,0.58
35.1128,47.5332,"DIORITE [22043]",58.3,105,11.8,44.9,7.94,2.75,6.86,0.921,5.33,1.02,2.79,0.367,2.44,0.347
24.9917,85.2667,"DIORITE [22054]",37.8,77.7,8.8,36.3,6.99,0.79,5.32,0.79,4.93,0.81,2.24,0.34,2.35,0.4
38,90,"DIORITE, QUARTZ [22084]",43.1,77.3,9.06,34.7,8.15,1.58,7.62,1.16,7.18,1.5,4.18,0.55,3.48,0.52
38,90,"DIORITE, QUARTZ [22084]",102,150,15.6,49.9,7.62,1.86,6.28,0.94,4.54,0.88,2.61,0.39,2.4,0.37
38,90,"DIORITE, QUARTZ [22084]",64.3,136,14.7,55.1,11.3,1.73,9.78,1.52,7.75,1.43,3.88,0.57,3.73,0.56
34,111,"DIORITE, QUARTZ [22086]",76.4,149.6,16.12,52.8,9.28,2.19,6.9,0.87,4.64,0.88,2.43,0.33,1.76,0.32
34,111,"DIORITE, QUARTZ [22086]",62.2,116.2,11.96,45.2,8.17,2.17,5.86,0.73,3.91,0.72,1.94,0.25,1.69,0.23
34,111,"DIORITE, QUARTZ [22086]",53.4,97.8,9.06,31.6,5.41,1.48,3.99,0.5,2.81,0.55,1.61,0.24,1.63,0.25
34,111,"DIORITE, QUARTZ [22086]",72,132.2,12.64,45.5,7.76,1.89,5.75,0.74,4.1,0.8,2.29,0.32,1.73,0.3
37.5358,120.5036,"DIORITE, QUARTZ [22099]",68.4,137,14.9,52.6,7.62,1.84,5.27,0.57,2.27,0.35,0.96,0.11,0.75,0.12
37.5358,120.5036,"DIORITE, QUARTZ [22099]",65.4,129,14.4,51.2,7.42,1.83,5.06,0.56,2.2,0.35,0.95,0.12,0.75,0.12
37.2125,120.1814,"DIORITE, QUARTZ [22099]",34.6,67,7.8,29.2,5.1,1.26,3.91,0.52,2.39,0.39,1.06,0.13,0.85,0.13
37.2125,120.1814,"DIORITE, QUARTZ [22099]",35.6,68,7.6,26.8,4.2,1.08,3.16,0.39,1.78,0.3,0.79,0.11,0.65,0.11
36.9747,120.0064,"DIORITE, QUARTZ [22099]",65.9,131,13.7,45.1,5.78,1.48,4.23,0.48,2.19,0.39,1.16,0.16,1.1,0.18
36.9747,120.0064,"DIORITE, QUARTZ [22099]",65.3,127,13.3,43.2,5.49,1.42,3.95,0.47,2.04,0.37,1.1,0.16,1.06,0.17
36.9739,119.9989,"DIORITE [22099]",71.1,155,17.9,65.9,9.61,2.44,6.93,0.84,3.96,0.68,1.97,0.26,1.7,0.28
36.9739,119.9989,"DIORITE [22099]",72.6,160,17.9,65.7,9.79,2.48,7.08,0.85,3.96,0.72,1.97,0.27,1.69,0.28
36.9747,120.0064,"DIORITE [22099]",54.6,125,15.2,58.7,9.77,2.63,7.45,0.96,4.62,0.78,2.15,0.29,1.78,0.29
36.9747,120.0064,"DIORITE [22099]",57.1,132,16.1,61,10.09,2.76,7.79,1.01,4.56,0.77,2.08,0.28,1.72,0.29
36.9747,120.0064,"DIORITE [22099]",54.7,132,16,61.4,9.9,2.75,7.99,1.03,4.81,0.81,2.23,0.3,1.85,0.29
37.0875,121.4195,"DIORITE [22099]",49,119,14.5,56.2,8.99,2.47,6.88,0.92,4.38,0.75,2.06,0.27,1.66,0.25
37.0875,121.4195,"DIORITE [22099]",54,128,14.8,56.6,8.91,2.41,6.77,0.9,4.37,0.76,2.07,0.27,1.7,0.28
37.0875,121.4195,"DIORITE [22099]",53.3,130.8,15.6,59.5,9.56,2.65,7.35,0.98,4.66,0.81,2.18,0.29,1.74,0.28
37.0108,121.7989,"DIORITE [22099]",45.9,96.6,11.4,42.2,6.41,2.06,4.89,0.59,2.66,0.43,1.14,0.13,0.83,0.12
37.0108,121.7989,"DIORITE [22099]",41.8,90.3,10.9,41.1,6.35,1.97,4.75,0.59,2.68,0.42,1.14,0.15,0.82,0.11
37.0108,121.7989,"DIORITE [22099]",42.9,92.1,11,41.3,6.31,2.02,4.88,0.6,2.64,0.42,1.1,0.14,0.8,0.1
37.0145,121.8758,"DIORITE [22099]",52.8,113.2,13.3,49.6,8.02,2.27,6.23,0.79,3.82,0.67,1.82,0.26,1.66,0.28
37.0145,121.8758,"DIORITE [22099]",53.6,119.6,13.9,52.7,8.22,2.32,6.39,0.82,3.81,0.67,1.94,0.26,1.74,0.29
37.0145,121.8758,"DIORITE [22099]",55.1,120.1,14.3,53.6,8.59,2.39,6.56,0.85,4.02,0.7,1.92,0.27,1.77,0.29
37.0145,121.8758,"DIORITE [22099]",61.3,129.1,14.8,54.2,8.27,2.36,6.69,0.87,4.26,0.75,2.12,0.3,1.88,0.3
37.0145,121.8758,"DIORITE [22099]",53.5,116.7,13.4,49.3,7.8,2.21,6.31,0.82,4.09,0.72,2.01,0.29,1.81,0.29
37.0145,121.8758,"DIORITE [22099]",51.7,112.7,13.3,49.7,7.93,2.25,6.29,0.85,4.07,0.72,2.04,0.29,1.78,0.29
37.1782,122.4148,"DIORITE [22099]",42,88,10.3,38.5,6.57,1.88,5.35,0.72,3.58,0.65,1.88,0.27,1.81,0.3
37.1782,122.4148,"DIORITE [22099]",42.5,93.9,10.9,41.1,6.87,1.9,5.62,0.75,3.79,0.69,1.98,0.28,1.87,0.31
37.1782,122.4148,"DIORITE [22099]",39.3,85.3,10,37.6,6.53,1.78,5.12,0.71,3.63,0.65,1.85,0.27,1.8,0.3
35.7019,118.7331,"DIORITE [22100]",21,43,5.74,23.6,4.3,1.02,3.77,0.48,2.68,0.47,1.43,0.2,1.36,0.2
35.7019,118.7331,"DIORITE [22100]",19.6,38,5.5,22.2,4.27,0.81,3.84,0.51,2.78,0.5,1.43,0.2,1.32,0.2
36.0574,102.2435,"DIORITE [22107]",21.9,46.7,5.66,23.1,5.88,1.09,5.66,1.08,7.52,1.54,4.66,0.73,4.78,0.65
36.0574,102.2435,"DIORITE [22107]",17.8,40.6,5.21,21.5,4.87,0.96,5.02,0.93,6.61,1.36,4.28,0.71,4.57,0.63
36.0574,102.2435,"DIORITE [22107]",8.68,23,3.06,13,3.19,0.82,2.83,0.47,2.99,0.59,1.74,0.28,1.83,0.24
36.0464,102.1445,"DIORITE [22107]",34.1,67.2,8.01,30.6,6.32,1.24,5.25,0.79,4.75,0.87,2.52,0.38,2.12,0.31
36.0464,102.1445,"DIORITE [22107]",26.6,59.2,6.56,25.7,5.63,1.2,4.88,0.74,4.53,0.86,2.4,0.37,2.31,0.32
42,92,"DIORITE [22110]",33.6,63.3,7.62,31.3,6.58,1.31,6.57,1.2,7.2,1.44,4.74,0.774,5.15,0.83
42,92,"DIORITE [22110]",19.9,46.5,6.34,25.3,5.54,1.19,4.45,0.82,4.77,0.88,2.84,0.5,2.95,0.48
57.1212,61.8393,"DIORITE [22193]",1.78,4.68,0.641,3.27,1.07,0.45,1.43,0.241,1.66,0.35,1.02,0.16,1.05,0.16
57.1212,61.8393,"DIORITE, QUARTZ [22193]",9.84,23.3,2.92,12.98,2.93,0.89,2.96,0.485,3.01,0.67,1.91,0.307,2.03,0.33
49.9775,125.835,"DIORITE [22201]",45.77,135.4,15.75,55.1,9.18,2.99,8.45,1.34,6.46,1.53,3.38,0.66,2.72,0.44
49.9775,125.835,"DIORITE [22201]",46.37,95.02,11.23,41.77,7.88,2.24,6.99,1.15,5.96,1.13,3.18,0.48,3.17,0.45
49.9775,125.835,"DIORITE [22201]",51.83,96.93,12.59,47.6,8.79,2.43,7.79,1.34,6.64,1.58,3.41,0.68,2.76,0.45
49.9775,125.835,"DIORITE [22201]",48.76,95.01,11.71,45.04,7.62,2.19,6.87,1.01,5.04,0.98,2.54,0.43,2.36,0.36
-75,-137,"DIORITE, QUARTZ [22205]",13.9,37,5.6,22.4,4.44,2.13,6.05,0.83,3.94,0.67,1.77,0.2,0.99,0.16
-75,-137,"DIORITE, QUARTZ [22205]",26.2,50.3,6.05,23.4,3.65,0.47,3.44,0.6,2.77,0.52,1.57,0.27,1.63,0.24
-75,-137,"DIORITE, QUARTZ [22205]",72.9,147,16.5,64,10.7,0.48,7.49,1.18,6.47,1.05,3.33,0.48,3.29,0.47
-65.0658,-64.0332,"DIORITE [22217]",23.4,49.3,6.62,27.1,5.88,1.31,5.95,0.93,5.69,1.16,2.88,0.5,3.25,0.5
-64.8285,-63.4914,"DIORITE [22217]",10.6,23,3.23,15.4,3.47,1.05,3.96,0.65,4.11,0.88,2.21,0.39,2.49,0.38
-64.8252,-63.4953,"DIORITE [22217]",10.3,23,3.3,16.5,3.7,1.04,4.26,0.67,4.22,0.89,2.27,0.39,2.62,0.4
-64.8761,-63.5839,"DIORITE [22217]",12.9,27,4.06,20.8,4.15,1.03,4.92,0.78,4.62,1.04,2.77,0.45,2.72,0.48
-64.8764,-63.5861,"DIORITE [22217]",10.4,21.6,3.33,17.4,3.51,1.08,4.21,0.67,3.92,0.85,2.26,0.37,2.28,0.39
44.6748,129.5732,"DIORITE [22224]",25.2,61.4,8.02,31.2,5.52,1.46,4.51,0.716,3.52,0.638,1.87,0.306,1.87,0.303
44.6748,129.5732,"DIORITE [22224]",14.7,27,3.82,16.3,3.86,1.25,3.32,0.678,3.9,0.757,2.09,0.363,2.31,0.335
44.6748,129.5732,"DIORITE [22224]",30,59.1,8.05,29.4,5.15,1.35,4.13,0.62,3.41,0.612,1.62,0.275,1.86,0.298
44.6408,129.3776,"DIORITE [22224]",26.8,59.9,8.59,33.5,7.05,1.26,5.97,1.09,6.13,1.18,3.44,0.589,3.78,0.55
44.6408,129.3776,"DIORITE [22224]",27.9,55,6.57,23.2,4.23,1.03,3.8,0.606,3.4,0.658,1.93,0.347,2.24,0.349
44.6408,129.3776,"DIORITE [22224]",28.6,56.7,7.08,24.9,4.39,1,3.81,0.608,3.39,0.673,2,0.366,2.42,0.378
41.9604,110.1306,"DIORITE [22237]",15,30.23,3.53,15.13,3.15,1.19,3.06,0.42,2.41,0.5,1.39,0.2,1.28,0.2
41.9604,110.1306,"DIORITE [22237]",12.97,27.18,3.24,13.9,3.03,1.1,2.9,0.42,2.43,0.5,1.39,0.2,1.27,0.2
41.8229,110.6028,"DIORITE [22237]",20.29,43.08,4.91,20.02,3.99,1.34,3.41,0.44,2.25,0.43,1.12,0.16,0.97,0.15
41.8229,110.6028,"DIORITE [22237]",23.86,50.5,5.69,23,4.53,1.34,3.67,0.47,2.29,0.42,1.09,0.15,0.95,0.14
41.845,110.6997,"DIORITE [22237]",66.6,129.13,12.79,45.03,6.03,1.44,4.36,0.54,2.62,0.5,1.36,0.19,1.19,0.18
41.8382,110.793,"DIORITE [22237]",11.48,27.26,3.74,16.63,3.8,1,3.47,0.51,2.97,0.62,1.71,0.26,1.63,0.25
41.8382,110.793,"DIORITE [22237]",9.09,24.51,3.32,15.49,3.74,0.97,3.58,0.53,3.13,0.64,1.8,0.27,1.73,0.27
41.853,110.7842,"DIORITE [22237]",26.8,58.05,6.43,24.57,4.65,1.25,3.84,0.51,2.71,0.53,1.46,0.21,1.31,0.2
41.853,110.7842,"DIORITE [22237]",33.03,60.63,7.01,26.18,4.51,1.21,3.65,0.48,2.47,0.49,1.34,0.19,1.19,0.18
41.853,110.7842,"DIORITE [22237]",25.38,51.22,5.09,19.59,3.66,1,3.12,0.42,2.31,0.45,1.24,0.18,1.13,0.17
41.853,110.7842,"DIORITE [22237]",37,75.96,7.8,28.55,5.17,1.32,4.36,0.58,3.13,0.61,1.66,0.24,1.45,0.22
41.8743,110.775,"DIORITE [22237]",38.48,68.1,7.78,27.63,4.71,1.16,3.74,0.54,2.88,0.57,1.54,0.23,1.31,0.21
41.8743,110.775,"DIORITE [22237]",32.82,61.37,6.64,23.74,4.34,1.15,3.79,0.51,2.78,0.55,1.51,0.21,1.33,0.2
41.8743,110.775,"DIORITE [22237]",21.21,36.67,4.96,20.54,4.55,1.21,4,0.62,3.36,0.67,1.77,0.28,1.62,0.26
41.7654,109.8995,"DIORITE [22237]",25.42,43.67,5.13,19.64,3.71,0.82,3.46,0.54,3.23,0.68,1.97,0.3,1.92,0.31
41.7654,109.8995,"DIORITE [22237]",25.51,55.68,6.58,26.44,6.01,0.93,5.75,0.93,5.62,1.18,3.35,0.5,3.15,0.47
41.7654,109.8995,"DIORITE [22237]",27.72,47.12,5.63,21.72,4.34,1.71,4.5,0.71,4.45,0.95,2.77,0.42,2.76,0.43
41.7639,110.0381,"DIORITE [22237]",30.28,63.29,7.64,29.75,5.79,2.33,5.2,0.74,4.05,0.84,2.36,0.35,2.24,0.36
41.7639,110.0381,"DIORITE [22237]",34.95,68.81,8.52,33.51,6.19,2.27,5.41,0.74,4.16,0.86,2.41,0.35,2.25,0.36
41.8446,109.8022,"DIORITE [22237]",39.29,77.5,8.52,30.79,5.49,1.15,4.55,0.68,3.79,0.75,2.09,0.31,1.94,0.3
41.8446,109.8022,"DIORITE [22237]",42.68,81.52,9.45,34.21,6.17,1.29,5.32,0.76,4.14,0.85,2.37,0.35,2.2,0.33
35,50,"DIORITE [22241]",9.88,21.4,2.79,13.6,3.73,1.13,4.38,0.712,4.71,1,3.01,0.424,2.86,0.421
35,50,"DIORITE [22241]",10.9,25.3,3.42,15.8,4.33,1.17,4.63,0.766,4.84,1.07,3.13,0.437,2.97,0.43
35,50,"DIORITE [22241]",9.95,21.3,2.93,14.1,3.62,1.23,4.51,0.737,4.85,1.03,3.09,0.434,3,0.45
35,50,"DIORITE [22241]",7.57,17,2.4,11.5,3.25,0.972,3.85,0.639,4.08,0.841,2.54,0.356,2.42,0.37
29,121,"DIORITE, QUARTZ [22243]",36.8,73.4,8.44,32.7,5.59,1.49102197071425,4.35517375328416,0.704,3.47,0.668,1.91,0.25,1.58,0.249
29.3757,121.0866,"DIORITE, QUARTZ [22243]",38.2,75.2,8.28,31.3,5.47,1.40231121047609,4.17990117662901,0.644,3.11,0.586,1.63,0.236,1.52,0.227
29.3961,121.096,"DIORITE, QUARTZ [22243]",39.5,77,8.54,32.5,5.8,1.56243122551027,4.52057140437343,0.682,3.27,0.585,1.74,0.243,1.38,0.218
39.5,98,"DIORITE, QUARTZ [22248]",29.4,49.8,6.4,27,4.09,1.05,3.12,0.42,2.2,0.41,1.16,0.19,1.12,0.18
39.5,98,"DIORITE, QUARTZ [22248]",27,48.5,6.24,25.3,3.8,1.03,2.91,0.42,2.17,0.38,1.11,0.17,1.03,0.17
39.5,98,"DIORITE, QUARTZ [22248]",27.1,46.8,6.04,25.9,3.92,0.97,2.98,0.41,2.18,0.4,1.14,0.18,1.07,0.17
39.5,98,"DIORITE, QUARTZ [22248]",28.1,48.7,6.11,25.4,3.84,0.97,3.06,0.41,2.09,0.38,1.1,0.17,1.03,0.16
39.5,98,"DIORITE, QUARTZ [22248]",27.5,47.7,6.33,27.1,3.88,1.03,3.08,0.43,2.17,0.41,1.17,0.18,1.07,0.17
39.5,98,"DIORITE, QUARTZ [22248]",28.8,49.2,6.39,26.5,3.95,1.03,3.15,0.42,2.18,0.4,1.13,0.17,1.08,0.18
39.5,98,"DIORITE, QUARTZ [22248]",28.1,49.6,6.32,27.2,4.23,1.05,3.16,0.42,2.23,0.41,1.15,0.18,1.14,0.17
39.5,98,"DIORITE, QUARTZ [22248]",30.2,51.8,6.44,25.8,3.64,0.93,2.79,0.36,1.76,0.31,0.87,0.14,0.82,0.13
39.5,98,"DIORITE, QUARTZ [22248]",30.6,50.4,6.51,26.9,3.61,0.89,2.82,0.36,1.75,0.31,0.89,0.14,0.83,0.12
39.5,98,"DIORITE, QUARTZ [22248]",25,44.2,5.7,23.1,4.31,0.84,2.79,0.38,2.02,0.35,1.03,0.17,1.01,0.15
39.5,98,"DIORITE, QUARTZ [22248]",25.6,45.4,5.81,22.9,4.49,0.8,2.78,0.38,1.99,0.35,1.02,0.16,1,0.16
39.5,98,"DIORITE, QUARTZ [22248]",30.6,51.6,6.57,25.7,3.71,0.92,2.86,0.37,1.86,0.32,0.95,0.14,0.84,0.13
39.5,98,"DIORITE, QUARTZ [22248]",31.3,51.5,6.4,26.5,3.75,0.96,2.81,0.36,1.81,0.32,0.89,0.14,0.84,0.13
34,106.5,"DIORITE, QUARTZ [22250]",44.5,86.5,9.57,36.4,5.53,1.37,5.01,0.69,3.73,0.77,2.01,0.33,1.93,0.31
34,106.5,"DIORITE, QUARTZ [22250]",39.5,77.7,8.55,31.4,4.83,1.38,4.14,0.63,3.11,0.71,1.91,0.3,1.85,0.28
34,106.5,"DIORITE, QUARTZ [22250]",34.2,69,7.67,28,4.47,1.28,3.91,0.57,2.89,0.69,1.88,0.28,1.76,0.27
34,106.5,"DIORITE, QUARTZ [22250]",36.6,71.5,7.86,28.4,4.64,1.34,3.93,0.6,2.99,0.65,1.72,0.27,1.68,0.28
34,106.5,"DIORITE, QUARTZ [22250]",34.4,66.3,7.42,27.3,4.46,1.35,3.82,0.54,2.84,0.62,1.68,0.26,1.55,0.25
34,107,"DIORITE [22250]",37.2,74.9,8.9,35,5.83,1.74,5.42,0.77,3.78,0.85,2.07,0.32,1.89,0.28
34,107,"DIORITE [22250]",37,73.8,8.64,33.7,5.61,1.77,4.98,0.72,3.67,0.77,1.98,0.31,1.87,0.29
34,107,"DIORITE [22250]",34.2,67.4,7.93,30.8,5.22,1.68,4.64,0.66,3.2,0.69,1.78,0.27,1.61,0.26
34,107,"DIORITE [22250]",38.2,77.2,8.7,33.9,6.41,1.68,5.34,0.79,3.86,0.82,2.14,0.33,1.94,0.32
34,106,"DIORITE, QUARTZ [22250]",70.1,132,14.6,51,6.58,1.79,4.16,0.56,2.6,0.5,1.22,0.18,1.11,0.17
34,106,"DIORITE, QUARTZ [22250]",77.3,146,16.2,56.2,7.16,1.95,5.02,0.62,2.79,0.56,1.38,0.19,1.16,0.18
34,106,"DIORITE, QUARTZ [22250]",77.9,144,15.6,53.7,6.73,1.77,4.34,0.56,2.49,0.52,1.23,0.18,1.06,0.18
34,106,"DIORITE, QUARTZ [22250]",67.1,133,14.6,52.6,7.13,2.04,5.07,0.64,2.71,0.51,1.14,0.18,1,0.16
34,106,"DIORITE, QUARTZ [22250]",58.4,115,12.9,47.3,6.27,1.88,4.45,0.54,2.39,0.46,1.14,0.16,0.91,0.14
34,106,"DIORITE, QUARTZ [22250]",154,273,26.6,81.8,8.25,1.96,4.85,0.58,2.3,0.44,1.04,0.15,0.91,0.13
34,106,"DIORITE, QUARTZ [22250]",142,258,26.5,84.6,9.14,2.13,5.6,0.61,2.77,0.5,1.22,0.18,1.1,0.17
34,106,"DIORITE, QUARTZ [22250]",53.8,106,12.4,46.5,6.73,1.91,4.56,0.6,2.71,0.5,1.21,0.17,1.04,0.16
34,106,"DIORITE, QUARTZ [22250]",106,196,20.7,69.5,8.33,2.1,5.25,0.62,2.76,0.54,1.3,0.18,1.03,0.17
34,106,"DIORITE, QUARTZ [22259]",73.2,141,13.9,50,7.4,1.76,4.86,0.62,3.02,0.49,1.3,0.18,1.15,0.17
34,106,"DIORITE, QUARTZ [22259]",78.6,157,15.3,55.5,8.03,1.95,5.34,0.64,3.17,0.56,1.41,0.19,1.21,0.18
34,106,"DIORITE, QUARTZ [22259]",49.6,96,9.88,37.1,5.7,1.49,4,0.48,2.51,0.41,1.07,0.15,0.93,0.14
34,106,"DIORITE, QUARTZ [22259]",60.8,120,12.4,47.1,7.2,1.86,4.73,0.57,2.85,0.51,1.31,0.18,1.11,0.17
34,106,"DIORITE, QUARTZ [22259]",74,140,14.3,51.6,7.72,1.87,5.15,0.61,3.1,0.54,1.39,0.19,1.26,0.18
34,106,"DIORITE, QUARTZ [22259]",61.9,121,13,46.6,7.2,1.73,4.47,0.55,2.52,0.42,1.08,0.14,0.99,0.15
34,106,"DIORITE, QUARTZ [22259]",47.4,93.3,10.3,38.5,6.49,1.54,3.77,0.52,2.39,0.38,0.97,0.13,0.84,0.14
34,106,"DIORITE, QUARTZ [22259]",65.6,126,13.5,47.8,7.13,1.79,4.32,0.54,2.48,0.44,1.08,0.14,0.91,0.13
34,106,"DIORITE, QUARTZ [22259]",52.1,104,11.5,43.2,6.92,1.67,4.39,0.49,2.24,0.41,1.17,0.14,1.01,0.17
34,106,"DIORITE, QUARTZ [22259]",41.1,82.6,9.38,37.1,6.61,1.57,3.97,0.49,2.3,0.42,1.07,0.14,0.85,0.16
34,106,"DIORITE, QUARTZ [22259]",64.3,123,13.2,47.3,7.52,1.77,4.47,0.47,2.4,0.43,0.99,0.14,0.93,0.15
52.8,-90.75,"DIORITE, QUARTZ [22286]",8.20616078512385,17.0422527097264,2.07549427424479,8.73445864287354,1.94813238192844,0.802557029515877,1.82911925725235,0.295464412264774,1.61737165798579,0.325660459390973,0.880294195992257,0.133220800462349,0.753991611279006,0.0643984294717265
52.8,-90.75,"DIORITE, QUARTZ [22286]",9.51691221801242,18.6393917968507,2.42370858090711,8.92493214388097,1.74301554268176,0.820968213388521,1.54401702761592,0.241619174628283,1.29827504085641,0.259676800133008,0.708341440428129,0.108339083834153,0.651670628310465,0.0979596593375934
52.8,-90.75,"DIORITE, QUARTZ [22286]",6.30434284510033,13.6765845500296,1.99611289132919,8.00314902883212,1.82389895410962,0.760428542391534,1.77430719398979,0.291184073956065,1.60270685574821,0.330230929477854,0.911368326070275,0.141499355528658,0.824873043061484,0.125075669955799
28.5,99,"DIORITE [22307]",26.27,84.72,14.33,65.75,15.95,2.779,12.72,1.84,9.924,1.934,5.05,0.723,4.703,0.694
28.5,99,"DIORITE [22307]",25.41,82.44,14.03,65.03,15.95,2.803,12.78,1.877,10.14,1.921,4.916,0.721,4.484,0.668
28.5,99,"DIORITE [22307]",25.49,81.95,14.17,65.74,15.85,2.769,12.64,1.857,10.08,1.935,5.048,0.721,4.628,0.687
28.5,99,"DIORITE [22307]",25.7,84.66,14.99,69.88,17.47,2.882,14.25,2.109,11.52,2.246,5.79,0.831,5.461,0.815
28.5,99,"DIORITE [22307]",25.41,77.73,13.32,61.01,14.65,2.693,11.84,1.683,9.25,1.761,4.575,0.65,4.19,0.621
28.5,99,"DIORITE [22307]",25.06,83.96,15.48,74.68,20.21,3.108,17.04,2.782,15.52,3.065,8.059,1.184,7.445,1.092
28.5,99,"DIORITE [22307]",17.61,60.58,11.22,55.74,15.89,2.633,13.71,2.207,12.56,2.449,6.537,0.955,6.26,0.932
29.3,91.61,"DIORITE [22309]",21.86,48.77,5.74,21.3,4.71,1.2,4.32,0.62,3.78,0.77,2.21,0.33,2.04,0.33
29.44,91.88,"DIORITE [22309]",17.16,45.56,5.98,23.9,5.68,1.76,5.66,0.81,4.85,0.95,2.82,0.41,2.64,0.41
29.02,92.33,"DIORITE [22309]",12.62,29.9,3.91,16.54,3.84,1.16,4.14,0.61,3.74,0.77,2.29,0.33,2.09,0.32
36,98,"DIORITE [22311]",9.78,30.6,5.29,26.2,7.28,1.62,7.25,1.47,9.67,1.95,6.01,1.09,6.88,1.1
36,98,"DIORITE [22311]",10.3,29.5,4.61,22,5.35,1.37,5.1,1.08,7.09,1.47,4.73,0.8,5.37,0.84
36,98,"DIORITE [22311]",25.9,53.3,6.64,26.1,5.16,1.31,4.92,0.99,5.97,1.22,3.69,0.62,4.09,0.65
36,98,"DIORITE [22311]",12.8,37.1,6.17,28.4,7.77,1.69,7.65,1.67,11.1,2.25,7.18,1.25,8.02,1.32
36,98,"DIORITE [22311]",15.1,35.8,4.76,19.9,4.25,1.46,4.3,0.85,5.32,1.09,3.4,0.54,3.82,0.59
36,98,"DIORITE [22311]",24.1,46.9,5.48,21.3,4.57,1.03,4.5,0.88,5.5,1.13,3.46,0.53,3.61,0.6
36,98,"DIORITE [22311]",16.4,32,3.81,15.8,3.15,1.14,3.27,0.59,3.79,0.76,2.23,0.33,2.09,0.34
36.5056,45.3768,"DIORITE, QUARTZ  [22312]",26.4,53.5,6.27,25.5,5.74,2.45,6.19,1.1,6.11,1.41,3.95,0.54,3.7,0.57
36.5056,45.3768,"DIORITE, QUARTZ  [22312]",27.6,55.9,6.54,26.3,5.95,2.43,6.38,1.15,6.88,1.47,4.1,0.61,4.03,0.63
35,47,"DIORITE [22313]",25.6,56.7,7.35,30.4,7.12,1.8,7.73,1.22,7.83,1.59,4.69,0.67,4.09,0.61
35,47,"DIORITE [22313]",22,53.5,6.58,28.6,6.27,1.31,6.35,0.95,6.09,1.12,3.31,0.44,2.7,0.41
35,47,"DIORITE [22313]",13.7,33.3,3.96,16.5,3.72,1.01,3.92,0.58,3.71,0.71,2.06,0.3,1.8,0.28
35,48,"DIORITE [22313]",23.3,45.2,5.28,21.1,4.23,1.08,3.99,0.59,3.66,0.68,2.01,0.3,1.83,0.28
35,48,"DIORITE [22313]",18.3,40.3,5.5,25.4,6.37,2.18,7.85,1.3,8.03,1.62,4.63,0.66,4.07,0.64
35,48,"DIORITE [22313]",25.5,49.8,6.18,25.2,5.94,2.19,7.11,1.13,7,1.37,3.94,0.59,3.58,0.58
35,48,"DIORITE [22313]",20.5,40.3,4.66,18.7,3.82,0.95,3.9,0.6,3.7,0.75,2.26,0.32,2.1,0.33
35,48,"DIORITE [22313]",30.8,60.7,7.79,32.3,6.99,2.25,7.72,1.24,7.6,1.49,4.38,0.63,3.99,0.61
39,112,"DIORITE [22315]",23.5,50.4,6.64,27.2,5.68,1.25,5.16,0.73,3.94,0.75,1.91,0.27,1.64,0.25
39,112,"DIORITE [22315]",22.8,44.9,5.59,21.8,4.52,1.09,4.12,0.6,3.26,0.63,1.68,0.23,1.46,0.22
39,112,"DIORITE [22315]",22.7,42.5,5.05,19.3,3.57,1,3.25,0.46,2.54,0.5,1.33,0.19,1.23,0.19
39,112,"DIORITE [22315]",24.3,44.1,5.07,18.9,3.63,0.88,3.51,0.49,2.64,0.51,1.28,0.18,1.1,0.17
10.676819747,-74.021185025,"DIORITE, QUARTZ [22303]",14.7,31,4.17,17.9,3.54,1.47,3.3,0.51,2.72,0.54,1.59,0.25,1.49,0.22
35.8258,118.4294,"DIORITE [22340]",23,61.4,8.63,36.6,8.63,2.01,7.84,1.05,5.04,0.9,2.28,0.31,1.91,0.28
6.17,10.95,"DIORITE [22346]",57.5,118,13.9,53,10.8,2.59,8.67,1.4,7.53,1.46,4.09,0.58,3.57,0.54
39,39,"DIORITE [22350]",1.6,3.2,0.52,2.9,0.92,0.36,1.43,0.27,1.85,0.4,1.17,0.18,1.16,0.18
39,39,"DIORITE [22350]",1.2,2.5,0.37,2.2,0.69,0.32,1.11,0.2,1.5,0.34,0.93,0.14,0.86,0.14
39,39,"DIORITE [22350]",2.8,95.6,10.59,42.77,7.6,1.647,6.45,0.876,4.66,0.905,2.32,0.3288,2.09,0.312
39,39,"DIORITE [22350]",4,9.8,1.58,8.5,2.73,0.95,3.75,0.64,4.35,0.98,3.05,0.45,3.02,0.47
39,39,"DIORITE [22350]",4.3,17.5,1.71,5.7,1.12,0.61,1.17,0.19,1.03,0.28,0.69,0.12,0.91,0.18
46,85,"DIORITE, QUARTZ [22380]",13.9,33.5,4.35,20.5,4.49,1.65,4.76,0.75,4.34,0.9,2.51,0.39,2.47,0.36
56,-132,"DIORITE [8917]",36.6,67.6,9.8,42.4,7.75,1.74,8.06,1.16,6.25,1.12,3.51,0.545,3.33,0.538
29,91.8,"DIORITE, QUARTZ [22421]",24.0060612697773,50.234695702548,6.34432900535589,25.1839538288585,4.81882838150069,1.37767277407336,3.89524090794775,0.507656823283755,2.51596908351422,0.478228454571326,1.30307644859254,0.218340211234106,1.10391362229907,0.176316614618102
29,91.8,"DIORITE, QUARTZ [22421]",25.2285492296901,52.3898045267312,6.66441251901851,27.2460599924727,5.13670984766992,1.42424172430352,4.02186894173639,0.537900671699923,2.61565348524777,0.515031528305218,1.38489179069492,0.189530926059155,1.14387699779815,0.190858091587313
29,91.8,"DIORITE, QUARTZ [22421]",27.4903673033794,53.8626234303709,6.57866883847608,26.16900792488,4.85930485503817,1.26916494761784,3.82482960251666,0.520583164705053,2.61085412105466,0.500250138816542,1.31318551001166,0.212259150216317,1.14849327589559,0.176557414458117
29,91.8,"DIORITE, QUARTZ [22421]",24.6631840800094,51.2662728220641,6.43216127794618,26.5431675421381,4.87602475503161,1.37822122204213,3.74804558175081,0.541025012233047,2.69749527464616,0.517604891499856,1.32138051351832,0.193734951710359,1.14583904020256,0.171275223049203
42.865,111.2261,"DIORITE [22440]",14.1,31.9,3.8,15.1649,3.381,0.93,3.25,0.49,3.21,0.66,1.84,0.28,1.84,0.29
42.865,111.2261,"DIORITE [22440]",15.2,33.4,4.04,16.5,3.54,0.93,3.34,0.53,3.37,0.65,1.99,0.3,1.84,0.3
44,127,"DIORITE [22441]",29.6,62,7.65,26,5.048,1.28,4.68,0.7,3.72,0.73,1.95,0.3,1.96,0.31
44,127,"DIORITE [22441]",28.28,57.26,7.21,24.85,4.725,1.22,4.29,0.63,3.38,0.66,1.74,0.27,1.77,0.28
29.67,87.5,"DIORITE [22448]",36.54,69.86,10.21,41,7.96,1.4,4.61,0.56,2.13,0.33,0.82,0.12,0.6,0.21
29.67,87.5,"DIORITE [22448]",40.43,83.85,12.52,52.98,10.94,1.76,5.79,0.69,2.58,0.41,1.05,0.15,0.82,0.19
29.67,87.5,"DIORITE [22448]",41.62,82.7,11.78,46.87,9.26,1.65,5.27,0.61,2.25,0.34,0.84,0.11,0.52,0.1
29.67,87.5,"DIORITE [22448]",43.14,90.72,13.72,57.33,11.97,1.8,6.39,0.75,2.81,0.43,1.08,0.15,0.78,0.13
37.47405,-120.13163,"DIORITE [22484]",13.3,31.4,4.29,19.1,4.93,1.64,6.03,0.99,6.12,1.2,3.55,0.512,3.35,0.514
27,99.5,"DIORITE [22520]",60.9,111,12.2,46.7,9.02,2.32,7.84,1.05,4.55,0.8,2.34,0.28,1.81,0.26
27,99.5,"DIORITE [22520]",75.8,133,17.2,68.3,11.7,2.9,10.1,1.33,6.45,1.17,2.94,0.43,2.71,0.41
27,99.5,"DIORITE [22520]",63.9,112,14.1,54.6,11.6,2.66,8.92,1.31,6.53,1.11,3.25,0.42,2.68,0.42
29.503,88.4849,"DIORITE, QUARTZ [22540]",22.7,49,5.64,23.3,4.71,1.05,4.33,0.66,4.05,0.82,2.35,0.36,2.33,0.35
29.503,88.4849,"DIORITE, QUARTZ [22540]",27,57,6.82,26.2,5.03,1.02,4.62,0.7,4.2,0.86,2.47,0.38,2.44,0.37
29.503,88.4849,"DIORITE, QUARTZ [22540]",29.9,61,6.93,25.7,4.83,1,4.34,0.66,3.93,0.81,2.3,0.35,2.3,0.35
29.503,88.4849,"DIORITE, QUARTZ [22540]",24,51,5.67,23.2,4.5,1.02,4.2,0.63,3.74,0.77,2.21,0.34,2.22,0.33
29.503,88.4849,"DIORITE, QUARTZ [22540]",31,64,7.39,27.9,5.29,1.02,4.8,0.72,4.28,0.88,2.52,0.39,2.5,0.38
29.503,88.4849,"DIORITE, QUARTZ [22540]",24.9,53,5.81,23.5,4.46,1.04,4.08,0.61,3.68,0.77,2.15,0.34,2.21,0.33
29.503,88.4849,"DIORITE, QUARTZ [22540]",28.8,59,6.56,25.8,4.94,1.05,4.44,0.66,4,0.82,2.34,0.36,2.34,0.35
29.4067,88.5769,"DIORITE [22540]",30.7,66.8,8.2,32.4,6.62,1.18,6.09,0.93,5.59,1.14,3.18,0.48,3.09,0.46
29.4067,88.5769,"DIORITE [22540]",20.6,43.6,5.06,21.3,4.3,1.14,3.98,0.6,3.55,0.72,2.02,0.31,1.98,0.3
29.4067,88.5769,"DIORITE [22540]",23.6,50,5.73,24,4.86,1.11,4.54,0.69,4.2,0.87,2.45,0.37,2.42,0.37
41.4488,91.1063,"DIORITE [22543]",32.2,58.2,7.08,25.4,4.48,0.694445776353015,4.21041428606898,0.63,3.72,0.75,2.17,0.31,2.15,0.33
41.4488,91.1063,"DIORITE [22543]",10.4,23.6,2.91,12.3,3.11,0.841701833873292,3.38869204075927,0.58,3.75,0.83,2.45,0.37,2.45,0.36
41.4488,91.1063,"DIORITE [22543]",9.95,24,3.12,13.3,3.56,0.931107038140081,3.76040851362206,0.65,4.02,0.89,2.63,0.39,2.56,0.38
41.434,91.1027,"DIORITE [22543]",11.5,26.6,3.41,14.9,3.76,0.997539239270376,3.91568845852999,0.65,4.26,0.92,2.69,0.38,2.54,0.38
41.434,91.1027,"DIORITE [22543]",15.4,41.7,5.5,23.1,5.84,0.823486844826193,6.27500228769451,1,6.61,1.43,4.29,0.68,4.73,0.73
-25.60115,27.473255,"DIORITE [22614]",12.215,29.284,3.114,13.593,2.896,0.693,3.159,0.459,2.869,0.584,1.599,0.225,1.402,0.198
-25.60115,27.473255,"DIORITE [22614]",10.877,22.385,2.287,10.046,2.647,0.856,2.799,0.419,2.733,0.554,1.536,0.224,1.497,0.223
-0.25,119.9,"DIORITE [6348]",6.18,14.91,1.82,9.22,2.74,0.97,3.03,0.53,3.45,0.71,2.21,0.32,2.12,0.34
42.3,113.6,"DIORITE, QUARTZ [22661]",17.3,32.8,4.11,16.7,3.4,0.87,2.83,0.66,3.38,0.7,2.22,0.37,2.04,0.27
42.3,113.6,"DIORITE, QUARTZ [22661]",20.7,39.5,4.79,19.8,4,0.88,3.77,0.69,4.15,0.81,2.4,0.4,2.67,0.34
42.3,113.6,"DIORITE, QUARTZ [22661]",22.7,42.2,5.08,19.5,3.81,0.79,3.56,0.59,3.85,0.69,1.98,0.41,2.49,0.31
42.3,113.6,"DIORITE, QUARTZ [22661]",21.9,41.9,5.08,20.4,3.81,0.93,3.35,0.6,3.3,0.75,1.84,0.4,2.04,0.3
42,83,"DIORITE, QUARTZ [22708]",18.5,45,6.23,27.4,6.75,1.5,5.86,0.91,5.43,1.07,3.06,0.46,2.95,0.45
42,83,"DIORITE, QUARTZ [22708]",24.3,51,6.34,20.47,4.39,1.4,5.12,0.78,4.53,0.92,2.63,0.4,2.58,0.39
42,83,"DIORITE, QUARTZ [22708]",24.1,48.9,5.91,16,3.36,1.41,4.61,0.69,4.05,0.82,2.35,0.36,2.32,0.36
42,83,"DIORITE, QUARTZ [22708]",18.4,42.4,5.92,28,7.01,1.45,6.51,1.01,6.22,1.24,3.49,0.52,3.42,0.52
38,-7,"DIORITE [22721]",21.9860000610352,46.1040000915527,5.34100008010864,20.4820003509521,4.23799991607666,0.99099999666214,3.64400005340576,0.556999981403351,3.23900008201599,0.675000011920929,1.86099994182587,0.294999986886978,1.83200001716614,0.28999999165535
29.446,94.434,"DIORITE [22730]",35.5,75,9.76,41.7,10.4,2.1,9.29,1.42,6.98,1.36,3.75,0.5,3.33,0.47
29.446,94.434,"DIORITE [22730]",60.4,116,12.8,49.3,10.6,1.96,9.28,1.43,6.74,1.29,3.55,0.47,3.01,0.43
29.446,94.434,"DIORITE [22730]",110,234,27.6,114,19.5,3.76,13.7,1.81,6.35,1.08,2.87,0.35,2.36,0.35
29.446,94.434,"DIORITE [22730]",16.2,40.7,5.81,28,7.36,1.6,7.32,1.31,6.93,1.45,4.18,0.59,3.88,0.6
29.446,94.434,"DIORITE [22730]",95.5,209,24.9,99.4,17.6,3.57,12.7,1.67,5.74,0.99,2.5,0.33,2.18,0.31
29.446,94.434,"DIORITE [22730]",79.1,153,16.3,62.7,11.9,2.31,10,1.44,6.9,1.37,4.08,0.57,3.89,0.65
29.463,94.424,"DIORITE [22730]",6.61,17.1,2.23,10.1,2.4,0.87,2.41,0.38,2.24,0.4,1.26,0.17,1.06,0.14
29.463,94.424,"DIORITE [22730]",60.2,115,13.1,48,8.41,1.93,4.72,0.47,2.88,0.37,1.28,0.08,0.85,0.07
28.4437,118.718,"DIORITE [22734]",14.5,32,3.59,14.72,3.32,0.72,3.22,0.52,3.07,0.61,1.72,0.26,1.66,0.25
37.0437,98.8748,"DIORITE, HORNBLENDE [22747]",13.2,28,3.28,13.2,3.05,0.88,2.98,0.51,3.19,0.63,1.96,0.29,1.9,0.28
41.8463,131.8219,"DIORITE [22752]",40.5,79.8,9.2,33.1,5.81,1.58,4.91,0.73,4.18,0.83,2.54,0.39,2.69,0.395
4.5,11,"DIORITE [22757]",38.2,73.4,8.85,38.3,7.79,1.97,5.23,0.74,4.22,0.83,2.11,0.36,1.81,0.29
-25.8586963,133.7588115,"DIORITE [22765]",39.4,84.8,11,45.9,9.4,2.65,8.67,1.3,7.79,1.57,4.55,0.643,4.35,0.637
51.7261,-176.7011,"DIORITE [22767]",12.0506268233612,42.7485728223532,8.48667031183916,46.67,14.6743578804906,2.93232896679863,15.2018839482987,2.45647609360522,14.6261048894215,2.88118568116738,7.73645004186239,1.09760509303444,6.78569196269339,0.956149093360804
51.6928,-176.6619,"DIORITE [22767]",12.2780151179317,30.1307930058188,4.35637199986387,19.5944424288685,4.56887688069485,1.44977170570375,4.37906947342229,0.651624541889515,3.76064852750663,0.735513327842773,2.02240400169356,0.296883156643858,1.90781249977159,0.284162628897324
51.7346,-176.7107,"DIORITE [22767]",13.3943549460027,31.4557220564834,4.75966807931324,21.8358661538422,5.14655104767497,1.54551835585729,4.09267896720074,0.548925831502512,2.90734417430889,0.527883972702268,1.27692635153585,0.17678750745912,1.04745903867857,0.161111175277567
51.768,-176.6278,"DIORITE [22767]",8.09769758095146,17.4086868399478,2.4282888453573,10.6191473871042,2.60669910767873,0.925706642362722,2.46061662669041,0.375971375737913,2.19127989472811,0.431883030547585,1.11568092492538,0.163701077006772,1.01314407687705,0.162147806319746
51.6846,-176.6921,"DIORITE [22767]",13.3355829961612,30.8704423508016,4.44898671378595,19.5110699477288,4.7202016573705,1.23028194009736,4.26337664771823,0.654627461853006,3.89190664831514,0.768239001401365,2.14150411041263,0.306750554681473,1.9139905600699,0.296464056261117
36.5,45.5,"DIORITE [22770]",6.2,16.9,2.41,11.4,3.2,1.5,4.12,0.7,4.23,0.91,2.56,0.38,2.29,0.39
36.5,45.5,"DIORITE [22770]",6.9,20.6,3.03,14.7,4.35,1.41,5.53,0.96,5.83,1.29,3.56,0.52,3.08,0.49
36.5,45.5,"DIORITE [22770]",6.7,19.3,2.86,13.8,3.91,1.5,4.86,0.84,5.16,1.1,3.13,0.46,2.75,0.45
36.5,45.5,"DIORITE [22770]",5.5,13.7,1.91,9.2,2.7,1.2,3.16,0.54,3.19,0.68,1.83,0.26,1.52,0.24
36.5,45.5,"DIORITE [22770]",21,49.5,6.38,27.1,6.97,2.08,7.82,1.32,8.09,1.74,4.78,0.72,4.25,0.66
-6,-50,"DIORITE, QUARTZ [22778]",31.7,59.4,6.88,25.6,4.83,1.34,4.09,0.63,3.81,0.76,2.25,0.35,2.15,0.31
-6,-50,"DIORITE, QUARTZ [22778]",52.1,95.9,10.45,37.4,6.45,1.77,5.39,0.84,4.6,0.94,2.62,0.4,2.55,0.44
-6,-50,"DIORITE, QUARTZ [22778]",32.8,68.7,8.58,32.8,6.23,1.42,4.89,0.73,4.08,0.87,2.5,0.33,2.19,0.32
50.7,122,"DIORITE, QUARTZ [22811]",30.4,55.7,5.45,21.9,3.67,0.82,2.43,0.3,1.63,0.26,0.64,0.09,0.58,0.09
50.7,122,"DIORITE, QUARTZ [22811]",36.2,78.6,8.48,36.2,5.56,1.56,4.12,0.49,2.67,0.47,1.14,0.16,1,0.14
50.7,122,"DIORITE, QUARTZ [22811]",31.8,69.5,8.15,34.1,6.09,1.47,4.69,0.57,2.86,0.48,1.32,0.17,1.2,0.17
50.7,122,"DIORITE, QUARTZ [22811]",30.1,64.6,7.71,31.4,5.29,1.4,4.31,0.48,2.55,0.43,1.03,0.14,0.89,0.12
50.7,122,"DIORITE, QUARTZ [22811]",31.2,66.7,7.64,30.6,5.2,1.33,3.84,0.45,2.37,0.4,1.02,0.14,0.93,0.13
50.7,122,"DIORITE [22811]",37.5,80.2,9.28,35.9,6.31,1.37,4.67,0.62,3.08,0.56,1.41,0.19,1.16,0.17
50.7,122,"DIORITE [22811]",35.5,78.8,9.1,35.7,5.93,1.31,4.48,0.61,3.06,0.53,1.36,0.2,1.21,0.18
43,131,"DIORITE [22813]",4.85,12,1.71,8.27,2.44,0.88,3.02,0.53,3.76,0.77,2.29,0.38,2.43,0.39
43,131,"DIORITE [22813]",8.32,20.1,2.68,12.2,3.21,0.76,3.77,0.64,4.38,0.92,2.76,0.48,3.12,0.51
43,131,"DIORITE [22813]",12.8,32.4,4.35,19,4.97,1.17,5.45,0.88,5.75,1.12,3.36,0.54,3.4,0.55
43,131,"DIORITE [22813]",8.52,21.5,2.92,14.1,3.95,1.03,4.74,0.8,5.24,0.99,3.06,0.49,3,0.46
43,131,"DIORITE [22813]",8.78,22.8,3.31,15.2,4.01,1.33,4.73,0.79,5.29,1.05,3.24,0.53,3.26,0.55
43,131,"DIORITE [22813]",7.32,17,2.3,10.8,2.89,0.96,3.42,0.55,3.54,0.72,2.13,0.36,2.22,0.37
43,131,"DIORITE [22813]",11.8,27.2,3.44,14.3,3.47,1.01,3.92,0.64,4.17,0.83,2.61,0.45,2.88,0.5
43,131,"DIORITE [22813]",8.98,24.4,3.71,17.9,5.23,1.29,6.22,1.07,6.98,1.41,4.23,0.7,4.39,0.69
43,131,"DIORITE [22813]",9.34,23.5,3.36,15.2,3.91,1.24,4.57,0.73,4.56,0.88,2.67,0.45,2.85,0.45
43,131,"DIORITE [22813]",10.9,23.9,2.98,12.5,3.13,0.83,3.7,0.64,4.38,0.91,2.85,0.47,3.05,0.48
24.5908,97.7084,"DIORITE, QUARTZ [22814]",67.4705495032162,118.193779561148,12.8035776966506,44.0890732891817,7.40051386263123,1.80905679237211,6.59494921920321,0.898018543984835,5.30082214627687,1.04504088586146,3.03025762628454,0.440197992951628,2.92617530449238,0.434657621387142
24.5908,97.7084,"DIORITE, QUARTZ [22814]",64.6321664191983,118.850959741894,13.339993334343,48.2945043420534,8.77569500909207,1.80190588622,7.93205804483844,1.15637334829091,6.79274721919062,1.31494681316882,3.68686302906164,0.514688558533583,3.34409718385513,0.472310019853973
24.5908,97.7084,"DIORITE, QUARTZ [22814]",60.9002599700769,111.372458088605,12.3693189893555,44.0253795050351,7.97295806786611,1.63301422974088,7.31667854546796,1.08395585608552,6.34081820089333,1.24562741966401,3.4824057758973,0.479540737224658,3.07683818845133,0.443289341976287
24.5908,97.7084,"DIORITE, QUARTZ [22814]",56.9271970554733,102.842790516327,11.0583209590573,37.8279058523939,6.10735428741316,1.3318859146288,5.47734328565443,0.762328708874167,4.46335217036099,0.869785061222131,2.48993411179871,0.350541649577913,2.30001866341609,0.342853389408325
24.5876,97.6881,"DIORITE, QUARTZ [22814]",69.1324553277259,122.088864016242,13.1957823533283,45.7376889284635,7.31782075579278,1.90716954932245,6.35155330647598,0.844468407515788,4.73526301351255,0.901015569956884,2.57563744641957,0.36315796076465,2.41407134514742,0.366192689465171
24.6619,97.7675,"DIORITE, QUARTZ [22814]",57.7830173218505,96.0050572453093,9.5228340436398,30.1904040625724,3.64905558598424,1.56113930832373,2.90723135517904,0.309648411217951,1.60513315464496,0.296774009052909,0.897020346413273,0.135213921378959,0.923776763050447,0.148981878719345
24.6619,97.7675,"DIORITE, QUARTZ [22814]",63.6833836715708,113.965627967236,12.5131654711502,43.9178468345182,6.92066447173966,2.20966905426361,5.54298466784553,0.718024280158057,3.98036652255584,0.753088135446723,2.156649465257,0.313342371278369,2.00496166959698,0.29966804396405
24.7393,97.737,"DIORITE, QUARTZ [22814]",48.4580244251151,95.6297110583567,11.4996721065638,44.5965292615539,8.50145003905528,2.03935867773219,7.19055696002576,0.998281432412637,5.66742487277852,1.08267271287061,3.00649092394953,0.416379778608341,2.53483003763269,0.371040663212895
24.7338,97.7414,"DIORITE, QUARTZ [22814]",42.224139777281,83.1609899376399,9.84113314485603,37.853847717858,7.34621531182051,1.78836035158971,6.17661202776317,0.872054197312703,4.95911207472529,0.955600978603825,2.6240210393094,0.359508178528628,2.2997522055429,0.321573947093005
24.7228,97.7415,"DIORITE, QUARTZ [22814]",44.1524313055947,89.8173491179361,11.0655500110676,44.3477253117104,8.98816972843819,2.02440524292115,7.67556972274406,1.09201446738389,6.19723437109326,1.19337158148569,3.23569034529845,0.445057024993861,2.79806727308424,0.426182528535393
24.5871,97.7003,"DIORITE, QUARTZ [22814]",50.5237356967184,94.1753906599247,10.9396926044732,41.357130830288,7.98039042617561,1.94596284552956,6.79116414449531,0.94478425554076,5.42062790269049,1.04443486867527,2.9570005059815,0.416654227010485,2.71880128912539,0.412063458729322
24.65,97.767,"DIORITE [22814]",13.9940896126817,36.7445605350544,5.19257926913594,22.3171943923176,4.79159297738909,1.36017624884521,4.03260390562095,0.587133033030625,3.37182315562836,0.651449193198374,1.86959174528394,0.272228395878019,1.7769826371871,0.274227466912856
39.1619,114.798,"DIORITE [22817]",55,103,11.4,42,6.98,1.87,4.32,0.56,2.48,0.41,1.06,0.14,0.88,0.13
34.9,117.5,"DIORITE [22821]",6,17.9,2.69,12.9,3.07,0.78,2.4,0.35,1.79,0.35,1,0.13,0.91,0.12
34.9,117.5,"DIORITE [22821]",9.3,25.1,3.54,14.9,3.41,0.86,2.69,0.38,1.93,0.35,1.1,0.13,0.91,0.12
21.7294,86.0548,"DIORITE [22824]",24.1,55.3,7.12,29.9,6.92,1.71,6.38,0.82,3.99,0.66,1.59,0.198,1.1,0.17
21.7294,86.0548,"DIORITE [22824]",4.19,7.45,0.79,3.9,1.25,0.467,1.48,0.23,1.34,0.25,0.68,0.098,0.6,0.092
25.5,50,"DIORITE [22841]",5.44,11.66,1.56,6.61,1.74,0.52,2.1,0.39,2.42,0.54,1.59,0.23,1.54,0.25
25.5,50,"DIORITE [22841]",6.11,13.15,1.85,7.79,1.97,0.49,2.3,0.43,2.68,0.59,1.77,0.27,1.75,0.28
32,53,"DIORITE [22842]",15.3,33,4.24,17.7,4.32,1.1,4.5,0.77,4.6,0.92,2.72,0.36,2.31,0.36
31.9641,53.41,"DIORITE [22842]",15.5,33,4.23,17.6,4.12,1.08,4.42,0.73,4.38,0.88,2.59,0.36,2.22,0.32
31.9641,53.41,"DIORITE [22842]",8.6,16.8,2.09,8.42,1.91,0.63,2.12,0.35,2.28,0.47,1.46,0.19,1.32,0.21
32,53,"DIORITE [22842]",6.27,13.6,1.84,7.84,2.03,0.61,2.23,0.41,2.61,0.53,1.68,0.24,1.66,0.26
32,53,"DIORITE [22842]",7.56,16,2.08,8.8,2.23,0.69,2.51,0.44,2.67,0.58,1.75,0.25,1.84,0.27
31.9641,53.41,"DIORITE [22842]",6.52,13.9,1.85,8.19,1.97,0.68,2.35,0.41,2.59,0.54,1.71,0.24,1.66,0.25
32,53,"DIORITE [22842]",10.4,19.8,2.36,8.92,2.04,0.63,2.12,0.35,2.09,0.43,1.33,0.19,1.37,0.2
32,53,"DIORITE [22842]",7.74,16,2.04,8.39,1.99,0.62,2.13,0.37,2.4,0.49,1.54,0.24,1.49,0.24
32,53,"DIORITE [22842]",20.1,36,3.9,14.2,2.79,0.74,2.68,0.45,2.65,0.53,1.65,0.24,1.57,0.23
32,53,"DIORITE [22842]",7.43,16.5,2.26,9.77,2.52,0.8,2.78,0.45,2.99,0.6,1.8,0.26,1.66,0.26
32,53,"DIORITE [22842]",7.12,16,2.19,9.69,2.48,0.79,2.67,0.45,2.85,0.57,1.76,0.25,1.68,0.26
32,53,"DIORITE [22842]",24,48,5.84,23,4.97,1.47,4.84,0.7,4.05,0.78,2.26,0.31,1.91,0.3
32,53,"DIORITE [22842]",14.4,28.5,3.48,14.1,3.67,0.59,4.03,0.77,5.06,1.09,3.6,0.54,3.75,0.6
42.5,91.9,"DIORITE, QUARTZ [22868]",11.7,23.2,3.02,13,2.92,0.67,2.5,0.45,2.53,0.56,1.75,0.32,1.99,0.36
42.5,91.9,"DIORITE, QUARTZ [22868]",9.54,20.5,2.81,13,2.79,0.65,2.46,0.49,2.5,0.55,1.69,0.27,1.8,0.32
42.5,91.9,"DIORITE, QUARTZ [22868]",11.5,22.9,2.95,12.3,2.79,0.78,2.6,0.47,2.82,0.55,1.66,0.3,1.75,0.35
42.5,91.9,"DIORITE, QUARTZ [22868]",16.5,33,4.23,17.5,3.79,0.84,3,0.54,3.19,0.62,2.14,0.36,2.31,0.37
42.5,91.9,"DIORITE, QUARTZ [22868]",14.9,33.1,4.61,22.6,5.09,1.41,4.79,0.94,5.18,1.17,3.44,0.59,3.84,0.59
42.5,91.9,"DIORITE, QUARTZ [22868]",20.5,38.6,4.86,20.3,3.79,0.84,3.5,0.59,3.22,0.71,2.09,0.34,2.47,0.37
42.5,91.9,"DIORITE, QUARTZ [22868]",16.2,35.7,4.84,23.8,5.31,1.48,4.86,1.02,5.23,1.17,3.56,0.57,4.07,0.62
42.5,91.9,"DIORITE, QUARTZ [22868]",17,34.2,4.27,18.6,3.7,0.7,3.21,0.59,3.13,0.72,1.92,0.32,2.15,0.35
42.5,91.9,"DIORITE, QUARTZ [22868]",18.1,35.7,4.42,19.3,3.7,0.76,3.21,0.63,3.37,0.74,2.15,0.34,2.69,0.37
42.5,91.9,"DIORITE, QUARTZ [22868]",21.1,38.7,5.03,20.9,4.3,0.92,3.8,0.66,3.65,0.78,2.17,0.36,2.5,0.38
42.5,91.9,"DIORITE, QUARTZ [22868]",18.1,34.4,4.45,19,3.92,0.79,3.04,0.6,3.34,0.71,2.11,0.4,2.46,0.34
42.5,91.9,"DIORITE, QUARTZ [22868]",6.32,12,1.57,7.08,1.52,0.57,1.18,0.23,1.04,0.2,0.58,0.1,0.68,0.09
42.5,91.9,"DIORITE, QUARTZ [22868]",17.2,39.6,5.82,25.7,6.23,1.55,4.6,0.85,5.05,0.99,3,0.48,2.95,0.45
42.5,91.9,"DIORITE, QUARTZ [22868]",6.14,11.8,1.59,6.95,1.57,0.55,1.23,0.26,1.27,0.25,0.74,0.11,0.84,0.14
42.5,91.9,"DIORITE, QUARTZ [22868]",5.2,10.3,1.34,5.62,1.35,0.53,1.14,0.24,1.06,0.22,0.63,0.13,0.72,0.12
42.5,91.9,"DIORITE, QUARTZ [22868]",9.14,18.1,2.48,11.3,2.73,0.75,2.56,0.56,3.35,0.66,2.22,0.35,2.67,0.42
42.5,91.9,"DIORITE, QUARTZ [22868]",10.3,20.3,2.71,13,3.07,0.88,2.92,0.66,3.49,0.8,2.31,0.36,2.54,0.41
42.5,91.9,"DIORITE, QUARTZ [22868]",8.61,17.4,2.32,10.6,2.53,0.79,2.53,0.57,2.73,0.69,2.1,0.36,2.2,0.36
42.5,91.9,"DIORITE, QUARTZ [22868]",11.3,22.1,2.94,13.3,3.23,0.96,2.7,0.61,3.31,0.75,2.2,0.38,2.43,0.38
42.5,91.9,"DIORITE, QUARTZ [22868]",12.6,25.1,3.46,15,3.71,1.05,2.73,0.56,2.77,0.55,1.83,0.29,1.94,0.3
42.5,91.9,"DIORITE, QUARTZ [22868]",13,25.8,3.49,15.5,3.61,0.97,2.72,0.53,2.88,0.6,1.67,0.29,2.11,0.31
42.5,91.9,"DIORITE, QUARTZ [22868]",11.4,25.3,3.88,18.3,4.3,1.47,3.01,0.52,2.64,0.49,1.47,0.23,1.39,0.23
42.5,91.9,"DIORITE, QUARTZ [22868]",9.43,20.7,3.3,15.4,4.09,1.2,2.76,0.48,2.38,0.45,1.38,0.18,1.23,0.19
29.4,94.7,"DIORITE, QUARTZ [22884]",16.3,35.7,4.71,21.9,4.99,1.25,4.35,0.66,4,0.77,2.25,0.32,2.11,0.33
29.4,94.7,"DIORITE, QUARTZ [22884]",15.9,35,4.6,21.7,4.91,1.21,4.21,0.63,3.83,0.78,2.17,0.34,2.17,0.33
29.4,94.7,"DIORITE, QUARTZ [22884]",16.2,34.4,4.58,20.8,4.49,1.24,3.94,0.6,3.44,0.69,1.86,0.26,1.8,0.28
29.4,94.7,"DIORITE, QUARTZ [22884]",15.7,32.2,4.09,17.7,3.85,1.14,3.33,0.5,2.98,0.6,1.72,0.27,1.83,0.29
25.4478,78.6006,"DIORITE [22888]",36.09,78.62,6.76,25.53,5.04,1.23,4.71,0.55,2.65,0.53,1.53,0.2,1.43,0.22
25.4472,78.6,"DIORITE [22888]",52.76,99.29,10.91,40.53,8.38,1.39,8.52,1.18,6.39,1.26,3.53,0.49,3.18,0.47
25.4414,78.6414,"DIORITE [22888]",41.85,64.86,8.74,20.78,4.15,1.71,7.85,1.03,5.25,1.04,3.01,0.41,2.69,0.41
25.4686,78.66,"DIORITE [22888]",41.92,71.82,7.92,28.5,5.57,1.64,6.48,0.79,4.03,0.8,2.42,0.33,2.25,0.35
25.4644,78.6622,"DIORITE [22888]",111.52,205.67,21.88,26.78,16.26,2.03,19.16,2.69,15.01,3.18,9.71,1.44,9.98,1.54
25.4686,78.6597,"DIORITE [22888]",113.6,195.97,22.52,27.89,14.66,1.75,17.39,2.22,11.07,2.19,6.35,0.84,5.3,0.76
25.3825,78.1764,"DIORITE [22888]",49.18,84.11,8.93,31.28,5.9,1.86,7.3,0.84,4.02,0.82,2.41,0.32,2.18,0.34
25.2536,78.2108,"DIORITE [22888]",42.43,73.71,7.83,27.24,5.1,1.48,6.2,0.7,3.37,0.68,2.04,0.27,1.91,0.3
25.3825,78.1764,"DIORITE [22888]",37.6,69.47,7.58,27.3,5.63,1.75,6.77,0.84,4.24,0.88,2.58,0.35,2.42,0.39
25.2483,78.4928,"DIORITE [22888]",49.72,91.86,9.71,33.69,6.26,1.43,7.62,0.86,4.05,0.82,2.5,0.35,2.46,0.38
25.2428,78.4883,"DIORITE [22888]",44.72,82.96,8.38,29.65,5.69,1.5,7.07,0.82,4.09,0.82,2.48,0.34,2.33,0.36
25.32,78.5417,"DIORITE [22888]",65.73,136.3,11.34,38.42,6.35,1.79,8.38,0.83,3.62,0.71,2.15,0.27,1.79,0.28
25.2339,78.4839,"DIORITE [22888]",46.09,72.57,8.72,30.94,6.1,1.58,6.98,0.88,4.53,0.92,2.64,0.36,2.35,0.36
25.2556,78.4992,"DIORITE [22888]",45.98,87.63,8.42,28.77,5.21,1.56,6.65,0.73,3.4,0.69,2.13,0.31,2.16,0.35
25.3592,78.8514,"DIORITE [22888]",65.64,102.2,11.41,39.54,6.82,2.27,7.76,0.88,4.03,0.8,2.25,0.29,1.94,0.31
25.3589,78.8506,"DIORITE [22888]",69.45,119.24,13.1,46.74,8.43,4.02,9.42,1.06,4.99,0.99,2.88,0.38,2.54,0.4
25.3597,78.8519,"DIORITE [22888]",71.08,127.41,13.9,48.98,8.67,3.35,9.33,1.06,5.08,1,2.93,0.39,2.63,0.41
25.3592,78.8514,"DIORITE [22888]",55.2,106,11.2,32.31,5.54,2.98,5.61,0.81,4.41,0.8,2.36,0.34,2.13,0.32
25.2142,79.1192,"DIORITE [22888]",41.3,71.78,8.01,28.97,5.62,1.22,6.65,0.68,2.47,0.42,1.23,0.12,0.86,0.13
46,84,"DIORITE, PYROXENE [22890]",6.48,13.5,1.72,7.05,1.73,0.62,2.14,0.35,2.42,0.49,1.48,0.23,1.61,0.25
46,84,"DIORITE, PYROXENE [22890]",17.8,38.5,4.68,20.3,4.26,1.63,4.54,0.65,3.84,0.81,2.11,0.32,1.98,0.31
46,84,"DIORITE [22890]",9.93,22.4,2.67,11.5,2.95,0.97,3.14,0.49,3.01,0.61,1.66,0.25,1.75,0.25
46,84,"DIORITE [22890]",13.7,35.8,4.9,22.8,5.82,1.86,6.06,0.94,5.8,1.21,3.5,0.46,3.17,0.43
46,84,"DIORITE, QUARTZ [22890]",10.5,22.8,2.89,12.4,2.71,0.86,2.82,0.47,3,0.66,1.95,0.27,1.88,0.25
46,84,"DIORITE, QUARTZ [22890]",9.7,21.8,2.75,11.7,2.81,0.95,3.24,0.5,2.91,0.61,1.96,0.27,1.87,0.26
46,84,"DIORITE, QUARTZ [22890]",12.4,27.6,3.49,14.4,3.22,1.08,3.3,0.45,2.92,0.62,1.76,0.26,1.69,0.25
46,84,"DIORITE, QUARTZ [22890]",11.2,23.7,2.93,12.1,3.06,0.96,3.21,0.49,3.36,0.66,1.97,0.29,1.85,0.29
46,84,"DIORITE [22890]",11.9,25.3,2.89,12,2.61,0.89,2.71,0.41,2.59,0.56,1.58,0.24,1.69,0.24
46,84,"DIORITE [22890]",14.8,31.6,3.79,14.3,3.09,1.04,3.36,0.49,2.96,0.61,1.77,0.26,1.81,0.26
46,84,"DIORITE [22890]",13.6,28.2,3.53,14.4,3.12,1.05,3.14,0.47,2.86,0.61,1.75,0.26,1.75,0.26
46,84,"DIORITE [22890]",11.5,24.8,2.96,12.6,2.76,1.08,2.88,0.47,2.79,0.53,1.75,0.25,1.73,0.26
46,84,"DIORITE [22890]",13.9,30.3,3.62,15.1,3.17,1.08,3.14,0.47,2.85,0.61,1.76,0.24,1.61,0.25
46,84,"DIORITE [22890]",14.9,31.4,3.65,14.5,2.88,1.06,3.06,0.47,2.84,0.58,1.76,0.24,1.65,0.27
46,84,"DIORITE, QUARTZ [22890]",13.5,28.1,3.31,13.9,2.75,1.03,2.94,0.44,2.57,0.5,1.52,0.24,1.62,0.23
46,84,"DIORITE, QUARTZ [22890]",14.7,31.2,3.66,14.9,3.18,0.93,3.15,0.42,2.27,0.46,1.32,0.18,1.35,0.16
46,84,"DIORITE, QUARTZ [22890]",10,21.8,2.74,10.9,2.59,0.83,2.74,0.43,2.64,0.59,1.51,0.23,1.77,0.25
46,84,"DIORITE, QUARTZ [22890]",14,29.6,3.42,13.8,2.89,0.91,3.06,0.45,2.62,0.59,1.7,0.25,1.73,0.26
46,84,"DIORITE, QUARTZ [22890]",15.9,34.6,4.09,16.6,3.56,1.11,3.46,0.49,3.08,0.64,1.78,0.27,1.87,0.29
46,84,"DIORITE, QUARTZ [22890]",12.9,27.8,3.38,13.1,2.77,0.89,2.97,0.43,2.6,0.52,1.7,0.25,1.79,0.25
46,84,"DIORITE, QUARTZ [22890]",13.8,28.6,3.36,12.8,2.75,0.83,2.52,0.35,1.94,0.37,1.13,0.17,1.18,0.17
46,84,"DIORITE, QUARTZ [22890]",15.7,31.8,3.63,13.9,2.94,0.79,3.2,0.46,2.68,0.56,1.76,0.26,1.9,0.28
46,84,"DIORITE, QUARTZ [22890]",11.3,23.6,2.84,11.5,2.59,1,2.87,0.41,2.41,0.48,1.49,0.22,1.47,0.22
46,84,"DIORITE, QUARTZ [22890]",11.8,27.4,3.42,15,3.45,1.22,4.27,0.63,3.81,0.79,2.18,0.3,1.89,0.29
46,84,"DIORITE, QUARTZ [22890]",9.42,20.5,2.47,10.4,2.51,1.04,2.97,0.44,2.7,0.54,1.66,0.23,1.61,0.24
-24.27,-69.07,"DIORITE [22903]",51,98.3,11.3,44.2,7.53,2.02,5.46,0.66,3.59,0.64,1.76,0.24,1.65,0.25
-24.27,-69.07,"DIORITE [22903]",23.5,47.3,5.64,22.7,4.24,1.2,3.62,0.5,2.87,0.53,1.54,0.21,1.48,0.23
-24.27,-69.07,"DIORITE [22903]",23.1,46.7,5.59,22.5,4.36,1.15,3.54,0.48,2.78,0.53,1.54,0.21,1.45,0.21
-24.27,-69.07,"DIORITE [22903]",22.2,44.7,5.43,22.2,4.26,1.16,3.52,0.46,2.6,0.49,1.37,0.19,1.26,0.19
-24.27,-69.07,"DIORITE [22903]",20.8,42,5.2,22.1,4.29,1.24,3.73,0.5,3.03,0.57,1.64,0.22,1.51,0.23
-24.27,-69.07,"DIORITE [22903]",19.3,39,4.87,20.3,4.05,1.17,3.56,0.47,2.71,0.52,1.45,0.2,1.28,0.2
-24.27,-69.07,"DIORITE [22903]",21,42.3,5.29,22,4.47,1.2,4.09,0.58,3.29,0.64,1.81,0.25,1.65,0.25
-24.27,-69.07,"DIORITE [22903]",17.1,35.9,4.6,20.2,4.06,1.21,3.65,0.5,2.81,0.53,1.49,0.2,1.28,0.2
29.1716,92.6675,"DIORITE [22904]",12.1,26.1,3.05,13,3.05,0.97,2.62,0.41,2.44,0.5,1.43,0.21,1.45,0.23
29.1714666,92.6689166,"DIORITE [22904]",14.1,30.7,3.92,16.6,3.82,1.02,3.37,0.51,3,0.58,1.72,0.24,1.72,0.25
29.2,92.7,"DIORITE [22904]",20.2,41.9,5.26,21.2,4.92,1.16,4.66,0.72,4.53,0.91,2.61,0.39,2.61,0.36
29.2,92.7,"DIORITE [22904]",14.2,32,4.23,18.3,4.25,1.08,4.16,0.64,3.96,0.79,2.27,0.33,2.14,0.31
29.2158,92.6927,"DIORITE [22904]",11.2,22.1,2.77,11.6,2.77,0.85,2.44,0.38,2.34,0.45,1.27,0.19,1.31,0.18
35.41405,-117.8648,"DIORITE, HORNBLENDE-QUARTZ [22942]",21.9,45.7,5.65,22.4,4.9,1.12,4.6,0.7,4.4,0.9,2.6,0.39,2.6,0.37
35.09492,-117.06655,"DIORITE, QUARTZ [22942]",19.8,32.2,3.57,12.8,2.4,0.81,2.2,0.3,1.8,0.3,1,0.16,1.2,0.18
37.0769,103.8149,"DIORITE, QUARTZ [22944]",10.6539867915198,25.8322818428766,3.58250907373167,15.9634623368259,3.91623364502321,1.044321030237,3.62467979139141,0.579125898571011,3.6456038190087,0.753795013430388,2.16252146855537,0.329544917363266,2.13939192686928,0.319707513294914
37,104,"DIORITE, QUARTZ [22944]",13.1750909474677,29.2182551825498,3.83940229641953,16.2423478984224,3.72156834688862,1.00072965859193,3.60841639380284,0.551339121189692,3.47361926793999,0.718917036049169,2.05705220019597,0.307603073295724,2.01324482645871,0.296457605387992
37,104,"DIORITE, QUARTZ [22944]",18.9468625138137,39.5371493389646,4.74505666678442,18.7428644916208,3.9233072318686,1.06042320528681,3.55594009764049,0.585200262479918,3.55152494297109,0.713577294351305,2.01029239371408,0.301368204517305,2.04363894697501,0.311358001054715
37,104,"DIORITE, QUARTZ [22944]",21.9310957449803,46.2059581375235,5.59244689777131,21.9000219778765,4.84305518863748,1.09164648794043,4.60756547180518,0.755087989296953,4.58535444782029,0.960343980812855,2.74896398904872,0.403084658131829,2.57049942266099,0.392144629356292
37,104,"DIORITE, QUARTZ [22944]",15.7472800277194,33.3840038933209,3.99583613553461,16.793731300005,3.97713021722338,1.06501996989527,4.23697267061736,0.699895135937064,4.50877036319742,0.9372247747767,2.6978674985328,0.414608375851956,2.71736524007223,0.375963773120676
37,104,"DIORITE, QUARTZ [22944]",25.6414195609862,50.6141084184613,5.402179755079,18.9609636359626,3.5624214476975,0.959549470224608,2.98745282078323,0.478235577348983,2.91277126879829,0.582485408142481,1.6699812177108,0.248186950229122,1.64043383505277,0.260220866066405
37.0765,103.8127,"DIORITE [22944]",8.67338215620735,21.8181581043412,3.27697716831081,14.9764668833206,3.6610862383498,1.12544771742362,3.18147071775419,0.455679993405662,2.61638170203343,0.535200672720619,1.49642025953049,0.229580164623445,1.53703316472893,0.24160905161411
37.074,103.807,"DIORITE [22944]",19.2010709579002,54.3329405664416,8.02313746769294,35.0694944076744,8.0735172942803,1.78844170174481,7.50433227619356,1.190176893774,7.30920643115253,1.49379535016407,4.35902821129069,0.695435312641525,4.60796154773358,0.691950881878258
37,104,"DIORITE [22944]",48.3022913248743,92.2521155108609,8.8678583813437,30.0782093350447,4.51449380137312,0.819746776048656,3.28737005677565,0.456943945506914,2.48308415018356,0.477575972911109,1.31110192469719,0.205724960549115,1.46846410816667,0.24052786493403
24,35,"DIORITE [22952]",10.7,25.8,3.53,16,3.57,1.26,3.5,0.6,3.16,0.67,1.99,0.32,2.08,0.32
35.8272,57.3514,"DIORITE [22958]",5.74,14.91,2.21,10.72,3.07,0.99,3.5,0.55,4.09,0.88,2.77,0.41,2.99,0.45
39.1,9.2,"DIORITE, QUARTZ [22966]",47,81.1,12.3,45.8,11.2,2.6,8.5,1.1,6,1.1,3.1,0.42,2.6,0.43
39.1,9.2,"DIORITE, QUARTZ [22966]",18.7,17.2,4.1,14.9,2.5,1.4,2.2,0.3,1.5,0.3,0.9,0.13,1,0.19
39.1,9.2,"DIORITE, QUARTZ [22966]",13.7,21.4,4.6,18.4,4.2,1.2,4,0.7,3.7,0.7,1.9,0.27,1.7,0.27
33.7803,95.9605,"DIORITE, QUARTZ [22971]",9.98,19.4,2.69,11,2.55,0.83,2.47,0.5,2.8,0.61,1.72,0.28,1.78,0.28
33.7803,95.9605,"DIORITE, QUARTZ [22971]",10.9,20.8,2.85,11.5,2.63,0.83,2.53,0.51,2.85,0.62,1.75,0.28,1.81,0.28
33.7803,95.9605,"DIORITE, QUARTZ [22971]",13.9,25.5,3.43,13.3,2.94,0.78,2.86,0.55,3.09,0.66,1.88,0.3,1.94,0.29
33.7803,95.9605,"DIORITE, QUARTZ [22971]",18.7,35.5,4.48,17.1,3.63,0.91,3.41,0.63,3.46,0.73,2.08,0.33,2.08,0.32
33.932,95.8838,"DIORITE, QUARTZ [22971]",23,42.4,5.5,21.1,4.29,1.02,4.04,0.71,3.92,0.8,2.26,0.35,2.21,0.33
33.932,95.8838,"DIORITE, QUARTZ [22971]",20,37.3,4.86,18.4,3.67,1.07,3.41,0.61,3.23,0.68,1.91,0.3,1.91,0.29
33.932,95.8838,"DIORITE, QUARTZ [22971]",21.9,40.9,5.44,20.9,4.3,1.07,4.03,0.7,3.87,0.8,2.24,0.35,2.23,0.33
33.932,95.8838,"DIORITE, QUARTZ [22971]",20.1,37.5,4.89,19,3.91,1,3.75,0.68,3.76,0.79,2.23,0.36,2.25,0.35
33.4482,96.526,"DIORITE, QUARTZ [22971]",18.1,34.4,4.63,18.2,3.78,1.05,3.54,0.63,3.43,0.69,1.96,0.31,1.97,0.31
33.4482,96.526,"DIORITE, QUARTZ [22971]",25.7,44.7,5.78,21.5,4.3,1.11,4.08,0.71,3.86,0.77,2.13,0.34,2.13,0.32
33.4482,96.526,"DIORITE, QUARTZ [22971]",22.5,42.9,5.73,22.5,4.74,1.19,4.52,0.8,4.37,0.88,2.49,0.38,2.37,0.36
33.4482,96.526,"DIORITE, QUARTZ [22971]",17.2,34.1,4.5,17.7,3.72,1.05,3.49,0.63,3.39,0.7,1.94,0.31,1.96,0.29
35.2,112.2,"DIORITE [22974]",12.1,35,5.34,22.9,6.02,1.23,6.51,1.27,7.72,1.54,4.07,0.57,3.58,0.51
35.2,112.2,"DIORITE [22974]",15.2,31.3,3.9,15.7,3.53,1.52,3.74,0.66,4.01,0.85,2.39,0.35,2.27,0.35
35.2,112.2,"DIORITE [22974]",6.47,14.4,1.83,7.48,1.9,0.42,2.22,0.42,2.65,0.58,1.71,0.26,1.77,0.29
35.2,112.2,"DIORITE [22974]",27,74.1,10.1,40.7,7.63,1.78,5.91,0.85,4.56,0.88,2.35,0.33,2.19,0.33
35.2,112.2,"DIORITE [22974]",3.95,8.47,1.08,4.26,1.2,0.3,1.32,0.28,1.85,0.41,1.31,0.22,1.77,0.34
30.5,97.5,"DIORITE [22990]",60.99,6.72,27.14,5.67,1.58,5.5,0.86,5.2,1.01,2.86,0.4,2.64,0.37,4.3
30.5,97.5,"DIORITE [22990]",66.12,7.1,27.62,5.84,1.68,5.77,0.95,5.87,1.18,3.42,0.5,3.39,0.51,4.76
30.5,97.5,"DIORITE [22990]",57.38,5.8,22.23,4.34,1.4,4.21,0.65,3.83,0.75,2.15,0.3,1.99,0.29,4.15
30.5,97.5,"DIORITE [22990]",64.87,6.16,22.95,4.28,1.46,4.06,0.6,3.59,0.7,2,0.27,1.79,0.27,3.34
30.5,97.5,"DIORITE [22990]",103.3,10.13,35.49,6.17,1.96,5.4,0.83,5.17,1.05,3.17,0.48,3.4,0.51,8.6
42.84434,0.16007,"DIORITE [23002]",31.9,78.7,10.3,43.1,9.1,1.9,7,1,6.1,1.2,3.3,0.5,3.2,0.5
34,110.5,"DIORITE, QUARTZ [23004]",47.6,93,10.8,39.3,6.8,2.14,6.65,0.89,4.56,0.83,2.22,0.3,1.94,0.29
34,110.5,"DIORITE, QUARTZ [23004]",45.5,73.8,11.1,43.7,7.86,2.23,7.24,1.02,5.51,1.09,3.04,0.41,2.78,0.44
34,110.5,"DIORITE, QUARTZ [23004]",45.7,89.3,10.4,38.1,6.59,1.98,6.56,0.87,4.34,0.79,2.12,0.28,1.81,0.27
33,110,"DIORITE [23006]",11.6348770710459,24.1281382539373,2.66787252849497,10.1174329245584,2.21638826928427,0.724006696500348,2.16387151229972,0.380247987106554,2.32655201381052,0.479118371085042,1.40566601150119,0.216151753060299,1.48749483821543,0.221437966144446
33,110,"DIORITE [23006]",13.4436018736253,29.2378072026526,3.78145050804068,14.9485547599906,2.95708639840922,0.88197476379423,2.91166535610363,0.477928358032511,2.75467397041327,0.537115898570103,1.6577722371226,0.23133597362899,1.63441081618277,0.257390233360091
33,110,"DIORITE [23006]",14.0544188777543,29.833405880237,3.64520181823095,14.3168960623506,3.13563745924522,0.958423337817216,3.03383353152539,0.540435946903591,3.01979416657327,0.655460342504843,1.75214685646995,0.301428721335688,1.79807887355435,0.292736327210385
33,110,"DIORITE [23006]",12.9707297933155,30.3255117226814,3.83253683798066,16.1752164025497,3.72414585346072,1.07635854041816,3.76574809128684,0.616197154184924,3.83205627788491,0.763542185777362,2.21809938904358,0.317422179242876,2.12474335012721,0.314626770816467
33,110,"DIORITE [23006]",14.2671665185598,31.7864733940883,3.75940308058406,15.3678811460562,3.31878673161013,0.976484336876835,3.2115615264107,0.54411444026628,3.29772218061848,0.653656826782898,1.95772303072076,0.282065593611546,1.92121209747824,0.294359227533844
23.9358,116.5325,"DIORITE [23006]",23.6545239841504,53.7353946537544,7.03437692723722,29.4355713713911,5.4343746050348,1.2751338687725,4.45102959115698,0.705220630642959,4.0989264218184,0.802285733767407,2.37727579841026,0.357986488916645,2.25948636839302,0.316421956047497
23.9358,116.5325,"DIORITE [23006]",23.9649548444496,56.2326049635759,7.37506482379576,31.1674465801502,5.97114883730072,1.37261121763638,4.95360641804443,0.767804283600831,4.48148934602671,0.84805951583702,2.54632927854355,0.371505139044172,2.39441382731647,0.33801558603358
23.9358,116.5325,"DIORITE [23006]",23.6,57.7,7.56,33.2,6.15,1.38,5.85,0.77,4.7,0.93,2.66,0.4,2.61,0.41
23.9358,116.5325,"DIORITE [23006]",24.7399737192881,52.4250601650303,6.37009810916294,25.8227984177038,5.05592758927675,1.27806147259471,4.34803252691087,0.69777446996597,3.97567951895848,0.790124475880419,2.34822792714207,0.328735905219766,2.33873322990455,0.340263469493069
23.9358,116.5325,"DIORITE [23006]",24.8169797471046,53.6304001135114,6.43019410808194,25.902023932638,5.21199296598028,1.31788100257049,4.33449168290942,0.702518059769283,4.14196160851589,0.812827858499767,2.40958029401114,0.342588377469119,2.31815108881785,0.342877396595301
-8,-77.3,"DIORITE, QUARTZ-HORNBLENDE-BIOTITE [23033]",33.6,68.4,7.9,30.5,7.3,1.3,5,0.8,4.8,1,3,0.4,3.1,0.4
-8,-77.3,"DIORITE, QUARTZ-HORNBLENDE-BIOTITE [23033]",35,73,8.3,33.2,7.2,1.7,5.9,0.9,5.7,1,3.8,0.4,2.9,0.5
-8,-77.3,"DIORITE, QUARTZ-HORNBLENDE-BIOTITE [23033]",31.1,64.2,7.5,28.4,6.4,1.4,5.3,0.8,6.1,1,3.1,0.4,3.2,0.3
-8,-77.3,"DIORITE, QUARTZ-HORNBLENDE [23033]",32.2,63.6,6.6,20.6,4.6,1.1,3.5,0.6,4,0.7,2.2,0.3,2.4,0.3
17.4656,-62.9638,"DIORITE, QUARTZ-HORNBLENDE [23035]",4.925,12.21,1.681,9.497,2.679,0.967,3.313,0.571,3.574,0.782,2.222,0.388,2.461,0.416
37,118,"DIORITE [23115]",25.3,54.5,7.37,28,5.81,1.82,5.24,0.73,3.56,0.64,1.69,0.24,1.43,0.21
37,118,"DIORITE [23115]",29,62,8.33,33,7.19,2.19,6.35,0.85,4.18,0.73,1.82,0.24,1.48,0.22
37,118,"DIORITE [23115]",24.5,53.7,7.58,30.1,6.44,1.94,5.71,0.78,3.85,0.68,1.7,0.24,1.48,0.22
37,118,"DIORITE [23115]",25.1,54.5,7.41,29.1,5.97,1.84,5.25,0.73,3.67,0.66,1.68,0.23,1.46,0.22
37,118,"DIORITE [23115]",21.8,47.4,6.52,25.7,5.49,1.72,5.19,0.75,3.9,0.72,1.88,0.27,1.67,0.25
40.3775,120.5758,"DIORITE [23116]",60.5,119,13.8,51.3,8.13,2.31,5.83,0.75,3.92,0.7,1.92,0.26,1.62,0.24
36,97.5,"DIORITE [23125]",34.6,64.8,7.65,30.1,5.99,1.4,6.05,0.92,5.6,1.18,3.45,0.51,3.1,0.52
36,97.5,"DIORITE [23125]",33.3,62.9,7.23,28.6,5.5,1.54,5.38,0.81,4.76,0.98,2.71,0.4,2.54,0.42
36,97.5,"DIORITE [23125]",31,62,7.3,28.5,5.52,1.59,5.26,0.8,4.65,0.93,2.8,0.41,2.57,0.43
36,97.5,"DIORITE [23125]",34.3,65.5,7.62,29.8,6.09,1.51,5.88,0.91,5.49,1.13,3.26,0.49,2.95,0.49
36,97.5,"DIORITE [23125]",23.9,53.7,6.45,26,5.06,1.53,5.08,0.77,4.8,0.92,2.67,0.39,2.5,0.4
36,97.5,"DIORITE [23125]",39.2,73.2,8.31,30.6,5.68,1.63,4.69,0.74,4.44,0.88,2.51,0.39,2.49,0.42
36,97.5,"DIORITE [23125]",44.7,84.7,9.35,34.1,5.7,1.77,4.67,0.69,3.71,0.72,1.93,0.29,1.77,0.29
36,97.5,"DIORITE [23125]",43.1,79.2,8.75,30.4,5.02,1.55,4.33,0.61,3.22,0.62,1.83,0.27,2.04,0.28
36,97.5,"DIORITE [23125]",42.2,83.8,9.8,37.8,7.06,1.85,6.6,0.97,5.83,1.12,3.32,0.51,3.26,0.52
36,97.5,"DIORITE [23125]",45.9,86.4,9.68,35.4,6.02,1.6,5.18,0.76,4.49,0.92,2.55,0.41,2.85,0.44
36,97.5,"DIORITE [23125]",37.2,73.9,8.8,33.8,6.45,1.59,5.58,0.85,4.9,1,2.81,0.44,2.83,0.44
-32.8434,135.4465,"DIORITE [23127]",41.4,86.8,11.8,46.48,7.94,1.82,5.29,0.66,3.45,0.66,1.63,0.25,1.5,0.17
-30.3768,137.3187,"DIORITE [23127]",15.8,33.1,4.63,19.6,4.25,1.38,4.52,0.73,4.62,0.97,3,0.4,2.64,0.38
-30.3768,137.3187,"DIORITE [23127]",6.73,17.7,2.53,11.1,3.31,1.05,4.41,0.77,4.69,1.06,3.23,0.45,3.08,0.44
-30.3768,137.3187,"DIORITE [23127]",10.8,26.2,3.68,15.8,3.32,1.13,3.48,0.54,3.31,0.71,2.14,0.25,1.92,0.26
-30.3768,137.3187,"DIORITE [23127]",21.9,42.4,5.44,21.8,4.69,1.51,4.72,0.7,4.21,0.86,2.6,0.35,2.36,0.35
-30.3768,137.3187,"DIORITE [23127]",24.3,47.1,6.05,23.4,4.94,1.48,4.69,0.72,4.34,0.94,2.77,0.4,2.64,0.38
-30.7043,134.5303,"DIORITE [23127]",18.8,39.5,5.49,23.31,5.4,1.68,5.35,0.88,4.67,0.96,2.38,0.4,2.3,0.35
38.397,99.3355,"DIORITE [23140]",40.1,98.1,14,58.1,10.9,2.59,8.9,1.23,6.06,1.04,2.69,0.38,2.45,0.38
38.397,99.3355,"DIORITE [23140]",57.4,110,13.6,51.6,9.42,2.29,7.79,1.06,5.11,0.91,2.37,0.34,2.19,0.34
38.397,99.3355,"DIORITE [23140]",101,178,20.6,75.1,12.9,2.86,10.5,1.39,6.82,1.15,3.06,0.44,2.77,0.41
29.42,88,"DIORITE [23226]",6.87,16.33,2.39,11.85,3.17,1.18,3.14,0.49,2.86,0.56,1.44,0.2,1.19,0.18
29.42,88,"DIORITE [23226]",7.76,17.78,2.64,12.67,3.35,1.24,3.29,0.53,3.04,0.6,1.56,0.21,1.34,0.2
29.42,88,"DIORITE [23226]",7.23,16.75,2.16,12.27,3.34,1.24,3.32,0.53,3.08,0.6,1.56,0.21,1.28,0.2
29.42,88,"DIORITE [23226]",7.18,17.36,2.65,13.34,3.71,1.3,3.79,0.6,3.52,0.68,1.78,0.24,1.45,0.22
29.42,88,"DIORITE [23226]",6.08,14.6,2.28,11.71,3.36,1.22,3.38,0.53,3.11,0.6,1.54,0.21,1.23,0.18
29.42,88,"DIORITE [23226]",6.49,15.62,2.39,12.16,3.46,1.26,3.48,0.53,3.13,0.6,1.55,0.21,1.24,0.18
29.42,88,"DIORITE [23226]",8.78,20.32,2.95,13.55,3.45,1.21,3.46,0.53,3.15,0.62,1.59,0.22,1.31,0.2
29.42,88,"DIORITE [23226]",7.1,16.12,2.24,10.29,2.45,1.11,3.06,0.48,2.88,0.56,1.44,0.2,1.23,0.18
29.42,88,"DIORITE [23226]",7.64,16.77,2.3,10.36,2.46,1.15,3.23,0.52,3.05,0.6,1.52,0.2,1.23,0.18
29.42,88,"DIORITE [23226]",7.11,15.87,2.27,10.42,2.56,0.95,2.5,0.39,2.26,0.46,1.18,0.16,1.06,0.16
29.42,88,"DIORITE [23226]",8.04,17.84,2.53,11.95,3.07,0.92,2.34,0.35,2.08,0.41,1.07,0.15,0.95,0.14
29.42,88,"DIORITE [23226]",5.5,13.16,2.04,10.34,3.07,0.92,2.38,0.37,2.13,0.42,1.12,0.16,1.01,0.15
29.42,88,"DIORITE [23226]",7.08,16.06,2.27,10.32,2.57,1.4,3.99,0.62,3.5,0.66,1.67,0.21,1.28,0.19
29.42,88,"DIORITE [23226]",7.67,19.01,2.93,14.9,4.02,0.94,2.51,0.39,2.29,0.46,1.2,0.17,1.08,0.16
-11.1477,-77.21297,"DIORITE [23254]",11.1,24.3,3.42,13.8,3.3,1.03,3.29,0.51,2.88,0.6,1.67,0.25,1.6,0.025
31.7766,101.7499,"DIORITE [23262]",12.4,27.2,3.94,19.6,5.67,1.94,4.76,0.71,3.33,0.53,1.34,0.17,1.1,0.15
40.2278,105.5117,"DIORITE [23266]",24,68.7,8.96,37.2,7.07,1.55,6.25,0.98,5.43,1.12,3.43,0.51,3.52,0.53
40.2278,105.5117,"DIORITE [23266]",35.2,79.8,9.68,38,6.71,1.86,5.31,0.83,4.33,0.83,2.4,0.35,2.03,0.33
40.2278,105.5117,"DIORITE [23266]",34.7,80.3,9.73,39.3,6.49,1.72,5.36,0.8,4.32,0.8,2.32,0.35,2.09,0.34
40.2278,105.5117,"DIORITE [23266]",31.4,74.1,9.96,42.2,7.92,2.01,6.8,0.78,5.37,0.87,2.43,0.33,2.22,0.32
35.65,99.12,"DIORITE [23276]",20.82,46.48,5.36,20.32,4.178,1.181,3.761,0.5332,2.935,0.5909,1.635,0.2219,1.403,0.2135
35.65,99.12,"DIORITE [23276]",19.49,43.97,5.13,19.35,3.967,1.139,3.771,0.5354,2.957,0.5742,1.611,0.2243,1.426,0.2049
35.65,99.12,"DIORITE [23276]",20.17,45.3,5.249,20.05,4.135,1.177,3.799,0.5449,2.971,0.582,1.607,0.2208,1.435,0.2063
35.65,99.12,"DIORITE [23276]",22.09,48.2,5.596,21.38,4.377,1.272,4.122,0.5835,3.251,0.6361,1.763,0.2477,1.51,0.2245
36.15,96.05,"DIORITE [23276]",4.155,9.816,1.413,6.401,1.949,0.7847,2.77,0.5697,3.368,0.8211,2.316,0.3398,2.289,0.338
36.15,96.05,"DIORITE [23276]",3.44,8.938,1.426,6.776,1.906,0.8054,2.254,0.4242,2.232,0.5325,1.372,0.1912,1.321,0.1901
36.15,96.05,"DIORITE [23276]",3.943,8.924,1.289,5.962,1.94,0.7973,2.769,0.5858,3.527,0.8519,2.38,0.3326,2.299,0.3296
36.15,96.05,"DIORITE [23276]",6.049,16.62,2.37,10.96,2.888,1.026,3.283,0.6106,3.354,0.7498,2.046,0.29,1.847,0.261
36.15,96.05,"DIORITE [23276]",9.603,23.4,3.196,13.81,3.263,1.19,3.633,0.6462,3.61,0.816,2.208,0.3049,1.972,0.2742
36.15,96.05,"DIORITE [23276]",6.115,13.83,1.933,8.433,2.443,0.9811,3.285,0.6352,3.905,0.9251,2.639,0.3866,2.52,0.3683
36.15,96.05,"DIORITE [23276]",19.1,38.84,4.684,17.93,3.771,1.104,3.591,0.5917,3.039,0.6749,1.811,0.2496,1.706,0.2556
36.15,96.05,"DIORITE [23276]",26.18,52.67,5.979,21.26,4.138,1.164,3.925,0.6309,3.263,0.7183,1.915,0.2777,1.869,0.275
36.15,96.05,"DIORITE [23276]",19.02,39.89,4.855,18.55,3.98,1.109,3.833,0.6486,3.37,0.7482,1.985,0.2825,1.926,0.2805
36.15,96.05,"DIORITE [23276]",26.28,49.98,5.619,20.41,3.791,1.006,3.265,0.4229,2.304,0.4427,1.2,0.1684,1.073,0.1702
36.15,96.05,"DIORITE [23276]",21.91,43.63,5.039,18.95,3.665,1.058,3.254,0.4342,2.347,0.4546,1.283,0.1816,1.151,0.1775
36.15,96.05,"DIORITE [23276]",24.96,50.01,5.763,21.79,4.151,1.188,3.592,0.4822,2.636,0.5168,1.401,0.2069,1.272,0.1937
36.15,96.05,"DIORITE [23276]",23.15,46.05,5.337,20.33,3.89,1.102,3.389,0.4612,2.51,0.4893,1.369,0.2003,1.227,0.1819
36.15,96.05,"DIORITE [23276]",24.82,48.49,5.557,21.08,4.06,1.163,3.451,0.4703,2.538,0.5014,1.367,0.1971,1.228,0.1853
39.2867,-120.4722,"DIORITE [23289]",7.09,16.3,2.28,10.6,2.62,0.96,2.56,0.34,2.21,0.43,1.1,0.14,0.99,0.14
39.2867,-120.4722,"DIORITE [23289]",6.8,17.1,2.38,11.68,2.96,0.93,3.06,0.45,2.74,0.55,1.51,0.2,1.35,0.19
39.2867,-120.4722,"DIORITE [23289]",10.94,24.2,3.02,14.37,2.7,0.83,2.77,0.39,2.27,0.46,1.21,0.18,1.12,0.18
39.2867,-120.4722,"DIORITE [23289]",11.35,22.5,2.93,12.83,2.64,1.13,2.75,0.38,2.62,0.5,1.31,0.18,1.17,0.17
39.2867,-120.4722,"DIORITE [23289]",6.71,14.7,1.88,9.16,2.06,0.93,1.92,0.3,1.8,0.31,0.92,0.12,0.82,0.12
39.2867,-120.4722,"DIORITE [23289]",10.05,20.5,2.67,12.38,2.63,1.13,2.49,0.36,2.35,0.41,1.09,0.16,1.03,0.16
39.2822,-120.4744,"DIORITE [23289]",9.48,20.2,2.68,12.26,2.76,1.28,2.83,0.35,2.29,0.46,1.24,0.18,1.03,0.16
39.2822,-120.4744,"DIORITE [23289]",10.17,19.7,2.26,9.41,1.86,0.96,1.49,0.22,1.46,0.28,0.77,0.11,0.8,0.11
39.2822,-120.4744,"DIORITE [23289]",10.58,21.2,2.75,11.84,2.48,1.07,2.38,0.36,1.96,0.42,1.16,0.15,1.02,0.15
39.2822,-120.4744,"DIORITE [23289]",11.62,24.9,3.17,13.91,2.95,0.96,2.93,0.43,2.89,0.55,1.51,0.23,1.5,0.21
39.2822,-120.4744,"DIORITE [23289]",13.06,26.4,3.24,14.01,2.76,1.16,2.72,0.34,2.28,0.44,1.15,0.18,1.19,0.19
39.2867,-120.4722,"DIORITE [23289]",9.13,21.6,3.02,14.34,3.35,0.94,3.13,0.43,2.7,0.53,1.47,0.2,1.33,0.2
39.2867,-120.4722,"DIORITE [23289]",9.54,19.6,2.47,11.12,2.23,0.78,2.12,0.3,1.76,0.34,0.91,0.13,0.93,0.12
39.2867,-120.4722,"DIORITE [23289]",12.05,24.8,3.08,13.28,2.83,1,2.55,0.37,2.3,0.46,1.25,0.18,1.14,0.18
39.2867,-120.4722,"DIORITE [23289]",8.93,22.5,3.43,16.62,4.25,1.23,4.35,0.65,3.98,0.75,2.04,0.29,1.83,0.26
39.2867,-120.4722,"DIORITE [23289]",6.28,14.4,2.06,9.89,2.44,0.9,2.47,0.32,2.02,0.36,0.97,0.14,0.84,0.12
39.2867,-120.4722,"DIORITE [23289]",9.24,19.7,2.62,11.42,2.47,1.1,2.31,0.32,2.03,0.39,1.02,0.15,0.9,0.15
39.2867,-120.4722,"DIORITE [23289]",10.84,22.8,2.89,12.64,2.75,0.98,2.65,0.38,2.41,0.49,1.34,0.19,1.34,0.19
39.2867,-120.4722,"DIORITE [23289]",6.15,12,1.51,6.34,1.49,0.65,1.42,0.22,1.41,0.28,0.77,0.13,0.82,0.13
39.2822,-120.4744,"DIORITE [23289]",12.21,25.5,3.18,13.84,2.87,1.1,2.73,0.41,2.57,0.49,1.35,0.19,1.28,0.18
39.2822,-120.4744,"DIORITE [23289]",8.76,19.45,2.51,11.26,2.26,0.84,1.96,0.27,1.58,0.31,0.88,0.13,0.86,0.13
39.2822,-120.4744,"DIORITE [23289]",9.32,19.22,2.37,10.68,2.15,0.98,1.99,0.28,1.7,0.35,0.91,0.12,0.82,0.12
39.2822,-120.4744,"DIORITE [23289]",6.35,13.73,1.83,8.35,1.94,0.67,2,0.31,1.83,0.36,1.06,0.16,0.93,0.14
39.2822,-120.4744,"DIORITE [23289]",8.35,17.1,2.1,9.11,1.95,0.66,2,0.28,1.88,0.37,1.07,0.15,0.99,0.15
39.2822,-120.4744,"DIORITE [23289]",5.4,13.11,1.74,8.36,2.26,0.7,2.14,0.33,2.24,0.45,1.21,0.18,1.16,0.15
39.2822,-120.4744,"DIORITE [23289]",5.34,11.89,1.6,7.14,1.71,0.58,1.76,0.26,1.64,0.35,0.87,0.13,0.83,0.12
39.2822,-120.4744,"DIORITE [23289]",8.93,21.03,2.93,13.57,3.26,0.93,3.41,0.5,3.1,0.58,1.59,0.21,1.39,0.18
29.62,91.6,"DIORITE, QUARTZ [23291]",38.4,80.7,9.6,38.3,6.8,1.42,4.07,0.45,2.11,0.37,1.02,0.13,0.85,0.12
29.62,91.6,"DIORITE, QUARTZ [23291]",36.15,78.3,9.45,39,6.96,1.41,4.23,0.45,2.21,0.39,1.03,0.14,0.86,0.13
29.62,91.6,"DIORITE, QUARTZ [23291]",38.9,84.4,10.3,42.601,7.259,1.55,4.61,0.49,2.39,0.42,1.08,0.14,0.93,0.14
29.62,91.6,"DIORITE, QUARTZ [23291]",41,89,10.7,41.305,7.527,1.6,4.72,0.5,2.52,0.4,1.13,0.15,0.92,0.14
29.62,91.6,"DIORITE, QUARTZ [23291]",36.7,78.6,9.37,37.4,6.74,1.37,4.19,0.44,2.22,0.37,1.01,0.13,0.8,0.13
29.62,91.6,"DIORITE, QUARTZ [23291]",39.7,85,10.1,41.3,7.17,1.52,4.33,0.49,2.29,0.4,1.1,0.14,0.9,0.13
29.62,91.6,"DIORITE, QUARTZ [23291]",37.5,81.1,9.56,37.572,6.87,1.43,4.2,0.45,2.17,0.38,1.06,0.13,0.86,0.12
29.62,91.6,"DIORITE, QUARTZ [23291]",44.4,95.3,11.5,46.9,8.36,1.65,4.52,0.7,2.65,0.49,1.31,0.15,1.03,0.17
39.9942,141.749,"DIORITE [23299]",14,32.9,3.8,16.6,3.8,1.23,3.71,0.56,3.36,0.71,1.91,0.28,1.81,0.28
40,142,"DIORITE [23299]",22.9,53.4,7,33,7.6,2.04,6.71,0.88,4.49,0.85,2.06,0.27,1.62,0.23
40,142,"DIORITE, QUARTZ [23299]",33.5,64,6.5,23.8,4.1,1.12,3.68,0.49,2.79,0.59,1.66,0.26,1.73,0.27
39,141,"DIORITE [23299]",45.4,87.2,10.9,42.1,8.6,1.42,8.03,1.23,7.31,1.55,4.2,0.61,3.64,0.53
39.5,141.5,"DIORITE, QUARTZ [23299]",11.3,26.4,3,13,2.9,0.88,2.78,0.43,2.57,0.56,1.55,0.24,1.58,0.24
40,142,"DIORITE, QUARTZ [23299]",20.76,40.77,5.17,20.23,4.06,1.25,3.68,0.5,2.79,0.55,1.42,0.21,1.32,0.2
39.5,141.5,"DIORITE [23299]",14.38,30.43,4.22,17.9,4.35,1.44,4.38,0.65,3.64,0.75,1.96,0.28,1.79,0.26
37.1003,140.6086,"DIORITE, QUARTZ [23299]",16.42,28.11,3.31,12.18,2.75,0.91,3.26,0.52,3.1,0.66,1.76,0.27,1.79,0.27
35.0125,103.5106,"DIORITE, QUARTZ [23301]",25,48.6,5.4,20.9,3.99,1.08,3.42,0.5,2.87,0.53,1.52,0.21,1.36,0.2
34.9561,103.5706,"DIORITE, QUARTZ [23301]",22.4,45.5,5.28,21.3,4.23,1.06,3.88,0.58,3.36,0.64,1.83,0.27,1.65,0.24
34.9556,103.6125,"DIORITE, QUARTZ [23301]",19.4,42.2,5.07,19.9,4,1.23,3.85,0.59,3.34,0.6,1.71,0.26,1.51,0.22
34.9564,103.6092,"DIORITE, QUARTZ [23301]",25.2,52.1,5.74,21.3,4.25,0.99,3.98,0.59,3.44,0.66,1.87,0.27,1.75,0.25
34.9564,103.6003,"DIORITE, QUARTZ [23301]",21.7,43.5,5.04,19.2,4.11,1.02,3.57,0.55,3.18,0.59,1.64,0.26,1.51,0.21
-30.7167305555556,-67.5848611111111,"DIORITE, HORNBLENDE [23308]",5.24043508207567,12.9737173110786,1.86838016314101,8.79311963689379,2.69578605063242,0.955755820942848,3.43978542954178,0.639094122204889,4.34089362469943,0.914271315195034,2.51555536229946,0.372218862590331,2.35091912330022,0.369667085683282
-30.3587833333333,-67.7436833333333,"DIORITE, HORNBLENDE [23308]",9.70970433101156,22.1726114428616,2.88186634375961,12.1070068474661,3.06520136779351,0.895885128755654,3.13948488519328,0.530247395972819,3.18746532175469,0.669506786472976,1.84921884685845,0.258091919364173,1.6882124851378,0.269946391407667
-30.642723,-67.627761,"DIORITE [23308]",1.21921140976568,2.79560992058339,0.387460845012488,1.79939925819252,0.546337881131432,0.222570995413352,0.6172755722489,0.105883579997293,0.649197307491881,0.135307991941243,0.357453286762939,0.0495606012562103,0.315262742311571,0.0482238176890436
-30.559301,-67.704529,"DIORITE [23308]",1.32960501330719,3.09935936232371,0.425730532828199,1.89703062177257,0.510993629209888,0.258076890350216,0.627340454485166,0.10277527336461,0.66543911503455,0.139291787083078,0.368726722591307,0.051653593306371,0.314204721885637,0.04876143566872
-30.559745,-67.698247,"DIORITE [23308]",16.6074796775291,50.8351780933898,8.30123480455794,41.0336018765367,12.0019528176879,2.12216648481336,12.6658201632995,2.21567042556652,13.6072407713724,2.79302569066347,7.42083880875774,1.02567832124482,5.98957951172945,0.84791220756402
-30.667938,-67.689794,"DIORITE, HORNBLENDE [23308]",10.6397967715442,19.5629885677057,2.25743976349472,9.06585335294405,1.69527667546499,1.17859301251991,1.56497156738963,0.233742740635755,1.4503100125876,0.317966701820877,0.932139794564145,0.149066620039874,1.09951265527447,0.187785432254373
-30.569108,-67.65173,"DIORITE, QUARTZ [23308]",13.4969994407162,30.5671715067108,4.03396994380987,17.485479742654,4.16306712721891,1.46066465077563,4.20897727193136,0.683294566990587,4.25050880272099,0.877952852815398,2.39741367098893,0.3298832551957,2.10197675518372,0.325263062692874
-30.59086,-67.63192,"DIORITE [23308]",9.29413138345821,20.7136006183173,2.59942290276623,10.6052184469042,2.62694821399513,0.995134832298884,2.70699816920717,0.489538278071733,3.12741677738771,0.664559865690719,1.80739208454641,0.267691070147968,1.68530950208182,0.274532957039486
29.39,88.35,"DIORITE [23319]",23.6,47.5,5.8,22.9,5.09,1.53,4.71,0.75,4.15,0.83,2.32,0.36,2.17,0.33
29.38,88.41,"DIORITE [23319]",15.3,29.5,3.39,13.3,2.72,1,2.85,0.46,2.69,0.57,1.7,0.26,1.69,0.29
46.3146,11.5957,"DIORITE [23341]",29.2,60.2,7.47,31.1,6.7,1.88,5.6,0.8,4.5,0.9,2.4,0.34,2,0.34
39.2822,-120.4744,"DIORITE [23367]",1.42,2.71,0.32,1.18,0.3,0.22,0.25,0.04,0.25,0.05,0.15,0.03,0.18,0.03
39.2867,-120.4722,"DIORITE [23367]",3.41,8.28,1.21,5.97,1.68,0.65,1.87,0.28,1.73,0.35,0.98,0.14,0.87,0.13
39.2867,-120.4722,"DIORITE [23367]",3.94,9.24,1.4,7.29,2.16,0.73,2.57,0.38,2.54,0.5,1.28,0.19,1.27,0.16
39.2867,-120.4722,"DIORITE [23367]",2.65,5.52,0.7,3.36,0.91,0.46,0.86,0.13,0.84,0.18,0.47,0.07,0.5,0.06
-38,145.5,"DIORITE [23375]",37.6391231028668,79.5671435163821,8.902,29.6853625170999,6.03056169322014,1.7877979568672,5.64090480678605,0.970348432055749,5.43077258838935,1.20308219178082,3.1663168171833,0.492176442836924,3.095,0.4691
-38,145.5,"DIORITE [23375]",29.5952782462057,61.94993077988,6.967,23.4108527131783,4.92534015583207,1.50896708286039,4.54005655042413,0.780940766550523,4.39160483049614,0.967191780821918,2.55386868440322,0.393434502280233,2.501,0.3741
-38,145.5,"DIORITE [23375]",42.8802698145025,88.1504383940932,9.632,31.8467852257182,6.39674380741947,2.0994324631101,6.01979264844486,1.01205574912892,5.65693292594209,1.23595890410959,3.26238711252136,0.48818996697594,3.07,0.4617
-38,145.5,"DIORITE [23375]",31.215,63.015,7.06,27.9,5.73,1.825,5.225,0.853,5.1,1.1,2.95,0.4215,3.03,0.454
-38,145.5,"DIORITE [23375]",34.7874880878973,70.6975649677237,7.85484173275526,28.6682676221875,5.86082970115561,1.49427555146965,5.58882742302924,0.930575517879937,5.67776552193526,1.25284010034899,3.39853565537776,0.474805973593961,3.21628612438441,0.486413070866486
-38,145.5,"DIORITE [23375]",36.1315345699831,75.6832025842178,8.224,27.5604195166439,5.50322130480288,1.76657207718502,5.17624882186616,0.882752613240418,4.88389349628983,1.06746575342466,2.79204295826214,0.425326309168108,2.689,0.4009
-38,145.5,"DIORITE [23375]",42.125,80.425,8.565,32.07,6.47,1.895,6.03,0.878,5.435,1.201,3.33,0.485,3.185,0.4855
-38,145.5,"DIORITE [23375]",31.215,63.015,7.06,27.9,5.73,1.825,5.225,0.853,5.1,1.1,2.95,0.4215,3.03,0.454
-38,145.5,"DIORITE [23375]",42.54,85.915,9.56,35.63,6.76,1.97,6.605,1.0105,6.05,1.1885,3.615,0.5105,3.59,0.541
-38,145.5,"DIORITE [23375]",41.01,79.09,8.725,33.04,6.15,1.85,6.015,0.9295,5.765,1.168,3.17,0.4875,3.365,0.4875
-38,145.5,"DIORITE [23375]",39.425,76.955,8.225,31.095,5.75,1.805,5.615,0.8875,5.42,1.111,3,0.4555,3.175,0.43
-38,145.5,"DIORITE [23375]",40.575,77.515,8.365,31.61,5.84,1.8205,5.51,0.9095,5.225,1.024,3.15,0.4935,3.185,0.4765
-38,145.5,"DIORITE [23375]",40.185,78.42,8.625,32.11,5.875,1.645,5.97,0.9195,5.96,1.1735,3.495,0.534,3.71,0.5535
-38,145.5,"DIORITE [23375]",35.795,70.775,8.02,30.81,5.99,1.671,6.04,0.9075,5.78,1.137,3.3,0.4605,3.325,0.4825
-38,145.5,"DIORITE [23375]",39.95,77.655,8.385,30.88,5.815,1.7865,5.765,0.889,5.57,1.091,3.35,0.471,3.32,0.504
-38,145.5,"DIORITE [23375]",33.23,67.33,7.535,28.675,6.175,1.7325,5.605,0.891,5.65,1.1045,3.34,0.504,3.25,0.51
-38,145.5,"DIORITE [23375]",38.96,76.755,8.465,31.85,6.25,1.873,5.945,0.8735,5.29,1.107,3.14,0.4505,3.065,0.4735
33.2336,111.4806,"DIORITE, QUARTZ [23397]",16.6,35.1,4.06,16.8,3.49,1.23,3.21,0.45,2.68,0.53,1.47,0.21,1.5,0.23
33.3706,111.1061,"DIORITE, QUARTZ [23397]",14.1,29.3,3.42,13.12,2.56,0.79,2.49,0.38,2.37,0.47,1.39,0.22,1.46,0.22
36,46,"DIORITE [23421]",8.81,16.6,1.93,7.42,1.63,0.558,1.87,0.3,1.74,0.391,1.25,0.149,1.17,0.175
41.2,91.5,"DIORITE [23449]",34.9,70.6,8.76,34.5,7.08,2.07,6.6,1.02,6,1.22,3.32,0.47,2.94,0.45
41.2,91.5,"DIORITE [23449]",37.3,74.7,9.31,36.3,7.47,2.11,6.86,1.06,6.22,1.27,3.45,0.48,3.06,0.47
41.2,91.5,"DIORITE [23449]",43.8,93,11.19,44.2,8.9,2.18,8.24,1.27,7.48,1.53,4.21,0.6,3.88,0.58
41.2,91.5,"DIORITE [23449]",34.1,67.6,8.52,34,7,2.11,6.43,1.03,5.97,1.22,3.29,0.45,2.82,0.43
19,109.5,"DIORITE [23453]",31.9,53.3,6.59,26,4.8,1.24,4.32,0.59,2.92,0.52,1.48,0.19,1.2,0.18
35.9,126.3,"DIORITE [23472]",9.5,22.2,3,13.1,3.2,1,3.1,0.5,2.8,0.5,1.4,0.2,1.3,0.2
35.9,126.3,"DIORITE [23472]",10.9,24.9,3.3,14.9,3.3,0.9,2.9,0.4,2.4,0.5,1.4,0.2,1.3,0.2
6,-2,"DIORITE [23474]",12,26.3,3.01,11.3,2.35,0.53,1.51,0.16,0.65,0.09,0.2,0.03,0.17,0.03
6,-2,"DIORITE, QUARTZ [23474]",9.1,25.8,4.51,22.2,5.23,1.31,4.68,0.64,3.57,0.68,1.82,0.24,1.53,0.22
6,-2,"DIORITE, QUARTZ [23474]",27.1,61.2,6.14,23.7,4.81,0.95,5.01,0.88,6.08,1.33,4.15,0.64,4.23,0.66
6,-2,"DIORITE, QUARTZ [23474]",15.4,21.6,2.66,8.8,1.08,0.45,0.66,0.07,0.33,0.06,0.17,0.02,0.16,0.03
6,-2,"DIORITE [23474]",8.9,18.35,2.53,10.3,2.24,0.67,1.71,0.22,1.16,0.21,0.56,0.08,0.48,0.07
48.2923,130.7405,"DIORITE [23482]",49.5,118,16.9,72.3,15.4,3.19,13.9,2.47,11.7,2.47,6.55,1.07,6.65,0.826
48.2923,130.7405,"DIORITE [23482]",47.8,116,16.7,73.5,15.6,2.86,13.7,2.54,12.6,2.36,6.65,0.999,6.42,0.751
48.2923,130.7405,"DIORITE [23482]",40.6,88.5,11.8,50.9,10.3,2.66,8.57,1.65,8.62,1.63,4.59,0.785,4.75,0.65
48.2923,130.7405,"DIORITE [23482]",48.2,124,18.2,80.9,17.2,2.92,14.6,2.92,14.1,2.73,7.6,1.06,6.9,0.873
48.2923,130.7405,"DIORITE [23482]",47.3,116,17.2,74.1,15.4,2.91,14.4,2.45,12.6,2.4,6.66,1.14,7.08,0.827
48.2923,130.7405,"DIORITE [23482]",37.2,77.5,10.1,42.3,7.93,2.54,7.01,1.13,5.49,1.22,3.09,0.538,3.43,0.489
48.2923,130.7405,"DIORITE [23482]",45.4,110,15.8,69,14.5,3.03,12.8,2.54,10.7,2.25,5.81,0.979,5.99,0.851
48.2923,130.7405,"DIORITE [23482]",42.5,86.4,11.3,47.5,9.48,2.44,8.21,1.34,6.89,1.37,3.74,0.546,3.55,0.494
48.2923,130.7405,"DIORITE [23482]",48.7,102,13.5,58.2,11.6,2.58,10.5,1.81,8.75,1.67,4.6,0.665,4.46,0.579
48.2923,130.7405,"DIORITE [23482]",46.9,99.7,13.6,59,11.7,2.47,10.3,1.83,8.77,1.58,4.49,0.669,4.12,0.608
48.2923,130.7405,"DIORITE [23482]",45.2,95.2,12.7,53.9,10.8,2.27,9.67,1.7,7.99,1.61,4.24,0.673,4.34,0.576
33.5,108,"DIORITE [23486]",28.6,53.8,6.23,24.4,4.44,1.27,4.34,0.54,2.78,0.58,1.61,0.22,1.37,0.21
33.5,108,"DIORITE [23486]",35.1,65,7.56,28.9,5,1.57,4.86,0.59,3.04,0.63,1.74,0.24,1.54,0.24
33.5,108,"DIORITE [23486]",37.4,68.6,8.12,31.7,5.68,1.63,5.63,0.68,3.53,0.73,2,0.27,1.76,0.27
33.5,108,"DIORITE [23486]",36.9,71.4,9.22,37.6,7.21,2.07,7.06,0.9,4.59,0.95,2.58,0.35,2.2,0.33
33.5,108,"DIORITE [23486]",28.2,53,6.38,26.2,5.03,1.62,4.93,0.62,3.19,0.65,1.78,0.24,1.54,0.23
33.5,108,"DIORITE [23486]",37.7,69.5,8.26,32.1,5.82,1.85,5.66,0.69,3.47,0.72,1.94,0.27,1.7,0.26
33.5,108,"DIORITE [23486]",29.5,55.1,6.58,26.2,4.82,1.63,4.66,0.58,2.99,0.62,1.69,0.23,1.44,0.22
33.5,108,"DIORITE [23486]",32.1,59.7,6.74,25.3,4.42,1.36,4.29,0.52,2.69,0.56,1.58,0.22,1.46,0.23
33.5,108,"DIORITE [23486]",37.8,69.2,8.08,30.7,5.4,1.47,5.2,0.64,3.32,0.69,1.92,0.27,1.73,0.26
33.5,108,"DIORITE [23486]",24.2,46.3,5.48,21.3,3.71,1.38,3.52,0.41,2.06,0.41,1.11,0.14,0.92,0.13
33.5,108,"DIORITE [23486]",25.4,49.8,5.42,20.1,3.29,1.13,3.19,0.36,1.79,0.35,0.98,0.13,0.86,0.13
33.5,108,"DIORITE [23486]",23.7,52.1,6.11,23.3,4.26,1.06,4.03,0.51,2.62,0.52,1.39,0.19,1.17,0.17
33.5,108,"DIORITE [23486]",31.8,58.4,6.52,24.8,4.37,1.25,4.29,0.5,2.5,0.48,1.31,0.17,1.12,0.17
33.5,108,"DIORITE [23486]",35.1,77.4,9.59,36.4,6.3,1.64,5.94,0.7,3.42,0.67,1.81,0.24,1.51,0.22
42.1833,129.1558,"DIORITE, QUARTZ [23494]",31.705,73.6,8.7,32,5.5,1.30144,4.866,0.71,3.11,0.56,1.638,0.23,1.63,0.24
42.9694,130.0525,"DIORITE, QUARTZ [23494]",23.885,43.725,6.93,28.7,6.08,1.71872,5.3286,0.89,4.62,0.91,2.493,0.37,2.44,0.35
23.6,95.5,"DIORITE [23498]",24.148177496038,60.7171156893819,7.236529318542,28.0705229793978,4.73058637083994,1.39876187296607,4.39580031695721,0.562599049128368,2.93185419968304,0.590332805071315,1.7135499207607,0.247622820919176,1.6283676703645,0.253565768621236
23.6,95.5,"DIORITE [23498]",18.6246305418719,44.1970443349754,5.6807881773399,24.3349753694581,4.94384236453202,1.33394186525884,4.83349753694581,0.719211822660099,4.09064039408867,0.847290640394089,2.47093596059113,0.354679802955665,2.29556650246305,0.336945812807882
23.6,95.5,"DIORITE [23498]",18.1212841854935,35.8501783590963,3.58501783590963,13.5770907649623,2.47720967102656,0.778281695490969,2.45541022592152,0.317082837891399,1.70630202140309,0.344827586206897,1.02259215219976,0.150614347998415,1.02853745541023,0.160523186682521
23.6,95.5,"DIORITE [23498]",15.3065708008788,33.1136409027362,3.67884961054524,14.869183143599,3.04174156181346,1.09496580624652,2.9139205112842,0.381465947673257,1.90932694228081,0.347513481126423,0.938685839824246,0.129818254443779,0.85080886758538,0.129818254443779
8.3853,-77.2947,"DIORITE [23505]",8.00824,16.12516,2.40068,10.67174,2.54731,0.8178,2.50647,0.40868,2.48531,0.52693,1.58334,0.25387,1.70331,0.2759
8.3881,-77.2878,"DIORITE [23505]",5.84332,12.54957,1.96839,9.10322,2.21065,0.73836,2.33054,0.39118,2.36712,0.50795,1.52307,0.24743,1.64031,0.25555
6.4,-76.3275,"DIORITE, HORNBLENDE [23505]",14.435,32.41,4.993,22.601,5.314,1.49,5.014,0.791,4.613,0.94,2.735,0.431,2.742,0.426
39,39,"DIORITE [23529]",13.2,22.4,2.55,9.3,2.05,0.65,2.12,0.38,2.14,0.46,1.28,0.18,1.32,0.21
39,39,"DIORITE [23529]",12.5,22.9,2.8,11.9,2.65,0.82,2.92,0.49,2.9,0.54,1.62,0.26,1.67,0.24
39,39,"DIORITE [23529]",4.5,8.9,1.21,6.2,1.61,0.55,2.09,0.4,2.79,0.67,1.85,0.3,1.89,0.3
39,39,"DIORITE [23529]",0.8,1.4,0.22,1.2,0.39,0.27,0.69,0.13,0.93,0.19,0.54,0.07,0.52,0.07
39,39,"DIORITE [23529]",1.3,3.7,0.65,3.686,1.42,0.564,2.22,0.392,2.67,0.566,1.65,0.2521,1.56,0.233
39,39,"DIORITE [23529]",1.1,2.7,0.47,3.2,1.05,0.5,1.69,0.32,2.08,0.47,1.3,0.19,1.27,0.19
39,39,"DIORITE, QUARTZ [23529]",12.1,19.8,2.12,7.892,1.58,0.678,1.5,0.239,1.47,0.313,0.96,0.153,1.04,0.178
39,39,"DIORITE, QUARTZ [23529]",12,17.5,1.71,5.7,1.12,0.61,1.17,0.19,1.03,0.28,0.69,0.12,0.91,0.18
39,39,"DIORITE, QUARTZ [23529]",2.9,7.1,1.15,6.5,2.2,0.77,3.01,0.57,3.61,0.85,2.44,0.36,2.6,0.43
41.8422,91.3558,"DIORITE [23538]",5.82,13.2,1.68,7.6,1.85,0.64,1.82,0.25,1.46,0.3,0.84,0.13,0.81,0.12
41.8422,91.3558,"DIORITE [23538]",5.34,12.1,1.59,7.17,1.81,0.6,1.74,0.23,1.4,0.28,0.78,0.11,0.79,0.11
41.8422,91.3558,"DIORITE [23538]",5.67,12.7,1.62,7.08,1.76,0.66,1.8,0.25,1.41,0.3,0.8,0.14,0.8,0.14
32.5,80.85,"DIORITE [23541]",27.9,54.2,5.93,21.7,3.7,1.04,3.2,0.45,2.42,0.48,1.25,0.18,1.14,0.18
32.5,80.85,"DIORITE [23541]",23,48.4,5.63,21.1,3.76,1.08,3.21,0.46,2.51,0.5,1.3,0.19,1.16,0.18
32.5,80.85,"DIORITE [23541]",26.4,51.1,5.48,19.9,3.51,1.04,3.24,0.46,2.4,0.48,1.25,0.18,1.18,0.18
32.5,80.85,"DIORITE [23541]",24.8,51.9,5.75,20.8,3.59,1.07,3.31,0.46,2.39,0.47,1.26,0.18,1.17,0.18
32.5,80.85,"DIORITE [23541]",32,60.8,6.2,21.4,3.5,1.07,3.02,0.46,2.34,0.46,1.26,0.19,1.2,0.18
32.5,80.85,"DIORITE [23541]",26.8,51.4,5.52,20.5,3.5,0.98,3.06,0.43,2.33,0.46,1.23,0.18,1.14,0.18
29,94,"DIORITE [23542]",13.4,28.5,3.49,15.44,3.4,1.04,3.29,0.5,2.92,0.58,1.63,0.24,1.51,0.24
29,94,"DIORITE [23542]",14.4,31,3.76,16.33,3.55,0.95,3.32,0.5,2.99,0.59,1.68,0.25,1.56,0.24
29,94,"DIORITE [23542]",14,31,3.71,15.97,3.4,1,3.17,0.48,2.82,0.56,1.59,0.23,1.5,0.22
29,94,"DIORITE [23542]",14,29,3.56,15.46,3.34,1.02,3.15,0.48,2.89,0.59,1.68,0.25,1.62,0.24
29,94,"DIORITE [23542]",14,29,3.53,15.15,3.26,0.97,3.06,0.47,2.77,0.56,1.61,0.24,1.54,0.23
29,94,"DIORITE [23542]",14.8,34,4.22,18.5,3.98,1.03,3.69,0.59,3.51,0.73,2.1,0.33,2.17,0.34
29,94,"DIORITE [23542]",13.1,28.1,3.37,14.64,3.17,0.94,3.04,0.46,2.71,0.55,1.53,0.23,1.45,0.22
34.7,50.1,"DIORITE [23544]",13,32,2.99,12,2.34,0.83,1.95,0.61,3.1,0.61,1.45,0.19,1.8,0.23
34.7,50.1,"DIORITE [23544]",24.24,44.41,4.79,17.25,3.33,0.91,3.22,0.48,2.58,0.61,1.47,0.25,1.73,0.26
34.7,50.1,"DIORITE [23544]",6.05,12.86,1.81,8.25,2.42,0.76,2.65,0.45,2.9,0.63,1.84,0.27,1.79,0.28
-35.912032,-70.799223,"DIORITE [22188]",17.4263935819221,35.9553143083195,4.38177768795447,17.0980899657137,3.50337059596729,1.2725453862284,3.03050118723423,0.46737812534483,2.83457524440227,0.55134821332471,1.55027604025268,0.232656905964391,1.45035392488769,0.229202338215203
-35.927176,-70.827929,"DIORITE [22188]",23.6137686689418,49.4716986637815,6.17584100407429,24.2499631343732,5.21219009922627,1.47614997115361,4.58338899040474,0.710270011423319,4.09871607690488,0.827244500744888,2.21398396777774,0.327469534675791,2.04718649126301,0.340124092604809
41.1033,112.04,"DIORITE [23619]",48.9,106,12.3,47.7,8.26,1.76,6.31,0.89,5.07,0.91,2.47,0.4,2.26,0.3
41.1022,112.8803,"DIORITE [23619]",34.5,68.6,8.32,31.1,5.53,1.25,4.38,0.63,3.37,0.62,1.74,0.24,1.49,0.21
41.0875,112.8361,"DIORITE [23619]",50.6,114,13.3,53.3,9.3,2.72,6.36,0.82,4.32,0.75,1.9,0.26,1.62,0.22
41.1031,112.8806,"DIORITE [23619]",43.4,82.2,9.49,34.4,5.82,1.35,4.57,0.64,3.5,0.67,1.87,0.27,1.69,0.24
41.0911,111.7933,"DIORITE [23619]",68.8,144,17.5,67.2,11.9,1.99,9.32,1.37,7.84,1.54,4.54,0.67,4.35,0.62
41.0556,111.7747,"DIORITE [23619]",58.1,110,12.7,44.5,7.34,1.44,5.47,0.73,4.25,0.79,2.22,0.32,2.08,0.33
41.0881,111.8436,"DIORITE [23619]",44.4,84.5,9.72,36.9,6.27,1.77,5.17,0.71,4.21,0.8,2.23,0.32,2.08,0.33
41.1039,112.0406,"DIORITE [23619]",44,88.9,9.71,36.1,6.2,1.87,5.05,0.71,4,0.76,2.06,0.3,1.9,0.28
41.0853,111.8003,"DIORITE [23619]",42.3,83.7,9.51,34.2,6.01,1.23,4.79,0.69,3.72,0.68,1.9,0.27,1.68,0.23
41.1044,111.7736,"DIORITE [23619]",43.5,87.6,9.48,34.5,5.58,1.33,4.37,0.62,3.72,0.72,2,0.29,1.85,0.26
41.1047,111.89,"DIORITE [23619]",63.6,119,12.7,44.7,7.19,1.53,5.25,0.73,4.31,0.78,2.07,0.32,1.82,0.25
41.1028,111.8847,"DIORITE [23619]",42.8,94.5,11.1,43.9,8.07,1.7,6.32,0.99,5.62,1.08,2.86,0.49,2.65,0.4
41.0869,111.7414,"DIORITE [23619]",41.9,91.8,11.1,44.8,8.82,1.42,6.49,0.99,5.42,1.04,2.85,0.43,2.51,0.35
41.1344,111.9028,"DIORITE [23619]",53.8,102,11.6,43.3,7.06,2.01,5.33,0.75,4.02,0.77,2.17,0.31,1.95,0.29
41.1075,111.7722,"DIORITE [23619]",76,147,16,59.4,9.81,2.54,7.65,1.06,6.09,1.17,3.03,0.44,2.8,0.41
41.1044,112.0275,"DIORITE [23619]",33.2,70.9,8.38,35,6.3,1.61,4.77,0.69,3.47,0.64,1.58,0.24,1.21,0.15
41.0922,111.9892,"DIORITE [23619]",25,46.9,5.25,19.8,2.88,1.26,2.07,0.26,1.27,0.23,0.67,0.09,0.6,0.09
41.0931,111.9286,"DIORITE [23619]",27.6,54.8,6.86,31.6,5.02,1.56,3.19,0.37,1.63,0.27,0.65,0.07,0.4,0.06
41.0931,111.9244,"DIORITE [23619]",38.2,74.8,8.89,35.7,5.56,2.13,3.77,0.45,2.07,0.36,0.94,0.11,0.7,0.1
41.1289,111.9944,"DIORITE [23619]",53.4,101,11.5,43,6.24,1.73,4.12,0.52,2.49,0.44,1.18,0.16,0.96,0.14
41.1022,111.9958,"DIORITE [23619]",27.5,56.1,6.82,27.3,4.55,1.53,3.53,0.42,2.01,0.36,0.96,0.12,0.78,0.12
41.1031,111.8806,"DIORITE [23619]",28.9,62.6,8.1,33.6,5.86,1.94,4.45,0.56,2.68,0.47,1.18,0.15,0.83,0.12
41.1289,111.9944,"DIORITE [23619]",42.3,90.3,11.3,46.7,7.27,1.91,5.18,0.68,3.31,0.58,1.53,0.19,1.15,0.15
41.0239,111.8383,"DIORITE [23619]",37.9,82.5,10.9,45.1,8.32,2.14,6.19,0.78,4.34,0.78,2.12,0.28,1.82,0.26
41.1089,111.9944,"DIORITE [23619]",28.2,67.6,9.31,41.8,9.2,1.71,7.94,1.07,5.48,0.93,2.17,0.24,1.19,0.15
41.0819,111.8189,"DIORITE [23619]",40.7,83.7,10.3,42.6,5.83,1.95,3.96,0.46,2,0.33,0.84,0.1,0.57,0.08
41.0867,111.8353,"DIORITE [23619]",27.7,69.2,8.91,38.8,7.2,1.93,5.39,0.73,3.69,0.67,1.68,0.24,1.32,0.18
31,116.75,"DIORITE [23621]",76.2055907430251,134.627371762448,14.012556079318,50.7663115506975,7.99112268314449,2.13957701047986,8.21536267678377,1.01770008907309,4.94885307202626,0.860323945853575,2.35298626684323,0.280871267911517,1.89319621007025,0.287945669527356
31,116.75,"DIORITE [23621]",103.683544014937,187.843207704788,19.589228939949,69.1450994596187,10.960170728793,2.80370842382446,11.5750245586196,1.38848212086554,6.6137076971963,1.13025825653471,3.14304196458527,0.407437528388,2.41237189789754,0.370963703328368
31,116.75,"DIORITE [23621]",69.336884701556,135.056007298777,14.8857777302992,56.0354722117189,9.76399219509839,2.98925419828153,9.87511716992454,1.24672285048935,5.8721390696347,0.926890284401989,2.67761731231502,0.322367975176251,2.1348399435068,0.332942811633948
30.26,118.74,"DIORITE [23621]",26.1343337911535,55.3946557990823,6.67209889677103,28.0054865794175,5.61961323839022,1.48716464675685,5.32776990420735,0.736908037075361,3.84081422239075,0.686097879380949,1.97006611853668,0.234528568034845,1.56276644886888,0.237222776138393
30.26,118.74,"DIORITE [23621]",37.9491060205144,71.8446655308939,8.13993603116061,31.124845545863,6.03583562528287,1.62240704638648,6.47532964131966,0.880487691598906,4.72742859895171,0.850961153331618,2.32609377998282,0.314916679830397,1.93681857869985,0.288901738751994
-33.85,-69.9,"DIORITE, AMPHIBOLE [23641]",26.54,45.97,5.42,21.27,4.1,1.15,3.82,0.49,2.68,0.49,1.36,0.19,1.21,0.18
-34.4,-70.07,"DIORITE, CLINOPYROXENE [23641]",19.37,34.96,4.57,18.95,4.36,1.21,3.8,0.52,2.81,0.57,1.64,0.22,1.38,0.21
-35.4,-71.07,"DIORITE, CLINOPYROXENE [23641]",22.45,40.14,5.33,21.7,4.59,1.26,4.4,0.54,2.99,0.53,1.57,0.2,1.25,0.19
51.2554,-179.06253,"DIORITE, QUARTZ [20239]",11.69,26.97,4.07,18.25,4.71,1.36,4.84,0.83,5.06,1.06,2.91,0.44,2.73,0.44
51.2492,-179.0676,"DIORITE [20239]",11.09,24.41,3.82,16.88,4.22,1.24,4.4,0.69,4.03,0.85,2.41,0.35,2.16,0.32
40.22,73.0294,"DIORITE, QUARTZ [23652]",4.43612609637051,8.06268119931007,0.802231274542185,2.9824213732614,0.699108224155015,0,0.668709896818519,0.115247955951563,0.830786450878931,0.200007339718889,0.716907042460274,0.106792909831553,0.883314984036111,0.155051561525194
36.1059,117.041,"DIORITE, QUARTZ [23677]",14.9038218759836,33.008776093292,4.35704874474958,17.3721063245171,3.59326622012673,1.21612043531538,3.49202001806685,0.487177379934306,2.68828019683403,0.549769586758596,1.52920801127738,0.228782809339065,1.47807924987431,0.223309238130916
36.2998,117.1582,"DIORITE, QUARTZ [23677]",14.0406091489821,28.4118811340654,3.48362202587695,13.4895355652526,3.01027771211981,1.0654782799322,2.96380517948283,0.421863693060918,2.28225802751663,0.449515809119284,1.22539749268694,0.17973720589078,1.13839034991298,0.169560301355191
35.4458,117.3353,"DIORITE, QUARTZ [23677]",32.02,75.38,8.792,38.52,7.088,1.802,6.424,0.662,3.246,0.55,1.652,0.2,1.362,0.182
35.4959,118.0833,"DIORITE, QUARTZ [23677]",14.5190285172675,32.779033240808,4.33937881743929,17.5950425247424,3.90886510464898,1.15654855001027,3.54910122647876,0.448611329059829,2.2382003045446,0.415974520499022,1.07802814584661,0.152483178077983,0.938215141185673,0.133868013852846
36.2047,117.0839,"DIORITE, QUARTZ [23677]",37.2511304472156,74.5177484460364,8.27892507188782,29.8148540630182,4.96771482954546,1.44335042245494,4.60282373197625,0.547457856916746,2.79820416205598,0.539419609852902,1.48610989654899,0.210837500155999,1.32786517862809,0.199157571629162
36.3758,117.1848,"DIORITE, QUARTZ [23677]",38.4673735752151,77.6865665257797,8.4277000674917,30.509400331487,4.90186366877256,1.25949940601648,4.20380362783655,0.471558798913044,2.19572316739867,0.408739587187532,1.08095714027732,0.146663102582261,0.953921871880285,0.142342730950328
36.1929,116.9951,"DIORITE, QUARTZ [23677]",23.2627766600847,43.1978714809536,5.11610777856672,18.3432042202088,3.42307914711567,1.06788311621967,3.20101004355691,0.427084121977528,2.28499777626116,0.462810609188423,1.28064121179432,0.195772950761601,1.27766927179331,0.19442618174383
27.5,-114.5,"DIORITE, QUARTZ-BIOTITE [23678]",10.7,20.7,2.36,11.9,2.3,0.66,1.7,0.3,1.9,0.4,1.1,0.17,1.2,0.21
27.5,-114.5,"DIORITE, QUARTZ-BIOTITE [23678]",10,19.4,2.34,8.5,2,0.6,2.2,0.3,2.2,0.5,1.4,0.22,1.6,0.29
27.5,-114.5,"DIORITE, QUARTZ-BIOTITE-HORNBLENDE [23678]",11.5,24,2.96,11.7,2.9,0.94,3.2,0.6,3.4,0.7,2,0.3,2.1,0.37
27.5,-114.5,"DIORITE, QUARTZ-BIOTITE [23678]",9.6,18.3,2.19,8.5,1.8,0.65,1.8,0.3,2.1,0.4,1.3,0.2,1.3,0.24
27.5,-114.5,"DIORITE, QUARTZ-BIOTITE [23678]",10.5,24.7,3.43,14.2,3.8,1.27,4.4,0.8,5.1,1,3.1,0.47,3.2,0.54
27.5,-114.5,"DIORITE [23678]",6.1,12.6,1.71,8,2.4,0.73,2.4,0.4,2.8,0.5,1.6,0.25,1.6,0.24
28.3,-115.2,"DIORITE, QUARTZ [23678]",6,14.2,2.15,9.7,2.6,0.73,2.84,0.58,3.51,0.93,3.06,0.49,3.5,0.48
28.3,-115.2,"DIORITE, QUARTZ [23678]",4.7,11.4,1.69,8.2,2.3,0.6,2.55,0.46,2.58,0.64,1.82,0.31,1.9,0.29
31.8086,85.8756,"DIORITE [23684]",4.03,13.01,2.24,12.28,3.98,1.58,5.44,0.94,6.45,1.37,4.1,0.58,3.82,0.55
31.8086,85.8756,"DIORITE [23684]",4.17,13.62,2.35,12.91,4.2,1.52,5.72,0.98,6.77,1.45,4.32,0.61,3.98,0.57
31.8086,85.8756,"DIORITE [23684]",3.83,12.52,2.16,11.9,3.9,1.34,5.32,0.92,6.35,1.35,4.04,0.58,3.76,0.54
31.8086,85.8756,"DIORITE [23684]",3.83,12.62,2.21,12.21,4.03,1.41,5.53,0.96,6.67,1.42,4.23,0.61,3.96,0.57
31.8086,85.8756,"DIORITE [23684]",4.33,14.25,2.47,13.71,4.49,1.65,6.18,1.07,7.42,1.59,4.71,0.67,4.41,0.64
31.8086,85.8756,"DIORITE [23684]",3.67,12.03,2.08,11.65,3.86,1.42,5.38,0.94,6.52,1.39,4.16,0.59,3.87,0.56
31.75,85.9,"DIORITE [23684]",4.02,10.17,1.4,6.67,1.79,0.75,2.37,0.4,2.85,0.61,1.83,0.26,1.77,0.26
31.75,85.9,"DIORITE [23684]",4.11,10.38,1.44,6.87,1.83,0.67,2.43,0.41,2.91,0.61,1.82,0.26,1.74,0.26
31.75,85.9,"DIORITE [23684]",4.94,11.9,1.55,7.23,1.86,0.62,2.41,0.41,2.85,0.61,1.82,0.26,1.77,0.26
31.75,85.9,"DIORITE [23684]",4.63,11.69,1.61,7.67,2.04,0.75,2.68,0.46,3.29,0.7,2.1,0.31,2.02,0.3
31.75,85.9,"DIORITE [23684]",4.48,11.34,1.57,7.54,2.06,0.75,2.73,0.46,3.24,0.68,2.05,0.3,1.99,0.29
31.7617,85.8472,"DIORITE [23684]",4.17,11.47,1.85,9.23,2.55,0.97,3.34,0.57,3.95,0.84,2.5,0.36,2.36,0.34
31.7617,85.8472,"DIORITE [23684]",3.67,10.25,1.66,8.44,2.35,0.94,3.15,0.52,3.58,0.75,2.21,0.31,2.04,0.3
31.7617,85.8472,"DIORITE [23684]",4.21,11.65,1.97,9.81,2.68,1.23,3.53,0.59,4.03,0.85,2.5,0.35,2.35,0.34
31.7617,85.8472,"DIORITE [23684]",4.92,13.73,2.18,11.15,3.25,1.22,4.36,0.75,5.23,1.1,3.29,0.47,3.06,0.44
31.7617,85.8472,"DIORITE [23684]",4.1,11.46,1.83,9.25,2.53,0.91,3.34,0.56,3.92,0.82,2.46,0.35,2.28,0.33
24.0328,95.4658,"DIORITE [23697]",15.32,32.8,4.113,16.81,3.965,1.067,3.765,0.615,3.784,0.773,2.191,0.325,2.057,0.324
24.0328,95.4658,"DIORITE [23697]",13.33,29.75,3.758,15.71,3.692,0.999,3.519,0.577,3.56,0.728,2.052,0.303,1.888,0.292
24.0328,95.4658,"DIORITE [23697]",15.67,34.5,4.344,18.06,4.308,1.132,4.142,0.679,4.087,0.843,2.374,0.353,2.185,0.343
24.0328,95.4658,"DIORITE [23697]",13.2,30.56,3.958,16.06,3.613,1.078,3.377,0.552,3.371,0.707,1.996,0.311,1.981,0.321
24.4117,95.7617,"DIORITE [23697]",13.6126592356688,27.6074840764331,3.125,12.7388535031847,3.04339171974522,1.09903343152069,3.37380573248408,0.517515923566879,3.14888535031847,0.654856687898089,2.04020700636943,0.300557324840764,2.14968152866242,0.324442675159236
24.4117,95.7617,"DIORITE [23697]",12.5049701789264,26.5606361829026,3.13320079522863,13.2882703777336,3.24453280318091,1.13147368304699,3.57057654075547,0.552683896620279,3.35984095427435,0.697813121272366,2.17296222664016,0.31610337972167,2.17296222664016,0.3220675944334
24.4117,95.7617,"DIORITE [23697]",11.9612155137945,26.609356257497,3.32866853258697,14.6081567373051,3.67253098760496,1.20096931564331,4.10035985605758,0.637744902039184,3.87644942023191,0.801679328268692,2.46501399440224,0.353858456617353,2.40703718512595,0.351859256297481
24.4131,95.7597,"DIORITE [23697]",12.0757363253857,27.1087958324985,3.37006611901423,14.9689440993789,3.77078741735123,1.22686944095495,4.18152674814666,0.663193748747746,4.05930675215388,0.845521939491084,2.6106992586656,0.376678020436786,2.5966740132238,0.390703265878581
24.4131,95.7597,"DIORITE [23697]",11.3899562363239,24.582932166302,2.96501094091904,12.9365645514223,3.17258205689278,1.12871364537523,3.53277899343545,0.553522975929978,3.35166301969365,0.704113785557987,2.16321663019694,0.311356673960613,2.18356673960613,0.327636761487965
59.369441,-153.41136,"DIORITE, PLAGIOCLASE [19206]",9.39490945478732,21.7490196525225,3.19917596212097,15.013989768835,3.87527396727769,1.28731035048453,3.92982025628438,0.661593564118602,4.2058443917684,0.899000848793335,2.53497037059082,0.384709684236711,2.51132112495309,0.419969398855998
59.37728333,-153.4073167,"DIORITE, PLAGIOCLASE [19206]",8.78089000386254,20.1152099301292,2.97965037937784,13.7469236860058,3.58861259752002,1.22004603981462,3.74951045584951,0.662090799087413,4.12137978973209,0.880086516769295,2.49472617710961,0.375443069125022,2.46006694900026,0.403407468144361
41.3583,90.6,"DIORITE [23703]",38.6,70.8,9.07,31.1,6.09,1.74,5.17,0.81,4.71,0.91,2.76,0.41,2.72,0.43
41.3583,90.6,"DIORITE [23703]",34,66.5,7.62,28.7,5.59,1.53,5.08,0.8,4.92,0.95,2.77,0.42,2.73,0.39
41.3583,90.6,"DIORITE [23703]",34.7,68.8,7.51,28.5,5.79,1.56,5.32,0.83,4.98,0.99,2.89,0.42,2.85,0.42
43,89,"DIORITE, QUARTZ, HORNBLENDE-CUMMINGTONITE-BIOTITE-ORTHOPYROXENE-CLINOPYROXENE [23705]",24.6,58.8,7.31,32.5,7.77,1.66,8.28,1.31,8.29,1.73,5.05,0.78,5.04,0.81
43,89,"DIORITE, QUARTZ, HORNBLENDE-CUMMINGTONITE-BIOTITE-ORTHOPYROXENE-CLINOPYROXENE [23705]",21.3,51.9,6.67,30.4,7.41,1.66,7.59,1.28,8,1.71,4.9,0.76,4.92,0.78
40.5,126.3,"DIORITE [23717]",37.5713342766826,77.7845088692244,9.11404829400249,35.780004774918,6.29533772486875,1.6851154871997,5.2600166681521,0.733411759684151,4.31087260147946,0.898011332533069,2.47970520453292,0.376931929024584,2.51028526367799,0.391765122139576
40.5,126.3,"DIORITE [23717]",36.7011004645718,75.5658164204351,8.8916205190999,34.2091568775526,6.1973298052502,1.66985227270811,5.39378184357374,0.750151083410697,4.36332101326684,0.899963344645193,2.44094125530259,0.369777593800806,2.41684268795374,0.376651910743292
40.5,126.3,"DIORITE [23717]",34.696221571321,73.5250881106831,8.67241011593854,34.917880136327,6.21534839905351,1.63656070642945,5.35343013510648,0.740090399130147,4.33528369979598,0.888505464137363,2.42208758641617,0.363225083575089,2.3794949891141,0.372587288121483
40.5,126.3,"DIORITE [23717]",38.7059793578227,77.6065447301872,9.11083092226127,36.2439263561464,6.41035833144774,1.70314383898676,5.434133552041,0.760211767691246,4.39135832673771,0.911421225153022,2.45979492418902,0.376330104026523,2.45419038679339,0.380716533365101
40.5,126.3,"DIORITE, QUARTZ [23717]",28.4054132683427,52.8055710899474,5.85830067808427,22.9833787569754,4.03109122639611,1.33694840813856,3.31814962336814,0.490538090199473,2.83810282161127,0.578506242519475,1.52681470566286,0.239642301504169,1.52796822029832,0.250741343542751
40.5,126.3,"DIORITE, QUARTZ [23717]",28.8274594706659,56.7873635143482,6.11760739999306,23.4530595611937,4.34008569787713,1.5201402642296,3.57071581359135,0.536217474782865,2.84892274556444,0.629481566179812,1.64150340461994,0.257993105047052,1.59515191516409,0.274580065127545
40.5,126.3,"DIORITE, QUARTZ [23717]",28.7730988544884,55.948310094299,6.07141308292653,23.3976179607913,4.24857344450344,1.49622048076017,3.50679421622825,0.519043143459789,2.87708714790138,0.615173641076121,1.65540965766061,0.261388962386203,1.6447243873675,0.279159462863154
34,110.5,"DIORITE [23719]",51.1,78.8,10.4,36.6,6.32,1.81,5.63,0.78,3.58,0.68,1.99,0.26,1.7,0.24
34,110.5,"DIORITE [23719]",51.4,80.8,10.7,37.3,6.37,1.9,5.59,0.79,3.64,0.68,2.03,0.26,1.76,0.26
34,110.5,"DIORITE [23719]",42.6,67.7,9.24,33.6,6.11,1.73,5.06,0.74,3.54,0.67,1.92,0.25,1.64,0.24
34,110.5,"DIORITE [23719]",50.4,77.3,10.4,36.2,6.27,1.82,5.62,0.75,3.56,0.67,2.03,0.27,1.77,0.26
34,110.5,"DIORITE [23719]",51.6,79.9,10.5,37.1,6.47,1.83,5.59,0.79,3.74,0.69,2.06,0.27,1.8,0.27
34,110.5,"DIORITE [23719]",49.1,76.6,10.2,36.1,6.21,1.84,5.52,0.75,3.46,0.65,1.9,0.26,1.61,0.24
34,110.5,"DIORITE [23719]",48.6,95.6,10.5,39.3,7.02,1.97,5.61,0.74,4.2,0.73,2.15,0.31,1.89,0.29
38,100.5,"DIORITE [23740]",23.8,54.4,6.7,24.7,4.58,1.27,4.16,0.62,3.29,0.66,1.75,0.27,1.69,0.26
38,100.5,"DIORITE [23740]",24.3,54.1,6.48,25,4.63,1.26,4.12,0.62,3.32,0.65,1.77,0.27,1.65,0.25
38,100.5,"DIORITE [23740]",22.4,50.3,6.03,23.2,4.26,1.18,3.75,0.57,2.99,0.61,1.57,0.24,1.51,0.22
38,100.5,"DIORITE [23740]",21.9,50.6,6.09,23.3,4.39,1.21,3.83,0.59,3.09,0.62,1.64,0.25,1.54,0.23
38,100.5,"DIORITE [23740]",23.2,53.2,6.25,24.3,4.38,1.2,3.89,0.59,3.19,0.63,1.71,0.26,1.6,0.23
38,100.5,"DIORITE [23740]",22.2,51.1,6.24,23.2,4.36,1.21,3.9,0.61,3.06,0.6,1.68,0.27,1.62,0.24
38,100.5,"DIORITE [23740]",25.7,57.9,6.66,24.4,4.06,1.1,3.7,0.52,2.63,0.52,1.43,0.22,1.33,0.2
38,100.5,"DIORITE [23740]",23.2,52.7,6.37,24.2,4.42,1.2,3.89,0.59,3.15,0.62,1.66,0.25,1.58,0.23
31,111,"DIORITE [23744]",57.6,119,14.7,60.1,12.3,3.16,12.1,1.88,10.9,2.18,5.82,0.85,5.42,0.74
31,111,"DIORITE [23744]",56.9,114,14.2,58,11.9,3.05,12,1.74,9.97,2.08,5.48,0.75,5,0.71
31,111,"DIORITE [23744]",60.1,126,14.8,54.6,10.9,2.85,11.1,1.72,9.79,1.92,5.26,0.76,4.52,0.67
31,111,"DIORITE [23744]",56.7,122,14.5,59.2,12.5,3.08,11.9,1.82,11,2.06,5.73,0.76,4.88,0.75
31,111,"DIORITE [23744]",51.1,105,12.1,47.4,9.65,2.52,9.46,1.52,8.71,1.77,5.25,0.8,4.43,0.7
31,111,"DIORITE [23744]",50.9,106,12.4,47.9,9.53,2.6,9.59,1.46,8.87,1.74,4.85,0.75,4.57,0.66
31,111,"DIORITE [23744]",54.1,114,13.4,52.8,11.1,2.99,10.8,1.7,9.85,1.91,5.52,0.87,4.83,0.72
31,111,"DIORITE [23744]",54.2,114,13.4,53.4,10.75,2.92,11,1.7,9.76,1.89,5.19,0.79,4.8,0.68
-22.0919,-70.1353,"GRANODIORITE [11776]",8,18,2.5,11,2.9,1,2.8,0.45,2.8,0.6,1.7,0.26,1.8,0.28
-22.45,-70.2581,"DIORITE [11776]",5,11,1.6,8,2.2,1.1,2.4,0.38,2.5,0.5,1.5,0.22,1.5,0.25
40.7,96.8,"DIORITE [23767]",14.7,29.3,3.51,13.6,3.36,0.96,3.99,0.63,4.1,0.84,2.64,0.38,2.61,0.4
40.7,96.8,"DIORITE [23767]",18.2,33.7,3.99,15.2,3.83,1.07,4.4,0.71,4.64,0.94,2.82,0.42,2.77,0.43
40.7,96.8,"DIORITE [23767]",10.6,22.3,2.95,13.4,3.31,1.14,3.08,0.636,3.47,0.782,2.26,0.364,2.01,0.289
40.7,96.8,"DIORITE [23767]",11.1,22.8,2.89,13.8,3.35,1.15,3.15,0.65,3.5,0.764,2.21,0.38,2.14,0.293
41.8108,124.1186,"DIORITE [23779]",40,92,12.1,50,8.74,2.3,7.23,0.85,4.02,0.72,1.91,0.27,1.71,0.25
41.8108,124.1186,"DIORITE [23779]",23,51,6.63,29,6.03,1.69,5.75,0.75,4.21,0.83,2.55,0.34,2.22,0.32
41.8108,124.1186,"DIORITE [23779]",26,58,7.16,29,5.4,1.56,5.02,0.61,3.33,0.63,1.93,0.25,1.68,0.24
41.8108,124.1186,"DIORITE, QUARTZ [23779]",57.9,121,13.9,52.7,8.2,1.64,7.68,0.69,2.94,0.48,1.54,0.17,1.2,0.16
41.8108,124.1186,"DIORITE, QUARTZ [23779]",37.1,83,9.8,41.3,7.42,2.51,7.35,0.79,3.8,0.65,2.01,0.24,1.68,0.23
41.8108,124.1186,"DIORITE, QUARTZ [23779]",25.9,65,8.69,37.5,6.33,1.57,4.89,0.56,2.44,0.43,1.08,0.15,0.95,0.14
41.8108,124.1186,"DIORITE, QUARTZ [23779]",26.7,55,6.31,24.1,4.03,0.99,3.51,0.4,1.96,0.36,0.98,0.13,0.87,0.13
41.8108,124.1186,"DIORITE, QUARTZ [23779]",25.9,51,6.21,24.5,4.58,1.38,4.02,0.59,3.27,0.62,1.76,0.25,1.68,0.25
41.8108,124.1186,"DIORITE, QUARTZ [23779]",29.7,67,6.07,22.4,3.81,0.94,3.59,0.53,3,0.6,1.78,0.27,1.82,0.27
41.8108,124.1186,"DIORITE, QUARTZ [23779]",42.9,86,9.87,36.3,6.56,1.6,6.29,0.85,4.48,0.9,2.46,0.35,2.27,0.34
41.8108,124.1186,"DIORITE, QUARTZ [23779]",17.9,40,4.84,19.5,4.12,1.24,3.93,0.56,3.02,0.6,1.62,0.23,1.45,0.22
41.8108,124.1186,"DIORITE, QUARTZ [23779]",26,53,6.48,26,5.18,1.58,4.39,0.6,3.47,0.65,1.81,0.24,1.56,0.24
35.1653,112.3169,"DIORITE [23785]",72.4,148,19.6,77,13.2,2.83,11,1.46,7.27,1.32,3.62,0.51,3.11,0.44
35.1653,112.3169,"DIORITE [23785]",81.6,173,22.6,87.3,14.9,3.41,12.8,1.67,8.24,1.5,4.14,0.57,3.48,0.49
35.1653,112.3169,"DIORITE [23785]",82.5,176,23.4,92.2,16.3,3.54,13.5,1.79,8.9,1.62,4.46,0.62,3.77,0.53
35.1653,112.3169,"DIORITE [23785]",70,152,19.6,76.3,13.3,2.96,11.4,1.47,7.41,1.33,3.69,0.52,3.12,0.45
23,100,"DIORITE [23788]",33.5,61.5,7.04,26.7,4.76,1.36,4.01,0.688,3.32,0.612,1.89,0.27,1.77,0.239
-36,137,"DIORITE [23794]",29,65.3,8.9,35.4,7.3,2.2,8.6,1.14,7.2,1.28,3.6,0.4,2.85,0.46
-36,137,"DIORITE [23794]",39.7,72.9,8.43,30,5.67,2.19,5.37,0.9,5.18,1.13,3.39,0.53,3.43,0.58
-36,137,"DIORITE [23794]",24.6,49.6,5.75,21.7,4.36,1.24,4.32,0.69,4.22,0.91,2.76,0.4,2.45,0.41
-36,137,"DIORITE [23794]",42.1,87.7,10.05,36.4,9.46,0.88,9.63,1.68,10.85,2.27,6.62,0.99,6.42,0.95
-36,137,"DIORITE [23794]",35.4,78,9.7,38.2,9.49,2.1,9.91,1.71,10.4,2.22,6.32,0.97,5.61,0.9
-36,137,"DIORITE [23794]",47,94.7,10.85,38.2,8.33,1.12,7.78,1.26,7.88,1.69,4.98,0.74,4.7,0.71
-36,137,"DIORITE [23794]",9.5,20.1,2.63,11.3,2.84,1.49,3.53,0.61,3.89,0.85,2.55,0.36,2.3,0.36
-36,137,"DIORITE [23794]",5,10.7,1.26,5.2,1.13,0.33,0.96,0.17,1.1,0.26,0.84,0.13,0.97,0.14
-3,119,"DIORITE [23795]",40.8,77.8,8.89,34.6,7.07,1.56,5.43,0.8,4.22,0.84,2.23,0.32,2.05,0.3
30.5,117.5,"DIORITE, QUARTZ [23813]",40.4,78.3,8.41,29.8,5.42,1.43,4.85,0.8,4.35,0.96,2.62,0.4,2.59,0.4
30.5,117.5,"DIORITE, QUARTZ [23813]",34.1,67.8,7.48,27.8,5.47,1.34,4.37,0.72,4.24,0.9,2.54,0.38,2.5,0.38
30.5,117.5,"DIORITE, QUARTZ [23813]",33.5,63.3,6.79,23.9,4.32,1.16,3.9,0.58,3.43,0.73,2.05,0.29,1.98,0.32
30.5,117.5,"DIORITE, QUARTZ [23813]",35.2,66.1,6.94,24.7,4.55,1.14,3.7,0.57,3.51,0.72,2.03,0.3,1.95,0.3
30.5,117.5,"DIORITE, PYROXENE [23813]",34.4,68,7.71,29,5.89,1.63,5.5,0.85,5.33,1.08,3.09,0.44,2.83,0.46
30.5,117.5,"DIORITE, PYROXENE [23813]",33.9,65.4,7.4,28,5.35,1.46,4.79,0.72,4.51,0.88,2.52,0.37,2.27,0.37
30.5,117.5,"DIORITE, PYROXENE [23813]",35.9,70.2,7.89,29.5,6.11,1.65,5.53,0.9,5.24,1.11,3.19,0.47,2.99,0.46
30.5,117.5,"DIORITE, PYROXENE [23813]",34,66.2,7.48,28.1,6.06,1.58,5.23,0.83,4.86,1.05,2.85,0.44,2.74,0.4
30.5,117.5,"DIORITE, PYROXENE [23813]",34.1,67.1,7.61,28.6,5.84,1.51,5.26,0.86,5.01,1.05,2.94,0.43,2.91,0.44
30.5,117.5,"DIORITE, PYROXENE [23813]",35.3,69.7,7.82,29.3,6.03,1.56,5.39,0.87,5.24,1.11,3.12,0.43,2.81,0.45
30.5,117.5,"DIORITE, QUARTZ [23813]",31.4,60.4,6.57,24.6,4.68,1.29,3.96,0.59,3.21,0.65,1.69,0.25,1.65,0.24
30.5,117.5,"DIORITE, QUARTZ [23813]",32.4,61.6,6.85,25.9,4.87,1.34,3.91,0.57,3.1,0.62,1.7,0.25,1.63,0.23
30.5,117.5,"DIORITE, QUARTZ [23813]",30.9,60.3,6.67,25.2,4.78,1.31,3.99,0.59,3.45,0.66,1.84,0.26,1.61,0.26
30.5,117.5,"DIORITE, QUARTZ [23813]",32.2,62.5,6.81,24.9,4.92,1.24,4.28,0.63,3.45,0.69,1.75,0.27,1.74,0.26
30.5,117.5,"DIORITE, QUARTZ [23813]",27.7,54.4,6.22,23.1,4.77,1.36,4.07,0.57,3.02,0.59,1.58,0.22,1.38,0.2
30.5,117.5,"DIORITE, QUARTZ [23813]",35.7,63.9,8.7,34.1,7.18,1.69,6.4,0.98,5.25,1.04,2.48,0.36,2.41,0.34
30.5,117.5,"DIORITE, QUARTZ [23813]",33.4,66.3,8.13,32.9,6.65,1.51,5.26,0.79,4.41,0.83,2.19,0.31,1.95,0.29
-35.12,-70.28,"DIORITE [23838]",14,28.8,3.45,14.6,3.3,0.96,3,0.5,2.7,0.5,1.4,0.21,1.5,0.23
-35.12,-70.28,"DIORITE [23838]",22.9,48,5.54,21.6,4.5,1.2,3.9,0.6,3.6,0.7,2.1,0.31,2.1,0.35
-35.12,-70.28,"DIORITE [23838]",22.6,47.2,5.47,22.4,4.6,1.25,3.9,0.5,2.9,0.5,1.3,0.19,1.2,0.18
-35.12,-70.28,"DIORITE [23838]",15.7,34.6,4.39,19,4.2,1.5,3.9,0.6,3.4,0.7,1.9,0.28,1.8,0.29
-35.12,-70.28,"DIORITE [23838]",13.2,24.9,2.89,12.8,3.3,1.07,3.4,0.5,3.1,0.6,1.9,0.28,2,0.33
-35.12,-70.28,"DIORITE [23838]",16.5,35.6,4.09,16.5,3.7,1.41,3.4,0.5,2.9,0.5,1.5,0.2,1.3,0.21
-35.12,-70.28,"DIORITE [23838]",17.7,37.2,4.5,18.2,4,0.94,3.4,0.5,2.8,0.5,1.5,0.2,1.4,0.22
37.4333,120.5,"DIORITE [23857]",23,51.9,6.25,22.5,3.76,0.99,2.92,0.39,1.85,0.32,0.8,0.12,0.7,0.11
37.4333,120.5,"DIORITE [23857]",28.8,57,6.66,24.5,4.09,1.19,3.11,0.41,2.02,0.36,0.93,0.15,0.9,0.15
37.4333,120.5,"DIORITE [23857]",60.9,103.1,11.45,39.8,5.81,1.62,4.23,0.51,2.31,0.39,0.97,0.15,0.89,0.14
37.4333,120.5,"DIORITE [23857]",59.3,107.3,12.01,41.6,6.05,1.71,4.48,0.53,2.4,0.4,1.04,0.16,0.91,0.14
37.4333,120.5,"DIORITE [23857]",64.8,110.8,12.08,41.3,5.97,1.69,4.4,0.53,2.35,0.39,1.01,0.15,0.84,0.13
37.4333,120.5,"DIORITE [23857]",65.4,109.7,11.94,40.6,5.92,1.59,4.36,0.53,2.37,0.39,1.01,0.15,0.91,0.14
13,-86,"DIORITE [23869]",17.3736666666667,33.2563333333333,3.969,17.2653333333333,3.137,1.252,3.788,0.457333333333333,3.009,0.502,1.195,0.2615,1.716,0.274
13,-86,"DIORITE [23869]",17.7193333333333,33.7043333333333,4.10033333333333,16.5663333333333,4.212,1.07433333333333,3.7,0.408666666666667,2.78633333333333,0.49,1.573,0.283666666666667,1.501,0.2415
33,96,"DIORITE, QUARTZ [23870]",8.72,21.9,2.92,13.4,3.7,0.9,4.05,0.69,4.45,0.96,2.64,0.39,2.52,0.38
33,96,"DIORITE, QUARTZ [23870]",9.19,15.6,1.75,6.6,1.54,0.58,1.66,0.28,1.87,0.41,1.2,0.18,1.27,0.2
33,96,"DIORITE, QUARTZ [23870]",10.2,21.2,2.5,9.9,2.28,0.76,2.4,0.41,2.63,0.57,1.68,0.26,1.76,0.28
33,96,"DIORITE, QUARTZ [23870]",9.1,18.9,2.21,8.9,2.21,0.67,2.37,0.4,2.55,0.56,1.56,0.24,1.62,0.25
33,96,"DIORITE, QUARTZ [23870]",8.73,20.4,2.78,11.7,3.12,0.75,3.34,0.6,3.8,0.85,2.44,0.36,2.38,0.35
33,96,"DIORITE, QUARTZ [23870]",8.42,16.7,2.07,8.6,2.16,0.62,2.32,0.41,2.66,0.56,1.65,0.24,1.63,0.26
33,96,"DIORITE, QUARTZ [23870]",8.81,14.1,1.7,6.7,1.56,0.55,1.64,0.3,1.95,0.41,1.21,0.19,1.33,0.22
33,96,"DIORITE, QUARTZ [23870]",7.34,13.6,1.56,6.1,1.5,0.59,1.66,0.31,2.01,0.42,1.29,0.18,1.28,0.2
33,96,"DIORITE, QUARTZ [23870]",11.18,21.9,2.7,10.4,2.31,0.74,2.35,0.42,2.79,0.58,1.7,0.25,1.79,0.27
27.1289,101.8242,"DIORITE [23873]",15.3,32.5,3.97,17.1,3.81,1.08,3.57,0.54,3.27,0.65,1.84,0.27,1.75,0.27
27.1289,101.8242,"DIORITE [23873]",25.8,45.3,4.78,18.4,3.55,1.1,3.29,0.48,2.8,0.56,1.61,0.24,1.59,0.25
27.1289,101.8242,"DIORITE [23873]",19.3,38.7,4.51,18.3,3.74,1.21,3.48,0.52,3.09,0.62,1.78,0.27,1.77,0.27
27.1289,101.8242,"DIORITE [23873]",25.7,49.1,5.48,21.6,4.23,1.22,3.94,0.58,3.42,0.68,1.97,0.29,1.92,0.29
27.1289,101.8242,"DIORITE [23873]",18.6,37.3,4.45,18.6,4.05,1.2,3.82,0.58,3.44,0.68,1.98,0.29,1.92,0.3
27.1289,101.8242,"DIORITE [23873]",37.5,62.8,6.33,23.5,4.5,1.24,4.22,0.61,3.62,0.72,2.07,0.31,1.99,0.3
27.1122,101.8242,"DIORITE [23873]",20,41.3,4.91,20,4.19,1.13,3.72,0.55,3.18,0.63,1.79,0.27,1.71,0.26
27.1122,101.8242,"DIORITE [23873]",20.2,42.1,4.97,20.2,4.17,1.14,3.72,0.54,3.19,0.63,1.78,0.26,1.7,0.26
27.0931,101.8108,"DIORITE [23873]",16.8,35.7,4.49,19.5,4.26,1.19,3.97,0.58,3.4,0.66,1.85,0.27,1.68,0.26
27.0931,101.8108,"DIORITE [23873]",17.5,37.8,4.65,19.9,4.29,1.2,3.98,0.59,3.4,0.66,1.84,0.27,1.69,0.25
27.1036,101.8158,"DIORITE [23873]",18.8,40.8,5.04,21.6,4.64,1.17,4.23,0.62,3.64,0.72,2.03,0.3,1.91,0.29
27.1036,101.8158,"DIORITE [23873]",20.9,44.4,5.39,22.5,4.66,1.15,4.22,0.62,3.64,0.72,2.05,0.3,1.92,0.28
27.1036,101.8158,"DIORITE [23873]",20.2,42.4,5.1,21.5,4.51,1.22,4.16,0.61,3.55,0.69,1.94,0.28,1.79,0.27
27.1036,101.8158,"DIORITE [23873]",19.7,41.6,5.06,21.3,4.53,1.24,4.19,0.62,3.61,0.7,1.97,0.29,1.81,0.27
27.1036,101.8158,"DIORITE [23873]",20.1,42.3,5.1,21.3,4.52,1.22,4.17,0.61,3.6,0.69,1.95,0.28,1.79,0.27
33.5,108,"DIORITE [23900]",34.97,66.95,7.48,30.26,5.41,1.44,3.76,0.54,2.99,0.56,1.52,0.21,1.38,0.19
33.5,108,"DIORITE [23900]",43.56,82.84,8.93,32.37,5.53,1.31,4.43,0.58,3.35,0.71,1.81,0.25,1.77,0.24
33.5,108,"DIORITE [23900]",34.9,68.16,7.44,28.59,5.01,1.29,3.96,0.58,3.56,0.7,1.89,0.26,1.77,0.28
33.5,108,"DIORITE [23900]",31.65,63.11,6.93,26.27,4.9,1.29,4.03,0.6,3.56,0.7,1.93,0.27,1.89,0.28
33.5,108,"DIORITE [23900]",32.45,60.34,6.65,25.6,4.65,1.3,3.87,0.57,3.5,0.68,1.93,0.3,1.93,0.26
33.5,108,"DIORITE [23900]",39.35,78.43,8.17,29.61,5.3,1.3,3.89,0.58,3.22,0.59,1.66,0.25,1.64,0.23
33.5,108,"DIORITE [23900]",35.21,67.23,7.33,27.47,4.83,1.21,3.95,0.6,3.44,0.66,1.82,0.28,1.88,0.26
33.5,108,"DIORITE [23900]",33.13,63.87,7.02,26.71,4.51,1.24,3.35,0.46,2.52,0.46,1.24,0.18,1.17,0.16
33.5,108,"DIORITE [23900]",25.18,47.94,5.32,20.76,4,1.21,3.65,0.55,3.23,0.66,1.77,0.28,1.76,0.26
33.5,108,"DIORITE [23900]",44.77,87.44,9.11,33.53,5.71,1.38,4.25,0.64,3.5,0.65,1.82,0.26,1.7,0.27
31.5,85.5,"DIORITE [23902]",2.21,5.9,0.89,4.79,1.52,0.55,2.07,0.36,2.63,0.57,1.77,0.27,1.83,0.27
31.5,85.5,"DIORITE [23902]",1.55,3.93,0.55,2.86,0.9,0.43,1.31,0.23,1.75,0.38,1.19,0.18,1.27,0.2
31.5,85.5,"DIORITE [23902]",1.7,4.52,0.69,3.82,1.33,0.56,1.99,0.36,2.66,0.58,1.76,0.26,1.77,0.27
31.5,85.5,"DIORITE [23902]",1.34,4.06,0.7,4.31,1.67,0.43,2.56,0.48,3.58,0.78,2.36,0.35,2.31,0.33
32.5,118.5,"DIORITE [23905]",38.9,71.4,8.5,31.6,5.92,1.88,4.82,0.6,3.02,0.56,1.64,0.23,1.5,0.22
32.5,118.5,"DIORITE [23905]",35.9,65.7,7.89,30.4,5.53,1.82,4.53,0.6,3.07,0.57,1.56,0.22,1.4,0.2
32.5,118.5,"DIORITE [23905]",37.5,67.4,7.8,30.4,5.57,1.92,4.42,0.56,2.78,0.54,1.52,0.21,1.3,0.2
37.0928,74.9945,"DIORITE [23906]",53,100,10.7,38.6,6.79,1.77,5.64,0.841,4.82,0.977,2.78,0.404,2.72,0.421
36.8487,75.5127,"DIORITE [23906]",53.1,100,10.7,38.5,6.71,1.72,5.59,0.825,4.7,0.964,2.72,0.402,2.69,0.415
36.8487,75.5127,"DIORITE [23906]",41.7,83.8,9.71,37.8,7.25,1.93,6.2,0.912,5.21,1.04,2.84,0.396,2.62,0.388
36.8487,75.5127,"DIORITE [23906]",53.2,103,11.6,43.6,7.77,2.07,6.39,0.944,5.31,1.07,2.91,0.409,2.71,0.405
36.8487,75.5127,"DIORITE [23906]",101,190,19.8,70.4,11.4,1.97,8.69,1.22,6.44,1.25,3.32,0.441,2.77,0.407
40.8286,124.0178,"DIORITE, HORNBLENDE [23909]",54,107,13.1,51.8,10.3,2.62,9.11,1.34,7.83,1.48,4.16,0.62,3.83,0.54
40.8286,124.0178,"DIORITE, HORNBLENDE [23909]",35.8,80,9.39,36.5,7.3,1.79,6.58,1.06,6.39,1.25,3.53,0.55,3.64,0.52
40.8286,124.0178,"DIORITE, HORNBLENDE [23909]",53,126,13.8,51.8,10.1,2.49,8.6,1.35,7.83,1.55,4.2,0.62,3.91,0.55
41.5,118,"DIORITE [23911]",38.8986508280472,73.2976675097351,7.80527915909966,29.243183618387,4.87839161832996,1.16742718157033,3.6602345438817,0.488115209858036,2.52137273602563,0.513964407635163,1.28271240948042,0.183797060751499,1.18817399172257,0.179508541936829
41.5,118,"DIORITE [23911]",38.7305872758531,73.0664926128962,7.76466060888271,29.2090161465103,4.80402857546494,1.17159982739068,3.63248233274455,0.479021379612269,2.51947506995656,0.508072649683526,1.28511373814143,0.183981218796501,1.18988711309197,0.180844887867155
41.4208,118.4303,"DIORITE, QUARTZ [23911]",19.715539571042,45.8816362262012,4.3319904368709,17.0993518402403,2.91651128172916,1.17654455707302,2.39760334910229,0.300497101070511,1.5253281594881,0.298825405253015,0.701409012134259,0.0935120792735715,0.568497371280847,0.0812699380747926
48.7867,121.795,"DIORITE, QUARTZ [23934]",16.237510073751,35.2570054476819,4.25639952767137,17.6425215586504,4.01139435458409,1.16231559819918,3.62876253065732,0.573776368073058,3.50876319728051,0.726884715963497,2.0559378430134,0.307721717672658,2.01069616055291,0.312280389165358
48.7867,121.795,"DIORITE, QUARTZ [23934]",15.7117869312729,36.0051394483923,4.48495076766501,18.9246774285066,4.37906709880501,1.15513584685934,4.28128028770732,0.658672553968261,4.16209146624079,0.859781922753893,2.47449700230317,0.357152208665533,2.48403666904712,0.376938467132884
48.7867,121.795,"DIORITE, QUARTZ [23934]",14.7830194467124,34.8605713884446,4.39048585109226,18.4227227719839,4.1110701265479,1.12955857608099,4.16293101935136,0.679118303553698,4.0613687891317,0.819726767364082,2.35118704652849,0.359144601648455,2.23986524138603,0.349451185343858
48.7867,121.795,"DIORITE, QUARTZ [23934]",14.9869849491503,35.0129746642587,4.30971222116432,17.856084652269,3.96355542824991,1.06631566628524,4.03354873397368,0.637831280317034,3.98541276367692,0.82356761605111,2.33411519935206,0.364905031902896,2.33477595110878,0.357140671969118
48.8078,121.7025,"DIORITE [23934]",35.3532863330695,82.9540241954298,10.5665025346779,44.4013649035692,9.54326359546032,2.40427470415139,9.07437086587596,1.43587702048967,8.36378364179914,1.65280716960471,4.64426632559941,0.720967699986252,4.4894315725781,0.669018123264064
48.8078,121.7025,"DIORITE [23934]",36.4723490536822,85.5906973293609,10.7954088275729,45.0192647731796,9.48480808284964,2.43452496557229,9.01133040626275,1.43889077953914,8.34611204628727,1.6993410820229,4.72159967300105,0.720132929912997,4.50482770978302,0.678025153653623
48.8078,121.7025,"DIORITE [23934]",34.6686368517031,80.838571601249,10.3614649892245,43.8189102540845,9.47857916380767,2.43930266874725,9.0140446932677,1.41458200215647,8.27207406549463,1.68412420625795,4.70950326684399,0.717362439371245,4.39980948863716,0.686231317100034
48.8078,121.7025,"DIORITE [23934]",34.3896836641092,81.9742398581663,10.5100243262481,43.8396454671605,9.1334306988668,2.31081620759338,8.90113085422156,1.42419639163945,8.10020919931364,1.63536618765483,4.59247154938167,0.695843338129055,4.45143495656674,0.66880932810398
65,-110,"DIORITE, QUARTZ [5839]",21.1,49.6,6.3,26.4,5.81,1.13,6.3,1,6.3,1.35,3.71,0.55,3.71,0.56
65,-110,"DIORITE, QUARTZ [5839]",71,159,19.7,83,15,3.59,12,1.22,5.65,2.18,0.95,0.28,1.64,0.24
65,-110,"DIORITE, QUARTZ [5839]",63,150,18.8,77,13.4,2.63,8.7,1.01,4.91,2.14,0.86,0.29,1.81,0.28
-35.0595,-72.2437,"DIORITE [23943]",27.66,64.34,8.83,36.38,8.48,1.87,7.24,1.09,6.02,1.28,3.85,0.56,3.82,0.56
-35.0491,-71.7673,"DIORITE [23943]",12.9,29.6,3.84,17.1,4.1,1.22,3.9,0.6,3.6,0.7,2.2,0.32,2,0.3
-35.1327,-71.8393,"DIORITE [23943]",34.94,80.4,10.1,40.31,8.96,1.99,7.43,1,5.39,1.1,3.32,0.46,3.18,0.47
-35.1484,-71.8869,"DIORITE [23943]",14.77,34.74,4.98,19.66,5.37,1.53,4.64,0.69,3.97,0.84,2.44,0.35,2.36,0.35
36.3611,94.4105,"DIORITE, QUARTZ [23954]",37.9,72.9,8.04,31.4,5.88,1.22,5.37,0.71,3.89,0.74,2.02,0.25,1.52,0.22
36.1744,97.0196,"DIORITE, QUARTZ [23954]",24.2,49.4,5.73,21.4,4.16,1.06,3.54,0.48,2.68,0.51,1.44,0.19,1.3,0.18
46.4231,15.4331,"DIORITE, QUARTZ [23957]",24,47,5.1,19,4.3,1.2,3.6,0.54,2.7,0.57,1.4,0.17,1.2,0.16
46.4231,15.4331,"DIORITE, QUARTZ [23957]",29,58,6.1,22,4.7,1.2,3.8,0.57,2.8,0.59,1.5,0.2,1.4,0.2
46.4231,15.4331,"DIORITE, QUARTZ [23957]",39,70,6.8,24,4.7,1.4,4.1,0.59,3,0.64,1.6,0.22,1.6,0.22
23,113.5,"DIORITE [23964]",42.3,93.9,11.8,46.3,8.63,1.63,7.6,1.11,6.06,1.21,3.27,0.48,3.23,0.53
23,113.5,"DIORITE [23964]",48.1,107,13.4,52.7,10,1.95,8.83,1.3,7.11,1.39,3.7,0.53,3.51,0.54
29,88.5,"DIORITE [23971]",17.1,38.1,4.8,19.3,4.41,1.08,3.16,0.46,1.77,0.27,0.68,0.08,0.52,0.07
29,88.5,"DIORITE [23971]",12.8,26.4,3.73,15.5,3.81,0.91,2.46,0.4,1.63,0.23,0.63,0.08,0.49,0.07
29,88.5,"DIORITE [23971]",17.6,36.7,4.43,18.1,4.41,0.98,2.73,0.45,1.69,0.25,0.61,0.07,0.53,0.06
29,88.5,"DIORITE [23971]",14.3,30.7,3.91,16.9,3.87,1.02,2.87,0.38,1.6,0.24,0.64,0.08,0.49,0.07
29,88.5,"DIORITE [23971]",14.9,32,4.01,16.4,3.45,0.78,2.58,0.37,1.67,0.24,0.64,0.08,0.56,0.08
29,88.5,"DIORITE [23971]",14.2,29.7,3.66,15.9,3.6,0.93,2.89,0.39,1.65,0.24,0.64,0.08,0.56,0.08
29,88.5,"DIORITE [23971]",13.8,32,3.72,15.1,3.21,0.78,2.67,0.39,1.55,0.23,0.63,0.08,0.5,0.07
29,88.5,"DIORITE [23971]",14.8,29.7,3.84,14.8,3.44,0.85,2.41,0.37,1.57,0.23,0.63,0.08,0.55,0.07
29,88.5,"DIORITE [23971]",14.2,30.9,3.7,16.1,3.47,0.81,2.79,0.4,1.59,0.24,0.68,0.09,0.54,0.08
29,88.5,"DIORITE [23971]",16.2,34.1,4.24,17.5,3.27,0.9,2.43,0.27,1.36,0.21,0.5,0.06,0.41,0.06
29,88.5,"DIORITE [23971]",18.2,37.8,4.61,19.1,3.38,0.87,2.43,0.29,1.33,0.22,0.51,0.07,0.42,0.05
29,88.5,"DIORITE [23971]",18.3,38.4,4.73,19.3,3.44,0.9,2.46,0.28,1.33,0.21,0.52,0.06,0.4,0.06
29,88.5,"DIORITE [23971]",24.2,47,6,24.5,4.61,1.29,3.26,0.44,2.14,0.4,0.96,0.14,0.82,0.12
29,88.5,"DIORITE [23971]",25.6,47.1,6.62,28.7,4.8,1.28,3.25,0.41,1.88,0.34,0.83,0.12,0.75,0.11
29,88.5,"DIORITE [23971]",25.5,48.1,6.89,29.8,4.94,1.28,3.37,0.41,1.9,0.35,0.86,0.13,0.76,0.11
30.0033,93.9117,"DIORITE [23980]",24.7,49.2,6.43,26.9,6.19,1.83,6.17,1.06,6.1,1.29,3.53,0.5,3.17,0.5
30.0033,93.9117,"DIORITE [23980]",24.8477522478724,51.8754473547555,6.51274637376019,27.5159450322171,6.33957560735786,1.92238431797714,6.54611809957898,1.06454692216634,6.70619766118661,1.27044970982293,3.9126324280662,0.520288724241463,3.21659282506064,0.472050228853906
30.0064,93.9114,"DIORITE [23980]",26.1,62.1,7.24,32.4,7.3,2.08,6.84,1.15,6.85,1.32,3.55,0.51,3.19,0.49
30.0064,93.9114,"DIORITE [23980]",30.7,73.2,8.27,34.7,6.52,1.65,5.3,0.72,3.96,0.74,1.99,0.29,1.82,0.28
30.0064,93.9114,"DIORITE [23980]",24.1,57.7,6.65,28.8,6.73,1.98,6.28,1.1,6.41,1.24,3.36,0.49,2.99,0.47
30.0064,93.9114,"DIORITE [23980]",19.4,39.7,5.43,27.1,5.11,1.45,5.01,0.85,4.88,0.96,2.51,0.37,2.29,0.35
49.1556,127.0833,"DIORITE, QUARTZ [23999]",30.109502546111,60.9387599555356,6.84405479286227,27.2421044980159,4.63812682655846,1.31000377019894,3.32101583916195,0.438538804171029,2.35787140574429,0.416423356648437,1.18105995801249,0.19136353034434,1.12827355925046,0.163262111628452
49.1556,127.0833,"DIORITE, QUARTZ [23999]",31.6650959938457,63.9906691912253,7.35416217271012,28.1058979648302,4.76407524634237,1.42120625549977,3.57644164789142,0.449806306961389,2.39738396433098,0.439396111736475,1.19357654244741,0.174476335040328,1.07963930961577,0.175163451327251
49.1556,127.0833,"DIORITE, QUARTZ [23999]",31.74093965941,61.9011722978314,6.9354945763051,26.0766202382999,4.17424860917688,1.33532690447557,2.86105458736413,0.362285188581321,1.93435861451532,0.354162242462664,1.014503377144,0.142116893407759,1.00141424540716,0.157537606832934
49.1556,127.0833,"DIORITE, QUARTZ [23999]",22.5294361871441,44.5264387754945,5.14038077876458,19.809565156372,3.624135843459,1.04072196985654,2.75374105350571,0.365105546947077,2.06576573313845,0.373504150422158,1.12603393368819,0.149263031395368,1.00668438162056,0.155370346377214
49.1556,127.0833,"DIORITE, QUARTZ [23999]",22.4264132802414,44.1642888146646,5.07180537276773,19.0275446078072,3.48219904182125,1.04866728899683,2.97583168164732,0.393510240445778,2.12210349150638,0.400400036716996,1.17401860431235,0.161648122761564,1.08897508976704,0.174611792090784
49.1556,127.0833,"DIORITE, QUARTZ [23999]",28.0394675308223,54.6114917902112,6.13113219181822,22.9117710488309,4.45916525513938,1.06817370303912,3.56099444093648,0.482544554381895,2.7378768227506,0.500789706120365,1.43272372803743,0.211227640717286,1.33802219363364,0.224735197647963
49.1556,127.0833,"DIORITE, QUARTZ [23999]",29.3770791231806,58.7879002406332,6.74992424432126,25.472126582454,4.16894981151731,1.17895289877681,3.28138074363732,0.458041341959978,2.38220749021691,0.438689653057048,1.25376377544896,0.172057876770851,1.09337272452798,0.184495668696036
49.1556,127.0833,"DIORITE, QUARTZ [23999]",24.5335642944853,47.1102943684636,5.19465329827631,19.0590801630033,3.29234579050198,0.967646952200446,2.57578440662612,0.377702891824392,1.91774649356176,0.399136841239096,1.13175289785397,0.159944068581268,1.0327387117341,0.171510213366861
49.1556,127.0833,"DIORITE, QUARTZ [23999]",28.0926380013666,55.4600551453629,6.39151426542972,24.6257350352018,4.46301557476415,1.23374014426418,3.17456605326847,0.434026799328395,2.40169425619145,0.464479046236257,1.27702068326535,0.176436024399948,0.97790931247843,0.169747795232447
49.1556,127.0833,"DIORITE, QUARTZ [23999]",32.5090714271025,63.2686663758329,6.97465172609369,26.0508138542458,4.31375322987669,1.13814022803228,3.30178597919852,0.467875678445862,2.61679970530875,0.497081560615884,1.44660312100396,0.217007146516956,1.27226002545807,0.217935175619855
42.5,92,"DIORITE, QUARTZ [24002]",15.1,28.9,3.74,16.2,3.45,0.88,3.33,0.51,3.13,0.66,2.03,0.3,2.07,0.33
42.5,92,"DIORITE, QUARTZ [24002]",16.2,32.2,4.24,18.4,4.05,1.04,4.02,0.61,3.71,0.84,2.54,0.38,2.42,0.38
42.5,92,"DIORITE, QUARTZ [24002]",10.3,19.9,2.42,10.2,2.5,0.76,2.33,0.4,2.65,0.59,1.89,0.34,2.55,0.4
42.5,92,"DIORITE, QUARTZ [24002]",13.3,26.1,3.54,15.2,3.58,0.88,3.84,0.6,3.46,0.8,2.47,0.37,2.54,0.38
42.5,92,"DIORITE, QUARTZ [24002]",14.4,28.6,3.82,15.8,3.64,0.96,3.57,0.57,3.33,0.71,2.15,0.32,2.24,0.34
42.5,92,"DIORITE, QUARTZ [24002]",17,34.7,4.44,18,4.18,1.1,4.09,0.58,3.69,0.81,2.32,0.36,2.32,0.38
42.5,92,"DIORITE, QUARTZ [24002]",18.2,36.4,4.6,18.9,4.73,1.06,4.2,0.59,3.73,0.84,2.48,0.37,2.58,0.4
42.5,92,"DIORITE, QUARTZ [24002]",16.1,31.9,4.17,17.3,4.25,1.08,3.86,0.58,3.86,0.81,2.52,0.39,2.51,0.41
42.5,92,"DIORITE, QUARTZ [24002]",17.1,33.6,4.39,17.8,4.44,1.04,4.18,0.63,3.77,0.82,2.47,0.37,2.38,0.38
-24.634,29.9391,"DIORITE [24019]",17,50,6.8,31,8,6.5,7.4,1.2,6.8,1.4,3.8,0.62,4.6,0.87
-11.6,-47,"DIORITE, QUARTZ [24023]",26.6,48,5.72,21.6,3.9,1.28,3.3,0.5,2.6,0.5,1.5,0.22,1.4,0.21
-11.6,-47,"DIORITE, QUARTZ [24023]",25.7,43.1,4.67,15.1,2.2,1.17,1.5,0.2,1,0.2,0.7,0.09,0.6,0.1
-11.6,-47,"DIORITE, QUARTZ [24023]",23.7,45,6.14,25.1,5,1.78,4.2,0.5,2.8,0.5,1.3,0.16,0.9,0.14
-11.6,-47,"DIORITE [24023]",58.9,115,13.1,52.2,9.8,1.55,5.7,0.4,1.5,0.2,0.5,0.06,0.3,0.04
51.4975,124.3861,"DIORITE [24069]",36.54,70.35,8.176,28.63,5.059,1.155,3.542,0.532,3.034,0.644,1.52,0.223,1.538,0.222
-19.66,-67,"DIORITE [17221]",46.472,97.303,12.742,53.51,9.987,2.041,7.694,1.046,4.917,0.833,1.949,0.271,1.57,0.222
-19.66,-67,"DIORITE [17221]",11.947,31.074,5.05,26.271,7.056,1.9185,7.076,1.028,5.2985,0.956,2.324,0.319,1.9425,0.29
-19.66,-67,"DIORITE [17221]",34.76,71.09,8.947,34.53,5.4175,1.7825,3.51,0.391,1.652,0.267,0.614,0.095,0.543,0.085
-19.66,-67,"DIORITE [17221]",39.25,78.3,9.748,37.75,6.9535,1.5685,5.375,0.683,3.051,0.523,1.197,0.187,1.085,0.176
31.5,90.5,"DIORITE [24079]",24.96,60.55,8.465,38.19,7.801,1.9,6.843,1.038,6.113,1.236,3.299,0.458,2.843,0.425
31.5,90.5,"DIORITE [24079]",25.16,59.63,7.964,34.64,7.19,1.642,6.605,1.085,6.335,1.313,3.488,0.512,3.173,0.478
31.5,90.5,"DIORITE [24079]",25.4,52.46,5.708,20.05,3.349,0.956,3.305,0.513,3.092,0.656,1.781,0.264,1.73,0.264
31.5,90.5,"DIORITE [24079]",24.14,51.73,5.998,22.27,4.044,1.147,3.882,0.599,3.681,0.755,2.081,0.307,2.002,0.307
31.5,90.5,"DIORITE [24079]",25.84,50.94,6.121,24.82,5.073,1.276,4.844,0.764,4.637,0.96,2.565,0.368,2.332,0.347
31.5,90.5,"DIORITE [24079]",37.53,81.49,10.02,41.29,8.136,1.841,7.536,1.181,7.063,1.417,3.798,0.542,3.465,0.507
31.5,90.5,"DIORITE [24079]",26.27,52.19,5.784,20.07,3.514,0.965,3.604,0.55,3.339,0.714,1.932,0.29,1.87,0.293
31.5,90.5,"DIORITE [24079]",28.57,64.34,8.593,37,7.882,1.8,7.244,1.175,6.824,1.426,3.713,0.531,3.32,0.489
31.5,90.5,"DIORITE [24079]",23.41,50.46,6.172,24.69,5.152,1.339,5.137,0.818,5.019,1.037,2.777,0.401,2.593,0.383
31.5,90.5,"DIORITE [24079]",24.52,54.87,6.891,27.31,5.345,1.367,5.213,0.84,5.066,1.076,2.839,0.422,2.685,0.409
31.5,90.5,"DIORITE [24079]",23.6,51.52,6.358,25.3,4.921,1.294,4.882,0.788,4.731,0.99,2.597,0.381,2.453,0.361
31.5,90.5,"DIORITE [24079]",27.84,65.09,8.241,35.24,6.994,1.66,6.77,1.069,6.341,1.349,3.529,0.521,3.237,0.5
31.5,90.5,"DIORITE [24079]",24.75,59.15,7.514,30.13,5.985,1.563,5.917,0.939,5.671,1.204,3.212,0.477,3.058,0.469
31.5,90.5,"DIORITE [24079]",27.98,53.56,6.235,23.69,4.564,1.234,4.32,0.663,3.978,0.814,2.153,0.32,1.969,0.305
31.5,90.5,"DIORITE [24079]",25.73,50.27,5.932,23.3,4.549,1.19,4.397,0.678,4.089,0.842,2.211,0.33,2.071,0.321
31.5,90.5,"DIORITE [24079]",24.47,46.95,5.564,21.7,4.179,1.195,4.026,0.619,3.637,0.751,1.992,0.292,1.843,0.282
31.5,90.5,"DIORITE [24079]",34.24,65.99,7.514,28.26,5.217,1.281,4.971,0.74,4.441,0.917,2.473,0.363,2.355,0.354
31.5,90.5,"DIORITE [24079]",24.74,47.03,5.589,21.26,4.084,1.055,3.829,0.582,3.491,0.709,1.898,0.278,1.808,0.27
-38.12,176.5,"DIORITE [7263]",7,23,2.3,9.3,2.4,0.7,2.5,0.4,2.5,0.6,1.5,0.2,1.6,0.2
-38.7,176.1,"DIORITE, QUARTZ [7263]",7.7,16.8,2.1,8.6,2,0.7,2,0.3,1.8,0.4,1,0.1,1.1,0.2
-38.7,176.1,"DIORITE [7263]",15.7,35.4,5.2,22.7,5.5,1.7,5.6,0.9,5.2,1.1,3.1,0.5,3.3,0.5
-38.7,176.1,"DIORITE, QUARTZ [7263]",11.1,23,2.8,11.1,2.4,0.8,2.4,0.4,2.1,0.4,1.2,0.2,1.2,0.2
-38.7,176.1,"DIORITE, QUARTZ [7263]",9.8,20.6,2.5,10,2,0.7,2,0.3,1.7,0.4,0.9,0.1,0.9,0.1
-37.52,177.18,"DIORITE [7263]",8.9,19.3,2.4,9.8,2.4,0.8,3,0.5,3.2,0.7,2,0.3,2.1,0.3
40.5,119.5,"DIORITE [24094]",39.691,83.865,10.74,43.415,7.69,1.9,6.694,1.005,5.642,1.156,2.977,0.436,2.759,0.419
40.5,119.5,"DIORITE [24094]",23.624,58.718,9.285,47.739,11.349,3.142,10.572,1.378,6.62,1.155,2.477,0.301,1.737,0.251
40.5,119.5,"DIORITE [24094]",32.61,68.139,8.693,36.373,6.797,1.971,5.741,0.778,3.937,0.743,1.931,0.274,1.725,0.252
40.5,119.5,"DIORITE [24094]",33.606,68.503,8.708,36.246,6.755,1.955,5.675,0.769,3.886,0.753,1.882,0.272,1.707,0.246
40.36,39.56,"DIORITE, QUARTZ [24097]",9.1,18.6,2.2,8.9,2.13,0.7,2.38,0.45,2.61,0.6,1.81,0.29,1.8,0.29
40.36,39.56,"DIORITE, QUARTZ [24097]",8.9,18.5,2.14,9.4,2.09,0.68,2.27,0.42,2.48,0.57,1.75,0.27,1.65,0.26
40.36,39.56,"DIORITE, QUARTZ [24097]",9.1,19.1,2.24,9.2,2.24,0.71,2.47,0.45,2.71,0.59,1.74,0.3,1.79,0.29
40.36,39.56,"DIORITE, QUARTZ [24097]",9.4,19.6,2.3,9.7,2.27,0.71,2.51,0.46,2.75,0.6,1.86,0.3,1.85,0.3
40.36,39.56,"DIORITE, QUARTZ [24097]",9.2,19.6,2.28,9.3,2.19,0.7,2.48,0.45,2.72,0.58,1.79,0.29,1.84,0.28
40.36,39.56,"DIORITE, QUARTZ [24097]",9,17.9,2.2,9,2.13,0.69,2.41,0.42,2.67,0.57,1.85,0.26,1.84,0.28
40.36,39.56,"DIORITE, QUARTZ [24097]",9.7,18.9,2.17,9.6,1.91,0.68,2.5,0.42,2.73,0.6,1.93,0.28,1.77,0.28
40.36,39.56,"DIORITE, QUARTZ [24097]",10.3,20.1,2.25,9.6,2.1,0.68,2.4,0.42,2.58,0.58,1.89,0.27,1.81,0.28
40.36,39.56,"DIORITE, QUARTZ [24097]",10,19.5,2.26,9.5,2.11,0.69,2.47,0.42,2.7,0.6,1.73,0.28,1.8,0.3
40.36,39.56,"DIORITE, QUARTZ [24097]",8.4,17.2,2.06,8.3,1.96,0.69,2.28,0.4,2.71,0.56,1.74,0.24,1.87,0.26
40.36,39.56,"DIORITE, QUARTZ [24097]",8.8,17.7,2.1,8.3,2.15,0.66,2.35,0.42,2.52,0.57,1.83,0.26,1.69,0.26
40.36,39.56,"DIORITE, QUARTZ [24097]",9,17.7,2.14,8.5,2.19,0.65,2.36,0.42,2.58,0.57,1.89,0.25,1.89,0.28
40.36,39.56,"DIORITE, QUARTZ [24097]",9.1,17.7,2.13,8.6,2.13,0.72,2.52,0.43,2.71,0.62,1.82,0.28,1.76,0.29
40.36,39.56,"DIORITE, QUARTZ [24097]",10.4,20.4,2.3,9.9,2.06,0.68,2.53,0.42,2.8,0.6,1.77,0.26,1.94,0.29
34.4463,110.2057,"DIORITE [24107]",152.22,317.8,36.1,137.42,30.5,0.77,29.76,4.6,29.74,5.73,16.16,2.27,13.68,1.88
51,40,"DIORITE, QUARTZ [24113]",29.7,62.6,7.86,34.04,3.79,1.85,4.83,0.65,3.3,0.64,1.7,0.23,1.4,0.19
51,40,"DIORITE, QUARTZ [24113]",27.4,56.6,7.2,29.5,5.39,1.76,4.63,0.59,2.91,0.57,1.51,0.18,1.26,0.19
51,40,"DIORITE, QUARTZ [24113]",27.8,61.5,8,33.2,6.81,1.46,5.21,0.73,3.67,0.68,1.87,0.26,1.64,0.24
51,40,"DIORITE, QUARTZ [24113]",25,55.1,7.27,29.8,5.89,1.28,4.31,0.6,3.03,0.57,1.49,0.21,1.3,0.18
51,40,"DIORITE, QUARTZ [24113]",23.1660531788107,41.5737993260182,4.23548820120824,16.85,2.7,0.93558617263538,1.84941627607151,0.231592001125279,1.27108252167838,0.230350223975671,0.654710126166112,0.0932661406320634,0.648438622446883,0.101563062507706
51,40,"DIORITE, QUARTZ [24113]",43.1071373545952,85.7235767660427,9.42571835759957,35.3095774593637,5.9855269239658,1.40726319545543,4.37017564132193,0.605962560665588,3.16739850550805,0.573761651644712,1.60291002234034,0.224308604884061,1.45855481087744,0.21589245820815
51,40,"DIORITE, QUARTZ [24113]",27.0251737194691,73.516789414555,10.4467190945783,48.6595826571797,9.68005450838431,1.93572661167159,7.06477735643977,1.00795672667562,5.72454903978574,1.11748429243124,3.3257708151292,0.454978571131361,3.07239004701868,0.456955020180585
51,40,"DIORITE, QUARTZ [24113]",24.1113779165166,64.8358746548205,9.50380197702805,43.3172549725857,9.0059330852043,1.7301206007791,6.47525487643819,0.946129040271673,5.45691883681954,1.04972585744587,3.05907071677272,0.423920438628087,2.69217993356545,0.421259054708448
51,40,"DIORITE, QUARTZ [24113]",28.5,56.1,6.29,24.6,4.9,1.29,3.75,0.54,3.05,0.57,1.51,0.23,1.39,0.21
40,-4.5,"DIORITE [24117]",16.4,33.5,4.13,18,4.36,1.16,4.75,0.81,4.69,0.96,2.84,0.424,2.68,0.434
40,-4.5,"DIORITE [24117]",17.6,37,4.54,19.5,4.79,1.3,5.57,0.92,5.33,1.11,3.26,0.469,2.95,0.465
40,-4.5,"DIORITE [24117]",16,33.7,4.15,17.6,4.36,1.08,4.87,0.81,4.62,0.93,2.77,0.426,2.8,0.438
40,-4.5,"DIORITE [24117]",14.3,28.4,3.31,14,3.52,0.951,3.71,0.64,3.91,0.79,2.31,0.35,2.25,0.36
40,-4.5,"DIORITE [24117]",21.1,43.7,5.19,21.6,4.88,1.27,4.78,0.79,4.8,0.9,2.64,0.368,2.3,0.37
41.8,102.8,"DIORITE [24118]",14.08,29.98,3.66,15.08,3.61,1.02,3.73,0.64,4,0.83,2.45,0.38,2.53,0.38
41.8,102.8,"DIORITE [24118]",15.09,32.17,3.89,15.84,3.74,1.05,3.72,0.65,4.09,0.85,2.52,0.39,2.59,0.4
41.8,102.8,"DIORITE [24118]",17.02,37.79,3.96,16.72,3.75,1.01,3.84,0.66,4.26,0.86,2.39,0.38,2.34,0.38
41.8,102.8,"DIORITE [24118]",17.74,38.9,4.03,17.56,3.83,1,4.02,0.68,4.33,0.83,2.52,0.38,2.58,0.39
37.0425,76.9208,"DIORITE [24134]",38.2,6.41,1.74481088063949,5.05980005117576,0.717,3.39,0.612,1.8,0.212,1.56,0.211,4.54,0.907355582615967,0.938
37.0425,76.9208,"DIORITE [24134]",39.7,6.32,1.66279266934618,5.10287796907923,0.667,3.24,0.597,1.73,0.235,1.52,0.229,4.57,0.928856899739569,0.695
37.0425,76.9208,"DIORITE [24134]",35.5,5.41,1.4997414668749,4.54869375378465,0.614,2.98,0.514,1.68,0.191,1.33,0.2,4.29,0.735345045627158,0.903
37.0425,76.9208,"DIORITE [24134]",39.9,5.96,1.6554277285964,4.81507084078003,0.647,3.05,0.533,1.72,0.204,1.39,0.22,4.47,0.825650577546283,3.59
37.0425,76.9208,"DIORITE [24134]",36.5,5.34,1.46521393208985,4.50146309877186,0.578,2.76,0.511,1.48,0.192,1.33,0.188,4.58,0.623538196584433,0.789
48,-89,"DIORITE, QUARTZ [24141]",65.5,148.5,19.4,58.1,13.6,3.5,8.2,0.9,4.5,0.8,1.8,0.2,1.4,0.2
44.5,117,"DIORITE, HORNBLENDE [24147]",3.19,15.8,3.76,24.6,10.9,1.34,12.1,3.02,21.9,4.84,14.4,2.25,14.2,2.09
44.5,117,"DIORITE, HORNBLENDE [24147]",1.4,4.5,0.71,4.12,1.44,0.26,1.61,0.39,2.67,0.65,1.93,0.4,2.87,0.49
44.5,117,"DIORITE, HORNBLENDE [24147]",4.07,19.6,4.65,29.6,12.9,1.64,14.1,3.59,25.2,5.51,16.4,2.59,16.5,2.47
44.5,117,"DIORITE, HORNBLENDE [24147]",3.21,15.7,3.64,22.9,9.84,1.29,10.6,2.67,19.1,4.23,12.2,1.93,12.3,1.83
44.5,117,"DIORITE, HORNBLENDE [24147]",3.42,15.4,3.48,23.1,9.23,1.26,11.3,2.64,17.2,4.14,12,2.06,13.6,2.02
44.5,117,"DIORITE [24147]",11.2,26.8,3.94,17.6,4.42,1.08,4.04,0.7,4.33,0.86,2.43,0.36,2.31,0.34
44.5,117,"DIORITE [24147]",10.6,26.8,4.09,19.9,5.82,1.12,5.19,0.98,5.99,1.17,3.18,0.44,2.61,0.38
44.5,117,"DIORITE [24147]",11.5,28.1,4.02,18.2,4.66,1.11,4.2,0.72,4.36,0.88,2.37,0.36,2.28,0.35
44.5,117,"DIORITE [24147]",12.1,28.1,4,18.8,4.25,1.13,3.86,0.72,3.98,0.83,2.38,0.37,2.46,0.37
44.5,117,"DIORITE [24147]",11.1,26.4,3.87,18.5,4.37,1.01,4.04,0.73,4.03,0.84,2.36,0.38,2.38,0.35
44.5,117,"DIORITE [24147]",3.26,9.52,1.63,8.56,3.12,0.9,3.2,0.7,4.73,1,2.98,0.46,2.95,0.45
44.5,117,"DIORITE [24147]",4.1,11.8,1.98,10.4,3.43,1.05,3.68,0.75,5.05,1.08,3.08,0.47,3,0.45
44.5,117,"DIORITE [24147]",3.76,9.99,1.53,7.95,2.47,0.9,2.62,0.57,3.76,0.79,2.35,0.37,2.53,0.39
44.5,117,"DIORITE [24147]",11.2,25.7,3.36,14.5,3.68,0.91,3.87,0.63,4.06,0.81,2.35,0.36,2.32,0.35
44.5,117,"DIORITE [24147]",11.9,27.7,3.57,15.4,3.93,0.91,3.99,0.68,4.26,0.86,2.46,0.37,2.46,0.35
44.5,117,"DIORITE [24147]",11.3,22.2,2.76,12,2.92,0.83,2.92,0.58,3.38,0.72,2.07,0.33,2.29,0.34
44.5,117,"DIORITE [24147]",9.18,20.8,2.69,11.8,3.1,0.92,3.31,0.58,3.5,0.74,2.11,0.31,2.1,0.31
44.5,117,"DIORITE [24147]",12.1,27.8,3.86,15.1,3.65,0.84,3.62,0.75,4.26,0.87,2.51,0.42,2.55,0.38
-0.5043,100.7063,"DIORITE [24168]",12,29.9,4.13,18.6,4.51,0.91,4.6,0.71,4.47,0.93,2.76,0.42,2.78,0.43
22.7716666666667,103.495833333333,"DIORITE [24172]",24.1,49,5.3,23.2,5.1,1.5,4.3,0.6,3.4,0.6,1.7,0.2,1.5,0.2
22.7877777777778,103.463611111111,"DIORITE [24172]",26.2,55,6.1,26.6,5.8,1.6,4.6,0.7,3.5,0.6,1.7,0.2,1.6,0.2
22.70875,103.376361111111,"DIORITE [24172]",35.4,70.6,7.6,33,6,1.7,5.3,0.7,3.7,0.7,1.9,0.3,1.7,0.2
22.6680833333333,103.358027777778,"DIORITE [24172]",44.2,88.4,9.7,41.1,7.1,2,5.8,0.7,3.7,0.7,1.7,0.2,1.5,0.2
42.5,93.5,"DIORITE [24223]",12.3,26.9,3.62,15.8,3.59,1.03,3.72,0.63,3.96,0.86,2.45,0.38,2.4,0.39
42.5,93.5,"DIORITE [24223]",12.1,27,3.56,15.3,3.66,1.09,3.86,0.62,3.84,0.82,2.32,0.36,2.26,0.36
42.5,93.5,"DIORITE [24223]",9.84,22.8,3.09,13.6,3.43,0.74,3.58,0.58,3.53,0.73,2.07,0.32,2.04,0.32
42.5,93.5,"DIORITE [24223]",8.97,20.7,2.81,12.2,2.94,0.76,3.07,0.49,3.05,0.64,1.84,0.28,1.87,0.29
42.5,93.5,"DIORITE [24223]",12.4,27.9,3.64,15.5,3.67,1.14,3.72,0.59,3.64,0.76,2.14,0.33,2.11,0.33
42.5,93.5,"DIORITE [24223]",11.7,26.4,3.48,15,3.4,0.9,3.38,0.56,3.4,0.71,1.99,0.31,1.91,0.31
42.5,93.5,"DIORITE [24223]",13.3,29.6,3.88,16.6,3.54,0.85,3.44,0.57,3.4,0.73,2.03,0.32,2.03,0.32
21.515083,70.559444,"DIORITE [24243]",41.7,63.9,6.58,21.3,3.32,1.05,3.03,0.47,2.63,0.51,1.67,0.25,1.79,0.29
8,125,"DIORITE [15765]",10.8,25.1,3.43,15,3.51,0.96,3.53,0.62,3.7,0.8,2.34,0.38,2.5,0.37
8,125,"DIORITE [15765]",12.8,30.4,3.98,16.7,3.93,1.04,3.93,0.7,4.21,0.93,2.69,0.4,2.9,0.45
8,125,"DIORITE [15765]",13.7,32.7,4.22,18.2,4.49,1.11,4.59,0.81,4.91,1.04,3.02,0.45,3.22,0.47
66.25,33.75,"DIORITE, QUARTZ [5792]",15.9,30.8,3.25,14.98,2.96,0.88,2.32,0.3,1.79,0.21,0.77,0.12,0.72,0.04
28.70861,91.58972,"DIORITE, QUARTZ [24262]",55.3,124,16.9,71,15.8,5.43,14.2,1.97,11.1,2.17,5.37,0.72,4.44,0.64
28.70833,91.58917,"DIORITE, QUARTZ [24262]",62.9,139,18.2,79.4,17.1,5.99,15.2,2.22,12.3,2.25,5.63,0.78,4.76,0.66
28.70833,91.58917,"DIORITE, QUARTZ [24262]",57.3,127,16.7,71.7,16,5.16,14.1,2.04,11.2,2.03,5.22,0.72,4.4,0.63
28.70833,91.58917,"DIORITE [24262]",57.1,129,17.1,74.3,16.3,5.39,14.6,2.08,11.5,2.1,5.35,0.73,4.35,0.64
28.66778,91.55278,"DIORITE [24262]",57.1,128,17.2,74.2,16.3,5.47,14.6,2.1,11.6,2.07,5.37,0.75,4.36,0.65
28.66778,91.55278,"DIORITE [24262]",53.5,120,16.3,71.3,15.7,5.49,14.4,2.1,11.2,2.06,5.2,0.7,4.28,0.62
28.66778,91.55278,"DIORITE [24262]",54,123,16.7,75.1,16.6,5.74,14.9,2.16,11.7,2.11,5.39,0.73,4.39,0.64
28.70361,91.61639,"DIORITE, QUARTZ [24262]",54.7,124,16.5,73.6,16.2,5.74,14.9,2.09,11.7,2.08,5.41,0.73,4.44,0.63
37,45,"DIORITE [24264]",28.6,59.8,7.18,29.1,6.43,1.3,6.88,1.12,6.42,1.42,4.18,0.6,4.22,0.61
37,45,"DIORITE [24264]",26.6,56.2,6.39,26.2,5.94,1.67,6.18,1.04,5.95,1.34,3.69,0.58,3.73,0.61
37,45,"DIORITE [24264]",28.3,55.8,6.28,22.5,4.23,1.24,3.5,0.54,3.03,0.66,2.3,0.33,2.53,0.47
37,45,"DIORITE [24264]",34.1,47.8,3.84,12.6,1.8,0.76,1.56,0.25,1.51,0.37,1.14,0.22,1.68,0.32
35.6941,127.8424,"DIORITE [24283]",56,109,11.7,40.1,7,1.51,5.1,0.7,4,0.7,1.9,0.27,1.7,0.26
33.3421,60.1191,"DIORITE, QUARTZ [24276]",10.71,24.05,3.06,12.78,2.91,0.77,2.42,0.38,2.36,0.49,1.35,0.21,1.43,0.22
37.5,76,"DIORITE [24287]",3.4,9.6,1.5,8.5,3.1,0.8,4.6,0.8,5.8,1.3,3.9,0.6,3.9,0.6
37.5,76,"DIORITE [24287]",3.4,9.5,1.5,8.4,3.1,0.7,4.5,0.8,5.7,1.2,3.8,0.6,3.8,0.6
37.5,76,"DIORITE [24287]",3.3,9.4,1.5,8.5,3.2,0.7,4.8,0.9,6,1.3,4.1,0.6,4,0.6
39.13,91.85,"DIORITE [24296]",20.2,45,5.11,21,4.09,0.988,4.25,0.685,4.17,0.845,2.49,0.356,2.41,0.358
39.13,91.85,"DIORITE [24296]",29.6,69.2,8.05,33.3,6.5,1.18,6.54,1.07,6.29,1.28,3.65,0.531,3.44,0.526
39.13,91.85,"DIORITE [24296]",34.6,70.6,7.76,29.8,5.96,1.31,5.87,0.88,5.2,1.06,3.04,0.426,2.85,0.421
39.13,91.85,"DIORITE [24296]",31.9,67.8,7.3,29.6,5.87,1.17,5.99,0.926,5.4,1.13,3.36,0.477,3.1,0.462
36.5,95.4,"DIORITE [24307]",20.3,43.7,5.58,22.7,4.86,1.51,4.48,0.69,3.99,0.81,2.24,0.35,2.17,0.33
36.5,95.4,"DIORITE [24307]",20.5,44,5.55,22.8,5.02,1.41,4.68,0.69,4.19,0.81,2.27,0.36,2.16,0.32
-22,15.8,"DIORITE, QUARTZ [24317]",67.5,113,11.1,36.9,5.94,1.54,4.75,0.7,3.85,0.73,2.05,0.293,2,0.314
-22,15.8,"DIORITE, QUARTZ [24317]",15.5,35.4,4.3,18.2,4.27,1.17,4.19,0.67,3.88,0.74,2.12,0.311,2.07,0.323
-22,15.8,"DIORITE, QUARTZ [24317]",19.3,43,5.28,20.3,4.44,1.38,4.07,0.61,3.33,0.61,1.74,0.246,1.62,0.243
-22,15.8,"DIORITE, QUARTZ [24317]",45.1,81.8,8.92,31.4,5.73,1.5,4.57,0.61,3.58,0.68,1.86,0.273,1.87,0.295
-12,-47,"DIORITE [24353]",24.7,50.2,6.4,23.2,5.2,1.2,4.24,0.61,3.49,0.71,1.94,0.3,1.8,0.28
-12,-47,"DIORITE [24353]",22.9,41.2,4.96,17.2,3.7,1.19,3.23,0.47,2.75,0.54,1.53,0.24,1.5,0.23
-33.754,-71.3105,"DIORITE [24360]",15.3283057122493,35.5187940128297,4.65025174625802,19.5709981468282,4.59319344262295,1.04103841305309,4.53097032523371,0.731365184808064,4.58300445983097,0.94900185724468,2.70446170247429,0.413468921698401,2.82846162305264,0.429975073821403
-33.5822,-70.4635,"DIORITE [24360]",13.7366984651253,32.7648537011852,4.51307581115213,20.3797773460268,5.13041243442782,1.37400761400202,5.35949850257811,0.869064258791529,5.46783866329901,1.12290080823781,3.11812510588692,0.472013281523217,3.15570211773849,0.471246403730328
-20.5,-41.5,"DIORITE, QUARTZ [24363]",20.9,44.6,5.8,25.4,5.3,1.43,4.87,0.7,3.71,0.72,2.02,0.28,1.6,0.25
41.91,75.0467,"DIORITE [24372]",7.2,13.2,1.64,6.415,1.383,0.49,1.42,0.2,1.16,0.24,0.71,0.11,0.72,0.11
41.9322,75.0289,"DIORITE [24372]",5.6,8.3,1.08,4.784,0.862,0.37,0.71,0.09,0.45,0.09,0.28,0.05,0.33,0.05
41.9189,75.0392,"DIORITE [24372]",4.9,10.2,1.48,6.823,1.772,0.53,1.98,0.33,2.04,0.42,1.3,0.2,1.23,0.19
41.88836,74.96962,"DIORITE [24372]",7.3,15.7,2.09,8.7,2.18,0.7,2.26,0.36,2.12,0.43,1.33,0.2,1.28,0.2
41.9275,75.1125,"DIORITE [24372]",8.5,18.2,2.6,12.1,2.7,0.75,1.95,0.27,1.38,0.25,0.74,0.11,0.81,0
41.9189,75.0392,"DIORITE [24372]",6.6,14.8,2.26,10.804,2.62,0.86,2.16,0.26,1.45,0.26,0.7,0.11,0.75,0.11
41.88836,74.96962,"DIORITE [24372]",9.6,20.5,2.57,10.7,2.18,0.67,1.8,0.25,1.43,0.32,0.89,0.14,0.92,0.14
41.9256,75.0872,"DIORITE [24372]",10.6,22.8,2.96,10.1,2.6,0.79,2.62,0.33,1.48,0.24,0.77,0.14,0.77,0.11
41.8436,74.9011,"DIORITE [24372]",5.1,9.2,1.21,6.167,1.32,0.45,1.06,0.15,0.74,0.15,0.44,0.07,0.45,0.07
38.41981667,111.68925,"DIORITE [24396]",34.4,72.4,8.66,35.4,6.99,2.08,6.27,0.94,5.64,1.12,3.21,0.45,2.92,0.43
38.41981667,111.68925,"DIORITE [24396]",35.3,70.3,8.47,34.1,6.6,2.11,5.96,0.88,5.28,1.05,3.01,0.43,2.82,0.42
38.41981667,111.68925,"DIORITE [24396]",33.7,71.1,8.57,35.2,6.94,2.05,6.34,0.96,5.68,1.15,3.34,0.48,3.07,0.46
38.41981667,111.68925,"DIORITE [24396]",37.5,77.5,9.15,37.2,7.28,2.02,6.63,0.98,5.86,1.18,3.33,0.48,3,0.45
38.41981667,111.68925,"DIORITE [24396]",36.7,76.7,9.04,36.8,7.24,1.98,6.66,1.02,6.15,1.25,3.53,0.5,3.24,0.48
46.1,89.6,"DIORITE [24400]",22.06,43.89,5.257,20.14,4.045,0.985,3.301,0.53,2.946,0.603,1.745,0.257,1.75,0.289
46.1,89.6,"DIORITE [24400]",25.94,53.57,6.795,27.16,5.476,1.564,4.638,0.684,3.825,0.759,2.037,0.304,1.926,0.308
46.2,89.4,"DIORITE [24400]",31.96,68.31,8.167,29.62,6.256,0.962,5.354,0.944,5.811,1.214,3.41,0.541,3.515,0.558
40.9,37.8,"DIORITE [24419]",14.8,13.8,1.82,8.7,2.29,1.02,3.01,0.54,3.35,0.73,2.11,0.32,2.2,0.34
40.9,37.8,"DIORITE [24419]",15.2,14,2.83,9,2.38,0.97,3.15,0.63,3.92,0.83,2.32,0.41,2.29,0.37
36.5,102.3,"DIORITE, QUARTZ [24455]",50.4,110,13.6,56.3,12,2.13,9.09,1.33,7.38,1.33,3.51,0.51,3.14,0.43
36.5,102.3,"DIORITE, QUARTZ [24455]",58.9,113,12.3,46.1,8.64,1.98,6.71,1,5.53,1.07,2.85,0.4,2.51,0.36
36.5,102.3,"DIORITE, QUARTZ [24455]",59.9,121,13.2,50.2,8.59,2.03,6.22,0.82,4.36,0.81,2.22,0.33,2.19,0.32
36.5,102.3,"DIORITE, QUARTZ [24455]",69.8,137,15.5,57.9,9.71,2.21,7.53,1.02,5.83,1.08,2.88,0.41,2.64,0.39
36.5,102.3,"DIORITE, QUARTZ [24455]",67.6,139,15.2,58.1,10.6,2.06,7.88,1.08,5.69,1.03,2.66,0.36,2.25,0.33
36.5,102.3,"DIORITE, QUARTZ [24455]",68.2,136,15.5,58.6,10.6,2.34,7.89,1.08,5.75,1.02,2.7,0.38,2.41,0.34
36.5,102.3,"DIORITE, QUARTZ [24455]",21.4,39.2,4.53,18.2,4.47,1.49,4.34,0.72,4.41,0.88,2.56,0.38,2.45,0.36
36.5,102.3,"DIORITE, QUARTZ [24455]",16.7,33.9,3.96,16.9,4.51,1.62,4.36,0.7,4.3,0.86,2.46,0.39,2.37,0.36
36.5,102.3,"DIORITE, QUARTZ [24455]",26.2,50.1,5.95,23.5,4.83,1.6,4.44,0.66,3.92,0.79,2.21,0.32,2,0.33
-2,-60,"DIORITE, QUARTZ [24457]",25.7,51.3,5.9,21.9,3.6,0.9,2.3,0.4,1.8,0.3,0.9,0.1,0.9,0.1
-2,-60,"DIORITE, QUARTZ [24457]",27,55.3,6.4,27.3,4.2,1.1,3.1,0.4,2.2,0.4,1,0.2,1.1,0.2
40.859315,25.550463,"DIORITE [24463]",35.35,80.98,9.642,36.74,7.185,1.497,5.35,0.7466,4.194,0.788,2.216,0.3187,2.125,0.2967
30.42,86.5,"DIORITE, QUARTZ [24480]",73.87,123.91,11.41,35.58,5.15,1.12,4.35,0.61,3.67,0.71,2.07,0.31,2,0.31
30.42,86.5,"DIORITE, QUARTZ [24480]",30.3,58.57,6.47,23.51,4.36,1,3.88,0.59,3.6,0.71,2.09,0.33,2.09,0.31
30.42,86.5,"DIORITE, QUARTZ [24480]",46.06,88.38,8.95,31.73,5.68,1.25,5.1,0.75,4.62,0.89,2.61,0.4,2.55,0.39
30.42,86.5,"DIORITE, QUARTZ [24480]",35.48,65.21,7.08,24.72,4.6,1.01,3.88,0.61,3.76,0.77,2.14,0.34,2.21,0.33
30.42,86.5,"DIORITE, QUARTZ [24480]",29.2,63.61,7.71,29.68,5.74,1.35,5.05,0.78,4.7,0.93,2.73,0.39,2.69,0.38
30.42,86.5,"DIORITE, QUARTZ [24480]",34.02,69.44,8.39,32.5,6.31,1.47,5.8,0.88,5.32,1.07,3.01,0.44,2.89,0.43
31,118.8,"DIORITE, AMPHIBOLE [24486]",25.8,48.1,5.56,21.2,4.13,1.22,3.75,0.571,3.29,0.696,2.04,0.312,2.05,0.321
31,118.8,"DIORITE, AMPHIBOLE [24486]",24,46.3,5.44,21.2,4.15,1.2,3.75,0.557,3.23,0.68,1.97,0.305,1.97,0.318
31,118.8,"DIORITE, AMPHIBOLE [24486]",23.6,45.3,5.36,20.9,4.11,1.19,3.74,0.553,3.25,0.687,1.97,0.305,1.98,0.321
31,118.8,"DIORITE, QUARTZ [24486]",29.1,57.4,6.26,24.7,4.46,1.23,3.49,0.5,2.79,0.61,1.76,0.27,1.79,0.29
31,118.8,"DIORITE, QUARTZ [24486]",29.4,57.3,6.13,23.9,4.15,1.17,3.26,0.44,2.65,0.57,1.61,0.25,1.69,0.27
31,118.8,"DIORITE, QUARTZ [24486]",28.9,54.3,5.86,23.3,4.15,1.26,3.32,0.46,2.66,0.58,1.63,0.25,1.68,0.28
31,118.8,"DIORITE, QUARTZ [24486]",25.4,50.6,5.76,23.5,4.36,1.23,3.44,0.48,2.79,0.59,1.7,0.25,1.76,0.27
31,118.8,"DIORITE, QUARTZ [24486]",23.8,47.3,5.31,21.5,3.93,1.15,2.97,0.44,2.53,0.52,1.46,0.23,1.63,0.28
31,118.8,"DIORITE [24486]",31,57.6,6.19,23.7,4.26,1.2,3.29,0.46,2.58,0.57,1.73,0.25,1.68,0.27
31,118.8,"DIORITE [24486]",27.7,51.7,5.6,21,3.97,1.13,3.18,0.49,2.79,0.58,1.66,0.25,1.74,0.27
31,118.8,"DIORITE [24486]",34.6,61,6.35,23.5,4,1.16,3.19,0.46,2.69,0.55,1.61,0.24,1.6,0.26
31,118.8,"DIORITE [24486]",28.1,54.8,6.08,23.8,4.08,1.23,3.07,0.43,2.33,0.47,1.31,0.21,1.49,0.25
34.5,105.5,"DIORITE [24490]",51.8,96,10.45,37,5.97,1.59,5.08,0.75,3.75,0.84,2.19,0.35,2.14,0.34
34.5,105.5,"DIORITE [24490]",37.2,71.9,7.96,29.6,4.96,1.36,4.34,0.65,3.3,0.76,1.93,0.3,1.89,0.29
34.5,105.5,"DIORITE [24490]",35.8,75.3,9,34.7,6.14,1.51,5.59,0.84,4.13,0.89,2.25,0.36,2.08,0.34
34.5,105.5,"DIORITE [24490]",33.2,64.3,7.09,25.9,4.15,1.31,3.54,0.55,2.69,0.61,1.65,0.24,1.59,0.25
34.5,105.5,"DIORITE [24490]",26.3,57.9,6.16,24.5,5.11,1.06,4.56,0.71,4.38,0.89,2.65,0.39,2.55,0.42
34.5,105.5,"DIORITE [24490]",29.7,65.2,7.31,28.4,5.84,1.17,5.83,0.85,5.28,1.12,3.16,0.45,2.91,0.46
34.5,105.5,"DIORITE [24490]",25.1,58.8,6.78,27.5,6.12,1.21,5.83,0.85,5.32,1.09,3.06,0.46,3.06,0.47
34.5,105.5,"DIORITE [24490]",31.1,69.1,7.53,29.4,6.2,1.12,5.66,0.89,5.3,1.15,3.29,0.48,3.02,0.47
30.7624,89.449,"DIORITE [24493]",19.3,38.7,4.65,18.9,4.44,1.32,4.61,0.78,4.71,1.01,2.66,0.43,2.84,0.44
30.7,89.9,"DIORITE [24493]",19.9,38.3,4.23,16.3,3.59,1.02,3.31,0.58,3.3,0.72,1.85,0.3,1.97,0.3
30.7,89.9,"DIORITE [24493]",25.6,53.6,6.61,27.7,6.22,1.79,6.52,0.96,5.24,1.1,2.83,0.41,2.66,0.4
30.7,89.9,"DIORITE [24493]",21.5,48.6,5.63,24.3,5.71,1.95,6.55,0.9,4.96,1.04,2.61,0.38,2.43,0.35
30.7,89.9,"DIORITE [24493]",16.1,39.5,4.14,18.1,4.29,1.69,4.77,0.69,3.86,0.82,2.09,0.31,2.07,0.31
30.7,89.9,"DIORITE [24493]",19.4,39.8,4.88,20.1,4.84,1.28,5.51,0.85,5.06,1.09,2.94,0.46,3.17,0.47
34.45593,76.0702,"DIORITE [24501]",6.2,13.7,1.88,8.9,2.22,0.77,2.62,0.44,3.07,0.64,1.99,0.28,1.99,0.3
35.3,102.32,"DIORITE, QUARTZ [24504]",58.62,112,11.83,40.54,6.86,1.144,6.148,0.947,5.578,1.155,3.582,0.642,3.972,0.649
35.3,102.32,"DIORITE, QUARTZ [24504]",58.54,119.8,12.49,42.88,6.967,1.153,6.232,0.922,5.237,1.084,3.311,0.584,3.59,0.588
35.3,102.32,"DIORITE, QUARTZ [24504]",29.29,64.38,6.678,24.65,4.91,1.129,4.413,0.766,4.776,1.013,3.085,0.559,3.46,0.579
35.3,102.32,"DIORITE, QUARTZ [24504]",38.28,80.28,7.514,25.88,4.31,1.131,3.976,0.593,3.465,0.733,2.283,0.418,2.79,0.492
35.3,102.32,"DIORITE, QUARTZ [24504]",45.34,87.47,8.476,32.24,5.751,1.11,5.206,0.844,4.971,1.038,3.181,0.566,3.507,0.567
35.3,102.32,"DIORITE, QUARTZ [24504]",41.12,82.16,8.245,32.5,6.174,1.154,5.458,0.909,5.617,1.157,3.496,0.599,3.67,0.596
35.3,102.32,"DIORITE, QUARTZ [24504]",39.98,86.48,8.526,30.18,5.364,1.129,4.87,0.775,4.593,0.967,2.97,0.526,3.28,0.541
35.3,102.32,"DIORITE, QUARTZ [24504]",38.69,82.22,8.409,29.72,5.385,1.19,4.855,0.786,4.777,0.996,3.047,0.543,3.361,0.548
35.3,102.32,"DIORITE, QUARTZ [24504]",32.68,73.4,7.54,27.79,5.31,1.126,4.703,0.787,4.824,1.02,3.083,0.555,3.452,0.573
35.3,102.32,"DIORITE, QUARTZ [24504]",38.24,80.7,8.113,28.95,5.332,1.145,4.725,0.766,4.58,0.966,2.913,0.514,3.146,0.529
35.3,102.32,"DIORITE, QUARTZ [24504]",36.54,80.19,8.043,28.8,5.26,1.071,4.632,0.754,4.517,0.942,2.867,0.516,3.182,0.531
35,102.8,"DIORITE [24504]",33.85,73.35,7.391,26.89,5.055,1.376,4.514,0.725,4.335,0.896,2.715,0.464,2.865,0.468
35,102.8,"DIORITE [24504]",26.99,60.07,6.199,23.18,4.552,1.208,4.024,0.659,3.97,0.816,2.428,0.429,2.568,0.415
35,102.8,"DIORITE [24504]",30.88,64.2,6.404,23.31,4.285,1.357,3.938,0.621,3.657,0.765,2.329,0.407,2.482,0.411
35,102.8,"DIORITE [24504]",25.25,57.74,5.836,21.63,4.201,1.237,3.772,0.613,3.732,0.778,2.31,0.402,2.445,0.4
35,102.8,"DIORITE [24504]",32.51,73.23,7.353,26.67,4.989,1.243,4.464,0.717,4.305,0.882,2.616,0.457,2.777,0.459
35,102.8,"DIORITE [24504]",36.5,79.47,7.8,27.81,5.172,1.237,4.613,0.727,4.349,0.892,2.68,0.469,2.853,0.464
35,102.8,"DIORITE [24504]",35.22,76.36,7.501,26.69,4.927,1.106,4.39,0.707,4.294,0.881,2.693,0.468,2.835,0.459
35,102.8,"DIORITE [24504]",34.27,77.29,7.611,27.05,5.117,1.122,4.568,0.745,4.526,0.953,2.859,0.518,3.125,0.52
35,102.8,"DIORITE [24504]",37.87,83.38,8.162,29,5.401,1.144,4.791,0.777,4.69,0.972,2.972,0.52,3.237,0.531
35,102.8,"DIORITE [24504]",33.56,75.61,7.406,26.34,4.897,1.037,4.316,0.688,4.031,0.812,2.433,0.416,2.616,0.438
33,110.5,"DIORITE [24506]",37.8944825504752,78.0881039068082,9.45532215669812,36.4047229220082,6.26725371862608,1.78164291337731,4.64938094634548,0.617368617384911,3.22093009977054,0.556342806734686,1.66038345751979,0.21602257467177,1.4393568382653,0.205458493986168
33,110.5,"DIORITE [24506]",21.186571906601,44.5134150185816,5.28434837967012,20.5063184654144,3.70885872523115,1.10561995931913,2.86976198185369,0.341106962625693,1.82928621326561,0.337959425008546,0.955690627066155,0.135315738731134,0.854620164555963,0.128973002431197
33,110.5,"DIORITE [24506]",55.3535470992951,106.604840155238,11.6762068766151,42.1165291473852,6.7711063736824,1.85211334281899,4.65217769682464,0.543643764629104,2.68372545193987,0.447815628500996,1.20288002087596,0.143316082043485,0.954136878839454,0.121145520642839
33,110.5,"DIORITE [24506]",50.1597122818296,99.8202736828682,11.373927141302,42.6107452243341,7.72768152978131,2.04202273117987,6.33512066133209,0.880779517549241,5.06119829345501,1.01731455303015,2.85144035831711,0.414565296541915,2.50342835689677,0.364348897235136
33,110.5,"DIORITE [24506]",47.4112706874628,90.5225586640581,10.4922580110825,40.1635750880057,7.71888702234194,1.89548902290944,5.81734230719694,0.860478011016269,4.87981097867498,0.959251681840171,2.71659192400696,0.366662116124038,2.36901301393481,0.379739821174709
33,110.5,"DIORITE [24506]",57.3305850077183,109.59068184874,12.0525062633175,43.9567561225515,7.52075108099484,2.11167469260411,6.58377320991853,0.910001394466084,5.23745493971221,1.0541603918498,2.92520339464209,0.417681388563999,2.565095816231,0.369544507565509
37.2,98.5,"DIORITE [24553]",37.6,80.9,10.4,43.2,8.1,1.83,8.02,1.19,6.85,1.35,3.8,0.51,3.43,0.51
37.2,98.5,"DIORITE [24553]",53.3,113,13.6,53.6,9.62,1.86,9.05,1.29,7.39,1.51,4.06,0.59,3.77,0.57
37.2,98.5,"DIORITE [24553]",56.2,119,14.4,57.7,9.84,1.85,8.7,1.32,7.5,1.46,4.17,0.57,3.63,0.56
-17.1,-70.6,"DIORITE [24568]",21.7,44.9,5.23,19.7,3.9,0.85,3.06,0.47,2.58,0.48,1.38,0.21,1.4,0.22
-17.1,-70.6,"DIORITE [24568]",23.9,52.2,6.69,26.7,5.02,1.08,4.54,0.75,3.8,0.83,2.4,0.42,2.59,0.41
49.7211257628405,-54.0907122352311,"DIORITE [24585]",29.1,67.4,8.01,33.3,7.8,2.65,7.1,1.1,6.1,1.1,3,0.4,2.6,0.38
49.7211257628405,-54.0907122352311,"DIORITE [24585]",30.2,69.2,8.11,34.4,8,2.75,7.3,1.1,6.1,1.2,3.1,0.41,2.6,0.4
49.7201083566536,-54.0863882714379,"DIORITE [24585]",31.6,71.7,8.67,35.8,7.3,2.36,6.6,1,5.3,1,2.8,0.38,2.5,0.39
49.7227192874742,-54.0911164967055,"DIORITE, QUARTZ [24585]",24.2,54.5,6.14,23.9,5.1,1.49,4.7,0.8,4.3,0.8,2.4,0.33,2.3,0.33
30.0028,122.4106,"DIORITE, QUARTZ [24595]",45,84,9.56,38.6,6.29,1.36,5.75,0.79,4.01,0.71,2.03,0.27,1.75,0.26
30.0028,122.4106,"DIORITE, QUARTZ [24595]",47.1,78.6,9.72,36,6.52,1.33,5.08,0.76,3.9,0.75,1.9,0.29,1.8,0.26
30.0028,122.4106,"DIORITE, QUARTZ [24595]",42.3,72.7,8.9,32.8,6.16,1.26,4.77,0.73,3.78,0.75,1.83,0.29,1.78,0.27
30.0028,122.4106,"DIORITE, QUARTZ [24595]",39.5,69,8.46,31.7,5.97,1.02,4.54,0.68,3.64,0.69,1.76,0.26,1.64,0.24
41.53925,108.089116666667,"DIORITE [24619]",17.4,47,5.57,20.6,3.44,1.03,3.41,0.54,3.21,0.71,1.95,0.31,2.05,0.34
41.5368166666667,108.0892,"DIORITE [24619]",27.1,56.6,6.27,25.8,4.88,1.19,5.04,0.75,4.81,0.95,2.78,0.4,2.61,0.4
41.5516166666667,108.0861,"DIORITE [24619]",21.1,46.8,5.92,24,4.67,1.03,4.61,0.69,4.15,0.84,2.52,0.37,2.63,0.39
41.53985,107.858466666667,"DIORITE [24619]",30.7,63.8,7.9,32,5.51,1.76,4.99,0.7,3.7,0.63,1.77,0.28,1.68,0.25
41.5507333333333,107.869883333333,"DIORITE [24619]",44.4,81.5,9.35,34.6,6.34,2.14,5.46,0.74,3.95,0.7,1.77,0.27,1.6,0.26
41.4737666666667,107.736266666667,"DIORITE [24619]",20.4,52.1,7.73,34.4,7.66,2.08,7.94,1.19,7.06,1.34,3.67,0.55,3.37,0.48
41.4706166666667,107.755783333333,"DIORITE [24619]",25.5,54.8,6.6,27.9,5.52,1.73,5.33,0.79,4.68,0.87,2.28,0.35,2.2,0.33
41.6090833333333,108.101466666667,"DIORITE [24619]",8.1,19.1,2.64,10.9,2.51,0.73,2.57,0.43,2.56,0.55,1.52,0.21,1.31,0.21
41.6210166666667,108.10095,"DIORITE [24619]",3.9,8.2,1.14,5.2,1.17,0.52,1.32,0.22,1.24,0.28,0.79,0.11,0.71,0.11
41.6171,108.10095,"DIORITE [24619]",9.5,21.1,2.89,12.5,2.72,1.04,3.01,0.46,2.85,0.61,1.59,0.23,1.52,0.24
41.25185,106.62315,"DIORITE, QUARTZ [24619]",13.6,30.1,4.4,20,4.6,1.46,4.62,0.68,4.18,0.66,1.69,0.28,1.47,0.25
41.2534166666667,106.624483333333,"DIORITE, QUARTZ [24619]",22.5,46.4,5.5,24.7,5.39,1.59,5.02,0.71,3.93,0.8,2.1,0.28,1.89,0.27
41.24205,106.620033333333,"DIORITE, QUARTZ [24619]",21.8,43.6,5.26,22.1,4.57,1.3,4.47,0.67,3.85,0.69,2,0.3,1.89,0.29
41.6371166666667,108.07505,"DIORITE, QUARTZ [24619]",35.6,65.3,6.42,21.1,2.94,0.98,2.36,0.31,1.66,0.33,0.8,0.11,0.68,0.11
41.63605,108.087683333333,"DIORITE, QUARTZ [24619]",30.1,51.7,5.37,19,2.74,0.9,2.23,0.27,1.27,0.27,0.64,0.08,0.59,0.11
43.2447,131.0192,"DIORITE [24638]",14.72,31.66,3.75,15.53,3.91,1.31,4.3,0.74,4.74,1.09,3.1,0.46,3.28,0.52
40.1564,95.1481,"DIORITE, QUARTZ [24640]",17.9,37.9,4.44,19.2,4.31,1.41,4.28,0.64,3.8,0.75,2.12,0.3,1.86,0.27
40.1564,95.1481,"DIORITE, QUARTZ [24640]",17.5,36.7,4.44,18.7,4.2,1.46,4.18,0.65,3.74,0.74,2.04,0.28,1.78,0.27
32.25,84.58,"DIORITE [24646]",28,54.2,6.61,26.8,5.22,1.46,4.56,0.78,3.83,0.72,2.08,0.33,1.95,0.29
32.25,84.58,"DIORITE [24646]",38.7,64.8,7.63,30.6,5.5,1.48,4.65,0.76,3.85,0.71,2.07,0.33,1.99,0.3
32.25,84.58,"DIORITE [24646]",34.1,59.6,7.59,28.2,5.35,1.46,4.69,0.74,3.96,0.69,1.98,0.31,1.98,0.3
17.8697,101.7252,"DIORITE [24650]",23.9,49.5,5.47,21,4.12,1.2,3.61,0.56,3.28,0.67,1.91,0.29,1.82,0.29
17.8697,101.7252,"DIORITE [24650]",23.8,48.7,5.45,21.5,3.99,1.17,3.79,0.58,3.12,0.64,1.77,0.28,1.83,0.28
17.8697,101.7252,"DIORITE [24650]",24.8,49.9,5.93,22.5,4.38,1.09,3.93,0.61,3.34,0.68,1.91,0.29,1.87,0.32
17.8697,101.7252,"DIORITE [24650]",23.4,47.2,5.66,22,4.2,1.15,3.54,0.56,3.23,0.66,1.79,0.26,1.72,0.28
17.8697,101.7252,"DIORITE [24650]",24.5,49.7,5.75,22,4.43,1.13,3.63,0.6,3.32,0.67,1.85,0.29,1.76,0.29
17.8697,101.7252,"DIORITE [24650]",26.2,50.6,6.15,23,4.45,1.05,3.78,0.63,3.43,0.72,2.07,0.31,1.95,0.32
17.8697,101.7252,"DIORITE [24650]",25.1,48.6,5.81,21.3,4.42,1.12,3.87,0.57,3.11,0.67,1.83,0.28,1.77,0.29
17.8697,101.7252,"DIORITE [24650]",25,48.1,5.62,20.7,4.17,1.08,3.39,0.54,3.14,0.68,1.89,0.27,1.76,0.27
9,35.5,"DIORITE [24657]",17.5,39.8,5.15,22.3,4.56,1.46,5,0.71,4.31,0.84,2.48,0.33,2.19,0.26
45.7352983333333,116.27346,"DIORITE [24667]",28.6,66.6,7.82,30.3,5.5,1.4,4.73,0.66,3.33,0.62,1.71,0.25,1.54,0.24
45.7352983333333,116.27346,"DIORITE [24667]",35.9,89.3,10.8,44.9,8.37,2.35,6.71,0.92,4.21,0.7,1.83,0.24,1.42,0.2
45.7352983333333,116.27346,"DIORITE [24667]",23.6,55.8,6.72,27,5.12,1.38,4.43,0.65,3.4,0.63,1.78,0.25,1.61,0.24
45.7352983333333,116.27346,"DIORITE [24667]",24.6,59.8,7.84,33.4,6.74,1.9,5.84,0.89,4.61,0.83,2.24,0.31,1.92,0.28
45.7352983333333,116.27346,"DIORITE [24667]",18.3,41.7,5.96,25.7,5.49,1.45,4.94,0.79,4.38,0.82,2.26,0.33,1.99,0.31
45.7352983333333,116.27346,"DIORITE [24667]",19.1,42.5,6.08,26,5.48,1.65,4.92,0.79,4.24,0.81,2.21,0.32,1.96,0.3
45.7352983333333,116.27346,"DIORITE [24667]",51.3,102,12.3,48.9,8.39,2.29,6.71,0.85,3.78,0.63,1.64,0.21,1.26,0.18
45.7352983333333,116.27346,"DIORITE [24667]",26.4,63,7.91,33.4,6.74,1.95,5.87,0.89,4.63,0.84,2.25,0.32,1.95,0.29
45.7352983333333,116.27346,"DIORITE [24667]",27.8,66.5,8.5,35,6.79,1.72,5.82,0.89,4.63,0.86,2.38,0.34,2.06,0.32
45.7352983333333,116.27346,"DIORITE [24667]",25.1,70.1,9.72,44.2,9.64,2.64,8.26,1.28,6.39,1.11,2.84,0.38,2.28,0.33
45.7352983333333,116.27346,"DIORITE [24667]",24.7,63.3,8.19,35.3,7.23,2.11,6.3,0.95,4.9,0.88,2.32,0.32,1.94,0.29
45.7352983333333,116.27346,"DIORITE [24667]",20.9,42.1,6.71,28.2,5.36,1.52,4.37,0.59,2.76,0.48,1.29,0.17,1.08,0.16
45.7352983333333,116.27346,"DIORITE [24667]",26.4,66.4,8.06,33.4,6.39,1.75,5.4,0.78,3.96,0.72,1.94,0.27,1.69,0.26
45.7352983333333,116.27346,"DIORITE [24667]",21,47.1,6.56,27.3,5.48,1.56,4.9,0.77,4.18,0.78,2.17,0.31,1.93,0.3
45.7352983333333,116.27346,"DIORITE [24667]",42.3,76.6,10.1,39.9,8.01,1.76,7.22,1.18,6.66,1.29,3.72,0.56,3.74,0.62
45.7352983333333,116.27346,"DIORITE [24667]",28,68.9,8.39,34.2,6.67,1.71,5.69,0.87,4.46,0.82,2.26,0.32,1.98,0.3
45.7352983333333,116.27346,"DIORITE [24667]",19.4,54.2,7.24,32.2,7.31,2.12,6.75,1.13,6.25,1.19,3.32,0.48,2.99,0.46
45.7352983333333,116.27346,"DIORITE [24667]",14.5,31.4,4.66,20.3,4.44,1.32,4.06,0.67,3.69,0.7,1.94,0.28,1.74,0.26
45.7352983333333,116.27346,"DIORITE [24667]",35.3,84.6,10.3,40.9,7.14,1.82,5.79,0.79,3.82,0.68,1.85,0.25,1.58,0.24
45.7352983333333,116.27346,"DIORITE [24667]",15.8,36.5,5.35,23.4,5.18,1.6,4.71,0.77,4.27,0.8,2.22,0.32,1.98,0.3
45.7352983333333,116.27346,"DIORITE [24667]",18.3,41.1,5.94,25.6,5.39,1.67,4.95,0.8,4.35,0.82,2.28,0.33,2.07,0.31
46.33,90.1,"DIORITE [24677]",27.8711795457792,62.0413096168039,8.16928595667736,34.9633424857507,6.76925035971009,1.70784940040761,5.06212188181123,0.644319807646241,3.39496975354434,0.605972786858843,1.65136437902721,0.221764611673305,1.41895795081404,0.211558269951604
46.33,90.1,"DIORITE [24677]",20.9573946340538,47.8876923470645,6.41830751194812,28.3696325485206,5.61859115561393,1.79168928295155,4.25466396338604,0.536186891161359,2.80865421442361,0.491984463245207,1.34057404145522,0.178281718400492,1.12278931098188,0.168912676267926
46.33,90.1,"DIORITE [24677]",22.1595668542185,50.5195679683076,6.58359349889848,28.2333428078699,5.56481072426947,1.63357642438307,4.29554388750966,0.549021714102397,2.88561399117782,0.518851699309211,1.45975590452379,0.202176055522046,1.30638324187765,0.194480961621662
46.33,90.1,"DIORITE [24677]",22.977169750424,50.9025137969959,6.63603505467755,28.6360157522589,5.59878589355401,1.63677211237111,4.29124315239392,0.553417755362909,2.93204438057949,0.539614291488937,1.48642071139656,0.209774547147907,1.32342191586836,0.198400459358609
46.33,90.1,"DIORITE [24677]",22.6076939434736,51.5433972236334,6.7035872195446,28.8315212372584,5.66456883366233,1.69478010715177,4.36159160606276,0.5601437860963,2.96201220274013,0.546499382544277,1.5197207342487,0.208990567525813,1.32910097983474,0.201882212514572
46.33,90.1,"DIORITE [24677]",5.37951666130038,12.4159824278416,1.83523964960732,8.92321949761021,2.51888298360384,0.834899322001043,2.70050128905793,0.47433702086679,3.05942390311289,0.642537948062318,1.91647167909837,0.281673636272438,1.85753679553935,0.283253244887399
46.33,90.1,"DIORITE [24677]",5.73867035600523,12.9248027112041,1.91983305033874,9.24402051761006,2.63585584177199,0.927031586375546,2.83764023531672,0.494873335668694,3.17118901241677,0.667172497506991,1.96615922868473,0.290089612912469,1.8941976637934,0.291893516218133
46.33,90.1,"DIORITE [24677]",9.28830497079486,21.0738368854263,3.03738018811844,14.6154741644482,4.06346816839673,1.29437239757848,4.0771580532273,0.665131568978654,4.06177467043221,0.829050816057763,2.36566686526065,0.347102074174265,2.20836626947958,0.330545607556264
46.33,90.1,"DIORITE [24677]",10.1509073627723,22.1825102860783,3.06503436287619,14.1666284557738,3.69323858019038,1.23733597999738,3.73968486428021,0.62655527194723,3.90257910947061,0.812096745740551,2.38447193936146,0.35527785941161,2.31518566476987,0.351968169102638
46.33,90.1,"DIORITE [24677]",10.1809456392019,24.6579413389096,3.33215421824273,15.6065825886156,4.04776445370063,1.23531298408958,4.28349525745604,0.692593155166827,4.25512829897463,0.875510861523486,2.50798641100839,0.359052067700884,2.37948055438573,0.359553909388606
46.33,90.1,"DIORITE [24677]",15.079357249322,31.5060366951624,3.992799151616,18.8087408680667,4.64207507235951,1.4409282675795,4.69448207802283,0.747576543155007,4.53864276024607,0.980263119890606,2.63852236226267,0.388626863142905,2.55401203992622,0.374196454305407
46.33,90.1,"DIORITE [24677]",9.97898641499252,23.4663151286686,3.13811933321709,15.3067553560584,4.14252932921998,1.37561146424142,4.29913293478623,0.702486784150207,4.31835358378087,0.923905989906372,2.51086740621285,0.366638019259394,2.38704508026552,0.352394282770371
46.33,90.1,"DIORITE [24677]",8.65181734332346,22.1050199709827,3.27710694927879,14.7260921159008,3.47005307831933,1.0768910085591,3.14762401420448,0.494832442593821,2.96711218368122,0.614871219356643,1.85316455617165,0.283816442656454,1.95259845859538,0.298410430513761
47.7243,121.0227,"DIORITE [24681]",40.02,92.98,9.01,47.44,9.79,2.9,8.98,1.22,6.61,1.2,3.27,0.45,2.54,0.31
47.7243,121.0227,"DIORITE [24681]",49.56,126.13,11.68,60.51,11.8,3.27,10.84,1.42,7.31,1.34,3.62,0.46,2.75,0.35
47.7243,121.0227,"DIORITE [24681]",56.79,142.67,13.01,66.9,12.97,3.44,11.8,1.55,8.1,1.44,3.88,0.52,3.05,0.4
47.7243,121.0227,"DIORITE [24681]",42.88,98.79,9.37,49.13,9.92,2.9,9.34,1.28,6.68,1.21,3.3,0.44,2.59,0.33
47.7243,121.0227,"DIORITE [24681]",50.9,115.33,12.13,61.8,11.7,3.14,9.48,1.36,6.99,1.23,3.21,0.42,2.44,0.32
47.7243,121.0227,"DIORITE [24681]",41.04,90.74,9.76,51.82,9.89,3.01,8.85,1.33,6.84,1.22,3.31,0.42,2.57,0.34
47.7243,121.0227,"DIORITE [24681]",42.4,88.9,11.9,50.9,9.35,2.63,9.03,1.34,6.92,1.26,3.84,0.51,3.28,0.51
47.7243,121.0227,"DIORITE [24681]",34.1,78.45,9.05,49.08,9.52,2.96,8.6,1.2,6.6,1.12,3,0.41,2.58,0.33
47.7243,121.0227,"DIORITE [24681]",46.91,107.13,11.89,62.09,12.21,3.58,10.57,1.55,7.85,1.39,3.82,0.48,2.81,0.35
47.7243,121.0227,"DIORITE [24681]",39.17,84.26,9.14,48.21,9.54,2.98,8.28,1.19,6.19,1.1,2.89,0.39,2.33,0.34
47.7243,121.0227,"DIORITE [24681]",44.44,92.31,10,51.04,10.36,3.39,9.21,1.33,6.81,1.25,3.2,0.38,2.23,0.27
47.7243,121.0227,"DIORITE [24681]",57.36,123.07,12.68,64.36,11.91,3.28,10.2,1.46,7.36,1.33,3.49,0.42,2.41,0.27
47.74543,121.04743,"DIORITE [24681]",40.34,92.01,9.98,52.58,10.43,3.26,9.15,1.31,6.76,1.19,3.31,0.42,2.41,0.36
47.7415,121.04702,"DIORITE [24681]",44.84,106.16,12.46,65.46,11.48,3.47,8.86,1.09,5.08,0.85,2.29,0.33,1.85,0.24
-26.5,-69,"DIORITE, QUARTZ [24690]",16.38,33.17,4.04,15.89,3.81,1.27,4.11,0.7,4.28,0.9,2.44,0.35,2.11,0.34
-26.5,-69,"DIORITE [24690]",14.71,46.91,6.8,29.3,7.41,1.54,7.61,1.29,7.74,1.59,4.24,0.62,3.74,0.59
27.015,99.0322,"DIORITE, QUARTZ [24701]",31.9,86.3,11.3,47.8,9.79,1.49,8.77,1.11,5.62,0.96,2.39,0.27,1.58,0.21
27.015,99.0322,"DIORITE, QUARTZ [24701]",37.4,96.6,12.1,49.7,9.71,1.73,8.59,1.08,5.67,1,2.64,0.33,2,0.29
62.5,36,"DIORITE, QUARTZ [24708]",46.32,85.77,10.26,38.67,6.14,1.62,4.61,0.69,3.2,0.6,1.72,0.25,1.62,0.26
62.5,36,"DIORITE, QUARTZ [24708]",30.19,83.67,9.7,40.14,6.79,1.76,4.92,0.57,2.71,0.5,1.28,0.17,1.06,0.15
62.5,36,"DIORITE, QUARTZ [24708]",44.67,99.64,11.98,43.79,6.93,1.79,4.94,0.59,2.66,0.48,1.27,0.16,1.07,0.15
62.5,36,"DIORITE, QUARTZ [24708]",29.83,79.78,9.54,38.78,6.84,1.68,5.28,0.68,3.31,0.61,1.76,0.27,1.94,0.29
62.5,36,"DIORITE, QUARTZ [24708]",44.74,100.9,11.81,44.73,7.06,1.78,5.02,0.62,2.69,0.47,1.27,0.16,1.1,0.16
62.5,36,"DIORITE, QUARTZ [24708]",43.7,101.3,11.86,45.69,7.13,1.88,5.15,0.6,2.8,0.49,1.29,0.17,1.13,0.16
62.5,36,"DIORITE, QUARTZ [24708]",29.32,77.29,8.98,37.23,6.35,1.72,4.63,0.55,2.63,0.49,1.24,0.16,1.09,0.16
45.4,117.1,"DIORITE, QUARTZ [24726]",49.4,105,13.4,51.1,9.46,2.2,6.8,0.889,3.98,0.708,1.84,0.259,1.6,0.232
45.4,117.1,"DIORITE, QUARTZ [24726]",46.3,90.7,10.7,37,6.31,1.53,4.91,0.669,3.32,0.617,1.7,0.26,1.67,0.257
33.5,109.8,"DIORITE [24746]",39.47,76.05,8.39,32.25,5.96,1.55,5.45,0.78,4.42,0.88,2.46,0.34,2.22,0.33
33.5,109.8,"DIORITE [24746]",39.89,75.73,8.35,31.83,5.82,1.55,5.33,0.74,4.24,0.85,2.32,0.33,2.23,0.35
33.5,109.8,"DIORITE [24746]",36.02,68.2,7.55,28.21,5.23,1.35,4.55,0.63,3.7,0.75,2.07,0.3,1.97,0.31
33.5,109.8,"DIORITE [24746]",35.7,65.7,7.58,29.3,5.59,1.58,4.92,0.76,4.18,0.83,2.35,0.36,2.34,0.36
33.5,109.8,"DIORITE [24746]",36.9,67.7,7.59,28.9,5.67,1.52,4.93,0.75,4.2,0.87,2.42,0.36,2.28,0.36
33.5,109.8,"DIORITE [24746]",37.1,67,7.73,29.2,5.61,1.64,5.02,0.71,4.16,0.84,2.46,0.36,2.21,0.35
10,105,"DIORITE [24755]",21.3,52.7,5.44,23,4.79,1.4,3.64,0.46,2.22,0.43,1.11,0.17,0.99,0.16
10,105,"DIORITE [24755]",26.8,60.4,7.62,32.5,6.86,1.95,5.6,0.64,3.33,0.64,1.66,0.21,1.59,0.24
10,105,"DIORITE [24755]",27,59.9,7.35,30.9,6.46,1.9,5.43,0.63,3.42,0.69,1.8,0.23,1.69,0.26
10,105,"DIORITE [24755]",29,60.8,8.53,38.1,8.33,2.14,6.52,0.83,3.97,0.76,1.93,0.29,1.64,0.27
10,105,"DIORITE [24755]",26,59.3,7.36,31.6,6.73,1.84,5.9,0.7,3.98,0.81,2.11,0.27,2.02,0.31
10,105,"DIORITE [24755]",27.1,59.8,7.46,31,6.61,1.79,5.75,0.7,4,0.82,2.16,0.28,2.1,0.32
10,105,"DIORITE [24755]",35.4,77.3,8.08,31,5.93,1.12,4.9,0.66,3.46,0.75,2.01,0.33,2.03,0.36
10,105,"DIORITE [24755]",47.7,103,12.6,50.3,9.84,1.95,8.6,1.03,5.73,1.16,3.12,0.4,2.96,0.46
10,105,"DIORITE [24755]",32.5,71.1,8.47,34.4,6.95,1.73,6.1,0.73,4.13,0.85,2.23,0.29,2.27,0.36
10,105,"DIORITE [24755]",32.5,76.2,9.08,35.9,7.38,1.55,6.47,0.91,5.29,1.04,3.05,0.44,2.95,0.42
43.6,82.08,"DIORITE [24763]",30.1,67.1,8.3,32.9,4.86,1.18,2.74,0.36,1.67,0.33,0.84,0.12,0.73,0.11
43.6,82.08,"DIORITE [24763]",30.2,66,8.25,32.7,4.91,1.27,2.82,0.38,1.69,0.32,0.84,0.12,0.72,0.1
43.6,82.08,"DIORITE [24763]",30.1,66,8.04,32,4.33,1.22,2.77,0.34,1.66,0.32,0.79,0.11,0.69,0.11
43.6,82.08,"DIORITE [24763]",27.6,55.8,6.39,22.6,3.38,0.75,1.81,0.22,1.04,0.19,0.49,0.07,0.45,0.08
43.6,82.08,"DIORITE [24763]",23.6,48.7,5.42,19.7,2.89,0.72,1.62,0.22,0.96,0.17,0.44,0.06,0.39,0.06
43.6,82.08,"DIORITE [24763]",18.3,37.4,4.46,17.2,2.62,0.75,1.9,0.25,1.12,0.22,0.56,0.08,0.51,0.09
43.6,82.08,"DIORITE [24763]",16.6,34.7,3.99,15.1,2.65,0.61,1.44,0.18,1.01,0.22,0.61,0.09,0.53,0.08
43.6,82.08,"DIORITE [24763]",25.3,55.3,6.66,24.5,3.69,0.8,1.91,0.24,1.16,0.22,0.66,0.1,0.61,0.09
43.6,82.08,"DIORITE [24763]",30.7,64.5,7.75,28.2,3.59,0.98,2.15,0.22,1.19,0.25,0.65,0.09,0.54,0.08
43.6,82.08,"DIORITE [24763]",29.3,65.2,7.99,30.2,4.18,0.98,2.6,0.32,1.64,0.31,0.81,0.11,0.68,0.1
43.6,82.08,"DIORITE [24763]",22.8,50.4,6.01,23.2,2.98,0.72,1.71,0.25,1.26,0.23,0.64,0.09,0.61,0.09
43.6,82.08,"DIORITE [24763]",29.4,63.4,7.53,28.9,3.87,0.93,2.21,0.26,1.31,0.25,0.64,0.09,0.59,0.09
43.6,82.08,"DIORITE [24763]",26.2,57.9,6.69,25.2,3.73,0.87,2.02,0.24,1.35,0.26,0.69,0.1,0.61,0.09
43.6,82.08,"DIORITE [24763]",37.4,78.7,9.73,38.7,6.03,1.5,3.28,0.35,1.66,0.32,0.78,0.11,0.68,0.09
43.6,82.08,"DIORITE [24763]",30.7,68.7,8.71,34.8,5.74,1.29,2.79,0.3,1.69,0.3,0.76,0.1,0.63,0.09
29.1645,92.6638,"DIORITE [24770]",14.5,32.3,4,17.3,3.9,1,3.6,0.6,3.4,0.6,1.9,0.3,1.9,0.3
29.1645,92.6638,"DIORITE [24770]",15.4,35.4,4.6,19.7,4.5,1.1,4.3,0.7,3.9,0.8,2.3,0.4,2.4,0.3
29.1645,92.6638,"DIORITE [24770]",10,21.7,2.6,11.4,2.7,0.8,2.4,0.4,2.5,0.5,1.4,0.2,1.4,0.2
29.1645,92.6638,"DIORITE [24770]",9,20.7,2.7,12,2.9,0.8,2.7,0.5,2.8,0.6,1.5,0.2,1.6,0.2
34,131,"DIORITE, CLINOPYROXENE-BIOTITE-HORNBLENDE-QUARTZ [7475]",27.1,67.5,6.12,26.5,5.45,1.22,5.35,0.69,4.46,0.83,2.39,0.36,2.55,0.36
34.5,131.3,"DIORITE, CLINOPYROXENE-HORNBLENDE-QUARTZ [7475]",21.9,55.7,4.93,24.4,4.47,0.96,4.36,0.58,3.8,0.71,1.98,0.31,2.24,0.32
34.5,133.5,"DIORITE, CLINOPYROXENE-BIOTITE-HORNBLENDE-QUARTZ [7475]",22.9,55.7,4.76,25.1,4.96,0.91,3.92,0.48,3.14,0.58,1.65,0.24,1.72,0.25
34.5,133.5,"DIORITE, BIOTITE-HORNBLENDE-QUARTZ [7475]",27.7,67.2,5.69,27.8,5.34,0.9,4.62,0.6,3.9,0.71,2.03,0.33,2.3,0.32
35.2,133,"DIORITE, CLINOPYROXENE-BIOTITE-HORNBLENDE-QUARTZ [7475]",16.7,47.1,4.88,20.8,5,1.46,5.72,0.73,4.65,0.87,2.41,0.33,2.43,0.34
35.7553,118.6778,"DIORITE [24780]",33,81.9,12.2,54.6,11.4,1.37,10.3,1.38,7.33,1.24,3.56,0.48,3.02,0.43
25.4686,78.6597,"DIORITE [24824]",33.025,63.016,6.837,20.08,3.78,1.191,4.028,0.622,3.652,0.672,2.022,0.298,1.971,0.281
40.5,96.5,"DIORITE [24831]",31.5,62.4,7.32,28,5,1.25,4.11,0.705,3.59,0.724,2.03,0.321,2.18,0.308
40.5,96.5,"DIORITE [24831]",27.3,49.3,6.11,23.2,4.74,1.03,3.77,0.709,3.62,0.62,1.9,0.348,2.04,0.3
40.5,96.5,"DIORITE [24831]",41.5,75.6,8.51,31.5,5.81,1.48,4.9,0.822,4.32,0.839,2.36,0.378,2.49,0.352
40.5,96.5,"DIORITE [24831]",41.1,72.7,8.01,30.4,5.43,1.38,4.64,0.795,4.13,0.786,2.24,0.351,2.3,0.332
40.5,96.5,"DIORITE [24831]",65.7,102,10.3,37.1,5.44,1.29,5.26,0.809,3.97,0.718,2.33,0.343,2.06,0.298
40.5,96.5,"DIORITE [24831]",22.3,42.5,5.18,21.3,4.13,1.2,3.71,0.69,3.4,0.697,1.99,0.334,2.06,0.296
40.5,96.5,"DIORITE [24831]",27.5,49.7,5.84,24.7,4.48,1.16,4.04,0.695,3.63,0.741,2.13,0.335,2.05,0.28
40.5,96.5,"DIORITE [24831]",34.5,58.9,6.78,25.3,4.41,1.06,3.9,0.648,3.34,0.62,1.93,0.284,1.77,0.256
24.23,115.27,"DIORITE [24845]",30.6,65.8,7.78,29.4,5.84,1.32,5.4,0.84,4.78,0.97,2.66,0.38,2.49,0.38
24.23,115.27,"DIORITE [24845]",26.3,57.2,7.13,27.9,5.96,1.31,5.49,0.87,4.91,0.98,2.65,0.38,2.43,0.38
24.23,115.27,"DIORITE [24845]",33.7,71.6,9.26,37.7,8.38,1.82,7.82,1.27,7.12,1.41,3.73,0.53,3.27,0.49
24.23,115.27,"DIORITE [24845]",27.1,60.8,7.71,30.6,6.44,1.43,6.02,0.94,5.28,1.06,2.81,0.4,2.52,0.39
24.23,115.27,"DIORITE [24845]",34.2,71.6,8.33,32.2,6.54,1.41,5.99,0.92,5.07,1.01,2.72,0.39,2.47,0.38
24.23,115.27,"DIORITE [24845]",31.2,67.7,8.3,32.4,6.78,1.52,6.27,0.96,5.39,1.08,2.89,0.41,2.6,0.4
24.23,115.27,"DIORITE [24845]",34.6,66.2,7.68,29.9,5.94,1.46,5.49,0.84,4.72,0.87,2.5,0.35,2.12,0.33
24.23,115.27,"DIORITE [24845]",28.5,62.4,8.03,32.1,6.83,1.48,6.07,0.96,5.69,1.14,3.11,0.44,2.65,0.41
24.23,115.27,"DIORITE [24845]",37.5,73.1,8.53,32.4,7.26,1.48,6.21,0.99,5.47,1.07,3.05,0.43,2.68,0.4
24.23,115.27,"DIORITE [24845]",27.7,56.9,6.96,27.7,6.01,1.35,5.07,0.83,4.71,0.88,2.47,0.38,2.25,0.35
24.23,115.27,"DIORITE [24845]",28,59.5,7.24,29.6,6.38,1.44,5.39,0.92,5,1,2.71,0.4,2.38,0.37
24.23,115.27,"DIORITE [24845]",30,60.7,7.38,29.3,6.27,1.54,5.49,0.87,4.98,1.01,2.67,0.37,2.23,0.36
24.23,115.27,"DIORITE [24845]",28,59.6,7.37,29.9,6.4,1.45,5.91,0.93,5.22,0.99,2.64,0.39,2.39,0.36
24.23,115.27,"DIORITE [24845]",28,60.7,7.55,29.3,6.18,1.34,5.44,0.88,4.85,0.97,2.62,0.39,2.34,0.39
24.23,115.27,"DIORITE [24845]",28.5,60.8,7.36,29.2,6.32,1.43,5.36,0.91,5.2,0.95,2.65,0.41,2.43,0.37
24.23,115.27,"DIORITE [24845]",28.3,59.8,7.42,29.5,6.35,1.36,5.6,0.87,5.03,0.98,2.64,0.38,2.28,0.36
24.23,115.27,"DIORITE [24845]",30.8,63.1,7.5,30.4,6.72,1.45,5.77,0.96,5.29,1.05,2.84,0.4,2.41,0.38
24.23,115.27,"DIORITE [24845]",25.8,58.4,7.25,30.3,6.67,1.52,5.72,0.93,5.62,1.13,2.93,0.41,2.65,0.39
24.23,115.27,"DIORITE [24845]",29.3,61.8,7.56,30.9,7,1.49,5.73,0.99,5.5,1.03,2.97,0.42,2.46,0.37
24.23,115.27,"DIORITE [24845]",30.5,62,7.43,29.3,6.18,1.37,5.36,0.87,4.87,0.94,2.74,0.38,2.3,0.37
24.23,115.27,"DIORITE [24845]",29.7,62.7,7.77,31.2,6.86,1.51,5.84,0.94,5.58,1.12,2.86,0.43,2.61,0.41
25,99,"DIORITE [24848]",11.38,25.79,3.41,14.5,3.6,1.05,3.79,0.63,3.8,0.77,2.25,0.32,2.05,0.27
25,99,"DIORITE [24848]",12.26,28,3.52,15.3,3.5,0.97,3.59,0.58,3.37,0.67,1.85,0.29,1.79,0.26
25,99,"DIORITE [24848]",26.87,55.92,6.58,26.3,5.8,1.49,4.81,0.78,4.66,0.94,2.53,0.36,2.41,0.34
25,99,"DIORITE [24848]",37.65,67.12,7.15,25.7,5.2,1.43,4.25,0.7,4.15,0.83,2.35,0.32,2.42,0.34
25,99,"DIORITE [24848]",27.87,59.35,7.45,30.25,6.21,1.51,5.56,0.86,5.07,1.04,2.78,0.43,2.6,0.39
25,99,"DIORITE [24848]",25.47,57.92,7.49,30.62,6.3,1.6,5.71,0.86,5.16,1.06,2.82,0.43,2.7,0.41
-30.8,-53.9,"DIORITE [24862]",9.6,25.4,3.8,16.6,5.5,2.1,8.9,1.7,9.5,2,6.2,1,5.5,0.9
-30.8,-53.9,"DIORITE [24862]",2,4.2,0.6,3.3,1,0.5,1.7,0.3,1.9,0.4,1.3,0.2,1.2,0.2
-30.8,-53.9,"DIORITE [24862]",9.4,24.7,3.7,20.7,5.9,2.1,8.5,1.7,9.1,2,6,0.9,5.5,0.9
-30.7647,-53.8836,"DIORITE [24862]",20.1,44.1,5.7,21.6,4.6,1.4,4.6,0.7,3.6,0.6,1.8,0.3,1.7,0.3
-30.7547,-53.9661,"DIORITE [24862]",18.6,39.2,5,19.1,4,1.2,3.9,0.6,3.1,0.6,1.6,0.3,1.4,0.2
-30.6022,-53.6156,"DIORITE [24862]",20.1,44.3,5.6,21.5,4.8,1.3,4.8,0.8,4.3,0.9,2.5,0.4,2.3,0.4
43.1029,83.9701,"DIORITE [24913]",16.612986055386,42.3427521810515,4.11567545138752,17.5452112792706,3.7936264632256,1.33359570010369,3.29554029288268,0.584305093850433,3.7061566799933,0.739008588247367,1.84968666775347,0.374611102611039,2.20499483302645,0.32232914016176
43.1006,83.973,"DIORITE [24913]",8.96716406325282,24.3196058665895,2.44817516107341,10.5162546450456,2.4766954291774,0.744728458442315,2.13661583751436,0.385287354404724,2.40285284664765,0.485493516234759,1.20447323879163,0.272215604628401,1.48718351530861,0.234747204854637
43.1006,83.973,"DIORITE [24913]",21.1682831592975,56.245922362299,5.49393557677269,22.9756196754159,5.1965026477755,1.75485021942752,4.53170248858468,0.804789748114134,4.96313370745922,0.997121795395902,2.47712164129927,0.564250241845671,3.03999030588972,0.485493792128966
41.5,112,"DIORITE [24916]",34.29,72.28,8.87,34.53,6.09,1.72,5.2,0.77,4.26,0.83,2.23,0.32,2.02,0.3
41.5,112,"DIORITE [24916]",32.2,66.91,8.07,30.83,5.36,1.55,4.59,0.67,3.69,0.73,1.92,0.28,1.77,0.26
41.5,112,"DIORITE [24916]",34.6,73.06,8.72,34.49,6.07,1.85,5.17,0.76,4.18,0.8,2.12,0.3,1.85,0.28
41.5,112,"DIORITE [24916]",25.38,56.42,7.44,30.33,5.65,1.67,4.82,0.75,4.13,0.79,2.08,0.29,1.81,0.27
41.5,112,"DIORITE [24916]",23.02,52.25,6.9,28.08,5.12,1.53,4.42,0.68,3.7,0.72,1.89,0.26,1.63,0.24
41.5,112,"DIORITE [24916]",25.56,49.17,5.6,22.19,4.15,1.27,3.69,0.57,3.14,0.62,1.62,0.23,1.48,0.22
41.5,112,"DIORITE [24916]",20.47,42.58,5.12,21.78,4.63,1.53,4.32,0.71,4.01,0.8,2.12,0.3,1.86,0.27
41.5,112,"DIORITE [24916]",23.49,46.96,5.89,23.63,4.55,1.38,4.29,0.62,3.57,0.71,1.84,0.26,1.64,0.25
41.5,112,"DIORITE [24916]",22.76,47.19,5.84,22.91,4.37,1.4,4.07,0.66,3.75,0.74,2.01,0.29,1.84,0.27
41.5,112,"DIORITE [24916]",22.2,55.04,7.62,32.01,6.13,1.71,5.12,0.8,4.4,0.86,2.27,0.32,2.03,0.29
41.5,112,"DIORITE, QUARTZ [24916]",49.36,94.53,10.55,39.43,6.64,1.81,5.52,0.8,4.31,0.82,2.19,0.32,1.99,0.3
41.5,112,"DIORITE, QUARTZ [24916]",45.21,85.27,9.53,35.49,5.87,1.56,4.86,0.69,3.67,0.71,1.86,0.27,1.7,0.26
41.5,112,"DIORITE, QUARTZ [24916]",24.82,47.81,5.24,19.99,3.58,1.11,3.16,0.48,2.66,0.53,1.44,0.21,1.34,0.2
41.5,112,"DIORITE, QUARTZ [24916]",46.5,86.8,9.37,34.42,5.57,1.52,4.52,0.63,3.33,0.64,1.69,0.24,1.56,0.23
41.5,112,"DIORITE, QUARTZ [24916]",35.54,70.23,7.88,29.62,4.93,1.43,4.13,0.61,3.24,0.63,1.66,0.24,1.52,0.23
41.5,112,"DIORITE, QUARTZ [24916]",45.3,85.72,9.42,34.85,5.69,1.48,4.73,0.66,3.5,0.66,1.7,0.24,1.44,0.22
41.5,112,"DIORITE, QUARTZ [24916]",12.6,29.99,4.04,16.84,3.45,0.96,3.13,0.5,2.85,0.57,1.56,0.23,1.51,0.23
41.5,112,"DIORITE, QUARTZ [24916]",34.49,61.03,6.84,25.74,4.31,1.24,3.63,0.51,2.68,0.51,1.36,0.19,1.25,0.19
41.5,112,"DIORITE, QUARTZ [24916]",16.5,36.12,4.57,19.58,4.1,1.18,3.54,0.56,3.08,0.6,1.56,0.22,1.39,0.21
33.5648,79.9392,"DIORITE, QUARTZ [24918]",32.66,67.44,7.99,31.81,6.31,1.29,6.38,1.17,6.2,1.21,3.62,0.53,3.5,0.54
33.5648,79.9392,"DIORITE, QUARTZ [24918]",31.8,66.59,8.01,31.36,6.33,1.28,6.41,1.2,6.34,1.23,3.64,0.54,3.49,0.56
32.7843,84.204,"DIORITE, QUARTZ [24918]",44.03,87.49,9.48,34.81,5.99,1.29,4.88,0.64,3.64,0.69,1.99,0.29,1.9,0.29
32.7875,84.2005,"DIORITE, QUARTZ [24918]",38.62,76.37,8.8,34.25,6.23,1.58,5.2,0.74,4.1,0.77,2.22,0.31,2.05,0.31
32.1837,91.6922,"DIORITE, QUARTZ [24918]",61.54,119.3,12.53,44.48,7.4,1.3,5.85,0.86,4.55,0.87,2.34,0.33,2.1,0.31
32.1837,91.6922,"DIORITE, QUARTZ [24918]",64.92,120.7,12.64,43.79,6.96,1.28,5.34,0.76,4.32,0.82,2.38,0.33,2.2,0.33
30.3628,119.2089,"DIORITE [24939]",9.8,24.7,3.87,19.9,5.93,1.34,6.23,0.89,4.58,0.76,1.83,0.24,1.41,0.21
30.3628,119.2089,"DIORITE [24939]",21.3,49.3,6.32,27.8,6.57,1.58,5.94,0.89,4.96,0.96,2.53,0.36,2.2,0.32
30.3628,119.2089,"DIORITE [24939]",14.3,36.9,5.24,23.9,6.64,1.57,6.76,0.97,5.34,0.98,2.3,0.31,1.79,0.25
34.27502,77.60851,"DIORITE [24942]",13.3,29.4,3.4,15.8,3.5,1.2,3.6,0.6,3.9,0.8,2.2,0.3,2.2,0.3
-44.0199,-72.5656,"DIORITE, QUARTZ [24959]",20.64,43.784,5.543,16.54515,4.067,1.339,5.368,0.836,5.169,1.086,2.861,0.455,2.71,0.402
-44.0044,-72.6666,"DIORITE, QUARTZ [24959]",13.677,28.832,3.547,16.19671,3.978319,1.089,3.149,0.497,2.955,0.635,1.737,0.293,1.806,0.293
-44.0044,-72.6666,"DIORITE [24959]",9.508,21.896,3.023,13.96627,3.593176,1.229,3.521,0.553,3.314,0.713,1.884,0.297,1.838,0.283
-43.9394,-72.8021,"DIORITE [24959]",10.686,22.399,2.794,12.00641,3.101179,1.031,3.182,0.515,3.188,0.685,1.85,0.296,1.797,0.276
-43.9213,-72.8088,"DIORITE, QUARTZ [24959]",13.254,30.207,3.957,23.60631,5.652008,1.24,4.102,0.647,4.049,0.871,2.33,0.37,2.211,0.335
-43.8863,-72.9185,"DIORITE [24959]",4.439,9.658,1.289,14.53171,3.324429,0.731,1.523,0.241,1.471,0.326,0.836,0.135,0.846,0.136
-44.2632,-72.5242,"DIORITE, QUARTZ [24959]",19.973,41.576,5.149,5.457991,5.457991,1.44,4.22,0.643,3.708,0.754,1.954,0.309,1.764,0.262
-43.9119,-72.8178,"DIORITE, QUARTZ [24959]",12.883,29.831,3.941,6.727983,1.893485,1.138,4.063,0.655,4.046,0.889,2.41,0.392,2.392,0.362
-43.8503,-72.9488,"DIORITE [24959]",4.197,9.754,1.425,17.52201,4.577116,1.034,1.952,0.304,1.807,0.36,0.904,0.144,0.849,0.133
-44.2428,-72.5142,"DIORITE [24959]",11.589,28.471,3.971,26.3504,6.022573,1.575,5.192,0.844,5.479,1.158,3.098,0.456,2.833,0.422
-43.3314,-70.9013,"DIORITE, QUARTZ [24959]",12.433,28.184,3.887,22.64045,4.716656,1.629,4.572,0.717,4.469,0.924,2.437,0.384,2.242,0.344
-43.425,-72.2199,"DIORITE, QUARTZ [24959]",14.512,31.743,4.151,11.40509,3.001971,1.22,4.397,0.691,4.315,0.952,2.633,0.425,2.616,0.408
-43.9752,-72.4678,"DIORITE, QUARTZ [24959]",20.521,47.531,6.293,11.656,2.777,1.393,5.444,0.845,5.131,1.102,3.016,0.487,3.007,0.461
-43.3915,-72.3099,"DIORITE [24959]",8.543,18.637,2.549,14.901,2.803,1.272,3.142,0.495,3.01,0.645,1.687,0.266,1.584,0.241
-43.3324,-70.903,"DIORITE, QUARTZ [24959]",13.422,29.825,3.833,24.914,5.907,0.973,3.286,0.51,2.979,0.631,1.689,0.269,1.617,0.247
-43.9213,-72.8088,"DIORITE [24959]",9.893,22.198,2.973,20.144,3.528,1.074,3.26,0.508,3.104,0.65,1.719,0.274,1.614,0.238
-43.9213,-72.8088,"DIORITE [24959]",7.265,17.46,2.517,29.071,6.396,1.124,3.197,0.501,3.088,0.655,1.729,0.276,1.64,0.244
-43.8998,-72.8619,"DIORITE [24959]",7.366,16.87,2.377,30.423,6.46,1.118,2.982,0.471,2.858,0.612,1.58,0.257,1.576,0.247
-43.8503,-72.9488,"DIORITE [24959]",6.46,14.591,2.04,29.5,5.553,1.091,2.332,0.351,2.01,0.408,0.997,0.152,0.883,0.136
-43.9083,-72.8255,"DIORITE [24959]",8.837,20.462,2.821,30.514,6.439,1.154,3.463,0.543,3.446,0.742,1.993,0.316,1.907,0.286
-37.25,147.6,"DIORITE, QUARTZ [8146]",9.5,21.2,2.9,11.3,2.75,0.87,2.74,0.41,2.36,0.43,1.13,0.16,1.01,0.15
29.2,92.2,"DIORITE [24966]",11.3,22,2.99,12.4,2.94,0.51,3.15,0.49,2.68,0.5,1.39,0.18,1.28,0.16
29.2,92.2,"DIORITE [24966]",13.2,27.3,3.65,15.9,3.63,0.72,3.76,0.6,3.19,0.6,1.55,0.2,1.42,0.18
-21.72,150.3,"DIORITE [8152]",3.12,6.98,1.24,5.96,1.87,0.64,0.42,2.43,2.85,0.62,1.76,0.26,1.66,0.25
34,51,"DIORITE, QUARTZ [24987]",14.5,34.7,4.3,19,5.2,1.3,4.8,0.8,4.5,1,2.7,0,2.8,0.4
34,51,"DIORITE, QUARTZ [24987]",13.2,32,4,15,4.9,1.2,4.7,0.8,4,0.9,2.7,0,2.7,0.5
50.2492,125.7875,"DIORITE [24994]",23.61,43.84,5.8,21.67,3.43,1.03,2.63,0.37,2.16,0.43,1.24,0.19,1.3,0.22
50.2492,125.7875,"DIORITE [24994]",14.72,35.24,5.28,22.31,4.71,1.17,3.37,0.44,2.17,0.41,1.03,0.14,0.9,0.13
50.2492,125.7875,"DIORITE [24994]",14.8,35.49,5.13,21.47,4.7,1.19,3.33,0.44,2.14,0.4,1.02,0.14,0.85,0.13
50.2492,125.7875,"DIORITE [24994]",18.48,42.75,5.97,24.29,5.03,1.23,4.16,0.56,2.89,0.57,1.57,0.23,1.52,0.23
50.2492,125.7875,"DIORITE [24994]",34.86,74.27,9.8,37.93,6.88,1.96,5.26,0.64,2.99,0.51,1.42,0.2,1.31,0.2
50.2492,125.7875,"DIORITE [24994]",32.63,69.65,9.26,35.29,6.6,1.85,4.94,0.62,2.87,0.53,1.36,0.2,1.26,0.19
42.5022,92.4822,"DIORITE [25012]",11.2,22.3,2.97,13.6,2.79,1.03,2.63,0.45,2.68,0.52,1.63,0.27,1.73,0.28
42.5022,92.4822,"DIORITE [25012]",12.6,23.7,3.15,14.2,2.91,1.08,2.8,0.49,2.93,0.57,1.67,0.28,1.79,0.29
42.5022,92.4822,"DIORITE [25012]",12.66,24.98,3.43,14.18,2.98,1.27,2.67,0.46,2.67,0.54,1.68,0.26,1.76,0.28
33.2,-81.5,"DIORITE, QUARTZ [7957]",10.4,25.7,3.2,13.1,2.9,0.6,3.3,0.59,3.2,0.64,2.1,0.37,1.8,0.28
33.2,-81.5,"DIORITE [7957]",4.6,11.8,1.8,8,2.5,0.75,2.7,0.51,2.8,0.54,1.7,0.26,1.3,0.2
33.2,-81.5,"DIORITE, QUARTZ [7957]",7.9,21.7,3.3,14.1,4.1,0.92,4.1,0.72,4.3,0.84,2.5,0.39,2,0.31
26.1,100.15,"DIORITE [25019]",46.97,68.83,9.04,34.21,7.84,1.84,6.48,0.65,2.43,0.51,1.12,0.19,0.98,0.13
26.1,100.15,"DIORITE [25019]",39.23,65.55,8.86,30.15,7.21,1.71,5.63,0.61,2.12,0.47,0.96,0.16,0.89,0.11
26.1,100.15,"DIORITE [25019]",37.62,63.23,8.07,29.33,6.88,1.63,5.21,0.51,2.01,0.39,0.82,0.15,0.72,0.12
10.6036,36.3558,"DIORITE, HORNBLENDE [7900]",10.9,24.83,3.46,16.02,3.86,1.07,3.41,0.48,2.88,0.53,1.6,0.2,1.21,0.19
10.5933,36.4172,"DIORITE, HORNBLENDE [7900]",22.52,50.15,6.69,28.78,6.36,1.85,5.97,0.9,5.36,1.15,3.44,0.51,3.48,0.56
10.5106,35.9342,"DIORITE [7900]",64.27,121.51,13.33,47.54,7.69,2.04,5.68,0.74,4.12,0.79,2.14,0.29,1.86,0.28
36,100,"DIORITE [25042]",33.78,70.69,8.56,33.93,6.83,1.83,5.57,0.81,4.46,0.84,2.15,0.3,1.84,0.29
36,100,"DIORITE, QUARTZ [25042]",7.95,16.88,2.43,11.34,3.71,1,3.93,0.67,4.1,0.81,2.11,0.3,1.79,0.26
36,100,"DIORITE, QUARTZ [25042]",54.24,91.62,9.2,30.53,4.8,1.48,3.81,0.55,3.15,0.6,1.61,0.23,1.47,0.24
36,100,"DIORITE, QUARTZ [25042]",37.45,76.33,8.44,32,6.86,1.68,5.93,0.92,5.16,1,2.62,0.36,2.23,0.33
36,100,"DIORITE [25042]",51.7,110.21,14,56.04,11.11,2.53,8.44,1.21,6.59,1.22,3.13,0.43,2.56,0.39
36,100,"DIORITE, QUARTZ [25042]",20.21,46.23,5.88,22.44,4.67,0.8,4.37,0.73,4.61,0.93,2.72,0.41,2.56,0.41
36,100,"DIORITE, QUARTZ [25042]",18.56,41.44,5.37,22.24,6.37,2.11,6.99,1.11,6.35,1.21,2.65,0.29,1.41,0.2
36,100,"DIORITE [25042]",26.41,55.54,6.93,28.29,6.19,1.95,5.77,0.9,5.38,1.07,2.84,0.42,2.55,0.4
36,100,"DIORITE [25042]",41.85,69.66,7.35,26.15,4.24,1.6,3.01,0.38,1.87,0.33,0.78,0.11,0.67,0.1
34.8219,111.4458,"DIORITE, QUARTZ [25043]",46.4,88.3,9.6,35.1,6.09,1.63,4.56,0.62,3.76,0.72,1.92,0.28,1.93,0.32
34.8219,111.4458,"DIORITE, QUARTZ [25043]",48.5,90.7,9.82,35.9,5.92,1.64,4.79,0.63,3.67,0.69,1.94,0.29,1.95,0.31
34.8219,111.4458,"DIORITE, QUARTZ [25043]",46.4,90.7,10.2,38,7.42,2,6.46,0.98,5.9,1.16,3.19,0.47,2.99,0.46
34.8219,111.4458,"DIORITE, QUARTZ [25043]",49.4,90.1,9.5,34.2,5.81,1.6,4.52,0.63,3.66,0.74,2.03,0.3,2.04,0.32
34.8314,111.4544,"DIORITE, QUARTZ [25043]",60,103,11.3,41.9,7.06,1.98,5.81,0.79,4.11,0.81,2.2,0.33,2.07,0.33
34.8314,111.4544,"DIORITE, QUARTZ [25043]",59.4,103,11,41,6.56,2.03,5.03,0.71,3.99,0.79,2.09,0.31,2.01,0.31
34.8314,111.4544,"DIORITE, QUARTZ [25043]",57.3,101,11.1,41,6.79,1.91,5.44,0.73,4.06,0.83,1.99,0.29,1.99,0.35
34.8111,111.3547,"DIORITE, QUARTZ [25043]",53.5,93.6,10.4,37.7,6.31,1.85,5.29,0.71,3.95,0.7,2.12,0.31,1.92,0.3
34.8111,111.3547,"DIORITE, QUARTZ [25043]",52.5,92.6,10.4,38.8,6.72,1.95,5.29,0.7,3.75,0.68,1.89,0.28,1.76,0.27
34.8111,111.3547,"DIORITE, QUARTZ [25043]",61.1,101,11,40.1,6.69,1.92,5.38,0.7,3.63,0.7,2.01,0.29,1.88,0.29
34.8111,111.3547,"DIORITE, QUARTZ [25043]",53.6,93.4,10.4,38.8,6.5,1.95,5.31,0.69,3.71,0.65,1.85,0.27,1.77,0.26
34.9119,110.9339,"DIORITE, QUARTZ [25043]",55.4,98,11,40.6,6.8,2,5.62,0.75,3.99,0.71,2.09,0.29,1.98,0.29
34.9119,110.9339,"DIORITE, QUARTZ [25043]",57.1,99.8,11.2,40.9,6.88,2.04,5.59,0.75,3.87,0.72,2.12,0.3,1.86,0.28
34.9119,110.9339,"DIORITE, QUARTZ [25043]",56.8,96.7,10.8,40.1,6.73,1.92,5.5,0.7,3.71,0.69,1.97,0.3,1.86,0.28
40.1061,105.5342,"DIORITE, QUARTZ [25045]",32.4,69.9,9.45,37.9,8.55,2.1,7.34,1.08,6.03,1.22,3.12,0.42,2.79,0.44
40.1061,105.5342,"DIORITE, QUARTZ [25045]",41.4,82.7,10.1,36,6.47,1.27,5.21,0.67,3.49,0.65,1.62,0.21,1.26,0.2
40.1061,105.5342,"DIORITE, QUARTZ [25045]",22,43.9,5.68,21.1,4.78,1.6,4.62,0.77,4.6,0.94,2.44,0.32,1.96,0.29
39.17,114.25,"DIORITE [25051]",38.96635,73.42245,8.140796,30.61698,4.971421,1.57005,3.549534,0.471495,2.288741,0.429609,1.191018,0.16344,1.021522,0.140656
39.17,114.25,"DIORITE [25051]",39,77,8.6,32.1034835500167,5.2,1.5,3.4,0.46,2.3,0.4,1.1,0.16,0.97,0.14
51.3117,120.9661,"DIORITE [25048]",14.4,32.2,4.49,19.4,4.22,1.24,3.87,0.55,3.45,0.63,1.78,0.29,1.87,0.29
33.6,109.1,"DIORITE [25052]",28.02,61.23,7.74,32.15,7.34,1.99,7.39,1.17,7.29,1.48,4.22,0.65,3.96,0.58
33.6,109.1,"DIORITE [25052]",30.89,68.83,8.43,34.76,7.83,2.1,7.7,1.22,7.67,1.53,4.48,0.66,4.16,0.62
33.6,109.1,"DIORITE [25052]",29.69,63.14,7.82,32.11,7.24,2,7.18,1.14,7.11,1.42,4.04,0.6,3.73,0.56
33.6,109.1,"DIORITE [25052]",33.96,72.43,8.49,34.35,7.63,2.05,7.5,1.18,7.43,1.48,4.3,0.64,4.02,0.61
33.6,109.1,"DIORITE [25052]",35.19,71.41,8.67,34.83,7.64,2.08,7.55,1.19,7.44,1.47,4.31,0.65,4,0.6
33.6,109.1,"DIORITE [25052]",25.94,56.11,6.87,27.99,6.31,1.67,6.16,0.99,6.17,1.23,3.58,0.53,3.3,0.49
33.4422,106.3383,"DIORITE, QUARTZ [25054]",30,60,6.79,27,5.13,1.71,5.5,0.7,3.79,0.73,2.18,0.3,1.92,0.28
33.5342,106.9239,"DIORITE, QUARTZ [25054]",31,59,6.97,27,4.68,1.51,4.7,0.58,2.78,0.56,1.45,0.2,1.31,0.19
33.5303,106.9269,"DIORITE, QUARTZ [25054]",38,73,8.3,31,5.21,1.48,5.37,0.67,3.29,0.65,1.78,0.25,1.68,0.24
33.5278,106.9361,"DIORITE, QUARTZ [25054]",32,63,7.36,28,4.83,1.44,4.83,0.6,2.81,0.56,1.56,0.21,1.4,0.2
33.5317,106.9392,"DIORITE, QUARTZ [25054]",25,50,6.1,24,4.35,1.37,4.31,0.55,2.72,0.54,1.45,0.2,1.33,0.19
38.3,-6.5,"DIORITE [25063]",21,45.1,5.8,24,5.59,1.53,5.28,0.82,4.45,0.92,2.27,0.34,2.07,0.3
38.3,-6.5,"DIORITE, QUARTZ [25063]",40.9,85,10.6,42.8,8.95,2.08,8.12,1.21,6.28,1.32,3.22,0.47,2.78,0.39
42.3,83,"DIORITE [25067]",20.8,47.7,5.84,24.9,5.29,2.15,6.11,0.96,5.17,0.97,2.55,0.33,1.96,0.3
42.3,83,"DIORITE [25067]",30.6,72.5,10.1,48.5,10.6,2.12,8.98,1.07,5.13,0.92,2.46,0.38,2.12,0.3
42.3,83,"DIORITE [25067]",23.5,52.8,7.6,36.9,7.74,2.35,7.64,1.01,5.58,1.07,2.85,0.43,2.57,0.38
42.3,83,"DIORITE [25067]",25.9,53.2,7.14,30.6,5.74,2.13,6.22,0.86,4.46,0.8,2.14,0.27,1.71,0.28
42.3,83,"DIORITE [25067]",22.4,47.2,5.89,22.6,4.5,1.25,4.17,0.62,3.48,0.71,2.13,0.31,2.07,0.34
42.3,83,"DIORITE [25067]",18.9,43.5,6.16,28.2,5.77,2.31,5.98,0.9,5.46,1.08,3.01,0.46,2.71,0.41
42.3,83,"DIORITE [25067]",12.4,30.9,4.32,23.6,5.8,2.1,6.07,0.93,5.24,0.99,2.52,0.36,2.09,0.26
42.3,83,"DIORITE [25067]",17,35.2,4.12,15.9,2.93,0.87,2.99,0.44,2.43,0.48,1.44,0.21,1.39,0.23
42.3,83,"DIORITE [25067]",12.8,27.4,3.62,16.1,3.38,1.07,3.19,0.42,2.21,0.43,1.29,0.18,1.24,0.2
42.3,83,"DIORITE [25067]",23.6,51.8,7.35,34.4,7.72,1.66,7.42,1.03,6.23,1.24,3.44,0.51,3.16,0.47
42.3,83,"DIORITE [25067]",16,36.9,4.95,22.4,4.67,1.22,4.29,0.64,3.58,0.72,2.08,0.34,2.06,0.34
42.3,83,"DIORITE [25067]",16.6,42.7,5.52,24.9,5.22,1.43,4.67,0.71,4.15,0.84,2.36,0.38,2.35,0.33
42.3,83,"DIORITE [25067]",24.7,50,6.04,24.8,4.9,1.19,4.57,0.65,3.71,0.78,2.19,0.38,2.29,0.33
42.3,83,"DIORITE [25067]",12.5,26.7,3.39,14.4,3.06,0.95,2.9,0.38,1.96,0.38,1.15,0.17,1.16,0.19
45.5,131.5,"DIORITE [25075]",18,36.1,4.67,18.9,3.65,1.09,3.05,0.6,3.35,0.63,1.84,0.3,1.94,0.29
47.2292222222222,85.7103055555555,"DIORITE [25076]",20.1,43.8,5.44,22.2,4.53,1.29,3.73,0.55,2.88,0.53,1.48,0.21,1.37,0.21
47.2292222222222,85.7103055555555,"DIORITE [25076]",20.7,44.5,5.7,22.9,4.56,1.3,3.83,0.56,2.87,0.54,1.51,0.21,1.39,0.22
47.2292222222222,85.7103055555555,"DIORITE [25076]",18.7,41,5.14,21.4,4.28,1.23,3.67,0.49,2.81,0.52,1.4,0.21,1.31,0.2
47.2292222222222,85.7103055555555,"DIORITE [25076]",20,42.8,5.69,24.3,4.59,1.25,3.71,0.52,2.81,0.52,1.42,0.2,1.28,0.21
47.2364722222222,85.7155833333333,"DIORITE, QUARTZ [25076]",21.1,43.9,5.27,20.6,4,1.14,3.18,0.49,2.62,0.51,1.42,0.21,1.38,0.22
47.2364722222222,85.7155833333333,"DIORITE, QUARTZ [25076]",20.2,41.5,5,19.7,3.78,1.08,3.17,0.45,2.52,0.5,1.34,0.2,1.33,0.21
47.2364722222222,85.7155833333333,"DIORITE, QUARTZ [25076]",21,44,5.24,20.7,3.98,1.15,3.57,0.47,2.63,0.5,1.4,0.21,1.38,0.22
47.2364722222222,85.7155833333333,"DIORITE, QUARTZ [25076]",21,44.4,5.44,20.7,3.99,1.14,3.21,0.47,2.59,0.5,1.46,0.21,1.39,0.22
47.2564166666667,85.7345,"DIORITE [25076]",14.9,32.6,4.19,17.1,3.4,0.98,2.81,0.39,2.1,0.4,1.03,0.15,0.94,0.15
47.2564166666667,85.7345,"DIORITE [25076]",15.2,32.8,4.06,16.7,3.3,0.96,2.79,0.37,2.08,0.39,1.05,0.14,0.93,0.14
47.2564166666667,85.7345,"DIORITE [25076]",15.4,33.6,4.29,17.9,3.45,0.98,2.89,0.4,2.15,0.41,1.09,0.15,0.96,0.16
47.2564166666667,85.7345,"DIORITE [25076]",15.2,32.9,4.26,17.4,3.42,0.97,2.75,0.39,2.14,0.4,1.05,0.16,0.96,0.15
36.6,77,"DIORITE [25079]",19.78,38.77,4.59,17.84,3.42,0.91,3.33,0.45,3.27,0.65,2.02,0.28,1.71,0.29
40.8559,41.7004,"DIORITE [25053]",10.7,27.9,3.37,13.9,3.85,0.68,4.2,0.83,5.78,1.28,3.78,0.69,4.97,0.87
40.6182,41.1823,"DIORITE [25053]",7.4,8.2,0.92,7.2,0.9,0.5,0,0.55,0.79,0.48,0.17,0.16,0.83,0.13
40.6317,41.1792,"DIORITE [25053]",21.3,43.1,5.14,20.2,4.15,1.15,3.71,0.58,3.38,0.65,1.76,0.27,1.78,0.29
43.1982,88.4703,"DIORITE [25097]",21.75,47.26,6.38,26.79,5,1.63,4.72,0.6,4.03,0.83,2.21,0.28,1.97,0.3
43.1982,88.4703,"DIORITE [25097]",18.85,40.36,6.02,25.91,5.06,1.6,4.5,0.62,3.86,0.75,2.17,0.25,1.93,0.28
42.278,88.3853,"DIORITE [25097]",51.99,95.26,10.92,35.07,4.59,1.61,3.08,0.36,1.75,0.33,0.94,0.12,0.81,0.15
26.2006,114.6014,"DIORITE [25099]",31.2,63.9,7.95,33.1,6.64,1.67,6.49,1.02,5.27,0.95,2.84,0.45,2.57,0.38
26.2006,114.6014,"DIORITE [25099]",32,65.1,8.2,34.1,6.91,1.72,6.39,1.06,5.64,1.01,2.79,0.45,3,0.37
26.2006,114.6014,"DIORITE [25099]",30.6,62.8,7.94,33.3,6.74,1.69,6.48,1.08,5.5,0.99,2.91,0.47,2.63,0.4
26.2006,114.6014,"DIORITE [25099]",31.7,64.7,8.1,34,6.85,1.72,6.75,1.06,5.46,0.98,2.68,0.4,2.65,0.38
26.2006,114.6014,"DIORITE [25099]",30.4,62.6,7.85,33.2,6.72,1.69,6.27,1.08,5.13,0.94,2.83,0.44,2.51,0.37
26.2006,114.6014,"DIORITE [25099]",32,65,8.33,34.7,7.01,1.76,6.44,1.07,5.39,0.96,2.72,0.41,2.55,0.38
26.1019,114.5356,"DIORITE [25099]",30.9,58.7,7.98,33.9,7.29,1.75,7.4,1.3,6.64,1.21,3.44,0.55,3.2,0.45
26.1019,114.5356,"DIORITE [25099]",90.8,98.8,20.5,82.2,18.1,2.56,18,3.19,15.9,2.64,7.52,1.09,6.36,0.84
26.1019,114.5356,"DIORITE [25099]",72.4,82.8,17.3,70.5,15,2.38,13.6,2.25,10.3,1.76,4.87,0.76,4.09,0.52
26.1019,114.5356,"DIORITE [25099]",96,88.2,23,93.5,21.1,3.2,20.9,3.53,16.7,2.82,8.07,1.17,6.73,0.9
24.1868,115.8242,"DIORITE [25099]",55.4,97.6,11.3,43.2,7.44,1.91,6.79,1.04,5.26,0.9,2.53,0.39,2.19,0.33
24.1868,115.8242,"DIORITE [25099]",53.7,93.6,10.9,41.7,7.32,1.9,6.82,1.11,5.35,0.91,2.73,0.4,2.65,0.36
24.1868,115.8242,"DIORITE [25099]",49.6,88,10.4,40.2,7.38,1.91,6.68,1.08,4.98,0.9,2.57,0.42,2.59,0.34
24.1868,115.8242,"DIORITE [25099]",64.1,115,13.1,50.4,8.4,2.16,7.28,1.15,5.18,0.93,2.66,0.42,2.46,0.31
24.1868,115.8242,"DIORITE [25099]",48.9,106,14.5,61.9,12.5,2.29,11.7,1.91,9.69,1.59,4.71,0.69,3.84,0.51
24.1868,115.8242,"DIORITE [25099]",53.1,94.6,11.3,43.8,8.2,1.79,7.14,1.16,6.03,1.06,3.11,0.51,2.95,0.4
24.1868,115.8242,"DIORITE [25099]",65.7,113,13,48,8.06,1.68,7.13,1.07,5.34,0.89,2.52,0.4,2.53,0.36
35.3,101.3,"DIORITE [25110]",29.88,59.26,6.906,25.65,4.619,0.951,4.001,0.575,3.386,0.707,1.917,0.284,1.78,0.282
35.3,101.3,"DIORITE [25110]",29.71,60.4,7.201,26.8,4.967,1.023,4.187,0.65,3.698,0.785,2.113,0.312,2.025,0.311
35.3,101.3,"DIORITE [25110]",12.09,29.58,4.037,17.86,3.799,0.91,3.494,0.555,3.099,0.675,1.849,0.273,1.748,0.263
35.3,101.3,"DIORITE [25110]",60.13,115.1,12.62,45.24,6.233,1.145,5.252,0.63,3.387,0.711,2.008,0.286,1.816,0.283
35.3,101.3,"DIORITE [25110]",19.48,41.23,5.001,20.45,3.852,0.896,3.4,0.537,3.145,0.64,1.802,0.259,1.625,0.264
35.3,101.3,"DIORITE [25110]",22.29,44.8,5.268,21.34,4.075,0.998,3.727,0.564,3.351,0.691,1.869,0.277,1.741,0.273
33.8,134.4,"DIORITE [25112]",6.9,16.8,2.4,10,2.4,0.9,2.6,0.4,2.4,0.5,1.4,0.2,1.4,0.2
33.8,134.4,"DIORITE [25112]",7.2,17.1,2.3,10,2.3,0.9,2.6,0.4,2.3,0.5,1.4,0.2,1.3,0.2
33.8,134.4,"DIORITE [25112]",6.1,15,2.1,9,2.1,0.8,2.3,0.4,2.1,0.4,1.3,0.2,1.2,0.2
33.8,134.4,"DIORITE [25112]",6.7,18.4,2.8,12.3,3,0.9,3.2,0.5,2.9,0.6,1.7,0.2,1.6,0.2
33.8,134.4,"DIORITE [25112]",8.2,17.7,2.6,11.3,2.6,0.9,2.9,0.4,2.5,0.5,1.5,0.2,1.4,0.2
33,85,"DIORITE [25113]",24.37,45.61,5.22,18.58,3.22,0.91,2.5,0.35,1.75,0.34,0.93,0.13,0.95,0.14
33,85,"DIORITE [25113]",19.11,36.78,4.28,15.52,2.99,0.82,2.54,0.39,2.04,0.4,1.17,0.18,1.23,0.18
33,85,"DIORITE [25113]",16.82,32.5,3.77,13.42,2.44,0.82,2.01,0.28,1.36,0.27,0.77,0.12,0.81,0.13
46.8154,89.6544,"DIORITE [25116]",11,25,3.17,13.4,3.21,1.02,3.19,0.5,3.01,0.63,1.87,0.28,1.85,0.3
46.8143,89.6544,"DIORITE [25116]",15.1,30.4,3.59,14.5,3.28,0.97,3.03,0.47,2.87,0.6,1.82,0.26,1.74,0.29
46.8143,89.6544,"DIORITE [25116]",15.6,32.1,3.81,15.4,3.41,0.99,3.06,0.48,2.94,0.61,1.83,0.26,1.74,0.28
46.808,89.6668,"DIORITE [25116]",11.5,24.6,2.92,11.6,2.59,0.79,2.46,0.39,2.41,0.52,1.6,0.24,1.61,0.27
46.8048,89.6702,"DIORITE [25116]",13.8,29.6,3.81,15.8,3.85,1.13,3.9,0.62,3.76,0.81,2.45,0.35,2.26,0.36
11.9189,76.065,"DIORITE [25119]",36.64,87.13,11.68,46.73,9.64,2.85,9.26,1.25,6.62,1.28,3.31,0.46,2.96,0.42
11.9329,76.0279,"DIORITE [25119]",141.59,239.56,25.16,63.04,9.64,2.58,8.58,0.86,3.55,0.6,1.6,0.19,1.11,0.15
11.9383,76.0568,"DIORITE [25119]",107.42,243.56,19.59,44.11,8.09,1.73,7.64,0.75,3.18,0.57,1.55,0.19,1.12,0.17
11.9059,76.0279,"DIORITE [25119]",36.2,75.43,9.56,37.44,8,2.55,7.99,1.11,5.91,1.15,2.9,0.41,2.69,0.37
11.9054,76.0097,"DIORITE [25119]",44.54,85.99,9.73,34.8,6.06,2.131,5.86,0.74,3.66,0.69,1.74,0.23,1.4,0.19
11.8445,76.182,"DIORITE [25119]",68.64,127.31,16.83,65.41,14.15,2.93,14.5,2.13,11.87,2.39,6.03,0.83,4.79,0.67
11.8618,76.1786,"DIORITE [25119]",83.57,148.74,23.48,91.4,20.8,3.53,21.06,3.33,18.98,3.81,9.83,1.45,9.07,1.37
11.8605,76.1702,"DIORITE [25119]",38.55,86.91,10.99,43.32,9.73,2.43,10.61,1.68,9.74,2.03,5.35,0.81,5.31,0.78
11.8596,76.1698,"DIORITE [25119]",98.77,333.42,24.27,42.63,17.54,3.27,17.89,2.67,15.2,3.12,8.16,1.19,7.15,1.04
11.8596,76.1698,"DIORITE [25119]",45.68,98.19,11.34,39.3,7.88,1.17,7.16,0.91,4.37,0.81,2.03,0.27,1.72,0.26
15.3871,79.5378,"DIORITE [25120]",38.2,79.4,8.8,43.4,9.3,2.5,9.3,1.2,8.2,1.5,3.8,0.4,2.4,0.139
15.3459,79.541,"DIORITE [25120]",58.1,111.4,11.7,53,10.9,2.7,10.9,1.5,9.9,1.9,4.9,0.6,3.3,0.7
15.3566,79.5866,"DIORITE [25120]",51.2,95.2,10,46,8.9,2.7,9.1,1.2,7.8,1.5,3.9,0.4,2.6,0.5
35.4603,98.5847,"DIORITE, QUARTZ [25124]",66.22,125.69,13.85,50.32,8.56,1.9,7.28,1,5.77,1.1,3.15,0.44,2.87,0.41
35.4603,98.5847,"DIORITE, QUARTZ [25124]",48.3,92.11,9.98,36.59,6.26,1.83,5.35,0.7,3.99,0.71,1.99,0.27,1.7,0.25
35.4603,98.5847,"DIORITE, QUARTZ [25124]",52.18,99.43,10.53,37.23,6.54,1.57,5.87,0.87,5.33,1.05,3.07,0.45,2.95,0.43
35.4603,98.5847,"DIORITE, QUARTZ [25124]",64.08,123.28,13.83,50.84,8.69,1.91,7.47,1.04,6.01,1.14,3.25,0.45,2.81,0.41
35.4603,98.5847,"DIORITE, QUARTZ [25124]",66.76,126.84,14.22,51.93,8.74,1.96,7.59,1.06,6.04,1.16,3.33,0.45,2.9,0.43
35.4603,98.5847,"DIORITE, QUARTZ [25124]",89.91,163.42,17.34,60.83,10.06,1.96,8.47,1.16,6.6,1.23,3.51,0.49,3.16,0.44
42.3,83.3,"DIORITE, QUARTZ [25126]",18.26,37.74,4.69,19.97,4.13,1.18,4.24,0.66,3.97,0.82,2.34,0.36,2.35,0.36
42.3,83.3,"DIORITE, QUARTZ [25126]",17.64,34.91,4.2,16.8,3.37,1.1,3.57,0.53,3.12,0.64,1.81,0.26,1.78,0.27
42.3,83.3,"DIORITE, QUARTZ [25126]",18.29,38.77,4.88,20.36,4.31,1.06,4.43,0.7,4.13,0.86,2.38,0.36,2.33,0.36
40.3857,95.8165,"DIORITE [25132]",55,107,12.3,43.8,7.67,2,6.26,0.81,4.32,0.83,2.33,0.34,2.2,0.32
40.3872,95.8113,"DIORITE [25132]",43.7,89.7,10.2,40.7,8.2,2.07,6.93,0.96,5.56,1.05,2.94,0.42,2.64,0.38
40.1103,95.8658,"DIORITE [25132]",87.4,145,14.2,47.2,6.69,1.49,5.68,0.7,3.98,0.75,2.17,0.31,1.94,0.28
40.1103,95.8658,"DIORITE [25132]",77.1,123,11.4,36.4,4.62,0.99,3.86,0.44,2.47,0.47,1.36,0.2,1.36,0.21
36,82,"DIORITE, QUARTZ [25137]",74.5,119,16.7,58.2,9.71,2.5,7.69,1.1,5.11,0.99,2.87,0.39,2.47,0.36
36,82,"DIORITE, QUARTZ [25137]",63.4,122,15.8,58.8,10.1,2.53,7.83,1.17,5.51,1.09,3.09,0.42,2.64,0.38
36,82,"DIORITE, QUARTZ [25137]",65.9,115,16.8,60.1,10.6,3.12,8.48,1.26,6.16,1.18,3.4,0.48,3.11,0.49
36,82,"DIORITE, QUARTZ [25137]",49.8,102,13.1,48.6,8.56,2.29,6.95,1.02,4.78,0.94,2.7,0.37,2.4,0.36
36,82,"DIORITE, QUARTZ [25137]",67.3,125,15.8,57.3,9.83,2.64,7.93,1.13,5.12,1.01,2.86,0.39,2.3,0.36
36,82,"DIORITE, QUARTZ [25137]",71.1,119,15.5,54.5,8.82,2.11,6.54,0.97,4.56,0.86,2.48,0.35,2.02,0.31
36,82,"DIORITE, QUARTZ [25137]",80.2,126,17.4,63.9,10.5,2.6,8.29,1.22,5.5,1.02,2.94,0.38,2.36,0.36
36,82,"DIORITE, QUARTZ [25137]",76.9,124,17.2,61.8,10.1,2.68,8.42,1.18,5.51,0.99,2.9,0.38,2.4,0.35
36,82,"DIORITE, QUARTZ [25137]",61.8,116,14.3,52,8.8,2.28,7.28,1.05,5.04,1,2.77,0.37,2.44,0.35
36,82,"DIORITE, QUARTZ [25137]",85.2,130,17.5,64.7,10.1,2.53,7.98,1.09,4.89,0.93,2.61,0.36,2.29,0.34
36,82,"DIORITE, QUARTZ [25137]",70.4,129,15.9,56.2,9.51,2.57,8.01,1.13,5.3,1,2.81,0.35,2.31,0.32
36,82,"DIORITE, QUARTZ [25137]",66.5,119,14.8,49.9,8.62,2.26,7.55,1.11,5.49,1.08,3.18,0.43,2.9,0.39
12,75.2,"DIORITE [25166]",130.52,270.18,38.62,176.36,34.06,4.07,30.72,4.66,23.46,3.56,8.79,1.2,7.3,1
12,75.2,"DIORITE [25166]",117.21,240.91,34.41,162.79,35.59,4,33.25,5.39,27.45,4.27,10.52,1.43,8.69,1.21
41.2704,106.4736,"DIORITE, QUARTZ [25167]",15.1,34.4,4.86,22.5,4.97,1.59,4.59,0.83,4.61,0.89,2.61,0.43,2.54,0.4
41.2709,106.4734,"DIORITE, QUARTZ [25167]",15.7,35.6,5,23.7,5.12,1.64,4.79,0.85,4.94,0.9,2.64,0.39,2.55,0.37
41.271,106.4732,"DIORITE, QUARTZ [25167]",16,36.1,5.4,25.5,5.53,1.73,5.17,0.98,5.42,1.03,3.02,0.54,2.86,0.45
48.6085,123.1716,"DIORITE, QUARTZ [25168]",22.1,44.5,5.93,23.9,4.7,1.48,3.64,0.61,3.11,0.59,1.71,0.28,1.79,0.26
48.6085,123.1716,"DIORITE, QUARTZ [25168]",24.3,49.8,6.59,26.9,4.94,1.49,4.2,0.63,3.37,0.62,1.8,0.29,1.82,0.29
36.3385833333333,47.5564,"DIORITE [25176]",4.92706331470861,13.5056212871922,2.1134515597665,10.0518489810172,2.44964981824996,0.9528495883023,2.63005494494808,0.405520004259723,2.87115437815059,0.608434273120248,1.80443174148059,0.245568355189071,1.7998051466908,0.264048689042574
36.3429833333333,47.5538166666667,"DIORITE [25176]",7.47855362230751,23.6542629724,3.40244055347769,14.401006855019,3.43281736043032,1.16198239870631,3.86771083127369,0.645466978925817,4.39365436270936,0.913043092571227,2.71458881111772,0.376570749453682,2.65408296428601,0.377537224643444
36.3516833333333,47.5526833333333,"DIORITE [25176]",8.10275900331772,21.1615423173739,2.82389019368676,12.1166871497212,3.04074472835139,1.09268518222605,3.48744990974115,0.538380465077741,3.64322782741868,0.763065085352135,2.21462359351326,0.328131995803774,2.2115334630407,0.318310416155457
36.3524166666667,47.55355,"DIORITE [25176]",5.17518202917371,14.9860423950489,2.32748020711135,11.3992461040669,3.18692986419933,1.11315181587359,3.64601402624876,0.591791637939494,4.06164147650008,0.800210063175759,2.3483071391751,0.329507916108899,2.0442064866344,0.291737876294199
36.3524666666667,47.5539333333333,"DIORITE [25176]",9.5599965416724,21.204964843845,2.74298665661658,11.7516460556149,3.00691081293166,1.16771308248896,3.37991895522251,0.559814145008009,3.72857524318439,0.784572229353441,2.37278763003244,0.354829100242117,2.16906029747685,0.297829421591747
36.3519833333333,47.5562166666667,"DIORITE [25176]",16.7439884548494,33.6477771504616,3.92605364902814,15.5400891465122,3.40523637642977,1.18944862411047,3.50081491120815,0.565556265448228,3.63698584369476,0.758100518477625,2.15143435219508,0.299638620241286,2.64501296462361,0.301717483649872
36.3507,47.5537166666667,"DIORITE [25176]",7.85902941431324,26.9530254905936,3.97327847847254,17.1628819705269,3.9790710293894,0.959055693929925,4.13614224431229,0.652145587837786,4.28844587358143,0.895331383237449,2.48762798408318,0.369375536213255,2.44616672991717,0.347283306164738
48.5,123.5,"DIORITE [25169]",22.2,47.4,6.3,26.6,5.6,1.44,4.91,0.863,4.31,0.841,2.48,0.388,2.33,0.341
48.5,123.5,"DIORITE [25169]",23.9,52.7,7.09,30,6.22,1.35,5.09,0.973,4.89,0.906,2.53,0.422,2.49,0.377
43.624,113.6304,"DIORITE, QUARTZ [25193]",9.45,20.9,2.63,11.6,2.61,0.88,2.72,0.42,2.54,0.53,1.41,0.22,1.5,0.24
30.2392,55.2867,"DIORITE [25195]",38,72,5.1,18.6,5,1.4,3.78,0.5,2.8,0.6,1.6,0.2,1.6,0.2
30.2392,55.2867,"DIORITE, QUARTZ [25195]",40,69,4.8,20.5,4.8,1.1,3,0.6,2.4,0.5,1.4,0.2,1.4,0.1
29.8348,56.0682,"DIORITE, QUARTZ [25195]",29.7,52.2,2.8,11,4.2,0.7,2.04,0.2,1.2,0.2,0.6,0.07,0.9,0.1
29.8348,56.0682,"DIORITE, QUARTZ [25195]",26.5,59.6,4.2,13.8,3.3,0.8,2.52,0.2,1.1,0.1,0.5,0.1,7,0.1
30.2392,55.2867,"DIORITE, QUARTZ [25195]",21.4,40.5,5.4,18.6,3.1,0.6,1.98,0.2,1.3,0.1,0.7,0.06,0.6,0.09
30.2392,55.2867,"DIORITE, QUARTZ [25195]",20,48.24,4,16.7,3.1,0.7,2.44,0.2,1.2,0.2,0.5,0.08,0.5,0.08
30.2392,55.2867,"DIORITE, QUARTZ [25195]",18.1,33.8,4.8,14,2.7,0.6,2.5,0.21,1.2,0.1,0.4,0.06,0.6,0.06
30.2392,55.2867,"DIORITE, QUARTZ [25195]",21,42,3.5,12.4,3.4,0.7,2.1,0.2,1.3,0.1,0.6,0.05,0.5,0.05
30.2392,55.2867,"DIORITE, QUARTZ [25195]",19.5,38.6,4.2,9.46,4.1,0.7,1.9,0.3,1.1,0.2,0.5,0.08,0.4,0.07
-66,-63,"DIORITE, QUARTZ [25197]",12.13,27.59,3.81,16.65,4.07,1,4.22,0.75,4.28,0.86,2.49,0.4,2.49,0.37
-66,-63,"DIORITE, QUARTZ [25197]",11.71,25.68,3.6,15.9,4.02,1.03,3.84,0.74,4.2,0.89,2.48,0.42,2.62,0.38
-66,-63,"DIORITE, QUARTZ [25197]",8.91,19.7,2.78,12.94,3.42,1.03,3.7,0.65,4.02,0.82,2.31,0.39,2.39,0.35
-66,-63,"DIORITE, QUARTZ [25197]",13.22,29.73,3.96,16.66,4,0.91,3.74,0.71,3.9,0.85,2.33,0.4,2.51,0.39
37.0425,76.9208,"DIORITE, QUARTZ [25200]",83.4223718257749,163.843974123595,16.5313911055183,61.2857934074637,9.96700265748241,2.18522131694542,7.68263272718004,1.0221022416027,5.84553589982465,1.12843612075333,2.98489534537682,0.431197003367303,2.98779794654761,0.462850024384897
37.0425,76.9208,"DIORITE, QUARTZ [25200]",83.2300370846135,158.515695651719,15.8867592224719,58.7397031737295,9.56452755327463,2.18721907884258,7.23170051945887,0.951632368562797,5.41393065556727,1.03060879863389,2.70503852959724,0.384172289726202,2.67318745152726,0.414759704205112
37.0425,76.9208,"DIORITE, QUARTZ [25200]",80.0773485117018,154.901919217961,15.5629519065082,57.4927976883692,9.35844807618584,2.09319380499569,7.11844589021543,0.949830422172423,5.41394402394024,1.04277032004876,2.748818710867,0.396000611477493,2.76007385517495,0.423927365364494
37.0425,76.9208,"DIORITE, QUARTZ [25200]",92.7626875252183,172.324010405101,17.2236172630408,63.9449787052615,10.4135480400146,2.46390839792005,7.86047653822425,0.996643228899081,5.68172446599292,1.05494935638664,2.75065541179228,0.380568157619142,2.61162356717637,0.417248721391411
37.0425,76.9208,"DIORITE, QUARTZ [25200]",92.640360287537,188.080340370527,19.1361913711926,71.4286231520798,11.5968365084915,2.44829525880839,9.10438372485955,1.21603233570693,6.93421871019028,1.34166639786208,3.56228146804479,0.510149111762752,3.53355828854636,0.558710814056016
37.0425,76.9208,"DIORITE, QUARTZ [25200]",117.568049781413,207.485274918641,20.606956571562,77.1083213979406,12.5627326945645,3.18577791769306,9.42179249774326,1.10319003042433,6.30812140995612,1.10221172594899,2.82265660551217,0.362838017381234,2.39863226975754,0.415781201484581
37.0425,76.9208,"DIORITE, QUARTZ [25200]",55.0356428982455,107.525098520063,10.8582855842424,50.5834431485003,6.91431467224866,1.40031304009635,6.4309174228196,0.922066038687024,5.98394331735233,1.17921628057854,3.11028180506858,0.491910843127828,2.83700376765827,0.465817693909063
37.0425,76.9208,"DIORITE, QUARTZ [25200]",89.1368493191528,167.68305726285,16.7907715950795,62.2675505784619,10.138254352916,2.35720328178935,7.68038439090411,0.98792028250084,5.63554521655648,1.05839794171942,2.77019409928337,0.388517957999869,2.67674538122698,0.422581168341994
40.26,40.23,"DIORITE [25201]",50.5,85.7,8.88,29.7,4.51,1.17,3.17,0.37,1.82,0.33,0.82,0.14,0.9,0.14
40.26,40.23,"DIORITE [25201]",48.5,82.5,8.76,28.6,4.38,1.15,3.21,0.34,1.77,0.31,0.79,0.15,0.9,0.13
40.26,40.23,"DIORITE [25201]",51.8,88.2,8.94,30.1,4.57,1.19,3.22,0.35,1.84,0.34,0.82,0.16,0.8,0.14
40.26,40.23,"DIORITE [25201]",15.5,44.2,6.81,33.9,9.03,2.63,8.18,1.08,5.47,0.93,2.25,0.283,1.71,0.258
40.26,40.23,"DIORITE [25201]",2.5,7.5,1.39,7.7,2.21,0.72,2.48,0.35,1.93,0.35,0.93,0.12,0.73,0.09
40.26,40.23,"DIORITE [25201]",3.87,12.5,2.27,12.7,3.75,1.21,3.77,0.51,2.67,0.46,1.14,0.142,0.77,0.109
40.26,40.23,"DIORITE [25201]",7.7,20.5,3.62,19.4,5.72,1.88,5.93,0.72,3.56,0.63,1.45,0.17,0.96,0.13
34.0083,95.6296666666667,"DIORITE, QUARTZ [25203]",10.8,22.9,2.7,10.6,2.57,0.73,2.65,0.44,2.89,0.59,1.68,0.25,1.87,0.24
34.0083,95.6296666666667,"DIORITE, QUARTZ [25203]",12.1,27,3.1,12.6,2.82,0.75,2.9,0.48,3.06,0.62,1.81,0.27,1.74,0.27
34.0083,95.6296666666667,"DIORITE, QUARTZ [25203]",15.7,32.6,3.8,15.5,3.74,0.88,3.53,0.59,3.57,0.71,2.05,0.31,1.99,0.28
34.0083,95.6296666666667,"DIORITE, QUARTZ [25203]",10.5,21.1,2.5,10.1,2.42,0.66,2.55,0.43,2.64,0.57,1.57,0.23,1.57,0.24
33.9326333333333,95.8798666666667,"DIORITE, QUARTZ [25203]",18.2,39,4.5,17.9,3.58,1.02,3.5,0.54,3.41,0.68,2.13,0.3,2,0.28
33.9326333333333,95.8798666666667,"DIORITE, QUARTZ [25203]",18.5,37.1,4,15.2,3.06,0.98,2.96,0.46,2.8,0.57,1.72,0.25,1.64,0.24
33.7865166666667,95.9618666666667,"DIORITE, QUARTZ [25203]",20.7,55.6,7.4,30.8,6.62,1.15,6.39,0.97,6.04,1.23,3.63,0.54,3.34,0.51
33.7865166666667,95.9618666666667,"DIORITE, QUARTZ [25203]",25.1,52.6,5.9,22.9,4.69,1.11,4.41,0.69,4.13,0.81,2.4,0.35,2.21,0.33
33.7865166666667,95.9618666666667,"DIORITE, QUARTZ [25203]",7.4,23.2,3.5,16.1,4.11,0.82,3.99,0.68,4.34,0.9,2.93,0.46,3.23,0.5
33.7865166666667,95.9618666666667,"DIORITE, QUARTZ [25203]",13.8,45.9,6.8,30.6,7.09,1.13,6.43,1,6.23,1.24,3.81,0.59,3.84,0.57
33.8082666666667,96.7432333333333,"DIORITE, QUARTZ [25203]",29.5,56.5,6.4,23.9,4.81,1.17,4.7,0.68,4.04,0.78,2.26,0.33,2.19,0.32
33.8082666666667,96.7432333333333,"DIORITE, QUARTZ [25203]",22.4,46.3,5.2,20.5,4.41,1.17,4,0.61,3.68,0.71,2.04,0.3,1.88,0.3
33.8082666666667,96.7432333333333,"DIORITE, QUARTZ [25203]",32,59.6,6.5,24.2,4.99,1.1,4.1,0.67,3.84,0.76,2.17,0.36,2.1,0.31
33.8082666666667,96.7432333333333,"DIORITE, QUARTZ [25203]",28.4,52.5,5.6,20.8,4.15,0.99,3.87,0.58,3.28,0.65,1.79,0.27,1.78,0.25
33.8082666666667,96.7432333333333,"DIORITE, QUARTZ [25203]",21.9,42.2,5,20,4.26,1.15,3.78,0.61,3.54,0.71,2.01,0.3,1.94,0.28
33.8829833333333,95.28815,"DIORITE, QUARTZ [25203]",12.6,23.6,2.5,9.1,1.94,0.59,2.07,0.38,2.31,0.49,1.45,0.23,1.5,0.24
33.8829833333333,95.28815,"DIORITE, QUARTZ [25203]",8,16.4,1.9,8.1,2.02,0.66,2.19,0.39,2.44,0.53,1.56,0.24,1.61,0.25
33.8829833333333,95.28815,"DIORITE, QUARTZ [25203]",8.3,16.9,2,8,2.03,0.63,2.27,0.41,2.5,0.54,1.54,0.22,1.58,0.24
33.8829833333333,95.28815,"DIORITE, QUARTZ [25203]",11.7,22.3,2.4,8.9,1.99,0.58,2.25,0.39,2.39,0.5,1.49,0.22,1.52,0.23
33.2837,96.4212333333333,"DIORITE, QUARTZ [25203]",19.5,58,8.4,37.7,8.66,1.33,8.18,1.36,8.15,1.62,4.78,0.7,4.52,0.65
33.2837,96.4212333333333,"DIORITE, QUARTZ [25203]",13.6,28,3.3,12.8,2.88,0.83,2.67,0.46,2.89,0.58,1.7,0.26,1.73,0.24
32.8699833333333,97.2865666666667,"DIORITE, QUARTZ [25203]",13.7,28,3.4,13.6,2.94,1.01,2.76,0.47,3.02,0.63,1.71,0.26,1.75,0.25
32.8699833333333,97.2865666666667,"DIORITE, QUARTZ [25203]",8.4,22,3.4,15.9,4.36,0.91,4.33,0.77,5.02,1.03,3.13,0.47,3.33,0.5
32.8699833333333,97.2865666666667,"DIORITE, QUARTZ [25203]",13.7,28.9,3.5,14.4,3.35,0.78,3.2,0.57,3.72,0.74,2.13,0.34,2.28,0.34
32.8699833333333,97.2865666666667,"DIORITE, QUARTZ [25203]",13.6,28.9,3.6,14.9,3.8,0.84,3.98,0.71,4.57,0.97,2.78,0.43,2.83,0.39
50.0269,76.7272,"DIORITE, QUARTZ [25214]",29.6,40,4.01,15,2.71,0.37,2.3,0.35,2.01,0.46,1.43,0.22,1.69,0.3
50.0269,76.7272,"DIORITE, QUARTZ [25214]",25.2,35.7,3.94,14.2,2.93,0.5,2.55,0.4,2.4,0.49,1.56,0.26,1.66,0.27
50.0269,76.7272,"DIORITE [25214]",13.9,27.6,3.75,15.638,3.84,1.5,3.49,0.64,3.89,0.79,2.21,0.35,2.08,0.38
50.0269,76.7272,"DIORITE, QUARTZ [25214]",24.2,45.7,5.04,17.9,3.76,1.52,3.21,0.49,3.14,0.6,1.83,0.29,1.85,0.31
50.0269,76.7272,"DIORITE, QUARTZ [25214]",24.2,45,4.13,17,4.28,1.37,3.55,0.66,3.98,0.72,2.33,0.36,2.5,0.34
50.0269,76.7272,"DIORITE, QUARTZ [25214]",12.6,21.7,2.55,11.463,2.56,0.91,2.18,0.36,2.67,0.5,1.57,0.25,1.7,0.28
50.0269,76.7272,"DIORITE, QUARTZ [25214]",16.9,38.7,4.06,18.301,4.03,1.18,3.53,0.57,3.33,0.64,1.9,0.3,2.08,0.32
42.5,80.5,"DIORITE [25218]",34.16,64.51,7.6,30.58,6.65,2.91,7.09,1.08,6.48,1.37,4.05,0.58,3.63,0.57
23.7837,102.065,"DIORITE, QUARTZ [25220]",15.8112071436703,31.7343494865398,3.66855909121784,16.59,3.167,1.00970863142956,2.61588649149513,0.402804386894913,2.48941766270517,0.531522638214101,1.54274357360965,0.248540390722882,1.68894650382455,0.263878165581705
23.7837,102.065,"DIORITE, QUARTZ [25220]",13.8636029873103,31.4288707423335,3.66966913870273,15.6463073490415,3.67361159689466,1.3060457300747,3.30172883643351,0.482484094454875,2.81926746742164,0.566740193527078,1.62521416749861,0.262302206278412,1.74924272480748,0.271232559405887
23.7837,102.065,"DIORITE, QUARTZ [25220]",24.3425086375765,45.9840244070271,5.45584941676991,22.42,4.062,1.17289419963217,3.08829339584981,0.464100112623667,2.59587379810173,0.527625568206408,1.48854792693193,0.224703322590365,1.44165654976041,0.223637731181414
23.7837,102.065,"DIORITE, QUARTZ [25220]",17.4635369211552,32.3284726255662,4.39003723644138,18.89,4.022,1.38490021328525,3.33243570492275,0.514607766504199,2.84872997623222,0.577827634602126,1.58681026521472,0.241418845436607,1.56101977775883,0.244690947821425
23.7837,102.065,"DIORITE, QUARTZ [25220]",27.3721840057995,49.6559663373416,5.82310169073294,23.17,4.047,1.20870678843738,2.97366390387389,0.469078886552676,2.53911196268426,0.515920787261611,1.42903329373332,0.22158655120712,1.42102242133273,0.218254825792592
23.7837,102.065,"DIORITE, QUARTZ [25220]",27.7895305873928,51.8281828280717,6.35232815413703,23.3201932033148,4.60947429211917,1.19387534748683,3.42274309728144,0.54679211954656,2.95429359572867,0.596885969759378,1.68247461934766,0.250264391757477,1.60389109894518,0.247202842364783
23.7837,102.065,"DIORITE, QUARTZ [25220]",20.1555220399833,37.6198323510689,4.84553445800906,20.19,4.172,1.19728164323988,3.43758047739787,0.5368536997267,2.94992007409134,0.587035381922307,1.61902384022408,0.248303913266207,1.58555651641858,0.244546175144917
23.7837,102.065,"DIORITE, QUARTZ [25220]",13.2390455621727,34.9884092045864,3.53979092097895,14.2730990722747,3.52834212169849,1.17430981746247,3.17153206819483,0.515641642532494,3.02116457927572,0.607711945292198,1.67190356857786,0.257326335849965,1.65039855107378,0.249793632999856
23.7837,102.065,"DIORITE, QUARTZ [25220]",23.1147418778814,43.9164898298753,5.24853788047987,20.2082376440779,4.10927850583621,1.18948285582302,3.09923134204925,0.472352212383175,2.59608488822405,0.537500272379215,1.50735824697744,0.229391197917235,1.44626461533359,0.225647381605892
39.9416666666667,104.5225,"DIORITE [25222]",39.4,75.5,8.16,30.1,5.51,1.23,4.29,0.63,3.27,0.65,1.79,0.27,1.64,0.24
39.9416666666667,104.5225,"DIORITE [25222]",39.3,77.9,8.32,31.2,5.53,1.31,4.4,0.66,3.33,0.71,1.85,0.27,1.66,0.27
39.9416666666667,104.5225,"DIORITE [25222]",37.7,74.1,7.96,29,5.06,1.27,4.21,0.61,3.33,0.66,1.78,0.26,1.67,0.27
39.9416666666667,104.5225,"DIORITE [25222]",38.2,75.2,8.27,30.4,5.38,1.3,4.21,0.6,3.47,0.67,1.8,0.26,1.76,0.26
39.9416666666667,104.5225,"DIORITE [25222]",34.7,71.6,7.96,29.4,5.1,1.35,4.36,0.62,3.37,0.66,1.8,0.28,1.72,0.29
40.8265,106.374,"DIORITE [25222]",20.5,47.6,6.02,26.7,5.31,1.24,4.11,0.67,3.36,0.66,1.65,0.25,1.49,0.24
40.8265,106.374,"DIORITE [25222]",19,50.8,7.02,28.9,5.67,1.31,4.36,0.64,3.51,0.71,1.85,0.26,1.58,0.25
40.8265,106.374,"DIORITE [25222]",19.8,45.6,5.47,21.3,3.58,1.07,2.67,0.36,2.08,0.42,1.13,0.17,1.16,0.18
48.75,121.92,"DIORITE [25223]",39.9,93.8,13.01,50.2,10.4,2.6,9.23,1.51,9.47,1.98,4.99,0.8,5.14,0.76
48.75,121.92,"DIORITE [25223]",44.1,100.9,13.96,54.8,11.48,2.62,10.15,1.58,9.84,2.05,5.37,0.78,5.12,0.79
48.75,121.92,"DIORITE [25223]",57.5,121.1,14.51,57.5,11.56,2.39,10.78,1.58,8.45,1.75,4.75,0.73,4.76,0.72
48.75,121.92,"DIORITE [25223]",45.5,95.8,12.1,49.4,9.55,2.43,7.62,1.49,7.79,1.59,4.73,0.65,4.92,0.71
48.75,121.92,"DIORITE [25223]",46.3,97.7,12.3,50.3,9.79,2.47,8.21,1.51,8.52,1.63,4.45,0.69,4.63,0.74
48.75,121.92,"DIORITE [25223]",48.2,99.5,12.5,50.7,9.95,2.53,8.7,1.61,8.42,1.67,4.56,0.77,4.64,0.82
29.83,114.75,"DIORITE, QUARTZ [25229]",100.6,231.4,28.1,42.41,16.55,3.842,10.7,1.252,6.227,1.035,3.015,0.3781,2.269,0.3166
29.83,114.75,"DIORITE, QUARTZ [25229]",17.51,37.25,4.717,21.1,5.63,1.815,5.447,0.8555,4.854,0.8349,2.042,0.2776,1.648,0.2068
29.6,114.4,"DIORITE, QUARTZ [25229]",26.79,50.73,5.527,32.82,5.75,1.385,3.709,0.538,2.976,0.5814,1.583,0.2336,1.524,0.2488
29.83,114.75,"DIORITE, QUARTZ [25229]",38.44,68.58,7.116,24.97,3.96,0.961,2.47,0.29,1.609,0.2983,0.814,0.113,0.663,0.1025
29.83,114.75,"DIORITE, QUARTZ [25229]",36.83,67.07,6.822,24.14,3.76,1.008,2.549,0.299,1.567,0.2638,0.754,0.0995,0.588,0.0875
29.83,114.75,"DIORITE, QUARTZ [25229]",48.78,92.16,9.931,34.84,6.26,1.693,4.541,0.5789,3.013,0.5607,1.61,0.2324,1.366,0.2066
29.83,114.75,"DIORITE, QUARTZ [25229]",44.63,86.41,9.501,91.82,14.34,1.525,4.301,0.5394,2.798,0.5084,1.383,0.2054,1.318,0.2056
29.83,114.75,"DIORITE, QUARTZ [25229]",53.88,106.02,11.571,32.35,7.292,1.836,5.492,0.6997,3.641,0.6685,1.86,0.2777,1.731,0.2654
29.83,114.75,"DIORITE, QUARTZ [25229]",43.43,81.02,8.557,37.61,6.65,1.518,4.205,0.5007,2.641,0.4562,1.265,0.1775,1.17,0.1827
29.83,114.75,"DIORITE, QUARTZ [25229]",48.47,91.68,10.167,21.59,4.49,1.672,4.515,0.5769,3.087,0.5841,1.53,0.2268,1.448,0.2251
29.83,114.75,"DIORITE, QUARTZ [25229]",45.51,79.19,8.686,35.48,6.182,1.496,4.042,0.5532,2.69,0.5009,1.378,0.188,1.246,0.1922
29.83,114.75,"DIORITE, QUARTZ [25229]",47.52,90.37,9.757,36,6.1,1.51,4.168,0.5855,3.073,0.5679,1.476,0.2375,1.486,0.232
29.83,114.75,"DIORITE, QUARTZ [25229]",48.54,92.1,10.006,35.7,6,1.56,4.497,0.5709,3.175,0.5575,1.555,0.2309,1.537,0.2592
29.83,114.75,"DIORITE, QUARTZ [25229]",45.86,87.35,9.474,35.46,5.71,1.57,4.169,0.5771,3.002,0.5217,1.495,0.2106,1.356,0.2104
29.83,114.75,"DIORITE, QUARTZ [25229]",39.74,76.5,8.12,41.4,5.042,1.366,3.671,0.4743,2.737,0.4874,1.291,0.19,1.277,0.2069
29.83,114.75,"DIORITE, QUARTZ [25229]",53.08,99.68,11.035,34.8,6.27,1.899,4.856,0.6319,3.125,0.5724,1.462,0.2186,1.382,0.2003
29.83,114.75,"DIORITE, QUARTZ [25229]",44.13,85.72,9.29,36.64,6.51,1.488,4.277,0.5798,2.805,0.5196,1.394,0.1807,1.231,0.1786
41.7,91.33,"DIORITE [25228]",16.4,36.3,4.48,18.5,3.95,1.06,3.25,0.59,2.99,0.59,1.73,0.24,1.56,0.23
41.7,91.33,"DIORITE [25228]",17.7,37.1,4.67,18.3,4.01,1.05,3.41,0.6,3,0.6,1.75,0.24,1.58,0.23
41.7,91.33,"DIORITE [25228]",16.3,33.8,4.29,17.5,3.74,1.09,3.13,0.56,2.83,0.56,1.66,0.23,1.48,0.22
41.7,91.33,"DIORITE [25228]",15.4,34.5,4.22,17.3,3.78,1.1,3.21,0.58,3,0.6,1.76,0.24,1.56,0.23
41.7,91.33,"DIORITE [25228]",17.2,37.2,4.49,18.4,3.97,1.04,3.39,0.61,3.11,0.62,1.82,0.25,1.66,0.24
41.7,91.33,"DIORITE [25228]",17.3,35.9,4.44,16.9,3.67,1.05,3.12,0.57,2.95,0.59,1.73,0.24,1.58,0.23
41.7,91.33,"DIORITE [25228]",17.2,35.3,4.47,17.5,3.67,1.05,2.95,0.58,2.98,0.6,1.73,0.24,1.57,0.23
33.5444,110.9728,"DIORITE [25231]",31.79,62.87,8.55,37.12,6.83,0.35,5.48,0.78,4.09,0.76,2.15,0.3,1.99,0.32
-7.38,126.03,"DIORITE [25234]",11,21.5,2.24,8.6,1.71,0.6,1.71,0.25,1.55,0.33,0.93,0.14,0.98,0.16
-7.38,126.03,"DIORITE [25234]",8.3,17.5,2.28,9,1.95,0.56,2.05,0.32,2.11,0.42,1.17,0.19,1.36,0.23
-7.38,126.03,"DIORITE [25234]",11.2,20.5,2.33,9,1.73,0.58,1.75,0.26,1.6,0.34,0.93,0.14,1.04,0.18
-7.38,126.03,"DIORITE [25234]",11.8,20.6,2.5,10,1.9,0.62,1.87,0.29,1.62,0.32,0.93,0.15,1.07,0.18
-7.38,126.03,"DIORITE [25234]",6.9,12.5,1.45,5.8,1.1,0.31,1.01,0.15,0.9,0.19,0.57,0.09,0.67,0.1
-7.38,126.03,"DIORITE [25234]",8.4,15.8,1.9,7.2,1.48,0.48,1.37,0.2,1.19,0.21,0.66,0.11,0.68,0.13
42.6175,129.7736,"DIORITE [25237]",12.7,30.4,3.44,13.5,2.9,0.83,2.8,0.43,2.63,0.52,1.49,0.23,1.6,0.25
42.6175,129.7736,"DIORITE [25237]",11.3,26,3.21,13,3.01,0.87,2.95,0.49,2.98,0.6,1.69,0.25,1.75,0.26
42.6175,129.7736,"DIORITE [25237]",19.2,38.6,4.23,15.6,3.29,0.91,3.21,0.5,3.2,0.61,1.74,0.26,1.77,0.27
42.6175,129.7736,"DIORITE [25237]",12.3,28.3,3.39,13.5,2.98,0.92,2.96,0.49,3.05,0.59,1.74,0.25,1.69,0.27
51.9831,125.701,"DIORITE [25238]",44.6,90.37,9.96,38.07,6.78,1.76,5.58,0.69,3.89,0.77,2.16,0.33,2.27,0.34
51.9831,125.701,"DIORITE [25238]",19.6,36.4,3.84,16.1,3.12,0.54,2.45,0.37,2.65,0.49,1.39,0.24,1.44,0.21
51.9831,125.701,"DIORITE [25238]",33.1,72.5,9.95,41.9,7.98,1.77,7.11,1,5.19,1.01,2.95,0.4,2.61,0.38
51.8794,125.6528,"DIORITE, PYROXENE [25238]",16.97,34.47,4.2,17.4,3.36,1.16,3.2,0.46,2.72,0.51,1.46,0.21,1.45,0.22
51.8794,125.6528,"DIORITE, PYROXENE [25238]",28.9,49.9,8.42,42.4,10.1,2.5,10.8,1.7,9.75,1.91,5.33,0.7,4.3,0.61
51.8794,125.6528,"DIORITE, PYROXENE [25238]",21.93,42.18,6.31,29.9,6.73,1.83,7,1.08,6.24,1.21,3.4,0.46,2.88,0.42
52,121,"DIORITE [25239]",20.13,44.01,5.42,17.11,3.74,1.35,4.61,0.68,3.38,0.79,2.41,0.34,2.08,0.34
52,121,"DIORITE [25239]",11.65,27.95,4.01,15.85,3.6,1.14,3.58,0.57,3.11,0.68,1.99,0.29,1.87,0.31
52,121,"DIORITE [25239]",12.44,30.7,3.82,15.83,3.65,1.17,3.81,0.54,3.03,0.67,1.98,0.28,1.86,0.31
52,121,"DIORITE [25239]",15.08,33.09,4.69,17.23,3.82,1.31,3.68,0.54,2.87,0.65,1.88,0.26,1.6,0.28
52,121,"DIORITE [25239]",14.06,31.36,4.35,17.15,3.94,1.29,3.87,0.57,3.11,0.72,2.12,0.3,1.88,0.33
52,121,"DIORITE, QUARTZ [25239]",34.16,68.03,8.44,41.4,8.49,1.71,7.31,1.35,8.11,1.77,5.46,0.88,5.37,0.79
52,121,"DIORITE, QUARTZ [25239]",19.18,40.03,4.85,19.59,4.96,1.64,5.95,0.97,5.8,1.11,3.17,0.44,2.77,0.41
52,121,"DIORITE, QUARTZ [25239]",41.11,98.03,9.69,36.54,7.17,1.7,7.69,1.04,5.59,1.06,3.05,0.41,2.51,0.37
41.4,108,"DIORITE [25240]",30.5,73.1,9.18,36.5,7.92,1.41,7.1,1.14,6.5,1.36,3.88,0.57,3.34,0.52
41.4,108,"DIORITE [25240]",29,62.8,7.02,27.8,5.6,1.45,4.85,0.76,4.04,0.89,2.4,0.35,1.95,0.33
-15.6647,-70.4783,"DIORITE [13695] / NOT GIVEN [11543]",10.9413965087282,19.0200708382526,2.13291536050157,6.67678484701311,0.924229504202704,0.140048250904704,0.781861575178997,0.111340206185567,0.7374925014997,0.164850951753861,0.569046190761847,0.0989093959731543,0.752302243211334,0.124049429657795
-21.0833,-70.1333,"DIORITE [13695] / NOT GIVEN [11543]",30.0813008130081,63.7532133676093,7.79944289693593,30.8298797129283,5.18556176919166,1.27296992095267,3.92857142857143,0.457228614307154,2.47901234567901,0.441983438092387,0.966796875,0.149827501232134,0.983854692230071,0.145030425963489
40.67,125.13,"DIORITE, QUARTZ [25267]",36.8,73.5,7.99,30,5.36,1.23,4.66,0.67,3.56,0.73,1.96,0.29,1.76,0.27
40.67,125.13,"DIORITE, QUARTZ [25267]",36,71.9,7.9,29.8,5.54,1.16,4.45,0.66,3.7,0.72,2.05,0.29,1.71,0.25
40.67,125.13,"DIORITE, QUARTZ [25267]",41.1,81.3,8.69,31.6,5.72,1.29,4.76,0.69,3.96,0.75,2.23,0.31,1.82,0.28
40.67,125.13,"DIORITE, QUARTZ [25267]",35.8,70.4,7.9,29.5,5.33,1.31,4.34,0.65,3.51,0.72,2.02,0.29,1.81,0.27
64.7408,-49.8967,"DIORITE [11627]",6.63,15.85,2.22,9.97,2.739,0.91,3.47,0.58,3.94,0.82,2.5,0.37,2.58,0.38
64.7409,-49.8965,"DIORITE [11627]",4.58,10.99,1.57,6.84,1.937,0.86,2.74,0.47,3.05,0.64,1.93,0.31,1.9,0.29
36,97,"DIORITE [25292]",29.5,66.6,6.9,0.51206,0.1207,1.1,4.4,0.7,3.7,0.7,2.1,0.3,1.9,0.3
36.8221,114.161,"DIORITE [25296]",42.17,73.6,8.5,32.5,5.18,1.8,4.88,0.67,3.19,0.61,1.64,0.29,1.68,0.23
36.8289,114.1505,"DIORITE [25296]",29.13,61.78,7.13,29.22,5.12,1.67,4.62,0.66,3.34,0.64,1.77,0.3,1.73,0.23
36.8289,114.1505,"DIORITE [25296]",28.52,60.36,6.98,28.56,4.9,1.72,4.4,0.63,3.23,0.61,1.65,0.28,1.59,0.23
36.8161,114.0989,"DIORITE [25296]",26.41,69.99,9.03,34.64,5.56,1.49,4.64,0.73,3.77,0.71,1.99,0.34,1.98,0.26
36.8585,114.1804,"DIORITE [25296]",32.01,62.76,6.89,25.34,4.66,1.34,3.8,0.56,3.26,0.65,1.93,0.29,1.98,0.3
61,24,"DIORITE, QUARTZ [25299]",22.7,42.4,4.89,18.7,3.32,1.06,3.4,0.49,2.94,0.57,1.83,0.23,1.61,0.25
61,24,"DIORITE, QUARTZ [25299]",17.1,37.8,4.73,19.8,4.11,1.31,3.92,0.56,3.47,0.7,1.95,0.28,1.86,0.27
61,24,"DIORITE, QUARTZ [25299]",23.6,54.4,6.7,27.2,5.69,1.62,4.71,0.73,4.08,0.82,2.3,0.32,2.17,0.34
61,24,"DIORITE, QUARTZ [25299]",24.3,50.2,5.88,23.6,4.13,1.17,3.84,0.51,2.84,0.54,1.64,0.23,1.52,0.22
61,24,"DIORITE, QUARTZ [25299]",15.2,29.7,3.73,15.3,3.74,1.3,4.53,0.78,4.98,1.13,4.09,0.6,4.66,0.8
61,24,"DIORITE, QUARTZ [25299]",18.7,38.5,4.35,15.5,2.92,0.95,2.4,0.36,2,0.39,1.11,0.16,1,0.16
61,24,"DIORITE, QUARTZ [25299]",9,21,2.78,12.2,3.1,1.06,2.97,0.43,2.53,0.49,1.4,0.17,1.27,0.17
61,24,"DIORITE [25299]",13.8,29.5,3.62,16.3,3.77,1.08,3.8,0.62,3.6,0.78,2.09,0.31,1.9,0.29
61,24,"DIORITE [25299]",26.8,56.5,6.8,27.6,5.73,1.58,5.63,0.9,5.42,1.12,3.14,0.43,3.01,0.48
61,24,"DIORITE [25299]",25.9,55.7,6.9,29,6.21,1.59,6.12,0.96,5.69,1.19,3.44,0.46,3.08,0.49
61,24,"DIORITE [25299]",12.5,26.9,3.28,13.9,2.87,1.37,3.15,0.48,3,0.67,2.02,0.26,1.88,0.29
61,24,"DIORITE [25299]",23.3,43.8,4.7,18.2,3.53,1.33,3.58,0.54,3.2,0.65,2.17,0.29,2,0.34
28.827,113.599,"DIORITE [25301]",12.04,24.93,3.03,12.36,2.97,1.24,3.55,0.59,3.69,0.78,2.32,0.34,2.25,0.32
28.827,113.599,"DIORITE [25301]",12.65,25.27,3.1,12.46,2.9,1.07,3.18,0.48,2.73,0.54,1.53,0.21,1.39,0.2
28.827,113.599,"DIORITE [25301]",11.32,23.82,2.89,11.92,2.81,0.98,3.09,0.49,2.85,0.57,1.65,0.24,1.53,0.23
28.827,113.599,"DIORITE [25301]",9.59,20.2,2.55,10.78,2.86,1.03,3.17,0.5,2.97,0.61,1.74,0.24,1.56,0.23
28.827,113.599,"DIORITE [25301]",9.9,20.05,2.46,9.98,2.48,0.9,2.78,0.45,2.65,0.53,1.6,0.23,1.5,0.22
38.9,127.5,"DIORITE [25313]",55.9665043420271,113.619439716369,10.5188179642728,38.7886962620623,5.83723580450528,1.82246883388149,4.42474216347428,0.55801971826462,2.7742441850147,0.472388442583032,1.33508860216495,0.181009263269526,1.1493235010673,0.187976712495929
38.9,127.5,"DIORITE [25313]",62.068793286171,120.15360262063,10.9989210096833,39.6502863808408,6.74075221838544,1.83601269625977,5.85043588012338,0.836848060818078,4.53861169199814,0.830737557512306,2.39787184720119,0.326227457904641,1.99917402400407,0.262435960802553
38.9,127.5,"DIORITE [25313]",78.6266049994323,153.844735553595,14.1161978613335,51.4879546636957,8.17181322613084,2.05509892166483,6.79826230784068,0.980246486268616,5.34940112277234,0.952279672460068,2.75692948114162,0.381927564302219,2.32810243243117,0.311875736030004
38.9,127.5,"DIORITE [25313]",39.1640559671784,89.5509125908969,8.609483646914,33.3800264348712,5.64066432613521,1.85039573431773,4.50853116022586,0.586919737366547,2.99393585821958,0.558811966630989,1.58028575762589,0.214093916544968,1.42840814664448,0.208001302744894
40,128,"DIORITE [25313]",31.7,54.7,7.22,27.4,5.98,0.971,5.73,1.09,5.76,1.07,3.16,0.496,3.06,0.478
47,85,"DIORITE [25316]",16.7863550952267,33.8804477168433,4.27483175586325,17.8208716694865,4.07006201834777,1.2555493732869,3.84283334418143,0.584621666843172,3.4974682258474,0.763038499820579,2.08254327953567,0.315384003501856,2.05322127758096,0.318671629697033
47,85,"DIORITE [25316]",23.5958621792202,46.1547504280592,5.68245539462859,23.3253200400254,5.22215336345056,1.40015678488374,4.77983432428445,0.703372336141288,4.24209408128982,0.923468524409968,2.50470869209558,0.379030152036983,2.44409806327364,0.37440661957415
47,85,"DIORITE [25316]",16.4887511811705,32.8923353633483,4.21626575334599,17.4985774143205,4.04629331610601,1.1864010267025,3.89279589477592,0.574119262325298,3.49991406793747,0.766834137380702,2.08402876426821,0.313642362957915,2.05883306720764,0.320306201813275
32,-5,"DIORITE [25319]",31.2,63.8,7.12,28.2,6.04,1.9,5.4,0.8,4.15,0.78,2.04,0.28,1.74,0.24
36.5,-4,"DIORITE [25319]",21.666,50.271,6.094,24.262,5.593,1.975,5.331,0.854,4.957,0.982,2.458,0.361,2.02,0.299
32,-5,"DIORITE [25319]",25.7,54.237,6.953,31.403,8.277,2.693,8.552,1.242,7.026,1.357,3.228,0.433,2.478,0.368
32,-6,"DIORITE [25319]",26.654,57.136,6.938,29.661,7.73,2.386,8.241,1.243,7.725,1.501,3.922,0.53,3.195,0.481
32,-4,"DIORITE [25319]",38.051,79.926,9.925,43.111,10.45,2.731,9.939,1.405,7.968,1.497,3.664,0.49,2.766,0.378
9.9783,-2.2965,"DIORITE [25347]",22.2,49.7,6.71,28.1,5.28,1.58,4.88,0.51,2.77,0.54,1.38,0.2,1.29,0.21
9.807,-2.613,"DIORITE [25347]",36.4,77.3,9.95,39.9,7.1,2.01,3.83,0.61,2.98,0.53,1.29,0.2,1.1,0.17
9.0358,-2.4367,"DIORITE [25347]",28.6,59.1,7.4,29.5,5.29,1.55,1.88,0.53,2.78,0.53,1.36,0.2,1.28,0.21
10.8301,-0.9921,"DIORITE [25347]",12.8,28.9,4.36,19.3,3.71,1.2,3.31,0.32,1.63,0.29,0.77,0.11,0.63,0.1
37.2318,114.2504,"DIORITE [25351]",17.4,37.6,5.2,23,5.8,1.9,7,1.1,6.9,1.5,4.1,0.6,3.9,0.6
37.1235,114.0273,"DIORITE [25351]",5.7,13,1.8,8.7,2.6,1.1,3.6,0.6,3.8,0.8,2.3,0.3,2.1,0.3
37.0821,114.04,"DIORITE [25351]",12.7,27.5,3.8,17.5,4.6,1.4,5.4,0.9,5.4,1.2,3.5,0.5,3.3,0.5
31,59,"DIORITE [25353]",133.4,7.6,20.1,4.89,20.1,4.13,1.13,4.35,0.64,3.6,0.83,2.54,0.34,2.04
31,59,"DIORITE [25353]",178,9.8,24.9,4.51,22.1,4.51,0.97,4.21,0.58,4.37,0.77,2.24,0.34,2.07
31,59,"DIORITE [25353]",176.3,9.7,24.9,4.47,22.1,4.47,1.13,4.25,0.6,4,0.74,2.19,0.33,2.09
38,45,"DIORITE [25354]",11.8,30.8,4.3,19,4.25,1.18,5.01,1.01,5.4,1.24,3.42,0.66,3.35,0.67
38,45,"DIORITE [25354]",13.7,32.2,4.64,21.2,4.71,1.33,5.8,1.21,5.93,1.38,3.84,0.72,3.55,0.68
38,45,"DIORITE [25354]",15.4,35.7,5.01,22.7,5.33,1.5,6.63,1.33,6.77,1.55,4.19,0.78,3.88,0.69
38,45,"DIORITE [25354]",16.18,37.2,5.22,22.5,5.58,1.61,6.81,1.42,6.83,1.61,4.29,0.82,3.89,0.71
34.7667,99.3833,"DIORITE [25357]",8.69,28.9,4.99,23.8,6.2,1.7,5.89,0.93,5.5,1.11,3.11,0.46,3.11,0.47
34.7667,99.3833,"DIORITE [25357]",10.8,27.9,4.14,19.6,5.03,1.47,5.26,0.79,4.78,0.96,2.52,0.34,2.32,0.34
34.7667,99.3833,"DIORITE [25357]",14.3,40,6.48,30.6,7.46,2.21,6.69,0.95,5.33,1.05,2.94,0.39,2.73,0.43
34.7667,99.3833,"DIORITE [25357]",11.3,25.8,3.68,17.3,4.44,1.39,4.7,0.76,4.55,0.94,2.46,0.35,2.33,0.34
34.7667,99.3833,"DIORITE [25357]",26.2,55.5,7.43,32.1,7.13,2.17,6.5,0.91,4.97,0.94,2.6,0.38,2.58,0.39
34.7667,99.3833,"DIORITE [25357]",11.1,28.1,4.16,18.6,5.16,1.48,5.17,0.82,4.91,0.97,2.68,0.36,2.41,0.34
34.7667,99.3833,"DIORITE [25357]",12.7,29.5,4.13,18.7,4.71,1.45,5.06,0.81,4.75,0.96,2.64,0.36,2.38,0.36
34.7667,99.3833,"DIORITE [25357]",14.1,31.4,4.23,18.6,4.48,1.38,4.65,0.77,4.48,0.9,2.54,0.36,2.36,0.37
34.7667,99.3833,"DIORITE [25357]",19.1,43.6,6.04,26.5,6.75,1.7,6.3,0.97,5.85,1.17,3.4,0.49,3.43,0.48
34.7667,99.3833,"DIORITE [25357]",24.7,53.5,6.8,27.6,6.06,1.85,5.91,0.91,5.58,1.08,2.91,0.42,2.84,0.41
34.7667,99.3833,"DIORITE [25357]",18.7,40.9,5.52,24.3,5.88,1.67,5.75,0.84,4.7,0.94,2.45,0.35,2.1,0.33
34.7667,99.3833,"DIORITE [25357]",15.6,38.8,4.83,19.4,4.38,1.18,4.06,0.61,3.58,0.69,1.94,0.27,1.78,0.25
34.7667,99.3833,"DIORITE [25357]",12,29.4,3.91,17.8,4.24,1.13,4.07,0.62,3.49,0.73,2.09,0.28,1.92,0.26
40.5,40,"DIORITE [25369]",29.1,53.8,6.01,22.9,4.53,1.15,4.5,0.66,4.08,0.76,2.22,0.33,2.28,0.35
40.5,40,"DIORITE [25369]",28.6,54.3,6.13,23.6,4.64,1.17,4.52,0.65,4.09,0.77,2.24,0.34,2.29,0.36
40.5,40,"DIORITE [25369]",30.6,58.2,6.38,24.8,4.91,1.18,4.51,0.62,4.08,0.78,2.25,0.35,2.37,0.37
40.5,40,"DIORITE [25369]",30.7,55.6,6.09,22.2,4.45,1.19,4.47,0.64,3.99,0.81,2.21,0.36,2.34,0.36
40.5,40,"DIORITE [25369]",33.7,62.8,6.65,25.2,4.52,1.02,4.24,0.66,4.18,0.85,2.37,0.41,2.41,0.39
40.5,40,"DIORITE [25369]",31.8,59.9,6.01,22.9,4.4,1.08,4.05,0.64,3.47,0.76,2.03,0.34,2.12,0.38
40.5,40,"DIORITE [25369]",37.3,69.8,7.12,27.6,4.92,1.05,4.5,0.72,4.08,0.92,2.42,0.39,2.29,0.39
40.5,40,"DIORITE [25369]",25.4,50.8,5.68,22.3,4.53,1.1,4.68,0.76,4.98,0.83,2.64,0.37,2.3,0.41
40.5,40,"DIORITE [25369]",33.8,60.2,6.77,25.6,5.05,1.24,5.08,0.73,4.65,0.87,2.61,0.42,2.8,0.44
40.5,40,"DIORITE [25369]",25.3,45.4,5.06,21.5,3.84,1.15,3.82,0.61,3.99,0.71,2.02,0.34,1.72,0.31
29,57,"DIORITE [25376]",9.8,20.4,2.46,9.9,2.33,0.68,2.38,0.3,2.27,0.51,1.49,2.78,1.59,0.26
29,57,"DIORITE [25376]",6.1,13.7,1.85,8.3,2.15,0.73,2.33,0.1,2.52,0.56,1.63,1.18,1.63,0.25
29,57,"DIORITE [25376]",8.2,17.4,2.16,9,2.16,0.68,2.44,0.2,2.62,0.58,1.72,2.67,1.69,0.26
29,57,"DIORITE [25376]",9,17.9,2.18,8.5,1.97,0.67,2.09,0.3,2.11,0.48,1.37,2.7,1.38,0.22
29,57,"DIORITE [25376]",22.8,43.2,4.89,17.6,3.06,0.77,2.1,0.4,1.43,0.28,0.74,8.6,0.59,0.09
29,57,"DIORITE [25376]",8.9,19.3,2.38,9.8,2.63,0.71,2.73,0.2,3.07,0.66,1.97,3.14,1.94,0.31
34,50.92,"DIORITE [25385]",14.5,34.7,4.25,19,5.17,1.29,4.79,0.78,4.53,0.95,2.73,0.43,2.79,0.44
34,50.92,"DIORITE [25385]",13.2,32,4,15,4.9,1.2,4.7,0.8,4,0.9,2.7,0,2.7,0.45
34,50.92,"DIORITE [25385]",6.8,17.5,2.31,10.4,2.85,1.12,2.67,0.42,2.59,0.54,1.54,0.25,1.69,0.28
34,50.92,"DIORITE [25385]",10.7,25.4,3.04,12.9,3.44,1.07,3.35,0.59,3.44,0.72,2.18,0.35,2.24,0.35
34,50.92,"DIORITE [25385]",8.1,20.2,2.79,12.9,3.88,1.23,3.96,0.69,4.07,0.84,2.42,0.37,2.45,0.37
34,50.92,"DIORITE [25385]",7.7,18.6,2.46,11.1,3.11,1.1,3.14,0.5,3.13,0.67,1.98,0.31,2.08,0.34
34,50.92,"DIORITE [25385]",9.9,22.7,2.94,13,3.75,1.29,3.83,0.63,3.84,0.88,2.56,0.39,2.45,0.38
34,50.92,"DIORITE [25385]",8.9,20.5,2.69,12,3.14,1.08,3.14,0.53,3.14,0.67,2.06,0.29,1.98,0.3
34,50.92,"DIORITE [25385]",9.2,21.3,2.69,12,2.91,1.06,2.97,0.52,3.11,0.66,1.97,0.29,2.04,0.32
34,50.92,"DIORITE [25385]",4.5,11.5,1.48,6.5,2,0.77,2.25,0.41,2.6,0.59,1.84,0.3,2.08,0.36
34,50.92,"DIORITE [25385]",5,12.6,1.73,7.9,2.08,0.71,2.41,0.39,2.69,0.57,1.73,0.26,1.86,0.31
27.5,101.5,"DIORITE [25386]",6.8,16.7,2.12,9.96,2.85,0.99,3.85,0.62,3.93,0.8,2.31,0.33,2.17,0.31
27.5,101.5,"DIORITE [25386]",10.1,21.3,2.27,9.17,2.28,0.69,2.62,0.43,2.66,0.56,1.65,0.24,1.66,0.25
23,69,"DIORITE [11859]",82.314,146.047,14.441,53.175,9.248,2.356,7.444,1.091,7.097,0.766,2.58,0.327,3.383,0.538
61,60,"DIORITE [25425]",12.2,33.5,5.56,28.8,8.33,2.64,10.7,1.85,11.7,2.61,7.58,1.12,6.85,0.99
-45.35645,167.054951666667,"DIORITE, BIOTITE-HORNBLENDE [25432]",19,41.57,5.46,18.54,3.73,1.67,5.39,0.61,2.85,0.53,1.59,0.2,1.23,0.18
-45.5920516666667,166.675891666667,"DIORITE, BIOTITE-HORNBLENDE [25432]",22.17,48.71,6.35,20.84,4.13,1.77,6,0.71,3.51,0.67,1.94,0.25,1.55,0.22
33.3589,88.7111,"DIORITE [25439]",17.8,51.3,8.11,40.5,10.4,1.98,8.86,1.54,9.73,1.89,5.77,0.84,5.66,0.91
33.3553,88.6908,"DIORITE [25439]",14.7,47.8,8.13,40.1,10.5,2.13,9.33,1.78,10.6,2.08,6.28,1,6.54,1.03
33.2764,88.5614,"DIORITE [25439]",44.7,97.8,12.2,44.6,8.6,1.73,7.02,1.19,6.91,1.35,3.95,0.64,4.38,0.73
33.3783,88.48,"DIORITE [25439]",18.8,48.1,6.74,29.5,6.38,1.58,5.43,0.94,5.36,1.02,3.21,0.51,3.29,0.51
33.5,109.5,"DIORITE, QUARTZ [25441]",46.8,89.2,10.5,38.9,6.52,1.62,5.62,0.7,3.66,0.68,2.17,0.28,2.01,0.3
33.5,109.5,"DIORITE, QUARTZ [25441]",40.5,78.7,9.39,35.4,6.31,1.6,5.39,0.64,3.34,0.6,1.78,0.22,1.58,0.24
33.5,109.5,"DIORITE, QUARTZ [25441]",44,85.9,9.94,35.4,5.67,1.51,4.77,0.58,2.89,0.51,1.72,0.2,1.64,0.25
33.5,109.5,"DIORITE [25441]",41,76.4,9.08,34.3,6.21,1.53,5.44,0.7,3.61,0.68,2.1,0.26,1.95,0.3
33.5,109.5,"DIORITE, QUARTZ [25441]",42.8,82.4,9.87,37,6.31,1.75,5.72,0.74,3.94,0.74,2.26,0.28,2.07,0.32
33.5,109.5,"DIORITE [25441]",41,79.9,9.59,35.8,6.34,1.65,5.45,0.7,3.81,0.69,2.07,0.27,1.94,0.31
33.5,109.5,"DIORITE, QUARTZ [25441]",39.8,76.5,9.21,34.1,5.92,1.57,5.22,0.64,3.33,0.57,1.84,0.23,1.74,0.27
42.5,129,"DIORITE [25454]",15.7,36.6,4.8,20.2,4.6,1.4,4.1,0.6,3.5,0.7,1.6,0.2,1.5,0.3
42.5,129,"DIORITE [25454]",17.7,40.9,5.3,22.2,4.8,1.5,4.3,0.6,3.7,0.7,1.7,0.3,1.7,0.3
42.5,129,"DIORITE [25454]",14.1,33.6,4.3,18.7,4.3,1.4,4.3,0.6,3.7,0.7,1.8,0.3,1.6,0.3
42.5,129,"DIORITE [25454]",16.2,38.2,5.1,21.2,4.8,1.5,4.4,0.7,3.9,0.7,1.9,0.3,1.8,0.3
42.5,129,"DIORITE [25454]",13.6,27,3,11.9,2.5,0.9,2.3,0.3,1.9,0.4,0.9,0.2,0.9,0.2
42.5,129,"DIORITE [25454]",14.6,34.8,4.6,19.5,4.4,1.4,4,0.6,3.5,0.7,1.6,0.3,1.6,0.2
42.5,129,"DIORITE [25454]",13.9,30.5,3.7,15.4,3.5,1.2,3.3,0.5,2.8,0.5,1.3,0.2,1.3,0.2
30.0071,93.912,"DIORITE [25462]",129,262,26.7,93.9,15.8,2.39,11.7,1.32,6.35,1.02,2.45,0.27,1.43,0.19
30.0071,93.912,"DIORITE [25462]",31,64.1,7.38,28.7,5.58,1.37,5.37,0.67,4.15,0.84,2.44,0.32,2.12,0.31
30.0071,93.912,"DIORITE [25462]",46.5,88.7,9.44,34.5,6.26,1.42,5.74,0.74,4.31,0.83,2.37,0.32,2.19,0.3
30.0071,93.912,"DIORITE [25462]",45.4,87.1,9.99,39.7,6.76,1.51,5.13,0.72,4.21,0.86,2.24,0.34,1.97,0.33
40.4464,96.0267,"DIORITE, QUARTZ [25463]",19.6,38.2,4.24,17.7,3.57,0.96,3.13,0.44,2.54,0.49,1.39,0.2,1.32,0.2
40.4464,96.0267,"DIORITE, QUARTZ [25463]",15.2,31.6,3.7,16,3.33,0.93,2.95,0.41,2.36,0.46,1.31,0.19,1.25,0.19
40.4311,96.0444,"DIORITE, QUARTZ [25463]",17.1,30.7,3.19,12.4,2.21,0.69,1.87,0.25,1.37,0.26,0.74,0.11,0.68,0.1
40.4311,96.0444,"DIORITE, QUARTZ [25463]",9.42,19,2.31,10.2,2.21,0.67,1.91,0.27,1.52,0.29,0.82,0.12,0.75,0.11
31.85,110.85,"DIORITE [25500]",25.1,42.7,5.13,18.2,3.2,1.03,3.16,0.45,2.73,0.58,1.57,0.23,1.53,0.23
31.85,110.85,"DIORITE [25500]",16.2,26.1,3.68,14.5,3.1,0.981,3,0.45,2.81,0.6,1.65,0.25,1.67,0.24
31.85,110.85,"DIORITE [25500]",42.9,74.7,8.49,27.4,4.15,1.1,3.53,0.49,2.83,0.6,1.66,0.26,1.76,0.25
31.85,110.85,"DIORITE [25500]",29.7,60.7,7.39,29.4,5.2,1.6,4.62,0.66,3.43,0.68,1.74,0.26,1.75,0.27
33.9367,112.0683,"DIORITE [25502]",79.5,167,20.1,78.4,13.7,2.91,11.2,1.76,9.95,1.88,5.25,0.89,5.13,0.73
33.9,112.0686,"DIORITE [25502]",81.3,165,20.1,78.5,14.1,2.99,11.5,1.86,10.1,1.91,5.39,0.84,5.33,0.76
33.9342,112.0611,"DIORITE [25502]",78.2,160,19.6,75.9,13.7,2.84,11.1,1.75,9.86,1.84,5.22,0.79,5.09,0.74
33.9,112.0686,"DIORITE [25502]",77.7,159,19.1,75.3,13.3,2.77,10.9,1.71,9.68,1.8,5.07,0.77,4.92,0.71
33.9192,112.0686,"DIORITE [25502]",82,168,20.3,77.6,13.4,2.96,10.9,1.73,9.51,1.78,5.14,0.76,4.91,0.71
33.9,112.0686,"DIORITE [25502]",79.5,163,19.9,77.5,13.9,2.97,11.1,1.8,10,1.85,5.28,0.8,5.05,0.73
34.4383,112.8697,"DIORITE [25504]",114.3,242.2,25.06,101.45,19.63,5.02,12.34,1.12,4.98,0.67,1.72,0.18,1.12,0.15
34.4383,112.8697,"DIORITE [25504]",92.7,191.4,24.89,92.36,18.81,4.56,12.35,1.19,5.68,0.71,1.66,0.17,1.08,0.16
34.4383,112.8697,"DIORITE [25504]",107.3,221.6,26.78,104.62,16.89,4.49,12.68,1.16,4.83,0.69,1.65,0.18,1.06,0.14
34.4367,112.8714,"DIORITE [25504]",105.6,213.6,27.81,103.87,16.35,4.61,12.69,1.08,4.75,0.74,1.62,0.17,1.07,0.15
34.4364,112.8714,"DIORITE [25504]",104.2,204.3,25.62,97.29,17.29,4.35,11.98,1.18,4.48,0.72,1.63,0.16,0.96,0.16
31.4923,13.0599,"DIORITE, QUARTZ [25505]",17.6,40.9,5.32,20.7,4.77,1.33,4.51,0.59,3.94,0.73,1.89,0.27,1.77,0.26
31.4969,113.0567,"DIORITE, QUARTZ [25505]",18.6,41,5.71,22.4,4.95,1.48,4.31,0.6,3.24,0.59,1.53,0.22,1.4,0.19
31.4919,13.0604,"DIORITE, QUARTZ [25505]",15.7,34,4.71,19.3,4.04,1.13,3.51,0.51,2.56,0.5,1.38,0.2,1.23,0.18
31.4964,13.0556,"DIORITE, QUARTZ [25505]",17,36.5,5.34,21.1,4.28,1.22,3.47,0.53,2.75,0.54,1.47,0.22,1.39,0.21
31.485,113.0732,"DIORITE, QUARTZ [25505]",19.3,39.3,5.51,21.7,4.29,1.14,3.59,0.55,2.84,0.53,1.43,0.21,1.33,0.2
50,41,"DIORITE, QUARTZ [25520]",32.1,63.2,7.52,27.5,4.72,0.81,3.61,0.484,2.82,0.572,1.62,0.239,1.5,0.236
50,41,"DIORITE, QUARTZ [25520]",29.2,58.4,6.91,24.7,4.14,0.899,2.98,0.402,2.24,0.445,1.26,0.177,1.22,0.184
50,41,"DIORITE, QUARTZ [25520]",11.1,27.2,3.36,14.15,3.05,0.53,2.51,0.38,2.29,0.48,1.38,0.21,1.36,0.21
50,41,"DIORITE, QUARTZ [25520]",20.8,41.4,5.2,20.1,3.91,0.787,3.35,0.498,3.12,0.634,1.85,0.235,1.72,0.263
50,41,"DIORITE, QUARTZ [25520]",19.26,40.9,4.8,18.73,3.49,0.84,2.83,0.4,2.36,0.48,1.35,0.21,1.3,0.2
50,41,"DIORITE, QUARTZ [25520]",20.3,40.3,4.89,18.7,3.48,0.875,2.83,0.418,2.43,0.489,1.39,0.205,1.34,0.207
50,41,"DIORITE, QUARTZ [25520]",27.81,55.2,6.66,25.15,4.56,1.01,3.45,0.49,2.84,0.58,1.65,0.25,1.56,0.24
50,41,"DIORITE, QUARTZ [25520]",23.95,49.2,5.84,22.32,4.16,0.91,3.23,0.47,2.7,0.55,1.57,0.24,1.5,0.23
50,41,"DIORITE, QUARTZ [25520]",26.92,53.7,6.48,24.18,4.49,1.03,3.44,0.49,2.91,0.58,1.64,0.26,1.57,0.25
50,41,"DIORITE, QUARTZ [25520]",24.1,47.2,5.98,23.1,4.17,0.912,3.34,0.471,2.8,0.565,1.57,0.238,1.55,0.24
50,41,"DIORITE, QUARTZ [25520]",26.1,51.4,6.39,24.2,4.38,0.954,3.49,0.488,2.86,0.569,1.61,0.238,1.54,0.235
50,41,"DIORITE, QUARTZ [25520]",25.6,51.2,6.32,24.3,4.47,1.04,3.61,0.504,3,0.601,1.72,0.258,1.64,0.259
50,41,"DIORITE [25520]",5.31,14.3,1.35,5.53,1.22,0.36,0.95,0.13,0.76,0.15,0.41,0.06,0.4,0.06
50,41,"DIORITE [25520]",4.12,12.8,1.34,5.88,1.36,0.42,1.18,0.18,0.99,0.2,0.54,0.08,0.51,0.08
50,41,"DIORITE [25520]",3.91,11.5,1.18,5.41,1.48,0.4,1.03,0.14,0.85,0.16,0.46,0.07,0.41,0.06
50,41,"DIORITE [25520]",2.12,8.5,0.7,3.43,0.96,0.38,0.99,0.16,0.91,0.19,0.52,0.08,0.48,0.07
50,41,"DIORITE [25520]",2.05,7.8,0.66,3.2,0.92,0.31,0.9,0.14,0.84,0.18,0.48,0.08,0.44,0.07
50,41,"DIORITE [25520]",1.43,6.5,0.46,2.35,0.73,0.24,0.71,0.11,0.67,0.13,0.35,0.06,0.32,0.05
50,41,"DIORITE [25520]",1.36,15.4,0.5,2.64,0.79,0.24,0.83,0.13,0.8,0.16,0.43,0.07,0.41,0.06
50,41,"DIORITE [25520]",10.7,23.1,3.12,13.3,2.87,0.873,2.65,0.396,2.47,0.5,1.39,0.203,1.31,0.188
50,41,"DIORITE [25520]",12.27,28.2,3.37,14.51,3.12,1.01,2.85,0.45,2.51,0.52,1.46,0.22,1.36,0.21
50,41,"DIORITE [25520]",24.2,46.4,5.22,19.4,4.05,1.13,2.77,0.396,2.29,0.471,1.31,0.208,1.26,0.186
29.1838,119.5628,"DIORITE [25528]",16.8,32.91,4.09,16.69,3.3,1.11,2.81,0.36,2.17,0.44,1.19,0.15,0.91,0.15
29.1929,119.5518,"DIORITE [25528]",19.44,43.98,5.67,24.57,5.27,1.39,4.9,0.62,4.33,0.92,2.75,0.4,2.51,0.41
29.1791,119.5784,"DIORITE [25528]",30.72,59.71,6.8,25.49,4.47,1.43,3.85,0.5,3.24,0.66,1.94,0.27,1.78,0.29
29.1707,119.6156,"DIORITE [25528]",14.56,28.35,3.86,15.71,3.77,0.73,4.03,0.6,4.52,1.02,3.29,0.53,3.45,0.63
29.1934,119.6468,"DIORITE [25528]",19.2,38.1,4.68,19.43,3.93,1.3,3.7,0.47,3.03,0.63,1.89,0.28,1.72,0.28
29.262,119.7921,"DIORITE [25528]",16.21,33.82,4.3,17.51,3.35,0.98,2.88,0.43,2.4,0.46,1.26,0.18,1.25,0.17
29.263,119.7927,"DIORITE [25528]",16.43,33.41,3.96,15.89,3,0.98,2.57,0.33,2.16,0.43,1.23,0.17,1.09,0.17
29.3,119.8,"DIORITE, QUARTZ [25529]",13,24,3.07,11.2,2.06,0.78,1.96,0.26,1.59,0.34,0.95,0.14,0.81,0.14
30,102,"DIORITE [25531]",10.4,25.4,3.5,15.2,3.39,0.85,3.15,0.49,2.98,0.62,1.83,0.28,1.8,0.27
30,102,"DIORITE [25531]",12.5,28.4,3.6,15.2,3.24,0.94,2.98,0.45,2.69,0.54,1.56,0.24,1.5,0.23
30,102,"DIORITE [25531]",16.9,35.6,4.21,16.4,3.32,0.86,3.06,0.46,2.81,0.57,1.68,0.25,1.68,0.25
30,102,"DIORITE [25531]",18.9,40,4.75,18.9,3.72,0.99,3.44,0.5,3.04,0.61,1.74,0.26,1.67,0.25
30,102,"DIORITE [25531]",14,30.7,3.86,15.7,3.28,0.88,3.05,0.46,2.89,0.58,1.72,0.26,1.72,0.26
30,102,"DIORITE [25531]",19,40.1,4.65,18.9,3.58,1.01,3.25,0.48,2.89,0.57,1.65,0.24,1.6,0.24
29.3,90.3,"DIORITE [25552]",22.9,47.5,5.76,22.7,4.92,1.11,4,0.65,3.88,0.81,2.29,0.32,2.23,0.33
29.3,90.3,"DIORITE [25552]",23.5,48.8,5.88,22.8,5.1,1.09,4.13,0.68,3.97,0.81,2.31,0.34,2.24,0.34
29.3,90.3,"DIORITE [25552]",23.2,48.2,5.87,23,5.07,1.22,4.38,0.69,4.02,0.82,2.35,0.33,2.27,0.34
29.3,90.3,"DIORITE [25552]",26.3,55.5,6.71,26,5.38,1.14,4.54,0.73,4.31,0.88,2.53,0.37,2.46,0.37
29.3,90.3,"DIORITE [25552]",22.8,47.1,5.69,22.2,4.73,1.07,4,0.61,3.82,0.78,2.23,0.33,2.16,0.33
29.3,90.3,"DIORITE [25552]",22.6,46.9,5.71,22.1,4.38,1.1,3.97,0.67,3.95,0.77,2.21,0.33,2.13,0.32
29.3,90.3,"DIORITE [25552]",22.7,47.7,5.95,23.5,4.92,1.23,4.49,0.73,4.29,0.85,2.43,0.35,2.37,0.35
23,103.5,"DIORITE, QUARTZ [25565]",48.68,100.6,12.47,48.47,9.19,2.11,8.46,1.33,7.18,1.35,3.5,0.48,2.98,0.46
23,103.5,"DIORITE, QUARTZ [25565]",53.22,108.1,15.82,54.92,10.22,2.24,9.08,1.38,6.93,1.28,3.28,0.46,2.92,0.46
23,103.5,"DIORITE, QUARTZ [25565]",46.67,101.3,13.28,50.12,10.37,2.16,8.56,1.31,7.04,1.31,3.37,0.46,2.95,0.46
23,103.5,"DIORITE, QUARTZ [25565]",58.95,118.1,14.86,49.94,10.62,2.31,8.49,1.26,6.75,1.16,3.01,0.45,2.96,0.46
23,103.5,"DIORITE, QUARTZ [25565]",67.62,126.8,15.04,54.96,9.29,1.83,8.13,1.21,7.01,1.42,3.69,0.54,3.66,0.59
23,103.5,"DIORITE, QUARTZ [25565]",84.84,155.6,17.16,59.87,9.56,1.93,8.19,1.17,6.53,1.21,3.15,0.48,3.09,0.47
23,103.5,"DIORITE, QUARTZ [25565]",92.33,173.94,19.82,66.72,10.22,1.93,8.84,1.22,6.96,1.38,3.62,0.54,3.64,0.58
23,103.5,"DIORITE, QUARTZ [25565]",67.58,126.6,15.12,55.02,10.29,1.83,8.15,1.21,7.01,1.45,3.7,0.54,3.66,0.61
23,103.5,"DIORITE, QUARTZ [25565]",84.86,155.4,17.14,59.85,9.79,1.95,8.19,1.18,6.54,1.22,3.16,0.48,3.08,0.47
29.3,92.7,"DIORITE [25572]",220,923,41,133,18.5,2.47,16,1.73,8.19,1.59,4.45,0.63,4.09,0.62
-38.0393,174.9379,"DIORITE [25588]",15.6,38.22,5.62,26.01,6.11,1.738,5.84,0.854,4.95,0.942,2.67,0.347,2.3,0.326
23.533,35.133,"DIORITE [25590]",8.70717855,19.844897878,2.742904448,12.110109722,3.362754472,1.3387660324,3.807000743,0.535747826,2.858012994,0.5897951514,1.48059016,0.20510500361,1.13490349,0.1643417883
23.533,35.133,"DIORITE [25590]",9.624002148,22.114872432,3.031718928,13.143807619,3.716836184,1.6045779248,4.090800215,0.6479912095,3.617726676,0.675451959,1.80880352,0.23920743405,1.3739245569,0.19697183592
23.533,35.133,"DIORITE [25590]",10.540989987,25.120044858,3.4405640832,14.13649525,4.141989568,1.773532198,4.521541486,0.6969308243,3.88741623,0.7398099618,1.96141392,0.2668120923,1.464302728,0.18820938972
23.533,35.133,"DIORITE [25590]",11.53484688,27.993421671,3.7342447168,15.204155559,4.747855984,1.9407496162,4.952360168,0.7488847169,4.181013786,0.8403421026,2.1288368,0.2869630933,1.6023644623,0.2237381808
23.533,35.133,"DIORITE [25590]",9.711991242,24.222007214,3.1989620672,13.755742501,5.101792952,1.6045779248,3.67090126,0.580949358,3.243433002,0.6285924918,1.6971624,0.22261241301,1.2658719024,0.19166659254
29.355,89.135,"DIORITE [25591]",20.3276184098091,40.9008806009386,4.61796610772717,18.3309519820823,4.21056445793711,1.06068840791119,3.71869281063944,0.544479463031135,3.67612829776359,0.738639215666646,2.26355835815823,0.37943151763275,2.34370676850848,0.360037322727555
29.355,89.135,"DIORITE [25591]",19.4750920340731,39.8987000415529,4.54584776859081,17.9883437846262,4.1465785198871,1.05766640740196,3.54992700843293,0.52914646614614,3.63755201239042,0.727330821517371,2.18770014851699,0.35372528234479,2.20309644436765,0.338183160474275
29.355,89.135,"DIORITE [25591]",19.7318395741776,39.3020737758146,4.58186210250698,18.0178492932889,4.25049226826216,1.02306764212472,3.57018478403072,0.518224565554668,3.39069496236243,0.734061417019268,2.10975330662554,0.334879984088871,2.12981524154269,0.332475776875793
29.355,89.135,"DIORITE [25591]",17.606012966613,35.9179517395632,4.18361960122936,16.6633703121464,4.10106558036142,1.0437792902125,3.42396343784449,0.503478853642072,3.4279681138717,0.702083242357585,2.05549534536452,0.338228300069736,2.07705312080483,0.33390757669078
29.355,89.52,"DIORITE [25591]",19.584867758794,42.7272854814528,5.45856239148432,23.6635829938754,5.3384172518681,1.46777995232195,4.58857853640175,0.629234616317222,4.06333245200678,0.729521768754519,2.1352910056261,0.317918416351888,1.8848618358056,0.292812662172725
29.355,89.52,"DIORITE [25591]",18.4125168584545,41.6285876863181,5.24758188618128,22.6709355476875,5.2646070953688,1.45409510309207,4.51285352712532,0.623032530299145,4.01451959679441,0.737230840931639,2.20050351095353,0.316795921743601,1.99823286618695,0.303890587712919
29.355,89.52,"DIORITE [25591]",21.1121554603054,46.2044662787876,5.99901104936074,24.2024688794426,5.50570683278421,1.49374899083449,4.7126047408408,0.644897607300347,4.00990713143313,0.777906768150156,2.36695359964751,0.347797215604858,1.95930801201404,0.302749518755096
29.355,89.52,"DIORITE [25591]",19.1993949530088,42.4178259619582,5.46144415396958,23.6754076070898,5.29243853088858,1.50711504924258,4.54099260300026,0.663773390004735,4.16924559383929,0.769160859934509,2.26181684388985,0.350211013560998,1.82659966758859,0.285845851508412
41.1586,117.9355,"DIORITE [25595]",2.64,5.09,0.62,2.88,2.62,0.59,0.7,0.12,0.73,0.15,0.48,0.08,0.54,0.09
41.1585,117.832,"DIORITE [25595]",18.4,40.7,5.68,26.5,6.24,2.31,5.68,0.82,4.15,0.79,2.18,0.26,1.75,0.26
49.6,8.58,"DIORITE, QUARTZ [25610]",40,88,8,27,5,1.4,3.7,0.48,3,0.58,1.7,0.23,1.5,0.22
49.6,8.58,"DIORITE, QUARTZ [25610]",42,91,8.2,29,5.4,1.4,4,0.54,3.5,0.67,1.9,0.24,1.5,0.24
49.6,8.58,"DIORITE, QUARTZ [25610]",71,140,13,44,7.7,1.8,6,0.77,4.7,0.87,2.4,0.35,2,0.3
49.6,8.58,"DIORITE, QUARTZ [25610]",43,88,8.6,32,5.9,1.5,4.6,0.61,3.8,0.71,1.9,0.28,2.1,0.25
49.6,8.58,"DIORITE, QUARTZ [25610]",52,97,9.1,33,5.3,1.6,4.4,0.58,3.8,0.68,1.9,0.24,1.7,0.22
49.6,8.58,"DIORITE, QUARTZ [25610]",48,99,9.4,31,5.9,1.5,4.5,0.62,3.5,0.67,1.6,0.26,1.6,0.22
49.6,8.58,"DIORITE, QUARTZ [25610]",22,53,6.8,30,7.4,1.8,6.7,0.91,5.5,1.1,3.2,0.46,3.1,0.43
49.6,8.58,"DIORITE, QUARTZ [25610]",46,103,11,43,7.9,1.6,6,0.8,5,1,2.7,0.36,2.3,0.33
49.6,8.58,"DIORITE, QUARTZ [25610]",42,84,8,28,4.4,1.4,3.5,0.43,2.3,0.43,1.1,0.15,1,0.14
49.6,8.58,"DIORITE, QUARTZ [25610]",53,98,9.6,35,5.8,1.6,4.1,0.6,3.3,0.69,1.7,0.27,1.7,0.24
49.6,8.58,"DIORITE, QUARTZ [25610]",23,52,6,22,4.2,0.98,4,0.59,3.4,0.73,2.1,0.31,2.2,0.35
49.6,8.58,"DIORITE, QUARTZ [25610]",17,42,4.7,18,4,0.86,3.1,0.47,3.2,0.71,1.9,0.31,2,0.29
49.6,8.58,"DIORITE, QUARTZ [25610]",17,41,4.5,17,3.7,1.2,2.4,0.35,2.3,0.48,1.4,0.21,1.5,0.19
49.8,9.08,"DIORITE, QUARTZ [25610]",28,64,7.5,31,5.8,1.7,4,0.56,3.3,0.58,1.6,0.23,1.5,0.25
49.8,9.08,"DIORITE, QUARTZ [25610]",36,81,9,35,7,1.9,5.3,0.62,3.7,0.67,1.6,0.27,1.9,0.23
44,116.5,"DIORITE [25613]",16.2,40,5.45,26.9,7.02,2.09,7.69,1.41,8.44,1.66,4.53,0.72,4.52,0.72
44,116.5,"DIORITE [25613]",17.1,40.9,6.02,2838,7.25,2.19,7.89,1.45,9.05,1.8,5.19,0.75,4.66,0.72
44,116.5,"DIORITE [25613]",0.8,26.6,3.88,18.3,4.65,1.58,5.04,0.94,5.63,1.11,3.16,0.45,2.8,0.45
44,116.5,"DIORITE [25613]",10,24.7,3.69,17.8,4.58,1.48,4.91,0.87,5.47,1.05,3.04,0.44,2.74,0.43
44,116.5,"DIORITE [25613]",21.1,48.9,6.96,32.6,8.01,2.61,8.99,1.58,9.37,1.88,5.53,0.78,7.9,0.76
-27.07,-70.82,"DIORITE, QUARTZ [25628]",18.5,43.2,5.79,23.9,6.1,1.39,6,1,5.9,1.2,3.3,0.45,2.9,0.42
34.17,84.92,"DIORITE [25656]",27.79,51.25,5.502,18.7,2.869,0.901,2.367,0.306,1.586,0.298,0.824,0.113,0.721,0.123
34.17,84.92,"DIORITE [25656]",33.94,62.68,6.424,21.09,2.946,0.893,2.218,0.269,1.376,0.263,0.692,0.099,0.682,0.116
34.17,84.92,"DIORITE [25656]",19.89,47.6,6.755,30.15,6.572,1.995,6.083,0.943,5.282,1.065,2.925,0.424,2.728,0.428
34.17,84.92,"DIORITE [25656]",25.61,50.73,6.232,23.94,4.253,1.376,3.691,0.526,2.908,0.603,1.764,0.265,1.848,0.336
34.17,84.92,"DIORITE [25656]",20.56,45.25,6.06,25.06,5.142,1.295,4.585,0.718,4.037,0.831,2.304,0.333,2.293,0.363
34.17,84.92,"DIORITE [25656]",27,59.96,7.953,33.37,6.95,1.862,6.236,0.941,5.358,1.083,2.971,0.428,2.723,0.429
34.17,84.92,"DIORITE [25656]",17.52,43.48,6.467,28.8,6.623,1.826,6.074,0.995,5.797,1.156,3.351,0.484,3.104,0.491
34.17,84.92,"DIORITE [25656]",13.39,28.65,3.907,17.15,4.036,1.227,4.011,0.649,3.699,0.75,2.06,0.289,1.834,0.282
47.42,119.58,"DIORITE, QUARTZ [25659]",27.4,64.5,6.9,26.2,4.95,1.77,4.39,0.7,3.58,0.67,1.86,0.28,1.77,0.28
47.42,119.58,"DIORITE, QUARTZ [25659]",24.2,49.2,6.12,22.1,4.42,1.56,3.9,0.6,3.22,0.64,1.76,0.28,1.57,0.26
47.42,119.58,"DIORITE, QUARTZ [25659]",28.5,57.4,6.6,25.4,4.58,1.65,4.1,0.65,3.44,0.58,1.64,0.26,1.71,0.26
47.42,119.58,"DIORITE, QUARTZ [25659]",29.1,61.4,6.77,27.2,4.44,1.74,4.19,0.64,3.47,0.62,1.71,0.29,1.65,0.25
47.42,119.58,"DIORITE, QUARTZ [25659]",29.3,60.9,7.14,28,4.77,1.69,4.06,0.71,3.58,0.62,1.96,0.33,1.78,0.27
47.42,119.58,"DIORITE, QUARTZ [25659]",25.9,55.1,6.42,24.4,4.36,1.7,4.02,0.61,3.15,0.63,1.71,0.26,1.59,0.22
47.42,119.58,"DIORITE, QUARTZ [25659]",32.6,67.4,8.1,31.2,5.63,1.94,4.97,0.78,4.48,0.76,2.06,0.28,1.89,0.28
47.42,119.58,"DIORITE, QUARTZ [25659]",29.1,58.7,6.73,27.9,5.5,1.84,4.26,0.67,3.69,0.66,2.08,0.28,1.71,0.25
47.42,119.58,"DIORITE, QUARTZ [25659]",27.3,57.2,6.55,26.8,5.16,1.53,4.37,0.67,3.34,0.64,1.85,0.28,1.6,0.24
47.42,119.58,"DIORITE, QUARTZ [25659]",27.1,55.9,6.61,26.8,4.98,1.51,4.22,0.63,3.67,0.62,1.64,0.28,1.73,0.24
47.42,119.58,"DIORITE, QUARTZ [25659]",27.9,57.7,7.05,29.1,5.33,1.75,4.31,0.74,3.72,0.74,2.06,0.28,1.69,0.27
47.42,119.58,"DIORITE, QUARTZ [25659]",27.2,56.2,6.43,27.1,4.69,1.8,4.38,0.66,3.84,0.77,1.86,0.29,1.71,0.24
43.63,115.95,"DIORITE, QUARTZ [25661]",14.97,34.36,4.27,18.6,4.15,1.13,4.09,0.63,4.03,0.76,2.27,0.3,2.04,0.29
43.63,115.95,"DIORITE, QUARTZ [25661]",19.85,43.39,4.9,18.96,3.57,0.72,3.36,0.52,3.33,0.66,2.07,0.29,2.02,0.29
43.63,115.95,"DIORITE, QUARTZ [25661]",17.44,39.65,4.79,19.71,4.4,0.98,4.27,0.69,4.39,0.84,2.53,0.35,2.43,0.34
43.63,115.95,"DIORITE, QUARTZ [25661]",16.55,38.89,4.9,21.06,4.78,0.95,4.73,0.75,4.79,0.91,2.71,0.36,2.4,0.33
43.63,115.95,"DIORITE, QUARTZ [25661]",15.51,35.34,4.35,18.37,3.99,0.99,3.84,0.61,3.84,0.74,2.2,0.29,1.96,0.27
43.63,115.95,"DIORITE [25661]",17.71,34.38,3.82,14.83,2.81,0.81,2.37,0.32,1.81,0.32,0.9,0.11,0.78,0.11
43.63,115.95,"DIORITE [25661]",17.98,33.92,3.85,14.97,2.82,0.79,2.37,0.33,1.87,0.33,0.95,0.12,0.82,0.11
43.63,115.95,"DIORITE [25661]",18.8,36.29,3.95,15.13,2.85,0.82,2.44,0.33,1.87,0.33,0.94,0.12,0.81,0.11
43.63,115.95,"DIORITE [25661]",18.76,38.07,4.23,16.44,3.08,0.84,2.5,0.33,1.8,0.31,0.89,0.11,0.76,0.11
35.73,103.33,"DIORITE [25677]",19.4,49.5,5.24,20.4,4.18,1.09,3.09,0.46,2.71,0.53,1.43,0.2,1.3,0.22
35.73,103.33,"DIORITE [25677]",37,71.1,8.2,31.9,6.11,1.56,4.89,0.69,3.64,0.66,1.79,0.25,1.62,0.23
35.73,103.33,"DIORITE [25677]",31,63.3,7.14,27.9,5.8,1.5,4.52,0.66,3.65,0.67,1.87,0.26,1.7,0.28
35.73,103.33,"DIORITE [25677]",28.5,61.8,7.55,29.8,6.25,1.53,4.55,0.65,3.48,0.7,1.8,0.26,1.5,0.21
35.73,103.33,"DIORITE [25677]",52.4,112,13.4,50.9,9.41,2.1,6.71,0.92,4.44,0.82,2.1,0.3,1.81,0.24
35.73,103.33,"DIORITE [25677]",47.8,105,12.2,45.1,8.76,2.06,6.13,0.84,4.32,0.81,2.11,0.32,2.05,0.3
35.73,103.33,"DIORITE [25677]",34.7,79.1,9.19,35.5,7.26,1.74,5.72,0.83,4.29,0.85,2.37,0.32,2.18,0.31
45.25,94.7,"DIORITE, QUARTZ [25678]",17.3,34.8,3.69,13.7,2.51,0.85,2.23,0.34,1.95,0.39,1.17,0.18,1.32,0.23
45.25,94.7,"DIORITE, QUARTZ [25678]",13.8,28.8,3.53,14.5,3.04,1.06,2.56,0.37,2.21,0.43,1.25,0.2,1.27,0.2
45.25,94.7,"DIORITE, QUARTZ [25678]",15.7,31,3.64,14.2,2.9,1.02,2.59,0.33,2.01,0.39,1.19,0.18,1.15,0.19
45.25,94.7,"DIORITE [25678]",13.2,32,4.15,19.1,4.92,1.64,5.07,0.76,4.62,0.91,2.59,0.4,2.52,0.39
45.25,94.7,"DIORITE [25678]",12.57,28.51,3.79,16.15,4.31,1.42,4.57,0.64,3.81,0.88,2.27,0.31,2.22,0.33
45.25,94.7,"DIORITE [25678]",12.77,29.97,3.93,16.76,4.49,1.4,4.42,0.69,4.18,0.91,2.37,0.34,2.25,0.32
45.25,94.7,"DIORITE [25678]",12.03,28.19,3.78,16.13,4.43,1.39,4.35,0.65,3.9,0.88,2.34,0.33,2.19,0.32
45.25,94.7,"DIORITE [25678]",12.53,28.98,3.84,17.06,4.66,1.43,4.74,0.7,4.2,0.92,2.56,0.36,2.33,0.34
-14.5729821059485,-49.9633412956025,"DIORITE [25683]",13.7,31.8,4.01,16.4,3.8,1.11,4.65,0.79,4.14,0.9,1.88,0.34,2.09,0.31
-14.5729821059485,-49.9633412956025,"DIORITE [25683]",16,37.5,4.62,20.1,5.01,1.33,6.05,1.08,5.97,1.38,3.76,0.64,3.81,0.58
-14.5729821059485,-49.9633412956025,"DIORITE [25683]",21.8,50.6,6.06,25.1,5.97,1.71,8.15,1.31,7.46,1.66,4.55,0.74,4.79,0.72
-14.5729821059485,-49.9633412956025,"DIORITE [25683]",25.1,56.9,7.18,30.7,6.76,1.55,6.89,1.24,7.21,1.73,5.07,0.86,5.39,0.77
-14.5729821059485,-49.9633412956025,"DIORITE [25683]",15.4,33.9,4.48,21616,5165,1.07,4.87,0.77,5.22,1.13,3.13,0.51,3.35,0.49
-14.5729821059485,-49.9633412956025,"DIORITE [25683]",19.9,47.4,5.75,23.7,5.61,1.4,7.02,1.18,6.65,1.53,4.3,0.73,4.29,0.66
-14.5673734505345,-49.9768727601202,"DIORITE [25683]",16.4,35.8,4.43,18.6,4.42,1.22,5.2,0.76,5.35,1.05,3.07,0.52,3.16,0.51
-14.5673734505345,-49.9768727601202,"DIORITE [25683]",16.3,36.5,4.56,20665,4923,1.27,5.4,0.85,5.74,1.18,3.51,0.53,3.36,0.55
-14.5673282499491,-49.976872968581,"DIORITE [25683]",14.3,31.6,4.05,18.2,4.36,1.52,5.83,0.91,5.62,1.15,3.75,0.45,3.51,0.45
-14.5673282499491,-49.976872968581,"DIORITE [25683]",24.1,51.7,6.32,26.3,5.88,1.56,6.69,1.09,7.4,1.54,4.56,0.71,4.53,0.71
-14.5673282499491,-49.976872968581,"DIORITE [25683]",21.5,47.9,5.88,25.1,5.68,1.43,6.51,0.97,6.73,1.44,4.54,0.66,4.42,0.69
-14.5673282499491,-49.976872968581,"DIORITE [25683]",23.8,51,6.24,26.6,6.23,1.65,6.9,1.15,7.19,1.54,4.48,0.69,4.3,0.7
-14.5673282499491,-49.976872968581,"DIORITE [25683]",16.8,36.8,4.56,19.8,4.58,1.2,5.21,0.9,6.12,1.28,3.8,0.61,3.74,0.56
-14.5673282499491,-49.976872968581,"DIORITE [25683]",21.2,47.2,5.86,24.6,5.86,1.63,6.48,1.06,7.22,1.46,4.54,0.64,4.27,0.7
-14.5673282499491,-49.976872968581,"DIORITE [25683]",13.6,29.7,3.62,16.6,3.83,1.13,4.49,0.69,5.29,1.08,3.16,0.52,3.2,0.45
-14.5673282499491,-49.976872968581,"DIORITE [25683]",13.6,30.7,3.81,16.6,3.99,1.01,4.61,0.73,4.91,1.08,2.96,0.44,2.84,0.43
-14.5673282499491,-49.976872968581,"DIORITE [25683]",13.5,29.5,3.71,16.4,3.77,0.96,4.1,0.67,4.87,1,3.05,0.44,2.68,0.43
-14.5673282499491,-49.976872968581,"DIORITE [25683]",14.5,32.1,3.97,17.3,3.95,1.06,4.42,0.7,4.58,0.99,3.12,0.43,2.86,0.43
10,115,"DIORITE [25684]",3.067,7.387,1.046,5.098,1.355,0.623,1.602,0.287,1.735,0.39,1.049,0.164,1.104,0.175
10,115,"DIORITE [25684]",7.66,16,2.05,8.7,2.09,0.784,2.28,0.376,2.29,0.491,1.43,0.222,1.47,0.234
10,115,"DIORITE [25684]",6.953,14.41,1.928,8.297,1.941,0.688,2.029,0.353,2.094,0.461,1.246,0.195,1.282,0.201
10,115,"DIORITE [25684]",8.106,16.63,2.214,9.505,2.203,0.796,2.363,0.403,2.403,0.529,1.453,0.227,1.506,0.242
37,120,"DIORITE [25706]",41.7,78.7,9.49,35.2,6.21,1.54,4.65,0.5,2.48,0.44,1,0.13,0.81,0.14
37,120,"DIORITE [25706]",127,218,24.7,81.1,10.7,2.4,6.69,0.71,3.22,0.49,1.16,0.16,0.96,0.15
37,120,"DIORITE [25706]",55.9,95.9,11.05,38.5,5.92,1.45,4.42,0.47,2.3,0.4,1.01,0.13,0.79,0.12
37,120,"DIORITE [25706]",81.2,141,14,49,7.29,1.68,4.62,0.5,2.27,0.39,0.97,0.13,0.8,0.13
37,120,"DIORITE [25706]",47.1,86.2,9.1,35.1,6.33,1.45,4.57,0.53,2.26,0.41,1.07,0.14,0.91,0.14
37,120,"DIORITE [25706]",88.1,160.5,17.2,58,8.35,2.32,5.92,0.72,3.72,0.64,1.68,0.24,1.44,0.24
37,120,"DIORITE [25706]",76.1,155.5,16.95,58.1,8.51,2.14,6.08,0.77,3.93,0.69,1.9,0.26,1.7,0.29
37,120,"DIORITE [25706]",129,244,26.9,96,15,3.7,9.83,1.1,5.17,0.89,2.14,0.29,1.84,0.28
37,120,"DIORITE [25706]",85.5,168,18.6,63.6,9.91,2.18,6.7,0.82,4.07,0.75,1.97,0.28,1.76,0.27
37,120,"DIORITE [25706]",80.3,163,18.4,63.9,9.6,1.89,6.63,0.83,4.21,0.77,2.05,0.32,2.17,0.34
37,120,"DIORITE [25706]",112.5,243,28.3,105,18.65,4.26,14.35,1.54,7.53,1.22,2.97,0.4,2.42,0.39
37,120,"DIORITE [25706]",122,239,27.8,107.5,19.2,4.92,14.3,1.57,7.35,1.23,2.97,0.38,2.23,0.34
37,120,"DIORITE [25706]",112,218,24.3,87,13.55,3.83,10.1,1.18,5.49,0.87,2.15,0.29,1.74,0.28
37,120,"DIORITE [25706]",75.4,149,15.45,52.9,7.71,1.07,5.4,0.64,3.12,0.6,1.71,0.25,1.71,0.29
37,120,"DIORITE [25706]",37,94.2,11.88,44.9,7.66,1.52,5.54,0.71,3.48,0.69,1.83,0.27,1.82,0.3
25.8,89.2,"DIORITE [25744]",6.85,14,2.15,8.53,2.31,0.54,1.96,0.35,2.29,0.52,1.47,0.25,1.97,0.37
25.8,89.2,"DIORITE [25744]",9.67,24,4.35,19.41,6.14,1.29,5.12,0.92,6.15,1.34,3.61,0.58,4.11,0.66
42.2,123,"DIORITE [25760]",33.3,70.8,8.4,33.2,6.5,1.5,5.8,0.9,5.3,1.2,3.5,0.7,5.5,0.9
42.2,123,"DIORITE [25760]",41.8,86.8,9.9,37.9,7.2,1.7,6.5,0.9,5.2,1,2.8,0.4,2.8,0.4
42.2,123,"DIORITE [25760]",46.6,85.8,9.8,37.9,6.9,1.4,6.3,0.9,5.3,1,2.8,0.4,2.8,0.4
42.2,123,"DIORITE [25760]",39.8,83.5,9.6,36.6,6.9,1.7,6.5,0.9,5.1,1,2.8,0.4,2.8,0.4
42.2,123,"DIORITE [25760]",38.1,74.5,8.6,33.2,6.1,1.6,5.1,0.7,4.1,0.8,2.1,0.3,1.8,0.3
42.2,123,"DIORITE [25760]",39.2,76.8,9,33.8,6.2,1.7,5,0.7,4.2,0.8,2.1,0.3,1.9,0.3
42.2,123,"DIORITE [25760]",38.8,77.8,8.9,34,6.4,1.7,5.3,0.7,4.3,0.8,2.2,0.3,2,0.3
42.2,123,"DIORITE [25760]",36.7,72.9,8.3,31,6,1.5,4.7,0.8,4.3,0.8,2.4,0.3,2.3,0.4
42.2,123,"DIORITE [25760]",35.3,70,8,29.7,5.8,1.4,4.7,0.7,4.1,0.8,2.2,0.3,2.2,0.4
42.2,123,"DIORITE [25760]",36.7,74.7,8.5,32.1,6,1.5,4.8,0.7,4.3,0.9,2.2,0.3,2.1,0.3
42.2,123,"DIORITE [25760]",29.8,70.9,8.6,32,6.1,1.4,4.8,0.7,4.3,0.8,2.2,0.4,2.1,0.3
42.2,123,"DIORITE [25760]",25,53.5,6.2,21.7,4.2,0.9,3.6,0.5,3.3,0.7,1.8,0.3,1.9,0.3
42.2,123,"DIORITE [25760]",26.1,54.8,6.2,21.7,4.2,0.9,3.3,0.5,3.2,0.6,1.9,0.3,1.9,0.3
42.2,123,"DIORITE [25760]",36.3,72.7,8.1,29.9,5.8,1.4,4.4,0.6,3.6,0.7,2,0.3,1.9,0.3
42.2,123,"DIORITE [25760]",35.2,71,8.1,29.9,5.6,1.3,4.3,0.6,3.7,0.7,2,0.3,2,0.3
42.2,123,"DIORITE [25760]",36,72.1,8.2,30.5,5.9,1.3,4.3,0.6,3.8,0.8,2,0.3,1.9,0.3
52.6319,122.1653,"DIORITE [25761]",13.23,36.04,4.65,19.67,4.28,1.31,3.97,0.6,3.39,0.68,1.92,0.28,1.77,0.27
52.6319,122.1653,"DIORITE [25761]",12.35,35.4,4.49,19.19,4.28,1.33,4,0.6,3.5,0.69,1.95,0.3,1.85,0.29
52.6319,122.1653,"DIORITE [25761]",17.56,42.85,5.49,22.47,4.65,1.43,4.5,0.63,3.73,0.73,2.1,0.3,1.87,0.29
52.6319,122.1653,"DIORITE [25761]",17.91,44.01,5.71,23.98,5.08,1.53,4.77,0.7,3.85,0.78,2.21,0.32,2.04,0.31
52.6319,122.1653,"DIORITE [25761]",16.9,43.51,5.43,22.62,4.92,1.47,4.6,0.66,3.74,0.77,2.13,0.32,2.01,0.3
52.6319,122.1653,"DIORITE [25761]",22.76,52.23,6.5,26.22,5.37,1.65,5.11,0.73,4.15,0.83,2.35,0.34,2.14,0.34
10,14,"DIORITE, QUARTZ [25764]",38,76.9,8.82,33.7,6.76,3.51,6.39,0.94,4.49,0.84,2.41,0.37,2.09,0.32
10,14,"DIORITE, QUARTZ [25764]",49.5,107.5,12.55,48.3,9.25,2.63,8.23,1.13,5.31,0.97,2.52,0.36,1.99,0.3
10,14,"DIORITE, QUARTZ [25764]",63.03,120.5,14.74,57.26,9.63,2.81,7.03,0.85,4.2,0.66,1.66,0.2,1.17,0.17
29.7919,92.6594,"DIORITE [25767]",30.88,62.34,6.824,24.9,4.842,1.099,4.56,0.656,4.13,0.843,2.354,0.359,2.364,0.368
29.7919,92.6594,"DIORITE [25767]",30.26,62.72,6.592,23.66,4.554,1.086,4.304,0.621,3.918,0.806,2.244,0.345,2.242,0.352
29.7919,92.6594,"DIORITE [25767]",29.14,58.44,6.41,23.34,4.504,1.014,4.26,0.611,3.872,0.793,2.214,0.34,2.236,0.351
29.7919,92.6594,"DIORITE [25767]",26.36,52.86,5.754,20.7,4.004,0.913,3.764,0.543,3.42,0.703,1.973,0.302,2.006,0.311
29.7919,92.6594,"DIORITE [25767]",29.66,60.66,6.514,23.62,4.582,1.051,4.32,0.621,3.924,0.805,2.252,0.344,2.27,0.355
29.7919,92.6594,"DIORITE [25767]",29.18,58.14,6.376,22.92,4.472,1.032,4.192,0.605,3.84,0.787,2.204,0.341,2.224,0.347
-46.7374,168.5342,"DIORITE, HORNBLENDE [25769]",10.4769491440784,34.7397837456236,6.21950877470055,32.49,8.7403541001814,2.47864131968977,9.1183538477506,1.43445565776147,8.69855355519482,1.75903372496435,5.00459917448734,0.730997557681705,4.78466639806021,0.714585123203759
-46.7771,168.4859,"DIORITE [25769]",5.94075920238295,15.8203577735016,2.58293376403225,13.17,3.56373516426288,1.13955357469715,4.09700062361977,0.689410346240223,4.38527212687604,0.916146153080824,2.66498556941987,0.392932026962941,2.57519859993289,0.387297118083224
43.1457,82.1176,"DIORITE [25770]",8.8,29.2,4.27,20.8,5.56,1.33,6.76,1.18,7.09,1.5,4.3,0.63,4.07,0.58
43,82,"DIORITE [25770]",10,34.7,5.83,27.4,7.36,1.67,8.77,1.56,9.77,1.89,5.64,0.81,5.43,0.75
-2.6443,-78.6432,"DIORITE [25771]",27.981,47.697,5.205,19.789,3.084,4.08,2.762,0.31,1.461,0.308,0.909,0.155,0.956,0.147
36.3265,101.4678,"DIORITE [25788]",3.93,2931,32.3,58.1,6.73,1.35,3.9,0.44,1.9,0.33,1,0.12,0.82,0.13
36.25,101.42,"DIORITE [25788]",7.17,3516,45.4,92.9,11.43,2.06,6.79,0.78,3.34,0.58,1.73,0.22,1.44,0.22
36.3258,101.4702,"DIORITE [25788]",3.76,2937,26.7,47.2,5.91,1.26,3.48,0.42,1.87,0.33,0.98,0.12,0.81,0.13
36.25,101.42,"DIORITE [25788]",3.85,3065,35.3,57.1,6.88,1.17,3.14,0.39,1.83,0.32,0.92,0.12,0.76,0.12
36.25,101.42,"DIORITE [25788]",3.37,2947,39.5,59.4,6.81,1.05,2.83,0.34,1.54,0.27,0.79,0.1,0.62,0.1
36.25,101.42,"DIORITE [25788]",4.14,2949,29.8,48.4,6.6,1.3,3.99,0.47,2.1,0.37,1.1,0.14,0.91,0.14
30.25,-7.6,"DIORITE [25763]",8.485,17.69,2.119,7.881,1.613,0.857,1.422,0.231,1.408,0.293,0.844,0.129,0.928,0.154
30.25,-7.6,"DIORITE [25763]",10.85,25.64,3.3,12.95,2.637,0.965,2.292,0.356,2.107,0.433,1.24,0.189,1.241,0.204
30.3,-7.8,"DIORITE [25763]",9.833,21.03,2.626,10.57,2.109,0.693,1.733,0.256,1.543,0.317,0.924,0.144,0.984,0.161
29.4078,-8.9911,"DIORITE [25763]",10.14,21.06,2.589,10.3,1.968,1.001,1.676,0.266,1.65,0.345,1.034,0.159,1.158,0.194
29.243017,92.1898666666667,"DIORITE [25814]",24.8705919730884,56.9128781815377,6.63176272876272,26.3301005064427,5.73641723911745,1.19354421709685,5.17998219948219,0.783708213864849,4.67509807344468,0.898176808924004,2.55209038725596,0.370671918462181,2.38539220503798,0.349782855683096
29.243017,92.1898666666667,"DIORITE [25814]",21.5609750216684,45.1368151510432,5.67520145341948,22.2411552447946,4.87196795939884,1.21838339325075,4.49158201122093,0.686224158865675,4.07401595548362,0.759414194020413,2.21318843641111,0.32861386615111,2.13956026056631,0.314372434128021
29.243017,92.1898666666667,"DIORITE [25814]",24.8759240696854,55.0988270585984,6.15196465014326,24.0146896477168,4.79887588908335,1.1063167349472,4.09041146157588,0.631279584384534,3.61633547966933,0.703399198911472,1.9620423284553,0.288471703738807,1.9802305363292,0.280442070939043
29.242058,92.1913861111111,"DIORITE [25814]",25.7398099978037,55.1965556819361,6.21544991917508,23.7996815723922,4.73452412817377,1.17031866320483,3.99867877329618,0.586354679978762,3.39857152719041,0.633052301931745,1.76240902386928,0.261282968656134,1.77170830860622,0.244095376440628
29.242058,92.1913861111111,"DIORITE [25814]",24.0257525544369,52.7849474253165,5.98228649591737,23.1498699793344,4.66993208132222,1.17052307641021,3.90050643021292,0.605093175886144,3.36280501060751,0.627885345994574,1.79696738391848,0.264829705675943,1.773687269754,0.251915430803154
29.242058,92.1913861111111,"DIORITE [25814]",29.5372071751424,64.4881944543606,7.18876462793546,27.4553353712941,5.42728098213593,1.20885183318309,4.63358313236551,0.701426047383575,4.17084357122456,0.785149675611066,2.25078694101361,0.343769099766455,2.26113599197538,0.322818876161003
29.242058,92.1913861111111,"DIORITE [25814]",24.3860329389741,54.4019625209623,6.20483459749164,23.9518438348608,4.61150506137414,1.07067796021883,3.97823921926968,0.571454840194248,3.37073995618436,0.643902295528329,1.89749300883104,0.265427160319668,1.85066394397137,0.279581525572181
29.242058,92.1913861111111,"DIORITE [25814]",29.5735750638256,66.9964406772936,7.36269255090412,27.8592313155373,5.63535900520178,1.00522059054318,4.71410449466582,0.704344571652333,4.24234705427262,0.815253659107494,2.34112986337781,0.332056962770845,2.29080176658247,0.34771396223894
29.242058,92.1913861111111,"DIORITE [25814]",25.0538633532373,48.3481140792339,5.74605466330361,22.1761987281329,3.9504311020024,1.08400630710199,3.241949575354,0.447225606825426,2.60681433082596,0.498677600858697,1.39529296945989,0.202359617109554,1.39291284429907,0.215718864301478
29.245117,92.1893222222222,"DIORITE [25814]",42.8020623608623,92.5050573177139,10.5884502164205,41.2469030518641,6.76762365896219,1.8083258655469,4.6808520967196,0.589792732815287,3.03818853851736,0.562475338377631,1.47884784146363,0.211519801820777,1.466789524725,0.200563314253596
29.245117,92.1893222222222,"DIORITE [25814]",21.5593909778409,41.9967881864129,5.0522831185075,19.2560942523926,3.69849519726157,1.07451952762043,2.86738237825594,0.442752091400567,2.56027257760334,0.511374839037768,1.45241744819565,0.20063868560746,1.45373685397511,0.201132393598958
29.269194,92.1722472222222,"DIORITE [25814]",10.5179883006526,26.5815396512992,4.06805261692365,19.7614663696575,5.16497542797271,1.5387456382747,5.25462308098078,0.795931031853442,4.63312558321246,0.822750142825566,2.1812785047476,0.284769433630149,1.74929894817987,0.234853055314737
29.269194,92.1722472222222,"DIORITE [25814]",10.0055379355636,20.5769845724455,2.52093647017994,9.96277299770176,2.23970234092553,0.550437147667191,2.28559796443914,0.401244894167549,2.77473307851269,0.59310343311269,1.80820494357744,0.285799248245828,1.67031902783229,0.247881476384234
29.269194,92.1722472222222,"DIORITE [25814]",10.2960655641689,22.2561428697631,2.78577545174248,11.2288826814944,2.67272380506778,0.573773054581007,3.02013265110183,0.55435768942651,3.80388639915496,0.844810002666585,2.52029052153087,0.381025812555227,2.41712992228167,0.347073254112
29.462775,89.1033055555556,"DIORITE [25814]",31.6136754441116,68.5498792188389,7.51501599317872,29.1484694287482,5.98659611256097,1.30518204922297,4.65778857618812,0.66927805259658,3.64972649889798,0.681674545514587,1.82864515196086,0.274552515151889,1.72848157068005,0.247575742781942
29.461467,89.1027888888889,"DIORITE [25814]",25.9503666427871,49.8003217973195,5.81970846673131,22.0928166206323,4.17087268802853,1.24126635896296,3.33353900063344,0.474269791232273,2.5716067098117,0.492015072963545,1.3348837514888,0.185702759915184,1.15914944421871,0.172953400230176
29.461467,89.1027888888889,"DIORITE [25814]",25.230251962864,49.4651245044168,5.92724181626542,23.2433286929949,4.65551669229161,1.29898047040667,3.87762928714943,0.538738403764773,3.11645832011389,0.561141140075523,1.51267209366359,0.228538617651554,1.4475138861678,0.209692736582907
29.461467,89.1027888888889,"DIORITE [25814]",24.30357928041,47.31869840811,5.58128089563565,21.4356165582622,4.14633856914846,1.31416399017559,3.46153739024541,0.499670329651057,2.67873739718112,0.49576280367199,1.40167950192615,0.197995262455651,1.25721297262982,0.182792279633311
29.461467,89.1027888888889,"DIORITE [25814]",25.7403415708351,49.7639463996561,5.88830916654226,22.2145199793425,4.41071331169266,1.24268657524769,3.50763387116666,0.502811351901419,2.78887621121043,0.506087731770061,1.37479960031094,0.195967884015982,1.28213082072739,0.189958518280015
29.461467,89.1027888888889,"DIORITE [25814]",27.2028690709434,57.3342817081876,6.31445642033332,24.6484948965835,4.70288680012286,1.32714842555517,3.89681695049754,0.560987037491177,3.11726125942183,0.595944919623012,1.62068669800268,0.236189848877577,1.36372592227668,0.201336910021628
29.461467,89.1027888888889,"DIORITE [25814]",26.4018439483587,56.3842087697652,6.18501303921805,24.2820222834744,4.73188721984765,1.26890451443112,3.80733684335704,0.544107661085421,3.05606390323805,0.555173734865178,1.60006955019767,0.21361615613841,1.41803084991639,0.214112821828708
29.461467,89.1027888888889,"DIORITE [25814]",26.0027508294575,51.0354084301399,6.08180960869813,23.5040411648262,4.76423727697077,1.19166181801153,3.70926033391702,0.513213481453264,2.88188884460901,0.54785606303442,1.49360942677201,0.202548241100114,1.35382595306885,0.191829227097263
29.461467,89.1027888888889,"DIORITE [25814]",25.3669517573477,49.1674306252019,5.82936350898263,22.6732056975491,2.29865476530629,0.640550848619311,1.83702639287123,0.263975370367111,1.45072338688264,0.265429565044899,0.743964589386968,0.10433797996908,0.674073771421068,0.0983881674407903
29.461467,89.1027888888889,"DIORITE [25814]",14.9806873139314,29.2226442742925,3.63909071941256,14.7535751899592,3.3797252552223,1.09238915334705,3.04024398691847,0.455626025985952,2.77766172213728,0.52405416719759,1.47634071108097,0.219939137245644,1.52893492249225,0.224521553488729
29.461467,89.1027888888889,"DIORITE [25814]",27.1004583820259,58.3615952422994,6.25202128539466,24.1170023758705,4.72314082097923,1.26820045746052,3.76395598133544,0.539122034549296,2.9453275312577,0.533215911133591,1.50904796658558,0.210890818982172,1.37594599844733,0.201452032653032
29.461467,89.1027888888889,"DIORITE [25814]",28.6059146331923,61.8133115309518,6.66097260750948,25.9483340771068,4.98215890975164,1.33119476107258,4.12270254262894,0.581502115749097,3.25333861594538,0.618809874728014,1.67466477903412,0.220187788004594,1.55460182583996,0.217790267722919
29.461467,89.1027888888889,"DIORITE [25814]",28.3295044811614,60.8439510057572,6.59524799013774,26.2212942039045,5.17924682716342,1.45333143219546,4.42565685331703,0.621946245053902,3.37516706153321,0.628672684796046,1.80651353865669,0.250184503079111,1.57551532273797,0.227798999334003
29.461467,89.1027888888889,"DIORITE [25814]",31.2643781490724,64.315045746965,7.21454976717984,28.1271141301972,5.36867112771551,1.37789429650362,4.25426524004696,0.61845786643743,3.30069115598256,0.618324196741757,1.67490936904198,0.254916184925227,1.52634384925325,0.24078345643078
29.461467,89.1027888888889,"DIORITE [25814]",26.4527906284238,51.1219569492482,6.20197312898918,24.8063433729012,5.10203432589378,1.41573324937432,4.06149388289316,0.60879761639396,3.35778163342537,0.625190699094675,1.71154338246801,0.235292070793108,1.5202270340763,0.234146613475198
29.461467,89.1027888888889,"DIORITE [25814]",15.0034338421947,31.8559735012827,4.24062397929439,18.6677292547382,4.45834711392091,1.32697829529044,4.33434480400029,0.695400317805606,4.11860098327341,0.822842449928333,2.28439756555322,0.332033257680499,2.14159114705543,0.31656487714353
29.461467,89.1027888888889,"DIORITE [25814]",22.5131392602885,47.3134849991579,5.7116964693588,23.3330523012064,4.69233298384601,1.37036012023045,3.78703219014611,0.57084395164869,3.03167888062566,0.575729842517529,1.5540866326196,0.228372265623902,1.45642714479449,0.201526791617179
29.461467,89.1027888888889,"DIORITE [25814]",27.4903172940492,54.2840517093685,6.54294488774006,26.4965893218357,5.13594367226122,1.49181380941793,4.30837121739375,0.594027951053657,3.33517394927946,0.632095073693155,1.74764894785656,0.241559621353035,1.48100420243761,0.233717342058701
29.454847,89.1001333333333,"DIORITE [25814]",29.3800410775962,61.6627034243581,7.1221574042433,28.8732361341476,5.63474580715833,1.54608460319471,4.76455991953094,0.67543954380459,3.73671245591025,0.651859830935347,1.8415595324071,0.259995573966258,1.59317108091372,0.239918957814033
29.454847,89.1001333333333,"DIORITE [25814]",31.0089698341484,60.7689536646363,7.4329378560613,29.8514291016947,6.05086516451905,1.60676760414318,4.84735973390701,0.703089446757573,3.92391424679231,0.743621789392571,2.0110746777306,0.276058312870534,1.80055707227035,0.266298812164118
29.454847,89.1001333333333,"DIORITE [25814]",32.6457535581056,68.5567294693344,7.71991596478078,31.2746798377273,6.3693151255395,1.60464096728857,5.170438424903,0.754799744692743,4.11291414378746,0.795517818302559,2.13123377866982,0.300007694242867,1.88720175635405,0.28628411053667
29.454847,89.1001333333333,"DIORITE [25814]",33.2510701306315,70.2938626155037,7.91109678092871,31.7360012278689,6.37283029315752,1.49792296991089,5.19002298520904,0.770329653671926,4.1767675209226,0.83344897930039,2.2838812779121,0.317983918991405,2.0107313368911,0.295644603415251
29.454847,89.1001333333333,"DIORITE [25814]",28.0100627763202,56.1307228165372,6.82340693131824,27.5501094927255,5.55982820203232,1.52140150108167,4.77866524801494,0.69358014521286,3.98399803830757,0.740407198889951,2.06836504528263,0.289001420532705,1.81285144756458,0.268010127085542
29.454847,89.1001333333333,"DIORITE [25814]",26.942197436844,54.7580415868032,6.81695591325405,27.7636365499718,6.04701077087776,1.40246581945887,5.13413814027844,0.761783741394378,4.37548538181601,0.856131977998263,2.30486986385415,0.347866300568243,2.18490405136009,0.329261736570368
29.454847,89.1001333333333,"DIORITE [25814]",25.92346603327,52.8598226135123,6.23289822339755,24.5380201866654,4.89022250212958,1.48605267594218,4.17361901629458,0.575080958680714,3.20474802605139,0.615659997823704,1.63442762545718,0.243140566159049,1.4716502478544,0.222841152665767
29.453019,89.0973027777778,"DIORITE [25814]",21.8763734648566,43.195531165486,5.28212768690823,21.2818421988797,4.45901961476867,1.37233974667672,3.6736799271062,0.54423565405338,3.14926695600525,0.59570427243629,1.72239370465366,0.247240554388212,1.60295072172874,0.222220740683615
29.453019,89.0973027777778,"DIORITE [25814]",24.4638085198793,49.1150552069493,5.99324151143232,24.6710299722013,5.05978851835681,1.42733724897445,4.22708861841675,0.629518637859201,3.51156377840784,0.660565671143301,1.77807630776666,0.255210840424933,1.60492060679535,0.232242057138375
29.452236,89.0964444444444,"DIORITE [25814]",21.9762256059475,44.1589482267037,5.43137886268424,22.5675616699659,4.72570551035216,1.44785817237314,4.11209623726675,0.578361493408273,3.32663020300807,0.617290926527206,1.73308644713732,0.239554738045859,1.49384250030544,0.218674472877348
29.452236,89.0964444444444,"DIORITE [25814]",20.4701829394182,39.1023760057944,4.60256498132295,17.9794391632127,3.57263061156165,1.36400838339982,3.02519675639729,0.439021501148765,2.45395023727316,0.473980695592604,1.33343595280818,0.181986881746084,1.18558478972213,0.177036146220067
29.452236,89.0964444444444,"DIORITE [25814]",22.1170478162196,44.4347173431081,5.47097114537618,22.4724265401592,4.71290428364805,1.39133160246446,4.10677080796202,0.583456722547825,3.214175946878,0.60659219253369,1.63371432810558,0.241788752242593,1.52150734261826,0.217867535955551
29.452236,89.0964444444444,"DIORITE [25814]",19.7673556810164,39.17924765207,4.77140322929614,20.3243394191825,4.45372441991189,1.53741899334228,3.78762360324906,0.540306907881502,3.05514585384432,0.600558204137608,1.6161125412925,0.204036661871529,1.40038452983692,0.194895102015334
29.457647,89.6407416666667,"DIORITE [25814]",21.715788172645,45.939153887511,5.9858410173699,25.7470203496282,5.67771260936424,1.78489458140931,5.09556379984768,0.74258809636115,4.35318541188429,0.845246791844282,2.3942865020947,0.343448729145647,2.17246741085424,0.338437773176026
29.457647,89.6407416666667,"DIORITE [25814]",26.3474297952694,56.7049458118698,7.503253280336,32.8511316832746,7.05722721492138,2.0638347597013,6.49041996793556,0.946903023299432,5.40309716799019,1.05482145647521,2.86112758925391,0.404723319785089,2.54140354150644,0.381446421566631
29.457647,89.6407416666667,"DIORITE [25814]",22.0313890114019,48.0041122961751,6.34708852190321,27.2959915636071,5.92802190674698,1.8143461172902,5.48443945749277,0.788694838962655,4.61692856390734,0.89991645335351,2.60377206411928,0.357702665936373,2.20831227273997,0.355878180155172
29.457647,89.6407416666667,"DIORITE [25814]",19.3581553692025,42.8865678402196,5.71422193748746,25.776761439655,5.70386607207955,1.61608977433034,5.32295373695981,0.773595399948716,4.41981031859265,0.824866073154998,2.30962179749836,0.323049049574848,2.02370458182355,0.283761618113661
29.457647,89.6407416666667,"DIORITE [25814]",6.35501206551899,16.6236187847315,2.50222681360082,12.4609983004599,3.19623564991689,1.06307363587001,3.11837469195973,0.454961701899272,2.59843762867568,0.483584091274276,1.3487978896222,0.170954987988685,1.11232367051829,0.162588804800417
29.457647,89.6407416666667,"DIORITE [25814]",17.4360063149188,38.047638213055,5.32911117894106,24.2428384470558,5.39696307005667,1.88109585007614,5.07124613667985,0.732765082890985,4.24569709990167,0.785419976979804,2.14912618379953,0.298611348935806,1.76469790861989,0.266179748466477
29.457647,89.6407416666667,"DIORITE [25814]",18.9071116790619,40.4384261345415,5.36345287363944,23.5076945115682,5.19917697879414,1.59128331200655,4.74205818977541,0.699981639178715,3.96595139471385,0.79129620097402,2.19162143655867,0.28571482843175,1.89464774016473,0.297336636927331
29.436528,90.2412805555556,"DIORITE, ORTHOPYROXENE [25814]",18.6821788487498,38.1149111079181,4.6140333375046,19.0028013649853,4.0157087473184,1.09836802455463,3.36378770954124,0.477626130780884,2.70573334048562,0.497443420509781,1.41225997627098,0.206691648092763,1.32480600320983,0.183486979272192
29.436528,90.2412805555556,"DIORITE, ORTHOPYROXENE [25814]",24.9576996740479,51.2877177710617,6.04959985974445,23.6648543862035,4.57287155940293,1.10443828858683,3.90874554779376,0.566438802037178,3.19558249661194,0.604939637406863,1.671464963357,0.257342044199619,1.58450730461426,0.249421243137337
29.436528,90.2412805555556,"DIORITE, ORTHOPYROXENE [25814]",22.1784763914351,44.5915272624751,5.23663994128599,20.515731843763,3.89416061794119,1.07275215096954,3.127117402826,0.427237456567106,2.55646679651745,0.467465493900347,1.30845103941126,0.179360489641954,1.1933857649873,0.167714141748013
29.436528,90.2412805555556,"DIORITE, ORTHOPYROXENE [25814]",25.8277026324548,53.4742619718642,6.32294556653004,25.2569129798962,5.01944122757635,1.19245021731523,4.11147816355082,0.590981920465761,3.46834069998298,0.631925298669725,1.81427354362371,0.248276783466734,1.70200325733782,0.245286989401799
29.436528,90.2412805555556,"DIORITE, ORTHOPYROXENE [25814]",25.8635100620481,53.2766394035158,6.20889131931581,25.0406412846351,5.00679295163095,1.22503945502115,4.1004637606929,0.604358935393017,3.46280672616233,0.654715657394011,1.77692931855309,0.250809356642465,1.66190130658562,0.239915196214749
29.436528,90.2412805555556,"DIORITE, ORTHOPYROXENE [25814]",25.0779161024852,52.0701027756504,6.23765999150288,24.7500641569225,4.97220582591552,1.25335590342154,4.14989719670525,0.603144230805462,3.34584528637478,0.631975440761571,1.81078083974134,0.25026454334476,1.66994320692395,0.250681089238863
29.436528,90.2412805555556,"DIORITE, ORTHOPYROXENE [25814]",25.8015108530225,53.0532569062787,6.28093535897414,25.2269130712034,4.84711499596251,1.212774886762,4.11881784512903,0.596186409971327,3.28174694127422,0.634532686971014,1.76975911990768,0.257207515487655,1.67386938139592,0.244050463249385
29.436528,90.2412805555556,"DIORITE, ORTHOPYROXENE [25814]",28.1514957924277,57.9586753322558,6.81952545225037,26.4669245496966,5.08130315128655,1.10668483791089,4.22577628795566,0.595692955844101,3.43863911280956,0.658205330649372,1.85520040283722,0.25853184098318,1.77636847992895,0.252516247226614
29.436528,90.2412805555556,"DIORITE, ORTHOPYROXENE [25814]",24.1770636094595,50.117124579953,5.96726296100795,23.5100593216807,4.44216645480467,1.10072329733604,3.73321857512731,0.550563276788674,3.01907489958453,0.584108883222197,1.63920207267617,0.235978218809985,1.6213913591598,0.226971782365034
29.436528,90.2412805555556,"DIORITE, ORTHOPYROXENE [25814]",23.0794575139882,47.7875958488447,5.73756421024132,23.2771036808854,4.73998292195203,1.17400914315229,3.9396373222522,0.573925896164756,3.39480771385477,0.624856116270551,1.82762561904883,0.252494607397495,1.76463509068434,0.222876882942485
29.436528,90.2412805555556,"DIORITE, ORTHOPYROXENE [25814]",24.2771517564178,49.5082780447963,5.93103461639026,23.6675399056283,4.71599987357814,1.13674878724469,3.93032346339175,0.562777127496073,3.16338432726782,0.615184496350909,1.70454526811973,0.239167581349175,1.53682841870221,0.238952488380823
45.7,116.3,"DIORITE [25816]",23.5,51.8,6.58,27.4,5.58,1.68,4.9,0.68,3.67,0.7,1.86,0.25,1.59,0.24
45.7,116.3,"DIORITE [25816]",25.1,55.9,7.23,30.3,6.24,1.83,5.39,0.79,4.35,0.83,2.23,0.3,1.92,0.3
45.7,116.3,"DIORITE [25816]",26.5,59,7.53,30.8,5.9,1.77,5.24,0.75,4.15,0.78,2.14,0.31,1.91,0.29
45.7,116.3,"DIORITE [25816]",25.2,55.9,7.07,29.9,6.17,1.84,5.33,0.77,4.14,0.79,2.21,0.31,1.89,0.28
45.7,116.3,"DIORITE [25816]",22.9,49.8,6.42,27.7,5.81,1.78,4.7,0.69,3.82,0.68,1.87,0.25,1.55,0.25
45.7,116.3,"DIORITE [25816]",24.4,53,6.85,28.3,5.82,1.76,4.89,0.7,3.92,0.75,2.04,0.29,1.83,0.28
45.7,116.3,"DIORITE [25816]",24.6,53.2,6.7,29.1,5.88,1.82,4.9,0.68,3.92,0.75,1.95,0.28,1.67,0.25
45.7,116.3,"DIORITE [25816]",17.5,39.6,5.23,22.4,4.75,1.62,4.4,0.66,3.62,0.7,1.92,0.27,1.68,0.25
23.85246,95.57512,"DIORITE [25819]",15.3,33.8,4.12,16.9,3.84,1,3.61,0.623,3.76,0.762,2.3,0.331,2.19,0.329
24.67,97.58,"DIORITE [25833]",13.9,30.7,3.98,18,4.1,1.05,3.79,0.59,3.62,0.76,2.28,0.35,2.42,0.39
24.67,97.58,"DIORITE [25833]",14,30.3,3.87,17.3,3.97,1.02,3.64,0.57,3.45,0.73,2.18,0.34,2.32,0.37
24.67,97.58,"DIORITE [25833]",12.7,26.7,3.32,14.7,3.48,1.03,3.33,0.52,3.2,0.67,1.99,0.3,2.05,0.33
24.67,97.58,"DIORITE [25833]",12.6,26.9,3.4,15.4,3.56,1.13,3.35,0.51,3.03,0.63,1.85,0.28,1.86,0.3
24.67,97.58,"DIORITE [25833]",13,27.8,3.48,15.7,3.59,1.14,3.38,0.51,3.06,0.64,1.87,0.28,1.89,0.29
24.67,97.58,"DIORITE [25833]",15.2,33.3,4.21,19,4.41,1.2,4.3,0.66,3.88,0.81,2.32,0.33,2.18,0.33
24.67,97.58,"DIORITE [25833]",17.4,37.3,4.71,21.1,4.84,1.26,4.7,0.72,4.32,0.89,2.54,0.37,2.37,0.36
24.67,97.58,"DIORITE [25833]",5.98,12.9,1.7,7.91,2.11,0.72,2.3,0.4,2.56,0.55,1.62,0.24,1.63,0.25
24.67,97.58,"DIORITE [25833]",5.24,11,1.47,7.08,1.95,0.69,2.18,0.38,2.42,0.53,1.53,0.23,1.52,0.24
24.67,97.58,"DIORITE [25833]",4.84,10.5,1.44,6.94,1.94,0.67,2.17,0.39,2.48,0.54,1.57,0.23,1.56,0.24
24.67,97.58,"DIORITE [25833]",5.9,12.6,1.66,7.78,2.1,0.71,2.29,0.4,2.52,0.54,1.58,0.24,1.61,0.25
24.67,97.58,"DIORITE [25833]",5.11,10.7,1.44,6.86,1.92,0.7,2.11,0.37,2.37,0.52,1.49,0.23,1.48,0.23
24.67,97.58,"DIORITE [25833]",6.01,12.6,1.65,7.65,2.05,0.68,2.26,0.39,2.5,0.53,1.58,0.24,1.55,0.24
35.8602,79.078,"DIORITE [25835]",23.3,52.1,6.74,29.9,7.27,1.49,7.06,1.11,6.84,1.4,3.82,0.561,3.59,0.533
35.8602,79.078,"DIORITE [25835]",14.5,31.9,4.1,18.2,4.51,1.35,4.48,0.694,4.36,0.912,2.53,0.371,2.45,0.367
35.8602,79.078,"DIORITE [25835]",53.1,98.5,9.98,35.9,6.13,1.44,5.21,0.744,4.22,0.861,2.38,0.341,2.25,0.348
35.8602,79.078,"DIORITE [25835]",20.5,42.1,4.99,20.8,4.67,1.38,4.48,0.679,4.12,0.854,2.36,0.349,2.29,0.342
35.8602,79.078,"DIORITE [25835]",42.4,82.2,8.75,32.6,5.87,1.47,5.06,0.721,4.08,0.822,2.24,0.313,2.06,0.309
35.8602,79.078,"DIORITE [25835]",21.5,47.2,5.73,24.1,5.4,1.46,5.12,0.768,4.61,0.951,2.59,0.377,2.47,0.372
39.7,115.9,"DIORITE, QUARTZ [25838]",54,104,11.25,40.6,7.28,1.75,4.49,0.62,2.94,0.58,1.49,0.22,1.47,0.22
39.7,115.9,"DIORITE, QUARTZ [25838]",51.8,103,11.2,40.5,7.29,1.89,4.41,0.61,3.24,0.61,1.64,0.25,1.64,0.28
39.7,115.9,"DIORITE, QUARTZ [25838]",53.8,102,11.55,36.8,6.39,1.72,4.38,0.57,2.78,0.55,1.48,0.22,1.36,0.21
41.5578,123.96,"DIORITE, QUARTZ [25850]",26,53,6.48,26,5.18,1.58,4.39,0.6,3.47,0.65,1.81,0.24,1.56,0.24
41.6317,123.9631,"DIORITE, QUARTZ [25850]",24,54,6.6,26,5.17,1.43,4.85,0.65,3.32,0.68,1.87,0.26,1.7,0.26
40.28,117.69,"DIORITE [25874]",21.220011885992,45.479760607294,5.62437435714945,22.4956204589356,4.38791328347448,1.13899886013188,3.40040514216547,0.461160100511807,2.54128410877195,0.463417062843745,1.24345769161369,0.165511726335608,1.03316142538767,0.152154750308081
40.28,117.69,"DIORITE [25874]",37.9537700322294,77.8643103595182,9.24854158419199,35.7761949214374,6.20114208924242,1.5262557640539,4.02340819775657,0.478344096577748,2.28307613249458,0.369054437906142,0.964765932301934,0.123194624827372,0.748425585978729,0.105764342546378
40.28,117.69,"DIORITE [25874]",20.1925069449963,42.4410781410016,5.26208067004388,20.3824524186197,3.67844730380921,1.14666008872425,2.75705075297443,0.377916110803492,2.03583875223036,0.372052798893656,1.00418805772275,0.138730624013936,0.944996420902312,0.141181303884769
40.28,117.69,"DIORITE [25874]",17.9916713585684,47.3193585094077,6.67493377288872,28.9203126953482,6.28773324149411,1.6721794752806,5.17366435941933,0.706677608244199,4.00959537932776,0.724582158345114,1.94532264098298,0.249498726402595,1.62142438666131,0.220168290418175
40.28,117.69,"DIORITE [25874]",16.9843102138527,36.252503625896,4.35976204376771,17.5879560750458,3.32234147326428,1.02509412035367,2.85769946407221,0.413983645233457,2.2631516320303,0.423538544621163,1.18080504185416,0.172166439719779,1.02214267429785,0.14786567943871
61,-131,"DIORITE, HORNBLENDE [8922]",112,200,16,46,5.5,0.8,4,0.6,3.4,0.67,1.9,0.32,2.3,0.37
61,-131,"DIORITE, HORNBLENDE [8922]",12,24,2.9,12,2.5,0.7,2.4,0.39,2.3,0.46,1.2,0.2,1.3,0.21
40.2442,120.0606,"DIORITE [25893]",31.24,69.85,8.4678,35.332,6.6924,1.72986,5.5286,0.64614,3.487,0.6314,1.64318,0.2244,1.3673,0.210694
36.6,112,"DIORITE [25899]",23.9,56.7,7.03,30,6.19,1.6,5.59,1,5.68,1.15,3.61,0.58,3.67,0.54
36.6,112,"DIORITE [25899]",36.9903658776436,75.0013632501472,8.97650622658213,35.2934801184176,6.76093400586906,1.46362823713248,6.0752773101916,0.994234241607589,6.13577816605627,1.31582137723841,4.00191902656801,0.620717475955868,4.11468870716416,0.60844299540641
36.6,112,"DIORITE [25899]",33.9892691620972,67.4595798156797,8.12636872990548,31.6921168898984,6.58566308940628,1.45551904260577,6.37105404305331,1.08912887536833,6.86803070516337,1.45174323002251,4.26361414147221,0.645798686125774,4.10721064405227,0.581861944191744
36.6,112,"DIORITE [25899]",39.3711432691262,96.2724908545705,13.293959418552,59.519838469227,14.4730538404657,2.38368693168694,13.8505292691561,2.32147379595918,14.6046363013124,3.06383646926254,9.01985255194951,1.36624568653391,8.82775159902294,1.28084707619091
36.6,112,"DIORITE [25899]",37.7690899824735,80.8147276894276,10.0370393296877,40.8773383485586,7.87216677257719,1.73370374937572,6.85569648319893,0.991874228390004,5.64603410000842,1.1205308419289,3.14565636975141,0.455900980666416,2.92483120269777,0.43199007391212
36.6,112,"DIORITE [25899]",38.1260167464033,77.6141876636581,9.12422727195166,35.764918168406,6.55139266851263,1.57478019162822,5.51102966690197,0.837202884147521,4.71135266180405,0.942192725779229,2.70576786939904,0.397229795335179,2.54230931586254,0.380715159383067
36.6,112,"DIORITE [25899]",36.7785747112367,74.2827546079236,8.66372784365376,34.1321226401075,6.40596547127985,1.66876592216227,5.38824586569167,0.827499471372849,4.65282705826103,0.94163535437289,2.73525706156685,0.409262122103147,2.66410147269192,0.402050419689564
36.6,112,"DIORITE [25899]",32.7048942282567,68.4172851783255,8.20590826120926,32.4578492493238,6.35226900322099,1.43213172106901,5.4295668827147,0.830128547311191,4.92424759427328,1.02017654668304,3.02277866378693,0.465830166208791,3.05024434161463,0.464657226558514
36.6,112,"DIORITE [25899]",34.5538327864078,91.0130295774434,12.8233514105083,55.1387344671643,12.5620734594317,1.60510357268954,11.2135247727971,1.90140312417635,11.8298982227421,2.51906485133453,7.65183945870552,1.22729606257796,8.22028617004005,1.22922351422566
36.6,112,"DIORITE [25899]",36.1998233242104,77.1366680555247,9.20773955821023,36.012643359248,6.73441326871016,1.69481806196503,5.81539233770078,0.855298731227518,4.90925474633415,0.993758020563039,2.87601377076061,0.426493932456161,2.8290345701017,0.435196502527707
36.6,112,"DIORITE [25899]",40.9010760760157,83.5698951858946,9.80042656105026,38.5166801851796,7.11345739354453,1.60755849926612,5.9556507977245,0.900788099054399,5.24615416678238,1.07542139613775,3.1013904521536,0.453267866399417,2.93492556682072,0.429851446688802
-22,15.8,"DIORITE [25911]",31,60,6.8,21.67,5.174,1.7,4.7,0.68,3.9,0.78,2.2,0.29,2,0.29
32,90.3,"DIORITE [25917]",33.6,64,7.3,27.24,4.97,1.27,4.39,0.646,3.54,0.705,1.87,0.263,1.67,0.259
32,90.3,"DIORITE [25917]",35.1,66.4,7.54,27.88,4.903,1.29,4.35,0.634,3.51,0.7,1.88,0.266,1.69,0.262
32,90.3,"DIORITE [25917]",36.5,68.7,7.92,29.09,5.133,1.37,4.56,0.658,3.6,0.716,1.9,0.268,1.68,0.254
32,90.3,"DIORITE [25917]",38.9,73.2,8.27,30.4,5.329,1.34,4.67,0.676,3.68,0.739,1.98,0.281,1.78,0.275
32,90.3,"DIORITE [25917]",35.8,67.9,7.75,28.69,5.052,1.3,4.48,0.651,3.62,0.715,1.93,0.269,1.72,0.266
31.6,90.2,"DIORITE [25917]",28,54.7,6.56,25.18,4.674,1.21,4.14,0.622,3.48,0.719,1.95,0.279,1.83,0.287
31.6,90.2,"DIORITE [25917]",28.4,55,6.63,25.49,4.646,1.2,4.14,0.61,3.47,0.712,1.94,0.283,1.85,0.289
31.6,90.2,"DIORITE [25917]",22.6,44.6,5.38,20.72,4.047,1.09,3.69,0.575,3.35,0.707,1.93,0.279,1.85,0.286
31.6,90.2,"DIORITE [25917]",24.7,47.6,5.67,21.84,4.077,1.05,3.69,0.558,3.25,0.67,1.88,0.276,1.77,0.279
31.6,90.2,"DIORITE [25917]",22.3,44.3,5.31,20.45,3.92,1.03,3.63,0.558,3.3,0.675,1.84,0.271,1.79,0.276
36.42472222,48.56805556,"DIORITE [25923]",32.3,60.3,6.586,24.95,4.49,1.262,3.53,0.515,2.78,0.535,1.49,0.218,1.39,0.215
28.25,58.5,"DIORITE [25924]",18.9,39.7,4.95,21.1,5.01,1.13,5.35,0.84,5.24,1.07,3.23,0.43,2.9,0.42
28.25,58.5,"DIORITE [25924]",13.1,26.1,3.19,12.6,3.16,0.83,3.73,0.6,3.94,0.77,2.48,0.34,2.29,0.36
42.554,88.538,"DIORITE [25936]",4.44286089120053,11.1870790439235,1.65761746819337,7.9099493617166,2.22284646176533,0.863781351746986,2.53363973302326,0.45601566402061,2.8964064858463,0.593074655969493,1.6841038040888,0.240121056354851,1.61203865817124,0.232889375952393
42.554,88.538,"DIORITE [25936]",3.016939636303,7.86893270174228,1.25940007603002,6.32316910966196,1.63847418424445,0.789870242231422,2.32932089499751,0.416668693821266,2.50738401825185,0.528938438547529,1.52839809059023,0.221453817858262,1.40332129205611,0.215990287621601
42.554,88.538,"DIORITE [25936]",6.00498557603862,14.1568152155708,1.9976859453126,8.96588621337998,2.55816545971367,0.841681968800834,2.92210194959844,0.494320109656955,3.14518908597708,0.635062799433708,1.76475179991578,0.256775065133616,1.66735465845493,0.245639723857053
42.554,88.538,"DIORITE [25936]",4.96464587615521,11.8488131428851,1.68203949374766,7.79149606171107,2.12351363966822,0.706402527473864,2.49961263179091,0.428597332384741,2.8013750715668,0.554319125942137,1.60287467229829,0.233536328567008,1.4330512287345,0.226334495124368
26.715,33.735,"DIORITE [25941]",36,82,9.7,40,8.7,2.36,7.8,1.11,6.7,1.29,3.79,0.54,3.66,0.55
26.715,33.735,"DIORITE [25941]",49,104,12.7,53,11.1,3.35,10.7,1.54,8.8,1.65,4.88,0.64,4.09,0.63
26.715,33.735,"DIORITE [25941]",39,86,10.5,42,9.5,2.44,8.2,1.21,7.2,1.42,3.91,0.58,3.75,0.58
26.715,33.735,"DIORITE [25941]",42,91,11.3,48,10.7,2.89,9.3,1.49,8,1.58,4.57,0.61,3.92,0.6
31.1,83.9,"DIORITE [25958]",25.4,53.9,6.35,25.2,5.5,1.48,4.65,0.69,4,0.76,2.08,0.3,1.9,0.28
31.1,83.9,"DIORITE [25958]",25.5,54.5,6.52,26,5.52,1.56,4.81,0.7,4,0.75,2.08,0.3,1.88,0.29
31.1,83.9,"DIORITE [25958]",28.2,59.7,6.94,29,6.18,1.86,5.27,0.71,3.91,0.75,2.04,0.3,1.88,0.27
31.1,83.9,"DIORITE [25958]",24.2,51.6,6.04,25.2,5.48,1.44,4.81,0.67,4.04,0.81,2.17,0.31,2,0.29
21.52,70.54,"DIORITE [25965]",45.8,78.7,7.6,23.5,4,0.87,3.2,0.6,3.5,0.7,2.2,0.36,2.4,0.35
21.52,70.54,"DIORITE [25965]",75.2,130,13.3,45.7,7.7,2.49,6.5,1,5.2,0.9,2.5,0.35,2.1,0.32
37.1,85.5,"DIORITE [25974]",11.6897641006515,25.9504460985519,3.3431851064318,14.6783791297044,3.21076834265256,1.0929145598866,3.13280482764651,0.465049348206507,2.78451066007643,0.5559396035207,1.5512607195552,0.226485344490159,1.43333709065545,0.216573920928963
37.1,85.5,"DIORITE [25974]",14.4620491769487,32.5303537860638,4.33200832762284,18.8199554862978,4.20626778945444,1.28547876211808,4.08004206352019,0.590458130428086,3.54097428386182,0.711560661177574,1.96892014561137,0.283811017042997,1.81301652830565,0.276602754404384
37.1,85.5,"DIORITE [25974]",15.7879551636283,36.9901606748765,4.77132147763816,18.7240382547037,3.65026398449683,0.92888569271108,3.21645725576756,0.477931911311522,2.75822677904337,0.538132178512857,1.50038708195486,0.221834136055448,1.39167107157121,0.204624783953262
37.1,85.5,"DIORITE [25974]",21.1816514735271,47.7712283881709,5.98807710460177,24.7691140926932,4.70720881955187,1.27425861022006,4.07433243613633,0.596600447490954,3.35140945546373,0.646864523973681,1.81904140267489,0.259865943878042,1.64970414343623,0.249138505077183
37.1,85.5,"DIORITE [25974]",13.2913623442201,30.3655396503246,3.45782991669603,15.4595313514689,4.12876120769529,0.856746373177919,4.57660453707236,0.732014286405494,4.7939146023786,0.989284534538133,2.85450209819652,0.429483955434849,2.69544329818083,0.409306167466533
29.3,91.4,"DIORITE [25987]",17.0928535393384,37.063268590678,4.82966356458281,21.2514997851182,4.82915945770457,1.41117092422923,4.10572193813438,0.629729475702439,3.62657915926517,0.70568062395217,1.91085079271368,0.282261287905036,1.78918666083352,0.250326937660756
29.3,91.4,"DIORITE [25987]",23.8633088070757,47.2390869130455,5.80222387579745,24.9127200479734,5.48869100127686,1.54444330187855,4.63270853680356,0.701328743625238,3.89353539265285,0.768447344279574,2.06717242510362,0.301601463952785,1.80388531945621,0.254043183164703
54.5,-125.5,"DIORITE [8934]",12,30,4.7,20,4.7,1.3,4.2,0.64,3.4,0.71,2,0.35,2.2,0.34
54.5,-125.5,"DIORITE, QUARTZ [8934]",14,31,4.2,19,3.6,0.96,3.1,0.43,2.2,0.43,1.1,0.19,1.2,0.17
29.6,91.6,"DIORITE [25996]",25,56,6.9,27,4.8,1.3,3.9,0.54,2.5,0.47,1.4,0.19,1.3,0.19
29.6,91.6,"DIORITE [25996]",23,49,6.8,30,6.3,1.3,4.9,0.68,3.2,0.58,1.7,0.2,1.4,0.19
29.6,91.6,"DIORITE [25996]",23,49,6.7,30,6,1.3,5.1,0.71,3.2,0.57,1.7,0.2,1.4,0.19
29.6,91.6,"DIORITE [25996]",20,44,5.7,24,4.9,1,3.3,0.51,2.4,0.4,1.3,0.17,1.1,0.16
29.6,91.6,"DIORITE [25996]",29,67,8.5,34,6.2,1.3,4.6,0.65,3,0.56,1.7,0.21,1.4,0.2
29.6,91.6,"DIORITE [25996]",19.7,44,5.7,23,4.1,1.2,3.2,0.43,1.9,0.33,1.1,0.13,0.9,0.12
29.6,91.6,"DIORITE [25996]",31,63,7,28,5.1,1.1,3.7,0.56,2.3,0.4,1.3,0.15,0.97,0.18
29.6,91.6,"DIORITE [25996]",23,53,6.9,29,5.4,1.3,4.2,0.61,2.7,0.48,1.6,0.2,1.2,0.2
29.6,91.6,"DIORITE [25996]",19,41,6,26,5.7,1.5,4.6,0.61,3.1,0.58,1.6,0.24,1.4,0.22
29.6,91.6,"DIORITE [25996]",27,59,7,28,5.1,1,3.5,0.44,2,0.38,1,0.13,0.86,0.14
49,-118.5,"DIORITE [8937]",0.17,0.44,0.07,0.44,0.17,0.07,0.45,0.08,0.66,0.14,0.48,0.07,0.47,0.09
49,-118.5,"DIORITE [8937]",0.07,0.17,0.04,0.17,0.14,0.1,0.28,0.05,0.42,0.09,0.24,0.04,0.29,0.04
49,-118.5,"DIORITE [8937]",0.06,0.19,0.04,0.21,0.15,0.06,0.34,0.05,0.43,0.1,0.31,0.04,0.31,0.05
49,-118.5,"DIORITE [8937]",0.2,0.63,0.13,0.71,0.47,0.15,0.79,0.14,1.15,0.26,0.81,0.13,0.83,0.13
-27.77175,-67.98159,"DIORITE [26025]",13.4048694381841,29.6910334344222,3.6029497295347,13.826428507789,3.26789951387749,0.713869759939585,2.85996612718011,0.461210952078228,3.04446170514387,0.618958352735645,1.98445973253739,0.278446752203326,1.96051578972683,0.296987835107399
-30.258,-67.607,"DIORITE [26025]",16.6708136914824,43.608105547333,6.41681717391191,31.9440463885359,9.7944098100193,1.74146935843076,10.001664456745,1.64737270146176,9.9260332407186,1.91102239040326,5.41933717940531,0.72080392526009,4.22835541747618,0.577346697958972
-0.566,110.42,"DIORITE [26038]",13.48,27.72,3.54,14.36,3.25,1.03,2.77,0.41,2.25,0.43,1.12,0.16,1.03,0.16
-0.566,110.42,"DIORITE [26038]",34.93,77.68,9.98,41.75,9.09,2.33,8.54,1.34,7.59,1.48,3.92,0.54,3.29,0.53
-0.829,110.39,"DIORITE [26038]",27.38,53.27,6.32,24.67,5.32,1.54,4.52,0.65,3.71,0.71,1.83,0.26,1.57,0.25
24.1888,111.9373,"DIORITE [26045]",42.69,88.4,10.04,39.81,7.361,1.18,6.26,0.97,5.55,1.05,2.98,0.44,2.65,0.38
24.1888,111.9373,"DIORITE [26045]",53.43,105,11.39,38.77,7.213,1.78,6.81,1.05,5.69,1.17,3.3,0.48,3.05,0.47
34.8761,57.3699,"DIORITE [26062]",24.7,88.8,7.83,31.1,5.9,1.86,5.29,0.83,5.36,0.96,2.78,0.34,2.16,0.3
34.8736,57.3924,"DIORITE [26062]",23.3,66.4,7.91,32,5.75,1.81,5.48,0.86,4.84,0.9,2.41,0.31,1.98,0.29
34.8814,57.387,"DIORITE [26062]",23.7,65.7,7.83,31.1,5.9,1.86,5.29,0.82,5.36,0.96,2.78,0.34,2.16,0.3
34.8774,57.3703,"DIORITE [26062]",23.3,53.5,6.97,32.6,7.1,2.37,7.15,1.11,6.81,1.23,3.26,0.43,2.48,0.32
34.8736,57.3881,"DIORITE [26062]",24.6,62.9,7.56,30.1,5.87,1.72,5.36,0.77,4.98,0.91,2.64,0.35,1.92,0.28
34.8708,57.3909,"DIORITE [26062]",24.1,62.5,7.26,29.8,5.64,1.76,5.36,0.79,4.77,0.87,2.46,0.32,1.92,0.3
34.8564,57.3919,"DIORITE [26062]",28.2,91.5,10.61,42.3,5.56,2.07,7.12,1,5.8,1.13,3.19,0.38,2.44,0.32
34.8646,57.3858,"DIORITE [26062]",29.8,88.8,10.4,41.4,7.49,2.03,7.05,1.04,5.78,1.13,3.04,0.41,2.58,0.34
34.8833,57.362,"DIORITE [26062]",38.2,132.9,14.73,53.7,7.12,2.63,6.79,0.76,3.24,0.39,0.93,0.11,1.61,0.17
48.4,8.08,"DIORITE [26073]",45.8,97.39,11.09,39.75,6.74,1.39,5.36,0.66,3.26,0.62,1.76,0.24,1.56,0.23
48.4,8.08,"DIORITE [26073]",58.78,109.45,12.18,43.99,7.23,1.95,5.71,0.65,3.01,0.56,1.52,0.19,1.23,0.18
30.675,85.55,"DIORITE [26076]",36.3,73.5,9.42,37.6,6.99,1.73,6.12,0.96,5.39,1.06,2.87,0.52,3.25,0.46
30.675,85.55,"DIORITE [26076]",37.3,72.2,9.44,37,6.84,1.71,6,0.95,5.39,1.06,2.92,0.53,3.4,0.49
30.675,85.55,"DIORITE [26076]",41.1,81.1,9.86,38.2,6.97,1.61,6.14,0.97,5.47,1.07,2.91,0.52,3.31,0.47
30.675,85.55,"DIORITE [26076]",36.5,72.3,9.43,37.3,6.91,1.7,6.04,0.94,5.29,1.03,2.8,0.5,3.15,0.45
30.675,85.55,"DIORITE [26076]",35.7,69.8,9.07,35.4,6.55,1.58,5.76,0.92,5.21,1.02,2.8,0.52,3.24,0.46
30.675,85.55,"DIORITE [26076]",45.5,96.5,11,41.1,7.65,2.29,7.13,1,6.39,1.43,4.11,0.64,3.95,0.61
30.675,85.55,"DIORITE [26076]",42.3,83.4,10.1,38.2,8.31,2.13,6.21,0.83,5.58,1.23,3.32,0.46,3.55,0.49
30.675,85.55,"DIORITE [26076]",31.9,67.6,8.48,34.2,7.03,1.97,5.95,0.81,5.52,1.14,3.33,0.53,3.27,0.48
30.675,85.55,"DIORITE [26076]",44.6,94.2,10.5,40.1,7.73,2.27,6.4,0.82,5.57,1.2,3.32,0.54,3.29,0.49
30.675,85.55,"DIORITE [26076]",44.7,93.4,10.7,41.5,7.61,2.05,6.8,0.91,5.67,1.28,3.47,0.56,3.79,0.5
30.675,85.55,"DIORITE [26076]",50.1,101,11.2,43.2,8.02,2.13,6.97,0.95,6.31,1.33,3.62,0.55,3.82,0.56
30.675,85.55,"DIORITE [26076]",43.7,87.5,10.1,40.3,7.29,2.19,6.45,0.83,5.75,1.26,3.6,0.51,3.41,0.5
30.675,85.55,"DIORITE [26076]",42.4,86.5,9.96,37.9,6.88,1.8,5.99,0.76,5.42,1.16,3.09,0.47,2.97,0.44
30.675,85.55,"DIORITE [26076]",45.5,94.9,11,41.7,8.84,2.18,6.84,0.89,6.07,1.36,3.51,0.55,3.74,0.5
30.2,85.78,"DIORITE [26076]",30.6,65.4,7.68,28.8,5.77,1.15,4.82,0.71,4.36,0.84,2.19,0.33,1.99,0.3
30.2,85.78,"DIORITE [26076]",34.2,72.8,8.52,31.9,6.06,1.21,5.05,0.72,4.22,0.8,2.12,0.31,1.87,0.28
30.2,85.78,"DIORITE [26076]",32.7,66.2,8.25,32.3,5.96,1.6,5.22,0.79,4.41,0.83,2.2,0.39,2.4,0.34
30.2,85.78,"DIORITE [26076]",30.2,61.2,7.58,29.6,5.48,1.47,4.74,0.72,3.94,0.73,1.94,0.34,2.08,0.29
30.2,85.78,"DIORITE [26076]",37.6,74.2,9.04,34.4,6.18,1.56,5.33,0.8,4.29,0.81,2.16,0.38,2.34,0.33
29.4039,89.635,"DIORITE [26078]",22.7,48.2,5.99,25,5.57,1.54,4.94,0.73,4.22,0.84,2.28,0.34,2.23,0.33
29.4039,89.635,"DIORITE [26078]",23.99,50.52,6.72,28.02,5.71,1.63,5.24,0.79,4.49,0.93,2.47,0.36,2.37,0.35
29.4039,89.635,"DIORITE [26078]",20.24,44.94,5.82,25.43,5.2,1.36,4.81,0.73,4.02,0.83,2.2,0.33,2.04,0.3
29.4039,89.635,"DIORITE [26078]",23.43,52.59,6.85,27.74,5.93,1.54,5.27,0.83,4.56,0.95,2.55,0.38,2.32,0.37
29.4039,89.635,"DIORITE [26078]",25.53,56.37,7.38,30.16,6.19,1.74,5.57,0.9,4.96,1.05,2.87,0.41,2.64,0.4
29.4039,89.635,"DIORITE [26078]",31.75,67.78,8.79,37.4,7.39,2.14,6.75,1.03,5.93,1.22,3.23,0.48,3.12,0.45
29.4039,89.635,"DIORITE [26078]",30.46,66.1,8.42,35.05,6.82,1.7,6.44,0.91,5.47,1.1,2.93,0.45,2.7,0.45
29.4039,89.635,"DIORITE [26078]",22.29,47.72,6.14,26.3,5.17,1.36,4.48,0.73,4.13,0.83,2.07,0.3,1.86,0.3
29.4039,89.635,"DIORITE [26078]",25.3,54.21,7.2,28.01,5.81,1.44,4.96,0.81,4.59,0.95,2.42,0.38,2.24,0.35
29.4039,89.635,"DIORITE [26078]",29.92,63.75,8.4,33.58,6.81,1.73,5.93,0.96,5.51,1.13,2.93,0.43,2.65,0.42
29.4039,89.635,"DIORITE [26078]",25.01,55.63,7.03,28.6,5.89,1.41,5.3,0.81,4.51,0.93,2.4,0.38,2.3,0.38
29.4039,89.635,"DIORITE [26078]",24.46,56.76,7.21,30.33,5.65,1.62,5.27,0.83,4.46,0.93,2.48,0.38,2.41,0.36
29.4039,89.635,"DIORITE [26078]",24.78,54.22,7.23,28.46,5.8,1.48,5.19,0.78,4.55,0.93,2.46,0.38,2.3,0.36
28.3831,98.9978,"DIORITE [26081]",32.7,65.4,7.03,27,5.2,1.14,5.09,0.79,4.95,0.96,2.8,0.4,2.59,0.36
29.3417,99.07,"DIORITE [26081]",6.6,14.3,1.9,8.45,2.28,0.82,2.31,0.38,2.27,0.45,1.22,0.18,1.21,0.16
58,157.5,"DIORITE, QUARTZ [12935]",19.91,49.36,6.36,25.93,6.94,1.78,7.77,1.31,7.47,1.74,5.06,0.7,4.56,0.72
58,157.5,"DIORITE, QUARTZ [12935]",15.99,38.79,5.31,21.76,5.47,1.46,6.32,1.07,6.64,1.52,4.28,0.67,4.08,0.65
26.0759733333333,135.908851666667,"DIORITE [26097]",4.66522655401662,13.8182830536678,2.04302073208683,9.53941401497159,2.31907965723924,0.637190219111228,1.95402177818141,0.325381605704792,1.92699144622164,0.414636640547323,1.21223569320899,0.187058963969759,1.29542289977307,0.209569872083994
26.0759733333333,135.908851666667,"DIORITE [26097]",7.73289999225159,17.9371162840415,2.36949968933878,10.6186065304109,2.34878755530495,0.721304859721931,2.17398233405003,0.331604095825031,1.99300855723814,0.415404417906738,1.19566340849759,0.184031476130261,1.1984370026172,0.187987612070434
26.0759733333333,135.908851666667,"DIORITE [26097]",6.8799508421018,16.5176488306023,2.25904126421145,10.6107153594264,2.6167285368406,0.764294201466943,2.54374821033476,0.41042155009013,2.43334386603292,0.51498769435817,1.48859483692296,0.219930048879904,1.47004721545295,0.232068147775781
26.0962866666667,135.86712,"DIORITE [26097]",4.90602933692608,14.5435124352669,2.15907901340387,10.4693702670469,2.69610504662336,0.788132755904469,2.49119459251108,0.408887131776043,2.56842869563188,0.53399333712417,1.53974938138545,0.236549507538493,1.53476632281846,0.235457543170901
26.097315,135.866835,"DIORITE [26097]",9.80428305100947,23.8713135957163,3.31150133582837,15.4941240790793,3.72473684779569,1.02358743733332,3.54211127649031,0.54039185179535,3.37635015882976,0.692426803510495,1.96394028962716,0.303988267403317,1.95382087819955,0.302738304297658
26.097315,135.866835,"DIORITE [26097]",10.8457749038809,25.5938201326047,3.44897106550361,15.4873128757434,3.53729095799162,0.9895280475602,3.31008607275104,0.514072921121909,3.07991804248107,0.646311520057023,1.85225695532757,0.270276943779689,1.78912422080715,0.272301357433965
26.097315,135.866835,"DIORITE [26097]",9.08316735919812,21.7005282298709,2.9832311840541,13.7345880101775,3.30698659033083,1.02236724674205,3.08000994212984,0.494032308931692,2.91498236796024,0.617515580185085,1.74711641940885,0.254468003096446,1.66528562680169,0.251633961382312
26.097315,135.866835,"DIORITE [26097]",7.51596852871656,20.5773502748861,2.9441755367203,14.1082126592004,3.51404194343531,0.889111706661551,3.26076103332921,0.526939449873035,3.21943630028256,0.691399777930556,1.94968099606843,0.293754324830233,1.91906254638056,0.304921024307849
26.097315,135.866835,"DIORITE [26097]",9.58385937907893,23.5097470588503,3.24331031582123,15.1140966304971,3.56368455459573,1.05112667444079,3.37469314500278,0.537599662407053,3.23675862663333,0.662116701104918,1.87265459395088,0.286087994186682,1.84752481789243,0.286056044511459
26.097315,135.866835,"DIORITE [26097]",12.0871062190959,28.3770331403142,3.7541701534882,16.9395067950578,3.79415316717533,1.08175494431222,3.56569591830721,0.552931293408006,3.27048412308886,0.6847100888454,1.90633833799519,0.290875182193246,1.90173174757348,0.300075597508888
26.097315,135.866835,"DIORITE [26097]",7.2222829173165,20.9798896821386,3.12528750076208,14.9391502783373,3.75522976146797,0.871101088624221,3.50367156002955,0.589522359259627,3.63688062047342,0.769958539413315,2.24278346267526,0.335621740289794,2.25177194514284,0.362763837676895
26.097315,135.866835,"DIORITE [26097]",10.6602321824275,25.8600220951518,3.50920481679391,15.9589721640481,3.71508160951351,1.06734560584243,3.47603275582583,0.539542564548333,3.26400486988739,0.689320184930765,1.91005640896996,0.288442448833206,1.83215230658568,0.286502967785184
26.0996016666667,135.924998333333,"DIORITE, HORNBLENDE [26097]",9.05981497893001,22.1012579924068,3.16397058095452,15.2050144445023,3.80238017391588,1.19660627027806,3.75131975597605,0.555436574252234,3.32949182944919,0.710191724454064,1.99744973523913,0.303214649833407,1.89605775141149,0.302596174042568
42.4733,123.4907,"DIORITE [26101]",34.1,70.8,8.63,32.1,6.19,1.85,4.97,0.63,3.47,0.66,1.75,0.24,1.43,0.22
42.4733,123.4907,"DIORITE [26101]",32.1,64.8,7.88,32.2,6.06,1.93,5.63,0.7,3.93,0.77,2.05,0.27,1.7,0.22
42.47,123.4865,"DIORITE [26101]",37,76.8,9.21,32.4,6.01,1.38,4.89,0.65,3.76,0.73,2.05,0.3,1.9,0.29
42.47,123.4865,"DIORITE [26101]",37,73.5,8.7,33.5,6.01,1.5,5.45,0.72,4.36,0.88,2.41,0.35,2.33,0.31
42.17,123.5003,"DIORITE, QUARTZ [26101]",30.1,63.9,7.63,27.6,5.59,1.24,4.9,0.73,4.64,0.99,3,0.47,3.13,0.5
42.17,123.5003,"DIORITE, QUARTZ [26101]",30.7,61.9,7.41,29.6,5.72,1.42,5.91,0.88,5.42,1.17,3.53,0.57,3.91,0.57
42.4545,123.5003,"DIORITE [26101]",25.8,45.7,5.3,20.9,3.56,1.21,3.76,0.48,2.93,0.58,1.66,0.23,1.56,0.22
42.4545,123.5003,"DIORITE [26101]",26.6,47.1,5.37,20.5,3.7,1.23,3.63,0.5,2.93,0.57,1.71,0.24,1.56,0.23
42.4545,123.5003,"DIORITE [26101]",24.8,45,5.17,20.2,3.45,1.23,3.45,0.48,2.89,0.58,1.56,0.24,1.54,0.22
42.17,123.5003,"DIORITE [26101]",24.8,45.5,5.41,21.1,3.9,1.22,3.7,0.49,2.98,0.59,1.67,0.24,1.56,0.24
42.17,123.5003,"DIORITE [26101]",25.9,46.8,5.42,21.3,3.8,1.27,3.7,0.52,3.05,0.6,1.7,0.25,1.54,0.23
39,115,"DIORITE, BIOTITE-AMPHIBOLE [26112]",64.1,132,15.45,60.1,9.25,2.51,6.29,0.77,3.88,0.66,1.63,0.22,1.3,0.2
39,115,"DIORITE, BIOTITE-AMPHIBOLE [26112]",66.5,133.5,15.63,62.1,9.54,2.54,6.12,0.72,4,0.59,1.74,0.2,1.27,0.23
39,115,"DIORITE, BIOTITE-AMPHIBOLE [26112]",55.5,112,13.6,51.6,7.8,1.98,5.33,0.7,3.67,0.66,1.59,0.23,1.37,0.21
39,115,"DIORITE, BIOTITE-AMPHIBOLE [26112]",58.1,113,14,52.5,7.65,2.03,5.32,0.68,3.74,0.58,1.67,0.25,1.45,0.25
24.4209833333333,-98.9681833333333,"DIORITE [26118]",52.8,102,12.9,46.9,9,3.02,8.1,1.3,7,1.3,3.6,0.5,2.9,0.39
24.4504,-99.13175,"DIORITE [26118]",49.5,93.8,11.5,41.4,7.6,2.81,6.7,1,5.3,1,2.6,0.36,2,0.27
24.5895166666667,-99.2156666666667,"DIORITE [26118]",82.8,155,17.8,62.8,10.7,3.29,8.7,1.2,6.5,1.3,3.3,0.43,2.6,0.34
24.3637666666667,-99.0167666666667,"DIORITE [26118]",55.8,106,13.4,49.1,9.2,3.21,8.3,1.3,7,1.3,3.4,0.51,3,0.38
35.842637,119.090067,"DIORITE, PYROXENE [26132]",194,351,38,132,17.9,3.34,14.5,1.83,7.18,1.28,3.65,0.54,3.29,0.46
35.87,119.08,"DIORITE, PYROXENE [26132]",189,329,35.3,123,16.3,3.3,12.8,1.59,6.27,1.14,3.3,0.49,2.97,0.44
35.77,119.18,"DIORITE [26132]",103,154,17.7,65.8,10.3,2.4,8.67,1.26,5.66,1.02,2.77,0.42,2.6,0.37
35.77,119.18,"DIORITE [26132]",138,229,25.3,70.28,12.69,2.1,6.13,0.79,5.16,0.94,2.37,0.36,2.7,0.37
35.77,119.18,"DIORITE [26132]",103,179,19.9,60.83,12.1,2.3,8.7,1.25,6.41,1.05,2.38,0.35,1.71,0.36
50.6545,16.7855,"DIORITE [26159]",37.6,79.3,10.17,41.5,8.91,1.95,8.38,1.24,6.71,1.36,3.46,0.48,2.93,0.43
50.6545,16.7855,"DIORITE [26159]",37.9,79.5,9.94,41.4,8.97,1.92,7.98,1.2,6.44,1.25,3.54,0.51,3.18,0.45
50.6701666666667,16.834,"DIORITE, QUARTZ [26159]",44.4,86.4,11.01,42.8,8.38,1.78,7.25,1.06,5.09,1,2.69,0.37,2.34,0.33
50.6701666666667,16.834,"DIORITE, QUARTZ [26159]",47.1,95.2,11.65,44.7,9.16,1.95,7.86,1.09,5.49,1,2.74,0.41,2.26,0.34
-13.63,15.42,"DIORITE, AMPHIBOLE [26186]",23.9,51.7,7.27,33.4,6.19,1.76,5.16,0.79,4.08,0.82,2.19,0.35,1.98,0.3
-13.63,15.42,"DIORITE, AMPHIBOLE [26186]",15.2,40.2,4.42,19.3,3.71,1.05,3.61,0.58,3.69,0.7,2.09,0.33,2.06,0.31
-13.63,15.42,"DIORITE, AMPHIBOLE [26186]",9.4,24.3,3.33,15.3,3.18,0.85,3.08,0.55,3.15,0.66,1.89,0.3,1.79,0.27
-13.63,15.42,"DIORITE, AMPHIBOLE [26186]",14,31.9,4.24,20,4.01,1.25,3.44,0.51,2.75,0.51,1.45,0.21,1.26,0.18
34.9,117.5,"DIORITE [26212]",15.52301439,33.480511057,3.860623714,15.9,3.1,0.809504459,2.669106004,0.339120761,2.803997341,0.316058648,1.381258807,0.123969342,0.827832865,0.119555579
34.9,117.5,"DIORITE [26212]",15.108283463,33.98733279,4.121801169,17.4,3.5,0.773470047,2.938589034,0.372826699,3.06207432,0.339308172,1.473533554,0.12949071,0.858258551,0.122117985
34.9,117.5,"DIORITE [26212]",16,38,4.64,19.7,3.88,1.01,3.04,0.41,2.15,0.39,1.09,0.15,1.03,0.15
34.9,117.5,"DIORITE [26212]",26.375021425,57.099427649,6.829819175,26.3,4.5,1.404011044,4.067593316,0.515095959,4.398887275,0.509235339,2.316417746,0.214110045,1.451285109,0.216802814
34.9,117.5,"DIORITE, HORNBLENDE [26212]",19.557445526,42.351437896,5.093267994,19.469302634,3.673024634,1.158646179,3.296168219,0.419392523,3.610551765,0.420510433,1.889339528,0.175531171,1.179792707,0.174206979
34.9,117.5,"DIORITE, HORNBLENDE [26212]",28.246516016,58.496286873,6.885149094,25.519335722,4.570980813,1.363331636,3.9610763,0.499405063,4.340005904,0.504082476,2.282361436,0.211279019,1.446242412,0.213172281
34.9,117.5,"DIORITE, HORNBLENDE [26212]",17.6,39,4.61,18.5,3.5,1.04,2.85,0.4,2.18,0.42,1.2,0.18,1.19,0.18
34.9,117.5,"DIORITE, HORNBLENDE [26212]",21.6,47.7,5.57,21.3,3.9,1.14,3.12,0.41,2.21,0.41,1.19,0.17,1.17,0.18
34.9,117.5,"DIORITE, HORNBLENDE [26212]",29.5,62.2,7.1,28.1,4.65,1.29,3.57,0.47,2.55,0.48,1.4,0.2,1.39,0.21
34.9,117.5,"DIORITE, HORNBLENDE [26212]",29.5,62.7,7.32,29.3,5.01,1.41,3.88,0.52,2.78,0.52,1.53,0.22,1.5,0.23
33.5,112.3,"DIORITE, QUARTZ [26238]",18.7438501901307,44.6850494443913,6.57358357636003,29.7614266406198,6.02307964976378,1.59589821769352,4.74838392554338,0.615212001301878,3.35571289313456,0.585950408258036,1.61209322756204,0.244442366471658,1.38977019273976,0.196974368004298
33.5,112.3,"DIORITE, QUARTZ [26238]",22.3,37.9,5.38,19.9,3.48,1.00393748315417,2.88660143172099,0.37,1.64,0.314006604888465,0.95,0.13,0.87,0.14
33.5,112.3,"DIORITE, QUARTZ [26238]",24.1,41,5.92,21.8,3.87,1.08274287250978,2.96127880185948,0.41,1.79,0.340179839281303,1.05,0.14,0.92,0.14
33.5,112.3,"DIORITE, QUARTZ [26238]",19.7,34,5.16,20.1,3.74,1.02779529915647,2.89794210672982,0.39,1.75,0.324242859092332,0.97,0.13,0.84,0.13
33.5,112.3,"DIORITE, QUARTZ [26238]",20.4,35.2,5.02,19.2,3.5,1.02945631077501,2.76865608594003,0.37,1.62,0.309056414183537,0.93,0.12,0.84,0.12
33.5,112.3,"DIORITE [26238]",28.8,50.2,7.15,26.9,5.18,1.38325823805633,4.60294228677754,0.69,3.38,0.668626787923469,1.97,0.27,1.76,0.27
33.5,112.3,"DIORITE [26238]",20.9,36.1,5.25,20.9,4.06,1.40263596196711,3.6379228785177,0.53,2.63,0.517277541902657,1.49,0.2,1.3,0.19
-9.77665666666667,160.050748333333,"DIORITE [26260]",4.899,11.14,1.654,8.16,2.282,0.857,2.777,0.4506,3.04,0.6386,1.87404,0.2755,1.848,0.278
-9.76796333333333,160.053895,"DIORITE [26260]",5.219,12.03,1.787,8.616,2.47,0.8011,2.958,0.5074,3.496,0.7375,2.22615,0.3299,2.279,0.3382
-9.77122333333333,160.056546666667,"DIORITE, QUARTZ [26260]",5.515,12.97,1.898,8.881,2.431,0.7879,2.864,0.4829,3.28,0.6844,2.01566,0.297,1.977,0.2844
-9.80953333333333,160.08395,"DIORITE, QUARTZ [26260]",6.223,14.23,2.059,9.687,2.617,0.8034,3.066,0.5132,3.49,0.7345,2.16407,0.3203,2.147,0.3129
-9.79235833333333,160.076368333333,"DIORITE, QUARTZ [26260]",3.433,7.957,1.155,5.521,1.641,0.6493,1.968,0.3415,2.296,0.4914,1.46,0.2123,1.444,0.209
-9.77524166666667,160.054621666667,"DIORITE, QUARTZ [26260]",7.04,15.89,2.227,10.16,2.738,0.7805,3.089,0.5235,3.476,0.7331,2.177,0.3129,2.102,0.3039
-9.78434166666667,160.037238333333,"DIORITE, QUARTZ [26260]",3.809,8.481,1.3,6.559,1.945,0.6877,2.433,0.4097,2.813,0.5924,1.76443,0.2576,1.768,0.2595
-9.78600833333333,160.035471666667,"DIORITE, QUARTZ [26260]",5.189,12.15,1.701,7.543,1.923,0.6096,2.008,0.335,2.183,0.4571,1.338,0.1944,1.291,0.1909
-9.77102333333333,160.051726666667,"DIORITE, QUARTZ [26260]",7.936,17.88,2.585,11.78,2.88,0.8671,3.055,0.5005,3.226,0.6656,1.93224,0.2904,1.894,0.2862
-9.767945,160.053178333333,"DIORITE, QUARTZ [26260]",9.298,20.77,2.887,12.96,3.052,0.8586,3.157,0.5011,3.282,0.672,1.9594,0.2831,1.917,0.2788
-9.78481,160.04079,"DIORITE, QUARTZ [26260]",5.434,12.84,1.938,9.157,2.397,0.7984,2.671,0.4418,2.939,0.6123,1.79256,0.2641,1.769,0.2627
-9.77462166666667,160.04079,"DIORITE, QUARTZ [26260]",8.625,18.9,2.515,10.6,2.328,0.7961,2.362,0.373,2.438,0.5028,1.48507,0.2222,1.553,0.2322
36.067,102.617,"DIORITE [26263]",16.5,35.6,4.41,19,4.31,1.21,3.95,0.61,3.36,0.65,1.83,0.26,1.67,0.26
36.067,102.617,"DIORITE [26263]",21.7,48.2,6.19,26.8,6.06,1.51,5.4,0.8,4.47,0.88,2.5,0.35,2.35,0.36
36.067,102.617,"DIORITE [26263]",15.8,34.6,4.31,18.8,4.38,1.26,4.24,0.69,4.17,0.85,2.36,0.34,2.24,0.37
35.733,102.783,"DIORITE [26263]",35.1,68,7.75,31,6.24,1.49,4.91,0.73,3.98,0.78,2.09,0.3,1.86,0.3
35.733,102.783,"DIORITE [26263]",17.7,39.3,4.74,19.6,4.22,1.27,3.42,0.57,3.32,0.63,1.82,0.26,1.74,0.27
35.733,102.783,"DIORITE [26263]",20.2,38.8,4.41,17.2,3.44,1.1,3.01,0.44,2.72,0.54,1.52,0.22,1.39,0.21
35.733,102.783,"DIORITE [26263]",6.79,18.5,2.64,12.4,2.95,0.82,2.82,0.42,2.36,0.46,1.3,0.17,1.05,0.17
35.733,102.783,"DIORITE [26263]",13.4,25.6,2.77,10.9,2.29,0.89,2.29,0.33,1.99,0.44,1.29,0.19,1.2,0.18
35.733,102.783,"DIORITE [26263]",8.38,16.3,2.03,8.5,1.93,0.89,1.72,0.27,1.62,0.3,0.86,0.11,0.7,0.12
35.733,102.783,"DIORITE [26263]",13.1,28,3.57,15,3.22,1.16,3.23,0.54,3.13,0.64,1.86,0.26,1.67,0.28
53,59,"DIORITE [26285]",5.085,10.684,1.376,5.979,1.368,0.392,1.15,0.178,1.168,0.255,0.802,0.125,0.874,0.133
53,59,"DIORITE [26285]",5.57,12.272,1.624,6.73,1.44,0.453,1.204,0.182,1.216,0.274,0.899,0.13,0.973,0.152
53,59,"DIORITE [26285]",3.175,6.947,1.122,4.654,1.302,0.425,1.17,0.171,1.116,0.248,0.801,0.117,0.876,0.132
49.8352086666667,14.6267195,"DIORITE, QUARTZ-BIOTITE-AMPHIBOLE [26290]",15.9,33.9,4.34,17.5,4.2,1.5,4.19,0.69,3.96,0.77,2.29,0.346,2.25,0.343
34.5,111.25,"DIORITE [26299]",19.29,36.78,4.71,18.21,3.34,1.1,3.01,0.44,2.51,0.5,1.39,0.2,1.28,0.2
34.5,111.25,"DIORITE [26299]",22.44,46.01,5.46,22.2,4.35,1.41,3.71,0.52,2.67,0.56,1.49,0.21,1.28,0.19
34.5,111.25,"DIORITE [26299]",20.73,40.87,5.17,20.68,3.72,1.34,3.35,0.46,2.56,0.51,1.37,0.19,1.21,0.18
34.5,111.25,"DIORITE [26299]",18.13,34.8,4.34,17.01,3.03,1.11,2.75,0.38,2.13,0.43,1.2,0.17,1.07,0.17
34.5,111.25,"DIORITE [26299]",15.26,30.89,3.77,14.87,2.73,1.04,2.43,0.36,1.95,0.41,1.07,0.15,0.98,0.15
35.475477,97.571887,"DIORITE, QUARTZ [26314]",10.3,23.1,3.33,15.9,3.85,1.22,3.63,0.66,3.83,0.73,2.11,0.33,2.03,0.31
35.4824,97.5719,"DIORITE, QUARTZ [26314]",26.7,47.8,5.36,20.1,3.67,1.07,3.15,0.55,2.85,0.51,1.48,0.22,1.3,0.2
35.4824,97.5719,"DIORITE, QUARTZ [26314]",15,32,4.35,18.4,3.76,1.19,3.4,0.61,3.47,0.65,1.84,0.28,1.89,0.27
35.4824,97.5719,"DIORITE, QUARTZ [26314]",10,18.5,2.19,8.93,1.75,0.72,1.57,0.26,1.53,0.3,0.83,0.12,0.8,0.12
35.4824,97.5719,"DIORITE, QUARTZ [26314]",6.24,16.3,2.69,13.8,3.37,1.18,3.18,0.58,3.37,0.67,1.95,0.3,1.85,0.29
35.489233,97.571837,"DIORITE, QUARTZ [26314]",13.2,27.2,3.46,15,2.99,1.1,2.8,0.47,2.75,0.53,1.53,0.23,1.39,0.2
35.4824,97.5719,"DIORITE, QUARTZ [26314]",38.4,70.4,7.79,27.7,4.39,1.38,4.03,0.65,3.46,0.64,1.84,0.28,1.83,0.29
40.0241,37.1859,"DIORITE [26316]",0.948397166556299,2.27419626522492,0.291415699760632,1.16193506716823,0.322760129226601,0.140698152857625,0.393296202637069,0.079520577439497,0.575017924842909,0.132588745760823,0.445380993155425,0.0709881220175669,0.503008525881087,0.0829259828659364
35.2195,137.4601,"DIORITE, QUARTZ [26317]",18.01,46.9,5.41,26.51,6.15,1.82,7.35,0.9,6.85,1.32,4,0.55,3.76,0.5
27.5404166666667,115.856566666667,"DIORITE [26325]",46.9,87.8,10.1,39.3,7.5,1.5,6.68,1.12,6.37,1.19,3.37,0.547,3.38,0.498
27.5404166666667,115.856566666667,"DIORITE [26325]",49.3,91.8,10.8,42.1,7.88,1.6,7.07,1.2,6.53,1.26,3.61,0.577,3.64,0.538
27.5404166666667,115.856566666667,"DIORITE [26325]",43.2,80.7,9.48,36.7,6.78,1.29,5.95,0.988,5.23,0.977,2.58,0.429,2.87,0.403
69.4173,176.8271,"DIORITE [26331]",94.8,196.7,21.42,82.48,16.65,1.93,17.79,2.42,13.67,2.63,7.93,1.09,7.38,1.01
-13.3,-48.9,"DIORITE [26336]",22.6,51,6.96,26855,5927,3.03,7.35,0.98,5.49,1.15,3.08,0.36,2.37,0.35
43.15,83.38,"DIORITE [26390]",11.2,21.9,2.77,11.3,2.51,0.76,2.48,0.55,3.09,0.77,2.19,0.37,2.2,0.33
43.15,83.38,"DIORITE [26390]",10.5,21.2,2.83,12.4,2.97,0.92,2.8,0.535,3.09,0.672,1.83,0.315,2.01,0.284
43.15,83.38,"DIORITE [26390]",12.8,25.1,3.26,14.5,3.11,0.998,2.97,0.561,3.46,0.694,1.95,0.33,2.07,0.295
43.15,83.38,"DIORITE [26390]",13.7,27.4,3.47,15.2,3.45,1.15,3.37,0.681,3.7,0.766,2.19,0.367,2.2,0.331
43.15,83.38,"DIORITE [26390]",20,40.3,6.03,23.2,5.55,1.68,4.9,0.99,5.47,1.07,2.95,0.56,3.33,0.47
43.15,83.38,"DIORITE [26390]",17.1,34.9,5.25,22.3,4.93,1.48,4.34,0.9,4.99,0.98,2.68,0.51,3.01,0.42
43.15,83.38,"DIORITE [26390]",20.5,41.6,6.23,23.8,5.7,1.73,5.06,1.01,5.66,1.1,3.05,0.57,3.39,0.47
43.15,83.38,"DIORITE [26390]",18.3,36.2,5.44,22.5,5.06,1.55,4.47,0.92,5.05,1,2.81,0.52,3.14,0.44
43.15,83.38,"DIORITE [26390]",23.5,46.9,6.92,26.7,6.39,1.97,5.55,1.12,6.2,1.2,3.3,0.62,3.7,0.52
43.15,83.38,"DIORITE [26390]",18.4,37.8,5.61,22.9,5.35,1.58,4.68,0.96,5.33,1.06,2.94,0.55,3.31,0.47
43.15,83.38,"DIORITE [26390]",21.3,42.6,6.24,24.6,6,1.95,5.37,1.12,6.24,1.21,3.33,0.62,3.61,0.51
34,113,"DIORITE [26398]",41.8467269263667,90.2754877690479,11.3447740429617,49.51,9.07,2.17341315780258,7.12459734401882,1.04849050032714,5.68661145689928,1.13432283952897,3.13785517853567,0.446969796191307,2.81930396241727,0.448949182999723
29.6853,60.9094,"DIORITE [26400]",12.8,21,2.6,13.1,2.05,0.62,1.91,0.34,1.59,0.34,0.89,0.15,0.97,0.16
29.6853,60.9094,"DIORITE [26400]",18.3,28.2,4.01,15.1,3.1,0.76,2.58,0.43,2.42,0.41,1.2,0.2,1.34,0.15
42.13,92.52,"DIORITE [26407]",10.7,19.4,2.85,10.6,2.49,1.09,2.64,0.41,2.73,0.59,1.77,0.27,1.92,0.3
42.13,92.52,"DIORITE [26407]",8.37,17.3,2.82,11,2.68,0.99,2.8,0.43,2.67,0.55,1.68,0.25,1.58,0.26
42.18,112.92,"DIORITE, QUARTZ [26409]",9.28,20.4,2.93,14.1,3.28,0.96,2.85,0.52,3.15,0.6,1.67,0.3,1.82,0.24
42.18,112.92,"DIORITE, QUARTZ [26409]",10.4,20,3.72,18.7,4.75,1.36,4.25,0.83,4.92,0.97,2.69,0.48,2.9,0.38
42.18,112.92,"DIORITE, QUARTZ [26409]",19.7,37.6,4.89,21.1,4.18,1.21,3.52,0.6,3.44,0.7,1.87,0.34,2.07,0.26
42.18,112.92,"DIORITE, QUARTZ [26409]",34.4,58.6,7.55,31.8,5.92,1.96,5.03,0.85,4.87,0.93,2.55,0.43,2.63,0.37
29.6,114.4,"DIORITE, QUARTZ [26425]",35.7,67.5,7.8,28.9,5.54,1.5,4.16,0.58,3.04,0.57,1.52,0.22,1.37,0.21
29.6,114.4,"DIORITE, QUARTZ [26425]",37.1,68.2,7.81,28.4,5.48,1.46,4.22,0.61,3.32,0.65,1.82,0.27,1.69,0.26
29.6,114.4,"DIORITE, QUARTZ [26425]",33.7,62.9,7.22,27.5,5.07,1.41,4.56,0.6,3.11,0.61,1.64,0.25,1.52,0.26
29.6,114.4,"DIORITE [26425]",34.4,65,7.39,29.5,5.49,1.46,5.02,0.71,3.75,0.71,1.91,0.28,1.75,0.31
29.6,114.4,"DIORITE [26425]",34.6,66.5,7.73,31.1,6.21,1.77,5.97,0.85,4.71,0.93,2.59,0.37,2.34,0.37
36.9872,98.8958,"DIORITE [26438]",27.3,55.1,6.09,23.9,4.52,1.08,4.54,0.67,3.69,0.75,2.2,0.34,2.25,0.35
36.9872,98.8958,"DIORITE [26438]",25.7,52.4,6.06,23.3,4.56,1.07,4.62,0.69,3.69,0.75,2.27,0.34,2.29,0.36
36.9872,98.8958,"DIORITE [26438]",35.6,67.6,7.85,30.9,6.06,1.26,6.2,0.9,4.96,0.98,2.84,0.43,2.76,0.43
36.9872,98.8958,"DIORITE [26438]",41.7,80.4,9.53,38,7.43,1.49,7.16,1.08,5.64,1.09,3.09,0.45,2.89,0.45
36.9872,98.8958,"DIORITE [26438]",36.7,81.4,10.3,43.1,8.65,1.77,8.33,1.21,6.55,1.29,3.54,0.54,3.36,0.51
41.1311,117.8722,"DIORITE [26442]",14.9,29.9,4.22,19.6,3.61,1.52,2.95,0.42,2.22,0.41,1.21,0.17,1.17,0.19
41.1311,117.8722,"DIORITE [26442]",14.9,29.7,4.19,19.6,3.65,1.54,3.1,0.43,2.27,0.42,1.22,0.17,1.11,0.18
36.9372,96.5714,"DIORITE [26447]",23.97,49.76,6.048,26.11,5.362,1.378,5.205,0.7242,4.11,0.8236,2.309,0.3135,2.049,0.2934
36.9372,96.5714,"DIORITE [26447]",25.75,54.04,6.387,27.97,5.718,1.443,5.536,0.7464,4.278,0.8461,2.337,0.3251,2.097,0.2938
36.9372,96.5714,"DIORITE [26447]",23.56,48.45,5.943,26.11,5.376,1.419,5.194,0.7147,4.084,0.8064,2.23,0.3173,2.021,0.2837
36.9372,96.5714,"DIORITE [26447]",23.54,49.55,6.005,26.36,5.404,1.426,5.331,0.7179,4.156,0.8188,2.243,0.3137,2.007,0.285
36.9372,96.5714,"DIORITE [26447]",22.98,48.92,5.894,25.94,5.461,1.422,5.235,0.7404,4.238,0.8392,2.319,0.3203,2.128,0.2973
36.9372,96.5714,"DIORITE [26447]",27.05,58.03,6.669,28.61,5.973,1.598,5.837,0.7501,4.312,0.8451,2.361,0.3129,2.028,0.2836
36.9372,96.5714,"DIORITE [26447]",30.9,65.35,7.034,29.64,5.759,1.416,5.967,0.8477,5.097,1.038,2.887,0.3869,2.426,0.3288
36.9372,96.5714,"DIORITE [26447]",27.25,63.18,6.706,28.16,5.249,1.312,4.817,0.6468,3.736,0.747,2.067,0.2837,1.828,0.2538
36.9372,96.5714,"DIORITE [26447]",35.13,77.76,8.212,35.36,6.922,1.706,6.862,0.9669,5.66,1.138,3.126,0.4092,2.594,0.3573
36.9314,96.575,"DIORITE [26447]",33.53,70.44,7.965,34.16,6.689,1.57,6.037,0.8094,4.575,0.887,2.426,0.3428,2.192,0.2984
36.9314,96.575,"DIORITE [26447]",33.84,71.38,7.964,33.7,6.528,1.632,6.045,0.8177,4.617,0.8918,2.458,0.3373,2.206,0.3084
36.9314,96.575,"DIORITE [26447]",30.57,65.74,7.41,31.53,6.11,1.515,5.508,0.7671,4.327,0.8406,2.321,0.3234,2.084,0.286
36.9314,96.575,"DIORITE [26447]",31.75,67.41,7.635,32.94,6.401,1.61,5.944,0.7917,4.591,0.8835,2.432,0.3318,2.193,0.3001
36.9314,96.575,"DIORITE [26447]",31.88,68.5,7.687,32.91,6.38,1.583,5.907,0.7888,4.497,0.8749,2.428,0.3346,2.174,0.2997
36.9314,96.575,"DIORITE [26447]",27.63,65.61,7.371,31.51,6.247,1.56,5.891,0.7912,4.476,0.8748,2.429,0.3363,2.249,0.3147
36.9314,96.575,"DIORITE [26447]",32.68,68.2,7.204,29.97,5.452,1.371,4.595,0.5928,3.339,0.6631,1.829,0.2425,1.596,0.2263
36.9314,96.575,"DIORITE [26447]",25.13,53.86,5.789,24.01,4.447,1.315,3.793,0.5031,2.785,0.5538,1.546,0.223,1.46,0.2072
36.9314,96.575,"DIORITE [26447]",25.7,61.44,6.58,27.34,5.132,1.343,4.558,0.6011,3.29,0.675,1.84,0.2582,1.725,0.2376
36.9314,96.575,"DIORITE [26447]",36.42,71.14,7.6,31.3,5.517,1.401,4.658,0.5976,3.377,0.6556,1.81,0.2493,1.584,0.2164
36.9314,96.575,"DIORITE [26447]",34.8,68.85,7.407,30.13,5.334,1.348,4.627,0.5904,3.247,0.63,1.738,0.2296,1.569,0.2201
36.9314,96.575,"DIORITE [26447]",34.94,69.38,7.43,30.21,5.476,1.405,4.71,0.6013,3.306,0.6566,1.795,0.2443,1.649,0.2316
37.2372,96.0028,"DIORITE, QUARTZ [26447]",12.68,26.97,3.097,11.45,2.3,0.6914,2.208,0.3163,1.795,0.3798,1.113,0.1652,1.06,0.1792
37.2372,96.0028,"DIORITE, QUARTZ [26447]",9.256,21.18,2.539,9.89,2.061,0.6469,1.901,0.2877,1.638,0.3622,1.051,0.1592,0.995,0.1644
37.2372,96.0028,"DIORITE, QUARTZ [26447]",13.02,26.16,3.444,13.01,2.673,0.7594,2.482,0.365,2.074,0.431,1.256,0.1865,1.176,0.1915
37.2372,96.0028,"DIORITE, QUARTZ [26447]",11.64,25.59,3.023,11.05,2.061,0.667,1.847,0.2593,1.445,0.3086,0.91,0.1386,0.8857,0.1429
37.2372,96.0028,"DIORITE, QUARTZ [26447]",11.91,25.23,2.915,10.86,2.147,0.6842,1.991,0.2957,1.666,0.3623,1.048,0.1596,1.035,0.1687
37.2372,96.0028,"DIORITE, QUARTZ [26447]",14.8,28.73,3.691,13.86,2.72,0.7828,2.518,0.3816,2.107,0.455,1.308,0.1962,1.225,0.1971
29.45,89.15,"DIORITE [26466]",18.3,36.1,4.39,16.8,3,0.9,2.66,0.39,2.23,0.45,1.29,0.19,1.32,0.21
29.45,89.15,"DIORITE [26466]",19.2,38.5,4.64,17.8,3.07,0.88,2.8,0.42,2.28,0.46,1.4,0.2,1.38,0.22
29.45,89.15,"DIORITE [26466]",20,40.7,4.95,19.3,3.36,0.99,2.99,0.46,2.55,0.5,1.47,0.22,1.47,0.24
29.45,89.15,"DIORITE [26466]",18.8,37.5,4.56,17.3,3.02,0.89,2.76,0.42,2.3,0.47,1.38,0.21,1.43,0.23
29.45,89.15,"DIORITE [26466]",18.3,36.6,4.53,18,3.22,0.95,2.8,0.44,2.37,0.5,1.41,0.21,1.41,0.22
-73,165,"DIORITE [13387]",66,146,19.9,86,17.2,6.4,12.9,2.01,10.3,1.84,4.1,0.5,2.88,0.35
34.5,107.2,"DIORITE, QUARTZ [26469]",31.4,75.1,8.99,34.1,6.58,1.65,5.41,0.76,3.76,0.72,2.06,0.28,1.78,0.26
34.5,107.2,"DIORITE, QUARTZ [26469]",35.7,74.2,8.9,34.4,6.53,1.63,5.33,0.76,3.86,0.72,2.09,0.28,1.84,0.27
34.5,107.2,"DIORITE, QUARTZ [26469]",34.2,78.6,9.22,35,6.5,1.66,5.34,0.76,3.74,0.72,2.08,0.29,1.82,0.27
34.5,107.2,"DIORITE, QUARTZ [26469]",35.8,83.3,9.57,34.4,6.17,1.47,4.94,0.71,3.35,0.66,1.92,0.26,1.68,0.25
34.5,107.2,"DIORITE, QUARTZ [26469]",37.9,71.3,8.41,31.3,5.94,1.4,4.88,0.69,3.43,0.67,1.94,0.26,1.68,0.24
34.5,107.2,"DIORITE, QUARTZ [26469]",35.6,80.4,9.43,34.7,6.4,1.48,5.3,0.75,3.64,0.71,2.03,0.28,1.78,0.25
34.5,107.2,"DIORITE, QUARTZ [26469]",36.8,67.6,8.08,30.4,5.72,1.47,4.73,0.67,3.27,0.63,1.79,0.24,1.57,0.23
34.5,107.2,"DIORITE, QUARTZ [26469]",28.1,54.1,6.75,26,5.09,1.29,4.22,0.61,3.17,0.63,1.83,0.25,1.68,0.25
39.9,40.1,"DIORITE [26480]",27.6,57.8,7.37,32.6,6.89,2,6.11,1.06,6.35,1.2,3.62,0.52,3.71,0.53
39.9,40.1,"DIORITE [26480]",32.6,64,8.3,34.2,7.99,2.12,6.96,1.09,6.98,1.43,3.97,0.59,4.13,0.61
39.9,40.1,"DIORITE [26480]",20.2,42.3,5.24,23.5,5.1,1.53,5.02,0.75,4.47,0.97,2.75,0.39,2.5,0.4
39.9,40.1,"DIORITE [26480]",29,58.5,7.4,33.5,6.61,1.7,6.33,0.99,5.86,1.17,3.55,0.45,3.74,0.48
-38.8,-71.4,"DIORITE [26511]",16.3,37.2,4.71,18.3,4.42,1.03,4,0.66,3.71,0.82,2.35,0.36,2.3,0.35
37.7059,128.823,"DIORITE [26513]",42.5,76.9,8.12,29.3,4.4,1.21,3,0.4,2.3,0.4,1.2,0.17,1.1,0.19
37.6899,128.8842,"DIORITE [26513]",35.8,64,6.87,26.6,4.3,1.29,3.1,0.4,2.3,0.4,1.3,0.18,1.1,0.17
24.6,37.8,"DIORITE [26517]",5.485,14.754,2.214,10.442,2.864,1.013,2.797,0.459,2.87,0.593,1.64,0.252,1.586,0.233
24.6,37.8,"DIORITE [26517]",3.401,8.847,1.362,6.208,1.779,0.936,1.794,0.3,1.879,0.392,1.148,0.166,1.111,0.166
24.6,37.8,"DIORITE [26517]",4.251,11.282,1.657,7.775,2.129,0.838,2.224,0.362,2.226,0.469,1.342,0.2,1.321,0.195
24.6,37.8,"DIORITE [26517]",6.735,17.783,2.566,11.921,3.214,1.217,3.223,0.521,3.155,0.676,1.899,0.287,1.856,0.272
24.6,37.8,"DIORITE, QUARTZ [26517]",9.46,26.32,3.99,18.57,4.51,1.11,4.91,0.81,5,1.04,2.74,0.4,2.59,0.37
24.6,37.8,"DIORITE, QUARTZ [26517]",7.79,20.51,3.02,13.94,3.81,1.18,3.7,0.61,3.68,0.78,2.19,0.33,2.15,0.32
24.6,37.8,"DIORITE, QUARTZ [26517]",7.29,19.63,2.91,13.67,3.41,0.97,3.68,0.6,3.74,0.77,2.08,0.3,1.98,0.29
24.6,37.8,"DIORITE, QUARTZ [26517]",8.41,21.92,3.23,14.89,4.12,1.23,3.91,0.66,3.97,0.83,2.35,0.36,2.28,0.34
24.6,37.8,"DIORITE, QUARTZ [26517]",8.37,23.1,3.43,16.24,4.32,1.04,4.56,0.74,4.66,0.96,2.51,0.36,2.4,0.35
24.6,37.8,"DIORITE, QUARTZ [26517]",9.16,25.2,3.77,17.98,4.43,1.12,4.79,0.79,4.9,1.01,2.68,0.38,2.53,0.36
-41.5,-71.4,"DIORITE [26535]",11.5,25,3.22,13.6,3.23,1.31,3.5,0.53,3.09,0.62,1.8,0.3,1.87,0.32
-41.5,-71.4,"DIORITE [26535]",4.4,10.5,1.62,7.6,2.36,0.98,2.88,0.56,3.12,0.67,1.98,0.32,1.92,0.32
-41.5,-71.4,"DIORITE [26535]",6.8,14.8,1.93,8,2.25,1.03,2.26,0.41,2.25,0.51,1.44,0.22,1.32,0.23
-41.5,-71.4,"DIORITE [26535]",7,15,2.03,8.6,2.38,1.12,2.58,0.39,2.52,0.5,1.52,0.22,1.45,0.23
-41.5,-71.4,"DIORITE [26535]",12.6,32,4.71,22.5,5.91,2.23,6.28,0.96,5.93,1.21,3.45,0.48,2.88,0.48
32.6,107,"DIORITE, QUARTZ [26540]",29.2,58.7,6.87,27,5.81,1.85,5.31,0.98,6.5,1.29,3.75,0.59,3.67,0.57
32.6,107,"DIORITE, QUARTZ [26540]",19.3,37.4,4.57,19.5,4.91,1.88,5.28,0.86,5.39,1.13,3.19,0.48,3.06,0.47
32.6,107,"DIORITE, QUARTZ [26540]",38.2,69,7.69,29.1,5.5,1.99,5.07,0.74,4.47,0.93,2.61,0.38,2.48,0.39
32.6,107,"DIORITE, QUARTZ [26540]",36.8,67.1,7.5,28.6,5.35,1.87,4.74,0.7,4.19,0.88,2.5,0.38,2.38,0.38
32.6,107,"DIORITE, QUARTZ [26540]",31.9,58.5,6.77,26.4,5.4,1.92,5.31,0.82,5.18,1.09,2.91,0.42,2.68,0.43
32.6,107,"DIORITE, QUARTZ [26540]",23.1,42.4,5.22,20.7,4.47,1.57,4.32,0.71,4.53,1,3.22,0.51,3.14,0.51
32.6,107,"DIORITE, QUARTZ [26540]",27.9,55.8,7.2,31.4,7.54,1.68,7.77,1.19,7.42,1.48,4.24,0.6,3.55,0.51
32.6,107,"DIORITE, QUARTZ [26540]",22.7,43.4,5.52,22.8,5.29,1.54,5.34,0.85,5.63,1.2,3.25,0.47,2.79,0.44
-29.21,-67.11,"DIORITE [26543]",29.61,60.1,8.25,33.9,7.1,2.01,6.74,1.04,5.36,1.03,2.58,0.36,2.08,0.33
-28.1498483216454,-71.021170439452,"DIORITE [26546]",11.3,42.4,4.9,24,6.1,1.6,6.6,1.2,7,1.4,4.2,0.6,3.9,0.6
-28.1226619340644,-71.0561629165707,"DIORITE [26546]",9.8,36.1,3.6,19.7,4.5,1.1,4.2,0.6,3.6,0.7,2,0.3,1.8,0.3
-24.8694166666667,-68.09,"DIORITE [26562]",46,98,12.3,48.3,9.81,2.23,8.02,1.23,6.3,1.22,3.58,0.52,3.13,0.46
26.5,101.7,"DIORITE [26563]",42.9112446775871,105.827465658489,14.6700017895058,67.562652139497,14.6196621110081,6.03962836741419,14.125039199804,1.87012425236272,10.1325094524535,1.77740587550803,4.35015655975674,0.516326541875351,2.97947579512872,0.399866466681155
-46.63,-72.36061,"DIORITE [26576]",40.6,60.9,7.7,32.3,6.42,1.96,6.7,0.86,5.1,0.91,2.75,0.36,2.4,0.36
-46.61594,-72.26772,"DIORITE [26576]",22.8,25.6,3.8,16.4,4.3,1.42,4.6,0.65,4.1,0.88,2.6,0.38,2.6,0.38
-47.11268,-71.85264,"DIORITE, QUARTZ [26576]",51.1,74.5,9,34,6.6,1.86,6.3,0.71,4.33,0.81,2.34,0.34,2.2,0.38
-47.08499,-71.8839,"DIORITE, QUARTZ [26576]",44.8,66,8.2,32.4,6.1,1.9,5.7,0.72,4.4,0.85,2.7,0.4,2.6,0.42
-51.229,-73.161,"DIORITE, QUARTZ [26576]",45.5,67.9,8.9,35.5,7.3,1.8,6.9,0.95,5.6,1.04,3.17,0.45,2.9,0.47
-51.349,-73.153,"DIORITE [26576]",49.4,90.5,10.8,41.8,9.4,2.4,9.2,1.239,7.5,1.37,3.84,0.5,3.4,0.46
-51.349,-73.153,"DIORITE [26576]",51.2,95,11.479,45.4,9.75,2.783,10,1.39,8.1,1.57,4.19,0.61,3.83,0.53
-50.981,-73.048,"DIORITE [26576]",44,80,9.2,36,7.3,1.63,5.5,0.85,5.1,1.02,2.8,0.4,2.5,0.37
-50.978,-73.053,"DIORITE [26576]",40.8,78,9.2,35.7,6.6,1.56,4.4,0.7,4.1,0.84,2.3,0.33,2.2,0.32
-18.2417,12.0325,"DIORITE, QUARTZ-BIOTITE-AMPHIBOLE [26580]",26.3,51.2,6.63,26.3,4.79,1.27,4.08,0.59,3.26,0.61,1.64,0.25,1.62,0.25
-18.2391,12.0269,"DIORITE, QUARTZ-BIOTITE-AMPHIBOLE [26580]",10.9,30.8,5.6,26.3,6.81,1.64,6.64,1,6.09,1.15,3.26,0.46,2.94,0.42
-18.1979,11.9876,"DIORITE, QUARTZ-BIOTITE-AMPHIBOLE [26580]",22.42,49.33,6.43,26.97,5.58,1.84,4.29,0.57,2.73,0.39,0.97,0.08,0.54,0.06
22.0475,77.86,"DIORITE [26581]",59.8,113.3,13.5,51.3,9.65,1.81,8.06,1.24,6.72,1.26,3.42,0.53,3.32,0.5
22.0475,77.86,"DIORITE [26581]",51.1,104.2,13.2,52.2,10.73,3.05,10.23,1.78,10.08,2.05,5.16,0.95,6.11,0.95
36,96,"DIORITE, QUARTZ [26584]",23.41,50.44,5.54,21.44,4.01,1.06,3.34,0.47,2.5,0.48,1.33,0.18,1.2,0.18
36,96,"DIORITE, QUARTZ [26584]",23.57,49.98,5.55,21.62,4.18,1.12,3.43,0.49,2.63,0.49,1.36,0.2,1.22,0.19
36,96,"DIORITE, QUARTZ [26584]",23.89,51.05,5.68,22.03,4.16,1.08,3.48,0.49,2.71,0.5,1.32,0.18,1.19,0.2
36,96,"DIORITE, QUARTZ [26584]",24.42,47.72,5.71,21.55,4.2,1.04,3.42,0.51,2.79,0.51,1.42,0.21,1.21,0.2
36,96,"DIORITE, QUARTZ [26584]",24.6,48.15,5.5,20.7,3.97,1.07,3.36,0.47,2.63,0.5,1.31,0.2,1.2,0.19
36,96,"DIORITE, QUARTZ [26584]",24.1,47.55,5.59,21.97,4.11,1.19,3.42,0.48,2.74,0.51,1.39,0.2,1.27,0.18
29.6,91.6,"DIORITE [26586]",12.7,24.9,3.28,13.2,3.38,0.84,2.91,0.6,3.39,0.79,2.26,0.35,2.28,0.37
29.6,91.6,"DIORITE [26586]",16.2,38.2,5.05,17.8,3.81,1.3,4.32,0.84,4.74,1.04,2.95,0.48,1.48,0.47
29.6,91.6,"DIORITE [26586]",18.2,33.2,4.32,17.2,3.98,1.14,3.52,0.7,4.04,0.86,2.6,0.41,2.48,0.46
29.6,91.6,"DIORITE [26586]",20.1,56,7.26,18.9,3.74,1.48,4.71,0.8,3.61,0.65,1.93,0.26,2.3,0.24
29.6,91.6,"DIORITE [26586]",14.3,28,3.81,15.3,3.5,1,3.14,0.59,3.44,0.73,2.07,0.34,1.61,0.34
29.6,91.6,"DIORITE [26586]",17.6,35.4,4.54,18.8,3.71,1.12,3.53,0.55,2.95,0.63,1.73,0.24,2.58,0.24
29.6,91.6,"DIORITE [26586]",14.4,28,3.64,14.9,3.66,1.02,2.96,0.66,3.61,0.75,2.23,0.34,2.28,0.37
29.6,91.6,"DIORITE [26586]",17,33.1,4.35,15.6,3.91,1.05,3.61,0.75,4.59,0.9,2.87,0.47,2.84,0.5
29.6,91.6,"DIORITE [26586]",16.5,32.3,4.03,17.2,3.83,1.1,2.85,0.55,3.08,0.66,1.76,0.23,1.64,0.24
29.6,91.6,"DIORITE [26586]",16.12,30.56,4.04,16.6,3.77,1.13,3.46,0.64,3.67,0.78,2.26,0.34,1.43,0.37
41,109.8,"DIORITE [26593]",102,231,25.16,95.77,15.56,2.76,10.79,1.41,6.89,1.25,3.21,0.45,2.56,0.38
41,109.8,"DIORITE [26593]",94,237,23.5,89.9,14.9,2.67,10.6,1.4,7.01,1.28,3.3,0.47,2.69,0.4
41,109.8,"DIORITE [26593]",81.3,200,20.6,79.3,13.2,2.45,9.47,1.27,6.27,1.16,2.99,0.41,2.42,0.36
41,109.8,"DIORITE [26593]",90.5,194,22.7,86.8,14.2,2.62,9.99,1.32,6.46,1.18,3.05,0.42,2.47,0.37
41,109.8,"DIORITE [26593]",93.7,224,23.5,89.5,14.7,2.68,10.35,1.37,6.71,1.22,3.14,0.43,2.51,0.37
41,109.8,"DIORITE [26593]",98.6,215,25.2,96.4,16,2.83,11.41,1.51,7.51,1.37,3.55,0.49,2.89,0.42
41,109.8,"DIORITE [26593]",96.1,238,23.9,91.6,15.1,2.74,10.7,1.4,6.91,1.27,3.22,0.45,2.57,0.38
36.866,137.589,"DIORITE [26616]",20.5,37.1,3.9,14.6,2.8,0.97,2.8,0.5,2.9,0.6,1.7,0.28,1.8,0.28
36.866,137.589,"DIORITE [26616]",17.7,38.3,4.83,19.1,4.5,1.41,4.4,0.8,4.6,0.9,2.5,0.38,2.4,0.35
35.3248,133.4449,"DIORITE [26616]",11.3,23.5,2.94,11.9,2.9,0.83,2.6,0.4,2.6,0.6,1.5,0.25,1.5,0.25
36.4347,129.4339,"DIORITE [26616]",18.1,35.5,4.26,16,3.3,0.82,2.9,0.5,2.8,0.6,1.7,0.27,1.9,0.3
0.428333333333333,-77.5365,"DIORITE, QUARTZ [26615]",29.1013333333333,54.7926666666667,6.12833333333333,24.5913333333333,4.88066666666667,0.959333333333333,4.22666666666667,0.654666666666667,4.00233333333333,0.819666666666667,2.245,0.350333333333333,2.40433333333333,0.336333333333333
4.77416666666667,-74.9596666666667,"DIORITE [26615]",10.5996666666667,21.6543333333333,2.71233333333333,12.5893333333333,2.993,1.00733333333333,3.10933333333333,0.554,3.18933333333333,0.714333333333333,2,0.281666666666667,2.01166666666667,0.31
35,47.8,"DIORITE [26636]",31.9940714719065,71.8510466962276,9.11048346550512,37.3867489964023,8.27650860516102,1.85125237001793,8.75675472071908,1.34210245086774,8.91734457273968,1.81481417578437,5.30225929678865,0.762139361753157,4.9321278367581,0.772399246350585
35,47.8,"DIORITE [26636]",32.5742668788925,92.663678546531,12.4307422209931,50.0564779493971,11.5150214289643,1.25391517020417,12.78085872727,2.21957769433452,16.0828332038746,3.53729775392877,11.2518516036104,1.71544916411161,11.3692134723599,1.68849897699825
35,47.8,"DIORITE [26636]",45.0802294828387,90.8908295284749,10.2250897815717,37.1139205615157,7.16880516091181,0.612264950160094,7.02796105265782,1.10180435403431,7.62639581328264,1.54910077944777,4.69151467236233,0.716149956644296,4.89660910509872,0.807518192254169
41.0334,105.7511,"DIORITE [26646]",11.3,23.7,2.96,11.9,2.7,0.82,2.63,0.41,2.53,0.54,1.6,0.25,1.63,0.25
41.0334,105.7511,"DIORITE [26646]",16.4,33.9,4.13,16.6,3.64,0.9,3.22,0.53,3.26,0.68,2.01,0.31,2.03,0.31
41.0334,105.7511,"DIORITE [26646]",16.2,32.8,4.03,16.1,3.64,0.91,3.25,0.53,3.21,0.68,1.96,0.31,2.04,0.31
41.0334,105.7511,"DIORITE [26646]",17.4,35.5,4.23,16.9,3.88,0.94,3.36,0.55,3.31,0.7,2.09,0.32,2.07,0.32
41.0334,105.7511,"DIORITE [26646]",15,31.7,3.96,15.9,3.54,0.86,3.2,0.53,3.16,0.67,2.01,0.31,2,0.31
-29,-70,"DIORITE [26655]",23.6,52.2,5.3,20.7,3.8,0.98,2.8,0.39,2,0.375,1.1,0.15,0.98,0.14
-29,-70,"DIORITE [26655]",21.6,44.3,5.1,21.1,4.3,1.34,3.9,0.61,3.4,0.66,1.9,0.28,1.7,0.26
-29.3,-70,"DIORITE [26655]",36.8,70.3,7.5,25.5,4.5,0.79,3.4,0.53,3.2,0.658,2,0.31,2.1,0.35
-29.3,-70,"DIORITE [26655]",18.3,37.2,4.5,15.9,3.3,1,3,0.42,2.5,0.516,1.5,0.22,1.4,0.22
-29.3,-70,"DIORITE [26655]",14.5,30.4,4,17.2,3.6,1.11,3.2,0.47,2.9,0.564,1.5,0.23,1.5,0.21
-31.3826557444705,-71.0887580899976,"DIORITE [26672]",7.46,15.9,2.26,9.61,2.74,0.863,2.58,0.46,2.91,0.58,1.65,0.256,1.74,0.29
-33.8066758877692,-71.1531305360645,"DIORITE [26672]",6.11,14.2,2.02,8.96,2.31,0.748,2.55,0.44,2.71,0.56,1.73,0.258,1.68,0.277
-31.3717556379878,-71.0964990351903,"DIORITE [26672]",7.7,16.9,2.26,10.4,2.58,0.845,2.57,0.43,2.77,0.55,1.67,0.237,1.66,0.263
-28.6647337902307,-70.8265773603098,"DIORITE [26672]",12.2,33.4,4.6,19.5,4.83,1.41,4.64,0.76,4.67,0.95,2.84,0.433,3.05,0.502
-28.6929566454317,-70.9640568578139,"DIORITE [26672]",4.22,12.4,2.06,10.5,3.39,1.12,4.28,0.81,5.27,1.08,3.16,0.46,3.11,0.502
-27.5160504821131,-70.3523710397793,"DIORITE [26672]",25.5,57.8,7.71,33,7.4,1.69,6.38,0.98,5.52,1.06,3.08,0.452,2.91,0.449
-27.5051360115205,-70.3682117906488,"DIORITE [26672]",22.4,51,6.99,30.2,7.06,1.86,6.2,0.94,5.32,1.06,2.89,0.411,2.77,0.467
-25.7505665046031,-69.9633264411903,"DIORITE [26672]",7.71,16.9,2.17,9.29,2.27,0.852,2.37,0.37,2.33,0.46,1.38,0.224,1.59,0.259
-25.7620576884089,-70.0698024443552,"DIORITE [26672]",12.6,30.2,4.09,16.6,3.92,1.16,3.39,0.51,3.07,0.59,1.86,0.281,1.92,0.308
-25.7607984171112,-70.1599484605799,"DIORITE [26672]",20,45.4,5.92,24.2,5.64,1.16,5.26,0.87,5.2,1.05,3.04,0.455,3,0.473
1.06,-76.79,"DIORITE [26683]",29.2,57.1,7.12,28.5,5.34,1.4,4.86,0.76,4.16,0.85,2.48,0.39,2.49,0.39
-34.1228349954883,-70.347829804636,"DIORITE [26689]",12.5,37,5.05,20.5,4.27,1,3.54,0.52,2.81,0.51,1.49,0.22,1.42,0.22
-34.1185920345691,-70.3474263540173,"DIORITE [26689]",10.8,32.5,4.42,18.8,3.86,0.96,3.16,0.49,2.38,0.45,1.36,0.19,1.22,0.2
-34.1171792004121,-70.3553514286588,"DIORITE [26689]",7,24.4,3.55,17,3.48,1.11,3.07,0.48,2.51,0.44,1.36,0.19,1.2,0.18
-34.1127491427969,-70.3645179906934,"DIORITE [26689]",9.3,25.1,3.79,18,3.55,1.13,3.14,0.47,2.58,0.43,1.31,0.18,1.04,0.17
-34.1108238954372,-70.3600420237109,"DIORITE [26689]",8.5,25.7,3.79,18,3.71,1.19,3.23,0.5,2.46,0.5,1.32,0.2,1.23,0.2
-34.108855353906,-70.3562052064167,"DIORITE [26689]",6.1,22,3.25,15.3,3.36,1.01,3.09,0.46,2.43,0.49,1.33,0.2,1.12,0.19
-34.10386735441,-70.4146651237283,"DIORITE [26689]",7.6,36.5,4.93,22.1,3.8,0.96,3.48,0.52,2.74,0.55,1.63,0.25,1.45,0.23
-34.0948629849677,-70.3411209136524,"DIORITE [26689]",19.4,42.4,5.61,23.6,4.86,1.32,3.9,0.59,2.88,0.57,1.59,0.23,1.5,0.21
-34.0908423126863,-70.355473563099,"DIORITE [26689]",14.9,33.9,4.38,18.5,3.56,0.93,2.69,0.42,1.77,0.37,1.12,0.14,0.97,0.14
-34.0836521871607,-70.3851527703056,"DIORITE [26689]",18.2,42.4,5.41,22.1,4.57,1.11,3.79,0.57,2.77,0.52,1.45,0.23,1.49,0.22
-34.0836521871607,-70.3851527703056,"DIORITE [26689]",18.5,41.9,5.44,22.2,4.55,1.13,3.83,0.57,2.98,0.54,1.49,0.24,1.48,0.22
-34.0787445422519,-70.3740836729631,"DIORITE [26689]",11.5,26.7,3.7,15.5,3.8,1.18,3.47,0.56,2.83,0.54,1.48,0.21,1.34,0.19
-34.0716656143223,-70.4255295119557,"DIORITE [26689]",15.4,34.5,4.58,18.8,3.85,1.02,3.09,0.45,2.35,0.46,1.26,0.19,1.26,0.18
-34.0715854787546,-70.3747916332126,"DIORITE [26689]",12.7,29.3,4.06,18.3,3.95,1.12,3.45,0.53,2.76,0.58,1.48,0.23,1.45,0.2
-34.0715854787546,-70.3747916332126,"DIORITE [26689]",16.3,35.8,4.71,20,3.91,0.97,3.16,0.48,2.29,0.45,1.24,0.18,1.25,0.17
-34.0715854787546,-70.3747916332126,"DIORITE [26689]",18.7,40.7,5.17,22.1,4.1,1.06,3.09,0.45,2.2,0.44,1.19,0.18,1.18,0.16
-34.0715854787546,-70.3747916332126,"DIORITE [26689]",19.1,42.3,5.43,22.9,4.28,1.1,3.28,0.49,2.31,0.46,1.29,0.2,1.3,0.18
-34.0714847729204,-70.3389968142663,"DIORITE [26689]",14.8,30.6,4.15,18.2,4.59,2.13,4.66,0.76,4.03,0.85,2.17,0.31,1.95,0.29
-34.0710279482133,-70.3576176150481,"DIORITE [26689]",19.1,44.9,6.17,27.5,5.72,1.28,5.22,0.86,4.4,0.97,2.66,0.41,2.64,0.38
-34.0699781698665,-70.4240708564498,"DIORITE [26689]",18.3,41.4,5.53,22.1,4.51,1.05,3.61,0.54,2.75,0.52,1.42,0.23,1.41,0.21
-34.0696341864196,-70.3200040297742,"DIORITE [26689]",13.8,31.8,4.35,18.8,3.46,1.06,2.59,0.34,1.61,0.29,0.74,0.12,0.73,0.11
-34.0681228574794,-70.4160644885872,"DIORITE [26689]",17.7,39.3,5.27,21.5,4.24,1,3.46,0.51,2.65,0.52,1.42,0.23,1.32,0.22
-34.0662746785114,-70.3437476657992,"DIORITE [26689]",8.1,26.9,3.88,18.2,4.37,1.37,4.21,0.74,4.17,0.84,2.47,0.35,2.33,0.34
-34.0651856523995,-70.3501344208003,"DIORITE [26689]",8.6,20.1,2.88,13.3,3.15,1.03,3.23,0.53,3.02,0.58,1.71,0.25,1.57,0.24
-34.0597170543748,-70.3488341549731,"DIORITE [26689]",9.8,50.1,6.88,28,6.23,1.2,5.59,0.93,5.15,1.04,3.01,0.42,2.96,0.42
-34.0528996828815,-70.3597633858955,"DIORITE [26689]",11.4,27.3,3.94,18.2,4.44,1.26,4.34,0.69,3.75,0.72,1.96,0.29,1.88,0.28
-34.0528996828815,-70.3597633858955,"DIORITE [26689]",8.3,19.3,2.82,12.9,3.09,0.99,3.04,0.51,2.87,0.56,1.66,0.25,1.49,0.22
-34.0528996828815,-70.3597633858955,"DIORITE [26689]",21.8,48.5,6.32,25.6,5.57,1.13,4.94,0.8,4.41,0.92,2.58,0.42,2.63,0.41
-34.0361234163407,-70.3629863521121,"DIORITE [26689]",4.9,54.3,7.86,32,7.34,1.63,6.52,1.04,5.47,1.07,3.04,0.45,2.84,0.41
-34.035773703016,-70.3747651546933,"DIORITE [26689]",13.1,29.3,3.94,17.2,3.44,0.98,2.8,0.46,2.41,0.46,1.33,0.2,1.32,0.19
-34.035773703016,-70.3747651546933,"DIORITE [26689]",15.2,36.1,4.92,19.8,4.08,1.35,3.28,0.49,2.62,0.5,1.31,0.21,1.31,0.2
-34.035773703016,-70.3747651546933,"DIORITE [26689]",19.3,42.5,5.34,20.8,4.11,0.82,3.12,0.49,2.48,0.49,1.43,0.23,1.43,0.22
-34.0346519569415,-70.3631252928748,"DIORITE [26689]",1.5,29.7,4.28,18.1,3.96,0.97,3.66,0.59,3.25,0.63,1.88,0.29,1.78,0.26
56.641065,21.414313,"DIORITE, CLINOPYROXENE-OLIVINE-ORTHOPYROXENE [26717]",51.6,111,12.7,58,10.9,3.3,10.3,1.5,8.9,1.76,5,0.7,4.1,0.68
29.4,87.99,"DIORITE [26722]",18.5,38.3,4.61,18.9,3.45,1.11,3.12,0.44,2.56,0.45,1.28,0.17,1.18,0.17
29.4,87.99,"DIORITE [26722]",16.8,34.8,4.3,17.8,3.42,1,3,0.45,2.43,0.46,1.24,0.17,1.11,0.16
29.4,87.99,"DIORITE [26722]",17.1,34.4,4.12,16.8,3.25,1.04,2.78,0.38,2.22,0.4,1.16,0.16,0.97,0.15
29.4,87.99,"DIORITE [26722]",17.5,34.4,3.97,15.8,3.14,1.05,2.66,0.38,2.16,0.39,1.13,0.15,1.02,0.15
29.4,87.99,"DIORITE [26722]",19.6,40.7,4.74,18.6,3.89,1.15,3.07,0.46,2.62,0.47,1.31,0.18,1.2,0.18
12.3691,75.3812,"DIORITE [26741]",18.75,44.09,6.04,26.79,7.14,1.51,7.87,1.32,7.84,1.59,4.47,0.61,4.04,0.55
12.3692,75.3881,"DIORITE [26741]",50.44,99.77,11.65,46.6,9.98,1.76,9.41,1.38,7.69,1.44,3.75,0.47,2.87,0.37
12.3511,75.4028,"DIORITE [26741]",22.43,46.46,5.9,24.69,5.88,1.66,5.62,0.91,5.58,1.12,3.05,0.4,2.45,0.31
12.372,75.34,"DIORITE [26741]",39.32,83.46,10.13,39.59,7.46,1.89,6.17,0.92,5.22,1.02,2.85,0.39,2.52,0.36
36.4,45.9,"DIORITE [26742]",25.3,54.3,7.12,31.5,8.14,1.58,7.75,1.39,8.84,1.88,5.81,0.88,5.86,0.92
36.4,45.9,"DIORITE [26742]",29.8,61.4,7.54,30.4,7.41,1.52,6.64,1.16,7.08,1.46,4.52,0.71,4.46,0.73
36.4,45.9,"DIORITE, QUARTZ [26742]",31.5,63.4,7.65,29.3,7.06,1.39,6.25,1.11,6.42,1.32,3.94,0.63,3.92,0.61
36.4,45.9,"DIORITE, QUARTZ [26742]",33.5,66.4,7.82,29.1,6.63,1.36,6.01,1.03,5.83,1.18,3.61,0.55,3.45,0.52
9.288824,-79.406448,"DIORITE [26749]",4.635,10.556,1.855,10.23,3.617,1.132,5.001,0.905,5.857,1.293,3.67,0.54,3.243,0.472
33.5969,109.1622,"DIORITE [26784]",25.9,53.6,6.45,25.2,4.92,1.42,4.17,0.67,3.78,0.76,2.12,0.32,2.08,0.31
33.5969,109.1622,"DIORITE [26784]",27.3,55.6,5.8,20.9,3.81,1.1,3.32,0.45,2.74,0.53,1.6,0.23,1.5,0.23
33.5746,109.2677,"DIORITE [26784]",37.2,69.9,7.3,26.5,5.05,1.24,4.48,0.7,4.15,0.8,2.33,0.33,2.12,0.34
33.5746,109.2677,"DIORITE [26784]",25.8,54.6,6.09,24.1,4.77,1.39,4.08,0.6,3.42,0.66,1.83,0.26,1.63,0.25
32.9625,107.6411,"DIORITE [26784]",15.6,36,4.93,20.1,4.45,1.36,4.28,0.6,3.92,0.74,2.09,0.32,2.02,0.3
51.1243,14.3816,"DIORITE [26814]",20.7,43.7,5.41,23,5.3,1.83,5.9,1,5.9,1.1,3.2,0.45,2.9,0.43
51.0307,14.2906,"DIORITE [26814]",26.7,56.1,6.85,29.6,7.1,2.28,7.4,1.1,6.4,1.2,3.1,0.44,2.7,0.39
51.0544,14.5511,"DIORITE [26814]",17.9,38.6,4.87,21.2,5.5,1.69,6.3,1.1,6.2,1.1,3.1,0.44,2.8,0.39
50.9626,14.2417,"DIORITE [26814]",20.4,42.9,5.55,24,6.5,2.17,7.2,1.2,7,1.3,3.7,0.51,3.2,0.5
50.9434,14.2255,"DIORITE [26814]",17.1,38.6,5.18,23.6,6.6,2.06,6.8,1.1,6.5,1.2,3.3,0.44,2.8,0.41
32.152,108.3796,"DIORITE [26820]",30.87,68.26,7.99,31.27,6.84,1.75,7.53,1.37,8.34,1.68,4.65,0.68,4.35,0.64
32.152,108.3796,"DIORITE [26820]",30.61,69.54,8.45,33.5,7.56,1.87,7.26,1.23,6.93,1.32,3.65,0.54,3.5,0.51
41.3,107,"DIORITE [26826]",14.6716838113159,39.5605437858116,6.03744107404784,27.3251218723806,6.85835672493917,2.02301990291517,6.90942063045052,1.12536733116968,6.90383272284139,1.37013724412144,3.78908745599226,0.551612529261991,3.54439928786162,0.515905559288099
41.3,107,"DIORITE [26826]",14.4059644602965,38.8147176524303,5.86310923602088,27.0067936037237,6.70710161316351,2.01897827903747,6.79084783587475,1.11018287327341,6.75917791121474,1.35492927430171,3.73436565057234,0.545223555373438,3.49074940735343,0.515685612910336
41.3,107,"DIORITE [26826]",16.5432881270744,42.4614654757287,5.90034528637147,26.2348552668554,6.44635453977284,1.97831652700394,6.45215954296203,1.04450913924717,6.32232620661451,1.26961621467172,3.47562471571033,0.510590280574441,3.2250594550135,0.479304578098608
41.3,107,"DIORITE [26826]",14.4673334762014,38.3996626945404,5.73599691998732,26.3700582196492,6.65969919263092,2.03433836543852,6.76407792087632,1.09058326821603,6.67205437040262,1.34522649284799,3.68207301955116,0.538587478966874,3.43852988820642,0.507001891759391
41.3,107,"DIORITE [26826]",16.4458150909817,38.9777412233833,5.12448209799149,21.9426717037709,5.26656050379911,1.54560728727668,5.17122135608255,0.834085495038323,5.00914694516801,0.999583673797891,2.77315422141171,0.408319361179004,2.605273117565,0.379342641517107
41.3,107,"DIORITE [26826]",17.5976869785374,40.9659501865886,5.34075873302672,22.6347139612791,5.29010762027859,1.57697043251237,5.19466571061238,0.832893700854721,4.97595916010975,0.987159584704889,2.73016426533174,0.399085717128741,2.53017243606406,0.372883527929145
33.8783,117.015,"DIORITE [26876]",22.8065879476446,43.5339800212011,4.92000458101982,18.6755990138253,3.62604634651281,1.01142619314133,3.01342048137561,0.45049035750214,2.65463202196813,0.481514604120798,1.58875513261656,0.215873247906567,1.39669806303504,0.218746258936954
33.8783,117.015,"DIORITE [26876]",26.279306025192,47.4948911841985,5.25919788991166,20.0128010193347,4.12479072641813,1.14466996204759,3.08611528407762,0.435699015059179,2.60331910978858,0.473381625784074,1.43248795007621,0.206252559743632,1.29387065223613,0.202558597180351
33.8783,117.015,"DIORITE [26876]",18.39,37.77,4.87,18.36,3.4,0.94,2.86,0.44,2.39,0.47,1.3,0.2,1.3,0.21
-28.2999,-70.8005,"DIORITE [26938]",16.3,64.7,11.4,52.9,12.7,1.92,12.9,2.21,13.3,2.71,8.17,1.24,7.55,1.03
-28.2999,-70.8005,"DIORITE [26938]",4.3,11.4,1.79,9.1,2.34,0.367,2.64,0.47,2.88,0.62,1.92,0.32,2.2,0.324
-28.2999,-70.8005,"DIORITE [26938]",13.4,39.1,5.37,22.1,5.07,1.5,5.17,0.89,5.63,1.17,3.41,0.53,3.68,0.539
-28.2999,-70.8005,"DIORITE [26938]",12.5,26.4,3.28,14.3,3.49,0.842,3.77,0.68,4.21,0.89,2.88,0.5,3.45,0.518
-39.369,-70.9305,"DIORITE, QUARTZ [26945]",16,33.7,4.18,15.4,3.73,1.02,3.73,0.58,3.23,0.72,2.03,0.27,2.02,0.31
-41.372,-71.5112,"DIORITE, QUARTZ [26945]",11.5,25,3.22,13.6,3.23,1.31,3.5,0.53,3.09,0.62,1.8,0.3,1.87,0.32
-41.9478,-71.3918,"DIORITE, QUARTZ [26945]",12.6,32,4.71,22.5,5.91,2.23,6.28,0.96,5.93,1.21,3.45,0.48,2.88,0.48
29,113.5,"DIORITE [26952]",16.1907212406585,29.8290944462165,3.45333747663507,14.1666596703168,2.87621928098931,0.711834979061029,2.59869903769286,0.39086319068457,2.30276206291386,0.434705119349276,1.2040056474853,0.174622789720577,1.1337566233578,0.168326129528503
29,113.5,"DIORITE [26952]",13.1024335278764,25.9036931699322,3.20771556298731,12.6539195375911,2.7755023941201,0.651881416073288,2.48783867604716,0.384902552660013,2.26147204470195,0.441243091134865,1.18432414523632,0.169617567646337,1.09402146553628,0.161563145643094
29,113.5,"DIORITE [26952]",16.0859741924451,38.6832663506465,4.95424878682476,19.7279647138328,4.18132663496792,1.13972334330714,3.80782822268979,0.578063798605833,3.25339454694563,0.619889213468579,1.72996330565825,0.238819228671828,1.46448337995345,0.208457883848959
29,113.5,"DIORITE [26952]",35.2487044221514,65.5928491044015,8.06383626821132,31.2724481521276,5.86388353969142,1.56653252744718,4.97565880749923,0.676656018146582,3.60906277137231,0.617280095819365,1.51972984367732,0.211183276636556,1.16641195263537,0.180342319473671
29,113.5,"DIORITE [26952]",26.6847352385329,53.5922438110427,6.58590832629976,27.3170135546302,5.60983624172888,1.56690509427088,4.94554256582328,0.695081640841074,3.56496433466788,0.631670792981865,1.55405239127717,0.212703046785456,1.17556635338011,0.163687659934962
29,113.5,"DIORITE [26952]",20.7850806189895,45.8799207190123,6.19595103700117,25.4804988990827,5.02712027264284,1.35724341216603,4.04207291040862,0.564361158327302,3.03214920356509,0.515740322185251,1.26170620919934,0.177443610096874,1.04248348811499,0.136251839081876
29,113.5,"DIORITE [26952]",30.3037933733266,58.098970238095,6.78574920450374,26.4131478977607,5.13783230218636,1.30469903822909,4.06012635184368,0.576295585830803,3.02935615948542,0.539517661649985,1.33233880312627,0.173973633311079,1.02613126323345,0.153296861944994
29.335,90.2508,"DIORITE [26957]",27.1,56.2,6.28,23.6,5.27,0.927,4.53,0.75,4.31,0.88,2.51,0.38,2.46,0.407
29.8983,91.9267,"DIORITE [26957]",21.4,46,5.62,22.4,5.01,1.14,4.53,0.78,4.54,0.91,2.57,0.375,2.44,0.412
29.5367,90.9494,"DIORITE [26957]",17.6,34.3,4.09,15.6,3.22,0.987,2.87,0.49,2.81,0.57,1.63,0.25,1.71,0.302
29.2586,91.84,"DIORITE [26957]",15.9,33.4,4.11,16.4,3.4,0.91,3.07,0.52,3,0.61,1.79,0.267,1.82,0.309
29.3581,92.0317,"DIORITE [26957]",12.1,28.7,3.63,17.2,4.17,1.2,4.41,0.64,3.57,0.68,1.93,0.289,1.87,0.277
45.75,83.4,"DIORITE [26970]",12.9332570162827,30.2434108167089,4.31913030399323,17.0174239204418,3.8051601273206,1.51441587942173,3.60504168617499,0.574808064664782,3.32449681134759,0.668291670087113,1.92980720943971,0.287800922706632,1.76316205036205,0.267156396372073
45.75,83.4,"DIORITE [26970]",16.8264968999405,41.9682577175473,6.0865256596928,24.4000723099566,5.51640843079568,1.54954002350744,5.30942037537221,0.895107436666999,4.90832675847328,1.02417541677242,2.82394042426774,0.478573057416254,2.5189419244961,0.443666292895809
45.75,83.4,"DIORITE [26970]",19.5903094075975,48.4869340640548,7.39042959359617,30.6541062272864,7.086537475157,2.23515648368141,6.97994529624803,1.11535935674073,6.13975463136986,1.24757098658914,3.41451495843979,0.532457094602217,2.91375376366448,0.475731913927876
45.75,83.4,"DIORITE [26970]",13.2047054801854,33.8920481529559,5.2462689903101,22.6163445266757,5.39930740966383,1.74472338374445,5.30163799647329,0.842355039460627,4.68217001051226,0.949306245731672,2.59194933099337,0.406747603799746,2.22349984424331,0.36010431719952
45.75,83.4,"DIORITE [26970]",20.1462577329966,46.8151759251504,6.7944573309599,27.8993023461378,6.1725463382984,1.79263511602094,5.97295089764616,0.900617552879835,5.05694231083945,0.995972338102539,2.7920530114755,0.400860694278451,2.36423556512618,0.355830301816618
45.75,83.4,"DIORITE [26970]",20.4766898755651,41.9728687458008,5.52514956220477,20.5812421417343,4.09156259132936,1.23533545676742,3.75375456645219,0.569183564372024,3.24309785050882,0.646415818595129,1.86657579613731,0.281785032730839,1.71218385554371,0.262040316879531
36.1,96.7,"DIORITE [26977]",16.34,38.84,5.01,21.76,4.76,1.5,5.08,0.82,5.14,1.07,2.89,0.45,2.83,0.42
36.1,96.7,"DIORITE [26977]",16.92,40.32,5.13,22.27,4.79,1.56,5.17,0.8,5.15,1.07,2.87,0.44,2.83,0.43
36.1,96.7,"DIORITE [26977]",8.44,18.61,3.13,14.7,3.63,1.26,4.29,0.71,4.58,0.95,2.65,0.38,2.4,0.34
36.1,96.7,"DIORITE [26977]",6.39,14.29,2.36,11.49,3.1,1.12,3.77,0.65,4.09,0.85,2.33,0.34,2.15,0.29
36.1,96.7,"DIORITE [26977]",9.22,19.8,3.27,15.56,4.01,1.39,4.51,0.76,4.76,1.02,2.77,0.4,2.58,0.39
36.1,96.7,"DIORITE [26977]",7.06,15.64,2.46,11.49,3.09,0.95,3.48,0.61,4.04,0.83,2.37,0.32,2.24,0.33
36.1,96.7,"DIORITE [26977]",9.19,19.74,3.15,14.64,3.46,1.31,4.06,0.67,4.45,0.89,2.55,0.37,2.36,0.35
36.1,96.7,"DIORITE [26977]",10.52,22.55,3.44,15.61,3.72,1.32,4.31,0.7,4.49,0.94,2.63,0.38,2.48,0.39
36.1,96.7,"DIORITE [26977]",8.27,18.65,3.04,14.59,3.87,1.3,4.49,0.73,4.82,0.97,2.64,0.38,2.45,0.38
36.1,96.7,"DIORITE [26977]",7.24,16.24,2.69,13.33,3.69,1.34,4.5,0.75,4.81,0.97,2.54,0.37,2.43,0.36
36.1,96.7,"DIORITE [26977]",15.94,38.53,4.9,21.39,4.73,1.55,5.01,0.8,5.03,1.01,2.85,0.42,2.74,0.42
36.1,96.7,"DIORITE [26977]",6.71,16.25,2.28,11.03,3.21,1.14,3.69,0.67,4.02,0.85,2.34,0.33,2.03,0.3
36.1,96.7,"DIORITE [26977]",7.51,18.31,2.57,12.5,3.57,1.24,4.25,0.72,4.48,0.91,2.53,0.37,2.33,0.34
35.7354,98.1177,"DIORITE [26979]",11.17,31.98,4.916,22.22,5.726,1.2526,5.962,0.9482,6.074,1.2704,3.796,0.5418,3.764,0.5544
35.7797,98.1457,"DIORITE [26979]",17.69,52.08,7.79,33.56,7.828,1.595,7.764,1.2372,7.93,1.6596,5.086,0.7456,5.262,0.7834
35.7969,98.1501,"DIORITE [26979]",10.794,29.54,4.554,20.7,5.192,0.9498,5.256,0.8214,5.212,1.0836,3.258,0.471,3.28,0.4838
35.7971,98.3746,"DIORITE [26979]",34.98,73,8.1,29.32,5.508,1.07,4.818,0.675,3.956,0.776,2.24,0.3106,2.082,0.305
36.0286,98.5548,"DIORITE [26979]",24.8,58.54,7.508,28.76,6.184,0.839,5.95,0.9246,5.854,1.2236,3.732,0.5506,3.928,0.5922
36.3056,98.6417,"DIORITE [26979]",30.08,65.9,7.364,27.32,5.336,1.2152,4.892,0.692,4.106,0.8034,2.304,0.3186,2.162,0.3186
36.3056,98.6417,"DIORITE [26979]",22.82,46.44,5.182,18.864,3.758,0.9396,3.554,0.5264,3.212,0.6514,1.9242,0.2712,1.8828,0.2808
32.5,113.6,"DIORITE [26987]",19.5,33.7,5.13,20,4.42,1.23,4.45,0.78,4.37,0.93,2.72,0.39,2.53,0.39
29.3,91,"DIORITE [26992]",17.2,32.8,3.76,15,3,1.07,2.46,0.4,2.48,0.48,1.42,0.19,1.38,0.2
29.3,91,"DIORITE [26992]",16.8,33,3.9,14.7,2.98,0.96,2.55,0.42,2.55,0.51,1.48,0.18,1.3,0.22
29.3,91,"DIORITE [26992]",16.4,31.6,3.7,14.6,2.79,0.96,2.54,0.4,2.37,0.49,1.36,0.22,1.34,0.2
29.3,91,"DIORITE [26992]",17,32.6,3.78,14.8,3.01,1.01,2.79,0.4,2.42,0.51,1.46,0.21,1.42,0.22
29.3,91,"DIORITE [26992]",16.9,33.1,3.93,14.6,3.16,1.14,2.65,0.43,2.4,0.49,1.44,0.23,1.31,0.22
29.3,91,"DIORITE [26992]",16.7,32,3.8,15,3.21,1.1,2.87,0.4,2.56,0.51,1.43,0.21,1.36,0.23
29.3,91,"DIORITE [26992]",17.3,34.2,4.16,16.8,3.31,1.03,3.06,0.48,2.82,0.57,1.66,0.26,1.58,0.26
29.3,91,"DIORITE [26992]",14.8,30.9,3.93,16,3.64,0.78,3.49,0.54,3.36,0.69,1.9,0.33,1.86,0.3
29.3,91,"DIORITE [26992]",19.7,44.3,5.51,20.1,3.81,1.13,3.61,0.52,3.08,0.63,2.1,0.31,1.98,0.36
29.3,91,"DIORITE [26992]",16.4,33.5,3.79,15.3,3.25,0.89,3.17,0.46,2.59,0.48,1.61,0.21,1.48,0.29
40.4,118.5,"DIORITE [26997]",30.8,75.6,10.2,46.6,9.07,2.7,7.5,0.96,4.97,0.87,2.23,0.28,1.7,0.24
40.4,118.5,"DIORITE [26997]",19.4,52.6,7.44,35.3,7.53,2.28,6.62,0.9,4.8,0.87,2.35,0.3,1.8,0.27
40.4,118.5,"DIORITE [26997]",31.9,71.9,9.11,38.4,7.25,2,5.64,0.76,4.15,0.75,2.05,0.29,1.77,0.27
40.4,118.5,"DIORITE [26997]",30.9683222219237,74.8288823133242,10.1460351126016,46.3207699233945,9.25348543879667,2.74816529016618,7.35751356417304,0.945106390382274,4.64277736451529,0.878834551920417,2.25299777811324,0.277944487529157,1.67004127640658,0.239109417093959
35.2875,99.7875,"DIORITE, QUARTZ [26998]",28.28,53.9,6.05,20.93,3.81,0.84,3.19,0.49,2.71,0.5,1.4,0.22,1.44,0.21
35.2875,99.7875,"DIORITE, QUARTZ [26998]",22.58,45.86,5.4,20.35,4.27,1.02,3.94,0.61,3.66,0.66,1.78,0.26,1.65,0.25
35.2875,99.7875,"DIORITE, QUARTZ [26998]",21.79,44.56,5.29,20.74,4.26,1.15,3.67,0.61,3.62,0.73,1.96,0.3,1.98,0.28
35.2875,99.7875,"DIORITE, QUARTZ [26998]",35.95,81.7,8.36,29.42,5.57,1.17,4.85,0.74,4.1,0.77,2.09,0.3,2.02,0.28
35.2875,99.7875,"DIORITE, QUARTZ [26998]",22.39,43.94,4.9,17.71,3.53,1.32,2.92,0.43,2.53,0.5,1.37,0.21,1.42,0.2
35.2875,99.7875,"DIORITE, QUARTZ [26998]",26.49,53.21,6.08,22.51,4.45,1.15,3.82,0.58,3.57,0.68,1.85,0.26,1.9,0.27
35.2875,99.7875,"DIORITE, QUARTZ [26998]",28.41,55.49,6.28,23.47,4.57,1.14,3.99,0.62,3.54,0.68,2.01,0.26,1.95,0.27
35.2875,99.7875,"DIORITE, QUARTZ [26998]",26.95,53.78,6.12,23.07,4.49,1.1,3.91,0.56,3.48,0.68,1.93,0.27,1.86,0.27
35.2875,99.7875,"DIORITE, QUARTZ [26998]",27.27,54.63,6.18,22.84,4.52,1.08,3.86,0.62,3.46,0.71,1.93,0.26,1.91,0.28
35.2875,99.7875,"DIORITE, QUARTZ [26998]",10.38,24.17,3.54,16.23,4.18,0.97,4.13,0.59,3.53,0.71,1.93,0.27,1.72,0.26
35.2875,99.7875,"DIORITE, QUARTZ [26998]",17.22,41.01,5.34,21.73,4.64,1.1,3.92,0.59,3.5,0.66,1.79,0.28,1.77,0.27
35.2875,99.7875,"DIORITE, QUARTZ [26998]",18.87,40.58,4.56,17.78,3.89,1.06,3.53,0.54,3.15,0.64,1.8,0.27,1.75,0.26
35.2875,99.7875,"DIORITE, QUARTZ [26998]",27.52,54.68,6.24,22.95,4.56,1.09,4.01,0.58,3.58,0.69,1.85,0.28,1.84,0.29
35.2875,99.7875,"DIORITE, QUARTZ [26998]",27.58,53.47,6,22.62,4.33,1.08,3.88,0.59,3.29,0.64,1.77,0.26,1.8,0.24
35.2875,99.7875,"DIORITE, QUARTZ [26998]",26.31,52.14,5.98,22.66,4.61,1.15,4.22,0.64,3.6,0.71,1.96,0.29,2.01,0.29
35.2875,99.7875,"DIORITE, QUARTZ [26998]",20.74,43.3,5.29,20.6,4.38,1.1,4.34,0.66,3.74,0.74,2.04,0.3,1.95,0.29
35.2875,99.7875,"DIORITE, QUARTZ [26998]",24.81,50.52,5.95,23.08,4.87,1.22,4.44,0.7,3.78,0.79,2.1,0.3,1.99,0.3
35.2875,99.7875,"DIORITE, QUARTZ [26998]",23.08,46.49,5.32,21.15,4.23,1.17,3.78,0.61,3.43,0.73,1.92,0.28,1.79,0.26
35.2875,99.7875,"DIORITE, QUARTZ [26998]",29.31,58.22,6.51,24.55,4.82,1.11,4,0.64,3.28,0.64,1.57,0.23,1.43,0.22
35.2875,99.7875,"DIORITE [26998]",16.24,32.12,4.01,16.11,3.8,0.95,3.45,0.5,3.01,0.62,1.64,0.26,1.76,0.29
35.2875,99.7875,"DIORITE, QUARTZ [26998]",19.88,49.58,6.14,24.72,4.68,1.26,4.1,0.57,3.23,0.65,1.81,0.29,1.68,0.26
35.2875,99.7875,"DIORITE, QUARTZ [26998]",27.03,53.23,5.94,22.45,4.36,1.03,3.82,0.59,3.16,0.63,1.78,0.27,1.7,0.26
35.2875,99.7875,"DIORITE, QUARTZ [26998]",21,40,4.37,15.99,3.19,0.81,2.95,0.45,2.55,0.56,1.61,0.23,1.64,0.24
35.2875,99.7875,"DIORITE, QUARTZ [26998]",21.43,44.05,4.98,18.29,3.29,0.96,2.99,0.47,2.31,0.45,1.25,0.18,1.34,0.19
35.2875,99.7875,"DIORITE [26998]",12.33,26.09,3.33,14.02,3.2,1.03,3.23,0.51,3.04,0.63,1.83,0.29,1.82,0.27
35.2875,99.7875,"DIORITE, QUARTZ [26998]",27.08,53.03,6.05,22.49,4.42,1.17,4.08,0.6,3.44,0.7,1.92,0.29,1.88,0.28
35.2875,99.7875,"DIORITE, QUARTZ [26998]",25.19,51.28,6.12,24.03,4.77,1.31,4.26,0.67,3.9,0.8,2.25,0.34,2.06,0.32
35.2875,99.7875,"DIORITE, QUARTZ [26998]",18.23,36.29,4.31,16.85,3.56,0.95,3.27,0.55,3.17,0.67,1.89,0.29,1.85,0.27
35.2875,99.7875,"DIORITE [26998]",9.87,21.31,2.78,11.91,2.99,0.92,3.23,0.54,3.32,0.7,1.98,0.29,1.95,0.29
39.9888,104.9058,"DIORITE, QUARTZ [27009]",24.4,62.2,8.79,36.2,8.5,1.75,7.02,1.06,6.22,1.34,3.7,0.53,3.41,0.48
39.9888,104.9058,"DIORITE, QUARTZ [27009]",26.1,63.1,8.28,33.5,6.56,1.85,6.01,0.92,5.18,0.99,2.95,0.39,2.5,0.4
39.9888,104.9058,"DIORITE, QUARTZ [27009]",18.1,47.1,6.38,28.4,6.07,1.62,5.33,0.82,4.56,0.92,2.63,0.36,2.59,0.38
35.5,98,"DIORITE [27021]",35.6,81.9,11.4,44.2,11.1,1.49,10.4,1.73,9.85,2.12,5.88,0.89,5.59,0.78
35.5,98,"DIORITE [27021]",18.5,38.6,4.99,20,5.34,1.18,5.27,0.9,5.12,1.09,2.97,0.44,2.86,0.42
35.5,98,"DIORITE [27021]",19.8,48.1,6.25,23.7,5.26,1.15,4.97,0.79,4.38,0.92,2.59,0.4,2.58,0.38
35.5,98,"DIORITE [27021]",51.9,126,16.42,64,11.2,2.02,9.24,1.32,6.96,1.41,3.85,0.59,3.64,0.53
35.5,98,"DIORITE [27021]",25,63,8.87,36.3,9.26,1.49,8.78,1.44,8.35,1.77,4.9,0.74,4.63,0.65
35.5,98,"DIORITE [27021]",23.6,63.6,9.18,36.2,8.35,1.42,7.53,1.16,6.89,1.48,4.31,0.68,4.46,0.67
35.5,98,"DIORITE [27021]",22.7,60.4,9.12,38.9,10.8,1.37,10.5,1.8,10.3,2.19,6.16,0.93,5.67,0.79
35.5,98,"DIORITE [27021]",41.8,85.6,10.6,37.5,7.72,1.25,6.67,1,5.45,1.13,3.1,0.46,2.86,0.41
35.5,98,"DIORITE [27021]",25.6,69,10.5,43.1,11.5,1.5,10.9,1.8,10.1,2.11,5.65,0.82,4.9,0.67
35.5,98,"DIORITE [27021]",28.1,65.9,9.03,36.9,9.46,1.5,9.09,1.49,8.49,1.78,4.78,0.7,4.23,0.59
35.5,98,"DIORITE [27021]",26.1,49.5,5.6,19.8,4.01,1.31,3.74,0.55,3.13,0.64,1.71,0.26,1.65,0.25
35.5,98,"DIORITE [27021]",28.9,53,5.65,19,3.66,1.1,3.35,0.52,3.11,0.73,2.32,0.41,3.11,0.58
35.5,98,"DIORITE [27021]",20,50.3,7.02,27.9,6.57,1.68,5.62,0.83,4.2,0.84,2.25,0.33,2.14,0.32
35.5,98,"DIORITE [27021]",62.9,113.9,11.99,36.6,5.82,1.16,4.97,0.66,3.39,0.69,1.85,0.28,1.76,0.27
35.5,98,"DIORITE [27021]",56.8,103.8,11.04,34.7,5.86,1.14,5.08,0.69,3.6,0.73,1.91,0.27,1.83,0.27
43.6,82.6,"DIORITE [27029]",7.5,17.4,2.16,9.99,2.5,0.96,2.93,0.47,3.34,0.7,1.98,0.34,1.98,0.29
43.6,82.6,"DIORITE [27029]",5.99,14.9,2.02,9.65,2.61,0.91,2.97,0.46,3.15,0.66,1.91,0.3,1.83,0.31
43.6,82.6,"DIORITE [27029]",5.13,12,1.58,7.43,2.01,0.73,2.48,0.4,2.63,0.55,1.59,0.25,1.61,0.24
43.6,82.6,"DIORITE [27029]",5.71,13.4,1.76,8.3,2.22,0.77,2.46,0.41,2.78,0.56,1.67,0.26,1.61,0.24
43.6,82.6,"DIORITE [27029]",4.53,15,2.37,11.2,2.96,1.32,3.21,0.54,3.67,0.8,2.29,0.37,2.57,0.45
43.6,82.6,"DIORITE [27029]",7.15,19,2.77,14.3,4.08,1.58,5.08,0.82,5.56,1.2,3.56,0.54,3.59,0.5
43.6,82.6,"DIORITE [27029]",14.8,28.7,3.49,15.8,3.97,1.54,4.63,0.75,5.17,1.06,3.19,0.48,3.25,0.5
43.6,82.6,"DIORITE [27029]",5.47,18.7,3,16.7,4.95,1.29,6.02,0.99,6.52,1.37,4.2,0.66,4.07,0.62
43.6,82.6,"DIORITE [27029]",11.8,29.6,3.96,18.5,4.82,1.37,5.09,0.89,5.52,1.15,3.56,0.53,3.61,0.56
43.6,82.6,"DIORITE [27029]",13.5,31.7,4.15,19.5,4.81,1.32,5.37,0.88,5.65,1.13,3.41,0.5,3.27,0.5
43.6,82.6,"DIORITE [27029]",3.02,9.64,1.75,10,4.19,1.41,6.1,1.25,8.32,1.71,5.28,0.81,5.21,0.83
43.6,82.6,"DIORITE [27029]",14.1,31.7,4.26,20.3,5.67,1.52,6.18,1,6.51,1.33,3.93,0.58,3.81,0.58
43.6,82.6,"DIORITE [27029]",5.33,11.7,1.95,10.6,4.12,1.23,6.07,1.08,7.31,1.6,4.98,0.78,5.44,0.99
12,109,"DIORITE [27041]",50.9,96.5,11.2,41.7,6.88,1.68,5.88,0.778,3.58,0.699,2.01,0.273,1.79,0.261
12,109,"DIORITE [27041]",49.2,96,11.1,41.1,7.04,1.67,5.3,0.72,3.74,0.729,1.98,0.287,1.82,0.281
42.0939,92.6086,"DIORITE, QUARTZ [27046]",14.1,31,3.89,17.7,4.43,1.06,4.42,0.71,4.61,1.01,2.96,0.45,3.1,0.47
42.0939,92.6086,"DIORITE, QUARTZ [27046]",13.3,29.2,3.67,17.3,4.37,1.02,4.53,0.73,4.51,0.98,2.93,0.44,2.94,0.47
42.0939,92.6086,"DIORITE, QUARTZ [27046]",18.9,40.6,5.33,21.7,5.24,1.31,5.91,0.92,5.72,1.23,3.6,0.54,3.62,0.54
42.1097,92.5178,"DIORITE [27046]",15.8,34.4,4.45,19.3,4.23,1.1,3.99,0.57,3.38,0.69,2.01,0.28,1.9,0.28
42.1097,92.5178,"DIORITE [27046]",15.8,35,4.53,17.9,3.84,1.11,3.86,0.55,3.42,0.67,1.88,0.29,1.72,0.27
42.1097,92.5178,"DIORITE [27046]",14.2,34.2,4.89,24.6,6.56,2.23,7.32,1.09,6.8,1.4,4.01,0.59,3.65,0.55
42.58,126.72,"DIORITE [27049]",26.7,61,8.39,32.6,6.37,1.33,4.88,0.66,3.33,0.66,2.06,0.28,1.9,0.26
30.67,86.5,"DIORITE [27055]",49.7,101,11.8,43.4,7.01,1.73,5.16,0.59,3,0.55,1.43,0.2,1.23,0.19
30.67,86.5,"DIORITE [27055]",55.5,105,12.3,44.3,7,1.67,5.15,0.59,2.96,0.53,1.36,0.19,1.15,0.18
30.67,86.5,"DIORITE [27055]",40.1,89.3,11.6,44.1,7.06,1.75,5.09,0.61,3.15,0.58,1.47,0.21,1.31,0.2
30.67,86.5,"DIORITE [27055]",57.8,109,10.9,38.4,6.21,1.4,4.83,0.55,2.78,0.52,1.31,0.18,1.17,0.19
30.67,86.5,"DIORITE [27055]",36.2,83.4,10.5,40.2,6.57,1.57,4.82,0.57,2.96,0.55,1.44,0.2,1.33,0.21
30.67,86.5,"DIORITE [27055]",52.3,109,12,44,6.98,1.7,5.11,0.59,2.94,0.54,1.37,0.19,1.2,0.18
35.060948,129.075239,"DIORITE [27062]",23,43.6,6.16,26.1,5.9,1.77,6,1,6.1,1.3,3.8,0.58,3.7,0.57
35.060841,129.074759,"DIORITE [27062]",15.4,31.4,4.11,17.8,4.2,1.22,4.7,0.8,5,1.1,3.3,0.48,3.3,0.52
35.059539,129.072855,"DIORITE [27062]",12,25.5,3.35,14.3,3.4,1.07,3.5,0.6,3.9,0.8,2.6,0.43,2.9,0.49
35.060948,129.075239,"DIORITE [27062]",35.9,51.8,9.01,36.6,7.7,2.98,7.4,1.2,7.1,1.4,4.1,0.6,4.1,0.66
35.060841,129.074759,"DIORITE [27062]",29.1,52.4,7.13,29.6,6.5,2.3,6.8,1,6.5,1.4,3.9,0.58,3.8,0.6
35.059539,129.072855,"DIORITE [27062]",32.2,63.1,8.03,33.1,7.3,2.24,7.1,1.1,6.7,1.4,4,0.61,4.2,0.65
42.3,94,"DIORITE, QUARTZ [27066]",10.3,23.4,2.92,12.5,3.09,1.13,2.95,0.46,2.75,0.59,1.65,0.24,1.51,0.24
42.3,94,"DIORITE, QUARTZ [27066]",10.3,21.8,2.75,12.1,2.84,1.1,2.88,0.45,2.51,0.53,1.52,0.24,1.59,0.27
42.3,94,"DIORITE, QUARTZ [27066]",13.5,29.5,3.63,16.2,4.02,1.18,3.77,0.57,3.28,0.68,1.89,0.27,1.79,0.3
42.3,94,"DIORITE, QUARTZ [27066]",9.8,21.6,2.7,11.4,2.61,0.97,2.45,0.37,2.16,0.47,1.39,0.21,1.37,0.22
30.1714,102.1753,"DIORITE [27077]",19.1802008504165,46.436666684872,6.14237168131982,25.9208506711765,5.49255768603052,1.16105546618513,5.05768826659446,0.756592293517302,4.67952607044683,0.947012780974706,2.69310884451123,0.382173350015443,2.37770659878422,0.353542155937431
30,102,"DIORITE [27077]",17.6079130993619,40.4142299320628,5.29781946705085,22.3948593803572,4.78818668189407,1.07037920088848,4.4687878725895,0.666970581056455,4.16157577575029,0.833265465246599,2.34541866339968,0.327919434706321,2.04916087451645,0.306726124484466
30,102,"DIORITE [27077]",18.0568080919659,41.7181806322554,5.43813647719428,23.0502071166723,4.90812638850028,1.09668942925956,4.57904969063665,0.68305879344403,4.26103044804238,0.862674980192717,2.45596849711584,0.34334839782054,2.16053008421138,0.325492843666247
30,102,"DIORITE [27077]",17.8430615614401,41.6908899766455,5.40813645553994,23.0094133474688,4.89695143406732,1.10186459927633,4.57232531568372,0.681721731155107,4.28057340743454,0.860588330369298,2.45430532946301,0.342687089962489,2.15259883203378,0.327170705064671
30,102,"DIORITE [27077]",17.7649086595314,40.6540951239067,5.26859999525613,22.4644327553849,4.7873523661844,1.0841412376105,4.47044886091152,0.668497892191922,4.20554050776122,0.847933336064541,2.41527729645191,0.340010230057801,2.15247583560809,0.328474216443778
30,102,"DIORITE [27077]",19.766857625255,45.3600182244647,5.87427093889856,25.0768292046542,5.29369347266727,1.17104417804959,4.91294557173648,0.733457125541682,4.58464300596911,0.92145085185613,2.63692396298958,0.368201530963107,2.36147396732116,0.352100240180679
38.9242,96.2158,"DIORITE, QUARTZ [27081]",37.07,75.92,9.09,35.72,6.94,1.75,6.31,0.95,5.68,1.11,3.19,0.48,3.08,0.46
38.9242,96.2158,"DIORITE, QUARTZ [27081]",34.66,67.23,8.19,31.42,5.81,1.54,5.17,0.76,4.47,0.88,2.54,0.39,2.52,0.38
38.9242,96.2158,"DIORITE, QUARTZ [27081]",30.92,65.74,7.63,29.35,5.6,1.47,4.96,0.75,4.41,0.86,2.53,0.39,2.51,0.39
38.9242,96.2158,"DIORITE, QUARTZ [27081]",38.81,78.76,9.65,37.49,7.2,1.7,6.52,0.98,5.82,1.14,3.26,0.49,3.14,0.47
-21.28187,119.89891,"DIORITE [27088]",27.1,53,6.25,23.8,4.24,1.16,3.5,0.52,3.18,0.65,1.8,0.27,1.76,0.28
-21.28187,119.89891,"DIORITE [27088]",23.6,50.2,6.23,24.5,5.15,1.27,4.75,0.69,4.05,0.84,2.57,0.36,2.36,0.35
-20.87647,119.73206,"DIORITE, QUARTZ [27088]",24.2,44.8,5.73,24.6,6.29,1.76,6.45,0.88,4.73,0.86,2.56,0.33,1.9,0.27
-3.747,-51.4922,"DIORITE, QUARTZ [27090]",33.7,86.2,11.28,47.9,9.63,1.71,8.46,1.43,8.21,1.67,4.96,0.85,5.54,0.85
-3.5318,-51.2846,"DIORITE, QUARTZ [27090]",172.7,348,38.78,183.56,19.48,4.61,14.14,1.64,7.14,1.19,2.98,0.43,2.65,0.37
-3.5612,-51.093,"DIORITE, QUARTZ [27090]",80.3,165.7,18.54,73,10.9,2.55,7.3,0.88,3.94,0.67,1.75,0.25,1.56,0.24
16.7858,120.7877,"DIORITE, HORNBLENDE [27097]",5.42,11,1.29,5.41,1.14,0.39,1.08,0.18,1,0.22,0.56,0.09,0.51,0.1
16.7853,120.7941,"DIORITE, QUARTZ-HORNBLENDE [27097]",7.55,17,2.14,9.78,2.28,0.76,2.39,0.4,2.48,0.5,1.47,0.22,1.38,0.22
16.8021,120.7906,"DIORITE, QUARTZ [27097]",10.8,23.1,2.86,11.7,2.78,0.84,2.8,0.4,2.45,0.5,1.5,0.21,1.61,0.26
16.8021,120.7956,"DIORITE [27097]",7,15.3,2.08,8.6,2.19,0.74,1.9,0.36,1.93,0.42,1.35,0.18,1.43,0.22
16.8,120.8,"DIORITE [27097]",13.4,27.4,3.26,13.7,2.52,0.74,2.22,0.32,2.28,0.35,1.17,0.18,1.22,0.2
16.8,120.8,"DIORITE, HORNBLENDE-QUARTZ [27097]",6.45,13.7,1.68,7.7,1.77,0.62,1.84,0.3,1.73,0.36,1.04,0.15,1.02,0.17
-10.0471,-37.1388,"DIORITE, QUARTZ [27114]",17.7,49.1,7.44,34.7,7.43,1.68,6.73,1.1,6.15,1.21,3.42,0.51,3.12,0.48
-10.0396,-37.136,"DIORITE, QUARTZ [27114]",26.5,54.9,6.64,26.9,4.85,1.18,3.77,0.56,2.97,0.56,1.59,0.24,1.51,0.22
-10.0471,-37.1388,"DIORITE, QUARTZ [27114]",25.2,74.2,7.32,29.7,5.84,1.41,4.74,0.7,3.61,0.67,1.8,0.27,1.71,0.24
-10.0506,-37.1491,"DIORITE, QUARTZ [27114]",32,69.4,7.69,30.6,5.3,1.27,4.23,0.61,3.07,0.58,1.55,0.24,1.52,0.22
-10.0517,-37.1609,"DIORITE, QUARTZ [27114]",35.2,70.6,7.99,29.5,5.44,1.24,3.88,0.58,2.95,0.57,1.62,0.26,1.57,0.23
-10.0502,-37.1674,"DIORITE, QUARTZ [27114]",37.7,83.6,8.74,33.3,5.97,1.36,4.39,0.65,3.3,0.6,1.66,0.26,1.55,0.22
-10.041,-37.1775,"DIORITE, QUARTZ [27114]",11.1,18.3,2.21,9.4,2.1,1.01,2.19,0.4,2.43,0.51,1.61,0.26,1.47,0.22
-10.0471,-37.1388,"DIORITE, QUARTZ [27114]",86.9,170.9,17.33,58.9,7.22,1.26,4.02,0.5,2.27,0.36,1.02,0.16,1.05,0.18
52,125.5,"DIORITE [27132]",27.7,55.7,7.09,31,5.25,1.55,4.2,0.55,2.45,0.41,1.13,0.15,0.87,0.13
52,125.5,"DIORITE [27132]",25.8,52.8,6.67,28.3,4.83,1.44,3.85,0.51,2.47,0.41,1.21,0.16,0.89,0.15
26.7242,101.5688,"DIORITE [27151]",15,39,5.23,23.4,5.33,2.19943315396931,4.65546068610911,0.72,3.82,0.704,1.91,0.243,1.5,0.214
26.7242,101.5688,"DIORITE [27151]",12.9,32.2,4.06,18.3,3.38,1.4313963179256,3.27505451596984,0.503,2.72,0.511,1.5,0.212,1.31,0.186
26.7227,101.5653,"DIORITE [27151]",14.2,39.6,5.44,25.9,5.37,2.16883047301182,4.98765390253176,0.74,3.58,0.658,1.88,0.229,1.5,0.232
26.7226,101.5644,"DIORITE [27151]",13.3,38.2,5.33,23.8,4.91,2.06970685404968,4.07205315194569,0.627,3.11,0.61,1.6,0.223,1.27,0.201
26.734,101.5689,"DIORITE [27151]",14.8,42.9,6.09,28.1,5.93,2.31950318274244,5.40899887200387,0.773,3.96,0.806,2.18,0.307,1.92,0.277
26.734,101.5689,"DIORITE [27151]",15,37.5,4.76,21.6,4.19,1.96075806380363,3.84435979491117,0.537,2.7,0.586,1.48,0.222,1.3,0.178
26.734,101.5689,"DIORITE [27151]",12.6,31.1,3.94,17.8,3.54,1.91846416653471,3.10951329664695,0.422,2.07,0.401,1.02,0.134,0.829,0.133
26.7341,101.5685,"DIORITE [27151]",15.5,40.1,5.25,23.8,4.84,2.07960014900016,4.09691873141049,0.605,2.94,0.576,1.54,0.206,1.26,0.187
26.7431,101.5608,"DIORITE [27151]",11.2,25.9,3.13,14.2,2.81,1.64438706787759,2.521994419781,0.329,1.66,0.325,0.863,0.123,0.649,0.0963
26.7507,101.5605,"DIORITE [27151]",10.1,27.2,3.55,16.9,3.82,1.58351759687485,3.59302942708928,0.578,2.93,0.58,1.75,0.236,1.41,0.217
26.7507,101.5605,"DIORITE [27151]",12.7,27.3,3.08,12.9,2.69,1.0236145282817,2.27942337035742,0.341,1.84,0.341,1.04,0.14,0.875,0.132
26.7507,101.5605,"DIORITE [27151]",10,23.3,2.8,12,2.41,1.07404070554199,2.12138530515069,0.313,1.87,0.346,0.95,0.139,0.825,0.139
26.7546,101.5605,"DIORITE [27151]",15.7,35.5,4.18,18.4,3.54,1.75103390080272,3.16193504624697,0.413,2.11,0.396,0.998,0.13,0.842,0.125
26.7531,101.5604,"DIORITE [27151]",19.7,42.9,5.1,20.8,3.76,1.6461176486979,2.96748059944747,0.492,2.26,0.437,1.22,0.153,0.972,0.14
26.7667,101.55,"DIORITE [27151]",12.3585194424803,26.0904260359951,3.74492858256721,16.6912784488256,3.30922188904955,1.63526396863941,2.84260338602366,0.388892013910332,2.1483013741838,0.365145901046934,1.03287239029966,0.14235946940607,0.883834650029233,0.122512678341193
26.7667,101.55,"DIORITE [27151]",13.5159701710264,29.3986303943598,4.04931432011018,18.5405714263033,3.66351277393678,1.72287010977544,3.14405243394856,0.43899794327929,2.43942250172528,0.419120134815301,1.20032081264679,0.155539169925441,1.02255990429981,0.142928246084285
26.7233,101.5631,"DIORITE [27151]",13.025768930946,31.4976378637281,4.84215543919256,22.1661398183223,4.67198147564379,1.82984476001716,3.99774169917247,0.592366567903613,3.18865021966131,0.547502938919233,1.55877047852868,0.217743735658277,1.28307275502422,0.191840662572709
26.7233,101.5631,"DIORITE [27151]",12.7460131155363,27.6970632756959,3.97672981794644,17.6975791783622,3.67268334043343,1.71371582894705,3.05673159085086,0.417158211639143,2.29083142391922,0.381869973819457,1.1058190381847,0.140240912507363,0.92269106735756,0.12152244684777
26.7294,101.5455,"DIORITE [27151]",12.4706461714136,27.1032557940579,4.13072286254044,19.4520604965849,3.9375670738426,2.05859329494898,3.44458489809741,0.47062404449671,2.57665573466271,0.409186885841703,1.1584969189911,0.154299413154026,0.92998196166747,0.136590807567598
26.7294,101.5455,"DIORITE [27151]",11.9294455960195,26.9100816259808,4.03098887896176,19.2107935990526,3.90883832257524,1.90443790224632,3.33562549458028,0.463780893006696,2.45561138229775,0.423124581115651,1.14894481325625,0.154501772199989,0.913203746128517,0.125658296210872
26.7294,101.5455,"DIORITE [27151]",17.2077197200992,36.5999600793309,4.83363255985456,20.704588933926,3.87477123967225,1.39700141569156,3.20290695514558,0.437844466853697,2.30178101612218,0.402219094955887,1.20480500969092,0.172565689564877,1.11337505207454,0.169048613866116
26.7712,101.5574,"DIORITE [27151]",21.324498341988,43.9549684580495,5.88926199569451,24.9873830459283,4.86484589690519,1.80952114818623,4.14981374146049,0.563507014146828,3.06498332978847,0.553808475934675,1.67843583375304,0.232575089520092,1.49156688118122,0.221342091232483
26.77,101.5606,"DIORITE [27151]",21.8333372700183,45.9999999910291,6.08906600135606,25.295458955484,4.62246309089282,1.77045060051333,3.94824073016778,0.554058760502983,2.88433292570211,0.49973501216829,1.43026200614883,0.198839470869314,1.26969961464511,0.185560352663558
26.7622,101.5589,"DIORITE [27151]",16.1839602807929,35.3833390610971,4.86023806021501,20.6345241022477,3.91696729527243,1.55798421958462,3.3988268037552,0.453321051142063,2.4962806016396,0.425848913758607,1.23437483951677,0.175648089880148,1.12255493901993,0.15795789182651
26.7435,101.5584,"DIORITE [27151]",9.11862987566965,20.1639471069126,2.83195836132791,13.3154345957362,2.60188089091278,1.4863938346503,2.23375164332485,0.306518774304274,1.59331709804363,0.268671990181438,0.770178852181217,0.100340653891404,0.631522158824206,0.0924647606731226
25.7,100.1,"DIORITE [27158]",22.0790149247263,50.2908460743117,6.39801318238409,25.1367728354838,5.84983339302399,1.28657534350204,5.41745644430529,0.949076336263793,6.15012574686843,1.33370338475619,4.38477082444032,0.768851989783954,5.3542864861553,0.782455219727394
25.7,100.1,"DIORITE [27158]",27.6837866005689,57.6037245734791,7.30974002136395,28.4839691276453,6.68010846603419,1.34893086712363,6.07634804638968,1.07188592131744,6.94430931244165,1.50233073309408,4.91687165747852,0.860231147300623,5.92672125754731,0.855700259505277
25.7,100.1,"DIORITE [27158]",34.3841996081928,65.5468567555782,7.55741127572336,26.8253012397678,5.78115916198506,1.22615434363645,5.32573678030866,0.9161234689743,5.90365620546141,1.28255020105488,4.18103780054734,0.723332478993482,4.98708528637553,0.721854156884034
25.7,100.1,"DIORITE [27158]",29.9796470236837,62.3791428537832,7.6811969432154,29.2013950934402,7.03238478735358,1.4193344704088,6.57901928602277,1.15236958978789,7.43481678064081,1.61583439122759,5.23627865364094,0.897853673569168,6.15246309488659,0.885970292123668
25.7,100.1,"DIORITE [27158]",21.7946238390063,47.5796105868905,6.30296300378301,24.9174563981082,5.87387253767685,1.29082592316377,5.39257704445237,0.946388259536471,6.10351318989942,1.33193548060157,4.42501854263771,0.768198571161147,5.32089457423377,0.777118744990344
25.7,100.1,"DIORITE [27158]",54.2474376580161,98.5721275670116,11.3398174964271,39.273870095486,8.11610228302348,1.57254715094443,7.44591712249358,1.19928430026054,7.5066093644098,1.61848296600703,5.27148553983827,0.918945044291751,6.50329015510501,0.97660116952428
25.7,100.1,"DIORITE [27158]",42.6825405813032,79.2201175839003,9.37188837347344,33.6117682588255,7.37363779352672,1.47701020756396,6.96325734079498,1.16788712693351,7.41634421356562,1.63839695504625,5.33579536146965,0.928690175505281,6.56325901177258,0.983242242868284
25.7,100.1,"DIORITE [27158]",54.4123034681106,98.8021786861356,11.1249404817388,38.6349273615036,8.04716682554176,1.53833789114421,7.32876885321288,1.23846357669606,7.84174456718189,1.72776957531969,5.70620620563654,1.02595326738827,7.33536847130225,1.09252437021776
25.7,100.1,"DIORITE [27158]",53.4122354590361,96.5472205461887,10.9882654733515,38.2617324299405,8.05123580419672,1.65805985648274,7.65505259681848,1.24908185431012,7.85866097597053,1.70701305864171,5.53757551369671,0.974266509231832,6.87686754155707,1.02084550175825
25.7,100.1,"DIORITE [27158]",35.6102082291069,65.8731294519863,7.15660759712738,26.0403397272384,4.25751323064306,1.07177694762629,3.26371719521119,0.450133487769293,2.27036574658769,0.42582291155769,1.15872291423128,0.173466037855023,1.12610161740888,0.171784954521677
25.7,100.1,"DIORITE [27158]",37.9947355691606,70.4004519644075,7.57595691145833,27.6529492100212,4.48769168826582,1.16519932355507,3.45526097360473,0.452603072945088,2.1895693674731,0.384994705194667,1.03241828340755,0.14855760786276,0.988725638479031,0.15019438739526
25.7,100.1,"DIORITE [27158]",29.7451703159888,54.4195856950531,5.93827524227931,21.8064143551713,3.56877279056442,0.932135202965357,2.89299528573087,0.400040244485732,2.12636445585699,0.408355979816176,1.12577057887719,0.167842382604971,1.11324593405056,0.168897994738386
43,94.2,"DIORITE, QUARTZ [27181]",21.8,46.4,5.46,21.3,4.49,1.16,3.95,0.57,3.67,0.74,2.12,0.31,1.97,0.34
43,94.2,"DIORITE, QUARTZ [27181]",21.6,44.5,5.41,20.9,4.61,1.17,4.04,0.64,3.5,0.73,2.05,0.3,2.06,0.32
43,94.2,"DIORITE, QUARTZ [27181]",31.3,64.7,7.99,30.6,6.8,1.71,5.9,0.95,5.64,1.13,3.1,0.48,3.13,0.49
43,94.2,"DIORITE, QUARTZ [27181]",16.7,38.1,5.06,20.4,4.59,1.17,4.04,0.67,3.86,0.79,2.29,0.35,2.21,0.35
43,94.2,"DIORITE, QUARTZ [27181]",14.6,29.7,3.64,14.3,2.94,0.9,2.74,0.4,2.43,0.52,1.49,0.24,1.58,0.24
43,94.2,"DIORITE, QUARTZ [27181]",16,35.5,5.1,21.4,5.37,1.27,4.93,0.71,4.38,0.89,2.69,0.43,2.69,0.42
43.2,94.2,"DIORITE, QUARTZ [27181]",16.4,35.4,4.28,17.1,3.94,1.07,3.94,0.7,4.29,0.87,2.76,0.41,2.74,0.42
43.2,94.2,"DIORITE [27181]",14.4,28.8,3.36,13,3.03,0.96,3.09,0.51,3.03,0.63,1.97,0.29,1.86,0.31
43.2,94.2,"DIORITE [27181]",12.7,31,4.24,18.7,4.61,1.35,4.22,0.72,4.57,0.96,2.82,0.44,2.83,0.43
42.1447,129.1153,"DIORITE, QUARTZ [27192]",26.2870151011416,53.1948014240994,6.36012112875433,26.0553750459472,4.82060621691687,1.45198924754975,3.4073275109405,0.441725797406712,2.07103187021614,0.395862652836168,1.04134291204352,0.114617118056074,0.696135917647393,0.112346197054909
42.1447,129.1153,"DIORITE, QUARTZ [27192]",24.1614979488043,49.3562272261213,5.92052049076426,24.1717179349874,4.47771744101423,1.36328983293513,3.0580852473487,0.406960228335319,2.03007249490445,0.381756600605365,1.00114897244173,0.116826258079597,0.671995210139666,0.104323210146164
42.1447,129.1153,"DIORITE, QUARTZ [27192]",25.1742822907234,51.0986325394735,6.17198126360759,24.4274916414201,4.49896833846064,1.3142741520195,3.30874357443981,0.403531023557025,2.12472653722535,0.365711134004773,0.981785307650444,0.125573086050945,0.687297908750136,0.10748024661638
42.1447,129.1153,"DIORITE, QUARTZ [27192]",24.5868643960728,51.141400864007,6.12057907622104,24.2635610126033,4.68663444158119,1.32395689644509,3.237140483662,0.439585221706082,2.05095403861048,0.381764591182682,0.969794999658861,0.11680069399991,0.718907459925447,0.102716855723314
-23.2814,28.725,"DIORITE [27199]",36.951,79.195,10.023,43.314,9.313,3.229,9.847,1.299,7.615,1.467,3.549,0.533,3.53,0.572
-23.2814,28.725,"DIORITE [27199]",46.147,93.902,12.532,57.7796820968902,12.1437822669727,2.957,12.653,1.601,9.094,1.667,3.888,0.551,3.372,0.521892706802341
41.5,119.6,"DIORITE [27201]",34.4,71.6,8.24,30.8,5.94,1.39,4.23,0.55,2.99,0.61,1.57,0.24,1.51,0.26
41.5,119.6,"DIORITE [27201]",39.7,84.9,9.5,32.6,5.92,1.21,4.06,0.6,2.78,0.54,1.51,0.22,1.39,0.23
41.5,119.6,"DIORITE [27201]",18.3,32.7,3.61,12.9,2.09,1.28,1.82,0.22,1.32,0.29,0.84,0.13,0.92,0.16
41.5,119.6,"DIORITE [27201]",18.3915547410703,30.4452379480029,3.12421866035132,11.9031049790656,1.96856141305067,1.30206392936861,1.54445298533673,0.175382641067071,0.984087594713958,0.185228268780264,0.496591082436688,0.0886300942879189,0.600029071388279,0.114074758338089
41.5,119.6,"DIORITE [27201]",20.6,46.7,5.65,21.9,4.64,1.04,2.96,0.34,1.75,0.32,0.82,0.12,0.72,0.11
41.5,119.6,"DIORITE [27201]",17.9,40.2,5.06,19.7,4.56,1.26,3.06,0.39,2.05,0.42,1.08,0.15,0.95,0.15
41.5,119.6,"DIORITE [27201]",30.3,65.7,7.56,30.1,6,1.56,4.13,0.52,2.68,0.51,1.31,0.18,1.09,0.17
41.5639,119.6302,"DIORITE [27201]",19.6,39.4,4.66,18.1,3.37,0.85,2.61,0.33,1.77,0.37,1.01,0.15,0.96,0.15
41.529,119.6106,"DIORITE [27201]",16.1,32.5,3.89,15.1,2.95,1.26,2.15,0.29,1.45,0.3,0.77,0.11,0.65,0.1
41.5,119.6,"DIORITE [27201]",15.1,32,3.89,16,3.76,1.13,3.43,0.56,3.2,0.64,1.82,0.26,1.61,0.25
41.5,119.6,"DIORITE [27201]",14.7,27,2.86,10.3,1.7,1.03,1.07,0.12,0.63,0.12,0.3,0.04,0.27,0.05
41.5,119.6,"DIORITE [27201]",19.8,41.9,4.79,18.3,4.12,1.37,2.89,0.39,1.97,0.39,1.03,0.15,0.93,0.15
21.9078,100.8086,"DIORITE [27239]",5.63,12.8,1.78,9.33,2.73,0.78,3.26,0.59,3.93,0.78,2.5,0.33,2.45,0.37
21.9078,100.8086,"DIORITE [27239]",8.35,19.3,2.69,14.4,4.08,1.42,4.91,0.84,5.76,1.14,3.55,0.48,3.49,0.5
21.9078,100.8086,"DIORITE [27239]",4.92,10.5,1.35,6.62,1.48,0.83,1.67,0.24,1.45,0.28,0.85,0.12,0.8,0.12
21.9078,100.8086,"DIORITE [27239]",8.62,21.2,3.02,16,4.11,1.07,4.49,0.71,4.46,0.84,2.52,0.32,2.18,0.3
21.9694,100.83,"DIORITE [27239]",8.74,17.6,2.83,13.2,3.82,1.12,4.75,0.85,5.38,1.12,3.26,0.46,2.99,0.46
21.8958,100.8344,"DIORITE [27239]",10.3,22.9,3.58,16.7,4.54,1.07,5.26,0.94,5.92,1.23,3.57,0.51,3.46,0.51
21.9142,100.8314,"DIORITE [27239]",10.9,24.2,3.33,14.5,3.6,1.07,4.24,0.72,4.53,0.96,2.85,0.43,2.88,0.43
21.9733,100.7717,"DIORITE [27239]",6.02,13.1,1.82,8.53,2.32,0.82,2.82,0.48,3.06,0.62,1.82,0.26,1.73,0.27
21.9733,100.7717,"DIORITE [27239]",10.4,24.2,3.28,15,4,1.17,4.45,0.78,4.88,1.01,2.91,0.43,2.8,0.42
21.9475,100.8181,"DIORITE [27239]",16,35.3,5.09,22.2,5.65,1.68,6.43,1.09,6.64,1.38,3.89,0.56,3.73,0.56
21.8958,100.8344,"DIORITE [27239]",8.14,18.9,2.75,12.8,3.41,1.09,4.05,0.69,4.24,0.9,2.59,0.35,2.37,0.35
21.9019,100.8094,"DIORITE [27239]",11,26.4,3.73,17.1,4.51,1.47,5.34,0.88,5.44,1.1,3.17,0.45,3.01,0.46
21.9019,100.8094,"DIORITE [27239]",12,28.1,3.95,18.1,4.56,1.46,5.41,0.94,5.66,1.15,3.36,0.46,3.06,0.46
-27.9714700010184,123.948308172361,"DIORITE [27266]",15.3,31.8,4.26,17.4,3.98,1.03,3.14,0.46,2.82,0.6,1.67,0.26,1.69,0.27
-27.9714700010184,123.948308172361,"DIORITE [27266]",7.98,18.9,2.72,11.4,3.19,0.86,3.78,0.61,3.63,0.69,1.82,0.3,2.11,0.3
-28.0337502383482,123.916879853444,"DIORITE [27266]",25.5,53.3,6.88,28.2,5.34,1.43,4.13,0.57,2.83,0.51,1.33,0.19,1.17,0.16
42.6253,95.8603,"DIORITE [27268]",19.6,39.2,4.61,18.1,3.83,1.08,3.22,0.531,3.41,0.728,2.15,0.341,2.39,0.397
42.6253,95.8603,"DIORITE [27268]",41.7,81.6,9.82,40.8,8.37,2.08,6.44,0.978,5.49,1.08,2.95,0.434,2.98,0.461
42.5264,95.7125,"DIORITE [27268]",21.2,41.9,4.56,16.3,2.44,0.738,2.04,0.281,1.39,0.256,0.701,0.106,0.747,0.115
42.5264,95.7125,"DIORITE [27268]",17.5,34.2,4.64,18.5,4.04,1.17,3.87,0.56,3.37,0.67,1.95,0.28,1.75,0.27
42.5264,95.7125,"DIORITE [27268]",22,40.7,5.8,22.7,4.67,1.33,4.29,0.61,3.63,0.72,2.11,0.3,1.99,0.32
42.1933,94.6433,"DIORITE [27268]",7.6,17.3,2.36,10.7,2.97,1.06,3.55,0.54,3.48,0.72,2.17,0.3,1.93,0.31
42.1933,94.6433,"DIORITE [27268]",3.02,6.41,0.85,3.82,1.07,1.11,1.29,0.22,1.46,0.31,0.94,0.14,0.94,0.15
42.1933,94.6433,"DIORITE [27268]",3.56,7.55,1.56,5.89,2.35,5.67,2.15,0.24,5.42,0.65,1.58,0.34,0.69,0.55
42.1933,94.6433,"DIORITE [27268]",3.88,7.65,2.05,6.58,2.45,5.65,4.22,0.43,6.48,0.75,1.86,0.45,0.85,0.65
-35,-70.5,"DIORITE [27280]",22.1,46.1,5.93,24.4,5.5,1.66,4.95,0.74,4.62,0.86,2.51,0.4,2.31,0.42
-35,-70.5,"DIORITE [27280]",17.9,32.1,3.63,12.7,2.24,0.63,2.16,0.35,2.22,0.47,1.28,0.21,1.52,0.22
-35,-70.5,"DIORITE [27280]",22.3,40,4.98,20.2,4.46,1.34,3.48,0.59,2.86,0.59,1.99,0.3,1.95,0.3
-35,-70.5,"DIORITE [27280]",22.4,48,5.81,24,4.78,0.76,3.98,0.63,3.79,0.86,2.22,0.4,2.5,0.34
29.56583333,90.9475,"DIORITE, QUARTZ [27294]",33.3186727163337,60.4374319609057,6.38626619608976,23.7354157476261,4.60472793907092,1.31354701349582,4.43243132305571,0.642523165051566,3.76036180889689,0.799798720170325,2.26942783105173,0.354925280411505,2.45751280431628,0.416305712253199
29.49055556,90.96111111,"DIORITE [27294]",31.6765933574951,61.5091113650431,6.89246041888767,26.1337969807104,5.22738392307319,1.49500099147709,4.5956603536771,0.70941374869829,4.23308798518982,0.905804872184909,2.58248199796529,0.402658833591275,2.72071239054292,0.43112723811475
29.45611111,90.90027778,"DIORITE, QUARTZ [27294]",64.4839045541296,105.726087504683,11.2014274774439,39.3566623361915,6.30047760414467,2.018567655282,5.65485616572714,0.699242429215071,3.66593823452302,0.749599051773798,2.15137840234762,0.342340113923337,2.46925350781385,0.449537561872706
29.46611111,90.91305556,"DIORITE, QUARTZ [27294]",94.0298685671036,160.442856245913,17.4951971427508,63.9036500786905,11.1044891631583,2.73848046150052,9.65493526131718,1.26062907593095,6.76171052190277,1.3924526560598,3.95588454969603,0.636680270292308,4.48263955947423,0.784780415874321
29.45944444,90.88944444,"DIORITE, QUARTZ [27294]",76.1582916335731,136.998159079532,14.9436900388918,55.4099095513,9.20196694468402,2.81310937850553,7.86145356494449,0.958594124247822,4.98831180895675,1.01524737581313,2.85280264186801,0.450865343312707,3.14280393010152,0.572140999365594
29.38555556,90.76861111,"DIORITE [27294]",32.9101766270247,65.0367857847109,7.46983370897624,29.024733711398,5.46024865595068,1.31024703241514,4.63580338386032,0.60162731065768,3.20578868498249,0.63788697254766,1.71763133469572,0.248122417093868,1.67327953416948,0.273672067446833
29.38333333,90.8175,"DIORITE [27294]",51.0120020867247,95.5850322331126,9.65239291166828,35.0676382801369,5.91759993901182,1.38868696577363,4.21424611400802,0.578497471091392,2.98149928745639,0.55634937264587,1.64384457183557,0.226545411322192,1.49253943284907,0.230758387798733
29.40444444,90.92555556,"DIORITE [27294]",92.2512939571332,178.797153947612,17.8897328351797,59.336592525972,8.9184044521495,1.62511533217407,7.03175078735745,0.717127841980854,3.15650221836082,0.563147380443214,1.46709424174628,0.215374361529047,1.47695631759143,0.250662345895357
29.35722222,90.81916667,"DIORITE [27294]",92.3118901707972,207.382288863566,22.5418169446303,76.949109591783,11.9877904717465,2.48987364712092,9.01004989322556,0.970614844527261,4.33417775774513,0.777791631982008,2.03663236100132,0.2991037523164,2.00250522633825,0.325948825970424
29.39527778,90.83388889,"DIORITE [27294]",16.9202174068312,43.9435248735865,5.93693916514592,25.5332782563498,5.99271794060158,1.36373677975996,5.41793999684633,0.844330063335667,5.00996841930037,1.03033838224582,2.83067299230887,0.442914535889453,3.01231602574414,0.46847982349165
29.36055556,90.74444444,"DIORITE [27294]",23.0455814798625,55.6839900408491,6.59901762920038,27.4898583165313,5.48336439316738,1.55765238980281,4.27035418480457,0.552320474963295,2.69152948307608,0.456404767790379,1.1916152503081,0.156147125010506,0.957534185803573,0.137850085402824
28.68,57.74,"DIORITE [27296]",10.42,33.48,4.29,17.48,2.84,1.33,2.86,0.7,4.36,0.82,2.94,0.47,2.51,0.48
28.68,57.74,"DIORITE [27296]",12.34,29.8,3.89,16.6,2.76,1.32,3.68,0.65,4.81,0.79,2.81,0.4,2.63,0.37
28.68,57.74,"DIORITE [27296]",11.97,31.24,4.48,17.51,3.92,1.16,2.46,0.71,4.72,0.86,2.72,0.39,2.94,0.45
28.68,57.74,"DIORITE [27296]",11.46,36.41,4.65,18.9,3.68,1.13,3.52,0.66,4.85,0.95,2.97,0.44,2.73,0.39
28.68,57.74,"DIORITE [27296]",13.4,26.51,5.11,21.3,3.81,1.11,4.24,0.75,4.68,1.02,3.02,0.47,3.04,0.47
28.68,57.74,"DIORITE [27296]",12.08,28.79,5.34,20.5,3.9,1.12,2.36,0.82,4.91,0.99,2.87,0.39,3.15,0.51
28.68,57.74,"DIORITE [27296]",14.27,36.9,4.78,19.48,4.18,1.22,4.32,0.79,5.03,1.12,3.14,0.47,3.21,0.46
28.68,57.74,"DIORITE [27296]",12.81,38.32,5.28,21.61,4.03,1.15,4.61,0.91,5.19,1.19,3.28,0.5,3.38,0.52
-23.2,30.12,"DIORITE [27297]",137.8175,254.14,27.4075,116.3,17.48,5.7575,10.015,0.9785,4.2475,0.69975,1.6775,0.20475,1.235,0.1576
-23.2,30.12,"DIORITE [27297]",134.55,284.0675,33.17,145.6,23.13,6.3925,14.83,1.38825,6.3475,0.99125,2.2975,0.25975,1.4375,0.1923
-23.2,30.12,"DIORITE [27297]",229.1975,461.385,51.155,227.4,33.24,6.5325,18.8,1.79475,8.425,1.337,3.085,0.372,2.345,0.3218
-23.2,30.12,"DIORITE [27297]",138.405,294.6025,36.8525,163.2,28.03,6.015,18.9775,1.88625,9.3975,1.493,3.4225,0.4245,2.5625,0.326
47.9767,128.5611,"DIORITE [27299]",33.6099785350253,69.513052288309,9.33070349607343,38.9756726953992,8.21059891273682,2.01294411030041,7.91460891223907,1.24293939682425,6.68681631954806,1.35358575854476,3.60377858624574,0.545723773853474,3.33137643237063,0.515554561562418
47.9767,128.5611,"DIORITE [27299]",19.5756891343881,40.6475398087972,6.09326185839716,29.0913416460234,7.43626923838468,1.70099526445765,7.6374680489314,1.2923140129361,7.06244698132412,1.4593159376527,3.92357293054046,0.59958524242419,3.67559102299194,0.566022611186147
47.9767,128.5611,"DIORITE [27299]",29.1275256388651,61.3814042931714,8.66184301153698,36.3588529229396,7.86833046413919,1.99164216480575,7.51173092816084,1.22883777108177,6.76830077711941,1.37609328525126,3.67574565266685,0.553868060834437,3.45253672824435,0.531972085627448
47.9767,128.5611,"DIORITE [27299]",13.6669720662139,28.6486486891372,4.50168366876423,22.1258238640773,6.09129441291406,1.85324902189537,6.60066412866435,1.08625100663497,6.03884161213924,1.2753788939928,3.46920329629376,0.527649440441164,3.2967984723816,0.511590029149949
30.0072,102.1797,"DIORITE [27306]",18.1057968011686,38.1748392792563,4.35663474940899,18.3302126241412,3.81803308061637,1.14421344672561,3.64285458875826,0.547210462765619,3.52447745445344,0.731972839061323,2.14118182217295,0.319846789884973,2.16628499552845,0.350770364541104
30,102.2,"DIORITE [27306]",17.0132507045378,34.2837145047416,3.76842448614951,16.15011904448,3.37735638224949,1.13270663191257,3.20720625820017,0.482302497025982,3.09086273606353,0.653888001683754,1.91827257497282,0.282116291631338,1.90173050072194,0.310362332528445
30,102.2,"DIORITE [27306]",17.7727414711687,37.4254970587102,4.3575932416442,19.0892175157991,4.11541485147368,1.15605738017897,3.97677190940178,0.608746007557649,3.88664871866735,0.820633567468308,2.37903277531983,0.356643870613059,2.37794566836935,0.380687588564081
30,102.2,"DIORITE [27306]",17.4241445678775,37.3551013319236,4.38740441653625,19.0533637160475,4.12978025025638,1.17008845450417,4.03919443238776,0.617272865957761,3.95631985452432,0.81926396444215,2.39883521879489,0.36040696205933,2.41994501038872,0.384488006734652
30,102.2,"DIORITE [27306]",17.1687578365657,36.2692347307348,4.10735564983852,18.0195041094103,3.79782809099054,1.19187751827735,3.70808695401964,0.565392947330582,3.63646995215294,0.762135037523572,2.23595273349764,0.330067596837151,2.19814019272093,0.355890746471038
30,102.2,"DIORITE [27306]",17.105552640122,35.9642604316878,4.026573344501,17.7199416201459,3.75899549536576,1.16469873002599,3.66846676922996,0.561175106070164,3.57111515786989,0.734833645420995,2.16986436206647,0.322415057608074,2.1345041342309,0.340605003742677
30.0061,102.1817,"DIORITE [27306]",21.3584621446028,45.5573563493081,5.43368627498624,21.4477356362693,4.34082244752968,1.03625009350459,4.13551473503912,0.620234671094741,3.94755049687878,0.808630306851911,2.37308934818186,0.348176222260203,2.32367056475044,0.366762273229182
30,102.2,"DIORITE [27306]",20.7764322390115,45.3952864052823,5.39284955522353,21.4631741069616,4.36780850790685,1.02606627588333,4.04735902657339,0.617903288292711,3.9027866117986,0.816089203984185,2.36713823866233,0.349530109277225,2.31916757235766,0.363915344358277
30,102.2,"DIORITE [27306]",19.6409522541943,43.7050046573636,5.33436977316217,21.7243168116175,4.50715012226364,1.0304733390888,4.24100074300121,0.635996486339825,4.01069874784412,0.835051352790866,2.45952182360723,0.360766140635772,2.40764418470545,0.380463760808633
30,102.2,"DIORITE [27306]",21.0768645165915,45.415686502493,5.4253207340867,21.1936275029647,4.36041986808026,1.02226406108181,4.08784143553309,0.611324637223335,3.89718076279845,0.80975098144274,2.36300922166823,0.348234517137213,2.30827518108507,0.359530021287817
30,102.2,"DIORITE [27306]",21.1046975783323,45.6805103482797,5.48517440126253,21.7810965954132,4.41649923692912,1.04788464297913,4.119001897347,0.618797880655675,3.92492044318544,0.81113776793075,2.37602043984286,0.348920079582715,2.33207112659396,0.365699677895129
30,102.2,"DIORITE [27306]",18.4812683071746,41.3585788462193,4.79784847074458,20.3916300377639,4.18936338669101,0.952943911097667,3.74551896073298,0.580198362918913,3.54552555176295,0.724269264625162,2.14127907195214,0.327631112088976,2.14945794771917,0.319120305826902
30,102.2,"DIORITE [27306]",13.8616848847979,31.4852407666951,3.78772052473271,16.681736026177,3.5457565289609,0.864751942978482,3.21296439881449,0.496405026316436,3.05206566506787,0.620681844615031,1.8430031583891,0.276447873582467,1.82798718598579,0.272437719302374
30,102.2,"DIORITE [27306]",12.2185596904966,29.8235558384193,3.84486802598056,17.8089232673026,4.05633012956165,0.962494283369385,3.73855455908841,0.584673500780357,3.58285717020565,0.740270344073016,2.18763847030457,0.332628418800925,2.16945176522835,0.321542472925211
33.4802,51.8906,"DIORITE [27308]",14.34,30.11,4.09,19.38,3.48,0.96,3.36,0.68,4.13,0.92,1.84,0.46,2.47,0.34
33.4577,51.8915,"DIORITE [27308]",16.11,27.84,3.96,16.68,2.94,0.83,3.85,0.58,3.99,0.86,2.62,0.36,2.39,0.4
33.4416,51.8533,"DIORITE [27308]",17.15,31.7,4.1,21.4,3.61,0.92,3.79,0.64,3.81,0.95,3.16,0.37,3.1,0.43
33.5072,51.8461,"DIORITE [27308]",17.9,38.14,4.81,22.41,4.65,1.02,4.86,0.72,4.68,1.01,2.89,0.44,2.3,0.36
33.508,51.8073,"DIORITE [27308]",17.79,36.51,5.18,21.73,4.2,0.94,3.62,0.71,4.34,0.74,3.13,0.39,2.24,0.38
-27.4571555990249,-70.3020394153585,"DIORITE, HORNBLENDE [27313]",23.71,51.74,6.62,28.93,6.33,1.38,4.95,0.77,4.34,0.86,2.6,0.37,2.61,0.42
-27.4644632752498,-70.2857416751462,"DIORITE, HORNBLENDE [27313]",26.13,55.68,6.71,27.34,5.98,1.61,4.6,0.7,3.91,0.76,2.21,0.31,2.27,0.36
-27.5415302666698,-70.3277609862407,"DIORITE [27313]",18.26,36.72,4.49,18.36,3.48,0.92,2.96,0.46,2.52,0.54,1.67,0.24,1.63,0.3
-27.5415373400658,-70.3271716076343,"DIORITE [27313]",20.15,41.11,5.28,21.97,4.55,1.22,3.92,0.58,3.15,0.65,1.8,0.29,1.86,0.34
-26.5522493147214,-70.3098035417089,"DIORITE [27322]",4.3,9.8,1.2,5.3,1.7,0.5,2,0.3,2.2,0.5,1.5,0.3,1.5,0.3
-26.5405348897044,-70.3113767498266,"DIORITE [27322]",36.1,67,7.4,30.9,6.2,1.7,5.7,0.7,3.2,0.6,1.7,0.2,1.9,0.3
-26.593218292081,-70.2667790995287,"DIORITE [27322]",11.5,23.3,3.5,16.1,3.5,1,3.7,0.6,3.6,0.9,2.2,0.4,2.5,0.4
42.1,114.8,"DIORITE [27338]",16.2664783295066,35.9509782169802,4.48286600834323,19.8048098617282,4.46833469792211,1.40626911605418,4.89238886751683,0.795992751923499,4.89900244410304,1.01142267298486,2.81561462716717,0.411156657028627,2.69420018647694,0.405093133898646
42.1,114.8,"DIORITE [27338]",16.0832318431964,36.3079108701636,4.90131797670428,22.5941091696968,5.72793754362605,1.7152197194989,6.38407927458824,1.0289621181913,6.71655848393089,1.36347649305327,3.77101369053346,0.548285642993991,3.72256774486319,0.557468273412776
33.5,112.3,"DIORITE, QUARTZ [27339]",25.260253131131,51.9369930050947,6.29770061374819,26.0729891256293,4.96463433051341,1.25441218119011,3.43418578864852,0.483892078585982,2.3579502584003,0.453360051773987,1.30449802893222,0.184037268349908,1.24168435482571,0.185717669229493
33.5,112.3,"DIORITE, QUARTZ [27339]",26.231560858242,54.2414846630441,6.57970983801308,26.1741445849536,5.03180000734417,1.36081262137397,3.49148531012289,0.438476588609578,2.53199261987793,0.429300863321449,1.32024733815086,0.18300586363048,1.19770948356025,0.175351197291467
33.5,112.3,"DIORITE, QUARTZ [27339]",17.2605511408817,37.3483189716762,4.78687308024386,20.2641130839865,4.57573415528959,1.27546153695537,4.18605855547339,0.620987122524648,3.83412755007596,0.698460856802826,2.00485157716062,0.279535605147925,1.76205194031916,0.248286048623111
33.5,112.3,"DIORITE, QUARTZ [27339]",28.95,58.43,6.888,25.99,4.418,1.073,3.227,0.406,2.067,0.394,1.008,0.145,0.938,0.145
33.5,112.3,"DIORITE, QUARTZ [27339]",28.75,54.55,6.132,22.13,3.559,0.905,2.634,0.314,1.612,0.301,0.756,0.109,0.719,0.108
33.5,112.3,"DIORITE, QUARTZ [27339]",28.28,53.95,6.036,21.93,3.513,0.893,2.607,0.316,1.62,0.308,0.789,0.113,0.728,0.115
33.5,112.3,"DIORITE, QUARTZ [27339]",29.24,55.43,6.142,22.22,3.501,0.902,2.55,0.31,1.579,0.305,0.769,0.11,0.725,0.113
33.5,112.3,"DIORITE, QUARTZ [27339]",29.14,55.34,6.239,22.55,3.591,0.907,2.592,0.32,1.633,0.308,0.796,0.112,0.735,0.115
33.5,112.3,"DIORITE, QUARTZ [27339]",28.6,54.27,6.139,22.17,3.543,0.905,2.57,0.313,1.603,0.305,0.775,0.112,0.731,0.113
33.5,112.3,"DIORITE, QUARTZ [27339]",28.48,54.08,6.075,22.18,3.505,0.902,2.6,0.317,1.61,0.31,0.777,0.113,0.735,0.116
34,110,"DIORITE [27347]",33.7,76.5,9.94,38.6,8.03,1.74,6.9,1,5.64,1.03,3.02,0.414,2.58,0.375
34,110,"DIORITE [27347]",46.9,90.2,10.4,32.5,4.91,1.04,3.88,0.531,2.38,0.453,1.33,0.183,1.05,0.174
34,110,"DIORITE [27347]",28,56.6,7.12,24.8,4.62,1.13,4.02,0.579,2.97,0.594,1.67,0.249,1.4,0.229
34,110,"DIORITE [27347]",38.5,74.9,8.86,33.4,6.7,1.34,6.01,0.905,5.33,1.02,3,0.4,2.6,0.37
34.4139,110.2931,"DIORITE [27347]",41.8,79.2,9.44,34.1,6.12,1.48,5.06,0.714,3.85,0.736,2.23,0.29,1.94,0.29
34,110,"DIORITE [27347]",31.4,60.1,7.38,26.8,5,1.2,4.08,0.596,3.37,0.661,2.02,0.28,1.94,0.29
34,110,"DIORITE [27347]",48.9,90.4,10.5,39.1,7.1,1.63,6.08,0.882,5,0.959,2.9,0.39,2.68,0.39
34,110,"DIORITE [27347]",34.1,68.4,8.21,31,5.67,1.28,4.67,0.679,3.78,0.718,2.2,0.31,2.12,0.32
34,110,"DIORITE [27347]",24.4,52.7,6.54,25.6,5.72,1.21,5.48,0.842,5.45,1.07,3.24,0.47,3.09,0.45
48.4314,18.1796,"DIORITE [27355]",35.3,67.5,7.5,25.9,3.22,0.84,2.24,0.25,1.32,0.27,0.83,0.13,1.08,0.18
18.75,-69.25,"DIORITE, QUARTZ [9604]",3.7,11.8,2.16,13.8,4.4,1.26,6.29,1.2,7.58,1.67,5.3,0.78,4.8,0.77
32.5,80.6,"DIORITE [27381]",44.1,88,10.3,40.3,8.7,0.66,7.17,1.36,7.71,1.65,4.6,0.85,5.02,0.62
32.5,80.6,"DIORITE [27381]",26.5,34.2,9.28,39.8,10.4,0.29,8.47,1.71,10.4,2.18,6.05,1.16,7.68,0.96
32.5,80.6,"DIORITE [27381]",43.1,75.8,10,37.1,7.52,0.99,6.52,1.17,6.69,1.29,3.53,0.7,4.35,0.57
32.5,80.6,"DIORITE [27381]",31.1,63.9,7.36,28.9,6.62,0.33,5.8,1.16,7.11,1.39,3.86,0.74,4.41,0.61
35.83,98,"DIORITE [27392]",14.5485956653358,33.9197632710761,4.39441304866945,17.6842323576131,3.98321316374032,1.2178001096992,3.84553389542934,0.628122074206868,3.90874756086234,0.800578119197831,2.25347245773678,0.362529975908323,2.40575308627151,0.36208199501035
35.83,98,"DIORITE [27392]",24.812690227257,51.2419216891624,5.89908492696049,23.375560050595,5.31808692947272,1.33455226418005,4.93797187430614,0.832598497453888,5.31250846809223,1.04172006595059,3.0200511318163,0.46607353053708,3.16056602155782,0.469583659888183
35.83,98,"DIORITE [27392]",11.9,31,4.53,20.9,5.1,1.28,5.36,0.89,5.46,1.09,3.37,0.5,3.41,0.51
35.83,98,"DIORITE [27392]",20.5,45.9,6.1,26.8,6.51,1.71,6.74,1.13,6.9,1.4,4.26,0.65,4.07,0.63
35.83,98,"DIORITE [27392]",14.4,33.8,4.39,18.4,4.1,1.27,4.34,0.73,4.55,0.94,2.98,0.44,2.82,0.44
35.83,98,"DIORITE [27392]",26.8,52.3,6.28,24.2,4.82,1.3,4.19,0.62,3.6,0.69,2.04,0.28,1.8,0.27
34.4488,110.6072,"DIORITE [27393]",107.557214866149,217.35422268005,23.8471555901233,91.8200559231757,16.3261087898676,3.12299252193787,13.49912344965,2.01245399834203,11.9372541982626,2.40211707696322,6.79650259426686,0.990288204665764,6.39979467309511,0.939150040745611
34.4488,110.6072,"DIORITE [27393]",75.9961814662297,147.767549102239,16.5947498060085,65.0218085290088,11.4004592801457,2.80399291686361,9.11219315785262,1.31306950226194,7.54897082623744,1.46829177970273,4.0377520535266,0.568529296145787,3.76468626194874,0.556489195147977
34.443,110.5994,"DIORITE [27393]",49.999737722356,108.383521258977,12.3180969517502,50.0782025581544,9.35986038223427,2.32247125448398,8.14754927052578,1.2425332889108,7.52205359941962,1.52593447381707,4.46617306818209,0.643897763460274,4.27430129946827,0.646539653783797
34.4336,110.5938,"DIORITE [27393]",53.9605989677493,119.907654081996,13.5625012098166,54.6384675022875,9.93428892717789,2.21501829339449,8.64056935705148,1.28860702039139,7.49983702870709,1.52020140151234,4.38409963478787,0.632665153497263,4.07796249254202,0.614306195095513
34.432,110.5908,"DIORITE [27393]",73.4582474009701,145.194041116867,16.2150849917768,63.953563370956,11.1003529527011,2.83438575950393,9.04319723857764,1.29620061540814,7.25135358412613,1.42490257117969,4.05213652712216,0.577384138025646,3.6232436530267,0.544297447104437
34.432,110.5908,"DIORITE [27393]",73.2489451806898,143.888330942922,15.9987816387232,63.4970236888708,11.1494473371495,2.84071896005646,8.94602694187172,1.2524478211628,7.16874778784435,1.38963182461476,3.93456080435628,0.566305054765515,3.50475988128752,0.516768410460586
34.4725,110.7433,"DIORITE [27393]",57.3253149586295,128.289950866609,14.8146272350763,59.5719326372531,11.1811381829968,2.83374436590534,9.7536857407933,1.47088778718474,8.74225471875245,1.72584623425614,4.96801047274989,0.714312288361828,4.61044546111687,0.685781027785311
34.4725,110.7433,"DIORITE [27393]",29.4364405313899,62.1718831955524,7.72854276859738,30.516380143349,6.00048838415967,1.61729098116794,5.48395714180378,0.869902379159639,5.41829883853692,1.12532506497089,3.24841577428781,0.496664643844812,3.18992931312731,0.484980739327024
34.4725,110.7433,"DIORITE [27393]",49.3825704775538,107.088430214451,11.7212050902492,44.081624201406,7.82914166133326,1.67488198979441,6.39546549587272,0.959730852052658,5.73553241665688,1.11973074679929,3.36906197083138,0.489278335012189,3.20728120368278,0.506422224070085
34.4746,110.7406,"DIORITE [27393]",108.659753116241,214.426596740137,23.1560898985905,85.675636694696,14.4761172206672,2.54677848223267,11.2113266989501,1.63312470514017,9.59383245718804,1.88543199342391,5.25272052372313,0.782762593113854,5.06402207031535,0.752793490379578
32.5,84.1,"DIORITE [28404]",10.1,21.8,2.95,13.1,3.25,1.05,3.38,0.58,3.58,0.78,2.15,0.33,2.12,0.33
32.5,84.1,"DIORITE [28404]",12.7,27.4,3.54,15.4,3.67,1.16,3.76,0.64,3.93,0.85,2.4,0.37,2.4,0.38
32.5,84.1,"DIORITE [28404]",12.1,25.8,3.42,14.9,3.57,1.14,3.67,0.62,3.86,0.84,2.34,0.37,2.34,0.37
32.5,84.1,"DIORITE [28404]",9.9,21.4,2.94,13.1,3.26,1.06,3.37,0.58,3.63,0.78,2.17,0.33,2.13,0.33
32.5,84.1,"DIORITE [28404]",11.8,24.4,3.24,14,3.42,1.11,3.48,0.59,3.64,0.79,2.25,0.33,2.25,0.36
32.5,84.1,"DIORITE [28404]",11.6,23.9,3.12,13.3,3.21,1,3.17,0.52,3.28,0.7,2.03,0.3,2.06,0.33
32.5,84.1,"DIORITE [28404]",11.3,24,3.25,14.3,3.41,1.03,3.48,0.57,3.58,0.76,2.1,0.32,2.05,0.33
32.5,84.1,"DIORITE [28404]",11.2,24.3,3.15,14,3.19,1,3.33,0.55,3.52,0.76,2.08,0.32,2.12,0.33
32.5,84.1,"DIORITE [28404]",11.4,25.6,3.24,14.7,3.62,1.12,3.71,0.61,3.88,0.82,2.24,0.35,2.2,0.35
32.5,84.1,"DIORITE [28404]",11,23.9,2.97,13.3,3.34,1.13,3.73,0.61,3.77,0.75,2.25,0.35,2.23,0.35
32.5,84.1,"DIORITE [28404]",11,23.2,3,13.6,3.51,1.24,3.9,0.59,3.79,0.77,2.4,0.36,2.28,0.36
32.5,84.1,"DIORITE [28404]",11.9,25.1,3.25,14.2,3.62,1.19,3.75,0.63,3.98,0.79,2.35,0.36,2.34,0.38
32.5,84.1,"DIORITE [28404]",12.5,27.1,3.38,14.7,3.6,1.22,3.72,0.61,3.76,0.78,2.31,0.34,2.21,0.35
32.5,84.1,"DIORITE [28404]",12.3,26,3.32,14.4,3.28,1.14,3.7,0.6,3.85,0.78,2.31,0.36,2.3,0.35
32.5,84.1,"DIORITE [28404]",12.2,26.2,3.26,14.3,3.43,1.26,3.75,0.58,3.54,0.71,2.25,0.34,2.23,0.34
32.5,84.1,"DIORITE [28404]",12,25.5,3.34,14.2,3.35,1.13,3.63,0.59,3.76,0.75,2.22,0.34,2.16,0.35
32.5,84.1,"DIORITE [28404]",10.1,22.4,2.9,12.4,2.91,0.87,2.97,0.5,3.16,0.68,1.95,0.31,2,0.32
32.5,84.1,"DIORITE [28404]",11.8,24.7,3.2,13.4,3.03,0.94,3.01,0.51,3.2,0.7,2.01,0.32,2.11,0.34
32.5,84.1,"DIORITE [28404]",12.5,25.2,3.29,14.2,3.14,0.97,3.15,0.52,3.29,0.71,1.98,0.3,2.07,0.33
32.5,84.1,"DIORITE [28404]",12,24.5,3.18,14,3.1,0.97,3.18,0.52,3.28,0.72,2.02,0.3,2.1,0.33
32.5,84.1,"DIORITE [28404]",12.8,25.9,3.29,14.5,3.16,0.98,3.14,0.52,3.29,0.72,2.03,0.31,2.13,0.34
32.5,84.1,"DIORITE [28404]",12.8,25.7,3.27,14.4,3.2,1,3.26,0.53,3.37,0.73,2.04,0.33,2.12,0.34
32.5,84.1,"DIORITE [28404]",10.7,22.5,2.91,13.3,3.18,1.14,3.61,0.6,3.63,0.77,2.26,0.34,2.26,0.34
32.5,84.1,"DIORITE [28404]",25.7,52.4,6.77,27.5,5.7,1.58,5.21,0.8,4.69,0.97,2.6,0.39,2.42,0.37
32.5,84.1,"DIORITE [28404]",25.2,51.4,6.65,26.8,5.58,1.54,5.07,0.79,4.58,0.94,2.56,0.38,2.43,0.37
32.5,84.1,"DIORITE [28404]",24,47.3,5.99,24,4.91,1.34,4.54,0.68,4.05,0.83,2.24,0.34,2.18,0.33
32.5,84.1,"DIORITE [28404]",20.8,45.8,5.6,22.6,4.79,1.3,4.42,0.68,4.05,0.85,2.32,0.35,2.24,0.34
32.5,84.1,"DIORITE [28404]",23.3,48.5,6.05,24,5.12,1.44,4.49,0.68,4.06,0.84,2.33,0.35,2.26,0.35
32.5,84.1,"DIORITE [28404]",21,42.5,5.48,22.7,5,1.45,4.48,0.69,4.11,0.84,2.3,0.34,2.2,0.34
32.5,84.1,"DIORITE [28404]",17.8,35.9,4.41,17.7,4,1.2,3.94,0.66,4.19,0.89,2.56,0.39,2.58,0.41
32.5,84.1,"DIORITE [28404]",16.5,33.8,4.22,17.3,3.89,1.11,3.87,0.64,4.07,0.88,2.52,0.39,2.52,0.4
32.5,84.1,"DIORITE [28404]",16.1,32.3,4.01,16.5,3.73,1.12,3.62,0.61,3.87,0.84,2.39,0.36,2.43,0.39
32.5,84.1,"DIORITE [28404]",18.5,36.6,4.37,18,3.97,1.29,3.99,0.68,4.29,0.91,2.74,0.41,2.68,0.42
32.5,84.1,"DIORITE [28404]",18.9,37,4.36,17.8,4.07,1.36,4.26,0.69,4.35,0.92,2.81,0.42,2.67,0.42
32.5,84.1,"DIORITE [28404]",18.3,35.9,4.34,17.8,3.89,1.25,4.18,0.7,4.22,0.9,2.69,0.41,2.69,0.41
32.5,84.1,"DIORITE [28404]",18.8,36.8,4.4,18,3.95,1.31,4.08,0.69,4.21,0.93,2.71,0.41,2.65,0.41
32.5,84.1,"DIORITE [28404]",18.9,36.6,4.42,18,3.76,1.23,4.04,0.7,4.35,0.9,2.7,0.41,2.65,0.42
32.5,84.1,"DIORITE [28404]",18.4,36.1,4.25,17.4,3.96,1.25,4,0.69,4.12,0.87,2.71,0.38,2.6,0.42
32.5,84.1,"DIORITE [28404]",20.4,39.7,4.81,20.2,4.16,1.37,4.02,0.58,3.4,0.69,2.02,0.3,1.92,0.31
32.5,84.1,"DIORITE [28404]",26.4,51.5,6.35,25.9,5.39,1.61,5.22,0.72,4.53,0.89,2.48,0.35,2.23,0.33
32.5,84.1,"DIORITE [28404]",25.4,53.5,6.35,26.4,5.58,1.75,5.27,0.75,4.48,0.91,2.62,0.39,2.33,0.37
32.5,84.1,"DIORITE [28404]",24.2,49.9,6.13,25.3,5.36,1.67,5.23,0.75,4.36,0.87,2.48,0.35,2.22,0.33
32.5,84.1,"DIORITE [28404]",23.1,48.8,6.1,25.1,5.12,1.52,4.96,0.78,4.18,0.84,2.41,0.34,2.12,0.33
32.5,84.1,"DIORITE [28404]",24.8,51.2,6.38,26.3,5.61,1.69,5.66,0.81,4.64,0.99,2.71,0.38,2.35,0.36
32.5,84.1,"DIORITE [28404]",23.5,48.6,5.85,24.7,5.03,1.6,4.9,0.74,4.19,0.88,2.46,0.35,2.2,0.33
32.5,84.1,"DIORITE [28404]",21.3,42.1,5.09,21.3,4.64,1.46,4.67,0.68,3.93,0.83,2.3,0.32,2.08,0.32
32.5,84.1,"DIORITE [28404]",21.4,42.7,5.16,22,4.67,1.46,4.79,0.69,4,0.82,2.25,0.34,2.12,0.32
32.5,84.1,"DIORITE [28404]",19.3,40.3,4.92,20.7,4.39,1.37,4.61,0.67,3.92,0.78,2.27,0.33,2.04,0.31
32.5,84.1,"DIORITE [28404]",21.1,43.6,5.3,21.9,4.63,1.39,4.59,0.69,3.92,0.82,2.3,0.33,2.11,0.32
-10.4714,-37.0455,"DIORITE, BIOTITE [28405]",43.5,97,11.37,64.8,11.61,2.26,13.39,2.3,15.4,3.48,10.67,1.58,9.6,1.86
-10.4672,-37.0751,"DIORITE, BIOTITE-QUARTZ [28405]",43.7,87.8,10.72,44.48,8.83,2.09,8.24,1.09,5.85,1.24,3.4,0.49,2.7,0.48
-10.4738,-37.0265,"DIORITE, BIOTITE [28405]",31.3,84.9,12.13,53.82,11.18,2.72,12.18,1.64,9.58,2.14,6.4,0.91,5.2,0.85
-10.4728,-37.0406,"DIORITE, BIOTITE-QUARTZ [28405]",41.4,111.1,13.02,52.2,11.07,2.41,9.81,1.27,6.61,1.44,3.99,0.57,3.4,0.57
-10.4717,-37.0389,"DIORITE, BIOTITE [28405]",202.4,367.7,39.43,131.8,15.62,3.28,12.88,1.55,7.05,1.47,4.26,0.58,3.7,0.62
-10.4412,-37.0677,"DIORITE, QUARTZ [28405]",69.1,131.9,14.97,53.53,8.42,2.06,7.98,0.98,4.62,0.92,2.56,0.34,2,0.58
35.58,98.4,"DIORITE [28424]",61.8,117,13.2,48.2,8.68,2.51,8.78,1.12,5.65,1.1,3.1,0.42,2.61,0.4
35.58,98.4,"DIORITE [28424]",15.7,38.4,5.29,24.7,6.21,2.15,6.7,1.02,5.42,1.02,2.65,0.35,2.06,0.3
35.58,98.4,"DIORITE [28424]",22.9,52.9,7.93,32.7,7.53,1.68,7.68,1.2,7.02,1.4,4.04,0.57,3.58,0.53
35.58,98.4,"DIORITE [28424]",22,42.1,4.47,17,3.47,1.07,3.91,0.6,3.53,0.75,2.26,0.34,2.27,0.36
35.58,98.4,"DIORITE [28424]",16.5,33.2,3.66,14.3,2.99,0.96,3.38,0.52,3.1,0.66,1.97,0.3,1.91,0.3
35.58,98.4,"DIORITE [28424]",66.1,129,14.6,54.5,9.43,2.76,9.33,1.17,5.77,1.12,3.11,0.42,2.65,0.4
23.5,99.8,"DIORITE, QUARTZ [28428]",46.6,98.6,11.6,48.3,10.4,2.32,9.01,1.39,8.27,1.59,4.34,0.604,3.71,0.525
23.5,99.8,"DIORITE [28428]",6.51,21.5,3.04,15.6,4.25,0.982,4.06,0.636,4.23,0.861,2.31,0.363,2.4,0.357
46.1525,10.689,"DIORITE [28438]",34.53,66.02,7.355,31.335,6.045,1.659,4.86,0.6315,3.9,0.7145,1.995,0.274,1.78,0.2495
24,6.5,"DIORITE [14156] / GABBRO [13897]",63.607,122.592,15.793,69.78,13.4,3.909,12.07,1.629,8.586,1.384,3.166,0.354,1.857,0.274
29.2129,94.0608,"DIORITE, QUARTZ [28490]",13.4103974075617,29.5985309575233,3.73845589943789,15.9284723919258,3.48227276890302,1.11830912715156,3.17295005550579,0.480098463511526,2.91464852188741,0.561085591077146,1.50744746416211,0.199773999822055,1.40307729071332,0.222202187633581
29.2081,93.8933,"DIORITE, QUARTZ [28490]",10.2751659531736,21.6512426274747,2.81086470356513,11.9673310358122,2.50144110107265,0.924349105279002,2.42190114256172,0.33247415130297,1.84940333214575,0.362676340588245,0.999485765973158,0.14473181054959,0.91126815962341,0.131379809786376
30.6,80.1,"DIORITE [28496]",17.4,31.7,3.98,15.6,3.04,0.877,2.76,0.471,2.36,0.456,1.12,0.199,1.11,0.137
30.6,80.1,"DIORITE [28496]",18.5,33.5,4.15,16.4,3.18,0.842,2.85,0.507,2.54,0.483,1.2,0.218,1.24,0.154
30.6,80.1,"DIORITE [28496]",18.1,32.7,4.1,16.1,3.09,0.895,2.79,0.48,2.39,0.45,1.12,0.199,1.18,0.151
30.6,80.1,"DIORITE [28496]",16.2,29.6,3.69,14.6,2.91,0.783,2.56,0.451,2.22,0.425,1,0.184,1.07,0.136
30.6,80.1,"DIORITE [28496]",18.4,33.4,4.17,16.3,3.24,0.858,2.87,0.511,2.51,0.475,1.2,0.211,1.23,0.147
30.6,80.1,"DIORITE [28496]",19.7,36.1,4.46,17.5,3.46,0.804,3.12,0.552,2.76,0.517,1.25,0.226,1.27,0.162
30.6,80.1,"DIORITE [28496]",17.4,31.3,3.92,15.3,3.02,0.815,2.73,0.474,2.36,0.441,1.1,0.188,1.09,0.131
30.6,80.1,"DIORITE [28496]",18.6,32.6,3.91,15.1,2.94,0.787,2.63,0.469,2.36,0.457,1.17,0.219,1.28,0.169
30.6,80.1,"DIORITE [28496]",20.5,34.9,4.06,15,2.76,0.78,2.55,0.433,2.14,0.414,1.05,0.194,1.18,0.15
30.6,80.1,"DIORITE [28496]",19.7,34.4,4.02,14.8,2.74,0.77,2.47,0.419,2,0.402,1.03,0.179,1.16,0.153
30.6,80.1,"DIORITE [28496]",18.7,31.3,3.81,14,2.51,0.743,2.28,0.399,1.96,0.395,1.06,0.182,1.14,0.151
30.6,80.1,"DIORITE [28496]",20.8,35.7,4.18,15.6,2.79,0.789,2.51,0.427,2.06,0.407,1.07,0.193,1.18,0.153
30.6,80.1,"DIORITE [28496]",20.5,34.7,4,14.6,2.68,0.77,2.4,0.412,1.93,0.378,0.978,0.173,1.05,0.14
30.6,80.1,"DIORITE [28496]",20.6,34.9,4.18,15.4,2.82,0.804,2.58,0.433,2.02,0.405,1.04,0.182,1.13,0.155
29.7009,91.5133,"DIORITE, QUARTZ [28511]",18.9694598504935,38.1765798591969,4.40683078686772,17.9377069385572,3.96030336824555,1.05344087157658,3.82220030019748,0.60584943984435,3.82013042161075,0.773584999061308,2.34941854055615,0.355104943900443,2.29507981876932,0.360593068537266
29.7017,91.5095,"DIORITE, QUARTZ [28511]",15.7114723684802,32.2285533845556,3.87678465463344,15.8078205608788,3.60993965798305,0.980062502697965,3.56587638520722,0.562956795127699,3.4871245846965,0.67196143575193,1.93257380829135,0.285159942511249,1.91658193124092,0.285434877249555
29.7078,91.5242,"DIORITE [28511]",12.8519853168263,23.9334360368086,3.23201535540794,13.3340399913698,3.25369413684466,0.903421888259964,3.34326244298166,0.54530496071717,3.58995256883988,0.718718514737633,2.02373527187228,0.306027391625206,2.05806123674512,0.313876419676534
29.7078,91.5242,"DIORITE [28511]",10.3235212997186,19.8042075389814,3.21041613822129,13.5705850247979,3.36624712735386,1.03856988258158,3.46510584435392,0.576140169449324,3.90157717347597,0.760550987894914,2.20066287452039,0.323104274900721,2.22320018469403,0.305766542253725
29.7078,91.5242,"DIORITE [28511]",10.5080125657605,20.1414270438384,3.02578502772058,12.4548724840332,3.18782346266097,0.9877904735516,3.4247985172638,0.584501814282399,3.61937057070789,0.722154334334243,2.09237895530873,0.336904657674334,1.9865704745727,0.315686477156037
31.5,90.2,"DIORITE [28523]",35.4,68.2,7.94,29.9,5.52,1.2,5.07,0.784,4.5,0.954,2.65,0.394,2.55,0.402
31.5,90.2,"DIORITE [28523]",34.4,67.7,7.57,27.1,5.29,1.14,4.62,0.75,4.55,0.89,2.54,0.377,2.46,0.38
31.5,90.2,"DIORITE [28523]",36.1,69,8.03,29.9,5.64,1.23,5.12,0.792,4.58,0.957,2.65,0.391,2.53,0.401
31.5,90.2,"DIORITE [28523]",34,66.9,7.59,27.2,5.63,1.15,4.55,0.74,4.49,0.88,2.53,0.357,2.49,0.38
31.5,90.2,"DIORITE [28523]",37,68.9,7.85,28.6,5.12,1.16,4.73,0.718,4.12,0.883,2.4,0.355,2.32,0.357
32,100,"DIORITE [28535]",17.95,30.24,3.4,12.07,2.79,0.92,2.75,0.42,2.57,0.51,1.54,0.23,1.47,0.24
32,100,"DIORITE [28535]",26.95,53.22,6.16,22.17,4.55,1.17,4.46,0.71,4.14,0.84,2.53,0.4,2.51,0.4
69.065,27.9846,"DIORITE, QUARTZ [28562]",18.9,45.3,5.3,21.4,4.49,1.11,5.05,0.83,4.79,0.95,2.76,0.41,2.7,0.43
42.3099,94.9521,"DIORITE [28595]",8.96769506383232,23.8674144351504,3.79022164748312,19.1285691300513,5.7837990873927,1.98544708854687,6.72504832567609,1.05216664692049,6.78389837633535,1.43769349842257,4.09710308974019,0.591274052043709,4.00469118665477,0.554819576398777
42.183,94.1695,"DIORITE [28595]",10.1861123536759,25.7017280496463,3.32481672771679,15.2782275593893,3.98498449925484,1.16102552295343,4.04242599070383,0.660638297558084,3.93550479984948,0.826237553843612,2.34769404964595,0.358010057457297,2.38429325455405,0.344707809425712
42.183,94.1695,"DIORITE [28595]",9.86131583611625,23.1715253251391,3.18375861562781,14.4916692373383,3.83129753141305,1.07579227946309,3.73124648896223,0.60342497266992,3.66022781694238,0.742831177590922,2.16833739644459,0.335182273361376,2.20141448975055,0.309382357532964
42.1823,94.1672,"DIORITE [28595]",10.0169157997357,21.8682818598191,2.82391289977839,13.1569467177438,3.46357745291704,1.03281713627582,3.93736397331678,0.665690330905655,4.000500857118,0.848411196154507,2.47616813889248,0.390210649581183,2.53026758968052,0.395487123385319
42.1813,94.1677,"DIORITE [28595]",11.8139540455541,27.8077514026753,3.42498692891801,15.8161942278871,4.07810134279226,1.18728115654416,4.55113577541443,0.772649998644756,4.58677752863528,0.958631807026117,2.83266841192058,0.452837383894139,2.91644580958706,0.462610099883559
31,111,"DIORITE [28602]",31.3,71,8.6,35.6,6.12,1.64,5.08,0.69,3.65,0.7,1.94,0.3,2.06,0.3
31,111,"DIORITE [28602]",3.13,7.42,1.02,5.14,1.48,0.58,1.48,0.28,1.88,0.38,1.04,0.16,1.09,0.16
31,111,"DIORITE [28602]",10.7,27.6,3.72,17.2,4.22,1.26,3.92,0.7,4.43,0.92,2.5,0.4,2.64,0.37
31,111,"DIORITE [28602]",8.99,22.72,3.44,14.34,3.55,1.05,3.32,0.54,3.52,0.74,2.03,0.32,1.95,0.31
31,111,"DIORITE [28602]",67,141,15.4,57.7,9.17,2.32,7.34,0.86,3.92,0.71,1.99,0.29,1.86,0.25
31,111,"DIORITE [28602]",2.99,7.23,1,5.04,1.44,0.59,1.42,0.28,1.84,0.38,1.04,0.16,1.04,0.15
31,111,"DIORITE [28602]",9.22,21,3.51,15.2,3.57,1.26,2.96,0.48,2.67,0.49,1.25,0.2,1.23,0.17
31,111,"DIORITE [28602]",6.86,14.8,2.61,12.7,3.31,1.24,2.89,0.49,2.81,0.51,1.25,0.2,1.16,0.16
35.3,94.3,"DIORITE [28606]",45.0660732707579,81.0773524866554,8.43168284452049,29.1088448465565,4.82010127226602,1.19227456390199,3.78779204346268,0.534124341307991,2.89687646033043,0.551434466347374,1.46239055156543,0.210872440996939,1.41667124545196,0.209898163904124
35.3,94.3,"DIORITE [28606]",32.407692081685,61.8906843568345,6.97101733155133,25.8817800688293,4.48934989231977,1.23558702019309,3.56225833007695,0.496243052279071,2.65337457151954,0.491758089619607,1.32329081923181,0.187160349255849,1.11927221864304,0.175756747900823
35.3,94.3,"DIORITE [28606]",37.967661579179,67.1874226301151,7.14697405129334,25.2701164480603,3.91390043156036,1.07947450326478,3.13889209531874,0.43019552049571,2.37078945342303,0.430118358883123,1.15876142736006,0.154825527600687,1.08663787051562,0.167652281177289
35.3,94.3,"DIORITE [28606]",37.0982288139277,66.9523753708137,7.21161230963259,25.1707619826473,4.17756673309303,1.09479976749646,3.38293357950485,0.451454997628334,2.43152263910564,0.442101798009701,1.20091850753907,0.175475398674292,1.04242309078291,0.171628592071143
35.3,94.3,"DIORITE [28606]",37.9994224097256,66.782465139347,7.04699991118192,24.3405805873102,3.76151325102885,1.0190057097786,3.01129422060782,0.374467103860539,1.81702748783989,0.321386212541057,0.85062672547448,0.110499561703716,0.740116130215006,0.118515725474428
35.3,94.3,"DIORITE [28606]",45.7431808351744,85.399470065644,8.73713734536998,30.8392788056047,5.02618733240705,1.24461906019031,4.19156403963332,0.560869772511979,3.03181871566909,0.579411360066911,1.56822023983063,0.225799457702049,1.40014389004278,0.232510059180773
35.3,94.3,"DIORITE [28606]",45.4385120663349,84.7663322857025,8.77754067223442,30.2849455097226,5.14856122467123,1.29705225661019,4.04476978353626,0.552058399924436,2.92560252941614,0.582718264994601,1.51810910763235,0.213071437101658,1.35786538539444,0.21041518335207
35.3,94.3,"DIORITE [28606]",36.6411770715226,64.9179600551677,7.00839363813169,24.8721719834525,4.00875330910132,1.01106046863099,3.30689987527525,0.446276226642686,2.31027012348951,0.447469322131117,1.25059182577864,0.182381020469164,1.15921230562973,0.18615614065624
35.3,94.3,"DIORITE [28606]",43.8531300665727,80.499240383056,8.40467024258392,29.6662585345733,4.78210439203145,1.29133449728671,4.16492584631289,0.555211472775215,2.97425719814114,0.562585306381778,1.56882022828097,0.21536823641034,1.30011559242017,0.224271821039474
35.3,94.3,"DIORITE [28606]",39.6401761100565,71.854517580234,7.84953754807502,28.2587388026005,4.98815736273534,1.29224313318431,3.86484523858556,0.569465928141483,3.08531371486391,0.572329426381606,1.53269830026342,0.226385444015326,1.43394256409957,0.20307198785547
35.3,94.3,"DIORITE [28606]",42.3008455201667,76.3994222331992,8.28518046176052,30.1425539833038,5.31252806294578,1.29102457555448,3.86650990418222,0.567994780344185,2.96621826277556,0.562911800353505,1.55423041786649,0.218377218952576,1.43743094657127,0.208344944003684
31.8,114.6,"DIORITE [28614]",9.23,18.67,2.28,10.15,2.64,0.93,2.63,0.51,2.99,0.64,1.85,0.27,1.91,0.29
31.8,114.6,"DIORITE [28614]",12.6,24.75,2.51,9.61,1.96,0.59,1.9,0.36,2.1,0.43,1.34,0.2,1.51,0.24
31.8,114.6,"DIORITE [28614]",12.03,25.57,2.85,11.77,2.72,0.8,2.74,0.51,3,0.62,2.02,0.29,2.13,0.33
31.8,114.6,"DIORITE [28614]",10.35,20.04,2.45,10.92,2.55,0.92,3.02,0.53,3.19,0.68,1.9,0.29,1.94,0.3
31.8,114.6,"DIORITE [28614]",13.72,29.69,3.41,14.35,3.25,1.04,3.26,0.59,3.71,0.79,2.36,0.34,2.41,0.36
31.8,114.6,"DIORITE [28614]",10.94,22.74,2.64,11.21,2.74,0.97,2.82,0.51,3.08,0.68,1.95,0.29,1.99,0.32
31.8,114.6,"DIORITE [28614]",16.36,38.16,4.68,20.66,5.19,1.11,5.12,0.95,5.88,1.22,3.86,0.58,3.97,0.59
31.8,114.6,"DIORITE [28614]",11.8,28.1,3.6,15.8,3.88,0.98,3.81,0.69,4.53,1.03,3.08,0.48,3.34,0.55
31.8,114.6,"DIORITE [28614]",12.9,26.6,3.09,12.5,2.87,0.92,2.91,0.51,3.15,0.71,2.15,0.32,2.18,0.37
35.8861,97.5195,"DIORITE, QUARTZ [28617]",46.5484867067113,86.0016979192529,8.0099469634007,31.3601319912636,5.61648372745087,1.341080754182,5.45766188195467,0.810149068877347,4.909618709332,1.01496907024584,2.96906486216099,0.44,2.54,0.41257673917132
36,97.5,"DIORITE, QUARTZ [28617]",19.3167171873438,48.1342979647394,5.44696299827682,24.7075813496645,5.33912998019267,1.30017425569798,5.30365022320541,0.81187352498593,4.94668883690804,1.01580446125341,2.98765579764331,0.44,2.5,0.405331953007136
36,97.5,"DIORITE, QUARTZ [28617]",27.7632795082782,48.4912592213336,4.78958491396152,18.8347882483012,3.44685093001348,0.953025938176807,3.29988738351923,0.493130264019183,2.98111061732737,0.614095040341921,1.79747006935287,0.26,1.47,0.245729013694768
35.8866,97.5191,"DIORITE, QUARTZ [28617]",14.2171847431822,34.3739792310798,4.42917201238978,21.0143872385381,4.44058725347908,1.15295155196458,4.3544917207275,0.650865180689027,3.86858750923329,0.7725918704224,2.24325033886528,0.33,1.84,0.298163696866986
36,97.5,"DIORITE, QUARTZ [28617]",17.0986057663811,38.7977613500476,4.3843955549424,20.0713267264644,4.22124230239771,1.21078887730331,4.19009305123309,0.613666087974656,3.68656816536843,0.754864001342612,2.18651628366489,0.31,1.8,0.294956107664152
48.1481,86.5736,"DIORITE [28646]",6.06669149994609,15.1201100510806,2.19274489708214,10.96427665378,3.21418664173397,1.24605154207573,4.25126990370687,0.714037104780111,4.81159158103336,0.979830583335981,2.83053474078432,0.418084744491372,2.63433757561129,0.378586101806904
48.1481,86.5736,"DIORITE [28646]",5.64061544060852,13.9904511927194,2.06288635088563,9.93669773494662,3.06041294425303,1.13727504569539,3.72246807632251,0.669816843010393,4.33941031291058,0.991712865264132,2.64145529447767,0.394885138379549,2.53380803771748,0.37145746209033
48.1481,86.5736,"DIORITE [28646]",1.36086386935257,3.52579005166489,0.510445476332276,2.94025701474353,1.07343450948417,0.43786084024417,1.55094373625627,0.316337086418471,2.04410744262205,0.496184554242593,1.39112789132264,0.212013530338292,1.42599375874987,0.208542310242376
48.1442,86.5742,"DIORITE [28646]",7.02806393847964,18.2686418763313,2.71900527828225,13.6083707987792,4.19091880551345,1.52466192585324,5.09875695715571,0.966623685149567,5.98713665676674,1.35223241047556,3.83400985118928,0.56718330147079,3.61265715990317,0.539308558225216
48.1442,86.5742,"DIORITE [28646]",7.08300645814156,17.7384800516337,2.65999023613751,13.4239037747741,4.17329806334137,1.57777947075479,5.59208399906632,0.971851129612231,6.2168716511236,1.37813659946335,3.67871160765012,0.575686081708088,3.66510682913041,0.549400104085332
62.2823166666667,25.81075,"DIORITE, HORNBLENDE-ORTHOPYROXENE [28652]",40.6,65.7,8.73,35.7,7.3,1.72,7.1,1.03,6.24,1.23,3.69,0.522,3.88,0.511
33.2,130.1,"DIORITE [9702]",6.3,14.6,1.78,8.68,2.47,0.79,2.74,0.5,3.17,0.7,2.09,0.31,1.78,0.26
33.2,130.1,"DIORITE [9702]",5.7,12.7,1.61,8.43,2.4,0.81,2.73,0.52,3.19,0.64,1.8,0.26,1.64,0.24
33.3,131.3,"DIORITE [9702]",11.9,25,2.94,12.2,3.13,1.01,3.26,0.59,3.54,0.73,2.24,0.33,2.01,0.29
37.9673,44.7457,"DIORITE [28680]",13.3,34.5,4.48,20,5.02,1.43,5.47,0.87,5.19,1.11,3.08,0.44,2.68,0.42
37.9642,44.7403,"DIORITE [28680]",5.952,16.26,2.489,12.12,3.357,1.121,4.059,0.655,4.105,0.871,2.442,0.355,2.286,0.331
37.9623,44.7306,"DIORITE [28680]",3.656,10.14,1.646,8.909,3.043,0.71,3.745,0.637,4.228,0.888,2.43,0.371,2.323,0.334
37.9809,44.7017,"DIORITE [28680]",6.998,18.18,2.602,11.42,2.873,0.987,3.22,0.512,3.187,0.67,1.925,0.288,1.852,0.277
38.0023,44.6382,"DIORITE [28680]",10.52,26.63,3.659,15.53,3.826,1.102,4.222,0.668,4.227,0.874,2.481,0.365,2.389,0.364
38.0007,44.6291,"DIORITE [28680]",3.908,10.34,1.636,7.934,2.32,0.878,2.779,0.462,2.89,0.613,1.741,0.258,1.619,0.239
38,45,"DIORITE [28680]",9.92,24.33,3.225,13.54,3.324,1.059,3.746,0.601,3.682,0.774,2.194,0.335,2.108,0.325
38,45,"DIORITE [28680]",6.959,17.82,2.608,11.81,3.103,1.002,3.48,0.553,3.4,0.704,1.965,0.288,1.816,0.269
38.2,73.5,"DIORITE, QUARTZ  [28682]",53.4,108,12.15,46.1,9.01,1.37,7.32,1.02,5.28,0.88,2.16,0.28,1.55,0.21
41.67,125.2,"DIORITE, QUARTZ [28696]",23,48,5.68,23,4.3,1.16,4.59,0.608,3.61,0.708,2.11,0.304,2.15,0.324
42.3,124.9,"DIORITE, QUARTZ [28696]",15.8,40,5.65,27,6.69,1.144,6.55,0.96,5.51,0.984,2.92,0.372,2.41,0.318
41.9,123.8,"DIORITE, QUARTZ [28696]",11.4,26,3.46,16.6,3.33,0.928,3.33,0.462,3.12,0.526,1.66,0.214,1.674,0.24
32.6,52.5,"DIORITE [28697]",14.11,31.91,4.19,17.99,4.55,1.2,4.69,0.78,5.28,1.17,3.18,0.47,3.19,0.49
32.6,52.5,"DIORITE [28697]",17.16,35.9,4.61,19.23,4.83,1.13,4.84,0.82,5.48,1.23,3.33,0.49,3.43,0.53
32.6,52.5,"DIORITE [28697]",12.98,28.26,3.75,16.15,4.23,1.03,4.49,0.79,5.29,1.19,3.22,0.48,3.33,0.5
32.6,52.5,"DIORITE [28697]",15.78,32.1,3.95,16.16,3.82,0.83,3.82,0.64,4.25,0.94,2.57,0.38,2.7,0.41
32.6,52.5,"DIORITE [28697]",17.4,40,5.2,22.1,5.61,1.28,5.65,0.95,6.34,1.4,3.76,0.56,3.81,0.6
32.6,52.5,"DIORITE [28697]",11.84,24.31,3.03,12.44,3.06,0.86,3.12,0.54,3.6,0.81,2.27,0.34,2.43,0.38
32.6,52.5,"DIORITE [28697]",9.12,21.94,3.02,13.15,3.95,1.01,4.84,0.75,5.1,1.15,3.16,0.48,3.3,0.51
32.6,52.5,"DIORITE [28697]",14.85,31.63,4.02,16.27,3.88,0.87,3.84,0.65,4.22,0.93,2.6,0.38,2.73,0.42
32.6,52.5,"DIORITE [28697]",14.82,33.39,4.28,17.95,4.51,0.96,4.54,0.76,5.08,1.12,3.09,0.45,3.13,0.48
32.6,52.5,"DIORITE [28697]",17.18,36.39,4.56,18.24,4.34,0.92,4.17,0.71,4.61,1.01,2.79,0.41,2.93,0.45
32.6,52.5,"DIORITE [28697]",14.13,29.76,3.72,15.01,3.68,0.8,3.65,0.62,4.17,0.94,2.62,0.39,2.75,0.42
41.0497,32.2627,"DIORITE, QUARTZ [28702]",3.2,6.3,0.83,2.8,0.96,0.31,1,0.2,1.14,0.26,0.76,0.17,0.97,0.19
41.0271,32.1076,"DIORITE, QUARTZ [28702]",5.4791360540895,13.509929501658,2.16295538317634,9.55862847780435,2.96927945691434,0.432768776086853,3.67848646143939,0.672878556627125,4.75494776282017,1.08269060587315,3.36945789744669,0.548821459908935,3.84580935353529,0.592453762765945
58,-4.2,"DIORITE [28719]",123.3,245.9,26.4,102.45,16.73,3.55,11.35,1.09,4.38,0.67,1.75,0.21,1.29,0.19
58,-4.2,"DIORITE [28719]",91.1,227,27.21,108.33,17.84,4.11,12.64,1.39,6.22,1,2.62,0.32,1.91,0.27
40.4,118.6,"DIORITE [28743]",53.5,99.6,11.5,42.3,6.69,1.88,4.69,0.6,2.94,0.58,1.42,0.2,1.18,0.19
40.3646,118.6014,"DIORITE [28743]",69.4,126.5,13.95,50.3,7.69,2.18,5.64,0.74,3.72,0.66,1.76,0.24,1.46,0.22
31.0311,89.7619,"DIORITE [28745]",10.22,22.61,2.746,10.76,2.488,1.008,2.772,0.4424,2.663,0.5783,1.617,0.2358,1.438,0.2141
31.0311,89.7619,"DIORITE [28745]",10.92,25.14,3.22,13.12,3.236,0.9532,3.443,0.5459,3.225,0.6755,1.864,0.2555,1.557,0.2279
31.0311,89.7619,"DIORITE [28745]",10.18,24.14,3.122,12.98,3.472,0.8175,3.959,0.6575,3.976,0.8429,2.358,0.3414,2.072,0.3038
31.0311,89.7619,"DIORITE [28745]",12.23,28.83,3.505,14.33,3.546,1.008,3.927,0.6255,3.647,0.7545,2.059,0.2841,1.665,0.2402
31.0311,89.7619,"DIORITE [28745]",11.31,25.52,3.103,12.63,3.138,0.9596,3.471,0.5581,3.421,0.7177,2.039,0.2761,1.722,0.2596
31.0311,89.7619,"DIORITE [28745]",14.01,30.37,3.841,15.77,3.894,1.123,4.449,0.7094,4.106,0.8427,2.274,0.3106,1.851,0.279
31.0311,89.7619,"DIORITE [28745]",13.12,28.68,3.685,15.31,3.789,1.006,4.243,0.6785,3.974,0.8347,2.213,0.3076,1.818,0.256
31.0311,89.7619,"DIORITE [28745]",12.6548,22.988,2.8198,11.2516,2.5668,0.943332314773043,2.8062372,0.4424,2.6364,0.5324,1.5478352,0.2168,1.4086,0.182982456140351
31.0311,89.7619,"DIORITE [28745]",13.0744004132231,24.8844785950413,3.20932561983471,13.7190666942149,3.30936694214876,0.922298224640136,3.74642875160331,0.583440991735537,3.40760752066116,0.675679090909091,1.90987892018182,0.256105785123967,1.64347884297521,0.207103088299261
31.0311,89.7619,"DIORITE [28745]",11.5630270616493,23.3159301040833,3.04381801441153,13.3631473979183,3.42897213771017,0.78075785326412,4.06230101063251,0.658863650920737,4.06882818254604,0.823529543634908,2.37421422571657,0.330732345876701,2.11344571657326,0.27642640428132
31.0311,89.7619,"DIORITE [28745]",15.1134281959379,28.2134540023895,3.58765527678216,15.2419304659498,3.66491676622859,0.988668454265892,4.15216694990044,0.658323934687376,3.90070442054958,0.761806292313819,2.11287183338909,0.286027638391079,1.78201823974512,0.222457747315321
31.0311,89.7619,"DIORITE [28745]",15.5163725474031,28.4808723000824,3.61014525968673,15.4760380049464,3.88087559769167,1.0620076003439,4.63690838008244,0.718891920857378,4.20762613355317,0.827876669414674,2.28357458888706,0.302916488046167,1.92689109645507,0.255530727064983
31.0311,89.7619,"DIORITE [28745]",15.1819785428343,28.1408301040833,3.64072377902322,15.6204291433147,3.88510936749399,0.979868935826999,4.47512570465973,0.69707029623699,4.08859695756605,0.811745076060849,2.25127759513211,0.300720576461169,1.85745076060849,0.233717921705786
38.008,71.8153,"DIORITE [28766]",31.361052822862,65.6086935136998,7.54290822975038,29.2112360912131,5.81624209157476,1.14354435575461,5.38995396634426,0.914771446970228,5.08692612885688,1.0092368777906,2.96561984087928,0.438858909794894,3.01902193113696,0.474756409131558
38.008,71.8153,"DIORITE [28766]",11.3615346451256,24.1235702699475,2.79681177305019,10.2789032727523,1.93347912170289,0.482932213289068,1.6749602734305,0.236425784375062,1.37808529105424,0.260544050321452,0.88330188696071,0.141603938116156,1.04110089159633,0.181181451088275
38.008,71.8153,"DIORITE [28766]",21.9806212308967,38.7225201786831,3.88009157755903,13.9011731497232,2.93430282575554,1.02625642349316,2.71022255432616,0.400840916782231,2.41192515125099,0.444247476365387,1.33952123991598,0.175796148331783,1.24079666045655,0.182767559093493
38.008,71.8153,"DIORITE [28766]",29.5227298747314,48.3599100068157,4.39521283437733,14.115176029918,2.57600282759883,1.02329113239955,2.31542812814612,0.346016734957634,1.994656297541,0.350198880567493,1.11902075143724,0.163120641356253,1.11897210364956,0.162361762411814
38.008,71.8153,"DIORITE [28766]",17.8115466445151,33.8573461567862,3.83780437012294,14.9247539293565,3.07379318529417,0.936592240168174,2.77316518836523,0.441892872037219,2.41382990262991,0.421543471656482,1.33417053529743,0.186885168517741,1.23730798576788,0.173840890671703
37.7619,71.5337,"DIORITE [28766]",37.7711310201941,80.3936199190526,9.16491077901045,36.3137626421058,7.1604300382767,1.23641101314061,5.66298611606243,0.850209892135047,5.0724354588196,0.963492105205598,2.85577528613489,0.412834927156235,2.58174843705445,0.389524157821583
37.7619,71.5337,"DIORITE [28766]",36.538722888142,72.584697545163,8.48479715728365,30.7602568059188,6.12856637133642,1.46609231899604,4.99561185526241,0.863238837292708,4.99678419598657,0.972182663880322,2.59062529071116,0.370341842484993,2.48301405377266,0.357444687217929
37.7619,71.5337,"DIORITE [28766]",26.7588198736161,66.0663770376123,8.04021301159549,32.7552929498287,7.3428456811419,1.67990588605123,5.7410232397029,0.926505410401831,5.4764373131863,1.06630658981398,3.04111439052089,0.45237019922084,2.93076930597703,0.422204460197554
37.7619,71.5337,"DIORITE [28766]",34.6493993851387,62.5381369730705,7.06629352429632,25.2357214915716,4.68275284786217,1.76328255694201,3.97084004955968,0.606404361887294,3.36455253572091,0.643651742003772,1.75605122268736,0.247228807201658,1.62695006055734,0.239835611760612
37.7464,71.5463,"DIORITE [28766]",27.9790179575782,54.0765726195226,6.02283080736846,22.5782735687903,4.22694052105921,0.993395651229162,3.68175556189162,0.569724869197751,3.20545502080467,0.591569302160967,1.70140484837444,0.253359084466604,1.6772135223118,0.245624362294922
12.61,53.6,"DIORITE [28767]",40.1,98.9,13.8,60.51,12.24,3.7,9.86,1.35,7.67,1.42,3.82,0.54,3.5,0.53
12.61,53.6,"DIORITE [28767]",22.6,47.3,6.28,26.73,5.32,1.77,4.26,0.57,3.14,0.57,1.52,0.22,1.37,0.21
11.039,-73.66,"DIORITE [28773]",33.4,64.5,7.17,23.7,4.2,1.02,3.1,0.57,2.8,0.56,1.85,0.27,1.78,0.25
11.039,-73.66,"DIORITE [28773]",14.5,31.7,4.32,16.6,3.48,1.09,3.03,0.51,2.59,0.48,1.51,0.25,1.45,0.23
11.039,-73.66,"DIORITE [28773]",17.4,41.1,5.29,22.1,4.63,1.38,3.92,0.69,4.13,0.76,2.21,0.35,2,0.3
11.039,-73.66,"DIORITE [28773]",9.6,23,3.35,13.7,3.45,1.01,3.07,0.58,3.36,0.66,1.94,0.34,1.93,0.32
11.039,-73.66,"DIORITE [28773]",25.6,49.1,5.6,21,3.5,0.98,2.77,0.5,2.39,0.48,1.41,0.23,1.31,0.22
11.039,-73.66,"DIORITE [28773]",25.1,48.4,5.53,18.5,2.9,0.84,1.81,0.34,1.66,0.33,1,0.15,1.1,0.18
11.039,-73.66,"DIORITE [28773]",18.3,38.9,5.29,19.3,4.52,1.02,3.96,0.69,3.56,0.77,2.25,0.39,2.34,0.36
11.039,-73.66,"DIORITE [28773]",31,53.7,6.05,18.9,3.05,0.81,2.35,0.4,2.12,0.41,1.13,0.2,1.26,0.19
11.039,-73.66,"DIORITE [28773]",24.4,47.4,5.72,21.4,4.19,0.97,3.23,0.6,3,0.62,1.83,0.3,1.94,0.29
11.039,-73.66,"DIORITE [28773]",16.1,32.5,4.57,16.965,3.238,1.21,3.48,0.53,2.92,0.57,1.58,0.25,1.59,0.25
11.039,-73.66,"DIORITE [28773]",18.4,35,4.47,17.783,3.314,0.99,3.39,0.55,3.19,0.62,1.76,0.29,1.64,0.25
11.039,-73.66,"DIORITE [28773]",14.3,27.5,3.58,11.757,2.433,1.02,2.77,0.43,2.57,0.48,1.35,0.21,1.36,0.2
11.039,-73.66,"DIORITE [28773]",14.3,28.2,3.66,15.1,3.09,0.97,2.85,0.48,2.61,0.53,1.54,0.25,1.52,0.23
44.3368,91.8568,"DIORITE [28772]",14.043615687881,33.4111011069825,4.28596209903489,19.268246761504,4.20149403824447,1.17069612493341,3.55469734197795,0.521347844907492,2.93618947491166,0.57108108471117,1.5249786994817,0.224610178080137,1.38168638807288,0.205226871700103
44.3368,91.8568,"DIORITE [28772]",15.030560439453,33.8717025774204,4.36424912421587,19.4877991823837,4.25626606434153,1.17469468378563,3.45017619177281,0.50563382976172,2.88948298880062,0.558817507012164,1.4947546334935,0.212745669878255,1.33322653068433,0.198606863183258
44.3368,91.8568,"DIORITE [28772]",13.8793046574109,31.5154987549025,4.01514125103494,17.7937131271094,3.90637807012562,1.11581199797561,3.3089876553239,0.467485740700164,2.68540100999536,0.51520930089874,1.37448572924958,0.200350139245507,1.23262385065128,0.180869679039757
-20.27171,-41.18789,"DIORITE [28775]",168.571728601013,366.850282101227,41.98885731708,158.162473248729,23.387358232742,5.93158692427411,14.0509902131825,1.57556615790695,7.6735657029488,1.27135032100454,2.98475313201006,0.34707548743945,2.55139596665873,0.340676731857947
6.51368611111111,-72.846675,"DIORITE, QUARTZ [28783]",7.14,15.2,2.32,9.5,2.56,0.922,2.3,0.4,2.35,0.44,1.3,0.194,1.21,0.187
6.57434722222222,-75.8386333333333,"DIORITE, QUARTZ [28783]",7.98,16.5,2.29,8.86,2.02,0.78,1.84,0.33,2,0.41,1.22,0.184,1.24,0.19
32.25,52,"DIORITE [28788]",13.41,27.52,3.16,12.4,2.98,0.94,3.06,0.54,3.36,0.71,2.08,0.35,2.38,0.37
33.5,49.75,"DIORITE [28788]",25.7491175040049,55.176884829795,6.05888341869183,24.2713579182486,5.14911511667433,1.18035632983755,4.86935228552898,0.765166767265194,4.52541266074716,0.909635073898107,2.46785261396649,0.343728006761907,2.17953073174545,0.320856660809608
33.5,49.75,"DIORITE [28788]",21.7252422675946,45.8409866100416,4.96700218671061,19.1057362565162,3.73310026589039,0.917121465472688,3.1487098240942,0.505389236691951,2.99705837582502,0.605578718878852,1.69099472654569,0.261729545941342,1.81781212399484,0.283277394302186
35.45,99.4,"DIORITE, QUARTZ [28797]",44.8,88.2,9.7,34.7,6.7,1.35,5.88,0.96,5.77,1.16,3.31,0.51,3.4,0.5
35.45,99.4,"DIORITE, QUARTZ [28797]",34.5,78,9.63,36.7,7.77,1.62,7.09,1.13,6.89,1.38,3.9,0.61,4.09,0.62
35.9,97.9,"DIORITE, QUARTZ [28798]",21.909567796009,40.7566000307634,4.67251282092918,18.0826483745335,3.51327928742686,1.25982034977252,3.19110148601379,0.463966341435049,2.79388508290299,0.513894828231029,1.42114347663262,0.211056665081478,1.30245424210793,0.196880576542024
-41.203189,-71.478334,"DIORITE, AMPHIBOLE-BIOTITE [28804]",26.5,59.3,6.7,26.2,5.9,1.5,5.7,0.89,5.2,1.07,3.1,0.44,2.9,0.45
-41.203189,-71.478334,"DIORITE, AMPHIBOLE-BIOTITE [28804]",18.4,40.8,5,19.6,4.5,1.2,4.2,0.64,3.8,0.78,2.2,0.29,2,0.3
-41.203189,-71.478334,"DIORITE, AMPHIBOLE-BIOTITE [28804]",24.5,53.6,6.6,26.3,6.1,1.5,5.7,0.88,5.1,1.05,3,0.41,2.8,0.43
-41.203189,-71.478334,"DIORITE, AMPHIBOLE-BIOTITE [28804]",29.6,67.2,8.6,36.2,7.9,2.2,6.5,0.86,4.6,0.89,2.5,0.32,2.2,0.34
33.4,52.4,"DIORITE [28818]",12.35,26.52,3.59,14.43,3.59,0.35,2.14,0.36,2.12,0.46,1.26,0.19,1.3,0.2
33.4,52.4,"DIORITE [28818]",17.14,35.63,4.37,18.18,4.37,0.46,2.47,0.41,2.44,0.53,1.48,0.22,1.54,0.24
33.4,52.4,"DIORITE [28818]",14.93,30.22,3.6,14.98,3.6,0.32,2.12,0.36,2.11,0.47,1.27,0.19,1.33,0.17
33.4,52.4,"DIORITE [28818]",11.86,25.87,3.89,14.88,3.89,0.46,2.33,0.4,2.41,0.53,1.47,0.22,1.55,0.24
33.4,52.4,"DIORITE [28818]",18.93,37.12,3.57,16.66,3.57,0.29,1.97,0.32,1.79,0.38,1.05,0.16,1.12,0.18
33.4,52.4,"DIORITE [28818]",14.22,30.79,4.07,16.34,4.07,0.42,2.34,0.39,2.35,0.51,1.41,0.21,1.47,0.23
41.73,94.22,"DIORITE, QUARTZ [28833]",30,65,7.91,31.9,6.47,1.58,5.11,0.76,3.99,0.79,2.21,0.32,2.02,0.31
41.73,94.22,"DIORITE, QUARTZ [28833]",31.7,65.7,7.97,31.8,6.57,1.56,5.1,0.82,4.06,0.83,2.12,0.34,1.99,0.31
41.73,94.22,"DIORITE, QUARTZ [28833]",34.5,66.8,7.48,27.7,5.41,1.44,4.13,0.58,3.14,0.63,1.62,0.23,1.47,0.23
7.33,-72.87,"DIORITE [28842]",32.9,84.4,10.61,43.8780265639327,8.53,1.9,7.11,1.1,5.8,1.19,3.33,0.51,3.02,0.47
7.33,-72.87,"DIORITE [28842]",44.8,91.1,10.17,36.5274037325234,6.41,1.37,5.41,0.78,4.23,0.86,2.41,0.34,2.2,0.33
7.33,-72.87,"DIORITE [28842]",35.6,83.3,9.87,39.8,6.96,1.68,5.78,0.85,4.72,0.9,2.73,0.39,2.55,0.38
7.33,-72.87,"DIORITE [28842]",28.2,53.1,6.06,24.4,5.61,0.97,3.33,0.35,1.41,0.26,0.78,0.13,0.89,0.15
7.33,-72.87,"DIORITE [28842]",8.5,16.8,2.02,8.8,2.73,0.78,2.67,0.36,1.81,0.34,1.19,0.16,1.08,0.18
7.33,-72.87,"DIORITE [28842]",34.449542761141,78.9859226339234,9.90937609056009,44.2,8.35770683505906,1.88790251949311,7.22615958172672,1.0253231508275,5.75275984139801,1.19754146256947,3.28704143578702,0.456164555379119,2.86023104233658,0.435929613733906
7.33,-72.87,"DIORITE [28842]",46.4185898426404,88.5574143759507,9.51290153530066,35.5292684921495,6.30565952605266,1.41588113479497,4.91388758510078,0.748596168170213,4.0705797716375,0.875196590791181,2.40043946391753,0.332766131239936,2.13925920264429,0.307741237894737
19.01,-70.625,"DIORITE [28857]",4,8.5,1.26,6.1,1.88,0.65,2.57,0.45,3.16,0.66,2.04,0.31,1.93,0.29
18.99554,-70.628421,"DIORITE [28857]",4.2,7.2,0.9,4,1.03,0.44,1.27,0.23,1.4,0.31,0.94,0.13,0.82,0.13
18.99988,-70.629,"DIORITE [28857]",4.3,8,1.2,5,1.13,0.52,1.49,0.25,1.47,0.32,0.95,0.14,0.9,0.13
18.99988,-70.629,"DIORITE [28857]",3.3,7.1,1.2,5.8,1.73,0.7,2.2,0.41,2.74,0.64,1.75,0.25,1.58,0.26
19,-70.628,"DIORITE [28857]",8,14.8,2.05,8.8,2.07,0.78,2.26,0.38,2.22,0.48,1.45,0.21,1.35,0.2
19.144,-70.695,"DIORITE, QUARTZ [28857]",8.5,14.8,1.9,7.7,1.57,0.46,1.36,0.18,1.15,0.2,0.57,0.08,0.59,0.1
19.4,-71.4,"DIORITE, QUARTZ [28857]",1.9,3.4,0.58,3.2,1.13,0.6,1.6,0.29,1.91,0.41,1.28,0.16,1.07,0.16
8.14111111111111,-71.9375,"DIORITE [28874]",56.19,105.451,11.518,45.0143333333333,8.346,2.006,5.38633333333333,0.801666666666667,4.345,0.837,2.11666666666667,0.277,1.969,0.3
11.9316666666667,-69.96,"DIORITE [28874]",31.733,60.1173333333333,7.076,27.9326666666667,5.14,1.50566666666667,3.69766666666667,0.585333333333333,3.027,0.635333333333333,1.57066666666667,0.213666666666667,1.43033333333333,0.23
7.17277777777778,-73.0855555555556,"DIORITE [28874]",41.0123333333333,71.3513333333333,7.986,30.5383333333333,4.63033333333333,2.211,3.54,0.538333333333333,3.10133333333333,0.744,2.48366666666667,0.409,3.18166666666667,0.605
-40.57,-71,"DIORITE [28878]",6.93,15.318,2.114,10.022,2.862,0.885,3.115,0.503,2.924,0.764,1.784,0.271,1.731,0.251
-41.5083611111111,-71.7919166666667,"DIORITE [28878]",11.801,23.873,2.907,13.401,3.418,1.193,3.542,0.57,3.33,0.725,1.911,0.368,1.707,0.239
-40.57,-71,"DIORITE [28878]",13.094,31.443,4.539,20.708,5.746,1.602,5.177,0.908,4.944,1.11,3.027,0.423,2.8,0.437
-40.57,-71,"DIORITE [28878]",11.552,24.258,3.169,13.09,3.211,1.184,3.08,0.543,3.354,0.705,1.964,0.305,1.949,0.297
-41.2390555555556,-71.7590277777778,"DIORITE [28878]",20.597,46.753,6.201,25.495,6.123,1.726,5.876,0.912,5.098,1.196,2.962,0.492,2.752,0.413
-40.57,-71,"DIORITE [28878]",11.093,25.974,3.812,16.75,4.529,1.075,4.516,0.824,4.399,1.067,3.094,0.442,2.692,0.382
-40.57,-71,"DIORITE, QUARTZ [28878]",21.12,43.946,5.613,22.366,5.128,1.339,4.751,0.901,4.437,1.017,2.64,0.427,2.56,0.383
-40.57,-71,"DIORITE, QUARTZ [28878]",23.524,49.383,5.94,24.1,5.387,1.209,4.749,0.815,4.508,0.985,2.537,0.429,2.517,0.371
-41.5768055555556,-71.5041944444445,"DIORITE, QUARTZ [28878]",27.65,59.785,7.497,30.423,6.46,1.638,5.832,0.953,5.197,1.064,2.802,0.42,2.723,0.376
-41.5950555555556,-71.7615277777778,"DIORITE, QUARTZ [28878]",17.326,39.228,5.327,24.914,5.907,1.221,5.43,0.962,5.402,1.237,3.178,0.504,3.311,0.5
-28.4898739875774,-71.226630490857,"DIORITE [28881]",18.47,44.07,6.24,27.77,7.15,2.03,7.14,1.18,7.1,1.43,3.81,0.55,3.3,0.51
-28.1000853981679,-71.0936490834224,"DIORITE, QUARTZ [28881]",11.65,26.65,3.65,15.79,3.93,1.22,3.84,0.64,4.01,0.81,2.27,0.34,2.12,0.33
-28.1524678113115,-70.9096900484204,"DIORITE [28881]",11.01,22.51,2.82,11.23,2.67,0.83,2.61,0.43,2.55,0.54,1.49,0.22,1.42,0.23
-29.7615934141136,-71.2676735576094,"DIORITE, QUARTZ [28881]",23.43,41.83,4.96,19.66,4.45,1.57,4.66,0.76,4.75,0.97,2.72,0.38,2.32,0.35
-17.7065333333333,-71.3038,"DIORITE [28889]",19.3,42,4.8,19.8,4.3,1,3.8,0.58,3.8,0.74,2.18,0.31,2.04,0.3
-17.87965,-71.0505666666667,"DIORITE [28889]",20,45.5,5.6,24.3,5.5,1.2,5,0.69,4.8,1.04,2.81,0.42,2.82,0.46
-7.7,-77.7,"DIORITE, QUARTZ [28909]",19.4,36.9,3.7,16.6,3.7,1.2,3.1,0.6,3.9,0.7,2.7,0.4,2.4,0.3
-29.0450225102496,-70.2756006038884,"DIORITE [28910]",54.83,121.42,15.78,81,17.25,5.3,16.78,2.82,17.5,3.69,10.23,1.44,9.92,1.42
50,41,"DIORITE, QUARTZ [28912]",22.8,49.5,5.89,23.2,4.33,1.23,3.62,0.54,3.21,0.67,1.89,0.29,1.81,0.28
50,41,"DIORITE, QUARTZ [28912]",462,19.9,42.4,5.16,20.8,4.16,1.1,3.48,0.512,3.09,0.639,1.83,0.27,1.78
50,41,"DIORITE, QUARTZ [28912]",420,19.3,41.7,5.07,20.6,4.11,1.05,3.57,0.522,3.17,0.652,1.81,0.272,1.77
50,41,"DIORITE, QUARTZ [28912]",673,23.8,51.3,23.59,4.87,4.95,1.06,3.8,0.562,3.42,0.705,2.01,0.298,1.92
50,41,"DIORITE, QUARTZ [28912]",541,18,42,20.17,4.25,4.44,1.08,3.39,0.512,3.07,0.65,1.84,0.281,1.77
50,41,"DIORITE, QUARTZ [28912]",557,19.3,43.7,4.97,20.1,4.54,1.17,3.45,0.534,3.22,0.675,1.91,0.289,1.81
50,41,"DIORITE, QUARTZ [28912]",421,19.5,42,20.58,3.71,3.73,0.953,3.2,0.462,2.8,0.564,1.65,0.248,1.6
50,41,"DIORITE, QUARTZ [28912]",423,18.6,40.8,4.9,19.7,3.8,1.097,3.29,0.476,2.96,0.622,1.75,0.264,1.66
50,41,"DIORITE, QUARTZ [28912]",384,18.4,39.7,19.33,3.84,3.83,0.983,3.18,0.468,3.01,0.611,1.76,0.265,1.71
50,41,"DIORITE, QUARTZ [28912]",509,22.5,49.2,5.98,24.3,4.71,1.45,3.96,0.599,3.6,0.743,2.15,0.313,2.1
50,41,"DIORITE, QUARTZ [28912]",382,22.1,47.6,23.87,4.79,4.72,1.3,3.79,0.566,3.4,0.703,2,0.293,1.87
50,41,"DIORITE, QUARTZ [28912]",637,22.2,48.8,23.98,4.42,9.37,1.17,3.88,0.574,3.47,0.709,2.03,0.297,1.91
50,41,"DIORITE, QUARTZ [28912]",394,21.7,46.8,22.57,4.42,4.59,1.29,4.06,0.59,3.6,0.74,2.09,0.307,1.98
50,41,"DIORITE, QUARTZ [28912]",375,20.9,46.3,5.56,22.4,4.43,1.31,3.77,0.563,3.36,0.707,1.96,0.303,1.9
50,41,"DIORITE, QUARTZ [28912]",535,28.5,54.1,27.4,5.4,5.16,1.49,4.45,0.64,3.81,0.799,2.2,0.347,2.03
50,41,"DIORITE, QUARTZ [28912]",483,21.2,45.8,5.6,22.5,4.52,1.2,3.8,0.557,3.31,0.701,1.94,0.288,1.9
50,41,"DIORITE, QUARTZ [28912]",518,22.2,48.6,5.81,23.6,4.64,1.37,3.83,0.574,3.41,0.7,2,0.31,1.94
50,41,"DIORITE, QUARTZ [28912]",479,21.8,47.1,5.71,22.9,4.71,1.33,3.82,0.565,3.34,0.707,2.01,0.297,1.91
50,41,"DIORITE, QUARTZ [28912]",501,21,45.9,5.44,21.9,4.39,1.28,3.67,0.547,3.26,0.686,1.92,0.294,1.88
50,41,"DIORITE, QUARTZ [28912]",386,21.2,49.2,6.53,28.4,6.41,1.59,4.98,0.707,4.09,0.822,2.21,0.324,1.95
50,41,"DIORITE, QUARTZ [28912]",494,27.4,68.4,9.38,39.9,8.36,1.45,6.5,0.957,5.67,1.13,3.16,0.457,2.86
50,41,"DIORITE, QUARTZ [28912]",529,46.8,96.3,11.4,43.3,8.3,1.57,5.72,0.795,4.35,0.887,2.48,0.348,2.2
50,41,"DIORITE, QUARTZ [28912]",602,13.3,39.6,5.81,27.5,6.46,1.45,5.52,0.803,4.57,0.949,2.62,0.381,2.4
50,41,"DIORITE, QUARTZ [28912]",558,17.5,49.1,31.13,7.24,7.23,1.33,5.98,0.869,5.19,1.05,2.91,0.453,2.63
50,41,"DIORITE, QUARTZ [28912]",654,23.5,56.6,7.09,27.7,5.26,1.55,4.21,0.577,3.23,0.635,1.79,0.276,1.78
50,41,"DIORITE, QUARTZ [28912]",700,23.5,59.6,8.15,35.8,7.7,1.85,6.7,0.963,5.56,1.15,3.19,0.445,2.8
50,41,"DIORITE, QUARTZ [28912]",881,23.7,51.7,6.36,26.2,5.23,1.5,4.33,0.623,3.58,0.738,2.05,0.303,1.89
50,41,"DIORITE, QUARTZ [28912]",4063,25.8,60.5,7.5,30.5,6.15,1.34,5.04,0.74,4.33,0.894,2.46,0.376,2.29
50,41,"DIORITE, QUARTZ [28912]",488,20.4,48.2,5.3,22.2,4.56,1.52,3.81,0.54,3.16,0.644,1.84,0.281,1.76
50,41,"DIORITE, QUARTZ [28912]",504,25.8,58.2,7.47,30.5,6.12,1.56,4.89,0.69,3.98,0.812,2.2,0.32,2
50,41,"DIORITE, QUARTZ [28912]",382,16.1,36.9,4.5,18.6,3.77,1.41,3.02,0.43,2.41,0.49,1.36,0.199,1.29
50,41,"DIORITE, QUARTZ [28912]",401,30,65.3,8.13,33.5,6.63,1.69,5.64,0.803,4.51,0.915,2.55,0.373,2.38
50,41,"DIORITE, QUARTZ [28912]",600,14.4,36.8,4.87,21.3,4.6,1.48,3.71,0.542,3,0.622,1.7,0.246,1.58
50,41,"DIORITE, QUARTZ [28912]",515,25.1,52.5,6.1,24.2,4.64,1.37,3.81,0.543,3.08,0.621,1.76,0.252,1.66
50,41,"DIORITE, QUARTZ [28912]",477,30.9,41.1,7.46,28.7,4.84,1.13,4.38,0.61,2.78,0.519,1.52,0.219,1.43
50,41,"DIORITE, QUARTZ [28912]",368,21.1,48.3,5.79,21.7,3.87,0.85,3.8,0.537,2.19,0.454,1.22,0.184,1.19
50,41,"DIORITE, QUARTZ [28912]",513,32.9,63.7,6.75,23,3.7,0.788,2.58,0.341,1.83,0.358,1.01,0.158,1.01
50,41,"DIORITE, QUARTZ [28912]",753,24.6,51.6,5.69,20.1,3.36,1.24,2.41,0.306,1.63,0.332,0.95,0.146,0.938
50,41,"DIORITE, QUARTZ [28912]",519,24.9,50.4,6.19,24.3,4.67,1.3,3.93,0.584,3.46,0.716,2.03,0.303,1.91
50,41,"DIORITE, QUARTZ [28912]",541,26.4,50,6.5,25.5,5.54,1.55,4.2,0.598,3.35,0.669,1.84,0.256,1.65
50,41,"DIORITE, QUARTZ [28912]",475,27.9,54,6.26,23.7,4.37,1.27,3.59,0.517,2.92,0.594,1.65,0.238,1.5
50,41,"DIORITE, QUARTZ [28912]",522,23,47.5,5.92,23.8,4.92,1.5,4.04,0.574,3.26,0.668,1.85,0.257,1.64
50,41,"DIORITE, QUARTZ [28912]",531,22.3,46.4,5.55,22.5,4.58,1.37,3.56,0.514,2.85,0.579,1.62,0.23,1.45
50,41,"DIORITE, QUARTZ [28912]",534,19.9,49.9,6.02,24.3,4.35,1.09,4,0.59,2.85,0.558,1.56,0.231,1.43
50,41,"DIORITE, QUARTZ [28912]",488,35.5,61,7.09,27,3.99,0.92,3.95,0.556,2.18,0.442,1.2,0.184,1.22
50,41,"DIORITE, QUARTZ [28912]",398,23.8,60,6.99,28.5,5.46,1.08,5.17,0.735,3.59,0.745,2.09,0.305,1.96
50,41,"DIORITE, QUARTZ [28912]",579,23.8,55.9,6.56,25.3,4.51,1.01,4.38,0.624,2.82,0.567,1.58,0.243,1.51
50,41,"DIORITE, QUARTZ [28912]",516,18.8,42.4,4.73,19.4,4.06,0.966,3.67,0.532,2.62,0.534,1.48,0.214,1.35
50,41,"DIORITE, QUARTZ [28912]",615,26.1,56.1,6.56,24.9,4.57,0.914,4.27,0.612,2.83,0.556,1.46,0.231,1.37
50,41,"DIORITE, QUARTZ [28912]",401,17.5,43.3,5.51,23,4.55,1.02,4.2,0.608,2.89,0.597,1.61,0.231,1.48
50,41,"DIORITE, QUARTZ [28912]",454,18.1,47,6.36,27.8,5.75,0.975,5.82,0.874,4.12,0.843,2.32,0.335,2.26
50,41,"DIORITE [28912]",944,19.2,39.1,4.43,17,2.87,1.28,2.17,0.31,1.79,0.4,1.19,0.19,1.31
46.1,83.1,"DIORITE [28919]",22,53.8,7.86,39.3,10.08,2.57,11.15,1.55,9.38,1.78,4.92,0.65,4.19,0.64
46.1,83.1,"DIORITE [28919]",21.8,54.3,8.02,36.9,9.99,2.49,11.47,1.56,9.79,1.8,5.14,0.7,4.22,0.62
46.1,83.1,"DIORITE [28919]",25.6,60.9,8.5,39.9,10,2.49,10.91,1.6,9.86,1.98,5.51,0.78,4.97,0.75
46.1,83.1,"DIORITE [28919]",20.8,50.8,7.22,35.8,8.56,2.39,9.85,1.36,9.38,1.7,4.88,0.7,4.53,0.67
46.1,83.1,"DIORITE [28919]",22.4,51.2,7.42,33.5,8.41,2.18,9.2,1.41,8.59,1.72,5.24,0.76,4.92,0.71
46.1,83.1,"DIORITE [28919]",25.9,60.6,8.56,42.7,10.04,2.41,11.03,1.63,10.58,1.9,5.59,0.8,5.01,0.72
46.1,83.1,"DIORITE [28919]",19,44.5,6.35,32.1,7.73,1.97,8.29,1.29,7.97,1.71,4.73,0.63,3.75,0.57
46.1,83.1,"DIORITE [28919]",17.6,41.6,6.02,32,6.73,1.85,8.14,1.16,7.56,1.47,4.55,0.6,3.55,0.52
46.1,83.1,"DIORITE [28919]",29.1,64.3,7.86,35.6,7.92,1.56,8.66,1.43,8.44,1.78,4.93,0.78,4.86,0.81
46.1,83.1,"DIORITE [28919]",28.1,60,7.81,34,7.99,1.58,8.71,1.38,8.13,1.72,4.9,0.74,4.97,0.78
46.1,83.1,"DIORITE [28919]",26.7,57.8,8.19,36.5,8.55,1.56,9.02,1.41,9.17,1.71,5.41,0.7,5.28,0.75
46.1,83.1,"DIORITE [28919]",31.3,69.8,9.34,39,9.32,1.77,10.39,1.55,9.6,1.89,5.85,0.86,5.62,0.81
39.1,91.7,"DIORITE, QUARTZ [28936]",21.5,48.3,6.1,28.4,6.79,2.16,7.87,1.32,8.35,1.77,5.3,0.73,4.93,0.71
39.1,91.7,"DIORITE, QUARTZ [28936]",18.2,40.7,5.51,21.8,4.79,1.12,6.94,1.24,7.82,1.62,4.95,0.66,4.58,0.69
39.1,91.7,"DIORITE, QUARTZ [28936]",18.6,43.1,5.38,22.4,4.63,1.2,4.1,0.65,3.62,0.73,2.29,0.3,2.09,0.33
39.1,91.7,"DIORITE, QUARTZ [28936]",15.9,32.4,4.28,18,3.47,0.87,4.93,0.95,6.15,1.36,4.56,0.7,4.83,0.73
41,40,"DIORITE [28939]",60,110.9,11.1,38,5.8,1.7,5.1,0.7,3.9,0.8,2.5,0.4,2.3,0.38
41,40,"DIORITE [28939]",54.5,105,10.5,36.6,5.5,1.6,4.7,0.7,3.9,0.8,2.2,0.4,2.4,0.38
41,40,"DIORITE [28939]",32.7,62.4,6.8,26.5,3.9,1.3,3.7,0.5,2.9,0.6,1.9,0.3,1.8,0.28
41,40,"DIORITE [28939]",42.8,77.9,8.2,27.4,4.8,1.5,4.6,0.6,3.7,0.7,2.1,0.4,2.3,0.4
41,40,"DIORITE [28939]",21.6,46.5,5.3,20.8,4.4,1,4.3,0.7,4.3,0.8,2.4,0.4,2.5,0.4
41,40,"DIORITE [28939]",43.1,86.4,8.9,32.8,5.5,1.7,5.1,0.7,4.2,0.8,2.5,0.4,2.4,0.4
41,40,"DIORITE [28939]",24.3,47.9,5.6,21.4,4.9,1,4.7,0.7,4.5,0.9,2.6,0.4,2.5,0.4
41,40,"DIORITE [28939]",33.5,66.6,7.2,25.8,5.1,1.6,4.5,0.6,4.1,0.7,2.3,0.3,2.4,0.3
41,40,"DIORITE [28939]",30.4,63.8,7.1,26.8,4.9,1.8,5,0.7,3.9,0.8,2.5,0.4,2.6,0.4
29,90,"DIORITE [28947]",74.1,151,17.5,66,12.4,1.53,9.42,1.19,6.03,1.06,2.76,0.33,1.98,0.26
29,90,"DIORITE [28947]",29.75,59.8,6.98,26.85,5.63,0.885,4.905,0.655,3.445,0.575,1.53,0.19,1.195,0.15
29,90,"DIORITE [28947]",22.6,49.3,6.2,25.4,6.51,0.76,6.44,0.99,5.46,0.96,2.44,0.31,1.88,0.25
29,90,"DIORITE [28947]",26.9,54.3,6.49,25.1,5.28,0.86,4.32,0.59,3.02,0.53,1.36,0.18,1.14,0.16
29,90,"DIORITE [28947]",29.8,60.5,7,27,5.44,0.99,4.41,0.6,3.07,0.52,1.35,0.17,1.06,0.14
29,90,"DIORITE [28947]",87,172,19.6,73.2,12.2,2.24,7.98,0.9,4.27,0.73,2.1,0.26,1.67,0.23
29,90,"DIORITE [28947]",26.4,53.2,6.23,24.1,5.21,0.84,4.85,0.67,3.77,0.65,1.8,0.25,1.43,0.2
29,90,"DIORITE [28947]",24.45,50.7,6.165,24.9,6.33,0.67,6.045,0.87,4.5,0.74,1.805,0.22,1.39,0.17
27.5,114,"DIORITE [28949]",17.3,44.5,6.01,25.7,5.62,1.42,4.92,0.76,4.42,0.86,2.5,0.37,2.55,0.39
27.5157,114.1301,"DIORITE [28949]",19,42.5,5.22,22.06,4.8,1.07,4.47,0.72,4.42,0.83,2.45,0.35,2.27,0.32
27.51,114.1087,"DIORITE [28949]",15.6,36.8,4.57,19.03,4.09,0.9,4.07,0.67,4.22,0.78,2.38,0.35,2.32,0.34
27.5,114,"DIORITE [28949]",22.4,44.6,4.94,18.81,4.16,0.82,4.4,0.73,4.66,0.94,2.84,0.41,2.56,0.4
27.4996,114.0692,"DIORITE [28949]",14.1,30.8,3.77,15.03,3.45,0.66,3.65,0.63,4.13,0.8,2.43,0.35,2.36,0.35
27.5516,114.0357,"DIORITE [28949]",17.4,45.9,6.33,28.11,6.04,1.46,5.75,0.91,5.42,1.09,3.16,0.45,2.89,0.44
27.4978,114.0622,"DIORITE [28949]",10.5,29.6,4.08,18,4.41,0.92,4.47,0.74,4.52,0.84,2.41,0.35,2.17,0.34
32,91.7,"DIORITE [28952]",32.23,98.5,16.4,71.2,15.7,2.33,12,1.99,11.48,2.31,6.16,0.91,5.7,0.82
32,91.7,"DIORITE [28952]",59.7,135,18.7,72.5,11.9,2.19,8.5,1.05,4.95,0.95,2.44,0.34,2.25,0.35
32,91.7,"DIORITE [28952]",65.9,138,17.5,61.1,9.04,1.58,6.78,0.75,3.34,0.64,1.67,0.24,1.65,0.27
32,91.7,"DIORITE [28952]",31.4,69,8.84,35.6,7.65,1.54,7.11,1.16,7.07,1.41,3.93,0.53,3.34,0.5
32,91.7,"DIORITE [28952]",23.1,71.9,9.52,42.2,10.3,1.85,9.96,1.65,10.2,2.07,5.56,0.78,4.84,0.71
32,91.7,"DIORITE [28952]",18.5,45.5,6.02,25,5.52,1.31,5.22,0.85,5.3,1.08,2.97,0.42,2.57,0.39
32,91.7,"DIORITE [28952]",18.9,48.1,6.64,28.7,6.68,1.46,6.63,1.1,6.74,1.33,3.65,0.49,3,0.45
26.064,37.0871,"DIORITE, QUARTZ [28962]",2.62,7.98,1.37,7.8,2.43,0.88,2.37,0.45,2.98,0.59,1.61,0.23,1.44,0.21
62,23.3,"DIORITE, QUARTZ [28963]",55.8,110,12.2,48.7,7.74,1.79,7.37,1.02,5.09,0.92,2.49,0.32,2.2,0.32
62,23.3,"DIORITE, QUARTZ [28963]",27.2,62,8.08,32.8,6.01,1.39,5.32,0.747,4.33,0.87,2.33,0.363,2.41,0.324
62,23.3,"DIORITE, QUARTZ [28963]",68.2,121,14,50.3,8.67,1.92,6.96,0.928,4.06,0.86,2.49,0.387,3.07,0.495
62,23.3,"DIORITE, QUARTZ [28963]",61.8,129,15.4,56.2,8.6,2.09,7.75,1.13,5.44,1.03,3,0.439,2.75,0.431
62,23.3,"DIORITE, QUARTZ [28963]",84.7,162,19.3,71,10.6,2.64,10.1,1.2,5.76,1.07,2.76,0.378,2.56,0.357
62,23.3,"DIORITE, QUARTZ [28963]",28.6,59.3,6.83,28.1,4.76,1.38,4.87,0.67,3.76,0.66,1.77,0.25,1.54,0.25
62,23.3,"DIORITE, QUARTZ [28963]",25.6,51.5,5.65,24.8,3.8,1.42,3.76,0.46,1.99,0.36,0.95,0.11,0.88,0.12
62,23.3,"DIORITE, QUARTZ [28963]",21.4,43.7,5.14,23.2,4.02,1.46,4.26,0.56,2.73,0.58,1.55,0.22,1.44,0.23
62,23.3,"DIORITE, QUARTZ [28963]",25.6,52.8,6.63,24.7,5.19,1.37,4.42,0.665,3.34,0.72,1.92,0.276,1.89,0.258
62,23.3,"DIORITE, QUARTZ [28963]",24.8,49.8,6.47,23.9,4.78,1.25,4.18,0.596,3.53,0.64,1.89,0.262,1.85,0.246
62,23.3,"DIORITE, QUARTZ [28963]",23,45.9,5.82,21.5,3.66,1.26,3.65,0.489,2.27,0.44,1.24,0.207,1.13,0.161
62,23.3,"DIORITE, QUARTZ [28963]",32.4,68.1,8.71,36.5,7.36,1.67,6.42,0.994,4.86,0.96,2.93,0.377,2.5,0.369
62,23.3,"DIORITE, QUARTZ [28963]",40.5,80.8,9.24,31.3,5.32,1.3,4.74,0.627,3.34,0.59,1.65,0.258,1.57,0.287
62,23.3,"DIORITE [28963]",23.1,53.9,7.44,28.8,5.89,1.72,6.18,0.848,4.37,0.84,2.37,0.333,2.09,0.291
62,23.3,"DIORITE, QUARTZ [28963]",13.6,33.3,4.9,21.9,5.69,1.03,5.63,0.92,4.53,0.94,2.68,0.38,2.28,0.311
62,23.3,"DIORITE [28963]",11.8,30.8,4.87,23.8,6.97,1.77,8.72,1.49,10.5,2.4,7.63,1.21,8.55,1.26
62,23.3,"DIORITE [28963]",29.8,67.2,9.13,37.5,7.75,1.86,7.71,1.12,6.37,1.23,3.4,0.475,3.11,0.467
62,23.3,"DIORITE [28963]",57.7,126,16.2,71.1,11.7,3.01,10.1,1.22,6.1,1.16,2.8,0.364,2.41,0.351
62,23.3,"DIORITE, QUARTZ [28963]",29.7,63.5,8.06,32.2,5.87,1.45,5.78,0.879,4.04,0.9,2.34,0.319,2.25,0.344
62,23.3,"DIORITE, QUARTZ [28963]",32.6,72.4,7.49,26.3,4.69,1.21,3.72,0.43,1.88,0.35,0.93,0.12,0.76,0.12
62,23.3,"DIORITE, QUARTZ [28963]",14.1,30.8,3.8,16.6,3.25,0.87,2.98,0.44,2.51,0.48,1.45,0.19,1.26,0.18
62,23.3,"DIORITE, QUARTZ [28963]",25.8,56.9,7.42,31,6.07,1.38,5.43,0.8,3.78,0.79,2.12,0.29,1.81,0.26
62,23.3,"DIORITE [28963]",15,31.7,4.1,17.1,3.53,1.06,3.5,0.46,2.37,0.5,1.4,0.19,1.25,0.18
62,23.3,"DIORITE, QUARTZ [28963]",37.7,80.1,9.02,37.4,6.65,1.27,6.67,1,4.77,0.95,2.64,0.38,2.67,0.37
62,23.3,"DIORITE, QUARTZ [28963]",52.2,119,15.3,64.4,10.3,2.37,7.88,1,4.66,0.85,2.18,0.28,1.66,0.258
62,23.3,"DIORITE, QUARTZ [28963]",36.1,72.5,8.69,33.7,6.46,1.23,6.18,0.833,4.67,0.89,2.64,0.362,2.44,0.363
62,23.3,"DIORITE, QUARTZ [28963]",35.2,68.6,7.67,27.1,5.44,1.35,4.62,0.643,3.19,0.67,1.79,0.272,1.93,0.272
62,23.3,"DIORITE, QUARTZ [28963]",17,35.2,4.2,17.7,3.21,1.1,3.58,0.47,2.46,0.44,1.22,0.16,1.27,0.173
62,23.3,"DIORITE, QUARTZ [28963]",63.8,133,15.8,62.6,12.4,1.61,11.7,1.66,7.28,1.25,3.27,0.401,2.76,0.376
62,23.3,"DIORITE [28963]",26.1,57.1,7.88,32.7,7.12,1.4,7.08,1.04,5.78,1.13,2.82,0.46,2.89,0.381
62,23.3,"DIORITE, QUARTZ [28963]",20.9,38.3,4.93,19.8,3.52,0.994,3.48,0.509,2.6,0.48,1.45,0.197,1.48,0.177
62,23.3,"DIORITE [28963]",23.1,44.9,5.38,20.8,3.8,1.05,3.75,0.564,2.57,0.53,1.58,0.175,1.4,0.193
62,23.3,"DIORITE, QUARTZ [28963]",28,58.9,7.48,29.6,6.14,1.24,5.38,0.813,4.55,0.92,2.61,0.366,2.43,0.369
34.9024,127.1689,"DIORITE [28975]",23.3,50.1,6.5,25.9,5.3,1.45,4.5,0.7,3.7,0.7,1.9,0.28,1.8,0.29
34.9024,127.1689,"DIORITE [28975]",32.9,68,8.37,32.9,6.2,1.55,5.1,0.7,3.7,0.7,1.9,0.28,1.8,0.28
34.9105,127.1746,"DIORITE, QUARTZ [28975]",56.7,107,12.2,43.9,7.4,1.74,5.9,0.8,3.9,0.7,2.1,0.29,1.8,0.29
34.9061,127.1731,"DIORITE, QUARTZ [28975]",66.7,124,13.6,48,8.1,1.84,6.3,0.7,4.1,0.8,2.1,0.29,1.8,0.28
35.2042,128.3944,"DIORITE [28975]",8.5,19.4,2.58,10.6,2.7,1,2.8,0.4,2.6,0.5,1.5,0.22,1.4,0.23
35.1986,128.4096,"DIORITE [28975]",12.1,28.5,3.75,16.2,3.8,1.17,3.9,0.6,3.6,0.7,2.1,0.31,2.1,0.36
45,121,"DIORITE [29027]",20.66,45.57,6.19,24.84,5.48,1.56,5.53,0.87,4.66,0.95,2.72,0.41,2.43,0.43
45,121,"DIORITE [29027]",25.95,56.08,7.1,26.94,5.64,1.72,5.5,0.86,4.54,0.98,2.76,0.44,2.66,0.45
45,121,"DIORITE [29027]",14.83,34.49,4.56,18.3,4.09,0.97,3.91,0.61,3.64,0.75,2.21,0.33,2.18,0.34
45,121,"DIORITE [29027]",25.48,51.81,6.93,26.5,5.53,1.61,5.46,0.86,4.59,0.97,2.78,0.42,2.52,0.43
45,121,"DIORITE [29027]",30.25,63.35,8.77,34.48,7.21,2.08,6.71,1.06,5.76,1.21,3.48,0.53,3.2,0.55
12.8,-11.5,"DIORITE [9820]",8.7,14.7,1.86,7.22,1.55,0.59,1.54,0.25,1.43,0.3,0.89,0.14,0.93,0.13
12.8,-11.5,"DIORITE [9820]",23.1,46.7,5.52,21.72,4.19,1.19,3.5,0.48,2.96,0.58,1.6,0.24,1.61,0.24
36.78,-4.43,"DIORITE, PLAGIOCLASE-HORNBLENDE [9872]",3.9,9.06,1.36,6.8,1.98,0.77,2.59,0.46,2.87,0.64,1.69,0.29,1.71,0.27
36.77,-4.43,"DIORITE, PLAGIOCLASE-HORNBLENDE [9872]",3.69,9.16,1.4,7.25,2.21,0.74,3.02,0.51,3.22,0.72,1.91,0.33,1.98,0.31
36.82,-4.43,"DIORITE, PLAGIOCLASE-HORNBLENDE [9872]",2.89,7.63,1.23,6.54,2.11,0.78,2.75,0.49,3.13,0.7,1.86,0.32,1.92,0.3
36.85,-4.45,"DIORITE, PLAGIOCLASE-HORNBLENDE [9872]",3.78,9.29,1.43,7.28,2.11,0.78,2.7,0.47,2.97,0.65,1.69,0.3,1.76,0.27
36.83,-4.45,"DIORITE, PLAGIOCLASE-HORNBLENDE [9872]",5.04,12.09,1.75,8.52,2.45,0.85,3.02,0.54,3.31,0.73,1.95,0.33,2,0.32
37.17,14.92,"DIORITE [8881]",7.54,14.22,1.7,7.36,1.8,1.28,1.62,0.24,1.33,0.24,0.59,0.09,0.49,0.06
37.17,14.92,"DIORITE [8881]",38.93,85.06,11.31,49.42,10.25,5.17,8.47,1.1,5.59,0.93,2.24,0.26,1.49,0.2
37.17,14.92,"DIORITE [8881]",20.66,44.14,5.89,26.45,5.7,4.34,4.86,0.65,3.44,0.57,1.33,0.16,0.91,0.13
-40.59,-72.12,"DIORITE [10020]",11.33,25.81,3.34,13.72,2.68,1.07,3.11,0.51,2.92,0.61,1.89,0.29,1.99,0.3
51.9335,58.1925,"DIORITE [13606]",2.36,6.27,0.96,4.91,1.69,0.61,2.15,0.39,2.72,0.63,1.83,0.29,1.76,0.27
49.5062,92.7477,"DIORITE, QUARTZ [15551]",23.3,45,5.8,24.26,5.43,1.35,6,0.88,5.4,1.13,3.2,0.45,3.14,0.41
49,93.7,"DIORITE, QUARTZ [15551]",9.4,21.7,3.13,14.18,3.52,0.76,3.3,0.55,3.6,0.88,2.44,0.38,2.16,0.34
48.3,93,"DIORITE, QUARTZ [15551]",4.1,10,1.44,6.23,1.66,0.72,2.07,0.33,1.76,0.38,1.11,0.17,0.98,0.15
-34.08,-70.35,"DIORITE [15579]",24.1,53.7,6.29,26.12,4.63,0.79,3.17,0.38,1.89,0.34,0.94,0.13,0.79,0.11
-4.5666,55.4333,"DIORITE [10412]",44.8,80.1,8.66,31.7,5.66,2.7,2.74,0.73,4.06,0.79,2.13,0.29,1.73,0.25
10.6019,36.355,"DIORITE, HORNBLENDE [7900]",10.82,28.5,4.35,20.52,5.02,1.71,5.14,0.8,4.86,1.02,2.98,0.44,2.84,0.35
10.5933,36.4183,"DIORITE, HORNBLENDE [7900]",17.8,33.14,3.67,13.59,2.57,0.73,2.11,0.28,1.55,0.31,0.85,0.13,0.8,0.12
10.5933,36.4172,"DIORITE, HORNBLENDE [7900]",13.63,28.04,3.72,16.76,3.95,1.25,3.51,0.45,2.46,0.44,1.12,0.15,0.96,0.14
10.5231,35.9547,"DIORITE [7900]",57.89,111.24,12.27,44.66,7.07,1.88,5.23,0.66,3.51,0.66,1.75,0.24,1.48,0.22
12.5,-70,"DIORITE [1608]",4.84,8.52,1.2,4.85,1.39,0.56,1.71,0.31,2.06,0.42,1.18,0.17,1.17,0.17
64.7457,-49.9014,"DIORITE [11346]",3.09,7.28,1,4.64,1.332,0.53,1.7,0.29,1.96,0.4,1.16,0.17,1.08,0.16
64.7463,-49.896,"DIORITE [11346]",4.32,10.04,1.31,5.57,1.566,0.59,2.14,0.37,2.39,0.49,1.4,0.18,1.33,0.19
35.1164,73.0292,"DIORITE [13235] / GABBRO [16435]",4.18,9.77,1.36,6.75,1.99,0.79,2.6,0.45,3.14,0.66,1.91,0.28,1.85,0.3
44.8,81,"DIORITE [11845]",8.61,20.42,2.81,12.56,3.16,0.86,2.89,0.47,2.95,0.63,1.82,0.29,1.71,0.25
23,69,"DIORITE [11859]",78.986,130.133,11.829,41.426,6.817,1.681,5.298,0.719,4.43,0.468,1.581,0.197,2.014,0.324
23,69,"DIORITE [11859]",112.001,180.907,16.707,58.669,9.344,2.275,7.377,0.97,5.835,0.596,2.049,0.249,2.574,0.416
30.5,116.5,"DIORITE, QUARTZ [9448]",29.6,59.3,6.47,26.85,4.853,1.12,3.85,0.547,3.05,0.581,1.78,0.247,1.73,0.249
30.5,116.5,"DIORITE, QUARTZ [9448]",25.8,48.9,6.15,23.4,4.84,0.984,3.57,0.46,2.44,0.458,1.28,0.203,1.29,0.191
30.5,116.5,"DIORITE, QUARTZ [9448]",17.3,34.6,3.84,16.85,2.91,0.793,2.13,0.321,1.72,0.364,0.917,0.145,0.982,0.151
30.5,116.5,"DIORITE, QUARTZ [9448]",17.2,34.7,4.23,16.6,2.85,0.755,2.14,0.302,1.74,0.33,0.953,0.14,0.914,0.151
30.5,116.5,"DIORITE, QUARTZ [9448]",26.4,54.9,6.41,28.55,5.578,1.63,4.17,0.525,2.62,0.486,1.26,0.152,1.07,0.174
30.5,116.5,"DIORITE, QUARTZ [9448]",19.4,39.3,4.39,18.86,3.437,0.985,2.67,0.385,1.94,0.344,0.95,0.111,0.795,0.129
30.5,116.5,"DIORITE, QUARTZ [9448]",20.7,40.1,5.27,18.7,3.82,1.09,3.26,0.486,2.48,0.517,1.37,0.211,1.33,0.201
30,114,"DIORITE [11727]",58.92,103.3,13.33,44.79,8.53,2.49,7.71,0.91,3.93,0.83,2,0.29,1.62,0.23
30.95,117.78,"DIORITE [12010]",39.3,78.3,9.91,40.46,7.613,1.94,5.49,0.79,4.13,0.77,2.06,0.31,1.93,0.31
30.95,117.78,"DIORITE [12010]",40.6,80.3,10.2,39.6,6.858,1.92,5.58,0.8,4.17,0.78,2.05,0.3,1.95,0.31
30.95,117.78,"DIORITE [12010]",39.9,79.5,10,35.18,6.429,1.95,5.55,0.8,4.17,0.76,2.05,0.31,1.95,0.29
30.95,117.78,"DIORITE [12010]",39,78,9.78,38.1,6.83,1.9,5.45,0.79,4.1,0.74,2,0.29,1.91,0.29
30.95,117.78,"DIORITE [12010]",54,108,12.7,46.58,8.06,2.16,6.3,0.9,4.66,0.86,2.33,0.36,2.21,0.36
30.95,117.78,"DIORITE [12010]",58.1,111,14,62.04,8.79,2.24,6.67,0.96,4.85,0.9,2.39,0.37,2.28,0.36
31.5,118.5,"DIORITE [12010]",66.8,126,15.4,49.57,9.36,2.41,6.99,0.99,4.87,0.88,2.39,0.37,2.4,0.39
31.5,118.5,"DIORITE [12010]",62.2,117,14.6,54.9,9.39,2.75,7,0.96,4.62,0.8,2.18,0.32,2.03,0.32
31.5,118.5,"DIORITE [12010]",54.5,122,13.6,49.14,8.794,2.46,7.11,0.99,4.85,0.84,2.21,0.32,2.09,0.33
31.5,118.5,"DIORITE [12010]",67.7,133,17.3,52.08,9.627,2.77,8.91,1.22,5.77,1.01,2.68,0.38,2.42,0.38
32,118.8,"DIORITE [12010]",41.3,77.3,9.47,36,6.42,1.56,5.12,0.74,3.83,0.72,1.96,0.3,1.88,0.3
32,118.8,"DIORITE [12010]",41.5,77.6,9.6,37.76,7.076,1.55,5.08,0.74,3.92,0.73,1.99,0.31,1.97,0.31
66.0233,-53.475,"ANDESITE [12406] / DIORITE, QUARTZ [17440] / NOT GIVEN [17513]",20,50,7.11,33,8.46,2.44,9.1,1.56,10.44,2.24,6.3,0.89,5.94,0.89
65.9412,-53.4833,"ANDESITE [12406] / DIORITE, QUARTZ [17440] / NOT GIVEN [17513]",31,72,9.3,37.7,8.22,2.6,7.31,1.17,6.25,1.17,3.21,0.44,2.73,0.42
-36.77,-70.45,"DIORITE [12793]",12,24,3.53,13,3.2,0.97,3.87,0.51,2.49,0.58,1.8,0.24,1.95,0.24
-36.77,-70.45,"DIORITE [12793]",15,32,4.14,16,4.22,1.14,5.87,0.73,3.47,0.8,2.49,0.32,2.7,0.31
-36.77,-70.45,"DIORITE [12793]",16,30,3.92,13,3.44,0.91,4.76,0.61,2.93,0.66,2.19,0.28,2.23,0.25
-36.77,-70.45,"DIORITE [12793]",12,20,2.57,10,2.42,0.87,3.4,0.44,2.27,0.5,1.6,0.21,1.75,0.2
-38.2,-70.6,"DIORITE [12793]",25.5,56.1,7.73,26.5,5,0.92,4.4,0.69,3.7,0.63,1.83,0.29,1.94,0.29
-38.2,-70.6,"DIORITE [12793]",22.8,44.5,5.53,18.8,3.2,0.81,2.98,0.36,2.15,0.32,1,0.15,0.93,0.17
-38.2,-70.6,"DIORITE [12793]",21.9,43.2,5.26,17.5,2.9,0.57,2.84,0.36,1.93,0.33,0.95,0.14,1,0.16
-35.3,-69.9,"DIORITE [12799]",18.8,41.4,5.18,21,4.3,1.27,3.09,0.66,3.57,0.63,2,0.37,1.95,0.32
-35.3,-69.9,"DIORITE [12799]",16,36.9,4.6,21.5,4.3,1.45,3.41,0.72,3.99,0.79,1.99,0.32,2.13,0.31
-35.3,-69.9,"DIORITE [12799]",13.1,29.6,3.98,18.9,3.8,1.32,4.02,0.55,3.28,0.66,2.2,0.29,1.94,0.33
-35.3,-69.9,"DIORITE [12799]",17.9,40,5.25,23.1,4.5,1.18,4.51,0.54,3.18,0.63,1.92,0.24,1.82,0.32
-35.3,-69.9,"DIORITE [12799]",15.3,34.1,4.31,18.1,4,1.23,3.26,0.61,3.41,0.63,1.76,0.28,1.62,0.26
-35.3,-69.9,"DIORITE [12799]",17.3,40,5.01,22.2,4.2,1.25,3.29,0.64,3.46,0.79,1.76,0.28,1.81,0.27
-35.3,-69.9,"DIORITE [12799]",14.7,34.5,4.47,19.3,4.5,1.26,4.98,0.72,4.18,0.8,2.62,0.33,2.23,0.35
-35.3,-69.9,"DIORITE [12799]",18.7,39.9,4.99,22,4.6,1.13,3.88,0.6,3.56,0.68,2.22,0.27,2,0.27
-35.3,-69.9,"DIORITE [12799]",19.1,45.8,5.58,24.8,5,1.23,4.18,0.68,3.9,0.8,2.05,0.31,2.05,0.36
-4.1,-79.57,"DIORITE [12894]",4.8,12,1.4,8.3,2.6,0.83,3,0.6,3.4,0.73,2.2,0.3,2.3,0.35
57,-152.5,"DIORITE [12881]",3.53,8.26,1.15,5.02,1.44,0.527,1.79,0.323,2.1,0.46,1.32,0.201,1.2,0.185
58,157.5,"DIORITE, QUARTZ [12935]",19.06,45.99,5.79,25.06,6.39,1.65,6.88,1.18,7.12,1.65,4.63,0.64,4.31,0.63
58,157.5,"DIORITE, QUARTZ [12935]",10.65,25.27,4.13,17.25,3.96,1.54,4.73,0.71,5.64,1.11,2.66,0.5,2.56,0.39
24.95,108.78,"DIORITE [11802]",19.8,37.9,4.59,16.89,3.433,0.87,3.48,0.55,3.51,0.77,2.08,0.31,2.12,0.33
39,114.5,"DIORITE [13294]",39.52,89.56,10.67,41.84,8.24,1.46,6.86,0.91,4.45,0.82,2.15,0.29,1.8,0.26
39,114.5,"DIORITE [13294]",27.51,59.78,6.42,23.39,3.85,1.26,3.15,0.38,1.76,0.33,0.9,0.13,0.82,0.12
39,114.5,"DIORITE [13294]",65.89,129.6,14.32,52.9,8.68,1.93,7.07,0.82,3.59,0.63,1.64,0.22,1.42,0.21
39,114.5,"DIORITE [13294]",65.55,126.7,14.9,57.38,9.85,2.29,8.01,0.92,3.83,0.64,1.64,0.2,1.28,0.18
39,114.5,"DIORITE [13294]",29.72,63.26,6.67,23.95,3.87,1.17,3.1,0.37,1.66,0.3,0.81,0.11,0.74,0.11
39,114.5,"DIORITE [13294]",73.7,137.4,15.58,59.74,9.82,1.7,7.9,0.89,3.82,0.65,1.66,0.21,1.37,0.21
39,114.5,"DIORITE [13294]",42.05,92.44,9.68,37.23,6.43,1.9,5.32,0.64,2.8,0.49,1.26,0.16,1.01,0.15
39,114.5,"DIORITE [13294]",27.76,60.12,7.13,30.06,5.64,1.86,4.85,0.62,3.02,0.57,1.44,0.18,1.1,0.16
39,114.5,"DIORITE [13294]",45.48,95.46,11.84,50.11,9.83,1.25,8.3,1.1,5.39,0.99,2.54,0.33,2.03,0.29
39,114.5,"DIORITE [13294]",84.47,160.1,18.15,65.09,9.61,2.36,7.53,0.81,3.33,0.58,1.5,0.18,1.2,0.17
39,114.5,"DIORITE [13294]",35.05,67.5,7.23,26.9,4.23,1.54,3.45,0.38,1.68,0.3,0.79,0.1,0.63,0.09
39,114.5,"DIORITE [13294]",39.9,64.8,8.37,31,4.9,1.3,3.37,0.44,1.98,0.36,0.9,0.15,0.82,0.13
39,114.5,"DIORITE [13294]",43.4,71.7,8.81,32.2,4.96,1.29,3.45,0.44,2.05,0.36,0.91,0.14,0.86,0.15
39.5,115,"DIORITE [13294]",49.9,84.3,9.43,32.1,4.95,0.97,3.72,0.52,2.67,0.52,1.39,0.24,1.5,0.26
39.5,115,"DIORITE [13294]",50.7,92.6,12.3,47.5,8.31,1.66,5.9,0.91,4.61,0.85,2.15,0.35,1.93,0.31
39.5,115,"DIORITE [13294]",46.5,85.5,11.4,44,7.86,1.68,5.63,0.86,4.35,0.79,1.99,0.33,1.79,0.28
39.5,115,"DIORITE [13294]",55.9,116,14.8,58,9.9,1.73,6.77,1.01,5.05,0.93,2.44,0.39,2.33,0.37
39.5,115,"DIORITE [13294]",35.2,61.8,8.75,33.9,6.42,1.36,4.81,0.82,4.67,0.88,2.22,0.37,2.06,0.31
39.5,115,"DIORITE [13294]",45.6,78.4,9.93,36.8,6.83,1.24,5.1,0.82,4.67,0.91,2.44,0.43,2.52,0.4
48.3,-79.5,"DIORITE [12863]",16.24,33.79,3.913,15.22,3.3,0.875,3.177,0.529,3.191,0.678,2.034,0.309,2.08,0.319
48.3,-79.5,"DIORITE [12863]",11.53,25.1,3.102,12.24,2.63,0.74,2.357,0.337,2.041,0.397,1.129,0.166,1.06,0.165
48.3,-79.5,"DIORITE [12863]",11.54,22.22,2.955,12.27,2.42,0.81,2.1,0.294,1.615,0.312,0.862,0.125,0.83,0.125
48.3,-79.5,"DIORITE [12863]",10.17,24.5,3.151,12.89,2.67,1.588,2.344,0.325,1.765,0.336,0.892,0.126,0.81,0.124
48.3,-79.5,"DIORITE [12863]",11.5,24.12,3.023,12.07,2.44,0.787,2.172,0.306,1.707,0.323,0.867,0.124,0.82,0.117
48.3,-79.5,"DIORITE [12863]",10.75,22.94,2.854,11.58,2.39,0.751,2.144,0.297,1.606,0.304,0.829,0.114,0.75,0.113
-73,165,"DIORITE, QUARTZ [13387]",49,101,12.9,53,10.3,7.2,9.2,1.12,5.8,1.04,2.41,0.29,1.7,0.25
37.5342,34.7717,"DIORITE [13010]",18.1,36.4,4.33,20.7,3.7,1,3.55,0.55,3.29,0.68,1.84,0.28,2.07,0.34
37.5344,34.7711,"DIORITE [13010]",21.1,40.2,4.64,21.4,3.9,1.09,3.7,0.63,3.42,0.65,1.98,0.28,2.01,0.35
37.535,34.7706,"DIORITE [13010]",19.5,37.6,4.27,19.6,3.6,1.02,3.7,0.55,3.21,0.63,1.78,0.29,2.03,0.31
37.5347,34.7694,"DIORITE [13010]",18.3,34.7,4.1,19.5,3.5,1.04,3.61,0.57,3.31,0.61,1.95,0.28,1.97,0.33
37.5356,34.77,"DIORITE [13010]",16.7,31.6,3.68,17.5,3.5,1,349,0.54,3.22,0.59,1.85,0.27,1.68,0.32
37.5356,34.77,"DIORITE [13010]",19.9,38.5,4.53,22,4.2,1.09,4.32,0.67,3.86,0.72,1.96,0.28,1.86,0.32
37.5397,34.7703,"DIORITE [13010]",15.7,33.9,4.08,21.1,4.2,1.02,4.3,0.67,3.78,0.68,2.01,0.27,2.06,0.31
37.5389,34.7686,"DIORITE [13010]",20.2,41.3,4.83,21.2,4,1.14,3.84,0.6,3.37,0.55,1.71,0.23,1.74,0.26
37.5403,34.7689,"DIORITE [13010]",14.7,31.5,3.81,17.7,3.5,0.94,3.67,0.6,3.42,0.64,2.02,0.28,1.96,0.31
37.5392,34.7681,"DIORITE [13010]",15.8,35.4,4.26,20,3.6,1.02,4.05,0.58,3.52,0.65,2.04,0.29,1.98,0.31
37.5392,34.7681,"DIORITE [13010]",13.3,30,3.52,17.3,3.5,0.89,3.3,0.54,3.02,0.6,1.74,0.25,1.7,0.28
37.5381,34.7711,"DIORITE [13010]",14.7,31.8,3.67,18.2,3.2,0.96,3.56,0.59,3.14,0.56,1.64,0.25,1.77,0.27
37.5414,34.7708,"DIORITE [13010]",13.1,32.4,4.02,19.5,3.9,1.15,4.15,0.62,3.4,0.64,1.91,0.27,1.9,0.28
64.2887,29.0716,"DIORITE, QUARTZ [13590]",17.5,36,4.4,17,3.6,0.9,4,0.6,3.8,0.8,2.1,0.3,2.1,0.3
30.761,85.5308,"DIORITE [13808]",30.8,69.2,8.37,33.4,7.23,1.74,7.24,1.08,7.09,1.55,4.6,0.68,4.71,0.71
29.6278,89.0619,"DIORITE [26957]",90.9,182,17.4,57.9,8.04,1.9,4.51,0.61,3.19,0.62,1.66,0.259,1.74,0.266
35.1262,-3.0252,"DIORITE [7519]",32.2472027902506,63.7506505074781,7.51301283559777,27.890680809601,5.24021843414485,1.07057162945532,4.10141152809091,0.597548422712777,3.36651512197326,0.659080233355523,1.84354336726677,0.260315371669585,1.70786013483776,0.239399517092993
42.52,2.46,"DIORITE [14142]",16,34,4.37,18,4.51,1.37,4.51,0.77,4.6,0.94,2.63,0.38,2.52,0.4
12.5,-70,"DIORITE [1608]",2.21,4.74,0.73,4.1,1.36,0.53,1.56,0.31,2.03,0.41,1.17,0.16,1.15,0.16
12.5,-70,"DIORITE [1608]",5.32,10.99,1.46,6.46,1.73,0.68,1.87,0.35,2.39,0.47,1.4,0.21,1.4,0.22
12.5,-70,"DIORITE [1608]",5.75,12.26,1.77,8.42,2.26,0.85,2.33,0.44,3,0.59,1.76,0.27,1.85,0.26
12.5,-70,"DIORITE [1608]",7.06,15.32,2.2,10.67,2.65,0.96,2.65,0.46,2.94,0.6,1.63,0.23,1.66,0.24
-8.97,116.87,"DIORITE, QUARTZ [14434]",9.54,21,2.674,11.5,2.48,0.777,2.42,0.36,1.96,0.39,1.24,0.18,1.15,0.187
-33.7186,147.5275,"DIORITE [11052]",22.54,52.71,7.24,31.47,6.99,1.88,5.57,0.75,3.95,0.78,2.13,0.3,1.94,0.28
-33.4357,147.3643,"DIORITE, HORNBLENDE [11052]",11.63,23.92,3,12.37,2.77,0.86,2.65,0.4,2.34,0.48,1.42,0.21,1.35,0.21
-33.4674,147.3712,"DIORITE, HORNBLENDE [11052]",19.14,40.36,5.06,21.5,5.18,1.49,5.38,0.87,5.2,1.08,3.03,0.45,2.8,0.4
36.5737,-11.1148,"DIORITE [10291]",3.54,13.15,2.11,12.75,4.77,1.88,6.63,1.24,8.42,1.78,5.18,0.76,4.93,0.75
39.0016,-9.4133,"DIORITE [14472]",64.8,137,16.3,63.9,12.2,3.6,9.64,1.32,6.99,1.21,3.19,0.44,2.87,0.42
33.8783,117.015,"DIORITE [26876]",20.6520592677125,39.1623960534562,4.64972154866831,18.0442228094626,3.4604561344284,1.18159406589095,3.230626972969,0.452653064419076,2.68844567536874,0.548871914485821,1.43880491031542,0.215765517594973,1.46038143117872,0.200463354211733
7.78009,-81.17191,"DIORITE [14525]",10.88,21.25,2.69,12.48,3.37,0.79,4.39,0.6,3.88,0.79,2.51,0.44,2.78,0.5
-22.7256,-70.2369,"DIORITE [11776]",9,20,2.9,13,3.6,1.3,3.6,0.56,3.5,0.7,1.9,0.29,1.9,0.3
-22.6789,-70.1675,"DIORITE [11776]",6,12,1.7,8,2,0.9,2.1,0.33,2,0.4,1.2,0.18,1.2,0.2
-30.74,-70.86083,"DIORITE [20547]",10.9,25.1,3.5,15.9,4,1,4,0.6,4,0.8,2.5,0.4,2.4,0.4
-29.59417,-70.69061,"DIORITE [20547]",7.2,17.7,2.3,10.1,2.3,0.8,2.2,0.3,2.1,0.4,1.2,0.2,1.2,0.2
5.8,7.5,"DIORITE [14574]",38.654,89.604,15.214,57.011,14.703,4.694,13.231,1.603,10.411,1.394,3.612,0.667,3.439,0.857
5.8,7.5,"DIORITE [14574]",19.886,42.936,7.015,25.615,7.476,2.378,7.416,1.001,6.472,0.9,2.37,0.471,2.331,0.595
5.8,7.5,"DIORITE [14574]",19.791,41.235,6.803,24.714,6.604,2.225,6.286,0.798,5.335,0.704,1.838,0.337,1.723,0.421
5.8,7.5,"DIORITE [14574]",49.775,100.045,15.465,52.41,11.781,3.663,10.784,1.254,7.562,1.012,2.635,0.47,2.261,0.566
5.8,7.5,"DIORITE [14574]",20.407,41.581,6.382,21.78,5.158,1.73,5.254,0.667,4.47,0.647,1.795,0.363,1.889,0.481
5.8,7.5,"DIORITE [14574]",23.519,49.35,7.694,27.578,7.017,2.44,6.848,0.867,5.324,0.708,1.827,0.328,1.626,0.381
5.8,7.5,"DIORITE [14574]",9.745,20.331,3.194,11.441,3.05,1.145,3.135,0.436,3.125,0.44,1.194,0.226,1.245,0.325
5.8,7.5,"DIORITE [14574]",19.889,40.719,6.211,21.126,5.099,1.684,5.019,0.639,4.362,0.641,1.737,0.332,1.833,0.461
5.8,7.5,"DIORITE [14574]",11.55,25.544,4.043,15.219,4.435,1.599,4.404,0.584,3.958,0.541,1.402,0.279,1.41,0.36
5.8,7.5,"DIORITE [14574]",74.346,131.048,16.87,48.051,8.642,2.523,8.049,0.822,4.753,0.625,1.731,0.312,1.601,0.396
5.8,7.5,"DIORITE [14574]",13.127,27.505,4.243,14.717,3.937,1.282,3.926,0.545,3.745,0.548,1.435,0.289,1.526,0.373
11.5,-12.5,"DIORITE, QUARTZ [14632]",26.4,57.29,7.15,28.77,6.59,1.63,7.21,1.12,6.54,1.32,3.81,0.5,3.28,0.47
28.4283,121.0537,"DIORITE [20772]",54.0822706791869,105.898755322501,11.8333667213858,47.6073990809832,8.54835336537465,3.2948385465361,5.97935824935099,0.827842455817314,4.76275260855025,0.889390334179057,2.41278925763997,0.333919313747549,2.09401895807658,0.346412142509911
28.4007,120.8495,"DIORITE [20772]",47.6663319130354,90.1983553233634,10.3794984660104,41.7040778790684,7.60094538090099,2.72694550192415,5.83897857847778,0.835196802372796,4.79953792583701,0.872198940427319,2.31110993929682,0.354008756350988,1.9997726392012,0.320115923401061
28.3973,120.853,"DIORITE [20772]",48.6649364279732,91.7535605903394,10.56647582339,42.0531434368038,7.58673546681879,2.61967933592592,5.86491909599673,0.811716957824925,4.67449432814402,0.897574262544677,2.36370960594377,0.337178009671406,2.13207613754996,0.334474475407734
44.67,80.97,"DIORITE [14733]",33.81,73.95,8.945,33.24,6.005,0.933,5.171,0.803,4.572,0.87,2.423,0.346,2.159,0.329
44.67,80.97,"DIORITE [14733]",33.92,72.14,8.954,33.48,6.054,0.959,5.031,0.803,4.24,0.84,2.238,0.323,2.074,0.318
45.5,84.5,"DIORITE [14726]",9.941,21.56,2.967,12.28,2.622,0.84,2.516,0.443,2.479,0.513,1.447,0.211,1.457,0.215
45.5,84.5,"DIORITE [14726]",6.979,16.63,2.319,10.09,2.349,0.783,2.28,0.39,2.303,0.467,1.288,0.201,1.276,0.198
45.5,84.5,"DIORITE [14726]",9.441,20.3,2.731,11.42,2.444,0.8,2.343,0.394,2.327,0.483,1.423,0.211,1.358,0.219
45.5,84.5,"DIORITE [14726]",9.681,18.86,2.605,9.973,1.894,0.582,1.686,0.27,1.527,0.337,1,0.156,1.079,0.172
45.5,84.5,"DIORITE [14726]",11.09,22.8,2.957,11.78,2.197,0.635,1.973,0.317,1.782,0.359,1.068,0.163,1.144,0.193
45.5,84.5,"DIORITE [14726]",8.031,18,2.432,10.59,2.212,0.7,2.079,0.316,1.764,0.371,0.947,0.147,0.927,0.143
45.5,84.5,"DIORITE [14726]",13.37,27.78,4.185,17.88,3.534,1.06,3.015,0.444,2.37,0.483,1.292,0.179,1.147,0.171
9.288824,-79.406448,"DIORITE [20839]",4.55,10.29,1.71,9.12,3.16,1,4.5,0.76,5.18,1.11,3.21,0.44,2.71,0.4
-24.7,-48.04,"DIORITE [21077]",82.34,172.87,19.8,79.38,12.65,3.89,9.82,1.17,6,1.07,2.58,0.32,1.89,0.26
40.07,38.77,"DIORITE, QUARTZ [14916]",50.1,100.5,11.04,39.6,5.67,1.43,4.12,0.58,2.61,0.47,1.2,0.18,1.2,0.17
40.07,38.77,"DIORITE, QUARTZ [14916]",44.9,87.8,9.52,34.5,4.89,1.35,3.49,0.48,2.32,0.42,1.09,0.15,1.08,0.15
40.07,38.77,"DIORITE, QUARTZ [14916]",38.8,75.9,8.55,33.2,4.26,1.26,3.07,0.46,2.04,0.38,1.08,0.15,1.05,0.14
40.07,38.77,"DIORITE, QUARTZ [14916]",46.1,90.6,9.97,36.2,5.05,1.34,3.38,0.5,2.38,0.44,1.14,0.17,1.12,0.15
40.07,38.77,"DIORITE, QUARTZ [14916]",52.9,97.2,10.04,35.8,4.57,1.29,3.26,0.44,2.04,0.41,1.09,0.15,1.06,0.15
40.07,38.77,"DIORITE, QUARTZ [14916]",42.8,92.8,10.66,38.9,5.52,1.45,3.92,0.55,2.62,0.47,1.37,0.18,1.29,0.18
40.07,38.77,"DIORITE, QUARTZ [14916]",40.9,84.1,9.48,36,4.9,1.38,3.42,0.46,2.17,0.39,1.03,0.14,1,0.14
27.9441,35.7667,"DIORITE [14925]",7.96864,20.883,2.92974,14.4331,4.15852,1.30475,5.34992,0.889828,6.10276,1.28422,3.50381,0.553123,3.6805,0.55688
38,102,"DIORITE, QUARTZ [21236]",65.9,146,14.8,53.3,8.53,1.96,5.52,0.76,3.71,0.67,1.67,0.22,1.42,0.21
-35.05,173.75,"DIORITE, QUARTZ [14967]",3.39288294803115,7.91065498390035,1.08729787761505,5.44248237052933,1.60644748818249,0.636534070984065,1.87589328819171,0.312812577128432,2.18002614207646,0.441870895035714,1.33156595056988,0.195724585692579,1.30458368115319,0.200716447969366
-35.05,173.75,"DIORITE, QUARTZ [14967]",9.35760193212624,19.5238337482006,2.3145336682535,10.1714888010464,2.35290019706584,0.868505911891619,2.71111115313417,0.415547464979469,2.88416952856713,0.58376114543817,1.72298603445257,0.286250396233369,1.92968126606211,0.27481233142238
-54.8,-68.3,"DIORITE, QUARTZ [15049]",15.7,37.8,4.78,20,4.2,1.17,3.74,0.6,2.92,0.52,1.62,0.22,1.42,0.21
23.9606,-110.1583,"DIORITE, QUARTZ [15039]",6.76,17.88,1.97,14.7,3.6,0.53,2.31,0.36,2.15,0.49,1.24,0.18,1.18,0.18
23.8836,-110.1525,"DIORITE, QUARTZ [15039]",5.08,11,1.54,7.7,2,0.81,2.37,0.33,1.97,0.43,1.06,0.15,1,0.16
23.8631,-110.1711,"DIORITE, HORNBLENDE [15039]",1.55,4.78,0.97,5.8,2.25,0.81,2.95,0.45,2.96,0.72,1.62,0.24,1.53,0.22
41.3418,111.3509,"DIORITE, QUARTZ [21590]",23.63,42.5,4.67,18.97,3.73,1.17,3.54,0.52,3.14,0.64,1.83,0.26,1.7,0.25
53,134,"DIORITE, QUARTZ [13921]",18.24,40.48,4.65,19,3.73,0.89,4.39,0.52,3.13,0.57,1.72,0.2,1.47,0.18
53,134,"DIORITE, QUARTZ [13921]",17.18,38.26,4.32,17.37,3.44,0.79,4.03,0.48,2.89,0.53,1.64,0.19,1.53,0.2
53,134,"DIORITE, QUARTZ [13921]",17.25,38.06,4.3,17.43,3.46,0.81,4.18,0.5,3.07,0.58,1.75,0.21,1.6,0.2
35.3743,73.8106,"GABBRO, HORNBLENDE [21684]",9.67,19.6,2.58,10.9,2.81,0.925,2.97,0.48,3.06,0.63,1.75,0.277,1.77,0.268
35.4658,73.8301,"GABBRONORITE [21684]",9,18.8,2.56,11.1,2.98,1.07,3.13,0.55,3.32,0.68,1.86,0.291,1.8,0.274
52,87,"DIORITE, QUARTZ-AMPHIBOLE-BIOTITE [12738]",23.57,43.84,6.18,25.13,5.19,1.39,5.18,0.89,4.9,1.06,3.06,0.49,3.04,0.44
-29.7160619,141.7614566,"DIORITE [15266]",80.8,151.5,14.8,56.5,9.56,2.78,8.66,1.16,5.68,1.06,2.77,0.38,2.46,0.37
-30.5705766,141.9783255,"DIORITE [15266]",7.3,17.6,2.8,13.2,4.1,1.4,4.9,0.9,5.6,1.2,3.2,0.5,3,0.5
-29.732545,141.8254937,"DIORITE [15266]",9.8,18.8,2.47,12.4,3.88,1.31,5.07,0.96,6.13,1.28,3.69,0.55,3.67,0.58
-29.6181338,141.7442453,"DIORITE [15266]",61.1,103.5,10.75,41.6,7.11,1.82,6.99,0.97,5.05,0.99,2.81,0.41,2.71,0.41
40.9,92,"DIORITE [15282]",18.1,44.3,4.19,14.1,3.03,0.6,3.65,0.7,4.94,1.11,3.27,0.52,3.47,0.53
40.9,92,"DIORITE [15282]",32.5,58.9,7.14,26.2,5.13,1.16,4.38,0.75,4.85,1.1,3.27,0.52,3.7,0.62
-6,-50,"DIORITE, QUARTZ [22778]",84.8,176,21.2,77,14.25,3.96,12.8,1.67,9.39,1.84,5.02,0.72,4.2,0.63
-6,-50,"DIORITE, QUARTZ [22778]",60.2,126.9,15.46,51.77,8.89,2.31,8.63,1.2,6.48,1.19,3.32,0.47,3.06,0.45
42.5264,95.7125,"GABBRO [22254]",10.1,22,3.04,13.5,3.51,1.07,3.75,0.56,3.58,0.72,2.22,0.31,2.08,0.32
41,111,"DIORITE [22450]",9.33,17.4,2.02,7.708,1.463,0.6,1.27,0.18,1.04,0.19,0.57,0.074,0.47,0.067
41,111,"DIORITE [22450]",17.4,30.1,3.26,11.87,1.806,1.07,1.35,0.16,0.83,0.15,0.39,0.052,0.31,0.047
41,111,"DIORITE [22450]",15.4,31.9,3.83,16.16,3.104,1.13,2.43,0.35,1.81,0.34,0.91,0.13,0.88,0.13
41,111,"DIORITE [22450]",14.7,26.9,2.94,10.75,1.704,1.03,1.46,0.15,0.86,0.17,0.49,0.075,0.51,0.086
41,111,"DIORITE [22450]",19.1,37.1,3.97,14.26,2.298,1.09,1.8,0.22,1.24,0.22,0.64,0.086,0.62,0.1
41,111,"DIORITE [22450]",17.1,34.9,4.15,17.11,3.123,1.19,2.54,0.34,1.88,0.34,0.92,0.12,0.79,0.12
41,111,"DIORITE [22450]",18.3,38.7,4.77,19.39,3.573,1.06,2.82,0.4,2.05,0.36,0.96,0.12,0.81,0.13
41,111,"DIORITE [22450]",15.5,33.9,4.48,18.86,3.967,1.11,3.57,0.47,2.69,0.5,1.32,0.19,1.23,0.18
41,111,"DIORITE [22450]",17.4,34.1,3.95,14.15,2.3,1.02,1.89,0.21,1.2,0.24,0.63,0.094,0.56,0.098
3.9253,-76.2451,"DIORITE [15581]",1.7,4.09,0.58,3.04,0.62,0.38,1.06,0.21,1.22,0.28,0.88,0.16,1.05,0.15
5.768,-76.249,"DIORITE [15581]",19.41,39.43,5.31,22.36,4.96,1.14,4.72,0.75,4.26,0.95,2.75,0.41,2.97,0.44
3.9253,-76.2451,"DIORITE [15581]",1.7,4.09,0.58,3.04,0.62,0.38,1.06,0.21,1.22,0.28,0.88,0.16,1.05,0.15
5.768,-76.249,"DIORITE [15581]",19.41,39.43,5.31,22.36,4.96,1.14,4.72,0.75,4.26,0.95,2.75,0.41,2.97,0.44
5.4544,-75.4745,"DIORITE [15581]",20.03,36.09,3.77,13.35,2.2,0.67,1.98,0.23,1.33,0.3,0.77,0.12,0.74,0.12
-34.08,-70.35,"DIORITE [15579]",24.1,53.7,6.29,26.12,4.63,0.79,3.17,0.38,1.89,0.34,0.94,0.13,0.79,0.11
-34.08,-70.35,"DIORITE [15579]",20.5,41.2,5.06,21.66,3.78,0.56,2.5,0.32,1.47,0.26,0.73,0.11,0.65,0.09
-34.08,-70.35,"DIORITE [15579]",54.6,108.4,12.06,45.21,6.74,0.98,4.1,0.43,1.6,0.32,0.85,0.11,0.68,0.1
-34.08,-70.35,"DIORITE [15579]",28.7,62.3,7.38,29.6,4.86,0.73,3.6,0.4,1.5,0.3,0.75,0.1,0.7,0.09
51.7181,-176.6927,"DIORITE [22767]",8.80433008113564,19.4841177841815,2.79976453526525,12.4613446486449,2.93899812023795,1.03294988786624,2.64111782878682,0.389939156503839,2.28572976730765,0.436463149328431,1.15315823915219,0.163730101251737,0.994917163786729,0.153821257484539
51.7078,-176.6295,"DIORITE [22767]",19.2,39.84,5.3,23,5.29,1.3,4.28,0.64,3.49,0.66,1.95,0.31,2.03,0.286
42.9265,27.0718,"DIORITE [13759]",18.6676666666667,33.8245,4.089,18.0466666666667,3.184,1.09666666666667,2.84933333333333,0.481333333333333,2.56066666666667,0.526666666666667,1.53133333333333,0.206,1.316,0.215333333333333
42.3485,27.4211,"DIORITE [13759]",12.8763333333333,26.7123333333333,3.16833333333333,15.595,3.44533333333333,1.01233333333333,3.42066666666667,0.459333333333333,2.97866666666667,0.570333333333333,1.80433333333333,0.319333333333333,2.27766666666667,0.295666666666667
42.2312,26.4068,"DIORITE [13759]",10.1096666666667,20.217,2.60366666666667,11.2686666666667,2.338,0.827333333333333,2.41933333333333,0.352333333333333,2.478,0.477,0.987333333333333,0.196333333333333,1.58133333333333,0.191333333333333
42.9321,27.0778,"DIORITE [13759]",27.4416666666667,50.6326666666667,5.71733333333333,26.1253333333333,4.84666666666667,1.37,3.54833333333333,0.486666666666667,3.19133333333333,0.528,1.87333333333333,0.202333333333333,1.65366666666667,0.2765
42.9266,27.0872,"DIORITE, QUARTZ [13759]",27.3166666666667,50.713,5.58266666666667,22.7676666666667,3.888,1.16633333333333,3.16766666666667,0.473666666666667,2.40733333333333,0.487,1.41933333333333,0.176,1.66066666666667,0.257333333333333
42.0207,28.0142,"DIORITE [13759]",5.59266666666667,13.3116666666667,1.66666666666667,8.13933333333333,2.061,0.852,2.51933333333333,0.528,2.79466666666667,0.684,1.66933333333333,0.27,2.11133333333333,0.286333333333333
42.0207,28.0142,"DIORITE [13759]",6.35233333333333,13.7343333333333,1.90633333333333,8.71233333333333,2.18266666666667,0.743666666666667,1.88833333333333,0.437333333333333,2.91833333333333,0.590666666666667,1.87466666666667,0.206666666666667,1.878,0.316666666666667
58.029738,-4.133559,"DIORITE [28719]",157.7,328.6,40.21,169.89,30.47,6.75,20.22,2.08,8.13,1.21,3.1,0.36,2.05,0.29
56.689443,-5.602272,"DIORITE [28722]",64,140.8,17.77,77.2,14,3.36,11.03,1.32,6.51,1.16,3.14,0.41,2.5,0.35
41.1,95.5,"DIORITE [15647]",23.762,44.598,5.166,18.68,3.748,0.631,4.036,0.706,4.448,0.991,2.723,0.432,2.694,0.413
41.1,95.5,"DIORITE [15647]",8.57,21.172,2.928,12.82,3.587,0.641,4.164,0.792,5.246,1.114,3.079,0.457,2.87,0.435
39.2867,-120.4722,"DIORITE [23289]",12.07,23.7,3.08,13.5,2.97,1.09,2.51,0.34,2.42,0.49,1.37,0.19,1.34,0.22
39.2867,-120.4722,"DIORITE [23367]",4.26,9.22,1.32,6.27,1.74,0.78,1.7,0.27,1.71,0.35,0.92,0.13,0.78,0.11
39.2867,-120.4722,"DIORITE [23367]",3.84,9.96,1.55,8.13,2.32,0.82,2.41,0.39,2.46,0.51,1.3,0.18,1.14,0.16
39.2867,-120.4722,"DIORITE [23367]",1.99,10.8,1.74,4.9,1.43,0.49,1.68,0.24,1.56,0.3,1.49,0.22,0.71,0.09
39.2822,-120.4744,"DIORITE [23367]",1.47,2.84,0.33,1.44,0.36,0.23,0.31,0.05,0.26,0.06,0.18,0.03,0.19,0.03
39.2822,-120.4744,"DIORITE [23367]",1.57,2.84,0.31,1.33,0.28,0.21,0.26,0.04,0.24,0.05,0.15,0.02,0.2,0.03
36.19,117.66,"DIORITE [15974]",23.4,45.5,5.01,20.2,3.93,1.13,3.49,0.45,2.33,0.45,1.17,0.17,1.17,0.18
36.19,117.66,"DIORITE [15974]",21.9,44.4,5.16,21.8,4.34,1.25,3.78,0.52,2.71,0.52,1.38,0.2,1.35,0.21
36.19,117.66,"DIORITE [15974]",21.9,44.1,5.09,21.4,4.2,1.22,3.74,0.5,2.61,0.51,1.32,0.19,1.32,0.21
36.19,117.66,"DIORITE [15974]",23.9,46.1,5.07,20.4,3.87,1.13,3.54,0.46,2.43,0.47,1.25,0.18,1.24,0.2
36.19,117.66,"DIORITE [15974]",23.7,45.5,4.96,20,3.81,1.13,3.43,0.45,2.36,0.45,1.2,0.17,1.19,0.19
36.19,117.66,"DIORITE [15974]",22.8,45.8,5.18,21.5,4.17,1.19,3.76,0.49,2.62,0.5,1.33,0.19,1.3,0.2
36.19,117.66,"DIORITE [15974]",22.1,45,5.19,21.7,4.25,1.21,3.78,0.5,2.63,0.5,1.34,0.2,1.32,0.21
36.19,117.66,"DIORITE [15974]",26.1,51.4,5.81,24,4.62,1.28,4.15,0.55,2.89,0.55,1.45,0.21,1.38,0.21
25.15,111.92,"DIORITE [15974]",27.9,60.4,7.35,32,6.55,1.82,5.92,0.78,3.95,0.72,1.81,0.25,1.7,0.25
25.15,111.92,"DIORITE [15974]",28.1,61.1,7.53,33.3,7.05,2.02,6.36,0.84,4.16,0.74,1.82,0.25,1.62,0.24
25.15,111.92,"DIORITE [15974]",27.4,59.8,7.26,31.9,6.67,1.94,6.06,0.8,3.97,0.71,1.75,0.24,1.56,0.24
25.15,111.92,"DIORITE [15974]",25.1,55.1,6.8,29.9,6.17,1.8,5.64,0.75,3.76,0.71,1.71,0.24,1.57,0.23
33.5,108,"DIORITE [23900]",29.94,56.19,6.21,22.9,3.97,1.13,3.06,0.47,2.6,0.47,1.27,0.18,1.28,0.18
33.5,108,"DIORITE [23900]",42.81,87.64,8.98,33.52,5.65,1.58,4.22,0.63,3.5,0.63,1.71,0.25,1.6,0.22
-24.634,29.9391,"DIORITE [24019]",20,48,6.1,29,7.3,5.7,6.9,1.05,6.2,1.2,3.7,0.59,4.5,0.8
14.915,-89.7117,"DIORITE, AMPHIBOLE [16047]",6.07,14.9,2.21,10.4,2.84,1.06,3.29,0.56,3.47,0.72,1.96,0.29,1.89,0.28
14.8896,-89.8136,"DIORITE [16047]",20.8,41.3,5.38,22.5,4.77,1.38,4.47,0.64,3.5,0.66,1.7,0.23,1.48,0.21
43,82,"DIORITE, QUARTZ [16187]",14.6,31.8,4.44,19.3,4.34,1.16,4.21,0.75,4.56,0.95,2.75,0.39,2.68,0.42
43,82,"DIORITE, QUARTZ [16187]",18.5,41.2,5.79,25.2,5.89,1.52,5.63,0.95,6.17,1.28,3.71,0.56,3.63,0.57
43,82,"DIORITE, QUARTZ [16187]",15.2,33.3,4.59,18.9,4.25,1.11,4,0.69,4.43,0.92,2.75,0.41,2.48,0.4
43,82,"DIORITE, QUARTZ [16187]",14.8,32.2,4.65,19.6,4.37,1.17,4.27,0.75,4.68,0.99,2.86,0.41,2.58,0.43
43,82,"DIORITE, QUARTZ [16187]",14.4,31.5,4.48,19,4.46,1.16,4.39,0.71,4.54,0.99,2.72,0.4,2.57,0.42
43,82,"DIORITE, QUARTZ [16187]",15.8,33.3,4.71,19.9,4.46,1.27,4.29,0.72,4.38,0.95,2.59,0.39,2.49,0.38
43,82,"DIORITE, QUARTZ [16187]",13.5,29.6,3.93,17.3,3.91,1.14,4.28,0.79,4.74,0.96,2.78,0.42,2.78,0.43
43,82,"DIORITE, QUARTZ [16187]",13.1,28.8,3.78,16.2,3.6,1.11,3.92,0.7,4.3,0.86,2.51,0.4,2.63,0.42
43,82,"DIORITE, QUARTZ [16187]",13.9,31.1,4.14,17.7,4.04,1.08,4.31,0.77,4.74,0.96,2.9,0.44,2.92,0.46
43,82,"DIORITE, QUARTZ [16187]",13.1,28.2,3.72,16,3.56,1.12,3.85,0.7,4.18,0.86,2.57,0.39,2.63,0.4
43,82,"DIORITE, QUARTZ [16187]",12.7,28.2,3.8,16.7,3.88,1.07,4.05,0.75,4.53,0.93,2.66,0.41,2.75,0.44
43,82,"DIORITE, QUARTZ [16187]",10.3,29.1,3.39,15,3.64,1.03,4.1,0.75,4.66,0.98,2.87,0.43,2.89,0.45
-1.75,-60.1,"DIORITE [13726]",23.3,49,5.57,22.4,4.4,1.95,4.06,0.63,3.58,0.73,2.06,0.29,1.96,0.29
35.1485,73.0857,"DIORITE [13235]",6.31,15.1,2.06,10.5,2.73,1.17,3.29,0.51,3.45,0.71,1.97,0.27,1.71,0.28
35.1645,73.1022,"DIORITE [13235]",7.27,18.4,2.56,11.7,2.62,0.9,2.69,0.4,2.52,0.5,1.45,0.21,1.38,0.22
35.1776,73.1081,"DIORITE [13235]",8.52,21.2,2.91,13.4,2.95,1.02,3.2,0.49,3.29,0.67,1.95,0.29,1.95,0.33
35.3501,73.2038,"DIORITE [13235]",9.26,20.4,2.56,11.6,2.77,0.95,3.27,0.52,3.44,0.69,1.89,0.28,1.78,0.28
35.1972,73.1953,"DIORITE [13235]",5.18,12.6,1.66,7.95,2.06,0.79,2.59,0.43,3.03,0.63,1.73,0.26,1.66,0.27
35.2271,73.1464,"DIORITE [13235]",7.51,16.3,2,9.1,2.1,0.77,2.11,0.29,1.7,0.32,0.84,0.12,0.78,0.12
35.2445,73.1817,"DIORITE [13235]",10.8,23.1,2.65,11.1,2.36,0.8,2.63,0.42,2.79,0.57,1.55,0.24,1.52,0.25
35.2454,73.1854,"DIORITE [13235]",11.7,26.9,3.37,15.3,3.69,1.23,4.37,0.72,4.86,1.01,2.89,0.43,2.77,0.46
29,64.5,"DIORITE [14557]",9.7,18.5,2.32,10.5,2.4,0.79,2.85,0.43,2.59,0.58,1.87,0.42,2.6,0.42
45,89,"DIORITE [16418]",29.9,63.5,7.99,31.5,6.22,1.65,5.67,0.79,4.52,0.93,2.43,0.38,2.27,0.35
45,89,"DIORITE [16418]",25.9,55.3,6.85,27.1,5.65,1.44,4.7,0.65,3.76,0.76,1.96,0.31,1.85,0.27
57.75,-102.5,"DIORITE [14914]",17.5,39.8,5.63,25.4,5.28,1.92,4.37,0.58,2.72,0.47,1.22,0.16,0.94,0.13
50,41,"DIORITE, QUARTZ [28912] / NOT GIVEN [25520]",754,15.8,36.9,4.44,18.9,4.25,1.38,3.39,0.483,2.72,0.558,1.57,0.239,1.54
50,41,"DIORITE, QUARTZ [28912] / NOT GIVEN [25520]",692,19.6,45.1,5.5,23,4.82,1.47,3.83,0.55,3.14,0.648,1.79,0.268,1.72
50,41,"DIORITE, QUARTZ [28912] / NOT GIVEN [25520]",618,18.7,43.2,5.35,21.8,4.37,1.29,3.37,0.466,2.52,0.513,1.43,0.203,1.31
50,41,"DIORITE, QUARTZ [28912] / NOT GIVEN [25520]",594,23.1,54.5,6.39,25.7,5.06,1.17,4.21,0.582,3.36,0.68,1.92,0.297,1.76
50,41,"DIORITE, QUARTZ [28912] / NOT GIVEN [25520]",419,20.2,48.3,6.61,27.6,5.76,1.365,4.68,0.665,3.96,0.818,2.22,0.321,1.98
50,41,"DIORITE, QUARTZ [28912] / NOT GIVEN [25520]",429,24.8,58.4,7.87,32.1,5.94,1.45,4.37,0.63,3.57,0.71,1.98,0.3,1.87
50,41,"DIORITE, QUARTZ [28912] / NOT GIVEN [25520]",737,22.8,53,30.53,5.76,5.51,1.41,4.38,0.64,3.47,0.7,1.94,0.29,1.81
50,41,"DIORITE, QUARTZ [28912] / NOT GIVEN [25520]",447,17.3,38,4.56,18.6,3.62,1.19,2.73,0.42,2.44,0.49,1.38,0.21,1.29
50,41,"DIORITE, QUARTZ [28912] / NOT GIVEN [25520]",464,21.6,46.1,5.59,22.4,4.61,1.19,3.61,0.529,3.12,0.645,1.77,0.272,1.71
50,41,"DIORITE, QUARTZ [28912] / NOT GIVEN [25520]",493,23.7,51.4,6.35,25.7,4.88,1.4,3.85,0.58,3.28,0.67,1.84,0.28,1.7
50,41,"DIORITE, QUARTZ [28912] / NOT GIVEN [25520]",529,19,42.7,5.21,21.8,4.37,1.44,3.65,0.517,2.95,0.601,1.67,0.233,1.54
50,41,"DIORITE, QUARTZ [28912] / NOT GIVEN [25520]",515,12.7,39,5.61,25.5,5.66,1.27,4.56,0.653,3.84,0.761,2.13,0.32,1.97
50,41,"DIORITE, QUARTZ [28912] / NOT GIVEN [25520]",533,25.2,58.3,6.98,29.1,6.28,1.29,4.49,0.63,3.66,0.724,1.97,0.303,1.82
50,41,"DIORITE, QUARTZ [28912] / NOT GIVEN [25520]",817,25.4,57.3,6.7,27.1,5.24,1.3,4.23,0.611,3.57,0.733,2.08,0.337,2.13
50,41,"DIORITE, QUARTZ [28912] / NOT GIVEN [25520]",453,32.4,40.9,7.86,30.7,5.05,1.08,5.1,0.706,2.97,0.582,1.62,0.234,1.47
50,41,"DIORITE, QUARTZ [28912] / NOT GIVEN [25520]",724,22.8,50.8,6.5,25.8,4.98,1.249,3.87,0.538,3.12,0.605,1.62,0.247,1.57
50,41,"DIORITE, QUARTZ [28912] / NOT GIVEN [25520]",649,26.4,59.4,7.25,27.4,5.44,1.34,3.48,0.535,3.03,0.6,1.73,0.244,1.5
50,41,"DIORITE, QUARTZ [28912] / NOT GIVEN [25520]",521,13.5,31.9,3.71,15,3.32,0.745,2.68,0.396,2.5,0.509,1.45,0.216,1.33
50,41,"DIORITE [28912] / NOT GIVEN [25520]",485,21.8,47.1,5.98,24.1,4.45,1.37,3.58,0.5,2.81,0.58,1.57,0.23,1.41
50,41,"DIORITE [28912] / NOT GIVEN [25520]",481,23.3,54.2,7.09,29.4,5.4,1.47,4.26,0.62,3.48,0.69,1.94,0.28,1.78
50,41,"DIORITE [28912] / NOT GIVEN [25520]",435,22.2,52.1,7.14,30,6.72,1.3,5.53,0.86,4.89,0.95,2.62,0.37,2.23
50,41,"DIORITE [28912] / NOT GIVEN [25520]",511,21.9,47.5,5.86,23.2,4.22,1.17,3.34,0.47,2.66,0.53,1.5,0.23,1.38
50,41,"DIORITE [28912] / NOT GIVEN [25520]",502,22.9,48.6,5.92,23.5,4.13,1.34,3.35,0.47,2.71,0.53,1.45,0.22,1.35
30.13,115.55,"DIORITE [16792]",45,69.8,9.61,41.46,6.44,1.75,4.37,0.54,2.46,0.44,1.12,0.15,0.88,0.12
30.13,115.55,"DIORITE [16792]",46.82,71.73,10.05,40.58,6.39,1.74,4.66,0.56,2.6,0.46,1.17,0.15,0.89,0.12
30.5,116.2,"DIORITE [16792]",68.17,127.16,14.44,35.33,5.49,2.01,6.44,0.8,3.93,0.73,1.99,0.27,1.66,0.25
31,115.5,"DIORITE [16792]",108.81,204.22,23.75,82.33,12.75,3.3,9.89,1.21,5.88,1.11,2.88,0.4,2.47,0.38
31.29,115.94,"DIORITE [16792]",101.05,194.9,21.12,72.17,11.16,2.44,8.09,0.98,4.94,0.93,2.53,0.34,1.99,0.27
30.2,116.22,"DIORITE [16792]",42.91,81.97,9.35,33.96,5.38,1.67,4.5,0.55,2.73,0.49,1.37,0.18,1.18,0.16
31.5,115.8,"DIORITE [16792]",48.66,91.91,10.38,40.02,7.16,1.91,5.88,0.68,3.52,0.63,1.61,0.21,1.18,0.15
33.7625,86.5546,"DIORITE [17027]",12.2,24.6,3.14,9.88,2.32,0.85,2.46,0.35,1.94,0.35,1,0.14,0.9,0.13
33.72,86.53,"DIORITE [17027]",11.4,25.9,2.89,12.3,2.8,0.85,2.51,0.38,2.15,0.41,1.13,0.16,1.09,0.17
33.72,86.53,"DIORITE [17027]",12.7,26.1,3.3,13.4,3.11,0.74,2.68,0.37,2.32,0.41,1.14,0.17,0.98,0.15
33.72,86.53,"DIORITE [17027]",12.36,23.7,2.68,11.22,2.45,0.79,2.39,0.34,2.03,0.39,1.09,0.14,1.02,0.13
33.72,86.53,"DIORITE [17027]",11.31,22.1,2.54,10.81,2.4,0.77,2.32,0.33,1.96,0.37,1.04,0.13,0.96,0.12
33.72,86.53,"DIORITE [17027]",10.33,20.8,2.42,10.42,2.3,0.74,2.05,0.27,1.54,0.29,0.78,0.09,0.69,0.09
33.72,86.53,"DIORITE [17027]",9.49,18.83,2.2,9.45,2.1,0.67,1.92,0.25,1.42,0.26,0.7,0.08,0.63,0.08
33.72,86.53,"DIORITE [17027]",9.56,19.42,2.18,9.35,2.11,0.7,2.04,0.29,1.73,0.34,0.92,0.11,0.87,0.11
33.72,86.53,"DIORITE [17027]",9.75,19.69,2.29,9.85,2.22,0.73,1.96,0.25,1.46,0.27,0.73,0.08,0.65,0.08
32.3,82.4,"DIORITE, QUARTZ [17208]",15.6,31.1,3.88,15.4,3.2,1,2.92,0.43,2.57,0.51,1.38,0.21,1.36,0.21
32.3,82.4,"DIORITE, QUARTZ [17208]",16,31.1,3.95,15.7,3.11,1,2.9,0.43,2.58,0.52,1.43,0.21,1.41,0.21
32.3,82.4,"DIORITE [17208]",13.9,28.7,3.74,15.5,3.48,1.09,3.41,0.55,3.38,0.68,1.94,0.29,1.91,0.29
32.3,82.4,"DIORITE [17208]",15.7,33.9,4.62,19.1,4.2,1.28,3.87,0.58,3.37,0.65,1.83,0.25,1.62,0.25
-20.66488,118.79399,"DIORITE, QUARTZ [27088]",83.3,150,15.05,47.9,6.15,1.12,3.88,0.4,1.98,0.37,1.11,0.16,1.18,0.19
-21.04373,117.94143,"DIORITE, QUARTZ [27088]",59.7,107.5,11.1,37.6,5.66,1.39,4.03,0.47,2.39,0.42,1.22,0.16,1.02,0.15
-21.40804,119.75182,"DIORITE, QUARTZ [27088]",27.1,48.6,5.14,17.8,3.23,0.89,2.55,0.4,2.4,0.5,1.45,0.23,1.6,0.26
-20.87647,119.73206,"DIORITE, QUARTZ [27088]",18.5,38.2,4.98,21.8,6.03,1.98,5.59,0.87,4.61,0.89,2.42,0.3,1.96,0.26
-20.91388,120.55534,"GRANODIORITE [27088] / DIORITE [27086]",53.5,104.5,11.8,43,7.64,1.49,6.79,1.01,5.73,1.16,3.42,0.5,3.2,0.48
33.5,112.3,"DIORITE, QUARTZ [27339]",25.4742956719563,52.088273116285,6.42117340902019,26.9614502462468,4.97376871857045,1.32233244737338,3.4580254512266,0.474396378088439,2.42473791209647,0.479021015427704,1.3351201830629,0.187509164582482,1.25485651678904,0.185050083535052
33.5,112.3,"DIORITE, QUARTZ [27339]",29.66,59.65,7.01,26.63,4.477,1.079,3.194,0.411,2.105,0.399,1.007,0.146,0.965,0.151
6.3439,11.1711,"DIORITE [17310]",22.1,46.7,5.87,6.19,25.9,1.86,6.15,0.99,5.35,1.04,2.6,0.35,2.16,0.27
51.17,14.38,"DIORITE [17672]",14,32,3.9,18,4.5,1.5,5.3,0.86,5.3,0.98,2.9,0.38,2.5,0.35
54.58,-6.83,"DIORITE [13353]",12.93,25.91,3.24,13.11,3.02,0.9,3.01,0.52,3.32,0.71,1.96,0.29,1.87,0.3
54.58,-6.83,"DIORITE [13353]",13.44,24.53,2.76,10.16,2.19,0.85,2,0.32,1.98,0.41,1.12,0.17,1.12,0.18
49.2,-2.1,"DIORITE [10435]",35.6,69.4,7.4,33.4,5.7,1.79,6,0.65,4,0.59,1.9,0.46,1.9,0.31
46.8,89,"DIORITE, PYROXENE [18111]",18.7,39.1,5.18,21.4,4.75,1.47,4.79,0.72,4.33,0.89,2.57,0.38,2.44,0.37
46.8,89,"DIORITE, PYROXENE [18111]",18.7,39.8,5.3,21.8,4.9,1.51,4.97,0.75,4.5,0.92,2.65,0.39,2.49,0.38
46.8,89,"DIORITE, PYROXENE [18111]",25.5,53.7,7.04,28.9,6.24,1.84,6.07,0.89,5.39,1.07,3.14,0.46,2.92,0.45
35.5,102.5,"DIORITE [16185]",13,27.6,3.76,15.2,3.68,1.04,4.23,0.64,4.18,0.89,2.65,0.36,2.48,0.36
35.5,102.5,"DIORITE [16185]",12.7,26.8,3.68,15.4,3.76,1.06,4.31,0.67,4.38,0.93,2.69,0.38,2.54,0.4
35.5,102.5,"DIORITE [16185]",12.4,26,3.56,14.5,3.74,1.03,4.19,0.66,4.16,0.91,2.6,0.35,2.5,0.36
35.5,102.5,"DIORITE [16185]",11.9,25,3.5,14.5,3.85,1.05,4.25,0.65,4.23,0.88,2.55,0.36,2.51,0.35
35.5,102.5,"DIORITE [16185]",12.5,26.2,3.5,14.8,3.76,1.02,4.45,0.67,4.16,0.9,2.68,0.38,2.44,0.36
35.5,102.5,"DIORITE [16185]",17.7,36.4,4.76,19.7,4.55,0.93,4.91,0.73,4.76,1.02,2.9,0.41,2.67,0.4
35.5,102.5,"DIORITE [16185]",15.8,32.2,4.27,17.5,4.24,1.15,4.44,0.69,4.51,0.92,2.78,0.37,2.44,0.4
35.5,102.5,"DIORITE [16185]",14.7,30.7,4.26,17.9,4.55,0.91,5.13,0.79,5,1.06,3.13,0.44,3.17,0.46
11.26,-60.65,"DIORITE [17405]",2.04611875381117,5.23330751535654,0.927806815730738,5.04983019451238,1.80783297008643,0.727947647446483,2.20616409491806,0.376100531218642,2.46746347052337,0.476452932491846,1.43059696925375,0.217627044469479,1.40886986071457,0.210659863769353
11.26,-60.65,"DIORITE [17405]",4.83193761052727,13.3687624694199,2.34401974786205,10.7740506706024,2.82381840510825,0.830298077024597,2.67044813596142,0.417901313439453,2.64477184201362,0.467623125272412,1.40569986478683,0.217734089197372,1.35976779444473,0.206013796457693
11.26,-60.65,"DIORITE [17405]",2.49823907455013,4.87693142857143,0.687316486161251,2.99110826627652,0.687906805987009,0.430427561837456,0.641768323504634,0.0881556982343499,0.608210122699386,0.111605087014726,0.332415913200723,0.0509673590504451,0.341334256694368,0.0548390092879257
11.26,-60.65,"DIORITE [17405]",4.82463370593293,11.0729042769857,1.89200393700787,9.0473738317757,2.67453374578178,0.98,2.82103545132261,0.4862064,3.25806594784353,0.643267105263158,1.99120896860987,0.327651162790698,2.15590458882326,0.337955489614243
53.9345,-94.6115,"DIORITE  [18456]",31.834612,61.17172,6.338066,20.888196,3.702439,0.804838,3.99671,0.668295,3.981755,0.891583,2.949706,0.469173,2.9757525,0.473307
13.09,146.08,"DIORITE, QUARTZ [18474]",3.3,7.4,1.14,4.63,1.06,0.23,1.08,0.19,1.19,0.27,0.83,0.14,1,0.18
13.09,146.08,"DIORITE, QUARTZ [18474]",2.05,3.68,0.54,2.3,0.6,0.24,0.7,0.13,0.81,0.18,0.58,0.1,0.7,0.13
13.09,146.08,"DIORITE [18474]",2.29,4.41,0.64,2.78,0.81,0.24,0.95,0.17,1.16,0.27,0.8,0.14,1,0.18
12.73,145.48,"DIORITE, QUARTZ [18474]",2.16,5.74,0.93,4.45,1.38,0.46,1.66,0.3,1.96,0.42,1.2,0.18,1.16,0.19
12.73,145.48,"DIORITE, QUARTZ [18474]",2.4,6.14,0.93,4.37,1.35,0.48,1.61,0.28,1.87,0.41,1.16,0.18,1.15,0.18
12.73,145.48,"DIORITE, QUARTZ [18474]",1.85,4.59,0.75,3.67,1.2,0.45,1.52,0.28,1.84,0.4,1.14,0.17,1.08,0.18
12.73,145.48,"DIORITE, QUARTZ [18474]",2.4,5.79,0.91,4.27,1.34,0.49,1.52,0.26,1.63,0.34,0.95,0.14,0.92,0.15
12.73,145.48,"DIORITE [18474]",0.74,1.85,0.28,1.29,0.4,0.14,0.52,0.09,0.61,0.14,0.39,0.06,0.39,0.06
12.73,145.48,"DIORITE, QUARTZ [18474]",1.5,3.91,0.6,2.93,0.97,0.38,1.3,0.24,1.61,0.35,0.98,0.15,0.94,0.15
12.73,145.48,"DIORITE [18474]",0.62,1.46,0.23,1.07,0.35,0.12,0.44,0.08,0.55,0.12,0.36,0.06,0.39,0.07
12.73,145.48,"DIORITE [18474]",1.96,4.69,0.75,3.52,1.12,0.41,1.37,0.24,1.56,0.33,0.93,0.14,0.93,0.16
48.0033,122.7719,"DIORITE [15075]",24.33,48.76,6.12,24.19,4.6,1.31,3.87,0.54,3.11,0.62,1.78,0.26,1.68,0.28
48.0033,122.7719,"DIORITE [15075]",23.91,53.32,7.2,30.93,6.77,1.85,6.22,0.9,5.29,1.09,2.98,0.44,2.75,0.43
48.0033,122.7719,"DIORITE [15075]",24,52.31,6.72,27.04,5.46,1.34,4.76,0.69,3.98,0.81,2.25,0.34,2.19,0.34
48.0033,122.7719,"DIORITE [15075]",21.01,47.05,6.33,26.18,5.41,1.58,4.82,0.68,3.93,0.78,2.16,0.32,1.91,0.29
48.0033,122.7719,"DIORITE [15075]",25.29,56.01,7.25,29.91,6.23,1.73,5.52,0.78,4.39,0.9,2.43,0.36,2.29,0.35
48.0033,122.7719,"DIORITE [15075]",24.8,53.45,6.88,28.1,5.62,1.6,4.86,0.68,3.86,0.76,2.06,0.3,1.86,0.27
42.5913,0.855,"DIORITE, QUARTZ [18663]",20,45,5.4,21,4.7,1.2,4.9,0.8,5.2,1,2.9,0.44,2.8,0.43
42.5856,0.8576,"DIORITE, QUARTZ [18663]",16,35,4.2,17,4,0.99,4.3,0.7,4.5,0.91,2.4,0.38,2.3,0.37
42.5856,0.8576,"DIORITE, QUARTZ [18663]",17,36,4.4,18,4.1,0.92,3.9,0.64,4.1,0.85,2.3,0.36,2.2,0.33
25.75,73.2,"DIORITE [13207]",10.3,23.1,3.03,13.7,3.66,1.31,4.44,0.75,4.73,0.99,2.84,0.4,2.56,0.39
16.08,79.92,"DIORITE, NEPHELINE [18950]",120,239,23.5,83.4,14.1,4.2,13,1.61,7.8,1.36,3.1,0.41,2.44,0.32
17,-64.5,"DIORITE [4119]",19.39,42.18,5.63,24.49,5.87,1.63,6.02,0.85,5.26,1.05,3,0.43,2.69,0.41
20.3616,100.3578,"DIORITE [15295]",35.32,69.29,8.46,33.52,6.44,1.62,5.51,0.79,4.37,0.81,2.26,0.31,2,0.31
20.279,100.2977,"DIORITE, QUARTZ [15295]",42.73,85.19,10.47,41.87,8.17,1.91,7.18,1.07,6.14,1.19,3.45,0.49,3.21,0.5
20.2981,100.2797,"DIORITE [15295]",46,90.71,11.07,43.49,8.47,1.99,7.39,1.14,6.56,1.3,3.82,0.56,3.69,0.57
31,116.75,"DIORITE [19378]",56.6,112,13.3,52,9.42,2.67,7.66,1.02,5.37,0.885,2.32,0.293,1.83,0.269
31,116.75,"DIORITE [19378]",68.7,130,14.9,56.1,9.13,2.41,7.27,0.975,5,0.858,2.29,0.328,1.96,0.291
31,116.75,"DIORITE [19378]",70.6,138,15.8,59.3,10.5,2.62,8.5,1.13,5.86,1.01,2.62,0.349,2.25,0.317
31,116.75,"DIORITE [19378]",88.6,194,24.6,104,22.7,5.29,20.2,2.54,11.6,1.72,3.99,0.493,2.86,0.424
31,116.75,"DIORITE [19378]",70.3,137,16.3,63,11.2,3.02,9.01,1.18,5.96,0.988,2.59,0.327,1.89,0.281
31,116.75,"DIORITE [19378]",77.7,153,17.9,69.9,12.3,2.96,9.56,1.24,6.3,1.07,2.71,0.35,2.05,0.299
17.4677,-101.0809,"DIORITE [18776]",9.62973465271269,21.218954669139,3.03541835226036,13.892656968457,3.55299611947596,1.13478260749919,3.77,0.58,3.68832418033178,0.75157599346317,2.04221494128547,0,1.89070778767495,0.272758238518082
-24.2,-69.05,"DIORITE [19416]",23,47,5.5,22,4.1,1.2,3.5,0.41,2.6,0.5,1.4,0.21,1.3,0.2
-24.2,-69.05,"DIORITE [19416]",22,46,5.3,21,4,1.1,3.2,0.4,2.4,0.46,1.3,0.19,1.2,0.19
-24.2,-69.05,"DIORITE [19416]",20,42,5,20,4.1,1.3,3.5,0.49,2.9,0.58,1.5,0.22,1.5,0.22
-24.2,-69.05,"DIORITE [19416]",22,45,5.3,21,4.1,1.2,3.3,0.41,2.3,0.45,1.2,0.17,1.1,0.17
-24.2,-69.05,"DIORITE [19416]",23,45,5.2,20,3.6,0.97,2.9,0.4,2.3,0.44,1.2,0.19,1.1,0.17
-24.2,-69.05,"DIORITE [19416]",20,42,5,21,4.1,1.2,3.3,0.45,2.7,0.51,1.4,0.19,1.3,0.17
-24.2,-69.05,"DIORITE [19416]",21,42,5,20,3.8,1.2,3.2,0.44,2.5,0.46,1.2,0.18,1.1,0.16
-24.2,-69.05,"DIORITE [19416]",21,42,4.9,20,3.9,1.1,3.3,0.45,2.5,0.46,1.2,0.19,1.1,0.16
-24.2,-69.05,"DIORITE [19416]",21,42,5.1,20,4.1,1.2,3.3,0.47,2.5,0.54,1.5,0.22,1.5,0.2
-24.2,-69.05,"DIORITE [19416]",22,44,5.3,20,4,1.2,3.4,0.47,2.6,0.51,1.4,0.19,1.3,0.2
-24.2,-69.05,"DIORITE [19416]",19,40,4.7,19,3.9,1.2,3.2,0.42,2.5,0.49,1.3,0.18,1.2,0.17
-24.2,-69.05,"DIORITE [19416]",20,41,5,20,3.9,1.2,3.4,0.44,2.6,0.52,1.4,0.21,1.4,0.21
-24.2,-69.05,"DIORITE [19416]",16,36,4.6,19,3.9,1.2,3.4,0.43,2.6,0.5,1.3,0.19,1.12,0.17
-24.2,-69.05,"DIORITE [19416]",20,41,4.8,19,3.7,1.1,3.2,0.4,2.5,0.48,1.3,0.19,1.15,0.18
-24.2,-69.05,"DIORITE [19416]",20,41,4.9,19,3.8,1.2,3,0.42,2.3,0.44,1.2,0.17,1.05,0.15
-24.2,-69.05,"DIORITE [19416]",21,42,5,21,4.3,1.2,3.7,0.49,2.9,0.56,1.5,0.22,1.37,0.22
-24.2,-69.05,"DIORITE [19416]",22,45,5.3,20,3.9,1.1,3.2,0.42,2.5,0.51,1.3,0.21,1.39,0.24
-24.2,-69.05,"DIORITE [19416]",19,41,5.1,21,4.1,1.2,3.2,0.39,2.2,0.42,1.1,0.16,0.97,0.14
-24.2,-69.05,"DIORITE [19416]",24,49,5.6,22,4.4,1.1,3.7,0.49,3,0.58,1.6,0.24,1.5,0.24
-24.2,-69.05,"DIORITE [19416]",25,50,5.9,22,4.7,1,3.9,0.54,3.4,0.67,1.9,0.29,1.9,0.3
-24.2,-69.05,"DIORITE [19416]",19,39,4.8,19,4.2,1.2,3.6,0.5,3.1,0.61,1.7,0.26,1.6,0.27
-24.2,-69.05,"DIORITE [19416]",45,87,9.8,38,6.7,1.9,4.8,0.56,3,0.57,1.5,0.21,1.4,0.22
26,-3,"DIORITE, QUARTZ [8695]",11.88,24.87,3.56,14.68,2.92,1.02,2.55,0.357,2.218,0.482,1.12,0.174,1.147,0.175
26,-3,"DIORITE, QUARTZ [8695]",15.89,36.94,4.4,18.37,4.09,1.16,3.18,0.5,2.67,0.58,1.627,0.233,1.379,0.26
26,-3,"DIORITE, QUARTZ [8695]",37.89,88.06,10.46,44.41,8.02,2.24,5.61,0.77,3.66,0.74,1.97,0.29,1.86,0.31
26,-3,"DIORITE, QUARTZ [8695]",38.06,83.13,10.07,39.22,6.8,1.69,5.07,0.65,3.68,0.73,1.84,0.28,1.8,0.3
26,-3,"DIORITE, QUARTZ [8695]",21.1,45.7,5.53,23.04,4.2,2.89,3.34,0.429,2.34,0.436,1.19,0.172,1.17,0.191
33.5,-5.5,"DIORITE, AMPHIBOLE [19672]",4.72,13.41,2.06,10.5,3.31,1.12,4.12,0.71,4.8,1.02,2.98,0.42,2.77,0.41
33.5,-5.5,"DIORITE, AMPHIBOLE [19672]",3.44,10.06,1.59,8.52,2.71,1.07,3.56,0.61,4.08,0.86,2.51,0.36,2.33,0.35
32,117.5,"DIORITE [19732]",61.8,122.5,12.85,49.9,8.08,2.38,6.23,0.77,3.97,0.66,1.84,0.19,1.35,0.16
32,117.5,"DIORITE [19732]",35.2,72.3,8.59,37.2,7.11,2.48,5.89,0.74,3.94,0.73,2.12,0.24,1.72,0.23
32,117.5,"DIORITE [19732]",54.1,109.5,11.9,47.2,8.2,2.42,6.73,0.82,4.03,0.7,1.92,0.2,1.29,0.17
32,117.5,"DIORITE [19732]",39.1,63.2,6.58,23.4,4.23,1.95,3.82,0.61,3.6,0.71,2.1,0.32,1.93,0.3
48.5,-121,"DIORITE, QUARTZ [3812]",14.5,28.5,3.7,15.2,3.28,1.24,3.17,0.46,2.68,0.52,1.55,0.2,1.35,0.19
48.5,-121,"DIORITE, PYROXENE [3812]",27,54.5,6.5,26,5.16,1.22,4.69,0.65,3.77,0.79,2.23,0.32,2.12,0.32
48.5,-121,"DIORITE, PYROXENE [3812]",10.8,24.8,3.5,15.3,3.64,1.02,3.89,0.62,3.92,0.83,2.31,0.35,2.24,0.34
48.5,-121,"DIORITE, PYROXENE [3812]",5.1,11.7,1.7,7.7,1.98,0.84,2.21,0.36,2.38,0.51,1.45,0.22,1.38,0.21
48.5,-121,"DIORITE, PYROXENE [3812]",6.2,14.1,2,9.1,2.25,0.83,2.44,0.4,2.67,0.56,1.6,0.24,1.56,0.24
48.5,-121,"DIORITE, HORNBLENDE-QUARTZ [3812]",6.6,14.4,2,8.5,2.04,0.78,2.21,0.36,2.3,0.49,1.39,0.21,1.3,0.2
48.5,-121,"DIORITE, HORNBLENDE [3812]",12.6,30.5,4.3,18.5,4.65,1.5,5.18,0.74,4.79,0.93,2.54,0.39,2.36,0.36
48.5,-121,"DIORITE, HORNBLENDE [3812]",11.3,26.3,3.7,15.4,3.49,1.52,3.72,0.52,3.12,0.62,1.61,0.23,1.45,0.21
37,121.5,"DIORITE [19766]",72.8,139,16.6,59.4,10,2.5,6.8,0.8,3.9,0.7,1.7,0.2,1.4,0.2
48.5,-121,"DIORITE, HORNBLENDE-QUARTZ [3812]",15.5,37.8,5.3,23.4,5.53,2.21,5.89,0.85,5.01,1.05,2.89,0.39,2.43,0.34
30,120,"DIORITE [19788]",25.1,65,4.214,13.46,2.26,0.653,1.79,0.277,1.57,0.343,1.01,0.1701,1.22,0.197
29.8006,90.7583,"DIORITE [19878]",20.8,42.1,5.36,22.3,4.63,1.65,3.89,0.59,3.31,0.66,1.92,0.277,1.81,0.295
44.7203,21.92815,"DIORITE [19893]",16.93,33.75,4.13,15.57,3.45,0.96,2.94,0.41,2.56,0.59,1.8,0.2,1.65,0.22
45.37973,21.69708,"DIORITE [19893]",24.16,51.52,5.98,25.24,5.09,1.1,4.4,0.61,3.93,0.74,1.93,0.27,1.81,0.23
45.42353,21.88387,"DIORITE [19893]",39.11,84.82,9.18,36.73,6.94,1.96,5.58,0.77,4.24,0.78,2.51,0.31,2.53,0.43
45.22977,21.60528,"DIORITE [19893]",34.82,77.75,9.27,36.79,7.04,1.84,6.64,0.76,4.31,0.88,2.51,0.29,2.25,0.27
45.25443,21.5833,"DIORITE [19893]",28.98,63.8,7.52,29.22,6.4,1.52,4.96,0.67,3.61,0.77,2.03,0.27,2.04,0.32
45.53118,22.39663,"DIORITE [19893]",25.63,47.72,5.1,20.08,3.61,1.12,3.32,0.45,2.71,0.49,1.75,0.17,1.35,0.22
45.69118,22.15722,"DIORITE [19893]",18.29,39.51,4.78,21.39,3.99,1.27,4.29,0.67,4.24,0.79,2.34,0.23,2.71,0.36
45.95298,22.35808,"DIORITE [19893]",30.96,65.15,7.44,31.64,6.2,1.68,5.47,0.73,4.53,0.82,2.28,0.32,2.06,0.35
46.30185,22.62165,"DIORITE [19893]",24.56,51.79,6.12,23.95,5.67,1.3,4.98,0.71,4.2,0.77,2.06,0.27,2.12,0.31
46.8437,22.85953,"DIORITE [19893]",19.14,37.48,4.53,18.89,4.09,1.05,3.37,0.56,3.01,0.58,1.63,0.26,1.56,0.29
46.12723,22.69532,"DIORITE [19893]",13.27,29.48,3.48,15.18,3.41,1.02,3.79,0.53,3.77,0.73,2.88,0.39,1.95,0.41
46.17658,23.4231,"DIORITE [19893]",30.73,55.78,6.72,24.36,4.51,1.15,3.89,0.72,4.15,0.83,1.54,0.33,2.52,0.4
46.30295,23.51783,"DIORITE [19893]",26.44,51.99,5.97,23.59,4.57,1.26,3.54,0.53,3.22,0.66,1.79,0.29,1.73,0.31
32.3942,59.1769,"DIORITE, PYROXENE [19924]",28.2,57.9,6.65,26.5,5.34,1.54,5.23,0.75,4.1,0.81,2.28,0.33,2.15,0.34
32.3722,59.1597,"DIORITE, PYROXENE [19924]",25.6,47.8,5.75,24.1,4.73,1.37,4.64,0.63,3.48,0.73,2.04,0.3,2.16,0.34
32.3867,59.1522,"DIORITE, PYROXENE [19924]",26.6,48.8,6.03,21.2,4.86,1.4,4.19,0.61,3.65,0.7,1.95,0.26,1.9,0.29
32.375,59.1758,"DIORITE, PYROXENE-HORNBLENDE [19924]",20.4,41,4.94,19.3,4.41,1.29,4.41,0.57,3.52,0.65,1.84,0.29,1.57,0.29
32.3856,59.1744,"DIORITE, PYROXENE [19924]",31.1,61.5,7.45,30.8,6.13,1.72,5.33,0.72,3.84,0.8,2.1,0.32,2.24,0.32
32.3908,59.1475,"DIORITE, HORNBLENDE-PYROXENE [19924]",25.7,51.6,6.15,25.3,4.93,1.42,4.28,0.63,3.21,0.73,1.9,0.31,2.08,0.35
32.3828,59.1717,"DIORITE, PYROXENE [19924]",30.1,63.5,7.26,29.9,5.8,1.57,4.99,0.7,3.4,0.78,2.16,0.3,1.73,0.33
45.72,84.6,"DIORITE, PYROXENE [19925]",11.6,25.3,3.43,14.4,3.26,0.91,2.83,0.43,2.55,0.5,1.36,0.21,1.36,0.21
45.72,84.6,"DIORITE, PYROXENE [19925]",15.9,34.4,4.73,19.607,4.597,1.31,3.83,0.55,3.18,0.6,1.58,0.24,1.51,0.23
45.72,84.6,"DIORITE, PYROXENE [19925]",13.5,28.5,3.93,15.761,3.677,0.97,3.13,0.48,2.85,0.57,1.6,0.24,1.54,0.23
45.72,84.6,"DIORITE, PYROXENE [19925]",14.1,29.3,4.01,16.099,3.573,0.94,3.05,0.48,2.71,0.54,1.5,0.23,1.47,0.22
45.72,84.6,"DIORITE, PYROXENE [19925]",16.1,35.3,4.94,20.5,4.47,1.26,3.55,0.49,2.71,0.51,1.33,0.2,1.27,0.2
45.72,84.6,"DIORITE [19925]",6.3,15,2.37,11.543,2.886,0.87,2.27,0.34,1.99,0.39,1.04,0.17,1.07,0.16
45.72,84.6,"DIORITE, PYROXENE [19925]",8.6,19.4,2.81,12.253,3.074,1.03,2.78,0.45,2.51,0.5,1.3,0.19,1.24,0.18
45.72,84.6,"DIORITE, PYROXENE [19925]",6.5,14.1,2.08,9.3,2.33,0.85,2.13,0.35,2.01,0.38,1.04,0.16,1.02,0.15
45.72,84.6,"DIORITE, PYROXENE [19925]",7.2,15.5,2.28,10,2.36,0.84,2.17,0.34,1.89,0.37,1.03,0.16,0.98,0.14
45.72,84.6,"DIORITE [19925]",9.1,20.9,3.12,13.62,3.452,1.03,3.01,0.48,2.84,0.57,1.51,0.23,1.46,0.22
45.72,84.6,"DIORITE [19925]",5.8,13,2.02,9.1,2.32,0.91,2.24,0.35,2.12,0.42,1.15,0.17,1.11,0.16
45.72,84.6,"DIORITE, PYROXENE [19925]",14,26.1,3.15,11.608,2.424,0.78,2.14,0.32,1.69,0.34,0.92,0.15,0.99,0.15
45.72,84.6,"DIORITE, PYROXENE [19925]",7.2,15.8,2.32,10.3,2.5,0.85,2.11,0.33,1.83,0.37,1.01,0.16,1.03,0.15
45.72,84.6,"DIORITE, PYROXENE [19925]",9.4,19.7,2.7,11.2,2.58,0.86,2.09,0.31,1.66,0.31,0.84,0.13,0.85,0.12
45.72,84.6,"DIORITE, PYROXENE [19925]",15.4,33.2,4.79,20.8,5.36,1.46,4.96,0.85,5.19,1.08,2.95,0.44,2.75,0.43
45.72,84.6,"DIORITE, PYROXENE [19925]",13.7,30.6,4.53,21.1,5.3,1.54,5.06,0.89,5.4,1.15,3.1,0.46,2.92,0.43
28.5,-18,"DIORITE [19949]",47,94,11.06,45.6,8.74,2.94,7.51,1.02,5.75,1.04,2.56,0.35,2.01,0.29
28.5,-18,"DIORITE [19949]",68,144,17.25,70.83,12.77,3.65,10.84,1.47,8.08,1.42,3.49,0.47,2.57,0.37
