"LATITUDE.MIN","LONGITUDE.MIN","ROCK.NAME","LA.PPM.","CE.PPM.","PR.PPM.","ND.PPM.","SM.PPM.","EU.PPM.","GD.PPM.","TB.PPM.","DY.PPM.","HO.PPM.","ER.PPM.","TM.PPM.","YB.PPM.","LU.PPM."
31.75,115.75,"TRACHYBASALT [20008]",65,126,15.2,58.4,9.61,2.52,7.4,0.9,4.54,0.85,2.18,0.3,1.94,0.29
31.75,115.75,"TRACHYBASALT [20008]",80.5,154,17.8,66.4,11,2.8,8.71,1.07,5.32,0.96,2.39,0.32,1.98,0.29
31.75,115.75,"TRACHYBASALT [20008]",79.7,152,17.7,65.5,11,2.8,8.75,1.06,5.37,0.95,2.39,0.32,1.98,0.3
18.5258,-99.1958,"TRACHYBASALT [20033]",24.6,57.8,7.4,28.6,6.4,2,5.7,1,5.49,1.07,3,0.43,2.74,0.41
18.6892,-99.2336,"TRACHYBASALT [20033]",28.7,53.6,8.7,33.7,7.4,2.3,6.6,1.16,6.22,1.2,3.34,0.48,3.07,0.47
42.5564,124.3381,"TRACHYBASALT [20335]",24.3,52.9,6.47,26.3,5.3,1.6,4.98,0.7,4.15,0.81,2.12,0.32,2.08,0.29
42.5553,124.3636,"TRACHYBASALT [20335]",25.3,57.6,8.01,33.7,6.55,1.91,5.6,0.8,4.18,0.83,2.16,0.31,2.01,0.3
42.5828,124.2158,"TRACHYBASALT [20335]",50.9,115,15.5,59.2,11.9,2.84,9.21,1.16,5.42,0.93,2.29,0.31,1.9,0.281
42,128,"TRACHYBASALT [20416]",37.6,76.1,9.3,38.2,8,2.9,7.4,1,6,1,2.3,0.3,1.6,0.2
35,-99,"TRACHYBASALT [20451]",19.4116,44.6341,6.6725,22.77285801,4.958940441,2.1795,6.5463,1.0236,5.9042,1.1748,3.3246,0.467,3.0017,0.4481
35,-99,"TRACHYBASALT [20451]",25.2342,59.3134,8.4373,40.4248,9.3652,2.7851,9.2974,1.4564,8.2525,1.606,4.4523,0.6113,3.8524,0.5633
29.5,96.5,"TRACHYBASALT [16208]",15.8,72.1,5.09,21.3,4.99,1.24,5.11,0.89,5.27,1.11,3.15,0.47,3.07,0.46
29.5,96.5,"TRACHYBASALT [16208]",28.5,58.8,6.79,27.3,5.8,1.56,5.9,0.92,5.16,1.05,2.92,0.42,2.67,0.4
49,124,"TRACHYBASALT [20500]",30.68,65.47,9.06,35.04,7.17,2.09,5.85,0.93,4.78,0.87,2.33,0.36,2.22,0.3
49,124,"TRACHYBASALT [20500]",20.29,42.33,5.94,23.53,4.8,1.46,3.95,0.64,3.52,0.68,1.88,0.32,1.9,0.28
49,124,"TRACHYBASALT [20500]",20.29,42.33,5.94,23.53,4.8,1.46,3.95,0.64,3.52,0.68,1.88,0.32,1.9,0.23
44,83,"TRACHYBASALT [19847]",24.8,52.9,7.61,31.4,6.16,2.05,5.75,1.08,5.52,1.08,3.37,0.52,2.87,0.42
44,83,"TRACHYBASALT [19847]",26.1,61.7,9.11,38.8,8.9,2.29,7.49,1.37,7.53,1.61,4.35,0.73,3.93,0.6
44,83,"TRACHYBASALT [19847]",39.1,80.4,10,39.6,8.31,2.51,7.1,1.04,5.98,1.32,3.64,0.53,3.05,0.43
-53.12,73.5,"TRACHYBASALT [1007] / BASALT [23527]",39.26019072171,83.8856190662323,10.3573881106743,44.7605552775436,8.84755391671841,2.66503499496829,8.95,1.0537181635229,5.62444773189714,0.958564039867433,2.4702001851139,0.294808966975668,1.75552074916933,0.223256630394665
-37.766978,-68.886211,"TRACHYBASALT [20531]",29.9,61.2,7.06,32,6.93,2.39,6.31,0.91,4.99,0.9,2.36,0.33,2.13,0.32
-37.764869,-68.886789,"TRACHYBASALT [20531]",26.6,57.2,6.78,31.4,7.02,2.45,6.58,0.94,5.22,0.95,2.48,0.34,2.18,0.32
-37.773086,-68.881444,"TRACHYBASALT [20531]",21.6,45.7,5.36,24.8,5.51,1.94,5.21,0.74,4.09,0.71,1.84,0.25,1.56,0.23
-37.770392,-68.885469,"TRACHYBASALT [20531]",18.8,40.2,4.82,22.8,5.22,1.83,4.97,0.72,4.02,0.71,1.82,0.25,1.56,0.23
-37.780611,-68.255283,"TRACHYBASALT [20531]",21.3,43.9,5.5,23.3,5.37,1.91,5.13,0.75,4.12,0.72,1.86,0.26,1.61,0.23
-37.778783,-68.885617,"TRACHYBASALT [20531]",19.1,40.8,4.83,22.3,5.2,1.82,4.96,0.71,3.89,0.7,1.78,0.24,1.53,0.23
-37.737167,-68.912017,"TRACHYBASALT [20531]",21.1,42.7,5.3,22.7,5.1,1.7,4.7,0.7,3.9,0.7,1.9,0.3,1.6,0.2
-37.8035,-68.881883,"TRACHYBASALT [20531]",22,44,5.6,24.2,5.3,1.8,4.5,0.7,3.8,0.7,1.7,0.2,1.4,0.2
50.78,121.52,"TRACHYBASALT [18794]",61.87,125.16,15.01,56.39,9.1,2.29,6.8,0.8,3.87,0.71,1.83,0.24,1.45,0.21
50.78,121.52,"TRACHYBASALT [18794]",27.03,58.07,7.53,31.09,6.55,1.77,5.72,0.78,4.36,0.87,2.32,0.32,2.06,0.3
25.23,98.5,"TRACHYBASALT [20780]",21.5,43,4.89,20.8,4.76,1.49,4.77,0.77,4.4,0.91,2.46,0.31,2.12,0.32
25.23,98.5,"TRACHYBASALT [20780]",33.8,66.5,7.35,28.5,6.09,1.55,5.56,0.82,5.08,0.99,2.84,0.35,2.24,0.34
13.3543,109.2938,"TRACHYBASALT [20781]",40.4,78.5,9.35,38.6,8.4,2.75,8.4,1.3,7,1.3,3.4,0.45,2.8,0.41
13.3543,109.2938,"TRACHYBASALT [20781]",40.2,79.9,9.38,39.4,8.5,2.68,7.4,1.2,6.2,1.2,3,0.43,2.6,0.38
50.25,120.19,"TRACHYBASALT [19323]",33.8,72.7,9.39,38.7,7.28,2.07,5.91,0.77,3.82,0.64,1.64,0.22,1.29,0.19
50.25,120.19,"TRACHYBASALT [19323]",31.8,68.2,8.92,36.7,7.27,2.09,5.92,0.74,3.98,0.69,1.75,0.23,1.4,0.2
50.25,120.19,"TRACHYBASALT [19323]",34,73,9.58,39.5,7.85,2.21,6.38,0.85,4.33,0.83,2.11,0.28,1.62,0.25
50.25,120.19,"TRACHYBASALT [19323]",33.2,70.9,9.25,38.9,7.52,2.15,6.17,0.78,4.19,0.74,1.89,0.26,1.54,0.24
41,39,"TRACHYBASALT [20875]",23.3,48.8,5.91,24.3,4.68,1.38,4.13,0.61,3.26,0.65,1.88,0.26,1.8,0.27
26.17,100.19,"TRACHYBASALT [20926]",75,162,17.4,68,11.7,2.88,9.28,1.03,5.1,0.88,2.29,0.28,1.74,0.25
44.37,113.2608,"TRACHYBASALT [19342]",20.9,40.9,6.42,28.8,6.21,1.78,6.14,1.01,6.32,1.32,3.86,0.63,3.96,0.6
51,58,"TRACHYBASALT [20952]",13,31.01,3.72,16.51,3.2,0.91,2.63,0.37,2,0.41,1.22,0.18,1.2,0.19
51,58,"TRACHYBASALT [20952]",13.31,31.44,3.62,15.86,3.33,0.82,3.2,0.5,2.98,0.61,1.75,0.24,1.69,0.25
51,58,"TRACHYBASALT [20952]",18.51,44.04,5.09,21.6,4.19,1.1,3.52,0.5,2.83,0.57,1.68,0.25,1.72,0.25
51,58,"TRACHYBASALT [20952]",16.15,38.59,4.5,19.61,3.92,1,3.57,0.52,3.09,0.63,1.85,0.28,1.9,0.28
42.1193,129.0355,"TRACHYBASALT [21087]",21.1,43.1,5.72,25.1,6.1,2.4,5.8,0.9,4.4,0.8,1.9,0.26,1.5,0.19
19.15,-97.13,"TRACHYBASALT [5159]",35.27,68.32,8.02,33.4,7.74,2.47,7.23,1.14,6.59,1.27,3.36,0.48,2.89,0.46
-3.31,152.67,"TRACHYBASALT [7015]",9.5,22,3.3,16,4,1.4,4.3,0.6,3.5,0.65,1.7,0.26,1.7,0.27
-3.31,152.67,"TRACHYBASALT [7015]",9.7,22,3.3,16,3.8,1.3,3.9,0.58,3.2,0.61,1.6,0.24,1.6,0.26
-3.31,152.67,"BASALTIC-TRACHYANDESITE [7015]",15,33,4.7,22,5.3,1.7,5.2,0.74,3.9,0.75,1.9,0.3,1.9,0.3
29.5939,34.5964,"TRACHYBASALT [21381]",28.38,57.86,6.81,27.68,5.63,1.58,5.23,0.81,4.69,0.94,2.6,0.37,2.45,0.37
29.5939,34.5964,"TRACHYBASALT [21381]",24,52,7.1,30,6.1,1.5,6.36,0.8,4.23,0.8,2.35,0.33,1.96,0.29
29.8942,34.5964,"TRACHYBASALT [21381]",34.09,81.92,11.03,50.04,11.03,3.19,10.13,1.53,7.94,1.5,3.95,0.53,3.37,0.48
53,107,"TRACHYBASALT [21398]",34.8,76.9,8.71,34.7,9.05,2.87,7.73,1.25,6.85,1.3,3.65,0.5,2.97,0.42
53,107,"TRACHYBASALT [21398]",34.6,73.4,8.53,33,8.42,2.57,6.9,1.04,6.42,1.2,3.56,0.49,2.79,0.42
53,107,"TRACHYBASALT [21398]",41.7,92.4,10.9,43.4,11.18,3.45,8.55,1.42,8.09,1.58,4.27,0.62,3.06,0.48
53,107,"TRACHYBASALT [21398]",54.1,121,14.04,54.7,13.98,4.07,11.24,1.74,10,1.93,5.43,0.75,4.3,0.62
53,107,"TRACHYBASALT [21398]",71.2,157.1,18.31,70.4,17.05,4.61,13.71,2.11,10.67,2.11,5.56,0.86,4.8,0.73
51.4598,99.2922,"TRACHYBASALT [21474]",20.5,45.3,5.8,23.7,5.4,1.7,5.1,0.75,4.3,0.8,2,0.26,1.53,0.21
13.37,41.7,"TRACHYBASALT [21662]",56.3800813356099,120.128614668201,14.7548653712368,62.7297769268844,12.2212629365311,4.09351558086836,10.5152851683841,1.57688656110601,8.56514896596061,1.58408152440625,4.08379093763924,0.56833268495455,3.28198164473403,0.470665384186842
13.37,41.7,"TRACHYBASALT [21662]",55.7417993849097,116.843728009668,14.3482494853789,59.8893122616783,11.8114003327898,3.87370248201057,10.6610507936654,1.50465056665556,8.11913526607279,1.50489932034908,3.92253756182253,0.523661314368103,3.1267698146476,0.444701294810959
13.37,41.7,"TRACHYBASALT [21662]",58.1504282923849,119.825135169809,14.6983952729124,61.6559144782023,12.1672742556308,3.91581740046135,10.9955130502734,1.56096439289652,8.37502730111405,1.58116006061753,4.02006113289153,0.548959361187552,3.22773114017209,0.452725448288202
13.37,41.7,"TRACHYBASALT [21662]",64.9937072579449,134.476310187076,16.5138459220344,67.6684111836051,13.2427645210322,4.42913373142208,11.3118239141114,1.67166628452393,9.19686179695119,1.71553719244132,4.44701135958395,0.614970089936968,3.61179436320484,0.512462573481172
13.37,41.7,"TRACHYBASALT [21662]",54.6295993454523,115.605351432797,14.1557704735804,58.5395040617425,11.4787992091258,3.80366625943343,10.2560815125067,1.47415629398651,8.04479863896563,1.50650058526808,3.84207840386806,0.530369484546566,3.06967930438438,0.444110460284914
13.37,41.7,"TRACHYBASALT [21662]",63.6158860820291,131.768636413038,16.0041629115446,66.816475262775,12.7851727766868,4.26269800727045,11.7493512883608,1.640681375475,8.95354840788462,1.67440817515913,4.2741844688193,0.588496607388671,3.45843323084199,0.493045042805685
13.37,41.7,"TRACHYBASALT [21662]",59.1914460866997,122.251542513808,14.9720243235999,62.0929298919727,12.1602049038972,4.07475113544159,11.1733499973578,1.59602479151792,8.53596643513814,1.5819880728831,4.03990234331268,0.56402204745397,3.26303557453274,0.459125768086817
7,40,"TRACHYBASALT [21827]",51.3,105,12.5,53.9,10.2,3.62,9.5,1.4,7.3,1.3,3.4,0.47,2.9,0.41
38.7953,39.3314,"TRACHYBASALT [21869]",40.6,72.6,7.76,29.2,5.5,1.75,5.6,0.8,4.3,0.9,2.5,0.35,2.3,0.35
38.7778,39.3358,"TRACHYBASALT [21869]",26,49.6,5.69,22.3,4.8,1.63,5,0.8,4.3,0.8,2.3,0.34,2.1,0.35
38.7844,39.3603,"TRACHYBASALT [21869]",38.1,68.3,7.46,28.3,5.4,1.73,5.3,0.8,4.4,0.9,2.4,0.35,2.3,0.35
38.7772,39.3353,"TRACHYBASALT [21869]",26.1,49.3,5.69,22.6,4.9,1.64,5,0.8,4.5,0.9,2.3,0.32,2,0.32
39.0747,39.6953,"TRACHYBASALT [21869]",94.5,172,18.6,68,11,2.66,9.4,1.2,5.7,1,2.5,0.35,2.3,0.36
38.4706,46.4335,"TRACHYBASALT [21910]",69,135,15.6,60,9.7,2.6,7.1,0.8,3.6,0.6,1.8,0.2,1.3,0
39.3083,44.1433,"TRACHYBASALT [21910]",38,78,9.5,38,7.4,2.2,6.8,1,6.1,1.1,3.7,0.4,3.2,0.6
-15.95,-5.7,"TRACHYBASALT [511]",70,90,13,37,9.8,2.12,5,0.77,3.9,0.7,1.8,0.29,1.8,0.22
-37.1,-12.2,"TRACHYBASALT [511]",65,110,12,50,13.6,3.76,11,1.6,9,1.5,4.1,0.57,3.3,0.56
28,-15.6,"TRACHYBASALT [511]",100,110,12,58,18.5,6.71,17.5,1.4,6,1.3,3.3,0.43,2.7,0.37
37.5262,130.8583,"TRACHYBASALT [22239]",74.2,181,15.6,57.1,9.56,3.25,7.98,1.04,5.49,0.97,2.54,0.32,2,0.29
45.1581,94.6003,"TRACHYBASALT [22272]",10.6,25.1,3.25,15.1,3.53,1.17,3.5,0.56,3.16,0.62,1.91,0.29,1.81,0.3
44.5786,95.7011,"TRACHYBASALT [22272]",10.2,22.1,2.88,12.9,3.27,0.988,2.91,0.47,2.82,0.6,1.73,0.27,1.8,0.3
43.855,97.7603,"TRACHYBASALT [22272]",19.7,35.1,4.45,17.9,4,1.1,3.07,0.49,2.81,0.52,1.47,0.2,1.56,0.21
10.168566456,-73.743998063,"TRACHYBASALT [22303]",21.5,44.4,6.19,26,5.41,1.66,5.37,0.87,4.68,0.94,2.53,0.41,2.47,0.37
24.42,33.43,"TRACHYBASALT [22349]",63.44,124.2,17,70.48,13.7,4.74,11.8,1.65,8.11,1.44,3.72,0.46,2.7,0.39
49.5269,123.3008,"TRACHYBASALT [22379]",50,91.7,11,45,8.81,2.8,7.33,1.05,5.22,0.84,2.12,0.26,1.4,0.19
49.3753,123.465,"TRACHYBASALT [22379]",56.2,102,12.2,49.7,9.5,2.96,7.79,1.1,5.39,0.84,2.13,0.25,1.39,0.19
49.3725,123.4664,"TRACHYBASALT [22379]",57,101,12,48.5,9.1,2.82,7.45,1.05,5.17,0.82,2.08,0.25,1.39,0.18
47.3231,102.6717,"TRACHYBASALT [22379]",41.1,83.7,11,49.8,9.64,2.85,7.65,1.13,5.4,0.84,2.13,0.25,1.46,0.21
-25.17,-129.38,"TRACHYBASALT [6126]",41.66,89.8,11.7,49.52,10.88,3.35,9.43,1.32,7.13,1.26,3.05,0.39,2.33,0.32
-25.17,-129.38,"TRACHYBASALT [6126]",42.65,91.51,11.99,50.5,11.1,3.39,9.74,1.36,7.28,1.29,3.12,0.4,2.35,0.32
-25.17,-129.38,"TRACHYBASALT [6126]",39.64,85.14,11.07,46.54,10.24,3.14,8.81,1.24,6.65,1.17,2.85,0.37,2.16,0.29
-25.17,-129.38,"TRACHYBASALT [6126]",45.94,97.55,12.63,52.71,11.31,3.41,9.73,1.35,7.14,1.25,3,0.38,2.26,0.31
-25.17,-129.38,"TRACHYBASALT [6126]",50.17,106.88,13.82,57.58,12.35,3.74,10.62,1.46,7.78,1.36,3.27,0.42,2.45,0.33
-25.17,-129.38,"TRACHYBASALT [6126]",43.18,92.09,12.01,50.36,10.95,3.32,9.42,1.32,7,1.24,2.96,0.38,2.24,0.3
-25.17,-129.38,"TRACHYBASALT [6126]",44.8,91.37,11.28,45.15,9.34,2.82,8.1,1.14,6.2,1.11,2.74,0.36,2.13,0.29
-25.17,-129.38,"TRACHYBASALT [6126]",54.37,122.65,15.63,66.81,15.03,4.37,13.99,2,11.06,2.02,5.14,0.65,4,0.57
-25.17,-129.38,"TRACHYBASALT [6126]",37.26,83.75,10.63,45.39,10.07,3.14,9.26,1.3,7.06,1.25,3.09,0.39,2.37,0.33
-25.17,-129.38,"TRACHYBASALT [6126]",38.73,87.06,11.09,47.19,10.51,3.25,9.63,1.37,7.3,1.29,3.22,0.4,2.46,0.34
-25.17,-129.38,"TRACHYBASALT [6126]",56.69,119.79,15.54,64.55,13.93,3.99,12.17,1.7,9.2,1.65,4.08,0.53,3.19,0.44
42,128,"TRACHYBASALT [22406]",40.1,77.6,10.2,43.5,9.2,3.2,8.5,1.2,6,1.1,2.7,0.3,2,0.3
42,128,"TRACHYBASALT [22406]",20.9,47.3,5.8,27.1,6.9,2.5,7,1,5.1,0.9,2.3,0.3,1.7,0.2
42,128,"TRACHYBASALT [22406]",38,79.5,10,42.5,8.9,3.1,8.2,1.1,5.7,1,2.5,0.3,1.8,0.2
42,128,"TRACHYBASALT [22406]",38,74.4,9.2,38,7.6,2.8,7.2,1,5.1,0.9,2.1,0.3,1.9,0.2
-40.7478,-71.84825,"TRACHYBASALT [22317]",18.5,41.3,6.1,21.8,5.5,1.9,5.6,0.9,4.9,1.1,2.7,0.4,2.3,0.3
22.7,109.5,"TRACHYBASALT [22420]",60.3,115,12.8,48.5,9.17,2.7,7.33,1.3,5.93,1.11,3.28,0.41,2.67,0.39
22.7,109.5,"TRACHYBASALT [22420]",35.8,68.6,8.71,34,6.85,1.98,5.85,1.02,4.91,0.97,2.79,0.38,2.44,0.36
22.7,109.5,"TRACHYBASALT [22420]",38.6,70.8,8.86,33.8,6.78,1.88,6.42,1.04,5.01,0.99,2.86,0.39,2.53,0.37
22.7,109.5,"TRACHYBASALT [22420]",50.8,91,11,42.5,7.89,2.2,8.23,1.22,5.64,1.09,3.29,0.43,2.83,0.42
22.7,109.5,"TRACHYBASALT [22420]",42.1,76.9,9.75,37.6,7.36,2.14,6.88,1.06,4.85,0.93,2.69,0.35,2.22,0.32
22.7,109.5,"TRACHYBASALT [22420]",34.5,65.8,8.34,31.5,6.6,1.76,6.27,1.01,4.88,0.96,2.83,0.38,2.45,0.36
22.7,109.5,"TRACHYBASALT [22420]",39.1,70.9,8.98,35.6,6.65,1.88,5.92,0.97,4.56,0.88,2.6,0.34,2.24,0.33
22.7,109.5,"TRACHYBASALT [22420]",36.5,69.1,8.38,32.7,6.52,1.86,6.38,0.98,4.46,0.86,2.57,0.33,2.18,0.32
22.7,109.5,"TRACHYBASALT [22420]",49.8,96.2,11.1,42.5,8.01,2.24,6.44,1.16,5.32,1,2.97,0.38,2.47,0.36
22.7,109.5,"TRACHYBASALT [22420]",35.7,71.5,8.47,32.3,6.39,1.88,4.96,0.94,4.41,0.84,2.5,0.32,2.13,0.31
37.8,-25.5,"TRACHYBASALT [22428]",77.9,147,18,69.7,15.9,5.46,13.5,1.9,9.1,1.5,3.9,0.52,3,0.41
37.8,-25.5,"TRACHYBASALT [22428]",73,136,17.1,67,14.5,5.05,12.8,1.7,8.2,1.4,3.5,0.46,2.7,0.38
37.8,-25.5,"TRACHYBASALT [22428]",70.9,131,16.2,61.8,13.9,4.86,12,1.6,8,1.4,3.4,0.44,2.6,0.37
37.8,-25.5,"TRACHYBASALT [22428]",71,138,16.4,63.4,14.2,4.94,12.1,1.7,8,1.4,3.4,0.45,2.6,0.36
-46.75,37.75,"MUGEARITE [16042] / TRACHYBASALT [10315]",48.2,106,12,51.8,9.77,2.98,8.91,1.16,6.72,1.21,3.07,0.4,2.5,0.35
-31,149,"TRACHYBASALT [22464]",46.89,100,12.69,52.02,11.18,3.52,9.83,1.39,6.78,1.15,3.25,0.45,2.34,0.35
-31,149,"TRACHYBASALT [22464]",44.72,91.24,11.68,48.16,10.56,3.31,9.81,1.37,7.14,1.23,3.57,0.5,2.76,0.43
-31,149,"TRACHYBASALT [22464]",51.21,106,13.26,54.96,12.08,4.58,11.43,1.58,8.11,1.41,4.08,0.56,3.05,0.46
-31,149,"TRACHYBASALT [22464]",43.86,91.17,11.58,46.42,9.92,3.1,8.63,1.22,6.03,1.01,2.83,0.39,2.09,0.3
-31,149,"TRACHYBASALT [22464]",46.56,96.48,12.28,50.76,11.68,3.77,11.35,1.61,8.15,1.39,4,0.55,2.88,0.43
-31,149,"TRACHYBASALT [22464]",36.24,74.49,9.51,39.54,9.14,3.15,8.82,1.26,6.28,1.1,3.05,0.42,2.23,0.32
-31,149,"TRACHYBASALT [22464]",44.97,92.83,11.62,47.68,10.7,3.93,10.13,1.42,7.16,1.22,3.49,0.49,2.56,0.39
-31,149,"TRACHYBASALT [22464]",43.63,91.36,11.36,46.9,10.49,3.91,9.88,1.39,7.18,1.23,3.57,0.5,2.7,0.4
-31,152,"TRACHYBASALT [22464]",37.21,81.57,11.2,49.14,11.65,4.19,10.96,1.51,7.4,1.24,3.35,0.46,2.3,0.37
-31,152,"TRACHYBASALT [22464]",37.68,82.44,11.08,47.52,11.1,3.79,10.35,1.43,7.22,1.2,3.33,0.45,2.3,0.35
38.6722,47.7203,"TRACHYBASALT [22469]",31.44,60.31,7.19,28.7,5.8,1.8,5.44,0.78,4.5,0.87,2.35,0.34,2.22,0.34
38.8033,47.8575,"TRACHYBASALT [22469]",28.1,52.41,6.62,28.07,6.23,1.84,5.66,0.74,3.91,0.7,1.83,0.25,1.66,0.25
38.8542,47.7869,"TRACHYBASALT [22469]",27.14,51.48,6.59,28.4,6.37,1.86,5.77,0.75,4,0.72,1.87,0.26,1.67,0.26
38.6247,47.6592,"TRACHYBASALT [22469]",19.24,36.24,4.96,22.4,5.35,1.59,4.9,0.63,3.26,0.57,1.45,0.2,1.26,0.19
38.6247,47.6592,"TRACHYBASALT [22469]",32.53,63.23,8.01,22.4,5.4,2.04,6.54,0.88,4.69,0.85,2.23,0.31,2.02,0.19
38.7297,47.7033,"TRACHYBASALT [22469]",28.46,54.56,6.59,26.86,5.55,1.66,5.17,0.74,4.25,0.81,2.22,0.32,2.12,0.33
38.7297,47.7033,"TRACHYBASALT [22469]",27.61,51.85,6.63,28.45,6.32,1.85,5.77,0.75,4.02,0.71,1.86,0.26,1.67,0.26
38.7914,47.8531,"TRACHYBASALT [22469]",23.94,44.75,5.71,24.3,5.5,1.6,4.93,0.65,3.36,0.61,1.57,0.22,1.42,0.22
40.87,37.76,"TRACHYBASALT [15790]",23.1,46.8,5.27,23,4.8,1.37,3.92,0.63,3.46,0.66,1.67,0.28,1.75,0.27
40.87,37.76,"TRACHYBASALT [15790]",24.2,48,5.4,24.1,4.8,1.39,4,0.63,3.2,0.65,1.72,0.3,1.86,0.29
40.87,37.76,"TRACHYBASALT [15790]",25.2,48.3,5.36,24.3,4.8,1.38,4.06,0.69,3.63,0.7,1.9,0.32,1.85,0.29
40.87,37.76,"TRACHYBASALT [15790]",24.4,48.6,5.42,23.7,5,1.34,4.06,0.66,3.41,0.64,1.68,0.31,1.93,0.24
40.87,37.76,"TRACHYBASALT [15790]",24.7,48.7,5.72,21.2,4.7,1.27,4.01,0.68,3.74,0.7,1.84,0.34,2.05,0.29
40.87,37.76,"TRACHYBASALT [15790]",25.9,47.1,5.84,23.8,4.8,1.39,4.11,0.69,3.59,0.69,1.79,0.31,1.83,0.31
40.87,37.76,"TRACHYBASALT [15790]",25.3,49.8,6.08,23.4,5.4,1.53,5.21,0.71,3.82,0.75,2.14,0.44,2.33,0.38
-3.2542,152.5417,"TRACHYBASALT [11656]",19,42,5.8,25,6.3,1.9,5.7,0.81,4.3,0.81,2.1,0.32,2.2,0.37
-3.2542,152.5417,"TRACHYBASALT [11656]",20,43,5.8,25,6.2,2,6,0.83,4.4,0.85,2.3,0.32,2.2,0.35
-31.5,-64,"TRACHYBASALT [12580]",71.9,135.1,14.6,53.9,8.87,2.91,7.09,1.01,4.96,0.85,2.23,0.27,1.61,0.22
-31.5,-64,"TRACHYBASALT [12580]",74.4,148,16.01,65.6,11.6,3.34,8.43,1.16,5.45,0.94,2.39,0.26,1.54,0.31
46.8195,107.969,"TRACHYBASALT [22675]",76,167,19,82.4,14.87,3.8,12,1.4,7.5,1.4,3.2,0.4,2.2,0.4
46.8137,107.9305,"TRACHYBASALT [22675]",84,179,21,80.76,13.98,3.7,11,1.2,6.6,1.2,2.8,0.4,2,0.3
46.8062,107.929,"TRACHYBASALT [22675]",98,224,27,107.1,18.94,4.7,15,1.7,9.5,1.6,4,0.5,2.7,0.4
46.7938,107.9288,"TRACHYBASALT [22675]",83,181,22,90,16,4.3,12,1.4,7.7,1.4,3.3,0.4,2.4,0.3
46.794,107.928,"TRACHYBASALT [22675]",94,198,24,96,18,4.2,14,1.7,9.6,1.8,4.4,0.6,3.3,0.5
40.0905,45.414,"TRACHYBASALT [22764]",39,76,9,37,6.6,1.9,5,0.8,3.6,0.7,1.9,0.3,2,0.3
39.42896,46.27307,"TRACHYBASALT [22764]",101,197,23.1,81,11.7,3.1,8,0.9,4.6,0.7,1.9,0.3,1.7,0.3
39.51419,46.23795,"TRACHYBASALT [22764]",75,151,18,68,10.4,2.9,8.1,0.9,4.9,0.8,2,0.3,2,0.3
37.1,-116.7,"TRACHYBASALT [22885]",84.5,169,18.8,68.7,10.8,2.91,8.32,1.06,5.74,1.06,3.01,0.402,2.72,0.396
37.1,-116.7,"TRACHYBASALT [22885]",87.1,173,19.3,70.5,11.2,2.9,8.44,1.11,5.86,1.09,3.02,0.407,2.63,0.435
54.5,91,"TRACHYBASALT [22916]",29,65,7.7,31.38,6,1.71,5.89,0.78,4.48,0.9,2.53,0.36,2.44,0.37
54.5,91,"TRACHYBASALT [22916]",34,78,9.5,39.21,7.7,2.03,7.04,0.98,5.65,1.11,3.13,0.44,2.96,0.45
54.5,91,"TRACHYBASALT [22916]",52,118,14,55,9.2,2.25,7.34,0.91,5.08,0.98,2.66,0.39,2.46,0.38
54.5,91,"TRACHYBASALT [22916]",65,136,17.8,67.19,10.2,2.52,8.81,1.05,5.75,1.05,2.81,0.42,2.76,0.4
54.5,91,"TRACHYBASALT [22916]",39,79,8.9,35,6.5,1.78,5.68,0.82,4.4,0.84,2.22,0.32,2.03,0.31
54.5,91,"TRACHYBASALT [22916]",60,107,12.4,47,7.7,1.98,5.5,0.7,4.48,0.83,2.22,0.29,1.83,0.28
54.5,91,"TRACHYBASALT [22916]",45,87,9.8,39,6.8,1.95,5.7,0.73,4.19,0.76,2.09,0.28,1.67,0.25
54.5,91,"TRACHYBASALT [22916]",59,116,12.7,49,8.5,2.49,7.84,0.88,4.37,0.78,1.99,0.28,1.74,0.26
54.5,91,"TRACHYBASALT [22916]",41,87,10.4,43,8,2.19,6.76,0.88,4.39,0.79,2.01,0.27,1.71,26
54.5,91,"TRACHYBASALT [22916]",21,49,6.3,29,6,1.77,5.87,0.84,5.14,1.05,3.16,0.41,2.76,0.43
54.5,91,"TRACHYBASALT [22916]",43,100,12.6,55,10.8,3.35,10.78,1.67,8.56,1.71,4.69,0.67,4.42,0.63
54.5,91,"TRACHYBASALT [22916]",36,78,9.6,41,8.1,2.57,7.81,1.25,6.01,1.18,3.29,0.47,3.17,0.47
54.5,91,"TRACHYBASALT [23064]",41,87,10.4,43,8,2.19,6.8,0.88,4.39,0.79,2.01,0.27,1.71,0.26
54.5,91,"TRACHYBASALT [23064]",25,52,6.9,29,5.8,1.63,4.7,0.66,3.99,0.71,1.88,0.25,1.49,0.22
54.5,91,"TRACHYBASALT [23064]",46,94,11.1,45,8.5,2.46,7.1,1,5.01,0.92,2.34,0.32,1.98,0.3
56,93,"TRACHYBASALT [23064]",52,118,14,55,9.2,2.25,7.3,0.91,5.08,0.98,2.66,0.39,2.46,0.38
56.0054,158.5137,"TRACHYBASALT [23079]",13.89,35.5,4.83,21.52,5.03,1.57,5.11,0.75,4.34,0.86,2.49,0.33,2.32,0.33
32,96,"TRACHYBASALT [23175]",85.5,170,19.4,74.8,10.9,2.9,8.39,1.09,3.81,0.68,2.13,0.21,1.46,0.23
32,96,"TRACHYBASALT [23175]",86.8,171,19.7,74.6,11.3,2.94,8.03,1.1,4.01,0.68,2.21,0.23,1.5,0.218
32,96,"TRACHYBASALT [23175]",90.5,180,20.6,78.2,11.5,3.03,8.77,1.15,4.29,0.71,2.29,0.24,1.62,0.241
32,96,"TRACHYBASALT [23175]",88.1,179,20.8,75.7,11.5,2.96,7.99,1.05,4.12,0.75,2.04,0.26,1.56,0.225
32,96,"TRACHYBASALT [23175]",86.9,177,20.6,75.6,11.7,2.95,8.18,1.02,4.03,0.71,1.98,0.25,1.57,0.213
32,96,"TRACHYBASALT [23175]",88.8,181,21.1,77.2,11.9,3.01,8.1,1.05,4.19,0.74,2.05,0.25,1.56,0.223
32,96,"TRACHYBASALT [23175]",89.8,181,21.5,78,11.8,3.06,8.12,1.08,4.08,0.75,2.05,0.25,1.56,0.218
32,96,"TRACHYBASALT [23175]",88.6,181,21.2,77.4,11.7,3.03,8.17,1.06,4.08,0.73,2.08,0.25,1.55,0.23
-24.7,-49,"TRACHYBASALT [23182]",58.9,120,13.4,51.6,8.97,2.42,6.42,0.89,4.6,0.88,2.24,0.31,1.86,0.28
-24.7,-49,"TRACHYBASALT [23182]",68,129,15.4,57.7,9.59,2.62,7.78,0.94,4.99,0.89,2.23,0.31,1.82,0.27
-40.32,-9.92,"TRACHYBASALT [9391] / BASALT [482] / ALKALI BASALT [15598]",49.4,108,12.8,51.6,9.73,3.1,8.23,1.06,5.48,0.991,2.39,0.302,1.8,0.223
-40.32,-9.92,"TRACHYBASALT [9391] / ALKALI BASALT [24718] / BASALT [26028]",54.2991600468995,112.818732371705,13.6702873399246,62.0833201142568,12.0149633069835,3.67296317267801,10.1231253372184,1.43581702682679,7.40205968784193,1.35139497870853,3.33499700088451,0.389,2.5912961110451,0.350354811345281
35.8,51,"TRACHYBASALT [23224]",19.19,43.4,5.67,24.19,5.29,1.62,5.21,0.82,4.83,0.97,2.69,0.41,2.52,0.38
36.3,50,"TRACHYBASALT [23224]",23.89,49.9,6.31,26.51,5.41,1.63,5.18,0.76,4.31,0.85,2.31,0.33,2.01,0.29
38.24,44.34,"TRACHYBASALT [23225]",52.1,109.5,11.19,41.7,6.79,1.81,5.61,0.81,4.38,0.85,2.28,0.35,2.15,0.31
38.24,44.34,"TRACHYBASALT [23225]",57.4,117.5,12.88,46.8,7.71,1.93,6.06,0.83,4.62,0.9,2.41,0.36,2.18,0.33
38.24,44.34,"TRACHYBASALT [23225]",51.3,103.6,11.14,41.3,6.76,1.89,5.39,0.84,4.41,0.85,2.22,0.33,2.08,0.31
38.24,44.34,"TRACHYBASALT [23225]",52.2,106.2,11.75,43.2,6.95,1.8,5.65,0.85,4.53,0.86,2.31,0.35,2.18,0.32
38.24,44.34,"TRACHYBASALT [23225]",53.3,102.7,11.2,41.1,6.81,1.73,5.52,0.82,4.35,0.85,2.28,0.35,2.09,0.32
38.24,44.34,"TRACHYBASALT [23225]",60.1,120.4,13.52,48.2,7.79,1.94,6.05,0.89,4.75,0.9,2.53,0.36,2.28,0.33
38.24,44.34,"TRACHYBASALT [23225]",63.4,112,12.7,51.4,8.08,1.94,5.94,0.8,4.68,0.92,2.5,0.34,2.2,0.31
38.24,44.34,"TRACHYBASALT [23225]",55.4,99,11.2,46.4,7.69,1.88,5.59,0.73,4.57,0.89,2.44,0.32,2.04,0.31
38.24,44.34,"TRACHYBASALT [23225]",83.6,144.3,15.35,51,8.03,2.02,6.34,0.96,4.42,0.91,2.68,0.39,2.24,0.35
38.24,44.34,"TRACHYBASALT [23225]",90.1,156.2,16.56,56,8.46,2.15,6.77,0.99,4.94,1.01,2.72,0.39,2.54,0.37
35.2781,118.1617,"TRACHYBASALT [23229]",140.750638352302,280.136530622758,30.9506651011822,114.161835971601,16.5778370119121,4.03952746388786,11.0443917048917,1.2491680327844,5.7351186001054,0.954520582575237,2.50647064066429,0.305637177770853,1.99643620825482,0.29089038092638
-31,-67.5,"TRACHYBASALT [23249]",43.2,90.6,11.2,43.9,8.83,2.93,7.14,1.04,5.72,0.92,2.45,0.27,1.64,0.25
-31,-67.5,"TRACHYBASALT [23249]",34.2,70.2,8.65,35.2,7.09,2.37,6.19,0.95,5.04,0.88,2.04,0.27,1.46,0.21
-31,-67.5,"TRACHYBASALT [23249]",33.4,70,8.46,34.3,6.84,2.21,5.42,0.88,4.56,0.78,2.03,0.27,1.62,0.27
-31,-67.5,"TRACHYBASALT [23249]",33.5,70,8.42,37.2,7.32,2.35,6.52,0.84,4.83,0.86,1.92,0.25,1.57,0.24
-31,-67.5,"TRACHYBASALT [23249]",37.2,73,8.78,38.9,7.61,2.68,7.82,0.97,5.23,0.9,2.28,0.31,1.96,0.2
-31,-67.5,"TRACHYBASALT [23249]",36.3,72.5,9.17,39.5,8.05,2.89,7.67,1.05,5.61,0.92,2.4,0.29,1.73,0.23
-31,-67.5,"TRACHYBASALT [23249]",29.4,59.1,7.25,33.8,6.56,2.62,6.71,0.94,4.85,0.86,2.41,0.28,1.66,0.2
-31,-67.5,"TRACHYBASALT [23249]",38,75.7,9.31,40.7,7.9,2.87,7.8,0.98,5.4,0.93,2.45,0.29,1.75,0.25
-31,-67.5,"TRACHYBASALT [23249]",35.7,73,8.95,39,8.01,2.59,6.82,1.07,5.57,0.96,2.42,0.35,1.96,0.26
-31,-67.5,"TRACHYBASALT [23249]",31.8,65.4,7.86,34.9,6.94,2.32,6.18,0.91,5.06,0.88,2.35,0.29,1.78,0.25
-31,-67.5,"TRACHYBASALT [23249]",28.6,59.9,7.48,32.9,7.05,2.29,5.96,0.92,5.06,0.81,2.13,0.28,1.56,0.23
-31,-67.5,"TRACHYBASALT [23249]",27.7,57.4,7.07,28,5.91,1.95,5.28,0.82,3.89,0.77,2,0.26,1.65,0.23
21.8297,-101.0867,"TRACHYBASALT [23251]",27,59,7.49,32.5,6.86,1.57,5.91,0.88,5.24,0.96,2.77,0.36,2.5,0.35
28.4,-14,"TRACHYBASALT [23264]",62.6707039354009,128.261358717369,14.838449938508,60.020385617689,11.4560759967021,3.41149591950822,9.30621108348692,1.22204810840295,6.4812804867216,1.17086857173812,2.90221863201318,0.357632942717276,2.33873114533034,0.304606846389565
28.4,-14,"TRACHYBASALT [23264]",71.9259720479728,155.87791701511,19.8563587406303,83.614231859664,16.7991663669258,4.73543266017259,13.2661444064979,1.7576105263473,9.02970130026647,1.58200847369831,3.80041540682376,0.463441897981437,2.74857626863684,0.3554037399107
28.4,-14,"TRACHYBASALT [23264]",49.0029666729676,105.968677650568,13.3098185139694,57.482695059153,12.011450060033,3.57086299341242,9.6762854943505,1.29713591830215,7.11463677355363,1.23562096811608,2.99967467707688,0.373373850821473,2.37465909325042,0.304809238545873
41.6661,112.9419,"TRACHYBASALT [23314]",104,209,23.7,94.8,14.9,4.03,10.45,1.29,6.38,1.06,2.77,0.3,2.01,0.27
41.6708,113.0544,"TRACHYBASALT [23314]",24.6,46.1,5.31,21.9,4.9,1.77,4.31,0.63,3.38,0.58,1.31,0.16,0.82,0.11
41.6498,113.0872,"TRACHYBASALT [23314]",30.3,54.1,6.11,25.3,5.37,1.98,5.13,0.7,3.75,0.63,1.48,0.18,0.95,0.12
41.6498,113.0875,"TRACHYBASALT [23314]",29.9,54.5,6.36,26.3,5.85,1.99,4.97,0.66,3.42,0.62,1.37,0.17,0.87,0.11
41.5717,113.0889,"TRACHYBASALT [23314]",38.1,70.7,8.14,33.8,7.35,2.59,6.38,0.95,4.72,0.85,1.97,0.26,1.42,0.19
41.5633,112.4956,"TRACHYBASALT [23314]",42,78.9,9.08,36.2,7.38,2.54,6.53,0.93,4.71,0.85,1.98,0.24,1.28,0.17
41.56,112.4811,"TRACHYBASALT [23314]",41.3,76.8,8.75,36.7,7.38,2.58,6.28,0.88,4.36,0.75,1.66,0.21,1.08,0.14
41.5467,112.4472,"TRACHYBASALT [23314]",40.6,77.4,8.55,35.9,7.17,2.68,6.33,0.83,4.25,0.73,1.69,0.21,1.18,0.16
41.4958,112.3456,"TRACHYBASALT [23314]",33.1,63.8,7.38,30.3,6.19,2.28,5.56,0.76,3.69,0.67,1.61,0.2,1.11,0.15
41.6319,112.7264,"TRACHYBASALT [23314]",27.8,52.2,6.39,27.2,5.7,2.22,5.48,0.74,3.91,0.71,1.71,0.22,1.19,0.15
46.4353,11.7086,"TRACHYBASALT [23341]",28.6,59,7.26,30.2,6.5,1.79,5.8,0.8,4.6,0.9,2.5,0.35,2.4,0.34
46.5339,11.5833,"TRACHYBASALT [23341]",26.7,56,6.99,28.8,6.3,1.65,5.5,0.8,4.7,0.9,2.4,0.34,2.1,0.33
46.525,11.5819,"TRACHYBASALT [23341]",27.6,57.5,7.04,29.1,6.3,1.68,5.6,0.8,4.4,0.8,2.3,0.35,2,0.34
46.4553,11.8925,"TRACHYBASALT [23341]",30.1,62.9,7.67,30.6,6.5,1.9,5.6,0.8,4.5,0.9,2.4,0.35,2.2,0.34
46.5497,11.632,"TRACHYBASALT [23341]",26.4,55.9,6.81,28.1,6.2,1.59,5.5,0.8,4.5,0.9,2.3,0.32,2.2,0.33
46.3044,11.8859,"TRACHYBASALT [23341]",21.5,46.7,5.81,25.6,5.2,1.63,5.1,0.7,4.4,0.9,2.3,0.35,2.1,0.31
-37.32,-12.73,"TRACHYBASALT [6857]",54.8,110,13,49.7,9.29,2.86,7.85,1.07,5.51,1,2.43,0.32,1.93,0.265
39,39,"TRACHYBASALT [23442]",31.1,63.4,7.79,31.3,6.24,2.06,6.21,0.88,5.02,0.97,2.72,0.39,2.42,0.36
39,39,"TRACHYBASALT [23442]",32,64,8.08,31.1,6.5,2.15,6.75,0.93,5.65,1.02,2.7,0.38,2.5,0.38
39,39,"TRACHYBASALT [23442]",22.4,48.1,5.92,24,5.13,1.88,5.48,0.82,4.86,0.89,2.55,0.35,2.24,0.33
39,39,"TRACHYBASALT [23442]",24.4,52,6.44,26.6,5.39,1.88,5.57,0.81,4.98,0.9,2.53,0.36,2.25,0.35
39,39,"TRACHYBASALT [23442]",26.2,52.4,6.71,28.1,5.89,2.08,6.17,0.88,5.21,1,2.77,0.37,2.37,0.35
39,39,"TRACHYBASALT [23442]",20.9,44.2,5.58,23.2,5.07,1.76,5.43,0.77,4.65,0.91,2.55,0.35,2.22,0.32
39,39,"TRACHYBASALT [23442]",22.2,47.3,5.94,25,5.54,1.93,5.64,0.81,5.11,0.88,2.55,0.36,2.15,0.35
4.67,9.4,"TRACHYBASALT [23443]",40.53,80.15,9.12,37.35,7.15,2.45,7.77,0.97,5.1,0.92,2.42,0.3,1.91,0.28
4.67,9.4,"TRACHYBASALT [23443]",54.36,142.51,14.21,56.93,10.87,3.45,11.43,1.39,6.93,1.19,2.98,0.35,2.13,0.29
24.9645,37.81,"TRACHYBASALT [23512]",40,79.4,9.89,38.6,7.54,2.36,7.95,1.17,6.41,1.31,3.82,0.54,3.31,0.51
24.8707,37.8705,"TRACHYBASALT [23512]",29,59,7.33,28.9,6.11,2.11,6.53,0.99,5.87,1.16,3.47,0.46,3.1,0.48
24.9533,37.9715,"TRACHYBASALT [23512]",20.4,42.7,5.6,23.1,5.23,1.96,6.2,0.99,5.75,1.18,3.44,0.48,2.92,0.46
25.3375,37.8517,"TRACHYBASALT [23512]",32.4,66.5,8.7,35.4,7.63,2.65,8.62,1.29,7.51,1.52,4.29,0.61,3.77,0.58
25.2925,37.8107,"TRACHYBASALT [23512]",32.8,67.9,8.73,36.5,7.86,2.76,8.94,1.35,7.64,1.5,4.48,0.62,3.76,0.59
25.1665,37.6092,"TRACHYBASALT [23512]",38.4,79.7,10.3,42.6,9.15,3.06,10.2,1.52,8.85,1.72,5.1,0.7,4.49,0.71
25.174,37.8012,"TRACHYBASALT [23512]",31.9,72.8,9.3,37.7,8.61,2.65,8.85,1.41,7.9,1.49,4.46,0.59,4.06,0.6
25.2318,37.6828,"TRACHYBASALT [23512]",36.5,81.5,10.65,43.9,9.66,2.98,10.25,1.63,9.13,1.81,5.23,0.66,4.79,0.74
-15.95,-5.7,"TRACHYBASALT [9391] / ALKALI BASALT [15598] / BASALT [26028]",47.1,100,11.6,46.2,8.83,2.82,7.93,1.08,5.84,1.14,2.89,0.388,2.46,0.32
-15.95,-5.7,"TRACHYBASALT [9391] / ALKALI BASALT [15598] / BASALT [26028]",70.9,145,16.9,65.8,11.7,3.54,10.1,1.35,7.28,1.42,3.65,0.489,3.1,0.417
-40.32,-9.92,"TRACHYBASALT [9391] / ALKALI BASALT [14579] / BASALT [26028]",48.7859993814945,100.524438905387,11.7109438465191,52.5753292023829,9.93994266016897,3.02285937120374,8.35938860118443,1.1671833949802,5.81563624173343,1.0470708466822,2.4507582835434,0.303,1.80275895698196,0.238544158981145
-40.32,-9.92,"TRACHYBASALT [9391] / ALKALI BASALT [15598] / BASALT [26028]",45.7,97.6,11.8,48.5,9.5,2.99,8.51,1.1,5.6,1.03,2.43,0.292,1.76,0.222
-40.32,-9.92,"TRACHYBASALT [9391] / ALKALI BASALT [15598] / BASALT [26028]",49.9,100,12.1,48.9,9.35,2.86,8.05,1.03,5.23,0.951,2.15,0.255,1.5,0.188
-40.32,-9.92,"TRACHYBASALT [9391] / ALKALI BASALT [15598] / BASALT [26028]",39.8,82.5,10.2,41.6,8.49,2.69,7.67,1.05,5.55,1.05,2.52,0.303,1.91,0.233
-40.32,-9.92,"TRACHYBASALT [9391] / ALKALI BASALT [15598] / BASALT [26028]",48.2,101,11.8,47.5,8.96,2.91,7.93,1.06,5.54,1.01,2.4,0.298,1.82,0.228
-40.32,-9.92,"TRACHYBASALT [9391] / ALKALI BASALT [15598] / BASALT [26028]",47.4,96.8,11.9,48.1,9.32,3.17,8.31,1.1,5.82,1.11,2.82,0.369,2.23,0.281
-40.32,-9.92,"TRACHYBASALT [9391] / ALKALI BASALT [24718] / BASALT [26028]",41.7372393459893,87.1401124920827,10.1560542703016,42.7434534702116,8.67048969919705,2.55126023320269,7.27996452809021,1.03634885197304,5.29088329386013,0.97561803019921,2.39263826499368,0.337,1.89189818407243,0.250312014298466
-40.32,-9.92,"TRACHYBASALT [9391] / ALKALI BASALT [24718] / BASALT [26028]",55.6995908543166,112.259711204842,12.5927571959356,53.5027436212992,9.92868449086885,3.03026213988078,8.37817399731631,1.1804376826711,5.97743103949832,1.07357099615472,2.58663060029873,0.323,2.02901378585869,0.255708282740459
-40.32,-9.92,"TRACHYBASALT [9391] / ALKALI BASALT [15598] / BASALT [26028]",51.5,102,12.3,49.5,9.44,2.94,8.27,1.09,5.69,1.06,2.5,0.312,1.85,0.235
-40.32,-9.92,"TRACHYBASALT [9391] / ALKALI BASALT [15598] / BASALT [26028]",59.1,110,13.8,56.1,10.7,3.33,9.51,1.24,6.48,1.22,2.78,0.331,1.96,0.25
-40.32,-9.92,"TRACHYBASALT [9391] / ALKALI BASALT [24718] / BASALT [26028]",48.611597143471,106.872367251749,12.1957896837832,51.114484367169,9.92636646915653,3.08197756986453,8.12923958302146,1.14718394824318,5.79127793380201,1.02712128020994,2.43628971767267,0.324,1.92185686000296,0.243032775248966
37.532,-25.493,"TRACHYBASALT [10567] / BASALTIC-TRACHYANDESITE [9385]",68.379374749499,137.581871743487,16.0609218436874,61.2121883767535,11.5518180360721,3.40081633135723,9.55982613007265,1.35433723446894,7.19930821643287,1.29290420841683,3.28425775551102,0.433444128256513,2.66812064128257,0.378435470941884
16.1226,-86.8818,"TRACHYBASALT [23620]",36.04,64.66,7.09,27.57,5.44,1.82,5.34,0.84,4.89,0.98,2.77,0.41,2.58,0.39
16.1223,-86.8811,"TRACHYBASALT [23620]",33.91,60.86,6.9,26.87,5.38,1.75,5.39,0.83,4.87,0.98,2.73,0.407,2.51,0.37
16.1216,-86.8806,"TRACHYBASALT [23620]",34.43,61.77,6.93,27.02,5.25,1.75,5.21,0.81,4.7,0.96,2.7,0.402,2.49,0.37
16.1227,-86.8819,"TRACHYBASALT [23620]",34.66,61.8,6.87,26.68,5.23,1.76,5.12,0.81,4.69,0.93,2.63,0.393,2.45,0.37
16.1223,-86.8811,"TRACHYBASALT [23620]",36.28,65.01,7.14,27.91,5.37,1.75,5.29,0.82,4.84,0.96,2.76,0.401,2.57,0.39
35.951,52.109,"TRACHYBASALT [23642]",110.084763419483,194.900776341948,21.8385745526839,73.3993339960239,10.8369324055666,3.54153876739563,11.3413011928429,1.17402286282306,5.14850397614314,0.880940357852883,2.50425347912525,0.304203777335984,1.81730914512922,0.301925447316103
35.951,52.109,"TRACHYBASALT [23642]",84.9458245125348,172.309611884865,18.0909071494893,62.7885106778087,9.20214020427112,2.88257845868152,9.33644939647168,0.970675951717734,4.30576415970288,0.744155988857939,2.08945311049211,0.259053853296193,1.58708356545961,0.258401114206128
35.951,52.109,"TRACHYBASALT [23642]",114,166,0,0,0,0,0,0,0,0,0,0,0,0
42.4019,128.1016,"TRACHYBASALT [23683]",41.3,77.3,9.75,39.5,8.2,2.67,7.4,1.1,5.7,1,2.6,0.36,2.2,0.31
42.0179,128.9354,"TRACHYBASALT [23683]",27.3,55.7,7.07,29.7,6.5,2.22,5.7,0.8,4.5,0.8,2,0.28,1.6,0.23
42.0846,128.9839,"TRACHYBASALT [23683]",22.3,45.3,5.92,26.4,6.3,2.5,6.3,0.9,4.7,0.8,2,0.27,1.5,0.21
42.4161,128.0435,"TRACHYBASALT [23683]",35.5,73.6,8.95,36.6,7.6,2.75,6.8,0.9,5.1,0.9,2.2,0.28,1.6,0.24
42.4161,128.0435,"TRACHYBASALT [23683]",35.4,72.8,8.89,35.5,7.6,2.73,7.1,1,4.9,0.9,2.1,0.27,1.6,0.24
42.1952,127.4968,"TRACHYBASALT [23683]",43.2,84.8,10.3,41.8,9.3,2.99,8.4,1.2,6.3,1.1,2.8,0.37,2.2,0.31
42.1952,127.4968,"TRACHYBASALT [23683]",42.9,84.4,10.3,41.5,9.3,2.98,8.3,1.1,6.2,1.1,2.8,0.37,2.1,0.3
62.7,9.5,"TRACHYBASALT [23721]",101,218,24.4,93.3,15,2.36,7.39,0.838,3.67,0.668,1.74,0.248,1.45,0.235
62.7,9.5,"TRACHYBASALT [23721]",102,207,24.3,94.7,15.2,2.66,8.65,1.03,4.99,0.894,2.37,0.309,1.75,0.29
62.7,9.5,"TRACHYBASALT [23721]",83.3,173,20.6,80.3,13.7,2.2,7.63,0.983,4.53,0.807,2.16,0.275,1.8,0.266
62.7,9.5,"TRACHYBASALT [23721]",78.9,179,23,92.7,16.8,3.28,8.67,1.08,5.32,0.946,2.31,0.325,1.89,0.259
62.7,9.5,"TRACHYBASALT [23721]",121,224,34.6,153,28.5,4.4,14.8,1.65,7.43,1.25,2.91,0.407,2.39,0.358
62.7,9.5,"TRACHYBASALT [23721]",110,221,27.9,122,23.2,4,13.5,1.72,8.6,1.47,3.95,0.538,3.24,0.464
62.7,9.5,"TRACHYBASALT [23721]",79.1,188,27.7,141,29.5,3.89,13.8,1.6,7.25,1.19,2.87,0.394,2.3,0.319
62.7,9.5,"TRACHYBASALT [23721]",113,245,30.6,128,23.3,3.68,12.1,1.47,6.64,1.14,2.94,0.391,2.37,0.358
42,92,"TRACHYBASALT [23732]",4.11,9.26,1.36,6.66,1.86,0.55,1.69,0.39,2.48,0.51,1.39,0.24,1.76,0.22
42,92,"TRACHYBASALT [23732]",13,28.5,4,19,4.73,1.54,4.16,0.76,4.11,0.95,2.51,0.41,3,0.42
42,92,"TRACHYBASALT [23732]",7.9,19.3,2.95,14.7,3.58,1.1,2.72,0.55,3.13,0.64,1.68,0.3,2.04,0.29
40.29927,44.09498,"TRACHYBASALT [23775]",38.8,69.9,8.1,32.9,6.5,1.9,5.2,1,4.4,0.8,2.4,0.3,2.4,0.4
-3.31,152.67,"TRACHYBASALT [7015]",10,24,3.3,16,4.1,1.4,4.3,0.61,3.6,0.66,1.7,0.26,1.7,0.28
-3.31,152.67,"TRACHYBASALT [7015]",11,23,3.6,16,3.9,1.3,3.9,0.59,3.2,0.63,1.6,0.25,1.6,0.26
-3.31,152.67,"TRACHYBASALT [7015]",9.7,20,2.9,14,3.8,1.3,4.1,0.61,3.2,0.64,1.7,0.26,1.6,0.25
-3.31,152.67,"TRACHYBASALT [7015]",9.6,20,3,15,3.9,1.3,4.1,0.62,3.3,0.65,1.7,0.26,1.6,0.26
25.21,98.58,"TRACHYBASALT [23797]",24.9,49.8,6.38,27,6.16,2.19,6.67,1.12,6.73,1.39,3.78,0.551,3.44,0.525
32.277,96.422,"TRACHYBASALT [23916]",188.88,434.78,53.722,220.882,33.808,7.26,21.07,2.049,7.767,1.241,2.975,0.378,2.321,0.34
32.277,96.422,"TRACHYBASALT [23916]",192.316,433.921,53.864,221.116,33.885,7.233,20.89,2.05,7.819,1.245,3.059,0.373,2.315,0.348
32.277,96.422,"TRACHYBASALT [23916]",197.918,447.627,55.084,226.414,34.37,7.309,21.44,2.094,7.951,1.284,3.072,0.388,2.356,0.349
42.8572,11.5689,"NOT GIVEN [11285] / TRACHYBASALT [7586]",138,160,38.3,152,31.9,4.57,24.7,3.2,17.5,2.88,8,1,6.4,0.93
39.0514,26.0926,"TRACHYBASALT [18105]",30.6,67.4,8.64,37.2,6.76,1.8,5.15,0.69,3.51,0.62,1.8,0.26,1.6,0.23
32,118.8,"TRACHYBASALT [24071]",28.2,52,5.9,23,4.9,1.81,5.32,0.85,3.92,0.77,1.85,0.27,1.38,0.24
32,118.8,"TRACHYBASALT [24071]",30.3,53,5.7,23.8,5.1,1.84,5.54,0.79,4.13,0.7,1.78,0.23,1.34,0.2
32,118.8,"TRACHYBASALT [24071]",29,50,5.5,22.9,4.8,1.75,5.29,0.74,4.05,0.67,1.74,0.2,1.27,0.18
32,118.8,"TRACHYBASALT [24071]",27.7,51,5.8,23.1,4.9,1.65,5.24,0.77,3.95,0.71,1.75,0.21,1.32,0.18
26.3,117.6,"TRACHYBASALT [24071]",32.9,64,7.8,34.3,8.1,2.8,7.53,1.09,5.79,0.98,2.39,0.29,1.62,0.21
26.3,117.6,"TRACHYBASALT [24071]",35.3,71,8.5,37.5,8.7,2.9,7.97,1.16,6.06,1.02,2.46,0.3,1.62,0.22
26.3,117.6,"TRACHYBASALT [24071]",33.5,67,8.1,36,8.5,2.79,7.73,1.14,5.99,1.01,2.45,0.31,1.66,0.22
26.3,117.6,"TRACHYBASALT [24071]",23.6,46,5.6,24.8,6.2,2.3,6.05,0.9,4.87,0.88,2.18,0.28,1.61,0.22
26.3,117.6,"TRACHYBASALT [24071]",22,43,5.2,23.3,5.8,2.17,5.7,0.86,4.62,0.83,2.06,0.25,1.53,0.21
26.3,117.6,"TRACHYBASALT [24071]",26.2,52,5.9,25.2,6.6,2.31,6.28,0.93,4.87,0.85,2.08,0.26,1.56,0.21
29,118.9,"TRACHYBASALT [24071]",20.8,42,4.9,23.2,6,2.02,5.88,0.82,4.19,0.74,1.8,0.23,1.51,0.21
29,118.9,"TRACHYBASALT [24071]",17.5,36,4.2,19.9,5.2,1.9,5.19,0.71,3.74,0.65,1.58,0.2,1.33,0.19
29,118.9,"TRACHYBASALT [24071]",18.2,37,4.3,20.3,5.2,1.85,5.3,0.73,3.75,0.66,1.62,0.2,1.36,0.19
26.7,119.5,"TRACHYBASALT [24071]",32.9,61.6,6.8,27.8,5.9,2.21,5.57,0.79,4.21,0.76,1.87,0.25,1.43,0.2
26.7,119.5,"TRACHYBASALT [24071]",33.3,64,7.3,30.6,6.7,2.19,6.18,0.88,4.62,0.79,1.96,0.24,1.38,0.19
26.7,119.5,"TRACHYBASALT [24071]",31.7,59.4,6.6,26.8,5.8,2.17,5.43,0.79,4.24,0.74,1.9,0.24,1.44,0.2
26.7,119.5,"TRACHYBASALT [24071]",38.7,71.4,8.1,32.9,7,2.3,6.21,0.88,4.62,0.8,1.95,0.24,1.44,0.19
26.7,119.5,"TRACHYBASALT [24071]",45.3,83.4,8.7,34.2,7.4,2.42,6.48,0.89,4.61,0.78,1.9,0.24,1.37,0.19
26.7,119.5,"TRACHYBASALT [24071]",41.5,77,8.1,32.2,7.1,2.31,6.17,0.87,4.47,0.76,1.83,0.23,1.36,0.18
26.7,119.5,"TRACHYBASALT [24071]",48.2,88.1,9.1,35.8,7.66,2.53,6.75,0.93,4.76,0.81,2,0.25,1.44,0.19
26.7,119.5,"TRACHYBASALT [24071]",43.7,80.9,8.5,33.6,7.23,2.41,6.45,0.9,4.6,0.78,1.91,0.24,1.39,0.19
25,118,"TRACHYBASALT [24071]",56.5,105,12.1,49.7,9.73,3.11,8.4,1.12,5.64,0.97,2.44,0.3,1.75,0.25
25,118,"TRACHYBASALT [24071]",57.5,106,12.2,49.9,9.64,3.11,8.46,1.12,5.68,0.98,2.47,0.3,1.82,0.26
7.3075,12.2392,"TRACHYBASALT [24153]",50.93,112.2,14.23,59.29,12.53,3.745,10.52,1.502,8.557,1.646,4.048,0.544,3.51,0.517
7.1683,12.2356,"TRACHYBASALT [24153]",74.53,151.8,18.09,71.43,13.24,4.274,10.47,1.416,7.646,1.419,3.467,0.451,2.825,0.408
7.2292,12.0136,"TRACHYBASALT [24153]",62.58,135.2,15.75,60.4,11.12,3.563,8.792,1.2,6.652,1.233,3.012,0.4,2.553,0.378
7.2689,12.2444,"TRACHYBASALT [24153]",52.21,115.9,14.61,60.7,12.88,3.839,10.83,1.551,8.793,1.699,4.158,0.559,3.572,0.532
7.3281,12.3092,"TRACHYBASALT [24153]",44.53,102.3,12.81,53.05,11.36,3.482,9.464,1.376,7.725,1.473,3.63,0.491,3.175,0.465
7.1822,12.0167,"TRACHYBASALT [24153]",53.4,109.8,13.16,51.54,10.15,2.977,8.468,1.21,6.954,1.348,3.39,0.473,3.077,0.459
19.668,-96.775,"TRACHYBASALT [9840]",34.2,68.8,8.94,37.2,7.85,2.34,7.06,1.02,5.15,0.96,2.63,0.39,2.18,0.33
19.66,-96.739,"TRACHYBASALT [9840]",57,106.4,13.09,51.5,10.07,2.88,8.34,1.11,5.26,0.9,2.33,0.33,1.85,0.27
37.5,-25.4,"TRACHYBASALT [10567] / HAWAIITE [9925]",60.7684210526316,126.460765550239,15.7345374800638,62.309649122807,12.8962759170654,3.76331154524272,11.4516558524074,1.68374162679426,8.96314194577353,1.60627990430622,4.06543939393939,0.535626794258373,3.30863636363636,0.463769537480064
37.5,-25.4,"TRACHYBASALT [10567]",73.3907236713081,153.390743282997,18.9073073151598,73.8824867621102,14.1981839576388,4.19005358434252,11.912440615913,1.70228711512061,8.83599921553246,1.57187154343989,3.95229996077662,0.517531476760149,3.1571190429496,0.451831927828986
46.0428,102.5693,"TRACHYBASALT [24300]",156,320,33.6,71.03,16.47,7.28,17,2.24,11.6,1.99,4.97,0.65,4.1,0.58
36.75,45.75,"TRACHYBASALT [24303]",63.3,119,13.2,46.6,7.5,2.21,6.24,0.87,4.81,0.82,2.29,0.32,2.1,0.33
36.75,45.75,"TRACHYBASALT [24303]",85.6,165,18.4,64.6,10.4,2.87,7.65,0.98,5.24,0.84,2.57,0.33,2,0.29
36.75,45.75,"TRACHYBASALT [24303]",84.4,161,18,63.9,10.3,2.91,7.88,1.02,5.27,0.89,2.58,0.35,2.1,0.3
33.25,35.58,"TRACHYBASALT [7841] / NOT GIVEN [10718]",50.1,103,11.7,46,8.44,2.72,7.5,1.1,5.82,1.07,2.77,0.38,2.42,0.37
5.54,-87.09,"ALKALI BASALT [7776]",54.9,108,13.4,51.7,10.5,3.21,9.19,1.31,7.06,1.34,3.47,0.48,2.85,0.41
-62.95,-60.63,"TRACHYBASALT [24367]",12.539237378505,32.0249093157809,4.7124830486113,22.2036696797688,6.27446063374266,2.23437109676948,7.19535187234926,1.24845325729451,7.7503457599061,1.57964807002222,4.23833346785638,0.598077396001014,3.61887413658568,0.58215668105013
-62.95,-60.63,"TRACHYBASALT [24367]",11.0431377668449,28.5442880341213,4.24758676082563,20.0637208959782,5.77956157952256,2.06554785505345,6.6604039813729,1.16473623790932,7.34344975694523,1.50015763032151,4.02514339507741,0.56973819178858,3.56068849018181,0.564874740672254
-62.95,-60.63,"TRACHYBASALT [24367]",10.6566001822753,27.0824243741046,4.00419539029697,18.6619398055811,5.29449220196349,1.94274421047601,6.19504204876822,1.07537344419102,6.78354996649298,1.39389793116856,3.75927287199479,0.536337215885918,3.33427160903524,0.514815525194653
-62.95,-60.63,"TRACHYBASALT [24367]",12.4387749265738,32.1430489922847,4.69054292810141,22.2078310729292,6.2734276977965,2.16918765565314,7.20479430293003,1.26557358557042,7.87506109358142,1.63135705063066,4.46046273255458,0.641523189948015,3.93397870734601,0.614379180771027
41.4514166666667,44.3561,"TRACHYBASALT [24458]",21.327,44.6313333333333,5.135,21.4563333333333,4.38833333333333,1.34566666666667,4.049,0.554,3.48533333333333,0.654333333333333,1.84266666666667,0.253666666666667,1.67466666666667,0.249
37.73,15,"MUGEARITE [10245] / TRACHYBASALT [10318]",81,158,17.3,61,10.4,2.91,7.5,1.08,5.64,1.02,2.53,0.34,2.13,0.3
46.3,12,"TRACHYBASALT [24474]",11.6,29.6,3.31,14.63,3.06,0.89,2.76,0.43,2.09,0.43,1.11,0.18,0.98,0.15
46.3,12,"TRACHYBASALT [24474]",24.9,43.2,4.59,20.4,4.47,1.32,4.29,0.67,3.8,0.74,2.03,0.3,1.99,0.29
46.3,12,"TRACHYBASALT [24474]",26.5,51.5,0,30.2,6.23,1.71,5.62,0.91,4.46,0.92,2.42,0.4,2.16,0.32
46.3,12,"TRACHYBASALT [24474]",25.6,49.4,5.64,22.7,4.33,1.38,4.41,0.68,3.52,0.74,2.02,0.33,1.94,0.3
46.3,12,"TRACHYBASALT [24474]",28.5,49.2,0,29.6,5.88,1.71,5.23,0.83,3.97,0.81,2.09,0.33,1.8,0.27
37.4601,130.8577,"TRACHYBASALT [24484]",70.9,132,14.2,52.4,9.6,3.19,7.9,1.1,5.7,1,2.5,0.33,2,0.3
37.5084,130.9149,"TRACHYBASALT [24484]",69.5,132,14.3,55.1,10.3,3.14,7.9,1.2,5.8,1,2.6,0.33,1.9,0.27
37.4829,130.908,"TRACHYBASALT [24484]",87.1,162,17.3,63.9,11.9,3.53,8.3,1.3,6.1,1.1,2.8,0.38,2.2,0.34
37.483,130.9115,"TRACHYBASALT [24484]",70.8,133,14.4,53.2,9.5,2.95,7.3,1,5.6,0.9,2.5,0.32,2,0.29
41.7,108.25,"TRACHYBASALT [24488]",51.7269257969221,113.024931026521,14.6737011345167,59.073519754568,11.9398086951,3.45759265005547,9.97138522402349,1.45596085888944,7.6116362178266,1.47988848648294,3.82250666657738,0.530274511786374,3.41950479824185,0.497267176934782
41.7,108.25,"TRACHYBASALT [24488]",51.2569156241165,112.415238403044,14.3607798787578,58.2117905902574,11.7021738112595,3.37179120863861,9.75699473125423,1.42678929746229,7.4251943418437,1.44567203589048,3.71837723204643,0.518355390850797,3.31042566362054,0.47807530708473
41.7,108.25,"TRACHYBASALT [24488]",52.5034376281317,115.193147173638,14.7834240930527,59.2243704158823,11.9507816521084,3.35530444591805,10.1309078099507,1.46372288530532,7.58472698885952,1.49730621709551,3.85178204118648,0.5207938160104,3.43145980883811,0.486957441032786
41.7,108.25,"TRACHYBASALT [24488]",51.654880024479,113.510329343483,14.5971847761586,58.6931409001942,11.804822405686,3.37437085508108,9.83005471755018,1.44426522869747,7.58281473845049,1.49641421409974,3.83557266901591,0.527136583155956,3.40577715558335,0.484103973140053
41.7,108.25,"TRACHYBASALT [24488]",60.0805892473524,120.46471546698,14.2841985694163,53.5129494681345,9.52701706092029,2.58161554488459,7.15227069032448,1.04034900075096,5.35272870781626,1.04942808590764,2.69208551655848,0.37813358414245,2.52229823770148,0.365613052179435
41.7,108.25,"TRACHYBASALT [24488]",52.2201032679847,114.15142522534,14.7097694725749,59.0970154686458,11.7390146083636,3.36784630924712,9.91768239375441,1.43326247635074,7.62725437829219,1.49515358864936,3.7904952474914,0.521975224514223,3.4771663292652,0.487293994224911
46.67925,109.816837,"TRACHYBASALT [24534]",89.3750782659693,180.273820615897,22.6330168483844,92.6264461648297,17.6692002781408,4.35109830219617,12.0018094530398,1.67483978421416,7.46465393916734,1.38572453058106,3.30390684125452,0.434192924757579,2.28861577991595,0.342917766692342
48.01081,110.997483,"TRACHYBASALT [24534]",65.8954262684164,150.755539107562,19.94766443357,79.1640063960877,15.2587423356907,3.7720212353177,9.96393918281238,1.52097109010738,7.39480599730075,1.26030365817955,2.73516792600639,0.398251899808098,2.19655906210653,0.316854006143393
48.504925,110.27031,"TRACHYBASALT [24534]",68.2,156,21.1,91.82,17.44,4.55,13.3,1.66,8.22,1.39,3.38,0.43,2.65,0.33
47.24666,111.775662,"TRACHYBASALT [24534]",85.1352460986874,193.278453080363,24.6862714991616,99.7800755741616,18.6856264130706,4.63705428556553,13.7998812922031,1.72668789872366,8.03395403588838,1.35983390673742,3.40798263752435,0.421785401361727,2.52727177268759,0.344735373379651
46.16833,106.40206,"TRACHYBASALT [24534]",82,178,22.3,88.33,15.84,4.02,12.4,1.52,7.54,1.21,3.02,0.39,2.49,0.32
48.653002,114.177762,"TRACHYBASALT [24534]",67.8,146,18.2,72.93,13.44,3.63,10.5,1.28,6.14,0.98,2.4,0.31,1.91,0.23
48.631011,114.219018,"TRACHYBASALT [24534]",63.2,137,17.3,70.5,13.1,3.51,10.1,1.21,5.86,0.99,2.27,0.29,1.75,0.23
47.829389,111.781494,"TRACHYBASALT [24534]",90.9,197,24.9,103,19,4.56,13.9,1.78,8.25,1.38,3.33,0.43,2.5,0.34
48.955788,112.080901,"TRACHYBASALT [24534]",88.5,189,23.5,93.9,17.2,4.27,12.5,1.59,7.53,1.33,3.31,0.4,2.37,0.33
48.56704,110.72243,"TRACHYBASALT [24534]",93.6,208,26.5,106,19.6,4.7,14.1,1.76,8.14,1.36,3.12,0.4,2.43,0.34
48.188586,110.23424,"TRACHYBASALT [24534]",79.9,177,22.8,97.82,17.81,4.44,13.3,1.63,8.1,1.29,3.21,0.41,2.42,0.34
42.6347,20.6,"TRACHYBASALT, PHLOGOPITE [7748] / LAMPROITE [14754] / NOT GIVEN [7696]",37.2,73.1,8.8,35.3,6.5,2.6,5.1,0.7,3.5,0.6,1.7,0.3,1.7,0.3
42.6347,20.6,"TRACHYBASALT, PHLOGOPITE [7748]",55.9,107,12.4,48.1,8.5,2.9,6.2,0.9,4,0.7,2,0.3,2,0.3
42.2572,21.7136,"TRACHYBASALT, PHLOGOPITE [7748]",50,95.1,10.6,49.3,8.5,2,6,1,5.4,1.1,2.8,0.4,2.5,0.3
43.7478,20.6644,"TRACHYBASALT, PHLOGOPITE [7748]",57.8,114.6,14.4,56.6,10,2,6.8,0.9,4.3,0.8,2,0.3,1.9,0.3
39.3208,26.6952,"TRACHYBASALT [8477] / NOT GIVEN [19738]",59.89,118.77,13.16,52.4,9.32,2.54,7.11,1.01,5.06,0.93,2.31,0.38,2.13,0.33
38.815,28.9758,"TRACHYBASALT [9022] / ALKALI BASALT [12244]",50,100,11.7,46,8.2,2.08,6.8,0.9,4.9,0.92,2.32,0.34,1.99,0.28
43.7225,130.8753,"TRACHYBASALT [24638]",10.3409605456499,27.9620781239695,4.03920147747455,18.7779767465079,4.79234235295443,1.66093757377122,5.05487364336261,0.872311890449337,5.44502454110873,1.12586135485768,3.17353161665255,0.460177780284747,3.01370343310026,0.438653654210653
43.7225,130.8753,"TRACHYBASALT [24638]",11.7377357959591,30.7144393262247,4.35689862425131,20.2623572456704,5.24667414655395,1.7754623135856,5.67325210694853,0.944484724330305,5.86293985569808,1.19407329597842,3.4036210959647,0.508436455846595,3.16431609628911,0.447353437802973
43.7225,130.8753,"TRACHYBASALT [24638]",10.8151841048582,28.8431984787106,4.14627105059358,18.9295604461223,4.9026201362621,1.76152966066438,5.29839206556086,0.926560948298328,5.69404489531065,1.15779792537031,3.3542661582185,0.488445236319016,3.04569755517699,0.44433375670779
43.7225,130.8753,"TRACHYBASALT [24638]",10.4715323003607,27.9503200398991,4.06567366089305,18.6023665987983,4.75053808852354,1.65577803089809,5.04027739784675,0.876481056461602,5.45358541365556,1.10126186264297,3.14333355878099,0.474482779082,2.97757164147189,0.424992495677224
38.33,26.77,"HAWAIITE [10724] / TRACHYBASALT [13556]",30,62,7.5,30.4,6.4,1.95,5.7,0.87,4.9,1,2.63,0.39,2.48,0.34
38.41,27.15,"HAWAIITE [10724] / TRACHYBASALT [13556]",31.2,65,7.8,31.4,6.4,2.08,5.9,0.9,5.1,1.04,2.73,0.39,2.51,0.35
37.8032,15.0359,"TRACHYBASALT [24837]",53.5900554851706,102.050865526507,13.4008509750843,50.3350889046018,9.565452640555,2.79469439614471,7.5547146241676,1.08287999938432,5.51394053544717,1.0411440442782,2.59658039971992,0.360817659770605,2.1847771321202,0.306892394656104
37.7129,14.9715,"TRACHYBASALT [24837]",52.8338615342827,91.1293079633465,12.2668428130436,46.8746081854322,9.30318334092194,2.66088032098806,7.50486004023841,1.06227082604986,5.56207005578072,1.05689926476688,2.59485645732489,0.355095846141389,2.15762605973885,0.303865582690699
37.23795224,131.8658103,"TRACHYBASALT [24890]",59.2,108,11.5,42.2,6.68,2.23,5.35,0.75,3.93,0.66,1.81,0.24,1.49,0.22
37.3,131.81,"TRACHYBASALT [24890]",74.1,137,14.7,53,8.29,2.73,6.66,0.91,4.82,0.88,2.29,0.3,2.12,0.27
37.56,130.99,"TRACHYBASALT [24890]",69.5,137,15.9,62.5,10.99,5.23,9.48,1.24,6.24,1.14,2.78,0.37,2.23,0.29
37.482864,130.91224,"TRACHYBASALT [24890]",65.4,120,13.2,50.8,8.53,2.93,7.35,1.05,5.13,0.99,2.69,0.31,2.24,0.27
37.351,130.867,"TRACHYBASALT [24890]",49.3,96,11.4,44,8.6,2.79,7.15,1.04,5.27,0.97,2.47,0.32,2.04,0.29
40.67,35.83,"TRACHYBASALT [24969]",52.4,96.2,10.6,41.3,8.19,2.06,6.77,0.95,4.61,0.8,2.16,0.31,1.81,0.28
40.67,35.83,"TRACHYBASALT [24969]",42.8,89.6,10.93,44,9.07,2.3,7.77,0.99,5.66,0.97,2.54,0.35,2.11,0.31
40.67,35.83,"TRACHYBASALT [24969]",33.6,69.8,8.83,39.3,8.34,2.13,7.08,0.93,4.83,0.9,2.19,0.33,2.05,0.31
40.67,35.83,"TRACHYBASALT [24969]",34,71.1,8.86,39.4,7.74,2.14,7.18,0.92,4.99,0.86,2.3,0.33,1.85,0.29
40.67,35.83,"TRACHYBASALT [24969]",34.8,71.1,9.13,38.2,8.33,2.24,7.6,0.96,5.02,0.89,2.33,0.33,2.15,0.32
42.4,12.8,"TRACHYBASALT [8262]",48,102,12.5,50.6,8.91,1.92,6.49,0.88,4.52,0.79,0.28,0.28,1.76,0.26
42.4,12.8,"TRACHYBASALT [8262]",46.7,101,12.5,49.1,9.02,1.96,6.54,0.85,4.25,0.8,0.3,0.3,1.8,0.26
42.4,12.8,"TRACHYBASALT [8262]",49.6,104,12.7,48.5,8.38,1.81,6.62,0.87,4.39,0.79,0.32,0.32,2.15,0.31
43.7,11.8,"TRACHYBASALT [8262]",67.6,142,17.6,67.2,12.4,2.56,8.2,1.07,5.45,0.97,2.48,0.31,2.1,0.32
43.7,11.8,"TRACHYBASALT [8262]",74.2,143,16.2,62.2,10,2.23,7.38,0.98,5,0.87,2.31,0.32,2.02,0.32
-40.32,-9.88,"TRACHYBASALT [23083] / NOT GIVEN [11317]",59.1,116.1,13.4,53.9,10.58,3.34,9.4,1.31,7.03,1.26,3.22,0.41,2.45,0.34
-33,-54,"TRACHYBASALT [25065]",28.1,56.3,7.26,31.6,6.82,2.42,7.05,1.15,6.58,1.31,3.52,0.55,3.2,0.49
-33,-54,"TRACHYBASALT [25065]",35.7,74.4,10.34,41.9,9.16,3.2,9.35,1.57,9.48,1.83,5.04,0.79,4.6,0.69
-33,-54,"TRACHYBASALT [25065]",17.1,36.2,4.89,22,5.19,1.93,6.02,1.04,5.98,1.25,3.63,0.56,3.39,0.48
-33,-54,"TRACHYBASALT [25065]",25.8,53.4,6.99,29.8,7.06,2.53,8.08,1.34,7.29,1.53,4.34,0.64,3.83,0.57
-33,-54,"TRACHYBASALT [25065]",22.7,47.6,6.54,28.9,6.82,2.4,8.07,1.38,7.81,1.63,4.82,0.75,4.6,0.66
-33,-54,"TRACHYBASALT [25065]",21.1,43.7,5.72,25.1,6.05,2.04,6.7,1.16,6.2,1.31,3.82,0.62,3.57,0.52
-33,-54,"TRACHYBASALT [25065]",25.3,50.3,6.63,28.6,6.68,2.32,7.01,1.27,6.76,1.38,3.87,0.6,3.64,0.55
-33,-54,"TRACHYBASALT [25065]",26.1,57.6,7.41,34.1,7.04,2.62,8.58,1.28,7.11,1.5,4.21,0.56,3.67,0.53
-33,-54,"TRACHYBASALT [25065]",23.2,46.5,6.12,25.4,5.71,2.07,6.32,1.09,6.14,1.27,3.77,0.58,3.29,0.52
-33,-54,"TRACHYBASALT [25065]",35.6,70.5,8.32,34.8,6.64,2.27,6.27,1.05,5.85,1.11,3.08,0.47,2.76,0.4
-33,-54,"TRACHYBASALT [25065]",35.6,70.6,8.45,34.3,6.56,2.23,6.39,1.04,5.75,1.15,2.94,0.45,2.73,0.43
-33,-54,"TRACHYBASALT [25065]",17.5,35.4,4.61,21.1,5.3,1.76,5.95,1.08,6.38,1.27,3.54,0.57,3.35,0.53
-33,-54,"TRACHYBASALT [25065]",11.1,24.9,3.39,16.6,4.24,1.53,4.91,0.88,5.16,1.08,3.14,0.47,3.05,0.42
-33,-54,"TRACHYBASALT [25065]",28.1,57.9,7.76,32,7.48,2.69,8.08,1.32,7.47,1.5,4.25,0.62,3.73,0.56
-33,-54,"TRACHYBASALT [25065]",27.8,57,7.53,32.6,7.32,2.71,8.24,1.32,7.63,1.47,4.32,0.65,3.8,0.56
-33,-54,"TRACHYBASALT [25065]",27.4,55.2,7.31,33.7,7.19,2.58,8.04,1.28,7.4,1.48,4.33,0.62,3.84,0.55
-33,-54,"TRACHYBASALT [25065]",28.1,56.7,7.58,33.6,7.48,2.76,8.35,1.35,7.36,1.52,4.51,0.64,3.94,0.57
-33,-54,"TRACHYBASALT [25065]",23.8,49.3,6.35,27.3,6.49,2.28,6.7,1.19,6.34,1.31,3.69,0.59,3.35,0.51
-33,-54,"TRACHYBASALT [25065]",23.8,49.3,6.35,27.3,6.49,2.28,6.7,1.19,6.34,1.31,3.69,0.59,3.35,0.51
-33,-54,"TRACHYBASALT [25065]",25.7,51.1,6.73,28.9,6.74,2.42,7.01,1.23,6.33,1.3,3.78,0.56,3.37,0.5
-33,-54,"TRACHYBASALT [25065]",28.9,59,7.6,32.8,7.5,2.54,7.74,1.31,7.09,1.41,3.97,0.62,3.71,0.53
-33,-54,"TRACHYBASALT [25065]",26.3,53,6.76,30.4,6.71,2.39,7.24,1.24,6.57,1.34,3.82,0.6,3.43,0.5
-33,-54,"TRACHYBASALT [25065]",28,55,7.18,30.2,7.18,2.54,7.36,1.29,7.21,1.4,3.96,0.58,3.55,0.53
-33,-54,"TRACHYBASALT [25065]",28.5,57.3,7.37,32.4,7.23,2.53,7.63,1.29,6.86,1.41,4.07,0.63,3.64,0.54
-33,-54,"TRACHYBASALT [25065]",27.9,54.4,6.96,29.3,6.94,2.46,7.35,1.26,6.71,1.34,3.78,0.59,3.48,0.52
-33,-54,"TRACHYBASALT [25065]",26.5,53.7,6.93,29,6.61,2.31,7.14,1.24,6.66,1.3,3.74,0.6,3.56,0.53
-33,-54,"TRACHYBASALT [25065]",25.6,52.2,6.72,28.8,6.83,2.39,7.17,1.21,6.86,1.35,3.82,0.6,3.47,0.51
-33,-54,"TRACHYBASALT [25065]",29.4,58.6,7.65,32.2,7.56,2.61,8.02,1.37,7.18,1.44,3.89,0.65,3.69,0.56
-33,-54,"TRACHYBASALT [25065]",30.4,52.2,6.88,30.5,7.13,2.37,7.38,1.23,6.56,1.38,3.81,0.59,3.45,0.5
-33,-54,"TRACHYBASALT [25065]",26.4,54,6.93,30.5,7.09,2.45,7.27,1.24,6.64,1.32,3.75,0.57,3.41,0.52
-33,-54,"TRACHYBASALT [25065]",25.9,52.1,6.85,28.7,6.6,2.39,7.01,1.18,6.5,1.3,3.68,0.56,3.38,0.49
-33,-54,"TRACHYBASALT [25065]",29.1,60.9,7.72,32.8,7.52,2.64,8.35,1.4,7.69,1.52,4.45,0.68,4.14,0.63
-33,-54,"TRACHYBASALT [25065]",26.8,55,7.21,31.5,7.24,2.53,7.66,1.28,6.77,1.43,4.1,0.62,3.6,0.53
-33,-54,"TRACHYBASALT [25065]",26.4,53.3,7.12,30.5,6.81,2.43,7.28,1.26,6.86,1.41,3.85,0.61,3.72,0.54
-33,-54,"TRACHYBASALT [25065]",24.3,51.2,6.72,29.6,6.52,2.39,7.25,1.22,6.73,1.39,3.88,0.6,3.63,0.52
-33,-54,"TRACHYBASALT [25065]",27.2,53.3,7.25,30.3,7.05,2.5,7.74,1.28,7.25,1.42,4.03,0.61,3.35,0.54
-33,-54,"TRACHYBASALT [25065]",26.5,49.8,6.87,29,6.59,2.39,7.1,1.16,6.77,1.34,3.68,0.57,3.26,0.53
-33,-54,"TRACHYBASALT [25065]",26.3,50.8,6.72,27.9,6.3,2.3,6.53,1.15,6.39,1.28,3.75,0.58,3.34,0.54
-33,-54,"TRACHYBASALT [25065]",24.8,51.9,6.58,28,6.19,2.28,6.65,1.14,6.44,1.28,3.66,0.59,3.46,0.51
-33,-54,"TRACHYBASALT [25065]",33.1,66.4,8.68,37.4,8.26,3.02,8.89,1.47,8.43,1.68,4.77,0.7,4.35,0.64
-33,-54,"TRACHYBASALT [25065]",28.1,57.1,7.4,30.7,7.18,2.56,7.57,1.26,7.28,1.43,3.93,0.57,3.73,0.53
-33,-54,"TRACHYBASALT [25065]",25.9,54,6.98,32.4,6.7,2.47,7.88,1.23,6.78,1.4,4.03,0.6,3.59,0.52
-33,-54,"TRACHYBASALT [25065]",27.6,54.7,7,30.5,6.71,2.43,7.34,1.23,6.77,1.4,3.83,0.6,3.49,0.51
-33,-54,"TRACHYBASALT [25065]",44.1,93.7,11.89,49.1,11.67,3.88,12.45,2.03,12.14,2.36,6.62,1.02,6.33,0.92
-33,-54,"TRACHYBASALT [25065]",20.5,41.9,5.81,26,6.18,2.17,7.16,1.22,7.17,1.37,3.92,0.59,3.31,0.5
-33,-54,"TRACHYBASALT [25065]",19.9,42.3,5.88,25.1,6.21,1.98,7.45,1.35,7.45,1.45,4.09,0.6,3.31,0.51
-33,-54,"TRACHYBASALT [25065]",16.7,33.1,4.41,19.5,4.41,1.55,4.87,0.88,5.08,1.01,2.88,0.47,2.71,0.42
-33,-54,"TRACHYBASALT [25065]",22.3,47.4,6.11,24.8,5.12,1.68,5.42,0.92,5.25,1.1,3.08,0.49,2.86,0.44
-33,-54,"TRACHYBASALT [25065]",25.2,46.9,5.93,26.7,5.78,2.05,6.43,1.15,6.4,1.32,3.68,0.58,3.64,0.52
-33,-54,"TRACHYBASALT [25065]",23.7,47.7,5.99,25.4,5.63,2,6.3,1.06,6.09,1.21,3.41,0.53,3.19,0.47
-33,-54,"TRACHYBASALT [25065]",20.1,41.9,5.57,24.5,5.55,1.87,5.96,1,5.79,1.13,3.21,0.5,3.01,0.44
-33,-54,"TRACHYBASALT [25065]",25.6,51.4,6.55,28.6,6.12,2.07,6.34,1.04,5.76,1.19,3.13,0.51,3.06,0.45
-33,-54,"TRACHYBASALT [25065]",19.9,40.6,5.35,24,5.65,2.02,6.53,1.11,6.36,1.29,3.61,0.58,3.51,0.5
-33,-54,"TRACHYBASALT [25065]",24.3,50.7,6.47,28.4,6.61,2.14,8.09,1.41,8.27,1.65,4.51,0.69,4.15,0.6
-33,-54,"TRACHYBASALT [25065]",25.4,52.2,6.68,30.3,6.25,2.3,6.55,1.1,6.13,1.24,3.33,0.49,2.9,0.44
-33,-54,"TRACHYBASALT [25065]",24,49.1,6.06,26.1,5.6,1.87,5.93,1.05,5.97,1.22,3.41,0.54,3.14,0.48
-33,-54,"TRACHYBASALT [25065]",20.8,43.7,5.62,25.2,5.65,1.91,6.08,1.09,6.34,1.27,3.5,0.55,3.29,0.5
-33,-54,"TRACHYBASALT [25065]",27.3,58,7.33,31.2,6.54,2.18,6.79,1.22,7.1,1.41,3.95,0.59,3.57,0.54
-33,-54,"TRACHYBASALT [25065]",18.5,38,5.08,23.1,5.13,1.89,6.06,1.02,5.95,1.2,3.46,0.51,3.27,0.48
-33,-54,"TRACHYBASALT [25065]",16.2,34.4,4.78,21.2,5.41,1.88,6.23,1.11,6.47,1.25,3.63,0.56,3.34,0.5
-33,-54,"TRACHYBASALT [25065]",23.9,47,5.95,24.3,5.38,1.73,5.51,0.9,5.06,1,2.89,0.43,2.38,0.39
-33,-54,"TRACHYBASALT [25065]",29,58.1,7.33,30.8,6.04,1.97,6.15,1.02,5.95,1.18,3.53,0.52,2.98,0.46
-33,-54,"TRACHYBASALT [25065]",14.9,30.4,4.22,18.7,4.67,1.8,5.3,0.92,5.61,1.17,3.2,0.52,3.08,0.48
-33,-54,"TRACHYBASALT [25065]",32.1,63.5,7.88,34.3,6.67,2.05,6.59,1.12,5.98,1.28,3.46,0.55,3.23,0.51
-33,-54,"TRACHYBASALT [25065]",22.9,49.3,6.78,30.1,7.62,2.56,8.37,1.45,8.45,1.68,4.73,0.73,4.14,0.65
-33,-54,"TRACHYBASALT [25065]",28.9,58.3,7.37,31.8,6.43,1.94,6.52,1.13,6.12,1.28,3.64,0.58,3.44,0.55
-33,-54,"TRACHYBASALT [25065]",36.4,76.9,9.9,43.3,9.77,3.28,9.95,1.68,9.63,1.89,5.15,0.76,4.62,0.69
-33,-54,"TRACHYBASALT [25065]",42,86.3,11.17,47.1,10.52,3.4,10.75,1.87,10.2,2.01,5.83,0.92,5.53,0.82
-33,-54,"TRACHYBASALT [25065]",33.2,66.7,8.94,37.6,8.76,3.11,9.2,1.53,8.58,1.74,4.97,0.74,4.16,0.66
-33,-54,"TRACHYBASALT [25065]",43.1,90.9,12.07,50.7,11.64,3.95,13.03,2.27,12.82,2.68,7.7,1.19,6.82,1.05
-33,-54,"TRACHYBASALT [25065]",45.1,91.5,12.05,50.3,11.94,3.7,13.34,2.38,14.01,2.9,8.45,1.25,7.62,1.12
-33,-54,"TRACHYBASALT [25065]",15.5,32.3,4.36,20.4,5.07,1.8,5.9,1,5.75,1.24,3.43,0.52,3.19,0.47
-33,-54,"TRACHYBASALT [25065]",14.7,29.2,3.89,17.7,3.91,1.36,4.34,0.62,4.31,0.87,2.61,0.37,2.22,0.34
-33,-54,"TRACHYBASALT [25065]",21.9,47.8,6.31,28.8,6.76,2.42,7.12,1.03,6.61,1.29,4.07,0.56,3.41,0.51
-33,-54,"TRACHYBASALT [25065]",23.9,51,6.88,30.9,6.61,2.33,7.17,1.02,7.02,1.41,3.71,0.58,3.58,0.5
-33,-54,"TRACHYBASALT [25065]",24.8,52.3,7,30.6,6.8,2.35,7.05,1.01,7.28,1.42,3.88,0.57,3.5,0.5
-33,-54,"TRACHYBASALT [25065]",16.7,33.6,4.73,20.6,4.37,1.44,4.71,0.65,4.57,0.87,2.57,0.35,2.3,0.34
-33,-54,"TRACHYBASALT [25065]",20.4,40.5,5.38,22.3,4.55,1.51,5.09,0.71,4.86,1,3.07,0.42,2.63,0.41
37,27,"TRACHYBASALT [25162]",50.5,89.8,9.52,34.5,6.3,1.34,4.58,0.64,3.66,0.69,2.16,0.31,2.19,0.34
37,27,"TRACHYBASALT [25162]",70.8,122.7,12.67,44.6,7.6,1.61,4.79,0.76,3.91,0.71,2.1,0.33,2.36,0.32
37,27,"TRACHYBASALT [25162]",66,115.2,12.28,45.4,8.1,1.98,6.01,0.8,4.21,0.67,2,0.31,1.97,0.32
37,27,"TRACHYBASALT [25162]",89.5,157.6,16.19,55.7,8.14,1.79,5.69,0.8,4.18,0.78,2.31,0.34,2.73,0.35
37,27,"TRACHYBASALT [25162]",71.9,125.5,13.82,49.2,8.02,1.84,6.48,0.92,4.67,0.91,2.62,0.37,2.29,0.34
37,27,"TRACHYBASALT [25162]",80.8,142.9,15.36,56.9,9.9,2.25,6.9,0.97,4.94,0.83,2.45,0.34,2.3,0.33
37,27,"TRACHYBASALT [25162]",80.8,137.3,15.68,57.1,9.41,2.23,7.33,1.02,5.12,0.93,2.74,0.39,2.48,0.37
37,27,"TRACHYBASALT [25162]",100.9,167.3,19.92,70.1,11.48,2.73,8.23,1.06,5.5,0.88,2.34,0.37,2.21,0.31
37,27,"TRACHYBASALT [25162]",103.9,179.4,18.04,61,8.84,1.99,6.07,0.81,4.21,0.78,2.17,0.37,2.38,0.35
37,27,"TRACHYBASALT [25162]",63.3,109.7,11.24,40.2,6.9,1.52,4.92,0.69,3.48,0.61,1.94,0.28,1.85,0.3
37,27,"TRACHYBASALT [25162]",50.3,86,8.87,31.4,4.99,1.17,3.83,0.55,2.83,0.56,1.5,0.25,1.58,0.24
37,27,"TRACHYBASALT [25162]",62.8,112,12.02,43.8,6.78,1.56,4.99,0.69,3.76,0.66,1.93,0.32,1.95,0.3
37,27,"TRACHYBASALT [25162]",68.1,124.5,13.53,51.6,9,1.83,5.96,0.89,4.82,0.79,2.35,0.4,2.41,0.36
37,27,"TRACHYBASALT [25162]",71.4,128.4,14.36,55.3,10.4,2.24,7.75,1.09,5.46,0.9,2.61,0.39,2.45,0.38
37,27,"TRACHYBASALT [25162]",67.1,115.9,12.24,44.4,6.8,1.5,4.94,0.75,3.33,0.63,1.77,0.28,1.87,0.31
37,27,"TRACHYBASALT [25162]",76.4,135.4,14.52,52.8,8.77,2.04,6.78,0.99,4.89,0.92,2.48,0.39,2.47,0.37
37,27,"TRACHYBASALT [25162]",82.3,138.6,15.01,53.1,9.22,2.17,7.16,1.04,5.23,1.01,2.7,0.44,2.78,0.4
37,27,"TRACHYBASALT [25162]",63.5,110.2,11.75,42.8,7.4,1.65,5.11,0.75,3.97,0.67,1.92,0.31,1.87,0.32
37,27,"TRACHYBASALT [25162]",91.1,156,16.4,56.5,8.76,1.89,5.87,0.8,4.1,0.8,2.21,0.33,2.16,0.33
37,27,"TRACHYBASALT [25162]",105.3,175.1,18.87,64.1,9.65,2.19,6.65,0.93,4.26,0.83,2.33,0.34,2.46,0.33
37,27,"TRACHYBASALT [25162]",97.5,157.2,15.87,50.5,7.48,1.68,5.22,0.75,3.64,0.66,2.08,0.31,2.13,0.33
37,27,"TRACHYBASALT [25162]",83.5,141.8,14.39,48.5,8,1.57,4.94,0.72,3.77,0.67,2.07,0.31,2.06,0.35
37.70545,15.00588,"TRACHYBASALT [12566] / PYROCLASTIC SEDIMENT [11488]",65.4,123,13,56.4,10,2.64,9.09,1.29,6.33,1.16,2.95,0.375,2.3,0.36
29.9757,55.9025,"TRACHYBASALT [25195]",21,64,5.4,12,4.5,1.5,5,0.8,1.6,0.9,1.6,0.5,1.8,0.5
29.9757,55.9025,"TRACHYBASALT [25195]",24.5,67,4.5,14,5.2,1.7,5.4,1.1,1.8,1.1,2.5,0.5,2.4,0.5
29.9215,55.718,"TRACHYBASALT [25195]",23.2,59.9,5,19.4,5.8,1.7,4.8,1.2,1.5,0.9,1.1,0.6,2.1,0.5
29.9215,55.718,"TRACHYBASALT [25195]",24.1,80.2,4.4,10,6.2,2.2,4.5,1.4,2.1,1.2,1.5,0.7,2.2,0.6
29.9215,55.718,"TRACHYBASALT [25195]",28.6,59.2,4,15,6,1.4,5.8,0.8,1.5,1.4,1.5,0.5,1.7,0.6
29.4127,57.0997,"TRACHYBASALT [25195]",22.5,57.5,4.5,11.4,5,2.1,4.6,1.4,1.4,0.8,1.68,0.6,1.6,0.5
29.4127,57.0997,"TRACHYBASALT [25195]",29.1,62.4,5,15.2,5.4,1.6,5.1,1.1,1.7,1.1,2.1,0.7,1.8,0.7
29.4127,57.0997,"TRACHYBASALT [25195]",30.6,56.8,5,14.3,6.1,1.7,6,1.6,1.8,1.3,1.8,0.6,1.5,0.6
30.64,54.7562,"TRACHYBASALT [25195]",20.9,68.6,5.32,12.4,4.8,1.7,5.5,0.9,1.5,1.4,1.9,0.4,1.6,0.7
29.9757,55.9025,"TRACHYBASALT [25195]",17.5,46,4.6,5.7,2.6,0.7,2.6,0.5,0.5,0.6,0.46,0.2,1.3,0.2
29.9757,55.9025,"TRACHYBASALT [25195]",21.2,25,3.9,7.6,1.2,1.2,3,0.6,0.61,1.2,1.4,0.1,0.9,0.3
29.9215,55.718,"TRACHYBASALT [25195]",31,34,4.3,10.2,2.5,0.6,2,0.9,0.7,1.6,0.9,0.1,1.3,0.4
29.9215,55.718,"TRACHYBASALT [25195]",25,34.7,4.6,9.7,1.6,0.7,2.5,0.4,1.47,0.7,0.4,0.2,0.9,0.2
29.9215,55.718,"TRACHYBASALT [25195]",24.6,64.7,4,11,1.4,1,1.7,0.4,0.76,0.8,0.6,0.3,1.2,0.2
30.2392,55.2867,"TRACHYBASALT [25195]",17.8,105.8,4.2,12,2.9,1.2,4.1,0.4,1.2,1.2,1,0.1,1.1,0.1
30.2392,55.2867,"TRACHYBASALT [25195]",16.5,66.5,3.6,14.5,4,1.6,6,0.6,1.6,1.5,0.6,0.14,1.2,0.1
30.2392,55.2867,"TRACHYBASALT [25195]",20.2,38,3.5,9,5,1,4,0.3,1.7,1.3,1.1,0.1,1,0.2
-37,140,"TRACHYBASALT [7619]",36.13,70.49,8.55,34.7,7.32,2.49,7.43,1.02,5.23,0.91,2.2,0.28,1.63,0.22
-3.3175,152.5817,"TRACHYBASALT [11656]",11,26,3.7,18,4.7,1.5,4.6,0.66,3.4,0.67,1.7,0.25,1.7,0.26
-3.3175,152.5817,"TRACHYBASALT [11656]",11,26,3.8,18,4.6,1.4,4.7,0.66,3.6,0.69,1.7,0.26,1.8,0.28
40,112.5,"TRACHYBASALT [11904] / DOLERITE [11703] / NOT GIVEN [25811]",51.1,106,15,61.38,11.57,3.68,10.2,1.27,6.63,1.29,3.56,0.49,2.9,0.45
40,112.5,"TRACHYBASALT [11904] / DOLERITE [11703] / NOT GIVEN [25811]",52.3,109,15.2,62.4,11.85,3.56,10.3,1.3,6.78,1.33,3.63,0.5,3.07,0.47
40,113.5,"TRACHYBASALT [11904] / DOLERITE [11703] / NOT GIVEN [25811]",59.1,123,16.8,67.82,12.82,4.1,11.6,1.39,7.1,1.36,3.76,0.49,3.12,0.45
40,112.5,"TRACHYBASALT [11904]",72.4,144,21.3,92.9,18.3,4.94,16.5,2.13,11.2,2.15,5.87,0.79,4.78,0.68
50.3589,120.4469,"TRACHYBASALT [12568]",37.51,80.41,10.21,39.42,7.83,2.22,6.97,0.97,5.44,1.11,2.97,0.44,2.73,0.42
-42.52,-67.97,"TRACHYBASALT [25508]",48.3,93.1,11.2,45.4,9.09,3.11,7.25,1,5.31,0.92,2.43,0.31,1.9,0.29
-41.33,-68.37,"TRACHYBASALT [25508]",48.3,94.9,10.9,48.72,9.11,2.91,7.31,0.98,5.1,0.9,2.4,0.31,1.94,0.28
-41.33,-68.37,"TRACHYBASALT [25508]",51.5,103,11.9,52.21,9.69,3.19,7.88,1.02,5.36,0.92,2.46,0.32,1.88,0.27
-41.33,-68.37,"TRACHYBASALT [25508]",52.5,103,12,52.53,9.76,3.15,7.7,1,5.49,0.95,2.52,0.33,1.92,0.28
-41.33,-68.37,"TRACHYBASALT [25508]",48.1,94.4,11.1,44.2,8.45,2.89,7.39,1,5.17,0.91,2.42,0.3,1.89,0.27
-41.32,-68.5,"TRACHYBASALT [25508]",50.1,99.8,11.9,47.8,9.25,3.18,7.83,1.04,5.36,0.91,2.42,0.31,1.83,0.27
-41.47,-68.22,"TRACHYBASALT [25508]",56.5,109,12.3,47.3,8.96,2.88,7.46,1.03,5.53,1,2.7,0.36,2.2,0.32
-41.35,-68.25,"TRACHYBASALT [25508]",49.3,90.8,10.53,40.6,7.61,2.5,6.86,1,4.91,1.02,2.69,0.38,2.39,0.36
-41.42,-68.28,"TRACHYBASALT [25508]",52.1,99.3,11.34,43.6,8.09,2.59,7.28,1.01,5.28,1.1,2.8,0.38,2.46,0.35
35.8,81.5,"TRACHYBASALT [11270] / NOT GIVEN [11270]",115,214,22.2,84.4,12.8,2.9,9.8,1.3,4.7,1.1,2.8,0.5,2.6,0.25
48.7853,102.8548,"TRACHYBASALT [14464]",33,67,10.42,12.4208288564979,3.27144132552588,2.95,7.63,1.09,4.06,0.73,1.74,0.24,1.34,0.13
48.2175,100.44,"TRACHYBASALT [12217] / ALKALI BASALT [10185]",42.06,80.31,9.62,37.16,7.32,2.4,6.76,0.86,4.36,0.71,1.74,0.21,1.27,0.18
-14.09,-172.898,"HAWAIITE [12241] / NOT GIVEN [25259] / BASALT [15770]",53.17,104.2,11.97,48.31,10.69,3.14,9.02,1.25,6.44,1.06,2.36,0.3,1.59,0.22
-14.09,-172.898,"TRACHYBASALT [12241] / NOT GIVEN [25259] / BASALT [15770] / ALKALI BASALT [15598]",66.92,130.1,15.02,55.89,10.66,3,8.34,1.13,5.67,0.97,2.2,0.28,1.47,0.21
-14.09,-172.898,"TRACHYBASALT [12241]",59.58,118.6,14.39,55.43,11.24,3.2,9.2,1.28,6.66,1.15,2.65,0.33,1.87,0.27
-37.9763,175.1234,"TRACHYBASALT [25588]",34.46,58.9,7.6,30.82,5.92,1.754,5.44,0.745,4.26,0.8,2.18,0.318,2.65,0.288
-37.9815,175.1205,"TRACHYBASALT [25588]",22.07,45.54,5.53,23.96,5.19,1.376,4.33,0.622,3.63,0.712,1.984,0.283,3.01,0.27
-37.9746,175.1241,"TRACHYBASALT [25588]",24.55,45.65,5.81,23.78,5.07,1.459,4.42,0.595,3.54,0.676,1.916,0.262,1.699,0.228
-37.9764,175.1187,"TRACHYBASALT [25588]",33.74,59.5,7.26,29.54,5.96,1.687,5.33,0.719,3.82,0.726,2.005,0.261,1.732,0.255
-37.9806,175.1119,"TRACHYBASALT [25588]",27.24,53.2,6.54,26.86,5.51,1.616,4.92,0.672,4.05,0.76,2.12,0.282,1.85,0.259
-38.0118,175.0995,"TRACHYBASALT [25588]",34.01,61.7,7.96,32.09,6.1,1.653,5.27,0.732,4.29,0.873,2.49,0.352,2.48,0.341
-38.0433,174.9349,"TRACHYBASALT [25588]",21.82,44,5.56,23.53,5.14,1.432,4.72,0.656,4.04,0.804,2.289,0.313,2.15,0.319
-37.995,175.0943,"TRACHYBASALT [25588]",28.41,54.1,6.65,27.9,5.5,1.605,4.94,0.691,4.01,0.722,2.064,0.276,1.952,0.265
-37.9953,175.094,"TRACHYBASALT [25588]",47.13,90.8,9.91,37.23,6.78,1.829,5.2,0.684,4.03,0.787,2.228,0.332,2.4,0.352
38,125,"TRACHYBASALT [25606]",24.1,46.5,5.2,21.3,4.7,1.59,4.5,0.7,3.8,0.7,1.8,0.23,1.4,0.22
38,125,"TRACHYBASALT [25606]",24.9,48,5.4,22.1,5.1,1.6,4.6,0.7,3.8,0.7,1.7,0.22,1.5,0.21
38,125,"TRACHYBASALT [25606]",29.4,52.1,6.5,27.9,6.1,2.04,6.8,1,5.4,1,2.7,0.33,1.9,0.28
38,125,"TRACHYBASALT [25606]",23.1,44.6,5.11,20.9,4.7,1.5,4.3,0.6,3.6,0.7,1.6,0.22,1.3,0.2
36.8,127,"TRACHYBASALT [25606]",50.1,94.7,10.1,39.6,7.6,2.4,6.3,0.9,4.5,0.8,2,0.25,1.5,0.22
36.8,127,"TRACHYBASALT [25606]",53.5,99.4,10.6,41.5,7.9,2.51,6.4,0.9,4.6,0.8,2,0.27,1.6,0.22
36.8,127,"TRACHYBASALT [25606]",51.4,96,10.3,40,8,2.49,6.6,0.9,4.6,0.8,2.1,0.26,1.5,0.21
36.8,127,"TRACHYBASALT [25606]",51.3,96.3,10.2,40.1,7.8,2.53,6.4,0.9,4.5,0.8,2,0.26,1.6,0.22
43.5,81,"TRACHYBASALT [25643]",2.28,0.85,2.65,0.41,2.61,0.55,1.5,0.22,1.39,0.21,1.1,0.1,1,0.8
43.5,81,"TRACHYBASALT [25643]",7.89,2.31,8.18,1.29,7.89,1.72,4.76,0.68,4.27,0.66,4.93,0.8,0.51,5.95
43.5,81,"TRACHYBASALT [25643]",4.89,1.61,5.11,0.83,5.19,1.12,3.08,0.44,2.8,0.43,2.9,0.52,0.6,2.82
43.5,81,"TRACHYBASALT [25643]",5.79,1.79,5.88,0.94,6,1.31,3.58,0.52,3.4,0.52,3.09,0.62,0.85,3.61
46.3,11.93,"TRACHYBASALT [25651]",22.2,48.4,5.6,24.5,4.8,1.2,4.6,0.7,3.3,0.7,1.8,0.3,1.7,0.2
46.3,11.93,"TRACHYBASALT [25651]",15.9,39.9,4.1,18.1,3.6,1,3.4,0.5,2.5,0.5,1.3,0.2,1.3,0.2
46.3,11.93,"TRACHYBASALT [25651]",14.5,34.4,3.7,15.6,3.2,0.8,3,0.4,2.1,0.4,1.1,0.2,1,0.2
46.3,11.93,"TRACHYBASALT [25651]",15.8,33.1,3.8,16.2,3.3,0.8,3.1,0.5,2.4,0.5,1.3,0.2,1.2,0.2
37.7095,15.0221666666667,"TRACHYBASALT [25716]",56.1891403346133,107.358649171695,12.2673647312123,47.7377199561163,9.05582498738343,2.68354335094907,7.86706215710368,1.05053716341196,5.44988562589139,0.984974629566648,2.52122491519473,0.341437383291278,2.15434388557323,0.321666181678552
37.7093333333333,15.0228333333333,"TRACHYBASALT [25716]",58.3145542734316,110.280534744147,12.6827322849454,50.0361606876614,9.41074617393152,2.78486851734015,8.08461298418068,1.07624949403649,5.59151950051654,1.00587273286345,2.56491047487128,0.345661470273682,2.17738833043906,0.322359896299925
65.30865,148.041733333333,"TRACHYBASALT [25742]",3,8,1.6,9,2.7,1.3,3.7,0.63,4.2,0.9,2.8,0.37,2.2,0.34
65.08,148,"TRACHYBASALT [25742]",5,16,2.6,13,4.4,1.5,4.4,0.67,4.7,1.1,2.9,0.4,2.8,0.4
65.08,148,"TRACHYBASALT [25742]",19,44,5.9,27,6.4,2.2,7.1,1.11,6.9,1.5,4.1,0.59,4,0.54
65.08,148,"TRACHYBASALT [25742]",7,18,2.9,14,4.2,1.4,4.7,0.77,5,1.1,3.3,0.5,2.8,0.53
65.08,148,"TRACHYBASALT [25742]",14,30,4.3,18,4.4,1.1,4,0.63,3.9,0.8,2.2,0.3,1.8,0.33
65.08,148,"TRACHYBASALT [25742]",18,41,5.8,27,7,2.6,7.3,1.1,7.1,1.4,4.1,0.59,3.8,0.52
65.08,148,"TRACHYBASALT [25742]",15,35,4.6,23,5.6,1.9,6.2,0.89,6.4,1.3,3.7,0.48,3.4,0.56
38,47,"TRACHYBASALT [25746]",11.3871057772816,24.2296231375986,3.72676249144422,15.4698743879072,3.9159112825458,1.33589941972921,4.01451612903226,0.652763094666026,3.74084942084942,0.789065155807365,2.16998671978752,0.318368522072937,2.14805520702635,0.348717948717949
38,47,"TRACHYBASALT [25746]",12.2802121127547,23.9171779141104,3.49952087611225,14.3191398765169,3.7076181292189,1.23562862669246,3.64677419354839,0.611244593945218,3.44525096525097,0.69971671388102,1.98831341301461,0.286641074856046,1.86700125470514,0.301994301994302
22.811,103.036,"TRACHYBASALT [25818]",50.7835658238884,98.1360913383607,11.6632984293194,47.5166408668731,10.9242581225461,2.48058037415555,6.82487814872846,0.787281057692308,3.78591668608716,0.675697860962567,1.70120630216524,0.262405859459459,1.63033763364849,0.241950607287449
22.811,103.036,"TRACHYBASALT [25818]",52.9541984732824,101.734056796561,12.2088869489306,46.7514228943592,11.3622188887567,2.28891820191599,6.97897490044648,0.819136550728126,3.9051412244898,0.700660801329394,1.77231557588055,0.257950201620162,1.58987941494408,0.23678496458002
23.897,101.459,"TRACHYBASALT [25818]",27.3626007014641,57.266923647248,7.12937810050468,30.1958035331713,6.04005565528028,1.64531206282186,5.10569784310368,0.71524341561189,3.95826654918972,0.727434451825128,2.0631001252981,0.306057222843375,1.96331531996052,0.267422679694956
48.52,105.88,"TRACHYBASALT [25873]",26,58,7.7,34,6.1,2,5.2,0.6,2.9,0.54,1.3,0.16,1.1,0.13
48.52,105.88,"TRACHYBASALT [25873]",34,70,8.8,34,6.6,1.7,5,0.59,3.1,0.6,1.3,0.15,1,0.17
48.2694,116.2547,"TRACHYBASALT [25975]",37.6860873645507,78.5609019898763,9.41745645217917,34.0077892048953,6.49044685712974,2.22046438085057,5.3362420272054,0.737122261064556,4.20946602199433,0.743309214932358,1.97397048189794,0.285876115202124,2.00985180476521,0.291790389968021
48.2694,116.2547,"TRACHYBASALT [25975]",42.735495689533,88.4476976143955,10.7544087866935,39.7418545676974,7.38203290668123,2.19143580379099,6.07966586287708,0.824626262300468,4.68881522832563,0.83138408317874,2.21078097859595,0.328070707342386,2.1787898765151,0.338230936731809
48.2694,116.2547,"TRACHYBASALT [25975]",45.1677907228188,94.2646758466624,11.3979212590385,42.753364853286,7.87377479919147,2.20741894860199,6.44891213200801,0.86440613373747,4.97321372198701,0.876803646450417,2.4051221047191,0.352045009808884,2.25064180200729,0.342392190552866
51.5972,120.8672,"TRACHYBASALT [25975]",30.3976386096267,62.0076879840898,7.57675449519295,27.0510934160023,5.3821581482053,1.37740024558467,4.78667298207951,0.725118382693058,4.58360829794587,0.874686724236765,2.55632049096598,0.394297673021799,2.76397357550385,0.45035674311001
51.5972,120.8672,"TRACHYBASALT [25975]",52.2865959069983,102.196786315565,12.4239734505864,46.7769977450187,8.29409459371788,1.97177860685749,7.20162491532683,0.983417811498206,5.91757131783312,1.15779220476326,3.04776835433466,0.466772907559352,3.06652883838519,0.478851150493338
51.5972,120.8672,"TRACHYBASALT [25975]",22.4843614701595,47.0734979415457,5.58682352942599,21.5027977073287,4.30198691463714,1.39282877739835,4.09290383449162,0.603996333960716,3.45037082000019,0.59746913716093,1.5144689358606,0.20474888841602,1.37064369510347,0.209527245240288
44.5,123.5,"TRACHYBASALT [26042]",27.65,65.37,8.51,35.89,7.67,2.49,7.25,1.02,5.5,1.05,2.72,0.37,2.18,0.33
44.5,123.5,"TRACHYBASALT [26042]",22.55,54.72,7.21,31.65,7.3,2.39,7.26,1.01,5.69,1.11,2.98,0.41,2.41,0.35
44.5,123.5,"TRACHYBASALT [26042]",23.2,62.79,8.05,35.29,7.84,2.47,7.46,1.06,5.77,1.12,2.98,0.4,2.35,0.34
44.5,123.5,"TRACHYBASALT [26042]",36.78,112.4,13.52,60.09,13.22,4.08,12.68,1.76,9.5,1.81,4.75,0.65,3.83,0.56
44.5,123.5,"TRACHYBASALT [26042]",25.87,83.11,10.83,49,11.08,3.35,10.38,1.47,7.97,1.53,4.04,0.54,3.25,0.48
-50.3272,-71.2228,"TRACHYBASALT [8781]",41,88,11.6,50,11.3,3.7,10.4,1.53,8.3,1.56,3.9,0.53,2.97,0.43
-50.3464,-71.2222,"TRACHYBASALT [8781]",42,90,12,51,11.4,3.8,10.4,1.61,8.5,1.59,4,0.56,3.16,0.44
-50.3464,-71.2222,"TRACHYBASALT [8781]",41,87,11.6,50,11.3,3.7,10.9,1.59,8.5,1.6,4,0.56,3.17,0.45
27.8,-18,"TRACHYBASALT [12930]",52.99,114.2,14.16,58.26,12.54,3.77,10.14,1.32,7.29,1.49,3.2,0.46,2.6,0.39
35.5419,55.1658,"TRACHYBASALT [26184]",17.19,32.352,4.611,20.259,4.288,1.357,3.809,0.575,3.169,0.629,1.727,0.262,1.699,0.275
35.5894,55.4292,"TRACHYBASALT [26184]",14.842,29.617,4.333,19.068,3.987,1.19,3.631,0.541,2.977,0.592,1.611,0.245,1.573,0.243
35.6178,55.4586,"TRACHYBASALT [26184]",14.971,29.544,4.315,19.283,4.036,1.172,3.654,0.543,3.093,0.611,1.637,0.247,1.59,0.249
12.167125,105.523713,"TRACHYBASALT [26188]",25.1,50,6.1,26.1,6.29,2.05,6.3,0.92,4.98,0.91,2.23,0.29,1.74,0.24
11.879534,105.769676,"TRACHYBASALT [26188]",24.9,49,5.94,25.1,5.93,1.98,5.81,0.85,4.72,0.85,2.16,0.28,1.65,0.23
11.810233,106.165994,"TRACHYBASALT [26188]",24.5,47,5.65,23.7,5.67,1.9,5.63,0.82,4.41,0.79,1.95,0.25,1.44,0.19
11.810233,106.165994,"TRACHYBASALT [26188]",24.4,47,5.65,23.9,5.74,1.89,5.62,0.83,4.47,0.79,1.96,0.25,1.45,0.2
11.810233,106.165994,"TRACHYBASALT [26188]",22.9,45,5.4,22.8,5.55,1.88,5.38,0.8,4.33,0.75,1.85,0.23,1.38,0.19
11.810233,106.165994,"TRACHYBASALT [26188]",24.4,47,5.66,23.9,5.69,1.95,5.67,0.83,4.5,0.8,1.94,0.25,1.42,0.19
55.0083,88.4583,"TRACHYBASALT [26191]",41.78,100.95,8.96,36.71,7.15,1.76,6.29,1.01,5.34,1.28,3.49,0.42,3.33,0.48
47.829389,111.781494,"TRACHYBASALT [26334]",90.9,197,24.9,103,19,4.56,13.9,1.78,8.25,1.38,3.33,0.43,2.5,0.34
48.001291,111.026774,"TRACHYBASALT [26334]",87.2,185,23,94.48,16.8,4.01,12.4,1.6,7.89,1.32,3.24,0.42,2.57,0.35
48.01081,110.997483,"TRACHYBASALT [26334]",65.9,150.76,19.95,79.16,15.26,3.77,9.96,1.52,7.39,1.26,2.74,0.4,2.2,0.32
48.883665,111.360985,"TRACHYBASALT [26334]",89,191,24.1,101.92,18.14,4.37,13.2,1.62,7.74,1.33,3.2,0.43,2.52,0.34
48.504925,110.27031,"TRACHYBASALT [26334]",68.2,156,21.1,91.82,17.44,4.55,13.3,1.66,8.22,1.39,3.38,0.43,2.65,0.33
48.505605,110.271923,"TRACHYBASALT [26334]",91.5,201,25.7,103,19,4.59,14.5,1.79,8.64,1.48,3.47,0.46,2.81,0.4
48.56704,110.72243,"TRACHYBASALT [26334]",93.6,208,26.5,106,19.6,4.7,14.1,1.76,8.14,1.36,3.12,0.4,2.43,0.34
48.188586,110.23424,"TRACHYBASALT [26334]",79.9,177,22.8,97.82,17.81,4.44,13.3,1.63,8.1,1.29,3.21,0.41,2.42,0.34
47.897916,109.772899,"TRACHYBASALT [26334]",66.9,151,20,83,16.7,4.25,12.5,1.61,8.06,1.36,3.37,0.43,2.53,0.36
44.83481667,107.6708,"TRACHYBASALT [26334]",41.6,76.5,8.55,31.6,6.26,1.9,5.68,0.82,4.22,0.76,2.1,0.31,1.85,0.24
44.88096667,107.6672167,"TRACHYBASALT [26334]",50.6,93.6,10.3,44.7,8.86,2.37,6.94,0.96,5.07,0.94,2.39,0.32,1.8,0.25
45.34888333,106.6482167,"TRACHYBASALT [26334]",34.6,65.8,7.28,31,6.6,2.1,5.95,0.84,4.56,0.79,2.15,0.29,1.71,0.23
45.63308333,106.5229667,"TRACHYBASALT [26334]",44.5,87.6,10.3,40,9,2.97,9.04,1.25,6.67,1.16,2.97,0.4,2.16,0.31
38.7653,-27.2831,"TRACHYBASALT [12941] / NOT GIVEN [21396]",46.6,98.4,12.1,49.2,10.8,3.53,10.1,1.46,8.14,1.47,3.73,0.49,3.1,0.43
39.5,24.18,"ALKALI BASALT [10943] / TRACHYBASALT [13556]",33,64,7.5,29,5.8,1.7,5.2,0.8,4.4,0.91,2.31,0.33,2.1,0.33
-31.5,159,"TRACHYBASALT [26512]",29.71,60.52,7.38,31,6.52,2.16,6.08,0.76,4.22,0.71,1.77,0.21,1.28,0.17
35,47.8,"TRACHYBASALT [26636]",8.47785413810394,20.2147352399157,2.74647527643863,12.8282818886906,3.48833295695359,1.37871838178702,4.26024036132175,0.666236427870055,4.20128630183449,0.865473564883926,2.30094231950437,0.31935398182112,1.77443524916797,0.229169043877066
37,97.5,"TRACHYBASALT [26802]",115.68,251.2,27.84,101.7,16.05,3.81,11.31,1.26,5.9,1.01,2.56,0.32,1.92,0.27
37,97.5,"TRACHYBASALT [26802]",130.96,281,29.92,107.24,16.73,3.84,11.76,1.33,6.24,1.06,2.73,0.34,2.08,0.29
37,97.5,"TRACHYBASALT [26802]",86.34,162.22,18.67,63.61,10.78,2.43,8.07,0.97,5.09,0.93,2.38,0.32,1.95,0.24
37,97.5,"TRACHYBASALT [26802]",57.06,112.38,12.98,45.74,8.2,1.83,6.13,0.76,4.04,0.74,1.93,0.26,1.6,0.2
37,97.5,"TRACHYBASALT [26802]",47.62,101.18,11.47,41.36,7.66,1.91,6.23,0.8,4.44,0.83,2.18,0.3,1.79,0.23
37,97.5,"TRACHYBASALT [26802]",95.76,181.98,20.81,70.62,11.59,2.66,8.23,0.95,4.83,0.84,2.13,0.28,1.66,0.2
23.2947,101.3688,"TRACHYBASALT [26866]",22.1,43,4.98,21,5.24,1.88,5.56,0.86,5.31,0.97,2.64,0.37,2.35,0.35
23.2947,101.3688,"TRACHYBASALT [26866]",21.5,42.1,4.86,20.6,5.08,1.8,5.2,0.85,5.12,0.95,2.63,0.36,2.36,0.34
23.2947,101.3688,"TRACHYBASALT [26866]",21.9,42.8,5.03,21.4,5.03,1.86,5.31,0.83,5.32,0.97,2.6,0.37,2.28,0.35
23.0959,101.0423,"TRACHYBASALT [26866]",27.1,52.1,6.08,24.5,5.83,2.02,5.7,0.86,5.45,0.99,2.66,0.36,2.29,0.34
23.0959,101.0423,"TRACHYBASALT [26866]",29.9,56.8,6.46,26.4,5.92,2.05,5.84,0.85,5.5,1.03,2.72,0.36,2.39,0.35
23.0767,101.0617,"TRACHYBASALT [26866]",19.9,39.3,4.58,19.7,5.03,1.71,5.22,0.82,5.21,0.94,2.63,0.36,2.31,0.32
37.8,-25.5,"TRACHYBASALT [9385]",57.9113865336658,128.184194513716,14.1294793017456,54.6899251870324,10.2911955112219,3.09805894843977,8.42475187459273,1.205176159601,6.08831221945137,1.06283251870324,2.66657087281795,0.3401263840399,2.09120289276808,0.291429875311721
37.69905,15.01104,"TRACHYBASALT [12566] / NOT GIVEN [15327]",63.2,117,13.1,53.5,9.6,2.85,8.48,1.19,5.52,1.02,2.88,0.36,2.4,0.32
37.63849,14.99945,"TRACHYBASALT [12566] / NOT GIVEN [15327]",60.8,111.5,12.6,52,9.2,2.72,7.85,1.2,5.37,1.01,2.79,0.34,2.2,0.3
37.68597,15.01684,"TRACHYBASALT [12566] / NOT GIVEN [15327]",59.3,109.4,12.5,51.2,9.3,2.73,8.15,1.21,5.31,1.03,2.82,0.34,2.4,0.3
37.70032,15.00277,"TRACHYBASALT [12566] / NOT GIVEN [15327]",66.3,124,13.1,56.6,9.7,2.81,8.92,1.29,6.37,1.22,2.94,0.365,2.5,0.32
37.72025,15.00577,"TRACHYBASALT [12566] / NOT GIVEN [15327]",64.9,123,13.1,56.1,10,2.83,9.42,1.31,6.39,1.21,3.1,0.385,2.5,0.33
37.73208,15.00402,"TRACHYBASALT [12566]",66.6,126,13.5,57.1,10.3,2.86,9.33,1.3,6.46,1.19,3.11,0.365,2.5,0.36
-1.17,29.67,"TRACHYBASALT [27209]",98.5,190,21.3,76.4,12.1,2.68,7.5,1,5.4,1,2.5,0.34,2.1,0.33
-42.0525,-70.1569,"TRACHYBASALT [9494]",33,65,7.3,31.8,6.7,2.02,6,0.89,4.6,0.84,2.4,0.34,1.83,0.24
-42.0525,-70.1569,"TRACHYBASALT [9494]",31.7,63,7.3,31.2,6.3,1.96,5.9,0.86,4.4,0.83,2.37,0.31,1.79,0.24
-42.2339,-69.8481,"TRACHYBASALT [9494]",21.9,45,5.7,23.7,5.4,1.68,4.9,0.78,4.2,0.81,1.97,0.27,1.57,0.22
-42.1436,-69.9214,"TRACHYBASALT [9494]",31.7,63,7.7,30.2,6.3,2.16,5.6,0.88,4.6,0.9,2.01,0.28,1.6,0.22
-42.1294,-70.2231,"TRACHYBASALT [9494]",24.9,50,6.2,25.4,5.6,1.64,5,0.78,4.3,0.77,1.85,0.26,1.63,0.21
-42.1461,-70.2794,"TRACHYBASALT [9494]",31.5,62,7.6,31.2,6.4,2.13,5.9,0.89,4.7,0.88,2.15,0.29,1.78,0.25
-42.1497,-70.2664,"TRACHYBASALT [9494]",31.7,63,7.7,31.2,6.6,1.93,5.9,0.9,4.7,0.87,2.07,0.29,1.7,0.26
-42.105,-70.2244,"TRACHYBASALT [9494]",23.9,48,6,24.7,5.4,1.61,4.9,0.76,4,0.81,1.81,0.24,1.53,0.21
40.17,30.4,"TRACHYBASALT [28541]",30,76.1,8.83,32.8,5.23,1.67,4.71,0.63,3.84,0.77,1.96,0.27,1.82,0.29
40.17,30.4,"TRACHYBASALT [28541]",30,72.6,8.46,31.7,5.27,1.6,4.52,0.64,3.87,0.73,2.1,0.25,1.78,0.26
40.17,30.4,"TRACHYBASALT [28541]",30,72.9,8.49,29.9,4.72,1.25,3.65,0.5,3.19,0.59,1.56,0.24,1.68,0.23
40.17,30.4,"TRACHYBASALT [28541]",20,55.8,6.7,25.9,5.11,1.6,4.72,0.67,4.43,0.89,2.45,0.37,2.19,0.35
40.17,30.4,"TRACHYBASALT [28541]",20,54.6,6.47,25.2,4.45,1.64,4.43,0.65,4.03,0.79,2.05,0.27,1.92,0.29
40.17,30.4,"TRACHYBASALT [28541]",20,52.3,6.25,24.3,4.43,1.48,4.34,0.62,3.76,0.78,2.09,0.28,1.8,0.29
40.17,30.4,"TRACHYBASALT [28541]",30,79.2,9.29,34.3,5.74,1.7,4.62,0.67,3.97,0.78,1.93,0.28,1.77,0.28
40.17,30.4,"TRACHYBASALT [28541]",30,73.7,8.62,32.1,5.5,1.66,4.58,0.65,3.8,0.75,2,0.28,1.77,0.27
33.17,54,"TRACHYBASALT [28635]",15.1,31.1,4.2,17.8,4.19,1.28,3.75,0.56,3.19,0.62,1.59,0.23,1.4,0.21
33.17,54,"TRACHYBASALT [28635]",19.4,40.9,5.5,23.7,5.28,1.55,4.63,0.68,3.9,0.75,2.04,0.29,1.79,0.28
33.17,54,"TRACHYBASALT [28635]",16.4,34.5,4.7,20,4.44,1.32,3.87,0.59,3.39,0.66,1.74,0.24,1.51,0.25
33.17,54,"TRACHYBASALT [28635]",19.3,39.6,5.2,21.9,4.86,1.47,4.21,0.64,3.55,0.69,1.83,0.26,1.59,0.25
33.17,54,"TRACHYBASALT [28635]",15.6,32.1,4.3,18.3,4.34,1.33,4.06,0.59,3.36,0.65,1.68,0.24,1.45,0.23
33.17,54,"TRACHYBASALT [28635]",20.8,42.9,5.7,24.2,5.71,1.77,5.34,0.81,4.54,0.89,2.23,0.32,1.93,0.3
33.17,54,"TRACHYBASALT [28635]",15.9,33,4.5,18.8,4.38,1.32,3.96,0.59,3.51,0.7,1.86,0.27,1.68,0.26
33.17,54,"TRACHYBASALT [28635]",16,32.1,4.3,18.3,4.31,1.33,3.97,0.58,3.2,0.62,1.61,0.22,1.34,0.21
33.17,54,"TRACHYBASALT [28635]",19.4,39.6,5.2,21.4,5.04,1.49,4.96,0.8,4.58,0.92,2.5,0.36,2.25,0.36
43.008,9.8139,"NOT GIVEN [14349] / TRACHYBASALT [12849]",29.3,68.4,10.9,51.9,9.6,2.09,6.2,1,4.9,0.99,2.7,0.4,2.3,0.35
-3.2542,152.5417,"TRACHYBASALT [28778]",23.36,48.14,6.71,30.35,7.18,2.19,6.68,0.88,4.92,0.92,2.57,0.36,2.39,0.35
-3.2542,152.5417,"TRACHYBASALT [28778]",23.33,47.96,6.67,30.06,7.13,2.19,6.6,0.88,4.84,0.9,2.53,0.36,2.35,0.35
-3.2542,152.5417,"TRACHYBASALT [28778]",23.82,48.84,6.76,30.44,7.1,2.19,6.53,0.85,4.72,0.87,2.44,0.34,2.27,0.34
-3.2542,152.5417,"TRACHYBASALT [28778]",21.5686853988283,44.431079363557,6.17584022373125,27.9355710360204,6.54180965207622,2.03974902496561,5.94477992879231,0.776547689524445,4.37048273745472,0.79995197747174,2.22071738945501,0.326966045519912,2.14110515592127,0.320541448192412
-3.2542,152.5417,"TRACHYBASALT [28778]",21.4370193215594,43.5782738047621,6.14235196172767,28.4194031667927,6.74160654522254,2.04431558219469,6.25335636797573,0.82832517065921,4.57540134270529,0.843535128262927,2.37160125009402,0.340991614108605,2.23117789887234,0.344401895551214
-25.8167,-56.8333,"TRACHYBASALT [9723]",168.4,316.205,34.645,127.657,18.568,4.599,13.79,1.444,6.967,1.214,3.019,0.4,2.296,0.326
-25.8333,-56.9167,"TRACHYBASALT [9723]",66.484,131.706,15.05,57.672,8.492,2.187,5.756,0.605,2.881,0.498,1.237,0.163,0.957,0.136
-25.7667,-56.8167,"TRACHYBASALT [9723]",58.18,119.861,13.722,53.312,8.158,2.278,5.839,0.661,3.133,0.55,1.334,0.173,1.019,0.143
-25.7667,-56.9333,"TRACHYBASALT [9723]",48.83,106.185,12.747,51.604,8.232,2.178,5.298,0.6,2.877,0.51,1.279,0.167,0.997,0.143
-21.2864,44.0569,"TRACHYBASALT [28800]",55.7,106,11.6,44.2,8.5,2.54,7.3,1,5,0.8,2,0.23,1.4,0.2
-21.2864,44.0569,"TRACHYBASALT [28800]",55.5,105,11.5,44.2,8.5,2.56,7.5,1,5,0.8,2,0.23,1.3,0.19
45.3,129,"TRACHYBASALT [28812]",18.807003664933,42.2034596101713,5.53655417931044,23.7206279644693,5.4125815733824,1.77627989761421,4.95962573642369,0.793312081503327,4.61978557142846,0.905136023258556,2.57738754791331,0.366755611400174,2.31312322499614,0.355070434302221
45.3,129,"TRACHYBASALT [28812]",18.2190507319133,40.468450164814,5.29767224899567,23.1821339036039,5.22290310613202,1.70943856811677,5.06542458115033,0.769230328120649,4.48347395246448,0.880187622595795,2.46706058339402,0.355936564515525,2.30387114796872,0.340673081839398
36.2856,119.0064,"TRACHYBASALT [15088] / ALKALI BASALT, OLIVINE [23106]",30.2,60.1,7.01,27.8,5.78,1.88,5.2,0.759,3.97,0.7,1.73,0.23,1.33,0.185
36.2856,119.0064,"TRACHYBASALT [15088] / ALKALI BASALT, OLIVINE [23106]",30.7,60.7,7.09,28,5.88,1.91,5.3,0.773,4.05,0.719,1.78,0.236,1.35,0.191
-13.25,-72.26,"TRACHYBASALT [9841]",34.7,69.5,8.6,36.4,7.3,2.3,7,0.9,5.2,1,2.9,0.4,2.7,0.4
40.6,112.5,"TRACHYBASALT [12196] / THOLEIITIC BASALT [19516]",16.8,32.8,4.08,17.3,4.45,1.52,4.69,0.65,3.35,0.57,1.48,0.21,1.2,0.17
40.6,112.5,"TRACHYBASALT [12196] / THOLEIITIC BASALT [19516]",15.9,32.5,3.95,16.5,4.23,1.45,4.39,0.61,3.17,0.55,1.4,0.2,1.12,0.16
40.6,112.5,"TRACHYBASALT [12196] / THOLEIITIC BASALT [19516]",13.4,28.1,3.8,15.2,3.96,1.36,4.27,0.63,3.47,0.63,1.61,0.24,1.38,0.2
40.6,112.5,"TRACHYBASALT [12196] / THOLEIITIC BASALT [19516]",13,26.7,3.82,14.3,3.75,1.36,4.22,0.62,3.48,0.65,1.65,0.25,1.41,0.2
48.3149,100.461,"TRACHYBASALT [14464]",28,57,6.84,31.9934261681358,6.49076415107712,1.97,5.74,0.81,3.9,0.68,1.66,0.22,1.24,0.16
47.3517,100.2332,"TRACHYBASALT [14464]",26,52,6.51,28.1860973008717,5.68604262525771,2.04,5.42,0.81,4.35,0.82,2.37,0.3,1.86,0.31
47.3336,100.1074,"TRACHYBASALT [14464]",24,54,6.49,29.371859947016,6.13860250445297,2.03,5.72,0.9,3.88,0.75,2.04,0.22,1.34,0.23
47.4374,100.2099,"TRACHYBASALT [14464]",21,46,5.48,24.0157856744107,5.21174179485983,1.87,5.12,0.84,4.19,0.8,2.06,0.27,1.58,0.22
47.4329,100.2095,"TRACHYBASALT [14464] / BASALT [19757]",23,48,5.86,9.63659572881751,2.68545952617074,1.98,5.47,0.8,4.25,0.77,2.06,0.28,1.48,0.27
47.4838,100.2399,"TRACHYBASALT [14464]",26,57,7.23,30.5549424638275,6.23371419606418,2.23,5.83,0.9,4.3,0.83,1.92,0.27,1.58,0.22
47.459,100.8626,"TRACHYBASALT [14464]",39,82,9.82,39.2389557207763,7.55361566369991,2.76,7.09,1.04,5.62,0.9,2.28,0.27,1.55,0.21
50.78,121.52,"TRACHYBASALT [14214]",37.5,80.4,10.2,41.2,7.98,2.22,6.97,0.97,5.44,1.11,2.97,0.44,2.73,0.42
37.73,15,"TRACHYBASALT [8455]",55.4,108,12,46.4,9,2.54,8.09,1.09,5.33,0.96,2.45,0.35,2.1,0.31
37.73,15,"TRACHYBASALT [8455]",57.1,111,12.6,48,9.1,2.81,8.37,1.14,5.29,1.03,2.63,0.35,2.3,0.35
37.73,15,"TRACHYBASALT [8455]",52.1,103,11.6,44.6,8.5,2.57,8.16,1.12,5.14,0.97,2.65,0.32,2.2,0.32
37.73,15,"TRACHYBASALT [8455]",56.5,111,12.6,48.4,9.3,2.85,8.57,1.16,5.73,1.04,2.64,0.38,2.3,0.33
37.73,15,"TRACHYBASALT [8455]",51.6,101,11.6,44,8.5,2.66,8.01,1.07,5.08,0.97,2.44,0.33,2.1,0.31
37.73,15,"TRACHYBASALT [7091]",55.5,110,12.2,48.2,8.78,2.72,7.59,1.01,5.64,1.01,2.54,0.35,2.06,0.32
37.73,15,"TRACHYBASALT [7091]",55.6,110,12.1,47.7,8.82,2.72,7.67,1.03,5.68,1,2.53,0.35,2.09,0.32
37.73,15,"TRACHYBASALT [7091]",56.1,103,12.1,47.6,8.52,2.64,7.35,0.98,5.38,0.98,2.46,0.34,2.04,0.32
37.73,15,"TRACHYBASALT [7091]",59,116,12.7,49.9,9.06,2.77,7.81,1.02,5.74,1.03,2.65,0.35,2.14,0.33
40.78,14.05,"TRACHYBASALT [10014]",56,109.7,12.37,49.2,9.7,2.24,6.99,1.03,5.47,0.99,2.68,0.38,2.41,0.36
40.78,14.05,"TRACHYBASALT [10014]",74.3,139.6,14.82,57,9.9,2.27,7.14,1.04,5.65,1.07,2.95,0.46,2.65,0.41
33.25,35.58,"TRACHYBASALT [7841]",39.9,88.1,10,45.6,9.24,3.06,8.9,1.3,6.6,1.18,2.92,0.38,2.42,0.34
33.25,35.58,"TRACHYBASALT [7841]",31.3,67.3,8.5,34.6,6.93,2.25,6.3,0.93,4.71,0.86,2.12,0.27,1.71,0.26
40.9,14.2,"TRACHYBASALT [10115]",36.86,74.74,9.12,38.12,8.17,2.31,7.11,0.98,4.82,0.96,2.15,0.3,1.91,0.31
40.9,14.2,"TRACHYBASALT [10115]",36.23,73.53,9.12,37.56,7.82,2.33,7.02,0.92,4.8,0.95,2.24,0.32,1.87,0.31
53,98,"BASALT [15035] / TRACHYBASALT [15133]",54.17,105.18,12.61,48.05,9.98,3,9.58,1.49,8.11,1.32,3.36,0.42,2.28,0.31
51.58,111.17,"TRACHYBASALT [17345]",47.3,100,12.1,39.3,7.79,3.44,9.21,1.44,7.68,1.54,3.86,0.63,3.89,0.54
51.58,111.17,"TRACHYBASALT [15367]",33.4,60.4,9.01,42.5,8.67,2.91,7.05,1.08,5.6,1.11,2.82,0.42,2.58,0.49
51.58,111.17,"TRACHYBASALT [17345]",34.2,62,9.25,30.9,6.09,3,7.14,1.13,5.92,1.17,2.74,0.43,2.72,0.36
51.58,111.17,"TRACHYBASALT [17345]",39.8,94.3,11.4,37.4,7.22,3.36,8.26,1.26,6.43,1.27,3.08,0.48,2.85,0.37
37.73,15,"TRACHYBASALT [10318]",65,126,14,53,8.9,2.73,8.7,1.11,5.9,0.91,2.27,0.33,2.03,0.3
37.73,15,"TRACHYBASALT [10318]",66,136,14.3,51,9.5,2.72,7.2,1.09,5.7,1,2.5,0.36,2.2,0.31
37.73,15,"TRACHYBASALT [10318]",56,108,12.6,49,9.3,2.73,7.4,1.07,5.4,1.01,2.58,0.34,2.11,0.32
37.73,15,"TRACHYBASALT [10318]",54,105,12.3,48,9.3,2.71,7.3,1.09,5.6,1.05,2.49,0.34,2.14,0.3
37.769,-25.353,"TRACHYBASALT [10567]",107.36215425902,184.770137163304,25.1138453434052,94.6469901600239,17.0398092237352,4.86016318501768,14.5650743096302,2.04596857171255,10.6449938972269,1.92496042142928,4.92372855183381,0.646183522512673,3.94486569923467,0.562780982009741
37.765,-25.163,"TRACHYBASALT [10567]",62.5,129,15.1,59.6,12,3.53,10.9,1.54,8.42,1.54,3.91,0.52,3.21,0.45
53,125,"BASALTIC-TRACHYANDESITE [16935]",56,118,13.9,52.8,9.43,2.5,7.3,1.04,5.2,0.87,2.5,0.37,2.2,0.37
-15.907,-5.701,"TRACHYBASALT [15462]",51.5,107,12.9,53,10.5,3.33,9.55,1.41,7.2,1.32,3.48,0.444,2.67,0.388
-15.909,-5.706,"TRACHYBASALT [15462]",63.8,130,15.2,59.5,11.1,3.44,9.65,1.41,7.15,1.29,3.41,0.428,2.59,0.382
-15.932,-5.714,"TRACHYBASALT [15462]",47.4,97.3,11.9,48.5,9.93,3.17,9.36,1.37,7.21,1.32,3.54,0.454,2.74,0.401
-15.998,-5.761,"TRACHYBASALT [15462]",70.5,140,15.8,60.6,11.4,3.51,10.1,1.49,7.84,1.44,3.9,0.51,3.16,0.46
-15.952,-5.646,"TRACHYBASALT [15462]",89,169,19.3,72.8,13.2,4.1,11.1,1.63,8.24,1.49,3.97,0.514,3.15,0.465
-15.973,-5.649,"TRACHYBASALT [15462]",49.8,101,11.9,47,9.08,2.84,8.15,1.21,6.29,1.15,3.06,0.397,2.42,0.353
59.5831,140.8669,"TRACHYBASALT [15494]",14.18,31.26,4.09,18.13,3.83,1.15,4.18,0.49,2.83,0.53,1.55,0.19,1.39,0.19
44.4258,19.9289,"TRACHYBASALT, PHLOGOPITE [7748]",73.8,136.5,15.8,59.6,11.1,3.2,9.3,1.3,6.1,1.1,2.8,0.4,2.4,0.4
44.4258,19.9289,"TRACHYBASALT, PHLOGOPITE [7748]",64.3,122.5,14,54.3,9.8,2.6,8,1.1,5.5,0.9,2.5,0.4,2.3,0.3
43.7478,20.6644,"TRACHYBASALT, PHLOGOPITE [7748]",51.1,111.9,13.5,53.6,9.6,1.9,6.4,0.8,4,0.8,1.9,0.3,1.8,0.3
38.6706,26.7567,"TRACHYBASALT [8477]",41.23,77.13,7.64,28.67,4.64,1.2,3.64,0.58,3.2,0.64,1.69,0.3,1.74,0.27
39.3208,26.6952,"TRACHYBASALT [8477]",31.05,61.01,6.91,28.52,5.26,1.45,4.35,0.69,3.99,0.78,2.03,0.36,1.99,0.32
38.3151,42.0147,"TRACHYBASALT [8986]",47.7,103.2,13.01,60.2,12.6,3.71,11.66,1.91,10.3,1.96,5.19,0.76,5.03,0.74
-20.32,57.65,"TRACHYBASALT [10578]",29.3,65.5,8.36,35.5,8.13,2.57,7.66,1.11,6.26,1.14,3.07,0.39,2.43,0.34
38,30,"TRACHYBASALT [7599]",73,142,16.5,60,9.8,2.68,7.2,0.9,5,0.89,2.21,0.33,2.1,0.3
-8.45,-163.84,"TRACHYBASALT [10583]",83.9,78.1,16,43.35,8.581,4.18,13.5,2,11.4,2.09,5.48,0.776,4.86,0.708
-8.45,-163.84,"TRACHYBASALT [10583]",50.3,53.2,9.65,38.4,7.69,2.65,8.48,1.23,7.33,1.38,3.64,0.53,3.35,0.499
-8.45,-163.84,"TRACHYBASALT [10583]",27.4,32,6.18,26.3,5.86,2.03,6.48,1,5.88,1.15,3.03,0.443,2.9,0.432
-8.45,-163.84,"TRACHYBASALT [10583]",89,78.4,17.5,69.7,13.7,4.59,14.3,2.12,12.2,2.19,5.55,0.799,5.03,0.717
54.5,91,"TRACHYBASALT [22916] / BASALT [20388]",37,84,10,43.68,8.4,2.34,7.81,1.05,6.18,1.22,3.59,0.5,3.24,0.52
4.3472,9.2939,"TRACHYBASALT [11069]",73.8,137.1,15.19,59.2,11.57,3.56,9.38,1.29,6.98,1.25,3.02,0.4,2.26,0.33
4.2611,9.2603,"TRACHYBASALT [11069]",83.1,157,17.43,68.2,13.58,4.1,10.89,1.52,8.01,1.45,3.44,0.45,2.53,0.38
4.1547,9.1381,"TRACHYBASALT [11069]",74.4,139.9,15.53,60.4,11.84,3.67,9.77,1.37,7.27,1.3,3.14,0.41,2.36,0.35
4.2081,9.1725,"TRACHYBASALT [11069]",73.6,137.2,15.18,59.1,11.56,3.58,9.43,1.33,6.95,1.25,3.01,0.39,2.26,0.33
4.2611,9.2603,"TRACHYBASALT [11069]",86.7,163.3,18.16,70.3,13.78,4.18,11.15,1.54,8.11,1.48,3.51,0.46,2.61,0.39
4.2592,9.2628,"TRACHYBASALT [11069]",85,160.2,17.69,68.8,13.48,4.08,10.87,1.53,8.03,1.44,3.39,0.45,2.61,0.38
4.2553,9.2658,"TRACHYBASALT [11069]",84.7,159.3,17.61,68.5,13.53,4.01,10.83,1.51,7.93,1.42,3.44,0.45,2.58,0.38
4.1031,9.1178,"TRACHYBASALT [11069]",76.2,143.3,15.9,61.9,12.28,3.72,9.95,1.39,7.37,1.33,3.18,0.42,2.45,0.35
4.1175,9.1289,"TRACHYBASALT [11069]",90.8,168.4,18.43,70.6,13.49,4.1,10.92,1.51,8.06,1.45,3.44,0.46,2.61,0.38
4.155,9.1381,"TRACHYBASALT [11069]",92.7,172.2,18.73,71.7,13.63,4.11,10.88,1.51,8.11,1.46,3.53,0.46,2.65,0.4
4.2111,9.1769,"TRACHYBASALT [11069]",74.4,139.1,15.37,59.6,11.75,3.59,9.64,1.34,7.14,1.28,3.06,0.4,2.26,0.34
4.2111,9.1769,"TRACHYBASALT [11069]",73.2,136.4,15.08,58.4,11.41,3.48,9.5,1.3,6.93,1.26,2.98,0.39,2.23,0.32
4.2106,9.1769,"TRACHYBASALT [11069]",72.6,136.4,15.11,58.5,11.57,3.55,9.41,1.31,6.97,1.24,2.99,0.39,2.22,0.33
-21.518,-65.692,"TRACHYBASALT [11135]",37.7,78.8,9.2,35.5,6.6,2.2,6.3,0.93,5.46,1.01,2.86,0.38,2.53,0.38
-19.554,-65.428,"TRACHYBASALT [11135]",29.74,57.95,5.64,20.43,3.54,1.06,3.23,0.45,2.77,0.51,1.4,0.18,1.15,0.16
-32.833,-65.833,"TRACHYBASALT [11135]",71.4996716342284,150.377927404622,18.8426727633773,76.7415853945947,13.8280906806517,4.14576150623704,10.4184800567674,1.28290237833479,6.11668091008546,0.970453154426562,2.20214979255289,0.258017401367354,1.43845999523275,0.199351601910187
-32.833,-65.833,"TRACHYBASALT [11135]",71.3447,150.557,18.8878,74.9897,13.4788,4.0901,10.8007,1.2483,6.2881,0.9514,2.2662,0.2618,1.5252,0.2071
-32.833,-65.833,"TRACHYBASALT [11135]",72.2792,149.9679,19.0142,77.4763,14.0054,4.1008,11.0912,1.2668,6.1031,0.9611,2.2559,0.2565,1.5533,0.2068
-32.833,-65.833,"TRACHYBASALT [11135]",68.6904,143.9765,18.2919,74.8659,13.4979,4.0415,10.1973,1.2104,5.9657,0.9395,2.2369,0.256,1.4746,0.1908
29.5,35,"TRACHYBASALT [10659]",32,88,8.4,40.59,8.14,0.82,5.2,0.83,5.2,1.17,3.18,0.49,3.08,0.49
38,26,"TRACHYBASALT [13622] / NOT GIVEN [23377]",30.2,61,7.46,31.1,4.72,1.16,3.71,0.63,3.16,0.62,1.6,0.25,1.58,0.24
40.49,32.47,"TRACHYBASALT [13495]",76.5,137,14.4,57.6,8.4,2.26,6.23,0.88,4.71,0.88,2.6,0.36,2.6,0.44
50.74,57.88,"TRACHYBASALT, 2-PYROXENE [16215] / TRACHYBASALT [20952]",20.26,47.91,5.54,24.16,4.64,1.2,3.98,0.57,3.25,0.66,1.98,0.29,1.96,0.29
37.1744,-119.5122,"TRACHYBASALT [7949]",28,63,7.8,35,7.5,2.1,6.2,0.9,4.1,0.7,2,0.3,1.5,0.2
37.5593,-119.3194,"TRACHYBASALT [7949]",56,108,12,50,9.3,2.7,7.3,1,4.6,0.7,1.6,0.2,1.2,0.1
33.3024,126.4656,"TRACHYBASALT [16317]",48.1852165216048,94.4931759212511,11.3018215693026,47.2807354501509,10.0062616326241,3.14922087123076,9.24343798120693,1.22360776523469,6.72008716149378,1.17801707580604,3.00306841844025,0.373331696453135,2.25349497264703,0.312562576092411
33.3024,126.4656,"TRACHYBASALT [16317]",45.9726899017397,90.6410994644708,10.8335415050728,45.706104017084,9.73422277719392,3.08615951567085,9.1529148824628,1.22907269572742,7.11975555562178,1.22243660815575,3.36313727842519,0.422603224121758,2.49860760575543,0.339715300756675
33.3024,126.4656,"TRACHYBASALT [16317]",58.7506913620263,111.991349462496,13.1526108882068,53.9937488783917,10.1437401879476,3.18779280296028,8.79869654671498,1.15092490179954,6.43766614338559,1.09248176970826,2.78302416210837,0.368492759953912,2.15091785083942,0.288700414511759
33.3024,126.4656,"TRACHYBASALT [16317]",40.7005943644922,80.6046103903677,9.86691383558758,41.0322558341312,8.34501996503983,2.63582083942753,8.10992596731807,1.08331996626998,6.41226664220409,1.17642555960328,3.1011168042312,0.417113224555348,2.48516031030293,0.345038408991466
33.4127,126.6682,"TRACHYBASALT [16317]",40.5671487296094,82.1488784445824,10.2292048653541,44.9614184730456,10.5974309895141,3.43520374096128,10.7663863594747,1.45235989072651,8.33460614718077,1.44469878788455,3.63901707350637,0.479092513980023,2.7183890943571,0.336845986355852
33.4127,126.6682,"TRACHYBASALT [16317]",48.8490330644288,95.2147747885113,11.4411874113706,47.2315746485395,9.4899476898966,2.86524343598225,8.45083685930859,1.09793410553079,6.17009548295983,1.03572384260917,2.6304691780952,0.33106984321098,1.94618921012176,0.255169664915476
33.4127,126.6682,"TRACHYBASALT [16317]",80.5522143784374,155.688007843322,18.2384690305544,72.8789967570507,13.367188126318,4.07083369497302,10.8972486987592,1.42105958072501,7.74043599496457,1.31156432935735,3.31919188713505,0.449388283937533,2.5126082181182,0.327889900181354
-3.31,152.67,"TRACHYBASALT [11656]",8.7,19,2.8,13,3.5,1.2,3.6,0.5,2.8,0.57,1.5,0.22,1.5,0.25
-3.31,152.67,"TRACHYBASALT [11656]",8.6,20,2.9,14,3.6,1.2,3.7,0.54,2.9,0.58,1.5,0.23,1.6,0.24
-3.31,152.67,"TRACHYBASALT [11656]",14,34,4.3,20,4.9,1.6,4.7,0.66,3.8,0.67,1.7,0.26,1.8,0.29
-3.31,152.67,"TRACHYBASALT [11656]",9.8,23,3.2,15,3.9,1.2,3.8,0.56,3.2,0.63,1.6,0.25,1.7,0.26
-3.31,152.67,"TRACHYBASALT [11656]",11,23,3.2,14,3.7,1.3,3.8,0.52,3,0.6,1.6,0.24,1.6,0.26
-3.31,152.67,"TRACHYBASALT [11656]",10,21,3.1,14,3.4,1.2,3.5,0.49,2.9,0.56,1.5,0.22,1.6,0.25
-3.31,152.67,"TRACHYBASALT [11656]",8.9,20,2.9,14,3.7,1.2,3.9,0.54,3.1,0.62,1.6,0.23,1.6,0.25
-3.31,152.67,"TRACHYBASALT [11656]",9.3,20,3,14,3.8,1.2,3.7,0.58,3.2,0.63,1.6,0.24,1.7,0.26
-3.3175,152.5817,"TRACHYBASALT [11656]",11,26,3.8,18,4.5,1.4,4.7,0.64,3.4,0.68,1.7,0.26,1.7,0.27
-3.3175,152.5817,"TRACHYBASALT [11656]",11,26,3.8,18,4.7,1.5,4.7,0.65,3.4,0.67,1.8,0.26,1.7,0.27
-3.3175,152.5817,"TRACHYBASALT [11656]",11,25,3.7,17,4.6,1.5,4.7,0.66,3.5,0.67,1.8,0.27,1.7,0.27
-3.3175,152.5817,"TRACHYBASALT [11656]",12,27,3.9,18,4.9,1.5,4.7,0.67,3.6,0.69,1.8,0.27,1.8,0.29
-3.3175,152.5817,"TRACHYBASALT [11656]",11,26,3.8,18,4.7,1.5,4.8,0.67,3.5,0.69,1.7,0.26,1.8,0.28
-3.3175,152.5817,"TRACHYBASALT [11656]",11,27,3.9,18,4.7,1.5,4.6,0.63,3.5,0.68,1.7,0.25,1.7,0.28
-3.2542,152.5417,"TRACHYBASALT [11656]",20,42,5.7,26,6.3,1.9,6.1,0.83,4.4,0.86,2.3,0.32,2.3,0.35
-3.2542,152.5417,"TRACHYBASALT [11656]",18,39,5.2,24,5.8,1.9,5.5,0.79,4.2,0.83,2.1,0.33,2.2,0.34
-3.2542,152.5417,"TRACHYBASALT [11656]",19,39,5.5,25,6.1,1.9,5.8,0.79,4.2,0.82,2.1,0.33,2.1,0.36
-3.2542,152.5417,"TRACHYBASALT [11656]",18,39,5.6,25,6.3,1.9,5.8,0.82,4.1,0.83,2.1,0.3,2.2,0.34
-3.2542,152.5417,"TRACHYBASALT [11656]",20,43,5.9,26,6.4,2,6.2,0.84,4.5,0.86,2.2,0.34,2.3,0.37
-3.2542,152.5417,"TRACHYBASALT [11656]",20,42,5.8,26,6.2,2,6,0.83,4.4,0.87,2.3,0.33,2.3,0.38
-3.2542,152.5417,"TRACHYBASALT [11656]",20,43,6,26,6.3,2,6.1,0.82,4.5,0.84,2.2,0.34,2.3,0.36
44,86,"TRACHYBASALT [10027]",17.6,42.6,6.16,28.5,6.39,1.92,6.36,0.99,6.23,1.21,3.34,0.49,2.82,0.48
44,86,"TRACHYBASALT [10027]",9.72,26.9,3.96,19.2,4.63,1.64,4.92,0.82,5.03,0.98,2.73,0.42,2.46,0.41
39,115,"TRACHYBASALT [11728]",54.88,121.6,14.33,57.11,9.76,2.64,7.81,1.06,5.56,1.01,2.64,0.39,2.39,0.35
39,115,"TRACHYBASALT [11728]",55.58,119.8,14.22,57.47,10.06,2.6,7.62,1.06,5.38,1.02,2.66,0.4,2.42,0.32
39,115,"TRACHYBASALT [11728]",55.49,120.4,14.24,56.56,10.12,2.64,7.53,1.01,5.37,1.03,2.78,0.39,2.38,0.33
39,115,"TRACHYBASALT [11728]",77.05,159,18.42,71.7,11.55,2.75,8.22,1.07,5.38,0.94,2.61,0.35,2.12,0.31
40.9,116.2,"TRACHYBASALT [11728]",79.19,166.6,18.7,76.06,13.61,2.94,9.13,1.02,5.77,0.97,2.5,0.3,1.87,0.29
40.9,116.2,"TRACHYBASALT [11728]",86.29,179.7,20.73,83.27,15.67,3.36,10.38,1.3,6.83,1.18,3.22,0.39,2.37,0.33
39,115,"TRACHYBASALT [11728]",72.97,158.7,18.95,72.72,11.8,2.83,7.79,0.93,4.47,0.74,1.9,0.24,1.5,0.19
29.9842,91.17,"TRACHYBASALT [11842]",48.2,87.9,11.1,45.9,9.29,2.33,9.02,1.11,5.69,1.01,2.54,0.36,2.49,0.36
12.6609,40.4792,"TRACHYBASALT [16964] / NOT GIVEN [24016]",26.9990783095925,58.4580287083465,7.89718033093153,31.5775965301003,6.76799319078634,2.41583375385474,7.59308186728643,1.03181894694246,6.50475375652351,1.09089714061397,3.38865967007065,0.465836641392329,3.25537229602772,0.491030104704461
48.2292,100.4403,"TRACHYBASALT [12217]",31.4,63.15,7.68,29.95,6.37,2.14,5.99,0.81,4.18,0.71,1.76,0.23,1.29,0.19
48.2345,100.384,"TRACHYBASALT [12217]",33.19,66.23,8.03,31.62,6.82,2.28,6.37,0.85,4.32,0.74,1.76,0.22,1.32,0.17
48.2138,100.3693,"TRACHYBASALT [12217]",30.79,60.73,7.48,30.09,6.27,2.12,5.87,0.82,4.08,0.68,1.74,0.22,1.3,0.18
48.2073,100.407,"TRACHYBASALT [12217]",38.71,74.67,8.9,34.52,6.81,2.27,6.1,0.82,4.07,0.67,1.63,0.2,1.17,0.16
48.2292,100.4403,"TRACHYBASALT [12217]",37.2,71.41,8.6,34.06,6.6,2.23,6.16,0.8,4.02,0.66,1.57,0.21,1.22,0.16
48.17,100.4375,"TRACHYBASALT [12217]",44.2,85.1,10.4,39.87,8.08,2.68,7.33,1,5.11,0.84,2.02,0.26,1.51,0.21
48.6925,101.5035,"TRACHYBASALT [12217]",22.87,47.91,6.54,28.26,6.46,2.18,6,0.85,4.3,0.69,1.62,0.21,1.13,0.16
33.5,83,"TRACHYBASALT [9197]",219,314,37.2,119,21.4,5.36,12.2,1.64,8.29,1.48,3.96,0.63,4.07,0.59
33.5,83,"TRACHYBASALT [9197]",229,308,33.8,109,18.7,4.42,7.38,1.08,6.13,1.37,3.61,0.52,3.11,0.47
33.5,83,"TRACHYBASALT [9197]",129,202,22.9,75.3,15.1,3.84,8.06,1.03,5.76,1.24,3.44,0.46,2.96,0.44
33.5,83,"TRACHYBASALT [9197]",65.4,124,13.8,48.4,11.8,3.28,7.11,0.94,5.06,0.97,2.81,0.43,2.84,0.41
33.5,83,"TRACHYBASALT [9197]",38.9,77.2,9.61,36.74,8.51,2.28,4.67,0.69,4.26,0.86,2.51,0.38,2.54,0.38
35.5,78,"TRACHYBASALT [9197]",162,269,25.2,82.5,19.6,4.84,9.34,0.96,4.21,0.76,1.99,0.3,2.14,0.33
10.3217,112.535,"TRACHYBASALT [11963]",49.1,79.5,8.21,29.7,5.52,1.84,4.79,0.74,4.23,0.78,2.15,0.27,1.8,0.26
10.3217,112.535,"TRACHYBASALT [11963]",50.8,79.8,8.41,31.1,5.68,1.87,4.94,0.75,4.22,0.81,2.21,0.3,1.8,0.27
43,85,"TRACHYBASALT [12349]",14.3,35.2,4.99,21.7,4.9,1.54,5.34,0.83,4.75,1,2.64,0.39,2.46,0.39
43,85,"TRACHYBASALT [12349]",15.1,38.1,5.49,23.2,5.37,1.77,5.65,0.91,5.17,1.08,2.87,0.4,2.53,0.39
43,85,"TRACHYBASALT [12349]",14.8,36.5,5.09,22,4.95,1.62,5.3,0.82,4.75,0.97,2.65,0.38,2.48,0.38
38.9,15.21,"TRACHYBASALT [12538]",53.78,106.3,12.79,50.43,10.25,2.46,7.893,1.029,5.288,0.904,2.353,0.34,2.154,0.334
43.645,-5.8362,"TRACHYBASALT [12829]",40.47,82.68,10.4,39.65,7.87,2.62,8.11,1.07,6.06,1.19,3.1,0.4,2.48,0.34
43.645,-5.8362,"TRACHYBASALT [12829]",46.62,95.15,11.95,46.4,9.8,2.93,9.17,1.22,6.89,1.35,3.56,0.46,2.85,0.39
50.5024,9.9313,"TRACHYBASALT [17668]",45,92.3,10.3,40.6,8.3,2.5,7.1,1,5,0.9,2.3,0.3,1.8,0.27
19.55,151.57,"TRACHYBASALT [12924]",19.6,54.2,6.3,30.4,7.2,2.14,3.73,0.66,3.15,0.63,1.62,0.2,1.22,0.24
28.67,-17.9,"TRACHYBASALT, PLAGIOCLASE [12930]",33.83,71.46,9.02,37.83,7.92,2.49,7.36,1.09,5.6,1.11,2.76,0.37,2.32,0.3
28.82,-17.93,"TRACHYBASALT [12930]",55.74,113.47,13.51,54.44,10.59,3.3,8.98,1.24,6.33,1.14,2.82,0.39,2.29,0.3
28.6,-17.9,"TRACHYBASALT [12930]",102.44,200.06,23.91,89,16,4.66,14.26,1.81,9.19,1.72,4.16,0.61,3.27,0.49
28.6,-17.9,"TRACHYBASALT [12930]",52.32,107.9,13.1,52.25,10.26,3.16,8.91,1.2,5.97,1.11,2.6,0.34,1.94,0.26
28.6,-17.9,"TRACHYBASALT [12930]",52.97,110.79,13.18,53.6,10.66,3.24,9.11,1.24,6.29,1.18,2.79,0.37,2.02,0.32
28.6,-17.9,"TRACHYBASALT [12930]",58.46,119.85,14.75,62.07,11.88,3.63,10.4,1.49,7.38,1.37,3.17,0.42,2.49,0.34
28.6,-17.9,"TRACHYBASALT [12930]",58.54,117.42,14.08,56.71,11.06,3.25,9.23,1.3,6.66,1.26,2.99,0.41,2.55,0.34
28.6,-17.9,"TRACHYBASALT [12930]",57.38,119.16,14.03,54.73,10.92,3.33,9.56,1.27,6.52,1.21,2.86,0.41,2.17,0.35
28.6,-17.9,"TRACHYBASALT [12930]",58.47,124.63,15.25,62.48,12.74,3.65,10.77,1.4,6.98,1.18,2.84,0.39,2,0.29
28.6,-17.9,"TRACHYBASALT [12930]",76.32,154.32,18.14,70.95,13.51,3.77,11.13,1.47,7.39,1.32,3.18,0.45,2.48,0.38
28.6,-17.9,"TRACHYBASALT [12930]",73.84,148.38,17.13,66.45,12.1,3.64,10.03,1.43,7.7,1.43,3.42,0.49,2.91,0.39
28.67,-17.85,"TRACHYBASALT [12930]",93.65,183.36,21.38,81.57,14.64,4.28,11.66,1.67,8.33,1.61,3.83,0.54,3.07,0.42
41.52,128.11,"TRACHYBASALT [12985]",44.7,79.2,8.4,31.4,6,2.2,5.6,0.8,4.1,0.8,2.1,0.3,1.9,0.3
41.52,128.11,"TRACHYBASALT [12985]",37.1,68.2,7.4,27.3,5.1,1.5,4.5,0.6,3.6,0.7,1.8,0.3,1.6,0.2
42.3,126.35,"TRACHYBASALT [12985]",50.6,88.9,9.2,35.5,6.5,2.2,5.5,0.8,4.3,0.8,2.2,0.3,2.1,0.3
42.3,126.35,"TRACHYBASALT [12985]",29.5,57.6,6.8,27.1,5.9,1.9,5.8,0.9,5,1,2.6,0.4,2.3,0.3
42.3,126.35,"TRACHYBASALT [12985]",28.5,55.6,6.6,26.6,6.2,1.9,5.6,0.9,5,1,2.5,0.4,2.2,0.3
42.3,126.35,"TRACHYBASALT [12985]",43.9,82,9.3,35.9,7.5,2.4,7,1,5.7,1.1,2.7,0.4,2.3,0.3
42.32,126.42,"TRACHYBASALT [12985]",50.7,91.1,10,37,6.8,2.1,5.8,0.8,4.6,0.8,2.3,0.3,2,0.3
42.32,126.42,"TRACHYBASALT [12985]",47.2,87.4,9.8,36.3,7.3,2,6.1,0.9,5,0.9,2.4,0.3,2,0.3
42.32,126.42,"TRACHYBASALT [12985]",51.3,94,10.6,41,7.6,2.2,6.7,1,5.2,1,2.5,0.4,2.1,0.3
42.32,126.42,"TRACHYBASALT [12985]",42.1,75.5,8.1,31.7,6.2,2.1,5.8,0.8,4.4,0.8,2.2,0.3,2,0.3
42.32,126.42,"TRACHYBASALT [12985]",40.7,72.6,7.9,30.8,6.2,2.2,5.7,0.9,4.5,0.9,2.2,0.3,2,0.3
42.32,126.42,"TRACHYBASALT [12985]",59.7,103.5,10.8,41.1,7.4,2.5,6.7,1,4.9,0.9,2.6,0.4,2.5,0.4
42.32,126.42,"TRACHYBASALT [12985]",28.7,52.6,6.1,25.5,5.7,2,5.7,0.9,4.7,0.9,2.5,0.3,2.3,0.3
42.32,126.42,"TRACHYBASALT [12985]",28,52,6,25.4,5.5,2,5.4,0.8,4.6,0.9,2.3,0.3,2.2,0.3
41.52,128.11,"TRACHYBASALT [12985]",45.7,82.4,8.7,33.6,6.5,2.1,6.1,0.9,5,0.9,2.6,0.4,2.5,0.4
41.52,128.11,"TRACHYBASALT [12985]",49.8,89.1,9.5,36.7,7.4,2.4,6.5,1,5.2,1,2.7,0.4,2.6,0.4
39.1059,-28.1764,"TRACHYBASALT [12941]",49.1,104,14.1,57.7,12.5,4.05,11.6,1.71,9.26,1.66,4.12,0.54,3.32,0.45
-73,165,"TRACHYBASALT [13387]",82,167,19.7,76,14.2,4.2,10.6,1.65,8.5,1.6,3.8,0.53,3.2,0.45
-73,165,"TRACHYBASALT [13387]",45,95,11.9,49,10.4,3.1,8.3,1.32,6.4,1.11,2.52,0.33,1.94,0.24
-73,165,"TRACHYBASALT [13387]",47,96,12,49,10.2,3.15,8,1.19,6.3,1.05,2.31,0.26,1.57,0.23
-73,165,"TRACHYBASALT [13387]",41,87,10.8,43,8.7,2.79,7.3,1.1,5.5,1,2.36,0.32,1.75,0.26
-13.7917,-29.6083,"TRACHYBASALT [18394] / BASALT [18297]",19,29,5,25,6,2.1,7.6,1.2,7.4,1.6,4.3,0.6,3.7,0.6
-12.61,-31.85,"TRACHYBASALT [18394] / BASALT [18297]",28,56,8,37,9,3,9.9,1.5,9,1.8,4.9,0.7,4.2,0.6
-12.2733,-31.8917,"TRACHYBASALT [18394] / BASALT [18297]",44,79,11,48,11,3.3,12.1,1.9,11.5,2.3,6.2,0.9,5.4,0.8
-12.3333,-33,"TRACHYBASALT [18394] / BASALT [18297]",26,58,8,37,10,3.2,11.1,1.8,11.1,2.2,6,0.9,5.2,0.8
40.8,39.6,"TRACHYBASALT [12403]",95.8,175,19.5,69.979,10.3,2.63,6.62,0.75,3.77,0.67,1.78,0.23,1.47,0.22
40.8,39.6,"TRACHYBASALT [12403]",130,240,26,89.8,12.8,3.22,8.2,0.93,4.55,0.79,2.11,0.27,1.77,0.26
-62.95,-60.63,"BASALTIC-ANDESITE [17507]",10.26,25.44,3.67,16.64,4.73,1.71,5.35,0.94,5.81,1.19,3.22,0.46,2.81,0.46
39.03,38.47,"TRACHYBASALT [12011]",25.9,51.9,6.47,28.1,6.3,1.8,5.95,0.85,5.41,1.08,3.04,0.4,2.54,0.36
39.5,26,"TRACHYBASALT [11867]",15,35.1,4.29,19.8,5.4,1.37,5.45,0.9,5.42,1.07,3.45,0.51,3.24,0.44
37.73,15,"TRACHYBASALT [13498]",60.5,121,13.1,51.6,8.75,2.28,8.18,1,5,0.82,2.24,0.26,1.77,0.22
37.73,15,"TRACHYBASALT [13498]",76.5,126,15.9,53.1,11.1,2.68,9.1,1.12,5.36,0.88,2.43,0.27,1.99,0.24
37.73,15,"TRACHYBASALT [13498]",84,133,17.4,57,12.2,3.04,9.69,1.21,5.97,0.98,2.71,0.31,2.33,0.3
37.73,15,"TRACHYBASALT [13498]",73.3,147,15.2,57.1,9.92,2.56,9.44,1.1,5.32,0.85,2.43,0.29,1.99,0.26
37.73,15,"TRACHYBASALT [13498]",96.5,154,20,63.7,13.4,3.24,10.9,1.31,6.16,1.01,2.75,0.33,2.36,0.29
37.73,15,"TRACHYBASALT [13498]",71.5,127,16.1,59.5,12.1,3.21,10.2,1.38,6.96,1.14,3.23,0.38,2.68,0.33
37.73,15,"TRACHYBASALT [13498]",65.6,112,14.3,51.1,10.6,2.73,9.1,1.22,6.05,1.01,2.78,0.33,2.4,0.3
37.73,15,"TRACHYBASALT [13498]",58.6,115,13,51.4,9.59,2.49,8.71,1.13,5.6,0.96,2.56,0.31,2.13,0.27
37.73,15,"TRACHYBASALT [13498]",61.8,119,13.8,53.3,9.9,2.68,9.17,1.22,6.05,1.04,2.85,0.35,2.3,0.3
37.73,15,"TRACHYBASALT [13498]",49.7,108,10.6,39.8,6.95,1.9,7.55,0.92,4.43,0.69,1.91,0.21,1.48,0.19
37.73,15,"TRACHYBASALT [13498]",53.2,108,11.6,45.7,8.28,2.15,7.91,0.99,4.86,0.79,2.18,0.24,1.73,0.21
37.73,15,"TRACHYBASALT [13498]",54.1,113,12,47,8.38,2.27,8.87,1.05,5.07,0.83,2.35,0.28,1.83,0.23
37.73,15,"TRACHYBASALT [13498]",60.5,121,13.5,50.9,9.58,2.47,9.01,1.1,5.33,0.85,2.34,0.28,1.89,0.23
37.73,15,"TRACHYBASALT [13498]",59.3,121,13.3,54.1,9.68,2.63,9.59,1.23,6,1,2.69,0.32,2.11,0.27
25,98.4,"TRACHYBASALT [18484]",67.5,126.2,13.85,48.64,8.59,1.9,6.75,1,5.75,1.09,2.9,0.43,2.53,0.39
25.23,98.5,"TRACHYBASALT [18484]",34.62,66.48,7.52,28.25,5.83,1.64,5.53,0.88,5.23,1.06,2.74,0.39,2.42,0.37
-44.0419,176.3282,"TRACHYBASALT [10209]",40.6,90.8,11.3,45.9,9.47,3.1,8.95,1.24,6.52,1.13,2.82,0.363,2.26,0.303
-36.605927,-68.622984,"ALKALI BASALT [18602] / TRACHYBASALT [18019]",23.1050022370029,47.9511742122684,6.38729676796184,27.8520487313551,6.19382928096364,2.05639101934953,5.94145190489914,0.851821061634285,4.27215052674048,0.738899406023371,1.80826797105626,0.240399074994974,1.35995709643095,0.197511680307397
-37.304216,-69.018397,"ALKALI BASALT [18602] / TRACHYBASALT [18019]",23.1373363068571,45.1717865498168,5.44918659641577,22.2846979876289,4.771679120802,1.58037538347911,4.72987303023578,0.681153439238095,3.67524643848396,0.666933535037594,1.74379085771429,0.224592722434953,1.42497331874367,0.204587444956477
-37.329664,-68.990674,"ALKALI BASALT [18602] / TRACHYBASALT [18019]",28.1658976900391,55.7295014354099,7.02371865750124,29.1285790698237,6.25261840099041,2.12090480260343,6.25557710287661,0.882600171870414,4.70283288085711,0.818900105577657,2.18282952987005,0.281637765115361,1.73506495382286,0.242361750252334
-37.318308,-69.023441,"ALKALI BASALT [18602] / TRACHYBASALT [18019]",19.2605972379205,39.8432206010742,5.25918606087709,22.8135824798596,5.32443616262675,1.80838886500655,5.44260184365072,0.792781771294597,4.46236696781709,0.808597462653576,2.09630781439348,0.257983692129849,1.71295502591797,0.239304545022086
-37.328782,-68.958466,"ALKALI BASALT [18602] / TRACHYBASALT [18019]",30.8510375298023,58.4946684441489,7.07452448552009,28.065209581187,5.60757687980987,1.85948004688528,5.33346687004589,0.789530327374424,4.26164875557505,0.785766565136245,2.10997951774859,0.307098009651032,1.84578056614984,0.266923897849462
-37.394798,-68.665845,"ALKALI BASALT [18602] / TRACHYBASALT [18019]",25.2267494479889,51.5552514905768,6.1438143802067,26.4091187724953,5.73723072345756,1.84852202726709,5.71569646019418,0.812461362493613,4.46443415350026,0.784989274298517,2.21467642462392,0.301535162535694,1.89149995233892,0.264677101059135
39.92,25.25,"TRACHYBASALT [13246]",97.7,186,16.7,67.9,11.6,2.6,7.5,0.9,4.5,0.8,2.3,0.33,2.2,0.31
38.0643,127.1111,"TRACHYBASALT [18539]",25,49,6,26,5.6,1.9,5.5,0.83,4.9,0.97,2.6,0.36,2.1,0.34
38.0643,127.1111,"TRACHYBASALT [18539]",21,42,5.2,23,5,1.7,5.1,0.78,4.9,0.9,2.6,0.35,2.3,0.33
38.0643,127.1111,"TRACHYBASALT [18539]",24,48,6,25,5.2,1.8,5.4,0.8,4.9,0.96,2.5,0.33,2.2,0.31
38.0296,127.2281,"TRACHYBASALT [18539]",23,45,5.4,24,5.2,1.7,5.4,0.79,4.6,0.89,2.5,0.32,2.1,0.3
51.6,11.9,"TRACHYBASALT [7752]",77.3,151,17.7,60.6,8.6,2.38,6.23,0.77,4.1,0.77,2.12,0.3,1.86,0.3
51.6,11.9,"TRACHYBASALT [7752]",52.3,110,13.5,48.9,8.45,2.1,6.89,0.94,5.26,0.98,2.57,0.36,2.25,0.35
51.6,11.9,"TRACHYBASALT [7752]",68.7,137,16.2,57.3,9.1,2.27,7.34,0.94,5.07,0.94,2.4,0.34,2.08,0.32
-14.866,-173.416,"BONINITE [3339] / NOT GIVEN [10675] / BONINITE, OLIVINE-PYROXENE [3586]",3.024,5.813,0.724,2.973,0.734,0.245,0.827,0.149,0.942,0.219,0.675,0.19,0.736,0.118
-14.898,-70.564,"TRACHYBASALT [13697]",36.0653303637714,75.7090374724467,9.14036996735582,34.6805736636245,5.89527272727273,1.47901591895803,4.38444924406047,0.520290909090909,2.71164309031556,0.454109090909091,1.18109090909091,0.150284796261136,0.923878437047757,0.135745296671491
-15.038,-70.449,"TRACHYBASALT [13697]",40.8602150537634,83.4408602150537,10.1375661375661,38.5427666314678,6.45230439442658,1.57219251336898,4.64893617021277,0.52,2.6236559139785,0.439262472885033,1.11827956989247,0.142548596112311,0.864516129032258,0.126338329764454
-15.033,-70.488,"TRACHYBASALT [13697]",36.6576819407008,77.7358490566038,8.78514588859417,32.1863419798835,5.16926383664697,1.21179624664879,3.552,0.392411924119241,2.00539083557952,0.330614464382817,0.86900269541779,0.114780725500812,0.702964959568733,0.105958132045089
-14.9967,-70.4392,"TRACHYBASALT [13695]",13.1590691743704,27.9099270535997,3.69503321733629,15.6734693877551,3.44615384615385,0.886013320647003,3.22120542757968,0.475991119568665,3.04517782761935,0.632286711068823,1.8674278464954,0.272961913755115,1.8674278464954,0.293512304250559
-14.9767,-70.8975,"TRACHYBASALT [13695]",19.6870865688111,43.8799270595343,4.9716222655643,18.4406659959498,3.46459636330731,0.9,3.26651171991013,0.431622785536625,2.37855987576274,0.448662064735915,1.28806102283814,0.192346162557785,1.18256436119337,0.180716586407149
-14.9539,-70.8778,"TRACHYBASALT [13695]",22.3357664233577,45.985401459854,5.38755186721992,19.1788463684034,3.66389351081531,0.25826701042484,3.41073384446878,0.562251655629139,3.84269662921348,0.817728531855955,2.55574043261231,0.405173362685746,2.79224376731302,0.42688142182727
37.71507,15.00413,"TRACHYBASALT [12566]",67.1,122.4,14.4,55.1,10.2,2.83,9.26,1.3,5.99,1.15,3.4,0.4,2.5,0.38
37.71491,15.00394,"TRACHYBASALT [12566]",64.3,119,13.7,52.1,9.6,2.6,8.76,1.21,5.56,1.05,3.04,0.36,2.2,0.39
37.71461,15.00381,"TRACHYBASALT [12566]",65.4,121.7,14,53.4,9.7,2.71,8.85,1.23,5.89,1.15,3.11,0.37,2.3,0.37
37.71463,15.00377,"TRACHYBASALT [12566]",65.7,119.6,13.9,53.4,9.9,2.61,8.73,1.25,5.68,1.11,3.13,0.38,2.4,0.33
37.71451,15.00369,"TRACHYBASALT [12566]",67,123.4,14.2,55,10,2.79,9.06,1.26,5.98,1.16,3.24,0.38,2.4,0.35
37.71396,15.00385,"TRACHYBASALT [12566]",63.7,118.3,13.6,52.8,9.8,2.62,8.55,1.16,5.76,1.08,3.17,0.4,2.3,0.33
37.71383,15.00362,"TRACHYBASALT [12566]",63.2,116.3,13.6,52.2,9.9,2.7,8.74,1.17,5.61,1.1,3.05,0.35,2.3,0.34
37.71369,15.00381,"TRACHYBASALT [12566]",65.9,121.5,14,53.7,10.1,2.7,8.8,1.27,5.97,1.14,3.2,0.36,2.4,0.37
37.71345,15.00354,"TRACHYBASALT [12566]",67.2,124,14.2,54,10.1,2.63,8.9,1.25,5.88,1.14,3.21,0.36,2.3,0.35
37.7133,15.00345,"TRACHYBASALT [12566]",64,118.9,13.9,52.4,9.9,2.67,8.67,1.22,5.68,1.09,3.03,0.36,2.3,0.35
37.71308,15.0032,"TRACHYBASALT [12566]",65.8,122.3,14,53,9.8,2.63,8.62,1.17,5.7,1.15,3.08,0.37,2.4,0.41
37.71316,15.00354,"TRACHYBASALT [12566]",64.2,119.9,13.6,51.6,9.4,2.62,8.74,1.18,5.74,1.12,3.14,0.39,2.4,0.35
37.71622,15.00638,"TRACHYBASALT [12566]",64.4,119.1,13.8,52.2,9.8,2.64,8.44,1.15,5.67,1.09,3.04,0.38,2.2,0.36
37.71608,15.00644,"TRACHYBASALT [12566]",64.2,119,13.6,52.6,9.7,2.7,8.7,1.2,5.89,1.09,3.1,0.36,2.4,0.33
37.71636,15.0066,"TRACHYBASALT [12566]",63.7,118.9,13.7,52.2,9.8,2.71,8.73,1.19,5.75,1.11,3.02,0.36,2.3,0.33
37.71633,15.00667,"TRACHYBASALT [12566]",65.4,120.6,13.9,53.3,9.9,2.79,8.8,1.23,5.93,1.11,3.13,0.38,2.3,0.34
37.71627,15.00675,"TRACHYBASALT [12566]",63.4,117.2,13.5,52.1,9.6,2.63,8.52,1.2,5.78,1.1,3.18,0.38,2.3,0.34
37.71615,15.00679,"TRACHYBASALT [12566]",61.9,114.3,13.3,50.5,9.4,2.5,8.42,1.13,5.58,1.08,3.11,0.37,2.3,0.33
37.71628,15.00677,"TRACHYBASALT [12566]",59.4,110.6,12.65,49.69,9.3,2.6,8.2,1.13,5.45,1.05,2.96,0.35,2.2,0.3
37.69776,15.0125,"TRACHYBASALT [12566]",60.3,112.1,12.6,51.4,9.4,2.74,8.06,1.17,5.26,0.97,2.74,0.33,2.2,0.3
37.69736,15.01176,"TRACHYBASALT [12566]",61.7,113.5,12.9,52.3,9.1,2.77,8.01,1.19,5.31,0.98,2.82,0.33,2.3,0.36
37.69819,15.0118,"TRACHYBASALT [12566]",61.2,112.7,12.7,51.7,9.5,2.7,7.91,1.17,5.17,0.97,2.67,0.35,2.2,0.33
37.69843,15.01264,"TRACHYBASALT [12566]",63.4,117.1,13,53.9,9.7,2.78,8.38,1.23,5.43,1.01,2.88,0.34,2.3,0.33
37.69866,15.01203,"TRACHYBASALT [12566]",61.2,111.6,12.7,51.7,9.3,2.68,8.14,1.15,5.27,0.95,2.65,0.34,2.2,0.35
37.69785,15.01055,"TRACHYBASALT [12566]",59.8,110.1,12.5,51,9,2.77,7.85,1.15,5.16,0.94,2.84,0.34,2.2,0.31
37.6985,15.01075,"TRACHYBASALT [12566]",61.4,113.1,12.7,52,9.2,2.79,8.11,1.18,5.21,0.99,2.78,0.36,2.3,0.34
37.69811,15.01,"TRACHYBASALT [12566]",63,116.3,13.2,53,9.5,2.79,8.3,1.23,5.43,1.04,2.82,0.35,2.3,0.33
37.69857,15.01033,"TRACHYBASALT [12566]",62.9,116.7,13.1,53.3,9.4,2.81,8.33,1.2,5.55,1.01,2.88,0.36,2.3,0.32
37.70208,15.00827,"TRACHYBASALT [12566]",63,116.6,13.1,53.3,9.5,2.8,8.16,1.23,5.32,1.01,2.83,0.34,2.4,0.33
37.70254,15.00855,"TRACHYBASALT [12566]",58.4,108.1,12.4,51.2,9.4,2.83,8.08,1.19,5.3,0.99,2.84,0.35,2.4,0.32
37.70313,15.00808,"TRACHYBASALT [12566]",63.5,118.3,13.4,53.6,9.8,2.89,8.49,1.23,5.6,1,2.91,0.36,2.4,0.32
37.70345,15.00857,"TRACHYBASALT [12566]",63.1,117.6,13.2,53.5,9.8,2.93,8.35,1.21,5.38,1.03,2.88,0.36,2.3,0.32
37.70356,15.00751,"TRACHYBASALT [12566]",61.6,113.8,12.8,52.1,9.4,2.81,8.24,1.18,5.26,0.98,2.7,0.36,2.3,0.3
37.70477,15.00792,"TRACHYBASALT [12566]",59.7,110,12.4,50.3,9.1,2.66,7.82,1.15,5.04,0.94,2.64,0.31,2.1,0.3
37.70477,15.00792,"TRACHYBASALT [12566]",61.1,113.6,12.6,51.8,9.1,2.7,8.2,1.18,5.29,0.99,2.73,0.33,2.2,0.29
37.70491,15.00825,"TRACHYBASALT [12566]",58.8,108.4,12.1,49.1,8.9,2.57,7.53,1.1,4.98,0.93,2.6,0.32,2.1,0.29
37.70501,15.00857,"TRACHYBASALT [12566]",61.3,113.8,12.7,52.6,9.4,2.79,8.04,1.21,5.25,1.01,2.72,0.34,2.2,0.35
37.70501,15.00884,"TRACHYBASALT [12566]",62.3,114.5,13,52.6,9.4,2.84,8.24,1.21,5.4,1.03,2.79,0.36,2.4,0.31
37.63891,15.00071,"TRACHYBASALT [12566]",57.8,107.9,12.2,49.8,9.2,2.63,7.99,1.13,5.02,0.96,2.69,0.34,2.2,0.3
37.63887,15.00136,"TRACHYBASALT [12566]",60.8,112.8,12.8,52.2,9.6,2.88,8.31,1.19,5.55,1.02,2.96,0.35,2.3,0.32
37.63851,15.00177,"TRACHYBASALT [12566]",60.6,112.4,12.7,52.5,9.6,2.79,8.09,1.21,5.45,0.99,2.85,0.36,2.3,0.34
37.63822,15.00187,"TRACHYBASALT [12566]",62.1,114.6,12.9,52.8,9.4,2.77,8.02,1.16,5.24,0.97,2.76,0.36,2.3,0.33
37.63797,15.00188,"TRACHYBASALT [12566]",61.7,112.8,12.8,51.5,9.2,2.86,8.01,1.18,5.31,0.97,2.81,0.35,2.3,0.31
37.63918,14.99864,"TRACHYBASALT [12566]",60.8,112.3,12.9,52.2,9.7,2.84,8.35,1.23,5.43,1,2.85,0.36,2.3,0.34
37.63902,14.9991,"TRACHYBASALT [12566]",63.7,117.4,13.3,54.1,10.2,2.89,8.51,1.22,5.58,1.06,2.93,0.37,2.5,0.3
37.63846,14.99981,"TRACHYBASALT [12566]",61.6,112.2,12.7,52.8,9.5,2.76,8.22,1.22,5.41,1.01,2.8,0.33,2.3,0.34
37.63799,14.99972,"TRACHYBASALT [12566]",62.2,112.4,12.9,52.9,9.7,2.78,8.13,1.23,5.38,1.02,2.81,0.34,2.3,0.33
37.68575,15.01669,"TRACHYBASALT [12566]",59.9,110.5,12.5,50.9,9.2,2.84,8.27,1.19,5.55,1,2.83,0.37,2.2,0.35
37.68523,15.01722,"TRACHYBASALT [12566]",59.1,109.3,12.4,51.1,9.4,2.72,8.04,1.18,5.45,1.02,2.91,0.36,2.4,0.32
37.6849,15.01576,"TRACHYBASALT [12566]",59.8,110.2,12.4,50.6,9.2,2.77,8.05,1.22,5.48,1,2.9,0.36,2.4,0.32
37.68563,15.01451,"TRACHYBASALT [12566]",60.9,112,12.6,51.3,9.4,2.78,8.16,1.23,5.35,1.02,2.82,0.35,2.3,0.32
37.68675,15.01358,"TRACHYBASALT [12566]",60.2,110.6,12.5,51,9.2,2.76,7.98,1.21,5.48,1,2.76,0.35,2.3,0.3
37.68415,15.0163,"TRACHYBASALT [12566]",60.1,110.2,12.4,51.2,9.4,2.74,8.26,1.19,5.23,1.01,2.89,0.36,2.3,0.32
37.68786,15.01339,"TRACHYBASALT [12566]",62.1,114.6,13,52.6,9.6,2.78,8.23,1.23,5.53,1,2.82,0.35,2.3,0.33
37.68796,15.01673,"TRACHYBASALT [12566]",61.1,111.2,12.7,51.4,9.3,2.83,8.32,1.18,5.47,1.04,2.8,0.36,2.3,0.32
37.68865,15.01236,"TRACHYBASALT [12566]",60.9,112.1,12.7,51.4,9.6,2.78,8.17,1.21,5.53,1.05,2.97,0.37,2.3,0.34
37.69319,15.00564,"TRACHYBASALT [12566]",60.3,111.7,12.6,51.5,9.4,2.81,8.12,1.21,5.6,1.04,2.83,0.35,2.4,0.33
37.69377,15.00493,"TRACHYBASALT [12566]",60.7,112.9,12.8,51.5,9.3,2.74,8.06,1.18,5.21,1,2.7,0.34,2.3,0.31
37.69394,15.00693,"TRACHYBASALT [12566]",58.1,107.6,12.2,50.2,9.2,2.81,7.91,1.16,5.43,1.02,2.83,0.35,2.3,0.32
37.69337,15.00701,"TRACHYBASALT [12566]",60.5,111.5,12.5,51.5,9.5,2.81,8.39,1.24,5.45,1.02,2.82,0.37,2.3,0.35
37.69271,15.00664,"TRACHYBASALT [12566]",59.9,110.6,12.5,51.9,9.5,2.81,8.36,1.23,5.58,1.05,2.84,0.36,2.3,0.34
37.69229,15.00687,"TRACHYBASALT [12566]",60.9,112.1,12.6,51.7,9.5,2.8,8.23,1.25,5.7,1.03,2.91,0.35,2.4,0.34
37.69168,15.00572,"TRACHYBASALT [12566]",61,112.9,12.7,51.8,9.6,2.8,8.38,1.2,5.51,1.05,2.91,0.35,2.4,0.31
37.69214,15.00683,"TRACHYBASALT [12566]",61.4,112.3,12.6,52.1,9.5,2.85,8.48,1.2,5.48,1.05,2.94,0.36,2.4,0.33
37.69314,15.0065,"TRACHYBASALT [12566]",59.3,110.2,12.5,51.7,9.4,2.82,8.12,1.2,5.42,1.03,2.91,0.36,2.3,0.32
37.69427,15.0065,"TRACHYBASALT [12566]",61.9,113.5,12.8,52.9,9.7,2.81,8.39,1.21,5.56,1.04,2.86,0.36,2.4,0.34
37.66771,14.98709,"TRACHYBASALT [12566]",71.9,134.4,15.3,58.3,10.9,2.94,9.97,1.37,6.5,1.25,3.59,0.43,2.6,0.39
37.67043,14.98824,"TRACHYBASALT [12566]",72.7,134.2,15.3,58.3,10.5,2.95,9.69,1.39,6.39,1.26,3.49,0.4,2.5,0.36
37.67201,14.98698,"TRACHYBASALT [12566]",75.5,139.2,15.9,60,11.3,2.98,9.97,1.41,6.54,1.29,3.62,0.44,2.7,0.41
37.67252,14.98651,"TRACHYBASALT [12566]",72.8,135.9,15.5,58.5,11.1,2.97,9.95,1.36,6.58,1.26,3.59,0.45,2.6,0.38
37.67645,14.97876,"TRACHYBASALT [12566]",73.9,138,15.8,60.7,11.3,3,10,1.39,6.77,1.29,3.48,0.43,2.7,0.38
37.67955,14.98198,"TRACHYBASALT [12566]",75.2,140,16.1,61.2,11.6,3.13,10.4,1.4,6.51,1.24,3.64,0.44,2.7,0.39
37.68108,14.98503,"TRACHYBASALT [12566]",73,135.8,15.4,59.2,11.1,2.94,10,1.37,6.66,1.23,3.52,0.39,2.5,0.36
37.6896,14.99202,"TRACHYBASALT [12566]",75,138.3,15.7,59.9,11.1,2.95,10.1,1.37,6.63,1.29,3.6,0.42,2.6,0.4
37.6922,14.98935,"TRACHYBASALT [12566]",73.2,135.9,15.3,57.5,10.8,2.91,9.87,1.34,6.3,1.2,3.56,0.42,2.6,0.39
37.6938,14.99028,"TRACHYBASALT [12566]",75,138.8,15.7,60.1,11.3,3.07,10.1,1.42,6.54,1.26,3.59,0.42,2.6,0.41
37.70232,14.98251,"TRACHYBASALT [12566]",72.1,133.4,15.3,57.8,11.2,2.93,9.58,1.39,6.56,1.26,3.63,0.4,2.6,0.4
37.70154,14.98476,"TRACHYBASALT [12566]",73.7,137,15.6,59.6,11.3,3.05,10.1,1.39,6.49,1.27,3.65,0.4,2.7,0.4
37.70259,14.9856,"TRACHYBASALT [12566]",75.3,140.7,16.1,60.9,11.6,3.03,10.2,1.43,6.84,1.33,3.67,0.42,2.8,0.38
37.70348,14.98608,"TRACHYBASALT [12566]",73.4,136,15.5,59.2,11,2.97,9.7,1.36,6.54,1.24,3.68,0.41,2.7,0.4
37.70028,14.98018,"TRACHYBASALT [12566]",73.5,135.5,15.6,59.5,10.8,3.09,10.2,1.39,6.88,1.26,3.55,0.45,2.7,0.4
37.70418,15.00501,"TRACHYBASALT [12566]",70.1,132,14.1,60.6,10.6,2.98,9.95,1.37,6.53,1.27,3.3,0.395,2.5,0.4
37.70177,15.00276,"TRACHYBASALT [12566]",65.5,124,13.1,56.2,9.5,2.76,9.1,1.3,6.31,1.16,2.88,0.355,2.4,0.37
37.69971,15.00265,"TRACHYBASALT [12566]",67.1,126,13.6,58,10.1,2.91,9.37,1.34,6.29,1.23,3.13,0.375,2.5,0.4
37.71904,15.00138,"TRACHYBASALT [12566]",62.1,118,12.6,54.6,9.5,2.67,9.16,1.32,6.14,1.17,3.15,0.345,2.4,0.37
37.71875,15.00123,"TRACHYBASALT [12566]",62.2,118,12.7,56.6,9.9,2.85,9.21,1.29,6.67,1.15,3.06,0.365,2.5,0.36
37.71831,15.00098,"TRACHYBASALT [12566]",66.8,125,13.5,57.6,10.1,2.89,9.29,1.31,6.49,1.22,3.29,0.375,2.5,0.39
37.71806,15.00078,"TRACHYBASALT [12566]",63,119,12.6,54,9.8,2.76,9.33,1.31,6.37,1.2,3.12,0.365,2.5,0.37
37.72011,15.00594,"TRACHYBASALT [12566]",66.5,126,13.6,58.4,10.3,2.95,9.57,1.36,6.73,1.24,3.14,0.405,2.5,0.38
37.71757,15.00043,"TRACHYBASALT [12566]",64.5,123,13.4,57.3,10.4,2.81,9.28,1.33,6.41,1.22,3.26,0.395,2.6,0.39
37.71739,15.00025,"TRACHYBASALT [12566]",62.4,120,12.9,56.3,10,2.79,9.01,1.3,6.23,1.16,3.06,0.375,2.4,0.36
37.71935,15.00156,"TRACHYBASALT [12566]",64.9,121,13.2,56.1,10.3,2.81,9.17,1.31,6.62,1.21,3,0.375,2.4,0.36
37.71918,15.00129,"TRACHYBASALT [12566]",66.4,125,13.6,58.5,10.6,2.94,9.46,1.36,6.64,1.19,3.2,0.395,2.6,0.4
37.72065,15.00259,"TRACHYBASALT [12566]",61.7,118,12.7,56.1,10,2.83,9.08,1.32,6.44,1.21,3.06,0.355,2.5,0.37
37.72048,15.00255,"TRACHYBASALT [12566]",61.6,116,12.6,54,9.5,2.76,9.01,1.27,6.08,1.17,2.94,0.355,2.3,0.36
37.73119,15.0042,"TRACHYBASALT [12566]",68.9,129,13.8,59.3,10.5,3.01,9.69,1.4,6.69,1.24,3.27,0.395,2.6,0.39
37.73205,15.00398,"TRACHYBASALT [12566]",66,124,13.4,57.5,10.1,2.83,9.24,1.31,6.31,1.21,3.15,0.385,2.4,0.37
37.72824,15.00422,"TRACHYBASALT [12566]",67.1,128,13.6,57.9,10.2,2.84,9.36,1.3,6.44,1.19,3.13,0.375,2.6,0.37
37.74175,15.00048,"TRACHYBASALT [12566]",68.5,131,13.7,59,10.4,2.99,9.62,1.4,6.67,1.23,3.28,0.385,2.4,0.36
37.72841,15.00343,"TRACHYBASALT [12566]",66.2,127,13.5,57.7,10.3,2.81,9.27,1.3,6.29,1.22,3.18,0.385,2.5,0.37
37.74144,15.00074,"TRACHYBASALT [12566]",66.8,125,13.7,57.5,10.5,2.88,9.38,1.3,6.48,1.2,3.09,0.365,2.4,0.37
37.74173,15.00049,"TRACHYBASALT [12566]",68.1,130,13.8,58.8,10.4,3.03,9.58,1.4,6.7,1.21,3.25,0.385,2.6,0.36
37.74175,15.00067,"TRACHYBASALT [12566]",66.4,122,13.6,57.4,10.1,2.85,9.26,1.3,6.33,1.21,3.13,0.395,2.5,0.39
37.7274,15.00076,"TRACHYBASALT [12566]",65.8,123.5,14.4,55.3,10.6,2.83,9.63,1.35,6.52,1.22,3.53,0.42,2.5,0.4
37.72665,15.00054,"TRACHYBASALT [12566]",64.2,120,14.2,54.9,10.5,2.88,9.47,1.34,6.32,1.19,3.35,0.41,2.6,0.37
37.72602,14.9997,"TRACHYBASALT [12566]",64.4,121.1,14.3,54.9,10.7,2.88,9.46,1.35,6.57,1.23,3.68,0.41,2.5,0.37
37.72621,14.9987,"TRACHYBASALT [12566]",66.4,125.3,14.4,56.2,10.8,2.84,9.53,1.35,6.47,1.25,3.49,0.39,2.6,0.36
37.72655,14.99703,"TRACHYBASALT [12566]",65.1,121,14.1,54.8,10.5,2.83,9.58,1.32,6.33,1.22,3.34,0.41,2.4,0.37
37.72572,14.99479,"TRACHYBASALT [12566]",68.9,130,14.9,57.6,11.1,2.99,9.89,1.36,6.67,1.31,3.46,0.42,2.6,0.4
37.72835,15.00064,"TRACHYBASALT [12566]",66.7,124.3,14.6,55.4,10.7,2.85,9.64,1.35,6.38,1.23,3.49,0.41,2.6,0.39
37.72866,14.99973,"TRACHYBASALT [12566]",67.2,124.8,14.5,56.5,10.7,2.85,9.59,1.33,6.53,1.24,3.48,0.41,2.5,0.41
37.72861,14.99886,"TRACHYBASALT [12566]",67.2,125.7,14.6,55.9,10.5,2.92,9.73,1.36,6.57,1.26,3.44,0.41,2.5,0.38
37.79925,15.0373,"TRACHYBASALT [12566]",73.1,137.2,15.7,60.3,11.5,3.08,10.5,1.4,6.65,1.26,3.76,0.43,2.6,0.39
37.7992,15.03818,"TRACHYBASALT [12566]",72.2,134.2,15.6,58.6,10.9,2.85,9.9,1.34,6.57,1.24,3.56,0.42,2.6,0.37
37.79871,15.03748,"TRACHYBASALT [12566]",73.2,136.1,15.5,58.9,11.2,3.01,10.1,1.37,6.56,1.26,3.58,0.41,2.6,0.4
37.79865,15.03822,"TRACHYBASALT [12566]",70.3,130.9,15.2,57.8,10.8,2.92,9.99,1.34,6.3,1.27,3.39,0.4,2.6,0.37
37.79809,15.03844,"TRACHYBASALT [12566]",74.4,138.6,15.9,61,11.5,3.02,10.3,1.44,6.87,1.29,3.69,0.42,2.7,0.4
37.74419,15.00631,"TRACHYBASALT [12566]",57.8,110.1,12.7,52.5,10,3.06,8.77,1.35,5.9,1.13,3.15,0.37,2.6,0.35
37.74411,15.00648,"TRACHYBASALT [12566]",56.7,107.1,12.5,52.5,9.7,2.99,8.74,1.27,5.84,1.1,3.07,0.38,2.6,0.35
37.74401,15.00668,"TRACHYBASALT [12566]",57.7,109.7,12.7,53.2,10.1,3,8.85,1.31,5.98,1.1,3.2,0.39,2.5,0.34
37.74386,15.00706,"TRACHYBASALT [12566]",56.3,107.6,12.6,52.4,10.1,2.93,8.74,1.28,5.95,1.13,3.02,0.39,2.5,0.36
37.74379,15.00797,"TRACHYBASALT [12566]",56.9,108.5,12.6,53.1,10,3,8.92,1.33,5.96,1.08,3.1,0.39,2.5,0.36
37.73967,15.01356,"TRACHYBASALT [12566]",58.1,110.4,12.9,53.8,10.4,3.14,8.99,1.33,6.17,1.15,3.13,0.41,2.6,0.39
37.73948,15.01375,"TRACHYBASALT [12566]",55.2,105.6,12.2,52.1,9.7,2.9,8.47,1.25,5.79,1.06,3.06,0.37,2.4,0.34
37.73952,15.01445,"TRACHYBASALT [12566]",55.5,105.1,12,50.5,9.6,2.99,8.53,1.27,5.72,1.09,2.98,0.37,2.4,0.33
37.73979,15.0137,"TRACHYBASALT [12566]",56.5,107.3,12.4,52.3,10,3.04,8.9,1.28,5.91,1.08,3.04,0.37,2.5,0.37
37.73905,15.01399,"TRACHYBASALT [12566]",56.8,108.2,12.7,52.9,10.2,3.07,8.84,1.32,6.07,1.12,3.07,0.37,2.5,0.37
37.73928,15.01413,"TRACHYBASALT [12566]",55.9,105.7,12.3,51.4,9.8,2.93,8.5,1.22,5.7,1.09,2.97,0.37,2.5,0.36
37.73945,15.0144,"TRACHYBASALT [12566]",55.3,105.7,12.3,51,9.9,2.94,8.52,1.3,5.77,1.09,2.99,0.39,2.5,0.33
37.73915,15.01652,"TRACHYBASALT [12566]",57.4,108.5,12.4,52.6,10,2.98,8.75,1.26,6.06,1.08,3.12,0.39,2.5,0.35
37.73853,15.01688,"TRACHYBASALT [12566]",56.6,106.8,12.3,51.3,9.6,2.96,8.64,1.24,5.81,1.08,2.99,0.38,2.4,0.32
37.73713,15.01692,"TRACHYBASALT [12566]",57.2,108.1,12.5,52.5,10,2.95,8.62,1.3,5.93,1.08,3.1,0.36,2.5,0.34
38.72,-27.22,"NOT GIVEN [19399]",50.4,110,15.2,56.6,12.7,4.75,12.3,1.9,10.5,1.8,4.6,0.58,3.3,0.48
37.659,-1.15,"TRACHYBASALT [7519]",50.5055858386493,98.4397816844963,11.2012262584672,42.7371083002081,8.22819220785349,2.47210794640985,7.27425705728524,0.927874475701088,4.79634633442786,0.83167644599944,2.10318472778907,0.266653242887413,1.62302949295139,0.218400593061735
37.6525,-1.1268,"TRACHYBASALT [7519]",67.3354093530411,123.975232051535,13.2498538648382,47.3748168217207,8.06866381828242,2.34635187810314,6.91052809567843,0.861291099130538,4.47581695482749,0.799118561968936,2.08626263568549,0.280660667244991,1.75511399972731,0.240841043591669
37.6525,-1.1268,"TRACHYBASALT [7519]",68.4949272179126,125.99554157082,13.4340814500542,48.2416803178043,8.28004738155291,2.38945009575242,7.02374126820977,0.870030162337306,4.53124543413507,0.800073913875045,2.09615542751607,0.279768363030697,1.76534997693897,0.243629110532322
37.6127,-0.9567,"TRACHYBASALT [7519]",63.0903706213163,117.95601946329,12.9137774152342,47.5920912788003,8.68286559318136,2.5698941163706,7.47906050020269,0.960314474949705,5.0249385996253,0.89031677169686,2.30717639453544,0.310004767499538,1.8881499971619,0.261534112419411
35.2083,-2.9245,"TRACHYBASALT [7519]",51.8709785653776,89.6839326586415,9.11946806400453,31.9602893001738,5.51879002021255,1.66791094556051,5.01267311587394,0.642882702781913,3.5490394703948,0.675843921676567,1.84992852319651,0.263954229073989,1.71010002143048,0.244810590832182
31.12,118.57,"TRACHYBASALT [19669] / BASANITE [24443]",28.8,54.6,6.25,25.1,5.76,1.92,5.39,0.82,4.34,0.71,1.78,0.23,1.39,0.19
31.12,118.57,"TRACHYBASALT [19669] / BASANITE [24443]",27.6,52.9,6.03,24.3,5.53,1.83,5.08,0.77,4.11,0.68,1.68,0.22,1.3,0.18
31.12,118.57,"TRACHYBASALT [19669] / BASANITE [24443]",27.9,53.3,6.07,24.4,5.56,1.84,5.15,0.78,4.15,0.68,1.69,0.22,1.33,0.18
31.12,118.57,"TRACHYBASALT [19669] / BASANITE [24443]",28.1,53.6,6.09,24.5,5.67,1.84,5.2,0.78,4.13,0.68,1.69,0.22,1.35,0.18
31.12,118.57,"TRACHYBASALT [19669] / BASANITE [24443]",30.4,58.3,6.66,27.2,6.23,2.08,5.74,0.87,4.69,0.75,1.88,0.25,1.46,0.2
55.725,160.2983,"TRACHYBASALT [19962]",9.66,24.3,3.73,17.5,4.54,1.31,4.46,0.72,4.31,0.87,2.43,0.35,2.34,0.34
-25.9,-57.17,"TRACHYBASALT [14331]",56,109,12.9,52,8.83,2.52,6.16,0.77,3.64,0.65,1.52,0.24,1.31,0.23
-25.7,-56.95,"TRACHYBASALT [14331]",81,119,13,49.1,9.81,2.59,4.71,0.65,3.4,0.64,1.7,0.27,1.32,0.19
-36.19,-68.35,"TRACHYBASALT [13861]",29,58,6.84,28,5.81,1.84,5.65,0.81,4.14,0.74,2.08,0.3,1.87,0.28
-36.55,-68.35,"TRACHYBASALT [13861]",17,37,4.72,20,5.1,1.74,4.75,0.73,3.85,0.68,1.85,0.25,1.42,0.23
-36.8,-68.34,"TRACHYBASALT [13861]",18,39,4.75,21,4.88,1.78,5.39,0.83,4.31,0.78,2.09,0.29,1.81,0.27
-36.92,-68.25,"TRACHYBASALT [13861]",17,34,3.78,18,4.32,1.4,4.07,0.65,3.57,0.65,1.84,0.24,1.6,0.23
-36.95,-68.38,"TRACHYBASALT [13861]",20,43,5.22,22,5.09,1.78,5.55,0.85,4.32,0.79,2.2,0.32,1.93,0.28
-37,-68.25,"TRACHYBASALT [13861]",21,42,4.74,22,5.49,1.81,4.85,0.77,4.17,0.76,2.22,0.28,1.84,0.28
-37,-68.17,"TRACHYBASALT [13861]",19,37,4.09,19,4.47,1.71,4.23,0.66,3.6,0.63,1.8,0.23,1.49,0.22
-37.43,-68.55,"TRACHYBASALT [13861]",15,33,4.12,18,4.51,1.67,5.27,0.8,4.24,0.77,2.11,0.3,1.78,0.27
-37.43,-68.61,"TRACHYBASALT [13861]",26,52,6.11,25,5.47,1.93,5.58,0.84,4.21,0.76,2.1,0.29,1.8,0.26
12.2498,-83.7203,"TRACHYBASALT [14384]",33,70.2,7.81,32.1,6.92,2.71,7.26,1.13,6.04,1.07,2.83,0.37,2.22,0.31
12.2166,-83.7678,"TRACHYBASALT [14384]",35.4,65.5,8.92,32,7.04,2.59,8.94,1.34,7.35,1.35,3.61,0.45,2.49,0.35
12.5488,-83.9682,"TRACHYBASALT [14384]",38,86.4,10,40.7,8.19,2.94,7.53,1.07,5.42,0.9,2.36,0.31,1.86,0.25
12.5488,-83.9682,"TRACHYBASALT [14384]",35.3,76.8,8.74,35.1,7.29,2.65,6.71,1.02,5.21,0.89,2.36,0.3,1.83,0.26
38.706,45.389,"TRACHYBASALT [14417]",61.8,124.5,15.05,59.2,11.8,3.05,10.95,1.46,7.11,1.34,3.62,0.46,2.89,0.43
38.61,45.51,"TRACHYBASALT [14417]",75.7,149,17.3,65.9,11.65,2.75,10,1.22,5.64,0.98,2.77,0.33,2.18,0.31
38.554,45.527,"TRACHYBASALT [14417]",76.2,151,17.6,68.5,12,2.89,10.05,1.18,5.49,0.96,2.72,0.32,2.04,0.3
-35.8441,149.5402,"TRACHYBASALT, HYPERSTHENE [12818]",42,74,8.1,35,6.3,2.1,5.3,1.1,4.6,0.8,2.5,0.3,2.2,0.2
34.005,-121.03,"TRACHYBASALT [14483]",21.4,41.2,4.99,21.7,5.53,1.88,5.59,0.87,5.13,0.98,2.44,0.35,2.03,0.31
53.433,-128.511,"TRACHYBASALT [14211]",38.9,80.7,9.4,34,5.96,1.79,5.44,0.67,3.97,0.75,2.09,0.29,1.85,0.25
53.495,-128.63,"TRACHYBASALT [14211]",23.4,55.8,7.5,32.1,7.47,3.02,7.97,1.16,6.86,1.36,3.64,0.49,3.14,0.43
52.504,-128.706,"TRACHYBASALT [14211]",36.1,76.6,9.5,38.6,8.97,3.02,9.25,1.3,7.66,1.41,3.71,0.51,3.07,0.44
52.504,-128.706,"TRACHYBASALT [14211]",35.1,76.2,9.4,38.1,8.98,2.91,9.22,1.3,7.42,1.36,3.71,0.5,3.11,0.43
52.297,-128.437,"TRACHYBASALT [14211]",35.4,77.5,9.7,38.7,9.01,2.98,9.45,1.28,7.52,1.4,3.68,0.5,3.18,0.4
52.296,-128.437,"TRACHYBASALT [14211]",35.6,77.7,9.8,39.7,8.96,3,9.38,1.33,7.76,1.47,3.79,0.51,3.11,0.43
52.264,-128.374,"TRACHYBASALT [14211]",25.6,55.3,7,27.9,6.36,2.27,6.88,0.95,5.58,1.04,2.8,0.38,2.25,0.32
55.112,-129.123,"TRACHYBASALT [14211]",29.3,66.2,8.7,36.8,8.97,3.82,9.81,1.3,7.6,1.36,3.55,0.46,2.78,0.37
40.6,112.5,"TRACHYBASALT [12196]",18.1,35.9,4.65,19.2,4.82,1.62,5.17,0.74,4.06,0.73,1.91,0.28,1.57,0.21
40.6,112.5,"TRACHYBASALT [12196]",17.7,36.3,4.85,20.6,5.56,1.83,6.2,0.93,5.02,0.93,2.21,0.34,1.93,0.28
33,87,"TRACHYBASALT [12289]",125,63.9,28.1,114,18.3,4.95,12.6,1.39,5.65,1.26,2.47,0.32,2.35,0.32
29.67,89,"TRACHYBASALT [12291]",58.3,107,12.9,46.8,6.89,1.59,4.36,0.55,2.34,0.43,0.96,0.14,0.77,0.1
37,117.5,"TRACHYBASALT [12183]",20.91,38.24,6.274,20.43,4.837,1.74,6.377,0.8,4.814,0.973,2.023,0.346,1.775,0.273
37,117.5,"TRACHYBASALT [12183]",19.97,35.08,5.812,22.55,5.324,1.6,6.351,0.794,4.9,1.032,2.082,0.374,2.055,0.324
37,117.5,"TRACHYBASALT [12183]",16.68,29.91,4.722,17.32,3.957,1.141,4.773,0.566,3.43,0.758,1.461,0.285,1.561,0.252
37,117.5,"TRACHYBASALT [12183]",14.4,26.94,4.533,16.99,3.987,1.182,4.757,0.585,3.544,0.776,1.459,0.297,1.621,0.27
37,117.5,"TRACHYBASALT [12183]",17.53,36.37,5.501,20.89,4.817,1.498,5.044,0.672,3.716,0.719,1.503,0.24,1.22,0.185
37,117.5,"TRACHYBASALT, QUARTZ [12183]",9.44,20.48,4.043,33.31,10.61,1.403,5.952,0.862,5.431,1.086,2.483,0.386,2.23,0.337
37,117.5,"TRACHYBASALT, QUARTZ [12183]",8.5,18.5,3.441,13.33,4.179,1.284,5.903,0.711,4.861,0.993,1.741,0.327,1.67,0.251
25.7725,100.3203,"TRACHYBASALT [14553]",23.2,44.5,5.61,22.8,4.79,1.33,4.03,0.57,2.94,0.55,1.5,0.23,1.37,0.22
25.7725,100.3203,"TRACHYBASALT [14553]",19.9,38.7,4.94,20.1,4.16,1.17,3.51,0.48,2.67,0.49,1.33,0.21,1.25,0.21
25.4358,100.3712,"TRACHYBASALT [14553]",19.7,39.7,5.19,21.7,4.65,1.31,4.04,0.57,3.04,0.57,1.56,0.24,1.45,0.23
25.4358,100.3712,"TRACHYBASALT [14553]",29.6,55.8,7.05,29.7,6.24,1.68,5.47,0.75,3.89,0.76,2.09,0.31,1.98,0.33
47.3447,100.2332,"TRACHYBASALT [14464]",24,50,5.99,26,5.82,1.92,5.3,0.83,3.99,0.68,2.08,0.25,1.55,0.17
46.5215,98.9522,"TRACHYBASALT [14464]",23,45,5.79,26,6.28,1.96,5.66,0.81,4.11,0.77,1.92,0.23,1.32,0.17
45.6262,101.3724,"TRACHYBASALT [14464]",25,60,8.48,38,7.73,2.35,6.43,0.88,4.24,0.66,1.6,0.2,1.2,0.14
13.3543,109.2938,"TRACHYBASALT [20781]",38.8,75.6,8.93,36.7,8,2.64,7.9,1.2,6.7,1.2,3.2,0.45,2.7,0.37
-41.9,173.47,"TRACHYBASALT [14743]",55.9119468891467,119.215500160081,14.692994081808,59.7158675533914,11.8784936067896,3.70125280698741,10.7650373592283,1.44306404335898,7.36736145087435,1.27376481064808,3.19710784833996,0.401017647558592,2.36172078480557,0.32916443882479
-41.9,173.47,"TRACHYBASALT [14743]",54.4504011472901,116.723282848025,14.4822320524606,57.4722088669323,11.3446616657883,3.46631845786068,10.3823874947623,1.39949306965703,7.22642115491461,1.25436185036107,3.21723450555531,0.399225002754237,2.40508254981352,0.336163145394717
-41.9,173.47,"TRACHYBASALT [14743]",78.9816278428093,164.115146511691,19.6513564480572,76.4261545032,14.2615011554586,4.34323642954009,12.4012811563731,1.6509124719836,8.26765732173122,1.44222911395913,3.74601349752994,0.46190603945969,2.80738091430764,0.389144481942249
49.2685,123.6618,"TRACHYBASALT [20923]",49.1339316593842,88.3172421564436,10.260135753571,41.6803665207436,8.20543714194351,2.58177135651191,6.84748869814359,0.849603602833243,4.27428335992269,0.695460064397993,1.67623698764059,0.204275303842573,1.18519026663984,0.152068576299197
49.3745,123.4765,"TRACHYBASALT [20923]",51.7588693812417,91.5935220781122,10.7300059690281,43.2575352053173,8.34364467317926,2.59615284956968,6.84820724732452,0.847055090878813,4.13672711817373,0.674710763153591,1.62884115133939,0.19624203262179,1.1470150908555,0.147793264003256
42.0849,128.9667,"TRACHYBASALT [21087]",21.4,43,5.73,25.1,6,2.41,6.1,0.9,4.5,0.8,1.9,0.26,1.5,0.2
43.17,107.27,"TRACHYBASALT [15036]",22.9,52.4,6.73,27.5,5.51,1.54,4.27,0.617,3.13,0.626,1.52,0.193,1.34,0.206
53,98,"TRACHYBASALT [15133]",36.01,80.95,10.83,44.81,10.79,3.13,10.33,1.52,8.44,1.52,3.57,0.49,2.65,0.34
52.9,99.7,"TRACHYBASALT [15133]",34.74,78.25,9.61,40.81,8.76,2.66,8.65,1.29,6.55,1.36,3.69,0.51,3.14,0.46
52.9,99.7,"TRACHYBASALT [15133]",17.19,41.83,5.67,23.74,5.86,1.9,5.78,0.87,4.87,1,2.66,0.36,2.29,0.35
52.9,99.7,"TRACHYBASALT [15133]",34.02,74.5,9.7,39.99,8.59,2.61,8.33,1.2,6.61,1.39,3.54,0.49,2.79,0.43
52.9,99.7,"TRACHYBASALT [15133]",61.33,127.69,15,59.45,11.86,3.99,10.56,1.39,6.78,1.23,2.65,0.36,2.09,0.28
52.9,99.7,"TRACHYBASALT [15133]",31.45,66.49,8.82,30.18,6.77,2.09,6.97,0.93,5.33,1.14,2.65,0.41,2.31,0.33
52.9,99.7,"TRACHYBASALT [15133]",15.22,33.43,5,21.03,4.91,1.64,4.82,0.7,3.89,0.78,1.97,0.27,1.5,0.23
52.8,99.5,"TRACHYBASALT [15133]",41.05,98.21,13.31,52.31,11.41,3.36,11.87,1.78,9.36,1.78,4.64,0.6,3.46,0.49
52.8,99.5,"TRACHYBASALT [15133]",31.31,69.4,9.08,38.08,8.13,2.52,7.94,1.22,6.5,1.35,3.74,0.52,3.19,0.53
52.8,99.5,"TRACHYBASALT [15133]",40.84,87.6,10.49,43.29,8.99,2.62,8.53,1.23,6.51,1.35,3.41,0.48,2.91,0.48
52.8,99.5,"TRACHYBASALT [15133]",46.86,101.26,13.52,54.17,11.85,2.97,11.84,1.76,10.34,2.12,5.52,0.81,4.85,0.75
52.8,99.5,"TRACHYBASALT [15133]",21.46,48.68,6.36,25.2,5.68,1.85,5.96,0.89,5.06,1.01,3.07,0.4,2.53,0.37
51.2,106.3,"TRACHYBASALT [15132]",44,100,9.2,39.6,6.7,2,5.4,0.61,3.26,0.54,1.32,0.18,1.07,0.15
51.2,106.3,"TRACHYBASALT [15132]",53,129,12.4,56.4,9.3,2.6,7.4,0.86,4.59,0.77,1.94,0.25,1.51,0.23
51.2,106.3,"TRACHYBASALT [15132]",84,192,18.5,77.7,12.9,3.1,9.7,1.11,5.92,0.95,2.4,0.31,1.87,0.27
51.2,106.3,"TRACHYBASALT [15132]",36,85,8.1,35.9,6.4,1.6,5.1,0.63,3.53,0.62,1.62,0.22,1.41,0.23
51.2,106.3,"TRACHYBASALT [15132]",64,116,14,53.8,8.3,2.5,6.5,0.83,3.83,0.7,1.64,0.22,1.2,0.18
51.2,106.3,"TRACHYBASALT [15132]",59,139,13.2,56.4,9.5,2.2,7.4,0.94,5.18,0.86,2.34,0.31,2,0.3
51.3,106.3,"TRACHYBASALT [15132]",79,180,16.9,71.7,11.4,3.1,8.4,0.9,4.72,0.73,1.83,0.23,1.44,0.2
51.3,106.3,"TRACHYBASALT [15132]",104,223,20.3,82,12.3,3.3,8.8,0.91,4.76,0.73,1.75,0.23,1.38,0.2
61,116,"TRACHYBASALT [10641]",96.99,182.58,20.15,77.44,14.01,4.26,11.1,1.65,7.08,1.26,3.34,0.46,2.78,0.39
61,116,"TRACHYBASALT [10641]",89.48,182.39,19.81,78.3,14.55,4.45,12.52,1.58,7.15,1.24,3.08,0.44,2.73,0.39
61,116,"TRACHYBASALT [10641]",91.78,182.66,20.53,78.11,14.16,4.34,11.18,1.65,7.02,1.96,3.38,0.47,2.66,0.38
61,116,"TRACHYBASALT [10641]",91.43,176.8,20.05,75.06,13.54,4.19,11.17,1.62,6.82,1.21,3.2,0.46,2.58,0.39
58.2,57.8,"TRACHYBASALT [14371]",32.2,92.8,10.3,44.6,9.66,2.77,8.24,1.18,6.33,1.13,2.74,0.38,2.16,0.29
39.354,-120.1195,"TRACHYBASALT [15195]",47.44,93.49,11.34,42.12,6.59,1.74,4.56,0.6,3.72,0.62,1.86,0.23,1.55,0.24
39.3685,-120.118,"TRACHYBASALT [15195]",47.56,93.61,11.2,42.32,6.81,1.85,4.93,0.64,3.9,0.66,1.97,0.23,1.63,0.26
39.295,-120.16,"TRACHYBASALT [15195]",71.64,143.31,17.58,65.32,9.55,2.32,6.04,0.72,4.52,0.71,2.14,0.26,1.63,0.25
39.3008,-120.15,"TRACHYBASALT [15195]",57.559,95.377,14.748,53.356,8.422,2.335,4.366,0.818,5.881,0.853,2.346,0.329,1.959,0.31
39.1667,-120.1638,"TRACHYBASALT [15195]",55.91,142.01,13.62,49.84,7.63,1.96,5.1,0.62,3.76,0.58,1.8,0.2,1.32,0.2
39.1503,-120.1943,"TRACHYBASALT [15195]",43.81,86.74,10.87,41.44,6.69,1.81,4.76,0.61,3.61,0.59,1.8,0.2,1.37,0.21
39.1802,-120.1288,"TRACHYBASALT [15195]",34.41,70.91,9.01,36.49,6.94,1.92,5.23,0.66,4.09,0.68,1.87,0.24,1.48,0.21
39.1525,-120.1675,"TRACHYBASALT [15195]",46.75,91.84,11.64,43.95,7.07,1.79,4.88,0.6,3.76,0.66,1.89,0.24,1.48,0.22
39.3355,-120.1847,"TRACHYBASALT [15195]",40.42,78.82,10.03,38.99,6.73,1.84,4.89,0.63,3.82,0.64,1.88,0.24,1.53,0.22
39.3667,-120.1055,"TRACHYBASALT [15195]",43.84,88.12,10.87,40.94,6.81,1.81,4.76,0.62,3.84,0.67,1.94,0.24,1.6,0.24
-30.5784324,142.0129751,"TRACHYBASALT [15266]",92.2,172,22.6,82.4,15.5,5.1,13.3,1.8,8.7,1.6,4.2,0.6,3.4,0.6
57.955,161.602,"TRACHYBASALT [15438]",17.2,36.4,4.68,18.9,4.41,1.61,4.45,0.72,4.2,0.81,2.16,0.31,2,0.29
42.32,126.42,"TRACHYBASALT [13407]",63.75,119.34,13.62,43.89,8.51,2.7,7.99,0.96,4.95,0.99,2.59,0.42,2.57,0.41
42.32,126.42,"TRACHYBASALT [13407]",45.72,88.83,9.64,33.13,6.54,2.35,7.01,0.94,4.53,0.83,2.18,0.39,2.11,0.28
42.32,126.42,"TRACHYBASALT [13407]",46.26,87.98,9.82,34.82,6.33,2.38,6.67,0.97,4.75,0.83,2.28,0.35,1.82,0.27
42.32,126.42,"TRACHYBASALT [13407]",46.6,88.55,9.83,34.44,6.38,2.4,7.01,0.98,4.49,0.9,2.22,0.32,1.49,0.32
42.32,126.42,"TRACHYBASALT [13407]",44.04,84.22,9.57,32.34,6.37,2.17,6.36,0.96,4.38,0.93,2.3,0.31,1.6,0.26
42.32,126.42,"TRACHYBASALT [13407]",58.67,109.51,11.66,39.22,7.64,2.8,6.92,0.97,4.57,0.89,2.15,0.34,1.7,0.31
42.32,126.42,"TRACHYBASALT [13407]",57.67,108.81,11.83,40.61,7.19,2.56,7.56,1.08,5.24,0.98,2.41,0.39,2.27,0.39
42.32,126.42,"TRACHYBASALT [13407]",42.63,86.2,9.16,32.77,6.9,2.34,6.56,0.96,4.67,0.89,2.55,0.34,2.05,0.26
31.8444,117.1733,"TRACHYBASALT [15584]",19.7,36.7,4.57,19.9,4.38,1.4,4.2,0.64,3.31,0.61,1.52,0.21,1.25,0.17
31.8439,117.1719,"TRACHYBASALT [15584]",21.1,39.3,4.81,20.2,4.56,1.53,4.24,0.67,3.51,0.67,1.61,0.21,1.3,0.18
31.8458,117.1675,"TRACHYBASALT [15584]",23,43.1,5.29,21.5,5.05,1.62,4.71,0.71,3.76,0.71,1.67,0.23,1.37,0.18
31.8461,117.1675,"TRACHYBASALT [15584]",24.4,45.3,5.56,22.6,5.17,1.68,4.96,0.74,3.78,0.74,1.78,0.24,1.44,0.2
32.5628,117.9006,"TRACHYBASALT [15584]",41.5,79.8,9.49,37.8,8.43,2.52,7.49,1.07,5.34,0.93,2.21,0.29,1.62,0.22
32.6519,117.8353,"TRACHYBASALT [15584]",25.4,51,6.17,24.8,5.81,1.8,5.22,0.78,4.26,0.77,1.98,0.26,1.66,0.23
32.6519,117.8353,"TRACHYBASALT [15584]",25.1,49.7,6.23,25,5.79,1.68,4.86,0.77,4.18,0.79,1.95,0.27,1.66,0.23
32.6519,117.8353,"TRACHYBASALT [15584]",25.2,50.7,6.12,24.3,5.66,1.82,5.25,0.8,4.3,0.77,2,0.27,1.61,0.22
32.6517,117.8364,"TRACHYBASALT [15584]",24,48.6,5.88,23.8,5.62,1.77,4.99,0.75,4.14,0.75,1.87,0.27,1.64,0.23
32.6517,117.8364,"TRACHYBASALT [15584]",24.6,46.6,5.84,23.7,5.54,1.78,5.24,0.78,4.21,0.79,1.98,0.28,1.63,0.23
42.4349,27.5598,"TRACHYBASALT [13759]",14.7303333333333,32.277,4.32433333333333,22.4143333333333,6.05233333333333,1.54266666666667,5.03566666666667,0.611666666666667,3.739,0.834,2.18366666666667,0.214666666666667,1.734,0.303
42.4278,26.7406,"TRACHYBASALT [13759]",24.9053333333333,49.5846666666667,5.97566666666667,27.882,5.46433333333333,1.48833333333333,4.58066666666667,0.641666666666667,2.688,0.483666666666667,1.25066666666667,0.161333333333333,1.3265,0.197666666666667
-26.7218,-174.6367,"TRACHYBASALT [15670]",57.0707937262357,115.764828897338,16.770855513308,68.5918488593156,14.1716896387833,4.77029485741445,12.9100195079,1.87108269961977,10.3432153041825,1.87662547528517,4.70898384030418,0.638804895437262,3.92943203422053,0.540222671102662
-35.4812,-170.3663,"TRACHYBASALT [15670]",55.0928921470975,132.621443085382,16.3565118132196,67.7652535957608,14.0013653930435,4.73635486672776,12.40412646392,1.70220100402406,8.80689270488864,1.51869086417786,3.69490991672975,0.477405314952787,2.8492888162875,0.389934140802422
-35.4812,-170.3663,"TRACHYBASALT [15670]",58.0936923321667,136.347208081451,16.5791683900732,67.0403595291123,13.6884008113268,4.51649232103086,12.1884619959076,1.6768042475342,8.82936644925231,1.5453876471524,3.79448037305122,0.492464325485205,3.02794980909959,0.421089802736239
-33.761,-80.787,"TRACHYBASALT [23333]",53.9,106.9,14.88,62.1,13.3,4.16,12.81,1.92,10.34,1.76,4.55,0.63,3.73,0.48
19.3,109,"TRACHYBASALT [15739]",21,42,5.3,22,5.6,1.9,5.5,0.83,4.5,0.75,1.8,0.25,1.5,0.21
19.3,109,"TRACHYBASALT [15739]",27,53,6.6,26,6.1,2.2,5.7,0.82,4.3,0.72,1.7,0.23,1.3,0.2
19.3,109,"TRACHYBASALT [15739]",37,70,8.8,37,7.9,2.6,7.3,1.01,5,0.88,2,0.25,1.5,0.2
23,112.8,"TRACHYBASALT [15739]",43,81,10.2,40,8.2,2.7,8,1.15,5.8,1.09,2.8,0.38,2.4,0.36
23,112.8,"TRACHYBASALT [15739]",51,93,11.4,44,8.4,2.7,7.8,1.15,6,1.13,2.9,0.4,2.5,0.38
19.3,109,"TRACHYBASALT [15739]",18,35,4.2,16,3.9,1.6,3.8,0.56,3,0.51,1.2,0.17,1,0.16
30.8,117.3,"TRACHYBASALT [15778]",39.3,79.9,9.71,37,7.09,2.04,6.87,0.81,4.23,0.83,2.34,0.31,2.08,0.31
30.8,117.3,"TRACHYBASALT [15778]",40.4,82.9,9.95,37.2,6.61,1.81,6.54,0.78,4.14,0.79,2.31,0.33,2.06,0.31
-44.87,-70.07,"TRACHYBASALT [12410]",50,97,11.5,45,8.3,2.79,7,0.92,4.8,0.82,1.91,0.23,1.39,0.19
-45.2967,-70.2067,"TRACHYBASALT [12410]",40,86,10.9,44,8.5,2.31,6.6,0.98,5.1,0.94,2.17,0.3,1.73,0.23
-45.4533,-69.6717,"TRACHYBASALT [12410]",45,90,11,44,8.4,2.65,7.1,1.01,5.1,0.86,2,0.25,1.39,0.18
-45.2083,-70.0217,"TRACHYBASALT [12410]",30.4,61,7.4,31,6.5,1.93,5.6,0.82,4.4,0.82,1.89,0.26,1.44,0.19
-45.17,-70,"TRACHYBASALT [12410]",34,69,8.3,34,7.2,2.46,5.5,0.86,4.8,0.8,1.94,0.22,1.49,0.18
-45.1833,-69.975,"TRACHYBASALT [12410]",44,86,10.6,42,8.2,2.61,7.1,0.96,4.9,0.88,1.96,0.24,1.39,0.18
-45.1833,-69.975,"TRACHYBASALT [12410]",35,70,8.5,34,7,2.19,6.1,0.87,4.6,0.83,2,0.25,1.45,0.2
41.4466,128.1984,"TRACHYBASALT [23683]",22.5,44.3,5.45,22.4,4.8,1.49,4.2,0.6,3.4,0.6,1.7,0.25,1.5,0.21
42.1105,128.2192,"TRACHYBASALT [23683]",41.6,84.7,10.2,37.6,7.4,2.83,6.8,1,5.3,0.9,2.5,0.33,2,0.31
42.3322,128.142,"TRACHYBASALT [23683]",20.1,43.2,5.21,21,4.7,1.38,4.5,0.6,3.6,0.7,1.8,0.23,1.6,0.24
42.3193,128.1355,"TRACHYBASALT [23683]",19.6,38.6,4.74,19.2,4,1.38,3.7,0.6,3.1,0.6,1.5,0.21,1.3,0.19
38,26,"TRACHYBASALT [13622]",33.5,64.1,7.62,26.5,4.8,1.41,3.98,0.6,3.73,0.66,2.09,0.24,1.89,0.27
38,26,"TRACHYBASALT [13622]",32.6,63.1,7.29,26.7,5,1.37,4.15,0.65,3.35,0.59,1.87,0.32,2.09,0.27
38,26,"TRACHYBASALT [13622]",32.6,64.7,7.82,31.2,5.39,1.22,3.86,0.65,3.37,0.64,1.85,0.26,1.68,0.25
38,26,"TRACHYBASALT [13622]",32.5,63.8,8.01,32.3,5.43,1.26,3.97,0.66,3.25,0.63,1.84,0.29,1.7,0.26
38,26,"TRACHYBASALT [13622]",30,60.5,7.48,29.7,5.24,1.19,3.81,0.62,3.21,0.59,1.68,0.26,1.59,0.27
38,26,"TRACHYBASALT [13622]",34.1,67.4,8.56,34.5,5.69,1.36,4.26,0.68,3.51,0.67,1.91,0.3,1.81,0.27
38,26,"TRACHYBASALT [13622]",36.1,67.7,7.74,30.7,4.7,1.18,3.69,0.62,3.16,0.67,1.95,0.29,1.87,0.29
38,26,"TRACHYBASALT [13622]",36.9,72.9,8.88,36.9,6.14,1.32,4.55,0.69,3.69,0.68,1.87,0.29,1.74,0.28
38,26,"TRACHYBASALT [13622]",21.4,44.5,5.48,21.8,4.5,1.05,4.11,0.69,3.95,0.77,2.17,0.38,1.98,0.3
-3.3175,152.5817,"TRACHYBASALT [2367]",10.7456,23.6828,3.4493,16.1362,4.3421,1.3465,4.1584,0.5808,3.3231,0.6194,1.7168,0.2423,1.5578,0.2365
-3.3175,152.5817,"TRACHYBASALT [2367]",11.3672,25.5884,3.7269,17.4507,4.7031,1.467,4.4142,0.6239,3.5564,0.6652,1.8401,0.2586,1.6757,0.254
-3.3175,152.5817,"TRACHYBASALT [2367]",11.894885806014,26.5933111836565,3.95818031332118,18.8455431127183,4.83216543378292,1.52786015908397,4.66416435606759,0.621021770902234,3.50478323075432,0.66891660295234,1.89681189776162,0.269211591550358,1.73739263565337,0.264367152095287
-3.31,152.67,"TRACHYBASALT [2367]",10.652,22.5677,3.2127,14.8658,3.884,1.2554,3.869,0.5532,3.2576,0.6202,1.7482,0.2448,1.6038,0.2447
-3.31,152.67,"TRACHYBASALT [2367]",10.0049,21.0199,2.9887,13.7365,3.5821,1.1531,3.5489,0.5125,2.9884,0.5692,1.6008,0.2257,1.4719,0.2215
-3.31,152.67,"TRACHYBASALT [2367]",9.2641,19.9797,2.8182,12.9248,3.4373,1.102,3.3593,0.4836,2.8618,0.5477,1.5423,0.2197,1.422,0.2177
-3.31,152.67,"TRACHYBASALT [2367]",9.1619,19.8549,2.8299,12.9778,3.4078,1.1046,3.3492,0.4873,2.8628,0.5447,1.536,0.2184,1.439,0.2205
-3.31,152.67,"TRACHYBASALT [2367]",8.5914,18.8647,2.7354,12.8278,3.4192,1.1046,3.3767,0.4875,2.8607,0.5429,1.5005,0.213,1.3701,0.2076
-3.31,152.67,"TRACHYBASALT [2367]",9.18447648331545,20.4236075654974,3.00345301810237,14.209449813068,3.61217742145399,1.24247820638949,3.40309910363669,0.484628452522015,2.76253194690566,0.536097851763624,1.47332300038939,0.213216768378806,1.48457848774286,0.213205980841826
-3.31,152.67,"TRACHYBASALT [2367]",9.8431,21.1198,3.0213,13.9306,3.6564,1.1878,3.5673,0.5164,3.0391,0.5765,1.6301,0.2307,1.4979,0.227
-3.31,152.67,"TRACHYBASALT [2367]",8.8724,18.873,2.712,12.4572,3.3116,1.0551,3.2197,0.4634,2.7319,0.5181,1.4681,0.2073,1.3601,0.2067
-3.31,152.67,"TRACHYBASALT [2367]",8.6425,18.4569,2.6777,12.4837,3.3335,1.0733,3.3176,0.4778,2.7879,0.5306,1.4869,0.2086,1.3651,0.2095
-3.31,152.67,"TRACHYBASALT [2367]",8.74264637722427,20.2372141522896,2.93589445950282,13.7619162042467,3.55039764230829,1.1855334993316,3.47674983586176,0.493873969865647,2.85992522951548,0.539344199754578,1.55146099895349,0.230116858695888,1.53359946647669,0.213835111011782
37.5911,34.5375,"TRACHYBASALT [13483]",86.6,158.2,17.31,62.9,9.3,2.11,5.93,0.84,4.43,0.75,2.04,0.3,1.91,0.31
37.6056,34.6714,"TRACHYBASALT [13483]",83.7,150.5,16.14,59.3,9.6,2.13,6.76,0.86,4.53,0.78,1.96,0.3,1.94,0.28
37.6222,34.6719,"TRACHYBASALT [13483]",59,109.1,11.9,46.2,7.4,1.81,5.34,0.74,3.93,0.74,1.83,0.26,1.57,0.29
37.6783,34.7514,"TRACHYBASALT [13483]",89.3,167.1,17.99,65.1,10.3,2.43,6.58,0.93,4.71,0.73,2.16,0.28,1.84,0.26
37.5783,34.7328,"TRACHYBASALT [13483]",81.3,150.2,16.1,60.1,9.2,2.28,6.74,0.87,4.63,0.81,2.16,0.35,2.23,0.36
37.5833,34.7275,"TRACHYBASALT [13483]",82.8,152.3,16.17,58.3,8.9,2.19,6.55,0.85,4.57,0.77,2,0.31,2.06,0.31
37.5722,34.7875,"TRACHYBASALT [13483]",62,107.4,11.3,45.7,7.5,1.96,4.98,0.72,3.94,0.71,1.82,0.26,1.66,0.28
37.5639,34.7769,"TRACHYBASALT [13483]",130.3,237.6,24.7,97.9,14.1,3.59,8.8,0.98,4.75,0.75,2.01,0.31,1.92,0.31
37.5611,34.8292,"TRACHYBASALT [13483]",49,88.4,9.16,37.5,6.6,1.67,4.83,0.66,3.8,0.71,1.95,0.27,1.9,0.28
38.79,26.97,"TRACHYBASALT [13556]",33.1,69,8.2,31.2,5.7,1.2,4.6,0.68,3.8,0.77,2.07,0.3,1.84,0.24
13.2526,-87.6304,"TRACHYBASALT [16047]",9.71,21.8,3.44,16.3,4.3,1.42,4.62,0.73,4.48,0.93,2.6,0.39,2.65,0.4
37.73,15,"TRACHYBASALT [16174]",65.2,117,13,53.3,9.3,2.73,8.57,1.09,5.72,1.01,2.92,0.36,2.3,0.34
37.73,15,"TRACHYBASALT [16174]",65.4,119,13.2,54,9.8,2.8,8.67,1.13,5.7,1.01,2.87,0.36,2.4,0.38
37.73,15,"TRACHYBASALT [16174]",66.4,118,13.2,54.4,9.8,2.79,9.16,1.17,5.86,1.03,2.9,0.37,2.4,0.34
37.73,15,"TRACHYBASALT [16174]",66,121,13.3,54.6,9.5,2.86,8.85,1.13,5.79,1.02,3,0.37,2.4,0.35
37.73,15,"TRACHYBASALT [16174]",63.8,116,12.9,56.1,9.3,2.97,8.8,1.16,5.45,0.98,2.91,0.38,2.5,0.32
37.73,15,"TRACHYBASALT [16174]",63.6,119,13.1,55.4,9.3,2.89,9.08,1.19,5.94,1.03,2.97,0.4,2.5,0.33
37.73,15,"TRACHYBASALT [16174]",61.6,113,12.4,51.1,9.3,2.79,8.74,1.07,5.7,1.01,2.75,0.33,2.3,0.34
37.73,15,"TRACHYBASALT [16174]",63.3,114,12.6,51.9,9.1,2.68,8.58,1.11,5.69,1.01,2.94,0.36,2.4,0.32
37.73,15,"TRACHYBASALT [16174]",68.8,125,13.5,55.8,9.6,2.81,9.26,1.2,5.93,1.04,3.02,0.37,2.4,0.33
37.73,15,"TRACHYBASALT [16174]",59.3,107,11.9,48.9,8.8,2.6,8.44,1.09,5.48,0.99,2.77,0.35,2.3,0.35
37.73,15,"TRACHYBASALT [16174]",62.9,115,12.9,52.1,9.4,2.7,8.66,1.12,5.72,1.04,2.86,0.36,2.3,0.33
37.73,15,"TRACHYBASALT [16174]",66.3,118,13.1,52.7,9.2,2.78,8.61,1.15,5.85,1.02,2.93,0.36,2.3,0.33
37.73,15,"TRACHYBASALT [16174]",70.7,126,13.8,56.9,9.9,2.93,9.36,1.13,6.07,1.03,2.89,0.38,2.4,0.35
37.73,15,"TRACHYBASALT [16174]",61.4,111,12.5,51.7,9.2,2.72,8.5,1.1,5.53,1.01,2.77,0.34,2.3,0.38
37.73,15,"TRACHYBASALT [16174]",57.7,107,11.8,49,8.7,2.6,8.47,1.06,5.46,0.96,2.78,0.32,2.2,0.32
37.73,15,"TRACHYBASALT [16174]",58.4,107,11.7,49.4,8.8,2.61,8.35,1.08,5.48,0.96,2.68,0.34,2.3,0.32
37.73,15,"TRACHYBASALT [16174]",58.7,106,11.7,50.4,8.9,2.71,8.29,1.06,5.42,0.96,2.69,0.34,2.3,0.34
37.73,15,"TRACHYBASALT [16174]",54.1,102,11.4,48.8,8.7,2.69,7.92,1.06,5.4,0.97,2.72,0.36,2.1,0.29
37.73,15,"TRACHYBASALT [16174]",51.6,101,10.9,48.1,8.7,2.62,7.54,1.09,5.25,0.94,2.42,0.34,2.2,0.28
37.73,15,"TRACHYBASALT [16174]",55.9,109,12.6,53.1,9.3,2.82,8.87,1.22,6.19,1.02,2.81,0.37,2.4,0.31
37.73,15,"TRACHYBASALT [16174]",61.6,117,12.8,54.6,9.6,2.98,8.95,1.22,5.89,1.06,3.11,0.39,2.4,0.32
34,87,"TRACHYBASALT [16207]",286,547,64.5,225,34.2,7.73,20.4,2.32,9.9,1.55,3.87,0.45,2.7,0.42
49.04,17.2,"TRACHYBASALT [16237]",44,72,8.4,32,5.2,1.6,4.7,0.7,3.9,0.8,2,0.3,1.9,0.3
36.0019,-118.2052,"TRACHYBASALT [7949]",90,194,22,89,13,3.4,9.3,1.1,5.2,0.9,2.6,0.4,2,0.3
37.0265,-118.8832,"TRACHYBASALT [7949]",45,99,12,49,8,2.1,5.8,0.7,3.8,0.7,1.9,0.3,1.6,0.2
37.0235,-118.8715,"TRACHYBASALT [7949]",58,129,15,61,9.2,2.4,6.8,0.8,4,0.7,2.1,0.3,1.7,0.2
36.9964,-118.8646,"TRACHYBASALT [7949]",48,104,13,52,8.5,2.2,6,0.8,3.5,0.7,1.8,0.2,1.4,0.2
41.1,95.5,"TRACHYBASALT [16285]",35.7,72.4,9.07,35.3,7.52,1.94,7.27,1.09,6.55,1.34,3.95,0.55,3.48,0.54
41.1,95.5,"TRACHYBASALT [16285]",36.8,71.1,9.53,38.4,7.75,2.28,7.77,1.1,6.5,1.32,3.62,0.5,3.37,0.48
41.1,95.5,"TRACHYBASALT [16285]",35.7,69.6,9.11,35.9,7.87,2.3,7.74,1.17,6.8,1.44,4.13,0.6,3.92,0.58
33.365,126.5224,"TRACHYBASALT [16317]",50.2943489413037,91.8708773338664,11.2144649001039,47.0635118130581,9.8685039740007,2.9545154727792,9.28067137175729,1.26126621070426,7.13814228882424,1.29563166115912,3.33990704780823,0.432572497694739,2.47868063334146,0.357926004023246
33.361,126.5223,"TRACHYBASALT [16317]",50.6580166976112,86.6053793776924,10.8083841186051,45.2999367552392,9.6030224868107,3.02261877517434,9.25679846420089,1.2142666098503,7.02911017195439,1.24440468287264,3.19617812195419,0.414001903288379,2.44660359353296,0.326390659575858
33.361,126.5223,"TRACHYBASALT [16317]",49.9915546317305,85.8107475396902,10.7510804280315,45.075009401347,9.69167060402358,2.97730331115555,9.19855323359616,1.2301134977871,6.98931169238976,1.23337259275206,3.22731662368076,0.41473818501925,2.45235836462691,0.339483393049113
33.3545,126.5275,"TRACHYBASALT [16317]",33.1987156106195,64.5571922307806,7.92892616296365,34.6252139914052,7.98247114143189,2.60317079551878,7.82772348184907,1.08166479738177,6.31835118227154,1.09719489697373,2.78496078453436,0.359199540218138,2.22101600920399,0.286873631672384
33.3575,126.5244,"TRACHYBASALT [16317]",32.1946230014882,60.006511002362,7.37976903566806,32.0985638674808,7.40986985776574,2.52560142248849,7.66733709627589,1.06467707497264,6.12006149510354,1.1026843829612,2.87477884771351,0.379360720353458,2.1940149312603,0.309658206722011
33.3599,126.535,"TRACHYBASALT [16317]",30.8435795497137,59.3124715420061,7.21681027937403,31.4619779250426,7.43125903373143,2.44312877711705,7.50402661355852,1.04849737405734,6.04500318077889,1.08847670796656,2.80846502165664,0.370902254146315,2.13978965602917,0.300853119937395
33.3601,126.5337,"TRACHYBASALT [16317]",40.0917269157224,77.8354536247172,9.24103148466021,38.6111112820515,8.24605345599415,2.9666715972979,7.87215224464826,1.07872390093181,5.99075512676263,1.02388802803993,2.64064072956987,0.34569272783237,1.91396598565552,0.27762044452967
33.4132,126.4848,"TRACHYBASALT [16317]",49.6715940479022,94.5934018951796,11.2611359706007,46.9864176993111,10.0806869632591,3.13733612952689,9.31814682528159,1.24105459999903,6.99700162388982,1.26759316849126,3.16595374217368,0.397571280244705,2.33301403474181,0.322276560475334
33.4132,126.4848,"TRACHYBASALT [16317]",53.1567920458268,102.002880342187,12.2320074726705,50.589463247042,10.9571911874752,3.36318853568087,10.1986132531102,1.37783973088737,7.63487090681969,1.32653485604594,3.3728411306415,0.441741733188891,2.48477184901281,0.321397548136879
33.4132,126.4848,"TRACHYBASALT [16317]",53.2408073394441,101.216633912762,12.0864828552302,50.1152255030954,10.9256625272238,3.33303253035367,10.2995652647247,1.37467443841575,7.45541838578418,1.34961661789805,3.4128859783515,0.440529001070143,2.41249523902053,0.350835635735129
33.4132,126.4848,"TRACHYBASALT [16317]",53.1649544773383,101.743598211653,12.0913315900141,50.5913480463159,10.6266359664906,3.34903335196771,10.1144078323688,1.36135691975427,7.54209752586216,1.33286124803137,3.34087461508185,0.432983445063032,2.45048442877619,0.340481284953579
33.4132,126.4848,"TRACHYBASALT [16317]",44.2208894540859,87.0224251869865,10.7040432602306,46.835116181231,10.3440086929663,3.30879445904883,9.95420582572773,1.35801011165399,7.6408994588696,1.34925867764372,3.44307011857691,0.447884976937362,2.50371940937124,0.330431020755013
33.4132,126.4848,"TRACHYBASALT [16317]",43.7045034306584,85.8486990303215,10.5044009566533,45.4553177990179,9.4854124269721,3.04466093749674,8.66818717044163,1.14488062677397,6.56324101833961,1.13846328083638,2.84301401740247,0.375546690251698,2.13162397044921,0.291175606133656
33.4132,126.4848,"TRACHYBASALT [16317]",43.8571909132592,86.7400340439332,10.796807252149,46.489403283721,9.67825999234779,3.15257844053434,8.8945379584811,1.18856768065166,6.63207998838269,1.15659921888745,2.9872468493645,0.367504512165533,2.11389167213012,0.281660882733349
33.4132,126.4848,"TRACHYBASALT [16317]",55.5814925230682,111.934064210472,13.8508114618432,59.0686366115848,12.1456530636,3.9365186124055,10.933091151334,1.41605692202166,7.71807463027579,1.37069977106525,3.41758757004626,0.432247483583997,2.56552715199812,0.346624203456432
33.4132,126.4848,"TRACHYBASALT [16317]",56.9725432532801,115.539111324727,14.0374581138611,59.425050737772,12.2784407845516,3.86823890995779,10.6012232056738,1.39782117206713,7.77452445509441,1.38094973496463,3.52253344298332,0.45109915520038,2.6237357383643,0.340749300140849
33.4132,126.4848,"TRACHYBASALT [16317]",47.9644216161837,94.9342577379013,11.3855921495262,47.7963626107606,9.67893371991198,3.15560331810806,8.59083029291142,1.1242928636763,6.35326106309777,1.09739546948316,2.80837277601121,0.344838853326835,2.16542814307387,0.273148610611929
33.4132,126.4848,"TRACHYBASALT [16317]",65.8087811350962,131.137647198582,15.5207257334456,62.9114814163409,11.7545781669282,3.69959556531589,10.2204736528225,1.26930297198834,7.30215452540627,1.24814376417218,3.24352866116168,0.423741584256604,2.38813058961454,0.322466196665517
33.4132,126.4848,"TRACHYBASALT [16317]",48.9813363004203,98.5044879217595,12.6884879442333,55.8306546967751,11.5986626301526,3.83397797126178,10.637482457961,1.40133114581137,7.72896319076942,1.36620975926642,3.58156612141469,0.463958285108618,2.7412751423336,0.357494954996413
33.4132,126.4848,"TRACHYBASALT [16317]",49.7795572587391,99.5432408730246,12.3380725147328,52.3915822656472,10.5110484577684,3.54623723392341,9.61541573989867,1.27492639648926,7.11384602581618,1.28973617994486,3.38278641913092,0.446344509704281,2.65999294278929,0.3572991446648
33.3024,126.4656,"TRACHYBASALT [16317]",54.5088984952236,106.277553031015,13.1166288538827,56.3495206235624,12.845939909035,3.82544684014233,12.2604931145056,1.66743001906361,9.41042876758605,1.61599152378908,4.24355347405499,0.530526188693647,3.10670342694211,0.441521592390234
33.3024,126.4656,"TRACHYBASALT [16317]",29.7265885949705,59.25308532814,7.29860455323788,31.6693988096696,6.82090737072464,2.34688609521071,6.58892482629594,0.873033314819513,4.95268074259277,0.821683756499919,2.08734757877512,0.270373820117369,1.419223322569,0.206689168999697
33.3024,126.4656,"TRACHYBASALT [16317]",30.1784476774379,60.0701220994846,7.44277044666795,32.2941745955474,7.26112465718161,2.48076785083998,7.0625790569046,0.963633553356426,5.46302795852483,0.969429139971185,2.45271581667786,0.319507011497697,1.8525030064986,0.254331896772723
33.3024,126.4656,"TRACHYBASALT [16317]",30.1850550341445,59.7962228518871,7.35018426887402,31.2762494234014,7.36569118224789,2.4397403528544,7.01541106105553,0.958601703167792,5.55130289822612,0.970610042867764,2.56153310713345,0.313729785412877,1.95019177602983,0.256891785173195
33.3024,126.4656,"TRACHYBASALT [16317]",31.5451487330095,62.5349512735934,7.64343251319867,32.9626028546031,7.51948883377701,2.4900185361223,7.30841261767269,1.00281873514253,5.7736905678583,1.01271843900059,2.67783149254027,0.33088179486191,2.04683680937561,0.261275614311902
33.3024,126.4656,"TRACHYBASALT [16317]",43.5018763235014,86.2706837054183,10.3337817833618,43.3193785740831,9.37404997470231,2.94935313531391,8.76788187264552,1.15733034341575,6.49309289405427,1.10143777971164,2.89695892673358,0.368926152335586,2.13145301828848,0.29129617992338
33.3024,126.4656,"TRACHYBASALT [16317]",33.8740829502575,66.670301591006,8.04828043899419,34.3936042046024,7.47952880989196,2.48815250578567,7.11480981955378,0.943108451489024,5.40467680077589,0.947747055977535,2.46449524840814,0.315636732008118,1.81040274362286,0.249088137454685
33.3024,126.4656,"TRACHYBASALT [16317]",40.3103534994631,78.2401349046463,9.59868862005888,40.611330520603,9.11936225644537,2.81835034760288,8.46684521388394,1.16463142008674,6.63589523184466,1.15015789301306,2.96692148523899,0.38436084188529,2.19584468076905,0.300262487893217
33.3024,126.4656,"TRACHYBASALT [16317]",27.3002594017491,53.035436365132,6.63212557232349,28.4590218421496,6.4555825790976,2.11275712702277,6.23912259979987,0.881646207417936,5.01494489180629,0.892979214396833,2.29150284614619,0.294528070144425,1.74772456464949,0.232731430078966
33.3024,126.4656,"TRACHYBASALT [16317]",27.4010223851465,53.8649977107364,6.7714446841844,28.9944240697277,6.77324746528771,2.14590327141104,6.34511183847534,0.906076335065843,5.19443165477864,0.901565715274636,2.32530904846271,0.317888569695729,1.78356115961864,0.23558927106601
33.3024,126.4656,"TRACHYBASALT [16317]",36.7069338178694,72.3629228974581,8.87304681219333,38.0988575550579,8.63715999829006,2.78064416527172,8.52726547024577,1.12097903057705,6.6169371400995,1.14074346447293,2.93986602981285,0.397381764485968,2.16721801667014,0.311749808024837
33.3024,126.4656,"TRACHYBASALT [16317]",33.0824036999337,63.8237237535292,7.70571466328508,32.3279517280474,6.90278400581273,2.24163333476037,6.56075250391708,0.930108418413654,5.14028919501706,0.921595538775041,2.42243079790834,0.328475370149709,1.84509256178708,0.256758936861455
33.3024,126.4656,"TRACHYBASALT [16317]",51.709036667899,103.422426963505,12.2968897569728,51.5975196492222,10.6868094419949,3.34899926239575,9.94138364544852,1.26903614701009,7.20402790290399,1.25657405916351,3.20671559920657,0.411844974696914,2.38280601528965,0.332232113549463
33.3024,126.4656,"TRACHYBASALT [16317]",35.5611354313896,70.9117591831916,8.6507216176405,37.5509500387585,8.02802240465011,2.69058505905931,7.45508865844247,1.0109273877479,5.71619263062696,0.998383443365006,2.54656908105727,0.323825857095185,1.91130147297948,0.246445671610476
33.3024,126.4656,"TRACHYBASALT [16317]",55.3850300114388,106.086425029092,12.5785222774494,51.6712360875034,10.034389012116,3.20022462145164,8.6795638843527,1.1366219125662,6.33938951212491,1.07355043918501,2.80476364124214,0.359300592908327,2.08733150964119,0.289805658556875
33.3024,126.4656,"TRACHYBASALT [16317]",55.8063303979146,106.75032505718,12.8551827146388,52.72602345701,10.0439359966336,3.27790129547516,8.79736054618746,1.15325955654409,6.387668152641,1.07672731910131,2.84701186372787,0.367535161129445,2.14660521147172,0.277107152802385
33.3024,126.4656,"TRACHYBASALT [16317]",54.6731934586673,105.674882368092,12.5556867745916,51.5435358607389,10.0904777948876,3.15334583620259,8.68859032891803,1.15135928975229,6.33810054928795,1.08800221246294,2.82159975453717,0.361767639541104,2.0668200882274,0.284294682388252
33.3024,126.4656,"TRACHYBASALT [16317]",55.675109927767,107.510320223344,12.7770504544978,51.9014080770958,10.1469489722828,3.1881299293822,8.94441481552123,1.14941932090309,6.42748649970997,1.07987417165739,2.84480983085837,0.36193317756094,2.10179931432323,0.280941564438004
33.3024,126.4656,"TRACHYBASALT [16317]",58.8939285674157,111.303928648399,13.1082897940333,53.7108017948514,10.4169894914648,3.17866025001175,9.00828036788929,1.15187177425995,6.49809201159911,1.1079530875735,2.83182601198257,0.371440356665733,2.11936427906556,0.296494805103455
33.3024,126.4656,"TRACHYBASALT [16317]",59.8691626846639,112.915032844006,13.3966441197568,54.6147757613472,10.4580247559691,3.27119249146726,9.14529419366509,1.15102545270048,6.50899915039851,1.14509805627897,2.9042675286305,0.371022990979005,2.17090528261068,0.298848639793938
33.4127,126.6682,"TRACHYBASALT [16317]",45.9274143370171,82.6570241132211,9.80520443925577,39.5787276934816,8.19274294648766,2.52191503899119,7.33005720874658,0.979657913565481,5.07177684756323,0.852268454709451,2.21843436849503,0.280942421707973,1.55422421494274,0.188208554547446
33.4127,126.6682,"TRACHYBASALT [16317]",42.8227833173899,81.9019358811984,9.43968707521854,38.6354134456582,7.71260626750888,2.60050380081415,7.35451372316961,0.911774161709001,5.12595592517366,0.852680188713441,2.01624772402781,0.25447485592615,1.471022689624,0.185926647907581
33.4127,126.6682,"TRACHYBASALT [16317]",39.4096924531742,79.1489558376861,9.80786518627511,43.5959653932491,10.3168854694329,3.35167234240469,10.2074149278566,1.38840042123908,7.98201554004357,1.35913444313221,3.55307858407368,0.452040388221273,2.64489516644298,0.360850393763298
33.4127,126.6682,"TRACHYBASALT [16317]",32.033307285397,62.2765266594787,7.47301117526766,32.5466795410883,7.13405495001916,2.40464299582664,6.97914036962937,0.96553510804124,5.43809720359694,0.94556935045618,2.40173958505847,0.329930248458373,1.77012738559707,0.240974847496075
33.4127,126.6682,"TRACHYBASALT [16317]",37.5949914156034,72.7342017294476,8.91593857114469,37.0125653286589,7.93038416329876,2.48413274871333,7.38457237754772,0.985457910677008,5.55966462484278,0.971316940356744,2.49681591281196,0.318706115882783,1.91944766187347,0.248462241219062
33.4127,126.6682,"TRACHYBASALT [16317]",42.9900538836281,86.5998048915641,10.3160506599015,43.0820000450914,8.88441587597784,2.93799457903129,8.19749331379041,1.08541120676929,5.96038413386893,1.06350701595645,2.7353330580481,0.338100767212598,1.98934563778023,0.271763244954261
33.4127,126.6682,"TRACHYBASALT [16317]",47.226840489235,94.9225315721523,11.0587964846907,45.8978536844439,9.3807250073278,2.98215057821515,8.27159687575397,1.0786310915592,6.2611558163161,1.07401048922183,2.73857842663096,0.335639368658854,2.02888747741071,0.278948246901247
33.4127,126.6682,"TRACHYBASALT [16317]",30.3480725777173,62.2558479788686,7.56985068041936,32.5966603151786,7.45138931020871,2.46177546431864,6.96633474499072,0.897395505237019,5.06326393813577,0.854091845179453,2.27769263038611,0.284454876103379,1.62298288228008,0.21677172877186
33.4127,126.6682,"TRACHYBASALT [16317]",34.4122783235503,69.5607440011069,8.50072312228342,35.958364306018,7.80988273419763,2.51400100161544,7.45168631543851,0.978594867780155,5.5162372057639,0.967412024157689,2.42515381040502,0.311031499329215,1.899868412564,0.250756780135043
33.4127,126.6682,"TRACHYBASALT [16317]",34.9807857775844,69.9295285843978,8.66739135774749,37.1418070366874,8.1703531610952,2.54222035892205,7.59291251002468,1.00779774972577,5.60444523534085,0.971041124302412,2.49667169083997,0.325348121392007,1.83562932041023,0.244796903167922
33.4127,126.6682,"TRACHYBASALT [16317]",35.5236510807681,70.8339094767986,8.82103955786139,37.9289153113236,8.22923343091582,2.67369551488554,7.66358048692511,1.01185681896085,5.73971009736703,1.00868067260589,2.53218879679245,0.342767719197168,1.86123280717379,0.25412348565644
33.4127,126.6682,"TRACHYBASALT [16317]",33.3387359988202,67.1676133523787,8.33071148247276,36.0989865167248,8.1970727245861,2.49003168769398,7.68924112347395,1.00231978754988,5.6467860592233,1.01336761822283,2.4681729266004,0.325919962224659,1.84852331247476,0.251473721834473
33.4127,126.6682,"TRACHYBASALT [16317]",48.9966357383712,96.5636625141193,11.4844373227303,47.5311507305705,9.4701738522507,3.04569633609764,8.31573338265044,1.06181418543946,6.16237503681187,1.06462259942301,2.55680524306065,0.323230808479067,1.81763760156876,0.251460416856972
33.4127,126.6682,"TRACHYBASALT [16317]",49.5674072188214,95.7140909295443,11.5685239520742,47.2562454903171,9.45820422881367,2.97160991275622,8.46251487167014,1.09026031006609,6.15259047397656,1.10107531921437,2.72908839676012,0.353706070569099,1.95193584183643,0.273219354597256
34,48,"TRACHYBASALT [16314]",18,36.8,4.5,18.9,4.4,1.4,4.5,0.7,4,0.8,2.2,0.3,1.9,0.3
34,48,"TRACHYBASALT [16314]",41.3,78.3,9.38,35.3,7.12,2.11,6.56,0.92,4.85,0.96,2.56,0.37,2.18,0.33
34,48,"TRACHYBASALT [16314]",28.9,54.8,6.37,24.2,4.87,1.89,5.5,0.78,4.48,0.91,2.48,0.31,2.14,0.34
34,48,"TRACHYBASALT [16314]",16.24,30.35,3.89,17.24,3.79,1.2,3.86,0.62,3.5,0.7,1.98,0.29,1.83,0.29
-15.95,-5.7,"TRACHYBASALT [509]",21.3,52.4,7.67,35.3,8.57,2.49,7.58,1.16,6.47,1.32,3.4,0.49,2.67,0.4
-3.8632578,-32.4137035,"TRACHYBASALT [25812]",58.1598840502245,125.346041633672,15.4188410239856,62.918709016708,12.0823353022753,3.63134511302133,10.2734787936636,1.40294800634858,7.38702942387725,1.28895045544051,3.31862686267026,0.430140723997632,2.41944202789283,0.34630250308804
33,126,"TRACHYBASALT [25928]",41.7,86.3,10.6,43.6,9.4,3.24,8.4,1.2,6.3,1.1,2.6,0.35,2,0.28
33,126,"TRACHYBASALT [25928]",46.8,94.4,11.4,46.3,9.8,3.24,8.5,1.2,6.3,1.1,2.7,0.35,2.1,0.3
33,126,"TRACHYBASALT [25928]",35.6,71.5,8.5,34.6,7.3,2.58,6.8,1,5.1,0.9,2.2,0.29,1.7,0.26
33,126,"TRACHYBASALT [25928]",53.1,110,13.5,56.1,11.9,3.83,10.5,1.4,7.6,1.3,3.2,0.42,2.5,0.36
33,126,"TRACHYBASALT [25928]",55.1,114,13.9,58.6,12.1,4.07,10.7,1.5,7.6,1.3,3.4,0.43,2.6,0.37
33,126,"TRACHYBASALT [25928]",37,74.8,8.8,37.4,8.5,2.8,7.9,1.1,5.9,1,2.6,0.35,2,0.29
33,126,"TRACHYBASALT [25928]",33,67.2,8.08,33.5,7.5,2.67,7.1,1,5.1,0.9,2.3,0.3,1.8,0.26
33,126,"TRACHYBASALT [25928]",37.8,75.9,9.27,37.5,8.3,2.82,7.8,1.1,6.1,1,2.8,0.36,2.2,0.31
33,126,"TRACHYBASALT [25928]",38.2,76.6,9.23,38.3,8.5,2.84,7.8,1.2,6.3,1.1,2.7,0.37,2.3,0.31
33,126,"TRACHYBASALT [25928]",35,70.6,8.14,33.8,7.5,2.61,7,1,5.2,0.9,2.3,0.31,1.8,0.26
34,126,"TRACHYBASALT [9489]",22.76,48.36,5.2,20.87,3.8,1.02,2.96,0.43,2.19,0.42,0.99,0.19,0.91,0.14
43,100.87,"TRACHYBASALT [17034]",14,33,4.4,23.23,5.32,1.4,4.2,0.73,4.2,0.89,2.4,0.36,2.1,0.3
43,100.87,"TRACHYBASALT [17034]",19,48,6.7,30,7,2.4,7,1.1,5.9,1.2,3.3,0.48,2.8,0.45
43,100.87,"TRACHYBASALT [17034]",23,58,7.9,35,8,2.5,8,1.3,7,1.5,4,0.57,3.5,0.53
43,100.87,"TRACHYBASALT [17034]",19,46,6.4,30,7,2.1,7.4,1.3,6.9,1.6,4.5,0.64,4,0.62
43,100.87,"TRACHYBASALT [17034]",9.4,24,3.2,15.61,3.74,1.1,3.5,0.63,3.8,0.77,2.1,0.3,1.9,0.3
39.6842,-31.1189,"TRACHYBASALT [17181]",70.3,128.1,13.52,53.2,9.78,3.27,7.89,1.22,7.14,1.25,3.41,0.48,2.97,0.41
39.6712,-31.1113,"TRACHYBASALT [17181]",87.7,155.5,16.45,64.8,11.67,3.48,9.12,1.44,8.11,1.45,4.09,0.58,3.69,0.48
39.6717,-31.111,"TRACHYBASALT [17181]",75.6,140.7,15.93,60.1,10.84,3.06,9.33,1.41,7.63,1.48,3.75,0.55,3.31,0.53
39.675,-31.1093,"TRACHYBASALT [17181]",74,132.9,14.17,56,9.91,3.17,7.64,1.18,6.81,1.17,3.27,0.46,2.88,0.39
39.674,-31.1065,"TRACHYBASALT [17181]",76.9,138.6,14.49,56.5,10.18,3.2,8.05,1.21,7,1.2,3.35,0.47,2.97,0.4
39.7146,-31.1001,"TRACHYBASALT [17181]",89,157.2,17.19,67.3,12.09,3.92,9.95,1.49,8.82,1.52,4.29,0.6,3.65,0.5
39.7132,-31.1064,"TRACHYBASALT [17181]",74.5,139.1,14.9,59.3,10.92,3.36,8.64,1.3,7.46,1.28,3.49,0.48,3.13,0.41
39.6768,-31.1149,"TRACHYBASALT [17181]",69.8,132.9,15.27,57.5,11.01,3.13,9.32,1.38,7.43,1.42,3.54,0.5,3.04,0.5
39.682,-31.1135,"TRACHYBASALT [17181]",86.1,152.5,16.09,62.8,11.37,3.32,9.05,1.41,8.01,1.41,3.93,0.56,3.59,0.49
39.6843,-31.1156,"TRACHYBASALT [17181]",71.1,134.2,15.53,58.8,10.84,3.16,9.46,1.41,7.45,1.45,3.6,0.53,3.22,0.51
55.52823,59.6801,"TRACHYBASALT [17160]",52.435,96.947,14.862,61.79,11.677,3.618,9.162,1.247,7.037,1.322,3.694,0.498,3.107,0.442
-15.99,-5.77,"NOT GIVEN [25259] / TRACHYBASALT [1224]",71.9814517532944,122.140516967284,14.6340535191702,56.8150835580139,12.2296631518483,3.86980126111651,11.2794671451974,1.67181532607315,9.43246694763483,1.86375035175878,4.66895077036794,0.618739935000314,3.58694760071111,0.553650548099032
50,108,"TRACHYBASALT [17345]",44.4,96.8,11.2,40.2,7.42,2.34,7.59,0.99,5.32,0.99,2.88,0.44,2.74,0.42
50,108,"TRACHYBASALT [17345]",34.9,74,9.3,34.1,7.07,2.28,7.37,1.02,5.85,1.12,2.82,0.45,2.41,0.39
50,108,"TRACHYBASALT [17345]",35.4,76.1,9.3,33.7,6.96,2.27,7.77,1.03,6.06,1.16,2.87,0.41,2.52,0.35
50,108,"TRACHYBASALT [17345]",83.5,175.2,23.3,78.5,13.2,4.33,12.89,1.47,6.56,1.2,2.73,0.36,2.09,0.34
50,108,"TRACHYBASALT [17345]",39.7,83.2,9.9,36.9,6.94,2.27,7.31,0.94,4.4,0.8,2.06,0.33,1.75,0.26
48.5,101,"TRACHYBASALT [17345]",77,181.3,24,100.5,20,5.37,14.85,0.26,1.72,6.82,0.99,2.22,1.51,0.23
47.8,101,"TRACHYBASALT [17345]",81.5,169,18.6,69.6,11.4,3.48,9.75,0.29,1.18,5.08,0.91,1.99,1.65,0.23
47.8,101,"TRACHYBASALT [17345]",105,208,23,90.2,15.1,3.7,12.6,0.56,1.74,7.86,1.46,3.98,3.2,0.48
49,104,"TRACHYBASALT [17344]",32,72,10.4,41,7.4,1.99,4.9,0.73,3.3,0.53,1.33,0.19,1.13,0.15
49,104,"TRACHYBASALT [17344]",42,87,12.8,52,9.6,2.5,6.9,0.99,4.6,0.73,1.86,0.28,1.46,0.22
21.5,73.8,"TRACHYBASALT [17313]",22.9,51.4,6.51,26.9,6.08,1.91,6.07,0.918,5.35,1.08,2.81,0.395,2.47,0.352
21.5,73.8,"TRACHYBASALT [17313]",23.6,53.9,6.78,28,6.35,2,6.33,0.963,5.58,1.12,2.93,0.414,2.55,0.367
40,112.5,"TRACHYBASALT [11904]",52.4,109,15.2,64.3,11.4,3.56,10.2,1.23,6.31,1.26,3.15,0.45,2.87,0.42
40,112.5,"TRACHYBASALT [11904]",58.7,114,16.6,70.1,12.7,3.94,11.1,1.38,7.16,1.38,3.86,0.5,3.26,0.48
40,112.5,"TRACHYBASALT [11904]",60,118,17.1,71.7,13,4.04,11.5,1.41,7.33,1.43,3.98,0.52,3.35,0.49
40,112.5,"TRACHYBASALT [11904]",54.3,108,15.6,67.2,12.2,3.63,10.4,1.26,6.76,1.3,3.6,0.48,3.05,0.46
40,112.5,"TRACHYBASALT [11904]",59.2,131,17.8,79,13.8,4.38,12.2,1.66,9.72,1.7,4.77,0.69,4.46,0.59
40,112.5,"TRACHYBASALT [11904]",57.9,120,16.6,70.2,12.7,3.96,11.2,1.38,7.15,1.38,3.86,0.51,3.27,0.49
40,113.5,"TRACHYBASALT [11904]",57.5,114,16.1,68.9,12.3,3.76,10.7,1.32,6.84,1.32,3.73,0.52,3.08,0.47
59.49,10.3,"TRACHYBASALT [7665]",36,80,10,41,7.8,2.1,5.7,0.8,3.9,0.6,1.7,0,1.2,0
-25.75,-56.47,"TRACHYBASALT [14273]",81,119,13,49.1,9.81,2.59,4.71,0.65,3.4,0.64,1.7,0.27,1.32,0.19
39.19,27.61,"TRACHYBASALT [16635]",33.1,65.4,7.17,27.5,5.08,1.23,4.35,0.67,3.5,0.71,2.09,0.32,1.98,0.3
40.32,38.76,"TRACHYBASALT [17503]",17.6,39.5,4.69,22.7,5.1,1.45,4.71,0.72,4.16,0.82,2.43,0.34,2.01,0.3
40.32,38.76,"TRACHYBASALT [17503]",23.4,53.3,6.23,26.3,5.6,1.58,5.31,0.87,4.74,0.94,2.79,0.38,2.92,0.41
40.32,38.76,"TRACHYBASALT [17503]",18.3,38.9,4.67,21.1,5.3,1.35,4.68,0.76,4.42,0.76,2.18,0.32,1.97,0.33
40.19,39.13,"TRACHYBASALT [17503]",15.5,29.3,3.7,17.4,4.5,1.28,4.26,0.64,4.19,0.77,2.33,0.32,2.34,0.34
40.19,39.13,"TRACHYBASALT [17503]",15,29.7,3.64,14.9,3.8,1.05,3.88,0.67,3.75,0.79,2.32,0.33,2.13,0.32
40.19,39.13,"TRACHYBASALT [17503]",14.3,29.5,3.69,17.1,4.1,1.16,4.24,0.65,3.65,0.77,2.22,0.32,2.18,0.33
50.5009,9.9326,"TRACHYBASALT [17668]",59,117,14,54.4,10.7,3.16,8.9,1.2,6.1,1.1,2.8,0.37,2.2,0.34
50.5052,9.9415,"TRACHYBASALT [17668]",53.7,110,13.4,52.6,10.5,3.13,8.8,1.2,6.1,1,2.7,0.35,2.1,0.31
69,86,"TRACHYBASALT [2981]",5.25,12.3,1.61,7.9,2.21,0.91,2.83,0.49,2.92,0.61,1.84,0.27,1.69,0.26
69.7,88,"TRACHYBASALT [2981]",51.95,115.4,12.64,56,11.23,2.87,9.74,1.56,8.54,1.77,4.66,0.66,4.3,0.68
69.7,88,"TRACHYBASALT [2981]",50.62,106.1,12.02,50.4,9.89,2.63,8.83,1.42,7.62,1.59,4.12,0.59,3.72,0.52
41.04512,43.80427,"TRACHYBASALT [18049]",26.67,49.7,5.533,25.7,5.1305,1.586,5.151,0.814,4.673,0.958,2.5895,0.425,2.581,0.419
41.03666,44.08306,"TRACHYBASALT [18049]",28.54,50.87,5.573,24.97,4.7755,1.445,4.835,0.721,4.0905,0.827,2.228,0.366,2.237,0.36
41.03312,44.13412,"TRACHYBASALT [18049]",23.42,45.88,5.05,23.87,4.842,1.541,5.15,0.779,4.441,0.908,2.437,0.403,2.4285,0.396
41.04071,44.94814,"TRACHYBASALT [18049]",35.39,66.24,8.495,31.32,5.8945,1.739,5.745,0.865,4.9265,1.003,2.6725,0.423,2.6435,0.425
41.06581,43.65789,"TRACHYBASALT [18049]",27.5,51.11,6.911,26.78,5.3395,1.717,5.626,0.848,4.927,1.024,2.729,0.432,2.664,0.429
41.07985,43.76735,"TRACHYBASALT [18049]",24.3,47.06,6.266,23.7,4.737,1.462,4.885,0.734,4.358,0.89,2.3795,0.385,2.452,0.392
40.91193,43.86143,"TRACHYBASALT [18049]",21.21,42.97,6.278,25.13,5.43,1.7385,5.887,0.905,5.267,1.082,2.9255,0.47,2.9385,0.472
40.91193,43.86143,"TRACHYBASALT [18049]",29.49,55.7,7.359,27.76,5.5025,1.67,5.839,0.855,5.0135,1.033,2.794,0.456,2.8845,0.455
41.01899,43.80438,"TRACHYBASALT [18049]",28.64,55.08,7.096,26.44,5.1,1.5555,5.388,0.792,4.6535,0.958,2.586,0.425,2.6705,0.435
41.08022,44.30911,"TRACHYBASALT [18049]",23.56,46.96,6.627,25.96,5.377,1.7025,5.709,0.846,4.965,1.002,2.7175,0.432,2.734,0.442
41.07766,44.31314,"TRACHYBASALT [18049]",21.64,46.17,6.632,26.96,5.9365,1.938,6.642,1.022,6.061,1.246,3.3405,0.533,3.3745,0.533
41.05486,44.33953,"TRACHYBASALT [18049]",20.39,42.05,6.041,23.87,5.153,1.682,5.689,0.871,5.113,1.036,2.8025,0.449,2.835,0.453
50.45,103.6,"TRACHYBASALT [15416]",26.3,56.6,7.39,30.3,6.27,1.72,5.68,0.78,4.6,0.91,2.47,0.33,2.19,0.32
50.45,103.6,"TRACHYBASALT [15416]",28.2,58,7.25,29.4,5.98,1.96,5.07,0.69,3.96,0.75,2.97,0.27,2.02,0.28
-9.2067,-31.14,"TRACHYBASALT [18297]",38.93,79.1,10.76,45.29,10.21,3.34,10.22,1.52,9.09,1.77,4.74,0.66,4.09,0.6
-9.2067,-31.14,"TRACHYBASALT [18297]",37.51,82.64,10.82,46.81,10.52,3.28,10.52,1.58,9.21,1.86,4.8,0.67,4.12,0.61
-9.2067,-31.14,"TRACHYBASALT [18297]",41.43,84.59,11.17,46.68,10.39,3.37,10.17,1.51,8.87,1.76,4.72,0.67,4.18,0.63
-9.2067,-31.14,"TRACHYBASALT [18297]",37.35,81.76,10.46,45.33,10.15,3.39,10.24,1.48,8.64,1.72,4.55,0.65,3.89,0.58
-9.2067,-31.14,"TRACHYBASALT [18297]",52.08,118.28,15.32,66,14.69,4.19,14.53,2.2,12.61,2.51,6.5,0.92,5.43,0.76
-8.6183,-31.4533,"TRACHYBASALT [18297]",51.89,104.14,13.88,58.57,12.73,4.12,11.7,1.64,9.18,1.75,4.39,0.59,3.11,0.43
-8.6183,-31.4533,"TRACHYBASALT [18297]",158.74,141.17,29.52,112.79,21.1,6.73,21.31,3.27,19.75,4.13,11.39,1.69,10.44,1.58
-8.6183,-31.4533,"TRACHYBASALT [18297]",188.32,135.42,42.96,167.04,32.01,9.65,31.6,4.78,28.06,5.57,14.52,2,11.53,1.69
58.2,57.8,"TRACHYBASALT [15426]",17.5,30.6,4.3,20,5.87,1.95,5.8,0.99,5.5,1.05,2.36,0.33,1.88,0.28
58.2,57.8,"TRACHYBASALT [15426]",12.2,20.3,3.3,15.5,4.67,1.62,4.56,0.8,4.15,0.82,1.87,0.3,1.54,0.18
37.73,15,"TRACHYBASALT [18113]",62.5,116,13.6,53.5,10.2,3.07,9.69,1.23,5.72,1.1,3,0.38,2.45,0.33
37.73,15,"TRACHYBASALT [18113]",49.4,95,11.3,45.4,8.8,2.57,8.51,1.09,5.22,1.02,2.84,0.36,2.33,0.33
37.73,15,"TRACHYBASALT [18113]",53.6,101,11.8,46.3,8.7,2.58,8.18,1.03,4.74,0.93,2.55,0.32,2.08,0.29
37.73,15,"TRACHYBASALT [18113]",81,151,17.4,66.9,11.7,3.35,10.7,1.24,5.59,1.07,2.89,0.36,2.28,0.32
30.8,117.3,"TRACHYBASALT [18350]",38.7,78.7,9.38,36.3,7.02,1.97,6.31,0.79,4.07,0.79,2.36,0.32,2.09,0.32
30.8,117.3,"TRACHYBASALT [18350]",46.1,92.6,11,42.7,8.21,2.22,7.31,0.95,4.87,0.95,2.73,0.38,2.4,0.39
30.8,117.3,"TRACHYBASALT [18350]",39.9,82.5,9.74,38,7.21,2.05,7.51,1.01,4.73,0.94,2.66,0.38,2.42,0.38
30.8,117.3,"TRACHYBASALT [18350]",45,90,10.8,41.8,8.14,2.05,7.25,0.94,4.88,0.94,2.74,0.39,2.47,0.39
30.8,117.3,"TRACHYBASALT [18350]",43.9,89,10.7,41.9,8.17,2.07,7.21,0.95,4.96,0.94,2.72,0.38,2.48,0.39
30.8,117.3,"TRACHYBASALT [18350]",43.7,88.1,10.55,40.4,7.71,1.94,6.91,0.92,4.66,0.9,2.6,0.35,2.43,0.38
30.8,117.3,"TRACHYBASALT [18350]",32.6,67.6,8.36,33.4,6.58,1.99,6.02,0.77,3.96,0.75,2.16,0.28,1.79,0.28
30.8,117.3,"TRACHYBASALT [18350]",41.4,84.5,10.3,40.9,8.15,2.06,7.04,0.92,4.74,0.9,2.62,0.37,2.27,0.36
30.8,117.3,"TRACHYBASALT [18350]",53.7,106,12.15,45.1,7.56,2.11,6.92,1,5.11,0.97,3,0.42,2.73,0.41
30.8,117.3,"TRACHYBASALT [18350]",35.4,73.1,9.11,36.8,7.13,2.03,5.87,0.83,4.25,0.79,2.27,0.33,2.04,0.33
30.8,117.3,"TRACHYBASALT [18350]",34.1,71.6,8.84,36.6,6.92,1.91,5.76,0.86,4.33,0.8,2.45,0.33,2.1,0.32
30.8,117.3,"TRACHYBASALT [18350]",38.7,77.8,9.85,39.5,7.56,2.01,6.56,0.89,4.57,0.88,2.57,0.34,2.24,0.34
30.8,117.3,"TRACHYBASALT [18350]",39.4,81.4,10.15,41.1,7.86,2.11,6.7,0.96,4.67,0.95,2.66,0.38,2.28,0.36
30.8,117.3,"TRACHYBASALT [18350]",32.8,68.2,8.55,34.8,6.83,1.77,5.94,0.83,4.41,0.83,2.59,0.36,2.47,0.38
30.8,117.3,"TRACHYBASALT [18350]",34.1,70.9,8.82,35.4,6.71,1.93,5.94,0.86,4.31,0.79,2.45,0.33,2.23,0.36
68.15,36.22,"TRACHYBASALT, CARBONATE-NEPHELINE [18414]",399,786,97.2,394,97.7,30.4,91,17.8,105,20.4,60.7,7.64,51.8,5.92
-12.2733,-31.8917,"TRACHYBASALT [18394]",26,58,8,38,10,3,10.4,1.6,9.6,1.9,5,0.7,4.2,0.6
-12.2733,-31.8917,"TRACHYBASALT [18394]",83,61,14,60,13,3.8,14.8,2.2,13.3,2.9,7.9,1.1,6.3,1
-12.3333,-33,"TRACHYBASALT [18394]",34,57,9,41,11,3.3,12.3,2,12.3,2.6,7,1,6.1,0.9
-12.3333,-33,"TRACHYBASALT [18394]",33,62,9,43,11,3.5,12.9,2.1,12.9,2.7,7.2,1,6.3,0.9
-4,153.5,"TRACHYBASALT [2367]",15.1,32,4.5,20.4,5.1,1.64,4.8,0.63,3.35,0.61,1.68,0.23,1.3,0.21
-4,153.5,"TRACHYBASALT [2367]",19.2,40.1,5.5,24.1,5.9,1.74,5.4,0.73,3.83,0.74,2.02,0.23,1.72,0.28
-3.3175,152.5817,"TRACHYBASALT [2367]",15.6,33.4,4.6,20.5,5,1.65,5,0.67,3.86,0.74,2.06,0.29,1.81,0.31
45.8125,21.7099,"TRACHYBASALT [15071]",32.9,67,8.57,35,7.97,2.53,7.05,1.06,5.57,1.07,2.69,0.37,2.2,0.31
45.8125,21.7099,"TRACHYBASALT [15071]",33,67.4,8.56,35.2,7.92,2.54,7.08,1.07,5.52,1.04,2.66,0.36,2.25,0.31
45.8125,21.7099,"TRACHYBASALT [15071]",33.2,67.7,8.59,35.1,7.95,2.51,7.09,1.05,5.6,1.05,2.69,0.37,2.27,0.31
45.8125,21.7099,"TRACHYBASALT [15071]",32.4,66.1,8.35,34.2,7.73,2.46,6.89,1.03,5.43,1.02,2.59,0.35,2.16,0.31
45.8206,21.6888,"TRACHYBASALT [15071]",29.5,60,7.61,31.5,7.12,2.23,6.28,0.94,4.92,0.94,2.38,0.31,2,0.28
45.8206,21.6888,"TRACHYBASALT [15071]",33,66.9,8.52,34.9,7.95,2.51,7,1.06,5.48,1.03,2.62,0.36,2.17,0.32
-37.8333,140.75,"TRACHYBASALT [18593]",40.2687563110173,77.9999395399018,9.13691608488208,35.4172516953276,7.40273874958985,2.46687001224301,7.06362883170294,0.987014495541539,5.07699255738299,0.899771901796997,2.12246225241676,0.277599260525698,1.56824595349362,0.212166326716295
-37.8333,140.75,"TRACHYBASALT [18593]",35.2571953548695,69.4791764074542,8.12354289341795,32.0438723319337,6.92697470704524,2.31667794651924,6.75051144818177,0.953098810378533,4.97189867871523,0.891119592222771,2.11825544617724,0.282396469171861,1.59930869959744,0.21683098608546
-37.8333,140.75,"TRACHYBASALT [18593]",43.7012504157769,87.6378468463467,10.1458805046023,39.5358295952449,8.11368868604979,2.56707960375241,7.45337057243278,1.03404580273329,5.38145204013647,0.95918243393537,2.31324346669581,0.309433390094165,1.7847067685258,0.24148232126081
-37.8333,140.75,"TRACHYBASALT [18593]",47.8707025760493,97.2595713008263,11.2151180738913,43.6080320002775,8.85626769030023,2.71080481485274,8.07436726665514,1.10897660441515,5.66877085528248,1.00251351565293,2.40528002323293,0.325606622869491,1.84876996198207,0.257217108470089
-37.8333,140.75,"TRACHYBASALT [18593]",58.448543385661,116.144307147328,13.4501187370867,51.2478945095224,10.2193149083896,3.18973633475761,9.22751178345166,1.2634344760718,6.4845748986863,1.14761359000246,2.74645064735978,0.369098243150684,2.09753256629862,0.285672591611121
-37.8333,140.75,"TRACHYBASALT [18593]",38.6099154280836,74.9391715437135,8.89210552438424,34.4188852817141,7.30573103822162,2.40281386586619,6.93765509072618,0.989551627131514,5.19939645937786,0.942195622885011,2.29661393019852,0.310424428909149,1.76205591192306,0.240193897939573
-37.8333,140.75,"TRACHYBASALT [18593]",45.5050395019797,88.4437959627092,10.1410399047055,39.0908770113048,8.01394036419423,2.64624234786101,7.46602065836311,1.04145117020466,5.3184166788957,0.928763569010235,2.18355274808171,0.289021046655702,1.6001074437469,0.21564482938893
24.6814,98.6514,"TRACHYBASALT [18561]",41.68,74.79,8.41,31.66,5.44,1.77,5.03,0.77,4.43,0.91,2.4,0.35,2.14,0.32
42.03,35.16,"TRACHYBASALT [18556]",25.9,55.6,6.65,26.5,5.28,1.3,5.03,0.72,3.69,0.7,1.9,0.29,1.82,0.26
41.5,128,"TRACHYBASALT [18543]",40.1,77.6,10.2,43.5,9.2,3.2,8.5,1.2,6,1.1,2.7,0.3,2,0.3
38.0404,127.1129,"TRACHYBASALT [18539]",25,50,6.1,26,5.9,2,5.7,0.83,5,0.97,2.7,0.38,2.3,0.33
38.0296,127.2281,"TRACHYBASALT [18539]",23,45,5.4,24,5.1,1.7,5.2,0.79,4.6,0.9,2.5,0.33,2.2,0.31
19.15,-97.13,"TRACHYBASALT [5159]",41.21,79.45,9.15,38.12,8.58,2.62,7.74,1.19,6.88,1.37,3.51,0.5,3.04,0.49
19.15,-97.13,"TRACHYBASALT [5159] / HAWAIITE [8526]",39.84,77.1,9.05,37.29,8.43,2.6,7.66,1.18,6.74,1.35,3.53,0.49,3,0.47
-40.3217,-9.925,"BASALT, PYROXENE-OLIVINE [528] / TRACHYBASALT [23083]",68.1,120.4,14.4,55.9,10.39,3.22,9.12,1.26,6.74,1.2,3.11,0.39,2.36,0.32
-52.111,-69.7082,"TRACHYBASALT [18560]",34,68.5,9.6,39.8,8.65,2.82,8.29,1.1,5.55,0.89,2.3,0.24,1.58,0.19
-52.0765,-69.5797,"TRACHYBASALT [18560]",39.8,88.2,11.1,45.9,10.11,3.38,10.22,1.46,7.06,1.14,3.02,0.32,2.05,0.27
-52.0753,-69.5842,"TRACHYBASALT [18560]",40.9,83.1,11.6,47.5,10.48,3.38,10.02,1.33,6.75,1.08,2.76,0.29,1.84,0.22
-52.0753,-69.5842,"TRACHYBASALT [18560]",42.1,93.8,11.9,48.5,10.67,3.54,10.84,1.55,7.43,1.2,3.1,0.34,2.11,0.29
-40.3333,-9.92,"BASALT, PYROXENE-OLIVINE [528] / TRACHYBASALT [23083]",47.2,92.9,10.8,43.7,8.84,2.96,7.8,1.07,5.75,1,2.53,0.32,1.93,0.25
-40.32,-9.925,"BASALT, PYROXENE-OLIVINE [528] / TRACHYBASALT [23083]",64.1,109.2,12.7,49.6,9.39,3.05,8.38,1.16,6.18,1.11,2.89,0.35,2.11,0.28
41.5,113,"TRACHYBASALT [18743]",31.1,61.2,7.02,29.9,6.8,2.13,6.31,0.85,4.36,0.77,1.84,0.24,1.43,0.2
41.5,113,"TRACHYBASALT [18743]",37.7,72.6,8.26,34.6,7.4,2.31,6.7,0.91,4.55,0.79,1.89,0.25,1.47,0.2
41.5,113,"TRACHYBASALT [18743]",38.7,74.7,8.47,35.3,7.6,2.33,6.9,0.91,4.59,0.79,1.92,0.25,1.5,0.21
-40.32,-9.88,"BASALT [528] / TRACHYBASALT [23083]",50.7,101.2,11.7,47.8,9.53,3.2,8.31,1.14,6.16,1.08,2.76,0.35,2.1,0.29
24.5125,82.8158,"TRACHYBASALT [10037]",56.8,134,16.3,70,14.6,4.3,13.9,1.9,9,1.4,3.6,0.4,2.6,0.3
24.5111,82.8028,"TRACHYBASALT [10037]",36.3,87,10.8,48.2,10.3,3.3,10.3,1.5,7.1,1.2,3.2,0.4,2.6,0.3
32,82,"TRACHYBASALT [18962]",268,555,82,319,59,12.5,38.4,3.77,12.8,1.68,3.74,0.41,2.6,0.34
32,82,"TRACHYBASALT [18962]",188,396,60.4,238,44.6,9.17,25.6,2.67,9.38,1.29,2.86,0.33,2.13,0.29
47.1533,107.1992,"TRACHYBASALT [18881]",65.64,139.33,16.84,61.76,11.29,1.97,9.02,1.28,6.63,1.25,3.18,0.45,2.76,0.42
48.8375,115.3869,"TRACHYBASALT [18881]",58.27,124.8,21.5,58.6,11.56,2.75,11.4,1.63,8.85,1.84,4.47,0.65,4.05,0.62
46.3556,107.5303,"TRACHYBASALT [18881]",76.04,161.02,22.18,86.9,18.07,3.95,13.31,1.69,7.93,1.36,3.37,0.44,2.69,0.38
48.8706,115.3192,"TRACHYBASALT [18881]",54.1,114.3,14.4,52.6,9.9,2.84,10.3,1.51,8.3,1.76,3.91,0.63,4.22,0.64
46.8644,107.4322,"TRACHYBASALT [18881]",63.21,134.66,19.51,74.11,14.99,3.19,11.91,1.67,9.02,1.71,4.4,0.6,3.77,0.57
48.9942,115.2961,"TRACHYBASALT [18881]",50.71,106.99,14.33,56.26,12.61,2.66,10.16,1.58,9.33,1.85,4.81,0.67,4.29,0.65
38.1781,34.3556,"TRACHYBASALT [19015]",25.3,54.8,6.4,25.7,5.18,1.56,4.88,0.83,4.42,0.83,2.65,0.4,2.4,0.35
38.0717,34.2917,"TRACHYBASALT [19015]",30.7,61.7,6.6,24.8,4.36,1.37,3.99,0.66,3.79,0.71,2.08,0.31,1.84,0.29
38.0594,34.2839,"TRACHYBASALT [19015]",30,61,6.6,23.9,4.41,1.32,4.28,0.66,3.62,0.72,2.08,0.29,1.86,0.28
28.4948,-10.7088,"TRACHYBASALT [19193]",20.14,42.11,5.39,22.15,4.34,1.76,3.73,0.52,3.11,0.61,1.73,0.24,1.53,0.22
28.4568,-10.5776,"TRACHYBASALT [19193]",29.06,64.15,8.71,40.41,9.2,3.83,9.36,1.35,7.93,1.5,3.95,0.52,3.07,0.43
28.4808,-10.7832,"TRACHYBASALT [19193]",46.35,111.76,15.37,65.02,13.36,3.49,11.4,1.64,9.67,1.86,5.03,0.67,4.07,0.56
28.4641,-10.5756,"TRACHYBASALT [19193]",50.97,101.46,12.21,46.29,7.89,2.18,5.83,0.77,4.27,0.8,2.22,0.3,1.94,0.29
28.4635,-10.5756,"TRACHYBASALT [19193]",50.64,101.51,12.48,48.74,8.37,2.22,6.18,0.8,4.48,0.85,2.34,0.32,2.04,0.31
28.4572,-10.5768,"TRACHYBASALT [19193]",80.99,148.03,16.85,62.03,10.12,3.27,7.64,1.01,5.52,1.03,2.71,0.36,2.19,0.32
20.7493,82.6492,"TRACHYBASALT [19186]",55.3,123,14.2,59.4,10.6,5.41,8.97,1.22,6.23,1,2.67,0.39,2.25,0.35
37.73,15,"TRACHYBASALT [19148]",59.2,113,13.1,48.4,8.9,2.81,7.7,1.06,5.64,1.04,2.72,0.37,2.2,0.39
37.73,15,"TRACHYBASALT [19148]",59.7,111,13.2,48.6,9,2.84,7.68,1.07,5.65,1.06,2.67,0.36,2.2,0.36
37.73,15,"TRACHYBASALT [19148]",60,111,13.1,48.1,8.9,2.85,7.95,1.21,5.44,1.03,2.73,0.36,2.3,0.35
37.73,15,"TRACHYBASALT [19148]",57,107,12.8,47.9,9,2.74,7.54,1.06,5.53,0.99,2.66,0.35,2.1,0.33
37.73,15,"TRACHYBASALT [19148]",60.7,112,13.2,48.1,9.1,2.77,7.7,1.1,5.41,1.05,2.6,0.37,2.2,0.34
37.73,15,"TRACHYBASALT [19148]",59.9,112,13.1,48.2,8.9,2.78,7.58,1.04,5.59,1.03,2.75,0.36,2.2,0.35
37.73,15,"TRACHYBASALT [19148]",58.7,109,13.1,47.9,9,2.75,7.77,1.05,5.59,1.02,2.62,0.36,2.2,0.41
37.73,15,"TRACHYBASALT [19148]",59.1,112,13.3,49.2,9.1,2.81,7.93,1.1,5.8,1.08,2.68,0.36,2.3,0.38
37.73,15,"TRACHYBASALT [19148]",62.5,117,13.8,50.3,9.5,2.93,8.26,1.13,5.75,1.1,2.79,0.36,2.3,0.37
37.73,15,"TRACHYBASALT [19148]",62.1,117,13.6,49.8,9.3,2.84,8.09,1.14,5.8,1.06,2.87,0.38,2.3,0.4
37.73,15,"TRACHYBASALT [19148]",62.1,116,13.7,50.6,9.3,2.85,7.9,1.14,5.71,1.08,2.8,0.38,2.2,0.36
37.73,15,"TRACHYBASALT [19148]",62.7,117,13.9,51.3,9.6,2.95,8.08,1.15,5.82,1.12,2.84,0.37,2.3,0.52
37.73,15,"TRACHYBASALT [19148]",61,115,13.5,50.5,9,2.8,8.11,1.09,5.72,1.07,2.7,0.37,2.3,0.36
37.73,15,"TRACHYBASALT [19148]",62.1,117,13.9,50.9,9.5,2.95,8.21,1.15,5.75,1.06,2.78,0.39,2.3,0.41
37.73,15,"TRACHYBASALT [19148]",63.3,118,14,51.1,9.5,2.89,7.82,1.11,5.83,1.07,2.73,0.36,2.3,0.42
37.73,15,"TRACHYBASALT [19148]",52.5,101,11.9,44.7,8.7,2.69,7.44,1.04,5.47,1.01,2.64,0.35,2.2,0.39
37.73,15,"TRACHYBASALT [19148]",53.2,101,12.3,44.9,8.8,2.73,7.45,1.08,5.5,1.02,2.55,0.35,2.1,0.35
37.73,15,"TRACHYBASALT [19148]",60.5,114,13.9,48.8,9,2.84,7.8,1.1,5.54,1.05,2.72,0.36,2.3,0.37
37.73,15,"TRACHYBASALT [19148]",57.8,110,13,47.7,8.5,2.74,7.56,1.05,5.28,1.01,2.54,0.35,2.1,0.34
37.73,15,"TRACHYBASALT [19148]",60.2,113,13.5,49.4,9,2.91,8.02,1.13,5.73,1.05,2.79,0.37,2.2,0.36
37.73,15,"TRACHYBASALT [19148]",58.7,109,12.9,47.7,8.8,2.8,7.65,1.09,5.51,1.01,2.67,0.36,2.2,0.54
37.73,15,"TRACHYBASALT [19148]",54.8,103,12.2,45.7,8.6,2.64,7.41,1.05,5.4,1.02,2.49,0.36,2.1,0.34
37.73,15,"TRACHYBASALT [19148]",54.4,105,12.3,45.5,8.6,2.7,7.23,1.05,5.22,1.01,2.47,0.34,2,0.42
37.73,15,"TRACHYBASALT [19148]",58.1,110,12.8,47.2,9.1,2.84,7.71,1.04,5.45,1.05,2.66,0.37,2.2,0.37
37.73,15,"TRACHYBASALT [19148]",58.3,111,13.1,48.4,9.3,2.86,7.66,1.1,5.67,1.04,2.7,0.37,2.2,0.34
37.73,15,"TRACHYBASALT [19148]",59.3,111,13,48,9,2.82,7.71,1.09,5.55,1.05,2.68,0.35,2.2,0.36
37.73,15,"TRACHYBASALT [19148]",57.6,109,12.9,47.7,8.9,2.8,7.41,1.1,5.42,1.03,2.6,0.36,2.2,0.38
37.73,15,"TRACHYBASALT [19148]",74.7,125,15.8,55.3,10.4,2.84,8.53,1.17,6.3,1.11,2.77,0.38,2.3,0.48
37.73,15,"TRACHYBASALT [19148]",60.8,113,13.5,49.3,9.2,2.84,7.72,1.12,5.78,1.05,2.71,0.37,2.3,0.38
37.73,15,"TRACHYBASALT [19148]",59.4,111,13.2,48.1,8.9,2.77,7.81,1.09,5.62,1.04,2.75,0.38,2.2,0.47
37.73,15,"TRACHYBASALT [19148]",57.7,109,12.9,47.5,9,2.75,7.88,1.08,5.67,1.05,2.69,0.38,2.1,0.34
37.73,15,"TRACHYBASALT [19148]",55.5,106,12.7,46.4,8.8,2.78,7.53,1.05,5.49,1.02,2.64,0.35,2.2,0.37
37.73,15,"TRACHYBASALT [19148]",57.2,109,12.6,46.3,8.6,2.72,7.41,1.05,5.45,1,2.68,0.36,2.1,0.37
37.73,15,"TRACHYBASALT [19148]",60.3,111,13.4,49,9.1,2.8,7.68,1.15,5.69,1.05,2.64,0.38,2.2,0.4
37.73,15,"TRACHYBASALT [19148]",57.7,108,12.9,47.5,8.8,2.79,7.48,1.05,5.42,1.03,2.68,0.34,2.2,0.44
37.73,15,"TRACHYBASALT [19148]",57.4,108,12.8,47.3,9,2.77,7.66,1.08,5.45,1.02,2.63,0.36,2.2,0.36
37.73,15,"TRACHYBASALT [19148]",60.2,113,13.4,49.8,9.2,2.85,7.91,1.13,5.7,1.08,2.8,0.38,2.3,0.39
37.73,15,"TRACHYBASALT [19148]",59.1,113,13.4,49.5,9.4,2.87,7.93,1.13,5.64,1.03,2.69,0.38,2.3,0.38
37.73,15,"TRACHYBASALT [19148]",59.2,112,13.2,49.1,9.2,2.86,7.91,1.13,5.79,1.09,2.87,0.36,2.3,0.46
37.73,15,"TRACHYBASALT [19148]",58.8,111,13.2,48.1,8.9,2.85,7.78,1.13,5.62,1.08,2.63,0.38,2.3,0.41
45.3,11.7,"TRACHYBASALT [14843]",58.7,109,13,51.6,9.84,3.06,8.41,1.18,6.1,0.97,2.52,0.34,2.16,0.31
-38.28,143.23,"TRACHYBASALT [19257]",84.9,174.3,18.1,68.4,12.88,3.96,11.1,1.46,7.12,1.17,2.69,0.32,1.75,0.23
-38.28,143.23,"TRACHYBASALT [19257]",103.1,210.1,21.1,78.7,14.55,4.43,12.4,1.62,7.87,1.29,2.93,0.34,1.89,0.24
-38.28,143.23,"TRACHYBASALT [19257]",98.8,207.8,20.3,75.8,14.05,4.32,12.07,1.58,7.69,1.26,2.89,0.34,1.88,0.24
-38.28,143.23,"TRACHYBASALT [19257]",79.8,152.9,17.2,64.9,12.35,3.8,10.62,1.4,6.83,1.12,2.55,0.3,1.68,0.22
-38.28,143.23,"TRACHYBASALT [19257]",96.4,182.4,20,74.4,13.81,4.21,11.89,1.55,7.57,1.24,2.84,0.33,1.85,0.24
-38.28,143.23,"TRACHYBASALT [19257]",84.4,161.4,17.9,67.8,12.87,3.93,11.07,1.46,7.15,1.18,2.71,0.32,1.78,0.23
-38.28,143.23,"TRACHYBASALT [19257]",81.2,150.4,17.2,65.5,12.5,3.83,10.87,1.43,7.01,1.16,2.66,0.32,1.78,0.23
-38.28,143.23,"TRACHYBASALT [19257]",76.7,148.3,16.7,63.8,12.21,3.76,10.58,1.39,6.82,1.12,2.56,0.3,1.7,0.22
-38.28,143.23,"TRACHYBASALT [19257]",81.8,152.8,17.8,67.8,13.01,3.98,11.25,1.47,7.16,1.18,2.7,0.32,1.75,0.22
-38.28,143.23,"TRACHYBASALT [19257]",79.4,155.8,17.4,66.3,12.62,3.89,10.92,1.43,6.93,1.13,2.59,0.3,1.68,0.22
-38.28,143.23,"TRACHYBASALT [19257]",81.5,157.7,17.7,67.9,13.02,3.98,11.21,1.47,7.16,1.18,2.69,0.32,1.77,0.23
19.9173,110.2661,"TRACHYBASALT [19249]",37.53,74.06,8.931,36.05,8.027,2.598,7.674,1.088,5.53,0.97,2.278,0.291,1.635,0.22
19.9173,110.2661,"TRACHYBASALT [19249]",31.81,64.14,7.728,31.22,7.166,2.395,6.903,0.975,5.027,0.881,2.032,0.26,1.459,0.201
19.7917,109.7679,"TRACHYBASALT [19249]",35.38,72.82,8.766,37.13,8.963,3.034,8.586,1.219,6.118,1.025,2.324,0.279,1.519,0.199
19.9211,110.3446,"TRACHYBASALT [19249]",21.17,41.86,5.05,22.04,5.35,1.83,5.21,0.72,4.03,0.74,1.7,0.23,1.35,0.2
38.538,-115.956,"TRACHYBASALT [19241]",56.4,114,13.7,54.4,10.3,3.06,8.5,1.2,6.6,1.2,3.2,0.44,2.8,0.43
38.545,-115.971,"TRACHYBASALT [19241]",35.8,71.6,8.51,34.9,7.4,2.31,6.4,1,5.5,1,2.7,0.38,2.4,0.36
38.534,-115.959,"TRACHYBASALT [19241]",41.7,84.2,10.5,41.9,8,2.47,6.8,1,5.3,1,2.7,0.36,2.3,0.36
38.491,-116.005,"TRACHYBASALT [19241]",51.7,102,12.5,49.3,9.2,2.8,7.7,1.1,5.9,1.1,3,0.41,2.6,0.4
-26.7222,152.8972,"TRACHYBASALT [19236]",22.4,50.2,6.67,28,6.57,2.45,6.28,0.88,4.88,0.88,2.24,0.3,1.74,0.25
-26.7458,152.8794,"TRACHYBASALT [19236]",23.2,51.8,6.96,29.6,6.84,2.93,6.69,0.91,4.99,0.9,2.26,0.29,1.68,0.24
-26.785,152.8897,"TRACHYBASALT [19236]",30.6,66.8,8.62,34.9,7.85,2.58,7.4,1.02,5.65,1.03,2.64,0.35,2.06,0.29
-27.0844,152.6397,"TRACHYBASALT [19236]",36.6,80,10.4,42.9,9.58,3.05,8.99,1.21,6.64,1.21,3.05,0.4,2.3,0.33
52.2767,-124.485,"TRACHYBASALT [19302]",40.63,87.68,11.12,47.46,9.69,3.22,8.66,1.23,6.86,1.21,2.97,0.39,2.39,0.34
52.395,-124.7,"TRACHYBASALT [19302]",25.34,54.95,7.13,31.76,6.99,2.49,6.57,0.92,4.86,0.87,2.17,0.26,1.61,0.21
37,57,"TRACHYBASALT [19424]",31.9,63,8.7,34.9,7.1,2.2,6.7,0.9,4.6,0.8,1.9,0.3,1.5,0.2
37,57,"TRACHYBASALT [19424]",32.9,63.2,8.6,34.7,7,2.2,6.8,0.9,4.6,0.8,1.9,0.3,1.4,0.2
37,57,"TRACHYBASALT [19424]",36,69.8,9.6,38.5,7.7,2.4,7.2,1,4.8,0.8,1.9,0.3,1.4,0.2
37,57,"TRACHYBASALT [19424]",33,64.1,8.7,35.6,7.3,2.2,6.9,0.9,4.6,0.8,1.9,0.3,1.5,0.2
37,57,"TRACHYBASALT [19424]",36.2,71.4,9.7,38.6,7.8,2.4,7.2,1,4.8,0.8,1.9,0.3,1.4,0.2
37,57,"TRACHYBASALT [19424]",32.7,64.4,8.7,35.6,7.3,2.2,6.9,0.9,4.7,0.8,1.9,0.3,1.5,0.2
37,57,"TRACHYBASALT [19424]",34.6,67.5,9.3,37.2,7.4,2.3,7.2,0.9,4.8,0.8,1.9,0.3,1.5,0.2
37,57,"TRACHYBASALT [19424]",34.9,68.3,9.3,37.8,7.6,2.4,7.4,1,4.8,0.8,1.9,0.3,1.5,0.2
37,57,"TRACHYBASALT [19424]",33.8,67.5,9.3,37,7.6,2.3,7.2,0.9,4.7,0.8,1.8,0.3,1.4,0.2
6.44,10.3,"TRACHYBASALT [19577]",47.72,88.34,11.38,47.41,9.07,3.01,9.47,1.16,6.05,1.06,2.77,0.35,2.13,0.3
6.44,10.3,"TRACHYBASALT [19577]",44.79,86.61,10.7,44.77,8.57,2.84,9,1.11,5.71,1,2.61,0.33,2,0.29
6.44,10.3,"TRACHYBASALT [19577]",45.39,84.36,10.62,43.73,8.36,2.73,8.79,1.08,5.64,1,2.63,0.33,2.04,0.29
6.44,10.3,"TRACHYBASALT [19577]",42.04,79.58,10.24,43.05,8.32,2.75,8.65,1.07,5.57,0.98,2.53,0.32,1.94,0.28
6.44,10.3,"TRACHYBASALT [19577]",43.19,80.75,10.34,43.27,8.31,2.7,8.53,1.06,5.53,0.97,2.49,0.31,1.92,0.27
6.405,10.0583,"TRACHYBASALT [19577]",45.37,92.94,10.87,45.27,8.71,2.85,8.86,1.14,6.09,1.09,2.83,0.36,2.24,0.32
6.405,10.0583,"TRACHYBASALT [19577]",44.15,91.08,10.93,46.66,9.11,3.11,9.43,1.2,6.36,1.12,2.87,0.36,2.23,0.32
6.2,10.5,"TRACHYBASALT [19577]",50.27,107.39,13.24,55.82,10.71,3.41,10.93,1.35,6.97,1.25,3.27,0.41,2.57,0.37
6.2,10.5,"TRACHYBASALT [19577]",42.89,91.6,11.27,48.59,9.5,3.29,9.71,1.18,6.02,1.06,2.72,0.34,2.06,0.29
6.2,10.5,"TRACHYBASALT [19577]",43.57,87.01,11.26,47.59,9.04,3.06,9.23,1.13,5.8,1.02,2.65,0.32,2.01,0.29
6.2,10.5,"TRACHYBASALT [19577]",74.26,161.21,21.83,93.87,16.21,5.62,15.44,1.71,7.91,1.32,3.37,0.39,2.36,0.33
6.2,10.5,"TRACHYBASALT [19577]",48.38,95.94,12.32,52.17,9.93,3.56,10.12,1.22,6.12,1.05,2.68,0.32,1.97,0.28
45,85,"TRACHYBASALT [19582]",24.5,52.8,6.45,26.1,5.2,1.78,4.76,0.66,3.81,0.74,2.07,0.28,1.84,0.26
54,91,"TRACHYBASALT [19630]",21,49,6.3,29,6,1.77,5.9,0.84,5.1,1.05,3.16,0.41,2.76,0.43
54,91,"TRACHYBASALT [19630]",35,78,9.7,42,8.3,2.56,8.3,1.28,6.7,1.32,3.72,0.54,3.61,0.53
54,91,"TRACHYBASALT [19630]",43,100,12.6,55,10.8,3.35,10.8,1.67,8.6,1.71,4.69,0.67,4.42,0.63
54,91,"TRACHYBASALT [19630]",44,96,11.6,48,9.4,2.65,9.5,1.51,7.9,1.61,4.5,0.67,4.52,0.64
54,91,"TRACHYBASALT [19630]",32,73,8.9,37,7.7,2.01,7.4,1.1,6.3,1.31,3.57,0.52,3.37,0.52
54,91,"TRACHYBASALT [19630]",40,95,12.1,55,11.2,3.48,11,1.67,8.8,1.71,4.65,0.67,4.33,0.62
54,91,"TRACHYBASALT [19630]",36,78,9.6,41,8.1,2.57,7.8,1.25,6,1.18,3.29,0.47,3.17,0.47
54,91,"TRACHYBASALT [19630]",33,79,10.8,51,10.9,3.78,10.9,1.61,8,1.5,4.09,0.57,3.73,0.52
38.673,42.2369,"TRACHYBASALT [19629]",17.6,42.9,5.8,27.4,6.8,2.1,7.7,1.14,7.2,1.5,4.1,0.57,3.7,0.56
51,105,"TRACHYBASALT [19740]",87.25,176.14,19.3,68.06,11.14,2.53,7.81,0.97,4.39,0.86,2.11,0.27,1.75,0.26
51,105,"TRACHYBASALT [19740]",87.67,191.69,20.77,80.31,14.19,3.02,9.8,1.15,6.02,1.11,2.6,0.34,1.72,0.29
51,105,"TRACHYBASALT [19740]",80.5,170.71,18.78,74.11,13.69,3.06,9.97,1.02,6.17,1.12,2.79,0.36,1.78,0.33
51,105,"TRACHYBASALT [19740]",92.09,181.34,17.48,66.46,11.53,2.45,8.9,0.75,4.44,0.87,2.39,0.29,1.27,0.24
48.6859,102.7427,"TRACHYBASALT [19757]",28.2887349108141,66.0586012398623,8.52836843038391,36.8998550902905,7.99243392110326,2.45854712731852,6.60697540410809,0.873634903676632,4.10865167396807,0.647340680538663,1.61925039880747,0.16887942035011,1.09148846259707,0.132210202633465
48.5532,103.0419,"TRACHYBASALT [19757]",33.5,70.6,9.31,41.6,8.71,2.73,6.87,0.91,4.36,0.69,1.55,0.2,1.01,0.17
48.567,103.0315,"TRACHYBASALT [19757]",32.9,68.4,8.92,14.5744820965338,3.68766627909189,2.4,6.88,0.84,4.13,0.72,1.53,0.21,1.1,0.18
48.5251,103.0515,"TRACHYBASALT [19757]",29.8,61.6,8.36,37.2,7.8,2.43,6.25,0.9,4.16,0.73,1.62,0.19,1.19,0.19
48.6332,103.1273,"TRACHYBASALT [19757]",25.941694247964,60.3705236605976,7.69586910227981,34.1709732005579,7.06506130683083,2.21958332467523,5.63831752891719,0.795591095499422,3.54040120002335,0.655561278010444,1.27908650628403,0.181032505378302,0.979119061147285,0.117668916919441
48.6328,103.1279,"TRACHYBASALT [19757]",25.3094876437526,55.0833721135444,7.63253467091738,34.9391453208506,7.28326410657494,2.069106323539,5.72163488038883,0.74854956538682,3.65863299974822,0.638108933552065,1.43326395580172,0.174347295827001,1.01995212012894,0.148032192211954
48.7684,102.8228,"TRACHYBASALT [19757]",25.4690517421535,54.3145972675758,8.55297946122814,38.3598309194762,8.06090927396451,2.73448326326658,6.65588302434335,0.988058978661012,4.25132508902934,0.733085464468522,1.83536489043738,0.246665434437704,1.0673063386921,0.152317584307842
48.7716,102.8316,"TRACHYBASALT [19757]",33.7967972201024,72.7286861794062,10.2990756200327,46.5197034126577,9.04425777547002,2.79911724440655,7.50862579167853,0.982654943614569,4.48004917040358,0.736720222548475,1.75780820892594,0.234090890244215,1.03270486369708,0.136224154293861
49.0204,103.2527,"TRACHYBASALT [19757]",32.7,69.4,9.6,41.8,8.31,2.65,7.12,0.95,4.53,0.73,1.65,0.23,1.05,0.17
48.993,103.2505,"TRACHYBASALT [19757]",32.1,66.9,9.15,42.7,8.63,2.53,7.11,1.01,4.46,0.74,1.63,0.21,0.74,0.15
47.8062,103.1703,"TRACHYBASALT [19757]",27.5,64.7,9.31,43.3,8.85,2.57,6.71,0.95,4.54,0.72,1.73,0.21,0.98,0.14
48.1532,99.96,"TRACHYBASALT [19757]",27.8307700137315,57.4249901328553,6.53023977611212,25.974652135744,5.41942919452875,1.87406942637677,5.19955749730885,0.764445703581226,4.12366081761051,0.698536749225713,1.78262732232159,0.235065055402042,1.32199268271924,0.175059186370771
48.1085,99.9513,"TRACHYBASALT [19757]",27.2983960456449,52.3389045371168,6.71299036553963,29.9158617541409,6.13202072652993,1.89986088785071,5.41166254432249,0.861383387843818,4.01925643588032,0.745105248033746,1.76163368201058,0.261763977888864,1.19391503463311,0.199884069351042
48.1394,100.2747,"TRACHYBASALT [19757]",30.0395990277233,65.2686455811821,7.37085149356357,29.994175004064,6.50122805343344,2.09453399227406,5.62501622357087,0.843962521229625,4.28723220747537,0.763490249968237,1.90315154881166,0.212161397387015,1.30667240311472,0.177051770307495
48.1394,100.2747,"TRACHYBASALT [19757]",24.8416631262737,52.3124323175681,6.21607759276957,24.6956876268363,5.46574468983155,1.92427882017741,5.36643943650505,0.783442765075752,4.13561529196957,0.716240067884878,1.80260761668443,0.236394915809422,1.40907633621324,0.175112913120309
48.2001,100.4242,"TRACHYBASALT [19757]",25.6588725731644,52.9788149225634,6.20628936342401,25.1429264493981,5.27486504137469,1.91401070002149,5.10254629799731,0.776375567448147,3.97934608090905,0.690353479775703,1.77230054482171,0.227419789655112,1.31647795755696,0.192942654441707
48.4029,100.5192,"TRACHYBASALT [19757]",19.8023351376858,43.9183307273543,5.47206914426975,23.2466637397417,5.05864055280569,1.73072902840154,4.78135981799654,0.74709322699968,3.57471254535199,0.666839490669241,1.39714319575718,0.19766376988731,1.21041123545218,0.168161940795688
48.4167,100.5012,"TRACHYBASALT [19757]",20.983221076714,47.1859023868697,5.6925705849583,23.3965890493161,5.17061146771151,1.70941404554338,4.68132071525704,0.720191942805907,3.42730807497658,0.65280977188745,1.5587378839641,0.223112012143502,1.45545443701897,0.152093266718169
48.406,100.5267,"TRACHYBASALT [19757]",19.7984732029638,41.8081076944747,5.56835262342154,25.6925707915098,5.82567842245732,1.82395264004987,5.00437946315302,0.713385960286379,3.3518994020626,0.549093938853328,1.33739159042686,0.166410482132684,1.14844431779478,0.119995829953053
48.4044,100.525,"TRACHYBASALT [19757]",20.1462456633186,42.6423018176924,5.80475703393939,25.2721177497645,5.57079282647646,2.00823065576753,4.93740059385376,0.747402599293903,3.79718555720757,0.640323799244827,1.7105903786227,0.236684866065795,1.24939458360146,0.179329843383556
46.8842,101.5271,"TRACHYBASALT [19757]",28.1,58.6,7.7,32.2922381718685,7.21,2.43,6.73,0.97,4.56,0.79,1.82,0.25,1.56,0.21
46.9701,102.5492,"TRACHYBASALT [19757]",29.6,63.9,8.33,38.8,7.83,2.4,6.57,0.78,4.04,0.68,1.53,0.17,1.1,0.14
46.9096,102.3667,"TRACHYBASALT [19757]",32.7,70.2,9.14,40.2,8.67,2.43,6.82,0.88,4.13,0.61,1.44,0.15,1,0.14
47.3254,102.672,"TRACHYBASALT [19757]",36.6351170154051,82.1890495032357,10.4452212709379,47.22486265283,8.76112127011382,2.73934492057098,7.31663665994432,1.0059165857808,4.64896981681404,0.754193737487924,1.71452999092628,0.224199406235589,1.17577496441331,0.154198695721854
46.8602,101.5038,"TRACHYBASALT [19757]",37.8,77.8,9.88,23.9001724213077,5.46747978953406,2.74,7.95,1.11,5.26,0.82,2,0.23,1.58,0.22
46.9005,101.5463,"TRACHYBASALT [19757]",34.2333333333333,72.2,9.17,38.8333333333333,7.64666666666667,2.54,7.1,0.953333333333333,4.92666666666667,0.783333333333333,1.93333333333333,0.233333333333333,1.46333333333333,0.213333333333333
47.1092,99.6855,"TRACHYBASALT [19757]",22.67269,42.994741,5.2210051,23.121977,4.9182796,1.393546,3.80986057030397,0.6030284,3.8751999873277,0.766462171360677,1.8621559,0.248051960276436,1.4084631,0.25180762
47.108,99.6847,"TRACHYBASALT [19757]",25.134023,49.84,6.034804,25.242461,6.1552939,1.9028577,4.7534816,0.726489501617124,4.3658246,0.84623449636304,2.1930481,0.275132987215092,1.4167685,0.23612271
47.2852,99.9843,"TRACHYBASALT [19757]",25.5256533375655,52.7552763297651,6.63797728579763,29.2252286083221,5.65380596252833,1.94955797723185,5.47846026617461,0.766772109213523,3.59704321132712,0.689602549011387,1.87162356821455,0.24706368924629,1.60897567933177,0.201174378744797
47.1659,99.7974,"TRACHYBASALT [19757]",27.92643,55.545446,7.0825513,31.219946,7.4060601,2.243073,4.7685527,0.60644676,3.3072946,0.60831889,1.6502886,0.227270288620199,1.3206437,0.2021487
47.1898,99.8351,"TRACHYBASALT [19757]",20.963345,40.899698,5.5307769,23.442632,6.2851803,1.8336658,4.9830368,0.665624567240127,3.7923113,0.77977963,1.9756579,0.275767234253707,1.4795054,0.2607778
47.3481,100.2322,"TRACHYBASALT [19757]",23.7403172052555,51.4018992100011,6.58222530963514,28.3502360433764,6.66526762792362,2.14500865723328,5.60907580945147,0.845660063242552,4.49194098012998,0.726604330004833,1.96063439442638,0.255026774198361,1.52736119731611,0.193995183784014
47.3456,100.2331,"TRACHYBASALT [19757]",19.2040579124077,40.7044365964696,5.60633452313512,24.2517629313182,5.27613959938016,2.00867285741825,5.16582626938784,0.857995388683833,4.57928459466264,0.793975415752165,1.88989519325056,0.255284503112454,1.45080325362562,0.185219739142207
47.3108,100.218,"TRACHYBASALT [19757]",25.2146898327903,57.7695554409169,6.42978181012041,26.5126595749767,5.64554213698344,2.05814965383511,5.43784663221801,0.875725386658016,4.73318045637187,0.953056664540734,2.54023075447661,0.309072301371889,2.0099628241934,0.298091569061055
47.3008,100.2187,"TRACHYBASALT [19757]",24.4566360158658,55.4594494860473,6.69859258575986,29.1956103926353,5.87020290506471,2.25417753719217,6.0390763530459,0.925019060928139,4.40197729963739,0.748766879323698,1.95452162598615,0.229915903608558,1.53478652622328,0.218697600887318
47.3331,100.108,"TRACHYBASALT [19757]",23.8463173944434,54.5572784151224,6.03506344729129,27.6143292151998,5.77197931825341,2.12615053681303,5.73634392049543,0.815449243281425,4.08012741883582,0.716132278902444,1.91695107298427,0.231234503409157,1.62596045191274,0.194687107310321
47.4377,100.2092,"TRACHYBASALT [19757]",20.472214116402,46.3000781753085,5.44553341633684,24.8261897533315,5.62866025492546,1.85593588313848,5.17628394856978,0.835289020443543,4.15438937171222,0.789488852190451,2.16300237504254,0.275514950568208,1.7128366970867,0.244055147910562
47.4344,100.2091,"TRACHYBASALT [19757]",23.1036545398109,52.1220856626049,6.07628864122736,26.5554828468824,6.01516177410461,1.98995874378849,5.4672707328474,0.910273045837001,4.1699804788587,0.691250501847449,1.75220381974316,0.224409567382113,1.45955693469354,0.241639930800886
47.4812,100.2451,"TRACHYBASALT [19757]",24.8836617160411,54.800094859048,6.79265799841895,28.917129242307,6.12680428462327,2.37547633893611,5.87100596258111,0.851098056273699,4.00833964739674,0.768757015482165,1.74483858404733,0.249423322297141,1.48991317685121,0.210196412094077
47.4889,100.2298,"TRACHYBASALT [19757]",24.297641615758,56.2455691362099,6.74820931987733,29.2151064635029,6.4839790635602,2.2762373924789,6.35540225832438,0.920846307205806,4.40958750536147,0.823793203778286,2.01133441632494,0.270791144200385,1.75608100137054,0.224865829268436
47.1211,100.9425,"TRACHYBASALT [19757]",21.6093815076036,47.7453901314951,5.97766734327407,24.4940888756908,6.44080376266094,1.93188372274328,5.21703263241251,0.812659760039105,4.26084877632442,0.713354040998635,1.77689797353119,0.251127597129005,1.3847663837546,0.175159207388925
47.5839,101.1975,"TRACHYBASALT [19757]",21.8145943620822,47.8155242561185,5.73377036812812,25.0858311686563,5.13902942126364,1.83500608540036,5.21954202242289,0.805369635486126,4.11293956234872,0.680349134076709,1.60235564323382,0.229363343381373,1.18974469817891,0.158510731718267
47.5794,101.1607,"TRACHYBASALT [19757]",22.4589696150496,47.348562379813,6.17719329676966,25.8319568117706,5.91979401182912,1.97645810657136,5.47212839384773,0.740072505304226,4.38531814267015,0.723894139415719,1.83277846235678,0.246858934989513,1.37157194497781,0.152253574916476
47.5444,101.0444,"TRACHYBASALT [19757]",38.3641617445641,77.4162711299,9.53174151729035,37.79378831935,7.96193503604587,2.51648731066707,6.64575256294301,1.00622220470329,5.01469523736675,0.85004872206734,1.98943195991121,0.280456670518662,1.42618151033855,0.193684626882555
47.5437,101.0434,"TRACHYBASALT [19757]",24.6787844293223,56.2399227393572,6.59675040262744,28.140449168333,5.80589410956684,2.05952341920275,5.27778601864194,0.876042671491448,4.50208857020581,0.785275527422382,2.15883129809098,0.259376216821706,1.57179300563541,0.211580797695173
47.4691,100.9237,"TRACHYBASALT [19757]",36.9953101512291,82.3003747091005,9.32976545951703,38.9158612257059,7.8281810117918,2.68232874058674,6.70498692755474,0.988737859252696,4.98752232885485,0.794383548724049,2.10411079789282,0.241722368834904,1.52734451533957,0.196310175389241
47.4689,100.9244,"TRACHYBASALT [19757]",24.3190641565207,46.4151556779844,6.52724960340796,27.890687980501,5.92586594781741,2.04448249132969,5.85426953210113,0.869539995962252,4.68567179582486,0.812202096073143,2.16667422312487,0.281389469792997,1.65621170787019,0.208220391861614
47.4585,100.8625,"TRACHYBASALT [19757]",21.1522629736836,46.7066658060098,5.61851305378875,24.9298858780769,5.79647228351752,1.95009653709907,5.16611209278488,0.84287515118932,4.64726724029115,0.805581340676408,2.00729585344244,0.255278528170916,1.51981990899167,0.191844770995436
47.4569,100.8637,"TRACHYBASALT [19757]",22.070683533625,45.268914542739,5.79714051131285,26.3656953170099,5.63750419516771,2.00975596429227,5.4260035580418,0.84370305061263,4.49574779853603,0.738564086633588,1.91972958102022,0.271903450598761,1.28580500671807,0.187345875831176
47.3452,100.6973,"TRACHYBASALT [19757]",29.0666666666667,59.1666666666667,7.33,30.7666666666667,6.58,2.18666666666667,5.92666666666667,0.86,4.36666666666667,0.773333333333333,1.82,0.236666666666667,1.39333333333333,0.19
46.5119,98.8753,"TRACHYBASALT [19757]",41.6129026015441,83.4277328824686,9.97172617169046,41.2162534045773,8.38327758658174,2.59454806972402,7.38449005501755,1.01261674912108,4.7690554227919,0.872572673694111,2.18803834686547,0.236083810894461,1.60050411879662,0.208420170983042
45.5838,101.4277,"TRACHYBASALT [19757]",26.9090130869698,59.2064035135085,7.67640094911514,32.9336864010098,6.65839074403673,1.85676147236455,5.56225861476813,0.822760598661147,3.55003920975107,0.644318289492286,1.48616404932393,0.24260388276294,1.18075112427086,0.140569126921137
45.4939,101.3044,"TRACHYBASALT [19757]",33.8543889156153,71.4501179173082,9.11217410673655,37.8091534421131,7.44766585196471,2.31018042040545,6.5612547852208,0.917359484851316,4.3452134676395,0.803814773851324,1.7217585220125,0.229684694534879,1.27931520911996,0.18588659763935
45.8522,101.1713,"TRACHYBASALT [19757]",30.95,65.35,8.35,38.27,8.96,2.25,5.08,0.77,4.52,0.791572549557382,1.85004596238091,0.23688778301208,1.16,0.16
19.35,-99.1,"TRACHYBASALT [20646] / BASALT [5070]",25.9,56,7,30.3,6.7,2.19,7.3,1.19,5.7,1.17,3.28,0.52,3.21,0.5
45.8235,101.1002,"TRACHYBASALT [19757]",28.69,63.94,7.69,35.06,7.52,1.76,4.6,0.63,3.39,0.56,1.45,0.19,0.98,0.15
45.9029,100.203,"TRACHYBASALT [19757]",34.6471810113356,72.1824053578215,8.83649950677067,37.910386252558,7.76707347416108,2.47107242646463,7.02770208173698,0.960365403180856,4.65579525296616,0.849941732040044,1.91385690633986,0.22652773432809,1.42658776863003,0.164333685656572
45.6523,101.3905,"TRACHYBASALT [19757]",34.5762100314033,74.7259486190554,9.11225044529414,37.6643623731838,7.49836886715151,2.3799286663066,6.54373905134325,0.936895001961481,4.3472266892205,0.779328639444677,1.84106472931483,0.241542634929838,1.37098739553458,0.170070487474104
45.6499,101.3867,"TRACHYBASALT [19757]",24.3173335057515,50.8482184795698,6.87967025546551,30.5257078343473,6.06634794515026,1.9734093817214,5.81486765888355,0.733416838171285,3.65906131028338,0.737828707454705,1.60568856443121,0.189893881572557,1.39102552023411,0.13500066029471
45.6494,101.3921,"TRACHYBASALT [19757]",26.8861376884076,56.2468249141959,7.31716663676376,30.8733356205846,6.56213020773913,2.02526376571908,5.82579280342968,0.866734119629854,3.69225615273788,0.675527858294782,1.60937647606252,0.237779506724553,1.40513575949759,0.170072087600367
45.6387,101.8152,"TRACHYBASALT [19757]",37.888250170134,80.6763699243274,10.3017604472139,43.2913602769585,7.89865429381126,2.63092318814751,7.52939475883362,1.02990537911606,5.37921373056858,0.982347078866562,2.303489757601,0.288472629461375,1.64945275389514,0.252556038571526
45.6855,101.5538,"TRACHYBASALT [19757]",37.2291024883333,79.8919587945816,10.2256798710738,14.1406970363242,3.68805220382243,2.7599872705794,7.60740907805315,1.15893544388371,5.50756829472975,0.920634605834319,2.06921022523746,0.288185019661314,1.5277528962198,0.207509472348684
45.6855,101.5538,"TRACHYBASALT [19757]",34.6637603342422,79.1887492322555,8.8754311377613,37.5005867838989,7.31971439727178,2.38750567785635,6.72769369014815,0.980666942210846,4.73680610805656,0.800553144660462,1.84456315610553,0.240882860947096,1.3302447246637,0.193571283140945
45.5848,101.075,"TRACHYBASALT [19757]",41.78,80.67,9.61,41.26,8.5,2.16,5.08,0.73,4.34,0.775337385015886,1.79548804635295,0.22990195453191,1.1,0.17
45.3371,101.8816,"TRACHYBASALT [19757]",34.3333096483583,72.9392216145289,8.90481118874692,36.8806528684362,7.46518484411633,2.28285356174538,6.57413636932175,0.944408870987796,4.61227230927652,0.852126756677241,1.67870851153751,0.220927670033885,1.39992988139782,0.168135138449319
45.3327,101.874,"TRACHYBASALT [19757]",32.6496101935804,63.8784082181658,8.77225670631336,37.2540428794062,7.45865617621378,2.33656152024155,6.48486918039308,0.960642725617989,4.63470309391555,0.828338660812439,1.77113604806995,0.244132209989288,1.40624257889056,0.18434923251161
45.3513,101.7427,"TRACHYBASALT [19757]",26.9505331387398,62.746984268477,8.20624367111905,34.6803834892137,7.24221163830928,2.35986584233518,6.49243908207834,0.970830249511765,4.57413058631968,0.833755558977915,1.87653058185911,0.221077189358987,1.42995532880786,0.189619798028631
45.3845,101.7029,"TRACHYBASALT [19757]",25.1900881268415,58.4365762924958,7.24966546055297,29.4349229720494,6.31739042749501,2.02121066421527,6.0492712351128,0.909892636668262,3.75544729680697,0.705281220398558,1.63050098470468,0.19971207144283,1.36849819862294,0.178837210307203
45.4767,101.8629,"TRACHYBASALT [19757]",34.999237489068,74.5762289584855,8.96770438676418,36.3589761880839,7.44809178068705,2.33804032314094,6.54802528483666,1.00686541974932,4.21802097388589,0.863941850162525,1.65696681544178,0.224622475348774,1.48166376770904,0.175885249645305
45.485,101.849,"TRACHYBASALT [19757]",28.9276834752427,62.8123679444272,7.85588102181412,31.842485612061,6.59025988788058,2.2588970056605,6.0829854882413,0.805006823848169,4.11972573783444,0.77825558964235,1.74244701452386,0.233805104028613,1.30557804686727,0.176741723913563
45.4138,102.1923,"TRACHYBASALT [19757]",25.8772834089316,55.4979487188365,6.85814297446371,29.4188098480807,6.34951319939602,2.08902649766701,6.0460228805409,0.873611605979737,4.47288926591087,0.831818219686267,1.96512663812102,0.250930804062491,1.27482930665117,0.161080201889174
45.4138,102.1927,"TRACHYBASALT [19757]",26.1117308129236,58.8161175303174,6.9183959611281,30.1870168392114,6.27009562061126,2.22050149348815,6.11892426245808,0.929356613672336,4.59718530263463,0.803515787053506,1.99084018686676,0.240473204643619,1.2585836079033,0.16609461107995
45.4147,102.1945,"TRACHYBASALT [19757]",25.1452605376609,55.5727394593573,7.00983817960722,28.4099955136069,6.28219665963619,2.2109377395541,5.77262737465131,0.846058481979174,4.12747932560764,0.713355396939186,1.87448188730924,0.277420305805253,1.35138391710966,0.188310379283235
45.4594,101.9426,"TRACHYBASALT [19757]",31.14,62.6,7.74,33.7,7.7,1.98,4.49,0.66,3.98,0.694209775956587,1.62249182816152,0.216044225818008,1.12,0.18
43.9776,102.9743,"TRACHYBASALT [19757]",30.29,61.66,7.96,36.04,8.09,2.13,6.03,0.805803858746249,4.2,0.742148348190458,1.66794804292707,0.207750780220489,1.12,0.17
43.9767,102.9788,"TRACHYBASALT [19757]",30.87,63.07,8.16,11.9047554865898,3.11736128368145,2.26,6.16,0.826474279903905,4.35,0.731965691115337,1.62249182816153,0.207750780220489,1.08,0.16
43.9773,102.9818,"TRACHYBASALT [19757]",28.57,58.75,7.71,35.58,7.8,2.08,5.94,0.822676975518052,4.08,0.661440411559155,1.52820817338867,0.191664933800532,1.08,0.16
44.0295,103.0713,"TRACHYBASALT [19757]",27.79,56.68,7.674,34.52,7.927,1.976,4.965,0.665,3.974,0.6448975472377,1.437,0.192993491652141,1.062,0.163
44.0389,103.0423,"TRACHYBASALT [19757]",31.18,63.63,8.521,38.21,8.894,2.194,5.695,0.7359,3.857,0.689430869473187,1.59,0.212100974298174,1.185,0.1932
44.0386,103.04,"TRACHYBASALT [19757]",28.19,58.27,7.876,13.8889237426136,3.29645763018201,2.101,5.382,0.6354,3.182,0.562977094282232,1.34,0.18388345852769,0.9723,0.1558
43.9027,103.7313,"TRACHYBASALT [19757]",24.01,49.55,5.86,9.90321391852093,2.67346561852056,1.79,4.88,0.713229573838223,4.33,0.72,1.81627881805989,0.256769043609608,1.54,0.24
43.9021,103.7351,"TRACHYBASALT [19757]",24.44,47.64,5.88,26.37,6.25,1.81,4.95,0.706690645801167,3.89308709775606,0.65236510888826,1.51419747663972,0.203489808686813,1.27,0.21
43.9021,103.7351,"TRACHYBASALT [19757]",22.69,44.89,5.716,24.98,6.339,1.649,4.533,0.6885,3.815,0.768229049143367,1.843,0.264571258694409,1.485,0.2447
42.4177,105.6617,"TRACHYBASALT [19757]",48,90.3,10.5,40.1,8.04,2.38,7.09,1.05,5.29,0.92,2.25,0.32,2.03,0.29
43.7908,99.1931,"TRACHYBASALT [19757]",17.4,36.1,4.75,22.1451529986704,5.19841280535667,1.77,4.87,0.71,4.35,0.88,2.45,0.32,2.26,0.32
44.2367,104.1421,"TRACHYBASALT [19757]",56.5,125,15.2,62.1,12,2.79,9.81,1.34,7.03,1.35,3.31,0.45,2.98,0.44
44.2788,102.2216,"TRACHYBASALT [19757]",22.16,42,5.31,10.8005074482829,2.86960738110661,1.461,3.98,0.5682,3.333,0.679971523322294,1.944,0.30167732152109,1.885,0.3216
44.2778,102.2194,"TRACHYBASALT [19757]",21.42,40.64,5.119,22.29,5.226,1.506,3.889,0.6392,3.879,0.798896880179868,2.134,0.326996168146538,2.056,0.3611
44.7063,102.6572,"TRACHYBASALT [19757]",88.5,195,23.5,98.2,17.2,4.13,14.5,1.75,9.84,1.72,4.51,0.53,3.87,0.54
44.8367,100.7871,"TRACHYBASALT [19757]",36.8,78.8,9.77,39.2,7.7,2.05,7.08,1.02,5.29,1.06,2.46,0.38,2.42,0.41
44.8355,100.7921,"TRACHYBASALT [19757]",44.2,95.1,11.8,49.8,9.15,2.27,8.25,1.14,6.09,1.14,3.02,0.5,2.69,0.45
45.5537,98.3134,"TRACHYBASALT [19757]",13.2156589546531,30.9581613004821,3.69982705255527,14.9215706374653,3.57550531189933,1.35002098652575,3.66982193741317,0.582876811650075,3.16484189505299,0.67061200559584,1.66244183044291,0.20706748094901,1.53507562661145,0.215987097780073
45.5539,98.3114,"TRACHYBASALT [19757]",14.5672588866023,32.6571978368054,3.85298769074838,16.7348983268064,3.92150077635314,1.44442378151989,4.04786983563646,0.650974834524558,3.54130012829888,0.680928371917254,2.13233805610502,0.258645415789194,1.5680745719704,0.259709713486993
45.5547,98.3096,"TRACHYBASALT [19757]",13.885086947666,31.6443493564744,3.71834989614224,15.9346211215953,4.07176680969789,1.40180545953984,3.98295466864033,0.620751027697681,3.42394785198381,0.633026730747483,1.8687761576844,0.26514517918182,1.19857706654488,0.196078889932448
45.5597,98.3102,"TRACHYBASALT [19757]",12.0541341183397,24.8960474859626,3.27772803892417,14.8195944497909,3.44945840192608,1.23821064617957,3.88953363590982,0.541781991828772,3.14097148929271,0.644705835522996,1.67044537567794,0.221370522710306,1.33744419184299,0.170726096410806
45.4909,97.8372,"TRACHYBASALT [19757]",15.6,32,4.09,18.4,4,1.27,3.64,0.57,3.03,0.55,1.45,0.21,1.22,0.19
-25.17,-129.38,"ALKALI BASALT [25803] / TRACHYBASALT [6126]",74.41,154.6,19.88,81.01,16.64,4.74,14.23,2,10.86,1.97,4.91,0.65,3.89,0.55
-25.17,-129.38,"NOT GIVEN [22024] / TRACHYBASALT [6126]",52.57,111,14.43,59.74,12.9,3.69,11.29,1.57,8.53,1.52,3.76,0.49,2.96,0.41
-25.17,-129.38,"NOT GIVEN [22024] / TRACHYBASALT [6126]",82.99,165.54,20.46,79.69,15.6,4.47,12.89,1.82,9.78,1.77,4.35,0.58,3.47,0.48
-25.17,-129.38,"NOT GIVEN [22024] / TRACHYBASALT [6126]",88.28,176.19,21.64,83.73,16.23,4.67,13.63,1.9,10.2,1.84,4.54,0.6,3.6,0.5
-37.1,-12.2,"TEPHRITE [9391] / ALKALI BASALT [15598] / BASALT [26028]",72.4,149,18,70.1,11.9,3.61,9.4,1.2,6.16,1.15,2.78,0.356,2.18,0.28
-37.1,-12.2,"TEPHRITE [9391] / ALKALI BASALT [15598] / BASALT [26028]",66.9,138,16.7,65.8,11.5,3.43,9.06,1.16,5.95,1.11,2.7,0.346,2.08,0.263
