"LATITUDE.MIN","LONGITUDE.MIN","ROCK.NAME","LA.PPM.","CE.PPM.","PR.PPM.","ND.PPM.","SM.PPM.","EU.PPM.","GD.PPM.","TB.PPM.","DY.PPM.","HO.PPM.","ER.PPM.","TM.PPM.","YB.PPM.","LU.PPM."
33.31417,134.19356,"BASALTIC-ANDESITE [19928]",10.3,21,2.9,16,4,1.1,3.8,0.6,3.5,0.7,2.2,0.3,2.5,0.3
25.9,118.9,"BASALTIC-ANDESITE [18059]",60.24,106.5,13.64,55.81,9.54,2.39,7.45,0.95,4.9,0.98,2.36,0.33,1.82,0.27
25.9,118.9,"BASALTIC-ANDESITE [18059]",39.2,169,8.73,34,6.44,1.49,5.68,0.85,4.12,0.93,2.31,0.62,2.04,0.32
55.7908,160.40867,"BASALTIC-ANDESITE [19963]",13.738306,32.2504921,4.57392216,21.7244835,5.49264002,1.71644676,5.92620373,0.869634509,5.30606508,0.938652933,2.98465061,0.50875473,3.212008,0.500849724
55.792,160.40628,"BASALTIC-ANDESITE [19963]",12.6012621,29.5954399,4.25322723,20.5083847,5.26636457,1.62620234,5.65584612,0.852364659,5.26416302,0.93205893,2.96638846,0.506303191,3.13234425,0.490421563
55.76458,160.43569,"BASALTIC-ANDESITE [19963]",11.5737295,28.4544334,4.01671314,19.3501873,4.92724371,1.54384124,5.22076035,0.790587544,4.85485125,0.864791393,2.78891277,0.477268755,2.9849534,0.467793077
55.78814,160.39144,"BASALTIC-ANDESITE [19963]",14.6157236,33.6355591,4.52128601,20.9671097,5.13818073,1.57128239,5.32544136,0.777623415,4.72861338,0.833947957,2.68036366,0.459307134,2.90561795,0.457463413
55.78608,160.409,"BASALTIC-ANDESITE [19963]",12.3946705,28.9224606,4.07437801,19.3649139,4.89705563,1.54860854,5.20574856,0.784729421,4.80896854,0.849772871,2.72735095,0.466290861,2.91749549,0.457850873
55.86244,160.35606,"BASALTIC-ANDESITE [19963]",8.482828431,21.11459893,3.126346383,15.232145,3.696859925,1.220521792,4.053224922,0.611908563,3.837112796,0.781948835,2.251873858,0.320963153,2.141914576,0.327291497
55.86353,160.29303,"BASALTIC-ANDESITE [19963]",9.877531853,23.55325932,3.55395325,17.04685094,4.194168594,1.383381389,4.739446369,0.720811394,4.515450393,0.932848377,2.728964884,0.393882865,2.659043372,0.410365905
55.91894,160.30219,"BASALTIC-ANDESITE [19963]",11.53488476,27.39505353,4.180787849,19.98567399,4.792001809,1.461667808,5.250634217,0.763707013,4.636300816,0.933021145,2.669533886,0.375040181,2.479427552,0.379237802
55.86431,160.38719,"BASALTIC-ANDESITE [19963]",8.749768869,22.81364868,3.48829437,17.36454922,4.434714575,1.473411166,4.933693746,0.748014424,4.675674136,0.955806722,2.738329698,0.391281015,2.620230323,0.401249062
55.79203,160.39322,"BASALTIC-ANDESITE [19963]",10.8784046,26.0286522,3.74372554,18.0853214,4.69121361,1.49888098,4.98461103,0.736491203,4.50199747,0.786748827,2.48231316,0.427264899,2.65933657,0.410185397
55.78269,160.39103,"BASALTIC-ANDESITE [19963]",10.7858114,26.0080624,3.78091407,18.586237,4.95878983,1.55158162,5.32678938,0.798690856,4.88520288,0.853060186,2.6824472,0.452254981,2.78502345,0.428466737
55.87019,160.34333,"BASALTIC-ANDESITE [19963]",9.311129813,23.15122224,3.42555881,16.54095107,4.01970971,1.320100958,4.45592286,0.663410697,4.08750841,0.829222821,2.395159195,0.341487837,2.273734748,0.347214144
55.85903,160.35678,"BASALTIC-ANDESITE [19963]",9.988354229,23.22050206,3.494268996,16.52784574,3.977680118,1.297807588,4.488675678,0.664400003,4.106248069,0.842530264,2.442278618,0.351684046,2.357512721,0.361506072
55.91761,160.30156,"BASALTIC-ANDESITE [19963]",7.145682433,18.2730295,2.807124018,14.06022903,3.648778534,1.224846074,4.195048102,0.648341614,4.074397356,0.834848654,2.394160341,0.340968937,2.276888176,0.347410584
55.80194,160.34267,"BASALTIC-ANDESITE [19963]",19.93038957,53.41296644,8.048906998,37.31604823,8.423575754,2.296347815,9.158533146,1.315125324,7.924796581,1.596782005,4.59664465,0.650861417,4.314270508,0.651923474
55.90003,160.37908,"BASALTIC-ANDESITE [19963]",8.491430486,21.83480251,3.368940856,16.78137718,4.33311618,1.448595893,4.921544583,0.751578277,4.675954525,0.947189226,2.69897621,0.382423648,2.531498836,0.382525935
55.89733,160.35933,"BASALTIC-ANDESITE [19963]",10.19637143,25.0657922,3.565621298,16.8328992,4.042807371,1.29950721,4.486283895,0.666904595,4.12929966,0.849487639,2.467502283,0.355577154,2.401744667,0.370768986
55.896,160.36572,"BASALTIC-ANDESITE [19963]",6.505227666,16.52408258,2.594027767,13.22845302,3.466000099,1.140577525,3.931049791,0.598267794,3.706317011,0.747799537,2.121220516,0.300635837,1.963831243,0.300389712
55.89972,160.34347,"BASALTIC-ANDESITE [19963]",8.859405925,23.01760498,3.504987116,17.35114033,4.405004841,1.455563791,4.888432229,0.741419522,4.607510185,0.947400191,2.727780241,0.391562557,2.636574868,0.404173387
55.88431,160.33503,"BASALTIC-ANDESITE [19963]",11.52882758,27.38019541,4.037641283,18.78012385,4.339603709,1.401574482,4.79179942,0.70543214,4.339723794,0.891864356,2.605171736,0.380621838,2.586894498,0.403306023
55.88544,160.46208,"BASALTIC-ANDESITE [19963]",11.994585,28.2832947,3.99510479,19.2556686,4.90573215,1.5487175,5.13589954,0.751450002,4.49007511,0.785679221,2.46990371,0.412329495,2.548913,0.396014571
55.88433,160.45594,"BASALTIC-ANDESITE [19963]",10.1233702,23.3974609,3.2956965,15.7746115,3.98304033,1.27103913,4.09977913,0.591884077,3.53939509,0.621729493,1.94784176,0.32479766,1.98858011,0.308688104
55.894,160.45158,"BASALTIC-ANDESITE [19963]",10.8283701,25.3834953,3.62240529,17.3204136,4.19984627,1.30473304,4.22831583,0.582580864,3.31893826,0.565320194,1.76895905,0.288609236,1.78354537,0.271712899
55.88814,160.455,"BASALTIC-ANDESITE [19963]",10.5846062,24.5376797,3.45617437,16.4863586,4.11182261,1.30130529,4.24917793,0.606113732,3.60259342,0.626315296,1.97247052,0.329389274,2.02712774,0.31172353
55.89808,160.48278,"BASALTIC-ANDESITE [19963]",12.7207069,29.2121372,3.99510598,18.4343586,4.38938999,1.36222768,4.49557018,0.642778933,3.80605817,0.665378094,2.12833452,0.362773687,2.25737333,0.354256362
55.92061,160.30128,"BASALTIC-ANDESITE [19963]",16.03687589,46.81417933,7.078477017,32.98720295,7.519388827,1.987953773,8.067609961,1.16051111,6.967682934,1.385323265,3.950700437,0.549769587,3.619525494,0.545994499
55.92,160.30142,"BASALTIC-ANDESITE [19963]",22.70359907,52.16162328,7.8940914,36.74985056,8.337196031,2.150426516,9.08654517,1.293924333,7.758941257,1.544324108,4.384197369,0.612827509,4.038446815,0.61430334
55.91953,160.30167,"BASALTIC-ANDESITE [19963]",18.79766084,48.89038827,7.297248823,34.04402731,7.71944765,2.028029985,8.43213278,1.203161799,7.165832525,1.428455262,4.076531163,0.568166828,3.74987489,0.568346286
-20.5833,-176.1433,"BASALT [6407] / BASALTIC-ANDESITE [10608]",3.7,12.91,2.21,12.44,4.58,1.58,6.36,1.14,7.5,1.71,5.13,0.79,5.05,0.78
-36.8,175.1,"BASALTIC-ANDESITE [14571] / BASALTIC-ANDESITE, PYROXENE [6431]",12.9,28,3.4,15.4,3.6,1.2,4.3,0.7,4.5,1,2.7,0.4,2.4,0.4
-36.8,175.1,"BASALTIC-ANDESITE [14571] / BASALTIC-ANDESITE, OLIVINE [6431]",19.4,24,3.8,17.7,4,1.6,6.1,1.1,8,2.1,6.1,0.8,4.6,0.7
-37.7,175.6,"BASALTIC-ANDESITE [14571]",56.2,25,9.4,40.3,8,2.6,11.8,1.9,12.9,3.3,9.2,1.3,7.9,1.2
-37.85,175.66,"BASALTIC-ANDESITE [14571]",95.7,57.9,27.3,133,35.6,10,37.8,6.2,38.2,8.6,22.4,3.3,25.2,3.9
38.42,14.92,"BASALTIC-ANDESITE [19952]",18.3,36.2,4.47,18.1,3.8,1.12,3.54,0.6,3.44,0.7,2.01,0.3,2,0.29
38.42,14.92,"BASALTIC-ANDESITE [19952]",21.8,44.3,5.42,21.8,4.9,1.32,4.31,0.64,3.67,0.72,2.27,0.31,2,0.31
38.41,14.92,"BASALTIC-ANDESITE [19952]",24,47.2,5.75,22.7,4.8,1.2,4.12,0.64,3.57,0.72,2.21,0.32,2.1,0.3
38.41,14.92,"BASALTIC-ANDESITE [19952]",24.7,48,5.7,23.7,4.7,1.32,4.2,0.67,3.41,0.71,2.07,0.32,1.9,0.3
38.41,14.92,"BASALTIC-ANDESITE [19952]",24.3,46.7,5.66,22.3,4.6,1.2,4.1,0.66,3.75,0.8,2.2,0.31,2,0.34
38.41,14.92,"BASALTIC-ANDESITE [19952]",12.5,24.7,3.19,12.9,3,0.86,2.76,0.45,2.57,0.54,1.63,0.25,1.5,0.3
38.41,14.92,"BASALTIC-ANDESITE [19952]",16.3,31.8,3.98,16.1,3.5,0.97,3.06,0.56,2.99,0.63,1.8,0.25,1.8,0.36
38.41,14.92,"BASALTIC-ANDESITE [19952]",17.9,35.5,4.35,17.6,3.9,1.03,3.43,0.57,3.21,0.68,1.88,0.26,1.8,0.34
38.45,14.93,"BASALTIC-ANDESITE [19952]",19.5,33.8,4.81,19.3,4.1,1.08,3.62,0.62,3.14,0.64,1.98,0.28,1.8,0.27
-19.52,169.42,"BASALTIC-ANDESITE [19944]",11.19,23.29,3.51,16.7,4.35,1.17,3.99,0.62,3.99,0.83,2.31,0.34,2.39,0.34
-19.52,169.42,"BASALTIC-ANDESITE [19944]",10.07,22.41,3.06,15.32,3.7,1.15,3.54,0.54,3.48,0.74,2.15,0.34,2.19,0.32
-19.52,169.42,"BASALTIC-ANDESITE [19944]",13.81,30.33,4.28,19.6,4.75,1.38,4.68,0.67,4.39,0.92,2.75,0.41,2.68,0.4
-19.52,169.42,"BASALTIC-ANDESITE [19944]",9.38,21.69,3.11,14.54,3.72,1.22,3.9,0.55,3.77,0.77,2.29,0.34,2.21,0.33
-19.52,169.42,"BASALTIC-ANDESITE [19944]",13.8,30.74,4.21,19.62,4.67,1.38,4.5,0.66,4.25,0.85,2.72,0.39,2.49,0.38
-19.52,169.42,"BASALTIC-ANDESITE [19944]",9.49,21.47,3.02,13.92,3.55,1.08,3.64,0.51,3.4,0.71,2.05,0.31,2.01,0.3
-19.52,169.42,"BASALTIC-ANDESITE [19944]",15.3,34.07,4.75,21.68,5.15,1.39,4.95,0.76,4.71,0.98,2.91,0.45,2.87,0.43
-19.52,169.42,"BASALTIC-ANDESITE [19944]",11.52,25.9,3.72,17.34,4.41,1.32,4.58,0.63,4.22,0.88,2.76,0.39,2.56,0.38
-19.52,169.42,"BASALTIC-ANDESITE [19944]",13.24,29.72,4.09,19.33,4.86,1.35,4.89,0.67,4.4,0.91,2.72,0.42,2.68,0.4
-19.52,169.42,"BASALTIC-ANDESITE [19944]",11.2,25.29,3.56,16.47,4.22,1.3,4.11,0.63,4.06,0.84,2.43,0.37,2.43,0.37
-19.52,169.42,"BASALTIC-ANDESITE [19944]",13.79,29.77,4.17,19.38,4.68,1.3,4.57,0.67,4.38,0.88,2.69,0.38,2.62,0.38
-19.52,169.42,"BASALTIC-ANDESITE [19944]",8.97,19.97,2.83,13.78,3.27,1.09,3.51,0.52,3.16,0.66,2.13,0.3,1.99,0.28
-40.368559,-72.081683,"BASALTIC-ANDESITE [19945]",6.8,16.1,2.35,11.5,3.04,1.13,3.43,0.57,3.27,0.68,2.1,0.29,2.15,0.33
-40.352352,-72.096624,"BASALTIC-ANDESITE [19945]",7.7,19.6,2.59,12.1,3.06,1.14,3.51,0.58,3.77,0.84,2.29,0.31,2.13,0.34
-40.358421,-72.112354,"BASALTIC-ANDESITE [19945]",10,23.9,3.2,13.6,3.6,1.19,3.9,0.61,3.39,0.7,2.29,0.32,2.45,0.36
-40.358421,-72.112354,"BASALTIC-ANDESITE [19945]",10.2,22.7,2.95,14.3,3.49,1.17,3.39,0.59,3.47,0.72,2.15,0.34,2.07,0.34
-40.36682,-72.097051,"BASALTIC-ANDESITE [19945]",9.7,22.8,3.12,16.5,3.63,1.17,4.09,0.59,3.86,0.77,2.13,0.33,2.25,0.36
-40.380328,-72.110581,"BASALTIC-ANDESITE [19945]",7.6,18.6,2.43,11.3,3.04,1.04,3.14,0.59,3.52,0.68,1.96,0.31,1.86,0.3
-40.400972,-72.156296,"BASALTIC-ANDESITE [19945]",7.6,17.1,2.44,11.1,2.9,1.04,3.2,0.57,3.29,0.7,2.07,0.33,2,0.3
-40.404083,-72.162669,"BASALTIC-ANDESITE [19945]",7.5,17.5,2.5,11.3,3.16,1.11,3.42,0.57,3.37,0.73,2.28,0.32,2.13,0.32
-40.40205,-72.159114,"BASALTIC-ANDESITE [19945]",7.3,18.2,2.51,12.5,3.1,1.11,3.36,0.59,3.54,0.73,2.2,0.3,2.01,0.32
-40.403196,-72.146022,"BASALTIC-ANDESITE [19945]",7.8,17.7,2.51,11.7,2.93,1.03,3.1,0.58,3.72,0.7,2.18,0.31,1.97,0.31
-40.394531,-72.147496,"BASALTIC-ANDESITE [19945]",9.6,21.7,3.07,13.1,3.28,1.01,3.58,0.63,3.63,0.71,2.2,0.31,2.24,0.34
18.7103,-99.2094,"BASALTIC-ANDESITE [20033]",17.6,41.6,5.6,21.8,4.7,1.4,3.9,0.65,3.46,0.67,1.9,0.28,1.84,0.27
18.7125,-99.2208,"BASALTIC-ANDESITE [20033]",19.7,46.3,6.3,24.2,5.1,1.5,4.2,0.7,3.61,0.69,1.98,0.29,1.86,0.27
18.7289,-99.2208,"BASALTIC-ANDESITE [20033]",23.2,54.7,7.3,27.7,5.9,1.7,4.7,0.76,3.89,0.75,2.1,0.3,1.97,0.28
18.7464,-99.2025,"BASALTIC-ANDESITE [20033]",18.7,43.9,5.9,23.1,5.1,1.5,4.2,0.69,3.7,0.71,2.07,0.3,1.99,0.29
18.6903,-99.21,"BASALTIC-ANDESITE [20033]",24.9,57.1,7.8,29.9,6.4,1.9,5.2,0.87,4.63,0.89,2.47,0.35,2.25,0.33
18.7008,-99.1906,"BASALTIC-ANDESITE [20033]",20.2,47.6,6.4,24.6,5.3,1.5,4.4,0.71,3.78,0.73,2.02,0.3,1.94,0.29
18.8419,-99.4592,"BASALTIC-ANDESITE [20033]",22.8,53.9,7,27.1,6,1.7,5,0.86,4.55,0.86,2.41,0.35,2.2,0.33
18.8419,-99.4592,"BASALTIC-ANDESITE [20033]",21.2,49.9,6.5,25,5.5,1.6,4.7,0.81,4.26,0.82,2.26,0.32,2.09,0.31
18.7125,-99.7092,"BASALTIC-ANDESITE [20033]",19.2,45.6,6.1,24,5.1,1.5,4,0.6,3.2,0.6,1.6,0.2,1.5,0.2
18.7219,-99.7008,"BASALTIC-ANDESITE [20033]",25.5,60.6,8.2,32,6.7,1.9,5.1,0.8,3.9,0.7,1.9,0.3,1.7,0.3
19.2261,-99.6803,"BASALTIC-ANDESITE [20033]",42.62,111,13.32,46.01,7.33,1.94,5.26,0.68,2.94,0.54,1.37,0.17,1.26,0.18
18.9369,-99.5908,"BASALTIC-ANDESITE [20033]",22.43,46.17,6.1,25.72,5.27,1.59,4.59,0.7,3.64,0.68,1.92,0.27,1.8,0.26
18.9411,-99.5772,"BASALTIC-ANDESITE [20033]",20.24,43.37,5.84,25.11,5.27,1.56,4.58,0.74,3.72,0.66,1.99,0.29,1.74,0.25
19.1628,-99.4292,"BASALTIC-ANDESITE [20034]",24.2,55,8.2,32,5.41,2.42,5,0.9,4.27,0.81,1.89,0.42,2.04,0.49
19.24919,-99.60308,"BASALTIC-ANDESITE [20034]",19,41,5.6,23,5.2,1.56,4.59,0.69,3.91,0.75,2.12,0.31,1.99,0.28
19.19089,-99.43833,"BASALTIC-ANDESITE [20034]",27,62,8.6,37,7.9,2.33,6.72,0.99,5,0.91,2.64,0.38,2.38,0.33
19.1,-99.8333,"BASALTIC-ANDESITE [20034]",11,25,3.5,15,3.6,1.16,3.51,0.55,3.3,0.64,1.85,0.27,1.71,0.25
-39.43,-71.95,"BASALTIC-ANDESITE [19914]",6.9,17.5,2.56,12,3.4,0.97,3.6,0.6,3.7,0.8,2.3,0.37,2.4,0.34
-39.43,-71.95,"BASALTIC-ANDESITE [19914]",7.2,17.8,2.67,12.3,3.5,0.99,3.7,0.6,3.8,0.8,2.3,0.36,2.3,0.33
-39.43,-71.95,"BASALTIC-ANDESITE [19914]",7.3,17.8,2.64,12.5,3.6,1.02,3.9,0.7,3.8,0.8,2.3,0.35,2.3,0.35
-39.43,-71.95,"BASALTIC-ANDESITE [19914]",8,19.7,2.72,13.3,3.6,1.03,3.7,0.7,3.9,0.8,2.3,0.35,2.2,0.35
-39.43,-71.95,"BASALTIC-ANDESITE [19914]",7,17.3,2.62,12.5,3.2,0.93,3.5,0.6,3.6,0.8,2.4,0.37,2.3,0.32
42.0195,113.8545,"BASALTIC-ANDESITE [20063]",30.44,60.15,7.33,26.64,5.16,1.34,5,0.76,4.44,0.91,2.47,0.37,2.31,0.35
41.7685,110.544,"BASALTIC-ANDESITE [20063]",19.1,39.71,5.13,21.93,4.8,1.48,4.19,0.66,3.96,0.79,2.06,0.31,1.97,0.29
10.467,-84.733,"BASALTIC-ANDESITE [9609] / ANDESITE [9612]",11.2,22.3,2.99,12.5,2.86,0.99,2.77,0.423,2.54,0.528,1.47,0.216,1.42,0.218
44.2,81.5,"BASALTIC-ANDESITE [17989]",19.6,40.4,5.06,19.8,4.17,1.23,4.23,0.61,3.74,0.78,2.15,0.33,2.02,0.31
42,127,"BASALTIC-ANDESITE [17986]",26.1,52.5,6.43,25.4,5.63,1.67,4.55,0.75,4.13,0.8,2.02,0.28,1.87,0.24
0.512115,-78.331694,"BASALTIC-ANDESITE [19324]",7.365,16.24566667,2.348,11.73566667,2.865,0.944333333,2.555666667,0.383666667,2.360666667,0.442666667,1.202666667,0.176666667,1.201,0.165333333
0.513731,-78.326549,"BASALTIC-ANDESITE [19324]",6.716,18.55866667,3.236333333,17.46933333,5.067,1.381,4.304666667,0.571333333,3.373666667,0.588,1.442333333,0.211,1.342,0.179
40,30,"BASALTIC-ANDESITE [20101]",31.3,51.8,5.83,22.2,3.82,1.21,3.84,0.5,3.11,0.56,1.59,0.26,1.73,0.25
52,39,"BASALTIC-ANDESITE [20102]",16.7,43,5.69,21.9,4.32,1.33,3.79,0.56,2.91,0.588,1.79,0.255,1.62,0.237
52,39,"BASALTIC-ANDESITE [20102]",17.9,45.1,5.28,21.3,4.32,1.4,3.59,0.531,2.9,0.585,1.8,0.251,1.56,0.238
52,39,"BASALTIC-ANDESITE [20102]",22,49,5.65,20.7,3.88,0.97,3.35,0.494,2.82,0.563,1.81,0.258,1.64,0.24
52,39,"BASALTIC-ANDESITE [20102]",21.1,44.5,4.96,19.3,4.06,1.16,3.79,0.587,3.48,0.725,2.11,0.301,1.97,0.304
52,39,"BASALTIC-ANDESITE [20102]",19.1,46.7,6.06,20.42,3.9,1,3.44,0.524,2.83,0.578,1.83,0.262,1.69,0.251
52,39,"BASALTIC-ANDESITE [20102]",20.3,48.2,5.58,21.8,3.78,1.04,3.37,0.538,2.89,0.601,1.96,0.285,1.87,0.274
52,39,"BASALTIC-ANDESITE [20102]",16.6,39,4.54,17.8,3.48,0.91,3.19,0.499,2.87,0.575,1.83,0.269,1.81,0.256
52,39,"BASALTIC-ANDESITE [20102]",18.4,42,4.84,15.51,2.3,1.01,3.32,0.509,3,0.612,1.98,0.286,1.89,0.283
52,39,"BASALTIC-ANDESITE [20102]",23.4,53.5,6.08,23.5,4.96,1.13,3.95,0.63,3.67,0.786,2.23,0.359,2.17,0.336
52,39,"BASALTIC-ANDESITE [20102]",22.6,52.1,5.89,22.9,4.4,1,3.83,0.601,3.63,0.742,2.16,0.343,2.06,0.313
52,39,"BASALTIC-ANDESITE [20102]",25.2,53.7,5.99,23,4.54,1.08,3.88,0.594,3.67,0.775,2.18,0.327,1.95,0.308
52,39,"BASALTIC-ANDESITE [20102]",25.1,56.3,6.45,25.2,4.69,1.2,4.22,0.659,3.92,0.818,2.37,0.369,2.2,0.338
52.5,40,"BASALTIC-ANDESITE [20102]",16,35.2,4.34,17,3.73,1.07,3.42,0.518,2.99,0.615,1.81,0.25,1.68,0.263
52.5,40,"BASALTIC-ANDESITE [20102]",15.7,34.4,4.14,16.5,3.59,1.02,3.38,0.49,2.95,0.602,1.81,0.249,1.73,0.26
52.5,40,"BASALTIC-ANDESITE [20102]",15.7,34.2,4.15,15.01,3.05,1.01,3.29,0.481,2.77,0.571,1.66,0.244,1.58,0.236
52.5,40,"BASALTIC-ANDESITE [20102]",18.3,39.9,4.71,18.4,3.84,1.16,3.42,0.5,2.83,0.58,1.75,0.245,1.63,0.248
52.5,40,"BASALTIC-ANDESITE [20102]",19.8,42.7,5.03,20.1,3.71,0.99,2.78,0.4,2.38,0.48,1.32,0.21,1.2,0.18
52.5,40,"BASALTIC-ANDESITE [20102]",18.6,39.7,4.74,18.3,3.45,1,2.62,0.38,2.15,0.44,1.24,0.19,1.15,0.18
52.5,40,"BASALTIC-ANDESITE [20102]",18.7,41.1,4.92,19.3,3.66,1.01,2.8,0.38,2.29,0.47,1.32,0.19,1.2,0.18
52.5,40,"BASALTIC-ANDESITE [20102]",19.5,42.7,4.96,19.9,3.59,0.98,2.75,0.4,2.32,0.47,1.33,0.2,1.23,0.18
52.5,40,"BASALTIC-ANDESITE [20102]",17.9,38.6,4.61,18.4,3.47,0.91,2.57,0.37,2.16,0.44,1.23,0.19,1.13,0.17
52.5,40,"BASALTIC-ANDESITE [20102]",18.1,38.9,4.68,18.5,3.52,0.98,2.6,0.41,2.09,0.41,1.18,0.18,1.1,0.16
20.7711,95.28,"BASALTIC-ANDESITE [20049]",27.1,52.2,5.97,23.1,4.51,1.19,4.25,0.65,3.69,0.78,2.29,0.35,2.38,0.37
20.775,95.2619,"BASALTIC-ANDESITE [20049]",43.8,85.4,9.37,35.5,6.27,1.51,5.68,0.81,4.53,0.94,2.74,0.41,2.78,0.43
22.2319,94.9464,"BASALTIC-ANDESITE [20049]",18.8,35.8,4.05,15.7,3.13,0.9,3.02,0.48,2.77,0.59,1.69,0.25,1.73,0.27
20.9111,95.21,"BASALTIC-ANDESITE [20049]",44.1,66,8.97,33.6,5.65,1.72,4.42,0.63,3.14,0.63,1.75,0.25,1.58,0.25
20.9111,95.21,"BASALTIC-ANDESITE [20049]",36.4,67.4,7.75,28.7,5.14,1.61,4.05,0.59,3.03,0.6,1.71,0.24,1.57,0.24
20.9111,95.21,"BASALTIC-ANDESITE [20049]",50.4,96,10.7,39.3,6.75,1.97,4.88,0.69,3.3,0.63,1.78,0.25,1.62,0.25
20.9531,95.19,"BASALTIC-ANDESITE [20049]",58.1,103,10.9,39.7,6.45,1.86,5.53,0.69,3.25,0.64,1.89,0.27,1.75,0.27
20.9531,95.19,"BASALTIC-ANDESITE [20049]",60.5,106,10.8,39,6.29,1.78,5.44,0.67,3.16,0.63,1.83,0.26,1.75,0.27
40.84346,14.39484,"BASALTIC-ANDESITE [20059]",44.2,94.9,11.43,45.5,8.84,2.21,7.45,1.05,4.85,0.88,2.51,0.33,2.12,0.3
40.84568,14.39241,"BASALTIC-ANDESITE [20059]",36.6,72.2,8.87,35.2,7.1,1.85,6.2,0.8,3.95,0.69,1.84,0.26,1.65,0.23
40.84568,14.39241,"BASALTIC-ANDESITE [20059]",36.9,76.9,8.91,35.6,7.62,1.78,6.54,0.79,4.65,0.79,1.76,0.24,1.76,0.23
40.84454,14.39352,"BASALTIC-ANDESITE [20059]",41,84.1,9.94,41,7.61,1.85,6.5,0.82,4.6,0.74,1.9,0.29,1.76,0.26
40.84454,14.39352,"BASALTIC-ANDESITE [20059]",49.2,93.5,11.32,47.7,9.09,2.09,7.74,0.96,5.17,0.82,2.77,0.38,2.32,0.34
49.4539,20.3197,"BASALTIC-ANDESITE [20124]",28.4,49.5,5.72,21.022,4.064,1.21,3.77,0.57,3.38,0.66,1.98,0.28,1.73,0.271
49.4558,20.3189,"BASALTIC-ANDESITE [20124]",25.7,44.4,5.23,18.764,3.812,1.13,3.74,0.56,3.12,0.6,1.81,0.26,1.68,0.246
13.268481,-87.638433,"BASALTIC-ANDESITE [20035]",6.7,14.8,2.18,10.4,2.8,0.96,3,0.5,3.1,0.7,1.9,0.28,1.9,0.3
13.253969,-87.643678,"BASALTIC-ANDESITE [20035]",7.8,16.8,2.44,11.3,3,1.05,3.4,0.6,3.4,0.7,2.1,0.31,2,0.32
13.280008,-87.616742,"BASALTIC-ANDESITE [20035]",9.7,20.7,3.1,14.8,4,1.33,4.6,0.7,4.4,0.9,2.7,0.39,2.6,0.43
13.252967,-87.630831,"BASALTIC-ANDESITE [20035]",7.7,16.9,2.41,11.1,3,1.05,3.3,0.5,3.2,0.7,2,0.3,1.9,0.32
13.285172,-87.650011,"BASALTIC-ANDESITE [20035]",7,16.2,2.43,11.3,3.2,1.1,3.5,0.6,3.6,0.7,2.2,0.32,2.1,0.34
13.285253,-87.654367,"BASALTIC-ANDESITE [20035]",6.9,16,2.35,11.2,3.2,1.09,3.4,0.6,3.5,0.7,2.1,0.31,2,0.33
13.273356,-87.652556,"BASALTIC-ANDESITE [20035]",7.4,17.2,2.54,11.8,3.3,1.14,3.6,0.6,3.6,0.7,2.1,0.31,2,0.33
-7.2,109.92,"BASALTIC-ANDESITE [20041]",33.7,68.3,8.36,30.9,6.65,1.62,6.84,1.05,5.97,1.28,3.59,0.54,3.52,0.55
-7.2,109.92,"BASALTIC-ANDESITE [20041]",25,54.8,6.74,26,5.44,1.6,5.56,0.83,4.55,0.99,2.66,0.41,2.5,0.4
-7.2,109.92,"BASALTIC-ANDESITE [20041]",23.7,47.7,5.65,20.9,4.42,1.11,4.39,0.67,4.07,0.81,2.51,0.39,2.55,0.4
-8.95,148.15,"BASALTIC-ANDESITE [19990]",19.13,50.24,8.03,34.51,7.24,2.01,6.73,0.91,4.93,0.95,2.51,0.41,2.51,0.39
-8.95,148.15,"BASALTIC-ANDESITE [19990]",16.85,41.14,6.36,27.29,5.75,1.61,5.58,0.77,4.24,0.86,2.24,0.36,2.23,0.35
-8.95,148.15,"BASALTIC-ANDESITE [19990]",17.46,37.04,5.18,21.72,4.54,1.36,4.27,0.61,3.38,0.66,1.71,0.27,1.63,0.26
-8.95,148.15,"BASALTIC-ANDESITE [19990]",10.84,25.15,3.97,17.74,4.06,1.21,4.12,0.59,3.21,0.66,1.68,0.27,1.63,0.25
-8.95,148.15,"BASALTIC-ANDESITE [19990]",11.83,27.08,4.13,18.11,4.03,1.2,4,0.57,3.15,0.67,1.65,0.27,1.61,0.26
-8.95,148.15,"BASALTIC-ANDESITE [19990]",13.37,38.22,6.69,30.92,7.1,1.97,6.98,0.99,5.43,1.09,2.86,0.47,2.85,0.44
-8.95,148.15,"BASALTIC-ANDESITE [19990]",12.58,36.11,6.07,27.13,6.01,1.91,5.9,0.83,4.54,0.9,2.33,0.37,2.25,0.35
-8.95,148.15,"BASALTIC-ANDESITE [19990]",13.26,29.61,4.51,19.56,4.34,1.32,4.55,0.66,3.62,0.75,1.93,0.31,1.85,0.28
-8.95,148.15,"BASALTIC-ANDESITE [19990]",18.79,46.15,7.03,29.6,5.97,1.73,5.74,0.78,4.27,0.84,2.25,0.37,2.25,0.36
20,100,"BASALTIC-ANDESITE [20167]",30.81,62.56,7.81,31.6,6.15,1.68,5.75,0.95,5.11,1.07,2.87,0.4,2.74,0.4
20,100,"BASALTIC-ANDESITE [20167]",27.06,56.02,6.97,28.46,5.78,1.7,5.4,0.87,4.72,1.02,2.57,0.38,2.41,0.35
20,100,"BASALTIC-ANDESITE [20167]",28.07,57.42,7.18,30.48,6.33,2.01,5.58,0.85,4.52,0.95,2.52,0.37,2.19,0.31
20,100,"BASALTIC-ANDESITE [20167]",28.94,59.15,7.6,31.65,6.64,2.04,5.81,0.89,4.89,0.99,2.62,0.37,2.32,0.32
20,100,"BASALTIC-ANDESITE [20167]",28.61,59.61,7.52,31.35,6.52,1.95,5.79,0.88,4.65,1.03,2.53,0.37,2.23,0.34
20,100,"BASALTIC-ANDESITE [20167]",29.49,61.02,7.56,30.9,6.51,1.88,5.59,0.87,4.65,1.01,2.72,0.37,2.25,0.32
20,100,"BASALTIC-ANDESITE [20167]",29.92,60.74,7.78,31.6,6.55,1.98,5.71,0.92,4.77,1.05,2.82,0.4,2.47,0.36
20,100,"BASALTIC-ANDESITE [20167]",28.89,60.03,7.72,31.66,6.41,1.83,5.51,0.85,4.76,0.99,2.74,0.35,2.2,0.32
41,37,"BASALTIC-ANDESITE [20174]",19.3,40.5,5.26,21.5,4.73,1.22,4.42,0.69,3.79,0.74,2.22,0.31,1.95,0.3
41,37,"BASALTIC-ANDESITE [20174]",17.4,36.9,4.84,19.4,4.27,1.11,4.17,0.65,3.58,0.69,2.11,0.28,1.9,0.29
41,37,"BASALTIC-ANDESITE [20174]",17,35.5,4.72,20,4.76,1.26,4.3,0.69,3.66,0.78,2.16,0.32,1.93,0.31
21,104,"BASALTIC-ANDESITE [20175]",13.8,31.2,3.5,13.4,2.92,0.88,3.22,0.62,3.73,0.78,2.34,0.34,2.32,0.34
38.404,14.962,"BASALTIC-ANDESITE [20172]",46.58,91.49,12.28,46.58,9.55,2.17,9.57,1.2,6.91,1.39,3.77,0.53,3.42,0.52
34.792,139.301,"BASALTIC-ANDESITE [20107]",2.23,6.87,1.04,6.08,2.16,0.82,3.02,0.61,3.93,0.88,2.61,0.39,2.57,0.41
34.793,139.3,"BASALTIC-ANDESITE [20107]",2.09,6.5,0.99,5.85,2.17,0.81,3.02,0.6,3.78,0.85,2.6,0.39,2.46,0.4
34.793,139.3,"BASALTIC-ANDESITE [20107]",2.18,6.58,0.99,6.04,2.04,0.77,2.72,0.57,3.62,0.84,2.45,0.36,2.48,0.37
34.794,139.297,"BASALTIC-ANDESITE [20107]",2.19,6.67,1.03,5.98,2.12,0.81,2.89,0.56,3.95,0.84,2.44,0.36,2.46,0.39
34.794,139.295,"BASALTIC-ANDESITE [20107]",2.09,6.17,1.01,5.7,2.17,0.88,3.11,0.58,3.85,0.85,2.57,0.42,2.65,0.4
34.795,139.295,"BASALTIC-ANDESITE [20107]",2.2,6.47,1.07,5.96,2.18,0.85,3.17,0.59,4.09,0.9,2.65,0.39,2.46,0.41
34.8,139.296,"BASALTIC-ANDESITE [20107]",2.07,6.05,0.97,5.71,2.08,0.81,2.9,0.56,3.79,0.81,2.53,0.39,2.45,0.39
34.818,139.223,"BASALTIC-ANDESITE [20107]",2.32,7.18,1.07,6.44,2.2,0.84,3.18,0.58,4,0.87,2.62,0.41,2.6,0.39
34.818,139.224,"BASALTIC-ANDESITE [20107]",2.24,6.77,1.04,6.17,2.18,0.82,3.03,0.57,3.83,0.88,2.52,0.4,2.56,0.4
34.817,139.227,"BASALTIC-ANDESITE [20107]",2.28,6.96,1.14,6.29,2.4,0.86,3.24,0.62,4.08,0.89,2.67,0.42,2.66,0.42
34.816,139.227,"BASALTIC-ANDESITE [20107]",2.29,6.9,1.16,6.38,2.37,0.86,3.25,0.61,3.97,0.87,2.74,0.41,2.59,0.41
34.816,139.227,"BASALTIC-ANDESITE [20107]",2.24,6.67,1.06,6.18,2.29,0.86,3.19,0.62,3.98,0.92,2.67,0.43,2.64,0.42
34.816,139.229,"BASALTIC-ANDESITE [20107]",2.25,6.78,1.08,6.41,2.26,0.83,3.24,0.58,3.84,0.89,2.65,0.41,2.61,0.4
34.815,139.23,"BASALTIC-ANDESITE [20107]",2.34,6.92,1.17,6.24,2.25,0.83,3.23,0.59,3.95,0.9,2.6,0.41,2.62,0.4
34.815,139.232,"BASALTIC-ANDESITE [20107]",2.24,6.96,1.1,6.34,2.28,0.86,3.07,0.58,3.98,0.87,2.67,0.42,2.62,0.4
34.815,139.234,"BASALTIC-ANDESITE [20107]",2.24,6.86,1.06,6.05,2.26,0.83,3,0.59,4,0.86,2.5,0.39,2.55,0.39
34.836,139.271,"BASALTIC-ANDESITE [20107]",2.34,6.8,1.08,6.24,2.23,0.76,3.1,0.56,3.91,0.82,2.5,0.38,2.54,0.4
34.836,139.271,"BASALTIC-ANDESITE [20107]",2.36,6.95,1.06,6.22,2.24,0.77,3.05,0.58,3.94,0.82,2.6,0.37,2.44,0.37
34.836,139.271,"BASALTIC-ANDESITE [20107]",2.38,7.04,1.16,6.36,2.24,0.81,3.01,0.57,3.83,0.84,2.55,0.37,2.47,0.38
34.836,139.271,"BASALTIC-ANDESITE [20107]",2.31,6.65,1.1,6.35,2.09,0.82,2.97,0.55,3.63,0.83,2.38,0.38,2.32,0.36
34.844,139.249,"BASALTIC-ANDESITE [20107]",2.3,6.85,1.11,6.08,2.21,0.81,2.96,0.58,3.69,0.82,2.42,0.38,2.46,0.37
34.844,139.25,"BASALTIC-ANDESITE [20107]",2.26,6.6,1.11,5.98,2.2,0.84,2.98,0.57,3.66,0.84,2.45,0.39,2.41,0.38
34.844,139.25,"BASALTIC-ANDESITE [20107]",2.38,6.99,1.12,5.91,2.08,0.78,2.9,0.55,3.53,0.81,2.36,0.37,2.34,0.36
34.836,139.272,"BASALTIC-ANDESITE [20107]",2.32,7.03,1.08,6.11,2.3,0.82,3.03,0.6,3.9,0.85,2.54,0.4,2.49,0.4
34.836,139.271,"BASALTIC-ANDESITE [20107]",2.38,7.12,1.06,6.27,2.39,0.85,3.2,0.59,3.86,0.85,2.64,0.38,2.61,0.38
34.836,139.268,"BASALTIC-ANDESITE [20107]",2.32,6.78,1.08,6.14,2.3,0.81,3.14,0.57,3.67,0.83,2.53,0.37,2.46,0.39
34.838,139.267,"BASALTIC-ANDESITE [20107]",2.32,6.93,1.06,6.08,2.1,0.78,2.91,0.55,3.81,0.85,2.46,0.36,2.51,0.39
34.813,139.303,"BASALTIC-ANDESITE [20107]",2.11,6.4,1.03,5.86,2.06,0.76,2.9,0.51,3.49,0.8,2.35,0.33,2.27,0.36
34.815,139.304,"BASALTIC-ANDESITE [20107]",2.23,6.22,0.98,5.68,2.02,0.76,2.93,0.51,3.54,0.77,2.32,0.32,2.33,0.35
34.817,139.305,"BASALTIC-ANDESITE [20107]",2.11,6.05,0.97,5.58,2.06,0.83,2.83,0.54,3.62,0.8,2.41,0.38,2.27,0.37
34.818,139.305,"BASALTIC-ANDESITE [20107]",2.24,6.59,1,5.8,2,0.78,2.85,0.54,3.48,0.77,2.23,0.32,2.28,0.35
34.858,139.242,"BASALTIC-ANDESITE [20107]",2.22,6.59,1,5.62,2.02,0.77,2.71,0.5,3.22,0.73,2.18,0.36,2.19,0.34
34.665,139.447,"BASALTIC-ANDESITE [20107]",2.34,7.04,1.14,6.09,2.21,0.82,3,0.58,3.92,0.88,2.52,0.39,2.5,0.39
34.666,139.447,"BASALTIC-ANDESITE [20107]",2.36,6.82,1.08,6.32,2.32,0.85,3.31,0.59,3.9,0.89,2.69,0.41,2.63,0.41
34.666,139.447,"BASALTIC-ANDESITE [20107]",2.24,6.88,1.03,6.18,2.2,0.84,3.1,0.6,3.85,0.87,2.59,0.4,2.52,0.38
34.659,139.448,"BASALTIC-ANDESITE [20107]",2.08,6.24,1.02,5.71,2,0.7,2.64,0.53,3.66,0.77,2.35,0.33,2.36,0.37
34.659,139.448,"BASALTIC-ANDESITE [20107]",2.26,6.86,1.22,6.21,2.19,0.77,3.01,0.59,3.9,0.85,2.48,0.36,2.5,0.38
34.659,139.448,"BASALTIC-ANDESITE [20107]",2.24,6.74,1.1,6.09,2.19,0.84,2.91,0.56,3.82,0.85,2.48,0.46,2.45,0.38
34.659,139.448,"BASALTIC-ANDESITE [20107]",2.06,6.14,1.04,5.81,2.03,0.74,2.76,0.51,3.66,0.78,2.31,0.34,2.37,0.37
34.656,139.448,"BASALTIC-ANDESITE [20107]",2.32,7.09,1.05,6.29,2.18,0.78,3.07,0.56,3.8,0.83,2.49,0.39,2.43,0.37
34.657,139.449,"BASALTIC-ANDESITE [20107]",2.33,7.01,1.11,6.13,2.27,0.81,3.06,0.57,3.91,0.85,2.58,0.4,2.4,0.39
34.658,139.449,"BASALTIC-ANDESITE [20107]",2.14,6.53,0.99,5.71,1.98,0.78,2.86,0.55,3.77,0.83,2.42,0.37,2.42,0.37
34.659,139.451,"BASALTIC-ANDESITE [20107]",2.24,6.83,1.13,6.23,2.21,0.84,2.99,0.57,3.78,0.84,2.54,0.4,2.47,0.38
34.652,139.472,"BASALTIC-ANDESITE [20107]",2.22,6.68,1.09,6.26,2.18,0.76,3,0.58,3.86,0.88,2.55,0.38,2.54,0.39
34.652,139.472,"BASALTIC-ANDESITE [20107]",2.21,6.8,1.1,6.13,2.18,0.78,2.99,0.57,3.85,0.86,2.52,0.37,2.51,0.39
34.652,139.472,"BASALTIC-ANDESITE [20107]",2.32,7.01,1.12,6.25,2.19,0.76,2.84,0.56,3.8,0.84,2.45,0.35,2.46,0.39
34.635,139.489,"BASALTIC-ANDESITE [20107]",2.29,6.92,1.07,6.22,2.19,0.81,2.96,0.56,3.75,0.83,2.49,0.38,2.41,0.37
34.635,139.489,"BASALTIC-ANDESITE [20107]",2.16,6.67,1.07,6.02,2.14,0.81,2.94,0.56,3.77,0.87,2.45,0.4,2.43,0.39
34.636,139.488,"BASALTIC-ANDESITE [20107]",2.3,7.18,1.1,6.22,2.25,0.81,2.87,0.57,3.72,0.84,2.47,0.38,2.42,0.38
34.636,139.488,"BASALTIC-ANDESITE [20107]",2.18,6.65,1.04,5.97,2.11,0.79,2.99,0.55,3.7,0.85,2.45,0.39,2.47,0.4
34.641,139.481,"BASALTIC-ANDESITE [20107]",2.24,6.69,1.03,5.97,2.12,0.85,2.91,0.55,3.71,0.83,2.45,0.39,2.44,0.37
34.643,139.48,"BASALTIC-ANDESITE [20107]",2.1,6.29,0.99,5.86,2.05,0.84,2.92,0.55,3.66,0.83,2.47,0.41,2.43,0.38
34.643,139.48,"BASALTIC-ANDESITE [20107]",2.26,6.62,0.98,5.77,2.07,0.81,3.06,0.55,3.58,0.81,2.45,0.37,2.42,0.36
34.666,139.473,"BASALTIC-ANDESITE [20107]",2.12,6.46,1.03,5.71,2.09,0.79,2.94,0.54,3.7,0.81,2.43,0.37,2.37,0.37
34.651,139.473,"BASALTIC-ANDESITE [20107]",2.23,6.62,1.04,6.17,2.2,0.85,3.06,0.6,3.87,0.89,2.59,0.4,2.55,0.4
34.652,139.473,"BASALTIC-ANDESITE [20107]",2.3,6.83,1.03,6.05,2.19,0.79,3.14,0.58,3.82,0.86,2.55,0.39,2.45,0.4
34.653,139.472,"BASALTIC-ANDESITE [20107]",2.31,6.87,1.09,6.48,2.27,0.86,3.22,0.6,3.95,0.92,2.66,0.43,2.63,0.42
34.653,139.472,"BASALTIC-ANDESITE [20107]",2.21,6.71,1.04,6.25,2.16,0.8,3.03,0.57,3.83,0.84,2.52,0.38,2.54,0.38
34.653,139.471,"BASALTIC-ANDESITE [20107]",2.29,6.78,1.06,6.22,2.23,0.9,3.19,0.59,3.92,0.86,2.59,0.41,2.54,0.4
34.656,139.467,"BASALTIC-ANDESITE [20107]",2.27,6.63,1.09,6.14,2.2,0.83,3.11,0.57,3.84,0.84,2.49,0.39,2.49,0.38
34.657,139.466,"BASALTIC-ANDESITE [20107]",2.31,6.98,1.08,6.34,2.34,0.82,3.37,0.61,3.98,0.89,2.63,0.43,2.63,0.41
34.657,139.483,"BASALTIC-ANDESITE [20107]",2.31,7.04,1.12,6.27,2.3,0.85,3.34,0.6,4.04,0.9,2.74,0.42,2.69,0.41
34.684,139.487,"BASALTIC-ANDESITE [20107]",2.4,7.09,1.1,6.12,2.07,0.71,2.79,0.53,3.48,0.79,2.36,0.34,2.24,0.35
34.684,139.487,"BASALTIC-ANDESITE [20107]",2.42,7.08,1.1,5.98,1.97,0.69,2.58,0.5,3.36,0.76,2.25,0.33,2.24,0.34
34.684,139.487,"BASALTIC-ANDESITE [20107]",2.47,7.29,1.12,6.27,2.09,0.7,2.69,0.53,3.46,0.79,2.34,0.34,2.25,0.35
34.684,139.487,"BASALTIC-ANDESITE [20107]",2.58,7.55,1.14,6.32,2.27,0.93,3.14,0.57,3.74,0.82,2.44,0.43,2.48,0.39
34.69,139.481,"BASALTIC-ANDESITE [20107]",2.33,6.77,1.05,5.71,1.89,0.73,2.57,0.48,3.29,0.75,2.15,0.4,2.13,0.33
34.69,139.481,"BASALTIC-ANDESITE [20107]",2.33,6.76,1.07,5.84,2,0.72,2.62,0.51,3.42,0.77,2.26,0.33,2.17,0.34
34.69,139.481,"BASALTIC-ANDESITE [20107]",2.25,6.81,0.98,5.53,1.93,0.7,2.58,0.5,3.36,0.72,2.18,0.34,2.18,0.35
34.686,139.487,"BASALTIC-ANDESITE [20107]",2.46,7.23,1.06,6.06,1.95,0.78,2.85,0.53,3.35,0.79,2.33,0.34,2.2,0.35
34.686,139.486,"BASALTIC-ANDESITE [20107]",2.48,7.31,1.13,6.09,2.06,0.82,2.84,0.54,3.59,0.8,2.36,0.37,2.32,0.37
34.686,139.486,"BASALTIC-ANDESITE [20107]",2.42,7.11,1.07,6.15,2.11,0.86,3.03,0.54,3.6,0.79,2.41,0.39,2.35,0.37
34.686,139.486,"BASALTIC-ANDESITE [20107]",2.43,7.32,1.07,5.93,1.92,0.75,2.63,0.5,3.37,0.76,2.19,0.34,2.25,0.33
34.686,139.486,"BASALTIC-ANDESITE [20107]",2.39,7.1,1.09,6.16,2.24,0.8,3.02,0.56,3.6,0.8,2.37,0.37,2.34,0.37
34.686,139.486,"BASALTIC-ANDESITE [20107]",2.46,7.2,1.06,6.12,2.12,0.82,2.87,0.55,3.48,0.81,2.3,0.37,2.31,0.36
34.688,139.482,"BASALTIC-ANDESITE [20107]",2.37,6.95,1.04,5.96,2.28,0.82,2.9,0.54,3.43,0.78,2.4,0.37,2.3,0.36
34.688,139.481,"BASALTIC-ANDESITE [20107]",2.3,6.93,1,5.55,1.88,0.69,2.52,0.49,3.16,0.71,2.09,0.32,2.1,0.3
34.756,139.351,"BASALTIC-ANDESITE [20107]",2.31,6.79,1.13,6.43,2.25,0.84,3.38,0.62,4.13,0.91,2.68,0.41,2.64,0.42
34.745,139.354,"BASALTIC-ANDESITE [20107]",2.31,6.8,1.1,6.39,2.29,0.85,3.33,0.6,3.97,0.89,2.65,0.43,2.68,0.4
34.751,139.376,"BASALTIC-ANDESITE [20107]",2.32,6.85,1.07,6.33,2.32,0.84,3.21,0.62,4.09,0.92,2.69,0.4,2.7,0.41
34.751,139.376,"BASALTIC-ANDESITE [20107]",2.34,6.81,1.07,6.23,2.24,0.85,3.2,0.6,4.01,0.9,2.69,0.39,2.62,0.41
34.689,139.408,"BASALTIC-ANDESITE [20107]",2.13,6.54,1.04,6.01,2.2,0.8,3.11,0.58,3.84,0.86,2.55,0.39,2.5,0.39
34.698,139.398,"BASALTIC-ANDESITE [20107]",2.3,6.91,1.09,6.31,2.26,0.84,3.14,0.6,3.9,0.86,2.62,0.41,2.52,0.41
34.696,139.413,"BASALTIC-ANDESITE [20107]",2.19,6.63,1.02,6.01,2.19,0.79,3.09,0.58,3.82,0.85,2.54,0.4,2.51,0.39
34.69,139.417,"BASALTIC-ANDESITE [20107]",2.11,6.44,1.02,5.92,2.23,0.77,3.17,0.6,3.73,0.84,2.47,0.4,2.44,0.38
34.688,139.417,"BASALTIC-ANDESITE [20107]",2.16,6.42,1.04,6.02,2.16,0.8,3.18,0.58,3.81,0.85,2.52,0.4,2.55,0.39
34.709,139.4,"BASALTIC-ANDESITE [20107]",2.17,6.56,1.04,6.07,2.24,0.81,3.04,0.57,3.86,0.86,2.49,0.4,2.55,0.39
34.683,139.424,"BASALTIC-ANDESITE [20107]",2.21,6.72,1.07,6.19,2.25,0.82,3.25,0.59,3.87,0.87,2.57,0.41,2.51,0.39
34.683,139.424,"BASALTIC-ANDESITE [20107]",2.19,6.61,1.09,6.23,2.23,0.77,3.15,0.59,3.84,0.87,2.58,0.41,2.56,0.38
34.682,139.423,"BASALTIC-ANDESITE [20107]",2.22,6.68,1.07,6.2,2.18,0.8,3.23,0.59,3.94,0.85,2.59,0.41,2.51,0.4
34.683,139.423,"BASALTIC-ANDESITE [20107]",2.21,6.58,1.05,6.16,2.28,0.8,3.24,0.58,3.86,0.89,2.54,0.39,2.51,0.38
34.683,139.423,"BASALTIC-ANDESITE [20107]",2.18,6.61,1.05,6.26,2.23,0.82,3.34,0.59,3.99,0.87,2.61,0.41,2.56,0.39
34.688,139.42,"BASALTIC-ANDESITE [20107]",2.3,6.78,1.1,6.25,2.31,0.84,3.29,0.59,4.05,0.88,2.63,0.39,2.64,0.4
34.688,139.42,"BASALTIC-ANDESITE [20107]",2.33,6.86,1.11,6.22,2.29,0.85,3.19,0.59,4.04,0.9,2.63,0.38,2.61,0.41
34.688,139.419,"BASALTIC-ANDESITE [20107]",2.31,6.91,1.1,6.13,2.37,0.82,3.02,0.6,3.99,0.89,2.66,0.38,2.55,0.39
34.688,139.419,"BASALTIC-ANDESITE [20107]",2.22,6.63,1.06,6.09,2.2,0.8,3,0.61,3.97,0.88,2.67,0.38,2.55,0.41
34.866,139.25,"BASALTIC-ANDESITE [20107]",5.08,14,1.99,9.84,2.65,0.98,3.05,0.52,3.19,0.68,1.92,0.29,1.83,0.28
34.843,139.252,"BASALTIC-ANDESITE [20107]",5.31,13.9,1.89,9.27,2.39,0.87,2.75,0.46,2.71,0.59,1.72,0.26,1.63,0.25
34.794,139.24,"BASALTIC-ANDESITE [20107]",5.53,14.2,2.03,10.3,2.68,0.94,3.02,0.51,3.12,0.67,1.89,0.3,1.83,0.29
34.793,139.241,"BASALTIC-ANDESITE [20107]",5.44,14.3,2,10.1,2.72,0.98,3.1,0.51,3.17,0.66,1.97,0.3,1.81,0.29
34.793,139.242,"BASALTIC-ANDESITE [20107]",5.73,14.7,2,10.1,2.49,0.92,2.89,0.48,2.89,0.63,1.79,0.28,1.7,0.27
48.31767,151.8355,"NOT GIVEN [6484] / BASALTIC-ANDESITE [16067]",14.1,31.2,4.07,18.2,4.08,1.38,4.29,0.59,3.32,0.69,1.93,0.29,1.99,0.32
48.31767,151.8355,"NOT GIVEN [6484] / BASALTIC-ANDESITE [16067]",14.5,31.9,4.28,18.7,4.1,1.37,4.25,0.62,3.36,0.69,2.07,0.3,2.05,0.33
33,-6,"BASALTIC-ANDESITE [20219]",8.93,17.9,2.6,11.3,2.92,1.03,3.27,0.52,3.41,0.7,2.01,0.31,2.04,0.31
33,-6,"BASALTIC-ANDESITE [20219]",9.47,20.7,3,14,3.72,1.27,4.27,0.67,4.39,0.92,2.62,0.39,2.55,0.38
33,-6,"BASALTIC-ANDESITE [20219]",13.3,33.5,4.93,22.9,6.12,1.59,6.94,1.18,7.8,1.66,4.84,0.75,4.96,0.75
34.7911,132.2128,"BASALTIC-ANDESITE, CLINOPYROXENE [19747]",19.8,45.3,5.44,22.2,4.89,1.34,4.58,0.71,4.12,0.81,2.33,0.344,2.26,0.359
34.5,131.8,"BASALTIC-ANDESITE [19747]",7.66,18.1,2.3,10.4,2.51,0.888,2.63,0.42,2.45,0.48,1.38,0.205,1.34,0.22
34.5,131.5,"BASALTIC-ANDESITE [19747]",14.8,34,4.19,18.2,4.44,1.3,4.43,0.72,4.12,0.82,2.41,0.353,2.3,0.367
52,-5,"BASALTIC-ANDESITE [20301]",18.47,45.39,6.35,29.58,8.11,2.38,9.06,1.57,9.84,1.87,5.42,0.88,5.61,0.82
52,-5,"BASALTIC-ANDESITE [20301]",36.32,5.72,29.2,8.86,3.11,10.33,1.84,11.7,2.26,6.59,1.08,6.96,1.02,4.5
44.8,90.3,"BASALTIC-ANDESITE [17846]",17.1,39.9,5.32,21.41,4.69,1.41,4.72,0.7,4.66,1.01,2.74,0.43,3.06,0.49
44.8,90.3,"BASALTIC-ANDESITE [17846]",19.5,44,6.37,27.2,6,1.8,6.44,0.96,6.22,1.27,3.38,0.49,3.3,0.52
32,119,"BASALTIC-ANDESITE [17826]",15.63,35.26,4.14,15.27,3.129,0.78,3.36,0.5,3.27,0.73,2.21,0.32,2.28,0.32
32,119,"BASALTIC-ANDESITE [17826]",23.31,47.09,5.52,21.53,4.225,1.2,4.01,0.54,3.51,0.7,2.14,0.33,2.32,0.3
32,119,"BASALTIC-ANDESITE [17826]",19.13,40.09,4.38,18.23,4.04,0.98,3.52,0.52,3.1,0.67,2,0.34,2.33,0.33
32,119,"BASALTIC-ANDESITE [17826]",19.13,39.75,4.61,19.01,4.019,1.26,3.94,0.55,3.36,0.75,2.16,0.28,2.18,0.28
32,119,"BASALTIC-ANDESITE [17826]",26.56,54.45,6.07,24.03,5.022,1.45,4.76,0.67,4.01,0.79,2.37,0.34,2.19,0.31
32,119,"BASALTIC-ANDESITE [17826]",35.72,69.46,7.45,28.37,5.432,1.56,4.78,0.65,3.64,0.71,2.04,0.31,2.1,0.29
32,119,"BASALTIC-ANDESITE [17826]",25.84,53.04,6.03,22.92,4.62,1.31,4.4,0.61,3.45,0.7,2.1,0.3,1.98,0.3
32,119,"BASALTIC-ANDESITE [17826]",21.89,45.2,5.08,19.87,4.084,1.29,3.97,0.56,3.39,0.71,2.14,0.3,2.09,0.3
44,94,"BASALTIC-ANDESITE [17809]",16.73,34.79,4.67,18.141,3.714,1.19,3.24,0.45,2.46,0.48,1.27,0.19,1.19,0.18
44,94,"BASALTIC-ANDESITE [17809]",16.85,34.25,4.65,17.18,3.518,1.2,3.24,0.46,2.53,0.5,1.29,0.2,1.22,0.19
36.8,139.037,"BASALTIC-ANDESITE, OLIVINE [20281]",15.39,34.02,4.18,16.9,3.84,1.14,3.85,0.63,3.69,0.8,2.28,0.34,2.09,0.32
36.81,139.035,"BASALTIC-ANDESITE, OLIVINE [20281]",12.62,26.67,3.48,14.23,3.34,0.92,3.3,0.54,3.31,0.72,2.23,0.34,1.97,0.29
38.25,138.405,"BASALTIC-ANDESITE, OLIVINE [20281]",47.2,106.39,13.18,52.64,10.81,2.8,10.08,1.49,8.58,1.73,4.72,0.69,4.2,0.62
37.51,137.345,"BASALTIC-ANDESITE, OLIVINE [20281]",28.43,65.52,8.3,33.91,6.96,1.99,6.03,0.87,4.81,0.93,2.51,0.37,2.22,0.33
37.51,137.345,"BASALTIC-ANDESITE, OLIVINE [20281]",23.8,55.15,6.95,28.49,6,1.68,5.29,0.77,4.13,0.8,2.24,0.33,1.95,0.3
25,115,"BASALTIC-ANDESITE [20338]",24.7,49.5,6.58,26.5,5.91,1.74,5.8,0.93,5.46,1.1,2.98,0.44,2.73,0.4
25,115,"BASALTIC-ANDESITE [20338]",23.3,48.5,6.49,26.5,5.79,1.71,5.69,0.92,5.4,1.09,2.94,0.43,2.67,0.4
25,115,"BASALTIC-ANDESITE [20338]",22.5,51.4,6.16,25.2,5.41,1.76,5.31,0.86,5.09,1.04,2.81,0.41,2.54,0.38
25,115,"BASALTIC-ANDESITE [20338]",29.1,58.1,7.65,31.1,6.86,2.13,6.89,1.1,6.52,1.31,3.63,0.53,3.3,0.5
25,115,"BASALTIC-ANDESITE [20338]",33.8,70.2,9.4,38,8.16,2.31,7.81,1.21,6.84,1.35,3.58,0.51,3.1,0.46
25,115,"BASALTIC-ANDESITE [20338]",34.2,71.1,9.5,38.6,8.26,2.31,7.87,1.23,6.94,1.36,3.62,0.51,3.12,0.46
25,115,"BASALTIC-ANDESITE [20338]",32.5,69.4,9.06,36.8,7.83,2.21,7.57,1.17,6.64,1.31,3.5,0.49,3.04,0.45
25,115,"BASALTIC-ANDESITE [20338]",25.4,52.9,7.27,30.3,6.29,1.87,5.75,0.87,4.78,0.94,2.4,0.34,2.08,0.31
25,115,"BASALTIC-ANDESITE [20338]",27.2,57.1,7.89,33,7.45,2.22,7.19,1.15,6.75,1.35,3.62,0.52,3.23,0.48
25,115,"BASALTIC-ANDESITE [20338]",27.4,58.3,8.02,33.6,7.48,2.28,7.35,1.17,6.85,1.36,3.7,0.54,3.29,0.49
25,115,"BASALTIC-ANDESITE [20338]",27,56.7,7.63,31.4,6.91,2.07,6.84,1.11,6.43,1.28,3.44,0.49,3.05,0.45
25,115,"BASALTIC-ANDESITE [20338]",26.9,58.4,7.98,32.8,7.26,1.95,6.98,1.11,6.44,1.3,3.46,0.5,3.04,0.45
25,115,"BASALTIC-ANDESITE [20338]",27.2,58.1,7.88,32.6,7.29,2.06,7.1,1.14,6.66,1.32,3.53,0.5,3.11,0.46
38,139,"BASALTIC-ANDESITE [19989]",12.8,29.1,3.84,17.3,4.16,1.25,4.39,0.704,4.38,0.962,2.81,0.378,2.45,0.413
38,139,"BASALTIC-ANDESITE [19989]",10.9,25.7,3.4,15.7,3.67,1.16,4.3,0.607,4.06,0.842,2.37,0.353,2.02,0.31
39.13,140.07,"BASALTIC-ANDESITE [19989]",16.9,37.1,4.83,21.5,4.75,1.38,4.99,0.807,4.7,1.04,2.98,0.412,2.73,0.462
39.93,139.87,"BASALTIC-ANDESITE [19989]",29.2,53.6,6.4,24.7,5.11,1.65,4.82,0.741,4.49,0.923,2.69,0.412,2.8,0.469
39.93,139.87,"BASALTIC-ANDESITE [19989]",30.2,54.7,6.6,24.5,5.25,1.67,4.75,0.71,4.35,0.924,2.63,0.434,2.86,0.442
38.5,43.6,"BASALTIC-ANDESITE [20362]",4.2,13.5,2.17,10.7,4.2,1.2,6.01,1.12,7.45,1.5,4.83,0.66,4.76,0.7
53,90,"BASALTIC-ANDESITE [20388]",23.4,53.4,6.3,28.3,6.36,1.64,7.1,1.02,6.51,1.32,3.89,0.56,3.56,0.55
53,90,"BASALTIC-ANDESITE [20388]",12.4,37.1,4.9,23.2,5.38,1.45,5.7,0.82,5.12,1.02,2.92,0.44,2.92,0.46
53,90,"BASALTIC-ANDESITE [20388]",34.6,73.8,8.7,36.4,6.67,1.86,5.7,0.76,4.65,0.92,2.68,0.37,2.49,0.38
53,90,"BASALTIC-ANDESITE [20388]",59.1,134.7,16.2,70.2,13.8,4,13.4,1.86,11.57,2.35,6.77,0.97,6.55,1
55,149,"BASALTIC-ANDESITE [20393]",13.68,32.78,4.35,19.85,4.19,1.22,4.4,0.49,2.98,0.5,1.51,0.13,1.27,0.12
50,150,"BASALTIC-ANDESITE [20393]",6.87,16.46,2.2,10.32,2.32,0.73,2.69,0.35,2,0.38,1.08,0.13,0.93,0.13
55,149,"BASALTIC-ANDESITE [20393]",3.19,8.86,1.24,6.44,1.62,0.52,1.96,0.22,1.78,0.29,0.92,0.06,0.77,0.04
44,83,"BASALTIC-ANDESITE [20415]",30.18,64.78,8.02,31.93,6.65,1.66,6.23,1.03,6.26,1.25,3.51,0.56,3.59,0.53
47.83,-65.5,"BASALTIC-ANDESITE [20431]",24.3,54.63,7.57,30.37,7.71,2.71,9.33,1.6,9.09,1.85,5.44,0.81,4.93,0.73
35,-99,"BASALTIC-ANDESITE [20451]",30.3281,70.0744,9.0998,44.6992,10.2317,2.7905,10.3985,1.661,9.7553,1.9702,5.6679,0.8003,5.1403,0.7704
35,-99,"BASALTIC-ANDESITE [20451]",33.1042,76.0895,9.4971,46.1935,9.5671,2.5071,10.0408,1.6505,9.5285,1.8766,5.254,0.7257,4.6004,0.6696
35,-99,"BASALTIC-ANDESITE [20451]",40.1253,91.1469,11.2244,49.3665,11.2841,2.6219,11.6699,1.9215,11.1461,2.2036,6.2327,0.8737,5.5548,0.8151
34.08,139.52,"BASALTIC-ANDESITE [6564]",3.76,10.6,1.81,9.88,3.26,1.2,4.29,0.85,5.53,1.21,3.28,0.5,3.64,0.51
34.08,139.52,"BASALTIC-ANDESITE [6564]",3.94,11.5,1.88,10.7,3.51,1.25,4.65,0.86,5.65,1.29,3.5,0.55,3.85,0.56
34.08,139.52,"BASALTIC-ANDESITE [6564]",3.52,9.9,1.69,10,3.43,1.14,4.38,0.78,5.11,1.16,3.18,0.5,3.38,0.48
34.08,139.52,"BASALTIC-ANDESITE [6564]",4.13,12,2.09,11.5,3.72,1.37,4.93,0.92,6.07,1.37,3.71,0.59,4.03,0.59
34.08,139.52,"BASALTIC-ANDESITE [6564]",4.16,13.1,2.15,12.1,3.85,1.39,5.3,0.96,6.12,1.4,3.8,0.6,4.17,0.6
34.08,139.52,"BASALTIC-ANDESITE [6564]",3.89,11.3,1.94,10.4,3.55,1.28,4.63,0.85,5.63,1.22,3.44,0.52,3.56,0.53
34.08,139.52,"BASALTIC-ANDESITE [6564]",3.91,11.4,1.87,10.6,3.52,1.2,4.49,0.84,5.62,1.22,3.34,0.52,3.53,0.53
34.08,139.52,"BASALTIC-ANDESITE [6564]",3.53,10.5,1.8,9.5,3.25,1.12,4.31,0.8,5.17,1.14,3.09,0.49,3.34,0.47
34.08,139.52,"BASALTIC-ANDESITE [6564]",4.12,11.8,1.97,11,3.61,1.24,4.58,0.86,5.67,1.26,3.44,0.53,3.79,0.53
46,116,"BASALTIC-ANDESITE [20473]",17,40.1,5.5,23,5.59,1.71,6.65,0.88,5.3,1.09,3.07,0.48,3.17,0.47
46,116,"BASALTIC-ANDESITE [20473]",23,48.9,6.5,28.7,5.89,1.78,5.78,0.91,4.93,0.96,2.63,0.44,2.64,0.41
15,101,"BASALTIC-ANDESITE [20475]",5.2,8.7,1.4,0,1.96,0.66,2.3,0.33,2.17,0.43,1.29,0.18,1.35,0.18
14.6279,101.0741,"BASALTIC-ANDESITE [20475]",4.2,16.4,2.53,7.1,3.29,1.07,3.55,0.48,3.06,0.56,1.49,0.21,1.34,0.22
14.7654,100.8967,"BASALTIC-ANDESITE [20475]",10.1,22.9,3.64,7.7,4.37,1.36,4.45,0.59,3.41,0.68,1.81,0.25,1.51,0.25
-16.2519,168.1336,"BASALTIC-ANDESITE [20462]",10.72,23.58,3.32,15.12,3.79,1.28,3.84,0.59,3.39,0.71,1.99,1.1,1.86,0.28
29,92,"BASALTIC-ANDESITE [18610]",30.49,50.57,5.42,18.26,3.16,0.73,2.74,0.42,2.48,0.5,1.4,0.24,1.73,0.28
29.5,96.5,"BASALTIC-ANDESITE [16208]",48.9,109,12.2,48.7,10.3,2.52,10.2,1.63,9.25,1.92,5.42,0.78,5.06,0.77
29.5,96.5,"BASALTIC-ANDESITE [16208]",30.6,61.9,7.08,28.1,5.84,1.64,5.88,0.91,5.01,1.02,2.82,0.4,2.59,0.39
42.57,140.78,"BASALTIC-ANDESITE [20470]",6.47,16.6,2.27,11,3.08,1.04,3.68,0.61,4.08,0.87,2.61,0.38,2.62,0.4
42.57,140.78,"BASALTIC-ANDESITE [20470]",4.77,12,1.69,8.26,2.42,0.86,2.96,0.5,3.36,0.73,2.21,0.33,2.24,0.35
42.57,140.78,"BASALTIC-ANDESITE [20470]",4.83,11.9,1.7,8.43,2.52,0.92,3.06,0.52,3.5,0.75,2.25,0.33,2.24,0.34
42.57,140.78,"BASALTIC-ANDESITE [20470]",4.62,11.5,1.64,7.93,2.32,0.78,2.86,0.48,3.28,0.71,2.15,0.32,2.17,0.33
42.57,140.78,"BASALTIC-ANDESITE [20470]",4.53,11.9,1.61,7.93,2.33,0.81,2.87,0.49,3.3,0.7,2.13,0.32,2.18,0.33
42.57,140.78,"BASALTIC-ANDESITE [20470]",6.11,15.4,2.06,9.67,2.73,0.87,3.31,0.55,3.73,0.81,2.47,0.37,2.49,0.38
42.57,140.78,"BASALTIC-ANDESITE [20470]",6.07,15.8,2.11,10.2,2.88,0.99,3.51,0.58,3.87,0.83,2.49,0.37,2.48,0.38
42.57,140.78,"BASALTIC-ANDESITE [20470]",6.51,16.3,2.25,10.8,3.03,0.98,3.66,0.61,4.09,0.88,2.65,0.39,2.64,0.4
42.57,140.78,"BASALTIC-ANDESITE [20470]",6.66,16.7,2.25,10.7,3.01,0.97,3.71,0.62,4.11,0.89,2.67,0.39,2.68,0.41
42.57,140.78,"BASALTIC-ANDESITE [20470]",5.33,13.5,1.88,9.07,2.65,0.89,3.32,0.56,3.79,0.83,2.52,0.37,2.51,0.39
42.57,140.78,"BASALTIC-ANDESITE [20470]",6.28,15.7,2.17,10.4,2.96,0.96,3.56,0.59,3.98,0.85,2.57,0.38,2.55,0.39
42.57,140.78,"BASALTIC-ANDESITE [20470]",5.76,14.2,1.98,9.62,2.8,0.97,3.42,0.57,3.82,0.82,2.47,0.36,2.45,0.38
42.57,140.78,"BASALTIC-ANDESITE [20470]",4.82,12.3,1.73,8.54,2.53,0.9,3.12,0.52,3.55,0.76,2.34,0.35,2.37,0.36
42.57,140.78,"BASALTIC-ANDESITE [20470]",6.31,16,2.19,10.5,2.98,0.98,3.59,0.6,3.99,0.85,2.58,0.38,2.55,0.39
42.57,140.78,"BASALTIC-ANDESITE [20470]",6.23,15.9,2.15,10.2,2.92,0.97,3.55,0.6,3.98,0.86,2.6,0.38,2.57,0.39
42.57,140.78,"BASALTIC-ANDESITE [20470]",6.77,16.9,2.35,11.3,3.19,1.07,3.82,0.63,4.21,0.9,2.7,0.4,2.66,0.41
42.57,140.78,"BASALTIC-ANDESITE [20470]",6.1,15.7,2.15,10.3,2.93,0.98,3.49,0.58,3.84,0.82,2.45,0.36,2.44,0.37
42.57,140.78,"BASALTIC-ANDESITE [20470]",6.52,16.4,2.28,11,3.11,1.04,3.69,0.61,4.06,0.87,2.61,0.38,2.57,0.39
42.57,140.78,"BASALTIC-ANDESITE [20470]",6.64,16.8,2.31,11.2,3.16,1.06,3.78,0.63,4.13,0.88,2.64,0.38,2.61,0.4
42.57,140.78,"BASALTIC-ANDESITE [20470]",7.15,17.9,2.46,11.8,3.31,1.06,3.97,0.66,4.38,0.94,2.82,0.42,2.8,0.43
42.57,140.78,"BASALTIC-ANDESITE [20470]",4.45,11.2,1.58,7.67,2.26,0.76,2.81,0.48,3.23,0.7,2.14,0.32,2.15,0.33
42.57,140.78,"BASALTIC-ANDESITE [20470]",4.68,11.7,1.65,8.02,2.35,0.78,2.93,0.49,3.35,0.73,2.22,0.33,2.24,0.34
42.57,140.78,"BASALTIC-ANDESITE [20470]",5.38,13.5,1.88,9.19,2.67,0.88,3.34,0.57,3.84,0.84,2.55,0.37,2.55,0.39
42.57,140.78,"BASALTIC-ANDESITE [20470]",5.55,14,1.94,9.39,2.75,0.9,3.45,0.58,3.91,0.85,2.57,0.38,2.57,0.39
42.57,140.78,"BASALTIC-ANDESITE [20470]",5.81,14.7,1.99,9.39,2.68,0.83,3.21,0.54,3.67,0.79,2.42,0.36,2.46,0.38
42.57,140.78,"BASALTIC-ANDESITE [20470]",4.52,11.5,1.64,8,2.38,0.8,2.96,0.5,3.41,0.74,2.24,0.33,2.25,0.35
42.57,140.78,"BASALTIC-ANDESITE [20470]",6.64,16.6,2.3,11,3.12,1.04,3.72,0.62,4.11,0.88,2.65,0.39,2.63,0.4
42.57,140.78,"BASALTIC-ANDESITE [20470]",4.68,11.9,1.68,8.21,2.44,0.82,3.04,0.52,3.51,0.76,2.31,0.34,2.32,0.36
25.48,122.1,"BASALTIC-ANDESITE [20489]",6.32,13.7,2.01,9.7,3.11,1.124,3.63,0.67,3.94,0.707,1.87,0.259,1.56,0.224
25.48,122.1,"BASALTIC-ANDESITE [20489]",7.26,14.5,2.13,10.44,3.39,1.176,3.89,0.709,4.21,0.739,1.93,0.262,1.62,0.234
25.48,122.1,"BASALTIC-ANDESITE [20489]",5.66,12.1,1.79,8.76,2.91,1.044,3.33,0.639,3.73,0.654,1.7,0.228,1.46,0.213
25.48,122.1,"BASALTIC-ANDESITE [20489]",6.08,13.4,1.93,9.41,3.1,1.083,3.54,0.661,3.95,0.689,1.79,0.241,1.54,0.217
25.48,122.1,"BASALTIC-ANDESITE [20489]",6.26,13.3,1.89,9.06,2.92,1.035,3.37,0.626,3.76,0.658,1.72,0.233,1.47,0.21
25.48,122.1,"BASALTIC-ANDESITE [20489]",6.16,13.2,1.87,9.11,2.93,1.062,3.31,0.612,3.63,0.637,1.68,0.23,1.43,0.209
25.48,122.1,"BASALTIC-ANDESITE [20489]",5.42,11.9,1.75,8.56,2.87,1.009,3.27,0.613,3.65,0.64,1.69,0.233,1.43,0.211
25.5,122,"BASALTIC-ANDESITE [20489]",10.25,23,3.19,14.85,4.15,1.51,4.32,0.75,4.34,0.87,2.33,0.34,2.07,0.3
25,120,"BASALTIC-ANDESITE [20489]",9.71,21.8,3,14.16,3.98,1.44,4.1,0.71,4.16,0.83,2.23,0.33,2,0.29
25,120,"BASALTIC-ANDESITE [20489]",16.58,29.9,3.92,15.54,3.19,0.854,3.13,0.517,3.26,0.707,2.1,0.342,2.21,0.351
25,120,"BASALTIC-ANDESITE [20489]",17.61,28,3.99,15.51,3.09,0.87,3.21,0.486,2.97,0.636,1.85,0.295,1.88,0.301
25,120,"BASALTIC-ANDESITE [20489]",18.87,36.9,4.17,15.54,2.92,0.812,2.76,0.421,2.51,0.52,1.52,0.244,1.59,0.247
25,120,"BASALTIC-ANDESITE [20489]",14.65,27,3.32,12.9,2.8,0.836,2.65,0.482,2.62,0.638,1.65,0.288,1.74,0.276
25.15,121.5,"BASALTIC-ANDESITE [20489]",15.31,30.5,3.64,14.88,2.96,0.86,3.03,0.47,2.69,0.6,1.85,0.27,1.88,0.28
25.15,121.5,"BASALTIC-ANDESITE [20489]",7.37,19.8,2.39,10.35,2.37,0.64,2.3,0.394,2.59,0.578,1.71,0.256,1.69,0.266
25.15,121.5,"BASALTIC-ANDESITE [20489]",15.28,31.9,4.02,16.66,3.61,0.92,3.33,0.517,3.14,0.655,1.88,0.27,1.77,0.274
25.15,121.5,"BASALTIC-ANDESITE [20489]",12.78,23.3,3.35,13.81,2.76,0.818,2.47,0.38,2.32,0.503,1.5,0.219,1.47,0.241
25,120,"BASALTIC-ANDESITE [20489]",35.12,62.9,7.02,25.02,4.26,1.261,3.55,0.539,3.11,0.621,1.84,0.289,1.89,0.3
49,-93,"BASALTIC-ANDESITE [20496]",15.89,44.22,6.35,28.12,6.05,1.55,4.65,0.62,3.42,0.66,2.01,0.27,1.82,0.3
49,-93,"BASALTIC-ANDESITE [20496]",6.34,16.2,2.44,11.42,2.9,0.82,2.78,0.45,2.67,0.5,1.38,0.19,1.28,0.19
49,-93,"BASALTIC-ANDESITE [20496]",23.8,55.28,7.12,31.14,7.04,1.76,6.53,0.91,5.37,1.14,3.55,0.51,3.47,0.54
49,124,"BASALTIC-ANDESITE [20500]",20.29,42.33,5.94,23.53,4.8,1.46,3.95,0.64,3.52,0.68,1.88,0.32,1.9,0.27
-22.3,-176.5,"BASALTIC-ANDESITE [6338]",1.7,4.18,0.63,3.39,1.01,0.34,1.13,0.2,1.33,0.27,0.82,0.12,0.81,0.12
-22.3,-176.5,"BASALTIC-ANDESITE [6338]",3.35,7.84,1.17,5.73,1.74,0.59,1.84,0.33,2.17,0.44,1.35,0.2,1.32,0.19
-22.29,-176.57,"BASALTIC-ANDESITE [6338]",4.82,11.4,1.69,7.76,2.14,0.74,2.48,0.41,2.49,0.54,1.49,0.23,1.57,0.25
44.2484,81.6064,"BASALTIC-ANDESITE [17990]",15.8,33.1,4.21,17.1,3.83,1.07,3.84,0.6,3.61,0.77,2.14,0.33,2.08,0.3
44.2484,81.6064,"BASALTIC-ANDESITE [17990]",15.6,33.1,4.23,17.5,3.98,1.08,3.95,0.61,3.78,0.81,2.23,0.34,2.12,0.32
44.2332,81.5995,"BASALTIC-ANDESITE [17990]",19.6,40.4,5.06,19.8,4.17,1.23,4.28,0.61,3.74,0.78,2.15,0.33,2.02,0.31
43.2859,84.3093,"BASALTIC-ANDESITE [17990]",25.4,54.8,6.93,27.3,5.92,1.67,6.12,0.95,5.62,1.2,3.25,0.48,3,0.45
43.0491,82.6793,"BASALTIC-ANDESITE [17990]",25.6,55.3,7.09,27.8,5.91,1.44,5.54,0.67,3.92,0.79,2.17,0.32,2.03,0.31
43.2703,84.4451,"BASALTIC-ANDESITE [17990]",24.7,51.8,6.44,25.6,5.32,1.41,4.67,0.66,3.64,0.74,2.06,0.3,1.9,0.29
43.0468,82.6799,"BASALTIC-ANDESITE [17990]",14.5,33.6,4.63,19.9,4.79,1.46,4.73,0.75,4.36,0.89,2.49,0.36,2.2,0.33
43.2876,84.2554,"BASALTIC-ANDESITE [17990]",30.6,68.2,8.79,34.9,7.32,1.61,6.68,0.93,5.31,1.08,3.02,0.46,2.82,0.4
43.2644,84.2931,"BASALTIC-ANDESITE [17990]",29.5,63.9,8.12,32.3,6.78,1.82,6.37,1.02,5.96,1.22,3.47,0.52,3.33,0.48
44,83,"BASALTIC-ANDESITE [19847]",6.58,21.6,3.36,14.8,3.96,1.19,4.33,0.79,4.66,1.14,3.31,0.61,3.54,0.67
44,83,"BASALTIC-ANDESITE [19847]",4.64,19.9,4,19.9,4.34,1.27,4.97,0.9,4.89,1.26,3.89,0.63,3.84,0.68
43.3365,-122.2113,"BASALTIC-ANDESITE [4452]",6,12.9,1.8,7.7,1.87,0.7,1.76,0.31,1.83,0.38,1.08,0.15,0.93,0.14
18.9286728,-99.4870472,"BASALTIC-ANDESITE [20296]",10.3,22.9,3.1,13.4,3.2,1.1,3.2,0.5,3,0.6,1.7,0.3,1.6,0.2
18.9263867,-99.5071836,"BASALTIC-ANDESITE [20296]",10.1,22.4,3,13.5,3.2,1.1,3.4,0.5,3,0.6,1.6,0.2,1.5,0.2
18.9620175,-99.3530967,"BASALTIC-ANDESITE [20296]",10.5,20.9,3.5,16.2,3.9,1.3,4.1,0.7,3.8,0.8,2.4,0.4,2.3,0.3
25.6,100,"BASALTIC-ANDESITE [19311]",16.1,34.6,4.91,22.1,5.53,1.72,5.59,1,5.37,1.17,2.86,0.4,2.56,0.36
25.6,100,"BASALTIC-ANDESITE [19311]",26.9,58.6,7.53,32.7,6.99,2.03,6.04,1,5.66,1.16,3.05,0.42,2.74,0.37
25.6,100,"BASALTIC-ANDESITE [19311]",45.3,100,11.7,49.7,9.43,2.63,7.68,1.29,6.91,1.41,3.77,0.51,3.07,0.44
25.6,100,"BASALTIC-ANDESITE [19311]",27.3,56.8,6.87,28.2,5.68,1.56,4.25,0.771,3.88,0.86,2.15,0.28,1.81,0.25
25.6,100,"BASALTIC-ANDESITE [19311]",37.1,79.6,9.85,40.7,7.84,2.21,6.47,1.15,5.99,1.23,3.21,0.44,2.82,0.41
6.31,-2.38,"BASALTIC-ANDESITE [20546]",10.7,22.4,2.7,10.7,2.5,0.69,2.52,0.45,2.82,0.59,1.73,0.29,1.76,0.26
6.31,-2.38,"BASALTIC-ANDESITE [20546]",19.1,42.3,5.36,22.8,5.28,1.75,6.58,1.14,7.4,1.55,4.72,0.77,4.69,0.71
6.31,-2.38,"BASALTIC-ANDESITE [20546]",10.7,23,2.85,11.7,2.42,0.81,2.94,0.46,2.89,0.6,1.84,0.29,1.85,0.28
45.63,-66.5,"BASALTIC-ANDESITE [20555]",39.9,90.4,10.8,45.4,8.43,2.18,7.74,1.15,6.97,1.27,3.68,0.52,3.39,0.49
45.63,-66.5,"BASALTIC-ANDESITE [20555]",40.1,78.7,9.65,36.8,8.49,2.36,7.8,1.18,6.42,1.26,3.81,0.56,3.35,0.48
45.63,-66.5,"BASALTIC-ANDESITE [20555]",46.3,101,12,50.5,9.26,2.34,8.16,1.29,7.43,1.32,3.97,0.56,3.86,0.54
45.63,-66.5,"BASALTIC-ANDESITE [20555]",51,106,12.3,46.5,9.92,2.64,8.84,1.42,7.93,1.5,4.31,0.62,3.8,0.55
45.63,-66.5,"BASALTIC-ANDESITE [20555]",39.5,78.2,9.42,39,7.48,1.97,7.05,1.08,6.15,1.18,3.53,0.51,3.22,0.5
45.63,-66.5,"BASALTIC-ANDESITE [20555]",40,88.3,10.5,44.6,7.87,1.95,6.76,1.09,6.33,1.2,3.52,0.52,3.32,0.52
45.63,-66.5,"BASALTIC-ANDESITE [20555]",42.3,90.4,10.7,40.4,8,2.01,7,1.1,6.1,1.2,3.4,0.5,3.3,0.51
45.63,-66.5,"BASALTIC-ANDESITE [20555]",39.9,79.1,9.36,39.6,7.61,2.11,7.25,1.16,6.82,1.27,3.74,0.54,3.37,0.49
45.63,-66.5,"BASALTIC-ANDESITE [20555]",42.5,94.3,11.2,46.8,8.47,1.94,7.48,1.17,6.71,1.25,3.94,0.56,3.4,0.5
36.35,25.36,"BASALTIC-ANDESITE [20515]",21.5,42,5.08,20.5,5.13,1.34,5.41,0.95,6.06,1.39,3.92,0.55,3.72,0.57
-30.5,-54,"BASALTIC-ANDESITE [20587]",59.9,117.5,13.4,53.7,9.47,2.62,8.81,1.28,6.83,1.47,4.02,0.56,3.69,0.54
-30.5,-54,"BASALTIC-ANDESITE [20587]",45.8,90.3,10.41,42.3,7.83,1.98,6.59,0.79,3.88,0.74,1.89,0.26,1.56,0.23
-30.5,-54,"BASALTIC-ANDESITE [20587]",61.1,127.8,14.21,52.5,10.01,2.36,9.13,1.41,8.16,1.56,4.28,0.64,3.76,0.58
-35.427,178.654,"BASALTIC-ANDESITE [20511]",1.22,3.55,0.67,3.84,1.49,0.59,2.15,0.4,2.78,0.6,1.82,0.28,1.81,0.27
-35.427,178.655,"BASALTIC-ANDESITE [20511]",1.48,3.9,0.71,4,1.52,0.61,2.12,0.39,2.73,0.6,1.81,0.27,1.78,0.27
-35.36,178.509,"BASALTIC-ANDESITE [20511]",3.6,9.9,1.53,7.6,2.49,0.95,3.16,0.51,3.5,0.76,2.15,0.33,1.57,0.34
-35.359,178.511,"BASALTIC-ANDESITE [20511]",4.3,10.7,1.59,7.6,2.33,0.87,32.89,0.48,3.12,0.74,1.98,0.29,1.99,0.3
-35.356,178.527,"BASALTIC-ANDESITE [20511]",2.9,8,1.18,6.3,2.13,0.79,2.8,0.48,3.3,0.7,2.09,0.3,2.09,0.33
-35.352,178.529,"BASALTIC-ANDESITE [20511]",3.1,8.6,1.35,6.7,2.31,0.9,2.85,0.47,3.49,0.74,1.99,0.33,2.03,0.33
-35.352,178.529,"BASALTIC-ANDESITE [20511]",3.4,9,1.45,7.2,2.35,0.86,2.97,0.51,3.6,0.76,2.19,0.34,2.1,0.33
-35.35,178.542,"BASALTIC-ANDESITE [20511]",3.5,9.4,1.48,7.5,2.47,0.9,3,0.52,3.53,0.77,2.16,0.35,2.13,0.34
-35.334,178.429,"BASALTIC-ANDESITE [20511]",5.1,11.9,1.75,8.3,2.4,0.85,2.69,0.43,2.84,0.6,1.66,0.26,1.66,0.26
-35.353,178.536,"BASALTIC-ANDESITE [20511]",3.2,8.4,1.32,6.6,2.13,0.82,2.83,0.53,3.28,0.73,2.07,0.31,2.07,0.34
68,-172,"BASALTIC-ANDESITE [20607]",105,222.6,25.15,95.8,16.1,3.33,11.25,1.36,6.23,1.07,2.48,0.34,2.19,0.31
68,-172,"BASALTIC-ANDESITE [20607]",96.8,211.1,24.64,95.8,16.37,3.03,11.6,1.5,7.31,1.36,3.3,0.49,3.27,0.45
68,-172,"BASALTIC-ANDESITE [20607]",15.3,33.8,4.3,18.6,3.9,1.16,3.37,0.5,2.78,0.54,1.36,0.2,1.35,0.19
68,-172,"BASALTIC-ANDESITE [20607]",18.5,39,4.64,18.9,3.65,1.08,2.92,0.4,2.16,0.43,1.1,0.17,1.14,0.16
68,-172,"BASALTIC-ANDESITE [20607]",14.6,32.9,4.21,18.7,3.93,1.29,3.46,0.54,3.14,0.64,1.68,0.26,1.73,0.25
68,-172,"BASALTIC-ANDESITE [20607]",11.1,23.7,2.9,12.2,2.81,0.86,2.72,0.45,2.7,0.57,1.51,0.24,1.64,0.24
68,-172,"BASALTIC-ANDESITE [20607]",14.4,30,3.63,14.7,3.73,1.07,3.24,0.52,3.12,0.69,1.83,0.28,2.01,0.29
-29.56583,-69.85639,"BASALTIC-ANDESITE [20547]",18.4,40.4,5,20.6,4.4,1.3,4,0.6,3.5,0.7,1.9,0.3,1.7,0.3
-3.8611,32.6708,"BASALTIC-ANDESITE [20615]",2.6,7.1,1.2,5.7,1.6,0.54,1.7,0.3,1.7,0.3,0.8,0.12,0.7,0.1
-3.8611,32.6708,"BASALTIC-ANDESITE [20615]",2.9,7.8,1.21,6.2,1.8,0.59,1.9,0.3,1.9,0.3,0.8,0.12,0.7,0.11
-3.8611,32.6708,"BASALTIC-ANDESITE [20615]",3.2,8.6,1.33,6.5,1.7,0.56,1.9,0.3,1.7,0.3,0.9,0.12,0.7,0.1
-3.8611,32.6708,"BASALTIC-ANDESITE [20615]",2.2,6,0.92,4.8,1.7,0.66,2.2,0.5,3,0.6,1.9,0.29,1.9,0.27
-3.8611,32.6708,"BASALTIC-ANDESITE [20615]",2.1,5.7,0.9,4.9,1.7,0.65,2.2,0.4,3,0.6,1.9,0.29,2,0.29
-3.8611,32.6708,"BASALTIC-ANDESITE [20615]",3.1,7.5,1.16,6.2,2,0.77,2.5,0.5,3.1,0.6,1.9,0.3,2,0.28
54.68,87.07,"BASALTIC-ANDESITE [20623]",47.64,100.97,12.85,47.44,9.96,2.49,9.1,1.34,7.59,1.58,4.51,0.69,4.27,0.66
54.68,87.05,"BASALTIC-ANDESITE [20623]",45.67,97.58,12.32,46.91,9.71,2.47,9.12,1.29,7.64,1.56,4.57,0.7,4.44,0.66
54.37,86.9,"BASALTIC-ANDESITE [20623]",46.97,99.51,12.47,47.88,9.87,2.44,9.26,1.29,7.81,1.56,4.52,0.73,4.52,0.67
54.7,86.7,"BASALTIC-ANDESITE [20623]",45.79,98.29,12.36,47.03,9.72,2.45,9.13,1.37,7.51,1.56,4.5,0.73,4.47,0.65
54.7,86.7,"BASALTIC-ANDESITE [20623]",45.94,98.92,12.32,47.26,9.56,2.53,9.27,1.32,7.59,1.59,4.55,0.71,4.38,0.67
54.67,87.12,"BASALTIC-ANDESITE [20623]",36.02,76.72,9.69,36.98,7.89,2.19,7.47,1.13,6.77,1.38,4.1,0.62,4.05,0.59
54.68,87.1,"BASALTIC-ANDESITE [20623]",35.67,77.17,9.81,37.06,7.91,2.19,7.64,1.16,6.79,1.4,4.2,0.65,4.18,0.6
54.68,87.08,"BASALTIC-ANDESITE [20623]",34.37,72,9.16,35.05,7.55,2.08,7.21,1.1,6.56,1.34,4,0.59,3.87,0.57
54.37,86.9,"BASALTIC-ANDESITE [20623]",36.93,78.02,9.88,37.81,7.94,2.23,7.49,1.18,6.88,1.42,4.07,0.66,4.07,0.62
54.37,86.9,"BASALTIC-ANDESITE [20623]",36.06,77.16,9.69,36.76,7.95,2.2,7.93,1.16,6.81,1.4,4.17,0.64,4.17,0.59
54.37,86.9,"BASALTIC-ANDESITE [20623]",36.73,78.07,9.87,37.28,7.89,2.2,7.77,1.18,6.97,1.48,4.04,0.64,4.06,0.62
54.4,86.85,"BASALTIC-ANDESITE [20623]",36.51,78.54,9.65,37.8,8.33,2.16,7.74,1.21,6.9,1.43,4.1,0.64,4.12,0.59
54.4,86.85,"BASALTIC-ANDESITE [20623]",36.72,78.53,9.9,37.55,8.29,2.24,7.93,1.18,6.73,1.42,4.08,0.65,4.1,0.59
54.42,86.82,"BASALTIC-ANDESITE [20623]",35.57,76.72,9.76,37.38,7.91,2.13,7.66,1.19,6.93,1.4,4.1,0.65,4.04,0.61
54.42,86.82,"BASALTIC-ANDESITE [20623]",36.51,78.28,9.94,38.32,8.05,2.18,7.78,1.15,6.9,1.44,4.16,0.64,4.21,0.6
54.38,87.53,"BASALTIC-ANDESITE [20623]",36.89,79.28,9.93,38.26,8.13,2.2,7.93,1.13,7.13,1.4,4.2,0.65,4.17,0.62
54.38,87.53,"BASALTIC-ANDESITE [20623]",36.75,78.35,10,38.12,8.18,2.32,7.71,1.13,6.93,1.4,4.15,0.65,4.15,0.59
54.68,87.28,"BASALTIC-ANDESITE [20623]",31.37,66.51,8.56,32.81,7.06,2.02,7.12,1.02,6.19,1.32,3.88,0.59,3.96,0.57
54.68,87.27,"BASALTIC-ANDESITE [20623]",31.85,68.74,8.82,33.52,7.07,2.04,6.8,1.05,6.45,1.29,3.86,0.61,3.78,0.56
54.68,87.25,"BASALTIC-ANDESITE [20623]",31.88,68.72,8.65,33.24,7.14,2.03,6.9,1.05,6.26,1.29,3.9,0.62,3.9,0.56
54.68,87.23,"BASALTIC-ANDESITE [20623]",31.57,68.31,8.58,32.26,7.08,1.97,6.73,1.05,6.21,1.29,3.79,0.62,3.82,0.56
54.68,87.23,"BASALTIC-ANDESITE [20623]",32.63,69.94,8.89,33.47,7.23,2.11,7.05,1.1,6.4,1.26,3.94,0.61,3.77,0.56
54.68,87.22,"BASALTIC-ANDESITE [20623]",33.36,70.38,9.04,34.37,7.4,2.07,7.24,1.11,6.29,1.32,3.99,0.59,3.88,0.59
54.68,87.22,"BASALTIC-ANDESITE [20623]",31.47,69.64,8.8,32.15,7.05,1.93,6.53,1.05,6.27,1.26,3.74,0.59,3.7,0.56
54.68,87.21,"BASALTIC-ANDESITE [20623]",32.3,69.42,8.81,33.11,7.24,1.98,6.79,1.02,6.06,1.27,3.93,0.59,3.69,0.57
54.68,87.2,"BASALTIC-ANDESITE [20623]",31.97,67.57,8.72,33.4,7.22,2.01,6.74,1.04,6.12,1.26,3.77,0.59,3.77,0.56
54.67,87.2,"BASALTIC-ANDESITE [20623]",33.44,69.71,9.05,33.59,7.51,2.08,6.97,1.05,6.28,1.29,3.8,0.58,3.6,0.56
54.67,87.17,"BASALTIC-ANDESITE [20623]",28.53,60.66,7.78,30.25,6.47,1.86,6.18,0.94,5.85,1.18,3.42,0.53,3.3,0.51
54.67,87.15,"BASALTIC-ANDESITE [20623]",33.58,70.64,8.98,35.24,7.28,2.07,7.38,1.11,6.44,1.38,4.1,0.62,4.02,0.59
54.67,87.13,"BASALTIC-ANDESITE [20623]",33.35,70.21,9.02,34.2,7.02,2.04,7.06,1.11,6.45,1.35,3.99,0.65,3.91,0.59
54.63,87.2,"BASALTIC-ANDESITE [20623]",32.67,70.58,8.97,34.57,7.78,2.17,7.5,1.16,7.03,1.43,4.12,0.67,4.2,0.64
54.63,87.2,"BASALTIC-ANDESITE [20623]",32.97,70.16,8.97,35.14,7.57,2.23,7.5,1.21,7.11,1.45,4.09,0.67,4.15,0.62
54.63,87.2,"BASALTIC-ANDESITE [20623]",32.52,70.18,8.96,35.13,7.71,2.26,7.39,1.18,6.81,1.45,4.22,0.67,4.36,0.62
54.63,87.2,"BASALTIC-ANDESITE [20623]",33.11,70.52,9.03,35.61,7.84,2.28,7.8,1.2,7.03,1.41,4.18,0.69,4.29,0.63
41.07,14.45,"BASALTIC-ANDESITE [20532]",113,200,20.1,73.8,14,2.81,10.5,1.61,7.91,1.46,4.26,0.594,3.73,0.537
40.87,14.67,"BASALTIC-ANDESITE [20532]",149,284,25.4,86.3,16.3,1.77,11.6,1.99,10.2,2.02,6.27,0.926,5.73,0.839
40.88,14.63,"BASALTIC-ANDESITE [20532]",114,248,22.8,81.4,14.6,3.44,11.2,1.51,7.61,1.4,4.11,0.607,3.59,0.505
-6,-50,"BASALTIC-ANDESITE [20647]",32.4,64.3,7.45,26.9,5.37,1.43,5.07,0.71,4.15,0.91,2.32,0.38,2.37,0.32
-6,-50,"BASALTIC-ANDESITE [20647]",29.7,60.6,7,26.8,4.92,1.38,4.5,0.68,3.88,0.75,1.99,0.32,1.83,0.31
-6,-50,"BASALTIC-ANDESITE [20647]",30.4,57.8,6.53,23.8,4.95,1.44,5.1,0.8,5.05,0.97,2.63,0.43,2.72,0.4
-6,-50,"BASALTIC-ANDESITE [20647]",28.4,57.9,6.45,24.3,4.56,1.28,5.05,0.74,4.75,0.93,2.65,0.41,2.43,0.39
-6,-50,"BASALTIC-ANDESITE [20647]",54.6,107.9,11.53,44.8,7.72,1.59,6.87,0.91,5.75,1.06,2.86,0.42,2.83,0.42
42.06,139.45,"BASALT [6455]",11.04,25.57,3.41,14.04,3.05,0.97,2.95,0.43,2.5,0.52,1.45,0.21,1.34,0.2
42.06,139.45,"BASALT [6455]",11.4,26.5,3.52,14.75,3.06,0.99,2.93,0.44,2.49,0.51,1.49,0.22,1.35,0.2
42.06,139.45,"BASALT [6455]",11.49,26.55,3.53,14.24,3.01,1,3.01,0.43,2.56,0.52,1.47,0.23,1.38,0.21
46.5188,133.2129,"BASALTIC-ANDESITE [20731]",2.85,8.68,0.887,3.78,0.982,0.452,1.29,0.347,2.45,0.552,1.58,0.29,1.89,0.3
46.5188,133.2129,"BASALTIC-ANDESITE [20731]",9.72,18.5,2.02,7.78,1.54,0.575,1.67,0.343,2.43,0.529,1.72,0.313,1.74,0.294
46.5188,133.2129,"BASALTIC-ANDESITE [20731]",6.86,14.3,1.69,7.03,1.69,0.719,1.5,0.318,2.6,0.503,1.53,0.233,1.72,0.248
46.5188,133.2129,"BASALTIC-ANDESITE [20731]",6.84,13.9,1.59,6.45,1.38,0.582,1.69,0.376,2.46,0.579,1.89,0.28,2.09,0.313
46.1849,132.0731,"BASALTIC-ANDESITE [20732]",13.8,30.4,4.23,20.4,4.67,1.42,4.4,0.805,4.3,0.809,2.4,0.376,2.38,0.342
46.1849,132.0731,"BASALTIC-ANDESITE [20732]",13.2,28.5,4.1,19.6,4.66,1.47,4.22,0.778,4.08,0.82,2.32,0.373,2.28,0.33
46.1849,132.0731,"BASALTIC-ANDESITE [20732]",15.7,33.2,4.78,23,5.35,1.68,5.1,0.911,4.86,0.939,2.58,0.415,2.57,0.364
46.3721,132.1116,"BASALTIC-ANDESITE [20732]",26.3,52.8,6.56,27.3,5.08,1.5,4.52,0.751,4,0.739,2.43,0.363,2.32,0.349
46.3721,132.1116,"BASALTIC-ANDESITE [20732]",25.8,52.5,6.77,27.5,5.41,1.57,4.91,0.737,4.12,0.782,2.4,0.384,2.32,0.351
46.3721,132.1116,"BASALTIC-ANDESITE [20732]",24.6,49.9,6.43,26.3,5.2,1.54,4.38,0.729,3.86,0.754,2.19,0.359,2.23,0.328
46.3721,132.1116,"BASALTIC-ANDESITE [20732]",24.8,50.1,6.42,26.1,5.27,1.6,4.63,0.779,3.92,0.74,2.29,0.351,2.18,0.313
29,91,"BASALTIC-ANDESITE [20733]",10.64,24.76,3.16,15.94,3.89,1.09,4.29,0.63,4.11,0.79,2.51,0.34,2.42,0.34
29,91,"BASALTIC-ANDESITE [20733]",11.32,24.26,2.81,13.66,3.36,0.92,3.76,0.53,3.24,0.59,1.97,0.3,1.88,0.3
29,91,"BASALTIC-ANDESITE [20733]",14.91,38.32,4.99,22.14,5.01,1.35,4.72,0.56,2.68,0.5,1.42,0.21,1.4,0.2
29,91,"BASALTIC-ANDESITE [20733]",9.46,20.38,2.49,10.27,2.19,0.68,2.33,0.31,1.65,0.33,0.98,0.14,0.96,0.14
29,91,"BASALTIC-ANDESITE [20733]",9.04,19.5,2.22,10.28,2.26,0.63,2.43,0.35,1.8,0.37,1.1,0.17,1.07,0.17
47,24.8,"BASALTIC-ANDESITE, AMPHIBOLE-CLINOPYROXENE [20770]",6,14.6,2.01,9.9,2.9,0.96,3.2,0.6,3.5,0.7,2.1,0.33,2.2,0.34
47,24.8,"BASALTIC-ANDESITE, AMPHIBOLE-CLINOPYROXENE [20770]",6.4,15.2,2.05,10,2.9,0.95,3.1,0.5,3.4,0.7,2.1,0.32,2.1,0.33
47,24.8,"BASALTIC-ANDESITE, AMPHIBOLE-CLINOPYROXENE [20770]",10.5,21.5,2.68,11.3,2.7,0.82,2.7,0.4,2.8,0.6,1.7,0.26,1.8,0.28
47,24.8,"BASALTIC-ANDESITE, AMPHIBOLE-CLINOPYROXENE [20770]",5.1,12.5,1.75,8.4,2.4,0.82,2.6,0.5,3,0.6,1.8,0.28,2,0.32
46.4609,90.1151,"BASALTIC-ANDESITE [20774]",13.8,31.5,3.96,17.2,4.35,1.32,4.42,0.7,4.37,0.88,2.55,0.35,2.15,0.31
46.2892,121.3509,"BASALTIC-ANDESITE [20794]",30.01,65.56,8.535,34.65,6.636,1.949,5.699,0.901,4.966,0.982,2.802,0.397,2.6,0.411
46.2892,121.3509,"BASALTIC-ANDESITE [20794]",8.627,20.19,2.737,12.14,2.664,0.994,2.348,0.374,2.155,0.419,1.218,0.18,1.146,0.173
46.2892,121.3509,"BASALTIC-ANDESITE [20794]",11.17,26.55,3.666,15.88,3.577,1.378,3.394,0.606,3.441,0.702,2.068,0.3,1.971,0.308
46.2892,121.3509,"BASALTIC-ANDESITE [20794]",16.98,45.1,7.133,31.68,6.583,1.872,5.063,0.777,4.066,0.782,2.207,0.307,2.072,0.319
46.2892,121.3509,"BASALTIC-ANDESITE [20794]",9.379,21.69,3.01,13.88,3.083,1.116,2.747,0.422,2.425,0.464,1.364,0.183,1.224,0.185
46.2892,121.3509,"BASALTIC-ANDESITE [20794]",10.81,25.22,3.644,16.22,3.659,1.149,3.27,0.557,3.285,0.684,1.915,0.279,1.783,0.279
46.2892,121.3509,"BASALTIC-ANDESITE [20794]",28.73,61.82,7.877,30.89,5.787,2.298,4.889,0.807,4.438,0.85,2.281,0.321,2.142,0.326
44,114,"BASALTIC-ANDESITE [20798]",15.4,34.3,4.35,18.7,4.41,1.26,4.62,0.869,5.25,1.06,3,0.472,2.96,0.468
44,114,"BASALTIC-ANDESITE [20798]",15.8,32.2,4.32,18.4,4.21,1.19,4.41,0.68,4.09,0.84,2.44,0.35,2.23,0.34
44,114,"BASALTIC-ANDESITE [20798]",13.9,31.2,3.94,16.9,4.19,1.24,4.17,0.64,3.84,0.79,2.34,0.32,2.25,0.33
44,114,"BASALTIC-ANDESITE [20798]",13.7,29,3.87,16.1,3.73,1.08,3.88,0.61,3.72,0.79,2.24,0.32,2.07,0.32
44,114,"BASALTIC-ANDESITE [20798]",14.9,32.5,4.34,18.6,4.44,1.37,4.57,0.69,4.08,0.82,2.41,0.33,2.29,0.32
44,114,"BASALTIC-ANDESITE [20798]",12.8,30.4,4,16.4,4.03,1.14,4.08,0.62,3.81,0.77,2.19,0.33,2.11,0.3
44,114,"BASALTIC-ANDESITE [20798]",14.2,32.1,4.21,18.1,4.4,1.31,4.41,0.67,4.01,0.82,2.42,0.35,2.25,0.33
24.534,141.392,"BASALT [4913] / BASALTIC-ANDESITE [10515]",21.3,41.3,4.91,20.8,4.4,1.36,3.83,0.56,3.27,0.67,2.02,0.3,1.91,0.3
26.7,141.1,"ANDESITE [4913] / BASALTIC-ANDESITE [10515]",3.22,8.24,1.3,7.2,2.39,0.9,3.22,0.58,3.62,0.8,2.39,0.38,2.34,0.38
26.7,141.1,"NOT GIVEN [4913] / BASALTIC-ANDESITE [10515]",5.66,14.5,2.11,12.1,3.83,1.3,5.13,0.89,5.71,1.25,3.56,0.58,3.61,0.55
26.667,140.922,"BASALT [4913] / BASALTIC-ANDESITE [10515]",2.48,6.02,0.94,5.44,1.82,0.79,2.49,0.45,2.76,0.57,1.64,0.27,1.63,0.25
27.701,140.818,"BASALT [4913] / BASALTIC-ANDESITE [10515]",4.91,11.1,1.61,8.85,2.6,0.88,2.89,0.51,3.28,0.68,2,0.27,2.03,0.31
28.333,140.584,"BASALT [4913] / BASALTIC-ANDESITE [10515]",4.17,10.9,1.71,9.13,2.9,1.03,3.54,0.65,4.06,0.91,2.63,0.41,2.62,0.42
29.05,140.553,"ANDESITE [4913] / BASALTIC-ANDESITE [10515]",2.5,6.68,1.1,6.03,2.08,0.75,2.72,0.51,3.19,0.7,2.13,0.34,2.14,0.35
29.55,140.451,"ANDESITE [4913] / BASALTIC-ANDESITE [10515]",2.05,5.92,0.94,5.6,1.92,0.69,2.57,0.48,3.3,0.72,2.17,0.33,2.25,0.35
29.767,140.38,"BASALTIC-ANDESITE [4913]",2.55,6.98,1.14,6.53,2.28,0.82,2.98,0.55,3.55,0.79,2.36,0.36,2.33,0.37
50.39716,-123.39768,"BASALTIC-ANDESITE [20728]",23.1,48.6,6.53,26.9,5.3,1.56,4.6,0.66,4,0.8,2.27,0.335,2.16,0.314
49.973,-123.006,"BASALTIC-ANDESITE [20728]",8.4,20,2.83,13.1,3.1,1.06,3.15,0.49,2.85,0.58,1.7,0.253,1.63,0.25
-40.771,-72.153,"BASALTIC-ANDESITE [20828]",12.3,27,3.42,15,3.63,1.23,3.56,0.59,3.34,0.66,1.87,0.29,1.86,0.28
-40.771,-72.153,"BASALTIC-ANDESITE [20828]",11.4,26.7,3.6,14.4,3.49,1.21,3.39,0.56,3.31,0.68,2.02,0.29,1.89,0.28
50.25,120.19,"BASALTIC-ANDESITE [19323]",19.8,43.1,5.47,22.6,4.48,1.43,3.66,0.55,3.23,0.62,1.7,0.23,1.64,0.25
50.25,120.19,"BASALTIC-ANDESITE [19323]",20.1,44.5,5.58,22.9,4.41,1.44,3.67,0.54,3.22,0.61,1.64,0.22,1.5,0.23
50.25,120.19,"BASALTIC-ANDESITE [19323]",23,49.8,6.23,25.8,6.01,1.69,5.58,0.88,5.88,1.16,3.26,0.5,3,0.46
50.25,120.19,"BASALTIC-ANDESITE [19323]",22.5,50.3,6.47,26.7,5.83,1.71,6.19,0.96,6.04,1.25,3.45,0.52,3.37,0.53
50.25,120.19,"BASALTIC-ANDESITE [19323]",22.1,49.6,6.09,26,5.9,1.75,6.06,0.97,6.03,1.21,3.42,0.5,3.24,0.49
50.25,120.19,"BASALTIC-ANDESITE [19323]",21.5,48.6,6.14,25.8,5.73,1.71,5.78,0.93,5.95,1.19,3.38,0.47,3.39,0.49
50.25,120.19,"BASALTIC-ANDESITE [19323]",23.8,52.7,6.57,27.3,6.26,1.58,6.15,0.9,5.96,1.19,3.34,0.47,3.21,0.47
7.723248,-81.354602,"BASALTIC-ANDESITE [20839]",5.1,10.09,1.62,7.38,1.93,0.62,2.12,0.34,2.12,0.46,1.42,0.2,1.42,0.23
7.877998,-81.32095,"BASALTIC-ANDESITE [20839]",4.6,7.58,1.41,6.65,1.79,0.61,2.23,0.37,2.55,0.61,1.99,0.29,2.04,0.33
9.373171,-79.314097,"BASALTIC-ANDESITE [20839]",4.03,8.5,1.25,5.82,1.67,0.58,2.04,0.34,2.21,0.48,1.37,0.2,1.31,0.2
9.357746,-79.325532,"BASALTIC-ANDESITE [20839]",2.51,5.81,1.15,6.34,2.32,0.93,3.15,0.58,4.07,0.91,2.74,0.41,2.78,0.43
9.381078,-79.311355,"BASALTIC-ANDESITE [20839]",7.1,15.1,2.24,10.4,2.7,0.88,3.07,0.46,2.86,0.62,1.8,0.26,1.74,0.27
9.311265,-79.323488,"BASALTIC-ANDESITE [20839]",5.79,12.5,1.61,7.03,1.78,0.64,2.07,0.35,2.3,0.5,1.47,0.22,1.48,0.24
9.312276,-79.395993,"BASALTIC-ANDESITE [20839]",4.2,9.82,1.56,7.75,2.41,0.84,2.99,0.5,3.3,0.71,2.06,0.3,2.01,0.31
9.379192,-79.358404,"BASALTIC-ANDESITE [20839]",7.02,14.87,2.33,10.63,2.55,0.79,2.62,0.39,2.44,0.52,1.57,0.22,1.54,0.25
8.5157,-81.119157,"BASALTIC-ANDESITE [20839]",6.04,13.99,2.12,10.31,2.72,1,2.92,0.49,3.31,0.67,1.99,0.28,1.89,0.29
8.512624,-81.087164,"BASALTIC-ANDESITE [20839]",9.93,21.96,3.32,15.96,4.16,1.36,4.55,0.77,5.08,1.06,3.03,0.41,2.79,0.42
8.953086,-79.562696,"BASALTIC-ANDESITE [20839]",10.07,22.87,3.3,15.6,4.05,1.44,4.52,0.75,4.88,1.02,2.89,0.41,2.63,0.4
9.030169,-79.640091,"BASALTIC-ANDESITE [20839]",12.1,25.74,3.81,17.69,4.22,1.33,4.42,0.68,4.33,0.88,2.52,0.36,2.42,0.36
8.988733,-79.574788,"BASALTIC-ANDESITE [20839]",13.2,27.72,4.15,19.19,4.54,1.41,4.64,0.71,4.47,0.91,2.54,0.36,2.42,0.36
9.071525,-79.658513,"BASALTIC-ANDESITE [20839]",14.31,29.37,4.26,19.81,4.6,1.44,4.73,0.69,4.5,0.89,2.49,0.36,2.4,0.36
8.829847,-82.716993,"BASALTIC-ANDESITE [20839]",6.13,13.73,2.15,10.35,3,0.99,3.69,0.6,3.86,0.82,2.48,0.34,2.34,0.35
8.829847,-82.716993,"BASALTIC-ANDESITE [20839]",33.53,59.1,8.41,33.4,5.88,1.66,4.83,0.59,3.33,0.65,1.78,0.24,1.63,0.24
8.829847,-82.716993,"BASALTIC-ANDESITE [20839]",32.57,57.06,7.73,30.15,5.31,1.54,4.44,0.53,2.97,0.57,1.54,0.21,1.44,0.22
8.487527,-82.077736,"BASALTIC-ANDESITE [20839]",11.49,25.23,3.79,17.21,4.42,1.39,4.87,0.76,4.66,0.97,2.77,0.38,2.51,0.38
8.339296,-81.826457,"BASALTIC-ANDESITE [20839]",60.9,102.4,12.65,46.06,7.52,2.1,6.35,0.73,3.68,0.66,1.59,0.21,1.36,0.2
8.406129,-81.502549,"BASALTIC-ANDESITE [20839]",10.35,19.88,2.79,12.02,2.96,0.89,3.37,0.52,3.25,0.69,2.01,0.28,1.96,0.3
8.376012,-81.507797,"BASALTIC-ANDESITE [20839]",10.06,20.14,3.12,14.19,3.49,1.21,3.75,0.57,3.46,0.72,2.05,0.28,1.89,0.29
8.163048,-80.670421,"BASALTIC-ANDESITE [20839]",8.83,17.67,2.71,12.64,3.33,1.14,3.79,0.59,3.67,0.76,2.21,0.3,1.99,0.3
8.672329,-80.173702,"BASALTIC-ANDESITE [20839]",7.24,15.39,2.46,11.74,3.13,1.11,3.58,0.55,3.41,0.71,2.05,0.28,1.88,0.29
8.625532,-80.238374,"BASALTIC-ANDESITE [20839]",10.62,21.78,3,13.05,2.96,0.97,3.15,0.45,2.74,0.56,1.6,0.22,1.47,0.22
9.379192,-79.358404,"BASALTIC-ANDESITE [20839]",34.24,57.08,8.97,35.27,6.68,1.86,5.84,0.75,4.1,0.81,2.19,0.31,2.09,0.32
9.114434,-82.288702,"BASALTIC-ANDESITE [20839]",40.79,71.79,10.48,41.41,8.04,1.99,7.05,0.88,4.75,0.91,2.43,0.33,2.24,0.34
9.114434,-82.288702,"BASALTIC-ANDESITE [20839]",54.65,102.27,13.92,52.84,9.04,2.37,7.11,0.79,3.93,0.71,1.7,0.24,1.54,0.24
9.0191,-82.30761,"BASALTIC-ANDESITE [20839]",23.76,45.3,6.42,27.71,6.56,1.91,6.93,1,5.91,1.21,3.48,0.47,3.14,0.48
9.0191,-82.30761,"BASALTIC-ANDESITE [20839]",25.25,48.46,6.88,29.63,6.93,2.05,7.29,1.07,6.38,1.32,3.78,0.52,3.51,0.54
8.982571,-82.23286,"BASALTIC-ANDESITE [20839]",46.85,92.55,12.01,46.68,8.5,2.28,7.33,0.97,5.42,1.08,3.08,0.43,2.96,0.45
8.659074,-82.211767,"BASALTIC-ANDESITE [20839]",7.99,18.79,2.97,14.29,3.93,1.38,4.55,0.73,4.63,0.98,2.88,0.41,2.77,0.42
8.461582,-81.237172,"BASALTIC-ANDESITE [20839]",15.37,30.56,3.94,15.91,3.67,1.08,3.76,0.58,3.58,0.74,2.14,0.3,2.01,0.3
8.461582,-81.237172,"BASALTIC-ANDESITE [20839]",12.98,25.12,3.49,14.93,3.6,1.11,3.82,0.59,3.62,0.76,2.21,0.31,2.16,0.32
8.637215,-79.959975,"BASALTIC-ANDESITE [20839]",19.93,40.24,5.37,22.39,5.12,1.37,5.39,0.84,5.1,1.06,3.11,0.43,2.87,0.44
8.817124,-82.709308,"BASALTIC-ANDESITE [20839]",45.65,81.73,11.28,43.82,6.88,1.79,4.7,0.46,2.25,0.39,0.87,0.13,0.8,0.12
8.824062,-82.686742,"BASALTIC-ANDESITE [20839]",40.9,71.45,10.12,39.14,6.3,1.67,4.44,0.45,2.24,0.39,0.93,0.13,0.83,0.12
8.833274,-82.574636,"BASALTIC-ANDESITE [20839]",19.4,37.6,4.57,18.33,3.42,1.1,3.03,0.41,2.37,0.45,1.2,0.17,1.11,0.16
8.843013,-82.55496,"BASALTIC-ANDESITE [20839]",16.8,34.2,4.39,18.23,3.64,1.18,3.41,0.45,2.67,0.52,1.37,0.19,1.24,0.19
8.843013,-82.55496,"BASALTIC-ANDESITE [20839]",17,34.1,4.42,18.4,3.69,1.18,3.43,0.46,2.72,0.52,1.39,0.2,1.25,0.19
8.845124,-82.603305,"BASALTIC-ANDESITE [20839]",37.9,69.7,8.42,30.9,4.62,1.38,3.73,0.45,2.51,0.47,1.24,0.17,1.11,0.17
8.806909,-82.455434,"BASALTIC-ANDESITE [20839]",24.07,48.25,6.05,23.65,4.31,1.28,3.7,0.47,2.56,0.49,1.3,0.18,1.14,0.17
8.726494,-82.520248,"BASALTIC-ANDESITE [20839]",28.5,55.41,6.86,26.45,4.75,1.4,4.13,0.53,2.87,0.55,1.46,0.2,1.28,0.19
8.805343,-82.539758,"BASALTIC-ANDESITE [20839]",25.8,49,5.65,21.67,3.6,1.09,2.88,0.35,1.85,0.33,0.84,0.13,0.81,0.12
8.805343,-82.539758,"BASALTIC-ANDESITE [20839]",21.4,40,4.74,18.53,3.26,1.02,2.66,0.34,1.96,0.37,1,0.14,0.94,0.14
41,115,"BASALTIC-ANDESITE [20851]",33.5,75.5,9,37.3,7.03,2.41,6.03,0.85,4.69,0.88,2.46,0.33,2.13,0.32
41,115,"BASALTIC-ANDESITE [20851]",63.4,137,16.7,68.2,12.1,3,8.84,1.13,5.53,0.96,2.58,0.35,2.27,0.32
41,115,"BASALTIC-ANDESITE [20851]",65,137,16.5,67.9,11.5,3.38,8.36,1.02,4.84,0.83,2.16,0.27,1.6,0.23
41,115,"BASALTIC-ANDESITE [20851]",32.6,72.7,8.2,32.1,5.25,1.7,4.17,0.52,2.77,0.51,1.44,0.19,1.24,0.19
41,115,"BASALTIC-ANDESITE [20851]",62.1,130,15.1,58.8,10.1,2.58,8.45,1.11,5.89,1.07,2.92,0.41,2.44,0.36
-14.25,167.5,"BASALTIC-ANDESITE [20672]",10.38,21.01,2.742,13.6,3.463,1.049,3.402,0.528,3.21,0.655,1.894,0.286,1.976,0.319
-14.25,167.5,"BASALTIC-ANDESITE [20672]",10.35,20.73,2.701,13.59,3.409,1.02,3.38,0.514,3.174,0.644,1.866,0.282,1.964,0.309
-14.29089,167.43725,"BASALTIC-ANDESITE [20672]",20.41,38.92,4.925,23.7,5.381,1.539,4.807,0.684,4.036,0.783,2.236,0.333,2.304,0.362
41,39,"BASALTIC-ANDESITE [20875]",29.1,62.9,7.11,29.3,5.96,1.65,4.76,0.75,3.93,0.8,2.43,0.39,2.45,0.4
41,39,"BASALTIC-ANDESITE [20875]",22.3,47.5,5.47,21.3,4.08,1.15,3.55,0.55,3.01,0.6,1.83,0.29,1.85,0.29
41,39,"BASALTIC-ANDESITE [20875]",14.7,28.9,3.45,14.4,3.12,0.98,3.03,0.45,2.69,0.53,1.6,0.23,1.56,0.25
41,39,"BASALTIC-ANDESITE [20875]",28.5,58.6,6.94,29.3,5.42,1.56,4.92,0.74,4.11,0.82,2.43,0.4,2.47,0.37
41,39,"BASALTIC-ANDESITE [20875]",26.4,56,6.77,27,5.55,1.65,5.12,0.76,4.25,0.85,2.36,0.35,2.35,0.35
41,39,"BASALTIC-ANDESITE [20875]",31.7,61.5,7.57,31.2,5.81,1.68,5.13,0.79,4.13,0.84,2.46,0.36,2.34,0.34
41,39,"BASALTIC-ANDESITE [20875]",21.8,47.2,5.52,23,4.6,1.38,3.91,0.62,3.26,0.63,1.88,0.3,1.91,0.29
18.8,-99.2,"BASALTIC-ANDESITE [20646]",10.5,25,3.6,15.7,3.8,1.21,4,0.59,3.3,0.7,1.85,0.28,1.86,0.29
18.86391,-70.23514,"BASALTIC-ANDESITE [20891]",0.537,1.571,0.331,1.795,0.87,0.401,1.248,0.237,1.682,0.401,1.143,0.217,1.312,0.205
18.87552,-70.2427,"BASALTIC-ANDESITE [20891]",0.436,1.466,0.315,1.962,1.046,0.324,1.661,0.31,2.308,0.532,1.527,0.248,1.557,0.249
18.83473,-70.17235,"BASALTIC-ANDESITE [20891]",1.074,3.398,0.629,3.708,1.492,0.548,1.887,0.326,2.375,0.542,1.472,0.248,1.47,0.201
18.8357,-70.18817,"BASALTIC-ANDESITE [20891]",0.645,1.664,0.274,1.399,0.526,0.137,0.681,0.134,1.008,0.244,0.679,0.123,0.646,0.083
18.92176,-70.23444,"BASALTIC-ANDESITE [20891]",1.314,3.133,0.515,2.794,1.081,0.405,1.578,0.296,2.146,0.516,1.511,0.26,1.585,0.249
57,-6,"BASALTIC-ANDESITE [20929]",36.20541573,81.25824746,10.54789809,42.7754593,8.711567475,2.498858439,8.234037243,1.253114555,7.01298436,1.256991668,3.738659246,0.583423155,3.510495826,0.615901883
57,-6,"BASALTIC-ANDESITE [20929]",35.12701254,78.33398476,10.09215409,40.76791504,8.406826074,2.468203078,7.783426196,1.222745893,6.539763477,1.176875939,3.525897634,0.534008799,3.2925287,0.549120545
57,-6,"BASALTIC-ANDESITE [20929]",36.90386954,82.45413606,10.70936363,43.70921169,8.94587109,2.557715474,8.408700755,1.239333839,7.071799509,1.269613601,3.727805884,0.599766944,3.539960491,0.60757415
43,84,"BASALTIC-ANDESITE [20935]",21.86,45.5,5.72,22.33,5.19,1.23,4.99,0.8,4.7,0.96,2.6,0.4,2.54,0.38
43,84,"BASALTIC-ANDESITE [20935]",26.36,57.27,7.27,28.67,6.48,1.53,6.1,0.99,5.72,1.17,3.18,0.49,3.22,0.49
43,84,"BASALTIC-ANDESITE [20935]",23.54,50.09,6.39,24.73,5.46,1.39,5.31,0.86,5.28,1.11,3.13,0.46,3.06,0.46
43,84,"BASALTIC-ANDESITE [20935]",23.81,49.66,6.35,25.52,5.63,1.42,5.41,0.85,5.35,1.1,3.09,0.47,3.07,0.47
43,84,"BASALTIC-ANDESITE [20935]",23.97,50.41,6.48,24.95,5.54,1.4,5.41,0.85,5.37,1.11,3.1,0.47,3.06,0.46
43,84,"BASALTIC-ANDESITE [20935]",24.6,51.38,6.47,25.2,5.76,1.44,5.54,0.87,5.4,1.13,3.11,0.47,3.21,0.48
43,130,"BASALTIC-ANDESITE [19341]",1.59,19.6,2.95,14.1,4.12,1.28,4.63,0.81,5.3,1.19,3.4,0.49,3.41,0.51
43,130,"BASALTIC-ANDESITE [19341]",7.88,20.3,3.04,14.5,4.12,1.27,4.79,0.84,5.46,1.23,3.45,0.5,3.53,0.54
-5,120,"BASALTIC-ANDESITE [4941]",27,52.1,5.36,27.3,5.5,1.6,4.8,0.7,3.8,0.7,1.9,0.26,1.8,0.26
-5,120,"BASALTIC-ANDESITE [4941]",54,79,9.96,41,8.9,1.9,8.1,1.3,6.8,1.3,3.7,0.52,3.2,0.5
-5,120,"BASALTIC-ANDESITE [4941]",18.7,37.3,4.04,21.9,4.9,1.56,4.5,0.6,3.8,0.8,2.3,0.3,2.1,0.3
-5,120,"BASALTIC-ANDESITE [4941]",17.3,35.4,4.11,23.4,5.1,1.64,5.1,0.7,4.3,0.8,2.4,0.35,2.2,0.34
-5,120,"BASALTIC-ANDESITE [4941]",15.6,35.05,3.761,18.8,4.34,1.246,4.02,0.63,3.88,0.74,2.39,0.33,2.36,0.361
-5,120,"BASALTIC-ANDESITE [4941]",7,15.86,1.815,9.6,2.6,0.872,2.53,0.41,2.46,0.49,1.46,0.21,1.44,0.23
41.5,121,"BASALTIC-ANDESITE [20941]",30.6,61.6,7.58,29.7,5.4,1.66,4.87,0.641,3.35,0.619,1.6,0.214,1.38,0.203
41.5,121,"BASALTIC-ANDESITE [20941]",30.4,60.9,7.55,29.7,5.34,1.61,4.81,0.647,3.23,0.632,1.61,0.219,1.37,0.206
41.5,121,"BASALTIC-ANDESITE [20941]",30.3,61.6,7.63,29.6,5.49,1.61,4.71,0.645,3.24,0.605,1.58,0.216,1.33,0.201
23.25,119.67,"BASALTIC-ANDESITE [20945]",7,16,2,10,3.2,1.3,4,0.61,3.7,0.7,1.8,0.22,1.5,0.23
41.678,-121.613,"BASALTIC-ANDESITE [5796]",7.9,18.7,2.72,12.2,3.65,1.32,3.7,0.64,4.1,0.85,2.55,0.37,2.48,0.36
32.5,83.5,"BASALTIC-ANDESITE [20977]",29.3,61.7,7.3,27.5,5.55,1.63,5.14,0.74,4.15,0.85,2.39,0.337,2.16,0.326
32.5,83.5,"BASALTIC-ANDESITE [20977]",29.4,62,7.3,27.6,5.58,1.65,5.13,0.74,4.14,0.85,2.39,0.34,2.13,0.329
32.5,83.5,"BASALTIC-ANDESITE [20977]",29.8,62.4,7.4,27.7,5.55,1.65,5.14,0.75,4.23,0.86,2.4,0.344,2.19,0.334
32.5,83.5,"BASALTIC-ANDESITE [20977]",26.9,56.4,6.6,25,5.01,1.47,4.59,0.68,3.8,0.79,2.21,0.313,1.99,0.31
32.5,83.5,"BASALTIC-ANDESITE [20977]",30.8,57.2,6.5,26.3,4.66,1.19,4.28,0.75,3.99,0.76,2.24,0.33,2.16,0.32
56.31472,160.80556,"BASALTIC-ANDESITE [21026]",5.253,13.84,2.131,10.44,2.994,0.985,3.444,0.566,3.454,0.734,2.116,0.312,1.97,0.307
56.13167,160.80556,"BASALTIC-ANDESITE [21026]",6.807,16.87,2.632,12.69,3.536,1.098,4.006,0.655,4.056,0.851,2.514,0.359,2.314,0.36
55.9975,160.83889,"BASALTIC-ANDESITE [21026]",5.874,14.82,2.329,11.29,3.163,1.045,3.493,0.568,3.534,0.765,2.162,0.33,2.015,0.312
56.125,161.76917,"BASALTIC-ANDESITE [21026]",5.221,13.32,2.097,10.1,2.821,0.953,3.154,0.544,3.265,0.716,2.005,0.297,1.921,0.292
55.99111,160.83583,"BASALTIC-ANDESITE [21026]",5.973,15.06,2.385,11.49,3.269,1.069,3.732,0.622,3.758,0.804,2.334,0.336,2.161,0.328
56.13194,160.80528,"BASALTIC-ANDESITE [21026]",5.148,13.04,2.057,9.94,2.797,0.949,3.174,0.544,3.256,0.703,2.041,0.3,1.876,0.285
56.11417,160.75944,"BASALTIC-ANDESITE [21026]",6.304,15.59,2.452,11.6,3.175,1.056,3.522,0.612,3.642,0.786,2.241,0.338,2.147,0.326
56.11417,160.75944,"BASALTIC-ANDESITE [21026]",6.16,15.72,2.452,11.65,3.251,1.079,3.697,0.601,3.673,0.788,2.296,0.338,2.121,0.324
55.98833,160.78778,"BASALTIC-ANDESITE [21026]",6.411,16.22,2.588,12.53,3.54,1.144,3.952,0.665,4.02,0.87,2.508,0.359,2.308,0.344
55.98833,160.78778,"BASALTIC-ANDESITE [21026]",5.881,14.92,2.37,11.54,3.269,1.027,3.561,0.606,3.688,0.791,2.277,0.332,2.121,0.319
56.05,160.63,"BASALTIC-ANDESITE [21026]",6.229,15.42,2.444,11.65,3.268,1.067,3.712,0.611,3.728,0.801,2.298,0.343,2.118,0.332
56.04139,160.80139,"BASALTIC-ANDESITE [21026]",6.665,16.68,2.587,12.16,3.394,1.063,3.714,0.635,3.844,0.82,2.347,0.348,2.159,0.333
56.04139,160.80139,"BASALTIC-ANDESITE [21026]",6.834,16.96,2.692,12.89,3.555,1.161,4.102,0.673,4.081,0.889,2.509,0.378,2.355,0.35
56.10278,160.79722,"BASALTIC-ANDESITE [21026]",7.037,17.39,2.689,12.62,3.492,1.102,3.877,0.635,3.86,0.826,2.357,0.356,2.229,0.329
56.20889,160.73167,"BASALTIC-ANDESITE [21026]",7.013,17.37,2.78,13.18,3.668,1.211,4.049,0.68,4.079,0.892,2.557,0.374,2.39,0.363
56.1425,160.79278,"BASALTIC-ANDESITE [21026]",6.733,16.68,2.61,12.18,3.408,1.084,3.872,0.629,3.796,0.82,2.358,0.348,2.197,0.331
56.05,160.63,"BASALTIC-ANDESITE [21026]",6.79,16.81,2.69,12.74,3.537,1.152,3.893,0.65,3.943,0.851,2.444,0.366,2.338,0.353
55.98444,160.72722,"BASALTIC-ANDESITE [21026]",6.121,16.02,2.401,11.55,3.293,1.062,3.616,0.589,3.673,0.792,2.258,0.339,2.137,0.323
56.11556,160.74833,"BASALTIC-ANDESITE [21026]",4.951,12.96,2.026,9.716,2.755,0.948,3.216,0.533,3.279,0.707,2,0.303,1.893,0.292
56.05,160.63,"BASALTIC-ANDESITE [21026]",6.885,17.54,2.715,12.81,3.418,1.155,3.837,0.649,3.849,0.814,2.333,0.341,2.161,0.334
56.20639,160.82472,"BASALTIC-ANDESITE [21026]",6.038,14.75,2.285,10.76,2.96,0.975,3.282,0.528,3.232,0.688,1.958,0.294,1.844,0.277
56.21194,160.81778,"BASALTIC-ANDESITE [21026]",5.76,14.18,2.224,10.46,2.927,0.955,3.247,0.538,3.307,0.697,2.009,0.289,1.858,0.28
56.20611,160.82694,"BASALTIC-ANDESITE [21026]",6.188,15.07,2.332,11.17,3.068,0.992,3.303,0.545,3.348,0.712,2.018,0.298,1.85,0.282
56.24306,160.84472,"BASALTIC-ANDESITE [21026]",6.186,15.02,2.351,10.97,2.972,1.001,3.351,0.546,3.346,0.701,2.005,0.298,1.89,0.279
56.05,160.63,"BASALTIC-ANDESITE [21026]",5.597,14.3,2.225,10.76,3.058,0.998,3.435,0.569,3.499,0.751,2.151,0.323,2.025,0.3
56.05,160.63,"BASALTIC-ANDESITE [21026]",5.25,13.32,2.101,10.24,2.903,0.956,3.453,0.554,3.426,0.727,2.158,0.313,2.034,0.307
56.05,160.63,"BASALTIC-ANDESITE [21026]",5.379,14.61,2.175,10.58,3.005,0.992,3.404,0.571,3.565,0.755,2.15,0.319,2.049,0.307
56.06139,160.80889,"BASALTIC-ANDESITE [21026]",7.222,17.4,2.68,12.57,3.341,1.094,3.727,0.63,3.815,0.799,2.342,0.348,2.141,0.329
56.05,160.63,"BASALTIC-ANDESITE [21026]",7.516,18.45,2.822,13.33,3.601,1.128,3.926,0.645,3.905,0.835,2.396,0.36,2.267,0.337
56.0625,160.82611,"BASALTIC-ANDESITE [21026]",6.711,16.52,2.601,12.33,3.365,1.11,3.774,0.621,3.83,0.81,2.353,0.346,2.225,0.334
56.06139,160.80889,"BASALTIC-ANDESITE [21026]",6.376,16.05,2.452,11.7,3.205,1.076,3.6,0.606,3.722,0.796,2.288,0.341,2.17,0.325
56.06556,160.725,"BASALTIC-ANDESITE [21026]",7.823,20.11,3.032,14.32,3.882,1.194,4.154,0.68,4.072,0.873,2.544,0.37,2.328,0.358
56.06556,160.725,"BASALTIC-ANDESITE [21026]",7.801,19.02,2.93,13.68,3.651,1.169,4.01,0.656,3.926,0.838,2.395,0.357,2.211,0.329
56.11333,160.81833,"BASALTIC-ANDESITE [21026]",7.903,19.48,3.049,14.32,3.865,1.261,4.176,0.686,4.092,0.874,2.501,0.373,2.353,0.364
56.1125,160.81972,"BASALTIC-ANDESITE [21026]",7.837,19.03,2.999,14.07,3.756,1.252,4.072,0.675,4.092,0.871,2.477,0.364,2.332,0.342
56.12639,160.75556,"BASALTIC-ANDESITE [21026]",7.887,19.13,3.013,14.3,3.843,1.237,4.104,0.675,4.072,0.871,2.498,0.36,2.307,0.357
56.12444,160.74417,"BASALTIC-ANDESITE [21026]",8.066,19.67,3.122,14.87,3.971,1.228,4.243,0.705,4.315,0.926,2.613,0.387,2.461,0.365
55.99972,160.73667,"BASALTIC-ANDESITE [21026]",7.153,17.39,2.743,13.05,3.55,1.12,3.792,0.618,3.797,0.808,2.329,0.339,2.203,0.332
56.12917,160.74528,"BASALTIC-ANDESITE [21026]",7.607,19.34,2.95,13.93,3.794,1.191,4.167,0.682,4.214,0.886,2.594,0.373,2.412,0.367
56.0425,160.6075,"BASALTIC-ANDESITE [21026]",7.42,17.99,2.781,13.18,3.64,1.133,3.993,0.659,4.014,0.853,2.449,0.367,2.266,0.342
56.08694,160.74528,"BASALTIC-ANDESITE [21026]",7.067,17.42,2.781,13.31,3.666,1.213,4.075,0.677,4.13,0.896,2.555,0.372,2.367,0.366
56.06111,160.80917,"BASALTIC-ANDESITE [21026]",7.441,18.36,2.901,13.9,3.896,1.177,4.291,0.709,4.338,0.916,2.661,0.399,2.5,0.372
56.06667,160.71806,"BASALTIC-ANDESITE [21026]",7.731,19.2,3.052,14.64,3.992,1.253,4.453,0.752,4.496,0.977,2.811,0.414,2.608,0.394
56.0325,160.61944,"BASALTIC-ANDESITE [21026]",6.761,16.71,2.623,12.17,3.247,1.077,3.639,0.597,3.603,0.759,2.215,0.32,2.105,0.326
56.0325,160.61944,"BASALTIC-ANDESITE [21026]",6.648,17.23,2.711,12.88,3.519,1.16,3.927,0.663,3.975,0.833,2.394,0.357,2.269,0.355
56.03806,160.61889,"BASALTIC-ANDESITE [21026]",7.462,17.95,2.767,12.85,3.492,1.093,3.81,0.612,3.744,0.798,2.338,0.336,2.171,0.331
56.045,160.63278,"BASALTIC-ANDESITE [21026]",7.305,17.84,2.858,13.87,3.783,1.172,4.161,0.714,4.253,0.928,2.64,0.392,2.461,0.373
56.045,160.63278,"BASALTIC-ANDESITE [21026]",7.485,18.39,2.842,13.4,3.645,1.18,4.17,0.688,4.119,0.877,2.509,0.374,2.339,0.351
56.03667,160.62333,"BASALTIC-ANDESITE [21026]",6.661,16.82,2.688,12.8,3.658,1.205,4.098,0.686,4.191,0.901,2.607,0.373,2.403,0.367
56.05,160.63,"BASALTIC-ANDESITE [21026]",7.378,18.2,2.829,13.35,3.67,1.163,4.032,0.679,4.153,0.886,2.55,0.381,2.345,0.359
56.05,160.63,"BASALTIC-ANDESITE [21026]",7.506,18.44,2.937,13.96,3.855,1.257,4.321,0.727,4.296,0.941,2.694,0.395,2.54,0.385
56.05,160.63,"BASALTIC-ANDESITE [21026]",7.338,18.09,2.884,13.7,3.816,1.169,4.188,0.716,4.336,0.937,2.708,0.4,2.498,0.381
56.05,160.63,"BASALTIC-ANDESITE [21026]",6.679,16.78,2.648,12.71,3.538,1.13,3.986,0.675,4.084,0.894,2.545,0.379,2.377,0.369
56.05,160.63,"BASALTIC-ANDESITE [21026]",7.821,19.32,3.037,14.29,3.94,1.249,4.336,0.725,4.37,0.936,2.692,0.398,2.506,0.39
56.05,160.63,"BASALTIC-ANDESITE [21026]",7.656,19.29,2.881,13.57,3.595,1.17,4.063,0.685,4.081,0.892,2.535,0.381,2.378,0.362
56.04833,160.55389,"BASALTIC-ANDESITE [21026]",6.93,17.07,2.731,13.02,3.669,1.186,4.085,0.683,4.207,0.899,2.559,0.381,2.392,0.372
56.04833,160.55389,"BASALTIC-ANDESITE [21026]",7.481,18.96,2.953,13.99,3.986,1.272,4.404,0.74,4.439,0.96,2.772,0.407,2.591,0.4
56.05,160.63,"BASALTIC-ANDESITE [21026]",6.937,17.36,2.705,12.76,3.492,1.14,4.026,0.686,4.092,0.88,2.561,0.387,2.353,0.357
56.05,160.63,"BASALTIC-ANDESITE [21026]",6.847,17.32,2.703,12.92,3.609,1.162,4.066,0.692,4.21,0.912,2.623,0.384,2.439,0.372
-39.144973,175.566102,"BASALTIC-ANDESITE [21025]",10.084176,22.16832,2.77104,11.477728,2.746944,0.690655851,2.719018366,0.4562176,2.807184,0.5750912,1.60867908,0.238952,1.6072032,0.2413616
-39.144782,175.566633,"BASALTIC-ANDESITE [21025]",11.389926,25.0728,3.121968,12.857898,3.018846,0.76227581,2.956770392,0.4800228,2.976384,0.6037692,1.6999965,0.2529522,1.6835172,0.25275
-39.144856,175.566722,"BASALTIC-ANDESITE [21025]",11.041413,24.30349,3.043428,12.670965,2.991506,0.757631205,2.979744595,0.4926599,3.051416,0.6294544,1.761503775,0.2594103,1.7343945,0.2632046
40.0064,115.978,"BASALTIC-ANDESITE [21078]",42.3,82.5,10.1,38.4,6.73,1.67,5.28,0.75,3.74,0.68,1.94,0.23,1.64,0.23
48,122,"BASALTIC-ANDESITE [21081]",7.87,18.6,2.61,12.3,3.45,1.18,3.75,0.62,3.98,0.83,2.27,0.34,2.37,0.35
48,122,"BASALTIC-ANDESITE [21081]",6.64,15,2.01,9.69,2.86,1.02,2.97,0.5,3.38,0.68,1.96,0.31,2.14,0.31
48,122,"BASALTIC-ANDESITE [21081]",35.7,73.8,9.12,37.2,6.5,1.76,4.52,0.56,2.7,0.48,1.24,0.17,1.08,0.16
48,122,"BASALTIC-ANDESITE [21081]",37.2,77.5,9.77,39.7,7.09,1.95,4.84,0.58,2.74,0.5,1.3,0.19,1.14,0.16
48,122,"BASALTIC-ANDESITE [21081]",41.5,86.3,10.83,44.2,7.76,2.16,5.31,0.64,2.98,0.52,1.33,0.19,1.19,0.17
48,122,"BASALTIC-ANDESITE [21081]",36.1,79.6,10.43,43.5,7.81,2.16,5.03,0.63,2.97,0.53,1.26,0.19,1.15,0.16
48,122,"BASALTIC-ANDESITE [21081]",21.7,50.2,6.44,26.7,5.45,1.67,4.75,0.66,3.61,0.69,1.86,0.26,1.59,0.24
48,122,"BASALTIC-ANDESITE [21081]",21.4,49.5,6.27,26.2,5.37,1.67,4.57,0.63,3.47,0.65,1.74,0.26,1.56,0.22
48,122,"BASALTIC-ANDESITE [21081]",21.6,49.9,6.45,27.5,5.59,1.7,4.82,0.67,3.86,0.72,1.85,0.26,1.72,0.24
48,122,"BASALTIC-ANDESITE [21081]",24.8,54.2,6.73,28,5.39,1.61,4.42,0.63,3.44,0.61,1.68,0.26,1.42,0.21
-39.65,175.65,"BASALTIC-ANDESITE [21070]",7.8,17,2.3,10.2,2.8,0.8,2.7,0.45,3.2,0.7,1.95,0.28,1.95,0.29
-39.65,175.65,"BASALTIC-ANDESITE [21070]",7.6,17,2.3,10.1,2.6,0.81,2.7,0.44,3,0.62,1.85,0.28,2.08,0.27
-39.65,175.65,"BASALTIC-ANDESITE [21070]",7.6,17,2.2,10.3,2.5,0.86,2.7,0.47,3.2,0.64,1.91,0.3,2,0.26
-39.65,175.65,"BASALTIC-ANDESITE [21070]",7.6,17,2.1,10.1,2.6,0.79,2.6,0.45,2.9,0.63,1.77,0.26,1.88,0.26
-39.65,175.65,"BASALTIC-ANDESITE [21070]",7.4,17,2.2,10.2,2.6,0.71,2.7,0.49,3.1,0.62,1.83,0.28,1.83,0.26
-39.65,175.65,"BASALTIC-ANDESITE [21070]",7.7,17,2.1,10.3,2.4,0.71,2.7,0.43,3.2,0.57,1.82,0.27,1.78,0.26
-39.65,175.65,"BASALTIC-ANDESITE [21070]",7.5,17,2.2,10.2,2.6,0.77,2.9,0.45,3.1,0.63,1.82,0.29,1.83,0.26
-39.65,175.65,"BASALTIC-ANDESITE [21070]",7.6,17,2.2,10.3,2.6,0.79,2.8,0.47,3,0.66,1.97,0.27,1.77,0.27
-39.65,175.65,"BASALTIC-ANDESITE [21070]",7.4,16,2.2,10,2.5,0.7,2.6,0.46,3,0.62,1.91,0.29,1.81,0.26
-39.65,175.65,"BASALTIC-ANDESITE [21070]",8,18,2.3,10.2,2.5,0.81,2.8,0.46,3.1,0.59,1.95,0.27,1.84,0.27
-39.65,175.65,"BASALTIC-ANDESITE [21070]",7.3,16,2.1,9.7,2.5,0.77,2.8,0.48,3,0.66,1.93,0.26,1.77,0.3
-39.65,175.65,"BASALTIC-ANDESITE [21070]",7.3,16,2.1,9.5,2.4,0.75,2.5,0.42,2.9,0.62,1.85,0.26,1.8,0.28
-39.65,175.65,"BASALTIC-ANDESITE [21070]",7.4,17,2.2,9.9,2.5,0.83,2.8,0.47,3.1,0.64,1.91,0.28,1.96,0.28
-39.65,175.65,"BASALTIC-ANDESITE [21070]",7.5,16,2.1,9.8,2.6,0.76,3,0.45,3.2,0.62,1.92,0.29,1.89,0.28
41.9859,128.5683,"BASALTIC-ANDESITE [21087]",18.2,36.2,4.79,20.5,5,1.67,4.5,0.7,3.5,0.6,1.6,0.21,1.3,0.19
12.6965519,-87.0282575,"BASALTIC-ANDESITE [20782]",5.8,12.7,1.93,9.2,2.6,0.92,2.6,0.5,3,0.6,1.8,0.26,1.7,0.28
12.6981193,-87.0188519,"BASALTIC-ANDESITE [20782]",7.5,16.6,2.52,12.7,3.4,1.08,3.5,0.6,3.9,0.8,2.3,0.34,2.2,0.36
47.93,-121.26,"BASALTIC-ANDESITE [20973]",19.01217673,43.25090358,5.664664457,22.8355851,4.551193031,1.398552025,3.826628251,0.603931125,3.419128544,0.713605329,1.872583762,0.26275492,1.637990612,0.256964581
47.93,-121.26,"BASALTIC-ANDESITE [20973]",21.32454765,50.37885239,6.657362549,26.79607434,5.220566811,1.567354503,4.363012835,0.659121495,3.785455447,0.749373099,2.008263692,0.28320241,1.728286929,0.269341476
47.93,-121.26,"BASALTIC-ANDESITE [20973]",18.85923091,42.71006123,5.564664787,22.65926635,4.835830226,1.509714959,4.445162059,0.709942118,4.218335763,0.851823205,2.294919428,0.336825868,2.082769214,0.33246052
48.5,95.5,"BASALTIC-ANDESITE [21151]",6.63,16.6,2.47,11.82,3.37,1.27,3.94,0.68,4.47,1.07,2.66,0.5,3.04,0.43
48.5,95.5,"BASALTIC-ANDESITE [21151]",5.54,13.2,2.1,9.85,2.85,1.03,3.19,0.62,3.9,0.91,2.6,0.38,2.65,0.4
48.5,95.5,"BASALTIC-ANDESITE [21151]",6.49,14.6,2.15,9.66,2.31,0.8,2.29,0.36,1.94,0.43,1.21,0.19,1.17,0.16
48.5,95.5,"BASALTIC-ANDESITE [21151]",6.68,15.4,1.99,9.73,2.32,0.76,2.04,0.27,1.98,0.37,1.18,0.17,1.25,0.16
48.5,95.5,"BASALTIC-ANDESITE [21151]",8.43,23.4,3.62,17.14,4.85,1.58,5.57,0.88,5.79,1.24,3.59,0.59,3.82,0.53
34.21177,138.83531,"BASALTIC-ANDESITE [10884] / NOT GIVEN [14066] / ANDESITE, CLINOPYROXENE-ORTHOPYROXENE [6905]",6.76,17.56,2.51,13.04,3.44,1.14,4.07,0.72,4.76,1.09,3.05,0.43,3.02,0.48
34.57235,139.2554,"BASALTIC-ANDESITE [10884] / DACITE [6905]",7.49,19.23,2.62,12.83,2.95,1.01,3.15,0.52,3.34,0.75,2.06,0.29,2.02,0.33
26,126.5,"BASALTIC-ANDESITE [3660]",14.04,30.27,3.72,15.43,3.6,1.11,3.6,0.58,3.5,0.73,2.15,0.33,2.1,0.32
26,126.5,"BASALTIC-ANDESITE [3660]",14.66,32.92,4.08,17.3,4.17,1.23,4.2,0.67,4.07,0.85,2.46,0.38,2.41,0.37
26,126.5,"BASALTIC-ANDESITE [3660]",16.74,36.65,4.64,19.75,4.68,1.4,4.66,0.72,4.22,0.87,2.48,0.38,2.44,0.37
26,126.5,"BASALTIC-ANDESITE [3660]",18.35,41.15,4.89,20.14,4.64,1.29,4.59,0.72,4.27,0.86,2.43,0.36,2.29,0.33
26,126.5,"BASALTIC-ANDESITE [3660]",12.29,28.2,3.59,15.64,3.88,1.15,4.06,0.66,4.06,0.86,2.46,0.37,2.39,0.36
26,126.5,"BASALTIC-ANDESITE [3660]",14.58,33.59,4.3,18.77,4.63,1.35,4.77,0.76,4.65,0.98,2.83,0.43,2.76,0.42
26.2,127,"BASALTIC-ANDESITE [3660]",14.49,32.52,4.04,17.36,4.28,1.29,4.38,0.72,4.37,0.93,2.72,0.42,2.67,0.4
26,126.5,"BASALTIC-ANDESITE [3660]",13.35,26.41,3.98,17.84,4.65,1.36,5.16,0.84,5.14,1.09,3.1,0.47,2.93,0.44
26,126.5,"BASALTIC-ANDESITE [3660]",14.09,30.83,4.13,17.95,4.51,1.28,4.76,0.79,4.83,1.04,3.03,0.47,3.02,0.47
26,126.5,"BASALTIC-ANDESITE [3660]",10.86,27,3.79,18,5.34,1.68,6.37,1.12,7.09,1.54,4.48,0.69,4.38,0.67
26,126.5,"BASALTIC-ANDESITE [3660]",12.34,29.94,4.14,19.45,5.59,1.72,6.56,1.14,7.2,1.57,4.56,0.7,4.44,0.68
26,126.5,"BASALTIC-ANDESITE [3660]",10.35,22.97,3.07,13.64,3.59,1.16,3.97,0.67,4.2,0.91,2.66,0.41,2.58,0.4
26,126.5,"BASALTIC-ANDESITE [3660]",8.34,19.15,2.53,11.51,3.27,1.04,3.92,0.69,4.44,0.98,2.87,0.44,2.8,0.43
26,126.5,"BASALTIC-ANDESITE [3660]",10.42,23.35,3.09,13.94,3.8,1.21,4.4,0.76,4.79,1.04,3.06,0.47,2.97,0.46
26,126.5,"BASALTIC-ANDESITE [3660]",14.63,35,4.76,22.18,6.31,1.79,7.44,1.31,8.2,1.8,5.26,0.8,5.07,0.78
26,126.5,"BASALTIC-ANDESITE [3660]",11.6,26.4,3.44,15.57,4.15,1.26,4.71,0.78,4.83,1.04,3.03,0.46,2.94,0.46
-24.67,-68.17,"BASALTIC-ANDESITE [5168]",19,44,5.9,26,5.5,1.5,4.8,0.66,4.1,0.77,2.02,0.27,1.79,0.25
-24.67,-68.17,"BASALTIC-ANDESITE [5168]",27,59,7.5,31,6.2,1.7,5.5,0.7,4.1,0.7,1.94,0.28,1.67,0.34
-24.67,-68.17,"BASALTIC-ANDESITE [5168]",32,66,8.3,34,6.6,1.6,6.2,0.86,5.1,0.96,2.72,0.4,2.6,0.51
-24.67,-68.17,"BASALTIC-ANDESITE [5168]",27,58,7.2,30,6.1,1.6,5.7,0.68,3.8,0.69,1.94,0.27,1.67,0.34
19.15,-97.13,"BASALTIC-ANDESITE [5159]",27.49,54.18,6.58,27.69,6.42,1.93,5.81,0.91,5.19,1.01,2.61,0.36,2.19,0.34
40,27,"BASALTIC-ANDESITE [21237]",10.3,23,3.25,13.3,3.73,0.95,4.11,0.69,4.78,0.89,2.72,0.42,2.62,0.4
40,27,"BASALTIC-ANDESITE [21237]",11.4,26.3,3.23,14.2,3.66,1.08,4.15,0.7,4.55,0.91,2.78,0.4,2.71,0.43
40,27,"BASALTIC-ANDESITE [21237]",15.2,32.7,3.98,16.9,3.8,1.09,4.09,0.68,4,0.84,2.43,0.36,2.48,0.37
40,27,"BASALTIC-ANDESITE [21237]",17.1,33.4,4.63,19.6,4.42,1.19,4.2,0.57,3.7,0.67,1.93,0.3,1.89,0.3
40,27,"BASALTIC-ANDESITE [21237]",13.8,30.4,3.97,18.1,4.07,1.22,4.24,0.62,4.49,0.85,2.37,0.35,2.3,0.35
40,27,"BASALTIC-ANDESITE [21237]",19.4,42.3,5.34,21.8,4.87,1.23,5.01,0.82,4.53,0.97,2.8,0.43,2.89,0.45
40,27,"BASALTIC-ANDESITE [21237]",16,35.2,4.45,18.6,4.12,1.22,4.21,0.71,4.2,0.85,2.51,0.37,2.44,0.38
40,27,"BASALTIC-ANDESITE [21237]",23.7,49.6,6.33,24.6,5.04,1.38,4.66,0.72,4,0.78,2.21,0.34,2.28,0.35
40,27,"BASALTIC-ANDESITE [21237]",14.8,31.2,4.13,18.3,4.2,1.18,4.07,0.7,4.01,0.77,2.2,0.32,2.16,0.31
40,27,"BASALTIC-ANDESITE [21237]",13.9,27.1,3.43,15,3.25,1.03,3.49,0.57,3.62,0.72,2.14,0.31,2.18,0.36
40,27,"BASALTIC-ANDESITE [21237]",21.4,42,5.13,20.8,4.2,1.21,3.93,0.6,3.45,0.67,1.9,0.28,2,0.31
40,27,"BASALTIC-ANDESITE [21237]",15,30,4.06,18.1,3.75,1.13,4.02,0.57,3.8,0.74,2.07,0.29,2.2,0.35
40,27,"BASALTIC-ANDESITE [21237]",27.9,54.5,6.6,26,5.77,1.38,4.79,0.71,4.19,0.85,2.69,0.37,2.03,0.38
40,27,"BASALTIC-ANDESITE [21237]",23.1,46.6,6.01,25,5.13,1.43,5.08,0.77,4.45,0.91,2.65,0.39,2.63,0.41
-42.419,-68.812,"BASALTIC-ANDESITE [20995]",68.8,120.4,13.4,49.7,8.7,1.61,6.66,0.85,4.17,0.8,2.22,0.29,1.71,0.27
-42.426,-68.858,"BASALTIC-ANDESITE [20995]",36.9,71.8,8.21,31.9,5.51,1.56,4.94,0.67,3.9,0.78,2.2,0.32,1.99,0.33
-42.426,-68.858,"BASALTIC-ANDESITE [20995]",39.2,72.5,8.46,31.8,5.79,1.61,5.08,0.75,3.96,0.75,2.07,0.31,2.13,0.32
-42.426,-68.858,"BASALTIC-ANDESITE [20995]",39,71.2,8.3,30.7,5.81,1.56,5.19,0.74,3.88,0.75,2.16,0.33,2.13,0.33
-42.419,-68.812,"BASALTIC-ANDESITE [20995]",37.9,68.8,7.96,30.6,5.44,1.57,5.05,0.72,3.77,0.78,2.1,0.3,1.95,0.31
-42.419,-68.812,"BASALTIC-ANDESITE [20995]",35.6,68.7,7.87,28.2,5.23,1.31,4.32,0.6,3.37,0.69,1.98,0.33,2.07,0.33
-42.422,-68.818,"BASALTIC-ANDESITE [20995]",33.5,66.8,7.95,31.5,5.86,1.54,5.08,0.72,3.88,0.74,2.07,0.32,1.95,0.31
-8,124,"BASALTIC-ANDESITE [5178]",37.8,68.1,7.7,29.1,5.4,1.56,4.96,0.72,3.81,0.77,2.28,0.34,2.16,0.33
-56.0335,-30.3252,"BASALTIC-ANDESITE [5179]",9.08,20.7,3.04,13.9,3.92,1.36,4.59,0.798,5.11,1.09,3.05,0.449,2.97,0.439
-56.1005,-30.3252,"BASALTIC-ANDESITE [5179]",9.02,20.7,2.99,13.8,3.89,1.34,4.54,0.796,5.12,1.08,3.06,0.447,3,0.444
-56.1256,-30.3085,"BASALTIC-ANDESITE [5179]",10.3,24.3,3.55,16.3,4.63,1.59,5.58,0.958,6.13,1.3,3.69,0.539,3.55,0.531
-56.9317,-30.6967,"BASALTIC-ANDESITE [5179]",4.97,13.1,2.08,10.1,3.25,1.16,4.18,0.721,4.9,1.01,2.83,0.42,2.81,0.408
-57.0633,-30.4867,"BASALTIC-ANDESITE [5179]",8.3,19.8,2.72,12.3,3.33,1.14,3.77,0.625,4.08,0.827,2.33,0.353,2.39,0.351
-57.0633,-30.4867,"BASALTIC-ANDESITE [5179]",8.41,20,2.7,12.1,3.31,1.09,3.64,0.608,3.99,0.793,2.24,0.34,2.3,0.345
-57.26,-30.17,"BASALTIC-ANDESITE [5179]",4.12,12,1.98,10.1,3.4,1.22,4.35,0.779,5.22,1.07,3.07,0.454,3,0.445
-58.8302,-29.6195,"BASALTIC-ANDESITE [5179]",4.17,12.3,2.15,11.2,3.75,1.34,4.91,0.891,5.88,1.26,3.59,0.527,3.5,0.528
-59.3202,-29.5048,"BASALTIC-ANDESITE [5179]",2.24,6.88,1.22,6.53,2.25,0.882,3.04,0.562,3.73,0.816,2.32,0.345,2.32,0.341
-59.4198,-29.502,"BASALTIC-ANDESITE [5179]",2.08,5.99,1,5.27,1.77,0.72,2.39,0.439,2.93,0.641,1.85,0.276,1.83,0.275
-59.6197,-29.55,"BASALTIC-ANDESITE [5179]",1.53,4.75,0.854,4.67,1.7,0.686,2.28,0.426,2.84,0.613,1.79,0.265,1.77,0.262
-59.5498,-30.0798,"BASALTIC-ANDESITE [5179]",3.9,10.5,1.71,8.58,2.68,0.981,3.34,0.606,3.96,0.844,2.34,0.347,2.27,0.34
44.2903,135.5395,"BASALTIC-ANDESITE [21274]",7.4,17.1,2.353,11.47,3.63,1.23,3.62,0.574,3.15,0.58,1.53,0.2139,1.26,0.181
16.2,-61.7,"BASALTIC-ANDESITE [21403]",7.58,18.15,2.53,11.55,3.2,0.88,3.51,0.61,4.03,0.85,2.53,0.4,2.76,0.44
16.2,-61.7,"BASALTIC-ANDESITE [21403]",6.28,13.91,2.31,11.77,3.46,1.17,4.23,0.7,4.65,1.05,3.12,0.47,3.22,0.53
16.2,-61.7,"BASALTIC-ANDESITE [21403]",6.35,16.53,2.58,12.41,3.72,1.17,4.1,0.72,4.66,0.96,2.76,0.42,2.91,0.46
16.2,-61.7,"BASALTIC-ANDESITE [21403]",10.25,20.89,3.59,17.53,4.86,1.46,5.48,0.95,6.18,1.35,3.78,0.59,3.85,0.61
16.2,-61.7,"BASALTIC-ANDESITE [21403]",5.66,14.33,2.12,10.31,3.08,1.01,3.42,0.6,3.84,0.82,2.42,0.37,2.56,0.4
16.2,-61.7,"BASALTIC-ANDESITE [21403]",6.88,16.43,2.56,12.69,3.64,1.15,4.01,0.7,4.57,0.98,2.85,0.44,3,0.5
15.97,-61.69,"BASALTIC-ANDESITE [21403]",7.89,14.51,2.4,10.97,2.9,1.07,3.17,0.54,3.46,0.73,2.11,0.33,2.2,0.34
16.05943,-61.6679,"BASALTIC-ANDESITE [21403]",5.57,13.44,1.88,8.95,2.58,0.92,2.94,0.51,3.35,0.73,2.15,0.34,2.31,0.38
16.07912,-61.61993,"BASALTIC-ANDESITE [21403]",7.56,17.7,2.38,11.04,2.96,0.94,3.21,0.55,3.59,0.78,2.25,0.35,2.47,0.39
12.05675,-61.65158,"BASALTIC-ANDESITE [21487]",12.8,24.2,3.13,14.4677,3.236,0.96,2.98,0.4,2.63,0.52,1.63,0.22,1.5,0.25
12.10317,-61.75222,"BASALTIC-ANDESITE [21487]",28.5,57.7,7.2,32.08129,6.307,1.6,4.58,0.59,3.59,0.58,1.75,0.23,1.72,0.23
12.09742,-61.68844,"BASALTIC-ANDESITE [21487]",30.4,57.3,6.63,26.5736,5.214,1.55,4.61,0.66,3.56,0.72,2.14,0.3,1.93,0.32
12,-61.5,"BASALTIC-ANDESITE [21487]",17.7,32.6,4.02,15.6,3.44,1.13,3.62,0.54,3.38,0.63,1.88,0.29,1.94,0.3
12,-61.5,"BASALTIC-ANDESITE [21487]",28,49,3,22,6,1.2465,5,0.49775,2.9925,0.528,1.8,0.239,1.6075,0.21975
12.5,-61.5,"BASALTIC-ANDESITE [21487]",12,26,3,18,5,0.849,7,0.45,2.8575,0.61625,1.827,0.285666667,1.573333333,0.235666667
29,128,"BASALTIC-ANDESITE [21416]",11.3,26.6,3.82,17,4.35,1.31,4.04,0.7,3.97,0.833,2.18,0.312,1.85,0.267
-15.85,-173.73,"BASALTIC-ANDESITE [21408]",1.42,3,0.455,2.22,0.785,0.304,1.08,0.201,1.44,0.325,0.964,0.149,1.01,0.155
-15.85,-173.73,"BASALTIC-ANDESITE [21408]",0.983,2.4,0.409,2.12,0.818,0.345,1.16,0.224,1.57,0.355,1.05,0.162,1.1,0.173
-15.85,-173.73,"BASALTIC-ANDESITE [21408]",0.948,2.33,0.401,2.09,0.804,0.331,1.15,0.223,1.56,0.356,1.04,0.163,1.1,0.171
-15.85,-173.73,"BASALTIC-ANDESITE [21408]",0.86,2.1,0.359,1.89,0.727,0.304,1.07,0.204,1.41,0.321,0.947,0.147,1.01,0.157
-15.85,-173.73,"BASALTIC-ANDESITE [21408]",1.02,2.48,0.423,2.23,0.848,0.348,1.2,0.232,1.65,0.378,1.11,0.175,1.2,0.19
-15.84872,-173.74937,"BASALTIC-ANDESITE [21408]",1.3,2.57,0.39,1.97,0.7,0.31,1,0.19,1.35,0.29,0.93,0.14,0.88,0.13
-15.85318,-173.7417,"BASALTIC-ANDESITE [21408]",1.25,2.75,0.4,2.08,0.76,0.29,0.93,0.19,1.34,0.31,0.89,0.15,0.95,0.15
-15.85417,-173.75162,"BASALTIC-ANDESITE [21408]",0.71,2.09,0.34,1.89,0.71,0.27,0.91,0.18,1.32,0.29,0.96,0.15,0.9,0.16
-15.85417,-173.75162,"BASALTIC-ANDESITE [21408]",1.44,2.93,0.43,2.1,0.73,0.3,0.97,0.19,1.33,0.29,0.86,0.15,0.88,0.13
-15.85,-173.73,"BASALTIC-ANDESITE [21408]",0.89,2.35,0.36,1.99,0.6,0.29,0.9,0.18,1.24,0.28,0.88,0.15,0.87,0.13
-15.84423,-173.74508,"BASALTIC-ANDESITE [21408]",0.78,1.94,0.38,1.78,0.74,0.26,1.1,0.22,1.37,0.28,0.91,0.14,0.98,0.16
-15.8546,-173.7516,"BASALTIC-ANDESITE [21408]",0.66,1.92,0.3,1.66,0.64,0.26,0.89,0.17,1.24,0.28,0.82,0.14,0.83,0.13
-15.85167,-173.75163,"BASALTIC-ANDESITE [21408]",1.15,2.5,0.41,2.16,0.74,0.34,1.07,0.21,1.47,0.32,1.01,0.16,1.12,0.14
-15.8584,-173.74917,"BASALTIC-ANDESITE [21408]",1.29,2.36,0.36,1.81,0.66,0.26,0.81,0.16,1.13,0.27,0.78,0.12,0.8,0.14
-15.95,-173.7,"BASALTIC-ANDESITE [21408]",2.17,4.39,0.653,2.99,0.99,0.369,1.23,0.224,1.55,0.342,1.02,0.158,1.09,0.171
-15.95,-173.7,"BASALTIC-ANDESITE [21408]",2.24,4.36,0.682,3.07,0.982,0.379,1.21,0.216,1.44,0.32,0.941,0.147,1,0.158
-15.95,-173.7,"BASALTIC-ANDESITE [21408]",2.47,4.81,0.749,3.35,1.03,0.373,1.24,0.217,1.46,0.322,0.956,0.151,1.03,0.161
-15.95,-173.7,"BASALTIC-ANDESITE [21408]",2.65,5.28,0.779,3.55,1.1,0.393,1.33,0.232,1.54,0.343,1.02,0.157,1.07,0.182
-15.95,-173.7,"BASALTIC-ANDESITE [21408]",2.4,4.26,0.735,3.32,1.01,0.353,1.18,0.203,1.31,0.281,0.811,0.124,0.834,0.127
-15.95,-173.7,"BASALTIC-ANDESITE [21408]",2.26,3.88,0.723,3.25,0.996,0.372,1.18,0.209,1.37,0.298,0.874,0.137,0.938,0.145
-15.95,-173.7,"BASALTIC-ANDESITE [21408]",3.16,5.62,1.02,4.74,1.51,0.523,1.82,0.322,2.16,0.477,1.4,0.216,1.48,0.232
-15.95,-173.7,"BASALTIC-ANDESITE [21408]",2.24,4.41,0.651,2.91,0.894,0.328,1.08,0.19,1.25,0.28,0.828,0.128,0.891,0.14
-15.95,-173.7,"BASALTIC-ANDESITE [21408]",5.59,8.39,2,8.55,2.36,0.759,2.29,0.401,2.5,0.502,1.43,0.222,1.53,0.228
-15.95,-173.7,"BASALTIC-ANDESITE [21408]",2.62,4.34,0.785,3.59,1.05,0.41,1.33,0.223,1.46,0.322,0.924,0.144,0.96,0.162
-15.95413,-173.78068,"BASALTIC-ANDESITE [21408]",2.31,5.25,0.81,3.74,1.08,0.41,1.35,0.25,1.72,0.36,1.13,0.19,1.19,0.2
-18.8,-174.63,"BASALTIC-ANDESITE [21408]",1.85,4.78,0.79,4.06,1.38,0.504,1.81,0.321,2.19,0.48,1.41,0.213,1.48,0.237
-18.8,-174.63,"BASALTIC-ANDESITE [21408]",1.65,4.27,0.708,3.64,1.27,0.461,1.63,0.294,2.02,0.438,1.29,0.196,1.34,0.22
-19.67,-175,"BASALTIC-ANDESITE [21408]",2.39,6.81,1.14,6.11,2.08,0.74,2.61,0.457,3.04,0.647,1.9,0.28,1.9,0.292
-19.67,-175,"BASALTIC-ANDESITE [21408]",2.43,6.82,1.15,6.12,2.12,0.741,2.65,0.465,3.13,0.67,1.97,0.285,1.97,0.301
-19.67,-175,"BASALTIC-ANDESITE [21408]",3.99,11.5,1.87,9.49,3.07,1.03,3.81,0.661,4.36,0.93,2.72,0.416,2.83,0.445
-19.73,-175.07,"BASALTIC-ANDESITE [21408]",1.71,4.75,0.797,4.31,1.58,0.582,2.17,0.399,2.75,0.603,1.78,0.271,1.88,0.287
-19.73,-175.07,"BASALTIC-ANDESITE [21408]",1.98,5.48,0.907,4.86,1.7,0.624,2.32,0.417,2.87,0.638,1.88,0.282,1.93,0.295
-19.73,-175.07,"BASALTIC-ANDESITE [21408]",1.65,4.51,0.753,4.03,1.45,0.537,1.95,0.358,2.49,0.544,1.62,0.239,1.65,0.265
56.63,161.32,"NOT GIVEN [6818] / BASALTIC-ANDESITE [7321] / ANDESITE [28817] / ADAKITE [7862]",7.79,18.2,2.68,12.3,3.05,0.96,3.09,0.48,2.84,0.59,1.69,0.26,1.65,0.26
-18.8,-174.63,"BASALTIC-ANDESITE [21408]",1.619020057,4.245999338,0.70891451,3.654458811,1.25492124,0.465061806,1.641715158,0.296373479,2.020661339,0.441324473,1.297930762,0.197445975,1.362797402,0.202833496
-18.8,-174.63,"BASALTIC-ANDESITE [21408]",1.62994894,4.198739164,0.704470616,3.665866071,1.257338108,0.467862239,1.666800969,0.296692534,2.042708568,0.447693536,1.312065886,0.199650614,1.364869308,0.206210332
-18.8,-174.63,"BASALTIC-ANDESITE [21408]",2.458204514,6.447699011,1.071153252,5.648413126,1.925964561,0.683288359,2.54999216,0.462850807,3.164802969,0.694069201,2.053967446,0.3131613,2.170188625,0.32918829
-18.8,-174.63,"BASALTIC-ANDESITE [21408]",1.911081571,5.00293981,0.836070475,4.360954505,1.520105443,0.548115453,1.985280877,0.35857382,2.449983957,0.541439686,1.591979179,0.241390127,1.654790698,0.24986674
-18.8,-174.63,"BASALTIC-ANDESITE [21408]",2.272797515,5.991886635,0.999537798,5.193123956,1.798278746,0.630550327,2.355652639,0.422728741,2.885284966,0.631511389,1.861326073,0.283196255,1.941182372,0.292553111
-18.8,-174.63,"BASALTIC-ANDESITE [21408]",2.33851981,6.175037828,1.024355855,5.283284434,1.798416915,0.643267693,2.343553002,0.421754568,2.878857097,0.628554479,1.846599679,0.284320652,1.933959062,0.292484106
-18.8,-174.63,"BASALTIC-ANDESITE [21408]",1.64334155,4.313738736,0.718596987,3.745975363,1.292654278,0.470429102,1.707571986,0.308033698,2.114998056,0.463472942,1.36935772,0.207581568,1.418636428,0.214749487
-18.8,-174.63,"BASALTIC-ANDESITE [21408]",2.118596443,5.617348102,0.93672945,4.938166142,1.694334127,0.623297258,2.283105571,0.410025974,2.824359435,0.620487629,1.833190488,0.282331486,1.944634378,0.294535122
-18.8,-174.63,"BASALTIC-ANDESITE [21408]",1.76811708,4.693545887,0.780048141,4.093358731,1.404224386,0.515536976,1.844056654,0.333266707,2.298640342,0.501508822,1.470812726,0.224138534,1.551609657,0.235385125
-19.67,-175,"BASALTIC-ANDESITE [21408]",2.537982253,7.230359326,1.233728813,6.47480907,2.197154867,0.789593292,2.788631021,0.492555047,3.269805773,0.703498227,2.031923505,0.303938207,2.065405486,0.305111292
-19.67,-175,"BASALTIC-ANDESITE [21408]",2.516606125,7.030548377,1.191192167,6.455462155,2.205458085,0.757540242,2.693278471,0.467733736,3.139277484,0.675684518,1.974535718,0.28582032,1.92559144,0.284221012
-19.67,-175,"BASALTIC-ANDESITE [21408]",2.425588169,6.817877933,1.148631593,6.119776381,2.119581723,0.741038874,2.651043394,0.465242851,3.134507027,0.670349991,1.973313182,0.285007707,1.967160371,0.293354994
-19.67,-175,"BASALTIC-ANDESITE [21408]",2.809268145,8.013122307,1.342475476,7.166321239,2.402337107,0.832600876,3.027235074,0.532648404,3.568513283,0.762484263,2.238129593,0.319259044,2.18823509,0.324908771
-19.67,-175,"BASALTIC-ANDESITE [21408]",2.558035801,7.241310468,1.230147975,6.509716663,2.18019407,0.786937928,2.737965413,0.475975792,3.139767726,0.669684782,1.926060108,0.292592009,1.96099906,0.290532233
-19.67,-175,"BASALTIC-ANDESITE [21408]",2.87135788,8.111371624,1.374684632,7.20325349,2.454780192,0.866216728,3.087270888,0.536566884,3.534038773,0.754300588,2.177980284,0.32566632,2.186998868,0.326325003
-19.67,-175,"BASALTIC-ANDESITE [21408]",2.71781351,7.795691262,1.309662707,6.859756482,2.317957512,0.816177,2.906789782,0.509558061,3.363128927,0.718474061,2.065618417,0.314465854,2.122100765,0.313717813
-19.67,-175,"BASALTIC-ANDESITE [21408]",2.87299367,8.181492264,1.388757885,7.321331458,2.480545323,0.875978912,3.110786681,0.54338272,3.60120014,0.771642449,2.214183841,0.333387755,2.219080524,0.332607762
-19.67,-175,"BASALTIC-ANDESITE [21408]",2.280189288,6.445718169,1.089594553,5.792627291,1.980520409,0.711570858,2.508426106,0.439622785,2.921116748,0.625128275,1.809407743,0.272307294,1.844209734,0.274407752
-19.67,-175,"BASALTIC-ANDESITE [21408]",3.990499469,11.47836674,1.86830034,9.488222658,3.068481471,1.029991309,3.813347064,0.661439792,4.357729896,0.929872598,2.719376326,0.416226765,2.827982599,0.419687271
-19.67,-175,"BASALTIC-ANDESITE [21408]",2.519265635,7.136085067,1.186051418,6.333570578,2.159709375,0.766093542,2.703981631,0.478682432,3.195175026,0.684700719,2.003434123,0.292735105,2.034125833,0.301594174
-19.67,-175,"BASALTIC-ANDESITE [21408]",3.585148788,10.29999354,1.684936527,8.895304344,2.928599451,0.95096738,3.571928162,0.633341352,4.23747644,0.914518095,2.709451261,0.389237388,2.67469371,0.403860573
-19.67,-175,"BASALTIC-ANDESITE [21408]",2.891080732,8.047068317,1.344957761,6.946657737,2.31189948,0.807917132,2.962426481,0.516544879,3.450976441,0.735645126,2.14268081,0.327062304,2.21377725,0.331413481
-19.73,-175.07,"BASALTIC-ANDESITE [21408]",2.029433582,5.567782847,0.923835919,4.939110314,1.74605268,0.62516124,2.33176071,0.421661749,2.896980891,0.638469234,1.887618086,0.275985768,1.926880607,0.290896387
-19.73,-175.07,"BASALTIC-ANDESITE [21408]",1.584195179,4.246996428,0.713578534,3.825954483,1.371051414,0.500982642,1.876467205,0.336535678,2.31221428,0.511174775,1.511860189,0.226319424,1.565373731,0.236157053
-19.73,-175.07,"BASALTIC-ANDESITE [21408]",2.15080466,5.919026564,0.981470973,5.260737623,1.888962919,0.671913806,2.487737052,0.451779639,3.088605631,0.673851738,1.999753601,0.299151502,2.065706066,0.313153096
-19.73,-175.07,"BASALTIC-ANDESITE [21408]",2.139195274,5.860092762,0.972619786,5.23499752,1.851362538,0.65225353,2.435799328,0.443080141,3.06055487,0.66842172,1.998590917,0.294315038,2.012953081,0.306765069
-19.73,-175.07,"BASALTIC-ANDESITE [21408]",1.71448008,4.751000033,0.797433168,4.313212177,1.577027686,0.581700844,2.174704116,0.399445207,2.748863232,0.602829645,1.78255768,0.271203106,1.878382782,0.284696259
-19.73,-175.07,"BASALTIC-ANDESITE [21408]",1.919021851,5.295688331,0.884560389,4.711828015,1.674227835,0.611967629,2.25945035,0.408460542,2.790786168,0.610359015,1.818263349,0.271471446,1.873155857,0.280889004
-19.73,-175.07,"BASALTIC-ANDESITE [21408]",2.017002527,5.522400988,0.923369572,4.897013946,1.76841985,0.649915333,2.373066075,0.429816418,2.927684296,0.642914179,1.904309634,0.289777692,1.995248611,0.302595272
-19.73,-175.07,"BASALTIC-ANDESITE [21408]",2.553221965,7.013366692,1.155920126,6.159873653,2.186841424,0.755055044,2.884595943,0.509847309,3.518213766,0.765727598,2.287756578,0.340891608,2.360899374,0.354630514
-19.73,-175.07,"BASALTIC-ANDESITE [21408]",1.984934489,5.476605749,0.907196641,4.855535651,1.702461026,0.623823314,2.316938478,0.417221497,2.86977361,0.638180249,1.88488166,0.282367583,1.931674721,0.292197197
-19.73,-175.07,"BASALTIC-ANDESITE [21408]",2.062183176,5.615066111,0.939989591,5.087784832,1.83022526,0.651614733,2.498259446,0.459928858,3.170439373,0.695123792,2.076182825,0.30848534,2.134191183,0.320836886
-19.73,-175.07,"BASALTIC-ANDESITE [21408]",2.382760728,6.593655671,1.098899757,5.993027827,2.138038321,0.766482916,2.910167339,0.526815695,3.638169817,0.794122243,2.365980798,0.350618595,2.425139782,0.368837111
-19.73,-175.07,"BASALTIC-ANDESITE [21408]",1.652647283,4.508338543,0.752924303,4.031833891,1.450234531,0.537181842,1.953974683,0.358310311,2.490703381,0.543835298,1.618494528,0.239445622,1.65157711,0.252402955
-19.73,-175.07,"BASALTIC-ANDESITE [21408]",1.683434703,4.507098062,0.748254984,4.029381432,1.457889311,0.54201135,1.976350588,0.361892588,2.495594312,0.545654746,1.614227868,0.245095272,1.698002301,0.253264535
-19.73,-175.07,"BASALTIC-ANDESITE [21408]",1.52754902,4.177371354,0.696352468,3.751759329,1.341109616,0.512293047,1.836903666,0.336485817,2.322273573,0.510078057,1.506429673,0.228123693,1.584854722,0.238816504
-19.73,-175.07,"BASALTIC-ANDESITE [21408]",1.524790654,4.165108883,0.694597115,3.732832004,1.35180655,0.514110095,1.841391352,0.336699357,2.304320547,0.503370597,1.502704585,0.22904544,1.58668342,0.23959978
-19.73,-175.07,"BASALTIC-ANDESITE [21408]",1.764452694,4.834757047,0.797069614,4.272783924,1.518169205,0.542860453,2.04126155,0.374512582,2.57831902,0.561409851,1.654751508,0.251379856,1.752922813,0.26424702
-19.73,-175.07,"BASALTIC-ANDESITE [21408]",1.338294737,3.654884207,0.604322364,3.291809805,1.212653429,0.445855416,1.651475045,0.302565044,2.099997917,0.458608104,1.35763981,0.202526574,1.402089129,0.211171029
-19.73,-175.07,"BASALTIC-ANDESITE [21408]",2.497188561,6.946529617,1.148166578,6.209990691,2.218123465,0.775412975,2.906455181,0.53683119,3.632902517,0.799849088,2.356720854,0.353269587,2.434043623,0.36761011
-19.73,-175.07,"BASALTIC-ANDESITE [21408]",2.074452999,5.746345014,0.956054054,5.139068616,1.836773184,0.651689224,2.455701359,0.447109823,3.045543144,0.663815932,1.973419772,0.294567168,2.039572065,0.306401828
-19.73,-175.07,"BASALTIC-ANDESITE [21408]",2.041730244,5.649647556,0.935354345,5.089658089,1.823937191,0.657403435,2.476641085,0.449172629,3.08044558,0.674214629,2.006432098,0.302831955,2.09021822,0.312642894
-22.33,-176.2,"BASALTIC-ANDESITE [21408]",3.705925926,8.85337734,1.341206472,6.639783951,2.043240342,0.738993509,2.445711868,0.423491697,2.767489845,0.591055337,1.685454115,0.251644325,1.686893648,0.256027678
-22.33,-176.2,"BASALTIC-ANDESITE [21408]",3.304014017,8.185080096,1.271635643,6.302211854,1.98200865,0.691384421,2.422543853,0.428742291,2.830298759,0.604636564,1.752076858,0.26344165,1.792522547,0.269837805
-22.33,-176.2,"BASALTIC-ANDESITE [21408]",3.501002004,8.649298597,1.350901804,6.719438878,2.102204409,0.745490982,2.589178357,0.455310621,2.995991984,0.640480962,1.850501002,0.278356713,1.900601202,0.289579158
-22.33,-176.2,"BASALTIC-ANDESITE [21408]",3.3610408,8.28912,1.29448424,6.4220944,2.0288608,0.71089072,2.496604,0.43853392,2.8992184,0.62346024,1.789423648,0.27373832,1.84768432,0.2792644
-22.33,-176.2,"BASALTIC-ANDESITE [21408]",3.781535003,9.574105305,1.526218063,7.712911852,2.411270755,0.848183711,2.866711102,0.491126366,3.174281207,0.675471268,1.908610511,0.285882469,1.93887462,0.290811477
-22.33,-176.2,"BASALTIC-ANDESITE [21408]",2.938540258,7.528392915,1.214211997,6.203363929,1.981574879,0.743289533,2.449115137,0.428346457,2.835084541,0.606409662,1.741686936,0.260429871,1.77247496,0.265403704
-6,-50,"BASALTIC-ANDESITE [21517]",17.7,35.3,3.81,14.9,3.05,0.92,4.04,0.64,4.15,0.86,2.6,0.38,2.42,0.35
-6,-50,"BASALTIC-ANDESITE [21517]",16.6,32.1,3.65,13.9,2.87,0.84,4.06,0.57,3.61,0.81,2.39,0.37,2.2,0.33
-6,-50,"BASALTIC-ANDESITE [21517]",19.6,36.2,4.14,16.2,3.7,0.85,3.82,0.65,3.99,0.8,2.69,0.36,2.7,0.4
-6,-50,"BASALTIC-ANDESITE [21517]",18.8,36.8,4.15,15.4,3.35,0.87,3.88,0.65,4.06,0.83,2.6,0.36,2.45,0.39
-6,-50,"BASALTIC-ANDESITE [21517]",17.3,34.3,3.86,14.6,3.5,0.79,3.57,0.65,3.66,0.76,2.31,0.36,2.59,0.37
-6,-50,"BASALTIC-ANDESITE [21517]",18,35.4,3.99,15.2,3.28,0.77,3.63,0.57,3.86,0.73,2.55,0.39,2.48,0.37
-6,-50,"BASALTIC-ANDESITE [21517]",17.9,36.1,4.05,15.8,3.28,1.01,4.04,0.61,3.94,0.81,2.52,0.38,2.46,0.37
-6,-50,"BASALTIC-ANDESITE [21517]",17.4,34.4,3.95,15.2,3.24,0.87,3.74,0.67,4.16,0.83,2.45,0.41,2.43,0.4
-6,-50,"BASALTIC-ANDESITE [21517]",17.9,35.2,4.07,15.5,3.33,0.9,3.84,0.61,4.06,0.84,2.54,0.37,2.34,0.37
-6,-50,"BASALTIC-ANDESITE [21517]",19,37.8,4.32,16,3.34,0.92,4.27,0.64,4.27,0.89,2.63,0.38,2.26,0.36
-6,-50,"BASALTIC-ANDESITE [21517]",18.6,36.9,4.14,15.6,3.74,0.8,4.01,0.62,3.99,0.82,2.68,0.36,2.32,0.36
-6,-50,"BASALTIC-ANDESITE [21517]",18.2,36.1,3.92,15.3,3.29,0.85,3.82,0.64,3.8,0.8,2.38,0.34,2.44,0.36
-6,-50,"BASALTIC-ANDESITE [21517]",13.7,25.5,2.76,10.6,2.16,0.81,3.03,0.49,2.89,0.6,1.83,0.28,1.7,0.29
-6,-50,"BASALTIC-ANDESITE [21517]",16.8,33.6,3.65,14.5,3.2,0.98,4.05,0.64,3.98,0.83,2.61,0.39,2.37,0.38
-6,-50,"BASALTIC-ANDESITE [21517]",15.9,30.9,3.44,13.1,2.92,0.98,3.73,0.57,3.5,0.75,2.31,0.33,2.24,0.32
-6,-50,"BASALTIC-ANDESITE [21517]",15.2,29.9,3.25,13,2.71,0.78,3.6,0.53,3.57,0.7,2.1,0.31,2.27,0.34
-6,-50,"BASALTIC-ANDESITE [21517]",14.1,27.7,3.08,12.2,2.82,0.73,3.31,0.56,3.34,0.71,2.28,0.3,2.16,0.31
-6,-50,"BASALTIC-ANDESITE [21517]",14.8,29.6,3.21,13.1,2.91,0.83,3.74,0.64,3.76,0.82,2.32,0.3,2.09,0.35
-6,-50,"BASALTIC-ANDESITE [21517]",16.6,33.2,3.66,14.2,3.5,1.05,4.1,0.64,4.24,0.82,2.36,0.28,1.84,0.28
-6,-50,"BASALTIC-ANDESITE [21517]",17.4,38,4.18,16.1,3.74,0.73,3.88,0.69,4.04,0.9,2.63,0.39,2.56,0.38
-6,-50,"BASALTIC-ANDESITE [21517]",19.1,40.2,4.39,16.8,3.65,1,4.04,0.7,4.25,0.88,2.67,0.37,2.68,0.36
-6,-50,"BASALTIC-ANDESITE [21517]",16.7,34,3.57,14.8,3.06,0.89,3.57,0.63,3.68,0.8,2.18,0.35,2.14,0.3
-6,-50,"BASALTIC-ANDESITE [21517]",21.9,43.9,4.62,17.5,3.8,1.07,4.09,0.71,4.43,0.97,2.77,0.42,2.83,0.41
-6,-50,"BASALTIC-ANDESITE [21517]",18.1,37.5,4.03,15.1,3.4,0.85,3.74,0.68,3.85,0.9,2.48,0.38,2.63,0.36
-6,-50,"BASALTIC-ANDESITE [21517]",16,34.5,3.71,14.2,3.44,0.88,3.7,0.65,4.15,0.86,2.56,0.38,2.3,0.34
-6,-50,"BASALTIC-ANDESITE [21517]",17.8,34.3,3.85,14.6,3.33,0.94,3.9,0.64,3.79,0.76,2.37,0.35,2.38,0.32
-6,-50,"BASALTIC-ANDESITE [21517]",17.9,34.3,3.77,14.4,3.29,0.96,3.8,0.61,3.63,0.78,2.26,0.35,2.21,0.32
-6,-50,"BASALTIC-ANDESITE [21517]",17,33.1,3.61,14.6,3.06,0.85,4.05,0.62,3.58,0.77,2.32,0.34,2.14,0.34
-6,-50,"BASALTIC-ANDESITE [21517]",17.2,33.7,3.78,14.6,3.17,0.92,4.08,0.65,3.86,0.81,2.5,0.38,2.34,0.34
-6,-50,"BASALTIC-ANDESITE [21517]",14.7,28.9,3.35,12.9,2.65,0.83,3.63,0.61,3.83,0.79,2.47,0.34,2.27,0.34
-6,-50,"BASALTIC-ANDESITE [21517]",13.9,27.3,3.09,12.2,2.64,0.81,3.57,0.54,3.51,0.74,2.2,0.3,2.11,0.28
-6,-50,"BASALTIC-ANDESITE [21517]",18,36.1,3.97,15.1,3.15,1.02,3.88,0.61,3.96,0.83,2.45,0.34,2.42,0.34
-6,-50,"BASALTIC-ANDESITE [21517]",15.7,31.2,3.54,13.5,3.12,0.75,3.82,0.63,3.88,0.82,2.46,0.33,2.29,0.35
-6,-50,"BASALTIC-ANDESITE [21517]",13.4,26.4,2.91,11.6,3.06,0.93,3.73,0.61,3.73,0.74,2.44,0.35,2.4,0.34
-6,-50,"BASALTIC-ANDESITE [21517]",15.6,29.1,3.19,12.2,2.68,0.8,3.44,0.57,3.34,0.68,2.15,0.33,1.93,0.29
-6,-50,"BASALTIC-ANDESITE [21517]",16.2,32.4,3.71,14.6,3.24,0.92,4.05,0.61,3.98,0.85,2.54,0.36,2.38,0.36
-6,-50,"BASALTIC-ANDESITE [21517]",14,27.9,3.06,12.2,2.61,0.85,3.56,0.52,3.44,0.7,2.18,0.35,2.11,0.33
-6,-50,"BASALTIC-ANDESITE [21517]",16.3,32.2,3.58,14.3,3.05,0.78,3.59,0.63,3.66,0.78,2.53,0.34,2.32,0.33
-6,-50,"BASALTIC-ANDESITE [21517]",16.8,32,3.58,13.7,2.92,0.86,3.62,0.59,3.89,0.74,2.61,0.41,2.49,0.38
-6,-50,"BASALTIC-ANDESITE [21517]",16,30.9,3.53,13.9,3.05,0.88,3.94,0.61,3.82,0.78,2.38,0.36,2.44,0.36
-6,-50,"BASALTIC-ANDESITE [21517]",22.2,40.7,4.5,17.9,3.94,1.05,4.53,0.65,3.98,0.78,2.26,0.36,2.1,0.31
-6,-50,"BASALTIC-ANDESITE [21517]",14.6,27.4,3.06,12.2,2.73,0.71,3.28,0.53,3.42,0.69,2.25,0.34,1.92,0.31
-6,-50,"BASALTIC-ANDESITE [21517]",12.5,25,2.81,11,2.67,0.67,2.96,0.49,2.93,0.56,1.88,0.28,1.81,0.26
-6,-50,"BASALTIC-ANDESITE [21517]",13.7,27.3,3.19,12.1,2.79,0.67,3.03,0.49,3.23,0.64,2.04,0.3,1.88,0.28
-6,-50,"BASALTIC-ANDESITE [21517]",17.4,34.2,3.77,14.2,3.34,0.89,3.79,0.65,3.96,0.84,2.54,0.38,2.12,0.36
-1.4167,-78.45,"BASALTIC-ANDESITE [20960]",14.8,31.92,4.39,18.36,3.96,1.17,3.57,0.51,3,0.6,1.66,0.22,1.56,0.23
47.9,23.2,"BASALTIC-ANDESITE [21562]",18.3,40.6,4.86,20.7,4.72,1.41,5.59,0.86,5.13,1.11,3.26,0.47,3.29,0.44
47.9,23.2,"BASALTIC-ANDESITE [21562]",19.4,41.4,5.22,21.1,4.49,1.22,5.2,0.88,5.05,1.11,3.21,0.48,2.9,0.41
47.9,23.2,"BASALTIC-ANDESITE [21562]",20.8,42.3,4.85,19.3,4.21,0.96,4.51,0.67,3.82,0.8,2.56,0.36,2.11,0.35
47.9,23.2,"BASALTIC-ANDESITE [21562]",19.2,40.6,4.85,19.9,4.35,1.23,4.66,0.71,4.52,0.99,2.88,0.42,2.39,0.37
47.9,23.2,"BASALTIC-ANDESITE [21562]",12.2,27,3.7,14.9,3.73,1.01,4.01,0.63,3.85,0.81,2.4,0.35,2.44,0.38
47.9,23.2,"BASALTIC-ANDESITE [21562]",26.8,52.8,6.21,25.1,5.3,1.32,5.05,0.83,4.96,1.01,2.9,0.45,2.73,0.43
47.9,23.2,"BASALTIC-ANDESITE [21562]",16.5,32.8,3.93,16.4,3.43,1.09,3.47,0.58,3.49,0.7,1.99,0.3,1.88,0.29
47.9,23.2,"BASALTIC-ANDESITE [21562]",19.1,38.1,4.96,20.8,4.23,1.21,4.69,0.71,4.3,0.9,2.66,0.39,2.63,0.37
11.7652,139.111,"BASALTIC-ANDESITE [5288]",5.64,11.7,1.52,7.3,2,0.7,2.26,0.41,2.62,0.6,1.73,0.25,1.68,0.28
40,42,"BASALTIC-ANDESITE [21630]",16.6,32.4,3.45,13.8,2.85,1.14,3.03,0.41,2.5,0.54,1.41,0.2,1.31,0.19
40,42,"BASALTIC-ANDESITE [21630]",20.1,38.9,4.94,19.8,4.45,1.68,4.53,0.72,4.05,0.82,2.48,0.34,2.19,0.31
40,42,"BASALTIC-ANDESITE [21630]",21.4,37.2,4.11,16.8,3.14,1.28,3.87,0.55,2.96,0.68,1.72,0.22,1.44,0.21
40,42,"BASALTIC-ANDESITE [21630]",23.2,42.9,4.59,18,3.51,1.45,4.2,0.62,3.86,0.72,1.98,0.26,1.54,0.24
-8.17,125.11,"BASALTIC-ANDESITE [12598] / NOT GIVEN [7176]",24.8,44.5,4.98,18.3,3.63,1.04,3.29,0.48,2.9,0.6,1.7,0.26,1.64,0.24
40.3395,8.3916,"BASALTIC-ANDESITE [21641]",17.9,37.4,4.69,20.8,4.84,1.23,4.29,0.73,4.37,0.89,2.54,0.377,2.4,0.379
40.3395,8.3916,"BASALTIC-ANDESITE [21641]",17.4,36,4.45,19.5,4.57,1.21,4.14,0.65,4.12,0.85,2.46,0.354,2.36,0.365
40.3395,8.3916,"BASALTIC-ANDESITE [21641]",16.8,34.8,4.51,18.4,4.47,1.16,3.96,0.67,3.99,0.83,2.45,0.38,2.56,0.398
40.3395,8.3916,"BASALTIC-ANDESITE [21641]",23,50.8668513,6.003940987,19.47,4.677116596,1.35,4.801577719,0.821317346,5.229059231,0.994385409,3.375134211,0.301713839,3.038516456,0.429700718
40.3395,8.3916,"BASALTIC-ANDESITE [21641]",17.59,39.40377591,4.894829176,19.90253031,4.608562566,1.22,4.850924624,0.690769448,4.745613623,0.966484585,2.595151508,0.300394723,3.088112239,0.433661185
40.3395,8.3916,"BASALTIC-ANDESITE [21641]",18.8379214,38.94538299,4.70921048,19.35477818,4.46674854,1.392008686,4.550681506,0.778820564,5.188331223,1.138531232,3.360672307,0.481526677,3.346341176,0.481700152
40.3413,8.3941,"BASALTIC-ANDESITE [21641]",18.58058421,34.89644886,4.75665343,19.94339804,4.470787648,1.315174197,4.613192677,0.682240907,4.166122392,0.900479768,2.606317409,0.352538947,2.444380035,0.360554681
40.3413,8.3941,"BASALTIC-ANDESITE [21641]",16.28014776,34.21239724,4.132917851,16.97638284,3.835140995,1.173294743,3.684898868,0.588619016,3.565382519,0.753144217,2.216947633,0.290373247,2.162943181,0.306215571
-37.41,-71.35,"BASALTIC-ANDESITE [21645]",9.66,22.65,3.204,14.57,3.772,1.247,3.707,0.591,3.64,0.729,2.014,0.288,1.744,0.274
-37.41,-71.35,"BASALTIC-ANDESITE [21645]",10.93,24.74,3.373,14.9,3.637,1.195,3.52,0.547,3.332,0.667,1.782,0.25,1.575,0.248
-37.41,-71.35,"BASALTIC-ANDESITE [21645]",9.7,22.7,3.191,14.36,3.553,1.22,3.56,0.587,3.602,0.721,1.965,0.278,1.747,0.275
-37.41,-71.35,"BASALTIC-ANDESITE [21645]",9.29,22.19,3.165,14.62,3.871,1.316,3.962,0.664,4.032,0.837,2.252,0.328,2.056,0.325
-37.41,-71.35,"BASALTIC-ANDESITE [21645]",10.27,23.46,3.207,14.11,3.479,1.214,3.432,0.549,3.41,0.687,1.921,0.272,1.7,0.282
-37.41,-71.35,"BASALTIC-ANDESITE [21645]",11.84,28.32,4.069,18.45,4.816,1.597,5.178,0.84,5.163,1.077,2.897,0.423,2.605,0.408
-37.41,-71.35,"BASALTIC-ANDESITE [21645]",15.23,35.6,4.938,22.16,5.642,1.783,5.65,0.929,5.719,1.174,3.12,0.448,2.869,0.457
-37.41,-71.35,"BASALTIC-ANDESITE [21645]",9.03,21.33,3.079,14.13,3.67,1.275,3.81,0.615,3.801,0.785,2.108,0.302,1.882,0.304
-37.41,-71.35,"BASALTIC-ANDESITE [21645]",9.83,22.68,3.138,13.71,3.383,1.144,3.28,0.518,3.197,0.649,1.719,0.244,1.542,0.241
-37.41,-71.35,"BASALTIC-ANDESITE [21645]",12.74,30.09,4.237,19.21,4.853,1.575,5.076,0.827,5.089,1.038,2.838,0.407,2.479,0.401
-37.400623,-71.417007,"BASALTIC-ANDESITE [21645]",9.88,22.33,3.107,13.53,3.377,1.197,3.396,0.554,3.401,0.696,1.859,0.272,1.685,0.264
-37.396452,-71.446726,"BASALTIC-ANDESITE [21645]",10.97,25.49,3.642,16.54,4.325,1.552,4.58,0.777,4.805,1.018,2.783,0.394,2.428,0.391
-37.403141,-71.409756,"BASALTIC-ANDESITE [21645]",10.26,24.42,3.498,15.65,4.008,1.383,4.255,0.693,4.25,0.867,2.382,0.344,2.171,0.344
-37.444186,-71.324947,"BASALTIC-ANDESITE [21645]",10.13,23.27,3.231,14.18,3.44,1.212,3.142,0.481,2.862,0.569,1.481,0.208,1.265,0.196
-37.367117,-71.34228,"BASALTIC-ANDESITE [21645]",11.94,28.27,4.121,18.54,4.777,1.605,4.988,0.826,5.305,1.073,2.877,0.421,2.622,0.412
-37.440351,-71.305887,"BASALTIC-ANDESITE [21645]",16.12,36.93,5.158,22.85,5.768,1.8,5.998,0.965,6.119,1.262,3.473,0.497,3.075,0.484
-37.41,-71.35,"BASALTIC-ANDESITE [21645]",13.54,31.05,4.26,18.8,4.687,1.475,4.708,0.768,4.611,0.961,2.577,0.376,2.337,0.371
-37.445787,-71.346066,"BASALTIC-ANDESITE [21645]",19.64,42.98,5.598,23.14,5.069,1.488,4.747,0.732,4.255,0.836,2.18,0.317,1.964,0.314
-37.442209,-71.349717,"BASALTIC-ANDESITE [21645]",18.25,39.47,5.104,21.08,4.716,1.456,4.271,0.668,4.007,0.814,2.146,0.302,1.805,0.282
-37.443064,-71.344285,"BASALTIC-ANDESITE [21645]",10.84,23.95,3.29,14.15,3.664,1.212,3.687,0.594,3.61,0.742,1.987,0.282,1.741,0.269
-37.383053,-71.327033,"BASALTIC-ANDESITE [21645]",12.17,26.27,3.733,16.02,3.992,1.284,3.879,0.618,3.834,0.782,2.097,0.299,1.856,0.285
-37.441013,-71.335937,"BASALTIC-ANDESITE [21645]",13.67,30.13,4.043,17.32,4.23,1.345,4.251,0.676,4.183,0.843,2.24,0.315,1.968,0.317
-37.445809,-71.367542,"BASALTIC-ANDESITE [21645]",15.92,35.09,4.929,21.01,5.054,1.468,4.951,0.796,4.899,0.996,2.731,0.392,2.403,0.388
-37.446399,-71.370906,"BASALTIC-ANDESITE [21645]",12.45,28.25,3.907,17.31,4.412,1.383,4.389,0.714,4.33,0.895,2.478,0.349,2.17,0.334
-37.42736,-71.39712,"BASALTIC-ANDESITE [21645]",12.42,29.38,4.06,18.18,4.719,1.429,4.622,0.758,4.707,0.973,2.59,0.375,2.257,0.356
-37.467573,-71.321658,"BASALTIC-ANDESITE [21645]",13.6,31.76,4.326,18.54,4.397,1.246,4.487,0.734,4.535,0.918,2.46,0.359,2.262,0.361
-37.428533,-71.392603,"BASALTIC-ANDESITE [21645]",11.94,27.84,3.854,17.2,4.318,1.398,4.353,0.702,4.189,0.853,2.283,0.327,1.998,0.313
-37.467186,-71.319306,"BASALTIC-ANDESITE [21645]",15.51,35.75,4.864,21.18,5.225,1.545,5.082,0.836,5.094,1.008,2.749,0.402,2.541,0.408
62,35,"BASALTIC-ANDESITE [21648]",7.01,14.59,1.91,8.103,1.698,0.31,1.82,0.25,1.58,0.3,0.96,0.12,0.81,0.11
62,35,"BASALTIC-ANDESITE [21648]",10.91,27.27,3.76,16.05,3.74,0.8,3.36,0.5,2.88,0.58,1.53,0.22,1.29,0.17
62,35,"BASALTIC-ANDESITE [21648]",7.56,15.64,2.14,9.24,2.27,0.45,2.38,0.42,2.69,0.6,1.72,0.24,1.57,0.23
62,35,"BASALTIC-ANDESITE [21648]",21.86,48.15,6.07,24.32,4.95,1.33,3.99,0.63,3.35,0.65,1.65,0.23,1.45,0.19
62,35,"BASALTIC-ANDESITE [21648]",14.87,36.27,4.43,19.15,4.27,1.29,3.99,0.58,3.12,0.58,1.58,0.2,1.31,0.2
62,35,"BASALTIC-ANDESITE [21648]",20.48,41.94,4.69,21.245,3.968,1.25,3.11,0.43,2.35,0.46,1.26,0.17,1.09,0.16
62,35,"BASALTIC-ANDESITE [21648]",17.96,40.11,4.86,19.71,3.9,0.9,3.5,0.49,2.75,0.53,1.46,0.19,1.26,0.18
62,35,"BASALTIC-ANDESITE [21648]",22.75,54.9,6.31,34.328,6.624,0.91,3.96,0.57,2.95,0.55,1.53,0.21,1.33,0.19
62,35,"BASALTIC-ANDESITE [21648]",12.22,29.08,3.64,17.043,3.491,0.81,3.03,0.43,2.37,0.45,1.23,0.17,1.09,0.16
62,35,"BASALTIC-ANDESITE [21648]",13.25,30.75,3.81,16.19,3.4,0.96,3.2,0.48,2.66,0.52,1.43,0.19,1.21,0.18
62,35,"BASALTIC-ANDESITE [21648]",23.12,54.37,6.2,25.52,4.7,1.58,4.41,0.59,3.1,0.6,1.56,0.2,1.32,0.2
62,35,"BASALTIC-ANDESITE [21648]",17.44,41.32,5.01,22.893,4.524,1.34,3.8,0.51,2.9,0.56,1.52,0.21,1.3,0.19
62,35,"BASALTIC-ANDESITE [21648]",17.74,39.28,4.46,19.17,3.87,1.37,3.41,0.5,2.9,0.56,1.54,0.19,1.25,0.17
62,35,"BASALTIC-ANDESITE [21648]",19.22,46.12,5.49,23.62,4.74,1.28,4.07,0.59,3.22,0.62,1.76,0.23,1.49,0.21
62,35,"BASALTIC-ANDESITE [21648]",9.24,25.34,3.34,28.04,5.448,1.1,3.9,0.72,4.52,0.88,2.84,0.38,2.68,0.36
62,35,"BASALTIC-ANDESITE [21648]",22.3,53,6.7,24.63,5.129,1.44,5.5,0.8,4.02,0.72,2.06,0.22,1.5,0.18
62,35,"BASALTIC-ANDESITE [21648]",29.7,69.84,8.82,33.44,6.522,1.76,6.72,0.98,4.78,0.88,2.28,0.26,1.6,0.18
62,35,"BASALTIC-ANDESITE [21648]",23.68,50.74,6.64,21.98,4.296,1.44,4.94,0.74,3.52,0.68,1.86,0.2,1.32,0.14
42,92,"BASALTIC-ANDESITE [21702]",3.1,11,2.36,14.9,9.22,3.84,15.9,3.88,33.7,7.63,24,3.43,19.3,2.05
42,92,"BASALTIC-ANDESITE [21702]",2.5,6.46,1.09,6.1,3.06,1.17,4.96,1.07,9.07,2.09,6.89,1.01,6.38,0.75
18.809478,-69.548323,"BASALTIC-ANDESITE [21730]",2,5.5,0.96,5.7,2.2,0.65,2.7,0.49,3.6,0.83,2.5,0.39,2.6,0.41
18.805232,-69.52914,"BASALTIC-ANDESITE [21730]",2.5,5.2,0.98,5.3,1.9,0.56,2.7,0.49,3.6,0.77,2.3,0.32,2.5,0.39
18.805232,-69.52914,"BASALTIC-ANDESITE [21730]",1.9,5.6,0.94,5.4,2.1,0.57,2.6,0.48,3.7,0.87,2.5,0.43,2.7,0.43
18.797792,-69.53295,"BASALTIC-ANDESITE [21730]",2,5.2,0.99,5.8,1.9,0.64,2.9,0.54,4,0.86,2.5,0.41,2.8,0.44
-37.83,-71.2,"BASALTIC-ANDESITE [21598]",25.9,57.3,7.24,28.6,6.5,1.48,5.4,0.9,5.2,1,2.8,0.4,2.7,0.41
-37.83,-71.2,"BASALTIC-ANDESITE [21598]",21.4,45.2,5.95,25.1,5.4,1.36,4.5,0.7,4,0.8,2.3,0.34,2.1,0.33
-37.83,-71.2,"BASALTIC-ANDESITE [21598]",26.6,56,7.3,30.3,6.2,1.55,5.6,0.8,4.7,0.9,2.6,0.41,2.6,0.38
-37.83,-71.2,"BASALTIC-ANDESITE [21598]",26.2,55.4,7.13,29.3,6.5,1.51,5.4,0.8,4.6,0.9,2.7,0.38,2.4,0.37
-37.83,-71.2,"BASALTIC-ANDESITE [21598]",22.5,46.2,5.89,24,5,1.33,4.4,0.6,3.8,0.8,2.3,0.35,2.1,0.32
-37.83,-71.2,"BASALTIC-ANDESITE [21598]",23.4,52.8,6.84,28,6.2,1.67,5,0.8,4.8,0.9,2.5,0.34,2.3,0.33
-37.83,177.18,"BASALTIC-ANDESITE [10616]",6.47,13.85,1.86,7.88,2.11,0.8,2.47,0.44,2.84,0.65,1.85,0.28,1.79,0.29
-37.83,177.18,"ANDESITE [10616]",8.55,18,2.29,9.55,2.4,0.9,2.8,0.49,3.1,0.7,2.01,0.3,1.91,0.3
-22.7608,-55.5211,"BASALTIC-ANDESITE [21754]",52.9,110.2,13.5,55,11.06,3.41,10.87,1.66,9.92,1.78,4.83,0.69,4.21,0.66
-42.81472,-71.52139,"BASALTIC-ANDESITE [21748]",23.8,54.8,7.37,31.3,7.42,2.39,7.28,1.13,6.97,1.37,3.73,0.534,3.55,0.571
16.73,-62.15,"BASALTIC-ANDESITE [21707]",5.64,13.17,1.94,9.4,2.64,0.95,3.37,0.51,3.39,0.71,2.1,0.31,2.1,0.32
16.73,-62.15,"BASALTIC-ANDESITE [21707]",9.82,22.57,3.26,15.27,3.96,1.25,4.81,0.73,4.87,1.03,3.11,0.47,3.27,0.5
16.73,-62.15,"BASALTIC-ANDESITE [21707]",7.4,16.27,2.25,10.34,2.68,0.95,3.23,0.49,3.31,0.69,2.08,0.31,2.13,0.33
16.73,-62.15,"BASALTIC-ANDESITE [21707]",6.6,14.56,2.04,9.37,2.47,0.9,3,0.47,3.13,0.65,1.95,0.29,1.97,0.31
16.73,-62.15,"BASALTIC-ANDESITE [21707]",7.91,17.09,2.32,10.48,2.47,0.92,3.24,0.49,3.25,0.69,2.07,0.31,2.15,0.33
16.73,-62.15,"BASALTIC-ANDESITE [21707]",6.36,14.36,2.07,9.88,2.73,0.96,3.48,0.53,3.48,0.73,2.2,0.32,2.23,0.34
16.73,-62.15,"BASALTIC-ANDESITE [21707]",6.91,15.32,2.11,9.97,2.6,0.94,3.33,0.49,3.32,0.7,2.1,0.31,2.12,0.33
16.73,-62.15,"BASALTIC-ANDESITE [21707]",5.86,13.41,1.94,9.36,2.6,0.93,3.3,0.51,3.37,0.7,2.1,0.32,2.11,0.32
16.73,-62.15,"BASALTIC-ANDESITE [21707]",6.19,14.04,2.01,9.74,2.63,0.97,3.32,0.51,3.41,0.71,2.14,0.31,2.15,0.32
16.73,-62.15,"BASALTIC-ANDESITE [21707]",8.35,18.13,2.48,11.35,2.95,1.06,3.61,0.55,3.66,0.78,2.35,0.35,2.43,0.36
16.73,-62.15,"BASALTIC-ANDESITE [21707]",7.03,15.62,2.2,10.31,2.73,0.97,3.43,0.51,3.46,0.73,2.18,0.33,2.22,0.34
16.73,-62.15,"BASALTIC-ANDESITE [21707]",7.91,19.93,3.19,16.02,4.55,1.38,5.8,0.88,5.89,1.23,3.76,0.56,3.9,0.59
16.73,-62.15,"BASALTIC-ANDESITE [21707]",5.44,12.81,1.91,9.36,2.65,0.96,3.51,0.53,3.52,0.74,2.19,0.32,2.21,0.33
16.73,-62.15,"BASALTIC-ANDESITE [21707]",6.3,14.29,2.06,9.89,2.72,0.95,3.39,0.53,3.49,0.74,2.22,0.33,2.24,0.34
16.73,-62.15,"BASALTIC-ANDESITE [21707]",10.75,23.76,3.27,14.88,3.7,1.18,4.38,0.67,4.4,0.92,2.81,0.44,3,0.46
16.73,-62.15,"BASALTIC-ANDESITE [21707]",11.17,24.89,3.5,16.38,4.32,1.27,5.29,0.8,5.27,1.1,3.35,0.5,3.38,0.52
16.73,-62.15,"BASALTIC-ANDESITE [21707]",10.4,24.5,3.13,14.1,3.67,1.18,4.1,0.69,4.58,0.96,2.85,0.5,2.91,0.47
16.73,-62.15,"BASALTIC-ANDESITE [21707]",7.8,18,2.23,11,2.9,0.94,3.19,0.53,3.56,0.73,2.18,0.35,2.19,0.35
16.73,-62.15,"BASALTIC-ANDESITE [21707]",8.2,18.3,2.43,10.5,2.89,0.99,3.24,0.54,3.56,0.72,2.17,0.33,2.51,0.36
16.73,-62.15,"BASALTIC-ANDESITE [21707]",5.7,13.7,1.78,9.7,2.61,0.95,3.01,0.52,3.38,0.71,2.24,0.3,1.99,0.33
16.73,-62.15,"BASALTIC-ANDESITE [21707]",7.8,17.3,2.18,10.1,2.48,0.9,3.04,0.48,3.32,0.64,1.89,0.31,2.29,0.37
16.73,-62.15,"BASALTIC-ANDESITE [21707]",5.6,13.6,1.83,9.1,2.5,0.96,3.05,0.5,3.06,0.7,2.08,0.3,1.9,0.28
16.73,-62.15,"BASALTIC-ANDESITE [21707]",6.3,13.9,1.87,9.8,2.46,0.93,3.18,0.52,3.49,0.72,2.14,0.31,1.96,0.32
16.73,-62.15,"BASALTIC-ANDESITE [21707]",5.9,14.2,1.9,8.9,2.56,0.92,2.96,0.49,3.06,0.68,2,0.32,1.78,0.3
16.73,-62.15,"BASALTIC-ANDESITE [21707]",6.81,14.93,2.09,9.73,2.55,0.89,3.18,0.49,3.26,0.69,2.07,0.31,2.11,0.32
16.73,-62.15,"BASALTIC-ANDESITE [21707]",6.8,15.2,2.04,8.8,2.41,0.92,3.13,0.51,3.19,0.69,2.26,0.3,2.13,0.3
16.73,-62.15,"BASALTIC-ANDESITE [21707]",5.7,12.3,1.79,8.7,2.53,0.9,3,0.51,3.29,0.67,2.03,0.3,2.02,0.31
16.73,-62.15,"BASALTIC-ANDESITE [21707]",8.6,17.7,2.27,9.9,2.73,0.92,3.03,0.49,3.07,0.66,2.1,0.32,1.98,0.32
16.73,-62.15,"BASALTIC-ANDESITE [21707]",10.2,21.6,2.64,10.7,2.76,0.94,3.1,0.47,3.14,0.67,2.16,0.3,2.04,0.33
16.73,-62.15,"BASALTIC-ANDESITE [21707]",7.8,17.7,2.18,9.9,2.53,0.87,2.86,0.44,2.86,0.61,1.86,0.27,1.87,0.31
16.73,-62.15,"BASALTIC-ANDESITE [21707]",8.2,18.7,2.38,10.2,2.55,0.98,3.16,0.48,3.19,0.65,1.97,0.28,2.11,0.35
16.73,-62.15,"BASALTIC-ANDESITE [21707]",7.7,17,2.25,11.2,2.42,0.92,3.06,0.45,3.42,0.73,1.98,0.3,1.92,0.31
16.73,-62.15,"BASALTIC-ANDESITE [21707]",7.9,17,2.33,9.3,2.78,0.97,3.33,0.51,3.47,0.77,2.19,0.32,1.99,0.35
16.73,-62.15,"BASALTIC-ANDESITE [21707]",8,15.7,2.29,12.1,2.85,0.98,3.09,0.53,3.63,0.8,2.12,0.32,2.03,0.35
16.73,-62.15,"BASALTIC-ANDESITE [21707]",7.6,17,2.16,10.3,2.58,0.93,3.06,0.5,3.3,0.73,2.14,0.3,2,0.31
16.73,-62.15,"BASALTIC-ANDESITE [21707]",9,20,2.57,10.6,2.72,0.92,3.21,0.51,3.42,0.68,2.01,0.32,2.27,0.37
37,28,"BASALTIC-ANDESITE [21839]",33.2,65.7,7.2,27.5,5.2,1.2,4.7,0.8,4.4,1,3,0.5,3,0.5
37,28,"BASALTIC-ANDESITE [21839]",33.5,65.5,7.4,28.3,5.3,1.2,4.7,0.8,4.6,1.1,3,0.5,3.1,0.5
37,28,"BASALTIC-ANDESITE [21839]",36.7,73,8.2,30.8,5.7,1.4,5.5,0.9,5.3,1.1,3.3,0.5,3.4,0.6
37,28,"BASALTIC-ANDESITE [21839]",38.6,75.9,8.5,30.9,6.1,1.5,5.6,0.9,5.6,1.2,3.3,0.5,3.7,0.6
37,28,"BASALTIC-ANDESITE [21839]",40.9,77.8,8.9,33.3,6.1,1.4,5.9,0.9,5.3,1.2,3.6,0.5,3.5,0.6
37,28,"BASALTIC-ANDESITE [21839]",30.7,68.2,7,26.4,4.9,1.2,4.6,0.8,4.4,1,3,0.5,3.1,0.5
37,28,"BASALTIC-ANDESITE [21839]",32,72,7.1,26.2,5,1.3,4.8,0.8,4.8,1.1,3,0.5,3.3,0.5
37,28,"BASALTIC-ANDESITE [21839]",34.9,71.6,7.9,29.3,5.4,1.4,5,0.8,4.9,1,3,0.5,3.2,0.5
37,28,"BASALTIC-ANDESITE [21839]",37.6,76.3,8.1,29.8,5.6,1.3,5.1,0.8,4.8,1,3.1,0.5,3.3,0.5
37,28,"BASALTIC-ANDESITE [21839]",27.4,57.2,6.6,26.3,5.3,1.5,5.1,0.8,5.1,1,3,0.5,2.9,0.5
37,28,"BASALTIC-ANDESITE [21839]",29.9,56.7,6.7,25.9,5.2,1.5,5.1,0.8,4.9,1,2.9,0.5,2.9,0.5
37,28,"BASALTIC-ANDESITE [21839]",29.9,59.8,7,27.3,5.4,1.4,5.2,0.8,5.2,1.1,3,0.5,3.1,0.5
-19.75,-175.08,"BASALTIC-ANDESITE [3056]",2.27,5.93,1.05,5.61,2.09,0.75,2.97,0.57,3.66,0.77,2.34,0.36,2.42,0.39
-7.95,156.92,"BASALTIC-ANDESITE [7174]",10,23,3.1,13,3.28,1.05,3.04,0.456,2.74,0.553,1.53,0.218,1.43,0.21
-8.38,157.8,"BASALTIC-ANDESITE [7174]",11,20,2.83,12,2.79,0.916,2.81,0.425,2.68,0.58,1.7,0.244,1.59,0.25
-8.38,157.8,"BASALTIC-ANDESITE [7174]",7.91,17,2.51,12,3.11,1.05,3.43,0.559,3.6,0.762,2.19,0.317,2.11,0.323
38.9594,40.1917,"BASALTIC-ANDESITE [21869]",24,47.2,5.65,22.7,4.9,1.46,5,0.8,4.2,0.8,2.4,0.35,2.2,0.37
38.9608,40.2222,"BASALTIC-ANDESITE [21869]",26.5,50.3,5.8,23.3,4.8,1.4,4.7,0.8,4.1,0.8,2.3,0.34,2.3,0.38
38.9608,40.2222,"BASALTIC-ANDESITE [21869]",26.5,50.3,5.8,23.3,4.8,1.4,4.7,0.8,4.1,0.8,2.3,0.34,2.3,0.38
38.9561,39.2072,"BASALTIC-ANDESITE [21869]",22.8,41.6,4.58,17.3,3.6,1.03,3.6,0.6,3.1,0.7,1.9,0.28,1.8,0.3
30.1934,90.3439,"BASALTIC-ANDESITE [21913]",39,76.9,9.309,35.7,7.38,1.993,6.46,0.919,5.04,0.947,2.42,0.3431,2.17,0.31
30.1934,90.3439,"BASALTIC-ANDESITE [21913]",38.3,77.1,9.188,36.33,7.54,2.016,6.28,0.917,4.87,0.936,2.48,0.348,2.17,0.327
30.1934,90.3439,"BASALTIC-ANDESITE [21913]",37.7,75,9.221,36.01,7.33,1.94,6.33,0.884,4.81,0.952,2.44,0.3504,2.24,0.325
30.1934,90.3439,"BASALTIC-ANDESITE [21913]",38.9,78.4,9.258,36.88,7.6,1.993,6.37,0.915,4.95,0.939,2.49,0.3554,2.26,0.326
38.896,46.1959,"BASALTIC-ANDESITE [21987]",15,29,3.7,15,3.9,1,4.2,0.6,3.8,0.8,2.2,0.4,2.4,0.4
39.1633,46.2079,"BASALTIC-ANDESITE [21987]",17,38,5.1,24,5.8,1.7,5.8,0.9,5.7,1.2,3.5,0.5,3.5,0.5
36,102,"BASALTIC-ANDESITE [22008]",0.73,1.58,0.2,0.96,0.38,0.18,0.69,0.15,1.09,0.26,0.86,0.14,0.94,0.17
36,102,"BASALTIC-ANDESITE [22008]",0.77,1.55,0.2,0.94,0.35,0.17,0.7,0.15,1.07,0.25,0.87,0.14,1.02,0.16
36,102,"BASALTIC-ANDESITE [22008]",1.17,2.82,0.37,1.81,0.69,0.19,1.06,0.21,1.51,0.35,1.1,0.17,1.19,0.18
36,102,"BASALTIC-ANDESITE [22008]",1.7,4.22,0.57,2.77,1.01,0.35,1.25,0.23,1.59,0.36,1.1,0.17,1.19,0.18
36,102,"BASALTIC-ANDESITE [22008]",1.29,3.03,0.42,2.14,0.78,0.24,1.13,0.22,1.63,0.39,1.2,0.19,1.27,0.21
28,34,"BASALTIC-ANDESITE [22012]",16.4,34.6,3.99,15.1,2.98,1.14,3.51,0.54,3.32,0.64,1.81,0.26,1.73,0.26
28,34,"BASALTIC-ANDESITE [22012]",13.7,25.8,3.02,11.8,2.81,1.05,2.55,0.41,2.49,0.46,1.31,0.2,1.26,0.19
31.3536,138.8438,"BASALTIC-ANDESITE, ORTHOPYROXENE-CLINOPYROXENE [6571]",7.88,17.96,2.6,12.38,3.33,1.18,3.8,0.63,4.13,0.88,2.33,0.38,2.42,0.37
-22.1119,-68.3108,"BASALTIC-ANDESITE [22067]",16.83,35.45,4.23,16.9,3.49,0.88,3.28,0.5,3.1,0.63,1.8,0.26,1.74,0.27
-22.0419,-68.2572,"BASALTIC-ANDESITE [22067]",19.38,39.77,4.84,19.83,4.03,1.13,0.57,3.97,3.38,0.64,1.77,0.25,1.62,0.26
48.3005,-69.5338,"BASALTIC-ANDESITE [22071]",28.8,62.4,7.45,30.8,6.23,1.55,4.93,0.74,4.22,0.8,2.26,0.319,2.16,0.364
48.0774,-69.8679,"BASALTIC-ANDESITE [22071]",11.4,24.9,3.54,15.5,3.93,1.19,4.06,0.72,4.43,0.88,2.59,0.409,2.89,0.423
48.2939,-69.5524,"BASALTIC-ANDESITE [22071]",12.7,29.9,3.89,17.8,4.69,1.45,5.16,0.97,6.17,1.26,3.75,0.561,3.7,0.565
48.34,-69.5578,"BASALTIC-ANDESITE [22071]",15.4,34.9,4.44,20.8,5.8,2.05,7.27,1.22,7.6,1.56,4.48,0.676,4.38,0.664
48.285,-69.5558,"BASALTIC-ANDESITE [22071]",12.7,30.9,4.68,22.3,6.82,2.04,8.1,1.48,10.1,2.06,6.05,0.9,6.02,0.989
48.3396,-69.5591,"BASALTIC-ANDESITE [22071]",18.3,41,5.15,23.2,5.91,1.73,6.8,1.08,6.71,1.41,4.01,0.64,4.1,0.633
48.2825,-69.5564,"BASALTIC-ANDESITE [22071]",24.5,57.9,7.3,33,8.35,3.35,8.84,1.61,9.85,1.98,5.58,0.778,5.06,0.838
48.3397,-69.5566,"BASALTIC-ANDESITE [22071]",10.1,27.9,4.13,20.5,6.52,2,8.12,1.34,8.14,1.62,4.81,0.761,4.94,0.729
48.0777,-69.8877,"BASALTIC-ANDESITE [22071]",25.5,57.4,7.85,34.3,8.42,2.82,8.64,1.5,8.62,1.68,4.95,0.751,4.91,0.736
-25.98,-51.63,"BASALTIC-ANDESITE [22080]",12.8,27.6,3.95,16.1,3.96,1.19,4.72,0.82,4.82,1.06,3.06,0.44,2.87,0.43
-28.08,-50.06,"BASALTIC-ANDESITE [22080]",11.7,23.2,3.5,12.7,3.06,0.96,3.56,0.6,3.57,0.76,2.22,0.32,2,0.31
-28.39,-49.54,"BASALTIC-ANDESITE [22080]",33.5,70.7,8.83,32.1,6.92,1.49,6.45,1.04,6.09,1.23,3.4,0.49,3.05,0.44
-28.39,-49.52,"BASALTIC-ANDESITE [22080]",24.1,51.4,6.24,24.8,5.22,1.41,5.35,0.9,5.08,1.04,3.02,0.42,2.84,0.4
-28.39,-49.53,"BASALTIC-ANDESITE [22080]",33.4,72.5,10.02,40.3,8.37,2.65,8.02,1.17,6.03,1.09,2.89,0.37,2.3,0.32
48,86,"BASALTIC-ANDESITE [22085]",5.28,13.2,1.76,8.9,2.35,0.81,2.74,0.53,3.24,0.7,2.06,0.33,2.12,0.33
48,86,"BASALTIC-ANDESITE [22085]",8.97,22.2,2.74,12,3.31,0.95,3.87,0.66,4.23,0.91,2.68,0.4,2.5,0.4
48,86,"BASALTIC-ANDESITE [22085]",4.56,12,1.56,8.04,2.49,0.85,3.08,0.55,3.46,0.78,2.33,0.36,2.24,0.34
35,105.5,"BASALTIC-ANDESITE [22105]",60.23,118.5,13.99,55.74,9.844,2.522,7.271,0.899,4.549,0.899,2.3,0.326,2.158,0.335
-43.25167,-71.73583,"BASALTIC-ANDESITE [21020]",11.1,24,3,13.1,3,1.02,3.15,0.55,3.41,0.68,1.95,0.282,1.97,0.303
69.25,88,"BASALTIC-ANDESITE [22135]",18.1,37.1,4.52,18.6,3.99,1.16,4.19,0.66,4.36,0.86,2.53,0.36,2.42,0.35
69.25,88,"BASALTIC-ANDESITE [22135]",17,35,4.26,17.5,3.77,1.02,4.03,0.67,4.14,0.82,2.37,0.35,2.36,0.33
69.25,88,"BASALTIC-ANDESITE [22135]",14.8,31.9,3.88,16.2,3.61,1.01,3.8,0.59,3.88,0.79,2.25,0.32,2.21,0.33
69.25,88,"BASALTIC-ANDESITE [22135]",15.7,33,4.01,16.9,3.83,1.08,4.06,0.64,4.22,0.85,2.44,0.34,2.39,0.36
69.25,88,"BASALTIC-ANDESITE [22135]",19,39.4,4.66,19,4.24,1.17,4.37,0.7,4.52,0.92,2.71,0.38,2.57,0.38
69.25,88,"BASALTIC-ANDESITE [22135]",17.4,36.4,4.41,18,3.91,1.09,4.1,0.65,4.23,0.85,2.45,0.35,2.34,0.35
69.25,88,"BASALTIC-ANDESITE [22135]",18.3,37.2,4.48,18.5,4.01,1.12,4.25,0.68,4.39,0.91,2.5,0.36,2.43,0.38
69.25,88,"BASALTIC-ANDESITE [22135]",18.3,38.1,4.64,18.9,4.15,1.15,4.11,0.68,4.36,0.89,2.52,0.37,2.5,0.36
69.25,88,"BASALTIC-ANDESITE [22135]",19.2,39.4,4.75,19.3,4.22,1.13,4.47,0.72,4.51,0.9,2.56,0.37,2.56,0.38
69.25,88,"BASALTIC-ANDESITE [22135]",18.1,37.1,4.44,18.4,4.02,1.09,4.29,0.67,4.44,0.9,2.63,0.37,2.45,0.39
69.25,88,"BASALTIC-ANDESITE [22135]",18,37.1,4.43,18.3,4.13,1.12,4.27,0.68,4.37,0.87,2.51,0.36,2.43,0.36
27,33,"BASALTIC-ANDESITE [22164]",20.73171659,46.98554752,6.138522448,26.13213656,5.40054287,1.49319397,4.594438912,0.503375292,2.978826406,0.598908576,1.128802877,0.142498909,1.131975992,0.202398739
27,33,"BASALTIC-ANDESITE [22164]",18.3032605,40.24514757,5.50392768,23.63297246,5.041664417,1.541251012,3.757410106,0.489100547,3.262666159,0.547970072,1.623654518,0.185510405,1.355052537,0.180632657
27,33,"BASALTIC-ANDESITE [22164]",17.71629071,39.34326525,5.320521182,23.45721633,4.506643534,1.331318283,3.460776468,0.45616522,2.493044217,0.512737803,1.39077002,0.163131761,1.151668751,0.135892756
27,33,"BASALTIC-ANDESITE [22164]",23.69346003,52.83085386,6.884425005,28.98314728,5.389121658,2.171141337,4.551801921,0.598116799,3.116993216,0.465114518,1.441013589,0.161498704,1.37055228,0.225085967
27,33,"BASALTIC-ANDESITE [22164]",21.50954524,50.82711992,6.76472077,29.92893331,6.558073228,1.91087992,5.37090161,0.650852925,3.35311936,0.668184961,1.342416967,0.185510405,1.32311523,0.220999342
27,33,"BASALTIC-ANDESITE [22164]",20.19389494,43.89882622,5.922579804,26.31896837,5.668001557,1.736457955,4.363082942,0.646379197,3.912756171,0.73668234,1.93513643,0.28435235,2.106924416,0.368840207
27,33,"BASALTIC-ANDESITE [22164]",20.22762069,44.37742673,6.025583701,24.48778308,5.644709916,1.69310004,4.463093979,0.618655399,3.419635555,0.752129201,2.001521774,0.225223763,1.789403438,0.256679657
27,33,"BASALTIC-ANDESITE [22164]",30.99754349,72.48852809,9.511817454,42.5017605,7.471178097,2.045643523,6.185361203,0.815500089,4.372442012,0.632101529,1.901877176,0.218705679,1.624391332,0.246122505
27,33,"BASALTIC-ANDESITE [22164]",20.79617973,47.24797742,6.122187656,27.42826952,5.677502624,1.624422234,4.609783301,0.681100957,3.645257397,0.709072192,1.662722729,0.244145823,1.620009129,0.25358796
27,33,"BASALTIC-ANDESITE [22164]",22.91840586,50.01018144,6.517697112,28.45495548,6.044402943,1.742342311,4.650102534,0.612888829,3.782059806,0.704396623,1.853814965,0.271562125,1.815939212,0.232525247
27,33,"BASALTIC-ANDESITE [22164]",21.75330501,47.43469863,6.105692415,26.89213945,5.651217972,1.607690609,4.486640055,0.634378255,3.731543871,0.715421602,1.71036171,0.238646072,1.690566647,0.260120616
27,33,"BASALTIC-ANDESITE [22164]",19.31937587,43.55855502,5.615592408,24.99091698,5.237936402,1.600501501,5.302446152,0.727102742,4.397652524,0.827736895,2.35027606,0.307469763,2.066857738,0.327506073
27,33,"BASALTIC-ANDESITE [22164]",30.06210658,63.86644214,7.861317738,31.33315993,6.054231242,1.669138301,5.655573442,0.740885934,4.453059345,0.852675433,2.545301094,0.300332515,2.186003482,0.298724566
-7.533,110.433,"BASALTIC-ANDESITE [6097]",15.3,31.7,3.68,15.6,3.58,1.14,3.31,0.476,3.25,0.68,1.67,0.262,1.91,0.302
-7.533,110.433,"BASALTIC-ANDESITE [6097]",18.7,38,4.38,18.1,4.01,1.33,3.85,0.584,3.62,0.78,2.15,0.345,2.12,0.358
48.99,-116.208,"BASALTIC-ANDESITE [22240]",8.4,17.8,2.26,9.8,2.47,0.69,2.93,0.45,2.96,0.65,1.92,0.28,1.8,0.29
45.428,-112.083,"BASALTIC-ANDESITE [22240]",19.8,59,5.02,20.3,4.52,1.15,4.45,0.72,4.99,0.95,2.81,0.42,2.63,0.42
-7.533,110.433,"BASALTIC-ANDESITE [6097]",18.7,36.2,4.08,17.1,3.93,1.14,3.36,0.519,3.26,0.678,1.95,0.304,1.93,0.326
48.602,-116.1,"BASALTIC-ANDESITE [22240]",11,23.8,3.04,13.6,3.31,0.91,3.64,0.61,4.2,0.85,2.57,0.35,2.36,0.33
48.605,-116.253,"BASALTIC-ANDESITE [22240]",10.3,22.8,2.88,12.4,3.16,0.82,3.48,0.62,3.9,0.78,2.5,0.34,2.21,0.34
45.71,-112.07,"BASALTIC-ANDESITE [22240]",28.4,60.5,7.41,30,6.37,1.72,6.05,0.88,5.33,1.08,2.85,0.41,2.82,0.4
48.597,-116.192,"BASALTIC-ANDESITE [22240]",8.1,17.6,2.26,9.5,2.56,0.8,2.84,0.51,3.21,0.67,1.91,0.28,1.96,0.31
45.054,-112.405,"BASALTIC-ANDESITE [22240]",15.6,32.7,3.97,16.8,3.51,1.28,3.71,0.61,3.92,0.82,2.33,0.36,2.3,0.32
45.36,-111.935,"BASALTIC-ANDESITE [22240]",18.4,37.7,4.77,19.7,4.06,1.08,4.02,0.72,4.62,0.91,2.75,0.4,2.72,0.39
45.396,-111.878,"BASALTIC-ANDESITE [22240]",18.2,42.94,5.82,26.2,6.68,2.02,7.4,1.168,7.34,1.42,3.99,0.565,3.571,0.51
45.369,-111.927,"BASALTIC-ANDESITE [22240]",19.2,39.2,4.78,20.9,4.42,1.13,4.26,0.74,4.57,0.93,2.87,0.43,2.77,0.43
45.423,-112.106,"BASALTIC-ANDESITE [22240]",24.7,57.8,8.05,35.5,8.01,2.41,8.4,1.41,8.38,1.58,4.46,0.67,4.01,0.58
-7.533,110.433,"BASALTIC-ANDESITE [6097]",18.4,36.2,4.4,16.8,4.19,1.27,3.7,0.57,3.3,0.722,1.98,0.282,1.99,0.325
-7.533,110.433,"BASALTIC-ANDESITE [6097]",17.9,35.7,4.27,18.3,4.27,1.3,3.69,0.581,3.54,0.739,2.08,0.337,2.01,0.339
-7.533,110.433,"BASALTIC-ANDESITE [6097]",18.8,38.6,4.63,19.1,4.7,1.31,3.84,0.615,3.68,0.785,2.13,0.348,2.1,0.36
-7.533,110.433,"BASALTIC-ANDESITE [6097]",18.4,36.4,4.24,18.8,4.37,1.37,3.96,0.595,3.77,0.732,2.12,0.361,2.16,0.323
49.7,89.1,"BASALTIC-ANDESITE [22268]",34.2,83,11.5,44.2,10.9,4.1,14,2.1,13.2,2.7,7.2,1.01,6.18,0.9
49.7,89.1,"BASALTIC-ANDESITE [22268]",29.5,71.7,9.9,44.7,11.4,3.5,13,2.1,13,2.8,7.9,1.13,7.05,1.03
49.7,89.1,"BASALTIC-ANDESITE [22268]",16,33,4.3,14.7,3,0.7,3.1,0.4,2.9,0.6,2,0.34,2.2,0.34
49.7,89.1,"BASALTIC-ANDESITE [22268]",44.8,93.2,11.3,37.7,6.8,1.8,5.4,0.7,3.9,0.8,2.2,0.35,2.23,0.35
49.7,89.1,"BASALTIC-ANDESITE [22268]",29.8,64.3,7.5,29.5,5.4,1.2,4.4,0.6,3.5,0.7,1.9,0.3,1.8,0.3
49.7,89.1,"BASALTIC-ANDESITE [22268]",12.4,26,3.7,16.4,3.7,1,3.2,0.5,3.1,0.7,2,0.34,2.3,0.32
49.7,89.1,"BASALTIC-ANDESITE [22268]",42.8,90.3,10.3,37.7,6.8,1.6,5.4,0.8,4.6,0.9,2.6,0.4,2.4,0.4
41.9836,127.557,"BASALTIC-ANDESITE [22270]",12.71102647,27.40601751,3.656383996,17.00778119,5.3050509,1.929854667,5.240502704,0.773171919,3.947409893,0.731064998,1.812864958,0.231980131,1.36829908,0.191644473
41.9836,127.557,"BASALTIC-ANDESITE [22270]",25.3945163,54.38668698,7.341304127,33.49039241,9.092596323,2.784639131,7.975337746,1.150971458,5.978057245,1.120841438,2.870410928,0.386708937,2.340054267,0.335532559
41.9836,127.557,"BASALTIC-ANDESITE [22270]",11.92387733,23.84623994,2.97408506,13.38406563,4.105724616,1.438012604,4.060237353,0.63146647,3.460608918,0.663779179,1.688101869,0.2335414,1.411378792,0.201190202
42.3458,127.04,"BASALTIC-ANDESITE [22270]",17.69105171,32.58939115,3.725597102,15.50878634,4.452518895,1.500211321,4.484230375,0.691341653,3.731932908,0.720487831,1.850312387,0.25127017,1.535008101,0.22353253
42.3458,127.04,"BASALTIC-ANDESITE [22270]",17.61712667,32.40539013,3.722321473,15.02525215,4.366794658,1.48656884,4.439304217,0.678612766,3.661439703,0.70369119,1.786991388,0.245390629,1.497037658,0.214493732
42.3458,127.04,"BASALTIC-ANDESITE [22270]",15.79873252,29.32022919,3.428544897,13.82010335,4.131911482,1.493935497,4.536805984,0.703747923,3.816249911,0.74029755,1.888167585,0.25363045,1.571695949,0.224700154
43.4809,128.3739,"BASALTIC-ANDESITE [22270]",5.39,13.5,1.72,8.56,3.12,1.231209299,3.602904085,0.591462951,3.75,0.767,1.91,0.29,1.63,0.253
43.4809,128.3739,"BASALTIC-ANDESITE [22270]",13.7,28.1,3.2,14.5,4.28,1.75023562,4.483618758,0.705590309,4.14,0.813,2.07,0.276,1.55,0.202
43.4809,128.3739,"BASALTIC-ANDESITE [22270]",9.93,20.5,2.51,11.7,3.89,1.54023996,4.317178698,0.688096335,4.08,0.806,1.97,0.271,1.58,0.256
43.6861,130.9241,"BASALTIC-ANDESITE [22270]",4.486113102,11.29679575,1.789653773,9.008699858,2.899973069,1.313477696,3.259286689,0.497923309,2.683125667,0.518336743,1.30705023,0.175248859,1.071401601,0.153443421
43.6861,130.9241,"BASALTIC-ANDESITE [22270]",5.001873012,13.06972652,2.134282593,10.44325612,3.442162708,1.369449625,3.596578932,0.568653619,3.090845129,0.59884496,1.531490281,0.208538711,1.277305195,0.182541937
43.6861,130.9241,"BASALTIC-ANDESITE [22270]",3.631095891,9.236964042,1.528094595,8.001477895,2.603365488,1.229843611,2.874551086,0.434782997,2.33588732,0.444622713,1.105443549,0.148596755,0.904869917,0.128422114
43.6861,130.9241,"BASALTIC-ANDESITE [22270]",4.966167753,11.9523808,1.796228007,8.879340721,2.924178483,1.293438055,3.246934538,0.500109449,2.716277877,0.524301397,1.337959183,0.182841169,1.114250622,0.16046466
43.6861,130.9241,"BASALTIC-ANDESITE [22270]",4.333495716,10.86616449,1.675645307,8.552534559,2.794361291,1.289252985,3.287545988,0.512950646,2.812837362,0.54091074,1.36535258,0.185474679,1.130853706,0.161946305
43.6861,130.9241,"BASALTIC-ANDESITE [22270]",4.366340282,11.05425099,1.685177944,8.586120858,2.795672382,1.286191738,3.296104827,0.511962051,2.798388179,0.53948428,1.370910374,0.187678129,1.137743207,0.16311084
43.7144,96.7372,"BASALTIC-ANDESITE [22272]",15,37,5.2,23.4,5.3,1.55,5.37,0.91,5.17,1.04,2.93,0.45,2.8,0.4
10.45406003,-73.4181451,"BASALTIC-ANDESITE [22303]",32,67,7,34,6.7,1.9,6.4,1.2,5.5,1,3.2,0.65,2.9,0.44
10.17445431,-73.93295663,"BASALTIC-ANDESITE [22303]",23.2,48.8,6.58,27,5.94,1.4,5.58,0.94,5.21,1.04,3.02,0.49,2.95,0.45
38.7506,34.6125,"BASALTIC-ANDESITE [22335]",15.88,32.76,4.01,16.46,3.65,1.26,3.91,0.67,4.14,0.9,2.43,0.36,2.29,0.33
38,33.5,"BASALTIC-ANDESITE [22335]",32.5,63,6.6,24,4.3,1.31,4.2,0.64,3.8,0.79,2.28,0.33,2.09,0.32
38.5,35.5,"BASALTIC-ANDESITE [22335]",15.36,33.43,4.41,18.76,4.58,1.5,4.58,0.79,4.62,1.04,2.8,0.4,2.55,0.36
38.5,35.5,"BASALTIC-ANDESITE [22335]",23.1,50,6,25,5.6,1.88,5.5,0.91,5.5,1.13,3.21,0.46,2.83,0.43
57.2,159.2,"BASALTIC-ANDESITE [15897] / BASALT [7640] / ADAKITE [28846] / ANDESITE [28817]",9.46,22.1,3.55,16.13,3.77,1.18,3.62,0.5,2.91,0.58,1.61,0.21,1.29,0.2
-26.7123,26.9818,"BASALTIC-ANDESITE [22341]",15.4,31.3,3.11,10.7,2.38,1,3,0.44,2.63,0.57,1.56,0.26,1.62,0.25
-26.7152,26.983,"BASALTIC-ANDESITE [22341]",18.7,38.1,3.71,14.1,2.82,1,3,0.49,3.27,0.61,1.84,0.29,1.75,0.28
-26.6745,26.9828,"BASALTIC-ANDESITE [22341]",18.3,37,3.96,14.5,2.91,1,3,0.54,3.1,0.66,2.01,0.28,1.83,0.3
-26.7072,27.0226,"BASALTIC-ANDESITE [22341]",23,46.2,4.75,17.2,3.39,1,3,0.59,3.74,0.72,2,0.3,2.02,0.29
-26.4994,27.3778,"BASALTIC-ANDESITE [22341]",22.2,45.5,4.54,17.2,3.24,1,3,0.52,3.32,0.63,1.67,0.27,1.75,0.27
-26.472,27.3672,"BASALTIC-ANDESITE [22341]",19.1,37.3,4,15.6,3.05,0.79,3.31,0.54,3.19,0.68,1.98,0.29,1.83,0.28
-26.452,27.4395,"BASALTIC-ANDESITE [22341]",21.6,44.4,4.56,16.9,3.17,1,4,0.55,3.59,0.63,2,0.3,1.98,0.29
-26.4523,27.4376,"BASALTIC-ANDESITE [22341]",24.3,44.8,4.6,17.6,3.26,1,3,0.57,3.34,0.73,2,0.31,2.07,0.29
-25.8764,28.3685,"BASALTIC-ANDESITE [22341]",22,44.3,4.56,18.2,3.32,1,3,0.53,3.29,0.73,1.96,0.28,1.88,0.29
-25.8764,28.3684,"BASALTIC-ANDESITE [22341]",21.2,43.5,4.52,17.2,3.32,1,3,0.51,2.97,0.64,1.65,0.28,1.75,0.24
-25.853,28.3759,"BASALTIC-ANDESITE [22341]",19.1,36,3.75,14.9,2.68,1,3,0.5,2.98,0.59,1.7,0.29,1.79,0.27
-25.8533,28.3681,"BASALTIC-ANDESITE [22341]",22.3,42.9,4.25,17,3.08,1,4,0.56,3.74,0.76,2.1,0.34,2.12,0.26
-25.8517,28.3691,"BASALTIC-ANDESITE [22341]",17,33.9,3.48,12.8,2.6,1,3,0.47,2.79,0.58,1.71,0.25,1.9,0.27
-25.8468,28.3661,"BASALTIC-ANDESITE [22341]",20,42.8,4.11,15.7,2.93,0.76,3.09,0.52,3.46,0.67,1.82,0.29,1.94,0.27
-25.8652,28.3829,"BASALTIC-ANDESITE [22341]",17,34.2,3.45,13.2,2.66,0.74,2.97,0.51,3.11,0.64,1.77,0.28,1.84,0.27
-25.8713,28.3715,"BASALTIC-ANDESITE [22341]",21.6,44.7,4.48,17.3,3.06,1,3,0.52,3.31,0.67,1.9,0.31,1.92,0.29
-28.8964,22.8201,"BASALTIC-ANDESITE [22341]",17.8,34.7,4.39,16.4,3.16,0.87,3.19,0.51,3.11,0.65,1.91,0.28,1.85,0.3
-28.8964,22.8201,"BASALTIC-ANDESITE [22341]",17.9,36.8,4.48,17.6,3.24,0.8,3.16,0.51,3.23,0.6,1.96,0.29,1.94,0.29
-28.8921,22.863,"BASALTIC-ANDESITE [22341]",21.1,39.2,4.6,17.3,3.28,0.92,3.38,0.54,3.14,0.6,2.05,0.28,1.87,0.29
-28.8921,22.863,"BASALTIC-ANDESITE [22341]",20.8,39.6,4.74,17.4,3.34,0.88,3.23,0.54,3.08,0.66,2.13,0.28,1.85,0.3
-28.8936,22.8852,"BASALTIC-ANDESITE [22341]",20.9,40.7,4.63,16.1,3.6,1.01,3.31,0.55,3.33,0.68,1.91,0.29,1.95,0.31
-28.893,22.9345,"BASALTIC-ANDESITE [22341]",19.6,38.9,4.4,16.6,3.16,0.96,3.41,0.53,3.15,0.6,1.95,0.29,2.01,0.27
-28.893,22.9345,"BASALTIC-ANDESITE [22341]",19.5,37.5,4.56,17.7,3.47,0.93,3.41,0.56,3.43,0.62,2.01,0.28,1.82,0.3
-28.8947,22.9436,"BASALTIC-ANDESITE [22341]",17.3,36.4,4.52,16.6,3.2,0.92,3.37,0.52,3.1,0.66,1.97,0.3,2.01,0.3
-28.8947,22.9436,"BASALTIC-ANDESITE [22341]",18.7,36.2,4.57,17.7,3.44,0.87,3.38,0.53,3.37,0.61,2.02,0.28,1.99,0.3
-28.8967,22.8212,"BASALTIC-ANDESITE [22341]",19.6,40.3,4.66,17.3,3.49,0.83,3.41,0.55,3.3,0.66,2,0.3,2.08,0.28
39,39,"BASALTIC-ANDESITE [22350]",1.6,33.6,4.31,19.79,4.49,1.31,4.81,0.799,4.98,1.114,3.19,0.5044,3.4,0.514
39,39,"BASALTIC-ANDESITE [22350]",3.1,53.4,6.201,26.37,5.55,1.643,5.68,0.886,5.29,1.149,3.11,0.484,3.14,0.478
39,39,"BASALTIC-ANDESITE [22350]",2,7,1.72,8.6,2.7,0.57,2.87,0.81,4.25,0.79,2.87,0.34,2.14,0.29
39,39,"BASALTIC-ANDESITE [22350]",0.9,3,1.46,7.9,1.89,0.58,1.56,0.61,2.27,0.87,2.01,0.37,1.26,0.41
39,39,"BASALTIC-ANDESITE [22350]",3,12,1.62,7.89,2.81,0.55,2.81,0.78,4.12,0.81,2.15,0.36,2.16,0.31
39,39,"BASALTIC-ANDESITE [22350]",1,3,1.56,7.67,1.87,0.71,2.01,0.82,3.21,1.08,1.57,0.27,2.13,0.32
39,39,"BASALTIC-ANDESITE [22350]",2,7,1.72,8.6,2.7,0.57,2.87,0.81,4.25,0.79,2.87,0.34,2.14,0.29
44.0819,22.0139,"BASALTIC-ANDESITE [17005]",20.3,34.17,4.17,17.91,4.29,1.33,3.22,0.57,2.98,0.74,1.91,0.3,2.09,0.37
44.2011,21.9292,"BASALTIC-ANDESITE [17005]",12.03,28.26,3.6,15.38,3.75,1.05,3.21,0.49,2.97,0.59,1.59,0.21,1.43,0.23
44.2011,21.9292,"BASALTIC-ANDESITE [17005]",9.16,21.23,2.89,13.04,3.11,0.93,3.2,0.45,2.99,0.65,1.91,0.27,1.58,0.28
55.97,160.58,"BASALTIC-ANDESITE [22360]",10.66,27.84,4.11,18.73,4.65,1.43,4.17,0.64,3.88,0.77,2.14,0.31,2,0.3
55.97,160.58,"BASALTIC-ANDESITE [22360]",11.08,28.33,4.17,19.53,4.93,1.55,4.38,0.66,3.97,0.8,2.22,0.33,2.1,0.32
55.97,160.58,"BASALTIC-ANDESITE [22360]",10.76,28.44,4.18,18.95,4.82,1.48,4.32,0.67,3.9,0.79,2.15,0.32,2.04,0.31
55.97,160.58,"BASALTIC-ANDESITE [22360]",11.17,28.57,4.15,19.41,4.86,1.43,4.18,0.64,3.89,0.78,2.15,0.31,2.04,0.3
55.97,160.58,"BASALTIC-ANDESITE [22360]",11.32,29.37,4.31,19.25,4.83,1.47,4.45,0.66,3.84,0.79,2.16,0.32,2.06,0.3
38.465,39.6586,"BASALTIC-ANDESITE [22439]",17.5,37.9,4.74,19.88,4.29,1.36,4.33,0.68,4.07,0.84,2.41,0.36,2.37,0.37
38.4608,39.6512,"BASALTIC-ANDESITE [22439]",13.2,30.1,4.22,19.17,4.65,1.52,5,0.84,5.27,1.11,3.19,0.48,3.02,0.45
38.4731,39.606,"BASALTIC-ANDESITE [22439]",3.7,8.3,1.12,5.45,1.67,0.64,2.32,0.41,2.73,0.56,1.66,0.25,1.56,0.23
38.4153,39.5747,"BASALTIC-ANDESITE [22439]",12.5,27.5,3.76,16.86,4.01,1.32,4.34,0.72,4.52,0.96,2.81,0.44,2.81,0.43
38.3327,39.6338,"BASALTIC-ANDESITE [22439]",8.5,20.8,2.88,13.41,3.51,1.14,3.95,0.65,4.15,0.86,2.54,0.38,2.47,0.37
38.0502,38.3312,"BASALTIC-ANDESITE [22439]",9.1,21.7,3.05,14.35,3.71,1.26,4.3,0.71,4.56,0.96,2.82,0.43,2.76,0.42
27.484055,-112.62002,"BASALTIC-ANDESITE [22261]",10.9,21.7,2.67,11.5,2.9,0.84,3.2,0.5,2.9,0.6,1.6,0.24,1.6,0.25
34,-112,"BASALTIC-ANDESITE [9662]",15.4,37.3,4.7,20.1,5.5,1.31,5.63,1.05,6,1.23,3.66,0.56,3.67,0.64
51.691788,-176.581316,"BASALTIC-ANDESITE [22260]",8.978479954,21.49648311,3.397294164,16.55800878,4.778737373,1.464934509,5.013143449,0.821489033,4.962620938,1.026034663,2.81930407,0.404560603,2.492301721,0.398488773
51.767,-177.372833,"BASALTIC-ANDESITE [22260]",10.18111377,23.38011255,3.908889846,13.68525604,3.41278185,1.073257271,3.497736435,0.547913301,3.038464079,0.552627831,1.73503681,0.289119802,1.596017629,0.273781299
43.87,-111.75,"BASALTIC-ANDESITE [22474]",22.12,67.15,8.74,36.67,10.11,2.41,10.85,1.21,8.83,1.66,4.93,0.6,3.24,0.56
43.87,-111.75,"BASALTIC-ANDESITE [22474]",40.56,81.05,9.46,36.24,7.58,1.94,7.61,1.31,8.26,1.66,4.86,0.69,4.62,0.63
43.87,-111.75,"BASALTIC-ANDESITE [22474]",46.87,91.09,10.93,41.88,8.56,2.21,8.78,1.46,9.2,1.82,5.39,0.75,5.12,0.69
43.87,-111.75,"BASALTIC-ANDESITE [22474]",42.02,83.29,9.57,36.75,7.84,2,7.97,1.31,8.36,1.68,4.92,0.67,4.64,0.63
43.87,-111.75,"BASALTIC-ANDESITE [22474]",39.25,77.64,9.01,35.22,7.52,1.93,9.34,1.24,8.14,1.58,4.97,0.64,4.49,0.62
44.5,10,"BASALTIC-ANDESITE [15914]",25.4,51.7,5.6,20.5,4.2,1.09,3.6,0.6,3.1,0.6,1.8,0.26,1.6,0.23
44.5,10,"BASALTIC-ANDESITE [15914]",19.08,47.04,5.12,19.54,4.34,1.25,4.25,0.64,4.64,0.91,2.5,0.31,2.04,0.29
44.5,10,"BASALTIC-ANDESITE [15914]",21.88,43.65,5.09,18.44,4.18,1.25,4.05,0.62,3.34,0.695,1.68,0.29,1.72,0.26
-6.64,-52,"BASALTIC-ANDESITE [15759]",45,85.8,8.87,29.6,5.89,1.48,5.26,0.8,4.57,0.91,2.7,0.395,2.4,0.348
27,33,"BASALTIC-ANDESITE [9737]",21.21,53.64,7.01,32.19,6.84,2.11,6.37,0.9,5.2,0.94,2.32,0.34,2.07,0.29
27,33,"BASALTIC-ANDESITE [9737]",22.55,56.7,7.58,33.2,7.42,2.27,6.98,1.01,5.51,1.03,2.59,0.37,2.07,0.34
27,33,"BASALTIC-ANDESITE [9737]",24.97,55.95,7.32,31.59,6.34,1.94,5.2,0.73,4.22,0.77,2.07,0.32,1.95,0.34
27,33,"BASALTIC-ANDESITE [9737]",23.56,51.92,6.68,28.2,5.54,1.74,4.44,0.58,3.16,0.55,1.33,0.18,0.99,0.17
7.5,134.5,"BASALTIC-ANDESITE [5803]",3.2,9.4,1.52,8.27,2.92,1.05,3.85,0.72,4.78,1.03,3.06,0.51,3.11,0.5
-38.25,175.5,"BASALTIC-ANDESITE [6331]",12.9,19.3,3.5,14.5,3.8,1.3,4.4,0.7,4.3,1,2.7,0.4,2.7,0.4
23,111,"BASALTIC-ANDESITE [22535]",9.2,19,2.22,8.1,1.78,0.61,2.07,0.37,2.38,0.5,1.51,0.23,1.45,0.24
23,111,"BASALTIC-ANDESITE [22535]",8.6,17.8,2.16,7.7,1.76,0.58,2.11,0.38,2.31,0.52,1.55,0.23,1.52,0.22
23,111,"BASALTIC-ANDESITE [22535]",8.8,18.7,2.21,8,1.93,0.6,2.11,0.35,2.45,0.5,1.6,0.22,1.38,0.23
23.1036,111.1719,"BASALTIC-ANDESITE [22535]",9.14,9.79,2.48,10.23,2.76,0.67,2.92,0.52,3.38,0.68,2,0.29,1.96,0.28
23,111,"BASALTIC-ANDESITE [22535]",13.85,17.37,3.37,13.4,3.25,0.91,3.52,0.68,4.4,0.91,2.77,0.42,2.7,0.39
23,111,"BASALTIC-ANDESITE [22535]",9.29,18.48,2.12,8.41,1.85,0.56,1.91,0.37,2.47,0.54,1.73,0.28,1.94,0.3
-6.73,106.72,"BASALTIC-ANDESITE [12581]",18.1,41.6,6.07,27.6,6.48,1.86,6.79,1.08,6.52,1.36,3.77,0.6,3.84,0.64
-6.73,106.72,"BASALTIC-ANDESITE [12581]",13.7,31.9,4.68,21.6,5.2,1.54,5.7,0.91,5.5,1.17,3.24,0.51,3.28,0.54
-6.73,106.72,"BASALTIC-ANDESITE [12581]",12.9,29.2,4.32,20,4.84,1.44,5.25,0.83,4.96,1.05,2.9,0.46,2.94,0.49
-6.73,106.72,"BASALTIC-ANDESITE [12581]",16.2,29.8,5.2,24.2,5.67,1.68,6.19,0.98,5.83,1.22,3.36,0.51,3.29,0.55
43.5222,143.6932,"BASALTIC-ANDESITE [19410]",9.54,20.32,2.72,13.33,3.49,1.16,4.01,0.71,4.41,0.96,2.93,0.44,2.73,0.43
43.5222,143.6932,"BASALTIC-ANDESITE [19410]",11.76,22.77,3.05,14.39,3.89,1.34,5.25,0.8,4.93,1.1,3.27,0.48,3.05,0.47
43.6711,143.395,"BASALTIC-ANDESITE [19410]",9.95,23.38,3.06,13.39,3.4,1.17,3.8,0.62,3.85,0.85,2.43,0.37,2.38,0.35
43.7884,143.3926,"BASALTIC-ANDESITE [19410]",9.24,21.72,3.09,15.03,4.11,1.25,4.76,0.84,5.09,1.1,3.15,0.48,3.01,0.48
44.0238,143.4511,"BASALTIC-ANDESITE [19410]",10.44,26.24,3.27,14.97,3.62,1.19,4.09,0.68,4.17,0.88,2.62,0.4,2.63,0.4
44.0552,143.4074,"BASALTIC-ANDESITE [19410]",12.81,31.46,4.22,19.83,4.95,1.63,5.13,0.9,5.38,1.14,3.24,0.5,3.15,0.48
44.3192,143.3169,"BASALTIC-ANDESITE [19410]",15.99,30.9,4.7,21.66,5.04,1.64,5.15,0.85,5.12,1.04,2.97,0.45,2.84,0.44
44.3341,143.3206,"BASALTIC-ANDESITE [19410]",12.32,30.43,3.89,18.03,4.51,1.53,4.65,0.77,4.68,1,2.88,0.44,2.86,0.43
44.3341,143.3206,"BASALTIC-ANDESITE [19410]",14.59,36.35,4.57,20.89,5.24,1.74,5.59,0.94,5.35,1.13,3.23,0.49,3.16,0.49
44.4372,143.2272,"BASALTIC-ANDESITE [19410]",11.38,27.27,3.34,15.21,3.61,1.26,3.95,0.65,3.99,0.84,2.43,0.38,2.4,0.36
44.4372,143.2272,"BASALTIC-ANDESITE [19410]",10.29,24.38,3.02,13.84,3.31,1.17,3.54,0.59,3.69,0.78,2.25,0.35,2.24,0.34
44.345,143.3121,"BASALTIC-ANDESITE [19410]",13.57,32.31,4.08,19.62,4.66,1.59,4.8,0.81,4.91,1.05,3.02,0.46,2.95,0.45
44.1226,143.5283,"BASALTIC-ANDESITE [19410]",12.69,30.44,3.85,17.59,4.39,1.32,4.55,0.8,5,1.07,3.17,0.47,3.08,0.47
43.6738,143.3908,"BASALTIC-ANDESITE [19410]",10.73,24.75,3.26,15.27,3.76,1.32,3.89,0.7,4.4,0.93,2.69,0.41,2.57,0.4
27.32783333,140.8115,"BASALTIC-ANDESITE [22607]",2.96,7.94,1.31,7.3,2.4,0.85,3.3,0.59,3.92,0.87,2.55,0.39,2.61,0.42
27.32783333,140.8115,"BASALTIC-ANDESITE [22607]",2.72,7.75,1.3,7.07,2.37,0.85,3.26,0.59,3.84,0.86,2.5,0.38,2.56,0.4
27.32783333,140.8115,"BASALTIC-ANDESITE [22607]",2.65,7.13,1.21,6.61,2.27,0.79,3.08,0.55,3.64,0.82,2.37,0.36,2.36,0.37
27.32783333,140.8115,"BASALTIC-ANDESITE [22607]",6.83,15.92,2.48,12.57,3.65,1.22,4.45,0.78,4.87,1.08,3.11,0.47,3.09,0.48
-38.672792,-71.68837,"BASALTIC-ANDESITE [22571]",10.49030047,24.94554998,3.59993587,16.05429849,4.382442772,1.252607007,4.716434959,0.781736701,4.922421659,1.079359565,3.105254789,0.450736654,2.942509779,0.448529317
-38.66825,-71.725009,"BASALTIC-ANDESITE [22571]",7.887408136,18.6347574,2.767081863,12.64824196,3.527045851,1.192591809,3.896150677,0.617290218,3.903959442,0.847565642,2.439101723,0.352179703,2.318455394,0.353559709
-38.640391,-71.643045,"BASALTIC-ANDESITE [22571]",8.657344274,20.99091341,3.045582767,13.71671415,3.780203248,1.234680674,4.152301222,0.70210796,4.390542245,0.965495453,2.723245566,0.398099376,2.632706625,0.403665063
-38.666493,-71.684502,"BASALTIC-ANDESITE [22571]",10.15147984,24.29687293,3.488492175,15.96356976,4.422758751,1.338411559,4.756799694,0.826764222,5.176779941,1.138915956,3.262387295,0.479262002,3.178578076,0.48609306
-38.700826,-71.785479,"BASALTIC-ANDESITE [22571]",7.905070767,19.15534682,2.787568484,12.75087064,3.516411301,1.192069365,3.853220072,0.655667286,4.142916675,0.894516107,2.549047836,0.370485261,2.481071703,0.37634952
-38.69982,-71.790269,"BASALTIC-ANDESITE [22571]",10.60438861,25.20310411,3.558265192,15.99954713,4.285398148,1.270445177,4.945234276,0.82897439,5.342016336,1.151306333,3.28739089,0.495265249,3.238714447,0.499319481
-38.686019,-71.773157,"BASALTIC-ANDESITE [22571]",9.047433822,22.38089059,3.219359644,14.52152601,4.064269026,1.296263579,4.356430884,0.751184401,4.746348068,1.018037717,2.945773966,0.426990461,2.828558943,0.430307952
-38.685011,-71.771221,"BASALTIC-ANDESITE [22571]",8.279083037,19.70793146,2.875081389,13.41875997,3.707092795,1.199683574,4.393604729,0.721899973,4.644672666,0.987787334,2.795137855,0.41860847,2.742779698,0.419081678
-38.678976,-71.770023,"BASALTIC-ANDESITE [22571]",11.26171369,27.48454325,3.946611848,17.76451295,4.855023657,1.449934056,5.276014979,0.926551063,5.767621568,1.259391061,3.632511926,0.527568289,3.474650718,0.531022217
-38.68061,-71.776718,"BASALTIC-ANDESITE [22571]",8.428372298,20.3751323,3.006968429,13.65905698,3.853210141,1.243274843,4.274304322,0.743558921,4.683700893,1.037364855,2.959974423,0.435822405,2.852886189,0.430199818
-4.9,149.16,"BASALTIC-ANDESITE [4046]",9,22,3.2,16,4.9,1.6,5.7,1,6.7,1.6,4.8,0.66,4.5,0.68
46.2122,-122.1597,"BASALTIC-ANDESITE [22652]",10.2,23.3,3.04,13.9,3.6,1.11,3.43,0.505,3.22,0.626,1.79,0.251,1.57,0.247
46.2155,-122.1526,"BASALTIC-ANDESITE [22652]",10.3,22.1,3.11,12.5,3.42,1.06,3.4,0.502,3.14,0.576,1.58,0.22,1.43,0.205
46.2271,-122.166,"BASALTIC-ANDESITE [22652]",9.7,22,2.99,13.1,3.39,1.21,3.29,0.494,3.03,0.593,1.63,0.21,1.52,0.213
46.2126,-122.1766,"BASALTIC-ANDESITE [22652]",11.6,25.5,3.47,13.8,3.53,1.15,3.23,0.462,2.86,0.514,1.37,0.192,1.26,0.159
46.2381,-122.1802,"BASALTIC-ANDESITE [22652]",13.7,31.9,4.32,17.9,4.17,1.44,3.81,0.616,3.69,0.709,2.03,0.286,1.89,0.283
46.2325,-122.1779,"BASALTIC-ANDESITE [22652]",13.8,30.6,3.76,17,4.07,1.32,4.02,0.55,3.73,0.755,1.98,0.297,1.81,0.273
46.2195,-122.1557,"BASALTIC-ANDESITE [22652]",12.9,28.2,3.52,15.6,3.84,1.17,3.61,0.496,3.37,0.695,1.98,0.279,1.77,0.267
46.2415,-122.1626,"BASALTIC-ANDESITE [22652]",14.8,32.2,4.03,17.3,3.87,1.3,3.85,0.598,3.42,0.696,2.01,0.262,1.82,0.284
46.1436,-122.202,"BASALTIC-ANDESITE [22652]",16.8,40.1,5.27,22.2,5.24,1.66,5.17,0.791,4.85,0.893,2.45,0.332,2.16,0.335
46.1436,-122.202,"BASALTIC-ANDESITE [22652]",16.9,40.3,5.19,22.5,5.26,1.7,5.33,0.834,4.79,0.962,2.61,0.34,2.3,0.353
46.1425,-122.2248,"BASALTIC-ANDESITE [22652]",13.3,28.8,3.92,16.4,4.09,1.26,4.27,0.588,4.13,0.763,2.19,0.28,1.99,0.234
46.2126,-122.1766,"BASALTIC-ANDESITE [22656]",11.6,25.5,3.47,13.8,3.53,1.148,3.23,0.462,2.86,0.514,1.37,0.192,1.257,0.159
46.2271,-122.166,"BASALTIC-ANDESITE [22656]",9.7,22,2.99,13.1,3.39,1.207,3.29,0.494,3.03,0.593,1.63,0.21,1.516,0.213
46.2122,-122.1597,"BASALTIC-ANDESITE [22656]",10.2,23.3,3.04,13.9,3.6,1.114,3.43,0.505,3.22,0.626,1.79,0.251,1.575,0.247
46.2155,-122.1526,"BASALTIC-ANDESITE [22656]",10.3,22.1,3.11,12.5,3.42,1.061,3.4,0.502,3.14,0.576,1.58,0.22,1.428,0.205
46.2195,-122.1557,"BASALTIC-ANDESITE [22656]",12.9,28.2,3.52,15.6,3.84,1.168,3.61,0.496,3.37,0.695,1.98,0.279,1.771,0.267
46.2415,-122.1626,"BASALTIC-ANDESITE [22656]",14.8,32.2,4.03,17.3,3.87,1.298,3.85,0.598,3.42,0.696,2.01,0.262,1.823,0.284
-8.27,115.1,"BASALTIC-ANDESITE [22596]",14.5,31.9,3.87,17.1,3.97,1.28,4.39,0.677,4.26,0.87,2.54,0.368,2.49,0.376
-8.28,115.15,"BASALTIC-ANDESITE [22596]",15.2,32.4,4.2,18.4,4.35,1.28,5.01,0.789,5.06,1.05,3,0.434,2.95,0.445
-8.29,115.09,"BASALTIC-ANDESITE [22596]",17.9,38.9,4.93,21.9,5.04,1.34,5.55,0.853,5.33,1.1,3.19,0.461,2.98,0.456
55.98131,160.55564,"BASALTIC-ANDESITE [22589]",9.58,19.31,2.89,14.13,3.62,1.14,4.01,0.6,3.97,0.79,2.35,0.32,2.16,0.32
55.98786,160.54358,"BASALTIC-ANDESITE [22589]",7.26,15.79,2.5,12.81,3.56,1.17,4.13,0.66,4.49,0.9,2.72,0.37,2.53,0.37
55.99314,160.54497,"BASALTIC-ANDESITE [22589]",7.46,15.33,2.36,11.66,3.17,1.05,3.67,0.58,3.88,0.77,2.33,0.31,2.14,0.31
55.99517,160.54711,"BASALTIC-ANDESITE [22589]",7.75,16.35,2.55,12.82,3.48,1.13,3.95,0.63,4.14,0.82,2.46,0.33,2.29,0.33
55.98428,160.56947,"BASALTIC-ANDESITE [22589]",6.39,14.41,2.33,12.07,3.49,1.21,4.1,0.67,4.52,0.91,2.77,0.37,2.6,0.39
55.98481,160.56797,"BASALTIC-ANDESITE [22589]",6.72,15.02,2.43,12.69,3.6,1.23,4.3,0.71,4.66,0.96,2.9,0.39,2.73,0.4
56.00081,160.5395,"BASALTIC-ANDESITE [22589]",5.72,12.78,2.07,10.75,3.12,1.08,3.88,0.64,4.32,0.89,2.71,0.37,2.55,0.38
56.02258,160.53022,"BASALTIC-ANDESITE [22589]",7.24,15.18,2.32,11.74,3.13,1.09,3.8,0.62,4.09,0.85,2.55,0.35,2.45,0.37
56.02089,160.55878,"BASALTIC-ANDESITE [22589]",7.59,15.98,2.43,12.15,3.25,1.12,3.89,0.63,4.16,0.87,2.64,0.36,2.58,0.4
55.96381,160.68272,"BASALTIC-ANDESITE [22589]",8.83,18.03,2.76,13.52,3.52,1.2,4.09,0.65,4.21,0.86,2.61,0.36,2.5,0.38
55.98608,160.62814,"BASALTIC-ANDESITE [22589]",9.95,20,3.02,14.71,3.69,1.23,4.08,0.63,4.07,0.82,2.47,0.33,2.31,0.34
55.98692,160.62961,"BASALTIC-ANDESITE [22589]",8.45,17.55,2.71,13.37,3.56,1.2,4.04,0.65,4.2,0.85,2.56,0.35,2.38,0.35
56.01281,160.64094,"BASALTIC-ANDESITE [22589]",8.64,18.07,2.76,13.57,3.57,1.18,3.98,0.63,4.03,0.81,2.44,0.32,2.23,0.32
55.98319,160.66453,"BASALTIC-ANDESITE [22589]",8.27,17.38,2.65,13.16,3.52,1.16,3.97,0.63,4.07,0.82,2.49,0.33,2.26,0.33
55.93931,160.65689,"BASALTIC-ANDESITE [22589]",6.6,14.81,2.37,12.24,3.5,1.21,4.11,0.69,4.5,0.91,2.78,0.37,2.55,0.37
55.95278,160.61814,"BASALTIC-ANDESITE [22589]",6.87,15.33,2.44,12.57,3.63,1.22,4.21,0.7,4.58,0.93,2.84,0.38,2.6,0.38
55.99419,160.53822,"BASALTIC-ANDESITE [22589]",6.63,14.89,2.39,12.5,3.54,1.21,4.2,0.68,4.55,0.93,2.8,0.37,2.61,0.38
56.01569,160.53253,"BASALTIC-ANDESITE [22589]",7.13,15.36,2.44,12.57,3.49,1.19,4.21,0.68,4.46,0.91,2.76,0.37,2.62,0.39
55.96106,160.71594,"BASALTIC-ANDESITE [22589]",7.02,15.52,2.45,12.37,3.47,1.2,4.17,0.67,4.41,0.9,2.73,0.37,2.59,0.39
55.98172,160.68683,"BASALTIC-ANDESITE [22589]",6.95,15.4,2.43,12.54,3.54,1.23,4.23,0.69,4.53,0.93,2.8,0.38,2.61,0.39
55.99289,160.65061,"BASALTIC-ANDESITE [22589]",8,16.9,2.62,13.04,3.52,1.16,4.06,0.66,4.32,0.89,2.66,0.36,2.5,0.37
55.98744,160.62706,"BASALTIC-ANDESITE [22589]",7.99,16.57,2.53,12.68,3.44,1.16,3.98,0.64,4.17,0.84,2.56,0.34,2.35,0.35
55.98744,160.62706,"BASALTIC-ANDESITE [22589]",8.32,17.56,2.75,13.71,3.75,1.22,4.35,0.71,4.66,0.94,2.85,0.38,2.65,0.39
55.98925,160.63714,"BASALTIC-ANDESITE [22589]",8.01,16.81,2.63,13.29,3.68,1.22,4.28,0.7,4.59,0.94,2.85,0.38,2.64,0.39
55.965,160.45242,"BASALTIC-ANDESITE [22589]",5.39,14.02,2.31,11.38,3.32,1.05,3.25,0.56,3.47,0.71,2.04,0.31,2.05,0.31
55.96783,160.52558,"BASALTIC-ANDESITE [22589]",6.48,13.78,2.13,10.69,2.93,1.01,3.45,0.52,3.56,0.7,2.11,0.28,1.91,0.28
55.98583,160.50764,"BASALTIC-ANDESITE [22589]",6.3,13.52,2.07,10.45,2.88,0.96,3.38,0.53,3.55,0.7,2.08,0.28,1.89,0.28
55.97153,160.48325,"BASALTIC-ANDESITE [22589]",6.34,13.73,2.15,10.85,3.07,1.05,3.55,0.56,3.78,0.75,2.23,0.3,2.04,0.3
56.00053,160.51278,"BASALTIC-ANDESITE [22589]",6.29,13.6,2.1,10.43,2.91,0.96,3.34,0.54,3.51,0.71,2.11,0.28,1.98,0.29
55.99992,160.48869,"BASALTIC-ANDESITE [22589]",8.11,16.92,2.61,12.97,3.43,1.14,3.9,0.62,4.01,0.81,2.41,0.32,2.23,0.33
56.00194,160.33772,"BASALTIC-ANDESITE [22589]",7.17,15.7,2.41,12.3,3.32,1.13,3.96,0.63,4.09,0.83,2.46,0.33,2.29,0.34
55.99736,160.49958,"BASALTIC-ANDESITE [22589]",6.25,13.41,2.05,10.35,2.8,0.96,3.43,0.54,3.49,0.7,2.1,0.28,1.95,0.29
56.32675,160.84231,"BASALTIC-ANDESITE [22589]",21.67,43.28,6.34,29.74,7.03,1.81,7,1.05,6.53,1.27,3.84,0.5,3.46,0.49
56.05703,160.86683,"BASALTIC-ANDESITE [22589]",15.67,32.17,4.76,23.22,5.59,1.64,5.7,0.87,5.41,1.07,3.21,0.41,2.89,0.42
55.93342,160.58722,"BASALTIC-ANDESITE [22589]",27.43,54.83,7.82,36.06,7.95,2.09,7.61,1.13,6.92,1.37,4.18,0.55,3.82,0.55
48.5859,-90.2234,"BASALTIC-ANDESITE [22697]",8.7496,22.8582,3.4361,18.607,5.275,1.4642,6.4064,1.1137,7.4781,1.5908,4.6498,0.6795,4.4402,0.6843
48.5859,-90.2234,"BASALTIC-ANDESITE [22697]",7.9063,19.7917,2.9819,12.22,3.578,1.2957,5.4781,0.9538,6.2086,1.3282,3.9306,0.5768,3.8272,0.5632
44.9,35.2,"BASALTIC-ANDESITE [22712]",13.99594331,30.08389492,3.7677719,15.66653398,3.950624242,1.1927008,3.216435363,0.565273536,3.801160411,0.793806075,2.31885782,0.319343762,1.907933889,0.334633615
15.13,-92.11,"BASALTIC-ANDESITE [22587]",15.2,29.7,3.38,13.7,3.05,0.848,2.87,0.47,2.69,0.52,1.45,0.219,1.45,0.231
53.46457,-168.0666,"BASALTIC-ANDESITE [22595]",10.57,24.27,3.48,15.98,4.48,1.43,4.88,0.87,5.41,1.14,3.14,0.46,2.91,0.46
53.48047,-168.04077,"BASALTIC-ANDESITE [22595]",10.88,25.21,3.62,16.36,4.57,1.46,5.06,0.86,5.61,1.2,3.27,0.48,3,0.48
53.48313,-168.014593,"BASALTIC-ANDESITE [22595]",10.92,25.39,3.63,16.66,4.66,1.47,5.13,0.88,5.6,1.16,3.22,0.48,3.04,0.48
53.476248,-168.014851,"BASALTIC-ANDESITE [22595]",10.87,25.25,3.63,16.46,4.56,1.44,5.06,0.86,5.52,1.17,3.23,0.47,2.99,0.47
53.472058,-168.022786,"BASALTIC-ANDESITE [22595]",10.99,25.6,3.66,16.75,4.6,1.44,5.14,0.88,5.59,1.19,3.29,0.49,3.03,0.47
53.465707,-168.0328,"BASALTIC-ANDESITE [22595]",9.99,23.15,3.36,15.34,4.19,1.38,4.8,0.82,5.24,1.11,3.03,0.45,27.78,0.44
53.494993,-167.999315,"BASALTIC-ANDESITE [22595]",10.97,25.45,3.65,16.76,4.61,1.49,5.16,0.87,5.67,1.18,3.28,0.5,29.91,0.47
53.491574,-168.008873,"BASALTIC-ANDESITE [22595]",10.95,25.46,3.64,16.63,4.64,1.46,5.1,0.88,5.58,1.17,3.24,0.48,3.02,0.48
53.456054,-168.104011,"BASALTIC-ANDESITE [22595]",10.72,24.9,3.58,16.44,4.45,1.43,4.96,0.85,5.5,1.17,3.16,0.47,2.94,0.46
53.456054,-168.104011,"BASALTIC-ANDESITE [22595]",10.81,25.16,3.62,16.53,4.5,1.44,5.01,0.87,5.56,1.18,3.22,0.48,2.98,0.47
53.453132,-168.102177,"BASALTIC-ANDESITE [22595]",10.97,25.48,3.62,16.64,4.56,1.47,5.13,0.87,5.56,1.18,3.25,0.48,3.02,0.47
53.453132,-168.102177,"BASALTIC-ANDESITE [22595]",10.69,24.94,3.6,16.31,4.48,1.42,4.97,0.84,5.51,1.15,3.24,0.47,2.95,0.47
53.453132,-168.102177,"BASALTIC-ANDESITE [22595]",10.77,25.11,3.58,16.45,4.59,1.48,5,0.85,5.52,1.16,3.16,0.48,2.94,0.47
53.453132,-168.102177,"BASALTIC-ANDESITE [22595]",10.97,25.45,3.61,16.58,4.53,1.46,5.13,0.87,5.59,1.18,3.29,0.47,3,0.47
53.44905,-168.09422,"BASALTIC-ANDESITE [22595]",11.01,25.32,3.63,16.67,4.59,1.45,5.05,0.88,5.69,1.16,3.28,0.48,2.99,0.48
53.44905,-168.09422,"BASALTIC-ANDESITE [22595]",10.89,25.42,3.67,16.64,4.56,1.45,5.13,0.88,5.55,1.16,3.21,0.48,30,0.47
53.44905,-168.09422,"BASALTIC-ANDESITE [22595]",11.11,25.71,3.7,16.93,4.6,1.5,5.1,0.87,5.64,1.19,3.31,0.49,3.04,0.48
53.44905,-168.09422,"BASALTIC-ANDESITE [22595]",11.11,25.53,3.66,16.83,4.68,1.48,5.09,0.88,5.65,1.19,3.3,0.48,2.98,0.48
53.46064,-168.09236,"BASALTIC-ANDESITE [22595]",11.02,25.52,3.68,16.69,4.64,1.47,5.07,0.88,5.66,1.18,3.26,0.47,3,0.47
53.46064,-168.09236,"BASALTIC-ANDESITE [22595]",11.02,25.6,3.68,16.96,4.68,1.48,5.14,0.88,5.73,1.19,3.27,0.48,2.98,0.48
53.44466,-168.0739,"BASALTIC-ANDESITE [22595]",11.02,25.63,3.65,16.7,4.61,1.47,5.16,0.88,5.63,1.18,3.23,0.48,3.02,0.48
53.44466,-168.0739,"BASALTIC-ANDESITE [22595]",10.74,24.97,3.6,16.25,4.52,1.42,5.06,0.87,5.44,1.16,3.17,0.47,2.97,0.47
-37.0956,-70.0815,"BASALTIC-ANDESITE [22753]",24,48.1,5.9,23.4,4.58,1.4,3.76,0.55,3.09,0.58,1.59,0.22,1.51,0.23
-37.0793,-70.1731,"BASALTIC-ANDESITE [22753]",26.1,55.4,7,0,6.22,1.72,5.94,0.87,5.05,0.96,2.76,0.39,2.56,0.38
56.05,160.63,"BASALTIC-ANDESITE [22592]",4.14,10.76,1.68,8.18,2.39,0.79,2.73,0.48,2.95,0.61,1.68,0.26,1.73,0.26
56.05,160.63,"BASALTIC-ANDESITE [22592]",4.14,10.86,1.7,8.25,2.39,0.77,2.76,0.47,3,0.61,1.66,0.26,1.75,0.27
56.05,160.63,"BASALTIC-ANDESITE [22592]",4.79,12.02,1.82,8.79,2.38,0.8,2.67,0.45,2.74,0.55,1.49,0.23,1.55,0.23
56.05,160.63,"BASALTIC-ANDESITE [22592]",5.56,13.55,2.06,9.86,2.68,0.9,3.02,0.5,3.1,0.64,1.73,0.26,1.74,0.26
56.05,160.63,"BASALTIC-ANDESITE [22592]",6.25,15.5,2.38,11.41,3.08,1.02,3.46,0.59,3.76,0.77,2.1,0.32,2.15,0.33
56.05,160.63,"BASALTIC-ANDESITE [22592]",5.71,14.05,2.15,10.39,2.8,0.92,3.17,0.54,3.39,0.7,1.85,0.3,1.93,0.29
56.05,160.63,"BASALTIC-ANDESITE [22592]",5.35,13.7,2.12,10.35,2.99,0.99,3.44,0.59,3.77,0.78,2.16,0.33,2.18,0.33
56.05,160.63,"BASALTIC-ANDESITE [22592]",5.48,14.19,2.17,10.61,2.99,1.01,3.46,0.58,3.66,0.76,2.05,0.33,2.15,0.32
56.05,160.63,"BASALTIC-ANDESITE [22592]",4.86,12.68,1.94,9.64,2.68,0.89,3.04,0.52,3.28,0.68,1.82,0.29,1.89,0.29
56.05,160.63,"BASALTIC-ANDESITE [22592]",6.94,17.4,2.68,12.64,3.33,1.12,3.71,0.61,3.81,0.77,2.09,0.32,2.18,0.32
56.05,160.63,"BASALTIC-ANDESITE [22592]",6.63,16.86,2.58,12.36,3.31,1.07,3.71,0.61,3.77,0.77,2.09,0.32,2.1,0.32
56.05,160.63,"BASALTIC-ANDESITE [22592]",7.45,18.59,2.81,13.25,3.57,1.13,3.96,0.64,4.06,0.83,2.26,0.35,2.33,0.35
56.14,160.17,"BASALTIC-ANDESITE [22592]",5.06,12.81,2.01,9.73,2.72,0.92,3.12,0.54,3.38,0.68,1.87,0.29,1.9,0.29
55.97,160.58,"BASALTIC-ANDESITE [22592]",5.42,13.98,2.23,11.01,3.08,1.04,3.62,0.62,4.01,0.8,2.25,0.35,2.26,0.36
55.97,160.58,"BASALTIC-ANDESITE [22592]",5.7,14.51,2.34,11.63,3.35,1.1,3.91,0.68,4.38,0.92,2.52,0.4,2.64,0.4
55.97,160.58,"BASALTIC-ANDESITE [22592]",5.55,14.4,2.29,11.25,3.21,1.1,3.71,0.64,4.03,0.87,2.34,0.38,2.45,0.38
55.97,160.58,"BASALTIC-ANDESITE [22592]",7.27,17.72,2.65,12.41,3.12,0.99,3.42,0.57,3.47,0.72,1.94,0.31,2.07,0.32
36,103,"BASALTIC-ANDESITE [22773]",17,34.7,4.1,16.8,3.9,1.2,4,0.6,3.8,0.8,2.2,0.3,2,0.3
36,103,"BASALTIC-ANDESITE [22773]",15.8,34.5,4.1,16.7,3.8,1.2,3.7,0.6,3.5,0.7,2.1,0.3,1.8,0.3
36,103,"BASALTIC-ANDESITE [22773]",14.6,30.2,3.7,15.3,3.7,1.2,3.8,0.6,3.6,0.7,2.1,0.3,1.9,0.3
36,102,"BASALTIC-ANDESITE [22773]",28.5,58.5,7.2,26.4,5.3,1.6,5,0.8,4.4,0.9,2.5,0.4,2.2,0.3
36,102,"BASALTIC-ANDESITE [22773]",27,51,5.8,21,4.1,1.4,3.9,0.6,3.4,0.7,2,0.3,1.8,0.3
36,102,"BASALTIC-ANDESITE [22773]",41.6,81.6,9.8,35.9,6.5,2.1,5.7,0.8,4.4,0.9,2.5,0.4,2.3,0.4
36,102,"BASALTIC-ANDESITE [22773]",28.5,54.7,6.2,22.2,4.4,1.6,4.2,0.6,3.6,0.8,2.1,0.3,1.9,0.3
36,102,"BASALTIC-ANDESITE [22773]",27.3,52,5.9,21.4,4.2,1.4,4,0.6,3.4,0.7,2,0.3,1.8,0.3
36,103,"BASALTIC-ANDESITE [22773]",18.2,35.8,4.4,17.6,4.1,1.3,4.6,0.8,4.6,1,2.7,0.4,2.5,0.4
36,103,"BASALTIC-ANDESITE [22773]",18.1,35,4.2,16.8,3.9,1.3,4.4,0.7,4.4,1,2.6,0.4,2.5,0.4
36,102,"BASALTIC-ANDESITE [22773]",9.3,20,2.6,10.4,2.4,0.8,2.4,0.4,2.2,0.5,1.3,0.2,1.2,0.2
36,102,"BASALTIC-ANDESITE [22773]",9.8,21.4,2.7,11.1,2.8,0.8,2.9,0.4,2.5,0.5,1.4,0.2,1.2,0.2
80,46,"BASALTIC-ANDESITE [6531]",17.3,44.3,6.3,28.5,6.6,2.46,6.74,1.14,6.99,1.33,3.21,0.49,2.71,0.35
80,46,"BASALTIC-ANDESITE [6531]",28.1,68,10.8,43.4,10.6,3.63,10.78,1.84,10.7,2.32,5.7,0.87,4.91,0.86
80,46,"BASALTIC-ANDESITE [6531]",33.3,76.5,12.2,46.9,11.2,3.7,11.07,1.76,9.83,2,4.93,0.71,4.26,0.63
38.38,14.97,"BASALTIC-ANDESITE [22802]",16.9,36.3,4.07,17,3.89,1.17,3.23,0.52,3.17,0.69,2,0.31,2.06,0.32
38.38,14.97,"BASALTIC-ANDESITE [22802]",16.9,37.7,4.2,17.1,3.81,1.22,3.28,0.56,3.54,0.72,2.1,0.31,2.21,0.31
38.38,14.97,"BASALTIC-ANDESITE [22802]",17.4,37.4,4.21,17.8,4.14,1.09,3.38,0.55,3.36,0.71,2.02,0.3,2.15,0.32
38.38,14.97,"BASALTIC-ANDESITE [22802]",17.6,37.3,4.37,17.2,3.99,1.11,3.44,0.53,3.39,0.67,2.11,0.29,2,0.31
38.38,14.97,"BASALTIC-ANDESITE [22802]",16.6,35.9,4,16.5,3.73,1.12,3.21,0.52,3.4,0.69,1.94,0.31,2.11,0.31
38.38,14.97,"BASALTIC-ANDESITE [22802]",17.2,37.4,4.11,17,3.75,1.08,3.27,0.54,3.22,0.65,1.97,0.3,2.04,0.31
38.38,14.97,"BASALTIC-ANDESITE [22802]",17.5,36.2,4.12,16.8,3.87,1.11,3.31,0.53,3.22,0.68,1.98,0.3,2.04,0.3
38.38,14.97,"BASALTIC-ANDESITE [22802]",17.6,38,4.16,17.1,4.07,1.12,3.45,0.57,3.25,0.72,2.02,0.28,2.09,0.31
38.38,14.97,"BASALTIC-ANDESITE [22802]",17.7,38.5,4.3,17.6,3.98,1.15,3.41,0.52,3.3,0.72,1.96,0.32,2.28,0.32
38.38,14.97,"BASALTIC-ANDESITE [22802]",18,37.8,4.2,17.5,3.88,1.19,3.36,0.54,3.29,0.68,2.08,0.3,2.08,0.32
38.38,14.97,"BASALTIC-ANDESITE [22802]",17.3,36.2,4.17,17.1,3.99,1.11,3.54,0.52,3.34,0.71,1.91,0.3,2.03,0.34
38.38,14.97,"BASALTIC-ANDESITE [22802]",15.7,33.5,3.64,15.3,3.46,1.04,3,0.47,3.06,0.61,1.86,0.28,1.74,0.28
38.38,14.97,"BASALTIC-ANDESITE [22802]",18.1,37.9,4.22,17.8,4.26,1.15,3.53,0.5,3.21,0.7,2.13,0.29,2.04,0.31
42.9517,130.5528,"BASALTIC-ANDESITE [22807]",7.039577948,16.14968123,2.352926862,10.98138893,2.724945714,0.868669135,2.703276333,0.412450364,1.229211227,0.185737293,1.907616963,0.113965164,11.74103004,0.767011361
42.9517,130.5528,"BASALTIC-ANDESITE [22807]",8.192926306,17.91755699,2.489820783,11.25280426,2.651798214,0.944392414,2.674453071,0.420498199,1.463796904,0.211168334,2.203502722,0.128856487,6.242505564,1.071185358
42.9517,130.5528,"BASALTIC-ANDESITE [22807]",10.93069557,23.63774795,3.16447168,13.79853881,2.97586888,0.989589274,2.877827226,0.443651177,1.418347773,0.218504974,2.555860681,0.15363968,49.82035741,1.781742549
42.9517,130.5528,"BASALTIC-ANDESITE [22807]",6.34077871,14.11295476,2.00259053,9.539187978,2.414355122,0.854758789,2.406634072,0.383287951,1.355266175,0.203017452,1.74304948,0.0893,12.01068422,0.813684395
46.4567,130.1236,"BASALTIC-ANDESITE [22807]",20.18765397,44.49736303,5.584819322,24.51592088,4.592892125,1.433319638,3.95133869,0.565910697,1.48669943,0.205261075,3.536175318,0.440507582,8.423367342,2.556393375
28.03287,60.02,"BASALTIC-ANDESITE [22820]",19.9,40.2,5.2,21.2,3.9,0.9,4.1,0.8,4.4,1,2.4,0.5,2.8,0.3
28.06504,60.15718,"BASALTIC-ANDESITE [22820]",13.3,27.9,3.8,16.1,2.8,0.7,3.1,0.6,3.5,0.8,1.9,0.4,2.3,0.3
22.1463,86.2344,"BASALTIC-ANDESITE [22824]",6.95,14.5,1.75,7.71,2,0.63,2.25,0.37,2.23,0.44,1.28,0.187,1.25,0.179
22.537,86.0903,"BASALTIC-ANDESITE [22824]",2.74,5.27,0.96,4.78,1.623,0.663,2.38,0.42,2.79,0.55,1.5,0.227,1.47,0.202
21.9017,85.4349,"BASALTIC-ANDESITE [22824]",16,33.6,3.84,15.6,3.45,0.981,3.78,0.6,3.64,0.76,2.15,0.333,2.22,0.338
21.6935,85.4458,"BASALTIC-ANDESITE [22824]",13.3,26.8,2.96,11.58,2.443,0.735,2.73,0.44,2.82,0.59,1.74,0.274,1.83,0.277
21.6916,85.456,"BASALTIC-ANDESITE [22824]",8.7,16.7,1.92,7.79,1.77,0.54,1.94,0.34,2.28,0.49,1.51,0.24,1.54,0.25
33.1,85.38,"BASALTIC-ANDESITE [22833]",14.381,39.69,5.8,26.229,6.796,2.016,7.874,1.199,7.163,1.433,3.72,0.483,2.961,0.399
33.1,85.38,"BASALTIC-ANDESITE [22833]",12.531,37.443,5.678,26.019,6.88,1.522,7.949,1.232,7.44,1.464,3.868,0.499,3.131,0.418
33.15,85.17,"BASALTIC-ANDESITE [22833]",31.164,68.334,8.652,34.923,7.69,2.102,7.632,1.102,6.231,1.162,2.962,0.376,2.378,0.311
33.15,85.17,"BASALTIC-ANDESITE [22833]",37.632,79.842,10.67,42.483,9.427,2.709,9.137,1.333,7.567,1.418,3.616,0.469,2.905,0.386
20.75,143.9,"BASALTIC-ANDESITE [22913]",22.84164612,43.68660155,5.474284921,22.13407431,4.818448996,1.464714596,4.512341786,0.67272339,3.949862665,0.83207365,2.304410303,0.34610421,2.259847789,0.335586004
21.05,143.9,"BASALTIC-ANDESITE [22913]",4.24699422,10.55852984,1.635686999,7.990063753,2.451165187,0.943813555,3.096405066,0.541064718,3.456160443,0.754686178,2.121225496,0.31942634,2.017153219,0.299341903
20.333,121.866,"BASALTIC-ANDESITE [22924]",9.6,18.68,2.7,10.7,2.3,0.8,3,0.4,3.1,0.7,2.6,0.4,2.6,0.4
20.333,121.866,"BASALTIC-ANDESITE [22924]",25.4,48.91,5.5,20.4,3.8,1.1,3.1,0.4,2.6,0.6,1.9,0.3,2,0.3
20.333,121.866,"BASALTIC-ANDESITE [22924]",13.3,26.67,3,11.6,2.4,0.9,2.5,0.4,2.7,0.6,1.9,0.3,2.2,0.4
34.08,139.52,"BASALTIC-ANDESITE [6564]",3.58,10.7,1.89,10.1,3.29,1.24,4.43,0.82,5.49,1.18,3.23,0.51,3.52,0.5
34.08,139.52,"BASALTIC-ANDESITE [6564]",3.6,10.4,1.77,10.3,3.51,1.18,4.42,0.83,5.41,1.2,3.18,0.5,3.5,0.48
34.08,139.52,"BASALTIC-ANDESITE [6564]",4.14,12.4,2.09,11.8,3.87,1.3,5.06,0.92,6.1,1.36,3.57,0.56,4.07,0.56
34.08,139.52,"BASALTIC-ANDESITE [6564]",4.32,12.7,2.12,11.7,3.89,1.32,5.01,0.94,6.18,1.38,3.74,0.59,4.05,0.59
34.08,139.52,"BASALTIC-ANDESITE [6564]",3.06,9,1.53,8.7,2.86,1.05,3.72,0.71,4.56,1.03,2.85,0.44,3.03,0.44
34.08,139.52,"BASALTIC-ANDESITE [6564]",3.59,10.6,1.76,10.2,3.38,1.25,4.22,0.82,5.37,1.2,3.22,0.5,3.49,0.52
34.08,139.52,"BASALTIC-ANDESITE [6564]",3.53,9.9,1.81,9.73,3.09,1.15,4.32,0.78,5.23,1.15,3.06,0.48,3.35,0.47
34.08,139.52,"BASALTIC-ANDESITE [6564]",3.4,9.9,1.65,9.37,3.1,1.09,4.18,0.76,4.83,1.12,3.05,0.47,3.3,0.46
34.08,139.52,"BASALTIC-ANDESITE [6564]",2.54,7.4,1.31,7.12,2.28,0.92,3.1,0.6,3.96,0.87,2.34,0.38,2.49,0.37
34.08,139.52,"BASALTIC-ANDESITE [6564]",3.24,9.4,1.61,8.91,3,1.12,3.92,0.75,4.93,1.08,2.93,0.45,3.17,0.46
34.08,139.52,"BASALTIC-ANDESITE [6564]",3.25,9.7,1.58,8.88,3,1.08,3.98,0.75,4.99,1.1,3.02,0.45,3.22,0.47
34.08,139.52,"BASALTIC-ANDESITE [6564]",3.32,9.6,1.69,9.26,3.07,1.13,4.02,0.75,4.97,1.09,3.01,0.48,3.26,0.46
34.08,139.52,"BASALTIC-ANDESITE [6564]",2.89,8.4,1.46,8.28,2.72,1.09,3.64,0.7,4.74,1.03,2.81,0.43,3.01,0.44
34.08,139.52,"BASALTIC-ANDESITE [6564]",2.76,7.9,1.37,7.68,2.59,1.05,3.55,0.67,4.38,0.95,2.67,0.4,2.77,0.42
34.08,139.52,"BASALTIC-ANDESITE [6564]",3.66,10.8,1.86,10.1,3.36,1.24,4.52,0.86,5.59,1.21,3.36,0.53,3.61,0.53
-46.7,-72.5,"BASALTIC-ANDESITE [22955]",9.64,22.2,3.06,13.6,3.59,1.25,3.19,0.59,3.44,0.59,1.63,0.249,1.61,0.231
64,140,"BASALTIC-ANDESITE [22964]",11.7,25.9,3.5,14.1,4.2,1.7,5.3,0.82,4.31,0.78,1.83,0.25,1.58,0.18
64,140,"BASALTIC-ANDESITE [22964]",36.5,74.6,8.1,28.4,5.4,1.7,5.6,0.63,3.55,0.66,1.6,0.22,1.42,0.16
46.03,25.22,"BASALTIC-ANDESITE [7653]",19.49,38.34,4.67,19.49,4.21,1.354,3.53,0.564,2.95,0.621,1.51,0.261,1.39,0.248
21.3449,82.5557,"BASALTIC-ANDESITE [22976]",7.6,15.6,1.9,7.9,1.91,0.64,2.3,0.39,2.54,0.55,1.62,0.25,1.6,0.24
21.5511,82.6151,"BASALTIC-ANDESITE [22976]",15.2,31.4,3.9,15.4,3.33,0.96,3.33,0.51,2.92,0.57,1.53,0.21,1.32,0.19
21.4717,82.6394,"BASALTIC-ANDESITE [22976]",20.8,42.9,5.2,20.2,4.25,1.28,4.13,0.62,3.56,0.7,1.88,0.26,1.63,0.24
45,121,"BASALTIC-ANDESITE [22977]",16.6,39.7,5.46,24.1,6.57,1.63,7.46,1.27,8.18,1.73,5.03,0.72,4.68,0.68
45,121,"BASALTIC-ANDESITE [22977]",15.7,35.8,4.86,21.3,5.77,1.42,6.92,1.19,7.67,1.65,4.73,0.7,4.51,0.68
45,121,"BASALTIC-ANDESITE [22977]",19.5,43.6,5.7,24.4,6.19,1.27,6.96,1.15,7.35,1.55,4.52,0.64,4.1,0.61
45,121,"BASALTIC-ANDESITE [22977]",14.2,33.2,4.51,20.1,5.44,1.41,6.23,1.05,6.82,1.45,4.18,0.6,3.85,0.57
45,121,"BASALTIC-ANDESITE [22977]",12.4,27.5,3.89,17.2,4.66,1.36,5.66,0.96,6.23,1.34,3.84,0.56,3.64,0.55
36.5,27,"BASALTIC-ANDESITE [22981]",27.3,52.6,5.67,21.3,3.97,1.15,3.53,0.56,3.34,0.68,2.07,0.303,2.04,0.304
41.8153,110.0676,"BASALTIC-ANDESITE [22999]",17.3,40.1,5.32,23.5,5.2,1.33,4.74,0.73,4.32,0.87,2.43,0.35,2.18,0.33
41.7786,110.3198,"BASALTIC-ANDESITE [22999]",25.4,51.8,6.05,24.2,4.87,1.11,4.46,0.69,4.02,0.83,2.29,0.35,2.13,0.33
41.7786,110.3198,"BASALTIC-ANDESITE [22999]",30.6,65.8,7.46,28.3,5.67,1.41,5.11,0.77,4.37,0.9,2.52,0.37,2.33,0.36
-29.45494,117.31229,"BASALTIC-ANDESITE [23005]",3.938995362,8.908188969,1.31299837,6.362992536,2.005857526,0.711241175,2.221997377,0.375719558,2.807796591,0.58983928,1.675588024,0,1.857387755,0.236339716
38.5,112.5,"BASALTIC-ANDESITE [23008]",4.846452898,11.99422799,1.627468587,7.157328432,1.705779978,0.568056891,1.854454764,0.297825583,2.041412427,0.4629007,1.266491274,0.188586222,1.226379243,0.185196657
38.6475,112.4296,"BASALTIC-ANDESITE [23008]",5.360368823,11.9244395,1.735345665,7.44459862,1.590849777,0.447898995,1.395279377,0.262715542,1.902258864,0.405504127,1.106378828,0.176564645,1.111843306,0.173319861
38.5,112.5,"BASALTIC-ANDESITE [23008]",8.169208289,19.17121925,2.600016185,11.57610895,2.457359676,0.843057041,2.205191841,0.422213792,3.083570535,0.646487311,1.771284637,0.281674672,1.762611973,0.271865832
38.5,112.5,"BASALTIC-ANDESITE [23008]",10.33477667,19.56350037,2.840494802,11.58431259,2.484629717,0.671159757,2.185713312,0.396296717,2.814827675,0.588280484,1.59886946,0.248839812,1.546293868,0.239242706
38.5,112.5,"BASALTIC-ANDESITE [23008]",5.922927742,13.27756284,1.749708737,7.127620764,1.759548317,0.512282256,1.605952807,0.309113419,2.236081989,0.473041969,1.28713283,0.20266406,1.262371148,0.195192562
38.5,112.5,"BASALTIC-ANDESITE [23008]",8.091970497,16.96103668,2.134581458,8.710681911,1.874521874,0.526459564,1.704314562,0.319520706,2.346896457,0.501655511,1.386301651,0.220898289,1.396693404,0.220309675
38.5,112.5,"BASALTIC-ANDESITE [23008]",17.01456715,34.74817333,4.51047936,17.94965065,3.675499878,1.043461499,3.077186301,0.481587931,3.045694364,0.60509027,1.645487056,0.248565467,1.536933618,0.239027922
38.5,112.5,"BASALTIC-ANDESITE [23008]",16.68988469,40.4287479,5.32096449,22.66042779,5.599043899,1.670893454,5.818677517,0.828198451,4.971102555,1.005227882,2.55297968,0.348552962,2.156851951,0.313596101
38.5,112.5,"BASALTIC-ANDESITE [23008]",9.131874744,21.22715929,3.355725952,16.25302719,4.588623459,1.514844692,4.806971504,0.708088875,4.298541333,0.860692504,2.151984792,0.29456029,1.808029556,0.263460813
-21.8869,-68.4578,"BASALTIC-ANDESITE [23028]",17.44,34.71,4.47,19.46,4.03,1.05,0.52,3.66,3.05,0.57,1.61,0.22,1.47,0.23
-21.8864,-68.4608,"BASALTIC-ANDESITE [23028]",16.98,34.46,4.41,19.18,4,1.05,0.53,3.71,3.09,0.58,1.64,0.23,1.47,0.23
43,76,"BASALTIC-ANDESITE [23048]",38.1,79,10,38.8,8.15,2.33,8.41,1.25,7.18,1.41,4.18,0.59,3.81,0.57
43,76,"BASALTIC-ANDESITE [23048]",51.5,94.9,11.8,45.3,8.47,2.38,7.91,1.15,6.39,1.23,3.49,0.49,3.02,0.44
43,76,"BASALTIC-ANDESITE [23048]",53.6,97.2,12.3,46.6,8.79,2.5,8.33,1.21,6.54,1.29,3.61,0.49,3.12,0.45
43,76,"BASALTIC-ANDESITE [23048]",45.7,89.4,11.2,42.1,8.21,2.27,7.7,1.14,6.21,1.21,3.47,0.47,2.98,0.43
43,76,"BASALTIC-ANDESITE [23048]",44.7,87.5,10.9,42.1,8.21,2.16,7.49,1.14,6.29,1.22,3.49,0.48,2.91,0.42
-1.25,-78.42,"BASALTIC-ANDESITE [23057]",16.16,35.28,4.26,17.79,3.74,1.16,3.53,0.5,2.68,0.55,1.45,0.22,1.26,0.19
-1.25,-78.42,"BASALTIC-ANDESITE [23057]",15.5,35.31,4.29,18.18,3.85,1.2,3.54,0.52,2.66,0.54,1.42,0.21,1.2,0.19
-1.25,-78.42,"BASALTIC-ANDESITE [23057]",15.97,35.05,4.15,17.25,3.72,1.16,3.49,0.51,2.66,0.55,1.45,0.22,1.26,0.19
-1.25,-78.42,"BASALTIC-ANDESITE [23057]",14.69,33.12,4,16.93,3.61,1.12,3.35,0.49,2.57,0.52,1.39,0.21,1.22,0.19
-1.25,-78.42,"BASALTIC-ANDESITE [23057]",15.76,34.24,4.1,17.13,3.62,1.15,3.43,0.5,2.63,0.54,1.45,0.22,1.27,0.19
-1.25,-78.42,"BASALTIC-ANDESITE [23057]",17.66,36.4,4.77,20.33,4.291,1.259,3.879,0.555,3.029,0.604,1.612,0.22,1.455,0.217
-1.25,-78.42,"BASALTIC-ANDESITE [23057]",16.67,36.98,4.36,18.22,3.88,1.16,3.44,0.51,2.62,0.53,1.43,0.22,1.25,0.19
-1.25,-78.42,"BASALTIC-ANDESITE [23057]",15.83,35.33,4.21,17.51,3.73,1.14,3.43,0.51,2.67,0.54,1.44,0.22,1.28,0.19
43.5,3.3,"BASALTIC-ANDESITE [21933]",34.4,73.5,8.2,32.5,7.07,2.11,7.01,1.27,6.47,1.56,4.05,0.69,4.29,0.69
43.5,3.3,"BASALTIC-ANDESITE [21933]",35.1,73.1,7.73,28.4,6.11,1.83,6.16,1.06,5.42,1.28,3.7,0.59,3.42,0.61
43.0039,2.6687,"BASALTIC-ANDESITE [21933]",32.9,66.2,7.98,31.4,6.85,1.57,6.15,1.02,6.16,1.25,3.44,0.5,3.15,0.5
-22.781,-66.683,"BASALTIC-ANDESITE [21870]",51,99,11,43,7.8,2,7.9,1.1,5.8,1.1,2.9,0.4,2.4,0.3
-22.812,-66.69,"BASALTIC-ANDESITE [21870]",66,118,15,51,8.9,2.1,8.3,1,5.2,1,2.9,0.4,2.3,0.3
-22.831,-66.714,"BASALTIC-ANDESITE [21870]",40,73,9,34,6.3,1.6,6.1,0.8,4.3,0.9,2.4,0.3,2,0.3
-22.898,-66.743,"BASALTIC-ANDESITE [21870]",64,115,14,51,8.6,2.1,8.2,1,5.1,1,2.9,0.4,2.4,0.4
-22.833,-66.703,"BASALTIC-ANDESITE [21870]",35,71,9,31,6,1.7,6.2,1,5,1.1,2.9,0.4,2.7,0.4
-22.873,-66.731,"BASALTIC-ANDESITE [21870]",35,72,9,33,6.2,1.6,6.4,0.9,4.8,1,2.5,0.4,2.1,0.3
-23.107,-66.722,"BASALTIC-ANDESITE [21870]",37,71,8,32,6.2,1.5,5.3,0.8,4.4,0.8,2.5,0.4,2.1,0.3
-23.084,-66.748,"BASALTIC-ANDESITE [21870]",64,117,13,50,8.8,2.1,6.2,0.9,4.9,0.9,2.4,0.3,2,0.3
-23.596,-66.696,"BASALTIC-ANDESITE [21870]",39,74,9,33,6.2,1.7,5.2,0.7,4,0.8,2.1,0.3,1.9,0.3
-23.625,-66.701,"BASALTIC-ANDESITE [21870]",48,92,92,42,7.7,1.8,5.8,0.8,4.6,0.8,2.3,0.3,1.8,0.3
-23.527,-66.927,"BASALTIC-ANDESITE [21870]",49,95,11,43,8,1.8,5.7,0.8,4.1,0.7,1.8,0.3,1.5,0.2
-23.526,-66.929,"BASALTIC-ANDESITE [21870]",50,98,12,44,8,1.7,5.7,0.8,4.2,0.7,1.8,0.3,1.5,0.2
-23.52,-66.927,"BASALTIC-ANDESITE [21870]",49,95,11,42,7.5,1.9,5.7,0.7,3.7,0.7,1.6,0.2,1.4,0.2
-23.517,-66.927,"BASALTIC-ANDESITE [21870]",46,90,11,41,7.6,1.8,5.8,0.8,4.2,0.8,2,0.3,1.6,0.2
-23.503,-66.927,"BASALTIC-ANDESITE [21870]",59,113,14,51,9.5,2.1,6.7,0.9,4.7,0.8,2.1,0.3,1.6,0.2
-23.505,-66.899,"BASALTIC-ANDESITE [21870]",39,74,9,34,7.1,1.6,5.8,0.9,4.6,0.8,2.2,0.3,1.8,0.3
-23.479,-66.903,"BASALTIC-ANDESITE [21870]",36,67,8,30,5.9,1.6,5,0.7,3.7,0.7,1.8,0.3,1.7,0.3
-23.479,-66.903,"BASALTIC-ANDESITE [21870]",34,63,8,29,5.6,1.5,4.8,0.7,3.6,0.7,1.9,0.3,1.7,0.3
-23.479,-66.903,"BASALTIC-ANDESITE [21870]",34,65,8,30,6,1.5,5,0.7,4.2,0.8,2.2,0.3,1.9,0.3
-23.445,-66.912,"BASALTIC-ANDESITE [21870]",40,73,8,32,6.1,1.5,4.9,0.7,4.4,0.8,2.2,0.3,1.9,0.3
-23.427,-66.912,"BASALTIC-ANDESITE [21870]",44,86,9,35,6.8,1.6,5.7,0.8,4.5,1,2.7,0.4,2.2,0.3
-23.424,-66.915,"BASALTIC-ANDESITE [21870]",44,84,9,34,6.4,1.7,5.5,0.7,4.4,0.8,2.3,0.3,2.2,0.3
-23.308,-66.934,"BASALTIC-ANDESITE [21870]",47,95,10,42,7.8,2,6.2,0.8,4,0.8,2.2,0.3,2,0.3
-23.308,-66.934,"BASALTIC-ANDESITE [21870]",40,83,9,36,6.8,1.7,5.7,0.8,4.4,0.8,2.3,0.3,1.9,0.3
-23.308,-66.934,"BASALTIC-ANDESITE [21870]",37,76,9,34,7.6,1.7,6,0.9,4.5,0.9,2.4,0.3,2.2,0.3
-22.888,-66.252,"BASALTIC-ANDESITE [21870]",120,228,24,88,13.9,3.5,9.2,1.2,5.9,1,2.4,0.3,1.9,0.3
-23.627,-66.99,"BASALTIC-ANDESITE [21870]",36,75,8,32,6.7,1.6,5.1,0.7,4.2,0.8,2,0.3,1.8,0.3
-23.627,-66.99,"BASALTIC-ANDESITE [21870]",34,72,8,30,5.9,1.4,5.4,0.8,3.9,0.7,2,0.3,1.7,0.2
-23.622,-66.987,"BASALTIC-ANDESITE [21870]",33,69,7,30,5.9,1.5,5,0.7,3.8,0.7,2.1,0.3,2,0.2
-23.618,-66.966,"BASALTIC-ANDESITE [21870]",37,73,9,34,6.5,1.6,5.2,0.7,4.3,0.8,2.1,0.3,2.1,0.3
-23.857,-66.805,"BASALTIC-ANDESITE [21870]",31,62,7,28,5.8,1.4,3.9,0.6,3.2,0.7,1.7,0.3,1.7,0.2
-23.846,-66.813,"BASALTIC-ANDESITE [21870]",30,64,7,27,5.8,1.5,4.6,0.7,3.7,0.7,1.7,0.2,1.6,0.2
-22.926,-66.764,"BASALTIC-ANDESITE [21870]",46,90,10,36,6.3,1.6,6.1,0.9,4,0.8,2.3,0.3,1.9,0.3
56.1319,158.325,"BASALTIC-ANDESITE [23079]",10.23,24.85,3.69,17.02,4.25,1.16,4.42,0.66,4.04,0.8,2.37,0.31,2.28,0.34
56.0242,158.295,"BASALTIC-ANDESITE [23079]",8.23,19.97,2.99,14.46,3.54,1.1,3.73,0.49,3.08,0.66,1.71,0.26,1.69,0.26
56.0029,158.588,"BASALTIC-ANDESITE [23079]",18.68,43.84,5.95,25.01,5.39,1.33,5.47,0.78,4.85,0.97,2.83,0.4,2.64,0.4
56.1452,158.319,"BASALTIC-ANDESITE [23079]",15.9,33.96,4.4,19.24,3.95,1.17,4.06,0.57,3.3,0.69,1.83,0.26,1.69,0.27
55.9334,158.5327,"BASALTIC-ANDESITE [23079]",7.74,18.68,2.63,11.78,2.87,0.87,2.98,0.46,2.69,0.54,1.56,0.21,1.5,0.21
55.9494,158.5184,"BASALTIC-ANDESITE [23079]",6.29,15.31,2.15,9.84,2.55,0.83,2.57,0.42,2.66,0.54,1.53,0.23,1.5,0.23
55.9412,158.4938,"BASALTIC-ANDESITE [23079]",9.1,22.61,3.08,13.57,3.32,1.02,3.06,0.48,2.83,0.57,1.58,0.23,1.41,0.21
35,102,"BASALTIC-ANDESITE [23088]",19.9,40.5,4.88,18.8,3.99,1.01,3.8,0.61,3.51,0.73,2.02,0.32,2.03,0.32
35,102,"BASALTIC-ANDESITE [23088]",20.2,40.7,4.83,18.7,3.95,1.01,3.84,0.61,3.51,0.72,1.98,0.32,1.97,0.31
35,102,"BASALTIC-ANDESITE [23088]",19.8,41.1,4.92,18.4,3.89,0.98,3.63,0.61,3.43,0.69,1.95,0.31,1.91,0.29
35,102,"BASALTIC-ANDESITE [23088]",24.1,46.7,5.72,21.8,4.3,1.06,3.94,0.64,3.71,0.76,2.05,0.33,2.01,0.31
34.1092,111.8072,"BASALTIC-ANDESITE [23090]",41.4,88,10.4,41.3,8.97,2.09,8.35,1.27,7.58,1.57,4.57,0.66,4.22,0.68
34.1092,111.8072,"BASALTIC-ANDESITE [23090]",43.1,89,10.8,42.7,9.24,2.2,8.45,1.27,7.75,1.6,4.55,0.66,4.17,0.67
34.1092,111.8072,"BASALTIC-ANDESITE [23090]",41.1,84,10.3,42.2,9.09,1.93,7.88,1.22,7.4,1.48,4.39,0.64,4.12,0.64
34.1092,111.8072,"BASALTIC-ANDESITE [23090]",40.7,86,10.2,39.6,9.29,2.23,7.66,1.23,7.1,1.5,4.32,0.62,3.88,0.63
34.1092,111.8072,"BASALTIC-ANDESITE [23090]",39.5,85,10.1,40.3,8.9,2.06,7.64,1.21,7.07,1.47,4.42,0.63,4,0.65
34.1092,111.8072,"BASALTIC-ANDESITE [23090]",41.9,86,10.3,41.1,8.86,2.12,7.99,1.22,7.4,1.5,4.48,0.65,4.14,0.65
34.1092,111.8072,"BASALTIC-ANDESITE [23090]",42.9,88,10.6,42.7,8.72,2.17,8.16,1.27,7.62,1.57,4.47,0.66,4.11,0.67
34.1092,111.8072,"BASALTIC-ANDESITE [23090]",43.9,91,11.1,41.9,8.57,2.29,8.03,1.28,7.76,1.61,4.74,0.67,4.21,0.68
34.1092,111.8072,"BASALTIC-ANDESITE [23090]",43.6,0,43.6,89.8,10.7,43.2,8.5,2.34,8.37,1.27,7.8,1.55,4.7,0.67
34.1092,111.8072,"BASALTIC-ANDESITE [23090]",41.5,82,10.4,42.5,7.96,2.25,7.86,1.37,7.89,1.54,4.84,0.77,4.65,0.68
37.8,111.4,"BASALTIC-ANDESITE [23102]",45.69,97.17,12.04,49.78,8.92,1.85,7.8,1.16,6.92,1.4,3.66,0.53,3.39,0.53
37.8,111.4,"BASALTIC-ANDESITE [23102]",74.78,149.67,18.61,72.55,12.945,2.57,11.15,1.58,8.74,1.7,4.57,0.64,4.24,0.65
40.5408,-116.7036,"BASALTIC-ANDESITE [23119]",26.71,57.04,7.18,30.02,6.48,1.62,6.21,0.961,6.04,1.23,3.61,0.523,3.306,0.5
40.5647,-116.6964,"BASALTIC-ANDESITE [23119]",38.39,82.74,10.59,43.12,9.28,2.2,8.54,1.274,7.79,1.56,4.53,0.644,4.126,0.62
40.5964,-116.705,"BASALTIC-ANDESITE [23119]",12.4,27.33,3.78,16.44,3.95,1.21,4.18,0.668,4.37,0.91,2.69,0.388,2.505,0.38
31.5469,-7.6708,"BASALTIC-ANDESITE [23135]",16.12,35.09,4.41,18.21,4.41,1.32,4.56,0.72,4.16,0.88,2.36,0.21,2.05,0.3
31.1278,-7.3461,"BASALTIC-ANDESITE [23135]",13.07,28.73,3.59,15.53,3.92,1.26,4.4,0.82,4.63,0.94,2.78,0.3,2.54,0.33
30.7364,-9.2464,"BASALTIC-ANDESITE [23135]",15.64,32.47,4.07,16.74,3.85,1.28,4.17,0.66,3.79,0.8,2.2,0.25,1.86,0.28
30.7364,-9.2464,"BASALTIC-ANDESITE [23135]",13.2,28.66,3.66,15.34,3.85,1.22,4.06,0.66,3.83,0.81,2.2,0.26,1.92,0.28
31,-9,"BASALTIC-ANDESITE [23135]",13.94,31.73,3.96,16.72,4.08,1.17,4.26,0.68,3.94,0.85,2.38,0.24,2.03,0.29
32.9225,-4.5864,"BASALTIC-ANDESITE [23135]",22.7,49.69,6.01,26.07,6.21,1.56,5.42,0.98,6.04,1.15,3.34,0.46,3,0.44
33.6492,-6.4069,"BASALTIC-ANDESITE [23135]",25.62,56.73,6.87,30.11,7.21,1.85,6.43,1.13,7.06,1.34,3.91,0.53,3.51,0.5
33.6492,-6.4069,"BASALTIC-ANDESITE [23135]",16.86,35.9,4.65,19.68,4.95,1.57,5.17,0.87,5.24,1.03,2.75,0.39,2.32,0.36
31,-9,"BASALTIC-ANDESITE [23135]",10.56,23.64,3.07,13.03,3.25,1.05,3.71,0.62,3.69,0.8,2.26,0.22,2.02,0.3
32.9225,-4.5864,"BASALTIC-ANDESITE [23135]",10.33,23.22,2.92,12.95,3.38,0.98,3.44,0.6,3.91,0.77,2.28,0.32,2.1,0.31
32.9225,-4.5864,"BASALTIC-ANDESITE [23135]",11.38,26.13,3.39,15.24,4.11,1.22,4.29,0.75,4.78,0.94,2.75,0.38,2.48,0.36
33.0797,-5.4919,"BASALTIC-ANDESITE [23135]",11.63,24.9,3.26,14.11,3.74,1.19,4.06,0.73,4.48,0.89,2.44,0.35,2.13,0.33
33.0797,-5.4919,"BASALTIC-ANDESITE [23135]",10.07,22.52,3.02,13.62,3.8,1.26,4.15,0.72,4.31,0.87,2.29,0.32,1.97,0.3
33.6158,-5.6206,"BASALTIC-ANDESITE [23135]",12,26.35,3.48,15.28,4.09,1.29,4.6,0.81,5.01,1.02,2.72,0.39,2.35,0.36
33.6158,-5.6206,"BASALTIC-ANDESITE [23135]",10.67,23.65,3.12,13.5,3.58,1.23,3.95,0.69,4.26,0.86,2.3,0.33,2.04,0.31
33.6158,-5.6206,"BASALTIC-ANDESITE [23135]",8.91,19.84,2.7,11.93,3.33,1.13,3.9,0.67,4.26,0.88,2.39,0.35,2.07,0.33
33.6492,-6.4069,"BASALTIC-ANDESITE [23135]",12.75,27.72,3.63,15.55,4.11,1.31,4.52,0.79,4.95,1.02,2.74,0.39,2.36,0.36
33.6492,-6.4069,"BASALTIC-ANDESITE [23135]",12.31,26.86,3.58,15.59,4.14,1.37,4.51,0.79,4.89,0.97,2.64,0.37,2.23,0.34
31.5469,-7.6708,"BASALTIC-ANDESITE [23135]",8.598308544,20.44700402,2.710831421,12.12252375,3.122677045,1.029672234,3.524254603,0.600638615,3.56521513,0.763345891,2.080890382,0.234505348,1.8278583,0.278747242
31.1278,-7.3461,"BASALTIC-ANDESITE [23135]",9.869525553,22.27956811,2.897511545,12.06936672,3.055197982,0.995996447,3.508433178,0.598823105,3.58539189,0.783794125,2.152739645,0.222650135,1.94659484,0.296910303
31.1278,-7.3461,"BASALTIC-ANDESITE [23135]",10.77394218,24.26471034,3.112679657,13.63081073,3.509466955,1.138079335,3.830631263,0.722339607,4.134056844,0.825691028,2.446076995,0.34,2.21640717,0.285220047
31.2681,-7.305,"BASALTIC-ANDESITE [23135]",11.88822368,26.14106006,3.317883314,13.90904297,3.534165707,1.087655203,4.00891588,0.658780556,3.957823715,0.862595198,2.417515183,0.253717618,2.113234459,0.318149338
31,-9,"BASALTIC-ANDESITE [23135]",15.96998021,33.80269651,4.35174076,18.07616405,4.572101961,1.467241134,4.737380974,0.812985032,4.899255811,0.974577838,2.583183055,0.360549317,2.173487592,0.33048353
33.6492,-6.4069,"BASALTIC-ANDESITE [23135]",16.43839125,35.32502736,4.556792874,19.38069682,4.837573815,1.577044561,4.970854887,0.833550049,5.055637533,0.998777426,2.676635856,0.379124086,2.276031801,0.345893935
33.6492,-6.4069,"BASALTIC-ANDESITE [23135]",16.82655194,36.04392176,4.666608012,19.84592718,5.03326919,1.574507225,5.231893012,0.881125996,5.288623557,1.046366967,2.799496088,0.386927594,2.351991098,0.357388658
34.3261,-2.1261,"BASALTIC-ANDESITE [23135]",15.8,36.7,4.64,19.5,4.5,1.27,4.65,0.83,4.59,0.8,2.37,0.36,2.13,0.32
31,-9,"BASALTIC-ANDESITE [23135]",11.70288173,25.28484418,3.293126507,14.0755904,3.625232421,1.293728423,4.107292971,0.730907009,4.643611432,0.958240935,2.58952015,0.378046316,2.349233804,0.35622921
31,-9,"BASALTIC-ANDESITE [23135]",10.50276115,23.49101903,3.182931449,14.1036895,3.834901396,1.286967452,4.246092349,0.732021329,4.435980854,0.888842647,2.378600078,0.334734339,2.066180303,0.31579758
33.6158,-5.6206,"BASALTIC-ANDESITE [23135]",10.86081924,23.86266725,3.158889674,13.66674084,3.649234835,1.175862277,3.972233088,0.700723745,4.395927016,0.886758609,2.398855208,0.344077787,2.142891596,0.331119966
33.6158,-5.6206,"BASALTIC-ANDESITE [23135]",10.95330333,23.75629019,3.142999993,13.43400254,3.595471436,1.187289932,4.016291258,0.713994153,4.431928986,0.903198165,2.471614079,0.347309792,2.133429379,0.322242014
33.6158,-5.6206,"BASALTIC-ANDESITE [23135]",10.37797286,22.69249918,2.97400306,12.98379465,3.485248808,1.182721426,3.846954139,0.670394555,4.183644132,0.865479549,2.296097331,0.330522585,2.030516595,0.306719369
33.6158,-5.6206,"BASALTIC-ANDESITE [23135]",12.02798437,26.35226517,3.482554581,15.06308386,3.969840268,1.278366664,4.379676658,0.779593107,4.928851015,1.011289868,2.741485705,0.400931869,2.451105279,0.382792356
33.6158,-5.6206,"BASALTIC-ANDESITE [23135]",11.77193902,25.88045383,3.41591143,14.90257942,3.976439756,1.288685503,4.416876111,0.762252144,4.832969178,0.989730995,2.692657838,0.393885406,2.381262503,0.37264444
33.6492,-6.4069,"BASALTIC-ANDESITE [23135]",11.32431858,24.66967006,3.278296975,13.91411617,3.713110078,1.235793675,4.219876725,0.730116777,4.549802857,0.924848134,2.496848116,0.356979404,2.141754169,0.325655912
33.6492,-6.4069,"BASALTIC-ANDESITE [23135]",11.41685782,24.5347404,3.19510727,13.73678688,3.657581131,1.240887691,4.007741081,0.70546914,4.39594934,0.889351458,2.386071672,0.341332927,2.066001927,0.315934175
33.6492,-6.4069,"BASALTIC-ANDESITE [23135]",11.6080239,26.09396342,3.503474875,15.57768387,4.262124979,1.410541647,4.696117762,0.819271613,5.103353989,1.009055387,2.689898909,0.380860889,2.279527577,0.352124055
31.1278,-7.3461,"BASALTIC-ANDESITE [23135]",16.29774971,36.09004867,4.384624334,19.20784473,4.692680417,1.283972885,4.366360139,0.738482271,4.640931866,0.875463731,2.553943221,0.339774902,2.30615898,0.317005539
31.1278,-7.3461,"BASALTIC-ANDESITE [23135]",19.38234735,42.69534186,5.176734186,22.55561243,5.439330165,1.46943181,5.045159781,0.843071298,5.224277879,0.973540037,2.822768556,0.372609872,2.548010238,0.346350274
31.1278,-7.3461,"BASALTIC-ANDESITE [23135]",16.84700809,37.04679245,4.524862534,19.79800539,4.783247978,1.296083558,4.525555256,0.729436658,4.628770889,0.857590296,2.493107817,0.331398383,2.216018868,0.30313531
31.1278,-7.3461,"BASALTIC-ANDESITE [23135]",16.18003279,34.94567213,4.197212459,18.10457705,4.304368525,1.195776393,3.867214426,0.649866885,4.086857705,0.764486557,2.217757377,0.294919082,1.991183607,0.269222951
31.1278,-7.3461,"BASALTIC-ANDESITE [23135]",15.89381989,35.30290807,4.400595122,19.24884803,4.784169981,1.359036773,4.722076923,0.76905257,4.806203002,0.902051895,2.649971482,0.351727129,2.339506191,0.323985553
31.1278,-7.3461,"BASALTIC-ANDESITE [23135]",19.14386108,40.24467475,4.745886439,20.39321499,4.851473429,1.3836871,4.423044542,0.752376406,4.731513341,0.888920838,2.593238589,0.341582205,2.310751929,0.316650408
31.1278,-7.3461,"BASALTIC-ANDESITE [23135]",15.53567391,34.17705797,4.203393478,18.32084058,4.508978261,1.223763768,4.23331087,0.713743478,4.471225362,0.841248551,2.453226087,0.333721377,2.221010145,0.305014928
31.1278,-7.3461,"BASALTIC-ANDESITE [23135]",16.60020089,36.09401477,4.442267061,19.10355687,4.712591433,1.279281536,4.324238109,0.725592496,4.506992614,0.853330281,2.465282127,0.340856189,2.201620679,0.316108183
31.1278,-7.3461,"BASALTIC-ANDESITE [23135]",16.32416544,35.80846086,4.43465229,19.36055539,4.777316987,1.327825702,4.416567208,0.747484963,4.679276809,0.880457903,2.549044609,0.345234682,2.265394387,0.318582984
31.1278,-7.3461,"BASALTIC-ANDESITE [23135]",18.95157895,41.0794812,5.095654135,22.22942857,5.342218045,1.417984211,4.830235338,0.829131579,5.192345865,0.979003759,2.847571429,0.386960301,2.566681955,0.359113083
31.1278,-7.3461,"BASALTIC-ANDESITE [23135]",18.84470986,41.59708732,5.076534085,22.0587493,5.39999831,1.460052958,5.105378028,0.861884507,5.380082254,1.032887887,3.021059718,0.410682817,2.740174648,0.386440169
31.1278,-7.3461,"BASALTIC-ANDESITE [23135]",16.26514433,36.62611193,4.403726068,19.2224433,4.711628866,1.291759647,4.371503682,0.739682769,4.690147275,0.888979823,2.594260088,0.347643741,2.329320471,0.323548557
31.1278,-7.3461,"BASALTIC-ANDESITE [23135]",13.09691803,29.38521564,3.572489281,15.74148802,3.953598991,1.139352333,3.907203026,0.680363682,4.45401261,0.863627743,2.563045649,0.348963934,2.370170996,0.327489231
31.1278,-7.3461,"BASALTIC-ANDESITE [23135]",13.71987444,30.20233184,3.741653812,16.4538296,4.153178475,1.100739013,4.31206278,0.728577578,4.780843049,0.925393722,2.775465471,0.376097758,2.571492377,0.351406278
31.1278,-7.3461,"BASALTIC-ANDESITE [23135]",12.80356452,28.33669153,3.481616532,15.28969355,3.875253629,1.113578629,3.885094556,0.675916331,4.467781048,0.866001613,2.610435484,0.354376976,2.423975806,0.336922278
31.1278,-7.3461,"BASALTIC-ANDESITE [23135]",11.83677895,26.61911579,3.337617105,14.68687895,3.780814474,1.073219474,3.856498947,0.644886263,4.169464474,0.808664737,2.413039211,0.322715868,2.237805789,0.312283684
31.1278,-7.3461,"BASALTIC-ANDESITE [23135]",12.16868874,27.40342857,3.439039546,15.26817029,3.901812677,1.11753264,3.979180322,0.675295364,4.364108231,0.848178619,2.527820624,0.346673907,2.339654872,0.328812488
31.1278,-7.3461,"BASALTIC-ANDESITE [23135]",12.78196507,28.40436681,3.57511179,15.84503057,4.075642795,1.176862009,4.172371179,0.706884891,4.578476856,0.885141485,2.640070742,0.359814236,2.416674236,0.34039179
10.668,-85.154,"BASALTIC-ANDESITE [22129]",21.2,37,5.41,23.1,5.24,1.57,5.37,0.78,4.68,0.98,3.04,0.42,2.73,0.42
10.728,-85.255,"BASALTIC-ANDESITE [22129]",18.8,37.8,5.06,21.2,4.44,1.42,3.84,0.73,4.5,0.76,2.4,0.32,2.09,0.39
10.675,-85.117,"BASALTIC-ANDESITE [22129]",19.9,39.1,5.28,22.8,5.09,1.49,4.92,0.69,3.98,0.79,2.49,0.34,2.36,0.33
10.674,-85.116,"BASALTIC-ANDESITE [22129]",16.7,34.6,4.62,20.1,4.72,1.35,4.5,0.64,3.91,0.79,2.42,0.33,2.38,0.33
10.699,-85.135,"BASALTIC-ANDESITE [22129]",21,43.3,5.69,24.3,5.37,1.5,5.07,0.71,4.28,0.87,2.65,0.38,2.57,0.35
10.777,-85.16,"BASALTIC-ANDESITE [22129]",18.8,39.4,5.24,22.8,5.29,1.42,5,0.71,4.14,0.84,2.65,0.38,2.45,0.37
10.746,-85.158,"BASALTIC-ANDESITE [22129]",16,34.3,4.88,22.6,5.49,1.71,5.53,0.81,4.76,0.96,2.95,0.42,2.79,0.39
10.776,-85.136,"BASALTIC-ANDESITE [22129]",17.9,33.6,4.58,20.6,4.6,1.39,4.64,0.66,3.86,0.78,2.43,0.35,2.14,0.31
10.712,-85.154,"BASALTIC-ANDESITE [22129]",20.2,41,5.36,23,5.18,1.4,4.72,0.68,4.04,0.83,2.51,0.36,2.44,0.34
10.715,-85.169,"BASALTIC-ANDESITE [22129]",17.9,39.1,5,21.6,4.57,1.38,4.42,0.74,4.29,0.8,2.34,0.26,2.25,0.43
64.02,-19.65,"BASALTIC-ANDESITE [13243] / PYROCLASTIC SEDIMENT [8815]",51.1,121,15.9,60.8,14.7,5.22,16.6,2.42,14.2,2.7,7.47,0.985,5.99,0.895
19.982443,-98.220459,"BASALTIC-ANDESITE [22132]",27,55.5,7.14,28.4,6.13,1.88,5.19,0.84,4.8,0.91,2.64,0.399,2.55,0.382
19.95986,-98.076984,"BASALTIC-ANDESITE [22132]",16.6,35,4.49,19.5,4.56,1.49,4.15,0.7,3.96,0.8,2.21,0.338,2.08,0.29
19.800313,-98.075148,"BASALTIC-ANDESITE [22132]",20.7,41.6,5.68,24.6,5.45,1.85,4.9,0.81,4.72,0.92,2.62,0.392,2.43,0.34
19.788785,-98.183249,"BASALTIC-ANDESITE [22132]",15.7,33.3,4.43,19,4.15,1.45,3.64,0.59,3.4,0.64,1.79,0.272,1.77,0.258
19.778704,-98.176113,"BASALTIC-ANDESITE [22132]",33.7,66.7,8.25,33.9,6.72,2.01,5.44,0.85,4.78,0.92,2.6,0.397,2.54,0.367
19.877171,-98.170218,"BASALTIC-ANDESITE [22132]",25.7,52.2,7.11,29,6.39,2,5.55,0.89,5.2,1.01,2.94,0.451,2.86,0.407
19.869677,-98.185377,"BASALTIC-ANDESITE [22132]",23.1,48.1,6.08,25.6,5.94,1.81,6.05,0.94,5.69,1.06,2.97,0.425,2.72,0.401
19.943323,-98.104953,"BASALTIC-ANDESITE [22132]",37.2,49.4,10.2,43.2,9.75,3.07,10.3,1.67,10.4,2.24,6.72,0.997,6.54,1.03
19.978445,-98.145155,"BASALTIC-ANDESITE [22132]",24.4,52.5,6.78,28.2,6.22,1.9,5.36,0.88,4.96,0.92,2.66,0.4,2.57,0.383
19.977784,-98.215283,"BASALTIC-ANDESITE [22132]",24.3,50.6,6.45,26.7,5.89,1.81,5,0.79,4.48,0.87,2.44,0.36,2.35,0.337
19.991239,-98.160045,"BASALTIC-ANDESITE [22132]",24.9,55.9,7.1,29.4,6.56,2.05,6.43,1.01,5.66,1.12,3.05,0.426,2.73,0.435
-37.45,-71.33,"BASALTIC-ANDESITE [23172]",10.20924185,24.06594,3.061527069,13.65758813,3.329434548,1.069092796,3.206765375,0.511102059,2.923572071,0.615283638,1.692059944,0.237,1.558702752,0.233160664
-37.45,-71.33,"BASALTIC-ANDESITE [23172]",16.09555777,36.69570445,4.896138057,21.69906992,5.353316089,1.386964368,5.409948106,0.883711816,5.213151334,1.115904409,3.13210411,0.441,2.915678118,0.444537136
-37.45,-71.33,"BASALTIC-ANDESITE [23172]",11.59773219,26.30378653,3.527774176,15.86254166,3.939455494,1.274114225,4.018898405,0.654856856,3.792985815,0.806873979,2.234237023,0.312,2.04217178,0.308295814
-37.41,-71.3,"BASALTIC-ANDESITE [23172]",10.68312585,23.72421384,2.952662491,12.75443295,3.056781616,0.968849985,3.045508598,0.480024155,2.815217662,0.597061152,1.635673874,0.20141203,1.495352586,0.233640124
-37.38,-71.32,"BASALTIC-ANDESITE [23172]",9.779090495,23.70093736,3.138483985,14.25744076,3.591478518,1.144630668,3.630151609,0.594774777,3.500658669,0.751476085,2.094690309,0.297,1.969861095,0.299634406
-37.37,-71.35,"BASALTIC-ANDESITE [23172]",11.22029695,27.67901799,3.767052805,17.51001975,4.568520005,1.444092064,4.728240169,0.783657742,4.603552617,0.991686114,2.75663088,0.358146454,2.698905357,0.397028356
-37.4,-71.34,"BASALTIC-ANDESITE [23172]",8.812201077,21.43060289,2.887951814,13.3225469,3.470961325,1.14875056,3.578182882,0.593320793,3.519850625,0.74217128,2.05691588,0.301,1.948030705,0.294673912
-37.39,-71.35,"BASALTIC-ANDESITE [23172]",15.57452701,35.46247172,4.519862115,19.58995227,4.582238766,1.32177529,4.40835998,0.693193951,3.983415382,0.83167376,2.31219678,0.338,2.126032327,0.317150247
-37.46,-71.32,"BASALTIC-ANDESITE [23172]",11.50771966,26.71052673,3.412150862,15.05803386,3.547958305,1.101667765,3.45497239,0.544895188,3.139908709,0.662314619,1.809346577,0.259,1.691733339,0.257202952
-37.39,-71.3,"BASALTIC-ANDESITE [23172]",10.73061428,25.80371449,3.407682246,15.54832574,3.880444201,1.229245678,3.934037571,0.642278685,3.734020923,0.797269184,2.20197037,0.274873603,1.997114615,0.311843242
-37.4,-71.36,"BASALTIC-ANDESITE [23172]",14.88607317,34.79150693,4.579995175,20.44284522,5.054373576,1.427811824,5.067205598,0.807134794,4.715469396,0.999025676,2.801138943,0.350290301,2.656217901,0.401080666
-37.38,-71.8,"BASALTIC-ANDESITE [23172]",11.86366941,28.02409888,3.622571914,16.08024253,3.942875026,1.163076689,3.875356883,0.63013637,3.675177605,0.775666948,2.151060629,0.241545886,1.99693082,0.304571011
-37.4,-71.46,"BASALTIC-ANDESITE [23172]",14.6891931,34.70592692,4.61774934,20.99018254,5.278949243,1.583927416,5.286226063,0.862862645,5.078183948,1.075082939,3.010536046,0.425,2.825132366,0.432882108
-37.4,-71.46,"BASALTIC-ANDESITE [23172]",13.97191959,33.17061693,4.410672794,20.34477921,5.138182169,1.567372901,5.227155752,0.845750879,5.014216473,1.069958911,2.973126866,0.377284191,2.799034812,0.424633115
-37.4,-71.46,"BASALTIC-ANDESITE [23172]",14.13532526,33.91762231,4.541144097,20.74875782,5.28996851,1.595443789,5.308512645,0.863253807,5.064905322,1.07522228,2.995111808,0.434,2.926672372,0.429856268
10.02,-83.76,"BASALTIC-ANDESITE [23179]",57.3247151,88.99042777,12.67823253,57.40584126,10.48917933,2.789353757,10.11631775,1.452750689,7.493542985,1.38351375,3.526171209,0.504234694,3.195836009,0.570996425
10.02,-83.76,"BASALTIC-ANDESITE [23179]",58.54720047,110.096724,14.1619779,54.88654414,10.31891926,2.964469221,9.636593642,1.29708812,6.507009788,1.248783415,2.875725846,0.388394559,2.655161641,0.369709161
10.02,-83.76,"BASALTIC-ANDESITE [23179]",63.60100123,115.8561125,15.1085897,59.47994833,11.56705236,3.057469404,10.12799876,1.377192261,7.601395812,1.416924199,3.656422411,0.410361647,2.943941921,0.513345476
10.02,-83.76,"BASALTIC-ANDESITE [23179]",55.09680732,103.7097919,13.39493275,53.86118418,9.186188049,2.595238745,9.059012534,1.189192825,5.962454344,1.115479361,2.563854855,0.352346006,2.347541246,0.378498072
10.02,-83.76,"BASALTIC-ANDESITE [23179]",56.50362399,102.3614877,12.74664741,49.19427168,8.546871881,2.261333916,8.314189434,1.085625171,6.056749854,1.187534677,3.067191446,0.478378526,2.672938729,0.468145344
10.02,-83.76,"BASALTIC-ANDESITE [23179]",64.90731402,122.4974923,15.86745626,62.59313479,11.62842969,3.180474161,10.30480881,1.434728289,7.41549518,1.299794525,3.407466554,0.422733625,2.869947585,0.439153727
10.02,-83.76,"BASALTIC-ANDESITE [23179]",54.29306891,100.6362004,12.38111909,49.10447337,8.42730383,2.344435353,7.64418523,0.975386595,5.810667292,1.160885142,2.781634586,0.32267037,2.689113962,0.483927354
10.02,-83.76,"BASALTIC-ANDESITE [23179]",63.31660977,122.5626182,15.38584445,59.03262125,11.07999273,2.889982364,9.795206278,1.419845436,7.506904503,1.419482463,3.407257165,0.383867463,2.842910886,0.429996365
10.02,-83.76,"BASALTIC-ANDESITE [23179]",62.10712456,117.6633534,15.01275658,59.23890194,10.97674227,2.916274119,9.778729619,1.358146697,7.173078801,1.32537204,3.186723458,0.405719492,2.702382323,0.429677086
10.02,-83.76,"BASALTIC-ANDESITE [23179]",49.03896813,83.4912775,10.98419609,43.65440778,7.703282931,2.061418735,6.988805961,0.98016311,5.194959681,0.974102025,2.774163852,0.348359365,2.546032481,0.382999228
10.02,-83.76,"BASALTIC-ANDESITE [23179]",52.41419979,98.84719093,12.46937351,47.18438294,8.292559649,2.140274681,7.687679821,1.055989807,5.579093061,1.0198584,2.935008729,0.386946579,2.664449349,0.445654199
10.02,-83.76,"BASALTIC-ANDESITE [23179]",58.98303033,109.4632282,14.38486746,57.45389547,11.11725444,3.005259334,9.681462452,1.364046777,7.020368173,1.287081382,3.157615348,0.391969904,2.735156578,0.388763294
10.02,-83.76,"BASALTIC-ANDESITE [23179]",57.03060067,99.75313854,13.02934331,49.56172874,9.075607027,2.354993499,7.773991189,1.127021746,5.993008893,1.062361986,2.952653142,0.410027412,2.65979028,0.457775885
10.02,-83.76,"BASALTIC-ANDESITE [23179]",51.87261242,93.62931631,11.89770201,45.97615632,8.330273205,2.182514602,7.3995806,1.05838219,5.624258555,1.050028722,3.012436034,0.381008659,2.786111335,0.429397023
10.02,-83.76,"BASALTIC-ANDESITE [23179]",64.54184123,114.9291851,15.52262757,62.25105793,12.26365375,3.168023658,10.86039824,1.559746357,7.900692195,1.506077166,3.464529596,0.41095492,2.982349105,0.398907127
10.02,-83.76,"BASALTIC-ANDESITE [23179]",52.30423922,92.05880666,11.89548174,45.81441914,8.362125118,2.126944583,7.465412886,0.9807952,5.739312193,1.059421383,3.135038876,0.397051697,2.64777525,0.369086033
10.02,-83.76,"BASALTIC-ANDESITE [23179]",41.41533586,81.84929651,9.955970686,37.7560676,6.079020483,1.672510206,6.059846547,0.822376146,4.289387981,0.753852812,1.883732754,0.296890292,2.101181368,0.363727787
45.1,141.27,"BASALTIC-ANDESITE [7760]",15.8,36.8,4.62,21,4.82,1.66,5.33,0.96,5.51,1.2,3.31,0.51,3.24,0.5
37.73053,46.17204,"BASALTIC-ANDESITE [23223]",10.5,21.3,3,12,2.5,0.7,2.77,0.57,3.66,0.79,1.98,0.43,2.43,0.26
-39.82,175.57,"BASALTIC-ANDESITE [16502]",7.813266506,17.43071069,2.305081823,9.900940187,2.622211182,0.811767336,2.827913136,0.482435877,3.035913482,0.64570843,1.795658351,0.281280636,1.908815373,0.300641711
-39.28,175.57,"BASALTIC-ANDESITE [16502] / ANDESITE [21089]",6.097,13.472,2.093,8.913,2.172,0.801,2.559,0.475,2.7985,0.602,1.805,0.288,1.918,0.327
-39.34,-71.66,"BASALTIC-ANDESITE [21041]",5.2,12,1.73,8.1,2.1,0.77,2.5,0.4,2.5,0.5,1.5,0.23,1.5,0.22
-39.2,-71.82,"BASALTIC-ANDESITE [21041]",15.8,34.1,4.53,19.4,4.3,1.3,3.8,0.5,3.1,0.6,1.9,0.28,1.7,0.25
-39.2,-71.82,"BASALTIC-ANDESITE [21041]",12.5,30.2,3.99,17.1,3.8,1.29,3.2,0.6,3.4,0.7,1.9,0.28,1.8,0.3
-39.43,-71.62,"BASALTIC-ANDESITE [21041]",17.2,37,4.78,20.1,4.3,1.26,4.1,0.6,3.5,0.7,2.1,0.31,1.9,0.29
-39.43,-71.62,"BASALTIC-ANDESITE [21041]",17.8,38.8,4.88,20.1,4.7,1.35,4.3,0.7,3.8,0.8,2.4,0.34,2.2,0.34
-39.43,-71.62,"BASALTIC-ANDESITE [21041]",20.7,44.1,5.57,23,4.8,1.45,4.5,0.7,4.1,0.8,2.4,0.36,2.2,0.34
-39.43,-71.62,"BASALTIC-ANDESITE [21041]",17.4,40.2,4.99,19.9,4.3,1.37,3.7,0.6,4,0.8,2.2,0.32,2.1,0.33
-39.43,-71.62,"BASALTIC-ANDESITE [21041]",17.8,40.4,5.08,20.2,4.3,1.41,3.7,0.7,3.9,0.8,2.3,0.33,2.2,0.35
-39.43,-71.62,"BASALTIC-ANDESITE [21041]",18,40.7,5.07,20.4,4.3,1.43,3.9,0.7,4.1,0.8,2.3,0.33,2.1,0.35
-39.43,-71.62,"BASALTIC-ANDESITE [21041]",19.6,44.5,5.56,22.4,4.5,1.51,3.8,0.7,4.2,0.8,2.3,0.34,2.3,0.36
-39.43,-71.62,"BASALTIC-ANDESITE [21041]",16.4,37.5,4.71,18.6,4.2,1.36,3.7,0.6,4,0.8,2.1,0.32,2.2,0.34
-39.43,-71.62,"BASALTIC-ANDESITE [21041]",17.7,40.2,5.02,19.9,4.2,1.45,3.7,0.6,4,0.8,2.2,0.32,2.1,0.34
-39.43,-71.62,"BASALTIC-ANDESITE [21041]",18.1,41.1,5.07,20.5,4.3,1.43,3.7,0.7,4,0.8,2.2,0.33,2.1,0.35
-39.43,-71.62,"BASALTIC-ANDESITE [21041]",14.2,32.6,4.11,16.2,3.8,1.23,3.2,0.6,3.5,0.7,2.1,0.32,2,0.32
-39.43,-71.62,"BASALTIC-ANDESITE [21041]",14.1,32.3,4.09,16.8,3.6,1.26,3.3,0.6,3.6,0.7,2,0.29,1.9,0.32
-39.43,-71.62,"BASALTIC-ANDESITE [21041]",14,32.3,4.15,16.8,3.7,1.27,3.3,0.6,3.4,0.7,2.1,0.3,2,0.32
-39.43,-71.62,"BASALTIC-ANDESITE [21041]",18.4,41.5,5.2,20.7,4.3,1.43,3.9,0.7,3.9,0.8,2.3,0.33,2.1,0.34
-39.42,-71.95,"BASALTIC-ANDESITE [21041]",10.1,24.8,3.52,16.3,4.2,1.27,4.7,0.8,4.9,1,2.9,0.41,2.7,0.41
16.9,145.8,"BASALTIC-ANDESITE [23256]",5.12932896,13.0936032,2.08116216,10.8712944,3.46259736,1.089832248,4.63381416,0.800631792,5.47769088,1.179625536,3.59473464,0.51353352,3.54668472,0.53455536
-21.4047,-68.4494,"BASALTIC-ANDESITE [23278]",18.7,37.83,4.76,19.19,3.75,1.02,3.09,0.45,2.51,0.48,1.34,0.19,1.19,0.19
-21.405,-68.4494,"BASALTIC-ANDESITE [23278]",16.97,34.74,4.5,18.58,3.74,1.05,3.32,0.48,2.77,0.53,1.48,0.21,1.33,0.22
-21.4047,-68.4497,"BASALTIC-ANDESITE [23278]",15.53,32.62,4.25,18.2,3.8,1.06,3.57,0.52,2.96,0.58,1.59,0.21,1.34,0.21
-21.3769,-68.4483,"BASALTIC-ANDESITE [23278]",17.42,36.49,4.58,18.84,3.78,1.02,3.34,0.48,2.79,0.54,1.48,0.21,1.33,0.22
-22.8853,-67.8125,"BASALTIC-ANDESITE [23278]",18.78,42.47,5.02,21.8,5.09,1.2,4.78,0.77,4.97,1.03,3.06,0.45,2.98,0.48
-22.8808,-67.8092,"BASALTIC-ANDESITE [23278]",17.91,40.76,4.85,21.24,4.95,1.15,4.47,0.7,4.39,0.89,2.58,0.37,2.44,0.39
-22.0419,-68.2572,"BASALTIC-ANDESITE [23278]",20.47,42.33,5.38,21.63,4.36,1.15,3.75,0.57,3.22,0.65,1.78,0.25,1.64,0.26
-21.9989,-68.2947,"BASALTIC-ANDESITE [23278]",23.61,52.02,5.83,22.85,4.55,1.03,3.86,0.54,3.17,0.58,1.68,0.22,1.54,0.23
-22.0089,-68.1803,"BASALTIC-ANDESITE [23278]",23.51,49.63,6.05,24.08,4.93,1.11,4.53,0.67,4.11,0.82,2.32,0.33,2.19,0.34
-21.8642,-68.4994,"BASALTIC-ANDESITE [23278]",19.36,40.99,5.19,21.45,4.58,1.22,4.02,0.62,3.38,0.67,1.8,0.25,1.57,0.24
-21.8869,-68.4578,"BASALTIC-ANDESITE [23278]",16.88,36.45,4.65,19.45,4.13,1.08,3.48,0.53,2.92,0.59,1.61,0.23,1.45,0.23
-21.8864,-68.4608,"BASALTIC-ANDESITE [23278]",16.92,36.48,4.68,19.61,4.15,1.09,3.52,0.54,2.97,0.6,1.64,0.23,1.49,0.23
-21.8861,-68.5008,"BASALTIC-ANDESITE [23278]",17.53,37.62,4.63,18.97,3.95,1.01,3.29,0.51,2.83,0.59,1.64,0.24,1.54,0.25
-21.8911,-68.5003,"BASALTIC-ANDESITE [23278]",24.15,43.55,5.88,23.66,4.78,1.22,4.04,0.63,3.65,0.77,2.22,0.33,2.19,0.36
-21.8922,-68.4994,"BASALTIC-ANDESITE [23278]",16.43,35.69,4.36,17.82,3.71,0.96,3.1,0.47,2.65,0.55,1.54,0.22,1.45,0.23
-21.8939,-68.5042,"BASALTIC-ANDESITE [23278]",15.78,33.28,4.18,17.16,3.63,0.96,3.19,0.5,2.91,0.61,1.77,0.26,1.71,0.28
-21.8908,-68.5108,"BASALTIC-ANDESITE [23278]",16.63,36.32,4.58,19.18,4.05,1.07,3.45,0.52,2.9,0.58,1.6,0.23,1.46,0.23
-21.8908,-68.5106,"BASALTIC-ANDESITE [23278]",16.33,37.16,4.64,19.21,4.1,1.04,3.57,0.51,2.89,0.56,1.5,0.21,1.36,0.21
-21.8894,-68.4989,"BASALTIC-ANDESITE [23278]",16.4,36.06,4.39,17.84,3.73,0.96,3.33,0.48,2.79,0.54,1.52,0.22,1.45,0.22
18,-77,"BASALTIC-ANDESITE [23304]",10.76372093,23.30054664,3.429910761,14.33779553,3.354109641,1.104356808,2.895918761,0.422229342,2.453118503,0.464824454,1.321166827,0.202,1.355911111,0.197145963
18,-77,"BASALTIC-ANDESITE [23304]",6.7,16.82855651,2.450720911,11.38873149,3.235795184,1.05764456,3.082471414,0.527111111,3.53928169,0.687994135,2.044005944,0.312166045,2.11490822,0.34742236
-32.392,-179.67,"BASALTIC-ANDESITE [8461]",2.08,6.91,1.31,7.44,2.64,1.07,3.46,0.63,4.25,0.9,2.54,0.38,2.62,0.39
-32.392,-179.67,"BASALTIC-ANDESITE [8461]",2.32,6.79,1.16,6.16,2.03,0.83,2.58,0.47,3.17,0.67,1.91,0.29,1.98,0.3
-32.615,-179.63,"BASALTIC-ANDESITE [8461]",3.33,9.33,1.58,8.35,2.81,1.06,3.73,0.68,4.63,1,2.88,0.45,3.05,0.46
-32.597,-179.638,"BASALTIC-ANDESITE [8461]",4.32,11.51,1.91,9.67,3.13,1.13,4.04,0.72,4.91,1.05,3.05,0.47,3.21,0.49
-32.642,-179.57,"BASALTIC-ANDESITE [8461]",3.61,10.01,1.7,8.96,3.02,1.1,3.96,0.72,4.9,1.06,3.07,0.48,3.21,0.49
-32.548,-179.655,"BASALTIC-ANDESITE [8461]",2.76,7.55,1.27,6.67,2.23,0.84,2.98,0.54,3.67,0.79,2.28,0.35,2.41,0.37
-33.157,-179.958,"BASALTIC-ANDESITE [8461]",2.9,8.14,1.35,6.94,2.26,0.85,2.93,0.53,3.66,0.79,2.28,0.35,2.38,0.37
-33.165,179.985,"BASALT [8461] / BASALTIC-ANDESITE [26209]",2.37,6.71,1.12,5.93,2.01,0.8,2.67,0.49,3.39,0.73,2.12,0.32,2.21,0.33
-33.128,-179.943,"BASALT [8461] / BASALTIC-ANDESITE [26209]",1.51,4.9,0.9,5.06,1.89,0.78,2.64,0.5,3.5,0.76,2.2,0.34,2.32,0.35
-33.732,179.83,"BASALTIC-ANDESITE [26209]",2.76,8.52,1.51,8.11,2.84,1.06,3.88,0.71,4.88,1.05,3.03,0.47,3.2,0.48
-33.735,179.83,"BASALTIC-ANDESITE [26209] / BASALT [8461]",2.31,7.03,1.24,6.6,2.32,0.88,3.14,0.58,4,0.86,2.48,0.38,2.61,0.39
-33.753,179.805,"BASALTIC-ANDESITE [26209]",2.97,8.8,1.52,7.99,2.69,0.96,3.57,0.65,4.43,0.95,2.78,0.42,2.89,0.44
-34.078,179.427,"BASALTIC-ANDESITE [8461]",2.47,6.84,1.13,5.81,1.94,0.74,2.56,0.46,3.1,0.67,1.94,0.29,2.03,0.31
46.3267,11.6486,"BASALTIC-ANDESITE [23341]",17.7,33.8,4.13,17.6,4.1,1.28,3.9,0.6,3.6,0.7,1.9,0.29,1.8,0.29
39.0876,91.7436,"BASALTIC-ANDESITE [23343]",8.74,18,1.86,7.07,1.51,0.3,1.85,0.35,2.61,0.67,2.29,0.37,2.58,0.41
39.0892,91.7345,"BASALTIC-ANDESITE [23343]",30.5,65.1,8.94,37.5,9.24,2.48,10.92,1.73,10.3,2.14,6.22,0.89,5.67,0.85
39.0896,91.7448,"BASALTIC-ANDESITE [23343]",24.6,40.3,5.26,19.8,4.62,0.73,5.17,0.87,5.38,1.16,3.49,0.53,3.49,0.55
56.65,161.4,"BASALTIC-ANDESITE [23355]",8.2,19.7,2.96,14.3,3.66,1.17,3.75,0.581,3.5,0.712,1.98,0.302,2.01,0.303
56.65,161.4,"BASALTIC-ANDESITE [23355]",8.7,21.2,3.07,14.2,3.41,1.07,3.26,0.489,2.86,0.564,1.55,0.231,1.55,0.232
56.65,161.4,"BASALTIC-ANDESITE [23355]",6.8,17.5,2.69,13.2,3.32,1.04,3.22,0.489,2.8,0.548,1.48,0.222,1.46,0.216
56.65,161.4,"BASALTIC-ANDESITE [23355]",6.3,15.8,2.46,12.1,3.16,1.02,3.22,0.488,2.86,0.577,1.54,0.226,1.51,0.225
56.65,161.4,"BASALTIC-ANDESITE [23355]",7.7,19.2,2.93,14.1,3.46,1.1,3.32,0.502,2.9,0.568,1.55,0.23,1.53,0.228
21.75,69.75,"BASALTIC-ANDESITE [23358]",14.1,31.9,3.64,15.3,4.1,1.16,4.6,0.8,5.1,1.1,3,0.45,3,0.48
-18.4462,12.185,"BASALTIC-ANDESITE [6857]",15,33.6,4.74,18.8,4.48,1.36,4.54,0.786,5.13,1.05,2.92,0.404,2.65,0.389
-18.4147,12.1545,"BASALTIC-ANDESITE [6857]",28.1,61.3,8.2,30.8,6.48,1.7,5.77,0.914,5.56,1.07,2.93,0.39,2.5,0.362
-18.8972,12.1403,"BASALTIC-ANDESITE [6857]",14.4,31.6,4.39,17,3.82,1.15,3.67,0.613,4,0.8,2.25,0.308,1.92,0.292
-19.1047,12.593,"BASALTIC-ANDESITE [6857]",38.8,91.2,12.57,49,10.6,3.37,9.02,1.32,7.2,1.24,3.17,0.386,2.28,0.31
19.53056,-101.99878,"BASALTIC-ANDESITE [20226]",24.7,53.1,6.84,26,4.56,1.31,3.35,0.47,2.52,0.48,1.32,0.183,1.14,0.187
19.47425,-101.96122,"BASALTIC-ANDESITE [20226]",17.9,35.3,4.58,18.4,4.04,1.18,3.49,0.56,3.15,0.59,1.74,0.277,1.82,0.258
-34.2114,-69.8495,"BASALTIC-ANDESITE [23382]",17.24,36.3,4.57,17.9,3.85,1.06,3.2,0.46,2.55,0.48,1.27,0.18,1.16,0.19
-34.1918,-69.8664,"BASALTIC-ANDESITE [23382]",17.77,36.99,4.6,19.11,3.74,1.06,3.28,0.47,2.56,0.49,1.28,0.19,1.16,0.18
-34.1958,-69.9059,"BASALTIC-ANDESITE [23382]",18.65,39.63,5.01,20.45,4.34,1.23,3.86,0.58,3.37,0.63,1.71,0.26,1.62,0.25
-34.1919,-69.9134,"BASALTIC-ANDESITE [23382]",21.05,46.41,5.88,23.87,4.83,1.35,4.11,0.59,3.27,0.59,1.57,0.23,1.41,0.2
-34.1919,-69.9134,"BASALTIC-ANDESITE [23382]",21.47,46.54,5.77,23.94,4.81,1.36,4.16,0.58,3.19,0.59,1.56,0.23,1.44,0.2
-34.1919,-69.9134,"BASALTIC-ANDESITE [23382]",20.39,45.06,5.57,22.71,4.53,1.3,3.84,0.54,2.97,0.55,1.44,0.21,1.27,0.19
-34.1919,-69.9134,"BASALTIC-ANDESITE [23382]",20.43,44.53,5.6,23.03,4.51,1.28,3.84,0.56,2.96,0.56,1.42,0.21,1.3,0.2
-34.2095,-69.8915,"BASALTIC-ANDESITE [23382]",20.93,44.91,5.74,22.93,4.44,1.27,3.84,0.55,2.95,0.58,1.46,0.23,1.33,0.22
-34.2095,-69.8915,"BASALTIC-ANDESITE [23382]",19.71,41.82,5.33,22.34,4.4,1.29,3.7,0.54,2.98,0.58,1.5,0.22,1.4,0.22
-34.2095,-69.8915,"BASALTIC-ANDESITE [23382]",19.25,40.58,5.12,21.34,4.19,1.2,3.63,0.52,2.9,0.56,1.48,0.22,1.37,0.21
-34.2095,-69.8915,"BASALTIC-ANDESITE [23382]",17.43,38.3,4.87,20.15,4.13,1.17,3.54,0.51,2.98,0.58,1.55,0.23,1.49,0.22
-34.2125,-69.816,"BASALTIC-ANDESITE [23382]",25.73,52.31,6.55,25.28,4.85,1.24,4.35,0.67,3.73,0.71,2.01,0.31,1.87,0.3
-34.2099,-69.8155,"BASALTIC-ANDESITE [23382]",26.32,53.34,6.67,25.41,4.59,1.23,4.46,0.66,3.8,0.72,1.97,0.31,1.94,0.3
12.3,-86.3,"BASALTIC-ANDESITE [23384]",7.440724649,17.6012034,2.690062463,13.03462937,3.70947539,1.201197269,4.306570285,0.732195809,4.78431271,1.008328049,2.80942285,0.430924649,2.886027278,0.439040364
12.3,-86.3,"BASALTIC-ANDESITE [23384]",11.41881145,26.12728568,4.033894562,19.26689385,5.389742341,1.746788993,6.234524578,1.060530278,6.86632985,1.455804441,4.086050166,0.626658988,4.190262408,0.636555687
12.3,-86.3,"BASALTIC-ANDESITE [23384]",7.4178,17.55,2.37276,11.3256,3.0186,0.97344,3.4281,0.49842,3.6504,0.80847,2.30841,0.3042,2.3283,0.3744
12.3,-86.3,"BASALTIC-ANDESITE [23384]",7.8858,18.72,2.6091,13.0455,3.7323,1.34901,4.6449,0.7371,5.1714,1.0998,2.9367,0.38844,2.8899,0.46449
12.3,-86.3,"BASALTIC-ANDESITE [23384]",5.7564,13.9581,2.17503,11.0097,3.1824,1.11969,3.6036,0.57915,3.8259,0.81198,2.5857,0.34281,2.4921,0.38727
42.3841,113.0375,"BASALTIC-ANDESITE [23403]",49.5,84.4,9.77,37.3,6.87,1.74,4.83,0.7,3.44,0.64,1.82,0.26,1.75,0.27
42.3841,113.0375,"BASALTIC-ANDESITE [23403]",88.3,157,17.8,66.1,11.3,2.69,8.04,1.02,4,0.7,1.85,0.23,1.59,0.23
-28.4,121.6,"BASALTIC-ANDESITE [5748]",22,34,6.3,24,5.4,1.6,6,0.8,5.6,0.9,3.2,0.4,2.8,0.4
18.97456,-101.74128,"BASALTIC-ANDESITE [20283]",8.4,18.6,2.6,11.4,2.9,0.9,2.9,0.5,3,0.6,1.6,0.2,1.5,0.2
18.99039,-101.75325,"BASALTIC-ANDESITE [20283]",7.7,17.4,2.5,11.3,2.9,1,3,0.5,3.1,0.6,1.7,0.3,1.6,0.3
18.99039,-101.75325,"BASALTIC-ANDESITE [20283]",7.8,17.5,2.5,11.4,2.9,1,3,0.5,3.2,0.7,1.8,0.3,1.6,0.3
18.99728,-101.7485,"BASALTIC-ANDESITE [20283]",7.7,17.4,2.5,11.3,2.9,1,3,0.5,3.1,0.6,1.8,0.3,1.6,0.3
18.99703,-101.74019,"BASALTIC-ANDESITE [20283]",10.8,23.5,3.2,14,3.5,1.2,3.5,0.6,3.6,0.7,2,0.3,1.8,0.3
18.97522,-101.72758,"BASALTIC-ANDESITE [20283]",12.1,26.2,3.6,15.4,3.7,1.2,3.6,0.6,3.5,0.7,1.9,0.3,1.7,0.3
18.97861,-101.70728,"BASALTIC-ANDESITE [20283]",11,23.8,3.3,14.3,3.4,1.1,3.3,0.5,3.4,0.7,1.9,0.3,1.7,0.3
18.98006,-101.72758,"BASALTIC-ANDESITE [20283]",11.8,25.9,3.5,15.2,3.7,1.2,3.6,0.6,3.5,0.7,1.9,0.3,1.7,0.3
18.97867,-101.72747,"BASALTIC-ANDESITE [20283]",11.9,25.8,3.5,15.2,3.6,1.2,3.6,0.6,3.5,0.7,1.9,0.3,1.7,0.3
18.97858,-101.73672,"BASALTIC-ANDESITE [20283]",10.9,24,3.3,14.3,3.6,1.1,3.5,0.6,3.5,0.7,1.9,0.3,1.7,0.3
18.96722,-101.71764,"BASALTIC-ANDESITE [20283]",7.9,17.6,2.5,10.9,2.7,0.9,2.6,0.4,2.7,0.6,1.5,0.2,1.3,0.2
18.96722,-101.71764,"BASALTIC-ANDESITE [20283]",7.7,17.2,2.4,10.9,2.7,0.9,2.8,0.5,2.8,0.6,1.6,0.2,1.4,0.2
18.96722,-101.71764,"BASALTIC-ANDESITE [20283]",7.6,16.9,2.4,10.7,2.6,0.9,2.7,0.4,2.7,0.6,1.6,0.2,1.4,0.2
18.96722,-101.71764,"BASALTIC-ANDESITE [20283]",7.7,17.1,2.4,11,2.8,0.9,2.9,0.5,3.1,0.6,1.7,0.3,1.5,0.3
18.96722,-101.71764,"BASALTIC-ANDESITE [20283]",7.5,16.9,2.4,10.8,2.8,0.9,2.9,0.5,3.1,0.6,1.7,0.3,1.6,0.2
18.96722,-101.71764,"BASALTIC-ANDESITE [20283]",7.7,17.3,2.5,11,2.8,0.9,2.9,0.5,3.1,0.6,1.8,0.2,1.6,0.3
18.96722,-101.71764,"BASALTIC-ANDESITE [20283]",7.8,17.5,2.5,11.5,2.9,1,3,0.5,3.2,0.7,1.8,0.3,1.7,0.3
18.96722,-101.71764,"BASALTIC-ANDESITE [20283]",8.1,18.2,2.6,11.8,2.9,1,3,0.5,3.1,0.7,1.8,0.3,1.6,0.3
18.96722,-101.71764,"BASALTIC-ANDESITE [20283]",8.3,18.5,2.6,11.4,2.8,0.9,2.8,0.5,2.9,0.6,1.6,0.2,1.5,0.2
18.96722,-101.71764,"BASALTIC-ANDESITE [20283]",8.3,18.5,2.6,11.5,2.9,0.9,2.8,0.5,2.9,0.6,1.6,0.2,1.5,0.2
18.96722,-101.71764,"BASALTIC-ANDESITE [20283]",8.4,18.8,2.7,11.6,2.8,0.9,2.9,0.5,2.9,0.6,1.6,0.2,1.5,0.2
18.96722,-101.71764,"BASALTIC-ANDESITE [20283]",8.7,19.4,2.7,12.1,3,1,2.9,0.5,2.9,0.6,1.7,0.2,1.5,0.2
18.96722,-101.71764,"BASALTIC-ANDESITE [20283]",10.5,23.1,3.2,13.9,3.4,1.1,3.4,0.6,3.5,0.7,1.9,0.3,1.7,0.3
18.96722,-101.71764,"BASALTIC-ANDESITE [20283]",10.7,23.5,3.2,13.9,3.4,1.1,3.4,0.6,3.5,0.7,2,0.3,1.8,0.3
18.96722,-101.71764,"BASALTIC-ANDESITE [20283]",11.6,25.2,3.5,14.9,3.6,1.2,3.6,0.6,3.4,0.7,1.9,0.3,1.7,0.3
18.96722,-101.71764,"BASALTIC-ANDESITE [20283]",12.9,28.1,3.8,16.1,3.7,1.2,3.6,0.6,3.3,0.7,1.8,0.3,1.6,0.3
43.5,82.5,"BASALTIC-ANDESITE [23459]",42.9,103,14.58,59.5,10.6,2.83,7.75,0.98,4.99,0.96,2.57,0.35,2.18,0.34
43.5,82.5,"BASALTIC-ANDESITE [23459]",44,105,14.76,60.3,10.7,2.91,7.96,0.98,4.97,0.95,2.64,0.36,2.24,0.34
43.5,82.5,"BASALTIC-ANDESITE [23459]",15.4,37.6,5.47,23.3,5.12,1.74,4.88,0.72,3.83,0.78,2.02,0.28,1.66,0.26
43.5,82.5,"BASALTIC-ANDESITE [23459]",24.8,54.3,6.9,26.7,5.12,1.46,4.49,0.69,3.76,0.74,2.04,0.28,1.74,0.27
43.5,82.5,"BASALTIC-ANDESITE [23459]",25,56.5,7.3,28.7,5.61,1.66,5.06,0.76,4.15,0.82,2.19,0.29,1.85,0.27
43.5,82.5,"BASALTIC-ANDESITE [23459]",24.4,54.3,7.1,27.2,5.22,1.58,4.69,0.72,3.96,0.79,2.15,0.29,1.81,0.28
43.5,82.5,"BASALTIC-ANDESITE [23459]",25,56.2,7.28,28.3,5.57,1.63,5.14,0.75,4.29,0.84,2.21,0.29,1.86,0.28
43.5,82.5,"BASALTIC-ANDESITE [23459]",28.6,64.3,8.34,32.4,6.07,1.7,5.46,0.81,4.6,0.93,2.61,0.36,2.33,0.37
43.5,82.5,"BASALTIC-ANDESITE [23459]",24.5,57.9,7.75,31,6.19,1.71,5.67,0.82,4.58,0.89,2.43,0.33,2.07,0.31
36.66,27.12,"BASALTIC-ANDESITE [23469]",12.9,18.1,4.790822494,16.1,4.009425998,0.972193086,3.993854868,0.596864135,4.328117168,0.786991257,2.755471291,0.269908567,1.749265224,0.349592536
36.66,27.12,"BASALTIC-ANDESITE [23469]",16,37.9,4.487301371,23.2,4.08632827,1.057456734,4.232413285,0.697556421,3.83930969,0.814855112,2.566013434,0.388440781,2.361758438,0.408587079
36.66,27.12,"BASALTIC-ANDESITE [23469]",17.3,28.5,4.95659656,23.7,3.275244934,1.361904534,3.666925538,0.54129011,3.590193697,0.641359474,2.112551293,0.263634641,2.245556574,0.291836801
36.57,27.17,"BASALTIC-ANDESITE [23469]",21.9,55.6,5.219308983,15.3,4.244946594,1.350123147,3.361539495,0.545941073,3.240143063,0.583518329,1.942362757,0.275027638,2.118537617,0.275556733
36.57,27.17,"BASALTIC-ANDESITE [23469]",14.3,23.3,5.104379336,17.4,3.898904119,1.337234393,2.848451728,0.498184123,3.467494884,0.655738065,2.106631893,0.299915206,2.066848575,0.290980372
36.58,27.16,"BASALTIC-ANDESITE [23469]",7.1,22.5,4.120268166,22.2,2.776138998,0.840499418,3.76772525,0.505387193,2.765068532,0.502095553,1.656153189,0.188660942,1.775633944,0.225303537
36.58,27.16,"BASALTIC-ANDESITE [23469]",23.4,34.1,3.754287175,11.8,3.885609007,0.906025367,4.010791204,0.512007141,3.331178721,0.632201593,2.037127147,0.257944342,2.037530459,0.259750381
36.58,27.16,"BASALTIC-ANDESITE [23469]",17.6,27.3,3.967964802,23.3,3.627825539,1.117829367,3.540746505,0.514189745,3.257698358,0.655886359,1.841239738,0.282635061,2.173960876,0.295641659
36.58,27.16,"BASALTIC-ANDESITE [23469]",21.1,15.5,3.759524918,16.9,3.740247494,1.079944031,3.383601525,0.514406998,3.246678715,0.651373418,2.091488434,0.314196839,1.538630597,0.323060134
6,-2,"BASALTIC-ANDESITE [23474]",12.5,29.5,3.24,12.1,2.83,0.53,2.01,0.23,0.96,0.13,0.27,0.04,0.2,0.03
50.8,86,"BASALTIC-ANDESITE [23483]",18.7,39.4,4.47,17.6,4.02,1.16,4.02,0.66,4.04,0.87,2.45,0.37,2.4,0.38
35.5,58,"BASALTIC-ANDESITE [23504]",20.23,44.38,6.03,24.49,5.64,1.69,4.46,0.62,3.42,0.75,2,0.23,1.79,0.26
35.5,58,"BASALTIC-ANDESITE [23504]",17.72,39.34,5.33,23.46,4.51,1.33,3.46,0.46,2.49,0.51,1.39,0.16,1.15,0.14
35.5,58,"BASALTIC-ANDESITE [23504]",20.8,47.25,6.12,27.43,5.68,1.62,4.61,0.68,3.65,0.71,1.66,0.24,1.62,0.25
35.5,58,"BASALTIC-ANDESITE [23504]",21.51,50.83,6.74,29.93,6.56,1.91,5.37,0.65,3.35,0.67,1.34,0.19,1.32,0.22
38.35268,-119.0543,"BASALTIC-ANDESITE [23517]",17,34,4.21,17.7,3.8,1.11,3,0.49,2.65,0.5,1.46,0.18,1.2,0.22
38.35436,-119.13922,"BASALTIC-ANDESITE [23517]",18.7,37.3,4.76,19.8,3.7,1.09,3.32,0.58,2.77,0.56,1.61,0.23,1.4,0.24
38.1346,-119.11509,"BASALTIC-ANDESITE [23517]",19.3,39.1,5.1,19.6,4,1.04,3.2,0.41,2.48,0.46,1.23,0.19,1.1,0.2
38.14605,-119.15839,"BASALTIC-ANDESITE [23517]",24.2,51,6.38,26.9,5.8,1.65,4.76,0.65,3.53,0.64,1.71,0.24,1.5,0.21
38.1417,-119.11289,"BASALTIC-ANDESITE [23517]",24.8,50,6.17,23.2,4.4,1.21,3.86,0.58,3.09,0.6,1.71,0.26,1.5,0.26
38.14046,-119.11434,"BASALTIC-ANDESITE [23517]",18.1,37.4,4.76,19.7,3.7,1.06,3.37,0.44,2.54,0.48,1.34,0.21,1.2,0.23
38.15815,-119.12748,"BASALTIC-ANDESITE [23517]",18.4,35.4,4.66,18.6,3.7,0.99,2.95,0.38,2.17,0.44,1.15,0.17,1,0.16
49.8,-90.8,"BASALTIC-ANDESITE [5566]",8.39,17.07,2.08,8.87,1.87,0.76,2.01,0.26,1.66,0.32,0.91,0.13,0.75,0.14
37.516,-25.516,"BASALTIC-TRACHYANDESITE [10567] / BASALTIC-ANDESITE [16704]",81.26212889,163.9260614,19.08789211,71.5769405,13.44881861,3.977909084,11.17136236,1.620994688,8.810123121,1.615684826,4.233234425,0.572827918,3.538492073,0.502100556
59.42,-97.75,"BASALTIC-ANDESITE [5201]",5.86,12.42,1.47,6.18,1.61,0.49,1.9,0.32,2.26,0.49,1.49,0.22,1.38,0.22
-41.48168,-71.11188,"BASALTIC-ANDESITE [23546]",24.2,49.2,6.09,23.6,4.86,1.22,4.19,0.65,3.79,0.74,2.12,0.307,2.09,0.324
-41.48291,-71.12993,"BASALTIC-ANDESITE [23546]",19.8,42.8,5.22,20.5,4.4,1.13,4.08,0.63,3.73,0.74,2.19,0.329,2.16,0.344
-41.48152,-71.11882,"BASALTIC-ANDESITE [23546]",18.2,39.2,4.99,19.8,3.86,0.992,3.51,0.55,3.22,0.68,2.02,0.301,2.13,0.307
-22.03,176.13,"BASALTIC-ANDESITE [23550]",2.21,5.47,0.85,4.53,1.56,0.57,2.09,0.39,2.7,0.6,1.88,0.28,1.9,0.3
-22.03,176.13,"BASALTIC-ANDESITE [23550]",1.81,4.49,0.71,3.95,1.42,0.55,1.89,0.36,2.55,0.56,1.72,0.26,1.71,0.27
-22.03,176.13,"BASALTIC-ANDESITE [23550]",1.59,3.98,0.65,3.61,1.33,0.53,1.91,0.36,2.56,0.57,1.73,0.26,1.76,0.28
-22.05,176.05,"BASALTIC-ANDESITE [23550]",3.19,7.87,1.18,6.1,1.94,0.73,2.35,0.41,2.8,0.59,1.76,0.26,1.7,0.26
-22.05,176.05,"BASALTIC-ANDESITE [23550]",3.42,8.57,1.27,6.64,2.16,0.81,2.65,0.46,3.03,0.65,1.9,0.27,1.85,0.29
-22.42,176.23,"BASALTIC-ANDESITE [23550]",1.97,5.36,0.92,5.22,1.94,0.75,2.55,0.49,3.37,0.73,2.25,0.32,2.13,0.33
-22.5,176.22,"BASALTIC-ANDESITE [23550]",3.09,8.15,1.28,6.88,2.32,0.82,2.9,0.52,3.5,0.76,2.28,0.33,2.26,0.34
-22.5,176.22,"BASALTIC-ANDESITE [23550]",2.97,7.94,1.27,6.8,2.29,0.84,2.98,0.54,3.6,0.79,2.41,0.36,2.33,0.35
-22.5,176.22,"BASALTIC-ANDESITE [23550]",2.92,7.51,1.18,6.23,2.09,0.76,2.61,0.47,3.15,0.69,2.05,0.3,1.98,0.32
-22.5,176.22,"BASALTIC-ANDESITE [23550]",3.23,8.82,1.39,7.51,2.49,0.9,3.21,0.57,3.77,0.83,2.49,0.37,2.5,0.38
-22.5,176.22,"BASALTIC-ANDESITE [23550]",1.92,5.01,0.82,4.49,1.57,0.59,1.95,0.35,2.47,0.54,1.62,0.23,1.59,0.25
19.5685,-106.0001,"BASALTIC-ANDESITE [23563]",18.3,36.1,4.32,16.7,3.69,1.04,2.86,0.46,2.73,0.56,1.58,0.221,1.41,0.225
19.6741,-101.3979,"BASALTIC-ANDESITE [23563]",18.3,39.7,5.11,21.6,4.9,1.58,4.42,0.69,3.89,0.75,2.09,0.293,1.98,0.314
19.6832,-101.404,"BASALTIC-ANDESITE [23563]",18.6,40.1,5.22,22.2,4.71,1.54,4.21,0.66,3.97,0.77,2.15,0.307,1.95,0.31
19.6731,-101.4279,"BASALTIC-ANDESITE [23563]",20.1,43.2,5.59,23.2,5.05,1.6,4.58,0.7,4.08,0.8,2.17,0.313,2.04,0.317
19.6706,-101.4288,"BASALTIC-ANDESITE [23563]",20.6,44.4,5.72,23.9,5.13,1.6,4.55,0.73,4.12,0.82,2.22,0.315,2.09,0.334
19.6694,-101.4008,"BASALTIC-ANDESITE [23563]",18.4,39.6,5.18,21.8,4.93,1.55,4.34,0.66,3.91,0.76,2.03,0.284,1.91,0.31
19.6821,-101.4123,"BASALTIC-ANDESITE [23563]",19,41.4,5.15,22,4.8,1.51,4.41,0.72,3.9,0.74,2.09,0.309,1.97,0.31
19.5913,-101.5069,"BASALTIC-ANDESITE [23563]",21.6,43.4,5.62,22.9,4.85,1.55,4.55,0.69,3.93,0.77,2.21,0.341,2.19,0.316
19.6301,-101.4709,"BASALTIC-ANDESITE [23563]",25.3,51.7,6.69,27.8,5.64,1.64,5,0.72,3.97,0.75,2.12,0.301,2.02,0.313
19.7665,-101.6784,"BASALTIC-ANDESITE [23563]",22.9,47.6,5.86,24.9,5.39,1.75,5.19,0.81,4.8,0.92,2.64,0.372,2.47,0.389
19.7518,-101.6635,"BASALTIC-ANDESITE [23563]",21.4,45.2,5.62,23.4,5.38,1.59,4.9,0.77,4.3,0.88,2.44,0.367,2.36,0.352
19.7782,-101.6586,"BASALTIC-ANDESITE [23563]",23.3,47.7,5.83,23.9,5.32,1.61,4.94,0.77,4.37,0.84,2.39,0.351,2.29,0.369
19.7916,-101.6605,"BASALTIC-ANDESITE [23563]",21.9,45.5,5.76,23.5,5.11,1.56,4.84,0.76,4.38,0.85,2.44,0.357,2.24,0.346
19.7885,-101.6862,"BASALTIC-ANDESITE [23563]",21.2,44.9,5.64,23.4,5.21,1.58,4.76,0.74,4.13,0.81,2.32,0.346,2.3,0.34
19.7397,-101.6539,"BASALTIC-ANDESITE [23563]",18.5,38.2,4.61,18.5,4.04,1.22,3.69,0.58,3.41,0.66,1.86,0.262,1.79,0.254
19.8023,-101.6719,"BASALTIC-ANDESITE [23563]",28.8,57.7,6.82,24,5.01,1.47,4.57,0.72,4.12,0.8,2.27,0.336,2.17,0.341
19.7851,-101.6947,"BASALTIC-ANDESITE [23563]",22.8,47.7,5.77,24.2,5.16,1.52,4.66,0.77,4.36,0.84,2.37,0.34,2.27,0.344
19.7955,-101.6861,"BASALTIC-ANDESITE [23563]",21.6,44.8,5.62,22.9,5.19,1.55,4.79,0.73,4.28,0.83,2.36,0.349,2.33,0.343
19.8077,-101.6983,"BASALTIC-ANDESITE [23563]",22.5,46.7,5.78,23.4,5.04,1.52,4.84,0.76,4.35,0.82,2.36,0.334,2.11,0.342
19.7413,-101.7964,"BASALTIC-ANDESITE [23563]",16,35,4.6,18.8,4.3,1.33,3.92,0.65,3.76,0.72,2.05,0.306,2.07,0.337
19.7473,-101.7887,"BASALTIC-ANDESITE [23563]",14.1,30.6,4.1,17.8,4.12,1.4,4.1,0.6,3.62,0.77,2.09,0.318,2.16,0.311
19.7473,-101.7891,"BASALTIC-ANDESITE [23563]",14.3,31.4,4.23,18.3,3.97,1.4,3.9,0.63,3.75,0.75,2.12,0.325,2.22,0.318
19.7538,-101.6813,"BASALTIC-ANDESITE [23563]",24.1,46.3,5.47,18.7,3.94,1.13,3.54,0.55,3.08,0.61,1.76,0.267,1.76,0.279
19.7339,-101.6877,"BASALTIC-ANDESITE [23563]",18.7,38.3,4.81,19.5,4.14,1.24,3.69,0.57,3.33,0.67,1.97,0.292,1.96,0.312
19.6999,-101.6881,"BASALTIC-ANDESITE [23563]",17.4,36.4,4.67,19.8,4.13,1.33,3.78,0.62,3.69,0.71,1.99,0.293,1.99,0.319
19.776,-101.6897,"BASALTIC-ANDESITE [23563]",30,61.8,7.62,30.6,6.49,1.84,5.26,0.78,4.46,0.85,2.35,0.329,2.11,0.34
-23,-47,"BASALTIC-ANDESITE [23570]",25.992741,49.6683,5.65191,22.365847,4.392572,1.229114,4.745187,0.745528,4.644439,0.957097,2.830992,0.372764,2.337332,0.372764
-23,-47,"BASALTIC-ANDESITE [23570]",24.190515,47.113404,5.461352,20.704545,4.193727,1.066918,4.647959,0.68663,4.214854,0.855647,2.619759,0.338033,2.376797,0.338033
-23,-47,"BASALTIC-ANDESITE [23570]",36.241856,68.585605,7.34319,28.445642,5.510026,1.580313,5.562703,0.790157,4.530232,1.000865,3.150092,0.379275,2.665462,0.410882
-23,-47,"BASALTIC-ANDESITE [23570]",23.663225,47.5287,5.359619,20.730603,4.156233,1.193274,5.07647,0.717987,4.489945,0.900012,2.507897,0.36405,2.265198,0.333712
-23,-47,"BASALTIC-ANDESITE [23570]",19.120029,41.773107,4.998225,19.016116,3.979876,1.007958,4.56179,0.768958,4.48905,0.987175,3.096613,0.436435,2.7537,0.405261
-23,-47,"BASALTIC-ANDESITE [23570]",23.870854,47.238103,5.428857,20.748506,4.310855,1.238867,4.653306,0.694974,4.250422,0.936704,2.628816,0.342451,2.306509,0.342451
-23,-47,"BASALTIC-ANDESITE [23570]",24.087566,52.292664,5.867484,23.161121,4.848395,1.482312,5.527788,0.854388,5.064565,1.111734,3.211675,0.411753,2.964623,0.422047
-23,-47,"BASALTIC-ANDESITE [23570]",31.559563,63.928346,7.131247,27.108856,5.087968,1.436365,5.512808,0.859796,5.613961,1.092446,2.933421,0.445071,2.862614,0.40461
-23,-47,"BASALTIC-ANDESITE [23570]",16.895728,32.665075,3.71706,13.926176,2.856914,0.819187,2.723796,0.358394,2.211804,0.471032,1.136622,0.153598,1.177581,0.153598
-23,-47,"BASALTIC-ANDESITE [23570]",27.662336,58.236496,6.468411,25.166486,4.638121,0.852749,5.428473,0.883947,5.230885,1.081535,3.3174,0.457572,3.286202,0.478371
-23,-47,"BASALTIC-ANDESITE [23570]",43.0784,84.829741,9.595663,36.647265,8.074648,1.919133,8.17673,1.204562,7.462159,1.510806,4.522211,0.541032,3.725975,0.571656
32,115.5,"BASALTIC-ANDESITE [23573]",36.67,69.33,8.438,32.85,6.03,1.61,5.55,0.83,4.65,0.93,2.58,0.4,2.44,0.4
32,115.5,"BASALTIC-ANDESITE [23573]",39.17,72.72,8.797,34.14,6.21,1.71,5.94,0.87,4.84,0.98,2.72,0.42,2.59,0.42
52.45,158.12,"BASALTIC-ANDESITE [20395]",18.35917831,40.8460086,6.067903203,28.60652229,6.367979576,1.880860484,6.523070927,1.020605442,6.713972905,1.36851453,3.537954475,0.571589365,3.858482874,0.698088644
52.45,158.12,"BASALTIC-ANDESITE [20395]",18.42775297,42.58377999,5.854251991,26.93042939,6.273143202,1.793759086,7.01583217,1.287303336,6.692918957,1.387445156,3.822712903,0.639202992,3.800793391,0.667280051
52.45,158.12,"BASALTIC-ANDESITE [20395]",14.09543564,31.57453951,4.699513009,21.45167391,0,1.649077538,4.855341715,0.773697076,6.007978703,1.155161728,3.411939306,0.551437744,4.153268885,0.608175527
52.45,158.12,"BASALTIC-ANDESITE [20395]",11.42699647,25.21363052,4.007624146,18.78109713,3.549591014,1.819986721,5.117103044,0.876940056,5.91233467,1.033618498,2.994175363,0.367449386,3.121906283,0.507614538
52.45,158.12,"BASALTIC-ANDESITE [20395]",18.71549437,41.88146147,6.542506312,25.65081354,5.984788529,1.603233546,5.525563364,0.877234077,5.552383095,1.16923555,3.327203731,0.446352944,3.133014995,0.493892122
52.45,158.12,"BASALTIC-ANDESITE [20395]",15.99757892,36.81891333,5.27495331,24.5760666,4.993245969,1.61745924,6.001021564,0.923520061,5.525936624,1.218580149,3.7086579,0.515929264,3.43512538,0.595134132
52.45,158.12,"BASALTIC-ANDESITE [20395]",16.403199,37.89327023,5.098582355,23.99809008,5.590641408,1.443732361,6.076350266,0.808371425,5.781479607,1.168738729,3.251942567,0.489645705,3.465273795,0.616947269
52.45,158.12,"BASALTIC-ANDESITE [20395]",15.47993764,35.82810813,5.154429528,24.98680166,4.714453977,1.918075773,5.683338776,1.178824085,6.366242632,1.503129957,4.257144864,0.498552039,3.497584652,0.695778422
52.45,158.12,"BASALTIC-ANDESITE [20395]",16.46430146,38.76547942,5.28566169,25.98241587,6.16987828,1.531202423,5.926782725,0.883661774,5.991452387,1.274643156,3.516052652,0.501523663,3.646384817,0.578882965
52.45,158.12,"BASALTIC-ANDESITE [20395]",16.63289138,38.17114831,5.539540514,24.28342131,6.329329507,1.657721986,6.718821647,0.978582344,6.136195763,1.183260431,3.598348648,0.592493167,3.876009104,0.679717631
52.45,158.12,"BASALTIC-ANDESITE [20395]",16.7261121,37.25496506,5.093812279,25.78625525,6.357436095,1.267104314,6.762017818,0.960328635,6.760453468,1.551794715,3.41458272,0.213942949,3.673628622,0.597652773
52.45,158.12,"BASALTIC-ANDESITE [20395]",16.9341823,37.54010852,5.921191118,25.11892507,6.617008971,2.503450095,5.703427992,0.885422768,6.95797983,1.394725314,4.021770128,1.068893928,4.133465409,0.827098418
52.45,158.12,"BASALTIC-ANDESITE [20395]",15.72255677,35.72272442,4.984842068,21.99838326,5.0262331,1.579378508,6.095811921,0.862672802,5.387613627,1.232787013,3.12706748,0.452653676,3.282504661,0.572070877
52.45,158.12,"BASALTIC-ANDESITE [20395]",16.8750868,37.59571282,6.020344115,27.21427373,7.336709034,1.199811047,5.988376959,1.05249178,6.543145097,1.28820545,4.203695711,0.918475142,3.79407393,0.588592405
52.45,158.12,"BASALTIC-ANDESITE [20395]",15.32285829,34.23007401,4.716074454,22.31063405,5.140102483,1.612499894,5.062690063,0.773866608,5.169726994,1.108153367,3.067324628,0.439465941,3.209115473,0.47657764
52.45,158.12,"BASALTIC-ANDESITE [20395]",17.59028522,39.34032014,5.573002894,27.42073276,8.23959557,2.015313649,6.653371178,1.137266546,5.409512607,1.306514276,3.723246443,0.708718678,3.07951796,0.47286073
52.45,158.12,"BASALTIC-ANDESITE [20395]",17.14581004,36.02172819,6.334023156,24.71514969,4.426423233,1.949874386,5.833693452,0.985991382,6.021154273,1.64014508,3.731059837,0.387915685,3.902723076,0.472641033
52.45,158.12,"BASALTIC-ANDESITE [20395]",20.51176309,45.54842542,6.591933375,29.6522741,11.11794321,2.042849988,6.247411958,1.26639394,7.594411198,1.408641597,4.512332482,0.740456201,4.065881369,0.667139826
52.45,158.12,"BASALTIC-ANDESITE [20395]",19.46785113,41.83711242,5.65576797,27.36283242,6.219561997,1.743581519,7.091915399,1.201822232,6.849619332,1.561704038,3.855225551,0.593429943,4.158980584,0.5505692
52.45,158.12,"BASALTIC-ANDESITE [20395]",19.91977558,43.2846296,6.074978197,28.39459242,6.585930035,1.68737342,7.418668904,1.032055231,7.021279731,1.453508556,3.84061506,0.608116097,4.179593236,0.654488931
52.45,158.12,"BASALTIC-ANDESITE [20395]",19.65444037,43.54632718,6.063815312,28.68484123,6.325939538,1.715588346,6.154968214,0.972945156,6.432792871,1.367750586,3.976549151,0.551441497,3.881669065,0.62905057
52.45,158.12,"BASALTIC-ANDESITE [20395]",25.18260591,55.91621964,7.979961924,36.56554181,8.500162548,1.985468148,7.970842216,1.316649629,8.421383311,1.709879707,5.001086731,0.832209362,6.568888472,0.70952823
52.45,158.12,"BASALTIC-ANDESITE [20395]",17.88368834,39.71093624,5.412898806,26.58111941,5.83926379,1.985948853,7.329199484,1.061829364,7.042998343,1.316525125,3.828033859,0.556318286,4.127240311,0.617454963
-24,148.7,"BASALTIC-ANDESITE [23643]",3.668370366,8.16819599,1.32160994,6.177300555,2.145095191,0.852789703,2.820223834,0.486708186,2.843092347,0.607129447,1.638880677,0.226577558,1.29235709,0.197339658
-24,148.7,"BASALTIC-ANDESITE [23643]",6.624593596,13.46712281,1.94490954,9.081094751,2.979084404,1.121582873,3.987714983,0.661135927,3.747615861,0.781126902,2.056723155,0.279991692,1.615949279,0.237956429
-24,148.7,"BASALTIC-ANDESITE [23643]",7,15,2.2,10,3,1.11,3.5,0.57,3.16,0.66,1.73,0.24,1.37,0.2
-24,148.7,"BASALTIC-ANDESITE [23643]",9,20,2.7,12,3.7,1.42,4.3,0.65,3.56,0.71,1.79,0.24,1.33,0.19
-26,148,"BASALTIC-ANDESITE [23643]",6.301407589,13.6526215,1.868513706,8.683874295,2.804134438,1.089098209,3.683028695,0.60710063,3.482333944,0.71627969,1.908715142,0.261783227,1.49497763,0.229706946
-26,148,"BASALTIC-ANDESITE [23643]",6.00136132,12.38416929,1.783578464,8.322626762,2.716977793,1.035476568,3.540975783,0.583390077,3.311695007,0.681985084,1.796296275,0.248915018,1.41536523,0.210117274
-26,148,"BASALTIC-ANDESITE [23643]",6.013810663,13.31140772,1.845063414,8.535879387,2.827617294,1.081416452,3.630912226,0.60467449,3.467177397,0.721511693,1.908962297,0.260944873,1.476902285,0.222856832
-26,148,"BASALTIC-ANDESITE [23643]",13,26,3.3,14,3.7,1.37,4.1,0.62,3.23,0.63,1.6,0.2,1.16,0.17
-26,148,"BASALTIC-ANDESITE [23643]",18.18859058,35.67951324,4.798139578,20.27913516,5.578457713,1.952732331,6.024324365,0.886504849,4.464873637,0.829778033,1.995814416,0.252779532,1.367577364,0.197537081
-26,148,"BASALTIC-ANDESITE [23643]",18.19512769,35.80369212,4.85982282,20.71128003,5.635389349,1.976904839,6.177349898,0.89667259,4.56921936,0.840120356,2.035667901,0.2589176,1.413026107,0.203126507
-26,148,"BASALTIC-ANDESITE [23643]",18.63827748,36.67335422,4.911562501,20.98150015,5.658353827,1.995490842,6.135320987,0.899231945,4.582224494,0.845756274,2.052692601,0.258205996,1.408922507,0.200634508
-26,148,"BASALTIC-ANDESITE [23643]",7,14,2,9,3.1,1.16,4,0.66,3.79,0.79,2.08,0.29,1.61,0.24
-26,148,"BASALTIC-ANDESITE [23643]",6,13,1.9,9,2.9,1.08,3.8,0.62,3.55,0.74,1.96,0.27,1.48,0.22
-26,148,"BASALTIC-ANDESITE [23643]",6,14,2,9,3.1,1.14,3.9,0.65,3.69,0.77,2.01,0.27,1.59,0.24
-24,151,"BASALTIC-ANDESITE [23643]",8.974505429,19.06662339,2.557423575,11.43732295,3.406755405,1.286111469,3.828473757,0.580193433,3.045468037,0.600737365,1.553562805,0.203855926,1.146546661,0.168514629
-24,148,"BASALTIC-ANDESITE [23643]",31,67,8,36,8,2.4,0.8,6.8,4.4,0.7,1.6,0.2,1,0.1
51.26075,-179.07653,"BASALTIC-ANDESITE [20239]",22.74,52.68,7.93,36.35,9.41,2.7,9.66,1.61,10.04,2.1,5.76,0.86,5.38,0.87
51.33688,-178.95703,"BASALTIC-ANDESITE [20239]",4.03,8.6,1.44,7.42,2.02,0.74,2.33,0.37,2.26,0.45,1.16,0.16,0.99,0.15
51.34478,-178.94662,"BASALTIC-ANDESITE [20239]",6.43,15.04,2.36,11.22,3.16,1.05,3.19,0.53,3.22,0.67,1.78,0.26,1.59,0.25
51.38117,-178.99666,"BASALTIC-ANDESITE [20239]",6.8,14.13,2.31,10.4,2.64,0.89,2.76,0.42,2.38,0.5,1.42,0.2,1.26,0.19
51.39989,-178.96582,"BASALTIC-ANDESITE [20239]",12.59,30.14,4.81,22.08,5.67,1.63,5.76,0.9,5.26,1.11,3.15,0.47,2.88,0.44
51.57347,-178.85925,"BASALTIC-ANDESITE [20239]",10.67,26.29,4.03,18.35,4.78,1.38,4.58,0.75,4.66,0.94,2.59,0.39,2.5,0.4
51.54305,-178.78343,"BASALTIC-ANDESITE [20239]",10.35,25.98,4,18.46,5.06,1.4,5.14,0.86,5.29,1.1,3.1,0.45,2.89,0.46
51.58673,-178.57655,"BASALTIC-ANDESITE [20239]",14.56,36.61,5.56,25.36,6.06,1.65,5.11,0.8,4.76,0.98,2.57,0.39,2.43,0.38
51.59381,-178.60477,"BASALTIC-ANDESITE [20239]",8.88,19.83,3.2,14.09,3.28,1.16,3.2,0.46,2.51,0.52,1.52,0.22,1.42,0.22
50.5,15.5,"BASALTIC-ANDESITE [23648]",56.8,120,14,54.3,10.5,2.43,9.03,1.35,8.22,1.61,4.54,0.64,4.15,0.63
50.5,15.5,"BASALTIC-ANDESITE [23648]",61.1,129,14.9,56.4,11,2.44,9.48,1.46,8.58,1.62,4.59,0.65,4.1,0.62
8.5,-81.5,"BASALTIC-ANDESITE [23669]",10.9,24,3.51,16.4,4.28,1.37,5.23,0.89,5.63,1.16,3.43,0.51,3.51,0.5
41.9858,128.5506,"BASALTIC-ANDESITE [23683]",12.3,21.2,3.02,13.5,3.8,1.4,4.2,0.7,3.8,0.7,1.8,0.25,1.6,0.21
41.9858,128.5521,"BASALTIC-ANDESITE [23683]",12.4,23.6,3.09,13.9,4,1.42,4.4,0.7,4,0.7,1.9,0.26,1.6,0.22
41.9858,128.5521,"BASALTIC-ANDESITE [23683]",13,23.2,3.29,14.3,4.1,1.44,4.4,0.7,4.1,0.7,1.9,0.27,1.6,0.22
42.0339,128.8172,"BASALTIC-ANDESITE [23683]",12.8,23.9,3.22,13.9,4,1.47,4.4,0.7,3.9,0.7,1.8,0.26,1.5,0.21
42.0168,128.9193,"BASALTIC-ANDESITE [23683]",10,20.5,2.84,14.3,4.4,1.74,4.7,0.7,3.9,0.7,1.7,0.23,1.3,0.18
42.0525,128.9358,"BASALTIC-ANDESITE [23683]",8.9,18.3,2.63,13.1,4.2,1.71,4.5,0.7,3.8,0.7,1.6,0.23,1.4,0.19
42.0851,128.9521,"BASALTIC-ANDESITE [23683]",9.4,18.7,2.7,13.2,4.3,1.67,4.5,0.7,3.7,0.7,1.7,0.23,1.4,0.19
42.5179,128.0583,"BASALTIC-ANDESITE [23683]",11.2,24.2,3.12,13.3,3.8,1.47,4.4,0.7,3.8,0.7,1.7,0.23,1.4,0.22
42.2015,127.4783,"BASALTIC-ANDESITE [23683]",9,18.8,2.61,12.6,4,1.42,4.8,0.7,3.9,0.7,2,0.26,1.5,0.21
42.2015,127.4783,"BASALTIC-ANDESITE [23683]",8.4,18.6,2.51,12.9,4.3,1.47,5.1,0.8,4.5,0.8,2.1,0.31,1.9,0.26
42.145,127.5474,"BASALTIC-ANDESITE [23683]",13.1,26.6,3.7,17.9,5.4,1.85,5.6,0.8,4.4,0.8,1.9,0.24,1.4,0.2
41.5562,127.9436,"BASALTIC-ANDESITE [23683]",27.4,59.6,7.92,36.1,9,2.62,8.4,1.1,5.9,1.1,2.7,0.35,2.1,0.29
47,86,"BASALTIC-ANDESITE [23695]",6.98,17.6,2.46,12,3.04,1.13,3.54,0.56,3.52,0.74,2.22,0.35,2.28,0.32
47,86,"BASALTIC-ANDESITE [23695]",5.93,16.2,2.46,12.1,3.3,1.24,3.85,0.62,3.88,0.84,2.4,0.36,2.32,0.34
47,86,"BASALTIC-ANDESITE [23695]",7.49,19.2,2.82,13.6,3.45,1.27,4.31,0.7,4.52,0.99,2.82,0.42,2.79,0.4
47,86,"BASALTIC-ANDESITE [23695]",3.88,10.4,1.54,7.6,2.11,0.88,2.64,0.42,2.67,0.59,1.73,0.26,1.65,0.25
47,86,"BASALTIC-ANDESITE [23695]",6.62,18.2,2.83,15.2,4.25,1.82,5.58,0.87,5.3,1.16,3.26,0.49,3.07,0.44
47,86,"BASALTIC-ANDESITE [23695]",6.54,18.6,2.9,15.6,4.57,1.93,5.87,0.89,5.51,1.18,3.32,0.5,3.22,0.46
47,86,"BASALTIC-ANDESITE [23695]",6.32,17.9,2.94,15.7,4.62,1.96,5.82,0.91,5.63,1.21,3.37,0.5,3.26,0.46
-39.872,-71.893,"BASALTIC-ANDESITE [20676]",13.42947368,31.60746023,4.290112862,20.19139578,5.160825838,1.574023145,5.476126953,0.840162911,5.42144856,1.068374345,3.220701693,0.465816507,3.024121895,0.449511992
-39.878,-71.918,"BASALTIC-ANDESITE [20676]",12.07906223,28.10754782,4.053293854,19.92232613,4.979959675,1.633578749,5.171976947,0.799334472,5.381210112,1.084759819,3.187883492,0.452964367,2.902041048,0.419398895
-39.871,-71.912,"BASALTIC-ANDESITE [20676]",15.59518117,36.20918,5.304546708,26.18780566,6.474826248,1.931318074,6.79740669,1.075587494,7.098534977,1.428216727,4.252144743,0.587984722,3.890388266,0.585199464
-39.882,-71.941,"BASALTIC-ANDESITE [20676]",12.28614316,28.12298669,3.987327662,17.9531756,4.598434954,1.49123579,4.985639567,0.788158397,4.773610124,1.016162514,2.887694328,0.415642396,2.748186497,0.38938594
-39.823,-71.899,"BASALTIC-ANDESITE [20676]",18.0200751,36.30482605,5.452863479,25.63664246,6.147409803,1.662960671,6.327594187,1.014777456,6.543157299,1.322169392,3.926331845,0.583252016,3.977997648,0.590945953
-39.871,-71.891,"BASALTIC-ANDESITE [20676]",16.26772943,36.31651727,5.262157935,24.65259132,6.45890592,1.878890266,6.657123219,1.038783353,6.727377048,1.319745471,4.019840249,0.56578581,3.673838291,0.560803337
-39.877,-71.918,"BASALTIC-ANDESITE [20676]",16.95674581,38.8606795,5.557652011,25.21726162,6.346818623,1.916250363,6.677184056,1.086759547,6.775039889,1.376535195,3.998001377,0.568262871,3.79884652,0.564758107
-39.886,-71.936,"BASALTIC-ANDESITE [20676]",11.20119977,27.1173309,3.589360929,17.98040579,4.661134982,1.429554712,4.888489596,0.763265665,4.928119406,0.977462613,2.919913064,0.409666513,2.720003291,0.418642169
-39.892,-71.923,"BASALTIC-ANDESITE [20676]",17.53757738,40.03430292,5.655763043,27.6347188,6.903121504,1.965317045,7.392340217,1.155023896,7.31498154,1.458470385,4.276833479,0.610873852,4.010568177,0.611737592
10.467,-84.733,"BASALTIC-ANDESITE [9609] / NOT GIVEN [9608]",11,22,2.93,12.2,2.77,0.96,2.73,0.424,2.48,0.536,1.5,0.228,1.49,0.224
-39.892,-71.923,"BASALTIC-ANDESITE [20676]",17.04748936,39.00774345,5.547694928,26.96652764,6.598694699,1.927415304,7.16818674,1.11738173,7.24328987,1.446459395,4.21247158,0.602260246,3.937000987,0.60047453
-39.911,-71.999,"BASALTIC-ANDESITE [20676]",14.65379463,35.1228118,4.657932462,23.1649523,5.834723589,1.755258125,6.189081159,0.954531715,6.224973524,1.2625143,3.609046839,0.508623019,3.666406233,0.533334743
-39.882,-71.941,"BASALTIC-ANDESITE [20676]",11.88528193,27.10247668,3.794185313,17.30339474,4.398970372,1.406800492,4.885427758,0.729257616,4.803805264,0.993211132,2.814003371,0.388518189,2.691487037,0.409867835
-39.939,-71.908,"BASALTIC-ANDESITE [20676]",13.95611894,31.81029367,4.46384905,23.16440592,5.776821441,1.874243669,6.287806438,1.017045425,6.421125754,1.299523923,3.875896796,0.544465518,3.700919664,0.536689367
-39.882,-71.941,"BASALTIC-ANDESITE [20676]",11.79236582,27.01914376,3.835293874,17.63534254,4.445894108,1.458613435,4.970386489,0.764895231,4.943893752,1.003659754,3.011998722,0.410287831,2.779349233,0.423296614
-39.884,-71.92,"BASALTIC-ANDESITE [20676]",18.24574622,40.69878437,5.915847074,28.11868958,7.084201276,1.97942027,7.390328596,1.143076435,7.23280559,1.452672149,4.25184782,0.612243361,4.076597562,0.611352059
-39.877,-71.918,"BASALTIC-ANDESITE [20676]",15.8096178,38.16339142,5.256623041,26.80511012,6.683232404,2.091039185,7.201352904,1.14334439,7.482585073,1.49332523,4.387935052,0.619675409,4.281274304,0.636062882
-39.871,-71.891,"BASALTIC-ANDESITE [20676]",16.5951519,36.1970696,5.367837472,24.8227294,6.279794614,1.901604591,6.987974858,1.070841907,7.003956912,1.419924777,4.074437708,0.605728001,3.964545683,0.589257306
-39.845,-71.935,"BASALTIC-ANDESITE [20676]",17.87098416,40.85615107,5.718700647,27.60253339,6.740678519,1.95654168,7.367436873,1.13729234,7.304766592,1.500490424,4.357151517,0.619746031,4.093613291,0.608509638
-39.854,-71.955,"BASALTIC-ANDESITE [20676]",15.35300902,35.32590433,5.026737898,23.38594314,5.774905777,1.732075456,6.294304583,0.976902194,6.409055174,1.301040923,3.820114157,0.530169481,3.545751641,0.535766856
-39.892,-71.923,"BASALTIC-ANDESITE [20676]",11.79190484,26.78946911,3.833713852,17.83332644,4.479399364,1.436176485,4.963895185,0.773075788,4.861422346,0.995168299,2.894482933,0.421099478,2.8355333,0.413416461
-39.853,-71.895,"BASALTIC-ANDESITE [20676]",25.26420887,54.84851458,7.826371009,36.78729988,8.957254003,2.364392654,9.270065422,1.422689397,9.242000438,1.829645297,5.396191198,0.775444621,5.239352945,0.793110058
-39.915,-71.9,"BASALTIC-ANDESITE [20676]",9.359282959,21.86064501,3.073540112,15.40408205,4.019506486,1.315477576,4.299157037,0.680535473,4.311049176,0.892037033,2.58117722,0.368446372,2.45005849,0.359584337
-39.852,-71.924,"BASALTIC-ANDESITE [20676]",19.00250088,34.31038284,5.868555362,28.05126821,6.582583413,1.755705589,6.809618715,1.073939098,7.285438303,1.427651798,4.346949148,0.622503227,4.084381391,0.620669969
-39.852,-71.924,"BASALTIC-ANDESITE [20676]",18.38189291,35.78315418,5.701046225,25.63177875,6.100990349,1.745907655,6.430022759,1.025520574,6.648263929,1.32711052,3.995539263,0.565823945,3.941083737,0.589203805
-39.852,-71.924,"BASALTIC-ANDESITE [20676]",8.12398399,21.47561304,2.918166332,14.57494044,3.74289337,1.377568535,4.30258823,0.673465521,4.213575092,0.882356386,2.54269354,0.346394462,2.361724007,0.349044388
-39.793,-72.104,"BASALTIC-ANDESITE [20676]",8.511039664,20.04411559,3.021600591,14.05549038,3.763371918,1.353681485,4.097106432,0.65182226,4.280032295,0.856036122,2.476557594,0.342682991,2.30423093,0.357704276
-39.793,-72.104,"BASALTIC-ANDESITE [20676]",32.99668219,73.94123838,10.18405209,46.28810009,10.84113374,2.406994243,10.55400486,1.729293109,10.67496754,2.230861087,6.744520017,1.002596379,6.700359693,1.008580584
-39.793,-72.104,"BASALTIC-ANDESITE [20676]",20.46355398,57.70650837,6.736858692,29.90163459,7.507977465,1.966562346,7.357265149,1.185397038,7.841497732,1.559921805,4.579451568,0.676862682,4.802305751,0.735808469
-39.793,-72.104,"BASALTIC-ANDESITE [20676]",29.35890345,69.33161273,9.594436233,40.41187543,9.279639192,2.186733247,9.422435129,1.476532047,9.690515293,1.957379018,5.858065723,0.879577136,6.144214151,0.914235478
-39.793,-72.104,"BASALTIC-ANDESITE [20676]",19.757098,55.83375353,6.748908732,31.60259502,7.681996319,2.057389324,7.669854463,1.226326926,7.92559382,1.594116893,4.810237545,0.705379318,5.024334792,0.755071365
-39.86,-71.467,"BASALTIC-ANDESITE [20676]",24.82554645,58.94336208,8.005510663,36.6369826,8.716054801,2.197278824,8.63807232,1.402235923,8.778462596,1.809722745,5.496290221,0.816734152,5.744304992,0.849931346
-39.979,-71.923,"BASALTIC-ANDESITE [20676]",24.97189175,60.09110354,8.191374963,37.51023207,8.851772935,2.369399744,9.303201181,1.486467395,9.45875,1.8965216,5.721175582,0.848696472,5.602947555,0.86638341
10.467,-84.733,"BASALTIC-ANDESITE [9608] / NOT GIVEN [14081]",8.63,19.22,2.71,11.44,2.83,0.94,2.85,0.44,2.54,0.53,1.51,0.24,1.51,0.24
39.5,14.8,"BASALTIC-ANDESITE [14564]",33,65,7.7,29,6,1.34,5.12,0.76,4.2,0.82,2.2,0.36,2.06,0.3
10.467,-84.733,"BASALTIC-ANDESITE [9609]",11.8,23.9,3.17,13.5,3.02,1.04,2.94,0.462,2.76,0.582,1.66,0.249,1.63,0.252
10.467,-84.733,"BASALTIC-ANDESITE [9609]",10.9,21.9,2.97,12.3,2.78,0.979,2.78,0.432,2.6,0.536,1.5,0.225,1.45,0.224
10.467,-84.733,"BASALTIC-ANDESITE [9609] / ANDESITE [9612]",13.3,26,3.35,13.7,2.86,0.99,2.8,0.412,2.48,0.521,1.47,0.212,1.41,0.212
10.467,-84.733,"BASALTIC-ANDESITE [9609]",13.1,25.4,3.27,13.2,2.75,0.99,2.71,0.414,2.4,0.511,1.42,0.211,1.37,0.209
10.467,-84.733,"BASALTIC-ANDESITE [9609] / ANDESITE [9612]",14.8525,29.107,3.44,13.8,3.182,1.017,3.035,0.434,2.7545,0.5755,1.49,0.2415,1.44,0.221
10.467,-84.733,"BASALTIC-ANDESITE [9609]",13.8,26.8,3.45,13.9,2.91,1.01,2.83,0.429,2.51,0.517,1.48,0.218,1.42,0.22
10.467,-84.733,"BASALTIC-ANDESITE [9609]",10.6,21.5,2.89,12.2,2.77,0.993,2.77,0.427,2.59,0.532,1.48,0.224,1.45,0.223
10.467,-84.733,"BASALTIC-ANDESITE [9609] / ANDESITE [9612]",11.7,23.2,3.04,12.6,2.79,0.97,2.74,0.408,2.45,0.518,1.44,0.207,1.39,0.21
10.467,-84.733,"BASALTIC-ANDESITE [9609]",13.5,25.9,3.34,13.5,2.87,1.01,2.75,0.413,2.48,0.52,1.47,0.219,1.39,0.215
10.467,-84.733,"BASALTIC-ANDESITE [9609]",13.7,26.5,3.43,13.7,2.9,1.01,2.8,0.424,2.49,0.522,1.46,0.212,1.41,0.216
10.467,-84.733,"BASALTIC-ANDESITE [9609]",13.6,26.2,3.37,13.7,2.8,0.98,2.77,0.421,2.47,0.5,1.46,0.212,1.39,0.215
10.467,-84.733,"BASALTIC-ANDESITE [9609]",13.9,26.9,3.45,13.9,2.95,1,2.83,0.425,2.46,0.516,1.46,0.213,1.41,0.218
10.467,-84.733,"BASALTIC-ANDESITE [9609] / ANDESITE [9612]",13.8,26.6,3.43,13.9,2.92,1,2.79,0.422,2.48,0.514,1.43,0.212,1.438,0.217
10.467,-84.733,"BASALTIC-ANDESITE [9609]",14.2,27.4,3.5,14,2.91,1.01,2.87,0.433,2.54,0.525,1.48,0.219,1.43,0.229
10.467,-84.733,"BASALTIC-ANDESITE [9609]",14,26.8,3.47,13.7,2.88,1,2.83,0.422,2.49,0.509,1.45,0.215,1.38,0.213
62.7,9.5,"BASALTIC-ANDESITE [23721]",105,221,25.7,98.1,16.4,3.3,9.93,1.3,6.33,1.13,2.7,0.374,2.32,0.311
62.7,9.5,"BASALTIC-ANDESITE [23721]",54.7,106,12.2,45.4,8.88,1.95,6.23,0.888,4.79,0.89,2.11,0.292,1.84,0.258
39.0316,38.4732,"BASALTIC-ANDESITE [23722]",18,35.3,4.22,17.6,4.13,1.36,4.47,0.72,4.42,0.92,2.63,0.39,2.5,0.37
-14.36,-71.08,"BASALTIC-ANDESITE [20392]",29.82,60.5,7.32,31.03,6.98,2.2,6.33,0.99,5.8,1.17,2.84,0.41,2.82,0.4
42.5,119.25,"BASALTIC-ANDESITE [23735]",15.1,34.9,4.87,22.7,6,2.03,6.29,0.97,5.88,1.29,3.63,0.56,3.37,0.52
42.5,119.25,"BASALTIC-ANDESITE [23735]",18.8,42.9,5.88,26.9,6.68,2.38,6.61,0.98,5.98,1.22,3.45,0.51,3.12,0.5
42.5,119.25,"BASALTIC-ANDESITE [23735]",18.7,43,5.76,27.1,6.28,2.26,6.84,1.01,6.21,1.27,3.66,0.52,3.09,0.52
-16.5,-42,"BASALTIC-ANDESITE [23743]",18.5,39.8,4.47,18.6,5.21,1.27,4.6,0.79,4.99,1.12,2.66,0.41,2.67,0.38
-16.5,-42,"BASALTIC-ANDESITE [23743]",56.1,124.1,16.16,70.3,14.9,4.15,13.89,1.87,10.23,1.93,5.02,0.71,4,0.57
-16.5,-42,"BASALTIC-ANDESITE [23743]",21.2,43.4,5.46,22.8,5.6,1.48,5.6,0.95,5.48,1.14,3.01,0.48,2.8,0.46
-16.5,-42,"BASALTIC-ANDESITE [23743]",20.1,41,5.09,21.2,4.9,1.43,5.38,0.88,5.29,1.04,2.94,0.41,2.7,0.4
-16.5,-42,"BASALTIC-ANDESITE [23743]",19.2,41.1,5.17,20.9,4.8,1.38,5.4,0.86,5.03,1.06,2.9,0.44,2.7,0.4
-16.5,-42,"BASALTIC-ANDESITE [23743]",11.3,25.1,3.26,13.4,3.2,1.01,3.56,0.54,3.66,0.72,2.23,0.29,1.9,0.32
-16.5,-42,"BASALTIC-ANDESITE [23743]",19.2,40.6,5.05,21.4,5.1,1.44,5.19,0.86,5.4,1.05,3.05,0.4,2.6,0.39
-16.5,-42,"BASALTIC-ANDESITE [23743]",17.1,34.4,4.38,18.2,4.5,1.3,4.64,0.75,4.32,0.86,2.49,0.37,2.3,0.37
-16.5,-42,"BASALTIC-ANDESITE [23743]",147.4,303.2,35.07,134.9,20.9,4.79,16.12,1.95,8.5,1.44,3.5,0.43,2.5,0.36
-29.25,-177.87,"BASALT [13460] / BASALTIC-ANDESITE [9592]",2.71,7.66,1.34,6.95,2.5,0.98,3.12,0.52,3.98,0.92,2.41,0.41,2.76,0.38
-29.25,-177.87,"BASALT [13460] / BASALTIC-ANDESITE [9592]",2.6,7.75,1.41,7.28,2.77,0.99,3.56,0.68,4.72,1.02,2.86,0.45,3.24,0.44
-29.25,-177.87,"BASALT [13460] / BASALTIC-ANDESITE [9592]",2.61,7.61,1.36,7.35,2.73,1.1,3.35,0.71,4.6,0.99,2.78,0.4,3.18,0.45
-29.25,-177.87,"BASALT [13460] / BASALTIC-ANDESITE [9592]",2.65,7.52,1.17,6.95,2.21,0.82,2.86,0.56,3.99,0.8,2.15,0.4,2.53,0.39
-29.25,-177.87,"BASALT [13460] / BASALTIC-ANDESITE [9592]",2.48,7.34,1.34,7.55,2.75,1.07,3.67,0.7,4.8,1.08,3.02,0.41,3.53,0.48
-20.4047,-69.9678,"BASALTIC-ANDESITE [11776]",18,41,5.7,25,6.1,1.9,5.9,0.92,5.5,1.1,3.1,0.45,3,0.48
-22.1661,-70.2031,"BASALTIC-ANDESITE [11776]",17,40,5.5,24,5.8,1.4,5.6,0.85,5.2,1,3,0.45,3,0.48
-23.7086,-70.3825,"BASALTIC-ANDESITE [11776]",17,39,5.3,23,5.3,1.3,4.9,0.76,4.6,0.9,2.6,0.39,2.7,0.43
-23.5114,-69.9081,"BASALTIC-ANDESITE [11776]",31,71,9.6,41,9.5,2,9.1,1.4,8.6,1.7,4.8,0.72,4.8,0.75
-23.06,-69.9583,"BASALTIC-ANDESITE [11776]",7,17,2.5,12,3.2,1.2,3.5,0.56,3.5,0.7,2.1,0.31,2.1,0.33
29.3583,88.5889,"BASALTIC-ANDESITE [23749]",23.1,49.8,6.36,27.1,5.94,1.76,5.24,0.94,4.92,1.01,2.74,0.45,2.77,0.37
29.3583,88.5889,"BASALTIC-ANDESITE [23749]",27.3,59.1,7.77,32.9,7.08,2.08,6.46,1.16,6.25,1.25,3.47,0.56,3.49,0.48
29.3583,88.5889,"BASALTIC-ANDESITE [23749]",23.3,49.1,6.4,27.3,6,1.9,5.46,0.97,5.24,1.05,2.9,0.46,2.84,0.38
44.68457,-122.64667,"BASALTIC-ANDESITE [19899]",8.308824486,17.8517859,2.377093032,11.54880922,3.511585657,1.230049505,4.138920098,0.740910845,4.701816842,0.998932772,2.760954883,0.399000588,2.507809938,0.392351394
44.72685,-122.69938,"BASALTIC-ANDESITE [19899]",13.32796896,29.84656337,4.149555701,18.90524485,5.125443361,1.822637113,5.520472575,0.917705199,5.647114108,1.142286788,3.057836479,0.440853508,2.68844857,0.416767858
37.75,23.43,"BASALTIC-ANDESITE [23770]",17.18609417,35.49540544,4.320539588,17.92220631,3.96514232,1.04884746,3.570470718,0.52850336,3.123811147,0.615494311,1.824326918,0.271532004,1.66539801,0.258352526
37.75,23.43,"BASALTIC-ANDESITE [23770]",17.48304276,35.74124785,4.449171595,18.30498957,4.017220645,1.09214787,3.891679554,0.542933679,3.202235149,0.662497365,1.872058336,0.301626619,1.816084002,0.279996605
37.75,23.43,"BASALTIC-ANDESITE [23770]",16.62959583,33.41621925,4.456164475,18.54129196,4.005610115,1.131063961,4.143336262,0.573416202,3.450376562,0.679491335,2.04943257,0.285933883,1.851047713,0.293466336
37.75,23.43,"BASALTIC-ANDESITE [23770]",18.29699396,37.23493515,5.183918473,23.13830261,5.129843255,1.408730231,4.804504526,0.721403383,4.207488194,0.833641169,2.352243502,0.346765903,2.152355956,0.321475014
37.75,23.43,"BASALTIC-ANDESITE [23770]",13.99407497,29.92558626,3.899085946,16.75562897,3.835142281,1.132538085,3.606423755,0.54340554,3.255240249,0.649434308,1.851182879,0.266023466,1.718587746,0.251730899
38.54174,14.34124,"BASALTIC-ANDESITE [20458]",32.73096455,57.60150304,7.034873895,27.54576989,5.598632596,1.579336894,5.089823885,0.763059533,4.107006007,0.83494625,2.222657871,0.299021893,2.06997359,0.33065794
38.54174,14.34124,"BASALTIC-ANDESITE [20458]",41.22173538,68.94053825,8.216478604,30.87429406,5.076065329,1.515746571,4.762567337,0.681186398,4.045565738,0.841667578,2.351213107,0.330226856,2.389962825,0.390380729
38.81146,15.22223,"BASALTIC-ANDESITE [20458]",57.48340661,107.8240179,13.54704314,52.45367965,9.931619417,2.409284833,8.445816753,1.121635091,5.862517515,1.092457919,2.743137739,0.393328727,2.604128765,0.409408135
38.81038,15.22556,"BASALTIC-ANDESITE [20458]",31.51434503,58.738707,7.386178852,28.52009472,5.878645283,1.443794936,5.405173736,0.744530313,4.019214732,0.819191678,2.291206339,0.319309027,2.175711281,0.37148043
38.79622,15.23671,"BASALTIC-ANDESITE [20458]",53.13044359,94.43158768,11.63847488,43.49698983,8.123769027,2.056655672,6.985339734,0.997047516,5.537298943,1.036968826,2.89272916,0.412976206,2.925908057,0.437874059
38.79611,15.23668,"BASALTIC-ANDESITE [20458]",28.99375883,54.6567963,6.612547801,24.48499796,4.945651538,1.221742898,4.49268841,0.663092502,3.614697224,0.748858445,2.073404298,0.289741539,1.977189876,0.319568197
38.79284,15.23529,"BASALTIC-ANDESITE [20458]",29.76960951,53.93815591,6.711297917,25.69786249,4.863034571,1.280197601,4.64701081,0.675566862,3.906594145,0.777191754,2.138355528,0.300670535,2.145600811,0.335529156
38.79293,15.23538,"BASALTIC-ANDESITE [20458]",56.33956182,110.948622,13.23751832,49.88148704,9.268421238,2.398689633,7.368395768,1.010270489,5.364175319,0.991858273,2.579805642,0.370638275,2.596486324,0.384975897
45,86,"BASALTIC-ANDESITE [23776]",5.58,13.6,1.98,10,2.91,1.01,3.37,0.58,3.75,0.74,2.18,0.31,2.12,0.29
45,86,"BASALTIC-ANDESITE [23776]",7.31,17.5,2.6,12.3,3.24,1.03,3.65,0.62,3.81,0.76,2.24,0.33,2.16,0.33
29.5,115.9,"BASALTIC-ANDESITE [23782]",15,35.9,4.9,22.2,5.01,1.3,5.22,0.98,5.98,1.26,3.53,0.51,3.25,0.5
43.5,88,"BASALTIC-ANDESITE [23790]",6.68,15.9,2.35,11.5,3.82,1.28,4.31,0.71,4.17,0.87,2.6,0.382,2.62,0.408
43.5,88,"BASALTIC-ANDESITE [23790]",5.53,13.5,1.96,9.97,3.09,1.01,3.62,0.59,3.65,0.77,2.17,0.317,2.08,0.328
43.5,88,"BASALTIC-ANDESITE [23790]",5.9,14,2.11,10.5,3.32,1.22,4.07,0.66,3.99,0.84,2.44,0.373,2.36,0.355
25.12,97.97,"BASALTIC-ANDESITE [23797]",57.7,96.8,11.4,40.5,7.33,1.95,5.9,0.798,4.34,0.809,2.22,0.331,2.18,0.341
24.93,98.64,"BASALTIC-ANDESITE [23797]",64,118,13.4,45.1,7.49,1.8,6.79,0.911,4.88,0.903,2.53,0.385,2.35,0.36
24.93,98.64,"BASALTIC-ANDESITE [23797]",64.7,118,12.6,46.6,7.78,1.91,7.04,0.928,4.95,0.92,2.6,0.396,2.42,0.369
24.84,98.43,"BASALTIC-ANDESITE [23797]",38.8,67.7,7.79,29,5.98,1.54,5.24,0.798,4.56,0.914,2.63,0.384,2.43,0.367
24.93,98.68,"BASALTIC-ANDESITE [23797]",79.2,145,16.2,59.2,9.33,2.25,8.17,1.12,5.95,1.19,3.15,0.451,2.85,0.434
24.93,98.68,"BASALTIC-ANDESITE [23797]",81.8,156,17.1,62.4,9.75,2.15,8.69,1.22,6.23,1.26,3.34,0.468,2.96,0.456
24.93,98.68,"BASALTIC-ANDESITE [23797]",134,195,26.7,99.4,15.4,3.44,13.5,1.81,9.96,1.88,4.84,0.687,4.08,0.608
-35.12,-70.28,"BASALTIC-ANDESITE [23838]",41.2,84,10.3,40.6,8.7,2.14,8.7,1.3,7,1.3,4,0.61,3.9,0.56
-35.12,-70.28,"BASALTIC-ANDESITE [23838]",29.7,58.8,6.98,27.9,5.8,1.6,5.6,0.8,4.4,0.9,2.5,0.37,2.4,0.35
-35.12,-70.28,"BASALTIC-ANDESITE [23838]",22.2,53.5,7.17,30.1,6.8,1.55,6.7,1,5.4,1.1,3,0.46,2.9,0.42
-35.12,-70.28,"BASALTIC-ANDESITE [23838]",30.8,64.3,7.8,30.8,6.8,1.69,6.6,1,5.4,1.1,3.1,0.46,2.9,0.43
19.71411,-101.45178,"BASALTIC-ANDESITE [19874]",20.3,44.7,5.79,24.5,5.04,1.46,4.53,0.69,3.87,0.76,2.17,0.325,2.13,0.338
19.71808,-101.43136,"BASALTIC-ANDESITE [19874]",20.9,45,5.73,23.7,4.72,1.34,4.07,0.63,3.53,0.69,1.97,0.292,1.88,0.292
19.69786,-101.47578,"BASALTIC-ANDESITE [19874]",24.7,52.8,6.58,27.1,5.45,1.46,4.69,0.74,4.18,0.81,2.35,0.345,2.27,0.354
19.80753,-101.44944,"BASALTIC-ANDESITE [19874]",16.8,34.3,4.61,19,4.14,1.36,3.78,0.59,3.27,0.64,1.78,0.257,1.75,0.259
19.80758,-101.44933,"BASALTIC-ANDESITE [19874]",19.9,39.2,5.11,20,3.84,1.23,3.54,0.54,3.14,0.65,1.74,0.245,1.64,0.25
19.807,-101.44997,"BASALTIC-ANDESITE [19874]",18.4,39.2,4.71,19,4.07,1.27,3.78,0.58,3.23,0.62,1.76,0.26,1.74,0.281
19.75964,-101.40831,"BASALTIC-ANDESITE [19874]",22.1,48.7,6.42,27.1,5.62,1.6,5.13,0.79,4.51,0.88,2.5,0.375,2.47,0.386
19.73292,-101.44603,"BASALTIC-ANDESITE [19874]",27.2,53.8,6.67,27.3,5.4,1.46,4.96,0.75,4.16,0.81,2.29,0.347,2.29,0.353
19.86144,-101.43222,"BASALTIC-ANDESITE [19874]",22.1,45.1,6.04,24.2,5.2,1.64,5,0.77,4.29,0.82,2.36,0.345,2.28,0.375
-55.53,-29.47,"BASALTIC-ANDESITE [7093]",2.06,5.47,0.85,4.403,1.47,0.547,1.753,0.347,2.16,0.453,1.387,0.207,1.363,0.203
19.89072,-101.55644,"BASALTIC-ANDESITE [19874]",23.6,50.3,6.49,25.8,5.47,1.58,4.95,0.78,4.43,0.84,2.38,0.343,2.26,0.37
-55.32,-29.47,"BASALTIC-ANDESITE [7093]",1.277,4.107,0.707,4.03,1.467,0.57,1.867,0.367,2.44,0.537,1.553,0.243,1.58,0.24
-55.38,-29.5,"BASALTIC-ANDESITE [7093]",2.68,7.007,1.077,5.411,1.838,0.7,2.399,0.434,2.803,0.602,1.749,0.266,1.757,0.278
-55.38,-29.5,"BASALTIC-ANDESITE [7093]",2.778,7.174,1.1,5.652,1.911,0.713,2.471,0.436,2.863,0.613,1.78,0.28,1.79,0.285
-55.38,-29.5,"BASALTIC-ANDESITE [7093]",1.935,5.966,1.036,5.587,2.149,0.784,2.909,0.52,3.382,0.71,2.04,0.302,1.956,0.296
-55.35,-29.47,"BASALTIC-ANDESITE [7093]",0.8,3.177,0.67,4.367,1.77,0.683,2.393,0.497,3.27,0.697,2.01,0.307,1.97,0.293
-55.57,-29.858,"BASALTIC-ANDESITE [7093]",4.7,12.56,1.96,10.68,3.19,1.2,4.02,0.76,5.5,1.22,3.3,0.549,3.39,0.5
13,-86,"BASALTIC-ANDESITE [23869]",6.469666667,13.85733333,2.017666667,10.70933333,2.47,0.848666667,3.12,0.446333333,2.879666667,0.67,1.891333333,0.320666667,2.279333333,0.309333333
13,-86,"BASALTIC-ANDESITE [23869]",6.680333333,16.022,2.366666667,11.861,2.863333333,0.953666667,2.984,0.507666667,2.683333333,0.550333333,1.48,0.166,1.3105,0.296666667
13,-86,"BASALTIC-ANDESITE [23869]",15.11733333,24.87533333,3.377333333,15.666,3.326333333,1.102666667,3.972666667,0.594666667,3.512666667,0.692,2.048,0.291333333,2.046,0.305
13,-86,"BASALTIC-ANDESITE [23869]",10.27966667,21.02233333,2.795666667,12.58933333,2.911333333,0.914,3.109,0.482666667,3.035333333,0.568666667,1.790333333,0.243666667,1.722666667,0.284
13,-86,"BASALTIC-ANDESITE [23869]",8.875,19.447,2.635666667,12.144,2.663333333,0.908333333,2.935333333,0.458,2.953333333,0.630333333,1.836666667,0.248333333,1.993333333,0.284333333
13,-86,"BASALTIC-ANDESITE [23869]",7.121333333,17.02566667,2.660666667,13.655,4.352333333,1.105,3.918666667,0.586666667,3.917666667,0.749333333,2.169333333,0.3175,2.462,0.336
13,-86,"BASALTIC-ANDESITE [23869]",8.568666667,18.36333333,2.529,12.38233333,3.306,1.111,2.578333333,0.615333333,3.680666667,0.656333333,2.183333333,0.234,1.7615,0.435
13,-86,"BASALTIC-ANDESITE [23869]",4.078666667,10.8,1.699666667,8.286,2.142666667,0.748333333,2.179,0.317,2.2,0.467,1.272,0.174,1.389666667,0.2
13,-86,"BASALTIC-ANDESITE [23869]",13.70266667,29.91066667,4.173666667,18.80133333,4.591,1.274333333,4.289333333,0.646,4.452333333,0.942666667,2.637666667,0.405666667,2.639666667,0.395666667
13,-86,"BASALTIC-ANDESITE [23869]",8.180333333,18.01333333,2.517,11.52766667,2.603,0.945,2.738666667,0.446,2.591333333,0.526333333,1.666666667,0.238666667,1.957333333,0.289
13,-86,"BASALTIC-ANDESITE [23869]",12.97733333,27.10366667,3.769,16.66233333,3.807333333,1.101666667,4.045,0.653333333,3.836,0.805333333,2.355666667,0.355,2.408666667,0.336
13,-86,"BASALTIC-ANDESITE [23869]",8.985,21.486,3.156,14.313,3.29,0.959,3.165333333,0.481666667,3.020666667,0.635333333,1.786666667,0.285333333,1.982,0.304333333
13,-86,"BASALTIC-ANDESITE [23869]",6.492666667,15.18733333,2.324666667,11.54766667,3.17,1.040333333,3.442333333,0.551666667,3.579,0.791333333,2.107666667,0.296,2.075333333,0.329333333
13,-86,"BASALTIC-ANDESITE [23869]",12.70133333,26.40166667,3.640666667,17.14833333,3.752,1.186666667,3.943333333,0.549666667,3.686333333,0.697333333,2.144666667,0.316,2.125333333,0.311666667
13,-86,"BASALTIC-ANDESITE [23869]",6.558666667,14.78966667,2.317333333,11.483,3.216666667,0.975,3.69,0.593,4.219666667,0.941666667,2.633,0.366666667,2.687666667,0.376
13,-86,"BASALTIC-ANDESITE [23869]",5.129666667,11.74333333,1.857,9.374,2.587333333,0.898666667,3.149,0.535,3.466,0.78,2.211666667,0.322,2.394666667,0.336333333
19.7,-101.2,"BASALTIC-ANDESITE [23880]",2,0.5,0.7,472,32.3,68.4,8.62,35.5,7.42,1.84,6.47,1.02,5.64,1.07
19.7,-101.2,"BASALTIC-ANDESITE [23880]",2,0.5,0.6,263,16.2,34.9,4.53,18.2,3.89,1.21,3.39,0.53,3.19,0.63
-79.2,155.8,"BASALTIC-ANDESITE [23883]",10.66,24.44,2.93,10.64,2.45,0.733,2.69,0.467,2.98,0.633,2.09,0.328,1.87,0.319
-79.2,155.8,"BASALTIC-ANDESITE [23883]",10.71,25.9,2.96,11.99,2.55,0.764,3.03,0.475,3.31,0.7,1.96,0.312,1.98,0.334
-79.2,155.8,"BASALTIC-ANDESITE [23883]",9.78,22.4,2.66,10.94,2.31,0.714,2.91,0.438,3.11,0.611,1.99,0.278,2.1,0.287
-79.2,155.8,"BASALTIC-ANDESITE [23883]",10.39,24.8,2.88,11.56,2.53,0.789,2.89,0.501,3.02,0.653,2.01,0.274,2.14,0.278
-79.2,155.8,"BASALTIC-ANDESITE [23883]",11.51,24.9,2.9,12.13,2.67,0.774,3.01,0.481,3.32,0.651,2,0.299,2.28,0.301
-79.2,155.8,"BASALTIC-ANDESITE [23883]",13.78,29.5,3.56,14.08,3.2,0.778,3.15,0.54,3.5,0.757,2.1,0.339,2.44,0.337
-79.2,155.8,"BASALTIC-ANDESITE [23883]",9.9,22.25,2.79,11.35,2.82,0.683,2.93,0.482,3.14,0.653,2.01,0.301,2.06,0.336
-79.2,155.8,"BASALTIC-ANDESITE [23883]",8.36,16.76,2.05,8.83,2.28,0.527,2.38,0.422,2.8,0.558,1.51,0.273,1.57,0.254
-79.2,155.8,"BASALTIC-ANDESITE [23883]",9.91,22.26,2.72,10.93,2.48,0.716,2.5,0.446,2.78,0.673,1.9,0.297,2.21,0.254
-79.2,155.8,"BASALTIC-ANDESITE [23883]",9.8,22.7,2.71,11.43,2.84,0.693,2.19,0.446,2.98,0.619,1.89,0.303,1.84,0.277
-79.2,155.8,"BASALTIC-ANDESITE [23883]",10.27,22.02,2.84,11.72,2.34,0.715,2.82,0.47,3.31,0.65,1.84,0.295,2.06,0.293
-79.2,155.8,"BASALTIC-ANDESITE [23883]",12.78,26.61,3.31,13.28,3.23,0.714,2.85,0.494,3.29,0.735,2,0.3,2.39,0.337
-79.2,155.8,"BASALTIC-ANDESITE [23883]",8.77,19.5,2.28,10.17,2.18,0.601,2.53,0.376,2.6,0.541,1.68,0.265,1.66,0.255
-79.2,155.8,"BASALTIC-ANDESITE [23883]",10.37,24.1,2.93,11.39,2.85,0.839,3,0.495,3.3,0.683,1.93,0.305,2.07,0.311
-79.2,155.8,"BASALTIC-ANDESITE [23883]",10.25,23.3,2.69,10.93,2.26,0.79,2.57,0.423,3.32,0.673,1.98,0.264,2.08,0.275
-79.2,155.8,"BASALTIC-ANDESITE [23883]",9.64,22.92,2.71,10.79,2.58,0.651,2.61,0.421,2.78,0.631,1.88,0.255,2.04,0.272
-79.2,155.8,"BASALTIC-ANDESITE [23883]",9.94,23.1,2.68,10.33,2.62,0.669,2.92,0.47,2.76,0.656,2.04,0.285,1.69,0.294
-79.2,155.8,"BASALTIC-ANDESITE [23883]",14.47,31.3,3.69,14.92,3.21,0.75,3.38,0.539,3.57,0.684,2.46,0.313,1.92,0.331
-79.2,155.8,"BASALTIC-ANDESITE [23883]",13.47,30.1,3.51,13.21,2.86,0.769,3.27,0.532,3.42,0.759,2.07,0.349,2.18,0.348
-79.2,155.8,"BASALTIC-ANDESITE [23883]",15.26,33.7,4.08,16.15,3.87,0.809,3.53,0.553,4.01,0.826,2.41,0.356,2.47,0.361
46.2,120.25,"BASALTIC-ANDESITE [23898]",18.28,44.11,5.72,25.97,5.04,1.36,4.25,0.64,3.34,0.68,1.81,0.26,1.57,0.28
46.2,120.25,"BASALTIC-ANDESITE [23898]",18.56,44.1,5.84,26.33,5.08,1.29,4.18,0.65,3.38,0.68,1.82,0.27,1.55,0.28
46.2,120.25,"BASALTIC-ANDESITE [23898]",17.55,42.13,5.67,24.96,4.81,1.23,4.04,0.61,3.22,0.64,1.74,0.26,1.55,0.26
43,145,"BASALTIC-ANDESITE [20375]",7.25,17.88,2.59,12.06,3.36,0.95,3.99,0.66,4.31,0.91,2.5,0.402,2.64,0.4
43,145,"BASALTIC-ANDESITE [20375]",12.03,29.73,3.85,17.61,4.58,1.16,4.98,0.8,5.23,1.11,3.07,0.49,3.24,0.5
43.98,145.73,"BASALTIC-ANDESITE [20375]",3.16,8.48,1.39,7.17,2.44,0.89,3.3,0.56,3.78,0.84,2.32,0.369,2.5,0.38
43.98,145.73,"BASALTIC-ANDESITE [20375]",1.97,5.6,0.84,4.53,1.53,0.55,2.15,0.37,2.54,0.55,1.54,0.246,1.64,0.25
43.98,145.73,"BASALTIC-ANDESITE [20375]",1.64,5.34,0.86,4.86,1.77,0.76,2.61,0.46,3.15,0.69,1.96,0.311,2.14,0.33
44.4,120.5,"BASALTIC-ANDESITE [23904]",23.738117,47.0458,6.6349226,27.539836,5.5575704,2.09322,4.69795,0.75347,4.0909242,0.821751,2.1854,0.328832,2.1615214,0.32144
44.4,120.5,"BASALTIC-ANDESITE [23904]",21.193,42.646,5.89032,24.8944,4.802,1.62425,3.8508,0.666,3.415,0.653,1.75994,0.315,1.888,0.27392
18.3718,105.1446,"BASALTIC-ANDESITE [23910]",61.98,123.09,14.43,52.87,9.84,1.85,9.02,1.24,7,1.4,3.86,0.54,3.56,0.54
18.2238,105.1671,"BASALTIC-ANDESITE [23910]",30.33,60.69,7.36,28.57,5.95,1.65,5.75,0.84,5.09,1.04,2.8,0.41,2.67,0.39
18.2238,105.1671,"BASALTIC-ANDESITE [23910]",28.46,57.46,6.89,26.81,5.39,1.57,5.26,0.79,4.68,0.94,2.57,0.38,2.42,0.37
18.2238,105.1671,"BASALTIC-ANDESITE [23910]",28.7,58.15,7.03,26.97,5.6,1.53,5.43,0.77,4.75,0.97,2.61,0.38,2.49,0.36
16.6309,106.5644,"BASALTIC-ANDESITE [23910]",23.62,50.95,6.1,20.88,5.38,1.5,5.15,0.82,5.12,1.03,2.82,0.42,2.82,0.42
28.17,55.73,"BASALTIC-ANDESITE [23915]",8.39,19,2.52,10.7,3.01,0.948,2.86,0.433,2.68,0.562,1.57,0.235,1.53,0.225
28.17,55.73,"BASALTIC-ANDESITE [23915]",3.49,8.72,1.29,6.17,1.84,0.724,2.18,0.389,2.58,0.576,1.6,0.246,1.59,0.234
28.17,55.73,"BASALTIC-ANDESITE [23915]",2.79,7.07,1.08,5.16,1.68,0.634,1.99,0.347,2.3,0.498,1.42,0.219,1.45,0.215
28.17,55.73,"BASALTIC-ANDESITE [23915]",5.89,14.2,2.11,9.73,2.92,1.01,3.51,0.582,3.66,0.753,1.95,0.279,1.8,0.249
28.17,55.73,"BASALTIC-ANDESITE [23915]",6.02,13.9,1.97,8.86,2.71,0.886,3.24,0.575,3.65,0.77,2.15,0.313,1.92,0.266
28.17,55.73,"BASALTIC-ANDESITE [23915]",14.1,31.6,3.91,13.7,2.86,0.831,2.2,0.305,1.69,0.327,0.814,0.113,0.734,0.104
28.17,55.73,"BASALTIC-ANDESITE [23915]",2.33,5.7,0.824,3.93,1.19,0.551,1.4,0.249,1.6,0.345,0.982,0.148,0.961,0.144
17.73495,100.5525,"BASALTIC-ANDESITE [23923]",5.08,12.3,1.82,8.42,2.82,0.86,2.37,0.53,3.25,0.77,2.26,0.33,2.15,0.3
17.73495,100.5525,"BASALTIC-ANDESITE [23923]",3.98,9.81,1.46,6.85,2.01,0.75,2.09,0.45,2.9,0.68,1.89,0.28,1.9,0.28
17.73495,100.5525,"BASALTIC-ANDESITE [23923]",5.24,12.3,1.89,8.87,2.6,0.96,2.64,0.53,3.49,0.81,2.33,0.38,2.21,0.32
17.73495,100.5525,"BASALTIC-ANDESITE [23923]",4.33,10.8,1.53,7.28,2.12,0.61,2.22,0.43,2.82,0.64,1.88,0.3,1.95,0.28
17.73495,100.5525,"BASALTIC-ANDESITE [23923]",5.31,12.3,1.81,8.71,2.47,0.87,2.45,0.55,3.29,0.79,2.12,0.33,2,0.32
17.73495,100.5525,"BASALTIC-ANDESITE [23923]",4.69,11.7,1.82,8.5,2.75,1.04,2.49,0.53,3.32,0.74,2.09,0.31,2.05,0.33
17.73495,100.5525,"BASALTIC-ANDESITE [23923]",4.7,11.7,1.8,8.51,2.3,0.81,2.16,0.48,3.11,0.75,1.95,0.29,1.87,0.29
17.73495,100.5525,"BASALTIC-ANDESITE [23923]",5.63,13.3,1.94,9.61,2.86,1.03,2.8,0.58,3.93,0.87,2.32,0.35,2.26,0.34
17.73495,100.5525,"BASALTIC-ANDESITE [23923]",4.79,11.8,1.75,8.39,2.58,0.9,2.59,0.58,3.75,0.87,2.32,0.34,2.26,0.36
-41.57,-71.49,"BASALTIC-ANDESITE [23930]",12,27.8,4.2,17.1,4.1,1.2,3.6,0.5,3.1,0.7,1.9,0.3,1.7,0.3
-40.61,-71.62,"BASALTIC-ANDESITE [23930]",17.7,41.7,6.5,25.9,6,1.7,5.7,0.9,5.4,1.1,3.2,0.5,3,0.5
25.2,116.4,"BASALTIC-ANDESITE [23938]",54.5,113,13,54.2,9.76,2.52180852,8.011059204,1.08,5.42,1.05,3,0.396,2.59,0.346
25.2,116.4,"BASALTIC-ANDESITE [23938]",56.6,117,13.5,53,9.23,2.744819578,8.0628598,1,5.2,0.863,2.47,0.32,2.08,0.284
25.2,116.4,"BASALTIC-ANDESITE [23938]",58.9,119,13.6,53.7,9.15,2.677115476,7.536714773,1.01,4.84,0.843,2.34,0.307,2.07,0.285
25.2,116.4,"BASALTIC-ANDESITE [23938]",44.5,86.8,9.94,38.4,6.71,1.918866291,6.392233205,0.867,4.68,0.839,2.35,0.319,2.18,0.323
25.2,116.4,"BASALTIC-ANDESITE [23938]",45,88.6,10,38.1,6.98,1.855354949,6.236810722,0.852,4.65,0.862,2.42,0.343,2.11,0.321
25.2,116.4,"BASALTIC-ANDESITE [23938]",47.3,94.2,10.1,39.1,7.46,1.802505858,6.400254396,0.867,4.72,0.874,2.6,0.338,2.44,0.335
25.2,116.4,"BASALTIC-ANDESITE [23938]",27.7,58.2,6.8,26.3,5.01,1.421604893,4.401561537,0.623,3.01,0.555,1.53,0.219,1.31,0.202
25.2,116.4,"BASALTIC-ANDESITE [23938]",26.3,55.8,6.64,26.1,5.02,1.40535193,3.988780398,0.576,2.97,0.564,1.53,0.209,1.26,0.194
25.2,116.4,"BASALTIC-ANDESITE [23938]",29.8,61.5,7.24,27.6,5.17,1.510737246,4.221574105,0.611,2.97,0.543,1.64,0.208,1.45,0.186
25.2,116.4,"BASALTIC-ANDESITE [23938]",31.1,62.8,7.55,29.3,5.47,1.433009695,4.324737735,0.627,2.83,0.536,1.43,0.206,1.33,0.184
25.2,116.4,"BASALTIC-ANDESITE [23938]",29.6,61,7.29,28.7,5.11,1.54054948,4.404675323,0.637,3.18,0.587,1.61,0.208,1.34,0.2
-38.8193,-71.3308,"BASALTIC-ANDESITE [23943]",15.8,35,4.45,18.2,4.3,1.37,4.7,0.8,4.6,0.9,2.8,0.43,2.8,0.42
-38.4571,-71.3146,"BASALTIC-ANDESITE [23943]",9.2,21.4,2.94,13.2,3.3,1.01,3.8,0.7,4,0.8,2.3,0.33,2.1,0.32
38.9708,41.1039,"BASALTIC-ANDESITE [23956]",16.9,39.3,5.37,23.8,5.7,2.06,6.1,1,6.1,1.2,3.3,0.47,3.1,0.45
39.2839,40.8336,"BASALTIC-ANDESITE [23956]",15.2,36.1,4.88,20.8,5.2,1.79,5.6,0.9,5,1,2.9,0.41,2.6,0.38
39.3067,40.7151,"BASALTIC-ANDESITE [23956]",16.4,38,5.05,21.6,5.2,1.81,5.5,0.9,5.1,1,2.9,0.4,2.5,0.37
-14.632,-175.82,"BASALTIC-ANDESITE [20426]",46.76,82.5,8.85,32,5.75,1.73,4.82,0.72,4.21,0.83,2.21,0.31,1.95,0.31
42.8972,11.7669,"BASALTIC-ANDESITE [15734] / LATITE [12849]",46.002,104.1984,12.208,43.98,7.2219,1.7388,5.2041,0.7849,4.402,0.9198,2.3121,0.3267,1.94,0.3094
42.8975,11.7669,"BASALTIC-ANDESITE [15734] / LATITE [12849] / NOT GIVEN [23164]",47.8,103,12.5,47.1,7.87,1.85,6.2,0.86,4.5,0.87,2.48,0.35,2.15,0.32
44.5,113,"BASALTIC-ANDESITE [23984]",14.058,32.5975,4.9275,21.807,5.076,1.5012,4.386,0.83952,4.77075,1.008,2.6222,0.5248,3.08952,0.4488
44.5,113,"BASALTIC-ANDESITE [23984]",34.58371087,77.51900716,10.57513453,45.36579293,9.528730241,2.438561714,8.078626581,1.449226889,7.937659969,1.473566898,4.126600659,0.629088881,3.753806132,0.556885625
44.5,113,"BASALTIC-ANDESITE [23984]",28.65830714,62.15608231,8.010115939,33.98333369,6.714599273,1.954780501,5.567129843,0.981330462,5.478343779,1.05837706,2.924329934,0.457882435,2.614927261,0.437119951
44.5,113,"BASALTIC-ANDESITE [23984]",16.66412494,41.2968545,5.721211351,26.15627041,5.947449087,1.558282056,4.551906383,0.888323877,5.107283702,0.961418508,2.572617451,0.393587455,2.351812026,0.371287829
44.5,113,"BASALTIC-ANDESITE [23984]",19.23260928,46.35991561,6.140017772,26.59420301,5.405261194,1.537071229,4.231583876,0.826284692,4.613254771,0.892082372,2.506603245,0.399206323,2.365724829,0.380718201
44.5,113,"BASALTIC-ANDESITE [23984]",26.62721633,59.2513338,7.835981949,34.36234423,7.005018745,2.082321063,5.829324839,1.007947512,5.355393016,0.968365929,2.673998952,0.40232406,2.394029433,0.385803427
39.0043,26.3205,"BASALTIC-ANDESITE [18105]",25.5,47.7,5.37,21.5,4.3,1.13,3.8,0.59,3.44,0.67,2,0.32,1.94,0.29
39.0187,26.3168,"BASALTIC-ANDESITE [18105]",23.7,46.5,5.14,20.3,3.91,1.17,3.79,0.57,3.22,0.63,1.96,0.3,1.9,0.29
39.0181,26.3166,"BASALTIC-ANDESITE [18105]",95.3,173,17.5,60.1,8.95,1.47,6.61,0.87,4.57,0.87,2.73,0.44,2.76,0.41
-26.87,26.72,"BASALTIC-ANDESITE [23987]",11.3,20.02,2.37,13.87,3.079,1.07,2.66,0.48,2.64,0.5,1.44,0.23,1.34,0.13
-26.87,26.72,"BASALTIC-ANDESITE [23987]",10.95,18.12,1.98,8.28,2.29,0.71,2.28,0.46,2.84,0.62,1.86,0.34,2.09,0.25
51,-74,"BASALTIC-ANDESITE [7164]",2.88,5.9,0.83,3.22,0.95,0.36,1.32,0.25,1.82,0.4,1.22,0.18,1.11,0.17
51,-74,"BASALTIC-ANDESITE [7164]",2.8,5.43,0.75,3.12,0.93,0.4,1.32,0.24,1.81,0.41,1.25,0.22,1.38,0.21
51,-74,"BASALTIC-ANDESITE [7164]",5.4,12,1.6,6.7,2,0.76,2.7,0.48,3.1,0.72,2.1,0.36,2.4,0.38
42.5,92,"BASALTIC-ANDESITE [24002]",23.1,51.2,7.26,31.6,6.89,2.08,7.07,1.01,5.7,1.15,3.26,0.45,2.75,0.43
42.5,92,"BASALTIC-ANDESITE [24002]",17.1,36.2,5.04,22.1,5.19,1.68,5.54,0.82,4.82,0.96,2.86,0.4,2.5,0.37
42.5,92,"BASALTIC-ANDESITE [24002]",17.1,39.3,5.81,26.7,6.56,1.73,7.49,1.2,7.1,1.47,4.59,0.64,3.98,0.62
42.5,92,"BASALTIC-ANDESITE [24002]",15.2,34.5,5.19,24.4,6.09,1.37,6.84,1.05,6.31,1.39,4.22,0.63,4.1,0.65
51,-74,"BASALTIC-ANDESITE [7164]",16,37,4.8,20,4.2,1.3,3.9,0.6,3.5,0.74,2,0.33,2.1,0.32
51,-74,"BASALTIC-ANDESITE [7164]",8.2,19,2.8,12,3.8,1.3,4.2,0.66,3.7,0.76,2.1,0.35,2.3,0.36
51,-74,"BASALTIC-ANDESITE [7164]",41,91,11,42,7.5,1.9,5.6,0.68,3.4,0.64,1.6,0.26,1.7,0.25
51,-74,"BASALTIC-ANDESITE [7164]",19,45,5.6,23,4.6,1.3,4.6,0.72,4.3,0.85,2.3,0.38,2.4,0.35
51,-74,"BASALTIC-ANDESITE [7164]",20,45,5.5,21,4.1,1.1,4,0.6,3.3,0.68,1.9,0.3,1.9,0.3
51,-74,"BASALTIC-ANDESITE [7164]",24,52,6.2,23,4.4,1.2,4.3,0.7,4,0.83,2.3,0.37,2.4,0.36
51,-74,"BASALTIC-ANDESITE [7164]",31,61,8.5,33,5.9,1.3,5.1,0.75,4,0.78,2.2,0.36,2.3,0.35
-25.9,177.2,"BASALTIC-ANDESITE [24016]",3.294251546,8.825059865,1.524302046,7.615439675,2.682505538,0.971498084,3.26792638,0.595075575,4.247173697,0.854192332,2.561242953,0.424063963,2.785266436,0.434209632
-25.9,177.2,"BASALTIC-ANDESITE [24016]",3.24650833,9.304738131,1.620588328,8.408233678,3.104759535,1.130272031,3.697221111,0.649615918,4.690377566,0.938296407,2.841932623,0.470578159,3.236128118,0.485267702
-51.312935,-72.217257,"BASALTIC-ANDESITE [24018]",12.92608508,26.25538955,3.595595713,15.67293827,4.061414392,1.241908909,4.183761219,0.672079168,4.095143168,0.866282129,2.322333481,0.344483205,2.31108341,0.407815247
-51.31356,-72.22148,"BASALTIC-ANDESITE [24018]",27.37767259,61.31178237,8.210264429,35.45416833,8.383163088,2.39608388,8.325148411,1.279524959,7.44786,1.468719432,3.8073,0.542154754,3.241470224,0.505726055
-51.312933,-72.221028,"BASALTIC-ANDESITE [24018]",6.910672349,15.2603974,2.056753469,9.637258988,2.681726835,1.084532935,2.900352595,0.507214521,3.255938756,0.702410871,1.990912555,0.28472839,1.763338863,0.286713192
-51.312933,-72.221028,"BASALTIC-ANDESITE [24018]",7.602577501,19.15989672,2.806514411,12.87666784,3.415035609,1.291759456,3.69280661,0.641877755,4.012631717,0.800409372,2.233021436,0.324680945,2.044850425,0.308193931
-51.311789,-72.220414,"BASALTIC-ANDESITE [24018]",8.549076585,19.60557193,2.754614032,12.07911237,3.009364885,1.278782196,3.351647281,0.579769999,3.670240418,0.784898764,2.203455421,0.334645154,2.120598896,0.337149302
-51.311789,-72.220414,"BASALTIC-ANDESITE [24018]",25.42099091,51.42858923,6.917496562,30.87865984,7.546966065,2.239239561,8.137508133,1.255807949,7.697533641,1.612766675,4.472992209,0.672233363,4.156591355,0.677728528
-51.312933,-72.221028,"BASALTIC-ANDESITE [24018]",20.56435999,42.64799273,5.852125407,26.61881763,6.860301591,1.906288533,7.346868267,1.171116961,7.062883575,1.447125136,3.88508064,0.540733332,3.279464443,0.511745618
-51.311789,-72.220414,"BASALTIC-ANDESITE [24018]",15.73077144,32.65788259,4.454173335,19.95772614,4.957639159,1.588555005,5.410740673,0.808561319,4.874740497,0.978287282,2.520156115,0.353618068,2.057126098,0.318270034
-51.312933,-72.221028,"BASALTIC-ANDESITE [24018]",17.41069194,39.88364551,5.480519273,23.95280048,5.993197842,1.843972642,6.156077153,1.004587373,6.129468261,1.258185747,3.439079943,0.491691019,3.017185228,0.5057391
-51.31356,-72.22148,"BASALTIC-ANDESITE [24018]",18.85889318,46.10544039,6.549482073,29.15961178,7.42476266,2.155307488,7.866906467,1.285142502,8.125889643,1.657914922,4.518429482,0.659541583,4.118338082,0.658145417
-51.311789,-72.220414,"BASALTIC-ANDESITE [24018]",13.27407091,30.68361023,4.213928252,18.42285415,4.609301615,1.643284722,4.689072655,0.726902515,4.414919996,0.86381842,2.244588673,0.308114456,1.792756029,0.274663297
-51.311789,-72.220414,"BASALTIC-ANDESITE [24018]",29.07507383,58.50164762,7.902647458,35.30478553,8.551882412,2.339163848,9.041521759,1.365344808,7.965705557,1.625319096,4.354161791,0.600448956,3.553917464,0.554815452
-0.95337,-89.53429,"BASALTIC-ANDESITE [24087]",30.30683019,59.71524199,7.596284097,30.62454243,6.92240209,2.125396116,7.575416506,1.242640753,8.089899413,1.700480685,4.611763588,0.674761549,4.24581115,0.635297471
-1.4059,-89.6499,"BASALTIC-ANDESITE [24087]",22.15061174,47.93530466,5.885163535,23.3755389,5.36842409,1.596930638,5.44811652,0.86320853,5.362150324,1.127803766,3.172708742,0.472486595,3.019807116,0.458053504
20.4169,81.0805,"BASALTIC-ANDESITE [24104]",7.16,14.6,1.72,8.548,2.06,0.558,1.97,0.33,2.15,0.45,1.38,0.208,1.4,0.217
20.4168,81.0801,"BASALTIC-ANDESITE [24104]",11.1,21.9,2.55,11.03,2.51,0.776,2.72,0.49,3.2,0.66,1.97,0.305,1.98,0.311
20.3865,81.0783,"BASALTIC-ANDESITE [24104]",13.6,27.1,3.14,13.11,2.939,0.863,3.12,0.51,3.16,0.66,1.91,0.298,1.93,0.311
20.3483,81.0612,"BASALTIC-ANDESITE [24104]",10.3,20.4,2.35,9.04,2.22,0.75,2.57,0.43,2.79,0.6,1.71,0.271,1.8,0.292
38.42,-1.58,"BASALTIC-ANDESITE [9872] / LAMPROITE [10151]",111.38,292.35,43.69,199,34.98,5.43,17.39,1.7,6.63,1.03,2.31,0.35,2.13,0.31
37.22,-1.93,"BASALTIC-ANDESITE [9872] / LAMPROITE [10151]",94.79,243.09,34.88,154.06,26.58,4.13,13.78,1.33,5.17,0.8,1.77,0.27,1.58,0.23
38,-6,"BASALTIC-ANDESITE [24136]",20.8,46.4,6.31,26.4,5.83,1.32,5.31,0.85,4.91,0.84,2.75,0.45,2.63,0.47
38,-6,"BASALTIC-ANDESITE [24136]",10.1,21.7,3.22,13.3,3.31,1.02,3.33,0.58,3.48,0.8,2.07,0.37,2.16,0.4
38,-6,"BASALTIC-ANDESITE [24136]",8.87,19.3,2.83,11.7,2.76,0.81,2.75,0.47,2.84,0.65,1.67,0.3,1.75,0.31
38,-6,"BASALTIC-ANDESITE [24136]",11.5,25.5,3.88,16.1,3.57,1.03,3.27,0.51,3,0.66,1.64,0.3,1.67,0.29
-51.73,-71.6,"BASALTIC-ANDESITE [7265]",19.1,41,5.5,25.2,6.5,2.2,6.4,1.02,5.2,0.95,2.27,0.34,1.81,0.23
-51.73,-71.6,"BASALTIC-ANDESITE [7265]",18.7,40,5.4,24.7,6.7,2.22,6.6,1.02,5.3,1,2.33,0.34,1.87,0.25
31,-8.2,"BASALTIC-ANDESITE [24138]",34.5,82.6,10,42,9.8,2.4,10.2,1.7,9.1,1.9,5.22,0.44,4.8,0.7
31,-8.2,"BASALTIC-ANDESITE [24138]",29,66.6,8,35.4,8.7,2.1,8.7,1.4,8.2,1.6,4.7,0.4,4.1,0.6
31,-8.2,"BASALTIC-ANDESITE [24138]",26.9,61.2,6.9,30.2,7,2,7.1,1.1,6.7,1.5,3.4,0.3,3,0.4
-51.73,-71.6,"BASALTIC-ANDESITE [7265]",19.2,41,5.5,24.7,6.7,2.32,7.1,1.07,5.6,1.03,2.43,0.34,1.79,0.25
-51.73,-71.6,"BASALTIC-ANDESITE [7265]",18,39,5.2,24.1,6.3,2.14,6.2,1.02,5.4,0.96,2.25,0.34,1.77,0.23
31,-8.2,"BASALTIC-ANDESITE [24138]",13.4,33,3.9,19.5,5.1,1.3,5.2,0.8,5.2,0.8,2.4,0.2,1.9,0.3
31,-8.2,"BASALTIC-ANDESITE [24138]",14,34.5,4,20.1,5,1.5,5,0.7,4.8,0.7,2.1,0.2,1.7,0.3
31,-8.2,"BASALTIC-ANDESITE [24138]",14.3,34.9,4,20.1,5.1,1.5,5.4,0.8,7.5,0.8,2.5,0.2,2.1,0.4
-51.73,-71.6,"BASALTIC-ANDESITE [7265]",17.9,38,5.1,23.8,6.4,2.17,6.4,1.01,5.2,0.96,2.19,0.31,1.68,0.24
49.42,20.4,"BASALTIC-ANDESITE [9502]",33,50.5,7.03,26.5,5.06,1.66,4.62,0.75,4.23,0.8,2.27,0.336,2.16,0.317
49.42,20.4,"BASALTIC-ANDESITE [9502]",26.1,42.4,5.8,22.3,4.36,1.45,3.88,0.65,3.58,0.68,1.93,0.278,1.86,0.272
49.42,20.4,"BASALTIC-ANDESITE [9502]",31.6,50.4,6.88,25.8,4.89,1.59,4.3,0.72,3.94,0.75,2.16,0.325,2.09,0.32
49.42,20.4,"BASALTIC-ANDESITE [9502]",30.4,50.2,6.89,26.9,5.46,1.78,4.95,0.82,4.39,0.82,2.39,0.346,2.25,0.34
57,93.5,"BASALTIC-ANDESITE [24187]",4.8,12.8,2.1,11,3.8,1.17,5.22,1,6.86,1.54,4.46,0.72,4.53,0.72
57,93.5,"BASALTIC-ANDESITE [24187]",14.6,36,5.2,24,5.9,1.8,6.8,1.24,7.5,1.53,4.5,0.71,4.4,0.65
64.0269,-19.6017,"BASALTIC-ANDESITE [19556] / DACITE [25539] / NOT GIVEN [20727]",64.67739329,138.1784996,16.59009509,67.33790898,14.74799713,4.026568594,14.64767916,2.301821566,14.06635494,2.811737799,7.888917413,1.156257427,7.32653176,1.137399879
64.02,-19.65,"BASALTIC-ANDESITE [1213]",54.19003458,122.9706186,15.9405712,68.910191,15.73262263,4.867798663,16.0289169,2.378610729,14.23620324,2.776806663,7.546315194,1.036733582,6.602907259,0.944962112
63.9607,-19.5911,"BASALTIC-ANDESITE [19556] / NOT GIVEN [20727] / BASALT [1103]",51.76478656,117.5444355,15.92929007,67.17760782,16.04456993,4.814096239,16.25035812,2.588564235,14.42569924,2.831308789,7.411799781,0.971242109,6.494572108,0.956960386
63.9411,-19.9491,"BASALTIC-ANDESITE [19556] / NOT GIVEN [20727]",53.26556256,119.9767932,16.02477084,66.4292358,15.82166585,4.70289411,15.85776951,2.552828617,14.34172164,2.826194968,7.456268207,1.029838509,6.663620096,0.983933966
64.0059,-19.6163,"BASALTIC-ANDESITE [19556] / NOT GIVEN [20727] / BASALT [1213]",51.75884441,116.9104195,15.78137447,65.90143854,15.74519809,4.689890467,15.92401933,2.539371611,14.21903188,2.793430203,7.331486829,0.998951217,6.438511415,0.95145668
63.9898,-19.5501,"ANDESITE [19556] / BASALTIC-ANDESITE [25539]",49.27442945,115.3399147,15.3222284,67.69672086,15.89522368,4.736343454,16.1373083,2.341227879,13.8847522,2.708494337,7.290079148,0.974890546,6.290682641,0.895919203
64.0061,-19.6159,"BASALTIC-ANDESITE [19556] / BASALT [25539] / NOT GIVEN [20727]",52.40160586,118.177868,15.89803888,66.33849146,15.85811547,4.749663629,15.96881176,2.556971733,14.35496834,2.820367691,7.47804453,0.98591211,6.614541272,0.971301773
63.9696,-19.57,"BASALTIC-ANDESITE [19556] / BASALT [1213]",49.8876969,117.4202585,15.38822493,66.69954653,15.20553557,4.74386069,15.98193422,2.354896676,13.3198174,2.683385394,7.21709255,0.993268072,6.247844564,0.915357617
39.3945,-118.3038,"BASALTIC-ANDESITE [24229]",23.03,50.7,6.558,28.17,5.69,1.549,5.098,0.724,4.104,0.802,2.264,0.32,2.06,0.305
39.73,-119.2761,"BASALTIC-ANDESITE [24229]",30.55,65.9,8.42,34.52,6.95,1.812,6.038,0.851,4.8,0.933,2.655,0.385,2.46,0.372
39.7256,-119.2832,"BASALTIC-ANDESITE [24229]",34.15,74.68,9.482,39.06,7.68,2.005,6.337,0.875,4.986,0.953,2.75,0.386,2.52,0.381
39.7246,-119.2828,"BASALTIC-ANDESITE [24229]",28.63,62.05,8.013,34.03,6.84,1.837,5.922,0.829,4.825,0.922,2.654,0.371,2.41,0.36
39.7262,-119.2841,"BASALTIC-ANDESITE [24229]",34.24,72.87,9.242,37.27,7.22,1.826,5.93,0.833,4.717,0.911,2.608,0.372,2.42,0.365
39.7678,-118.9828,"BASALTIC-ANDESITE [24229]",41.32,88.79,11.286,45.74,8.9,2.112,7.553,1.078,6.183,1.213,3.46,0.494,3.22,0.488
39.7678,-118.9828,"BASALTIC-ANDESITE [24229]",42.13,90.53,11.388,46.66,8.99,2.13,7.594,1.088,6.31,1.223,3.478,0.498,3.25,0.497
39.5787,-119.7008,"BASALTIC-ANDESITE [24229]",13.38,28.7,3.844,16.77,3.72,1.159,3.424,0.514,3.078,0.608,1.721,0.241,1.56,0.235
39.5583,-119.7028,"BASALTIC-ANDESITE [24229]",9.53,20.59,2.745,11.94,2.85,0.906,2.962,0.471,2.9,0.606,1.769,0.259,1.71,0.259
39.3935,-119.6068,"BASALTIC-ANDESITE [24229]",29.93,62.41,7.872,31.78,6,1.764,4.696,0.621,3.541,0.671,1.888,0.264,1.7,0.252
39.3942,-119.6085,"BASALTIC-ANDESITE [24229]",14.67,29.66,3.887,16.62,3.6,1.119,3.353,0.491,2.933,0.586,1.693,0.241,1.63,0.239
39.4858,-120.04683,"BASALTIC-ANDESITE [24229]",9.94,21.34,2.93,12.9,2.93,0.923,2.809,0.44,2.665,0.542,1.55,0.222,1.47,0.224
39.7698,-120.4627,"BASALTIC-ANDESITE [24229]",9.15,19.92,2.716,12.22,2.69,0.868,2.673,0.409,2.468,0.511,1.496,0.219,1.42,0.212
39.6863,-120.4946,"BASALTIC-ANDESITE [24229]",13.26,23.47,3.265,13.69,2.94,0.899,3.031,0.465,2.838,0.633,1.845,0.266,1.72,0.26
39.2188,-120.3289,"BASALTIC-ANDESITE [24229]",14.85,31.12,4.112,17.37,3.58,1.008,3.045,0.425,2.462,0.48,1.383,0.194,1.3,0.196
39.3425,-120.3508,"BASALTIC-ANDESITE [24229]",12.55,26.87,3.566,15.26,3.53,1.02,3.28,0.497,2.981,0.615,1.803,0.259,1.7,0.254
39.25,-120.7917,"BASALTIC-ANDESITE [24229]",17.68,36.13,5.197,22.24,4.39,1.282,3.939,0.576,3.183,0.661,1.792,0.272,1.67,0.254
19.9871,-101.7062,"BASALTIC-ANDESITE [20298]",19,39.1,4.62,19.8,4.43,1.4,4.28,0.67,3.88,0.75,2.06,0.303,1.84,0.283
19.9674,-101.6946,"BASALTIC-ANDESITE [20298]",14.5,32.5,3.95,16.4,3.25,1.15,2.65,0.42,2.3,0.43,1.17,0.178,1.18,0.187
19.9671,-101.7003,"BASALTIC-ANDESITE [20298]",14.5,30.7,4.16,16.8,3.28,1.1,2.87,0.43,2.42,0.47,1.32,0.201,1.28,0.185
19.951,-101.6891,"BASALTIC-ANDESITE [20298]",13.7,29.2,4.01,16.5,3.17,1.04,2.88,0.42,2.47,0.47,1.32,0.204,1.3,0.191
19.9513,-101.6902,"BASALTIC-ANDESITE [20298]",13.3,28.3,3.84,15.9,3.03,1.04,2.73,0.43,2.43,0.47,1.27,0.197,1.25,0.181
19.9648,-101.6746,"BASALTIC-ANDESITE [20298]",13,27.7,3.8,15.7,3.06,1.03,2.76,0.41,2.4,0.47,1.31,0.205,1.33,0.183
19.9607,-101.6815,"BASALTIC-ANDESITE [20298]",27.7,48.9,5.65,20.4,3.47,1.07,2.79,0.42,2.34,0.45,1.27,0.183,1.21,0.196
19.9533,-101.6914,"BASALTIC-ANDESITE [20298]",13.2,28.1,3.82,15.6,3.18,1.05,2.78,0.44,2.47,0.47,1.3,0.199,1.3,0.186
19.9533,-101.6914,"BASALTIC-ANDESITE [20298]",13.1,27.8,3.8,15.7,3.13,1.05,2.83,0.44,2.4,0.47,1.32,0.205,1.28,0.194
19.9533,-101.6914,"BASALTIC-ANDESITE [20298]",13.5,28.6,3.9,16.1,3.23,1.07,2.85,0.43,2.34,0.46,1.32,0.201,1.31,0.176
19.9533,-101.6914,"BASALTIC-ANDESITE [20298]",13.4,28.3,3.85,15.7,3.07,0.989,2.87,0.42,2.38,0.47,1.32,0.202,1.26,0.181
19.9533,-101.6914,"BASALTIC-ANDESITE [20298]",13.5,28.1,3.87,15.6,3.21,1.04,2.81,0.44,2.38,0.47,1.3,0.206,1.32,0.181
19.9533,-101.6914,"BASALTIC-ANDESITE [20298]",13.4,28.2,3.86,15.9,3.15,1.02,2.76,0.43,2.38,0.45,1.28,0.192,1.28,0.174
19.9533,-101.6914,"BASALTIC-ANDESITE [20298]",13.3,28.4,3.85,15.8,3.05,0.994,2.7,0.42,2.37,0.46,1.31,0.196,1.26,0.195
19.9533,-101.6914,"BASALTIC-ANDESITE [20298]",14.7,30.7,4.21,16.9,3.29,1.07,2.95,0.44,2.4,0.47,1.32,0.2,1.28,0.187
19.9533,-101.6914,"BASALTIC-ANDESITE [20298]",23.1,45.6,5.92,23.7,4.9,1.51,4.69,0.74,4.08,0.77,2.18,0.331,2.1,0.309
19.9533,-101.6914,"BASALTIC-ANDESITE [20298]",18.9,38.9,5.1,21.3,4.55,1.39,4.41,0.7,3.91,0.74,2.14,0.324,2.06,0.306
19.9584,-101.6813,"BASALTIC-ANDESITE [20298]",13.6,28.4,3.88,16.1,3.28,1.06,2.61,0.39,2.23,0.43,1.28,0.186,1.18,0.184
19.9584,-101.6813,"BASALTIC-ANDESITE [20298]",14.9,30.3,3.91,16.1,3.6,1.11,2.57,0.4,2.14,0.42,1.2,0.176,1.18,0.179
19.9584,-101.6813,"BASALTIC-ANDESITE [20298]",13.9,29,3.92,16.3,3.19,1.09,2.58,0.39,2.21,0.41,1.15,0.179,1.15,0.172
19.9584,-101.6813,"BASALTIC-ANDESITE [20298]",13.8,29,3.8,16.3,3.4,1.05,2.63,0.4,2.23,0.41,1.18,0.177,1.18,0.181
-8.24,115.38,"BASALTIC-ANDESITE [7181]",13,28,3.3,14,3.4,1.1,3.4,0.5,3.3,0.7,2.1,0.3,2,0.3
-8.24,115.38,"BASALTIC-ANDESITE [7181]",11,26,3.3,15,3.7,1.2,3.8,0.6,3.7,0.7,2.2,0.3,2,0.3
-8.24,115.38,"BASALTIC-ANDESITE [7181]",11,24,3.2,14,3.7,1.3,3.9,0.6,3.7,0.8,2.2,0.3,2.1,0.3
43.806,-121.3637,"BASALTIC-ANDESITE [15780]",11.55,26.29,3.562,15.67,3.967,1.227722772,4.35,0.7098,4.141,0.8732,2.456,0.3428,2.322,0.3429
43.8229,-121.2947,"BASALTIC-ANDESITE [15780]",12.56,28.35,3.772,16.32,4.031,1.222772277,4.347,0.7058,4.15,0.8743,2.491,0.3451,2.398,0.3459
43.8143,-121.3014,"BASALTIC-ANDESITE [15780]",12.71,28.54,3.8,16.31,4.06,1.193894389,4.395,0.7129,4.168,0.8649,2.502,0.3507,2.423,0.3509
43.6213,-121.3125,"BASALTIC-ANDESITE [15780]",13.9,30.76,4.007,17.23,4.155,1.180693069,4.666,0.7397,4.352,0.8984,2.622,0.3709,2.533,0.3774
43.9069,-121.3744,"BASALTIC-ANDESITE [15780]",14.66,32.26,4.144,17.21,4.081,1.146864686,4.567,0.7351,4.311,0.8995,2.65,0.3772,2.624,0.384
43.8336,-121.2741,"BASALTIC-ANDESITE [15780]",16.36,35.85,4.522,18.73,4.57,1.180693069,5.129,0.8424,5.094,1.064,3.177,0.4614,3.179,0.4726
37.2953,14.7386,"BASALTIC-ANDESITE [7813] / THOLEIITIC BASALT [10241]",19,39.5,5.1,21,5.5,2.01,6.6,1.02,6.01,1.14,2.76,0.4,2.36,0.34
58.08,-73,"BASALTIC-ANDESITE [5306]",4,10,1.6,7.62,2.41,0.84,3.2,0.55,3.4,0.71,2,0.29,1.9,0.29
58.08,-73,"BASALTIC-ANDESITE [5306]",32,58,7.9,32,6.4,1.7,5.5,0.82,4.6,0.94,2.4,0.36,2.2,0.34
58.08,-73,"BASALTIC-ANDESITE [5306]",3,8.4,1.3,7.38,2.55,0.97,3.8,0.68,4.2,0.86,2.4,0.41,2.4,0.35
58.08,-73,"BASALTIC-ANDESITE [5306]",4,10,1.6,8.41,2.85,1,4.1,0.72,4.4,0.96,2.8,0.44,2.7,0.4
28,109,"BASALTIC-ANDESITE [24270]",15.9,34.4,4.06,16.2,3.73,0.94,4.24,0.73,4.53,1,2.77,0.42,2.83,0.46
28,109,"BASALTIC-ANDESITE [24270]",13.5,29,3.43,13.6,2.98,0.84,3.5,0.61,3.94,0.85,2.37,0.37,2.39,0.38
28,109,"BASALTIC-ANDESITE [24270]",15,30.8,3.58,14.2,3.49,0.93,3.74,0.64,4.05,0.89,2.59,0.4,2.62,0.4
28,109,"BASALTIC-ANDESITE [24270]",11.1,23.6,2.84,11.6,2.71,0.66,3.05,0.51,3.35,0.71,2.11,0.3,2.02,0.33
28,109,"BASALTIC-ANDESITE [24270]",9.3,19.6,2.46,10.5,2.62,0.79,3.21,0.54,3.58,0.8,2.31,0.36,2.3,0.33
28,109,"BASALTIC-ANDESITE [24270]",10.1,21.9,2.58,11.1,2.32,0.46,2.7,0.43,2.97,0.7,2.1,0.32,2.15,0.33
28,109,"BASALTIC-ANDESITE [24270]",9.3,20.3,2.52,10.5,2.59,0.75,2.87,0.47,3.32,0.72,2.13,0.32,2.01,0.31
28,109,"BASALTIC-ANDESITE [24270]",10.1,21.5,2.46,10.4,2.32,0.55,2.57,0.45,2.94,0.63,1.93,0.29,1.92,0.29
28,109,"BASALTIC-ANDESITE [24270]",13.9,29.3,3.47,13.8,3.26,0.9,3.61,0.59,3.84,0.86,2.46,0.37,2.46,0.37
40.38,9.7,"BASALTIC-ANDESITE [7656]",16.67,31.66,3.4,17.08,4.77,1.67,4.57,0.7,3.72,0.64,1.77,0.23,1.33,0.17
43.2464,106.3815,"BASALTIC-ANDESITE [24282]",5.12,14.04,2.08,11.33,3.28,1.22,3.64,0.6,3.62,0.74,2.06,0.29,1.85,0.28
43.2464,106.3815,"BASALTIC-ANDESITE [24282]",5.68,14.9,2.34,12.08,3.42,1.26,3.8,0.61,3.7,0.75,2.1,0.3,1.88,0.29
43.2467,106.38,"BASALTIC-ANDESITE [24282]",5.75,14.09,1.96,10.14,2.71,1.02,2.93,0.45,2.75,0.55,1.55,0.22,1.39,0.21
43.2061,106.4284,"BASALTIC-ANDESITE [24282]",5.11,13.69,2.13,11.27,3.32,1.39,3.89,0.63,3.96,0.81,2.3,0.32,2.05,0.31
43.1337,106.4687,"BASALTIC-ANDESITE [24282]",6.85,18.38,2.78,13.98,3.98,1.52,4.63,0.76,4.77,0.99,2.79,0.4,2.55,0.39
43.1337,106.4687,"BASALTIC-ANDESITE [24282]",7.14,19.67,2.8,14.47,4.15,1.58,4.78,0.79,4.89,1.01,2.91,0.42,2.68,0.41
32.3127,60.5694,"BASALTIC-ANDESITE [24276]",14.49,35.23,4.47,18.86,4.64,1.18,4.47,0.68,4.02,0.81,2.23,0.31,1.94,0.28
21.17,71.5,"BASALTIC-ANDESITE [24288]",19.4,40.2,5.02,20.4,5,1.5,5.1,0.8,4.6,0.9,2.4,0.34,2,0.31
21.17,71.5,"BASALTIC-ANDESITE [24288]",16,32.5,3.85,15.9,4,1.17,4.2,0.7,4.4,0.9,2.5,0.37,2.4,0.35
21.17,71.5,"BASALTIC-ANDESITE [24288]",19.9,40.9,4.91,20.2,5.2,1.55,5.6,1,5.9,1.2,3.4,0.5,3.2,0.46
21.17,71.5,"BASALTIC-ANDESITE [24288]",15.1,29.8,3.39,13.1,3,0.93,3.3,0.6,3.7,0.8,2.4,0.36,2.4,0.38
-26.728,-67.206,"BASALTIC-ANDESITE [24294]",58,110,11,43,7,1.8,6.2,0.7,3.8,0.7,2.1,0.2,1.8,0.3
-26.729,-67.208,"BASALTIC-ANDESITE [24294]",62,115,12,45,7.5,1.9,6,0.7,4,0.8,1.9,0.3,1.8,0.3
-26.728,-67.211,"BASALTIC-ANDESITE [24294]",63,117,12,47,7.7,1.9,6.3,0.7,4,0.8,2.3,0.3,1.8,0.3
49.87,-74.35,"BASALTIC-ANDESITE [5844]",22.6,55.2,6.97,28.2,5.41,1.5,4.82,0.58,3.11,0.59,1.59,0.21,1.32,0.19
49.87,-74.35,"BASALTIC-ANDESITE [5844]",25.7,60.5,7.52,29.6,5.35,1.35,4.57,0.43,2.09,0.4,1.04,0.14,1.12,0.15
49.87,-74.35,"BASALTIC-ANDESITE [5844]",36.1,82,9.96,38.8,6.58,1.6,5.2,0.55,2.75,0.49,1.38,0.19,1.27,0.19
45.9721,102.5515,"BASALTIC-ANDESITE [24300]",20.6,40.6,4.56,18.9,4.3,1.16,3.72,0.58,3.28,0.71,1.88,0.27,2.1,0.35
45.3022,87.7593,"BASALTIC-ANDESITE [24305]",15.1,34.5,4.73,19.4,4.63,1.68,4.87,0.83,4.98,1.07,2.89,0.43,2.68,0.42
45.3022,87.7593,"BASALTIC-ANDESITE [24305]",34.9,78.5,9.92,39.2,7.64,2.09,6.51,0.85,4.66,0.92,2.46,0.35,2.22,0.35
45.3022,87.7593,"BASALTIC-ANDESITE [24305]",22.3,53,6.94,28.4,7.18,1.85,7.42,1.13,7.01,1.53,4.28,0.61,3.89,0.62
45.3022,87.7593,"BASALTIC-ANDESITE [24305]",27.7,64.1,7.96,28.2,7.86,1.71,6.37,0.9,5.58,1.18,3.27,0.48,2.96,0.48
45.3022,87.7593,"BASALTIC-ANDESITE [24305]",20.6,45.1,5.89,25,5.85,1.59,5.75,0.97,5.82,1.19,3.42,0.52,3.37,0.53
45.3022,87.7593,"BASALTIC-ANDESITE [24305]",18.8,44.2,5.94,24.5,5.68,1.65,5.84,0.9,5.7,1.22,3.47,0.53,3.3,0.52
45.3022,87.7593,"BASALTIC-ANDESITE [24305]",21,39.1,4.94,19.9,4.39,1.55,4.23,0.61,3.42,0.7,1.85,0.27,1.57,0.24
43.2097,106.3588,"BASALTIC-ANDESITE [24308]",6.13,15.2,2.33,11.8,3.41,1.17,3.45,0.56,3.52,0.73,2.07,0.31,1.99,0.3
43.2489,106.3948,"BASALTIC-ANDESITE [24308]",5.2,13.2,1.96,10.1,2.84,1.03,3,0.48,3.01,0.61,1.73,0.26,1.65,0.25
43.0357,106.6873,"BASALTIC-ANDESITE [24308]",27.3,64.1,8.72,39.1,8.64,2.38,7.76,1.24,7.47,1.5,4.17,0.63,3.96,0.59
56.63,161.32,"BASALTIC-ANDESITE [24346]",6.2,15.3,2.15,10.5,2.6,0.83,2.78,0.44,2.69,0.57,1.63,0.23,1.58,0.22
-39.54955,-71.70946,"BASALTIC-ANDESITE [24347]",18.16,40.52,5.208920835,21.59,4.703012253,1.251304136,4.509061071,0.695561233,4.163865131,0.844553985,2.508698346,0.394340108,2.460903949,0.374185271
-23.8341,-67.9515,"BASALTIC-ANDESITE [24351]",39,80,9.4,36,6.4,1.6,4.6,0.58,2.9,0.54,1.3,0.18,1.1,0.15
19.45,-97.4,"BASALTIC-ANDESITE [24364]",16.3,34.5,4.23,17.4,3.93,1.24,3.87,0.63,3.82,0.75,2.14,0.319,2.05,0.328
19.45,-97.4,"BASALTIC-ANDESITE [24364]",16.8,36,4.4,18.3,4.07,1.37,4.18,0.65,3.75,0.75,2.19,0.323,2.08,0.328
19.45,-97.4,"BASALTIC-ANDESITE [24364]",18.6,39.4,4.72,19.4,4.37,1.41,4.26,0.65,3.82,0.75,2.2,0.328,2.21,0.347
-62.95,-60.63,"BASALTIC-ANDESITE [24367]",14.98621867,36.95781394,5.254974154,23.34992861,6.28599899,2.09553759,6.917795779,1.207033391,7.551700584,1.559901044,4.278157553,0.616006282,3.805246473,0.604218203
-62.95,-60.63,"BASALTIC-ANDESITE [24367]",10.09043256,25.73983212,3.814707504,17.95054155,5.090016367,1.859611819,5.9342245,1.037423327,6.458442462,1.319207592,3.607731502,0.518327685,3.183631766,0.496811505
32.48606667,58.98986667,"BASALTIC-ANDESITE [24391]",16.9,35.5,4.7,20.2,4.36,1.19,3.94,0.6,3.5,0.71,2.15,0.32,2.09,0.31
32.45886667,58.95181667,"BASALTIC-ANDESITE [24391]",13.3,23.1,3.21,13.8,3.19,0.91,3.11,0.47,2.83,0.58,1.84,0.26,1.83,0.29
32.45128333,59.0402,"BASALTIC-ANDESITE [24391]",14.4,26.5,3.55,15.7,3.62,0.99,3.27,0.52,3.17,0.7,1.86,0.27,1.96,0.31
-38.09139,176.71,"BASALTIC-ANDESITE [24402]",14.8,30,4.27,17.9,4.15,1.29,4.41,0.76,4.52,0.95,2.77,0.42,2.73,0.42
-38.27278,176.5125,"BASALTIC-ANDESITE [24402]",12,28.5,3.88,17.2,4.3,1.44,4.65,0.82,4.84,1.03,2.96,0.43,2.84,0.45
-38.79556,175.80028,"BASALTIC-ANDESITE [24402]",9.22,20.3,2.46,10.2,2.32,0.73,2.47,0.41,2.34,0.49,1.43,0.2,1.38,0.22
-39.14472,175.56639,"BASALTIC-ANDESITE [24402]",11.4,24.9,3.11,12.9,3.04,0.89,3.19,0.53,3.05,0.64,1.85,0.27,1.77,0.28
-39.40167,175.40806,"BASALTIC-ANDESITE [24402]",6.79,14.4,1.87,7.99,1.95,0.65,2.19,0.4,2.44,0.54,1.57,0.24,1.62,0.26
37.582,23.348,"BASALTIC-ANDESITE [24407]",16.5,37.8,4.98,21.4,5.4,1.37,5.39,0.89,5.73,1.17,3.4,0.51,3.36,0.49
37.635,23.347,"BASALTIC-ANDESITE [24407]",22.6,59.1,8.14,35.8,8.78,1.75,8.53,1.4,8.97,1.82,5.22,0.78,5.12,0.74
37.602,23.407,"BASALTIC-ANDESITE [24407]",15,28.9,3.44,13.8,3.19,0.92,3.16,0.52,3.36,0.69,2.03,0.31,2.08,0.31
19.48,-100.4967,"BASALTIC-ANDESITE [6909]",22.07,45.62,5.71,24.73,5.74,1.76,5.11,0.82,4.74,0.91,2.38,0.34,2.04,0.32
19.55,-100.468,"BASALTIC-ANDESITE [6909]",23.02,43.95,5.58,24,5.76,1.78,5.58,0.89,5.2,1.04,2.75,0.38,2.31,0.37
19.7187,-100.5233,"BASALTIC-ANDESITE [6909]",16.26,33.09,4.16,17.85,4.53,1.56,4.47,0.74,4.35,0.87,2.32,0.33,1.99,0.32
19.555,-100.4567,"BASALTIC-ANDESITE [6909]",20.8,41.39,5.26,22.74,5.5,1.73,5.42,0.86,4.96,0.97,2.52,0.36,2.27,0.35
19.2449,-100.4363,"BASALTIC-ANDESITE [6909]",25.65,51.23,6.27,26.48,6.29,1.94,5.95,0.95,5.49,1.06,2.78,0.4,2.47,0.38
19.5735,-100.315,"BASALTIC-ANDESITE [6909]",32.98,57.7,7.9,33.36,7.32,2.08,6.83,1.05,5.91,1.18,3.08,0.43,2.66,0.41
18.8547,-100.1293,"BASALTIC-ANDESITE [6909]",18.29,37.19,4.76,20.2,4.58,1.44,4.02,0.62,3.61,0.72,1.91,0.26,1.67,0.26
19.0315,-100.1558,"BASALTIC-ANDESITE [6909]",21.07,30.81,4.27,18.54,4.21,1.42,4.42,0.69,4.05,0.84,2.25,0.32,1.91,0.3
19.1167,-100.2622,"BASALTIC-ANDESITE [6909]",22.34,44.55,5.52,23.33,4.98,1.58,4.2,0.63,3.43,0.65,1.66,0.24,1.45,0.22
19.4253,-100.4625,"BASALTIC-ANDESITE [6909]",28.77,59.19,7.75,33.77,7.48,2.12,5.42,0.75,3.84,0.68,1.61,0.22,1.34,0.21
19.417,-100.43,"BASALTIC-ANDESITE [6909]",21.47,45.34,5.88,25.55,5.95,1.76,4.72,0.67,3.49,0.62,1.53,0.21,1.29,0.2
19.3967,-100.515,"BASALTIC-ANDESITE [6909]",66.16,131.23,16.79,71.28,14.39,3.78,10.09,1.26,5.86,0.98,2.15,0.29,1.74,0.27
19.0608,-100.2625,"BASALTIC-ANDESITE [6909]",55.92,109.16,13.85,58.66,11.76,3.22,8.54,1.12,5.35,0.94,2.18,0.3,1.93,0.3
45.8766,90.1523,"BASALTIC-ANDESITE [24452]",13.6,27.4,3.25,13.9,3.16,0.99,2.92,0.46,2.88,0.61,1.74,0.26,1.76,0.28
45.8766,90.1523,"BASALTIC-ANDESITE [24452]",13.1,26.5,3.19,13.7,3.19,0.94,3.06,0.47,2.94,0.62,1.76,0.27,1.77,0.27
-39,174,"BASALTIC-ANDESITE [24471]",10.78,21.92,2.79,12.92,3.2,0.98,3.05,0.51,3.28,0.68,2.04,0.3,2.02,0.3
-39,174,"BASALTIC-ANDESITE [24471]",13.28,26.88,3.35,15.07,3.5,1.01,3.19,0.51,3.18,0.65,1.83,0.27,1.79,0.26
-39,174,"BASALTIC-ANDESITE [24471]",12.68,25.24,3.16,14.17,3.3,1.01,3.29,0.54,3.44,0.7,2.05,0.31,2.08,0.32
-39,174,"BASALTIC-ANDESITE [24471]",12.57,25.35,3.18,14.69,3.52,1.02,3.4,0.56,3.5,0.71,2.01,0.3,2,0.29
-39,174,"BASALTIC-ANDESITE [24471]",13.2,26.37,3.29,15.05,3.48,1.04,3.29,0.51,3.21,0.64,1.86,0.27,1.75,0.26
-39,174,"BASALTIC-ANDESITE [24471]",12.65,22.7,3.04,14.1,3.41,1.01,3.47,0.56,3.64,0.76,2.19,0.32,2.14,0.32
-39,174,"BASALTIC-ANDESITE [24471]",12.67,25.79,3.29,14.66,3.55,1.03,3.23,0.5,3.38,0.67,1.97,0.29,1.95,0.28
-39,174,"BASALTIC-ANDESITE [24471]",9.48,20.67,2.53,11.51,2.88,0.97,2.84,0.47,3,0.64,1.83,0.28,1.79,0.27
-39,174,"BASALTIC-ANDESITE [24471]",10.36,20.39,2.34,10.44,2.56,0.83,2.47,0.38,2.54,0.5,1.46,0.21,1.42,0.22
-39,174,"BASALTIC-ANDESITE [24471]",14.54,28.59,3.58,16.04,3.6,1.01,3.31,0.51,3.33,0.68,2.01,0.29,1.94,0.29
-39,174,"BASALTIC-ANDESITE [24471]",14.54,29.02,3.57,15.9,3.62,1.02,3.31,0.52,3.34,0.69,1.94,0.28,1.98,0.29
-39,174,"BASALTIC-ANDESITE [24471]",11.22,20.71,2.47,10.85,2.53,0.83,2.29,0.37,2.29,0.45,1.31,0.2,1.37,0.21
-39,174,"BASALTIC-ANDESITE [24471]",9.75,18.83,2.57,12.41,3.2,0.97,3.4,0.55,3.68,0.76,2.32,0.34,2.32,0.34
-39,174,"BASALTIC-ANDESITE [24471]",12.71,25.74,3.3,14.97,3.66,1.09,3.47,0.56,3.71,0.74,2.09,0.29,1.99,0.29
-39,174,"BASALTIC-ANDESITE [24471]",9.74,19.28,2.63,12.27,3.16,0.99,3.14,0.53,3.43,0.73,2.12,0.31,2.08,0.3
-39,174,"BASALTIC-ANDESITE [24471]",12.33,22.37,2.65,11.31,2.55,0.82,2.32,0.38,2.47,0.5,1.49,0.23,1.57,0.24
-39,174,"BASALTIC-ANDESITE [24471]",13.5,27.75,3.48,15.61,3.58,1.05,3.26,0.55,3.39,0.66,1.97,0.28,1.95,0.29
-39,174,"BASALTIC-ANDESITE [24471]",13.49,26.86,3.4,15.3,3.61,0.99,3.27,0.53,3.34,0.68,1.97,0.29,1.92,0.28
-39,174,"BASALTIC-ANDESITE [24471]",11.73,25.31,3.3,15.2,3.64,1.11,3.56,0.58,3.78,0.77,2.2,0.33,2.17,0.31
-39,174,"BASALTIC-ANDESITE [24471]",15.86,32.06,3.93,17.33,3.93,1.19,3.76,0.58,3.68,0.74,2.03,0.29,1.89,0.27
-39,174,"BASALTIC-ANDESITE [24471]",13.88,28.78,3.58,15.94,3.73,1.1,3.58,0.57,3.52,0.71,2,0.29,1.9,0.28
-39,174,"BASALTIC-ANDESITE [24471]",14.52,29.49,3.58,16,3.8,1.11,3.63,0.56,3.58,0.71,2.07,0.31,1.96,0.28
-39,174,"BASALTIC-ANDESITE [24471]",12.17,25.81,3.31,15.13,3.63,1.11,3.64,0.57,3.65,0.74,2.12,0.32,1.95,0.3
-39,174,"BASALTIC-ANDESITE [24471]",10.06,19.88,2.74,12.53,3.19,0.97,3.3,0.54,3.46,0.72,2.13,0.3,2.01,0.31
-39,174,"BASALTIC-ANDESITE [24471]",11.37,24.87,3.12,13.54,3.15,1.01,3.34,0.55,3.38,0.69,2.03,0.31,2.13,0.31
-39,174,"BASALTIC-ANDESITE [24471]",11.95,25.29,3.26,13.95,3.19,1.02,3.47,0.56,3.29,0.69,2.03,0.3,2.1,0.31
-39,174,"BASALTIC-ANDESITE [24471]",12.87,27.32,3.52,15.24,3.62,1.1,3.56,0.58,3.51,0.71,2.05,0.3,1.96,0.29
-39,174,"BASALTIC-ANDESITE [24471]",12.82,26.29,3.42,15.5,3.64,1.1,3.75,0.6,3.71,0.72,2.07,0.31,2.1,0.3
-39,174,"BASALTIC-ANDESITE [24471]",11.61,25.51,3.3,14.38,3.42,1.04,3.55,0.58,3.45,0.7,2.11,0.31,2.07,0.3
-39,174,"BASALTIC-ANDESITE [24471]",12.85,26.71,3.46,15.37,3.47,1.08,3.62,0.56,3.42,0.69,2.01,0.29,2.04,0.29
46.5,125.5,"BASALTIC-ANDESITE [24482]",30.65,54.6,8.64,36.1,7.14,1.98,6.11,0.88,4.69,0.9,2.21,0.31,1.98,0.3
46.5,125.5,"BASALTIC-ANDESITE [24482]",24.92,50.6,6.75,28,5.38,1.26,4.8,0.69,3.86,0.77,1.95,0.28,1.75,0.27
46.5,125.5,"BASALTIC-ANDESITE [24482]",18.29,39.18,5.09,21.2,4.15,1.09,3.71,0.54,2.98,0.58,1.42,0.2,1.22,0.19
46.5,125.5,"BASALTIC-ANDESITE [24482]",18.27,42.25,5.48,23.5,4.67,1.18,4.17,0.64,3.55,0.69,1.72,0.24,1.57,0.23
46.5,125.5,"BASALTIC-ANDESITE [24482]",18.09,41.97,5.44,22.7,4.45,1.08,3.83,0.56,3.15,0.61,1.5,0.22,1.35,0.2
46.5,125.5,"BASALTIC-ANDESITE [24482]",24.55,59.5,7.73,32,6.3,1.57,5.38,0.9,4.82,0.93,2.25,0.32,1.97,0.28
35.6,50.2,"BASALTIC-ANDESITE [24503]",6.62,17.26,2.35,8.12,2.86,1.08,1.95,0.42,3.41,0.61,1.49,0.28,1.55,0.26
35.6,50.2,"BASALTIC-ANDESITE [24503]",8.12,17.33,2.48,8.91,2.72,1.03,2.14,0.45,3.45,0.78,1.78,0.24,1.89,0.32
35.6,50.2,"BASALTIC-ANDESITE [24503]",7.73,17.22,2.41,9.11,3.16,1.19,2.65,0.61,3.36,0.79,2.12,0.29,1.78,0.34
35.6,50.2,"BASALTIC-ANDESITE [24503]",7.43,17.24,2.51,9.02,2.97,0.96,2.78,0.39,4.02,0.68,1.68,0.31,2.12,0.31
45.51356,106.55484,"BASALTIC-ANDESITE [24534]",19.8,39.4,4.51,20.54,5.26,1.72,5.29,0.88,5.05,0.94,2.47,0.4,2.02,0.33
48.543616,113.537482,"BASALTIC-ANDESITE [24534]",33.4,70.5,8.69,34.9,6.78,1.71,5.4,0.76,3.87,0.69,1.87,0.27,1.56,0.22
26.30826667,117.0836667,"BASALTIC-ANDESITE [24535]",28.2,52.5,6.8,28.8,6.32,2.21,6.56,0.9,4.94,0.86,2.15,0.27,1.59,0.23
24.24295,118.0902667,"BASALTIC-ANDESITE [24535]",9.4,19.5,2.5,11.4,2.9,1.09,3.43,0.51,2.99,0.55,1.43,0.19,1.16,0.17
24.2193,118.0376667,"BASALTIC-ANDESITE [24535]",9.6,19.7,2.5,11.2,2.7,1.05,3.06,0.44,2.51,0.46,1.14,0.15,0.91,0.13
24.2193,118.0376667,"BASALTIC-ANDESITE [24535]",9.2,19.2,2.5,11.3,2.84,1.07,3.21,0.48,2.78,0.52,1.32,0.18,1.07,0.15
19.115,-98.9092,"BASALTIC-ANDESITE [7520]",12.43,27.41,3.27,14.94,3.64,1.08,3.34,0.53,3.27,0.63,1.96,0.25,1.78,0.276
-18.0833,-69.5,"BASALTIC-ANDESITE [13695]",25.442,56.5,6.069,20.949,3.996,0.262,3.208,0.437,2.759,0.526,1.428,0.276,1.784,0.261
0,-78.4,"BASALTIC-ANDESITE [7985]",5,11.25,1.64,7.11,1.86,0.68,2.21,0.35,2.17,0.43,1.25,0.18,1.23,0.18
0,-78.4,"BASALTIC-ANDESITE [7985]",22.45,49.07,6.41,25.64,5.07,1.68,5.15,0.65,3.4,0.62,1.73,0.26,1.71,0.25
-1,-80,"BASALTIC-ANDESITE [7985]",11.56,27.16,4.02,19.77,4.96,1.37,4.6,0.81,4.95,1,2.89,0.44,2.73,0.4
38.6706,26.7567,"BASALTIC-ANDESITE [8477] / NOT GIVEN [19738]",31.92,62.67,7.09,28.84,5.31,1.39,4.44,0.67,3.69,0.74,1.98,0.35,1.97,0.31
39.3208,26.6952,"BASALTIC-ANDESITE [8477]",34.75,68.03,7.55,30.63,5.79,1.45,4.86,0.71,3.87,0.79,2.1,0.35,2.11,0.33
13.5,75.9,"BASALTIC-ANDESITE [24590]",19.8,41.5,5.5,22.6,5.6,1.6,6.1,1,6.1,1.3,3.5,0.5,3.4,0.5
13.5,75.9,"BASALTIC-ANDESITE [24590]",18.5,39,5.2,21,5.2,1.6,5.8,1,5.8,1.2,3.3,0.5,3.2,0.5
13.5,75.9,"BASALTIC-ANDESITE [24590]",24.8,55.6,7.2,29.5,7.2,2,8,1.3,7.3,1.5,4,0.6,3.7,0.6
13.5,75.9,"BASALTIC-ANDESITE [24590]",26.3,56.1,7.1,28.7,7.1,2.2,7.8,1.3,7.6,1.6,4.3,0.6,4.1,0.6
13.5,75.9,"BASALTIC-ANDESITE [24590]",24.4,55.7,6.7,26.6,6.4,1.7,6.1,0.9,4.4,0.9,2.3,0.4,2.5,0.4
13.5,75.9,"BASALTIC-ANDESITE [24590]",13.2,30.09,3.18,17.33,3.76,1.25,4.51,0.68,3.22,0.62,1.96,0.29,1.53,0.22
13.5,75.9,"BASALTIC-ANDESITE [24590]",35.02,4.89,22.71,6.09,1.97,5.44,1.1,6.17,1.13,3.52,0.56,3.33,0.47,6
13.5,75.9,"BASALTIC-ANDESITE [24590]",29.22,3.2,18.26,4.4,1.59,5.89,0.96,5.12,1.09,3.46,0.53,2.9,0.41,104
13.5,75.9,"BASALTIC-ANDESITE [24590]",29.24,3.17,18.17,4.35,1.47,5.78,0.96,5.03,1.04,3.36,0.53,2.79,0.4,89
13.5,75.9,"BASALTIC-ANDESITE [24590]",27.52,3.05,17.66,4.23,1.51,5.57,0.94,4.95,1.03,3.31,0.52,2.73,0.38,131
13.5,75.9,"BASALTIC-ANDESITE [24590]",43.41,4.48,23.81,5.46,1.62,7.16,1.19,6.23,1.25,3.84,0.59,3.05,0.44,17
13.5,75.9,"BASALTIC-ANDESITE [24590]",49.32,4.96,26.15,5.76,1.68,6.64,0.93,4.19,0.81,2.63,0.44,2.52,0.4,21
13.5,75.9,"BASALTIC-ANDESITE [24590]",36.34,3.67,19.15,4.17,1.24,5.38,0.9,4.73,0.98,3.19,0.5,2.69,0.4,59
13.5,75.9,"BASALTIC-ANDESITE [24590]",36.42,3.68,19.44,4.41,1.2,5.36,0.82,4.11,0.85,2.75,0.45,2.48,0.38,17
13.5,75.9,"BASALTIC-ANDESITE [24590]",35.32,3.48,18.76,4.15,1.19,4.93,0.74,3.6,0.73,2.34,0.38,2.15,0.33,21
13.5,75.9,"BASALTIC-ANDESITE [24590]",45.95,4.48,23.66,5.05,1.45,5.96,0.86,3.94,0.81,2.61,0.43,2.42,0.37,16
13.5,75.9,"BASALTIC-ANDESITE [24590]",38.11,3.84,20.35,4.52,1.26,5.32,0.78,3.77,0.77,2.48,0.4,2.25,0.34,13
-6,-49.5,"BASALTIC-ANDESITE [10699]",37.2,57.2,7.8,29,5.45,1.69,5.6,0.9,4.91,0.95,2.79,0.44,2.79,0.42
39.9822,41.6831,"BASALTIC-ANDESITE [10699]",30.2,54.1,5.8,22.9,4.13,1.24,4.2,0.64,3.77,0.79,2.15,0.32,2.22,0.34
9.5532878,-83.6731964,"BASALTIC-ANDESITE [24679]",9.71,19.89,2.71,12.15,2.86,1.04,3.25,0.58,3.44,0.79,2.29,0.35,2.32,0.32
9.2704786,-83.0322671,"BASALTIC-ANDESITE [24679]",29,57.95,7.47,26.78,5.51,1.63,4.31,0.64,3.36,0.71,1.93,0.28,1.81,0.24
9.5801305,-83.6340793,"BASALTIC-ANDESITE [24679]",20.55,39.78,4.82,18.85,4.01,1.22,3.4,0.54,2.66,0.65,1.73,0.26,1.65,0.23
9.0195551,-82.8140107,"BASALTIC-ANDESITE [24679]",49.51,92.33,10.07,37.16,6.51,1.89,4.7,0.59,3.27,0.57,1.54,0.22,1.32,0.18
9.5713177,-83.66396,"BASALTIC-ANDESITE [24679]",16.39,34.93,4.58,17.09,3.81,1.22,3.76,0.62,3.58,0.71,2.05,0.3,1.9,0.26
9.5746441,-83.6629273,"BASALTIC-ANDESITE [24679]",17.31,36.77,4.81,17.73,3.96,1.29,3.74,0.59,3.17,0.7,2.26,0.33,2.2,0.29
37.30883333,138.502,"BASALTIC-ANDESITE [24682]",7.64,18.3,2.63,12.3,3.38,1.14,3.59,0.585,3.63,0.768,2.22,0.325,2.12,0.319
37.2885,138.4531667,"BASALTIC-ANDESITE [24682]",15.32,29.7,4.55,19.7,4.51,1.4,4.44,0.673,4.13,0.888,2.59,0.387,2.62,0.406
37.27166667,138.5223333,"BASALTIC-ANDESITE [24682]",10.78,18.5,3.38,15.3,3.75,1.35,4.11,0.661,4.21,0.921,2.7,0.415,2.8,0.435
37.27166667,138.5223333,"BASALTIC-ANDESITE [24682]",10.63,23.3,3.3,14.7,3.63,1.2,3.83,0.608,3.79,0.82,2.41,0.368,2.43,0.378
37.272,138.5216667,"BASALTIC-ANDESITE [24682]",9.78,22.2,2.97,13.1,3.21,1.03,3.44,0.538,3.36,0.715,2.1,0.325,2.14,0.324
37.3345,138.4566667,"BASALTIC-ANDESITE [24682]",14.73,31.9,4.28,18,3.94,1.23,3.9,0.55,3.2,0.689,2.15,0.335,1.85,0.298
24.434,-104.456,"BASALTIC-ANDESITE [24694]",23.9,53.4,6.47,25.6,5.4,1.47,5.2,0.8,4.4,0.8,2.1,0.29,1.8,0.26
24.434,-104.456,"BASALTIC-ANDESITE [24694]",14,28.4,3.39,13.9,3.4,1.02,3.4,0.5,3.2,0.6,1.7,0.24,1.7,0.26
24.434,-104.456,"BASALTIC-ANDESITE [24694]",23.4,49.3,6.25,26,5.8,1.64,5.4,0.8,4.7,0.9,2.4,0.34,2.1,0.31
24.434,-104.456,"BASALTIC-ANDESITE [24694]",28.3,60.6,7.28,29.4,5.9,1.49,4.6,0.7,3.9,0.7,1.9,0.28,1.9,0.3
24.434,-104.456,"BASALTIC-ANDESITE [24694]",24.1,50,5.79,22.7,4.7,1.37,4.4,0.7,3.9,0.7,2,0.29,1.9,0.3
24.434,-104.456,"BASALTIC-ANDESITE [24694]",23.9,50.3,5.84,23.2,5,1.23,4.3,0.6,3.8,0.7,2,0.32,2.1,0.3
-23.5154,-67.6612,"BASALTIC-ANDESITE [24710]",14,31,4,17,3.5,1,3.3,0.52,2.9,0.59,1.6,0.24,1.5,0.23
-23.5207,-67.6571,"BASALTIC-ANDESITE [24710]",15,33,4.2,18,3.8,1,3.6,0.54,3.2,0.64,1.8,0.26,1.7,0.26
-23.5269,-67.6852,"BASALTIC-ANDESITE [24710]",14,30,3.8,16,3.6,1,3.4,0.51,3,0.63,1.8,0.25,1.6,0.25
38.8922,38.2439,"BASALTIC-ANDESITE  [24772]",21.8,38.3,4.61,18.9,4.41,1.57,4.82,0.8,4.89,0.97,2.77,0.407,2.71,0.408
38.3422,37.6197,"BASALTIC-ANDESITE  [24772]",20,39.24,4.4,17.9,3.3,1,3.2,0.6,3.2,0.6,1.9,0.2,1.7,0.3
30.47,140.3,"BASALT [10790] / BASALTIC-ANDESITE [20417] / NOT GIVEN [24180]",2.04,5.91,1.08,6.18,2.28,0.864,3.23,0.583,3.89,0.864,2.58,0.381,2.51,0.391
30.47,140.3,"BASALT [10790] / BASALTIC-ANDESITE [20417] / NOT GIVEN [23174]",2.01,5.81,1.06,5.93,2.13,0.831,2.97,0.532,3.56,0.795,2.4,0.351,2.35,0.365
37,-106,"BASALTIC-ANDESITE [24777]",33.2,70,8.81,37,7.4,2.11,6.62,1.05,5.77,1.22,3.16,0.51,3.2,0.51
37,-106,"BASALTIC-ANDESITE [24777]",32.8,69,8.63,35.8,7.2,2.1,6.31,1.01,5.63,1.19,3.18,0.51,3.2,0.64
37,-106,"BASALTIC-ANDESITE [24777]",34.4,69.2,8.37,34,6.9,1.83,5.71,0.84,4.78,1.02,2.62,0.43,2.6,0.36
37,-106,"BASALTIC-ANDESITE [24777]",42.7,90.4,11.5,43,8.6,2.19,7.28,0.98,5.59,1.06,3.23,0.44,2.6,0.46
37,-106,"BASALTIC-ANDESITE [24777]",47.8,97.7,12.2,43.8,8,1.91,6.07,0.78,4.37,0.83,2.11,0.33,2,0.28
44.4,-116.7,"BASALTIC-ANDESITE [24786]",13.0047584,28.95826255,3.913716117,16.67312315,3.700321189,1.307362895,3.824647067,0.568830596,3.548696074,0.710471317,2.02989514,0.289600727,1.906645077,0.282788839
36.0905,-106.3901667,"BASALTIC-ANDESITE [10906]",48.7,84.4,9.25,35.5,7.46,2.21,6.59,1.05,6.17,1.2,3.16,0.44,2.75,0.43
41,125.5,"BASALTIC-ANDESITE [24812]",34.5,68.5,7.8,29.7,5.47,1.49,4.45,0.69,4.05,0.8,2.2,0.31,2.05,0.3
40,123.5,"BASALTIC-ANDESITE [24812]",38.6,74.3,8.27,31.2,5.66,1.6,4.76,0.72,3.8,0.8,2.1,0.34,1.94,0.33
40,123.5,"BASALTIC-ANDESITE [24812]",35.7,71.1,8.27,29.2,5.42,1.45,4.54,0.72,3.99,0.8,2.2,0.33,2.08,0.31
33.75,138.5,"BASALTIC-ANDESITE [10884]",7.17,16.87,2.36,11.99,3.15,1.11,3.63,0.61,3.94,0.89,2.49,0.35,2.47,0.38
27.1,33,"BASALTIC-ANDESITE [24847]",16.72,35.46,4.59,18.81,4.31,1.56,2.97,0.34,1.76,0.34,0.91,0.13,0.9,0.14
27.1,33,"BASALTIC-ANDESITE [24847]",19.26,40.49,5.15,21.89,4.81,1.46,3.29,0.39,2.1,0.39,0.99,0.14,0.98,0.15
27.1,33,"BASALTIC-ANDESITE [24847]",21.28,45.04,5.57,22.91,4.85,1.43,3.46,0.42,2.18,0.38,1,0.14,0.99,0.15
27.1,33,"BASALTIC-ANDESITE [24847]",21.89,47.77,6.21,24.16,5.34,1.71,3.64,0.45,2.11,0.41,1.03,0.14,1.02,0.16
0.503179548,-78.42645611,"BASALTIC-ANDESITE [24851]",18.79,34.39,4.18,17.29,3.35,0.96,3.07,0.43,2.96,0.6,1.73,0.25,1.73,0.26
0.502836246,-78.42682435,"BASALTIC-ANDESITE [24851]",18.46,33.59,4.13,17.13,3.3,0.94,2.95,0.44,2.88,0.58,1.71,0.24,1.76,0.26
0.502700913,-78.42742592,"BASALTIC-ANDESITE [24851]",18.49,34.13,4.14,17.16,3.21,0.92,2.91,0.43,2.9,0.58,1.65,0.24,1.75,0.26
0.505896322,-78.43985025,"BASALTIC-ANDESITE [24851]",18.22,33.81,4.13,17.13,3.34,0.93,3,0.43,2.88,0.59,1.71,0.24,1.74,0.26
0.509267644,-78.44001951,"BASALTIC-ANDESITE [24851]",19.69,34.47,4.28,17.27,3.29,0.93,3.12,0.45,2.95,0.6,1.79,0.26,1.75,0.26
0.507230383,-78.43084476,"BASALTIC-ANDESITE [24851]",18.85,34.98,4.21,17.1,3.36,0.94,2.93,0.44,2.85,0.59,1.69,0.25,1.71,0.26
0.517285277,-78.41966316,"BASALTIC-ANDESITE [24851]",19.45,35.99,4.38,17.75,3.37,0.99,3.06,0.45,3.09,0.63,1.77,0.26,1.84,0.28
0.523,-78.367,"BASALTIC-ANDESITE [24851]",14.97,27.83,3.51,15.23,3.16,0.96,3.1,0.43,2.85,0.56,1.58,0.22,1.44,0.24
0.523,-78.367,"BASALTIC-ANDESITE [24851]",27.833,51.5,6.333,25.667,4.697,1.347,3.977,0.534,3.433,0.65,1.827,0.266,1.703,0.258
0.523,-78.367,"BASALTIC-ANDESITE [24851]",28.04,50.337,6.114,26.206,5.029,1.307,4.079,0.573,3.541,0.639,1.828,0.271,1.733,0.269
-62.9,-60.6,"BASALTIC-ANDESITE [24852]",15.32,37.22,5.21,23.28,6.28,1.99,6.93,1.2,7.55,1.58,4.33,0.63,3.89,0.61
-62.9,-60.6,"BASALTIC-ANDESITE [24852]",14.51,35.76,5.1,22.39,5.96,1.87,6.5,1.14,7.37,1.5,4.08,0.61,3.85,0.58
-62.9,-60.6,"BASALTIC-ANDESITE [24852]",11.05,27.76,4,18.55,5.19,1.87,5.85,1.03,6.4,1.32,3.66,0.52,3.13,0.46
-39.13,175.642,"BASALTIC-ANDESITE [14727]",11.44,25.7,3.3,13.55,3.27,0.92,3.41,0.56,3.51,0.76,2.17,0.33,2.19,0.33
-39.13,175.642,"BASALTIC-ANDESITE [14727]",12.33,27.83,3.51,14.32,3.42,0.94,3.58,0.59,3.65,0.8,2.28,0.35,2.29,0.35
-39.13,175.642,"BASALTIC-ANDESITE [14727]",12.2,27.61,3.54,14.71,3.46,0.98,3.58,0.58,3.55,0.76,2.17,0.33,2.16,0.33
-39.13,175.642,"ANDESITE [14727]",14.22,31.8,4.04,16.36,3.85,1.06,3.97,0.65,4.03,0.87,2.48,0.38,2.49,0.37
-39.13,175.642,"BASALTIC-ANDESITE [14727]",9.04,20.97,2.81,12.13,3.22,0.97,3.66,0.62,3.98,0.88,2.53,0.39,2.53,0.38
25.255509,124.367702,"BASALTIC-ANDESITE [24864]",9.428344269,22.06445326,3.092359912,15.12648994,4.340226297,1.433570653,4.662882956,0.93212186,5.505601528,1.272239065,3.526490511,0.564665474,3.403466205,0.526493161
25.255509,124.367702,"BASALTIC-ANDESITE [24864]",9.438374875,22.05072372,3.09934247,14.80648638,4.276480396,1.400327646,4.641448754,0.885055448,5.403592321,1.260700389,3.430444498,0.564127249,3.391241079,0.528866684
25.255509,124.367702,"BASALTIC-ANDESITE [24864]",8.969264403,21.125658,2.968331038,14.05728956,4.1754145,1.363843313,4.460852834,0.825321483,5.161167461,1.193566009,3.239183152,0.540125261,3.193225456,0.523234598
25.255509,124.367702,"BASALTIC-ANDESITE [24864]",9.231571711,21.46228363,2.998959067,14.38360705,4.165304124,1.346536241,4.545718433,0.939259784,5.439284089,1.24621376,3.376950322,0.53658839,3.40202185,0.520077205
-3.5,151.5,"BASALTIC-ANDESITE [24893]",5.73,12.76,1.86,9.85,2.84,0.98,3.2,0.48,3.41,0.82,2.28,0.38,2.4,0.35
-41.32278,-72.66235,"BASALTIC-ANDESITE [24895]",7.82,19.53,2.75,12.59,3.19,1.13,3.65,0.59,3.58,0.73,2.1,0.31,2.14,0.32
-41.31115,-72.60453,"BASALTIC-ANDESITE [24895]",7.03,17.68,2.51,11.68,3.28,1.12,3.78,0.59,3.75,0.79,2.29,0.32,2.19,0.32
-41.30855,-72.60497,"BASALTIC-ANDESITE [24895]",7.22,18.09,2.6,11.98,3.38,1.09,3.51,0.58,3.69,0.76,2.17,0.32,2.09,0.32
-41.30896,-72.60416,"BASALTIC-ANDESITE [24895]",7.27,17.29,2.55,11.95,3.21,1.18,3.58,0.61,3.67,0.77,2.22,0.32,2.23,0.32
-41.30659,-72.60262,"BASALTIC-ANDESITE [24895]",6.9,17.14,2.47,11.68,3.24,1.12,3.61,0.61,3.58,0.79,2.23,0.33,2.22,0.33
-41.30659,-72.60262,"BASALTIC-ANDESITE [24895]",7.5,18.92,2.61,12.27,3.2,1.1,3.42,0.58,3.49,0.69,2.06,0.3,1.99,0.31
-41.30659,-72.60262,"BASALTIC-ANDESITE [24895]",6.68,16.5,2.42,11.38,3.26,1.09,3.53,0.61,3.53,0.72,2.07,0.31,2.02,0.31
-41.39688,-72.65384,"BASALTIC-ANDESITE [24895]",8.21,20.55,2.81,12.75,3.32,1.12,3.49,0.58,3.5,0.68,2.09,0.31,2.04,0.31
-41.32235,-72.6967,"BASALTIC-ANDESITE [24895]",6.24,15.58,2.22,10.46,2.87,1.03,3.23,0.55,3.28,0.72,2,0.31,2.03,0.31
-41.3884,-72.64328,"BASALTIC-ANDESITE [24895]",6.67,16.06,2.27,10.1,2.88,0.97,3.2,0.56,3.47,0.72,1.99,0.32,2,0.31
-41.30974,-72.57075,"BASALTIC-ANDESITE [24895]",7.25,18,2.68,12.74,3.44,1.07,3.51,0.61,3.58,0.73,2.17,0.33,2.23,0.31
-41.31204,-72.57121,"BASALTIC-ANDESITE [24895]",6.84,17.14,2.49,11.99,3.14,1.05,3.36,0.55,3.4,0.73,2.04,0.31,2.07,0.32
-41.31204,-72.57121,"BASALTIC-ANDESITE [24895]",8.9,20.35,3.01,13.84,3.72,1.19,3.84,0.63,3.86,0.82,2.34,0.35,2.26,0.34
-41.31773,-72.57806,"BASALTIC-ANDESITE [24895]",7.38,17.8,2.65,12.63,3.35,1.07,3.75,0.59,3.68,0.77,2.29,0.33,2.19,0.33
-41.32307,-72.59328,"BASALTIC-ANDESITE [24895]",7.5,17.85,2.56,11.94,3.15,1,3.39,0.55,3.37,0.71,2.03,0.32,2.04,0.32
-41.34146,-72.60262,"BASALTIC-ANDESITE [24895]",6.92,16.46,2.45,11.59,3.1,1.06,3.4,0.55,3.27,0.69,2.04,0.32,1.96,0.3
-41.35116,-72.59457,"BASALTIC-ANDESITE [24895]",7.54,18.04,2.64,12.3,3.28,1.03,3.68,0.6,3.59,0.77,2.18,0.34,2.22,0.34
-41.34412,-72.5931,"BASALTIC-ANDESITE [24895]",8.9,19.98,2.96,13.63,3.48,1.22,3.8,0.62,3.77,0.81,2.35,0.34,2.3,0.34
-41.34389,-72.59305,"BASALTIC-ANDESITE [24895]",7.25,17.24,2.42,11.39,2.98,1,3.34,0.57,3.62,0.74,2.17,0.33,2.14,0.31
-41.35217,-72.61127,"BASALTIC-ANDESITE [24895]",8.53,20.29,3.08,14.27,3.76,1.24,4.01,0.64,3.81,0.78,2.31,0.34,2.23,0.34
-41.31281,-72.62269,"BASALTIC-ANDESITE [24895]",6.91,16.53,2.49,11.38,3.17,1.06,3.36,0.57,3.5,0.74,2.04,0.31,2.05,0.31
-41.31423,-72.62273,"BASALTIC-ANDESITE [24895]",6.98,16.92,2.51,11.81,3.1,1.04,3.29,0.58,3.49,0.71,2.08,0.32,2.09,0.31
-41.31423,-72.62273,"BASALTIC-ANDESITE [24895]",7.34,17.26,2.6,12.12,3.28,1.12,3.34,0.57,3.39,0.7,1.98,0.3,1.96,0.3
-41.35273,-72.63757,"BASALTIC-ANDESITE [24895]",7.26,17.48,2.46,11.28,3.16,1.03,3.52,0.6,3.58,0.75,2.2,0.32,2.07,0.33
-41.34845,-72.62614,"BASALTIC-ANDESITE [24895]",7.9,18.27,2.63,12.39,3.45,1.13,3.86,0.61,3.75,0.83,2.29,0.34,2.28,0.36
-41.34845,-72.62614,"BASALTIC-ANDESITE [24895]",8.57,19.99,2.87,13.28,3.66,1.17,4.02,0.65,3.99,0.84,2.44,0.36,2.41,0.37
-41.38459,-72.64423,"BASALTIC-ANDESITE [24895]",7.21,17.46,2.54,11.59,3.25,1.06,3.6,0.61,3.52,0.75,2.14,0.33,2.1,0.32
-41.2934,-72.56924,"BASALTIC-ANDESITE [24895]",6.22,15.13,2.23,10.62,3,1,3.35,0.56,3.42,0.75,2.07,0.32,2.06,0.34
-41.36975,-72.58582,"BASALTIC-ANDESITE [24895]",6.5,16.59,2.29,10.1,2.73,0.92,3.31,0.54,3.31,0.71,2.07,0.32,2.02,0.31
-41.37211,-72.5882,"BASALTIC-ANDESITE [24895]",6.24,14.6,2.19,10.46,2.84,1,3.32,0.54,3.38,0.71,2.03,0.31,1.97,0.31
-41.373,-72.58763,"BASALTIC-ANDESITE [24895]",6.27,14.96,2.28,10.97,2.99,1.04,3.24,0.53,3.36,0.73,2.06,0.3,2.09,0.31
-41.30291,-72.57241,"BASALTIC-ANDESITE [24895]",7.62,18.73,2.65,12.21,3.25,1.04,3.55,0.57,3.41,0.73,2.1,0.31,2.07,0.32
-41.31449,-72.55794,"BASALTIC-ANDESITE [24895]",6.99,17.03,2.46,11.67,3.1,1,3.37,0.57,3.4,0.67,2.06,0.31,2.07,0.31
-41.38564,-72.60423,"BASALTIC-ANDESITE [24895]",6.628511888,15.7398301,2.238459011,10.41278898,2.772867314,0.953074325,3.12656323,0.497953063,3.034825142,0.626541442,1.761507175,0.279198033,1.797982824,0.264726685
-41.39219,-72.60539,"BASALTIC-ANDESITE [24895]",8.540273787,21.0944657,2.908197072,13.60330701,3.432373694,1.117272982,3.82265131,0.632790475,3.866247149,0.777327434,2.307461344,0.338120926,2.188607067,0.329016853
-41.29641,-72.55766,"BASALTIC-ANDESITE [24895]",7.208953275,17.11838772,2.591911809,12.60005671,3.427552513,1.221507559,4.04841702,0.668877201,4.003415094,0.843442478,2.455162279,0.389918679,2.420023769,0.368361568
41.3026238,-72.56505,"BASALTIC-ANDESITE [24895]",6.688857587,16.5984121,2.444235986,11.62120526,3.063323089,1.113432679,3.384994714,0.573284401,3.562547759,0.711601352,2.133771781,0.333100276,2.173904928,0.332127019
-41.27527488,-72.6343517,"BASALTIC-ANDESITE [24895]",4.585591894,11.27563332,1.68486831,8.426608539,2.334560188,0.849219602,2.843524048,0.478795573,2.972715613,0.602333748,1.775665218,0.27773154,1.784882015,0.270807328
-41.32442391,-72.6611772,"BASALTIC-ANDESITE [24895]",7.884928371,18.75665294,2.685790898,12.48731478,3.276723288,1.116860952,3.644871532,0.599561054,3.654559091,0.756934779,2.189993137,0.343261969,2.114378348,0.33213613
-41.31564963,-72.66819291,"BASALTIC-ANDESITE [24895]",5.837014953,14.58380742,2.167951676,10.49727987,2.902682561,1.024949377,3.471349857,0.579027424,3.363481455,0.662027876,1.96066386,0.305823516,1.948125178,0.289452815
-41.31624091,-72.67248447,"BASALTIC-ANDESITE [24895]",5.910519223,15.05861508,2.27712956,11.0579582,3.259595634,1.178217233,3.87404768,0.673850949,4.147527948,0.853216328,2.493081561,0.377494459,2.492193007,0.359683325
-41.33006977,-72.68023685,"BASALTIC-ANDESITE [24895]",7.193797248,17.37286083,2.50708252,11.90412429,3.259773816,1.116204244,3.584663353,0.586732582,3.511267632,0.738576017,2.095512056,0.327300327,1.973831121,0.304597132
-41.27798333,-72.64520225,"BASALTIC-ANDESITE [24895]",6.142140765,14.72303412,2.18675163,10.39234041,2.946217603,1.021803488,3.426219514,0.579368707,3.444140084,0.702338763,2.064083258,0.314390075,1.88927268,0.282259905
-41.31907917,-72.57828995,"BASALTIC-ANDESITE [24895]",7.439002474,18.44343088,2.674595954,12.70989556,3.506990822,1.087211641,3.903760847,0.632567604,3.806035227,0.795293903,2.291625635,0.352969775,2.244108937,0.341992117
-41.30235131,-72.56622501,"BASALTIC-ANDESITE [24895]",6.961965282,17.52041329,2.531225329,12.173484,3.258358495,1.102082568,3.646047922,0.598743219,3.589153201,0.722795535,2.247592649,0.351506494,2.211130547,0.329921841
-41.34835739,-72.5979298,"BASALTIC-ANDESITE [24895]",7.442501341,16.92615618,2.339474445,10.7387781,2.696554778,0.912407727,2.874093823,0.46177781,2.715327402,0.58367385,1.653847569,0.254215011,1.611633139,0.26265484
-41.35226488,-72.59484567,"BASALTIC-ANDESITE [24895]",6.855984476,16.36938883,2.36792763,11.1801058,2.896394568,1.003628361,3.194805038,0.518616789,3.133410832,0.634160069,1.870386378,0.289936864,1.882072409,0.291265831
-26,31,"BASALTIC-ANDESITE [24899]",21.7,46.7,5.84,23.9,5.17,1.28,4.65,0.685,3.95,0.797,2.17,0.324,2.06,0.306
-26,31,"BASALTIC-ANDESITE [24899]",22.7,47.8,5.92,23.9,5.09,1.36,4.6,0.676,3.9,0.786,2.16,0.325,2.05,0.303
-25.12,-66.77,"BASALTIC-ANDESITE [24922]",50.1,101,10.9,45.6,8.5,2.3,8.6,1.1,6.4,1.2,4,0.5,3,0.4
22.0063,86.4102,"BASALTIC-ANDESITE [24923]",25.51,56.88,6.69,29.01,7.02,1.88,6.82,1.14,7.53,1.64,4.34,0.61,4.02,0.6
21.9201,86.1614,"BASALTIC-ANDESITE [24923]",14.96,32.83,3.86,16.36,3.8,1.01,3.35,0.52,3.24,0.66,1.68,0.23,1.5,0.22
21.9192,86.1662,"BASALTIC-ANDESITE [24923]",15.71,34.3,4,17.38,4.16,1.25,4.14,0.66,4.17,0.9,2.34,0.33,2.08,0.31
21.9127,86.1868,"BASALTIC-ANDESITE [24923]",13.17,28.01,3.25,13.81,3.27,0.97,3.34,0.55,3.74,0.83,2.22,0.33,2.17,0.33
21.9048,86.1872,"BASALTIC-ANDESITE [24923]",25.37,51.25,5.72,23.46,5.28,1.42,5.12,0.86,5.44,1.17,2.97,0.42,2.79,0.41
22.011,86.3701,"BASALTIC-ANDESITE [24923]",12.31,24.72,2.96,11.26,2.54,0.8,3.11,0.54,3.46,0.78,2.12,0.34,2.42,0.38
22.0015,86.3683,"BASALTIC-ANDESITE [24923]",15.31,30.73,3.7,14.1,3.26,1,3.63,0.61,3.55,0.76,1.95,0.28,1.96,0.26
22.0093,86.3755,"BASALTIC-ANDESITE [24923]",13.68,27.13,3.25,12.31,2.82,0.88,3.31,0.55,3.39,0.72,1.92,0.3,1.91,0.29
21.7936,86.1022,"BASALTIC-ANDESITE [24923]",12.49,26.03,3.26,12.94,3.12,0.99,3.38,0.54,3.14,0.65,1.67,0.24,1.73,0.24
21.787,86.1357,"BASALTIC-ANDESITE [24923]",12.64,25.39,3.06,11.61,2.75,0.84,3.24,0.56,3.53,0.8,2.16,0.33,2.26,0.33
22.0047,86.3759,"BASALTIC-ANDESITE [24923]",21.53,45.09,5.65,22.27,5.17,1.52,5.93,0.99,6.04,1.32,3.58,0.54,3.75,0.59
22.0129,86.3757,"BASALTIC-ANDESITE [24923]",15.46,34.24,4.49,18.29,4.23,1.11,4.27,0.65,3.59,0.72,1.75,0.26,1.69,0.26
21.9577,86.2279,"BASALTIC-ANDESITE [24923]",9.63,19.82,2.43,9.61,2.35,0.8,3.02,0.53,3.29,0.72,1.98,0.3,1.91,0.29
21.891,86.2051,"BASALTIC-ANDESITE [24923]",10.42,21.08,2.64,10.24,2.41,0.76,2.75,0.47,2.89,0.61,1.67,0.25,1.53,0.24
21.9076,86.2871,"BASALTIC-ANDESITE [24923]",11.64,23.19,2.88,11.51,2.76,1.09,3.22,0.53,3.24,0.7,1.93,0.29,1.92,0.3
21.9531,86.3403,"BASALTIC-ANDESITE [24923]",10.03,20.41,2.55,10.17,2.47,0.9,2.85,0.47,2.9,0.62,1.72,0.26,1.72,0.28
37.35538,139.69594,"BASALTIC-ANDESITE [24947]",8,17.4,2.53,11.5,3.2,1.01,3.7,0.6,3.9,0.8,2.4,0.37,2.5,0.38
37.35538,139.69594,"BASALTIC-ANDESITE [24947]",9.2,19.5,2.61,11.8,3,0.95,3.4,0.6,3.5,0.7,2.1,0.32,2.2,0.35
37.3541,139.68972,"BASALTIC-ANDESITE [24947]",8.9,19.7,2.57,12.1,3.3,1.03,3.8,0.7,4.1,0.9,2.6,0.38,2.6,0.43
8.3,79.3,"BASALTIC-ANDESITE [24951]",12.9,27.4,3.45,14.5,3.44,1.05,3.83,0.6,3.53,0.71,2.03,0.288,1.79,0.271
5.0754,95.5991,"BASALTIC-ANDESITE [24953]",9.7,22.2,3.06,13.4,3.25,1.04,3.33,0.52,3.22,0.7,1.97,0.3,1.99,0.32
4.9036,95.3951,"BASALTIC-ANDESITE [24953]",13.1,28.4,3.75,16.1,3.85,1.2,3.86,0.59,3.8,0.85,2.42,0.38,2.54,0.4
5.019,96.6988,"BASALTIC-ANDESITE [24953]",26.1,48.3,5.76,21.6,4.43,1.26,4.17,0.61,3.77,0.81,2.28,0.34,2.27,0.34
5.5389,95.4931,"BASALTIC-ANDESITE [24953]",17.6,29.1,4.24,17.2,3.9,1.24,4.32,0.65,4.25,0.96,2.73,0.42,2.81,0.44
5.5273,95.4896,"BASALTIC-ANDESITE [24953]",16.6,31,4.21,17.5,4.11,1.29,4.47,0.67,4.41,0.99,2.78,0.43,2.87,0.44
44.35,146.25,"BASALTIC-ANDESITE [11076]",6.11,16.59,2.42,12.72,3.83,1.19,3.39,0.91,5.46,1.15,3.35,0.47,3.22,0.5
44.35,146.25,"BASALT [11076] / BASALTIC-ANDESITE [14714]",5.56,15.33,2.33,11.68,3.59,1.14,4.6,0.77,5.15,1.09,2.94,0.45,3.04,0.45
45.33,148.87,"BASALT [11076] / BASALTIC-ANDESITE [14714]",3.16,7.33,1.24,5.81,1.97,0.74,1.66,0.51,3.27,0.69,2,0.3,2.03,0.31
45.33,148.87,"BASALTIC-ANDESITE [11076]",3.54,9.61,1.4,7.08,2.14,0.82,2.01,0.59,3.77,0.81,2.28,0.38,2.44,0.37
45,148,"BASALT [11076] / BASALTIC-ANDESITE [14714]",4.47,10.56,1.99,9.54,3.05,1.15,2.51,0.76,4.41,0.92,2.53,0.38,2.62,0.4
46.53,150.87,"BASALTIC-ANDESITE [11076]",5.64,13.06,1.82,9.81,2.62,0.92,2.25,0.61,3.54,0.69,2.04,0.31,2.14,0.31
46.721,150.73,"BASALTIC-ANDESITE [11076]",13.23,33.94,3.53,16.22,3.69,1.38,3.61,0.75,4.13,0.69,2.17,0.31,2.02,0.32
46.5,152.5,"BASALT [11076] / BASALTIC-ANDESITE [14714]",3.39,8.85,1.33,6.7,2.16,0.79,2.71,0.48,3.23,0.71,1.98,0.32,2.11,0.33
47.01,152.12,"BASALT [11076] / BASALTIC-ANDESITE [14714]",3.11,8.82,1.45,7.91,2.5,0.95,3.25,0.57,3.84,0.82,2.29,0.35,2.34,0.37
48.51,153.14,"BASALTIC-ANDESITE [11076]",7.8,18.54,2.73,13.26,3.54,1.19,3.86,0.62,3.99,0.83,2.36,0.37,2.52,0.39
50.68,156,"BASALT [11076] / BASALTIC-ANDESITE [14714]",9.51,22.06,3.14,14.01,3.5,1.08,3.32,0.59,3.61,0.73,2.11,0.31,2.2,0.33
20.425,-103.5822,"BASALTIC-ANDESITE [7506]",26.88,53.62,6.39,26.72,5.68,1.72,5.42,0.72,4.36,0.9,2.5,0.36,2.25,0.33
20.4114,-103.6547,"BASALTIC-ANDESITE [7506]",12.3,26.3,3.34,14.5,3.3,1.15,3.08,0.51,2.78,0.54,1.6,0.235,1.43,0.221
20.4258,-103.5831,"BASALTIC-ANDESITE [7506]",26.46,54,6.59,26.82,5.71,1.74,5.37,0.74,4.29,0.9,2.52,0.36,2.24,0.32
42.9,11.766,"BASALTIC-ANDESITE [8262]",41.4,92.6,11.1,43.6,7.66,1.75,5.81,0.81,4.16,0.75,2.12,0.31,1.97,0.32
-7.24,109.21,"BASALTIC-ANDESITE [25002]",17.9,38.6,4.79,20,4.67,1.47,4.84,0.84,5.01,1,2.91,0.48,2.92,0.43
-7.24,109.21,"BASALTIC-ANDESITE [25002]",19.1,40.2,5.05,21.5,5.12,1.32,5.11,0.87,5.11,1.04,2.99,0.45,2.88,0.46
-7.24,109.21,"BASALTIC-ANDESITE [25002]",14.3,30.7,4.29,18.3,4.74,1.32,4.81,0.82,5.18,1.01,3.19,0.4,2.84,0.44
-7.24,109.21,"BASALTIC-ANDESITE [25002]",21.9,46.6,6.17,25.4,6.43,1.71,6.54,1.06,6.28,1.34,3.86,0.62,3.85,0.62
41,29,"BASALTIC-ANDESITE [25008]",17,34,4.55,18.9,4.13,1.07,3.83,0.53,3.05,0.58,1.58,0.24,1.5,0.23
41,29,"BASALTIC-ANDESITE [25008]",18.2,42,4.69,19.4,4.78,1.14,3.93,0.57,3.15,0.67,1.63,0.29,1.7,0.32
41,29,"BASALTIC-ANDESITE [25008]",17.6,45,4.74,19.2,4.63,1.19,3.98,0.61,3.11,0.61,1.6,0.32,1.6,0.29
41,29,"BASALTIC-ANDESITE [25008]",15.1,39,4.11,17.5,3.92,1.1,2.85,0.65,3.16,0.65,1.69,0.35,1.4,0.35
41,29,"BASALTIC-ANDESITE [25008]",13.5,41,4.93,15.3,4.71,1.09,2.39,0.55,3.24,0.55,1.75,0.25,1.9,0.26
41,29,"BASALTIC-ANDESITE [25008]",6.7,13.6,1.85,8.5,2.17,0.85,2.65,0.48,3.16,0.66,1.96,0.32,1.85,0.33
41,29,"BASALTIC-ANDESITE [25008]",5.6,11.6,1.61,7.3,2.07,0.7,2.68,0.4,2.49,0.52,1.53,0.26,1.68,0.27
41,29,"BASALTIC-ANDESITE [25008]",6.9,13.9,2.05,8.5,2.25,0.95,2.69,0.5,3.29,0.79,2.06,0.39,1.95,0.36
41,29,"BASALTIC-ANDESITE [25008]",6.1,12.7,1.89,7.3,2.18,0.76,2.35,0.45,2.56,0.62,1.61,0.31,1.72,0.31
41,29,"BASALTIC-ANDESITE [25008]",10.7,15.1,3.57,7.9,3.75,1.85,4.42,0.91,4.78,0.98,3.14,0.45,2.15,0.54
63,95,"BASALTIC-ANDESITE [25018]",13.5,29.3,3.72,15.6,4.02,1.13,4.03,0.68,4.12,0.83,2.34,0.339,2.3,0.372
-24.5738,151.1252,"BASALTIC-ANDESITE [8282]",2.06,6.75,1.19,6.06,1.93,0.42,2.3,0.39,2.58,0.54,1.57,0.23,1.42,0.2
-24.5917,151.1043,"TRACHYANDESITE [22753] / BASALTIC-ANDESITE [8282]",24.1,50.3,6.15,25.1,5.19,1.34,5.09,0.76,4.42,0.86,2.55,0.37,2.56,0.39
-24.5917,151.1043,"BASALTIC-ANDESITE [8282]",4.21,10.84,1.68,7.88,2.29,0.74,2.6,0.43,2.86,0.59,1.7,0.25,1.56,0.22
-37.48,-70.7,"BASALTIC-ANDESITE [22753]",19.2,39.9,0,21.5,4.61,1.51,4.3,0.66,3.75,0.73,2.12,0.3,1.92,0.29
-24.4613,150.7966,"BASALTIC-ANDESITE [8282]",3.49,9.68,1.37,6.84,2.2,0.86,2.6,0.44,2.88,0.6,1.69,0.25,1.59,0.25
-24.6074,151.0925,"BASALTIC-ANDESITE [8282]",3.78,11.57,2.08,10.75,3.41,1.18,4.03,0.68,4.46,0.94,2.72,0.4,2.52,0.39
10.5375,35.8569,"BASALTIC-ANDESITE [7900]",31.09,65.61,8.19,35.14,7.38,2,6.85,0.98,5.8,1.17,3.25,0.45,2.94,0.42
19.37176,-71.37803,"METABASALT [12407] / BASALTIC-ANDESITE [11093]",2.2,3.8,0.54,3.1,0.8,0.38,0.84,0.17,1.03,0.22,0.6,0.1,0.65,0.12
19.0795,-99.1028,"BASALTIC-ANDESITE [11188]",18.9,43.8,5.29,22.84,4.76,1.69,4.73,0.69,4.29,0.84,2.32,0.24,2.08,0.28
27.17,57.33,"BASALTIC-ANDESITE [25149]",19.1,38.7,4.84,18.6,4.84,1.43,4.41,0.695,4.13,0.854,2.32,0.333,2.16,0.319
16.208,-61.7653,"BASALTIC-ANDESITE [21403]",6.59,16.06,2.26,10.24,2.77,0.81,3.23,0.52,3.37,0.72,2.08,0.32,2.24,0.35
16.2183,-61.7832,"BASALTIC-ANDESITE [21403]",8.7,18.19,2.72,12.52,3.28,1.01,3.73,0.6,3.93,0.83,2.48,0.38,2.63,0.43
16.2623,-61.7847,"BASALTIC-ANDESITE [21403]",6.47,15.49,2.22,10.39,2.92,0.88,3.34,0.56,3.72,0.78,2.33,0.35,2.5,0.4
16.2835,-61.7197,"BASALTIC-ANDESITE [21403]",7.45,16.1,2.58,12.28,3.58,1.14,4.04,0.7,4.61,0.99,2.99,0.48,3.2,0.53
16.2295,-61.7043,"BASALTIC-ANDESITE [21403]",11.91,15.7,3.6,16.2,4.44,1.59,5.15,0.91,6.08,1.35,4.17,0.67,4.89,0.85
16.1092,-61.7348,"BASALTIC-ANDESITE [21403]",7.2,17.83,2.67,13.25,3.83,1.31,4.29,0.72,4.7,0.97,2.87,0.43,3,0.48
16.1022,-61.718,"BASALTIC-ANDESITE [21403]",5.67,14.12,2.11,10.2,3.1,1.16,3.49,0.61,4.01,0.84,2.46,0.39,2.63,0.42
16.101,-61.7715,"BASALTIC-ANDESITE [21403]",6.63,14.72,2.61,12.73,3.63,1.21,3.8,0.66,4.27,0.86,2.52,0.39,2.63,0.41
16.1128,-61.64132,"BASALTIC-ANDESITE [21403]",4.55,11.15,1.71,8.38,2.55,0.95,2.93,0.51,3.4,0.72,2.12,0.33,2.23,0.35
16.1457,-61.5832,"BASALTIC-ANDESITE [21403]",20.27,15.19,7.08,37.77,12.15,4.59,18.62,3.05,20.21,4.6,13.47,1.93,11.91,1.99
39,113,"BASALTIC-ANDESITE [25146]",2.7,6.19,0.82,3.8,1.07,0.37,2.03,0.49,3.8,0.91,2.99,0.42,2.85,0.43
39,113,"BASALTIC-ANDESITE [25146]",16.1,37.6,4.72,19.1,3.77,1.32,3.62,0.57,2.87,0.51,1.61,0.18,1.28,0.2
-18.3944,-69.5958,"BASALTIC-ANDESITE [13695] / NOT GIVEN [11543]",5.294117647,8.873239437,1.106319703,3.528901734,0.551862464,0.0676,0.478988053,0.0743,0.521483555,0.11915493,0.414084507,0.074,0.580313837,0.0971
-18.0875,-69.4875,"BASALTIC-ANDESITE [13695] / NOT GIVEN [11543]",3.803641092,7.930032612,1.143568982,4.142071036,1.005156584,0.0357,0.907739558,0.152904435,0.977887281,0.201930308,0.634296482,0.102579416,0.736102236,0.115656109
-18.1272,-69.5219,"BASALTIC-ANDESITE [13695] / NOT GIVEN [11543]",51.31873999,104.561194,12.28455755,43.71160311,6.983389476,1.446428571,5.124684503,0.571257485,2.858390177,0.486009799,1.249332621,0.160867266,0.994882293,0.139929329
-21.8872,-68.4994,"BASALTIC-ANDESITE [21117] / ANDESITE [13695] / NOT GIVEN [11543]",7.32879046,14.58356941,1.703724447,6.266787044,1.0576385,0.212614446,0.875192944,0.127016129,0.803280543,0.164112317,0.475320334,0.0784,0.57313934,0.0881
22.61938333,86.25426667,"BASALTIC-ANDESITE [25247]",13.09,33.63,4.8,21.36,6.17,1.64,7.48,1.34,8.58,1.77,5.6,0.88,5.54,0.82
22.61938333,86.25426667,"BASALTIC-ANDESITE [25247]",5.47,12.4,2.05,9.44,2.83,0.88,3.46,0.62,3.98,0.82,2.58,0.4,2.56,0.38
22.63461667,86.25411667,"BASALTIC-ANDESITE [25247]",0.42,0.71,0.12,0.56,0.2,0.15,0.32,0.07,0.51,0.11,0.35,0.06,0.37,0.06
22.59315,86.00995,"BASALTIC-ANDESITE [25247]",20.47,41.71,5.37,22.5,5.02,1.48,4.76,0.72,3.91,0.56,1.75,0.29,1.56,0.26
-15.6144,-72.7475,"BASALTIC-ANDESITE [13695] / NOT GIVEN [11543]",57.2,106,13.4,51.4,7.74,1.99,7.15,0.738,3.38,0.592,1.74,0.216,1.42,0.215
-15.3968,-71.2883,"BASALTIC-ANDESITE [13695] / NOT GIVEN [11543]",30.16256158,58.57655172,7.796157635,29.59477833,5.4751133,1.43937931,4.839921182,0.606892611,2.852315271,0.544877833,1.558256158,0.232981281,1.383054187,0.208975369
-15.1706,-73.7439,"BASALTIC-ANDESITE [13695] / NOT GIVEN [11543]",21.55876807,45.13897468,5.447920248,21.17110896,3.763022642,1.003445899,3.04159505,0.373397657,2.074431427,0.375445816,1.027700831,0.138074733,0.872929715,0.133342603
-15.455,-71.3691,"BASALTIC-ANDESITE [13695] / NOT GIVEN [11543]",47.6,88.6,11,38.6,6.21,0.594,5.87,0.741,4.04,0.752,2.24,0.326,2.19,0.34
42.85,26.6,"BASALTIC-ANDESITE [25253]",19.94897639,39.72362691,4.881907577,21.73749927,4.316459074,1.373885361,3.989734175,0.519951771,2.991133576,0.573752152,1.62176414,0.207217268,1.469383295,0.216435879
1.2911,34.3908,"ANDESITE [10897]",21.4,44.1,5.22,19.39,3.85,1.17,3.78,0.58,3.43,0.69,1.85,0.29,1.96,0.28
46.8,85.5,"BASALTIC-ANDESITE [25281]",9.35,22.2,2.34,9.41,2.05,0.9,2.24,0.36,2.16,0.45,1.3,0.2,1.33,0.19
49.5,117.6,"BASALTIC-ANDESITE [25291]",85.077,9.7451,36.593,6.4009,1.63224,5.0016,0.57048,2.9976,0.52008,1.38168,0.182664,1.10184,0.160992,8.596
49.5,117.6,"BASALTIC-ANDESITE [25291]",86.90538062,11.19691896,41.30256662,7.345969735,1.821552882,5.144045086,0.709050849,3.58764073,0.628984997,1.679967928,0.234209582,1.52064162,0.222377091,7.985088726
49.5,117.6,"BASALTIC-ANDESITE [25291]",88.18148688,11.4095738,41.86883574,7.377853499,1.902951065,5.286732097,0.667479214,3.581462548,0.643923984,1.724609251,0.237746726,1.46440484,0.231787006,8.319302444
49.5,117.6,"BASALTIC-ANDESITE [25291]",87.47773097,11.19323122,41.33923617,7.577212252,1.866107359,5.270069632,0.695312293,3.515437085,0.623978725,1.707554271,0.231637312,1.461460013,0.222585099,8.360549222
41.8866,124.7167,"BASALTIC-ANDESITE [25303]",2.76,5.52,0.81,3.86,1.21,0.49,1.44,0.34,2.43,0.51,1.58,0.26,1.67,0.27
41.8866,124.7167,"BASALTIC-ANDESITE [25303]",2.85,5.41,0.82,4.04,1.2,0.41,1.6,0.37,2.59,0.58,1.85,0.32,2.18,0.31
41.8866,124.7167,"BASALTIC-ANDESITE [25303]",2.31,5.49,0.81,3.73,1.15,0.53,1.46,0.35,2.41,0.53,1.64,0.27,1.92,0.28
42.0286,124.5183,"BASALTIC-ANDESITE [25303]",5.96,14.2,1.81,7.86,1.72,0.58,1.73,0.37,2.08,0.43,1.24,0.22,1.56,0.24
42.0286,124.5183,"BASALTIC-ANDESITE [25303]",2.6,6.23,0.78,3.47,0.87,0.33,0.75,0.17,1,0.21,0.57,0.1,0.7,0.11
42.1324,124.9566,"BASALTIC-ANDESITE [25303]",6.23,13.6,1.82,8.97,2.22,0.87,2.47,0.5,3.06,0.64,1.83,0.3,1.93,0.32
42.1324,124.9566,"BASALTIC-ANDESITE [25303]",6.51,12.9,1.89,9.13,2.3,0.91,2.48,0.47,3.04,0.65,1.79,0.26,2.04,0.32
42.1324,124.9566,"BASALTIC-ANDESITE [25303]",6.35,13.7,1.99,10,2.93,1.07,3.53,0.78,4.94,1.14,3.5,0.51,3.72,0.61
29,103,"BASALTIC-ANDESITE [5532] / TRACHYANDESITE [11833]",34.3,75.2,9.85,43.2,8.76,1.99,7.82,1.31,7.92,1.54,4.5,0.67,4.09,0.63
40,113.5,"BASALTIC-ANDESITE [11904] / DOLERITE [11703] / NOT GIVEN [25811]",24.9,48.8,6.3,23.4,4.74,1.57,4.67,0.66,3.74,0.79,2.31,0.33,2.17,0.32
38,113,"BASALTIC-ANDESITE [11904] / NOT GIVEN [11703]",114,237,31.1,113.4,20.33,4.68,16.9,2.39,12.04,2.24,6.2,0.96,5.88,0.92
40,113.5,"BASALTIC-ANDESITE [11904]",37.3,70.9,9.1,38.7,7.28,2.29,6.7,1.04,6.32,1.25,3.6,0.55,3.57,0.49
40,113.5,"BASALTIC-ANDESITE [11904]",37.1,72.3,9.38,37.8,6.89,1.94,6.39,0.87,4.9,1.01,2.91,0.43,2.67,0.41
10.7133,-0.6805,"BASALTIC-ANDESITE [25347]",9.7,19.4,2.32,10.1,2.29,0.78,2.19,0.34,2.07,0.42,1.26,0.19,1.31,0.2
10.8757,-0.6159,"BASALTIC-ANDESITE [25347]",21.3,40.4,4.73,19.3,3.81,0.96,3.27,0.48,2.69,0.53,1.49,0.23,1.54,0.24
10.8783,-0.5922,"BASALTIC-ANDESITE [25347]",18.3,37.7,4.46,18.8,3.56,1.09,2.83,0.39,2.23,0.43,1.22,0.18,1.23,0.19
31,59,"BASALTIC-ANDESITE [25353]",115.8,6.7,18.2,4.22,19.4,4.22,1.17,4.39,0.66,4.05,0.83,2.41,0.36,2.37
-29.36961167,-50.17584833,"BASALTIC-ANDESITE [25356]",33.2,69.2,8.23,32.7,7.01,1.75,7.41,1.23,7.25,1.52,4.02,0.57,3.79,0.57
-29.38550333,-50.1851,"BASALTIC-ANDESITE [25356]",33.3,73.5,8.36,31.6,6.49,1.51,6.28,0.99,5.62,1.21,2.99,0.47,2.78,0.47
-29.6638,-54.97502667,"BASALTIC-ANDESITE [25356]",38.6,76.1,9.09,35.9,7.33,1.84,7.65,1.22,7.14,1.46,4.3,0.58,3.98,0.58
-28.57171667,-51.95554167,"BASALTIC-ANDESITE [25356]",23.9,50.1,6.5,27.2,6.34,1.95,8.03,1.37,7.93,1.72,4.92,0.71,4.62,0.68
-29.036005,-52.024025,"BASALTIC-ANDESITE [25356]",23.7,51.2,6.17,26.1,5.98,1.69,6.74,1.18,7.5,1.47,4.25,0.6,3.73,0.58
-29.54066667,-51.095,"BASALTIC-ANDESITE [25356]",31.8,64.7,7.42,31.1,6.51,1.69,6.66,1.03,6.36,1.26,3.77,0.51,3.31,0.48
-29.372775,-50.17488833,"BASALTIC-ANDESITE [25356]",30.3,67.5,7.85,32.4,6.5,1.72,6.72,1.14,6.46,1.39,3.75,0.54,3.59,0.56
-29.04171667,-52.02563,"BASALTIC-ANDESITE [25356]",23.3,49.1,6.27,26.5,6.18,1.69,7.03,1.18,7.5,1.56,4.54,0.63,4.12,0.67
-29.372775,-50.17488833,"BASALTIC-ANDESITE [25356]",29.9,67,7.65,29.5,6.42,1.58,6.48,1.09,6.26,1.32,3.66,0.53,3.49,0.53
-29.5526,-51.08823333,"BASALTIC-ANDESITE [25356]",39.5,57,8.68,36.4,7.85,2.22,10.09,1.61,10.02,2.28,6.57,0.86,4.79,0.85
-29.20333333,-52.176,"BASALTIC-ANDESITE [25356]",38.6,77.3,8.8,35.9,7.48,1.69,7.5,1.15,6.9,1.46,4.18,0.58,3.74,0.54
-29.02306667,-51.52285,"BASALTIC-ANDESITE [25356]",32.6,65.6,8.01,30.5,6.79,1.73,7.14,1.14,6.33,1.31,3.74,0.59,3.55,0.53
-29.17333333,-52.21933333,"BASALTIC-ANDESITE [25356]",27.6,57.3,6.79,27.9,6.75,1.77,7.2,1.23,7.79,1.64,4.65,0.65,4.25,0.65
-29.65403333,-53.754445,"BASALTIC-ANDESITE [25356]",26.6,55.7,6.68,28.4,6.42,1.83,6.98,1.13,6.73,1.33,3.8,0.53,3.42,0.53
-29.59244,-53.53996667,"BASALTIC-ANDESITE [25356]",29.2,60.2,7.16,29.1,6.43,1.91,7.44,1.23,7.21,1.37,4.08,0.54,3.62,0.54
-29.6638,-53.75743833,"BASALTIC-ANDESITE [25356]",27.4,55.1,6.92,27.8,6.53,1.92,7.51,1.2,7.11,1.43,4.09,0.58,3.54,0.54
-28.957545,-51.57561833,"BASALTIC-ANDESITE [25356]",36.1,71.9,8.52,34.1,7.07,1.74,7.46,1.21,7,1.39,4.01,0.6,3.99,0.6
-29.371005,-50.18856667,"BASALTIC-ANDESITE [25356]",18.8,39.8,4.77,18.7,4.07,1.2,4.35,0.74,4.18,0.94,2.44,0.39,2.33,0.38
-28.87449667,-54.93769,"BASALTIC-ANDESITE [25356]",26,53.9,6.58,27.7,6.45,1.81,7.36,1.18,7.59,1.51,4.61,0.62,4.03,0.59
-27.787505,-51.18724667,"BASALTIC-ANDESITE [25356]",25.5,53.9,6.53,27.2,6.28,1.81,6.57,1.16,6.87,1.37,4.06,0.6,3.82,0.56
-29.39473333,-50.18619833,"BASALTIC-ANDESITE [25356]",23.7,54.4,6.38,25.3,5.34,1.45,5.51,0.93,5.36,1.11,3.01,0.48,2.69,0.45
-29.37527333,-50.19061833,"BASALTIC-ANDESITE [25356]",18.9,43.1,5.16,20.4,4.45,1.26,4.88,0.8,4.47,0.94,2.68,0.4,2.44,0.4
-29.65290667,-53.77028167,"BASALTIC-ANDESITE [25356]",24,50.5,5.91,25,5.59,1.72,6.4,1.03,6.54,1.22,3.38,0.5,3.21,0.48
-29.6638,-54.97502667,"BASALTIC-ANDESITE [25356]",31.8,62.2,8.16,33.6,8.24,2.2,9.45,1.48,9.13,1.93,5.33,0.73,4.52,0.75
-28.22119,-54.97502667,"BASALTIC-ANDESITE [25356]",21.2,44.8,5.52,23.3,5.74,1.54,6.45,1.09,6.84,1.49,4.41,0.61,3.79,0.58
-29.568905,-52.82312333,"BASALTIC-ANDESITE [25356]",18.8,39.8,4.64,19.5,4.28,1.17,4.64,0.75,4.36,0.86,2.49,0.36,2.26,0.36
-28.953855,-51.13755,"BASALTIC-ANDESITE [25356]",21.3,46.1,5.6,24.1,5.22,1.43,5.39,0.88,5.13,1.07,3.01,0.45,2.87,0.44
-28.87407167,-51.45299333,"BASALTIC-ANDESITE [25356]",26.9,55.2,6.8,27,5.83,1.61,6.21,1.03,6.09,1.24,3.51,0.5,3.24,0.45
-29.35113333,-50.171205,"BASALTIC-ANDESITE [25356]",20.8,45.4,5.42,21.8,5.06,1.38,5.37,0.89,5.08,1.05,2.99,0.43,2.67,0.41
-29.03599,-51.30383667,"BASALTIC-ANDESITE [25356]",26.7,48.5,6.1,25.6,5.63,1.58,6.25,1.01,5.71,1.24,3.24,0.49,3.19,0.47
-28.97446667,-51.10846833,"BASALTIC-ANDESITE [25356]",20,44.3,5.22,20.9,4.68,1.34,5.19,0.88,5.1,1.04,2.8,0.42,2.72,0.4
-29.35808333,-50.16943,"BASALTIC-ANDESITE [25356]",21.8,47,5.69,24.1,5.17,1.37,5.4,0.9,5.12,1.06,3.03,0.45,2.71,0.42
-28.95187,-51.13956833,"BASALTIC-ANDESITE [25356]",23.4,52.7,6.05,25,5.36,1.45,5.41,0.94,5.4,1.12,3.02,0.46,3.01,0.43
-29.32309167,-51.42328833,"BASALTIC-ANDESITE [25356]",18.9,39.1,4.9,20.1,4.44,1.3,4.58,0.82,4.91,0.93,2.86,0.44,2.7,0.4
-28.79154,-51.493285,"BASALTIC-ANDESITE [25356]",22.5,44.9,5.49,22.8,5.01,1.42,5.74,0.92,5.15,1.03,2.93,0.44,2.71,0.42
-29.6638,-54.97502667,"BASALTIC-ANDESITE [25356]",23.3,45.7,5.74,23.1,5.3,1.49,5.53,0.91,5.65,1.14,3.29,0.42,2.93,0.41
-29.57406667,-52.82349333,"BASALTIC-ANDESITE [25356]",25.1,46.9,5.9,23.2,5.62,1.52,6.08,0.97,5.86,1.11,3.11,0.47,2.76,0.43
-29.3555,-50.1735,"BASALTIC-ANDESITE [25356]",22.3,44.8,5.25,21.9,4.96,1.33,5.37,0.84,5.04,1.04,3.03,0.41,2.6,0.4
-29.35703833,-50.17515333,"BASALTIC-ANDESITE [25356]",17.2,36.9,4.22,17.5,3.61,1.09,4.16,0.66,3.93,0.86,2.39,0.33,2.1,0.34
-29.35552833,-50.17350333,"BASALTIC-ANDESITE [25356]",17.8,41.4,4.66,19.8,4.52,1.27,4.63,0.78,4.67,0.96,2.65,0.41,2.31,0.39
-28.94228167,-51.15355667,"BASALTIC-ANDESITE [25356]",22.3,48.5,5.65,22.7,4.97,1.39,5.07,0.85,5,1.01,2.79,0.42,2.77,0.41
-29.371005,-50.18856667,"BASALTIC-ANDESITE [25356]",21.3,45.8,5.67,24,4.79,1.32,5.09,0.84,5.05,1.03,2.9,0.44,2.75,0.42
-29.51900667,-52.6554,"BASALTIC-ANDESITE [25356]",25.3,49.5,5.8,25.2,5.56,1.47,5.95,0.95,5.2,1.11,3.2,0.47,3.11,0.43
-29.503,-50.32033333,"BASALTIC-ANDESITE [25356]",23.2,47.9,5.76,23.6,4.97,1.34,5.03,0.79,4.82,1.02,3.04,0.4,2.59,0.39
-29.50723667,-53.556075,"BASALTIC-ANDESITE [25356]",16.6,34,4.15,17.1,4.13,1.23,4.64,0.76,4.61,0.83,2.44,0.35,2.12,0.34
-29.20566667,-52.17366667,"BASALTIC-ANDESITE [25356]",18.5,39.6,4.72,18.4,4.18,1.21,4.43,0.71,4.4,0.96,2.58,0.35,2.47,0.34
-29.37111833,-50.17534167,"BASALTIC-ANDESITE [25356]",23.8,49.9,6.31,26.5,5.93,1.73,5.89,0.91,5.24,1.04,2.76,0.38,2.49,0.32
-29.37110833,-50.18636667,"BASALTIC-ANDESITE [25356]",19.1,42,4.93,19.4,4.51,1.29,4.34,0.73,4.31,0.95,2.58,0.36,2.35,0.38
-29.37510333,-50.18756167,"BASALTIC-ANDESITE [25356]",20,44.6,5.3,20.4,4.66,1.34,4.8,0.83,4.92,1.06,2.75,0.43,2.64,0.43
-29.50583333,-50.32,"BASALTIC-ANDESITE [25356]",22.8,45.4,5.57,23.2,4.83,1.38,5.08,0.81,5.06,1.05,3.13,0.43,2.74,0.41
-29.26363333,-52.1685,"BASALTIC-ANDESITE [25356]",16.7,34.8,4.27,16,4.06,1.19,4.54,0.75,3.86,0.84,2.53,0.35,2.28,0.31
-29.35218833,-50.17011167,"BASALTIC-ANDESITE [25356]",31.2,63.2,7.26,28.4,5.8,1.38,5.61,0.85,5.36,1.05,3,0.43,2.74,0.43
-29.4875,-50.70916667,"BASALTIC-ANDESITE [25356]",22.4,46.6,5.47,23.1,4.71,1.35,4.96,0.77,4.74,1.01,2.98,0.4,2.48,0.38
33,107.6,"BASALTIC-ANDESITE [11800]",18.9,40.7,5.41,20.74,4.739,1.52,5.54,0.88,5.24,1.01,2.91,0.43,2.82,0.42
33,107.6,"BASALTIC-ANDESITE [11800]",28.5,60.6,7.83,31.43,6.493,2.08,6.71,0.94,4.95,0.94,2.71,0.38,2.49,0.4
33,107.6,"BASALTIC-ANDESITE [11800] / ANDESITE [11855]",0.98,2.92,0.51,2.96,1.143,0.41,1.84,0.37,2.63,0.55,1.66,0.24,1.66,0.26
33,107.6,"BASALTIC-ANDESITE [11800] / THOLEIITIC ANDESITE [11855]",13.7,32,4.55,19.59,5.173,1.59,6.91,1.2,8.03,1.64,5.1,0.76,5.23,0.78
33,107.6,"BASALTIC-ANDESITE [11800]",8.91,19.4,2.7,11.78,2.567,1.01,2.83,0.41,2.39,0.46,1.37,0.21,1.38,0.21
44.2,88.08,"BASALTIC-ANDESITE [7956] / NOT GIVEN [11282]",11.1,31.2,4.1,19.3,4.5,1.4,4.8,0.73,4.8,0.9,2.6,0.39,2.5,0.38
20,34,"BASALTIC-ANDESITE [25401]",4.6,15,1.8,11,3.12,0.87,4.17,0.59,4.07,0.68,2.54,0.38,2.67,0.32
20,34,"BASALTIC-ANDESITE [25401]",3.6,10,1.4,7,2.5,0.74,3.63,0.7,4.9,1.1,3.13,0.5,3.32,0.52
20,34,"BASALTIC-ANDESITE [25401]",5.3,14,2.1,10,3.15,0.8,3.53,0.6,3.5,0.74,2.03,0.3,2.01,0.32
20,34,"BASALTIC-ANDESITE [25401]",4.1,12,1.8,8,2.64,0.86,3.6,0.65,4.2,0.89,2.61,0.42,2.94,0.37
20,34,"BASALTIC-ANDESITE [25401]",30.6,70,9.2,39,9.2,1.9,7.94,1.16,6.24,1.2,3.32,0.5,3.2,0.5
0.83,109.7,"BASALTIC-ANDESITE [25417]",7.33,16.6,2.46,11.2,2.26,0.553,2.09,0.429,3.02,0.69,2.19,0.363,2.49,0.405
0.83,109.7,"BASALTIC-ANDESITE [25417]",5.91,13.2,2.04,9.89,2.66,0.999,2.66,0.502,3.23,0.683,2,0.308,1.98,0.313
0.83,109.7,"BASALTIC-ANDESITE [25417]",7.52,16,2.53,12.2,3.29,1.26,3.44,0.65,4.21,0.912,2.73,0.42,2.75,0.449
0.83,109.7,"BASALTIC-ANDESITE [25417]",14.8,32.1,4.69,20.7,4.94,1.5,4.57,0.83,5.18,1.07,3.18,0.497,3.32,0.527
21.4833,144.0333,"BASALTIC-ANDESITE [25422]",16.2,30.4,3.85,16.1,3.59,1.12,3.4,0.523,2.99,0.602,1.66,0.255,1.55,0.242
18.2,144.7,"BASALTIC-ANDESITE [25422]",7.05,16,2.41,11.5,3.3,1.2,3.95,0.675,4.16,0.883,2.5,0.386,2.36,0.364
18.2,144.7,"BASALTIC-ANDESITE [25422]",7.05,16,2.41,11.5,3.25,1.2,3.92,0.673,4.14,0.88,2.51,0.381,2.35,0.364
18.0333,144.75,"BASALTIC-ANDESITE [25422]",5.38,13.6,2.14,10.6,3.18,1.17,3.94,0.697,4.33,0.933,2.64,0.408,2.52,0.385
12.9,143.6333,"BASALTIC-ANDESITE [25422]",7.26,20.1,3.24,16.7,5.3,1.79,6.93,1.24,7.9,1.72,4.99,0.774,4.82,0.757
12.9,143.6333,"BASALTIC-ANDESITE [25422]",7.15,19.8,3.26,16.8,5.5,1.8,6.78,1.27,7.74,1.64,4.84,0.754,4.69,0.75
13.25,123.7,"BASALTIC-ANDESITE [25423]",16.8,33.1,4.39,17.9,4.14,1.29,3.62,0.58,3.63,0.74,2.26,0.332,2.21,0.328
13.25,123.7,"BASALTIC-ANDESITE [25423]",16.9,33.9,4.6,19.2,4.34,1.39,3.92,0.61,3.88,0.77,2.27,0.326,2.12,0.322
13.25,123.7,"BASALTIC-ANDESITE [25423]",14.3,29.4,4.07,16.8,3.91,1.18,3.57,0.56,3.55,0.71,2.12,0.321,2.09,0.297
13.25,123.7,"BASALTIC-ANDESITE [25423]",17.6,35.6,4.75,20.7,4.67,1.4,4.4,0.68,3.9,0.78,2.24,0.336,2.18,0.341
13.25,123.7,"BASALTIC-ANDESITE [25423]",15.7,31.2,4.03,17.4,4.03,1.2,3.46,0.55,3.21,0.65,1.97,0.31,2.05,0.301
13.25,123.7,"BASALTIC-ANDESITE [25423]",13.2,27.3,3.79,16,3.92,1.21,3.51,0.55,3.27,0.68,2.06,0.306,2.04,0.32
13.25,123.7,"BASALTIC-ANDESITE [25423]",15.9,32.2,4.31,18.3,4.35,1.17,3.7,0.58,3.47,0.7,2.11,0.316,2,0.314
13.25,123.7,"BASALTIC-ANDESITE [25423]",16.5,34.4,4.51,18.4,4.45,1.33,4.28,0.66,3.76,0.75,2.22,0.326,2.1,0.32
13.25,123.7,"BASALTIC-ANDESITE [25423]",16.4,33.2,4.5,19,4.05,1.2,3.86,0.6,3.54,0.72,2.14,0.313,2.02,0.324
13.25,123.7,"BASALTIC-ANDESITE [25423]",15.9,32.2,4.35,18.2,4.06,1.33,3.82,0.58,3.59,0.72,2.08,0.302,1.95,0.307
13.25,123.7,"BASALTIC-ANDESITE [25423]",15.6,31.8,4.27,17.9,4.19,1.2,3.6,0.56,3.45,0.71,2.08,0.311,2.03,0.307
13.25,123.7,"BASALTIC-ANDESITE [25423]",15.7,32,4.24,18.2,4.26,1.25,3.63,0.57,3.53,0.71,2.21,0.332,2.16,0.32
13.25,123.7,"BASALTIC-ANDESITE [25423]",15.7,31.7,4.32,18.6,4.12,1.25,3.63,0.58,3.54,0.72,2.11,0.301,1.95,0.317
13.25,123.7,"BASALTIC-ANDESITE [25423]",16.4,33.3,4.42,19.3,4.21,1.33,4.11,0.62,3.63,0.74,2.12,0.324,2.14,0.327
13.25,123.7,"BASALTIC-ANDESITE [25423]",16.3,34.7,4.38,18.7,4.15,1.36,4.45,0.68,3.91,0.77,2.13,0.314,2.1,0.334
13.25,123.7,"BASALTIC-ANDESITE [25423]",15.6,32,4.33,18.3,4.09,1.24,3.76,0.58,3.49,0.72,2.16,0.316,2.07,0.312
13.25,123.7,"BASALTIC-ANDESITE [25423]",15.9,32.5,4.33,18.2,4.45,1.24,3.8,0.57,3.38,0.69,2.16,0.32,2.03,0.316
13.25,123.7,"BASALTIC-ANDESITE [25423]",15.3,32,4.2,18,3.9,1.26,3.73,0.59,3.54,0.72,2.1,0.31,2.03,0.307
13.25,123.7,"BASALTIC-ANDESITE [25423]",16.2,32.7,4.47,18.7,4.28,1.25,4.07,0.61,3.52,0.73,2.17,0.327,2.12,0.31
13.25,123.7,"BASALTIC-ANDESITE [25423]",16.6,35.1,4.51,19.2,4.38,1.39,4.35,0.67,3.93,0.78,2.39,0.349,2.34,0.355
41.5813,120.7732,"BASALTIC-ANDESITE [11872]",45.8,93.8,11.4,43.5,6.72,1.82,4.74,0.692,3.41,0.6,1.61,0.23,1.44,0.219
41.5813,120.7732,"BASALTIC-ANDESITE [11872]",34.8,69.2,8.12,30.3,4.87,1.29,3.64,0.506,2.67,0.47,1.22,0.18,1.22,0.189
45.0783,129.2694,"BASALTIC-ANDESITE [25455]",64,123,14.4,56.7,9.7,2.59,7.47,0.89,4.34,0.77,1.9,0.26,1.56,0.25
45.0783,129.2694,"BASALTIC-ANDESITE [25455]",65,122,14.4,56,9.5,2.65,7.58,0.88,4.23,0.73,1.95,0.24,1.55,0.24
27.0265,101.3847667,"BASALTIC-ANDESITE [25466]",48.8,105,12.8,51.1,9.58,2.76,7.72,1.11,5.36,1,2.71,0.34,2.13,0.28
27.02633333,101.3848833,"BASALTIC-ANDESITE [25466]",25.4,57.5,7.15,29.5,6.31,2.13,5.86,0.87,4.85,0.91,2.51,0.33,2.03,0.27
27.02433333,101.3890333,"BASALTIC-ANDESITE [25466]",34.4,72,8.7,35.6,6.41,2.2,5.87,0.83,4.41,0.81,2.2,0.29,1.74,0.27
27.02393333,101.3890833,"BASALTIC-ANDESITE [25466]",32.3,65.6,8.42,36.4,6.82,2.24,6.12,0.85,4.34,0.8,2.22,0.28,1.85,0.25
27.0245,101.3890167,"BASALTIC-ANDESITE [25466]",33.2,71.3,8.39,34.4,6.31,2.22,5.8,0.83,4.15,0.76,2.15,0.28,1.73,0.24
22.17278667,85.58872667,"BASALTIC-ANDESITE [25470]",19.031,39.536,5.01,16.335,5.563,1.13,4.438,0.668,3.844,0.767,2.304,0.347,2.108,0.315
22.17331333,85.58908667,"BASALTIC-ANDESITE [25470]",20.318,45.367,5.588,18.471,6.492,1.179,4.953,0.767,4.463,0.893,2.682,0.413,2.498,0.374
32.78,83.35,"BASALTIC-ANDESITE [25490]",36.2,77.4,10.1,38.3,7.89,1.96,7.43,1.19,6.67,1.39,3.74,0.52,3.38,0.49
32.78,83.35,"BASALTIC-ANDESITE [25490]",33.7,71.6,9.39,35.4,7.25,1.88,6.81,1.08,6.01,1.25,3.31,0.46,2.93,0.42
32.78,83.35,"BASALTIC-ANDESITE [25490]",37.6,79.1,10.3,38.7,7.97,1.98,7.46,1.18,6.7,1.4,3.75,0.53,3.35,0.49
32.78,83.35,"BASALTIC-ANDESITE [25490]",34.2,71.7,9.42,35.5,7.3,1.86,6.83,1.09,6.1,1.28,3.45,0.48,3.13,0.45
15.26,-61.3,"BASALTIC-ANDESITE [8431]",8,18,2.3,10,2.7,0.87,2.9,0.54,3.3,0.65,2.1,0.32,2.1,0.34
15.43,-61.35,"BASALTIC-ANDESITE [8431]",11,23,2.9,12,2.8,0.85,2.9,0.47,2.9,0.63,2,0.31,2.1,0.33
15.2,-61.3,"BASALTIC-ANDESITE [8431]",19,39,5,21,4.5,1.3,4.1,0.65,3.6,0.75,2.2,0.34,2.1,0.34
64,-19.6,"BASALTIC-ANDESITE [25539]",52.50175522,119.5635852,15.54506585,67.4294585,15.43319356,4.819623205,15.77675529,2.357772832,13.92136344,2.716516776,7.358765246,1.005649986,6.357444339,0.910413781
64,-19.6,"BASALTIC-ANDESITE [25539]",45.1,105.8603251,13.5,58.7,13.5,4.05,13.7,2.12,12.2,2.42,6.57,0.923,5.81,0.884
7.5,39,"BASALTIC-ANDESITE [25546]",52.95429834,116.4264187,14.30695652,59.04524124,11.96288929,3.813140357,11.09687715,1.543904157,9.101034613,1.735727896,4.856219719,0.697981753,4.516598722,0.648501756
7.5,39,"BASALTIC-ANDESITE [25546]",58.6044084,120.4288009,15.08937034,65.31900774,13.42354644,4.18301273,12.97144316,1.792961522,10.51273027,2.061160118,5.696948582,0.779614099,4.816791441,0.708188892
12.43,142.03,"BASALTIC-ANDESITE [8514]",24.94,49.55,5.88,24.18,5.57,1.7,4.92,0.72,4.2,0.84,2.4,0.37,2.32,0.37
12.43,142.03,"BASALTIC-ANDESITE [8514]",26.17,51.8,6.12,25.22,5.79,1.78,5.16,0.75,4.35,0.87,2.5,0.38,2.4,0.39
12.43,142.03,"BASALTIC-ANDESITE [8514]",28.08,55.81,6.58,27.2,6.23,1.91,5.56,0.81,4.69,0.94,2.68,0.41,2.6,0.41
12.44,142.27,"BASALTIC-ANDESITE [8514]",15.44,33.27,4.22,18.59,4.88,1.6,4.8,0.76,4.6,0.95,2.72,0.42,2.64,0.41
12.44,142.27,"BASALTIC-ANDESITE [8514]",16.99,35.8,4.46,19.34,4.94,1.59,4.8,0.76,4.6,0.95,2.73,0.42,2.68,0.43
12.44,142.27,"BASALTIC-ANDESITE [8514]",14.19,30.72,3.88,17.15,4.51,1.49,4.46,0.71,4.27,0.87,2.53,0.39,2.45,0.39
12.44,142.27,"BASALTIC-ANDESITE [8514]",16.75,35.61,4.38,18.91,4.78,1.53,4.7,0.74,4.5,0.93,2.72,0.42,2.66,0.42
12.44,142.27,"BASALTIC-ANDESITE [8514]",13.02,28.1,3.53,15.65,4.09,1.34,4.03,0.64,3.88,0.79,2.28,0.35,2.22,0.35
12.93,143.62,"BASALTIC-ANDESITE [8514]",10.45,28.43,4.31,21.93,7.58,2.52,9.08,1.67,10.96,2.35,6.92,1.09,6.86,1.09
12.95,143.62,"BASALTIC-ANDESITE [8514]",5.93,16.54,2.55,13.1,4.66,1.6,5.71,1.06,6.98,1.5,4.41,0.7,4.4,0.69
29.9642,91.1888,"ANDESITE [11842] / BASALTIC-ANDESITE [8514]",19.8,39.7,4.73,19.1,4.25,1.1,4.3,0.66,3.94,0.82,2.17,0.33,2.39,0.35
12.96,143.62,"BASALTIC-ANDESITE [8514]",7.72,21.35,3.16,16.18,5.69,1.89,6.76,1.25,8.24,1.76,5.14,0.81,5.14,0.81
12.96,143.62,"BASALTIC-ANDESITE [8514]",7.05,19,2.79,14.19,4.97,1.69,6.04,1.12,7.44,1.6,4.71,0.74,4.71,0.75
12.95,143.62,"BASALTIC-ANDESITE [8514]",7.16,20.15,3.01,15.49,5.46,1.85,6.63,1.22,8.07,1.73,5.11,0.8,5.05,0.8
13.33,143.75,"BASALTIC-ANDESITE [8514]",4.91,13.83,2.4,12.31,4.03,1.39,5.05,0.92,6.24,1.36,3.88,0.63,3.96,0.63
13.85,143.9,"BASALTIC-ANDESITE [8514]",3.71,11.64,2.07,10.73,3.47,1.26,4.3,0.77,5.06,1.09,3.09,0.49,3.04,0.47
14.08,143.95,"BASALTIC-ANDESITE [8514]",3.51,10.44,1.87,9.73,3.12,1.17,4.04,0.71,4.79,1.02,2.95,0.46,2.87,0.44
13.64,144.4,"BASALTIC-ANDESITE [8514]",3.27,8.2,1.35,6.63,2.06,0.74,2.62,0.47,3.14,0.69,2.04,0.33,2.18,0.35
14.02,144.63,"BASALTIC-ANDESITE [8514]",5.62,12.75,1.99,9.3,2.62,0.93,3.09,0.53,3.43,0.75,2.18,0.35,2.32,0.37
14.33,144.87,"BASALTIC-ANDESITE [8514]",8.18,18.59,2.87,13.25,3.61,1.1,4.11,0.7,4.49,0.97,2.84,0.46,2.98,0.47
14.95,145.27,"BASALTIC-ANDESITE [8514]",8.66,19.9,3.12,14.85,4.19,1.39,4.78,0.8,5.08,1.09,3.1,0.49,3.12,0.49
-34.2672,-54.1198,"BASALTIC-ANDESITE [25557]",120,217,22.9,27,5.3,3.5,10.9,1.35,7.7,1.45,4.1,0.53,3.7,0.54
29.92,91.08,"BASALT [10365]",47.1,86.9,10.6,42.6,8.23,2.07,7.85,0.95,4.85,0.86,2.22,0.31,2.23,0.32
32.77,130.95,"BASALTIC-ANDESITE [12115] / BASALT [16746]",15.8,34.9,4.48,19.54,4.45,1.34,4.6,0.64,3.75,0.76,2.25,0.32,2.1,0.32
-4.2,152,"BASALTIC-ANDESITE [25587]",13.3,30.1,4.46,20.7,5.27,1.52,5.61,0.908,5.82,1.22,3.52,0.539,3.69,0.569
-38.0165,175.0504,"BASALTIC-ANDESITE [25588]",31.33,44.57,7.67,31.59,6.36,1.766,5.95,0.818,5.2,1.001,2.811,0.419,1.96,0.377
-37.9963,175.1117,"BASALTIC-ANDESITE [25588]",29.85,48.32,6.39,25.06,5.16,1.373,4.59,0.669,3.97,0.77,2.22,0.322,1.89,0.323
-38.0797,175.0066,"BASALTIC-ANDESITE [25588]",16.71,33.87,4.22,17.9,4.07,1.141,3.78,0.558,3.51,0.732,2.065,0.286,1.84,0.319
-38.0317,175.0616,"BASALTIC-ANDESITE [25588]",22.56,34.63,5.28,21.9,4.82,1.488,4.55,0.634,3.98,0.795,2.368,0.341,3.19,0.329
-38.03,175.062,"BASALTIC-ANDESITE [25588]",28.81,48.1,8.33,36.81,8.01,2.31,7.37,1.081,6.56,1.208,3.47,0.491,1.97,0.458
-37.9437,175.0475,"BASALTIC-ANDESITE [25588]",21.96,39.65,5.1,21.14,4.44,1.254,4.2,0.602,3.63,0.713,2.07,0.303,1.6,0.319
-38.0167,175.0546,"BASALTIC-ANDESITE [25588]",25.38,43.85,5.89,24.44,5.13,1.43,4.77,0.687,4.26,0.856,2.48,0.366,3.1,0.34
-37.9821,175.1099,"BASALTIC-ANDESITE [25588]",31.09,54.9,6.31,24.24,4.62,1.32,3.98,0.539,3.5,0.655,1.99,0.284,2.05,0.282
-37.9938,175.115,"BASALTIC-ANDESITE [25588]",34.1,59.6,7.26,26.93,5.17,1.357,4.28,0.617,3.62,0.696,1.99,0.285,1.96,0.296
-37.99,175.1227,"BASALTIC-ANDESITE [25588]",24.95,47.9,5.34,21.07,4.18,1.272,3.77,0.552,3.25,0.654,1.93,0.277,2.07,0.31
-37.9681,175.1368,"BASALTIC-ANDESITE [25588]",36,66.4,7.74,29.83,5.7,1.512,4.52,0.636,3.64,0.683,2.067,0.281,2.02,0.276
-37.9681,175.1368,"BASALTIC-ANDESITE [25588]",31.31,52,7.26,28.78,5.82,1.576,4.86,0.661,4.29,0.796,2.19,0.3,2.23,0.322
-37.99,175.1225,"BASALTIC-ANDESITE [25588]",30.86,54.2,6.24,23.38,4.45,1.362,3.95,0.557,3.42,0.672,1.996,0.28,1.96,0.295
-37.9943,175.12,"BASALTIC-ANDESITE [25588]",26.3,48,5.36,20.19,3.96,1.191,3.26,0.474,2.99,0.594,1.652,0.233,1.67,0.241
-38.0144,175.0719,"BASALTIC-ANDESITE [25588]",24.53,42.99,5.58,22.73,4.43,1.314,4.15,0.579,3.79,0.718,2.122,0.299,2.09,0.298
-38.014,175.0469,"BASALTIC-ANDESITE [25588]",32.4,47.9,7.11,29.27,5.9,1.896,5.68,0.797,4.74,0.867,2.406,0.303,1.96,0.286
-38.0527,175.1063,"BASALTIC-ANDESITE [25588]",17.06,33.74,4.16,17.59,3.73,1.101,3.79,0.551,3.49,0.743,2.149,0.295,2.18,0.318
-38.0433,174.9349,"BASALTIC-ANDESITE [25588]",13.63,28.81,3.639,15.18,3.38,1.102,3.54,0.564,3.62,0.7,2.11,0.308,2.08,0.312
61.89873,159.3382,"BASALTIC-ANDESITE [25601]",12.8,30.6,4.1,18.9,3.7,1.13,3.18,0.49,3.06,0.57,1.59,0.23,1.4,0.22
-37.06,-69.93,"BASALTIC-ANDESITE [25615]",27.21233652,54.45483777,6.533297105,25.8438842,5.630041928,1.557314714,4.913032281,0.772996042,4.619774656,0.897884472,2.424415222,0.353561956,2.200359977,0.343957184
55.9534,160.6333,"BASALTIC-ANDESITE [25621]",8.064781633,18.65559327,2.733166234,12.69183644,3.207868839,1.12170292,3.066126697,0.549557674,3.505598318,0.729602489,2.231255502,0.308023789,2.179351976,0.320203686
55.9539,160.6323,"BASALTIC-ANDESITE [25621]",8.175482923,19.18209829,2.779564347,12.67642449,3.22538508,1.134530368,3.05959665,0.599993415,3.569779325,0.748280781,2.20510246,0.315426738,2.233598744,0.341074555
55.3018,160.5889,"BASALTIC-ANDESITE [25621]",7.730075394,17.85945691,2.670785518,11.53235273,3.005175023,0.973937881,3.059496059,0.47973282,3.1071171,0.647644388,1.892560084,0.284437703,1.837177458,0.299414293
55.3018,160.5889,"BASALTIC-ANDESITE [25621]",5.716444648,13.88503512,2.197241272,10.64079484,3.114998909,1.02721387,3.390120128,0.571417506,3.682454687,0.776434652,2.245875458,0.320235121,2.085363786,0.322309624
55.3018,160.5889,"BASALTIC-ANDESITE [25621]",7.271265059,16.80979729,2.587151342,10.80628326,2.813571511,0.967766888,2.88442007,0.486683974,3.044513054,0.656553655,1.909083461,0.314694006,1.799189946,0.367833172
55.3018,160.5889,"BASALTIC-ANDESITE [25621]",7.867093275,18.0685216,2.689156219,11.92188789,3.121587325,1.00157224,3.101446806,0.50659474,3.200730356,0.680126209,1.954150782,0.299326596,1.9873821,0.313805148
55.3018,160.5889,"BASALTIC-ANDESITE [25621]",8.106381107,18.56901815,2.708153689,11.88648195,3.040107231,0.962329557,3.110745049,0.49980275,3.24503608,0.686237626,2.019109344,0.291206933,1.909606208,0.308914693
49.2231,116.3753,"BASALTIC-ANDESITE [25642]",89.6,178,21.7,82.4,12.8,3.28,10.4,1.23,4.97,0.81,1.98,0.27,1.59,0.24
49.2397,116.3753,"BASALTIC-ANDESITE [25642]",86,172,21.3,80.8,12.8,3.29,10.4,1.21,4.98,0.81,1.92,0.25,1.56,0.22
49.2003,116.3544,"BASALTIC-ANDESITE [25642]",67.2,138,18.5,74.6,13.2,3.11,10.9,1.46,6.83,1.16,2.86,0.4,2.56,0.38
43.5,81,"BASALTIC-ANDESITE [25643]",7.25,2.03,7.59,1.18,7.09,1.53,4.11,0.58,3.71,0.55,4.79,0.77,0.6,5.42
43.5,81,"BASALTIC-ANDESITE [25643]",6.9,1.89,6.85,1.08,6.61,1.42,3.93,0.56,3.64,0.55,4.77,0.8,0.8,5.65
43.5,81,"BASALTIC-ANDESITE [25643]",6.34,1.84,6.85,1.07,6.55,1.45,3.93,0.58,3.69,0.55,4.93,0.73,1.3,5.9
43.5,81,"BASALTIC-ANDESITE [25643]",7.49,1.81,7.66,1.16,7.34,1.47,4.14,0.63,4.07,0.57,5.5,0.8,1,5.68
43.5,81,"BASALTIC-ANDESITE [25643]",7.91,1.88,8.05,1.26,7.67,1.58,4.53,0.67,4.18,0.66,5.7,0.9,1,6.05
43.5,81,"BASALTIC-ANDESITE [25643]",7.69,1.97,8.43,1.29,7.65,1.61,4.68,0.72,4.46,0.66,5.8,0.9,1,6.18
-14.5,-49.9,"BASALTIC-ANDESITE [8519]",15.3,25.6,3.59,14.7,3.21,1.15,3.83,0.61,3.84,0.79,2.3,0.36,2.37,0.33
12.2818,93.85938,"BASALTIC-ANDESITE [8458]",4.29,10.73,1.55,8,2.73,1.03,3.5,0.64,4.34,0.93,2.69,0.4,2.58,0.42
12.2889,93.84938,"BASALTIC-ANDESITE [8458]",7.06,16.59,2.31,11.6,3.69,1.31,4.54,0.82,5.42,1.16,3.27,0.49,3.11,0.49
12.2894,93.84778,"BASALTIC-ANDESITE [8458]",6.42,14.94,2.07,10.1,3.22,1.13,3.76,0.68,4.55,0.97,2.73,0.4,2.55,0.41
12.2886,93.85648,"BASALTIC-ANDESITE [8458]",6.49,14.99,2.06,10,3.22,1.13,3.76,0.69,4.51,0.96,2.66,0.4,2.53,0.41
12.2876,93.84858,"BASALTIC-ANDESITE [8458]",8.88,20.61,2.86,14,4.42,1.48,5.25,0.96,6.31,1.36,3.83,0.57,3.66,0.59
12.2867,93.84978,"BASALTIC-ANDESITE [8458]",8.87,20.88,2.9,14.2,4.56,1.47,5.37,0.98,6.41,1.37,3.92,0.58,3.67,0.58
12.2849,93.85288,"BASALTIC-ANDESITE [8458]",8.14,19.13,2.66,13.2,4.19,1.45,5.05,0.92,6.16,1.31,3.65,0.55,3.5,0.57
12.2855,93.85118,"BASALTIC-ANDESITE [8458]",7.05,16.51,2.31,11.5,3.68,1.28,4.5,0.81,5.32,1.14,3.2,0.47,2.97,0.48
12.2884,93.84848,"BASALTIC-ANDESITE [8458]",6.67,16.03,2.3,11.8,3.95,1.42,4.9,0.91,6.16,1.31,3.74,0.56,3.5,0.57
12.2838,93.85348,"BASALTIC-ANDESITE [8458]",6.52,15.13,2.1,10.3,3.24,1.17,3.84,0.7,4.62,0.98,2.73,0.41,2.58,0.41
12.2826,93.8545,"BASALTIC-ANDESITE [8458]",8.46,19.56,2.71,13.4,4.24,1.46,5.22,0.93,6.21,1.34,3.72,0.55,3.58,0.57
12.2822,93.8589,"BASALTIC-ANDESITE [8458]",4.66,11.22,1.6,8.1,2.69,1,3.24,0.61,4,0.87,2.47,0.36,2.32,0.37
12.2842,93.8563,"BASALTIC-ANDESITE [8458]",6.11,14.25,1.97,9.6,3.03,1.11,3.7,0.66,4.31,0.93,2.56,0.39,2.45,0.39
12.2871,93.8507,"BASALTIC-ANDESITE [8458]",4.2,10.14,1.44,7.3,2.42,0.92,3.01,0.56,3.66,0.8,2.23,0.33,2.06,0.33
12.2874,93.8521,"BASALTIC-ANDESITE [8458]",4.34,10.57,1.51,7.6,2.55,0.96,3.1,0.58,3.76,0.83,2.3,0.34,2.18,0.35
13.69223333,75.83366667,"BASALTIC-ANDESITE [25662]",8.1,18.6,2.48,11.7,3,1.19,3.15,0.5,2.93,0.57,1.54,0.21,1.34,0.19
13.55065,75.8207,"BASALTIC-ANDESITE [25662]",13,28.9,3.78,16.2,4.16,1.17,4.69,0.77,4.75,0.98,2.69,0.37,2.34,0.35
13.28675,75.92631667,"BASALTIC-ANDESITE [25662]",21.3,45.5,5.82,24.7,6.16,1.97,6.18,0.94,5.44,0.99,2.74,0.37,2.22,0.35
13.28675,75.92631667,"BASALTIC-ANDESITE [25662]",14,28.8,3.52,14.5,3.43,1.11,3.82,0.66,4.12,0.8,2.4,0.34,2.38,0.35
13.31836667,75.92276667,"BASALTIC-ANDESITE [25662]",17.5,25.6,4.54,18.7,4.13,1.37,3.78,0.63,3.73,0.77,2.22,0.32,2.06,0.3
13.31833333,75.9227,"BASALTIC-ANDESITE [25662]",7.3,14.8,1.97,8.16,2.09,0.71,2.25,0.42,2.7,0.56,1.66,0.24,1.6,0.25
13.502,75.8007,"BASALTIC-ANDESITE [25662]",8.8,18.3,2.68,12.2,3.22,1.35,3.68,0.65,4.18,0.88,2.79,0.44,2.94,0.47
36.5869,27.1701,"BASALTIC-ANDESITE [25663]",13.596,31.01566667,3.840666667,16.624,3.586666667,1.083666667,3.336,0.487333333,3.095,0.615,1.710333333,0.261333333,1.769666667,0.264333333
36.5872,27.1682,"BASALTIC-ANDESITE [25663]",15.16433333,33.52366667,4.131,17.20333333,3.669,1.125333333,3.445666667,0.483,2.961666667,0.615,1.705333333,0.259,1.759666667,0.262666667
36.5892,27.1654,"BASALTIC-ANDESITE [25663]",17.65966667,34.58466667,4.182666667,16.64966667,3.304333333,0.974,3.134333333,0.457,2.904333333,0.584,1.652333333,0.257666667,1.697333333,0.252
36.5892,27.1654,"BASALTIC-ANDESITE [25663]",13.69966667,31.08233333,3.905,16.96433333,3.629333333,1.062666667,3.183666667,0.480666667,3.113333333,0.632,1.739666667,0.264333333,1.685333333,0.253333333
36.5844,27.1445,"BASALTIC-ANDESITE [25663]",14.637,31.535,3.907666667,16.548,3.499,1.048666667,3.229,0.456333333,2.997666667,0.588,1.693,0.242666667,1.644666667,0.241666667
-26.372,-68.071,"BASALTIC-ANDESITE [17669] / NOT GIVEN [24044]",29.6,59.9,7.1,27.8,5.46,1.5,5.05,0.73,4.1,0.8,2.16,0.3,1.92,0.28
45.1,141.27,"BASALTIC-ANDESITE [25671]",14.3,33.9,4.47,19.7,4.87,1.6,5.53,0.87,5.58,1.15,3.43,0.5,3.28,0.49
45.1,141.27,"BASALTIC-ANDESITE [25671]",13.9,34,4.2,18.7,4.64,1.55,5.29,0.84,5.38,1.12,3.28,0.47,3.1,0.46
45.1,141.27,"BASALTIC-ANDESITE [25671]",14.2,33.4,4.42,19.8,4.88,1.61,5.46,0.88,5.58,1.15,3.37,0.49,3.26,0.49
45.1,141.27,"BASALTIC-ANDESITE [25671]",14.1,33.3,4.43,19.5,4.82,1.62,5.42,0.86,5.53,1.14,3.4,0.49,3.21,0.49
45.1,141.27,"BASALTIC-ANDESITE [25671]",13.7,33,4.26,18.9,4.65,1.57,5.24,0.84,5.3,1.09,3.26,0.48,3.14,0.48
45.1,141.27,"BASALTIC-ANDESITE [25671]",14.1,33.7,4.43,19.8,4.89,1.61,5.42,0.87,5.46,1.13,3.38,0.49,3.19,0.48
30.1934,91.3439,"BASALTIC-ANDESITE [25687]",39,76.9,9.31,35.7,7.38,1.99,6.46,0.92,5.04,0.95,2.42,0.34,2.17,0.31
30.1934,91.3439,"BASALTIC-ANDESITE [25687]",38.3,77.1,9.19,36.3,7.54,2.02,6.28,0.92,4.87,0.94,2.48,0.35,2.17,0.33
30.1934,91.3439,"BASALTIC-ANDESITE [25687]",37.7,75,9.22,36,7.33,1.94,6.33,0.88,4.81,0.95,2.44,0.35,2.24,0.33
30.1934,91.3439,"BASALTIC-ANDESITE [25687]",38.9,78.4,9.26,36.9,7.6,1.99,6.37,0.92,4.95,0.94,2.49,0.36,2.26,0.33
34.5511,77.5169,"BASALTIC-ANDESITE [25712]",6.81,15.2,2.31,9.76,2.54,0.62,2.32,0.42,3.15,0.73,2.02,0.36,2.11,0.19
34.5717,77.4761,"BASALTIC-ANDESITE [25712]",7.62,14.8,1.79,10.3,2.98,1.01,3.45,0.57,2.85,0.67,1.87,0.3,1.45,0.27
34.7303,77.5728,"BASALTIC-ANDESITE [25712]",22.8,50.4,6.32,23.8,5.28,1.51,5.56,0.79,4.32,0.94,2.46,0.45,2.68,0.38
34.7975,77.5331,"BASALTIC-ANDESITE [25712]",13.3,28.6,3.66,14.3,3.09,0.92,3.04,0.43,2.63,0.51,1.28,0.21,1.16,0.17
34.6408,77.6158,"BASALTIC-ANDESITE [25712]",5.47,10.6,1.28,4.79,1.16,0.36,0.92,0.12,0.55,0.12,0.33,0.06,0.31,0.04
34.5669,77.6339,"BASALTIC-ANDESITE [25712]",19.6,38.6,4.81,18.6,3.92,1.34,4.19,0.51,2.46,0.48,1.08,0.16,0.76,0.11
33.123,139.765,"THOLEIITIC BASALT [12151] / NOT GIVEN [24180] / BASALTIC-ANDESITE [20417]",3.23,10.3,1.71,10.39,4.05,1.35,5.55,1.03,6.7,1.49,4.45,0.68,4.23,0.65
21.9833,85.1766,"BASALTIC-ANDESITE [25745]",14.29,32.61,3.46,10.9,3.83,0.9,3.48,0.57,3.49,0.73,2.22,0.35,2.15,0.33
21.9833,85.1766,"BASALTIC-ANDESITE [25745]",14.95,30.17,3.63,12.31,4.16,0.93,3.67,0.61,3.72,0.78,2.38,0.37,2.34,0.35
21.9825,85.1769,"BASALTIC-ANDESITE [25745]",14.92,31.64,3.56,10.78,3.27,0.84,3.62,0.59,3.64,0.76,2.32,0.36,2.29,0.34
21.9821,85.1757,"BASALTIC-ANDESITE [25745]",10.39,23.89,2.53,9.26,2.39,0.7,2.67,0.45,2.8,0.58,1.78,0.28,1.75,0.27
21.9808,85.1549,"BASALTIC-ANDESITE [25745]",10.51,24.25,2.59,10.14,2.42,0.7,2.73,0.46,2.82,0.59,1.78,0.28,1.77,0.27
21.9808,85.1511,"BASALTIC-ANDESITE [25745]",20.59,46.44,5.22,18.82,3.92,0.94,4.1,0.61,3.56,0.72,2.2,0.34,2.16,0.32
21.9808,85.1511,"BASALTIC-ANDESITE [25745]",20.01,46.85,5.24,19.13,3.95,0.94,4.08,0.62,3.56,0.73,2.2,0.35,2.15,0.32
21.9808,85.1511,"BASALTIC-ANDESITE [25745]",6.95,16.23,2.02,5.36,1.83,0.77,2.6,0.46,2.93,0.62,1.97,0.31,1.98,0.3
21.9815,85.1479,"BASALTIC-ANDESITE [25745]",7.08,16.26,2.02,6.34,1.85,0.78,2.59,0.46,2.96,0.64,1.98,0.31,1.96,0.3
21.9815,85.1479,"BASALTIC-ANDESITE [25745]",6.6,15.16,1.88,5.79,1.84,0.72,2.45,0.47,2.81,0.59,1.86,0.3,1.86,0.29
21.9893,85.1363,"BASALTIC-ANDESITE [25745]",7.74,17.95,2.23,6.23,2.37,0.82,2.87,0.5,3.22,0.7,2.15,0.34,2.14,0.32
21.9842,85.1459,"BASALTIC-ANDESITE [25745]",6.94,15.86,1.99,6.11,2.27,0.74,2.56,0.46,2.94,0.62,1.96,0.31,1.96,0.3
-16.4981,168.3129,"BASALTIC-ANDESITE [12378]",6.48,13.6,1.94,9.65,2.66,0.87,3.04,0.51,3.46,0.72,2.18,0.34,2.23,0.34
-16.4975,168.3185,"BASALTIC-ANDESITE [12378]",6.4,13.71,1.94,9.45,2.72,0.89,3.14,0.5,3.49,0.74,2.24,0.34,2.23,0.33
-16.5272,168.3339,"BASALTIC-ANDESITE [12378]",6.38,13.78,1.95,9.67,2.67,0.87,3.2,0.51,3.48,0.74,2.23,0.32,2.31,0.35
-16.495,168.316,"BASALTIC-ANDESITE [12378]",6.48,13.43,1.94,9.4,2.57,0.87,3.04,0.51,3.55,0.74,2.23,0.31,2.21,0.33
-16.5075,168.3158,"BASALTIC-ANDESITE [12378]",6.98,15.25,2.19,10.8,3.01,0.92,3.48,0.56,3.91,0.83,2.51,0.38,2.5,0.38
-16.5087,168.3136,"BASALTIC-ANDESITE [12378]",6.17,13.45,1.94,9.45,2.59,0.83,3,0.49,3.33,0.69,2.12,0.31,2.18,0.33
-16.5129,168.3074,"BASALTIC-ANDESITE [12378]",9.9,15.87,2.3,11,3.18,0.93,3.61,0.59,4.12,0.87,2.53,0.38,2.67,0.39
-20.55,-175.42,"BASALTIC-ANDESITE [25751]",1.465770197,3.483480873,0.608163971,3.365490728,1.214744183,0.51076271,1.742928257,0.334173432,2.188756793,0.50680331,1.48002404,0.226715293,1.519618049,0.262112337
-20.55,-175.42,"BASALTIC-ANDESITE [25751]",1.556532672,2.580411578,0.451487478,2.544901327,0.883528866,0.397376619,1.272450663,0.26125399,1.6453083,0.375901372,1.066998496,0.172055621,1.184520518,0.195306381
-20.55,-175.42,"BASALTIC-ANDESITE [25751]",0.847700576,2.073769789,0.333854679,1.922809412,0.745124936,0.340628542,1.032530268,0.2035062,1.341224884,0.300856289,0.868022165,0.140315735,0.958985469,0.148637909
-20.55,-175.42,"BASALTIC-ANDESITE [25751]",1.085730608,2.557424183,0.417846864,2.315777803,0.838210879,0.390997267,1.226690996,0.23996828,1.605102514,0.368342919,1.065593409,0.164453786,1.152854602,0.183668029
-20.55,-175.42,"BASALTIC-ANDESITE [25751]",1.381012575,3.220161419,0.51344281,2.905657061,0.988088495,0.432546676,1.412380464,0.279009116,1.770634772,0.407782553,1.164739237,0.181190831,1.267097611,0.201662506
-20.55,-175.42,"BASALTIC-ANDESITE [25751]",1.36994269,3.746037749,0.652387763,3.802611441,1.391426371,0.544969361,2.007291877,0.365222568,2.45916529,0.576478759,1.61270828,0.247778448,1.739461994,0.277855601
-20.55,-175.42,"BASALTIC-ANDESITE [25751]",1.362825775,3.398749695,0.551940479,3.268089466,1.141099327,0.448204177,1.655029558,0.315960188,2.045426482,0.477503743,1.374703977,0.210560938,1.483983441,0.236772171
25.6,100,"BASALTIC-ANDESITE [25772]",28.3300892,55.05191429,7.420589537,32.09066683,8.38209259,2.77274902,7.78336132,1.235011414,7.029409891,1.3088335,3.466565125,0.503509284,3.07846468,0.411379543
-26.554019,-68.094901,"BASALTIC-ANDESITE [25791]",36.8,73.1,8.11,30.4,5.32,1.33,4.83,0.7,3.92,0.72,2.02,0.3,1.91,0.28
62,-94.5,"BASALTIC-ANDESITE [8684]",13,33,4.5,18.93,4.42,1.4,4.6,0.72,4.4,0.87,2.4,0.36,2.3,0.38
62,-94.5,"BASALTIC-ANDESITE [8684]",22.01,48.93,6.58,134.92,32.17,1.79,6.46,1.02,6.23,1.22,3.47,0.5,2.97,0.49
62,-94.5,"BASALTIC-ANDESITE [8684]",25.02,61,7.91,30.02,5.01,1.41,4.01,0.54,3.11,0.58,1.6,0.25,1.61,0.27
62,-94.5,"BASALTIC-ANDESITE [8684]",16,39,5.4,21.78,4.81,1.6,5.1,0.78,4.4,0.86,2.5,0.34,2.4,0.34
61,-97.5,"BASALTIC-ANDESITE [8685]",25.61,56.67,7.31,27.99,4.96,1.36,3.57,0.46,2.18,0.4,1.08,0.15,0.96,0.15
61,-97.5,"BASALTIC-ANDESITE [8685]",31.08,67.92,9.3,34.95,7.06,1.81,5.45,0.65,3.2,0.57,1.39,0.19,1.18,0.18
39.5,26,"BASALTIC-ANDESITE [25857]",14.1,28.8,3.87,16.1,4.06,1.18,4.07,0.68,4.18,0.86,2.59,0.36,2.43,0.38
39.5,26,"BASALTIC-ANDESITE [25857]",19.5,37.3,4.78,19.5,4.38,1.34,4.25,0.63,3.8,0.8,2.34,0.35,2.29,0.36
39.5,26,"BASALTIC-ANDESITE [25857]",23.4,47.9,6.35,25,5.79,1.49,5.1,0.77,4.71,0.95,2.79,0.39,2.69,0.41
39.5,26,"BASALTIC-ANDESITE [25857]",18.2,36.5,4.39,21,4.3,1.27,4.67,0.74,4.45,0.92,2.81,0.42,2.59,0.43
39.5,26,"BASALTIC-ANDESITE [25857]",23.9,48.8,6.54,26.1,6.02,1.55,5.46,0.82,5.06,1.04,3.12,0.43,2.97,0.46
39.5,26,"BASALTIC-ANDESITE [25857]",27.4,54.5,7.24,28.4,6.25,1.62,5.32,0.77,4.57,0.91,2.67,0.34,2.41,0.36
39.5,26,"BASALTIC-ANDESITE [25857]",55.8,6.48,28.3,5.15,1.5,4.49,0.68,3.85,0.77,2.27,0.3,2.06,0.32,0.48
39.5,26,"BASALTIC-ANDESITE [25857]",39.9,64,8.52,36.2,6.53,1.68,7.17,1.03,6.21,1.24,3.6,0.53,3.23,0.52
23,105,"BASALTIC-ANDESITE [25860]",21.4,45.3,5.83,24.5,6.03,1.55,7.05,1.21,7.62,1.63,4.93,0.72,4.75,0.73
23,105,"BASALTIC-ANDESITE [25860]",21.5,46.2,5.89,25.2,5.8,1.52,6.69,1.17,7.77,1.59,4.95,0.66,4.75,0.74
23,105,"BASALTIC-ANDESITE [25860]",16.5,35.2,4.37,17.8,4.42,1.04,4.96,0.86,5.43,1.15,3.46,0.49,3.31,0.5
23,105,"BASALTIC-ANDESITE [25860]",13.5,28.5,3.5,15.3,3.62,0.89,4.17,0.74,4.72,1,2.94,0.44,2.76,0.44
23,105,"BASALTIC-ANDESITE [25860]",13.5,27.7,3.44,14.5,3.85,0.92,4.63,0.76,5.1,0.99,3.15,0.43,2.89,0.44
23,105,"BASALTIC-ANDESITE [25860]",13.9,28.6,3.6,15.9,3.96,1.06,5.16,0.83,5.57,1.08,3.34,0.47,3.27,0.48
23,105,"BASALTIC-ANDESITE [25860]",13.2,26.9,3.4,14.6,3.73,1.05,4.85,0.81,5.36,1.03,3.27,0.45,3.1,0.46
23,105,"BASALTIC-ANDESITE [25860]",13.3,27.3,3.44,14.5,3.73,0.98,4.79,0.77,5.25,1.03,3.14,0.44,2.97,0.45
23,105,"BASALTIC-ANDESITE [25860]",20.1,41.2,5.43,22.2,4.76,1.13,5.12,0.89,5.7,1.18,3.47,0.54,3.31,0.52
23,105,"BASALTIC-ANDESITE [25860]",25.1,49.2,5.79,23.6,5.19,1.14,6.05,0.98,6.18,1.29,3.99,0.56,3.78,0.57
23,105,"BASALTIC-ANDESITE [25860]",23,49.1,5.89,23.7,5.32,1.01,5.76,1,6.13,1.3,4.09,0.57,3.78,0.6
23,105,"BASALTIC-ANDESITE [25860]",13,27,3.33,14.5,3.62,1.01,4.74,0.78,5.27,1.04,3.18,0.44,3.09,0.47
-0.8011,110.371,"BASALTIC-ANDESITE [25862]",13.4,28.5,3.82,16.3,3.79,1.12,3.63,0.64,3.9,0.81,2.35,0.35,2.3,0.36
-0.8011,110.371,"BASALTIC-ANDESITE [25862]",14.7,33.4,4.25,18,4.21,1.21,3.84,0.74,4.35,0.88,2.5,0.4,2.46,0.38
-1.5869,110.0261,"BASALTIC-ANDESITE [25862]",48,97,12.5,48.2,9.45,1.92,8.34,1.34,7.83,1.55,4.5,0.695,4.4,0.679
-1.5869,110.0261,"BASALTIC-ANDESITE [25862]",45.8,92.5,11.9,45.7,9.07,1.82,7.94,1.28,7.3,1.46,4.27,0.632,4.17,0.643
36.3738,25.3673,"BASALTIC-ANDESITE [25866]",25.76075575,50.76876215,5.760623547,22.43611276,4.838505585,1.140580578,5.021550437,0.828651583,5.231608027,1.102150516,3.181157757,0.486777917,3.299551346,0.518978862
36.3738,25.3673,"BASALTIC-ANDESITE [25866]",24.29064704,49.33664971,5.66715505,22.44201351,4.810422736,1.180746289,4.917752779,0.810615864,5.108589434,1.06843067,3.071445075,0.474880162,3.210261454,0.506485832
36.3815,25.3617,"BASALTIC-ANDESITE [25866]",25.38664657,51.24877593,5.900121279,23.23663741,4.891270829,1.255285576,4.922562577,0.798811094,5.023579084,1.047509268,3.017318674,0.4624587,3.078234262,0.487266498
36.3815,25.3617,"BASALTIC-ANDESITE [25866]",25.16738312,50.75317659,5.803351684,22.92888769,4.847284013,1.257597997,4.87580894,0.789958758,4.964438914,1.035147229,2.975791347,0.45439365,3.048119468,0.483682375
36.3922,25.3523,"BASALTIC-ANDESITE [25866]",21.94457366,44.42842795,5.075460466,19.89738139,4.45113942,1.2225132,4.795497215,0.808920957,5.228948033,1.105732724,3.145709747,0.47560404,3.152717576,0.489293471
36.3922,25.3523,"BASALTIC-ANDESITE [25866]",18.52322274,36.55260082,4.165296373,16.27056246,3.726098456,0.943541955,3.962622904,0.667095085,4.286733585,0.897420997,2.586219616,0.403373939,2.689834247,0.426042219
36.4543,25.3877,"BASALTIC-ANDESITE [25866]",33.49376722,64.50026916,7.615669035,29.36237743,5.598454735,1.399010633,5.32811691,0.833233869,5.145266569,1.076901553,3.12260869,0.482276522,3.252415533,0.51789922
62,-92,"BASALTIC-ANDESITE [8702]",2.7,7.11,1.02,23.08,6.92,0.55,1.7,0.28,1.8,0.32,0.98,0.14,0.96,0.15
-19.7,-44.8,"BASALTIC-ANDESITE [25906]",15,37.7,4.93,22.7,6.72,2.06,9.17,1.66,10.9,2.32,7.17,0.92,6.25,0.94
-19.7,-44.8,"BASALTIC-ANDESITE [25906]",8.2,18.6,2.41,11,2.94,0.88,3.52,0.6,3.74,0.77,2.11,0.38,2.2,0.33
-19.7,-44.8,"BASALTIC-ANDESITE [25906]",20.7,53.7,7.18,30.5,8.73,2.6,11.65,1.75,11.9,2.61,7.47,1.06,7.03,1.07
-19.7,-44.8,"BASALTIC-ANDESITE [25906]",13.5,35.9,4.75,22,5.94,2.13,8.26,1.38,8.59,1.77,4.92,0.71,4.63,0.69
-19.7,-44.8,"BASALTIC-ANDESITE [25906]",8.5,20.9,2.65,9.7,2.3,0.9,2.89,0.49,2.84,0.62,1.57,0.24,1.47,0.2
-19.7,-44.8,"BASALTIC-ANDESITE [25906]",16.4,39.1,4.97,20.6,4.67,1.43,5.29,0.81,5.46,1.13,3.17,0.51,2.73,0.38
-22,15.8,"BASALTIC-ANDESITE [25911]",32,67,8.5,37,8.5,2.9,8.2,1.2,7.3,1.4,4,0.58,3.8,0.53
-22,15.8,"BASALTIC-ANDESITE [25911]",20,40,4.9,20.94,4.6,1.4,4.5,0.64,3.6,0.69,1.9,0.27,1.6,0.26
-39.85213038,-71.93271946,"BASALTIC-ANDESITE [25933]",14.8,33.5,4.5,20.7,5.17,1.48,5.82,0.89,5.42,1.14,3.5,0.47,3.02,0.46
-39.85268254,-71.9319015,"BASALTIC-ANDESITE [25933]",14.6,33,4.51,21,5.01,1.51,5.9,0.89,5.32,1.18,3.41,0.46,3.08,0.47
-39.85484111,-71.95367398,"BASALTIC-ANDESITE [25933]",15.6,36.4,4.79,20.8,5.26,1.64,5.96,0.92,6.03,1.26,3.69,0.48,3.23,0.48
-39.87744939,-71.94488211,"BASALTIC-ANDESITE [25933]",13.3,29,3.85,17.7,4.58,1.39,5.06,0.77,4.62,1.05,2.97,0.4,2.6,0.43
-39.87744939,-71.94488211,"BASALTIC-ANDESITE [25933]",12.8,28.6,3.82,17.1,4.28,1.37,4.92,0.75,4.87,0.97,2.9,0.39,2.73,0.41
-39.89383184,-71.90610374,"BASALTIC-ANDESITE [25933]",15.1,32.2,4.46,21.4,5.49,1.62,6.01,0.92,5.68,1.15,3.68,0.48,3.15,0.49
-39.89247024,-71.90580062,"BASALTIC-ANDESITE [25933]",14.7,33.3,4.6,22.5,5.26,1.64,6.08,0.92,6.03,1.22,3.76,0.5,3.31,0.5
-39.8876381,-71.88142635,"BASALTIC-ANDESITE [25933]",14.8,34.2,4.5,21.6,5.46,1.57,5.94,0.94,5.88,1.21,3.42,0.48,3.35,0.52
-39.88449004,-71.88232343,"BASALTIC-ANDESITE [25933]",14.6,33,4.46,20.3,5.61,1.56,5.95,0.91,5.46,1.22,3.71,0.49,3.15,0.5
-39.88155151,-71.88457382,"BASALTIC-ANDESITE [25933]",14,34.4,4.46,21.3,5.13,1.64,5.81,0.92,5.49,1.19,3.49,0.49,3.12,0.5
-39.8777169,-71.88590955,"BASALTIC-ANDESITE [25933]",15.3,33.4,4.49,20.9,5.37,1.49,5.99,0.91,5.81,1.23,3.64,0.5,3.28,0.51
-39.89278236,-71.90125308,"BASALTIC-ANDESITE [25933]",15.9,36.3,4.86,22.3,5.58,1.72,6.31,0.99,5.92,1.28,3.81,0.53,3.45,0.54
-39.91660983,-71.89542736,"BASALTIC-ANDESITE [25933]",14.6,31.6,4.17,19.2,5.03,1.48,5.55,0.89,5.16,1.18,3.47,0.48,3.18,0.48
-39.85041754,-71.95582159,"BASALTIC-ANDESITE [25933]",14.4,34.1,4.49,21,5.23,1.5,5.75,0.9,5.39,1.19,3.35,0.46,2.94,0.47
-39.8400203,-71.96472344,"BASALTIC-ANDESITE [25933]",15.2,33.8,4.57,20.8,5.13,1.48,5.75,0.88,5.68,1.18,3.4,0.5,3.01,0.49
-39.92458542,-71.9941565,"BASALTIC-ANDESITE [25933]",9.9,23.3,3.11,14.9,3.62,1.18,4.19,0.63,3.96,0.81,2.38,0.35,2.23,0.35
21.52,70.54,"BASALTIC-ANDESITE [25965]",16.1,32.4,3.9,15.4,3.7,1.11,3.9,0.7,4.1,0.8,2.3,0.33,2.1,0.32
21.52,70.54,"BASALTIC-ANDESITE [25965]",31.5,51.5,4.8,13.7,2.2,0.53,1.8,0.3,1.8,0.4,1.1,0.16,1,0.13
50.7103,120.2144,"BASALTIC-ANDESITE [25975]",29.4787768,60.21816592,7.271584897,26.93701435,4.711872583,1.661809735,3.531321076,0.416239233,2.366425904,0.408178736,1.08708119,0.148473625,0.990002047,0.149942
50.7103,120.2144,"BASALTIC-ANDESITE [25975]",18.60762222,37.26197815,4.499685929,17.29262445,3.240588919,1.477322962,2.528647999,0.331481774,1.808663451,0.322037716,0.797912286,0.124100542,0.796851863,0.108299261
50.7103,120.2144,"BASALTIC-ANDESITE [25975]",26.6043273,53.88556443,6.340394941,22.96961996,3.944028337,1.317212074,2.942849555,0.377575711,2.056718969,0.351352793,0.990183685,0.141224591,0.952470206,0.141608905
50.7103,120.2144,"BASALTIC-ANDESITE [25975]",26.76907749,52.83155792,6.195155631,22.49534102,3.925355161,1.39267043,3.002185567,0.359038713,2.024962336,0.367417835,1.019061288,0.145324824,0.980223306,0.143599615
48.0028,122.77,"BASALTIC-ANDESITE [25975]",19.06644311,41.86115873,5.32023212,22.85826965,4.933145182,1.591567837,4.419902231,0.661686709,3.776732415,0.723070957,1.965648184,0.282134482,1.786453139,0.2682372
48.0028,122.77,"BASALTIC-ANDESITE [25975]",21.40296699,47.1588106,5.931861553,25.42106331,5.39335083,1.619588736,4.812079119,0.728149424,4.075808948,0.803286931,2.210970496,0.33862912,2.154763566,0.330239313
48.0028,122.77,"BASALTIC-ANDESITE [25975]",20.19452413,44.42726104,5.540080684,23.56058904,4.975182947,1.618603618,4.777305986,0.682115427,3.832735777,0.762735459,2.139340146,0.327136179,1.964286582,0.311531024
48.2753,123.6367,"BASALTIC-ANDESITE [25975]",19.67368561,42.685674,5.204874504,22.24739703,4.459055148,1.579222002,3.934072833,0.581274169,3.288954387,0.673879568,1.882800703,0.285556457,1.765747939,0.280790444
48.2753,123.6367,"BASALTIC-ANDESITE [25975]",21.18571322,44.96982652,5.585848883,23.28706621,4.658994611,1.708340473,4.118543155,0.630310107,3.591298849,0.690083457,1.951831153,0.292154255,1.900021016,0.296085856
48.2753,123.6367,"BASALTIC-ANDESITE [25975]",20.93837663,44.04412978,5.448343273,23.04372289,4.61416894,1.671426972,4.101825459,0.58807641,3.446661089,0.687671892,1.93112472,0.300111082,1.831890147,0.281080607
49.9481,124.38,"BASALTIC-ANDESITE [25975]",25.55091262,56.87129371,6.97752679,30.44486744,6.506124075,2.061262614,5.860020231,0.818662964,4.273753784,0.790921926,2.173636715,0.310811168,1.972158339,0.289107585
49.9481,124.38,"BASALTIC-ANDESITE [25975]",26.97755389,59.63966282,7.503422788,32.24207098,6.902664873,2.285039669,6.222275499,0.858630038,4.537322905,0.851689874,2.301829644,0.324642049,2.062626681,0.317739036
49.9481,124.38,"BASALTIC-ANDESITE [25975]",26.6440352,58.22120003,7.266291591,31.26056195,6.794038521,2.2117831,6.167293748,0.851238324,4.449523401,0.835209224,2.265859455,0.327140442,2.058075385,0.310321937
48.8531,121.6242,"BASALTIC-ANDESITE [25975]",63.39289392,138.2066727,17.29783505,64.59403446,12.48728831,2.915192266,10.11421173,1.479384493,8.121018463,1.561330427,4.285954184,0.613551956,4.018531874,0.603337319
48.8531,121.6242,"BASALTIC-ANDESITE [25975]",60.94484973,133.1147525,17.34875906,62.32697996,12.04879728,2.811429397,9.799728747,1.463542664,7.967972169,1.510068623,4.217394947,0.589201599,3.817695723,0.596599364
48.8531,121.6242,"BASALTIC-ANDESITE [25975]",65.04986179,135.7182599,17.49215653,63.74169732,12.19000261,2.927759168,10.27176128,1.487095271,7.969047168,1.583466263,4.315936727,0.620992689,3.906505909,0.611193642
49.1169,120.9286,"BASALTIC-ANDESITE [25975]",47.2534768,99.71197353,12.02018785,49.29155587,9.755122193,2.550967815,8.845084247,1.242491397,6.918985521,1.321143378,3.570898405,0.517094629,3.300870996,0.517624764
49.1169,120.9286,"BASALTIC-ANDESITE [25975]",45.32855331,96.23319328,11.38506673,46.00426795,9.31472355,2.536731437,8.533465752,1.228252648,6.58958804,1.286830273,3.534565092,0.510039388,3.213441953,0.484901006
49.1169,120.9286,"BASALTIC-ANDESITE [25975]",46.55864744,98.78333349,11.7247861,47.8950519,9.579025323,2.614407235,8.581378176,1.216627761,6.712747138,1.297983133,3.594555838,0.512059646,3.182153658,0.489365937
49.2061,120.6139,"BASALTIC-ANDESITE [25975]",66.19441663,143.5745511,18.85113623,69.1716628,13.52673894,3.16655521,11.72264671,1.685548307,9.314533025,1.817070965,4.935925506,0.685223621,4.533326386,0.693898638
49.2061,120.6139,"BASALTIC-ANDESITE [25975]",66.24583169,146.8757545,19.17422336,69.84225023,14.1122828,3.168599982,11.77178117,1.722772296,9.327875595,1.825760829,5.090078404,0.714713433,4.696194953,0.690603371
49.2061,120.6139,"BASALTIC-ANDESITE [25975]",67.08395762,146.0291406,19.42468252,70.48941024,13.91089411,3.16232114,11.45479342,1.731784891,9.395443866,1.849728151,5.058192167,0.715266295,4.749368823,0.698342935
49.4728,117.4283,"BASALTIC-ANDESITE [25975]",42.94460684,86.1034764,10.55794298,39.69017166,7.255140766,2.306337762,5.907426892,0.805732869,4.553342472,0.813979275,2.205835124,0.344797732,2.249614537,0.359198222
49.4728,117.4283,"BASALTIC-ANDESITE [25975]",24.09380465,44.83854183,5.028493017,17.20472418,3.527613784,1.498515921,3.321340517,0.453606362,2.698361377,0.470523405,1.343108108,0.204712269,1.418693696,0.213536234
49.4728,117.4283,"BASALTIC-ANDESITE [25975]",25.71895741,49.60631015,5.552590279,20.59034743,3.808898121,1.563220611,3.6608622,0.46998525,2.859795267,0.514016274,1.360780379,0.217072204,1.42225782,0.210403717
49.4728,117.4283,"BASALTIC-ANDESITE [25975]",28.42247995,55.26917696,6.324062118,22.23745272,4.25339411,1.551952993,3.758736719,0.525508528,2.986398903,0.51611618,1.521217785,0.234904771,1.556376543,0.21892648
49.4728,117.4283,"BASALTIC-ANDESITE [25975]",26.49380648,51.42786242,5.893714079,21.19318246,4.329739925,1.555792668,3.536933795,0.477188107,2.830980357,0.494477825,1.376228749,0.206987241,1.43880166,0.212235203
59.6,-131.51,"BASALTIC-ANDESITE [8912]",15.44,33.01,4.3,18,3.93,1.18,3.91,0.62,3.79,0.77,2.2,0.33,2.09,0.33
60.5,-130,"BASALTIC-ANDESITE [8912]",13.36,25.76,3.78,16.45,3.97,1.29,4.4,0.67,4.04,0.85,2.45,0.37,2.31,0.35
60.5,-130,"BASALTIC-ANDESITE [8912]",13.47,26.03,3.81,16.51,3.99,1.36,4.19,0.65,4,0.84,2.46,0.36,2.31,0.35
36.2,137.5,"BASALTIC-ANDESITE [25984]",6.13,16.1,2.51,12.3,3.29,0.92,3.47,0.52,3.27,0.66,1.81,0.26,1.56,0.2
36.2,137.5,"BASALTIC-ANDESITE [25984]",6.14,16.6,2.57,12.5,3.4,1,3.59,0.56,3.54,0.73,2.02,0.28,1.72,0.2
36.2,137.5,"BASALTIC-ANDESITE [25984]",6.47,16.7,2.57,12.4,3.32,1.03,3.37,0.51,3.14,0.63,1.75,0.23,1.39,0.18
36.2,137.5,"BASALTIC-ANDESITE [25984]",6.43,16.9,2.57,12.7,3.46,1.11,3.7,0.58,3.62,0.75,2.08,0.29,1.75,0.22
36.2,137.5,"BASALTIC-ANDESITE [25984]",6.77,17.2,2.64,12.8,3.48,1.14,3.77,0.58,3.7,0.79,2.11,0.29,1.76,0.22
36.2,137.5,"BASALTIC-ANDESITE [25984]",6.88,18.7,2.94,14.4,3.74,1.05,3.95,0.6,3.87,0.77,2.19,0.28,1.63,0.27
36.2,137.5,"BASALTIC-ANDESITE [25984]",6.36,16.6,2.53,12.3,3.3,0.97,3.43,0.54,3.42,0.7,1.93,0.27,1.58,0.2
36.2,137.5,"BASALTIC-ANDESITE [25984]",7.83,20.3,3.02,14.9,3.94,1.17,4.17,0.66,4.17,0.87,2.42,0.32,1.91,0.22
36.2,137.5,"BASALTIC-ANDESITE [25984]",5.44,14.7,2.27,11.3,3.1,0.9,3.39,0.54,3.48,0.7,1.99,0.26,1.64,0.19
52,-122,"BASALTIC-ANDESITE [8935]",6.7,16,2.5,12,4.4,1.8,5.1,0.73,4.2,0.74,1.9,0.26,1.7,0.23
52,-120,"BASALTIC-ANDESITE [8935]",18,41,5.8,26,7.4,2.5,7.6,1,5.9,1,2.7,0.36,2.5,0.34
52,-122,"BASALTIC-ANDESITE [8935]",14,30,4.3,19,6,2.2,6.5,0.9,5.1,0.89,2.3,0.3,2,0.27
24.8,99,"BASALTIC-ANDESITE [25990]",9.06,20.6,2.63,12,3,1.25,3.32,0.51,2.8,0.53,1.47,0.19,1.23,0.17
24.8,99,"BASALTIC-ANDESITE [25990]",9.65,21.9,2.85,13,3.36,1.3,3.76,0.58,3.22,0.61,1.67,0.22,1.41,0.2
24.7541,98.9915,"BASALTIC-ANDESITE [25990]",7.35,14.2,2.09,9.2,2.25,0.75,2.45,0.39,2.24,0.45,1.3,0.18,1.17,0.17
39,95,"BASALTIC-ANDESITE [25994]",8.712,17.854,2.218,10,2.6,0.792,2.864,0.4566,3.076,0.6536,1.999,0.2976,1.9412,0.3024
39,95,"BASALTIC-ANDESITE [25994]",10.418,21.26,2.62,11.674,2.992,0.9484,3.316,0.5284,3.494,0.7406,2.258,0.3348,2.18,0.3428
39,95,"BASALTIC-ANDESITE [25994]",11.828,24.6,2.944,12.5,2.9,0.6862,2.806,0.4012,2.45,0.4952,1.4776,0.2172,1.421,0.2202
39,95,"BASALTIC-ANDESITE [25994]",6.508,14.552,1.8876,8.344,1.9832,0.5648,1.8912,0.2782,1.7012,0.3518,1.0116,0.15088,0.973,0.15286
39,95,"BASALTIC-ANDESITE [25994]",5.986,13.302,1.7282,7.66,1.8176,0.5286,1.763,0.2582,1.5826,0.3334,0.964,0.14242,0.9248,0.14492
39,95,"BASALTIC-ANDESITE [25994]",8.358,18.328,2.384,10.578,2.488,0.727,2.42,0.3546,2.152,0.4566,1.3136,0.19598,1.2622,0.19784
39,95,"BASALTIC-ANDESITE [25994]",10.42632,20.6199,2.86416,12.8,3.1,1.03656,2.898,0.406728,2.48616,0.493344,1.342914,0.191457,1.21025,0.187929
39,95,"BASALTIC-ANDESITE [25994]",12.11976,22.995,3.23784,14.4417,3.52512,0.98364,3.3306,0.476928,2.90952,0.57564,1.54706,0.22155,1.395444,0.21714
39,95,"BASALTIC-ANDESITE [25994]",14.30784,30.471,3.8448,16.3254,3.86856,0.99708,3.5301,0.485136,2.93544,0.586008,1.650884,0.24129,1.57281,0.252
39,95,"BASALTIC-ANDESITE [25994]",15.84144,33.705,4.38696,18.7509,4.44744,1.21401,4.0824,0.570456,3.38256,0.669168,1.88284,0.27384,1.77778,0.2835
39,95,"BASALTIC-ANDESITE [25994]",11.664,25.48,3.156,13.5,3.1,0.7124,2.802,0.3746,2.148,0.4268,1.2244,0.17822,1.158,0.18218
39,95,"BASALTIC-ANDESITE [25994]",14.67505781,32.06896552,4.112838042,17.52498241,4.130210114,1.073539761,3.719915552,0.515733387,3.081371268,0.618011461,1.704827586,0.250809289,1.624266613,0.261576355
39,95,"BASALTIC-ANDESITE [25994]",14.92992,31.332,3.97224,16.8882,3.96792,1.05861,3.6456,0.499392,2.97864,0.59184,1.655004,0.24339,1.586818,0.24948
39,95,"BASALTIC-ANDESITE [25994]",6.652,15.52,2.138,9.774,2.404,0.7044,2.362,0.341,2.068,0.424,1.2196,0.17784,1.1392,0.17468
-6.3202,105.9939,"BASALTIC-ANDESITE [25995]",12.3,26.8,3.77,16.6,4.01,1.21,4.21,0.688,4.16,0.885,2.55,0.4,2.55,0.394
-6.8748,106.1824,"BASALTIC-ANDESITE [25995]",11.7,25.9,3.34,14.1,3.44,0.928,3.47,0.56,3.45,0.732,2.09,0.322,2.04,0.318
-7.1305,106.6798,"BASALTIC-ANDESITE [25995]",10.9,23.9,3.09,13.2,3.38,1.01,3.76,0.645,4.14,0.886,2.55,0.394,2.47,0.389
-6.757,107.6174,"BASALTIC-ANDESITE [25995]",25,46.9,6.67,27.3,5.9,1.33,5.55,0.868,5.12,1.05,2.99,0.456,2.87,0.435
-6.5788,107.3605,"BASALTIC-ANDESITE [25995]",31,64.9,8.17,32.9,6.68,1.77,5.86,0.799,4.2,0.808,2.21,0.327,2.05,0.321
-7.4899,109.7359,"BASALTIC-ANDESITE [25995]",12.5,27.91,3.862,17.13,4.009,1.146,4.279,0.766,4.686,0.96,2.782,0.44,2.864,0.439
-7.5466,109.6726,"BASALTIC-ANDESITE [25995]",11.7,31.2,4.68,22.7,6.3,2,7.16,1.23,7.75,1.64,4.68,0.723,4.47,0.699
-7.5466,109.6726,"BASALTIC-ANDESITE [25995]",9.73,25.5,3.81,18.5,5.27,1.7,6.02,1.05,6.73,1.44,4.05,0.619,3.84,0.589
-7.5466,109.6726,"BASALTIC-ANDESITE [25995]",8.23,21.6,3.24,15.6,4.36,1.53,5.03,0.887,5.63,1.2,3.39,0.523,3.25,0.505
-7.5958,110.4459,"BASALTIC-ANDESITE [25995]",18.6,37.4,4.59,19.5,4.66,1.4,4.65,0.71,4.22,0.882,2.51,0.384,2.42,0.378
-7.5958,110.4459,"BASALTIC-ANDESITE [25995]",15.7,31.4,3.94,16.7,4.02,1.24,3.98,0.629,3.71,0.771,2.2,0.345,2.17,0.331
-7.5915,110.434,"BASALTIC-ANDESITE [25995]",16.6,33.1,4.31,18.4,4.4,1.39,4.56,0.729,4.41,0.937,2.69,0.421,2.67,0.422
-6.4485,110.8865,"BASALTIC-ANDESITE [25995]",212,360,36.6,126,20.6,5.24,16.8,1.96,8.75,1.5,3.92,0.542,3.31,0.504
-6.6564,110.8632,"BASALTIC-ANDESITE [25995]",87.7,165,17.5,63.5,10.8,2.76,7.82,1.03,5.05,0.908,2.37,0.353,2.21,0.339
-6.4485,110.8865,"BASALTIC-ANDESITE [25995]",212.2447733,360.1512949,36.57686218,125.7561881,20.56064783,5.23705683,16.83931445,1.958570983,8.747099242,1.502747427,3.922129094,0.541799135,3.308901878,0.503512541
56.5,-126.5,"BASALTIC-ANDESITE [8946]",5.81,13.6,1.98,9.38,2.57,0.88,2.84,0.44,2.85,0.59,1.68,0.25,1.57,0.23
56.5,-126.5,"BASALTIC-ANDESITE [8946]",9.25,21.71,2.9,13.05,3.44,1.06,3.78,0.6,3.65,0.78,2.2,0.32,2.12,0.31
42,124,"BASALTIC-ANDESITE [26004]",55.7,115,12.9,48.3,7.72,2.06,5.24,0.66,3.49,0.61,1.57,0.21,1.32,0.19
42,124,"BASALTIC-ANDESITE [26004]",45.7,95.4,10.9,41.6,7.1,1.95,5.14,0.68,3.63,0.65,1.74,0.24,1.49,0.2
42,124,"BASALTIC-ANDESITE [26004]",56.9,117,13.2,49.2,7.92,2.14,5.33,0.7,3.57,0.64,1.64,0.23,1.41,0.21
42,124,"BASALTIC-ANDESITE [26004]",52.8,113,12.6,49,8.03,2.27,5.73,0.75,4,0.7,1.89,0.26,1.64,0.23
42,124,"BASALTIC-ANDESITE [26004]",35.6,75,8.68,34.3,5.71,1.63,4.22,0.56,2.98,0.54,1.46,0.21,1.3,0.19
42,124,"BASALTIC-ANDESITE [26004]",53.8,111,12.9,50.2,8.14,2.24,5.89,0.77,3.93,0.74,1.9,0.25,1.65,0.24
-34.17,-69.87,"BASALTIC-ANDESITE [8788]",28,58.6,6.21,8,4.6,1.29,4.2,0.6,3.1,0.6,1.6,0.24,1.5,0.21
-1,-79.27,"BASALTIC-ANDESITE [12893] / BASALT [13522]",6.8,15.3,2.2,10.4,2.5,0.8,2.6,0.4,2.6,0.6,1.6,0.2,1.5,0.2
-1,-79.27,"BASALTIC-ANDESITE [12893] / BASALT [13522]",5.9,13.4,1.9,9.5,2.4,0.8,2.7,0.4,2.8,0.6,1.7,0.2,1.5,0.2
-0.18,-79.05,"BASALTIC-ANDESITE [12893] / BASALT [13522]",3.3,8.1,1.2,6.5,1.8,0.7,2.4,0.4,2.6,0.6,1.7,0.2,1.6,0.3
0.75,-78.33,"BASALTIC-ANDESITE [12893]",4.6,10.9,1.7,8.7,2.2,0.8,2.7,0.4,2.8,0.6,1.7,0.2,1.7,0.3
-0.08,-78.9,"BASALTIC-ANDESITE [12893]",6.5,14.5,2.1,8.9,2.6,0.9,2.8,0.4,3,0.6,2,0.3,2.1,0.3
-0.33,-78.92,"BASALTIC-ANDESITE [12893]",6.7,14.7,2.3,11,2.9,0.9,3.4,0.5,3.6,0.7,2.3,0.3,2.4,0.4
-1.05,-79.2,"BASALTIC-ANDESITE [12893]",7.7,17.9,2.5,12.3,3.1,1,3.1,0.5,3.6,0.8,2.4,0.3,2.2,0.3
-0.97,-78.38,"BASALTIC-ANDESITE [12893]",3.1,7.9,1.3,6.9,1.9,0.7,2.4,0.4,3.3,0.7,2.1,0.3,2,0.3
34.4,50.9,"BASALTIC-ANDESITE [26046]",8.3,19.9,2.53,11.4,3.45,1.19,3.75,0.63,3.91,0.81,2.33,0.37,2.39,0.38
34.4,50.9,"BASALTIC-ANDESITE [26046]",11.1,25.3,3.02,13.6,3.88,1.03,4.42,0.8,5.08,1.14,3.33,0.49,3.18,0.52
34.4,50.9,"BASALTIC-ANDESITE [26046]",11.9,26.6,3.15,13.3,3.84,1.02,4.4,0.8,4.9,1.08,3.15,0.5,3.23,0.49
34.4,50.9,"BASALTIC-ANDESITE [26046]",5.6,13.6,1.63,7.3,2.12,0.77,2.21,0.4,2.4,0.51,1.5,0.23,1.48,0.25
34.4,50.9,"BASALTIC-ANDESITE [26046]",8.6,18.6,2.5,11,2.79,1.1,3,0.47,2.89,0.6,1.8,0.27,1.8,0.3
34.4,50.9,"BASALTIC-ANDESITE [26046]",14.8,32,4.1,17,4.46,1.4,4.7,0.73,4.52,1,2.6,0.43,2.8,0.45
34.4,50.9,"BASALTIC-ANDESITE [26046]",11.5,26.2,3.07,13.1,3.69,0.94,3.62,0.63,3.93,0.82,2.42,0.38,2.53,0.39
34.4,50.9,"BASALTIC-ANDESITE [26046]",14.9,32.8,3.78,16.3,4.43,1.22,4.31,0.72,4.46,0.95,2.76,0.41,2.72,0.43
37.6351,23.2941,"BASALTIC-ANDESITE [26075]",14.29,32.02,3.786,14.74,3.247,1.041,3.055,0.508,3.216,0.6617,1.967,0.2906,1.999,0.3005
37.6357,23.2943,"BASALTIC-ANDESITE [26075]",16.03,36.3,4.304,16.83,3.645,1.132,3.336,0.5499,3.453,0.7094,2.102,0.3102,2.131,0.3206
37.6371,23.295,"BASALTIC-ANDESITE [26075]",18.93,41.86,4.747,17.97,3.706,1.145,3.269,0.5294,3.28,0.6699,1.966,0.292,1.996,0.3005
37.6357,23.2778,"BASALTIC-ANDESITE [26075]",18.87,41.9,4.683,17.68,3.634,1.129,3.199,0.5185,3.225,0.6583,1.933,0.2869,1.958,0.2963
37.6372,23.2809,"BASALTIC-ANDESITE [26075]",18.86,41.49,4.711,17.8,3.696,1.14,3.266,0.529,3.271,0.6664,1.961,0.2915,1.988,0.3015
37.6489,23.2917,"BASALTIC-ANDESITE [26075]",16.48,37.57,4.402,17.12,3.711,1.156,3.392,0.5573,3.516,0.7216,2.124,0.3164,2.157,0.3261
37.6479,23.2914,"BASALTIC-ANDESITE [26075]",16.57,36.49,4.265,16.68,3.624,1.112,3.449,0.5529,3.448,0.7063,2.085,0.3089,2.101,0.318
37.6467,23.2911,"BASALTIC-ANDESITE [26075]",16.73,37.53,4.364,16.94,3.63,1.131,3.304,0.5423,3.412,0.7007,2.059,0.3075,2.085,0.3158
37.6325,23.307,"BASALTIC-ANDESITE [26075]",21.14,42.81,4.788,18.2,3.643,1.095,3.295,0.5035,3.143,0.6328,1.836,0.2705,1.825,0.2697
37.6335,23.3071,"BASALTIC-ANDESITE [26075]",14.64,30.32,3.402,13.06,2.889,0.9221,2.818,0.4628,3.009,0.618,1.827,0.2717,1.849,0.2748
37.6341,23.3065,"BASALTIC-ANDESITE [26075]",14.28,30.05,3.367,12.88,2.853,0.9212,2.809,0.4657,3.045,0.6263,1.849,0.2759,1.886,0.2785
37.6359,23.3084,"BASALTIC-ANDESITE [26075]",19.41095493,36.40513356,4.023627709,15.39906273,3.47893936,1.03648863,3.511376168,0.58782016,3.810602995,0.781913315,2.302185273,0.343815147,2.325542126,0.364204699
37.6363,23.3092,"BASALTIC-ANDESITE [26075]",14.84,29.96,3.321,12.64,2.786,0.8923,2.752,0.4499,2.929,0.6008,1.771,0.2647,1.807,0.2657
37.6439,23.3048,"BASALTIC-ANDESITE [26075]",16.5654253,31.22554139,3.47361353,13.4963951,3.155498033,0.964141724,3.234038559,0.55036571,3.59929853,0.73573178,2.181140143,0.325154895,2.219166963,0.342452066
37.6413,23.3068,"BASALTIC-ANDESITE [26075]",18.14157368,33.84986809,3.75673891,14.53136265,3.375571513,1.000315177,3.499624575,0.58638878,3.814164306,0.782970907,2.310332542,0.342882134,2.328937078,0.362867945
37.6385,23.3074,"BASALTIC-ANDESITE [26075]",18.41660629,35.31001979,3.902868139,15.04361932,3.446706376,1.014204125,3.531353877,0.588416568,3.861648455,0.788258869,2.334774347,0.3440484,2.360623297,0.366392115
37.6305,23.3075,"BASALTIC-ANDESITE [26075]",24.58368352,47.68184566,5.392574438,21.08615717,4.521509686,1.275917504,4.222347581,0.665830384,4.171482531,0.832325219,2.415083135,0.353378526,2.369676502,0.37015933
37.6317,23.3082,"BASALTIC-ANDESITE [26075]",15.29604405,28.57161702,3.160044561,12.2000721,2.817607437,0.856761502,2.919095851,0.489054922,3.177876703,0.651594429,1.934394299,0.289583789,1.965677213,0.306116662
37.6344,23.3093,"BASALTIC-ANDESITE [26075]",18.95609332,35.72438716,3.978977112,15.37815429,3.520064202,1.035037546,3.583060889,0.601060427,3.887764738,0.794721934,2.347577197,0.346730811,2.360623297,0.366635161
37.6354,23.3104,"BASALTIC-ANDESITE [26075]",17.59150848,33.58348906,3.758768483,14.65681327,3.416696356,1.031824432,3.568958977,0.593068554,3.858087144,0.785791153,2.327790974,0.343931773,2.331200379,0.362260329
37.6374,23.3105,"BASALTIC-ANDESITE [26075]",19.23112592,36.33607233,3.979991898,15.30497477,3.557854598,1.045817028,3.63711822,0.604281033,3.925752057,0.805180347,2.389477435,0.354894672,2.404757673,0.373440454
37.6286,23.3062,"BASALTIC-ANDESITE [26075]",14.32,30.24,3.418,13.15,2.934,0.9347,2.919,0.4792,3.124,0.6447,1.899,0.282,1.93,0.2859
37.6283,23.3055,"BASALTIC-ANDESITE [26075]",19.77061295,37.68769924,4.148446425,15.796323,3.595644994,1.069656267,3.556032224,0.597124132,3.883016323,0.789433972,2.352232779,0.349996355,2.378729707,0.369187146
27.788425,130.8536517,"BASALTIC-ANDESITE [26097]",11.94809364,24.64055409,3.763514171,17.83770818,4.127469596,1.325559165,4.065900003,0.61634866,3.765819884,0.772925369,2.181296033,0.323718733,2.085695719,0.326020158
-50.4083,-71.1097,"BASALTIC-ANDESITE [8781]",13.7,26.9,3.8,17.4,4.9,1.84,5.2,0.78,4.1,0.74,1.81,0.25,1.41,0.19
-50.3883,-71.0394,"BASALTIC-ANDESITE [8781]",14.2,26.7,3.9,18,4.9,1.79,5.3,0.71,4.1,0.75,1.79,0.26,1.39,0.18
-50.3936,-71.0508,"BASALTIC-ANDESITE [8781]",13.4,27.4,3.8,17.9,5,1.9,5.1,0.79,4.2,0.77,1.83,0.25,1.37,0.19
45.1,141.27,"BASALTIC-ANDESITE [7760]",15.2,36.4,4.6,20.5,4.76,1.67,5.41,0.94,5.78,1.25,3.33,0.53,3.5,0.5
45.1,141.27,"BASALTIC-ANDESITE [7760]",16.5,38,5.1,21.4,4.74,1.75,5.43,0.89,5.63,1.21,3.26,0.5,3.42,0.52
-27.629,-68.339,"BASALTIC-ANDESITE [26107]",28.5,63,7.88,31.2,5.73,1.61,4.5,0.67,3.7,0.74,1.91,0.298,1.7,0.25
-27.347,-68.954,"BASALTIC-ANDESITE [26107]",24.2,54.8,6.77,27.7,5.68,1.81,4.7,0.61,3.2,0.55,1.51,0.197,1.3,0.185
-27.359,-68.924,"BASALTIC-ANDESITE [26107]",23.9,52.5,6.47,26.3,5.44,1.73,4.7,0.62,3.3,0.59,1.64,0.216,1.4,0.205
7.5,36.5,"BASALTIC-ANDESITE [8441]",25,54,7,27,6,1.81,6,0.93,6,1.19,3.25,0.45,2.88,0.46
-29.83,-70,"BASALTIC-ANDESITE [8776]",15,35.9,4.98,22.3,5.81,1.92,5.35,0.8,4.83,1.06,2.82,0.45,2.72,0.43
-29.83,-70,"BASALTIC-ANDESITE [8776]",34.4,75,9.59,41.1,8.89,2.07,7.39,1.03,6.29,1.28,3.34,0.52,3.54,0.45
-29.83,-70,"BASALTIC-ANDESITE [8776]",32.9,68.7,8.66,34.2,7.02,1.85,5.94,0.79,4.24,0.84,2.3,0.36,2.18,0.33
-29.83,-70,"BASALTIC-ANDESITE [8776]",34.3,73.8,9.56,36.6,7.04,1.66,5.39,0.82,4.51,0.88,2.37,0.35,2.29,0.35
-29.83,-70,"BASALTIC-ANDESITE [8776]",27.7,59.7,7.74,32.2,6.47,1.49,5.42,0.84,4.68,0.98,2.73,0.41,2.75,0.4
-29.83,-70,"BASALTIC-ANDESITE [8776]",27.1,63,8.32,34.2,7.35,1.63,5.84,0.91,5.17,1.08,3.01,0.46,2.95,0.4
-29.33,-70,"BASALTIC-ANDESITE [8776]",23,48.9,6.22,25.1,5.62,1.55,5.02,0.69,3.9,0.85,2.39,0.38,2.19,0.34
-29.33,-70,"BASALTIC-ANDESITE [8776]",25.3,53,6.92,29.5,6.01,1.45,4.84,0.72,4.2,0.84,2.38,0.36,2.3,0.32
-29.33,-70,"BASALTIC-ANDESITE [8776]",18,42,5.41,21.6,4.93,1.22,4.48,0.62,3.74,0.78,2.24,0.34,2.15,0.33
21.83,86.24,"BASALTIC-ANDESITE [26127]",12.9,26.4,2.7,14.2,3.16,1.35,4.14,0.66,3.5,0.74,2.35,0.37,2.09,0.32
21.83,86.24,"BASALTIC-ANDESITE [26127]",9.9,20.5,1.9,9.7,2.04,0.8,2.84,0.49,2.71,0.59,1.88,0.31,1.66,0.24
21.83,86.24,"BASALTIC-ANDESITE [26127]",6.3,16,2,12.4,3.52,1.25,4.86,0.9,5.16,1.13,3.65,0.59,3.26,0.48
21.83,86.24,"BASALTIC-ANDESITE [26127]",10.7,21.7,2.1,11,2.42,0.8,3.25,0.52,2.83,0.59,1.93,0.31,1.75,0.26
21.83,86.24,"BASALTIC-ANDESITE [26127]",8.33,16.7,2.01,7.59,1.97,0.62,2.24,0.39,2.41,0.51,1.37,0.21,1.36,0.2
21.83,86.24,"BASALTIC-ANDESITE [26127]",7.8,15.7,1.6,8.1,1.8,0.79,2.53,0.39,2.08,0.44,1.39,0.23,1.24,0.19
21.83,86.24,"BASALTIC-ANDESITE [26127]",18.6,38.8,3.8,19.2,3.75,1.22,5.14,0.76,3.9,0.77,2.49,0.39,2.17,0.33
21.83,86.24,"BASALTIC-ANDESITE [26127]",7.4,15.1,1.5,7.6,1.7,0.71,2.41,0.39,2.04,0.42,1.38,0.23,1.21,0.18
-45.047,-72.988,"BASALTIC-ANDESITE [8773]",11.1,26.5,3.7,15.7,3.7,1.25,3.7,0.65,3.7,0.77,2.13,0.32,1.94,0.3
-45.047,-72.988,"BASALTIC-ANDESITE [8773]",13.4,30,4.2,17.9,4.2,1.25,4.4,0.71,4.2,0.83,2.34,0.34,2.16,0.31
-45.092,-73.175,"BASALTIC-ANDESITE [8773]",7,17.2,2.58,11.6,3.2,1.08,3.6,0.58,3.5,0.72,2.05,0.3,1.78,0.26
-45.092,-73.175,"BASALTIC-ANDESITE [8773]",11.1,27.2,3.7,16.1,3.9,1.13,3.9,0.66,3.9,0.83,2.35,0.34,2.09,0.3
-45.092,-73.175,"BASALTIC-ANDESITE [8773]",9.7,23.6,3.5,15.8,4.1,1.38,4.2,0.73,4.5,0.94,2.52,0.37,2.34,0.37
-45.092,-73.175,"BASALTIC-ANDESITE [8773]",7.2,17.9,2.59,12.5,3.2,1.13,4,0.63,3.7,0.76,2.15,0.31,1.93,0.29
24.8,115.44,"BASALTIC-ANDESITE [13131] / NOT GIVEN [12759]",22.3,48.1,6.09,26.6,5.82,2.2,5.67,0.91,5.3,0.99,2.72,0.36,2.23,0.3
46,90,"BASALTIC-ANDESITE [13567]",3.28,6.79,1.01,4.594,1.439,0.55,1.79,0.31,1.97,0.4,1.15,0.18,1.18,0.17
46,90,"BASALTIC-ANDESITE [13567]",3.69,7.75,1.15,5.072,1.514,0.55,1.87,0.33,2.07,0.44,1.24,0.2,1.28,0.19
46,90,"BASALTIC-ANDESITE [12562]",6.75,15.1,2.14,9.78,2.8,0.88,2.94,0.51,3.17,0.65,1.92,0.28,1.88,0.29
46,90,"BASALTIC-ANDESITE [12562]",11.1,20.6,3.2,14.9,3.54,1.17,3.76,0.68,4.43,0.84,2.58,0.36,2.07,0.26
46,90,"BASALTIC-ANDESITE [12562]",17.3,31.1,4.54,19.5,4.52,1.51,4.11,0.71,4.78,0.94,2.9,0.41,2.6,0.36
46,90,"BASALTIC-ANDESITE [12562]",23.5,43.7,5.48,24.6,5.04,1.58,4.63,0.65,4.22,0.73,2.18,0.29,1.7,0.22
46,90,"ANDESITE [13567] / BASALTIC-ANDESITE [12562]",8.96,13.17,2.62,13.16,2.976,0.88,2.7,0.45,2.69,0.54,1.59,0.25,1.63,0.25
46,90,"BASALTIC-ANDESITE [12562]",19.6,39.8,6.18,27.2,6.95,2.03,7.12,1.31,9.16,1.89,5.3,0.75,4.68,0.53
46,90,"BASALTIC-ANDESITE [12562]",59.5,114,14.5,60.2,12.7,3.63,10.8,1.87,12.5,2.54,6.59,0.96,5.97,0.77
46,90,"BASALTIC-ANDESITE [12562]",6.24,12.4,1.5,6.67,1.56,0.39,1.5,0.23,1.39,0.27,0.8,0.12,0.84,0.12
24.8,115.44,"BASALTIC-ANDESITE [13131]",28.3,61.2,7.32,29.72,7.37,1.81,6.93,1.12,7.02,1.38,3.97,0.52,3.77,0.54
-7.240861111,110.0554167,"BASALTIC-ANDESITE [26178]",19.6,42.74,5.38,22.7,5.267,1.476,5.245,0.805,4.684,0.965,2.812,0.414,2.605,0.387
-7.333361111,109.9680278,"BASALTIC-ANDESITE [26178]",18.26,38.77,4.962,20.81,4.82,1.397,4.904,0.74,4.385,0.901,2.661,0.395,2.456,0.389
-7.330277778,109.9791389,"BASALTIC-ANDESITE [26178]",14.12,30.57,3.926,16.87,4.143,1.317,4.273,0.683,4.029,0.862,2.48,0.357,2.252,0.345
-7.325166667,109.9713889,"BASALTIC-ANDESITE [26178]",13.42,28.58,3.684,15.81,3.87,1.228,4.133,0.653,3.902,0.832,2.377,0.347,2.197,0.333
-7.298777778,109.9971667,"BASALTIC-ANDESITE [26178]",26.3,52.97,6.396,25.35,5.435,1.42,5.154,0.793,4.528,0.952,2.793,0.429,2.804,0.417
-7.302944444,109.9975,"BASALTIC-ANDESITE [26178]",24.7,50.57,6.079,24.44,5.317,1.426,4.91,0.753,4.432,0.912,2.641,0.398,2.67,0.409
-7.302166667,109.9967778,"BASALTIC-ANDESITE [26178]",23.39,48.74,5.96,24.17,5.415,1.428,5.093,0.752,4.453,0.954,2.71,0.417,2.673,0.414
-7.30125,109.9955,"BASALTIC-ANDESITE [26178]",23.74,48.53,5.936,23.76,5.25,1.382,4.859,0.742,4.343,0.924,2.648,0.402,2.58,0.405
-7.298527778,110.0063611,"BASALTIC-ANDESITE [26178]",24.5,50.42,6.116,24.9,5.344,1.477,5.139,0.787,4.517,0.942,2.729,0.416,2.703,0.405
-7.294055556,110.0140833,"BASALTIC-ANDESITE [26178]",21.55,45.19,5.586,22.49,5.1,1.391,4.93,0.751,4.281,0.895,2.633,0.396,2.495,0.394
-7.289916667,110.0244722,"BASALTIC-ANDESITE [26178]",21.33,44.5,5.548,22.5,5.07,1.35,4.913,0.769,4.399,0.911,2.677,0.402,2.584,0.407
-7.268972222,109.9951667,"BASALTIC-ANDESITE [26178]",23.42,47.94,5.822,23.7,5.21,1.451,4.973,0.737,4.478,0.916,2.668,0.401,2.585,0.398
-7.267416667,109.9729444,"BASALTIC-ANDESITE [26178]",28.07,57.37,6.766,26.34,5.578,1.308,5.422,0.834,4.873,1.031,3.033,0.467,3.054,0.47
-7.325666667,110.0446111,"BASALTIC-ANDESITE [26178]",19.24,41.43,5.307,22.05,5.176,1.476,5.302,0.821,4.89,1.033,3.002,0.452,2.848,0.445
-7.291111111,110.0394444,"BASALTIC-ANDESITE [26178]",16.39,34.95,4.566,19.48,4.64,1.314,4.633,0.704,4.101,0.872,2.52,0.354,2.357,0.353
-7.271666667,110.0327778,"BASALTIC-ANDESITE [26178]",19.79,42.38,5.42,22.53,5.302,1.453,5.225,0.797,4.657,0.956,2.74,0.404,2.613,0.398
-7.336388889,109.9905556,"BASALTIC-ANDESITE [26178]",22.7,46.74,5.586,21.62,4.561,1.259,4.492,0.714,4.174,0.859,2.572,0.387,2.643,0.402
-7.3325,109.9888889,"BASALTIC-ANDESITE [26178]",25.45,51.97,6.32,25.12,5.45,1.534,5.265,0.791,4.62,0.972,2.795,0.418,2.787,0.435
-7.338888889,109.9897222,"BASALTIC-ANDESITE [26178]",24.61,49.87,6.051,24,5.212,1.346,4.908,0.755,4.354,0.924,2.656,0.409,2.653,0.411
-7.341111111,109.9886111,"BASALTIC-ANDESITE [26178]",22.99,47.02,5.77,23.1,5.077,1.319,4.722,0.731,4.214,0.895,2.608,0.39,2.563,0.395
-7.343416667,109.9885833,"BASALTIC-ANDESITE [26178]",21.27,43.87,5.304,20.89,4.597,1.187,4.467,0.695,4.178,0.894,2.6,0.394,2.591,0.402
-7.351944444,110.0075,"BASALTIC-ANDESITE [26178]",20.62,44.45,5.489,22.5,4.978,1.35,4.795,0.737,4.258,0.893,2.619,0.392,2.481,0.387
-7.285166667,109.9396389,"BASALTIC-ANDESITE [26178]",17.49,37.83,4.81,19.97,4.722,1.358,4.944,0.77,4.689,0.981,2.878,0.43,2.721,0.421
-7.301111111,109.9493333,"BASALTIC-ANDESITE [26178]",22.12,46.63,5.89,24.24,5.46,1.547,5.246,0.794,4.609,0.969,2.839,0.429,2.755,0.424
-7.324722222,109.9452778,"BASALTIC-ANDESITE [26178]",13.83,29.14,3.703,15.38,3.768,1.178,3.877,0.631,3.724,0.799,2.299,0.333,2.101,0.325
-7.351111111,109.9411111,"BASALTIC-ANDESITE [26178]",23.22,48.74,6.177,25.68,5.771,1.613,5.612,0.839,4.82,1.009,2.968,0.46,2.885,0.448
-7.302611111,109.9613889,"BASALTIC-ANDESITE [26178]",20.33,43.21,5.561,22.94,5.168,1.506,4.896,0.759,4.466,0.959,2.763,0.419,2.61,0.403
-7.312555556,109.9605278,"BASALTIC-ANDESITE [26178]",14.14,29.93,3.87,16.32,3.931,1.153,3.995,0.613,3.621,0.766,2.197,0.329,2.024,0.305
-7.352694444,109.9811944,"BASALTIC-ANDESITE [26178]",21.2,43.53,5.325,20.88,4.742,1.265,4.678,0.729,4.359,0.931,2.662,0.406,2.635,0.411
-7.319166667,110.0486111,"BASALTIC-ANDESITE [26178]",24.35,49.1,5.983,23.71,5.283,1.427,4.907,0.743,4.364,0.91,2.578,0.389,2.668,0.4
-7.319166667,110.0486111,"BASALTIC-ANDESITE [26178]",20.19,43.09,5.359,22.56,5.172,1.46,5.018,0.779,4.711,0.968,2.748,0.415,2.665,0.414
-7.36125,109.9865,"BASALTIC-ANDESITE [26178]",24.32,49.42,5.792,21.98,4.567,1.216,4.332,0.674,4.045,0.875,2.523,0.388,2.634,0.412
-7.36125,109.9865,"BASALTIC-ANDESITE [26178]",25.92,51.75,6.149,23.41,4.832,1.248,4.615,0.727,4.295,0.914,2.625,0.415,2.77,0.435
-7.36125,109.9865,"BASALTIC-ANDESITE [26178]",23.45,47.25,5.594,21.79,4.559,1.171,4.463,0.675,4.068,0.861,2.522,0.403,2.615,0.408
-7.36125,109.9865,"BASALTIC-ANDESITE [26178]",21.52,44.83,5.359,21.26,4.64,1.231,4.543,0.704,4.181,0.892,2.623,0.391,2.622,0.411
-7.36125,109.9865,"BASALTIC-ANDESITE [26178]",22.3,45.23,5.512,21.91,4.938,1.286,4.729,0.749,4.405,0.926,2.682,0.421,2.727,0.41
-7.36125,109.9865,"BASALTIC-ANDESITE [26178]",21.92,44.67,5.317,21.05,4.509,1.168,4.427,0.671,4.011,0.862,2.512,0.385,2.509,0.397
-7.36125,109.9865,"BASALTIC-ANDESITE [26178]",20.49,42.85,5.195,20.41,4.473,1.232,4.543,0.67,4.172,0.87,2.539,0.39,2.452,0.405
-7.323361111,109.9272222,"BASALTIC-ANDESITE [26178]",17.68,37.24,4.756,19.96,4.62,1.342,4.605,0.711,4.174,0.875,2.524,0.373,2.416,0.37
-7.350972222,109.9846389,"BASALTIC-ANDESITE [26178]",21.68,44.67,5.446,21.56,4.954,1.271,4.87,0.752,4.402,0.951,2.756,0.42,2.729,0.42
-7.251888889,110.0268056,"BASALTIC-ANDESITE [26178]",22.71,46.49,5.729,23.19,5.137,1.377,4.856,0.739,4.199,0.897,2.551,0.383,2.445,0.374
-7.251888889,110.0268056,"BASALTIC-ANDESITE [26178]",22.55,46.45,5.731,22.67,5.051,1.474,4.963,0.723,4.232,0.882,2.526,0.375,2.44,0.381
-7.305111111,110.0019167,"BASALTIC-ANDESITE [26178]",22.83,46.49,5.619,22.45,4.9,1.257,4.559,0.689,4.007,0.862,2.475,0.385,2.459,0.385
-7.310361111,110.0065833,"BASALTIC-ANDESITE [26178]",22.17,45.62,5.622,22.75,4.999,1.359,4.755,0.717,4.213,0.878,2.524,0.382,2.39,0.377
-7.247583333,110.0319722,"BASALTIC-ANDESITE [26178]",22.88,46.5,5.618,22.78,4.937,1.315,4.633,0.706,4.091,0.869,2.509,0.378,2.463,0.378
-7.247583333,110.0319722,"BASALTIC-ANDESITE [26178]",24.9,50.1,6.13,24.11,5.27,1.388,4.887,0.753,4.432,0.914,2.691,0.404,2.641,0.411
-7.256805556,110.0131389,"BASALTIC-ANDESITE [26178]",18.53,38.85,4.816,18.94,4.347,1.248,4.323,0.685,4.066,0.863,2.549,0.377,2.503,0.395
-7.267194444,109.9910833,"BASALTIC-ANDESITE [26178]",25.75,52.06,6.207,23.83,5.112,1.177,4.755,0.728,4.302,0.913,2.628,0.411,2.726,0.424
-7.267194444,109.9910833,"BASALTIC-ANDESITE [26178]",25.54,52.3,6.258,24.61,5.313,1.277,5.124,0.8,4.762,0.981,2.937,0.444,2.946,0.448
-7.272138889,109.98575,"BASALTIC-ANDESITE [26178]",24.39,50.34,6.07,23.77,5.128,1.287,4.923,0.783,4.586,0.978,2.836,0.433,2.863,0.442
-7.272138889,109.98575,"BASALTIC-ANDESITE [26178]",22.19,45.47,5.463,21.39,4.664,1.155,4.493,0.7,4.15,0.877,2.536,0.393,2.553,0.401
-7.267416667,109.9729444,"BASALTIC-ANDESITE [26178]",24,51.09,6.371,25.72,5.757,1.569,5.489,0.842,4.82,1.011,2.928,0.443,2.822,0.434
-7.356666667,109.9686111,"BASALTIC-ANDESITE [26178]",12.99,27.87,3.635,15.32,3.754,1.164,3.943,0.621,3.744,0.787,2.251,0.337,2.106,0.323
-7.351944444,110.0075,"BASALTIC-ANDESITE [26178]",19.85,42.19,5.292,21.77,4.942,1.329,4.65,0.713,4.109,0.871,2.509,0.383,2.409,0.375
-7.351944444,110.0075,"BASALTIC-ANDESITE [26178]",19.52,41.11,5.223,21.47,4.768,1.315,4.577,0.704,4.09,0.871,2.529,0.374,2.348,0.364
-7.351388889,109.9944444,"BASALTIC-ANDESITE [26178]",22.89,47.41,5.765,23.17,5.034,1.439,4.931,0.716,4.219,0.889,2.521,0.382,2.526,0.385
-7.350277778,109.9897222,"BASALTIC-ANDESITE [26178]",21.14,44.09,5.304,20.76,4.471,1.28,4.5,0.685,4.102,0.865,2.54,0.388,2.537,0.405
-7.350277778,109.9897222,"BASALTIC-ANDESITE [26178]",22.52,45.75,5.527,21.9,4.832,1.252,4.653,0.723,4.302,0.916,2.672,0.407,2.67,0.407
-7.350277778,109.9897222,"BASALTIC-ANDESITE [26178]",21.4,44.15,5.341,21.34,4.653,1.215,4.559,0.695,4.246,0.905,2.6,0.393,2.596,0.41
-7.350277778,109.9897222,"BASALTIC-ANDESITE [26178]",24.98,50.31,5.872,22.64,4.768,1.213,4.658,0.704,4.093,0.861,2.54,0.391,2.574,0.414
-7.350277778,109.9897222,"BASALTIC-ANDESITE [26178]",19.02,40.77,4.882,19.06,4.322,1.232,4.21,0.651,3.973,0.85,2.498,0.377,2.553,0.403
-7.296694444,109.9403333,"BASALTIC-ANDESITE [26178]",25.18,52.91,6.693,27.52,6.112,1.705,5.931,0.88,5.159,1.083,3.175,0.478,3.095,0.478
-7.325611111,109.9294167,"BASALTIC-ANDESITE [26178]",19.27,40.43,5.106,21.15,4.897,1.398,4.781,0.738,4.33,0.902,2.618,0.391,2.496,0.383
-7.325611111,109.9294167,"BASALTIC-ANDESITE [26178]",18.61,39.48,4.994,20.4,4.797,1.345,4.573,0.739,4.249,0.89,2.573,0.382,2.43,0.367
-7.35,110.0102222,"BASALTIC-ANDESITE [26178]",22.2,45.21,5.63,22.47,5.059,1.396,4.661,0.73,4.204,0.853,2.512,0.38,2.41,0.367
-7.360861111,109.98625,"BASALTIC-ANDESITE [26178]",25.39,50.86,6.025,22.85,4.815,1.28,4.639,0.708,4.204,0.896,2.654,0.41,2.762,0.445
44,117,"BASALTIC-ANDESITE [12033] / NOT GIVEN [12042]",8.79,21.06,2.81,11.46,3.18,1.09,3.57,0.58,3.65,0.78,2.02,0.34,2.14,0.33
44,117,"BASALTIC-ANDESITE [12033] / NOT GIVEN [12042]",9.22,21.8,2.96,11.73,3.17,1.18,3.78,0.62,3.68,0.76,2.1,0.35,2.21,0.35
44,117,"BASALTIC-ANDESITE [12033] / NOT GIVEN [12042]",8.61,20.48,2.71,11.14,2.93,1.1,3.58,0.57,3.56,0.74,2.05,0.33,2.22,0.34
-25.7516,-67.7833,"BASALTIC-ANDESITE [9154]",35.3,67.9,7.51,30.3,5.72,1.39,5.2,0.66,3.84,0.7,1.98,0.3,1.88,0.26
-25.6849,-67.8079,"BASALTIC-ANDESITE [9154]",29.8,58.9,6.68,26,4.7,1.25,4.35,0.59,3.48,0.66,1.81,0.29,1.82,0.25
-25.6415,-67.7799,"BASALTIC-ANDESITE [9154]",33.5,69.2,8,29.2,5.3,1.38,4.33,0.62,3.55,0.65,1.84,0.24,1.69,0.23
-25.4832,-67.6411,"BASALTIC-ANDESITE [9154]",50.6,93.9,10.36,39.8,7.09,1.82,6.17,0.77,4.36,0.79,2.14,0.34,2.06,0.28
-25.4897,-67.6608,"BASALTIC-ANDESITE [9154]",46.2,88,9.91,39.4,6.84,1.81,6.1,0.79,4.54,0.83,2.31,0.34,2.17,0.29
-25.4601,-67.6789,"BASALTIC-ANDESITE [9154]",46.6,88.1,9.78,39,7.38,1.88,6.31,0.84,4.79,0.88,2.34,0.36,2.26,0.3
-25.6064,-68.0619,"BASALTIC-ANDESITE [9154]",22.8,48.4,6.27,24.8,5.22,1.36,4.8,0.67,4.06,0.74,1.91,0.25,1.83,0.23
-25.6128,-68.0622,"BASALTIC-ANDESITE [9154]",20.7,46.3,5.81,22.4,4.74,1.29,4.67,0.65,3.65,0.71,1.92,0.26,1.84,0.27
44.4,112.5,"BASALTIC-ANDESITE [26192]",34.99,85.82,11.46,47.68,8.92,2.4,6.83,0.95,4.67,0.86,2.28,0.29,1.85,0.28
-25.4223,-67.8566,"BASALTIC-ANDESITE [9154]",18.5,41.9,5.47,22,4.73,1.3,4.75,0.62,3.16,0.59,1.78,0.28,1.3,0.19
-25.4996,-67.8507,"BASALTIC-ANDESITE [9154]",23.3,50.2,6.23,24,4.75,1.29,4.54,0.66,4.04,0.79,1.98,0.29,1.81,0.25
38.1438613,34.35955025,"BASALTIC-ANDESITE [26210]",485,597,489,493,456,555,721,407,510,617,516,345,316,13
38.11567267,34.44842396,"BASALTIC-ANDESITE [26210]",3.9,3.8,4.2,4.1,3.9,3.2,3.9,2.9,3.3,3.8,3.1,2.4,3.1,0.1
38.01277523,34.36999695,"BASALTIC-ANDESITE, PYROXENE [26210]",2.8,2.5,4.2,4.3,2.8,3.3,3.2,3.8,4.1,4.3,4.4,1.2,5.2,0.3
38.0634733,34.36186837,"BASALTIC-ANDESITE, PYROXENE [26210]",0.5,3.6,2.9,3,4.2,0.7,2.7,2.8,0.8,3.7,4.1,47.3,1.2,3.1
38.16156855,34.34007542,"BASALTIC-ANDESITE [26210]",0.32,0.26,0.25,0.25,0.25,0.21,0.26,0.23,0.19,0.25,0.23,0.27,0.19,0.17
-32.392,-179.67,"BASALTIC-ANDESITE [26209]",1.922,6.143,1.002,5.227,1.772,0.716,2.198,0.3917,2.713,0.5699,1.728,0.2519,1.754,0.2515
-33.165,179.985,"BASALTIC-ANDESITE [26209]",2.17,6.57,1.05,5.42,1.83,0.73,2.3,0.41,2.91,0.62,1.87,0.27,1.92,0.28
-33.128,-179.943,"BASALTIC-ANDESITE [26209]",1.409,4.812,0.838,4.627,1.718,0.7099,2.286,0.4225,2.993,0.6423,1.948,0.286,1.98,0.2865
-34.98,-179,"BASALTIC-ANDESITE [26209]",4.19,11.64,1.75,8.5,2.51,1,2.81,0.48,3.26,0.67,1.99,0.29,1.96,0.28
-34.98,-179,"BASALTIC-ANDESITE [26209]",11.7,30.35,3.99,17.17,4.28,1.31,4.38,0.74,4.95,1.04,3.21,0.49,3.48,0.51
-36.447,-177.842,"BASALTIC-ANDESITE [26209]",1.94,5.44,0.96,4.84,1.67,0.54,2.23,0.41,2.73,0.61,1.79,0.27,1.87,0.28
-36.446,-177.842,"BASALTIC-ANDESITE [26209]",2.18,6.01,1.04,5.21,1.78,0.54,2.36,0.44,2.9,0.6,1.9,0.3,2,0.3
-36.446,-177.842,"BASALTIC-ANDESITE [26209]",2.02,5.57,0.97,4.83,1.65,0.55,2.21,0.41,2.65,0.6,1.73,0.26,1.79,0.27
-0.538,-77.626,"BASALTIC-ANDESITE [9195]",139,227,23.5,84.2,14.5,4.12,10,1.32,7,1.28,3.26,0.48,3.01,0.46
7.670930868,-2.847967834,"BASALTIC-ANDESITE [26300]",3.19,7.2,1.26,6.38,2.07,0.75,2.34,0.39,2.37,0.51,1.5,0.23,1.6,0.24
7.670930868,-2.847967834,"BASALTIC-ANDESITE [26300]",2.39,4.94,0.89,4.51,1.5,0.52,1.78,0.29,1.72,0.38,1.12,0.18,1.15,0.2688
8.218929376,-2.155319729,"BASALTIC-ANDESITE [26300]",3.11,8.92,1.46,7.78,2.42,0.74,2.04,0.28,1.59,0.35,0.97,0.14,1.03,0.2446
7.659844276,-2.888673965,"BASALTIC-ANDESITE [26300]",1.65,4.83,0.87,4.85,1.95,0.67,2.31,0.39,2.33,0.56,1.7,0.29,2.1,0.31
8.27397275,-2.336755079,"BASALTIC-ANDESITE [26300]",2.61,6.47,0.95,4.65,1.51,0.56,2.17,0.42,2.9,0.64,1.84,0.25,1.7,0.2862
10.43991667,104.9570333,"BASALTIC-ANDESITE [26327]",28.1,64.8,8.65,37.6,8.04,2.08,6.95,0.81,4.39,0.85,2.3,0.28,2.09,0.32
10.43991667,104.9570333,"BASALTIC-ANDESITE [26327]",31.2,68.2,9.82,41,9.68,2.35,7.55,1.03,5.05,0.93,2.62,0.35,2.5,0.34
10.43991667,104.9570333,"BASALTIC-ANDESITE [26327]",23.2,55.3,7.06,29,6.39,1.51,5.05,0.64,3.19,0.59,1.66,0.21,1.55,0.21
10.43991667,104.9570333,"BASALTIC-ANDESITE [26327]",25.8,62.3,8.21,35.6,7.74,2.02,6.09,0.7,3.39,0.62,1.67,0.23,1.51,0.21
10.45688333,104.9579667,"BASALTIC-ANDESITE [26327]",27.8,64.8,8.97,39.5,8.87,2.36,7,0.82,4.03,0.73,1.99,0.27,1.83,0.26
10.45688333,104.9579667,"BASALTIC-ANDESITE [26327]",28.7,61.6,7.42,29.3,5.98,1.52,4.85,0.61,3.3,0.64,1.84,0.27,1.83,0.27
10.47195,104.9579667,"BASALTIC-ANDESITE [26327]",24.8,57.2,7.46,31.6,6.84,1.78,5.58,0.67,3.33,0.63,1.69,0.24,1.54,0.23
10.48503333,104.9762833,"BASALTIC-ANDESITE [26327]",29.4,59.9,7.36,28.8,5.74,1.76,5.18,0.68,3.64,0.67,1.75,0.24,1.53,0.22
10.48503333,104.9762833,"BASALTIC-ANDESITE [26327]",25.2,55.9,6.02,23.5,4.63,1.43,4.15,0.54,2.87,0.54,1.45,0.19,1.25,0.18
10.45758333,104.9928167,"BASALTIC-ANDESITE [26327]",19.9,44.9,5.6,23,4.85,1.53,4.57,0.59,3.58,0.77,2.03,0.26,1.99,0.31
10.403,104.9745667,"BASALTIC-ANDESITE [26327]",27.2,51.9,5.99,22.9,4.43,1.1,4.29,0.58,3.45,0.73,1.97,0.25,1.88,0.3
11.08536667,106.7751833,"BASALTIC-ANDESITE [26327]",22.2,49.8,6.09,24.8,5.47,1.48,5.37,0.79,4.86,0.98,2.81,0.4,2.63,0.39
11.08536667,106.7751833,"BASALTIC-ANDESITE [26327]",18,42.2,5.46,22.8,5.24,1.35,5.2,0.78,4.81,0.99,2.82,0.4,2.68,0.4
10.46846667,107.0597667,"BASALTIC-ANDESITE [26327]",18.1,39.8,4.42,16.8,3.24,1.21,3.13,0.47,2.81,0.56,1.61,0.23,1.56,0.23
40.389,40.167,"BASALTIC-ANDESITE [26329]",17.4,33.7,4.09,17.1,3.56,1.01,3.59,0.58,3.29,0.7,2.15,0.28,2.02,0.3
40.389,40.167,"BASALTIC-ANDESITE [26329]",16.7,35.2,4.09,15.9,3.38,1,3.61,0.56,3.25,0.62,1.92,0.31,1.9,0.32
40.389,40.167,"BASALTIC-ANDESITE [26329]",19.6,41,5.07,21.9,4.34,1.33,4.17,0.58,3.24,0.61,1.62,0.25,1.63,0.24
40.389,40.167,"BASALTIC-ANDESITE [26329]",27.1,46.9,5.39,21.2,3.85,1.14,3.49,0.53,2.85,0.61,1.79,0.24,1.65,0.24
40.389,40.167,"BASALTIC-ANDESITE [26329]",20.5,39.4,4.72,18.2,3.87,1.26,3.74,0.59,3.41,0.71,2.09,0.3,2.14,0.33
40.389,40.167,"BASALTIC-ANDESITE [26329]",21.4,38.1,4.52,18.1,3.81,1.09,3.61,0.53,3.23,0.68,1.96,0.29,1.95,0.28
40.389,40.167,"BASALTIC-ANDESITE [26329]",21.9,47.9,5.36,21,4.13,1.24,4.02,0.6,3.55,0.74,2.18,0.33,2.38,0.35
40.389,40.167,"BASALTIC-ANDESITE [26329]",20.2,39.5,4.71,18.6,3.8,0.99,3.93,0.62,3.68,0.78,2.53,0.33,2.24,0.36
40.389,40.167,"BASALTIC-ANDESITE [26329]",25.3,45.5,5.33,19.8,4.15,1.07,4.21,0.63,3.64,0.81,2.36,0.34,2.27,0.37
36.35,25.4,"BASALTIC-ANDESITE [9217]",14.7,32.3,4.01,17.7,4.34,1.24,4.87,0.816,5.45,1.29,3.55,0.599,3.59,0.579
36.35,25.4,"BASALTIC-ANDESITE [9217]",10.3,23.6,2.96,13,2.98,0.91,2.99,0.484,3.34,0.712,1.89,0.295,1.97,0.313
36.35,25.4,"BASALTIC-ANDESITE [9217]",7.19,16.4,2.24,9.59,2.52,0.87,3.02,0.488,3.27,0.803,2.02,0.333,2.17,0.371
36.35,25.4,"BASALTIC-ANDESITE [9217]",9.81,21.9,2.9,12.1,3.29,0.95,4.08,0.635,4.29,0.95,2.6,0.411,2.81,0.49
51.4454,156.7961,"BASALTIC-ANDESITE [26337]",13.54804672,30.95193465,4.335808167,18.26941913,4.35192905,1.153088393,3.948238055,0.649300259,3.767311452,0.813374187,2.441016894,0.350710472,2.241630638,0.371424449
51.4454,156.7961,"BASALTIC-ANDESITE [26337]",14.09039124,31.58111571,4.633905455,21.17865017,4.989705541,1.250982864,4.427107272,0.680127457,4.336795167,0.909229374,2.624093751,0.374898402,2.366878141,0.363102222
51.4454,156.7961,"BASALTIC-ANDESITE [26337]",6.915732303,16.02203011,2.463410707,11.64504879,3.082788551,0.870130483,2.879466778,0.472120089,2.955545706,0.619376823,1.80308433,0.253404848,1.562043647,0.244891689
51.51743333,156.7352167,"BASALTIC-ANDESITE [26337]",8.949937224,24.30716369,3.316561346,15.97657813,4.245352279,1.377768186,4.112772983,0.760863031,4.395530931,0.933286934,2.765365141,0.399254681,2.591709237,0.396760395
51.51743333,156.7352167,"BASALTIC-ANDESITE [26337]",7.802360206,19.50522454,2.934684691,14.42512116,3.93149726,1.27845072,3.732165967,0.693412158,4.291602011,0.872519242,2.546238532,0.365034154,2.293565207,0.352505948
51.51743333,156.7352167,"BASALTIC-ANDESITE [26337]",8.567665216,22.16096853,3.298831431,16.2214521,4.207619987,1.475256012,3.91295801,0.713056857,4.421574452,0.898985191,2.692062239,0.380551046,2.565600974,0.391333261
51.51743333,156.7352167,"BASALTIC-ANDESITE [26337]",8.926677795,22.53565634,3.124444497,14.92694764,3.800740133,1.34268145,3.577589637,0.648892581,3.882502931,0.814456281,2.457180717,0.342628445,2.319966604,0.357483979
51.51743333,156.7352167,"BASALTIC-ANDESITE [26337]",8.185368046,20.91488357,2.9438607,13.9592705,3.585818175,1.3222143,3.35676202,0.639498359,3.56227749,0.79701077,2.441328957,0.342327862,2.464755937,0.361584251
51.51743333,156.7352167,"BASALTIC-ANDESITE [26337]",7.369374,18.78686727,2.60667282,12.50810049,3.235500286,1.130010952,2.969070228,0.564810962,3.423395285,0.704279345,2.152732727,0.300506086,2.201981287,0.308607344
51.51743333,156.7352167,"BASALTIC-ANDESITE [26337]",10.2800288,27.86184027,3.822529831,18.32911625,4.581873953,1.540817447,3.886640088,0.75324906,4.509328579,0.868143297,2.548810227,0.358869457,2.338505883,0.369608902
51.4817,156.7407,"BASALTIC-ANDESITE [26337]",13.13470074,36.20389532,4.753823661,22.05277675,5.307083291,1.860263981,4.626692194,0.770846891,4.389900126,0.830226649,2.301636778,0.297873739,1.937977963,0.274944776
51.4817,156.7407,"BASALTIC-ANDESITE [26337]",14.09358811,35.51200795,4.902469051,22.89187974,5.480632923,1.812373845,4.776245619,0.857408024,4.820851282,1.001710217,2.90803731,0.432613268,2.860712364,0.445099887
51.4817,156.7407,"BASALTIC-ANDESITE [26337]",9.074107951,21.72567597,3.141982607,14.99839558,3.83811453,1.36050973,3.578127315,0.649876642,4.071211083,0.819460124,2.462139481,0.347941216,2.304505389,0.35413168
51.4817,156.7407,"BASALTIC-ANDESITE [26337]",12.74344917,31.77627808,4.443565295,21.17093891,5.101637512,1.724524268,4.255507942,0.792742439,4.51681222,0.940056732,2.81501673,0.398984383,2.624683287,0.421066901
51.4817,156.7407,"BASALTIC-ANDESITE [26337]",6.856352234,17.13602673,2.459924882,12.10531835,3.247171162,1.157824834,3.018708963,0.57649856,3.535875611,0.746195414,2.225703711,0.32048483,2.107846752,0.325611417
7,94,"BASALTIC-ANDESITE [26352]",15.39,39.36,4.31,20.48,4.76,1.4,5.31,0.83,4.7,1.07,2.93,0.47,2.98,0.48
7,94,"BASALTIC-ANDESITE [26352]",15.2,35.54,4.21,20.09,4.77,1.4,5.17,0.81,4.4,1.05,2.85,0.44,2.92,0.45
7,94,"BASALTIC-ANDESITE [26352]",15.12,33.82,4.54,25.06,5.76,1.22,6.73,1.03,6.92,1.47,4.43,0.65,4.24,0.73
7,94,"BASALTIC-ANDESITE [26352]",12.87,31.45,3.96,20.59,5.18,1.07,5.69,0.86,4.77,1.11,2.91,0.46,2.85,0.42
11.4303,40.762718,"BASALTIC-ANDESITE [26375]",26.62261735,48.891422,5.46394369,19.94318017,4.056288187,1.183499311,4.274408658,0.696114141,4.234319443,0.860834435,2.504396168,0.366320859,2.347619781,0.373156819
11.4303,40.762718,"BASALTIC-ANDESITE [26375]",21.99860644,41.72515417,4.620071779,17.57396404,3.671932063,1.104234688,3.866052564,0.641966983,3.930810752,0.777880586,2.262123474,0.32726785,2.090731985,0.312604372
11.988219,41.302609,"BASALTIC-ANDESITE [26375]",58.70732639,137.3931244,18.19477872,78.45633029,17.43895586,5.27675104,18.14471696,2.742735045,15.58802439,3.036786944,8.128383559,1.163725263,6.697182335,1.019582534
11.593442,41.424493,"BASALTIC-ANDESITE [26375]",27.07793231,58.77151257,7.40149488,31.10663456,6.912631626,2.138247395,7.374737389,1.163269711,6.754772248,1.333319009,3.769445348,0.541067,3.363659791,0.484220869
22.072387,122.916697,"BASALTIC-ANDESITE [26379]",15.40949542,38.18161917,5.255132463,23.8308699,5.548587869,1.528641927,5.053110095,0.71807123,4.024023447,0.834877983,2.35253236,0.355436418,2.253329948,0.345251135
22.072387,122.916697,"BASALTIC-ANDESITE [26379]",19.71972012,47.68226752,6.802051179,30.27402632,7.071630934,1.935448118,6.507361423,0.954770623,5.476984891,1.141065592,3.276591765,0.485223401,3.074919454,0.468999927
22.072387,122.916697,"BASALTIC-ANDESITE [26379]",22.20232541,49.33148114,7.066468316,32.20790918,7.43741754,2.059954051,7.085143833,1.007680751,5.758228681,1.204325152,3.414572571,0.491574421,3.069354162,0.460829196
22.072387,122.916697,"BASALTIC-ANDESITE [26379]",19.49023439,45.1365529,6.40662266,29.03813442,6.768544255,1.877068703,6.240837652,0.907476067,5.131303338,1.064826875,3.073522,0.459050542,2.757686465,0.427245038
22.072387,122.916697,"BASALTIC-ANDESITE [26379]",16.6952076,39.86533955,5.736309589,26.1233529,6.177595375,1.672765669,5.762807753,0.832037947,4.765310728,0.983348846,2.820604006,0.421644116,2.606048211,0.416698267
22.072387,122.916697,"BASALTIC-ANDESITE [26379]",21.88324779,48.87164809,6.959265781,31.63042466,7.258832926,1.989016397,6.809929884,0.986869495,5.717804132,1.201196432,3.463181709,0.505756048,3.082569219,0.479232953
22.072387,122.916697,"BASALTIC-ANDESITE [26379]",22.75471352,49.84817395,7.198880956,32.67672838,7.465860846,2.043802754,7.069583159,1.037129224,5.91607316,1.224347674,3.456621325,0.503889601,3.078877059,0.469447393
22.072387,122.916697,"BASALTIC-ANDESITE [26379]",22.97697798,51.01872338,7.32538396,33.64849851,7.701095352,2.147092489,7.257730173,1.053774592,5.995165594,1.241898388,3.496716295,0.519123385,3.180158301,0.486279629
22.072387,122.916697,"BASALTIC-ANDESITE [26379]",20.93262474,47.32318386,6.680014423,30.52653068,6.964859869,1.945357164,6.595658223,0.972709258,5.613898424,1.171630402,3.349249179,0.496786156,3.11131668,0.474043619
22.072387,122.916697,"BASALTIC-ANDESITE [26379]",18.03536706,42.93249238,6.010771889,27.3201175,6.247252037,1.72238903,5.681743016,0.838714302,4.755070024,0.980876382,2.808538794,0.421126884,2.628481502,0.402976211
22.072387,122.916697,"BASALTIC-ANDESITE [26379]",20.77470562,46.03995526,6.593456549,30.13748416,6.78825464,1.878610983,6.476480461,0.921797909,5.351119955,1.097846504,3.099560686,0.464726702,2.834749581,0.439198175
22.072387,122.916697,"BASALTIC-ANDESITE [26379]",17.10948907,41.50262808,5.80152047,26.48848135,6.135657079,1.660946071,5.671105424,0.821243548,4.689439068,0.981211101,2.761721055,0.422135693,2.634731644,0.415127579
22.072387,122.916697,"BASALTIC-ANDESITE [26379]",17.07308471,40.95142305,5.819513488,26.35603613,6.132957007,1.64074805,5.625120898,0.823790579,4.703983042,0.970187393,2.730564414,0.417368414,2.603004254,0.400436413
22.072387,122.916697,"BASALTIC-ANDESITE [26379]",17.3856878,40.75611018,5.800629775,26.23719888,6.071608229,1.649146998,5.604665318,0.802014327,4.67453291,0.976726063,2.779408252,0.415795095,2.583861842,0.406276538
22.072387,122.916697,"BASALTIC-ANDESITE [26379]",17.95970067,43.12630554,6.083218351,27.3534284,6.387103219,1.743592734,5.933682669,0.840131605,4.882205458,1.012716109,2.90413235,0.43064497,2.648754228,0.41503284
22.072387,122.916697,"BASALTIC-ANDESITE [26379]",16.2402475,37.86476393,5.261064207,23.4574491,5.423963898,1.523989344,5.075019239,0.720861307,4.174407601,0.855957764,2.462704887,0.366877515,2.305220189,0.359793118
22.072387,122.916697,"BASALTIC-ANDESITE [26379]",17.82845027,42.4331396,5.926795627,26.85629161,6.268315192,1.714422283,5.794601513,0.832317011,4.78837169,0.997937442,2.879482412,0.436917215,2.722463442,0.419194794
22.072387,122.916697,"BASALTIC-ANDESITE [26379]",17.68298354,41.9333991,5.80785403,26.72328974,6.016516405,1.657025923,5.630732025,0.807957187,4.700999525,0.970492931,2.801656463,0.420152433,2.685228554,0.405889439
22.072387,122.916697,"BASALTIC-ANDESITE [26379]",17.42916566,42.93957826,5.851643783,26.9247766,6.191680875,1.675846112,5.673186323,0.824201569,4.736443874,0.991718119,2.842731219,0.419298843,2.605635066,0.404999007
22.072387,122.916697,"BASALTIC-ANDESITE [26379]",14.35298103,36.49648143,4.879944321,22.31783829,5.076679735,1.414709677,4.658827383,0.674075154,3.80733838,0.791999538,2.298400654,0.336944629,2.179901163,0.339951088
22.072387,122.916697,"BASALTIC-ANDESITE [26379]",15.76908357,39.59277162,5.297823899,24.61567764,5.675386312,1.513799073,5.207155881,0.740389584,4.296532805,0.885918409,2.526526235,0.378746517,2.419465336,0.375428903
22.072387,122.916697,"BASALTIC-ANDESITE [26379]",21.32633174,47.06243776,6.736739756,31.16994428,7.092722077,1.936540277,6.845414831,0.983232803,5.669995325,1.189019773,3.426428673,0.505916571,3.093195468,0.4742782
22.072387,122.916697,"BASALTIC-ANDESITE [26379]",24.43612229,51.55976872,7.418428275,33.92617361,7.662460163,2.063296474,7.343269067,1.054887074,6.081083656,1.257899085,3.589776398,0.520423823,3.213617288,0.490253001
22.072387,122.916697,"BASALTIC-ANDESITE [26379]",17.68142148,41.16479205,5.85429896,27.07830055,6.286760361,1.714878968,5.832301515,0.830883419,4.890018756,1.000470053,2.873563854,0.425895068,2.690614154,0.418229176
22.072387,122.916697,"BASALTIC-ANDESITE [26379]",24.24737557,52.8552699,7.941389416,36.39179649,8.222939718,2.232180996,7.776944717,1.111275721,6.380342405,1.299484407,3.71134052,0.542769318,3.317335671,0.507413603
22.072387,122.916697,"BASALTIC-ANDESITE [26379]",32.12011724,70.46752128,10.15434004,46.75894097,10.72044848,2.923814381,10.62276599,1.531525547,8.900950859,1.826928714,5.155610633,0.743246095,4.477095502,0.674185474
22.072387,122.916697,"BASALTIC-ANDESITE [26379]",18.3215817,39.92874893,5.723422729,26.04857371,5.931419443,1.693592535,5.465606903,0.773266068,4.418230852,0.891806489,2.577530296,0.365977337,2.258699262,0.344746051
22.072387,122.916697,"BASALTIC-ANDESITE [26379]",17.15476707,41.45286184,5.724088255,26.35605108,6.038049014,1.660543765,5.742504273,0.828402858,4.827693913,0.990349057,2.84089451,0.422625409,2.659567959,0.41920316
22.072387,122.916697,"BASALTIC-ANDESITE [26379]",25.95124193,57.21339479,8.22334866,37.35332172,8.281429932,2.269558641,8.477494052,1.136782974,6.586267683,1.312604549,3.689760504,0.543124877,3.310571466,0.496022975
22.072387,122.916697,"BASALTIC-ANDESITE [26379]",25.01394246,54.33874027,7.970636477,36.31988326,8.314664442,2.35309592,7.630198868,1.126795261,6.537170366,1.334700006,3.701132072,0.551011866,3.321255586,0.514512722
22.072387,122.916697,"BASALTIC-ANDESITE [26379]",17.72764843,42.56451975,6.255285182,29.47542381,7.293955047,2.013371016,6.720750566,1.025868834,6.00128244,1.216495086,3.414813194,0.509380223,3.040417383,0.466473047
22.072387,122.916697,"BASALTIC-ANDESITE [26379]",24.93824722,57.0112593,8.172014618,37.36860838,8.639276043,2.359788683,8.707335345,1.187510522,6.935215754,1.399695422,3.903448448,0.559279652,3.458172809,0.51989227
22.072387,122.916697,"BASALTIC-ANDESITE [26379]",22.78569655,47.75356532,7.228982543,32.97631765,7.526951762,2.106833847,6.987789221,1.033435188,5.959531694,1.234984958,3.480881828,0.510200949,3.121219483,0.482654842
22.072387,122.916697,"BASALTIC-ANDESITE [26379]",22.88141658,48.685564,7.150479635,32.44737739,7.37882687,2.049202287,6.84035745,1.012379168,5.881635143,1.201634261,3.415827982,0.510310495,3.054721929,0.478737792
22.072387,122.916697,"BASALTIC-ANDESITE [26379]",24.76705738,51.16281717,8.063009725,37.23630973,8.471013417,2.297987885,7.746847155,1.10900382,6.424517712,1.310911132,3.683583666,0.538675253,3.313237384,0.520363368
22.072387,122.916697,"BASALTIC-ANDESITE [26379]",21.65720721,47.43161074,7.085179352,32.37321038,7.544489699,2.096626169,7.051414869,1.031619405,6.009004259,1.235040868,3.419207016,0.51653146,3.150394099,0.481406221
17.91388889,-62.86055556,"BASALTIC-ANDESITE [26382]",9.858910717,23.51148123,3.287273808,15.20225735,3.784498192,1.117884096,4.149409259,0.672503552,4.383441508,0.936584599,2.835853187,0.421922616,2.879623812,0.438011624
34.08,139.52,"BASALTIC-ANDESITE [9270]",3.37,10.2,1.6,9.51,3.09,1.15,4.19,0.793,5.19,1.18,3.11,0.474,3.32,0.471
34.08,139.52,"BASALTIC-ANDESITE [9270]",3.46,9.97,1.63,9.53,3.29,1.15,4.26,0.756,5.38,1.18,3.19,0.502,3.4,0.481
34.08,139.52,"BASALTIC-ANDESITE [9270]",3.24,9,1.58,8.68,2.96,1.1,3.99,0.721,4.91,1.08,2.85,0.452,3.16,0.452
34.08,139.52,"BASALTIC-ANDESITE [9270]",3.62,10.5,1.77,9.88,3.31,1.18,4.35,0.801,5.32,1.17,3.33,0.497,3.43,0.503
34.08,139.52,"BASALTIC-ANDESITE [9270]",3.71,11.2,1.93,11.1,3.64,1.34,4.45,0.884,5.97,1.31,3.56,0.561,3.88,0.534
34.08,139.52,"BASALTIC-ANDESITE [9270]",3.81,10.4,1.93,10.1,3.37,1.13,4.14,0.798,5.51,1.2,3.45,0.524,3.33,0.488
34.08,139.52,"BASALTIC-ANDESITE [9270]",3.95,11.4,1.83,10.8,3.54,1.2,4.54,0.855,5.65,1.25,3.44,0.531,3.67,0.519
34.08,139.52,"BASALTIC-ANDESITE [9270]",3.89,11.3,1.91,10.6,3.51,1.34,4.5,0.879,5.58,1.23,3.39,0.527,3.63,0.545
34.08,139.52,"BASALTIC-ANDESITE [9270]",3.56,10.5,1.78,10,3.44,1.24,4.4,0.829,5.55,1.24,3.32,0.516,3.59,0.523
34.08,139.52,"BASALTIC-ANDESITE [9270]",3.28,9.26,1.56,8.9,3.02,1.08,3.93,0.723,4.72,1.1,2.89,0.467,3.34,0.449
34.08,139.52,"BASALTIC-ANDESITE [9270]",4.15,12.6,2.08,11.7,3.67,1.39,5.06,0.952,6.23,1.38,3.68,0.609,4.05,0.597
34.08,139.52,"BASALTIC-ANDESITE [9270]",4.25,12.1,2.18,11.3,3.69,1.37,4.84,0.937,5.98,1.36,3.64,0.574,3.92,0.576
34.08,139.52,"BASALTIC-ANDESITE [9270]",3.7,11.2,1.88,10.8,3.32,1.24,4.65,0.851,5.51,1.28,3.27,0.522,3.72,0.534
34.08,139.52,"BASALTIC-ANDESITE [9270]",4.28,12.2,2.1,11.6,3.82,1.39,4.96,0.949,6.25,1.37,3.84,0.594,4.15,0.591
34.08,139.52,"BASALTIC-ANDESITE [9270]",3.82,11,1.91,10.3,3.42,1.19,4.48,0.849,5.69,1.26,3.41,0.51,3.68,0.528
34.08,139.52,"BASALTIC-ANDESITE [9270]",4.02,11.7,1.92,10.7,3.61,1.29,4.68,0.867,5.8,1.28,3.58,0.547,3.65,0.526
34.08,139.52,"BASALTIC-ANDESITE [9270]",3.77,11.3,1.92,10.3,3.38,1.23,4.62,0.833,5.6,1.25,3.46,0.526,3.62,0.544
44.2684,135.4197,"BASALTIC-ANDESITE [26401]",20.5,44.5,5.26,21.9,4.5,1.48,4.41,0.64,3.74,0.74,2.01,0.29,1.85,0.27
44.2684,135.4197,"BASALTIC-ANDESITE [26401]",20.7,43.6,5.29,22,4.56,1.53,4.4,0.61,3.74,0.73,2.01,0.28,1.84,0.28
44.2684,135.4197,"BASALTIC-ANDESITE [26401]",19.9,45.2,5.22,22.2,4.55,1.55,4.32,0.63,3.7,0.77,1.99,0.28,1.76,0.26
43.3831,131.9955,"BASALTIC-ANDESITE [26401]",10.8,27.9,3.79,19.1,5.11,1.9,5.38,0.74,3.96,0.75,1.79,0.24,1.48,0.19
43.3831,131.9955,"BASALTIC-ANDESITE [26401]",10.8,27.5,3.81,18.6,5,1.92,5.31,0.74,4.13,0.72,1.83,0.24,1.4,0.19
43.3831,131.9955,"BASALTIC-ANDESITE [26401]",10.5,26.1,3.67,17.9,5.06,1.83,5.18,0.71,4.05,0.72,1.77,0.23,1.4,0.18
43.3831,131.9955,"BASALTIC-ANDESITE [26401]",10.9,25.5,3.06,13.6,3.65,1.38,4.1,0.64,3.75,0.72,1.8,0.26,1.55,0.21
43.2907,132.4296,"BASALTIC-ANDESITE [26401]",11.1,25.3,3.08,13.5,3.55,1.4,4.27,0.67,3.9,0.76,1.88,0.26,1.53,0.22
43.2907,132.4296,"BASALTIC-ANDESITE [26401]",11.1,25.6,3.09,13.5,3.66,1.38,4.23,0.66,3.92,0.74,1.9,0.26,1.51,0.22
43.2907,132.4296,"BASALTIC-ANDESITE [26401]",10.7,25.3,3.41,16.8,4.78,1.82,5.12,0.75,4.2,0.75,1.85,0.24,1.48,0.2
43.2916,132.4421,"BASALTIC-ANDESITE [26401]",10.6,25.8,3.45,17,4.86,1.88,5.14,0.76,4.12,0.78,1.88,0.26,1.46,0.21
43.2916,132.4421,"BASALTIC-ANDESITE [26401]",11.9,28.8,3.8,18.4,5.41,1.99,5.65,0.82,4.56,0.82,2.05,0.27,1.6,0.22
43.2916,132.4421,"BASALTIC-ANDESITE [26401]",11.6,28.1,3.68,18.2,5.2,1.95,5.5,0.85,4.46,0.82,2.02,0.28,1.62,0.21
43.323,132.3798,"BASALTIC-ANDESITE [26401]",5.65,12.5,2.09,11.4,3.78,1.56,4.32,0.66,3.6,0.66,1.67,0.22,1.36,0.18
43.323,132.3798,"BASALTIC-ANDESITE [26401]",5.4,12.7,2.1,11.5,3.75,1.56,4.23,0.65,3.51,0.63,1.66,0.21,1.38,0.2
43.323,132.3798,"BASALTIC-ANDESITE [26401]",11.8,29.1,4.05,19.6,5.37,1.94,5.48,0.82,4.21,0.75,1.92,0.24,1.53,0.21
43.323,132.3798,"BASALTIC-ANDESITE [26401]",5.3,13.2,2.12,11.7,3.91,1.58,4.38,0.64,3.69,0.66,1.62,0.22,1.4,0.19
43.323,132.3798,"BASALTIC-ANDESITE [26401]",12.2,30.2,4.27,20.3,5.76,1.97,5.65,0.82,4.35,0.78,1.91,0.25,1.47,0.22
43.323,132.3798,"BASALTIC-ANDESITE [26401]",11.7,29.4,4.03,19.7,5.36,1.95,5.33,0.77,4.19,0.72,1.92,0.25,1.49,0.22
43.323,132.3798,"BASALTIC-ANDESITE [26401]",12.3,30.6,4.26,20.5,5.49,1.96,5.65,0.79,4.28,0.76,1.91,0.24,1.54,0.22
43.323,132.3798,"BASALTIC-ANDESITE [26401]",12.1,30.4,4.16,20.5,5.57,2,5.47,0.78,4.32,0.77,1.89,0.27,1.5,0.22
43.323,132.3798,"BASALTIC-ANDESITE [26401]",7.71,19,2.69,13.4,3.89,1.58,3.83,0.54,2.96,0.54,1.31,0.17,1.05,0.14
43.323,132.3798,"BASALTIC-ANDESITE [26401]",8.19,20.1,2.89,14.6,4.19,1.72,4.12,0.59,3.26,0.55,1.41,0.19,1.17,0.15
12.28,93.52,"BASALTIC-ANDESITE [13319]",6.7,16,2.28,10.7,3.1,1.28,3.09,0.55,3.8,0.78,2.24,0.36,2.23,0.33
12.28,93.52,"BASALTIC-ANDESITE [13319]",5,12.7,1.88,9.1,2.58,0.92,3.2,0.57,3.5,0.79,2.33,0.38,2.33,0.35
-22.5,-44.8,"BASALTIC-ANDESITE [26430]",53.54,115.67,14.99,62.26,12.52,4.03,11.87,1.74,9.46,1.78,4.63,0.65,3.75,0.55
29.5,-9,"BASALTIC-ANDESITE [26444]",46.59,100.5,12.97,52.34,9.68,2.79,7.42,1.01,5.4,0.96,2.55,0.36,2.33,0.35
32.7939,-6.123,"BASALTIC-ANDESITE [26456]",5.49,15.31,2.26,11.55,3.45,1.24,4.45,0.73,4.69,0.98,2.92,0.42,2.65,0.38
32.794,-6.1231,"BASALTIC-ANDESITE [26456]",5.59,15.4,2.18,11.4,3.29,1.09,4.1,0.66,4.43,0.92,2.65,0.38,2.52,0.36
32.794,-6.1231,"BASALTIC-ANDESITE [26456]",6.46,17.98,2.6,13.62,3.92,0.98,5,0.82,5.36,1.08,3.22,0.46,2.94,0.42
32.794,-6.1232,"BASALTIC-ANDESITE [26456]",6.48,17.88,2.57,13.62,3.83,1.33,5.02,0.78,5.2,1.07,3.08,0.45,2.8,0.41
32.794,-6.1233,"BASALTIC-ANDESITE [26456]",5.59,15.75,2.27,11.75,3.35,1.1,4.32,0.7,4.5,0.93,2.77,0.4,2.53,0.38
32.7944,-6.1237,"BASALTIC-ANDESITE [26456]",5.37,15.49,2.23,11.98,3.55,1.07,4.57,0.77,5.04,1.03,3.01,0.43,2.87,0.42
32.7946,-6.124,"BASALTIC-ANDESITE [26456]",7.76,22.07,3.15,4.89,16.49,1.66,6.36,1.05,6.91,1.44,4.23,0.59,3.93,0.56
40.8,119.5,"BASALTIC-ANDESITE [26460]",38.6,81.46,10.46,41.66,7.18,1.97,5.55,0.61,3.19,0.55,1.46,0.19,1.12,0.16
40.8,119.5,"BASALTIC-ANDESITE [26460]",33.92,71.7,8.96,34.78,5.8,1.5,4.26,0.44,2.31,0.39,1.02,0.13,0.8,0.12
40.8,119.5,"BASALTIC-ANDESITE [26460]",21.2,45.02,6.01,25.04,4.75,1.39,4.1,0.49,2.82,0.52,1.44,0.19,1.15,0.17
40.8,119.5,"BASALTIC-ANDESITE [26460]",22.18,47.34,6.39,26.52,4.96,1.45,4.14,0.5,2.86,0.53,1.46,0.19,1.18,0.17
40.8,119.5,"BASALTIC-ANDESITE [26460]",21.32,45.14,5.97,24.84,4.79,1.45,4.17,0.5,2.89,0.54,1.48,0.2,1.23,0.18
40.8,119.5,"BASALTIC-ANDESITE [26460]",19.91,41.2,5.15,20.9,3.88,1.14,3.3,0.41,2.37,0.45,1.26,0.17,1.06,0.16
40.8,119.5,"BASALTIC-ANDESITE [26460]",26.12,52.78,6.31,24.4,4.3,1.22,3.68,0.45,2.68,0.51,1.45,0.2,1.27,0.19
40.8,119.5,"BASALTIC-ANDESITE [26460]",27.74,58.28,6.99,26.94,4.65,1.31,3.8,0.46,2.68,0.51,1.42,0.19,1.22,0.18
50.0194,126.0861,"BASALTIC-ANDESITE [26492]",37.6,77.6,9.26,38.7,7.79,2.38,6.18,0.82,3.87,0.67,1.5,0.2,1.2,0.14
50.0003,126.0747,"BASALTIC-ANDESITE [26492]",34.4,69,8.65,37.7,8.15,2.28,6.26,0.87,4.16,0.69,1.62,0.2,1.15,0.15
49.8417,126.2081,"BASALTIC-ANDESITE [26492]",39.2,77.2,9.04,38,7.77,2.2,6.19,0.83,4.01,0.66,1.58,0.19,1.11,0.15
49.8606,126.2244,"BASALTIC-ANDESITE [26492]",40.3,79.5,9.53,40.5,8.27,2.27,6.19,0.81,3.92,0.62,1.53,0.19,1.08,0.15
49.8839,126.3522,"BASALTIC-ANDESITE [26492]",15.5,35.5,4.87,22.9,6.02,1.75,4.91,0.72,3.56,0.59,1.48,0.19,1.14,0.15
49.3886,128.9514,"BASALTIC-ANDESITE [26492]",33.7,66,7.9,33.3,6.9,2.05,6.19,0.78,4.05,0.69,1.66,0.21,1.19,0.16
48.785,128.7125,"BASALTIC-ANDESITE [26492]",36.1,69.7,8.2,33.8,7.3,2.12,6.06,0.81,4.15,0.68,1.63,0.22,1.24,0.17
48.7417,128.4503,"BASALTIC-ANDESITE [26492]",38.5,74.9,9,36.1,7.6,2.19,6.25,0.82,4.11,0.65,1.56,0.2,1.17,0.15
48.7444,128.4467,"BASALTIC-ANDESITE [26492]",36.9,71.9,8.7,35.5,7.4,2.27,6.16,0.78,3.97,0.68,1.65,0.2,1.16,0.15
48.7775,128.4297,"BASALTIC-ANDESITE [26492]",36.4,71.7,8.7,37,7.9,2.3,6.31,0.86,4.18,0.71,1.75,0.2,1.33,0.17
48.8011,128.6181,"BASALTIC-ANDESITE [26492]",38.9,77.1,9,36.2,7.6,2.32,6.25,0.78,4.05,0.66,1.64,0.2,1.16,0.14
49.1019,128.8486,"BASALTIC-ANDESITE [26492]",36.4,71.8,8.3,33.8,7.4,2.23,6.12,0.84,4.22,0.7,1.75,0.22,1.28,0.15
48.78,128.7303,"BASALTIC-ANDESITE [26492]",61.5,117.7,13.7,53.2,9.5,2.68,7.29,0.91,4.43,0.7,1.62,0.19,1.04,0.14
33.4985,75.2019,"BASALTIC-ANDESITE [26498]",37.4,76.6,9.3,35.1,8.4,2.2,8.94,1.45,8.71,1.78,4.89,0.72,4.43,0.66
33.5152,75.202,"BASALTIC-ANDESITE [26498]",19.1,42,5.5,21.7,5.6,1.18,6.1,1.03,6.43,1.32,3.75,0.55,3.35,0.49
33.5027,75.1998,"BASALTIC-ANDESITE [26498]",33.1,65.6,7.7,27.5,6.2,1.83,6.22,0.99,5.96,1.23,3.43,0.51,3.23,0.47
33.5102,75.1883,"BASALTIC-ANDESITE [26498]",27.4,55.6,6.7,25.1,6.1,1.52,6.38,1.06,6.51,1.31,3.69,0.53,3.35,0.5
33.5105,75.1783,"BASALTIC-ANDESITE [26498]",18.9,38.3,4.5,16.3,4,0.89,4.07,0.64,3.94,0.8,2.24,0.33,2.07,0.31
33.5047,75.1973,"BASALTIC-ANDESITE [26498]",34.3,70.9,8.4,30.5,7.2,1.83,7.36,1.19,7.14,1.46,4,0.6,3.74,0.56
43.7142,130.8806,"BASALTIC-ANDESITE [26501]",18,40.3,5.29,22.9,5.42,1.28,5.35,0.91,5.38,1.1,3.09,0.48,3.04,0.47
43.7142,130.8806,"BASALTIC-ANDESITE [26501]",19,41.4,5.37,24.1,5.26,1.29,5.61,0.96,5.73,1.15,3.27,0.48,3.3,0.46
43.6461,130.765,"BASALTIC-ANDESITE [26501]",20.6,46.8,6.13,27.5,6.26,1.63,6.62,1.04,6.38,1.35,3.6,0.56,3.74,0.51
-31.5,159,"BASALTIC-ANDESITE [26512]",27.24,47.44,8.31,32.08,8.01,2.37,6.84,0.93,5.31,0.96,2.48,0.32,1.9,0.27
-31.5,159,"BASALTIC-ANDESITE [26512]",52.49,102.36,13.81,58.58,12.74,4.09,11.5,1.49,8.1,1.33,3.16,0.38,2.27,0.29
-30.158,-68.5945,"BASALTIC-ANDESITE [26539]",25.9,58.5,8.49,34.9,7.79,2.46,7.55,1.17,6.37,1.25,3.69,0.546,3.47,0.485
-30.1492,-68.5344,"BASALTIC-ANDESITE [26539]",16.5,34.8,4.85,20.6,4.6,1.83,4.76,0.76,4.28,0.86,2.57,0.382,2.42,0.358
-30.1358,-68.5461,"BASALTIC-ANDESITE [26539]",25.8,54.9,7.69,32.4,6.93,2.27,6.55,1.02,5.57,1.13,3.29,0.502,3.18,0.458
-30.1381,-68.5969,"BASALTIC-ANDESITE [26539]",26.8,56.4,7.9,33.1,7.23,2.37,6.82,1.07,5.74,1.15,3.39,0.502,3.26,0.466
-30.1634,-68.5865,"BASALTIC-ANDESITE [26539]",26.8,54.6,7.65,31.9,6.53,2.06,6.34,0.94,4.9,0.95,2.65,0.368,2.28,0.347
-30.1451,-68.5941,"BASALTIC-ANDESITE [26539]",24.8,55.3,7.98,34.6,7.52,2.37,7.22,1.13,6.1,1.21,3.55,0.514,3.22,0.461
-30.1436,-68.5925,"BASALTIC-ANDESITE [26539]",28.9,57.6,7.46,29.2,5.78,1.93,4.96,0.73,3.88,0.75,2.17,0.331,2.16,0.305
-30.1569,-68.5955,"BASALTIC-ANDESITE [26539]",25.9,55.3,7.73,32.5,7.14,2.34,6.82,1.09,5.82,1.16,3.51,0.519,3.31,0.48
-30.1411,-68.5933,"BASALTIC-ANDESITE [26539]",31.8,62.9,7.45,28.1,6.4,2.02,5.43,0.73,3.86,0.75,2.27,0.335,2.13,0.333
-30.1509,-68.5499,"BASALTIC-ANDESITE [26539]",33.7,70.8,8.14,33.9,6.7,2.03,5.2,0.8,4.2,0.8,2.3,0.36,2.5,0.42
-30.1572,-68.6454,"BASALTIC-ANDESITE [26539]",33.7,70.8,8.14,33.9,6.7,2.03,5.2,0.8,4.2,0.8,2.3,0.36,2.5,0.42
-29.5753,-68.5939,"BASALTIC-ANDESITE [26539]",33.2,68.9,8.19,33.2,6.4,2.1,5.4,0.8,4.7,0.9,2.6,0.4,2.7,0.44
-29.5411,-68.6458,"BASALTIC-ANDESITE [26539]",24.9,58,7.36,32.2,7.2,2.16,6.2,0.9,5.2,1,3,0.45,3,0.48
-31.3433,-65.1536,"BASALTIC-ANDESITE [26539]",16.4,33,4.56,19.5,4.5,1.32,3.8,0.6,3.2,0.6,1.7,0.25,1.7,0.25
-29.5638,-65.1047,"BASALTIC-ANDESITE [26539]",22.5,48.6,6.29,26.8,5.6,1.52,4.7,0.7,3.9,0.7,2,0.29,1.8,0.25
-29.5646,-68.9394,"BASALTIC-ANDESITE [26539]",21.6,45.7,5.84,22.2,4.9,1.63,4.3,0.7,3.8,0.7,2.2,0.33,2.2,0.35
45.5,85,"BASALTIC-ANDESITE [26549]",18.69,38.45,5.17,22.38,5.9,1.86,5.75,0.88,4.4,0.75,1.71,0.21,1.14,0.15
45.5,85,"BASALTIC-ANDESITE [26549]",18.24,37.42,5.01,21.51,5.65,1.78,5.42,0.82,4.17,0.7,1.58,0.19,1.05,0.14
45.5,85,"BASALTIC-ANDESITE [26549]",18.1,37.19,5,21.6,5.68,1.78,5.46,0.83,4.16,0.71,1.59,0.19,1.06,0.14
-43.8063,-70.056,"BASALTIC-ANDESITE [26569]",21.9,42.6,5.49,21.5,4.7,1.44,4.7,0.8,4.4,0.9,2.6,0.36,2.3,0.33
-43.8063,-70.056,"BASALTIC-ANDESITE [26569]",17.1,38.3,4.79,18.4,4,1.33,3.9,0.7,3.7,0.7,2.1,0.31,1.9,0.26
-43.8063,-70.056,"BASALTIC-ANDESITE [26569]",18,37.9,4.48,17.4,3.8,1.27,3.7,0.6,3.4,0.7,2,0.29,1.8,0.26
-43.8063,-70.056,"BASALTIC-ANDESITE [26569]",20.2,46.4,5.88,22.6,5,1.55,4.8,0.8,4.5,0.9,2.4,0.35,2.2,0.32
-43.8063,-70.056,"BASALTIC-ANDESITE [26569]",12.9,30.4,3.98,16.9,4.3,1.43,4.4,0.7,4.3,0.9,2.5,0.37,2.2,0.33
40.8326,32.9082,"BASALTIC-ANDESITE [26631]",6.8,14.6,1.78,7.9,1.98,0.78,2.5,0.44,2.82,0.6,1.76,0.27,1.58,0.27
40.8374,33.129,"BASALTIC-ANDESITE [26631]",6.6,15.9,2.17,9.8,2.47,0.93,3.32,0.57,3.57,0.79,2.24,0.34,2.15,0.34
40.8374,33.129,"BASALTIC-ANDESITE [26631]",6.4,15.8,2.13,9.3,2.55,0.94,3.37,0.6,3.89,0.83,2.47,0.36,2.54,0.38
40.848,33.2363,"BASALTIC-ANDESITE [26631]",4.7,10.7,1.56,7.8,2.41,1.04,3.17,0.57,3.75,0.8,2.37,0.34,1.19,0.35
40.848,33.2363,"BASALTIC-ANDESITE [26631]",5.2,12.8,1.76,8.5,2.56,0.83,3.63,0.65,4.42,0.98,2.82,0.41,1.63,0.41
-35.721,-70.783,"BASALTIC-ANDESITE [26660]",10.18285634,23.01536391,3.045507533,13.3238468,2.985830703,0.937370168,2.76314426,0.408985205,2.434814644,0.490941384,1.339277354,0.201707684,1.33815344,0.198425458
-35.728,-70.79,"BASALTIC-ANDESITE [26660]",9.972798366,22.51146244,3.028924288,13.16810301,3.000860132,0.94079252,2.77916133,0.415349512,2.493700737,0.511369018,1.403127627,0.209679339,1.406415142,0.211483463
-38.748,-71.627,"BASALTIC-ANDESITE [26660]",7.5188736,18.0838224,2.5782624,12.1694832,3.1879008,1.104673885,3.457785456,0.5694192,3.6662976,0.75485088,2.11754088,0.31413312,2.1072744,0.31794336
-38.748,-71.627,"BASALTIC-ANDESITE [26660]",10.00264118,23.5625737,3.364090193,15.44812524,3.955644241,1.309578209,4.312357764,0.688552978,4.340054784,0.900078365,2.518486586,0.376244309,2.515598528,0.381024543
-38.748,-71.627,"BASALTIC-ANDESITE [26660]",10.34544692,24.56011917,3.549138532,16.28416426,4.215482749,1.358048544,4.611821463,0.748077072,4.752986996,0.988846765,2.780728902,0.415911526,2.792203712,0.427587648
-38.748,-71.627,"BASALTIC-ANDESITE [26660]",6.348373413,15.35059118,2.264325317,10.65472278,2.866309285,0.998235154,3.160097089,0.516604542,3.253861055,0.678510688,1.861615748,0.283089846,1.860248497,0.281909486
-38.748,-71.627,"BASALTIC-ANDESITE [26660]",6.309171616,15.22576544,2.226185476,10.33092284,2.753595877,0.962026713,3.019573501,0.490076856,3.075573014,0.643756741,1.796425012,0.2686435,1.800899112,0.27259414
-38.748,-71.627,"BASALTIC-ANDESITE [26660]",7.275352849,17.42260847,2.58410873,12.10747517,3.256299007,1.077081198,3.605534851,0.586455829,3.71314689,0.776842656,2.152820178,0.326233664,2.171536853,0.326434919
-38.748,-71.627,"BASALTIC-ANDESITE [26660]",11.59140885,28.233639,4.0192866,18.8594133,4.90903665,1.458499817,5.286201404,0.86837961,5.52138195,1.13797593,3.19364787,0.4767252,3.17474325,0.48124587
-38.695,-71.625,"BASALTIC-ANDESITE [26660]",7.840612573,18.89306619,2.725018554,12.69102686,3.318704514,1.084031023,3.63455023,0.582010136,3.67491609,0.758928552,2.107486209,0.319600942,2.09769039,0.317621988
-38.65,-71.663,"BASALTIC-ANDESITE [26660]",10.8201408,26.060832,3.7976736,17.9176032,4.6830336,1.467224808,4.997172648,0.8249472,5.2475808,1.08868032,3.03386832,0.45580416,3.0456384,0.46163712
-38.65,-71.663,"BASALTIC-ANDESITE [26660]",7.952623581,19.47277924,2.834339953,13.42042893,3.541418382,1.179074963,3.876630243,0.63034435,4.039587275,0.835437269,2.328136077,0.349119974,2.334162314,0.354543587
-39.355,-71.973,"BASALTIC-ANDESITE [26660]",7.204978176,17.337599,2.548537735,11.85744893,3.124142052,1.005405076,3.468061411,0.563298294,3.570731609,0.745705317,2.091130787,0.316582374,2.111872391,0.316582374
-39.376,-71.97,"BASALTIC-ANDESITE [26660]",7.4214,18.2658,2.6439,12.5076,3.3012,1.054644651,3.565718591,0.59556,3.8031,0.7917,2.21445,0.33264,2.2218,0.33306
-39.376,-71.97,"BASALTIC-ANDESITE [26660]",7.051838595,17.31642293,2.531074598,11.86898135,3.147542416,1.016272704,3.456830738,0.573789277,3.615820854,0.762878924,2.111698655,0.319891473,2.13590292,0.320286645
-39.376,-71.97,"BASALTIC-ANDESITE [26660]",7.168787128,17.59178717,2.562122536,12.04118269,3.192737836,1.025770325,3.504303135,0.57231313,3.654792442,0.769231681,2.147661538,0.325421291,2.15955994,0.323834838
-39.376,-71.97,"BASALTIC-ANDESITE [26660]",7.715866941,19.83619112,2.738668925,12.93708479,3.377960566,1.082036811,3.70328897,0.614486319,3.880117092,0.810508867,2.277955437,0.341829442,2.280879642,0.346266167
-39.376,-71.97,"BASALTIC-ANDESITE [26660]",7.284382383,17.44594341,2.521595129,11.69158612,3.060050173,0.985209487,3.34606712,0.541096521,3.425793221,0.713605326,1.984359229,0.298486966,1.986391135,0.301534824
-39.376,-71.97,"BASALTIC-ANDESITE [26660]",7.066617413,16.92696769,2.480454092,11.40096805,3.007872788,0.964235049,3.263500423,0.531185972,3.352875995,0.698730633,1.949565536,0.290675116,1.954225062,0.292459615
-39.312,-71.979,"BASALTIC-ANDESITE [26660]",8.8299666,21.845187,3.1117905,14.66718435,3.8636325,1.193498885,4.172464387,0.688561965,4.40454105,0.916203015,2.569315613,0.386572095,2.57923575,0.389913615
-39.394,-71.854,"BASALTIC-ANDESITE [26660]",8.732321189,21.06692589,3.097722595,14.34480755,3.781191565,1.171522892,4.154152592,0.670201631,4.187252541,0.876649464,2.41767097,0.36645998,2.41023322,0.360429371
-39.394,-71.854,"BASALTIC-ANDESITE [26660]",8.608708291,21.14385138,3.07832488,14.45713292,3.818457839,1.185567959,4.149543879,0.678291611,4.271961058,0.891889664,2.482390239,0.369281193,2.469727487,0.369673836
-39.398,-71.951,"BASALTIC-ANDESITE [26660]",7.3358775,17.959893,2.6201049,12.3991938,3.246516,1.04504936,3.540359149,0.58749453,3.7647099,0.77978817,2.19451995,0.32694081,2.2101282,0.33110301
-39.341,-71.838,"BASALTIC-ANDESITE [26660]",8.286470273,20.05140656,2.944681022,13.70704698,3.649828718,1.132757051,4.02312494,0.656890382,4.140280607,0.858192322,2.385782533,0.358482907,2.383320426,0.361043499
-39.362,-71.823,"BASALTIC-ANDESITE [26660]",6.888728034,17.01638086,2.46727501,11.63687954,3.09461626,0.989133193,3.416526928,0.562803268,3.58967469,0.753611213,2.10780647,0.314873196,2.11652511,0.319082195
-39.368,-71.781,"BASALTIC-ANDESITE [26660]",8.769755818,21.29626924,3.094738752,14.56441485,3.758751641,1.160137499,4.101722391,0.664611099,4.225355293,0.886945745,2.445581406,0.368098437,2.468612484,0.370690679
-39.368,-71.781,"BASALTIC-ANDESITE [26660]",11.18680521,26.97657847,3.935190515,18.40983004,4.735706697,1.382867124,5.085011072,0.829106045,5.287082638,1.101118176,3.086582099,0.460705231,3.091789538,0.461930511
-39.928,-72.003,"BASALTIC-ANDESITE [26660]",12.55924068,29.7399396,4.19889435,19.7374779,5.089487865,1.54855352,5.377250651,0.869465321,5.45053929,1.124340882,3.10477481,0.454389905,3.02213415,0.450110777
-40.49,-72.191,"BASALTIC-ANDESITE [26660]",11.37136285,25.44203948,3.444646675,15.17054626,3.686376266,1.210444071,3.82599248,0.613993162,3.831414021,0.800729271,2.223710798,0.333385395,2.238013132,0.342450254
-40.49,-72.191,"BASALTIC-ANDESITE [26660]",8.896531872,20.44669836,2.863344347,13.00200306,3.310993956,1.135397401,3.540141564,0.579928052,3.627574986,0.756568168,2.132082497,0.317790894,2.105163027,0.319807333
-40.774,-72.182,"BASALTIC-ANDESITE [26660]",10.65643993,24.60259878,3.34796181,14.9222293,3.727544762,1.210187109,3.925075385,0.626211453,3.956499559,0.815199579,2.260928619,0.341624657,2.267455839,0.338612094
-40.774,-72.182,"BASALTIC-ANDESITE [26660]",9.509245283,21.34478662,2.989494493,13.48843591,3.387413556,1.144973225,3.639350993,0.583206503,3.662895983,0.755638096,2.103359351,0.312009357,2.063057292,0.310989052
-40.774,-72.182,"BASALTIC-ANDESITE [26660]",8.828436778,20.30778209,2.845070739,12.86621823,3.26509511,1.100141439,3.481636955,0.554749169,3.494919766,0.718400174,1.980058285,0.296790806,1.960443939,0.294809558
-40.777,-72.199,"BASALTIC-ANDESITE [26660]",9.160139209,21.23549321,2.948610112,13.3266962,3.351318355,1.123434973,3.563618066,0.572042148,3.594907732,0.739411623,2.045364989,0.308415581,2.050865394,0.304290277
-40.777,-72.199,"BASALTIC-ANDESITE [26660]",8.335860062,19.11474837,2.58685329,11.52597953,2.828559273,0.963878058,2.972384489,0.47182606,2.95240862,0.607860584,1.695397678,0.2592846,1.725700817,0.2592846
-40.777,-72.199,"BASALTIC-ANDESITE [26660]",8.747507011,20.80065299,2.846299575,12.88356742,3.257498598,1.093678502,3.463738365,0.554015464,3.478141976,0.721102676,1.974156478,0.295862711,1.945874008,0.289443995
-40.777,-72.199,"BASALTIC-ANDESITE [26660]",8.924782197,20.77285754,2.881588556,13.10119897,3.334381244,1.12257665,3.547793144,0.570359913,3.588580648,0.738369831,2.054546823,0.308415371,2.037567097,0.304046318
-41.128,-72.539,"BASALTIC-ANDESITE [26660]",5.731234565,14.07825316,2.058387128,9.941571871,2.75911466,0.97284605,3.086182092,0.512407008,3.246836949,0.676640024,1.879064582,0.281485435,1.879223838,0.283675209
-41.145,-72.512,"BASALTIC-ANDESITE [26660]",5.292251146,12.9403819,1.908242535,9.066446083,2.535413195,0.891639421,2.835961144,0.464792505,2.972278254,0.619789835,1.723761802,0.259126809,1.720929161,0.259924736
-41.145,-72.512,"BASALTIC-ANDESITE [26660]",5.235741,13.00209015,1.91168397,9.1902153,2.54337825,0.897338993,2.839011198,0.47036535,3.01161525,0.624670725,1.741490462,0.26136138,1.730135715,0.258594525
-41.144,-72.532,"BASALTIC-ANDESITE [26660]",5.632318679,13.68021363,1.998486771,9.535487341,2.637004099,0.918767164,2.910539809,0.482511361,3.073820809,0.637108242,1.793957915,0.26671988,1.777058946,0.268128966
-41.144,-72.532,"BASALTIC-ANDESITE [26660]",7.188007825,17.70317246,2.575223339,12.44162216,3.408500536,1.188097789,3.764913213,0.627140291,4.007666521,0.827920415,2.310757028,0.345214839,2.257784406,0.342238849
-41.144,-72.532,"BASALTIC-ANDESITE [26660]",5.293116972,13.08073706,1.917289009,9.184939364,2.552145021,0.899460257,2.832649138,0.476837687,3.005329651,0.622731336,1.754013345,0.261177458,1.746152182,0.261177458
-41.145,-72.525,"BASALTIC-ANDESITE [26660]",7.093864867,17.07293574,2.467688139,11.57627365,3.107750905,1.051113788,3.407312048,0.563058291,3.564657249,0.744048347,2.093596071,0.311956745,2.071833937,0.313926169
-41.146,-72.582,"BASALTIC-ANDESITE [26660]",5.809738575,13.83814109,1.978992217,9.330792257,2.512751946,0.901409718,2.785212539,0.464539014,2.936878866,0.611983137,1.715643409,0.257076931,1.694707144,0.256676811
-8.038,156.9558,"BASALTIC-ANDESITE [13436] / NOT GIVEN [15727]",16.7520233,35.663168,5.5286165,22.6166945,5.372298,1.7261775,5.3988205,0.7504537,3.7504387,0.8502043,2.4681906,0.342665,2.3323423,0.3673117
-8.0208,156.9581,"BASALTIC-ANDESITE [13436] / NOT GIVEN [15727]",14.51089283,28.17217355,4.124563721,17.38902618,3.71073218,1.124340658,3.34854429,0.464457587,2.57362387,0.501138972,1.364968162,0.200022044,1.307100892,0.202181889
-8.7508,158.1514,"BASALTIC-ANDESITE [13436] / NOT GIVEN [22047]",4.8011125,10.548997,1.5369496,7.464489,2.2863645,0.796870156,2.820952032,0.50108536,3.4057759,0.7458523,2.18816008,0.32547652,2.2015911,0.3397556
-6.8596,156.07,"BASALTIC-ANDESITE [13436] / NOT GIVEN [15727]",2.237759354,6.351119416,1.064379276,5.526850069,1.913912692,0.689240002,2.63418132,0.479718214,3.312967534,0.702232031,2.015059798,0.303277955,2.04729953,0.292724924
-7.7097,156.7239,"BASALTIC-ANDESITE [13436] / NOT GIVEN [22047]",15.9679786,36.0364464,5.8171138,24.8243634,6.78511,2.2945833,7.7348092,1.1719105,6.2469665,1.507459,4.5128433,0.6482897,4.4868689,0.7185297
-7.7009,156.7177,"BASALTIC-ANDESITE [13436] / NOT GIVEN [15727]",6.337150024,15.0322957,2.224938826,10.57637448,2.937554205,0.991951995,3.451793485,0.577803099,3.800568388,0.793229992,2.257828218,0.34273444,2.342023198,0.356155436
-8.008,157.419,"BASALTIC-ANDESITE [13436] / NOT GIVEN [15727]",7.892236,16.733202,2.689484,11.513672,3.016808,1.043287,3.436638,0.511943,2.744698,0.664652,1.982142,0.279729,1.934118,0.309348
-9.1036,159.1881,"BASALTIC-ANDESITE [13436] / NOT GIVEN [15727]",4.082424478,9.59625445,1.454866072,6.951442629,1.920088474,0.662736732,2.212301318,0.373695075,2.459750102,0.512927872,1.469274149,0.22195179,1.523175096,0.232214364
-9.3432,159.8246,"BASALTIC-ANDESITE [13436] / NOT GIVEN [15727]",7.557379171,17.23271019,2.520974665,11.58746144,3.032464318,1.040620077,3.5282034,0.598576945,3.906570741,0.823040223,2.382150406,0.363260392,2.512674209,0.384060063
-11.6256,166.96,"BASALTIC-ANDESITE [13436] / NOT GIVEN [22047]",3.56785744,7.423551035,1.19644089,6.017980743,1.813399841,0.6730301,2.451388979,0.422945734,2.881907072,0.635467215,1.85306542,0.275774335,1.861403416,0.290905779
-28.70681423,-70.81166832,"BASALTIC-ANDESITE [26672]",10.8,21.4,2.37,8.97,2.04,0.628,2.42,0.44,2.82,0.61,1.9,0.302,2.19,0.371
-10.6637,165.9625,"BASALTIC-ANDESITE [13436] / NOT GIVEN [15727]",8.863702726,21.66727527,3.172164821,14.60196702,3.801399191,1.196998373,4.159831439,0.678011096,4.369849696,0.909524113,2.608251648,0.395558701,2.710819355,0.410876343
19.2225,-99.398,"BASALTIC-ANDESITE [7183]",59.51,133.8,17.7,77.97,14.24,3.81,10.11,1.24,5.72,1.01,2.35,0.32,2.12,0.31
19.1963,-99.4043,"BASALTIC-ANDESITE [7183]",31.8,67.95,8.79,38.14,7.62,2.18,6.18,0.88,4.66,0.98,2.31,0.35,2.38,0.35
19.1485,-99.421,"BASALTIC-ANDESITE [7183]",22.27,49.05,6.4,27.94,5.86,1.71,4.8,0.72,4.18,0.87,2.03,0.33,2.05,0.3
19.1718,-99.4515,"BASALTIC-ANDESITE [7183]",23.93,51.99,6.86,30.04,6.34,1.95,5.18,0.77,4.4,0.93,2.26,0.33,2.23,0.33
19.155,-99.3927,"BASALTIC-ANDESITE [7183]",26.89,58.26,7.78,33.64,7.2,2.17,5.45,0.81,4.47,0.94,2.12,0.3,2.2,0.36
19.163,-99.3833,"BASALTIC-ANDESITE [7183]",27.3,59.25,7.85,33.38,7.34,2.14,5.63,0.84,4.62,0.96,2.26,0.32,2.3,0.36
-0.3905,-78.9408,"BASALTIC-ANDESITE [13538] / ANDESITE [13522]",6.5,11.5,1.7,7.9,2.2,0.7,2.1,0.4,2.3,0.5,1.4,0.2,1.4,0.2
-0.3876,-78.9417,"BASALTIC-ANDESITE [13538] / ANDESITE [13522]",7.2,10.8,1.5,7,1.8,0.5,2,0.3,2,0.4,1.2,0.2,1.2,0.2
8.963792412,-82.79064599,"BASALTIC-ANDESITE [26749]",12.033,23.823,3.623,17.02,4.515,1.441,4.892,0.792,4.719,0.989,2.723,0.407,2.511,0.377
9.469647351,-83.49370143,"BASALTIC-ANDESITE [26749]",13.16,24.75,3.545,15.598,3.788,1.309,3.961,0.637,3.757,0.786,2.204,0.336,2.112,0.323
8.648677,-80.443318,"BASALTIC-ANDESITE [26749]",15.172,30.027,3.981,16.855,3.851,1.186,3.889,0.605,3.553,0.741,2.101,0.325,2.085,0.325
9.048508,-79.687417,"BASALTIC-ANDESITE [26749]",17.989,36.706,4.89,21.291,5.178,1.704,5.625,0.923,5.525,1.149,3.204,0.488,3.045,0.467
8.917550891,-82.80234914,"BASALTIC-ANDESITE [26749]",24.474,48.972,5.852,22.872,4.112,1.268,3.382,0.465,2.438,0.452,1.172,0.165,1.023,0.155
8.76503885,-82.93076648,"BASALTIC-ANDESITE [26749]",43.588,83.083,10.012,37.408,6.131,1.644,4.524,0.518,2.441,0.427,1.092,0.154,0.95,0.144
16.677,-62.175,"BASALTIC-ANDESITE [13520]",10.4,23.12,2.57,11.38,2.39,0.91,2.84,0.47,2.63,0.6,1.65,0.25,1.61,0.24
-23,121,"BASALTIC-ANDESITE [9367]",16.36,32.5,3.88,15.33,3.44,0.99,3.69,0.595,3.9,0.825,2.38,0.338,2.2,0.331
-23,121,"BASALTIC-ANDESITE [9367]",16.43,33.02,3.91,15.3,3.44,1.02,3.64,0.608,3.84,0.815,2.33,0.339,2.18,0.327
-23,121,"BASALTIC-ANDESITE [9367]",16.9,33.9,3.96,15.65,3.45,0.99,3.71,0.618,3.87,0.827,2.4,0.346,2.2,0.329
-20,118,"BASALTIC-ANDESITE [9367]",19.24,39.7,4.61,17.31,4.07,0.91,4.32,0.723,4.6,0.975,2.83,0.408,2.65,0.39
-20,118,"BASALTIC-ANDESITE [9367]",22,45.78,5.36,20.26,4.73,1.04,5.03,0.837,5.36,1.136,3.21,0.469,2.97,0.44
37,97.5,"BASALTIC-ANDESITE [26802]",24.82,59.95,7.71,31.09,6.39,1.89,5.9,0.84,4.98,1.01,2.92,0.41,2.66,0.39
37,97.5,"BASALTIC-ANDESITE [26802]",23.2,55.94,7.2,29.46,6.18,1.8,5.83,0.85,5.02,1.02,2.86,0.4,2.57,0.38
37,97.5,"BASALTIC-ANDESITE [26802]",23.22,56.12,7.17,29.12,6.05,1.8,5.65,0.81,4.81,0.98,2.81,0.4,2.61,0.38
37,97.5,"BASALTIC-ANDESITE [26802]",21.09,49.79,5.99,25.78,6.15,1.75,6.88,1.07,6.91,1.44,4.09,0.61,3.92,0.62
39.2436,140.1423,"BASALTIC-ANDESITE [9300]",12.5,28.1,3.49,14.2,3.49,1.09,3.87,0.66,3.92,0.84,2.41,0.36,2.26,0.34
38,139.5,"BASALTIC-ANDESITE [9300]",12.3,28.2,3.69,16.4,4.02,1.26,4.9,0.69,4.55,0.95,2.84,0.41,2.81,0.42
29.72,91.415,"BASALTIC-ANDESITE [26999]",15,32,4.24,19.6,5.17,1.51,5.42,0.92,5.82,1.23,3.47,0.52,3.28,0.5
29.7367,91.2783,"BASALTIC-ANDESITE [26999]",14.6,30.1,3.88,17.9,4.65,1.44,4.78,0.81,5.02,1.02,2.78,0.4,2.63,0.39
-27.42,-69.21,"BASALTIC-ANDESITE [27006]",19,42.9,5.65,19.4,3.47,0.85,2.25,0.22,1.19,0.17,0.55,0.07,0.6,0.08
-27.42,-69.21,"BASALTIC-ANDESITE [27006]",21.6,44.7,5.71,23.1,4.31,1.11,3.2,0.36,1.88,0.27,0.92,0.11,0.76,0.12
-27.42,-69.21,"BASALTIC-ANDESITE [27006]",24.2,48.5,6.15,23.5,3.96,1.03,3.02,0.36,2.03,0.36,1,0.11,1,0.12
30.1,102,"BASALTIC-ANDESITE [9396]",33.5,70.6,9.6,40.65,8.68,2.5,7.8,1.2,7.2,1.4,3.7,0.5,3.2,0.5
42.3,94,"BASALTIC-ANDESITE [27066]",10.5,25.6,3.35,15.5,4.12,1.21,3.97,0.61,3.57,0.72,1.96,0.3,1.95,0.32
42.3,94,"BASALTIC-ANDESITE [27066]",11.7,25.6,3.34,15,3.81,1.2,3.48,0.54,3.11,0.65,1.81,0.28,1.83,0.29
22.1799,85.3139,"BASALTIC-ANDESITE [27078]",22.3,45.2,5.62,21.2,4.58,1.27,4.83,0.77,4.62,0.96,2.66,0.39,2.79,0.41
22.1733,85.3198,"BASALTIC-ANDESITE [27078]",12.5,25.7,2.95,11.5,2.37,0.61,2.37,0.39,2.51,0.52,1.55,0.25,1.54,0.24
22.1806,85.3135,"BASALTIC-ANDESITE [27078]",17,35.7,4.25,17.2,3.75,1.05,3.86,0.62,4.05,0.84,2.54,0.4,2.47,0.37
22.0523,85.3199,"BASALTIC-ANDESITE [27078]",20.1,40.3,4.72,16.9,3.48,0.86,3.57,0.56,3.38,0.72,1.95,0.3,2.01,0.3
22.0519,85.3243,"BASALTIC-ANDESITE [27078]",19.4,38.2,4.46,16.1,3.29,0.82,3.36,0.53,3.14,0.68,1.83,0.28,1.9,0.29
22.2031,85.3777,"BASALTIC-ANDESITE [27078]",15.2,33,3.97,15.9,3.59,0.92,3.75,0.62,4,0.81,2.48,0.39,2.4,0.36
21.9045,85.436,"BASALTIC-ANDESITE [27078]",6.8,15.9,1.94,7.9,1.87,0.51,2.04,0.35,2.39,0.5,1.6,0.26,1.69,0.27
21.906,85.4347,"BASALTIC-ANDESITE [27078]",18.2,38.2,4.54,18.1,4,1.06,4.18,0.68,4.41,0.9,2.71,0.42,2.53,0.38
21.9016,85.4336,"BASALTIC-ANDESITE [27078]",16.6,34.9,4.15,16.6,3.72,1,3.84,0.65,4.01,0.81,2.44,0.37,2.34,0.34
21.973,85.4557,"BASALTIC-ANDESITE [27078]",10.5,21.4,2.58,10.4,2.38,0.68,2.64,0.45,3.02,0.63,1.95,0.32,1.99,0.31
22.0756,85.4775,"BASALTIC-ANDESITE [27078]",15.2,31.2,3.82,14.2,3.06,0.89,3.27,0.52,3.24,0.69,1.89,0.29,1.98,0.29
22.0753,85.477,"BASALTIC-ANDESITE [27078]",14.7,30,3.67,13.7,2.97,0.83,3.14,0.5,3.15,0.67,1.82,0.28,1.92,0.28
22.0753,85.477,"BASALTIC-ANDESITE [27078]",13.6,27.9,3.41,12.8,2.82,1.05,3.05,0.49,3.06,0.66,1.78,0.28,1.82,0.28
22.1696,85.5223,"BASALTIC-ANDESITE [27078]",15.2,33.6,4.33,16.6,3.69,1.68,3.86,0.62,3.76,0.78,2.15,0.33,2.14,0.31
22.1696,85.5223,"BASALTIC-ANDESITE [27078]",21,43.6,5.31,19.8,4.08,1,4.2,0.65,3.82,0.8,2.16,0.33,2.2,0.33
22.1765,85.5588,"BASALTIC-ANDESITE [27078]",16.8,35.1,4.28,15.9,3.35,0.88,3.58,0.58,3.56,0.76,2.11,0.32,2.13,0.33
22.1691,85.5668,"BASALTIC-ANDESITE [27078]",17.7,36,4.45,16.7,3.56,0.91,4.06,0.63,3.87,0.83,2.23,0.34,2.28,0.35
22.1428,85.5249,"BASALTIC-ANDESITE [27078]",13.7,28.4,3.51,13.1,2.88,0.84,3.13,0.51,3.17,0.7,1.89,0.29,1.94,0.3
22.1242,85.5385,"BASALTIC-ANDESITE [27078]",14.4,29.5,3.6,13.5,2.87,0.78,3.22,0.5,3.17,0.67,1.88,0.3,1.95,0.3
22.1174,85.5438,"BASALTIC-ANDESITE [27078]",25.8,52.4,6.32,23.5,4.82,1.24,4.99,0.75,4.34,0.86,2.22,0.33,2.17,0.32
22.1601,85.5615,"BASALTIC-ANDESITE [27078]",14.5,30.5,3.56,13.9,3.02,0.83,3.2,0.54,3.41,0.7,2.11,0.34,2.07,0.31
22.1525,85.5392,"BASALTIC-ANDESITE [27078]",13.6,27.5,3.21,12.4,2.74,0.76,2.92,0.49,3.2,0.66,2.01,0.32,1.95,0.31
22.0805,85.4793,"BASALTIC-ANDESITE [27078]",12.8,25.3,2.96,11.7,2.6,0.84,2.69,0.47,3.03,0.61,1.83,0.3,1.81,0.28
22.0622,85.4727,"BASALTIC-ANDESITE [27078]",19.1,38.5,4.66,17.2,3.58,1,3.87,0.61,3.7,0.81,2.2,0.33,2.3,0.34
22.0563,85.4552,"BASALTIC-ANDESITE [27078]",25,53,6.57,24.7,5.33,1.36,5.87,0.96,5.86,1.27,3.54,0.54,3.65,0.54
22.059164,85.463608,"BASALTIC-ANDESITE [27078]",17,34.6,4.18,15.5,3.29,0.85,3.51,0.55,3.38,0.73,2.04,0.31,2.13,0.31
37.73,46.45,"BASALTIC-ANDESITE [27106]",26.4,51.1,6.19,24.4,5.4,1.28,5.1,0.8,4.5,0.9,2.7,0.42,2.9,0.4
37.73,46.45,"BASALTIC-ANDESITE [27106]",42.2,79.6,9.27,34.7,6.6,1.49,4.9,0.8,4.4,0.9,2.5,0.39,2.5,0.39
37.73,46.45,"BASALTIC-ANDESITE [27106]",24.4,47.7,5.72,23.1,5,1.17,4.9,0.8,4.2,0.9,2.6,0.39,2.6,0.4
37.73,46.45,"BASALTIC-ANDESITE [27106]",48.2,87.6,10.3,41.3,7.3,1.69,5.7,0.9,4.8,0.9,2.8,0.45,2.9,0.44
37.73,46.45,"BASALTIC-ANDESITE [27106]",17.5,32.3,4.44,18.3,4.3,1.26,4.4,0.8,4.8,1,2.8,0.42,2.7,0.42
37.73,46.45,"BASALTIC-ANDESITE [27106]",21.9,39.8,5.2,21.7,4.7,1.44,4.7,0.8,4.5,0.9,2.7,0.41,2.7,0.4
37.73,46.45,"BASALTIC-ANDESITE [27106]",16.1,29.3,3.85,15.8,3.6,1.17,3.3,0.6,3.3,0.6,1.8,0.28,1.8,0.28
-23.053,44.2625,"BASALTIC-ANDESITE [27112]",33,72.5,9,37.9,8.8,2.5,8.1,1.3,7.1,1.3,3.5,0.47,2.9,0.44
-27.6,-48.5,"BASALTIC-ANDESITE [27129]",21.7,45,5.48,22.3,5.2,1.32,4.8,0.8,5.2,1,3,0.43,2.8,0.44
-27.6,-48.5,"BASALTIC-ANDESITE [27129]",62.8,133.5,16.59,70,13.92,4.23,13.06,1.89,9.99,1.87,4.69,0.61,3.45,0.51
47.056842,25.398646,"BASALTIC-ANDESITE [27145]",14.1,28.5,3.7,15.8,3.63,1.24,4.28,0.6,3.66,0.77,2.22,0.37,2.14,0.31
46.8973545,25.4788864,"BASALTIC-ANDESITE [27145]",14.7,29.6,3.58,14.2,2.92,0.94,3.11,0.57,3.36,0.66,2.03,0.33,1.73,0.29
46.905886,25.447136,"BASALTIC-ANDESITE [27145]",20.7,42.7,5.41,21.6,4.74,1.05,4.33,0.65,3.89,0.82,2.53,0.36,2.29,0.36
47.028017,25.162758,"BASALTIC-ANDESITE [27145]",13.9,27.2,3.93,14.7,3.5,1.05,3.6,0.57,3.82,0.69,2.2,0.32,1.93,0.31
47.021128,25.160848,"BASALTIC-ANDESITE [27145]",13.7,28.9,3.77,14.8,4.07,0.97,3.56,0.7,3.94,0.82,2.24,0.34,2.38,0.34
47.020526,25.161573,"BASALTIC-ANDESITE [27145]",21,41.9,5.26,20.4,4.57,1.16,4.56,0.68,4.14,0.83,2.36,0.38,2.23,0.37
47.019411,25.162902,"BASALTIC-ANDESITE [27145]",18.6,36.6,4.67,18.4,4.56,1.13,4.25,0.67,4.31,0.88,2.64,0.35,2.66,0.37
47.010311,25.135202,"BASALTIC-ANDESITE [27145]",15.4,30.7,3.9,15,3.66,1.12,4.22,0.71,4.63,0.82,2.61,0.41,2.34,0.36
47.010413,25.132952,"BASALTIC-ANDESITE [27145]",14,28.3,3.8,16.3,3.86,0.89,3.9,0.67,3.94,0.77,2.55,0.36,2.53,0.33
47.010413,25.132952,"BASALTIC-ANDESITE [27145]",13.9,28.2,3.87,15.2,3.57,0.97,4.08,0.69,4.28,0.86,2.57,0.37,2.46,0.36
47.033647,25.149555,"BASALTIC-ANDESITE [27145]",10.8,23.2,3.31,13.1,3.71,1.07,3.95,0.62,4.25,0.76,2.76,0.32,2.33,0.34
47.01498,25.132313,"BASALTIC-ANDESITE [27145]",14.4,29.1,3.84,15.5,3.68,1.02,4.27,0.67,4.16,0.84,2.61,0.41,2.32,0.39
47.006307,25.128884,"BASALTIC-ANDESITE [27145]",15.6,31.4,4.21,16,3.94,1.07,4.55,0.73,4.61,0.96,2.84,0.39,2.73,0.43
47.0454982,25.3805378,"BASALTIC-ANDESITE [27145]",20.6,42.4,5.52,20.3,4.66,0.98,4.26,0.64,4.16,0.84,2.77,0.37,2.35,0.36
47.142415,25.238292,"BASALTIC-ANDESITE [27145]",12.3,25.4,3.43,15.2,3.52,1.2,3.98,0.59,3.8,0.75,2.04,0.4,2.12,0.31
47.139708,25.234184,"BASALTIC-ANDESITE [27145]",14.1,28.6,3.8,16.6,4.24,1.27,4.03,0.65,4.11,0.7,2.29,0.35,1.99,0.33
47.149159,25.191988,"BASALTIC-ANDESITE [27145]",15.4,31.4,4.02,16.6,3.88,1.05,4.3,0.6,3.92,0.73,2.18,0.39,2.02,0.33
47.163529,25.189153,"BASALTIC-ANDESITE [27145]",17.3,35.1,4.52,18.6,4.5,1.06,4.11,0.61,3.75,0.76,2.26,0.43,2.29,0.33
47.05743,24.95995,"BASALTIC-ANDESITE [27145]",11.9,23.9,3.18,13.1,3.2,1.09,3.97,0.62,4.05,0.85,2.62,0.37,2.43,0.37
47.10321,24.71787,"BASALTIC-ANDESITE [27145]",10.3,23.5,2.98,12.4,3.01,1.05,3.52,0.58,3.72,0.79,2.42,0.35,2.27,0.35
46.96826,24.90514,"BASALTIC-ANDESITE [27145]",10.1,27,2.81,11.5,2.68,1.03,2.89,0.48,3.08,0.62,1.9,0.28,1.78,0.26
47.15419,24.76312,"BASALTIC-ANDESITE [27145]",7.3,16.8,2.25,9.7,2.4,0.86,2.68,0.43,2.88,0.6,1.92,0.29,1.82,0.3
47.07908,24.7591,"BASALTIC-ANDESITE [27145]",10.3,22,2.6,10.7,2.46,0.92,2.9,0.47,3.09,0.66,2.01,0.28,1.94,0.31
47.0104,25.1352,"BASALTIC-ANDESITE [27145]",13.6,28.5,3.44,15.3,3.68,1.17,3.91,0.65,4.24,0.9,2.5,0.36,2.24,0.36
46.6144,25.1061,"BASALTIC-ANDESITE [27145]",9.7,21.6,2.93,13,3.23,1.1,3.84,0.62,4.15,0.87,2.57,0.38,2.4,0.38
47.0119,24.87742,"BASALTIC-ANDESITE [27145]",12.8,28.6,3.75,15.6,3.68,1.19,4.15,0.69,4.41,0.91,2.73,0.41,2.58,0.39
46.4845,25.4105,"BASALTIC-ANDESITE [27145]",15,30.6,3.7,14.7,3.01,0.91,2.88,0.47,2.84,0.58,1.75,0.26,1.6,0.25
46.5698,25.22001,"BASALTIC-ANDESITE [27145]",22.3,43.4,5.18,19.9,4.04,1.27,4.05,0.65,4.03,0.83,2.47,0.36,2.45,0.36
46.5859,25.1519,"BASALTIC-ANDESITE [27145]",13.6,28.2,3.61,14.8,3.12,0.97,3.46,0.56,3.36,0.73,2.17,0.32,2.08,0.32
46.5475,25.2752,"BASALTIC-ANDESITE [27145]",20.9,39.4,4.86,19,3.82,1.2,4.15,0.68,4.12,0.85,2.5,0.37,2.23,0.35
46.4269,25.4034,"BASALTIC-ANDESITE [27145]",24.1,47.4,5.69,21.8,4.33,1.38,4.3,0.64,4.21,0.86,2.24,0.34,2.25,0.33
46.6211,25.2936,"BASALTIC-ANDESITE [27145]",20.9,38.4,5,19.7,4.08,1.28,4.11,0.64,4.1,0.84,2.51,0.37,2.31,0.36
46.2086,25.6265,"BASALTIC-ANDESITE [27145]",14.4,28.4,3.24,12.6,2.84,0.86,2.92,0.45,3.13,0.68,1.77,0.26,1.81,0.26
46.3867,25.4433,"BASALTIC-ANDESITE [27145]",21,41.7,5.07,19.7,4.12,1.29,4.12,0.63,4.18,0.89,2.5,0.37,2.47,0.39
46.3145,25.5426,"BASALTIC-ANDESITE [27145]",19.9,40.1,4.62,17.6,3.49,0.99,3.52,0.52,3.54,0.75,2,0.3,1.99,0.32
46.2458,25.6519,"BASALTIC-ANDESITE [27145]",17.1,35,4.08,15.9,3.59,0.98,3.7,0.59,3.99,0.82,2.21,0.34,2.1,0.33
46.1527,25.7811,"BASALTIC-ANDESITE [27145]",23.8,41.4,4.93,18.7,3.82,1.13,4.12,0.63,3.88,0.82,2.34,0.34,2.21,0.34
-2.8764,-78.7641,"BASALTIC-ANDESITE [27183]",16.39,32.56,4.28,17.85,4.04,1.13,3.47,0.52,3.17,0.68,1.96,0.27,1.87,0.29
-2.7705,-78.7519,"BASALTIC-ANDESITE [27183]",13.56,28.73,3.89,16.48,3.64,0.94,3.29,0.5,3.08,0.66,1.9,0.28,1.8,0.28
-1.6821,-78.5012,"BASALTIC-ANDESITE [27183]",4.97,11.72,1.83,9.32,3.03,1.02,3.55,0.64,4.24,0.9,2.64,0.37,2.57,0.4
-1.6606,-78.5165,"BASALTIC-ANDESITE [27183]",12.7,26.18,3.24,13.63,3.1,0.89,2.97,0.49,3.17,0.65,1.95,0.28,1.91,0.29
-1.6113,-78.5125,"BASALTIC-ANDESITE [27183]",6.61,15.01,2.29,11.26,3.27,1.24,3.87,0.62,4.04,0.85,2.38,0.33,2.3,0.34
-1.8919,-78.5538,"BASALTIC-ANDESITE [27183]",4.32,10.1,1.45,6.53,1.86,0.64,2.16,0.36,2.26,0.49,1.43,0.2,1.43,0.21
-1.89,-78.557,"BASALTIC-ANDESITE [27183]",9.62,20.5,2.64,11.44,2.73,0.78,2.61,0.4,2.46,0.53,1.46,0.22,1.48,0.23
-1.8881,-78.5585,"BASALTIC-ANDESITE [27183]",10.12,21.58,2.73,11.65,2.75,0.75,2.7,0.43,2.74,0.59,1.68,0.26,1.73,0.26
-1.8819,-78.5648,"BASALTIC-ANDESITE [27183]",7.73,17.22,2.45,10.85,2.61,0.79,2.66,0.41,2.52,0.53,1.5,0.21,1.42,0.23
-33.9,-70.2,"BASALTIC-ANDESITE [27210]",10.5,26.5,3.88,16.2,3.97,1.36,3.65,0.56,2.97,0.58,1.5,0.21,1.24,0.18
-33.9,-70.2,"BASALTIC-ANDESITE [27210]",25.3,47.5,5.58,19.5,3.53,1.06,2.9,0.43,2.19,0.44,1.17,0.16,0.92,0.13
-33.9,-70.2,"BASALTIC-ANDESITE [27210]",9.48,20.3,2.74,11.9,2.84,0.77,2.78,0.42,2.21,0.42,1.04,0.13,0.71,0.1
-33.9,-70.2,"BASALTIC-ANDESITE [27210]",8.65,19.9,2.85,12.5,3.25,1.01,3.32,0.51,2.82,0.56,1.47,0.2,1.08,0.15
-19.8049,32.89833333,"BASALTIC-ANDESITE [27218]",17.453,32.249,3.836,16.64,3.75,1.008,3.783,0.602,3.938,0.82,2.354,0.341,2.168,0.343
-19.7992,32.9214,"BASALTIC-ANDESITE [27218]",13.175,24.987,2.926,12.043,2.748,0.825,2.97,0.476,3.124,0.658,1.869,0.271,1.72,0.274
-19.79263333,32.9464,"BASALTIC-ANDESITE [27218]",16.206,30.303,3.653,14.814,3.409,0.991,3.702,0.583,3.824,0.796,2.288,0.329,2.109,0.333
-19.8502,32.95821667,"BASALTIC-ANDESITE [27218]",11.818,23.171,2.68,10.926,2.474,0.751,2.667,0.423,2.746,0.574,1.631,0.238,1.537,0.239
-19.86473333,32.95701667,"BASALTIC-ANDESITE [27218]",13.289,25.981,3.182,13.306,3.242,0.941,3.467,0.539,3.424,0.673,1.881,0.266,1.666,0.257
-19.79383333,32.8959,"BASALTIC-ANDESITE [27218]",14.789,27.263,3.248,15.11,3.304,0.9,3.268,0.515,3.38,0.714,2.029,0.294,1.874,0.296
-19.7955,32.89765,"BASALTIC-ANDESITE [27218]",15.493,29.134,3.488,14.231,3.171,0.874,3.352,0.528,3.406,0.706,1.997,0.286,1.848,0.287
-19.60725,32.80111667,"BASALTIC-ANDESITE [27218]",18.863,37.117,4.225,17.133,3.675,1.062,3.846,0.592,3.845,0.79,2.231,0.326,2.207,0.332
-19.43408333,32.51541667,"BASALTIC-ANDESITE [27218]",11.462,25.568,2.953,11.881,2.593,0.758,2.664,0.414,2.671,0.556,1.549,0.226,1.532,0.227
-19.94195,32.33111667,"BASALTIC-ANDESITE [27218]",15.05,31.49,3.725,15.458,3.379,0.953,3.564,0.549,3.548,0.736,2.054,0.296,2.021,0.301
-19.78015,32.42296667,"BASALTIC-ANDESITE [27218]",12.277,26.855,3.1,12.458,2.684,0.768,2.766,0.429,2.794,0.576,1.612,0.236,1.595,0.239
-19.72318333,32.43308333,"BASALTIC-ANDESITE [27218]",18.7,37.309,4.342,18.46,3.99,1.031,3.814,0.589,3.786,0.78,2.211,0.326,2.215,0.337
-19.72318333,32.43308333,"BASALTIC-ANDESITE [27218]",24.145,46.003,5.142,20.074,4.129,0.987,4.088,0.627,3.962,0.825,2.346,0.341,2.362,0.357
-19.68545,32.45793333,"BASALTIC-ANDESITE [27218]",19.303,36.214,4.172,17.12,3.686,1.015,3.822,0.586,3.772,0.791,2.212,0.323,2.197,0.33
-19.83656667,32.82398333,"BASALTIC-ANDESITE [27218]",14.113,30.981,3.604,14.614,3.326,0.937,3.546,0.557,3.665,0.753,2.131,0.313,2.13,0.317
-19.90346667,32.82013333,"BASALTIC-ANDESITE [27218]",26.134,49.815,5.645,22.722,4.946,1.24,5.106,0.795,5.125,1.062,2.969,0.427,2.874,0.436
-19.93396667,32.83641667,"BASALTIC-ANDESITE [27218]",16.129,32.475,3.783,16.32,3.57,0.928,3.496,0.533,3.445,0.716,2.027,0.289,1.964,0.294
-19.96688333,32.84363333,"BASALTIC-ANDESITE [27218]",14.468,31.91,3.723,15.156,3.492,0.99,3.688,0.562,3.599,0.732,2.008,0.288,1.926,0.28
-18.21668333,32.80473333,"BASALTIC-ANDESITE [27218]",12.638,27.195,3.1,12.476,2.727,0.816,2.878,0.444,2.899,0.603,1.7,0.248,1.691,0.251
-18.17348333,32.8436,"BASALTIC-ANDESITE [27218]",18.017,34.67,3.97,16.74,3.64,0.945,3.568,0.554,3.581,0.742,2.107,0.3,2.061,0.303
-18.1569,32.79278333,"BASALTIC-ANDESITE [27218]",12.722,26.991,3.104,12.44,2.723,0.8,2.908,0.449,2.952,0.619,1.73,0.253,1.737,0.258
-18.15533333,32.82008333,"BASALTIC-ANDESITE [27218]",10.516,22.786,2.579,10.371,2.281,0.692,2.389,0.373,2.42,0.504,1.421,0.205,1.407,0.208
-17.93475,32.90568333,"BASALTIC-ANDESITE [27218]",13.321,25.998,3.01,12.426,2.796,0.832,3.007,0.482,3.153,0.646,1.858,0.272,1.79,0.269
-23.926297,28.755646,"BASALTIC-ANDESITE [27218]",17.03,34.635,4.21,17.03,4.06,1.2695,4.35,0.724,4.35,0.92,2.5,0.3515,2.21,0.3135
-24,26,"BASALTIC-ANDESITE [27218]",13.984,30.107,3.323,14.82,3.385,0.938,3.353,0.532,3.407,0.716,2.045,0.302,2.026,0.296
-24,26,"BASALTIC-ANDESITE [27218]",11.976,25.551,2.813,12.25,2.77,0.756,2.755,0.429,2.736,0.571,1.592,0.237,1.598,0.234
-22.94,26.44,"BASALTIC-ANDESITE [27218]",14.027,29.706,3.255,14.18,3.2,0.878,3.163,0.496,3.175,0.663,1.865,0.28,1.861,0.269
-23.0718,26.4002,"BASALTIC-ANDESITE [27218]",11.953,25.299,2.784,12.28,2.78,0.757,2.745,0.428,2.768,0.577,1.637,0.245,1.638,0.238
-18.7,21.7,"BASALTIC-ANDESITE [27218]",56.12,115.692,13.117,56.585,10.749,2.248,8.602,1.02,5.132,0.931,2.538,0.35,2.329,0.348
21.9078,100.8086,"BASALTIC-ANDESITE [27239]",4.59,11,1.42,6.88,1.8,0.4,2.01,0.32,2.15,0.41,1.32,0.17,1.27,0.18
21.9086,100.8289,"BASALTIC-ANDESITE [27239]",7.68,15.9,2.22,9.57,2.45,0.75,2.8,0.48,2.85,0.58,1.78,0.26,1.68,0.27
-24.1991,-68.2784,"BASALTIC-ANDESITE [27245]",36.848,80.297,9.925,34.65,6.935,1.927,5.138,0.667,3.039,0.49,1.442,0.185,1.221,0.159
-24.2132,-68.2551,"BASALTIC-ANDESITE [27245]",24.463,54.447,7.067,25.217,5.43,1.615,4.431,0.572,2.945,0.529,1.409,0.205,1.311,0.195
-24.2104,-68.2534,"BASALTIC-ANDESITE [27245]",20.271,45.894,5.967,22.775,4.999,1.472,4.335,0.599,3.043,0.55,1.575,0.205,1.296,0.19
-24.1681,-68.2178,"BASALTIC-ANDESITE [27245]",25.862,58.292,7.451,27.512,5.891,1.74,4.803,0.651,3.307,0.597,1.577,0.223,1.441,0.192
5.598055556,-75.7875,"BASALTIC-ANDESITE [27271]",8.5,17.8,2.51,11.7,3.1,1.06,3.7,0.6,3.8,0.8,2.2,0.33,2.1,0.34
52.2526,-172.6067,"BASALTIC-ANDESITE [9411]",5.41,11.8,1.85,9.27,2.69,0.97,3.23,0.53,3.62,0.76,2.19,0.31,2.1,0.32
52.3598,-172.5378,"BASALTIC-ANDESITE [9411]",4,9.42,1.33,6.61,1.97,0.74,2.38,0.39,2.74,0.57,1.67,0.25,1.64,0.25
52.31,-172.33,"BASALTIC-ANDESITE [9411]",5.4,12.14,1.63,7.94,2.25,0.86,2.37,0.42,2.53,0.53,1.59,0.24,1.57,0.22
52.32,-172.51,"BASALTIC-ANDESITE [9411]",4.41,10.15,1.39,6.84,2.06,0.82,2.34,0.43,2.69,0.57,1.75,0.26,1.62,0.24
32,58,"BASALTIC-ANDESITE [27311]",48,99.9,11.82,47.7,8.55,2.595,8.04,1.14,7.065,1.2,3.39,0.525,3.525,0.57
32,58,"BASALTIC-ANDESITE [27311]",50.7,104.85,11.625,47.55,9.45,2.49,7.44,1.14,6.63,1.185,3.3,0.54,3.555,0.555
32,58,"BASALTIC-ANDESITE [27311]",48.75,103.35,12.21,47.4,8.7,2.04,7.245,1.17,5.64,1.095,3.315,0.51,3.105,0.495
32,58,"BASALTIC-ANDESITE [27311]",37.2,78.75,9.42,39,7.05,1.755,6.045,1.065,5.52,1.02,3.09,0.45,2.82,0.465
32,58,"BASALTIC-ANDESITE [27311]",38.85,79.5,9.585,41.55,8.1,2.625,6.9,1.08,6.225,1.095,2.955,0.465,3.045,0.495
32,58,"BASALTIC-ANDESITE [27311]",34.8,77.55,10.05,43.95,8.7,2.385,7.575,1.185,5.925,1.02,2.94,0.42,2.655,0.42
32,58,"BASALTIC-ANDESITE [27311]",42.45,90.15,11.685,48.75,9.3,2.46,7.965,1.305,6.645,1.245,3.48,0.495,3.21,0.51
32,58,"BASALTIC-ANDESITE [27311]",45.45,98.7,12.39,52.65,9.9,2.625,8.43,1.365,6.66,1.26,3.555,0.495,3.15,0.51
32,58,"BASALTIC-ANDESITE [27311]",38.7,83.85,10.89,48.15,8.7,2.385,7.56,1.17,5.625,1.02,3.03,0.435,2.625,0.42
32,58,"BASALTIC-ANDESITE [27311]",30,65.55,8.7,36.6,7.2,2.04,6.375,1.02,5.04,0.945,2.64,0.39,2.4,0.36
32,58,"BASALTIC-ANDESITE [27311]",47.55,99,11.835,46.5,8.7,2.07,6.825,1.155,5.73,1.035,3.18,0.45,2.97,0.45
32,58,"BASALTIC-ANDESITE [27311]",45.9,97.2,11.55,46.2,8.55,2.235,7.215,1.17,5.715,1.05,3.225,0.48,3.045,0.48
32,58,"BASALTIC-ANDESITE [27311]",38.27,85.23,11.02,48.26,9.51,2.6,8.19,1.27,6.17,1.12,3.21,0.46,2.91,0.46
32,58,"BASALTIC-ANDESITE [27311]",32.4,66.4,7.56,27.5,5.35,1.5,5.27,0.72,4.2,0.88,2.28,0.34,2.13,0.32
10.467,-84.733,"BASALTIC-ANDESITE [9608]",15.09,27,3.45,14.13,2.97,1.102,2.75,0.448,2.52,0.521,1.44,0.212,1.42,0.219
10.467,-84.733,"BASALTIC-ANDESITE [9608]",11.88,23,3.03,12.38,2.69,1.018,2.55,0.414,2.44,0.502,1.38,0.202,1.35,0.204
10.467,-84.733,"BASALTIC-ANDESITE [9608]",12.28,22.4,2.93,11.87,2.54,0.954,2.27,0.374,2.22,0.438,1.24,0.189,1.24,0.189
10.467,-84.733,"BASALTIC-ANDESITE [9608]",11.573,24.662,3.226,13.163,3.104,1.028,3.084,0.455,2.736,0.555,1.587,0.244,1.569,0.243
10.467,-84.733,"BASALTIC-ANDESITE [9608]",11.974,25.389,3.387,13.84,3.208,1.085,3.155,0.479,2.753,0.56,1.601,0.246,1.577,0.247
10.467,-84.733,"BASALTIC-ANDESITE [9608]",12.186,25.745,3.364,13.523,3.115,1.052,3.044,0.46,2.635,0.539,1.531,0.235,1.513,0.235
10.467,-84.733,"BASALTIC-ANDESITE [9608]",12.38,24,3.18,13.07,2.85,1.049,2.72,0.452,2.61,0.549,1.54,0.229,1.51,0.234
10.467,-84.733,"BASALTIC-ANDESITE [9608]",11.942,25.64,3.293,13.559,3.164,0.995,3.115,0.461,2.76,0.564,1.603,0.246,1.548,0.242
10.467,-84.733,"BASALTIC-ANDESITE [9608]",10.416,22.616,2.882,11.989,2.879,0.894,2.878,0.425,2.615,0.535,1.504,0.23,1.43,0.223
10.467,-84.733,"BASALTIC-ANDESITE [9608]",7.586,16.486,2.225,9.27,2.315,0.804,2.363,0.35,2.139,0.435,1.216,0.187,1.192,0.184
10.467,-84.733,"BASALTIC-ANDESITE [9608]",8.196,17.797,2.423,10.072,2.502,0.855,2.579,0.377,2.309,0.463,1.304,0.195,1.256,0.192
10.467,-84.733,"BASALTIC-ANDESITE [9608]",9.41,20.121,2.698,11.125,2.681,0.907,2.734,0.402,2.424,0.487,1.385,0.21,1.353,0.204
10.467,-84.733,"BASALTIC-ANDESITE [9608]",9.333,20.156,2.672,11.133,2.667,0.912,2.722,0.401,2.436,0.494,1.397,0.214,1.377,0.212
10.467,-84.733,"BASALTIC-ANDESITE [9608]",9.34,20.072,2.66,11.093,2.666,0.903,2.736,0.411,2.412,0.491,1.382,0.211,1.335,0.208
10.467,-84.733,"BASALTIC-ANDESITE [9608]",10.229,21.771,2.81,11.632,2.75,0.904,2.766,0.411,2.475,0.506,1.439,0.219,1.386,0.219
10.467,-84.733,"BASALTIC-ANDESITE [9608]",13.965,29.791,3.911,16.281,3.778,1.227,3.828,0.57,3.223,0.657,1.883,0.293,1.887,0.298
10.467,-84.733,"BASALTIC-ANDESITE [9608]",12.519,26.93,3.56,14.617,3.426,1.13,3.397,0.505,3.003,0.599,1.721,0.265,1.708,0.268
10.467,-84.733,"BASALTIC-ANDESITE [9608]",12.89,26.09,3.32,13.28,3.01,1.12,2.94,0.49,2.61,0.556,1.58,0.261,1.65,0.254
10.467,-84.733,"BASALTIC-ANDESITE [9608]",12.5,26.17,3.393,13.673,3.172,1.067,3.135,0.463,2.771,0.565,1.633,0.254,1.655,0.26
10.467,-84.733,"BASALTIC-ANDESITE [9608]",10.87,24.07,2.94,12.18,2.59,0.98,2.54,0.416,2.18,0.455,1.3,0.202,1.28,0.201
10.467,-84.733,"BASALTIC-ANDESITE [9608]",7.54,17.81,2.41,10.53,2.63,0.95,2.51,0.418,2.38,0.527,1.39,0.224,1.42,0.223
10.467,-84.733,"BASALTIC-ANDESITE [9608]",7.49,16.07,2.19,10.24,2.49,0.93,2.44,0.404,2.45,0.51,1.45,0.208,1.34,0.212
10.467,-84.733,"BASALTIC-ANDESITE [9608]",8.31,17.77,2.28,9.9,2.39,0.87,2.24,0.377,2.3,0.488,1.34,0.203,1.34,0.208
10.467,-84.733,"BASALTIC-ANDESITE [9608]",7.446,17.075,2.418,10.534,2.756,0.94,2.812,0.43,2.644,0.537,1.541,0.235,1.496,0.23
10.467,-84.733,"BASALTIC-ANDESITE [9608]",7.815,17.618,2.424,10.36,2.62,0.897,2.664,0.408,2.453,0.498,1.405,0.215,1.388,0.212
10.467,-84.733,"BASALTIC-ANDESITE [9608]",12.35,26.1,3.77,15.99,3.36,1.129,3.1,0.484,2.73,0.582,1.64,0.256,1.67,0.256
10.467,-84.733,"BASALTIC-ANDESITE [9608]",11.466,26.647,3.718,15.557,3.531,1.094,3.307,0.493,2.783,0.566,1.634,0.254,1.652,0.261
10.467,-84.733,"BASALTIC-ANDESITE [9608]",11.32,25.704,3.634,15.212,3.502,1.094,3.32,0.491,2.765,0.565,1.636,0.251,1.644,0.258
10.467,-84.733,"BASALTIC-ANDESITE [9608]",10.12,21.58,3.19,14.41,3.25,1.07,3.01,0.493,2.85,0.599,1.84,0.284,1.8,0.283
10.467,-84.733,"BASALTIC-ANDESITE [9608]",8.799,20.689,3.024,13.347,3.4,1.106,3.398,0.523,3.157,0.652,1.895,0.299,1.954,0.311
10.467,-84.733,"BASALTIC-ANDESITE [9608]",9.638,20.879,2.932,12.618,3.133,1.127,3.152,0.483,2.769,0.566,1.614,0.253,1.623,0.253
10.467,-84.733,"BASALTIC-ANDESITE [9608]",13.43,23.8,3.3,14.18,3.22,1.164,3.01,0.485,2.95,0.604,1.77,0.256,1.73,0.268
10.467,-84.733,"BASALTIC-ANDESITE [9608]",12.083,25.64,3.401,13.847,3.314,1.067,3.299,0.496,2.915,0.599,1.712,0.265,1.706,0.266
10.467,-84.733,"BASALTIC-ANDESITE [9608]",10.69,23.582,3.221,13.517,3.257,1.1,3.226,0.501,2.907,0.596,1.708,0.264,1.7,0.266
10.467,-84.733,"BASALTIC-ANDESITE [9608]",6.394,14.617,2.314,10.323,2.666,0.952,2.733,0.425,2.516,0.513,1.468,0.229,1.546,0.241
10.467,-84.733,"BASALTIC-ANDESITE [9608]",7.686,17.261,2.42,10.533,2.657,0.965,2.722,0.421,2.479,0.505,1.457,0.225,1.471,0.23
10.467,-84.733,"BASALTIC-ANDESITE [9608]",8.685,15.878,2.853,12.431,3.194,1.152,3.243,0.508,2.989,0.607,1.711,0.266,1.735,0.271
10.467,-84.733,"BASALTIC-ANDESITE [9608]",8.26,19.362,2.533,10.648,2.417,1.016,2.342,0.35,1.928,0.387,1.201,0.196,1.335,0.202
10.467,-84.733,"BASALTIC-ANDESITE [9608]",11.818,24.846,3.279,13.769,3.257,1.107,3.29,0.5,2.841,0.577,1.642,0.254,1.645,0.259
-10.10637,-37.83951,"BASALTIC-ANDESITE [27317]",27.8,57.3,7.07,28.8,6.35,1.81,6.64,1.05,6.15,1.34,3.89,0.52,3.56,0.52
-9.86843,-37.653611,"BASALTIC-ANDESITE [27317]",37.2,77.1,9.35,36.6,7.88,2.39,8.39,1.27,7.66,1.62,4.59,0.65,4.1,0.59
-9.58295,-37.38423,"BASALTIC-ANDESITE [27317]",24.3,50,6.03,24.5,5.66,1.66,5.96,0.93,5.44,1.17,3.31,0.44,3.11,0.45
-9.377053,-37.25149,"BASALTIC-ANDESITE [27317]",29.3,62.2,7.22,29.7,6.27,1.97,6.76,1.07,6.22,1.33,3.86,0.53,3.49,0.51
-9.416962,-37.279514,"BASALTIC-ANDESITE [27317]",39.7,83.3,9.88,40.9,8.87,2.42,9.27,1.46,8.76,1.8,5.28,0.73,4.57,0.7
-9.156307,-37.157884,"BASALTIC-ANDESITE [27317]",31.1,64.7,7.64,30.7,6.72,2.05,7.25,1.12,6.74,1.41,4.09,0.56,3.69,0.52
-9.05578,-37.04721,"BASALTIC-ANDESITE [27317]",25.9,52.4,6.48,26.6,5.85,1.75,6.54,1.02,6.18,1.32,3.71,0.5,3.25,0.5
10.467,-84.733,"BASALTIC-ANDESITE [9608]",10.51,21.5,2.85,12.08,2.77,1.017,2.53,0.424,2.58,0.525,1.47,0.22,1.47,0.222
-8.788286,-36.877089,"BASALTIC-ANDESITE [27317]",18.5,37.9,4.65,19.7,4.65,1.32,5.22,0.82,5.08,1.04,3.17,0.44,2.83,0.41
-8.78865,-36.87641,"BASALTIC-ANDESITE [27317]",31.5,66.4,8.06,33.8,7.05,2.15,7.54,1.2,7.22,1.49,4.44,0.59,3.87,0.6
-8.81333,-36.89931,"BASALTIC-ANDESITE [27317]",24.8,49.8,6.18,25.3,5.64,1.76,5.9,0.95,5.58,1.2,3.59,0.47,2.98,0.46
-8.837112,-36.919906,"BASALTIC-ANDESITE [27317]",29.2,59.4,7.16,28.7,6.23,1.97,6.86,1.1,6.56,1.36,3.98,0.53,3.58,0.54
10.467,-84.733,"BASALTIC-ANDESITE [9608]",9.471,20.606,2.822,11.881,2.956,0.964,3.004,0.464,2.786,0.574,1.646,0.255,1.628,0.253
10.467,-84.733,"BASALTIC-ANDESITE [9608]",12.14,24.7,3.34,14.05,3.13,1.109,2.97,0.5,3,0.618,1.75,0.265,1.81,0.273
10.467,-84.733,"BASALTIC-ANDESITE [9608]",10.164,23.501,3.202,14.103,3.521,1.136,3.54,0.552,3.285,0.671,1.934,0.297,1.918,0.3
10.467,-84.733,"BASALTIC-ANDESITE [9608]",8.187,16.636,2.607,11.507,2.881,1.005,2.829,0.437,2.564,0.534,1.526,0.235,1.537,0.241
10.467,-84.733,"BASALTIC-ANDESITE [9608]",8.703,18.459,2.862,12.718,3.2,1.089,3.17,0.492,2.921,0.596,1.694,0.26,1.695,0.264
10.467,-84.733,"BASALTIC-ANDESITE [9608]",9.26,20.84,2.895,12.746,3.129,1.013,3.128,0.478,2.847,0.589,1.699,0.262,1.685,0.263
10.467,-84.733,"BASALTIC-ANDESITE [9608]",9.18,21.258,2.899,12.659,3.119,1.018,3.085,0.466,2.793,0.574,1.652,0.252,1.627,0.256
10.467,-84.733,"BASALTIC-ANDESITE [9608]",8.779,18.765,2.853,12.462,3.128,1.069,3.06,0.474,2.838,0.576,1.65,0.253,1.627,0.253
10.467,-84.733,"BASALTIC-ANDESITE [9608]",11.732,24.023,3.675,15.848,3.786,1.256,3.635,0.559,3.195,0.648,1.874,0.291,1.914,0.301
10.467,-84.733,"BASALTIC-ANDESITE [9608]",8.494,19.267,2.71,11.933,2.989,0.996,2.946,0.462,2.682,0.555,1.591,0.245,1.599,0.249
10.467,-84.733,"BASALTIC-ANDESITE [9608]",8.949,20.588,2.81,12.458,3.094,1.021,3.065,0.474,2.81,0.578,1.655,0.255,1.651,0.257
10.467,-84.733,"BASALTIC-ANDESITE [9608]",8.805,20.24,2.802,12.415,3.093,1.016,3.095,0.478,2.815,0.581,1.666,0.257,1.662,0.261
10.467,-84.733,"BASALTIC-ANDESITE [9608]",7.377,17.233,2.437,10.576,2.731,0.999,2.677,0.419,2.525,0.511,1.472,0.23,1.49,0.234
10.467,-84.733,"BASALTIC-ANDESITE [9608]",8.97,20.488,2.891,12.695,3.218,1.103,3.229,0.499,3.009,0.614,1.764,0.273,1.793,0.282
10.467,-84.733,"BASALTIC-ANDESITE [9608]",10.755,23.867,3.128,13.152,2.951,1.041,2.755,0.415,2.315,0.474,1.357,0.212,1.391,0.216
10.467,-84.733,"BASALTIC-ANDESITE [9608]",8.745,19.439,2.8,12.121,3.056,0.981,3.127,0.474,2.864,0.586,1.689,0.261,1.668,0.261
10.467,-84.733,"BASALTIC-ANDESITE [9608]",9.015,20.658,2.946,12.679,3.175,1.042,3.223,0.494,2.934,0.604,1.73,0.268,1.736,0.27
10.467,-84.733,"BASALTIC-ANDESITE [9608]",8.121,18.655,2.635,11.491,2.946,0.98,2.978,0.46,2.74,0.563,1.612,0.245,1.574,0.245
10.467,-84.733,"BASALTIC-ANDESITE [9608]",11.379,24.437,3.12,13.019,3.048,1.024,3,0.453,2.642,0.543,1.541,0.235,1.517,0.237
10.467,-84.733,"BASALTIC-ANDESITE [9608]",13.99,26.4,3.44,13.36,2.83,1.08,2.66,0.429,2.4,0.498,1.38,0.208,1.41,0.221
-28.9,-70.7,"BASALTIC-ANDESITE [27337]",17.19,40.34,4.81,22.64,4.97,1.43,4.61,0.69,4.3,0.85,2.31,0.31,2,0.27
10.467,-84.733,"BASALTIC-ANDESITE [9609]",10.5,21.4,2.9,12.2,2.78,0.972,2.76,0.422,2.53,0.52,1.47,0.215,1.4,0.215
10.467,-84.733,"BASALTIC-ANDESITE [9609]",11.9,24,3.22,13.6,3.07,1.06,3.02,0.468,2.8,0.596,1.66,0.255,1.65,0.256
10.467,-84.733,"BASALTIC-ANDESITE [9609]",14,26.8,3.4,13.9,2.92,1,2.82,0.429,2.51,0.52,1.46,0.216,1.4,0.217
10.467,-84.733,"BASALTIC-ANDESITE [9609]",10.3,20.8,2.82,12,2.76,0.952,2.72,0.419,2.53,0.526,1.45,0.215,1.44,0.218
10.467,-84.733,"BASALTIC-ANDESITE [9609]",10.5,21.4,2.89,12.2,2.74,0.958,2.71,0.422,2.51,0.522,1.44,0.213,1.4,0.208
10.467,-84.733,"BASALTIC-ANDESITE [9609]",13.1,25.5,3.28,13.4,2.85,1.01,2.75,0.423,2.49,0.515,1.47,0.217,1.39,0.219
10.467,-84.733,"BASALTIC-ANDESITE [9609]",13,25.3,3.26,13.5,2.85,0.99,2.77,0.421,2.49,0.514,1.45,0.219,1.38,0.213
10.467,-84.733,"BASALTIC-ANDESITE [9609]",13.3,25.8,3.34,13.7,2.87,1.01,2.82,0.423,2.52,0.515,1.46,0.217,1.4,0.211
10.467,-84.733,"BASALTIC-ANDESITE [9609]",13.2,25.6,3.31,13.4,2.87,1,2.73,0.417,2.49,0.515,1.42,0.215,1.37,0.211
10.467,-84.733,"BASALTIC-ANDESITE [9609]",13.1,25.5,3.29,13.4,2.85,1.01,2.9,0.438,2.5,0.519,1.45,0.217,1.39,0.212
10.467,-84.733,"BASALTIC-ANDESITE [9609]",13.6,26.5,3.4,13.7,2.85,1.01,2.84,0.421,2.54,0.528,1.47,0.217,1.42,0.219
10.467,-84.733,"BASALTIC-ANDESITE [9609]",12,24.1,3.27,13.6,3.11,1.07,3.1,0.474,2.84,0.61,1.66,0.262,1.67,0.261
10.467,-84.733,"BASALTIC-ANDESITE [9609]",11.9,23.7,3.2,13.3,3.02,1.03,3,0.453,2.75,0.586,1.64,0.242,1.59,0.248
10.467,-84.733,"BASALTIC-ANDESITE [9609]",11.9,23.8,3.2,13.4,3.02,1.03,2.97,0.456,2.75,0.585,1.63,0.24,1.59,0.246
10.467,-84.733,"BASALTIC-ANDESITE [9609]",10.6,21.4,2.9,12.3,2.8,0.984,2.78,0.426,2.53,0.538,1.48,0.222,1.44,0.226
10.467,-84.733,"BASALTIC-ANDESITE [9609]",10.8,21.9,2.96,12.5,2.87,0.995,2.85,0.445,2.65,0.551,1.52,0.232,1.46,0.228
10.467,-84.733,"BASALTIC-ANDESITE [9609]",10.5,21.3,2.87,12,2.76,0.934,2.75,0.414,2.45,0.514,1.42,0.211,1.37,0.214
10.467,-84.733,"BASALTIC-ANDESITE [9609]",10.8,21.7,2.91,12.2,2.73,0.982,2.71,0.418,2.5,0.521,1.44,0.216,1.36,0.215
10.467,-84.733,"BASALTIC-ANDESITE [9609]",11.7,23.4,3.09,12.9,2.92,0.98,2.87,0.432,2.62,0.545,1.53,0.22,1.42,0.221
10.467,-84.733,"BASALTIC-ANDESITE [9609]",12.1,23.9,3.13,12.9,2.83,1,2.79,0.416,2.49,0.519,1.47,0.208,1.39,0.214
10.467,-84.733,"BASALTIC-ANDESITE [9609]",12.2,24,3.16,12.9,2.88,1.01,2.77,0.418,2.51,0.525,1.45,0.21,1.39,0.213
10.467,-84.733,"BASALTIC-ANDESITE [9609]",11.3,22.4,2.95,12.3,2.75,0.96,2.73,0.421,2.5,0.514,1.44,0.215,1.38,0.214
10.467,-84.733,"BASALTIC-ANDESITE [9609]",12,23.8,3.11,12.8,2.83,0.988,2.79,0.422,2.49,0.521,1.44,0.209,1.39,0.207
10.467,-84.733,"BASALTIC-ANDESITE [9609]",12.1,23.8,3.15,12.9,2.8,1.02,2.75,0.421,2.52,0.527,1.47,0.211,1.38,0.214
10.467,-84.733,"BASALTIC-ANDESITE [9609]",13.2,25.7,3.32,13.6,2.85,0.99,2.81,0.418,2.53,0.517,1.45,0.221,1.39,0.215
10.467,-84.733,"BASALTIC-ANDESITE [9609]",13.3,25.9,3.33,13.3,2.81,0.99,2.76,0.42,2.45,0.513,1.45,0.211,1.39,0.214
10.467,-84.733,"BASALTIC-ANDESITE [9609]",13.5,26.3,3.37,13.7,2.91,1,2.81,0.422,2.51,0.524,1.45,0.222,1.42,0.217
10.467,-84.733,"BASALTIC-ANDESITE [9609]",13.4,26.1,3.36,13.6,2.82,1,2.8,0.415,2.47,0.515,1.42,0.216,1.41,0.217
10.467,-84.733,"BASALTIC-ANDESITE [9609]",13.4,26,3.32,13.6,2.9,1.01,2.76,0.424,2.5,0.52,1.48,0.216,1.4,0.218
10.467,-84.733,"BASALTIC-ANDESITE [9609]",13.4,26,3.36,13.6,2.89,1.01,2.76,0.408,2.45,0.517,1.47,0.214,1.41,0.217
10.467,-84.733,"BASALTIC-ANDESITE [9609]",13.7,26.5,3.4,13.7,2.86,1,2.77,0.417,2.5,0.524,1.46,0.218,1.4,0.216
10.467,-84.733,"BASALTIC-ANDESITE [9609]",13.7,26.4,3.41,13.7,2.88,1.01,2.78,0.419,2.47,0.522,1.5,0.212,1.4,0.213
10.467,-84.733,"BASALTIC-ANDESITE [9609]",13.7,26.5,3.39,13.8,2.89,1.01,2.79,0.414,2.49,0.508,1.44,0.217,1.4,0.217
10.467,-84.733,"BASALTIC-ANDESITE [9609]",13.3,25.8,3.3,13.3,2.73,0.98,2.73,0.417,2.4,0.504,1.4,0.212,1.37,0.208
10.467,-84.733,"BASALTIC-ANDESITE [9609]",13.8,26.5,3.39,13.6,2.82,0.99,2.77,0.423,2.48,0.513,1.43,0.215,1.38,0.217
10.467,-84.733,"BASALTIC-ANDESITE [9609]",14,27.1,3.48,14.1,2.97,1.02,2.84,0.439,2.56,0.523,1.45,0.223,1.4,0.219
10.467,-84.733,"BASALTIC-ANDESITE [9609]",13.3,25.8,3.3,13.3,2.77,0.97,2.72,0.409,2.41,0.507,1.43,0.212,1.37,0.209
18.75,-69.25,"BASALTIC-ANDESITE [9604]",3.7,10.2,1.76,10.2,3.4,1.12,4.21,0.82,5,0.98,3.02,0.46,2.87,0.47
18.75,-69.25,"BASALTIC-ANDESITE [9604]",0.6,2.1,0.4,2.7,1.2,0.5,1.82,0.35,2.22,0.48,1.5,0.22,1.55,0.23
37.348532,48.476847,"BASALTIC-ANDESITE [27391]",18.473,35.5762,4.3457,17.3566,3.7498,1.1144,3.5074,0.5422,3.29,0.668,1.7799,0.2593,1.698,0.2604
37.357451,48.465501,"BASALTIC-ANDESITE [27391]",21.6135,41.5422,4.9024,19.288,3.9162,1.1139,3.3503,0.4986,2.9043,0.5934,1.5439,0.2284,1.4774,0.2288
37.478811,48.414216,"BASALTIC-ANDESITE [27391]",13.1971,27.8431,3.6374,15.352,3.6117,1.1359,3.4787,0.563,3.4898,0.7387,1.9774,0.2948,1.8698,0.2815
35.9,-2,"BASALTIC-ANDESITE [7847]",2.8,7.4,1.2,6.4,2.46,0.87,3.68,0.69,4.72,1.03,3.08,0.44,2.8,0.42
38.74783942,47.50909216,"BASALTIC-ANDESITE [28447]",16.8,30.7,3.87,17.1,3.72,1.47,3.85,0.55,2.74,0.54,1.46,0.26,1.45,0.22
-0.5414,-77.6292,"SHOSHONITE [13717] / BASALTIC-ANDESITE [18438]",127.8,221.7,23.3,83.4,12.5,3.4,8.9,1,5.8,1.1,2.9,0.5,2.7,0.4
-20.4,-69.9,"BASALTIC-ANDESITE [9665]",23,52,7.1,32,7.8,2.4,7.6,1.3,7.2,1.4,4.1,0.6,3.8,0.57
-20.4,-69.9,"BASALTIC-ANDESITE [9665]",20,46,6.2,27,6.2,2,6.1,0.96,5.7,1.1,3.1,0.49,3,0.47
-20.4,-69.9,"BASALTIC-ANDESITE [9665]",7.8,17,2.4,10,2.3,0.85,2.4,0.41,2.3,0.44,1.3,0.22,1.4,0.22
-20.4,-69.9,"BASALTIC-ANDESITE [9665]",21,45,5.4,24,5.5,1.3,5.2,0.88,5,1,2.8,0.39,2.6,0.38
-20.4,-69.9,"BASALTIC-ANDESITE [9665]",15,35,4.8,20,4,1.3,3.4,0.54,3,0.56,1.6,0.24,1.5,0.23
-20.5,-70,"BASALTIC-ANDESITE [9665]",6.1,17,2.8,12,3.2,1.2,3.7,0.59,3.8,0.77,2.3,0.35,2.1,0.31
-20.5,-70,"BASALTIC-ANDESITE [9665]",10,24,3.3,14,3.4,1,3.5,0.64,3.7,0.69,2.3,0.35,2.1,0.35
-20.3,-70,"BASALTIC-ANDESITE [9665]",6.2,13,2,8.5,2.02,0.74,2.1,0.3,2.3,0.38,1.3,0.19,1.1,0.19
-20.3,-70,"BASALTIC-ANDESITE [9665]",22,50,6.9,29,7,1.5,6.9,1.2,6.6,1.4,4,0.58,3.8,0.58
-20.3,-70,"BASALTIC-ANDESITE [9665]",21,49,6.4,28,6.9,1.5,6.8,1.2,6.5,1.3,3.8,0.58,3.7,0.55
-20.3,-70,"BASALTIC-ANDESITE [9665]",17,36,5.3,22,5.3,1.6,5.3,0.95,5.3,1,3,0.45,2.9,0.44
-20.3,-70,"BASALTIC-ANDESITE [9665]",14.6,34,4.5,21,4.9,1.3,5.1,0.82,5.1,0.96,2.9,0.45,2.77,0.44
19.9,-74.2,"BASALTIC-ANDESITE [9163]",3.9,7.8,1.2,6.2,1.9,0.8,2.6,0.5,3.4,0.7,2.3,0.4,2.3,0.4
9.76,94.74,"BASALTIC-ANDESITE [28542]",29,64.7,7.55,41.9,7.85,1.87,8.51,1.31,8.75,1.84,5.59,0.848,5.48,0.966
56.12379,159.08365,"BASALTIC-ANDESITE [28592]",4.400517576,10.87117347,1.693149346,8.941989907,2.522071342,0.921937809,2.903715589,0.465817537,2.925330076,0.605890845,1.86391577,0.257654947,1.761330432,0.257664747
56.10896,159.05994,"BASALTIC-ANDESITE [28592]",4.77829312,11.32316663,1.860864259,9.698750191,2.693859577,0.956501335,3.136906029,0.494659228,3.29735148,0.662910178,2.027374249,0.290523612,2.007844117,0.297327763
56.13289,159.10118,"BASALTIC-ANDESITE [28592]",5.375093847,12.48407712,1.823690714,8.84648411,2.391349227,0.79204722,2.637549847,0.40850077,2.557368236,0.547005598,1.643603451,0.23246125,1.593456343,0.248577881
55.60361111,158.3213333,"BASALTIC-ANDESITE [28592]",12.63105486,28.82149784,3.636832498,16.10172071,3.780197782,1.154601388,3.605403418,0.542041153,3.209454194,0.636672214,1.843566154,0.257452152,1.794511082,0.26406241
55.56394444,158.3627222,"BASALTIC-ANDESITE [28592]",9.757773522,23.10565431,3.164358243,13.58913751,3.608712985,1.220099613,3.369558758,0.511940637,2.536442772,0.598605872,1.810642149,0.24683413,1.72448479,0.254131248
55.5555,157.4724722,"BASALTIC-ANDESITE [28592]",18.22908253,41.28767511,5.423499959,23.14229296,4.850995568,1.450924602,4.5695196,0.679317563,4.151543838,0.878929299,2.356215951,0.340511305,2.206147589,0.333160758
55.53816667,157.47,"BASALTIC-ANDESITE [28592]",16.30682574,36.39621725,4.851373109,18.61911835,4.615293023,1.566749551,4.178948581,0.6262724,3.058150122,0.696220155,1.947816299,0.254701086,1.727028875,0.253326959
54.67575,157.4228333,"BASALTIC-ANDESITE [28592]",8.22521134,18.95567699,2.52954089,11.72416048,2.962005511,0.895058315,3.071552006,0.482929335,2.871141002,0.571201719,1.686282752,0.233524824,1.572556163,0.2314231
54.712594,157.382417,"BASALTIC-ANDESITE [28592]",10.12599696,23.44028204,3.198412695,14.09809278,3.352708866,1.107058569,3.523842672,0.537145921,3.414523669,0.711625952,2.000379187,0.289202158,1.847020491,0.277730642
54.09016667,157.6626944,"BASALTIC-ANDESITE [28592]",9.872748191,23.94708845,3.390582021,15.47585055,3.734112246,1.200979093,3.637353905,0.537704985,3.095168607,0.614266797,1.750498669,0.247702109,1.645479103,0.245391312
57.04168,158.33905,"BASALTIC-ANDESITE [28592]",13.73977909,34.07635643,4.716244467,22.29100767,5.585973151,1.724379281,5.896230332,0.838153942,5.019107025,0.979062195,3.050077294,0.423184734,2.823628933,0.427168984
56.9983,158.30638,"BASALTIC-ANDESITE [28592]",15.03105954,35.96454777,4.853627975,22.54524625,5.398953429,1.686054842,5.320540814,0.740175636,4.283250962,0.817077555,2.433361669,0.339275154,2.232300584,0.330085955
57.01453,158.36184,"BASALTIC-ANDESITE [28592]",15.07634089,36.22692353,5.054231506,24.01816116,5.882758437,1.787814848,5.878972284,0.876490544,5.179722166,1.045593483,3.011160404,0.44149078,2.871300211,0.435735197
56.1455,158.3559667,"BASALTIC-ANDESITE [28592]",18.0471116,39.80912301,5.032429741,20.84431037,4.927812885,1.483156294,4.423834121,0.669154504,3.446200334,0.791179336,2.264901265,0.306211101,2.159506828,0.320458747
56.78282,159.22729,"BASALTIC-ANDESITE [28592]",6.835094611,18.07677869,2.677606634,13.63473263,3.748417575,1.322716565,4.280599396,0.678006063,4.156231018,0.8682573,2.543140887,0.349767196,2.428635231,0.352885262
56.79069,159.14701,"BASALTIC-ANDESITE [28592]",13.97005389,33.44771599,4.505189389,20.55046522,4.724060951,1.318984799,4.357251248,0.661010948,4.115687072,0.806324462,2.46158487,0.351352439,2.53456499,0.397873062
56.78578,159.2888,"BASALTIC-ANDESITE [28592]",16.53124573,41.20867248,6.219740605,30.95384764,8.03221273,2.356076011,8.525272462,1.345229459,8.5724255,1.691114269,5.204708645,0.740734265,4.916030707,0.750037676
58.12572,160.96542,"BASALTIC-ANDESITE [28592]",20.75928979,46.22455352,5.3553141,23.2400816,5.114275009,1.62073718,5.284627392,0.761194338,4.479413846,0.87340244,2.576287415,0.350942925,2.395404021,0.366170214
58.15439,160.96617,"BASALTIC-ANDESITE [28592]",19.03817554,44.15688234,5.236072945,22.81830294,5.000624532,1.395621109,5.036139661,0.740901078,4.403780498,0.839786827,2.575984678,0.340994254,2.461903572,0.366346608
57.783464,160.214617,"BASALTIC-ANDESITE [28592]",12.25319171,29.76741206,4.283950864,20.87741099,5.017404959,1.548089394,4.575015154,0.701686706,5.124982128,0.960635968,2.569034504,0.355516209,2.132438887,0.337424941
42.6,123.25,"BASALTIC-ANDESITE [28629]",10.91,16.12,3.01,14.21,3.8,1.14,3.26,0.66,4.5,0.84,2.27,0.36,2.64,0.31
42.6,123.25,"BASALTIC-ANDESITE [28629]",10.84,14.05,3.17,14.59,3.8,1.23,3.26,0.67,4.53,0.89,2.42,0.39,2.56,0.34
42.6,123.25,"BASALTIC-ANDESITE [28629]",10.02,14.05,2.93,13.55,3.63,1.51,3.09,0.62,4.32,0.85,2.34,0.37,2.47,0.33
42.6,123.25,"BASALTIC-ANDESITE [28629]",7.05,13.53,2.4,11.93,3.46,1.25,2.94,0.61,4.19,0.83,2.29,0.37,2.45,0.33
42.6,123.25,"BASALTIC-ANDESITE [28629]",9.43,15.27,2.94,14.11,3.82,1.26,3.24,0.67,4.53,0.9,2.48,0.4,2.6,0.35
42.6,123.25,"BASALTIC-ANDESITE [28629]",11.41,13.46,2.86,12.77,3.37,1.14,3.09,0.62,4.38,0.79,2.26,0.38,2.52,0.34
42.6,123.25,"BASALTIC-ANDESITE [28629]",10.53,14.46,2.93,12.96,3.49,1.05,2.97,0.61,4.19,0.81,2.23,0.36,2.4,0.32
60.2087,27.6439,"BASALTIC-ANDESITE [28641]",56,124,15.2,61,12.3,3.2,11.5,1.65,9.2,1.78,5.2,0.74,4.5,0.72
18.8742,81.3623,"BASALTIC-ANDESITE [8676]",15,24,2.36,9.1,1.9,0.64,2.4,0.4,2.7,0.6,1.8,0.28,1.8,0.27
18.7939,81.6128,"BASALTIC-ANDESITE [8676]",11,21,2.04,7.7,1.7,0.56,2,0.4,2.2,0.5,1.4,0.22,1.4,0.22
18.8439,81.3344,"BASALTIC-ANDESITE [8676]",14,28,3.07,12,2.8,0.79,3.3,0.6,3.5,0.8,2.2,0.35,2.2,0.32
38.2,73.5,"BASALTIC-ANDESITE [28682]",28.2,61.4,7.73,31.6,6.32,1.64,5.01,0.73,4.09,0.78,2.25,0.34,2.08,0.31
-27.482835,117.841158,"BASALTIC-ANDESITE [28708]",4.4,10.2,1.4,7,2.41,0.93,3.74,0.68,4.81,1.09,3.35,0.65,3.4,0.53
-27.475677,117.831995,"BASALTIC-ANDESITE [28708]",4.7,10.9,1.46,6.8,2.21,0.84,3.18,0.59,4.36,0.92,2.96,0.43,3.11,0.48
-27.474813,117.829984,"BASALTIC-ANDESITE [28708]",4.8,10.9,1.49,7,2.27,0.87,3.22,0.6,4.3,0.91,2.92,0.48,3.05,0.47
-27.480142,117.840126,"BASALTIC-ANDESITE [28708]",2.8,6.4,0.87,4.1,1.3,0.55,1.9,0.34,2.47,0.53,1.7,0.27,1.84,0.28
-27.472123,117.829984,"BASALTIC-ANDESITE [28708]",3.1,6.5,0.86,3.9,1.14,0.46,1.65,0.3,2.17,0.49,1.53,0.25,1.76,0.26
-27.467655,117.820822,"BASALTIC-ANDESITE [28708]",5.8,12.2,1.62,7.8,2.5,0.89,2.98,0.58,4.07,0.91,2.79,0.43,2.9,0.47
-27.480205,117.837089,"BASALTIC-ANDESITE [28708]",7.2,15.6,2.06,8.9,2.52,0.91,3.25,0.59,4.1,0.84,2.68,0.4,2.75,0.43
-27.480206,117.834053,"BASALTIC-ANDESITE [28708]",7.9,17.8,2.29,10.1,2.78,0.98,3.68,0.62,4.31,0.97,2.88,0.48,2.99,0.47
-27.478421,117.829009,"BASALTIC-ANDESITE [28708]",8.9,18.9,2.39,11,3.06,1.09,3.79,0.66,4.7,0.99,3.1,0.48,3.16,0.48
-27.464905,117.827865,"BASALTIC-ANDESITE [28708]",8.4,18.4,2.42,10.8,3.15,1.01,4.05,0.72,4.92,1.12,3.47,0.58,3.42,0.56
-27.463984,117.827869,"BASALTIC-ANDESITE [28708]",6.3,13.4,1.68,7.7,2.23,0.86,2.9,0.52,3.84,0.84,2.59,0.44,2.72,0.41
-27.47212,117.822879,"BASALTIC-ANDESITE [28708]",6.6,14.7,1.89,8,2.14,0.68,2.53,0.44,3.02,0.68,2.13,0.36,2.29,0.35
-27.470348,117.821854,"BASALTIC-ANDESITE [28708]",6.5,14.2,1.85,8.6,2.53,0.94,3.63,0.61,4.27,0.95,2.91,0.51,2.86,0.48
-27.464964,117.817786,"BASALTIC-ANDESITE [28708]",7.8,15.9,2.03,9,2.5,0.83,3.3,0.59,4.07,0.95,2.95,0.49,3.02,0.5
-27.471209,117.828955,"BASALTIC-ANDESITE [28708]",9.4,18.7,2.31,10.2,2.68,0.93,3.33,0.56,3.94,0.87,2.64,0.43,2.55,0.38
-27.46668,117.826897,"BASALTIC-ANDESITE [28708]",8.8,17.4,2.23,9.2,2.47,0.92,3.03,0.5,3.46,0.77,2.23,0.37,2.3,0.34
-27.467655,117.820822,"BASALTIC-ANDESITE [28708]",8.5,17.2,2.08,9.4,2.37,0.87,2.73,0.52,3.35,0.68,2,0.32,2,0.33
-26.97358,118.69258,"BASALTIC-ANDESITE [28708]",1.9,3,0.4,2.1,0.5,0.4,0.7,0.2,1.2,0.3,0.8,0.2,0.6,0.1
-26.91811,118.62926,"BASALTIC-ANDESITE [28708]",2.1,3.6,0.6,3.1,1.2,0.4,1.5,0.2,1.8,0.4,1.2,0.2,1.3,0.2
-26.91492,118.62619,"BASALTIC-ANDESITE [28708]",2.1,4.1,0.7,3.6,0.8,0.3,1.4,0.2,1.9,0.4,1.1,0.2,1.3,0.3
-26.93476,118.64368,"BASALTIC-ANDESITE [28708]",2.4,5.4,0.8,4.1,1.3,0.4,2.1,0.3,2.6,0.5,1.4,0.3,1.7,0.3
-26.91944,118.6283,"BASALTIC-ANDESITE [28708]",1.6,2.7,0.4,2.1,0.7,0.2,1.5,0.2,2,0.4,1.4,0.2,1.3,0.3
-26.92004,118.62792,"BASALTIC-ANDESITE [28708]",2.4,4.8,0.7,4.3,1.2,0.3,1.6,0.3,2.1,0.5,1.4,0.2,1.6,0.2
-26.91982,118.63254,"BASALTIC-ANDESITE [28708]",1.6,3,0.5,2.1,0.6,0.2,0.9,0.2,1.5,0.4,1.2,0.1,1.1,0.2
-26.92074,118.63053,"BASALTIC-ANDESITE [28708]",2.2,4.8,0.8,2.9,0.7,0.3,1.3,0.2,1.6,0.4,1.3,0.2,1.4,0.2
-26.82448,118.60199,"BASALTIC-ANDESITE [28708]",2.1,5.6,0.9,4.2,1.2,0.5,1.6,0.4,2.7,0.5,1.8,0.3,2,0.3
-28.163234,116.750871,"BASALTIC-ANDESITE [28708]",3.41,8,1.19,5.63,1.6,0.54,2.52,0.48,3.26,0.76,2.27,0.34,2.45,0.35
-28.163234,116.750871,"BASALTIC-ANDESITE [28708]",3.57,8.1,1.08,5.44,1.46,0.6,2.3,0.43,3.16,0.77,2.45,0.37,2.42,0.36
-28.163234,116.750871,"BASALTIC-ANDESITE [28708]",3.28,7.54,1.03,5.09,1.6,0.47,2.21,0.44,3.11,0.73,2.18,0.35,2.56,0.34
-28.163234,116.750871,"BASALTIC-ANDESITE [28708]",3.02,7.02,0.95,4.87,1.35,0.55,2,0.41,3.12,0.72,2.07,0.31,2.43,0.31
-28.163234,116.750871,"BASALTIC-ANDESITE [28708]",3.22,7.24,1.02,4.76,1.56,0.56,2.17,0.42,3.06,0.69,2.14,0.36,2.33,0.34
-28.194735,116.739193,"BASALTIC-ANDESITE [28708]",1.9,4.4,0.7,2.7,1.3,0.5,2,0.4,2.3,0.5,1.5,0.2,1.7,0.3
-28.192903,116.739187,"BASALTIC-ANDESITE [28708]",1.7,3.5,0.5,3.1,1.3,0.5,1.4,0.2,1.7,0.5,1.2,0.2,1.4,0.3
-28.293171,116.789894,"BASALTIC-ANDESITE [28708]",2.9,4.3,0.9,4.7,1.2,0.6,1.7,0.3,2.5,0.5,1.6,0.2,1.6,0.2
-28.18454,116.75296,"BASALTIC-ANDESITE [28708]",2.6,5.62,0.86,4.14,1.26,0.54,1.78,0.34,2.5,0.52,1.7,0.24,1.62,0.23
-28.19566,116.74997,"BASALTIC-ANDESITE [28708]",2.29,4.46,0.74,3.57,1.25,0.47,1.72,0.35,2.58,0.6,1.79,0.27,1.85,0.27
-28.186165,116.755888,"BASALTIC-ANDESITE [28708]",2.03,4.56,0.7,3.32,1.21,0.45,1.56,0.38,2.42,0.58,1.69,0.25,1.73,0.24
-28.186165,116.755888,"BASALTIC-ANDESITE [28708]",1.98,4.58,0.7,3.67,1.07,0.49,1.95,0.34,2.47,0.56,1.71,0.27,1.81,0.27
-28.186165,116.755888,"BASALTIC-ANDESITE [28708]",1.94,4.28,0.67,3.64,1.11,0.48,1.73,0.36,2.5,0.55,1.57,0.26,1.71,0.25
-28.186165,116.755888,"BASALTIC-ANDESITE [28708]",2.05,5.1,0.81,4.16,1.39,0.49,1.93,0.35,2.73,0.6,1.73,0.27,1.83,0.29
-28.18896,116.75432,"BASALTIC-ANDESITE [28708]",1.63,3.82,0.59,2.92,0.94,0.39,1.59,0.27,2.04,0.46,1.43,0.21,1.58,0.18
-28.18896,116.75432,"BASALTIC-ANDESITE [28708]",1.84,4.04,0.7,3.39,1.11,0.45,1.52,0.31,2.45,0.51,1.53,0.22,1.62,0.23
-28.18896,116.75432,"BASALTIC-ANDESITE [28708]",1.89,4.38,0.71,3.42,1.38,0.51,1.75,0.32,2.16,0.55,1.66,0.23,1.66,0.23
-28.18896,116.75432,"BASALTIC-ANDESITE [28708]",1.9,4.7,0.7,3.42,1.25,0.44,1.69,0.35,2.32,0.53,1.57,0.26,1.61,0.26
-28.215423,116.71977,"BASALTIC-ANDESITE [28708]",2.2,5.1,0.8,3.1,1.3,0.4,1.5,0.3,2.3,0.5,1.8,0.2,1.6,0.2
-28.21456,116.72177,"BASALTIC-ANDESITE [28708]",2.5,4.8,0.6,3.5,1,0.4,1.4,0.3,2.4,0.6,1.5,0.2,1.6,0.2
-28.214557,116.724868,"BASALTIC-ANDESITE [28708]",1.8,3.7,0.7,2.8,0.9,0.4,1.7,0.4,2.4,0.5,1.6,0.2,1.3,0.2
-28.217256,116.724871,"BASALTIC-ANDESITE [28708]",2.8,6.1,0.8,4.9,0.9,0.6,1.7,0.4,3.1,0.6,1.9,0.2,1.8,0.3
-28.218172,116.726866,"BASALTIC-ANDESITE [28708]",2.8,5.6,0.8,3.3,1,0.5,1.8,0.5,2.7,0.6,1.7,0.2,1.4,0.2
-28.220865,116.733005,"BASALTIC-ANDESITE [28708]",3.3,7.2,0.9,5.9,1.7,0.8,2.6,0.5,3.1,0.6,2,0.3,2,0.3
-28.22086,116.735002,"BASALTIC-ANDESITE [28708]",3,8.3,0.9,4.8,1.8,0.5,2.6,0.4,3.6,0.7,2.2,0.3,1.6,0.3
-28.220862,116.736042,"BASALTIC-ANDESITE [28708]",4,7.7,1,5.2,1.5,0.3,1.9,0.4,3.5,0.6,1.7,0.3,1.9,0.3
-28.221785,116.737069,"BASALTIC-ANDESITE [28708]",4.7,7.7,1.4,6.4,1.8,0.7,2.4,0.5,3.2,0.7,2,0.2,2.4,0.3
-29.246461,116.84358,"BASALTIC-ANDESITE [28708]",2.7,6.6,0.9,4.5,1.8,0.8,2.8,0.5,3.3,0.8,2.5,0.4,2.4,0.4
-29.246461,116.84358,"BASALTIC-ANDESITE [28708]",3.9,8.5,1.2,6,2,0.8,3.2,0.5,3.5,0.8,2.4,0.4,2.4,0.4
-29.246461,116.84358,"BASALTIC-ANDESITE [28708]",2.2,7.4,0.9,5.1,2.1,0.8,3,0.6,3.7,0.8,2.4,0.3,2.3,0.4
-29.223882,116.872404,"BASALTIC-ANDESITE [28708]",2.6,5.9,0.8,3.9,1,0.5,1.6,0.3,1.9,0.5,1.5,0.2,1.6,0.3
-29.223882,116.872404,"BASALTIC-ANDESITE [28708]",2.8,6,0.8,4,0.9,0.5,1.7,0.3,2.3,0.5,1.5,0.3,1.5,0.2
-28.22547,116.74353,"BASALTIC-ANDESITE [28708]",2.29,4.72,0.64,2.92,1,0.4,1.59,0.32,2.34,0.52,1.66,0.24,1.54,0.24
-29.28086,116.89355,"BASALTIC-ANDESITE [28708]",3.38,7.74,1.22,6.13,2.17,0.86,2.96,0.55,3.72,0.84,2.55,0.37,2.39,0.39
-26.63354,118.50092,"BASALTIC-ANDESITE [28708]",6.9,14,1.7,8.5,1.3,0.6,2.6,0.4,2.2,0.5,1.5,0.2,1.6,0.3
-26.63466,118.50077,"BASALTIC-ANDESITE [28708]",6.3,12.7,1.6,8,1.9,0.6,2.1,0.3,2.3,0.6,1.3,0.2,1.6,0.2
-26.63466,118.50077,"BASALTIC-ANDESITE [28708]",6.3,12.9,1.7,7.6,1.6,0.6,2.5,0.3,2,0.5,1.4,0.2,1.4,0.2
-26.6545,118.49303,"BASALTIC-ANDESITE [28708]",10.3,21.6,2.9,12.2,2.9,0.6,3,0.5,2.6,0.6,1.8,0.3,1.9,0.3
-26.65473,118.49352,"BASALTIC-ANDESITE [28708]",9.9,21.1,2.9,12.8,2.4,0.7,2.9,0.5,2.7,0.5,1.6,0.3,1.5,0.2
-27.17982,117.84834,"BASALTIC-ANDESITE [28708]",13.7,24.8,2.85,11.6,2.91,0.94,3.71,0.67,4.26,1.04,3.02,0.5,3.24,0.47
-27.17987,117.84895,"BASALTIC-ANDESITE [28708]",16,31.9,3.35,13.82541294,3.347657596,1.04,4.33,0.77,4.86,1.2,3.43,0.55,3.74,0.56
-27.17987,117.84895,"BASALTIC-ANDESITE [28708]",16.2,29.1,3.36,13.6,3.24,1.01,4.33,0.78,5.1,1.19,3.65,0.57,3.66,0.58
-27.17987,117.84895,"BASALTIC-ANDESITE [28708]",17,33.9,3.58,14.3,3.58,1.06,4.47,0.78,5.12,1.19,3.57,0.54,3.71,0.53
-27.17987,117.84895,"BASALTIC-ANDESITE [28708]",15.6,29.1,3.22,13.32599938,3.17,1.05,3.85,0.68,4.45,1,3.03,0.46,2.92,0.44
-27.18187,117.84958,"BASALTIC-ANDESITE [28708]",19.7,32.9,4.26,16.3,4.03,1.21,4.72,0.83,5.32,1.24,3.64,0.59,3.78,0.59
-27.18742,117.85008,"BASALTIC-ANDESITE [28708]",14.8,27.5,3.18,12.5,3.26,0.99,3.83,0.74,4.47,1.07,3.29,0.52,3.36,0.49
-27.70989,117.22071,"BASALTIC-ANDESITE [28708]",14.5,27.4,3.31,13.9,3.56,1.15,3.95,0.71,4.62,1.07,2.99,0.45,3.02,0.43
-27.844857,117.263469,"BASALTIC-ANDESITE [28708]",3.81,7.22,0.85,3.59,0.88,0.3,1.04,0.18,1.26,0.3,0.9,0.14,0.95,0.13
-27.844857,117.263469,"BASALTIC-ANDESITE [28708]",4.49,9.2,1.18,5.03,1.41,0.4,1.54,0.28,1.92,0.39,1.22,0.15,1.24,0.19
-27.843279,117.264456,"BASALTIC-ANDESITE [28708]",2.81,5.3,0.68,2.64,0.68,0.3,0.92,0.17,1.06,0.24,0.72,0.1,0.87,0.14
-27.843279,117.264456,"BASALTIC-ANDESITE [28708]",5.72,10.1,1.13,4.46,1.16,0.42,1.15,0.26,1.57,0.35,1.08,0.15,1.18,0.16
-27.843279,117.264456,"BASALTIC-ANDESITE [28708]",5.49,9.98,1.27,5.46,1.47,0.54,1.58,0.26,1.91,0.43,1.28,0.18,1.25,0.18
-27.843279,117.264456,"BASALTIC-ANDESITE [28708]",5.38,9.74,1.18,4.26,1.39,0.39,1.44,0.29,1.69,0.38,1.16,0.17,1.13,0.19
-27.88846,117.20947,"BASALTIC-ANDESITE [28708]",7.66,13.4,1.9,7.18,1.93,0.7,2.14,0.39,2.65,0.58,1.87,0.25,1.53,0.22
-27.85414,117.04205,"BASALTIC-ANDESITE [28708]",5.44,12,1.38,5.83,1.6,0.67,2.21,0.4,2.79,0.7,1.98,0.29,2.09,0.32
-27.85427,117.04617,"BASALTIC-ANDESITE [28708]",4.91,9.96,1.27,5.5,1.43,0.46,2.02,0.38,2.5,0.62,1.95,0.29,2.06,0.34
-27.88063,117.04318,"BASALTIC-ANDESITE [28708]",4.81,11,1.42,6.02,1.8,0.65,2.46,0.46,3.2,0.7,2.19,0.34,2.12,0.31
-27.81066,117.17403,"BASALTIC-ANDESITE [28708]",8.15,14.1,1.77,7.62,1.9,0.75,2.12,0.4,2.7,0.58,1.96,0.27,1.87,0.33
-27.84699,117.04048,"BASALTIC-ANDESITE [28708]",7.57,15.7,1.87,7.48,2.06,0.61,2.41,0.45,3.26,0.74,2.06,0.37,2.37,0.37
-26.51939,118.33783,"BASALTIC-ANDESITE [28708]",8.7,15.5,1.7,7.5,1.8,0.6,2.3,0.4,2.7,0.6,2,0.3,2.1,0.2
-26.51937,118.33984,"BASALTIC-ANDESITE [28708]",7.9,15,1.7,6.6,1.8,0.6,2.2,0.4,2.7,0.7,2,0.3,1.7,0.2
-26.51935,118.34184,"BASALTIC-ANDESITE [28708]",8.3,15.5,1.7,6.9,1.2,0.5,2.2,0.4,2.4,0.6,1.7,0.3,2,0.3
-26.51933,118.34385,"BASALTIC-ANDESITE [28708]",8.5,14.7,1.7,7.2,1.4,0.6,2.3,0.4,3,0.6,2,0.3,2,0.2
-26.51932,118.34586,"BASALTIC-ANDESITE [28708]",8.3,15.2,1.8,7.6,1.6,0.7,2,0.4,2.5,0.6,1.8,0.3,1.9,0.3
-26.5193,118.34786,"BASALTIC-ANDESITE [28708]",9,16.1,2,8.6,1.8,0.7,2.4,0.5,2.7,0.7,2,0.3,2.2,0.4
-26.51928,118.34987,"BASALTIC-ANDESITE [28708]",9.6,17.5,2,9.1,1.9,0.7,2.4,0.5,2.9,0.8,2.2,0.3,2.1,0.3
-26.45235,118.04018,"BASALTIC-ANDESITE [28708]",5.4,13.3,1.3,5.2,1.3,0.4,1.9,0.3,2.2,0.4,1.3,0.2,1.6,0.2
-26.45595,118.04221,"BASALTIC-ANDESITE [28708]",6.6,15,1.6,5.4,1.6,0.6,2.5,0.4,2.6,0.6,1.8,0.2,1.8,0.2
-26.45865,118.04324,"BASALTIC-ANDESITE [28708]",8.2,14.8,1.9,6.7,1.7,0.7,2.5,0.4,2.8,0.6,1.8,0.3,2.1,0.3
-26.46046,118.04326,"BASALTIC-ANDESITE [28708]",6.4,13.6,1.6,6.7,1.5,0.5,2.2,0.4,2.5,0.7,1.9,0.3,1.9,0.3
-27.731387,117.793034,"BASALTIC-ANDESITE [28708]",6.4,12.9,1.4,5.6,1.6,0.6,2,0.4,3.3,0.7,2.5,0.3,2.4,0.4
-27.756369,117.789075,"BASALTIC-ANDESITE [28708]",7.5,14.2,1.6,6,1.9,0.6,2.1,0.5,3.3,0.7,2.6,0.3,2.5,0.4
-27.01342,117.9296,"BASALTIC-ANDESITE [28708]",10.4,17.5,2.1,7.8,1.81,0.61,2.36,0.44,3.04,0.73,2.08,0.35,2.18,0.36
-27.01286,117.93038,"BASALTIC-ANDESITE [28708]",5.7,12.2,1.49,6,1.68,0.58,2.23,0.46,3.1,0.74,2.21,0.38,2.34,0.37
-26.51924,118.35388,"BASALTIC-ANDESITE [28708]",9.1,18.1,2.2,8.9,2.7,0.9,2.7,0.6,3.5,0.7,2.2,0.4,2.2,0.3
-26.45505,118.04121,"BASALTIC-ANDESITE [28708]",5.2,12.3,1.2,4.7,1.5,0.4,1.6,0.3,1.8,0.5,1.1,0.2,1.2,0.2
-27.01376,117.9314,"BASALTIC-ANDESITE [28708]",7.1,15.6,1.68,6.6,1.75,0.55,2.04,0.39,2.41,0.58,1.59,0.25,1.77,0.26
-27.84699,117.04048,"BASALTIC-ANDESITE [28708]",8.94,12.1,1.97,8.36,2.23,0.78,3.49,0.6,4.39,1.07,3.33,0.5,3.18,0.48
-27.75033,117.22108,"BASALTIC-ANDESITE [28708]",35.599998,69,7.7,30.4,6.8,1.4,6.7,1.2,8.7,2,5.7,0.8,6.1,0.9
-27.74953,117.22057,"BASALTIC-ANDESITE [28708]",29.700001,53.599998,6.5,23.9,6.3,1.3,5.8,0.9,7.3,1.4,5,0.7,5.1,0.7
-27.74827,117.22021,"BASALTIC-ANDESITE [28708]",37.799999,65.099998,7.7,29,6.8,1.5,7.6,1.3,8.9,2.1,6.2,0.8,6.9,0.8
-27.71859,117.22791,"BASALTIC-ANDESITE [28708]",57.900002,101.400002,11.7,42.299999,8.6,1.1,9.5,1.4,10.2,2.3,6.4,0.8,7.2,1.1
-27.71694,117.22215,"BASALTIC-ANDESITE [28708]",56.7,80.4,10.7,37.9,7.25,1.14,7.57,1.26,8.03,1.79,5.4,0.79,5.41,0.79
-27.77752,117.29303,"BASALTIC-ANDESITE [28708]",44.700001,65.800003,8.9,34.5,8.13,1.42,9.25,1.67,10.3,2.24,6.57,1.04,6.69,1.05
-27.71909,117.22598,"BASALTIC-ANDESITE [28708]",57.1,100,11.9,41.4,8.84,0.95,8.63,1.56,10.4,2.33,7.3,1.13,7.83,1.16
-27.72239,117.27472,"BASALTIC-ANDESITE [28708]",48.8,86.8,10.2,36.5,7.4,0.49,7.49,1.35,8.69,2.05,6.33,0.99,7.06,1.04
40,140.5,"BASALTIC-ANDESITE [9698]",7.73,16.6,1.99,8.32,2.03,0.74,2.2,0.37,2.4,0.49,1.38,0.22,1.49,0.24
39.83,140.87,"BASALTIC-ANDESITE [9698]",4.54,11.4,1.57,7.36,2.14,0.8,2.52,0.46,3.01,0.63,1.73,0.28,1.83,0.28
39.83,140.87,"BASALTIC-ANDESITE [9698]",6.43,14.7,2.11,9.68,2.78,0.9,3.28,0.59,3.95,0.83,2.28,0.36,2.39,0.37
39.75,140.67,"BASALTIC-ANDESITE [9698]",6.77,15.6,2.11,9.65,2.71,0.85,3.15,0.55,3.69,0.76,2.12,0.34,2.24,0.34
38.73,140.73,"BASALTIC-ANDESITE [9698]",4.57,10.8,1.5,7.11,2.11,0.93,2.66,0.49,3.27,0.7,2,0.32,2.2,0.34
38.3,140.07,"BASALTIC-ANDESITE [9698]",16,31.6,4.31,17.8,4.34,1.33,4.04,0.72,4.19,0.94,2.64,0.41,2.59,0.43
38.15,140.45,"BASALTIC-ANDESITE [9698]",10.2,14.7,2.87,12.6,3.06,0.98,3.43,0.57,3.67,0.74,2.04,0.33,2.13,0.33
37.5,140,"BASALTIC-ANDESITE [9698]",3.64,8.07,1.12,4.98,1.4,0.57,1.74,0.32,1.98,0.44,1.2,0.19,1.29,0.2
37.62,140.28,"BASALTIC-ANDESITE [9698]",4.62,12.1,1.8,8.81,2.46,0.93,2.95,0.53,3.48,0.74,1.96,0.31,2.03,0.31
37.62,140.28,"BASALTIC-ANDESITE [9698]",5,12.2,1.86,8.64,2.46,0.95,2.87,0.52,3.41,0.75,1.95,0.3,1.91,0.3
37.62,140.28,"BASALTIC-ANDESITE [9698]",8.51,20.3,2.56,11.2,2.79,0.94,3.21,0.58,3.77,0.79,2.23,0.37,2.46,0.39
37.5,140,"BASALTIC-ANDESITE [9698]",9.73,23.7,3.17,14.1,3.9,1.34,4.55,0.73,4.82,1.04,2.83,0.46,2.93,0.46
41.28,141.12,"BASALTIC-ANDESITE [9698]",2.91,7.25,1.1,5.57,1.8,0.72,2.31,0.43,2.91,0.63,1.77,0.28,1.9,0.29
40.65,140.85,"BASALTIC-ANDESITE [9698]",3.28,8.4,1.34,6.65,2.13,0.82,2.56,0.48,3.11,0.66,1.81,0.29,1.88,0.29
-8.18,113.67,"BASALTIC-ANDESITE [28739]",19.7,41.5,5.1,20.3,4.68,1.46,4.58,0.71,4.3,0.85,2.37,0.36,2.27,0.35
-8.18,113.67,"BASALTIC-ANDESITE [28739]",14.8,31.7,4.21,18,4.42,1.43,4.28,0.66,3.97,0.85,2.43,0.35,2.26,0.36
-8.18,113.67,"BASALTIC-ANDESITE [28739]",16.6,34.2,4.32,17.4,4.05,1.28,4.09,0.62,3.67,0.77,2.33,0.3,2.11,0.32
-8.18,113.67,"BASALTIC-ANDESITE [28739]",16.6,34.6,4.18,17.5,3.87,1.22,3.75,0.59,3.37,0.75,2.09,0.31,1.86,0.32
-8.18,113.67,"BASALTIC-ANDESITE [28739]",16,34.2,4.29,18.6,4.34,1.41,4.68,0.69,4.28,0.87,2.53,0.36,2.32,0.37
-8.18,113.67,"BASALTIC-ANDESITE [28739]",16,32.6,4.27,18.3,3.72,1.27,4.15,0.59,3.24,0.68,2.05,0.3,1.92,0.29
-8.18,113.67,"BASALTIC-ANDESITE [28739]",17.2,36.4,4.87,21.1,4.76,1.37,4.99,0.79,4.69,0.96,2.92,0.42,2.35,0.35
-8.18,113.67,"BASALTIC-ANDESITE [28739]",22.4,46.8,5.76,24.2,5.8,1.32,5.46,0.76,4.79,1.05,2.83,0.39,2.87,0.43
-8.18,113.67,"BASALTIC-ANDESITE [28739]",19.1,41.4,5.16,22.3,5.37,1.31,5.25,0.81,4.7,1.05,2.96,0.43,2.6,0.38
-8.18,113.67,"BASALTIC-ANDESITE [28739]",18.7,41.7,5.02,22.2,5.19,1.4,5.2,0.79,4.84,0.98,2.87,0.42,2.61,0.39
-8.18,113.67,"BASALTIC-ANDESITE [28739]",17.7,37.5,5.15,22.9,4.89,1.33,5.07,0.79,4.13,0.98,2.62,0.41,2.55,0.34
-8.18,113.67,"BASALTIC-ANDESITE [28739]",17.8,39.1,5.1,22.4,5.13,1.4,4.91,0.76,4.47,1,2.57,0.4,2.51,0.41
-8.18,113.67,"BASALTIC-ANDESITE [28739]",19.1,39.2,5.28,23.7,4.92,1.47,5.49,0.82,4.47,0.96,2.88,0.4,2.59,0.4
-8.18,113.67,"BASALTIC-ANDESITE [28739]",17.9,38.6,5.16,22.5,4.71,1.41,4.9,0.75,4.1,0.88,2.52,0.38,2.73,0.4
-8.18,113.67,"BASALTIC-ANDESITE [28739]",20.2,42.9,5.23,21.4,5.51,1.5,5.24,0.79,4.65,0.97,3,0.43,2.74,0.4
-21.3185,-68.2947,"BASALTIC-ANDESITE [9718]",25.2,48.8,6.3,25.5,5.4,1.47,4.6,0.66,3.74,0.69,1.91,0.27,1.57,0.23
29.4,90.6,"BASALTIC-ANDESITE [28752]",12.4,32.1,4.11,19.1,4.49,1.27,3.89,0.547,3.1,0.617,1.66,0.242,1.58,0.242
29.4,90.6,"BASALTIC-ANDESITE [28752]",11.1,28.3,3.59,16.7,3.9,1.16,3.46,0.476,2.71,0.537,1.45,0.214,1.42,0.215
29.4,90.6,"BASALTIC-ANDESITE [28752]",10.5,26.8,3.42,15.8,3.72,1.15,3.26,0.457,2.58,0.508,1.39,0.204,1.33,0.203
29.4,90.6,"BASALTIC-ANDESITE [28752]",11.7,30,3.81,17.4,4.07,1.22,3.6,0.498,2.86,0.559,1.54,0.225,1.48,0.224
29.4,90.6,"BASALTIC-ANDESITE [28752]",11.4,28.5,3.6,16.4,3.74,1.03,3.35,0.468,2.72,0.549,1.51,0.223,1.44,0.219
29.4,91.1,"BASALTIC-ANDESITE [28752]",12.5,34.7,4.69,22.4,5.25,1.53,4.4,0.589,3.34,0.642,1.71,0.244,1.59,0.239
29.4,91.1,"BASALTIC-ANDESITE [28752]",24,55.7,7.13,30.7,6.18,1.62,4.62,0.604,3.11,0.574,1.58,0.225,1.47,0.22
29.4,91.1,"BASALTIC-ANDESITE [28752]",21.1,49.7,6.37,28.7,6.42,1.92,5.06,0.668,3.54,0.673,1.82,0.264,1.71,0.247
29.4,91.1,"BASALTIC-ANDESITE [28752]",24.5,57.4,7.41,31.5,6.45,1.81,4.84,0.64,3.27,0.616,1.66,0.244,1.6,0.244
29.4,91.1,"BASALTIC-ANDESITE [28752]",25.4,59,7.81,33.3,7.11,1.74,5.36,0.703,3.7,0.688,1.91,0.264,1.73,0.262
29.4,91.1,"BASALTIC-ANDESITE [28752]",16.7,41.2,5.77,26.8,6.29,1.72,5.26,0.731,4.24,0.828,2.21,0.309,1.96,0.286
29.4,91.1,"BASALTIC-ANDESITE [28752]",19.1,47.3,6.69,31.4,7.32,2.02,5.82,0.779,4.32,0.813,2.19,0.307,1.93,0.279
-8.7036,116.155,"BASALTIC-ANDESITE [28755]",3.470413,9.261085,1.403494,6.942638,2.050953,0.805369,2.670918,0.541453,3.840352,0.830239,2.411772,0.379635,2.553942,0.389255
-8.7672,116.1233,"BASALTIC-ANDESITE [28755]",2.917743,8.003056,1.25483,6.224309,2.224872,0.92152,2.755538,0.5854,4.006228,0.798881,2.408066,0.382126,2.618746,0.380231
-8.7617,116.0964,"BASALTIC-ANDESITE [28755]",5.000367,13.21084,1.974048,9.589016,2.775559,0.738654,3.369491,0.651048,4.291973,0.90621,2.617384,0.42706,2.636045,0.413827
-8.8725,116.1633,"BASALTIC-ANDESITE [28755]",4.010218,10.78592,1.680262,8.35756,2.432929,0.83072,3.14408,0.578445,3.738846,0.770613,2.257428,0.362643,2.332239,0.378308
-8.8833,116.3069,"BASALTIC-ANDESITE [28755]",4.296332968,11.09174312,1.600561309,7.668549323,2.225783329,0.622336166,2.767265777,0.506584264,3.331333598,0.721557038,2.093274671,0.323128688,2.163662595,0.331969069
-8.4764,116.0836,"BASALTIC-ANDESITE [28755]",11.15738008,22.23490821,2.802113492,11.41692782,2.867672216,1.22779577,2.791458559,0.48680504,3.049954108,0.596513366,1.732244096,0.276131468,1.858343812,0.275805863
-8.4764,116.0836,"BASALTIC-ANDESITE [28755]",16.28762958,30.44120424,4.117115872,17.22209396,4.399623089,1.406388251,4.275987552,0.677665018,4.035895624,0.821300286,2.281358221,0.347778769,2.182202132,0.341445841
-8.4489,116.0894,"BASALTIC-ANDESITE [28755]",28.36216226,50.51204227,6.395024547,26.08160653,5.7846388,1.729294112,5.58951221,0.87920027,5.340562385,1.079326311,3.074377716,0.473991617,3.137140363,0.475202923
-8.3694,116.1719,"BASALTIC-ANDESITE [28755]",16.93453761,32.23096886,3.658696308,15.19658814,3.731663061,1.342184007,3.585113714,0.549029027,3.559554604,0.732780328,2.149690969,0.331807597,2.254946494,0.339104803
-8.3694,116.1719,"BASALTIC-ANDESITE [28755]",16.92182105,33.31580855,3.812526579,16.11286257,3.782181405,1.389904081,3.517806268,0.596182657,3.596676439,0.714389183,2.022331002,0.312213026,2.010211887,0.31801886
-8.3694,116.1719,"BASALTIC-ANDESITE [28755]",16.08500588,31.35258524,3.523141206,14.99317688,3.40863329,1.326007884,3.348346417,0.571602393,3.516116081,0.686708406,2.038343748,0.328712568,2.114654053,0.339554387
-8.3694,116.1719,"BASALTIC-ANDESITE [28755]",16.49768482,31.09418722,3.917034464,16.92513045,4.005380512,1.363432971,4.097639661,0.660295504,4.239159781,0.856882188,2.538848811,0.380109453,2.543544019,0.377114007
-8.2789,116.2383,"BASALTIC-ANDESITE [28755]",19.59955006,35.72330499,4.387332651,18.5791467,4.222885182,1.498153999,3.77021773,0.678622034,3.972214482,0.783876357,2.238354014,0.358064784,2.269394579,0.358934262
-8.2633,116.4792,"BASALTIC-ANDESITE [28755]",11.53670182,24.07821428,2.883678275,12.62878479,3.048033385,1.268449508,3.061363627,0.589533527,3.595998728,0.754880934,2.140743306,0.349425497,2.379689407,0.355011675
-8.2633,116.4792,"BASALTIC-ANDESITE [28755]",9.619784801,19.6383379,2.411196113,10.51367727,2.746562714,1.235945772,2.779955304,0.493961806,3.188701349,0.663420976,1.938639452,0.322591023,2.206118869,0.334566157
-8.2633,116.4792,"BASALTIC-ANDESITE [28755]",8.557920008,16.33142831,1.941679984,8.235148075,2.26503912,1.180417083,2.419667359,0.456856782,2.7281466,0.608630795,1.813908926,0.306829017,2.163610966,0.32496236
-8.2633,116.4792,"BASALTIC-ANDESITE [28755]",11.07256696,22.69514486,2.604483999,10.92028111,2.86378058,1.198856746,2.952711575,0.536385629,3.330689736,0.683115374,2.049264531,0.32072534,2.267637808,0.345523927
-8.3114,116.4917,"BASALTIC-ANDESITE [28755]",9.091048076,18.34728589,2.288223363,9.71941666,2.568692143,1.196029123,2.694088763,0.496275061,3.072234372,0.667643806,1.874632765,0.310585421,2.124183913,0.330699044
-8.3114,116.4917,"BASALTIC-ANDESITE [28755]",12.8566904,27.53026312,3.311421242,14.11807046,3.373497735,1.210102756,3.424279502,0.622305748,3.80716427,0.758455855,2.201729494,0.3467171,2.434445105,0.362520267
-8.4025,116.54,"BASALTIC-ANDESITE [28755]",13.24364399,28.8535508,3.6383511,16.30402191,4.12013663,1.396028607,4.026443163,0.707932198,4.108098004,0.871394537,2.475715282,0.378507308,2.503898887,0.379453234
-8.4025,116.54,"BASALTIC-ANDESITE [28755]",9.656595641,19.96144786,2.675597869,11.81351513,3.182884322,1.284163215,3.17985886,0.559984643,3.407320226,0.729644699,2.111721876,0.318328608,2.229895408,0.336700113
-8.4025,116.54,"BASALTIC-ANDESITE [28755]",10.166802,20.74304597,2.647120083,11.36788554,2.853157093,1.229416128,2.902666378,0.531864748,3.177252575,0.679340825,1.884917803,0.30147398,2.089256266,0.322671563
-8.4025,116.54,"BASALTIC-ANDESITE [28755]",10.91786,22.29648,2.856954,12.73877,3.29903,1.211936,3.303339,0.53751,3.395288,0.714028,2.115039,0.329098,2.202315,0.348908
-8.4156,116.5381,"BASALTIC-ANDESITE [28755]",14.96859,31.77297,4.04136,17.78913,4.266423,1.366631,4.550572,0.708809,4.573005,0.912445,2.587585,0.404297,2.55439,0.397186
-8.4156,116.5381,"BASALTIC-ANDESITE [28755]",8.353759,16.53926,2.082639,9.46816,2.536295,1.299882,2.531296,0.461578,2.99722,0.639624,1.878696,0.299915,2.060576,0.328901
-8.4475,116.5314,"BASALTIC-ANDESITE [28755]",8.673454,17.15324,2.410772,11.07259,2.960795,1.154822,3.165495,0.529909,3.284233,0.648855,1.895077,0.293172,1.936399,0.29733
37.219839,15.107165,"BASALTIC-ANDESITE [28762]",27,49,5.2,19,4.2,1.55,4.5,0.79,4.38,0.82,2.05,0.26,1.67,0.23
37.219839,15.107165,"BASALTIC-ANDESITE [28762]",9.111607796,21.03981961,2.674156456,11.80044426,3.534239614,1.421083808,3.87246447,0.737201663,4.261577828,0.844188071,2.047008956,0.264088652,1.740185126,0.233993646
37.247779,15.008814,"BASALTIC-ANDESITE [28762]",31,56,6.5,27,6.4,2.15,5.5,0.92,5.11,0.98,2.38,0.31,1.98,0.27
-24.3833,-56.3833,"BASALTIC-ANDESITE [9723]",23.487,50.741,6.37,28.294,5.975,1.924,6.155,1.118,6.646,1.382,3.827,0.554,3.507,0.515
-25.2167,-56.4167,"BASALTIC-ANDESITE [9723]",21.839,47.804,6.076,27.224,6.086,1.906,6.344,1.159,6.961,1.452,4.065,0.585,3.744,0.551
45.3,129,"BASALTIC-ANDESITE [28812]",17.11052921,38.92556201,4.903450067,20.09834832,4.80049031,1.383216651,4.396158903,0.651243862,3.922359224,0.807770983,2.236172158,0.33853643,2.135368634,0.319940745
45.3,129,"BASALTIC-ANDESITE [28812]",16.22854496,37.95548489,4.751337534,19.96066175,4.548574564,1.411210262,4.185485245,0.675149293,3.918136996,0.771267382,2.194284265,0.325296205,2.027582949,0.330027137
45.3,129,"BASALTIC-ANDESITE [28812]",16.1940463,36.23931968,4.842986896,20.283597,4.576409122,1.329600888,4.299065596,0.656403286,4.071281751,0.781388042,2.228491701,0.317579521,2.112801056,0.2992429
35.2,112.3,"BASALTIC-ANDESITE [28851]",10.60107262,24.41745572,3.238056994,14.27514727,3.78203046,1.269341897,4.975865123,0.873464853,6.011262905,1.245842194,3.718223474,0.562943824,3.743575264,0.559726113
35.2,112.3,"BASALTIC-ANDESITE [28851]",8.863223445,22.97302345,3.204673231,15.08779496,3.858286494,1.32664208,4.995947579,0.90550467,6.070779525,1.292214283,3.823342089,0.569552026,3.864788713,0.595646167
35.2,112.3,"BASALTIC-ANDESITE [28851]",19.89165142,44.85785319,5.402584877,22.49194347,5.135488234,1.454708728,5.526334116,0.980450108,6.192165618,1.274822658,3.668069354,0.543037495,3.715475194,0.57263017
35.2,112.3,"BASALTIC-ANDESITE [28851]",7.013590405,19.3581298,2.898574384,13.83545537,4.020140819,1.268101785,4.875702212,0.910342224,6.035944109,1.282569317,3.640952356,0.587934865,3.864887367,0.614653776
-26.82479557,-69.39167164,"BASALTIC-ANDESITE [28869]",15.7,37.64,5.14,25.01,5.95,1.88,6.09,1.15,5.67,1.35,3.43,0.54,3.01,0.52
-27.75465233,-69.56661289,"BASALTIC-ANDESITE [28869]",26.56,51.62,6.19,26.23,5.48,2.11,5.13,0.82,3.36,0.68,1.85,0.21,1.25,0.18
-29.00274308,-70.29338502,"BASALTIC-ANDESITE [28869]",8.66,21.81,2.5,11.9,2.45,0.73,2.19,0.3,1.55,0.29,0.82,0.1,0.71,0.1
-29.98785697,-70.53164013,"BASALTIC-ANDESITE [28869]",58.5,126,15.8,71.3,12.5,2.87,10,1.42,7.78,1.59,4.18,0.58,3.69,0.55
-30.47001451,-70.49642756,"BASALTIC-ANDESITE [28869]",17.5,39.4,5.11,24.1,4.84,1.52,4.34,0.69,4.07,0.85,2.28,0.32,2.01,0.3
-30.9028645,-71.31178567,"BASALTIC-ANDESITE [28869]",12.56,36.6,5.06,21.46,4.85,0.99,4.55,0.69,3.9,0.8,2.37,0.33,2.25,0.33
-29.11525923,-70.42629247,"BASALTIC-ANDESITE [28910]",6.37,25.93,2.77,16.63,4.25,1.41,4.48,0.74,4.35,0.88,2.49,0.33,2.27,0.33
-25.30003275,-69.29824096,"BASALTIC-ANDESITE [28910]",10.3,23.4,2.91,13.1,3.39,1.19,4.03,0.69,4.31,0.91,2.72,0.4,2.52,0.41
56.48988889,157.9429167,"BASALTIC-ANDESITE [14355] / BASALT [14355]",13.55,39.72,3.77,16.12,4.23,1.33,3.88,0.77,3.84,0.69,1.91,0.36,1.65,0.25
37.7345,32.1457,"BASALTIC-ANDESITE [29022]",43.1,82.1,9.86,38.6,6.94,1.75,5.93,0.88,4.86,0.94,2.74,0.37,2.57,0.37
17.403,-62.7832,"BASALTIC-ANDESITE [9821]",4.27,10.8,1.74,9.04,2.78,1.04,3.65,0.64,4.14,0.9,2.6,0.44,2.73,0.43
17.403,-62.7832,"BASALTIC-ANDESITE [9821]",4.19,10.6,1.71,8.92,2.75,1.04,3.53,0.62,4.09,0.89,2.62,0.43,2.65,0.43
17.3622,-62.8532,"BASALTIC-ANDESITE [9821]",4.56,11.9,1.86,9.28,2.73,0.94,3.4,0.57,3.71,0.8,2.37,0.4,2.49,0.41
17.3403,-62.803,"BASALTIC-ANDESITE [9821]",4.77,12.5,1.95,9.82,2.83,1,3.4,0.59,3.86,0.84,2.53,0.43,2.64,0.43
17.4017,-62.8192,"BASALTIC-ANDESITE [9821]",5.79,14.4,2.26,11.5,3.56,1.15,4.47,0.76,4.98,1.07,3.12,0.52,3.23,0.52
-13.25,-72.26,"BASALTIC-ANDESITE [9841]",31.7,63.3,7.8,31.4,5.8,1.3,4.7,0.7,4,0.8,2.3,0.3,2.1,0.3
-14.5,-70.4,"BASALTIC-ANDESITE [9841]",86.3,148.7,17.8,71.1,11.4,2.8,10.7,1.6,8.8,1.6,4.6,0.7,4.6,0.6
-14.5,-70.4,"BASALTIC-ANDESITE [9841]",38.9,77.5,9.2,35.7,6.9,1.8,7.5,1.2,7.9,1.4,4.1,0.6,4,0.6
-14.5,-70.4,"BASALTIC-ANDESITE [9841]",62,131.2,13.8,53.6,9.1,2.4,8.9,1.4,8.1,1.5,4.4,0.7,4.5,0.6
-14.5,-70.4,"BASALTIC-ANDESITE [9841]",35.6,91.9,8.3,31.7,6.2,1.5,6.6,1.1,6.9,1.4,4,0.6,3.9,0.6
-14.5,-70.4,"BASALTIC-ANDESITE [9841]",37.4,106.8,8.5,33.5,6.5,1.6,7.2,1.3,8.3,1.7,4.9,0.7,4.5,0.7
-14.5,-70.4,"BASALTIC-ANDESITE [9841]",37.5,81.8,8.7,32.8,5.8,1.5,6.4,1,6.8,1.5,4.2,0.6,4.2,0.6
-14.5,-70.4,"BASALTIC-ANDESITE [9841]",44.7,106.6,10.6,41.6,7.6,1.9,8.2,1.3,7.7,1.5,4.3,0.6,4.1,0.6
-14.5,-70.4,"BASALTIC-ANDESITE [9841]",36.3,79.8,8.4,32.8,6.5,1.6,6.9,1.2,7.7,1.6,4.7,0.7,4.4,0.6
-6.7047,107.0277,"BASALTIC-ANDESITE [14435] / NOT GIVEN [15430]",13.6,28.6,3.78,16.1,3.76,1.06,3.98,0.63,3.71,0.77,2.07,0.32,2.02,0.33
-6.7047,107.0277,"BASALTIC-ANDESITE [14435] / NOT GIVEN [15430]",13.4,28.5,3.76,16.4,3.8,1.07,4.09,0.63,3.77,0.78,2.11,0.33,2.05,0.34
-6.7476,107.0412,"BASALTIC-ANDESITE [14435] / NOT GIVEN [15430]",13.8,30.8,4.26,18.7,4.37,1.25,4.68,0.74,4.34,0.89,2.45,0.38,2.44,0.41
-6.7869,106.9786,"BASALTIC-ANDESITE [14435] / NOT GIVEN [15430]",12.6,28.1,3.87,17.1,4.09,1.24,4.23,0.69,4.1,0.84,2.33,0.37,2.35,0.39
-6.7842,106.9752,"BASALTIC-ANDESITE [14435] / NOT GIVEN [15430]",10.9,27.2,3.39,15.3,3.82,1.13,4.07,0.68,4.05,0.84,2.33,0.38,2.41,0.4
-6.7833,106.9791,"BASALTIC-ANDESITE [14435] / NOT GIVEN [15430]",12,26,3.52,15.2,3.5,1.08,3.64,0.59,3.46,0.73,2.01,0.31,2.01,0.33
-6.7779,106.9755,"BASALTIC-ANDESITE [14435] / NOT GIVEN [15430]",10.4,22.6,3.07,13.8,3.34,1.04,3.6,0.58,3.44,0.72,1.96,0.3,1.92,0.31
-6.8,107,"BASALTIC-ANDESITE [14435] / NOT GIVEN [15430]",12.9,28.8,4.09,18.5,4.3,1.34,4.46,0.68,4.17,0.86,2.39,0.38,2.39,0.4
-6.7182,106.9651,"BASALTIC-ANDESITE [14435] / NOT GIVEN [15430]",17.1,38.6,5.38,24.2,5.47,1.54,5.44,0.84,4.87,1,2.76,0.43,2.77,0.46
-6.7057,106.9766,"BASALTIC-ANDESITE [14435] / NOT GIVEN [15430]",14.5,31.7,4.59,20.7,4.7,1.42,4.76,0.73,4.1,0.85,2.25,0.34,2.15,0.35
37.6,-1.35,"BASALTIC-ANDESITE [9872]",17.77,38.98,5.22,23.6,5.81,1.76,6.7,1.06,6.33,1.33,3.32,0.54,3.02,0.44
-6.8302,106.933,"BASALTIC-ANDESITE [14435] / NOT GIVEN [15430]",13.3,28.2,3.76,16.2,3.8,1.06,4,0.64,3.75,0.77,2.09,0.32,2.05,0.33
-6.7333,107.0057,"BASALTIC-ANDESITE [14435] / NOT GIVEN [15430]",13.4,29.1,3.97,17.5,4.13,1.15,4.24,0.69,4.05,0.85,2.33,0.36,2.33,0.39
-6.7553,107.0179,"BASALTIC-ANDESITE [14435] / NOT GIVEN [15430]",13.8,30.8,4.25,18.6,4.4,1.24,4.55,0.73,4.36,0.9,2.48,0.38,2.48,0.42
-6.7952,107.0192,"BASALTIC-ANDESITE [14435] / NOT GIVEN [15430]",12.7,26.8,3.71,16.4,3.83,1.16,4.14,0.65,3.85,0.81,2.2,0.35,2.18,0.36
-6.7047,107.0277,"BASALTIC-ANDESITE [14435] / NOT GIVEN [15430]",13.8,29.2,3.84,16.6,3.84,1.08,3.99,0.63,3.72,0.77,2.1,0.33,2.05,0.34
-6.813,107.0578,"BASALTIC-ANDESITE [14435] / NOT GIVEN [15430]",16.5,33.5,4.76,20.8,4.71,1.34,4.97,0.78,4.55,0.95,2.57,0.39,2.5,0.41
-9.65423,149.84855,"BASALTIC-ANDESITE [13922]",1.75,4.7,0.769,4.12,1.48,0.584,2.08,0.414,2.91,0.655,1.92,0.301,2.107,0.33
52.502,158.128,"BASALTIC-ANDESITE [9813]",10.9,25.2,3.8,17,4.68,1.54,4.53,0.82,4.84,1.05,2.89,0.43,2.69,0.392
52.479,158.135,"BASALTIC-ANDESITE [9813]",6.78,17.1,2.62,12.6,3.38,1.15,3.86,0.65,3.97,0.85,2.39,0.36,2.32,0.37
52.476,158.158,"BASALTIC-ANDESITE [9813]",4.79,13.7,2.39,11.4,3.44,1.22,4.13,0.78,4.4,1.07,3.03,0.45,2.6,0.387
52.559,158.043,"BASALTIC-ANDESITE [9813]",17.2,38.4,5.56,24.6,5.98,1.57,5.73,1,5.79,1.26,3.48,0.52,3.27,0.459
52.591,157.996,"BASALTIC-ANDESITE [9813]",14.5,35.1,5.02,21.2,4.96,1.46,4.75,0.86,4.72,1.08,2.98,0.45,2.65,0.389
52.58,157.992,"BASALTIC-ANDESITE [9813]",12.5,30.3,4.35,20,4.8,1.44,4.98,0.79,4.74,1,2.78,0.42,2.81,0.389
52.589,158,"BASALTIC-ANDESITE [9813]",18.3,44.1,6.35,26.8,6.28,1.6,5.99,1.09,6.05,1.37,3.8,0.57,3.44,0.506
37.5,140.5,"BASALTIC-ANDESITE [9796]",6.12,14.2,1.99,9.28,2.59,0.909,3.14,0.539,3.49,0.755,2.2,0.327,2.17,0.338
37.5,140.5,"BASALTIC-ANDESITE [9796]",5.98,13.9,1.91,8.89,2.41,0.84,2.83,0.482,3.09,0.673,1.98,0.289,1.91,0.296
38,140.5,"BASALTIC-ANDESITE [9796]",2.19,5.03,0.711,3.65,1.31,0.596,1.98,0.376,2.63,0.592,1.79,0.273,1.83,0.291
38,140.5,"BASALTIC-ANDESITE [9796]",1.8,4.24,0.611,3.17,1.14,0.514,1.68,0.318,2.22,0.499,1.51,0.231,1.53,0.239
-22.215,-176.608,"BASALTIC-ANDESITE [9804]",3.06,9.49,1.62,8.65,2.99,1.14,3.94,0.729,4.95,1.05,3.03,0.456,3.09,0.457
-22.217,-176.608,"BASALTIC-ANDESITE [9804]",3.13,9.17,1.57,8.41,2.99,1.1,3.96,0.733,4.97,1.08,3.11,0.466,3.11,0.473
-22.54,-176.717,"BASALTIC-ANDESITE [9804]",3.8,10.4,1.74,9.1,3.12,1.16,4.08,0.75,5.09,1.09,3.16,0.471,3.2,0.484
-22.528,-176.717,"BASALTIC-ANDESITE [9804]",3.85,10.5,1.73,8.95,3.05,1.11,3.96,0.726,4.93,1.06,3.07,0.458,3.1,0.473
-22.537,-176.705,"BASALTIC-ANDESITE [9804]",3.92,10.8,1.82,9.56,3.31,1.25,4.28,0.778,5.25,1.14,3.26,0.486,3.26,0.494
-22.607,-176.732,"BASALTIC-ANDESITE [9804]",3.24,8.63,1.44,7.76,2.83,1.06,3.74,0.697,4.78,1.03,2.98,0.447,3.02,0.457
-22.533,-176.718,"BASALTIC-ANDESITE [9804]",3.92,10.8,1.8,9.46,3.25,1.22,4.24,0.771,5.2,1.12,3.23,0.482,3.25,0.492
-22.533,-176.717,"BASALTIC-ANDESITE [9804]",3.97,11,1.84,9.66,3.33,1.24,4.32,0.787,5.3,1.14,3.28,0.492,3.29,0.504
-22.533,-176.72,"BASALTIC-ANDESITE [9804]",3.9,10.8,1.8,9.47,3.26,1.23,4.25,0.773,5.23,1.13,3.23,0.484,3.26,0.496
-22.532,-176.72,"BASALTIC-ANDESITE [9804]",3.99,11,1.84,9.67,3.32,1.25,4.34,0.79,5.34,1.14,3.3,0.49,3.3,0.504
-22.668,-176.727,"BASALTIC-ANDESITE [9804]",3.25,7.95,1.25,6.38,2.07,0.76,2.56,0.45,3,0.64,1.86,0.28,1.87,0.286
-22.858,-176.742,"BASALTIC-ANDESITE [9804]",1.81,4.64,0.789,4.31,1.61,0.62,2.12,0.39,2.66,0.57,1.63,0.24,1.61,0.245
-22.837,-176.785,"BASALTIC-ANDESITE [9804]",1.99,5.16,0.856,4.61,1.69,0.63,2.22,0.41,2.85,0.62,1.79,0.27,1.84,0.28
-22.837,-176.785,"BASALTIC-ANDESITE [9804]",1.85,4.81,0.802,4.28,1.56,0.6,2.07,0.39,2.63,0.57,1.66,0.25,1.71,0.258
56.4529,160.8092,"BASALT [4276] / BASALTIC-ANDESITE [2475]",6.49,17.01,2.69,13.55,3.68,1.09,3.17,0.52,2.92,0.58,1.67,0.24,1.45,0.21
61.83,-147.1395,"BASALTIC-ANDESITE [9196]",4.45,10.12,1.42,7.05,2.2,0.8,2.52,0.45,2.89,0.61,1.69,0.24,1.52,0.24
49.42,20.4,"BASALTIC-ANDESITE [9502]",28.9,45.6,6.27,24.1,4.7,1.56,4.25,0.71,4.02,0.76,2.22,0.329,2.11,0.314
49.42,20.4,"BASALTIC-ANDESITE [9502]",23.9,43,5.17,20.5,4.25,1.36,3.72,0.64,3.66,0.73,2.11,0.305,1.96,0.304
49.42,20.4,"BASALTIC-ANDESITE [9502]",29.1,45.3,6.53,25,4.87,1.59,4.3,0.72,3.96,0.76,2.18,0.315,2.02,0.306
49.42,20.4,"BASALTIC-ANDESITE [9502]",34.5,54.2,7.45,28.2,5.48,1.79,4.78,0.79,4.38,0.84,2.42,0.356,2.24,0.341
49.42,20.4,"BASALTIC-ANDESITE [9502]",31.4,51.7,6.95,26,4.82,1.6,4.39,0.71,3.93,0.76,2.19,0.327,2.1,0.324
49.42,20.4,"BASALTIC-ANDESITE [9502]",31.8,51.4,6.92,26.2,4.9,1.61,4.35,0.72,3.97,0.75,2.17,0.328,2.14,0.324
49.42,20.4,"BASALTIC-ANDESITE [9502]",31.6,51.4,6.92,26.2,4.98,1.62,4.39,0.73,4.04,0.77,2.2,0.326,2.15,0.322
49.42,20.4,"ANDESITE [20960] / BASALTIC-ANDESITE [9502]",6.13,13.2,1.9,8.86,2.36,0.78,2.55,0.42,2.59,0.55,1.54,0.357,1.51,0.22
46.47,89.58,"BASALTIC-ANDESITE [18749] / ADAKITE [11959]",14.6,31.5,4.31,18,4.07,1.25,3.61,0.546,3.38,0.652,1.88,0.262,1.77,0.265
18,-76.8,"BASALTIC-ANDESITE [15615] / BASALT [14580]",19.31,38.51,5.09,21.24,5.35,1.84,5.41,0.85,4.99,0.87,2.29,0.32,1.91,0.26
-62.1417,-58.85,"BASALTIC-ANDESITE [7216]",10.24,21.98,2.627,13.98,3.42,0.883,2.94,0.5,2.8,0.55,1.5,0.211,1.41,0.272
-62.1417,-58.85,"BASALTIC-ANDESITE [7216]",7.69,16.38,2.318,11.67,2.96,1.096,2.64,0.46,3.09,0.59,1.64,0.233,1.59,0.268
40,8.5,"BASALTIC-ANDESITE [7794]",11.3,23,2.85,14.2,3.5,1.39,3.29,0.48,2.56,0.48,1.11,0.14,0.94,0.15
40.38,9.7,"BASALTIC-ANDESITE [7656]",12.08,24.64,3.3,15.68,3.98,1.45,3.76,0.55,3.12,0.54,1.36,0.19,1.21,0.19
40.38,9.7,"BASALTIC-ANDESITE [7656]",14.2,29.8,4.02,18,4.28,1.57,4.15,0.54,3.01,0.55,1.37,0.19,1.05,0.16
40.38,9.7,"BASALTIC-ANDESITE [7656]",11.42,22.34,2.72,14.56,4.43,1.64,4.42,0.67,3.59,0.59,1.66,0.21,1.23,0.16
40.38,9.7,"BASALTIC-ANDESITE [7656]",38.32,68.88,6.81,29.5,6.38,2,5.81,0.78,4.29,0.74,2,0.27,1.57,0.2
40.38,9.7,"BASALTIC-ANDESITE [7656]",18.72,36.89,3.84,18.61,4.79,1.65,4.71,0.65,3.58,0.6,1.6,0.21,1.25,0.16
40.38,9.7,"BASALTIC-ANDESITE [7656]",20.35,39.37,4.71,19.81,4.37,1.57,4.42,0.6,3.3,0.66,1.59,0.23,1.36,0.22
39.63,8.87,"BASALTIC-ANDESITE [7646]",12.4,27.6,3.53,16.5,3.98,1.23,3.94,0.69,4.23,0.96,2.66,0.4,2.65,0.37
-40.5578,-72.1008,"BASALTIC-ANDESITE [10020]",14.8,32.5,4.01,19.2,4.94,1.44,4.8,0.83,4.86,0.99,2.82,0.44,2.69,0.42
-40.59,-72.12,"BASALTIC-ANDESITE [10020]",10.8,22.8,3.37,13.7,3.54,1.04,3.65,0.64,3.85,0.81,2.45,0.36,2.22,0.33
-40.5825,-72.119,"BASALTIC-ANDESITE [10020]",13.5,30.6,3.88,17.6,4.38,1.4,4.31,0.76,4.62,0.93,2.63,0.41,2.52,0.38
-40.59,-72.12,"BASALTIC-ANDESITE [10020]",9.6,22.2,3.03,12.7,3.23,1.07,3.23,0.53,3.25,0.67,1.99,0.3,1.9,0.29
-40.5515,-72.0918,"BASALTIC-ANDESITE [10020]",14.2,32.5,4.39,19.6,5.03,1.53,5.24,0.91,5.17,1.04,3.32,0.49,2.99,0.47
-41.1,-72.493,"BASALTIC-ANDESITE [10020]",5.63,13.6,1.93,8.91,2.51,0.91,2.84,0.49,2.84,0.59,1.74,0.26,1.69,0.25
-40.5,-71,"BASALTIC-ANDESITE [10020]",16.4,34.53,4.37,17.28,3.14,1.2,3.16,0.49,2.79,0.57,1.67,0.25,1.66,0.23
-40.5,-71,"BASALTIC-ANDESITE [10020]",23.72,56.46,7.89,34.37,7.74,2.47,8.48,1.36,7.87,1.58,4.54,0.69,4.33,0.61
64.02,-19.65,"BASALT [14961]",26.83,66,8.33,38.67,9.23,3.04,9.94,1.48,8.65,1.67,4.52,0.61,3.83,0.556
64.02,-19.65,"BASALTIC-ANDESITE [14961]",46.85,110,15.19,69.13,14.54,4.85,15.95,2.26,14.34,2.78,7.1,0.96,6.03,0.904
64.02,-19.65,"BASALT [14961]",26.76,62,8.42,39.43,9.68,3.15,10.24,1.51,9,1.73,4.56,0.62,3.94,0.578
64.02,-19.65,"BASALTIC-ANDESITE [14961]",48.08,111,14.7,65.37,14.87,4.59,15.86,2.28,13.65,2.63,7.14,0.99,6.12,0.903
64.02,-19.65,"BASALTIC-ANDESITE [14961]",47.86,112,14.45,66.89,15.22,4.69,16.33,2.36,13.9,2.63,7.22,0.95,6.08,0.9
36.6094,37.0739,"BASALTIC-ANDESITE [9371]",14.4,30.4,4.02,17.2,4.45,1.46,4.79,0.789,4.6,0.871,2.28,0.309,1.92,0.274
36.1156,37.2278,"BASALTIC-ANDESITE [9371]",8.13,18.1,2.39,10.9,3.32,1.26,3.92,0.642,3.89,0.73,1.85,0.244,1.48,0.203
53.256,158.836,"BASALTIC-ANDESITE [9909]",4.83,12.3,1.88,9.37,2.72,0.943,3.05,0.535,3.26,0.664,2.04,0.283,1.93,0.288
-15.17,-72,"BASALTIC-ANDESITE [10163]",28.7,62.7,0,35.5,7.04,1.56,5.8,0,4.27,0,2.36,0,1.74,0
-15.17,-72,"BASALTIC-ANDESITE [10163]",31.7,69.75,8.5,34.6,6.48,1.87,5.25,0.74,3.92,0.73,1.86,0.26,1.89,0.26
-15.17,-72,"BASALTIC-ANDESITE [10163]",19.54,43.04,5.45,23.7,4.67,1.42,3.76,0.57,2.99,0.61,1.63,0.21,1.41,0.26
-15.17,-72,"BASALTIC-ANDESITE [10163]",40.1,83,0,43,7.16,1.71,5.3,0,3.22,0,1.2,0,0.92,0
-15.17,-72,"BASALTIC-ANDESITE [10163]",33.16,73.93,9.62,40.86,6.49,1.77,5.13,0.64,3.11,0.53,1.48,0.2,1.2,0.18
-15.17,-72,"BASALTIC-ANDESITE [10163]",35.9,76.77,10.16,42.4,7.38,1.91,4.89,0.64,3.3,0.56,1.3,0.19,1.23,0.17
-15.8833,-72.1333,"BASALTIC-ANDESITE [10163]",33.18,80.81,9.66,33.93,6.09,1.56,4.72,0.51,3.36,0.54,1.31,0.21,0.99,0.17
-15.9575,-72.1306,"BASALTIC-ANDESITE [10163]",40.65,92.2,10.82,42.03,7.34,2.03,5.06,0.64,2.91,0.48,1.3,0.16,0.93,0.14
-15.17,-72,"BASALTIC-ANDESITE [10163]",34.74,82.02,0,38.99,7.84,1.6,5.37,0,2.8,0,1.25,0,0.84,0
-15.17,-72,"BASALTIC-ANDESITE [10163]",62.21,125.27,14.01,56.4,8.88,2.12,5.47,0.73,3.42,0.54,1.46,0.2,1.16,0.18
42.9,79.5,"BASALT [19453] / BASALTIC-ANDESITE [15069]",27.098743,56.722537,6.78,31.087719,6.536290739,1.660169934,5.7306346,0.83090871,5.5438965,1.2394568,3.2617415,0.46666106,3.3174774,0.46495916
46,82,"BASALTIC-ANDESITE [19453]",19.597316,42.550389,5.8,28.30009,7.078211681,2.24313931,6.0245828,0.75775053,4.0577669,0.72657625,1.472441,0.22029654,1.0685878,0.12
46,82,"BASALTIC-ANDESITE [19453]",21.311527,47.126994,6.31,31.330753,7.357459315,2.251798405,6.234481,0.90128742,4.3145292,0.67205919,1.4891311,0.21143138,1.2801155,0.16033839
46,82,"BASALTIC-ANDESITE [19453]",21.529566,47.834944,6.46,32.47657,7.593059959,2.414033877,6.2745581,0.83140971,4.4255154,0.72779541,1.3577609,0.18507366,1.2106949,0.16869785
46,82,"BASALTIC-ANDESITE [19453]",21.542804,45.9124,5.98,30.27704,8.0285426,2.473918887,7.1504805,0.89603825,4.35461105,0.81546349,1.7079441,0.22191783,1.3305215,0.16840108
46,82,"BASALTIC-ANDESITE [19453]",20.241542,46.936568,6.38,30.425284,7.2705951,2.367408488,6.7211292,0.91552857,4.1138709,0.72058546,1.8765682,0.16099303,1.2702855,0.15301954
-56.33,-27.53,"BASALTIC-ANDESITE [2193] / NOT GIVEN [9837]",1.97,5.89,0.97,5.45,1.96,0.9,2.59,0.48,3.17,0.68,2,0.32,2.09,0.3
-56.75,-27.25,"BASALTIC-ANDESITE [2193] / NOT GIVEN [14922]",5.05,12.8,2.1,10.5,3.37,1.13,4.45,0.82,5.24,1.1,3.39,0.49,3.29,0.48
-57.78,-26.45,"BASALTIC-ANDESITE [2193] / NOT GIVEN [23853] / BASALT [14922]",1.8744,5.863,0.9357,5.0209,1.7784,0.6213,2.422,0.4407176,2.8763,0.6566,1.8514,0.36,1.8094,0.3154
-59.416,-27.266,"BASALTIC-ANDESITE [2193] / NOT GIVEN [9837]",6.06,19.9,2.4,14.1,4.18,1.23,5.26,0.84,5.78,1.08,3.81,0.5,3.86,0.52
-59.483,-27.233,"ANDESITE [2193] / BASALTIC-ANDESITE [2813]",3.26,9.38,1.45,7.65,2.35,0.83,3.02,0.56,3.61,0.78,2.27,0.37,2.5,0.38
43.45,83.15,"BASALTIC-ANDESITE [20935] / BASALT [11907]",8.19,17.62,2.39,10.08,2.55,0.76,2.76,0.47,2.86,0.56,1.57,0.23,1.48,0.22
18.8502,-100.5021,"BASALTIC-ANDESITE [10275]",17.77,35.77,4.41,18.92,4.54,1.48,4.3,0.68,3.97,0.81,2.07,0.29,1.79,0.27
19.791,-100.5443,"BASALTIC-ANDESITE [10275]",14.69,29.44,3.82,17.13,4.4,1.59,4.42,0.69,4.11,0.83,2.11,0.3,1.78,0.29
19.6868,-100.4632,"BASALTIC-ANDESITE [10275]",27.97,57.4,7.16,31.22,7.6,2.31,7.23,1.13,6.6,1.29,3.4,0.47,2.87,0.45
19.0553,-100.0507,"BASALTIC-ANDESITE [10275]",44.03,84.93,10.69,44.79,9.25,2.49,7.06,0.88,4.55,0.81,2.03,0.28,1.68,0.25
19.4248,-100.4328,"BASALTIC-ANDESITE [10275]",39.04,76.67,9.82,42.16,8.33,2.52,6.08,0.79,4.04,0.72,1.8,0.25,1.47,0.23
19.0292,-100.1445,"BASALTIC-ANDESITE [10275]",112.4,128.89,21.31,91.61,17.54,5.08,15.5,2.08,11,2.11,5.15,0.69,3.93,0.58
51.9961,58.1474,"BASALTIC-ANDESITE [13606]",1.01,2.83,0.48,2.64,0.97,0.29,1.39,0.25,1.86,0.43,1.29,0.2,1.26,0.19
51.9335,58.1925,"BASALTIC-ANDESITE [13606]",2.53,6.56,0.98,4.83,1.49,0.59,1.82,0.32,2.21,0.49,1.37,0.21,1.32,0.21
51.9335,58.1925,"ANDESITE [13606] / BASALTIC-ANDESITE [15353]",1.57,4.07,0.48,3.25,1.05,0.35,1.49,0.25,1.86,0.43,1.18,0.2,1.23,0.18
51.9931,58.1388,"BASALTIC-ANDESITE [13606]",2.91,7.47,1.11,5.45,1.75,0.63,2.31,0.4,2.88,0.63,1.79,0.27,1.67,0.27
-6.7732,-163.3953,"BASALT, PYROXENE-PLAGIOCLASE [22191] / BASALTIC-ANDESITE [15229]",5.06,13.01027886,1.983644213,10.11185423,3.171202528,1.154068195,4.17932643,0.721429825,4.791244776,0.990497949,2.952317677,0.438186083,2.996390519,0.43896197
-56.1,-29.5,"BASALTIC-ANDESITE [2701] / NOT GIVEN [9837]",9.78,25.95,3.29,14.77,4.21,1.61,4.79,0.85,5.66,1.18,3.36,0.524,3.37,0.53
-56.136,-29.5,"BASALTIC-ANDESITE [2701] / NOT GIVEN [9837]",9.46,23.7,3.41,15.61,4.51,1.53,5.08,0.88,5.87,1.23,3.51,0.544,3.52,0.55
-56.1155,-30.3502,"BASALTIC-ANDESITE [2701] / NOT GIVEN [9837]",11.75,28.42,3.93,18.51,5.13,1.7,5.83,1.02,6.51,1.36,3.87,0.608,3.79,0.59
-56.1155,-30.3502,"BASALTIC-ANDESITE [2701] / NOT GIVEN [9837]",9.41,23.28,3.03,13.72,3.71,1.25,4.07,0.66,4.09,0.83,2.35,0.372,2.31,0.36
20.42,145.6,"BASALTIC-ANDESITE [2437]",3.5,9.13,1.43,7.1,2.02,0.78,2.86,0.5,3.46,0.66,2.16,0.34,2.17,0.34
20.42,145.6,"BASALTIC-ANDESITE [2437]",4.52,11.17,1.7,8,2.34,0.86,3.12,0.55,3.57,0.73,2.23,0.31,2.17,0.35
21.42,143.9,"BASALT [5803] / BASALTIC-ANDESITE [2436]",17.5,35.7,4.5,18.2,3.86,1.26,3.7,0.54,3.33,0.72,1.83,0.28,1.74,0.28
20.75,143.9,"BASALTIC-ANDESITE [2437]",21.4,42.7,5.22,21.5,4.5,1.33,4.12,0.64,3.79,0.79,2.22,0.33,1.9,0.33
21.92,143.46,"BASALTIC-ANDESITE [2437] / ANDESITE [2916]",15.7,30.7,3.71,15.8,3.71,1.25,3.95,0.63,3.86,0.76,2.26,0.33,2.16,0.32
22.37,143.12,"BASALTIC-ANDESITE [2437]",2.28,6.14,0.91,4.5,1.43,0.55,1.95,0.34,2.37,0.51,1.47,0.23,1.43,0.23
22.5,143.9,"BASALTIC-ANDESITE [2437]",12.3,27.2,3.8,15.4,3.88,1.19,4.28,0.74,4.5,0.93,2.63,0.42,2.61,0.42
23.18,142.6,"BASALTIC-ANDESITE [2437]",51,97.7,11.2,44.4,8.1,2.4,6.3,0.82,5.1,0.95,2.74,0.38,2.27,0.4
23.08,142.6,"BASALTIC-ANDESITE [2437]",38.3,70,7.53,30.6,5.67,1.8,4.9,0.63,3.96,0.74,2.12,0.29,2.05,0.35
23.3,142.6,"BASALTIC-ANDESITE [2437]",32.2,63,7.49,30.4,6.1,1.86,5.5,0.77,4.5,0.86,2.41,0.36,2.24,0.36
25.1,141.5,"BASALTIC-ANDESITE [2437]",16.4,31.9,3.88,17.2,3.91,1.32,3.7,0.52,3.4,0.68,1.98,0.28,1.85,0.32
45.1,141.27,"BASALTIC-ANDESITE [10509]",13.4,33.1,4.21,19,4.55,1.57,4.86,0.82,5.16,1.13,3.02,0.47,3.18,0.47
45.1,141.27,"BASALTIC-ANDESITE [10509]",13.1,32.7,4.13,18.8,4.34,1.58,4.73,0.83,5.21,1.13,3.02,0.45,3.19,0.46
45.1,141.27,"BASALTIC-ANDESITE [10509]",14.2,33.8,4.27,19.1,4.49,1.58,4.97,0.83,5.32,1.11,2.91,0.45,3.13,0.47
29.049,140.505,"BASALTIC-ANDESITE [10515]",2.19,6.2,1.08,5.91,2.04,0.79,2.42,0.48,3.28,0.73,2.24,0.3,2.06,0.37
29.049,140.505,"BASALTIC-ANDESITE [10515]",2.25,6.28,1.07,6.06,2.09,0.8,2.73,0.51,3.53,0.77,2.19,0.32,2.29,0.36
20.58,145.6,"BASALTIC-ANDESITE [2436]",2.54,6.7,1.19,5.1,1.65,0.72,2.48,0.45,2.96,0.64,1.85,0.26,1.85,0.27
21.42,143.9,"BASALTIC-ANDESITE [2436]",19.2,37.3,4.55,18.2,3.87,1.25,3.8,0.56,3.23,0.68,1.86,0.29,1.67,0.29
21.42,143.9,"BASALTIC-ANDESITE [2436]",24.4,45.7,5.75,22.8,4.66,1.45,4.17,0.62,3.49,0.72,1.87,0.28,1.67,0.28
44.17,-121.5,"BASALTIC-ANDESITE [15253]",11.6,25,3.2,14.6,4,1.42,4,0.66,4.1,0.85,2.2,0.32,1.88,0.3
44.17,-121.77,"BASALTIC-ANDESITE [15253]",9.7,21,2.7,12.6,3.6,1.29,3.7,0.61,3.7,0.74,2,0.28,1.72,0.27
23.08,142.6,"BASALTIC-ANDESITE [2436]",42.5,77.6,8.82,34.7,6.5,2.02,5.3,0.71,4.2,0.81,2.18,0.31,2.03,0.32
44.17,-121.77,"BASALTIC-ANDESITE [15253]",10.4,22,2.8,13.1,3.4,1.24,3.5,0.56,3.4,0.69,1.8,0.26,1.57,0.25
44.17,-121.5,"BASALTIC-ANDESITE [15253]",12.1,26,3.3,14.9,4,1.35,3.9,0.64,3.8,0.77,2.1,0.3,1.82,0.28
44.17,-121.77,"BASALTIC-ANDESITE [15253]",10.4,23,3,13.9,3.8,1.38,3.9,0.65,3.9,0.8,2.1,0.3,1.85,0.29
44.17,-121.5,"BASALTIC-ANDESITE [15253]",9.6,21,2.8,12.9,3.5,1.26,3.7,0.6,3.6,0.73,2,0.28,1.74,0.27
44.17,-121.77,"BASALTIC-ANDESITE [15253]",9.7,21,2.8,13.4,3.7,1.33,3.9,0.64,3.8,0.79,2.1,0.3,1.8,0.29
44.25,-121.77,"BASALTIC-ANDESITE [15253]",10.1,22.2,3,14,3.7,1.4,3.8,0.62,3.8,0.78,2.1,0.29,1.82,0.28
44.25,-121.77,"ANDESITE [15253] / BASALTIC-ANDESITE [20728]",18.9,40,5.1,23,5.9,1.9,5.8,0.94,5.7,1.17,3.1,0.45,2.78,0.44
44.2,-121.8,"BASALTIC-ANDESITE [15253]",20.1,42.3,5.4,23.7,5.8,1.85,5.5,0.86,5.1,1.04,2.8,0.39,2.39,0.37
44.2,-121.8,"BASALTIC-ANDESITE [15253]",20.9,44.1,5.7,24.7,5.9,1.92,5.8,0.9,5.3,1.05,2.9,0.4,2.47,0.39
27.62,141.5,"BASALTIC-ANDESITE [2436]",1.69,6.67,1.46,5.77,2,0.75,2.88,0.6,3.52,0.87,2.21,0.38,2.21,0.45
27.62,141.5,"BASALTIC-ANDESITE [2436]",2.08,6.58,1.11,6.25,2.2,0.78,3.14,0.61,4.07,0.8,2.52,0.36,2.46,0.36
63.3,153.75,"BASALTIC-ANDESITE [15494]",17.85,36.55,4.47,19.54,4.66,1.54,4.4,0.67,3.99,0.79,2.1,0.29,1.82,0.29
60.6558,151.2989,"BASALTIC-ANDESITE [15494]",31.07,75.89,8.64,37.03,7.07,1.76,7.32,0.91,5.21,0.96,2.67,0.34,2.32,0.33
59.8958,140.3781,"BASALTIC-ANDESITE [15494]",22.41,36.12,5.32,20.89,3.79,1.03,4.42,0.49,2.93,0.55,1.66,0.2,1.57,0.21
12.3,-61.63,"NOT GIVEN [10901] / BASALT [3335] / ANDESITE [2545]",8.8,18.5,2.43,10.5,2.74,0.946,3.15,0.6,3.56,0.85,2.28,0.35,2.26,0.348
0.52,-78.3675,"ANDESITE [15515] / BASALTIC-ANDESITE [18438]",14.6,26.7,3.4,14.9,3.1,1,3.2,0.47,2.9,0.61,1.85,0.26,1.75,0.26
52,-177,"ANDESITE [7197]",9.11,20.2,2.82,14,3.2,1.04,3.27,0.59,3.68,0.75,2.23,0.338,2.21,0.348
52,-177,"ANDESITE [7197]",11.3,24.4,3.09,14.8,3.71,1.11,3.63,0.61,3.72,0.81,2.42,0.383,2.48,0.385
52,-177,"ANDESITE [7197]",15.1,31.5,4.05,19,4.24,1.18,3.95,0.64,3.83,0.81,2.47,0.385,2.41,0.385
48.3,92.5,"BASALTIC-ANDESITE [15551]",13.5,36,4.8,22.83,5.83,1.92,6.5,1.04,5.9,1.25,3.5,0.53,2.87,0.45
48.3,92.5,"BASALTIC-ANDESITE [15551]",3.9,9,1.32,6.91,2.12,0.8,2.54,0.49,3.06,0.75,1.87,0.32,1.8,0.32
48.3,92.5,"BASALTIC-ANDESITE [15551]",4.1,14.3,1.86,10.08,3.1,1.06,3.8,0.62,3.9,0.93,2.23,0.33,2.31,0.35
48.3,92.5,"BASALTIC-ANDESITE [15551]",2.61,7,1.09,5.72,1.78,0.56,2.17,0.35,2.52,0.56,1.65,0.28,1.34,0.22
48.3,92.5,"BASALTIC-ANDESITE [15551]",16.7,40,5.1,26.57,5.72,1.19,4.2,0.67,3.9,0.78,2.51,0.35,2.23,0.3
48.3,92.5,"BASALTIC-ANDESITE [15551]",24.2,56,7.6,34.26,7.85,1.61,7.6,1.23,7.2,1.4,4.24,0.65,3.89,0.64
48.3,92.5,"BASALTIC-ANDESITE [15551]",3.7,10.2,1.53,9.87,2.96,0.83,2.6,0.45,2.98,0.64,1.77,0.27,1.81,0.25
49,92.6,"BASALTIC-ANDESITE [15551]",9.6,24,3.3,16.47,4.17,1.33,4.5,0.71,4.2,0.9,2.57,0.38,2.53,0.38
40.0608,41.3644,"BASALTIC-ANDESITE [10699]",30.1,48.9,5.8,23,3.9,1.28,3.6,0.55,3.06,0.58,1.62,0.24,1.55,0.25
39.9822,41.6831,"BASALTIC-ANDESITE [10699]",21.7,44.2,5.4,21.1,4.07,1.48,4.5,0.64,4.21,0.87,2.39,0.35,2.55,0.4
39.9822,41.6831,"BASALTIC-ANDESITE [10699]",13.3,27.2,3.1,14.3,3.29,1,3.4,0.61,3.45,0.74,2.19,0.33,2.1,0.35
40.0458,42.1728,"BASALTIC-ANDESITE [10699]",19.5,36.8,4,15.9,3.33,1.1,3.7,0.57,3.32,0.62,1.82,0.27,1.85,0.29
41.58,-121.58,"BASALTIC-ANDESITE [10782]",9.3,20.4,2.8,11.8,3.37,1.2,3.2,0.51,3.16,0.67,1.9,0.28,1.86,0.27
37.0361,37.2742,"BASALTIC-ANDESITE [10880]",16.9,34.3,4.04,19.2,4.2,1.53,4.9,0.82,4.53,0.88,2.2,0.3,2,0.28
37.2033,37.1008,"BASALTIC-ANDESITE [10880]",15.1,31.8,3.76,18,4,1.39,4.51,0.76,4.11,0.78,2.16,0.29,1.84,0.27
37.2031,37.2756,"BASALTIC-ANDESITE [10880]",17.3,35.9,4.29,19.9,4.3,1.42,4.79,0.83,4.62,0.82,2.26,0.33,1.87,0.28
37.2031,37.2756,"BASALTIC-ANDESITE [10880]",15,32.1,3.75,18,4.1,1.33,4.55,0.77,4.43,0.78,2.15,0.3,1.71,0.27
37.0408,37.2747,"BASALTIC-ANDESITE [10880]",13.8,29.7,3.55,16.9,4,1.41,4.54,0.78,4.26,0.84,2.25,0.3,1.95,0.28
37.0408,37.2747,"BASALTIC-ANDESITE [10880]",17.2,37.1,4.4,21,4.5,1.56,5.16,0.86,4.66,0.96,2.4,0.31,2.01,0.3
37.0408,37.2747,"BASALTIC-ANDESITE [10880]",15.6,31.2,4.06,18.6,4.1,1.54,4.89,0.79,4.58,0.83,2.25,0.33,2.01,0.28
37.0408,37.2747,"BASALTIC-ANDESITE [10880]",16.7,35.6,4.35,21.6,4.5,1.58,5.14,0.9,4.87,0.91,2.47,0.33,2.21,0.3
37.0408,37.2747,"BASALTIC-ANDESITE [10880]",16.6,35.9,4.13,19.2,4.4,1.58,4.97,0.87,4.82,0.9,2.33,0.32,1.92,0.28
37.0408,37.2747,"BASALTIC-ANDESITE [10880]",16.6,34.8,4.15,19.3,4.5,1.54,5.21,0.85,4.64,0.89,2.29,0.33,2.06,0.28
37.2072,37.2675,"BASALTIC-ANDESITE [10880]",15.6,33,3.98,17.9,4,1.36,4.48,0.76,4.44,0.82,2.17,0.27,1.71,0.26
37.2072,37.2675,"BASALTIC-ANDESITE [10880]",15.1,33.7,3.9,18.1,4.3,1.32,4.58,0.75,4.26,0.86,2.15,0.3,1.86,0.26
37.2064,37.2764,"BASALTIC-ANDESITE [10880]",15.6,32.5,3.92,17.8,4.5,1.38,4.88,0.81,4.42,0.82,2.18,0.28,1.86,0.25
37.2064,37.2767,"BASALTIC-ANDESITE [10880]",14.2,30.4,3.51,16.3,3.9,1.32,4.5,0.76,4.43,0.82,2.23,0.31,1.91,0.29
37.225,37.2361,"BASALTIC-ANDESITE [10880]",17.1,36.8,4.25,19.3,4.7,1.54,5.09,0.85,4.68,0.9,2.32,0.3,2.08,0.28
37.2058,37.28,"BASALTIC-ANDESITE [10880]",15.9,34.9,4.16,19.4,4.3,1.47,5,0.8,4.48,0.82,2.19,0.29,1.8,0.28
37.1989,37.2808,"BASALTIC-ANDESITE [10880]",16.3,34.3,4.03,18.3,4.1,1.38,4.83,0.83,4.67,0.89,2.24,0.29,2.06,0.26
37.1892,37.3003,"BASALTIC-ANDESITE [10880]",17.7,37.5,4.35,19.7,4.4,1.46,4.88,0.8,4.49,0.85,2.2,0.3,1.9,0.28
37.1708,37.3206,"BASALTIC-ANDESITE [10880]",17.9,37.6,4.39,20.2,4.5,1.48,5.09,0.83,4.66,0.83,2.29,0.32,1.99,0.25
37.3642,37.5019,"BASALTIC-ANDESITE [10880]",18.9,34.2,4.53,21.3,4.5,1.5,5.32,0.84,4.9,0.92,2.37,0.33,1.99,0.27
37.3611,37.505,"BASALTIC-ANDESITE [10880]",15.7,32.6,3.86,17.7,4.1,1.36,4.34,0.71,4.28,0.76,2.03,0.26,1.66,0.25
37.3244,37.3417,"BASALTIC-ANDESITE [10880]",14.2,29.3,3.81,17.4,4.4,1.42,4.8,0.8,4.2,0.83,2.15,0.28,1.72,0.27
37.3106,37.3244,"BASALTIC-ANDESITE [10880]",19.9,40,5.1,22.2,5,1.66,5.02,0.89,4.71,0.89,2.31,0.32,1.93,0.27
37.3106,37.3244,"BASALTIC-ANDESITE [10880]",19.8,40,5.03,22,5.1,1.64,5.18,0.92,4.81,0.92,2.4,0.32,1.96,0.28
37.3136,37.3208,"BASALTIC-ANDESITE [10880]",14.1,28.8,3.62,16.7,4.2,1.53,4.81,0.82,4.2,0.82,2.18,0.31,1.74,0.26
37.3344,37.3156,"BASALTIC-ANDESITE [10880]",14.7,31.4,4.04,18.7,4.3,1.52,4.46,0.85,4.38,0.84,2.28,0.28,1.71,0.29
37.4317,37.3086,"BASALTIC-ANDESITE [10880]",11.5,24.3,3.09,15,3.8,1.25,4.08,0.73,3.88,0.78,2.06,0.28,1.86,0.24
37.4875,37.3222,"BASALTIC-ANDESITE [10880]",13.8,28.7,3.77,17.7,4.1,1.52,4.41,0.78,4.1,0.79,2.07,0.29,1.71,0.26
37.5592,37.3872,"BASALTIC-ANDESITE [10880]",14.9,30.1,3.88,18.1,4.4,1.45,4.69,0.83,4.2,0.79,2.18,0.3,1.76,0.26
37.5611,37.3847,"BASALTIC-ANDESITE [10880]",14.5,29.3,3.76,17.1,4.1,1.38,4.5,0.77,4.27,0.76,2,0.28,1.67,0.23
37.55,37.3783,"BASALTIC-ANDESITE [10880]",13.8,28.5,3.8,17.3,4.3,1.4,4.36,0.76,3.96,0.76,1.94,0.27,1.55,0.24
37.5425,37.3586,"BASALTIC-ANDESITE [10880]",10.9,22,2.95,13.8,3.6,1.29,4.29,0.72,3.86,0.79,2.04,0.29,1.7,0.24
20.6425,-74.995,"BASALTIC-ANDESITE [10713]",12,35,5.6,31,11,3.3,14,2.7,18,3.8,11,1.5,9.6,1.5
20.5489,-75.7961,"BASALTIC-ANDESITE [10713]",2.7,7.7,1.3,7.3,3,1.2,4.1,0.77,5.1,1.1,3.1,0.44,2.8,0.44
20.5856,-75.7211,"BASALTIC-ANDESITE [10713]",1.8,4.5,0.72,4.1,1.7,0.69,2.3,0.44,2.9,0.65,1.9,0.27,1.7,0.29
20.6472,-75.4286,"BASALTIC-ANDESITE [10713]",3.8,8.2,1.1,5.2,1.7,0.54,1.8,0.31,2,0.45,1.3,0.2,1.3,0.22
20.6519,-75.4256,"BASALTIC-ANDESITE [10713]",5,12,1.8,9.5,3.2,1.1,3.6,0.61,4,0.85,2.4,0.35,2.2,0.34
20.6528,-75.4292,"BASALTIC-ANDESITE [10713]",3.5,7.6,1,4.9,1.5,0.5,1.5,0.26,1.6,0.34,0.95,0.14,0.9,0.15
20.6528,-75.4292,"BASALTIC-ANDESITE [10713]",6.3,14,1.9,8.7,2.2,0.76,2.1,0.32,1.9,0.39,1.1,0.16,1,0.16
20.3447,-74.6608,"BASALTIC-ANDESITE [10713]",8.5,18,2.4,11,3.3,1.1,3.6,0.6,3.9,0.83,2.3,0.34,2.1,0.34
20.3497,-74.6564,"BASALTIC-ANDESITE [10713]",4.7,9.6,1.3,6.4,2.3,0.81,2.8,0.51,3.4,0.74,2.1,0.31,2,0.31
37.5,140,"BASALTIC-ANDESITE [2270]",7.09,16.82,2.29,9.72,2.65,0.74,3,0.52,3.34,0.74,2.07,0.34,2.29,0.37
37.5,140,"BASALTIC-ANDESITE [2270]",7.8,18.42,2.45,10.16,2.73,0.72,2.97,0.52,3.38,0.74,2.09,0.34,2.33,0.37
37.62,140.28,"BASALTIC-ANDESITE [2270]",8.26,19.11,2.53,10.34,2.73,0.7,3,0.51,3.27,0.72,2.02,0.34,2.25,0.35
37.62,140.28,"BASALTIC-ANDESITE [2270]",6.37,14.32,2.32,10.61,3.03,0.97,3.72,0.64,4.18,0.94,2.57,0.4,2.62,0.42
37.13,139.97,"BASALTIC-ANDESITE [2270]",9.61,21.95,3.07,13.22,3.45,0.95,3.86,0.66,4.02,0.83,2.23,0.34,2.14,0.35
37.13,139.97,"BASALTIC-ANDESITE [2270]",6.22,14.84,2.06,8.48,2.29,0.74,2.61,0.46,2.87,0.61,1.64,0.26,1.7,0.27
37.13,139.97,"BASALTIC-ANDESITE [2270]",5.12,13.07,1.86,7.84,2.35,0.79,2.72,0.49,3.14,0.69,1.88,0.29,1.83,0.3
36.9,139.8,"BASALTIC-ANDESITE [2270]",9.49,20.78,2.82,11.6,2.88,0.83,3.04,0.52,3.08,0.67,1.79,0.29,1.94,0.3
36.9,139.8,"BASALTIC-ANDESITE [2270]",10.37,22.24,2.99,12.63,3.1,0.88,3.44,0.59,3.64,0.76,2.09,0.33,2.09,0.34
36.5,139,"BASALTIC-ANDESITE [2270] / BASALT [3653]",7.52,17.55,2.54,11.35,3.06,1,3.67,0.66,4.11,0.88,2.41,0.39,2.42,0.4
37,140,"BASALTIC-ANDESITE [2270]",10.8,23.49,3.02,12.61,3.08,0.89,3.36,0.56,3.48,0.73,2.01,0.34,2.12,0.33
37,140,"BASALTIC-ANDESITE [2270]",7.8,17.16,2.32,9.52,2.33,0.74,2.52,0.43,2.61,0.55,1.51,0.24,1.57,0.25
36.55,139.2,"BASALTIC-ANDESITE [2270] / ANDESITE [3653]",5.79,12.1,1.79,7.31,1.96,0.68,2.01,0.33,2.14,0.46,1.18,0.18,1.29,0.2
49.3,6.8,"BASALTIC-ANDESITE [7826]",28.9,59,7,24.29,4.3,1.07,3.4,0.5,3.1,0.62,1.74,0.25,1.63,0.23
49.3,6.8,"BASALTIC-ANDESITE [7826]",24.6,50,5,20.66,3.85,1.06,3.3,0.5,3.1,0.6,1.77,0.25,1.55,0.22
49.3,6.8,"BASALTIC-ANDESITE [7826]",18.8,40,4,17.81,3.66,1.14,3.4,0.6,3.4,0.68,1.95,0.29,1.78,0.26
49.3,6.8,"BASALTIC-ANDESITE [7826]",25,52,6,22.55,4.51,1.26,4.3,0.7,4.1,0.85,2.37,0.34,2.06,0.32
49.3,6.8,"BASALTIC-ANDESITE [7826]",24.3,51,6,21.67,4.31,1.24,4,0.7,4,0.81,2.36,0.31,2.03,0.3
49.3,6.8,"BASALTIC-ANDESITE [7826]",33.1,69,8,30.47,5.91,1.53,4.9,0.8,5.1,1.07,3.18,0.46,2.8,0.39
49.3,6.8,"BASALTIC-ANDESITE [7826]",29.7,63,7,28.64,6.63,1.72,6,0.9,6.1,1.23,3.5,0.51,3.23,0.48
49.3,6.8,"BASALTIC-ANDESITE [7826]",27.9,58,6,25.01,4.98,1.4,4.5,0.7,4.5,0.94,2.72,0.37,2.37,0.36
36.0324,-106.4721,"BASALTIC-ANDESITE [10906]",81.3,125.9,13.59,50.11,9.18,2.65,7.37,1.04,5.68,1.07,2.69,0.38,2.28,0.35
36.0187,-106.5157,"BASALTIC-ANDESITE [10906]",61,95.6,10.73,40.71,7.86,2.31,6.46,0.93,5.19,1.01,2.66,0.37,2.24,0.35
36,-106,"BASALTIC-ANDESITE [10915]",18.61,32.91,3.9,16.45,4.13,1.48,4.36,0.7,4.32,0.88,2.37,0.34,2.08,0.32
33.492,139.2,"BASALTIC-ANDESITE [10884]",6.01,13.89,1.94,9.88,2.57,0.93,2.95,0.51,3.43,0.75,2.11,0.3,2.1,0.34
33.492,139.2,"BASALTIC-ANDESITE [10884]",6.78,15.63,2.13,10.85,2.75,0.99,3.24,0.56,3.52,0.76,2.21,0.33,2.13,0.34
33.611,139.2,"BASALTIC-ANDESITE [10884]",4.59,10.93,1.6,8.33,2.24,0.84,2.78,0.48,3.25,0.74,2.04,0.29,2,0.32
33.722,139.3,"BASALTIC-ANDESITE [10884]",3.3,8.21,1.21,6.34,1.8,0.69,2.32,0.4,2.68,0.61,1.75,0.25,1.73,0.28
-49.1433,-71.7367,"BASALTIC-ANDESITE [8991]",11.71934462,26.46255478,3.459,15.14121813,4.165153386,1.408948207,4.052,0.733329681,3.87,0.743,1.866,0.281,1.724668028,0.235466688
-49.0467,-71.5817,"BASALTIC-ANDESITE [8991]",7.050459147,16.976058,2.381,11.07929295,3.624801512,1.245606647,3.887,0.679,3.816,0.742,1.888,0.295,1.807134932,0.259524989
18.2,-77.05,"BASALTIC-ANDESITE [11125]",23,48.31,5.33,23.9,5.4,1.7,5.52,0.82,5.46,1.06,3.37,0.51,3.26,0.54
18.2,-77.05,"BASALTIC-ANDESITE [11125]",11,27.94,4.12,18.12,4.09,1.17,4.02,0.6,3.95,0.75,2.39,0.37,2.39,0.4
18.2,-77.05,"BASALTIC-ANDESITE [11125]",9.1,23.78,3.65,16.59,3.94,1.35,3.99,0.59,3.87,0.72,2.27,0.35,2.17,0.42
18.2,-77.05,"BASALTIC-ANDESITE [11125]",11,25.9,3.52,15.24,3.76,1.3,3.51,0.62,3.9,0.75,2.25,0.34,2.24,0.35
18.2,-77.05,"BASALTIC-ANDESITE [11125]",13.25,26.01,4.01,16.98,4.17,1.39,4.2,0.67,4.17,0.84,2.41,0.36,2.38,0.37
18.2,-77.05,"BASALTIC-ANDESITE [11125]",3.08,7.86,1.46,7.56,2.6,1,3.24,0.59,3.89,0.78,2.29,0.37,2.38,0.35
-20.2925,12.1572,"BASALTIC-ANDESITE [6857] / BASALT [1679]",15.6,33.2,4.18,15.6,3.6,1.11,4.03,0.652,4.04,0.84,2.37,0.347,2.24,0.327
10.6744,35.8939,"BASALTIC-ANDESITE [7900]",16.22,33.67,4.29,19.02,4.2,1.13,3.89,0.53,3.33,0.68,1.86,0.28,1.78,0.27
10.6744,35.8939,"BASALTIC-ANDESITE [7900]",20.9,47.75,6.15,26.22,5.48,1.49,4.77,0.67,3.98,0.83,2.35,0.35,2.19,0.32
28.51,32.97,"BASALTIC-ANDESITE [9093]",14.9,32.7,4.15,18.3,3.99,1.29,3.67,0.6,3.31,0.66,1.99,0.28,1.75,0.28
28.51,32.97,"BASALTIC-ANDESITE [9093]",36.3,76.7,9.12,37.2,7.62,1.82,6.34,1.1,6.04,1.17,3.41,0.52,3.38,0.48
28.51,32.97,"BASALTIC-ANDESITE [9093]",19,41.9,5.45,24.3,5.12,1.59,4.44,0.71,3.53,0.63,1.65,0.21,1.22,0.16
19.2666,-71.0666,"BASALTIC-ANDESITE [11093]",3,5.9,0.74,3.6,0.9,0.37,0.9,0.13,0.79,0.15,0.51,0.08,0.51,0.08
19.2666,-71.0666,"BASALTIC-ANDESITE [11093]",1.2,2.8,0.43,2.6,0.7,0.2,0.82,0.13,0.71,0.13,0.45,0.07,0.39,0.08
19.4167,-71.1667,"BASALTIC-ANDESITE [11093]",3.9,7,0.94,4.7,1.1,0.55,1.66,0.3,2.08,0.44,1.25,0.15,1.17,0.2
18.9167,-70.75,"BASALTIC-ANDESITE [11093]",17,39,4.95,21,4.8,1.65,4.3,0.8,4.1,0.8,2.1,0.33,1.8,0.24
19.6167,-70.95,"BASALTIC-ANDESITE [11093]",8.1,18,2.33,10.7,2.8,1.11,2.56,0.59,2.41,0.59,1.29,0.3,1.27,0.3
26,33,"BASALTIC-ANDESITE [7537]",23.3,50.82,5.59,20.79,5.96,1.57,4.93,0.75,3.47,0.62,1.46,0.17,1.06,0.16
19.1963,-99.2608,"BASALTIC-ANDESITE [11205]",14.1,31.3,4.29,18.21,3.94,1.38,3.76,0.56,3.48,0.65,1.94,0.32,1.86,0.25
20.9025,-103.7297,"BASALTIC-ANDESITE [11205]",27.7,48,7.54,32.37,8.12,2.6,7.02,1.01,5.84,1.13,3.22,0.45,3.1,0.43
21.1608,-104.75,"BASALTIC-ANDESITE [11205]",72,9.16,39.78,9.51,2.57,6.87,1.06,5.64,1.19,3.06,0.46,2.75,0.43,0.36
21.1733,-105.1907,"BASALTIC-ANDESITE [11205]",36.1,64,8.25,35,8.43,2.31,6.4,0.98,5.38,1.13,3.33,0.49,3.05,0.5
20.5258,-104.4793,"BASALTIC-ANDESITE [11205]",32,83,8.42,36.71,9.27,2.48,7.32,1.11,6.09,1.17,3.41,0.4,2.89,0.52
29.58,34.92,"BASALTIC-ANDESITE [11237]",37.4,98.3,11.7,54.1,11.1,3.76,8.77,1.3,7.6,1.46,4,0.55,3.65,0.51
-19.72597,-175.06497,"BASALTIC-ANDESITE [16155]",1.62,5.41,0.82,4.32,1.42,0.55,1.74,0.31,2.16,0.47,1.38,0.21,1.49,0.23
-19.74558,-175.04052,"BASALTIC-ANDESITE [16155]",2.09,6.02,0.99,5.44,1.74,0.63,2.35,0.42,2.93,0.65,1.93,0.27,2.05,0.31
-19.72802,-175.07053,"BASALTIC-ANDESITE [16155]",2.11,5.7,0.95,4.94,1.58,0.59,2.01,0.35,2.6,0.56,1.61,0.25,1.75,0.26
-19.72802,-175.07053,"BASALTIC-ANDESITE [16155]",3.08,8.41,1.21,5.92,2.16,0.65,2.42,0.43,0.64,0.64,1.92,0.27,2.17,0.31
-19.71195,-175.06548,"BASALTIC-ANDESITE [16155]",1.71,4.89,0.82,4.47,1.55,0.58,1.94,0.35,2.41,0.54,1.6,0.24,1.74,0.25
-19.72437,-175.0673,"BASALTIC-ANDESITE [16155]",1.71,5.35,0.85,4.35,1.22,0.54,1.68,0.29,2.3,0.45,1.4,0.22,1.4,0.23
-19.72802,-175.07053,"BASALTIC-ANDESITE [16155]",6.86,16.09,2.29,9.2,2.44,0.54,1.7,0.31,2.36,0.46,1.35,0.2,1.34,0.22
-19.73767,-175.0778,"BASALTIC-ANDESITE [16155]",2.46,7.74,1.25,6.36,2.1,0.86,2.41,0.41,2.96,0.63,1.87,0.27,2.03,0.3
-19.73078,-175.06768,"BASALTIC-ANDESITE [16155]",1.42,4.11,0.7,3.66,1.31,0.51,1.62,0.29,2.13,0.46,1.35,0.2,1.54,0.22
-19.05,-175.02,"BASALTIC-ANDESITE [12539]",2.274,6.89,1.22,6.26,2.038,0.765,2.147,0.365,2.571,0.552,1.565,0.2305,1.643,0.2412
-19.05,-175.02,"BASALTIC-ANDESITE [12539]",3.058,9.02,1.603,8.19,2.623,1.018,3.05,0.536,3.52,0.749,2.2,0.349,2.363,0.361
-19.05,-175.02,"BASALTIC-ANDESITE [12539]",2.169,6.5,1.121,5.84,1.867,0.744,2.072,0.36,2.44,0.531,1.534,0.2182,1.609,0.2328
-19.05,-175.02,"BASALTIC-ANDESITE [12539]",1.455,4.03,0.699,3.68,1.194,0.514,1.459,0.2546,1.764,0.398,1.2,0.174,1.216,0.1757
-18.82,-174.67,"BASALT [12539] / BASALTIC-ANDESITE [16156]",1.337,5.21,0.651,3.12,1.011,0.444,1.103,0.1878,1.353,0.294,0.866,0.1325,1.011,0.1418
-18.82,-174.67,"BASALTIC-ANDESITE [12539]",1.539,3.97,0.708,3.57,1.203,0.473,1.514,0.2655,1.85,0.425,1.206,0.1866,1.283,0.2048
-18.79,-174.6636,"BASALTIC-ANDESITE [12539]",2.458,6.56,1.159,6.08,2.009,0.73,2.476,0.439,3.06,0.691,1.991,0.308,2.198,0.33
-18.79,-174.6636,"BASALTIC-ANDESITE [12539]",1.758,4.61,0.795,4.33,1.408,0.541,1.738,0.307,2.144,0.479,1.382,0.2115,1.526,0.2307
-18.82,-174.67,"BASALTIC-ANDESITE [12539]",2.075,6.01,0.979,5.07,1.648,0.675,1.787,0.329,2.35,0.487,1.544,0.238,1.714,0.241
-18.7897,-174.6638,"BASALTIC-ANDESITE [12539]",2.238,5.63,0.987,5.27,1.794,0.649,2.234,0.389,2.761,0.638,1.821,0.2875,1.941,0.304
-15.54,-177.07,"BASALTIC-ANDESITE [16253]",10.33313471,28.64994826,5.118068142,28.94887798,9.919138406,2.950118689,13.53503094,2.314602876,15.54207285,3.390269794,10.1342144,1.418514076,10.13311516,1.455386239
37.1192,-119.393,"BASALTIC-ANDESITE [7949]",28,54,6.7,28,5.6,1.6,4.9,0.6,3.1,0.6,1.6,0.2,1.3,0.2
35.92,74.37,"BASALTIC-ANDESITE [7896] / BONINITE [9585]",0.57,1,0.22,1.38,1.13,0.27,0.61,0.19,0.93,0.22,0.66,0.15,0.76,0.16
35.92,74.37,"NOT GIVEN [9585]",0.7,0.52,0.23,1.71,0.73,0.29,1.03,0.21,1.42,0.32,1.07,0.18,1.28,0.21
27,118.5,"BASALTIC-ANDESITE [8691]",22.8,45.1,5.4,22.5,4.69,1.29,4.74,0.81,4.68,0.95,2.71,0.39,2.74,0.41
41.5,88.3,"BASALTIC-ANDESITE [8693]",41.6,78.9,9.35,36.6,6.04,1.76,5.23,0.77,4.44,0.82,2.31,0.41,2.48,0.35
56.05,163.07,"BASALTIC-ANDESITE [11661]",2.88,7.5,1.36,7.39,2.55,0.88,3.48,0.62,4.13,0.94,2.77,0.43,2.71,0.43
54.75,162.17,"BASALTIC-ANDESITE [11661]",2.98,7.4,1.17,6.2,2.05,0.79,2.71,0.48,3.18,0.71,2.09,0.31,2.07,0.32
-39.28,175.57,"BASALTIC-ANDESITE [16502]",5.49,11.918,1.915,8.399,2.216,0.781,2.4485,0.452,2.6165,0.562,1.712,0.269,1.819,0.288
33,107.6,"BASALTIC-ANDESITE [11800]",10.8,26.7,4.04,17.52,4.65,1.81,6.15,0.98,6.07,1.16,3.3,0.48,3.06,0.45
33,107.6,"BASALTIC-ANDESITE [11800]",12.1,27.2,4.04,19.24,4.959,1.5,5.59,0.93,6.06,1.18,3.34,0.51,3.34,0.49
26.9,101.57,"BASALTIC-ANDESITE [11807]",22.1,48.2,6.66,28,4.92,1.64,3.57,0.49,2.46,0.46,1.22,0.17,1.08,0.18
43.52,118,"BASALTIC-ANDESITE [7919]",6.58,17.43,2.52,11.33,3.71,1.33,4.53,0.81,5.17,1.13,3.16,0.45,2.59,0.39
44,86,"BASALTIC-ANDESITE [10027]",8.21,22.2,5.22,17.2,4.72,1.5,5.1,0.79,5.18,1.02,2.92,0.42,2.62,0.4
44,86,"BASALTIC-ANDESITE [10027]",22,51.3,6.68,28.4,6.16,1.65,5.79,0.9,5.74,1.14,3.32,0.49,3.01,0.49
44,86,"BASALTIC-ANDESITE [10027]",8.42,21.7,3.08,13.9,2.96,0.92,2.7,0.38,2.5,0.48,1.31,0.19,1.14,0.17
44,86,"BASALTIC-ANDESITE [10027]",18.5,48.8,6.52,26.7,5.96,1.63,5.78,0.9,5.58,1.12,3.13,0.48,2.93,0.47
45,81.5,"BASALTIC-ANDESITE [9836]",8.33,23.82,3.91,19.18,4.81,1.55,5.22,0.981,6.09,1.32,3.79,0.545,3.34,0.517
45,81.5,"BASALTIC-ANDESITE [9836]",7.49,21.7,3.61,30.5,8.057,1.53,5,0.94,5.84,1.26,3.55,0.519,3.14,0.482
47.85,88.2,"BASALTIC-ANDESITE [11796]",6.94,14.21,2.87,13.89,4.27,1.11,5.16,0.92,5.96,1.27,3.63,0.51,3.29,0.45
47.85,88.2,"BASALTIC-ANDESITE [11796]",6.2,13.71,2.79,14.13,4.4,1.64,5.42,0.98,6.29,1.31,3.81,0.53,3.41,0.51
47,86,"BASALTIC-ANDESITE [11761]",10.65,21.75,2.79,13.9,3.1,0.93,2.75,0.39,2.43,0.47,1.29,0.21,1.35,0.18
47,86,"BASALTIC-ANDESITE [11761]",25.02,45.02,5.16,19.5,3.7,1.33,3.71,0.5,3.05,0.56,1.44,0.22,1.53,0.22
47,86,"BASALTIC-ANDESITE [11761]",15.55,28.54,3.39,15.83,3.06,1.03,2.73,0.42,2.75,0.5,1.35,0.23,1.4,0.2
47,86,"BASALTIC-ANDESITE [11761]",22.05,39.03,4.92,24.3,5.2,1.4,4.25,0.58,3.84,0.76,2.08,0.32,2.28,0.33
47,86,"BASALTIC-ANDESITE [11761]",17.61,36.47,4.47,16,3.3,1.16,3.91,0.55,3.23,0.61,1.71,0.29,1.81,0.25
47,86,"BASALTIC-ANDESITE [11761]",12.29,23.67,3.78,19.34,3.89,1.36,3.59,0.53,3.66,0.69,1.75,0.3,1.96,0.28
47,86,"BASALTIC-ANDESITE [11761]",19.77,41.58,4.92,21.87,4.6,1.4,4.3,0.73,4.31,0.87,2.52,0.41,2.66,0.39
47,86,"BASALTIC-ANDESITE [11761]",22.5,42.11,5.11,23.8,4.53,1.48,4.22,0.66,4.5,0.81,2.22,0.36,2.27,0.32
47,86,"BASALTIC-ANDESITE [11761]",20.4,39.32,5.25,24.8,5.2,1.32,4.07,0.57,3.76,0.74,1.93,0.32,2.31,0.34
47,86,"BASALTIC-ANDESITE [11761]",20.65,40.46,4.86,22.38,4.57,1.36,3.78,0.64,4.01,0.76,2.15,0.35,2.36,0.33
47,86,"BASALTIC-ANDESITE [11761]",18.99,34.55,4.47,20.86,4.11,1.28,3.62,0.6,3.7,0.71,1.9,0.31,2.13,0.31
47,86,"BASALTIC-ANDESITE [11761]",16.59,29.47,3.28,16.2,3.348,0.94,2.78,0.41,2.33,0.42,1.16,0.2,1.21,0.16
47,86,"BASALTIC-ANDESITE [11761]",16.23,32.03,3.81,18.7,4.1,1.15,3.49,0.51,2.88,0.54,1.67,0.27,1.65,0.21
47,86,"BASALTIC-ANDESITE [11761]",15.39,28.95,3.34,16.9,3.6,1,2.98,0.44,2.69,0.51,1.46,0.24,1.51,0.22
47,86,"BASALTIC-ANDESITE [11761]",25.73,46.52,5.46,23,4.6,1.38,4.66,0.68,3.72,0.71,2.05,0.36,2.06,0.27
47,86,"BASALTIC-ANDESITE [11761]",21.46,39.88,5.33,25.21,4.59,1.47,4.29,0.68,4.33,0.83,2.2,0.38,2.68,0.39
47,86,"BASALTIC-ANDESITE [11761]",22.74,44.36,5.89,23.7,5.1,1.53,5.01,0.69,4.46,0.92,2.46,0.42,2.87,0.4
47,86,"BASALTIC-ANDESITE [11761]",13.71,25.4,2.9,13.04,2.55,0.87,2.46,0.38,2.31,0.42,1.14,0.19,1.22,0.17
47,86,"BASALTIC-ANDESITE [11761]",14.64,26.71,3.15,13.91,2.42,0.94,2.03,0.33,1.91,0.37,1,0.15,1.09,0.15
35,112,"BASALTIC-ANDESITE [11856]",32.44,69.22,8.45,34.73,7.02,1.8,6.5,1.06,5.8,1.18,3.34,0.49,3.3,0.5
35,112,"BASALTIC-ANDESITE [11856]",11.2,32.65,3.67,16.19,3.68,0.92,3.89,0.67,3.98,0.86,2.7,0.4,2.74,0.41
35,112,"BASALTIC-ANDESITE [11856]",12.8,30.57,4.12,17.47,4.09,1.17,4.27,0.71,4.38,0.96,2.88,0.42,2.79,0.42
35,112,"BASALTIC-ANDESITE [11856]",15.25,33.66,4.37,17.74,3.94,0.99,4.02,0.71,4.24,0.94,2.83,0.44,2.82,0.43
35,112,"BASALTIC-ANDESITE [11856]",31.95,66.2,8.33,33.83,6.85,1.82,5.86,0.99,5.4,1.11,3.24,0.48,3.13,0.47
35,112,"BASALTIC-ANDESITE [11856]",31.42,65.56,8.16,32.98,6.49,1.7,5.81,0.92,5.09,1.05,3.11,0.44,2.92,0.45
35,112,"BASALTIC-ANDESITE [11856]",31.62,66.64,8.22,33.5,6.51,1.73,6.1,0.91,5.18,1.06,3.19,0.47,2.99,0.44
35,112,"BASALTIC-ANDESITE [11856]",40.28,82.37,9.92,40.06,7.33,1.92,6.15,1,5.33,1.09,3.17,0.46,2.95,0.47
35,112,"BASALTIC-ANDESITE [11856]",30.77,65.39,8.09,30.03,5.786,2.02,5.92,0.94,5.19,1.1,3.35,0.48,3.24,0.49
35,112,"BASALTIC-ANDESITE [11856]",32.14,68.56,8.61,33.87,6.43,1.7,5.79,0.91,4.97,1.07,3.27,0.45,3.06,0.45
35,112,"BASALTIC-ANDESITE [11856]",34.05,73.9,9.03,35.13,6.716,1.88,5.98,0.99,5.46,1.14,3.42,0.48,3.31,0.49
35,112,"BASALTIC-ANDESITE [11856]",22.7,50.45,6.25,25.15,4.99,1.47,4.31,0.74,4.13,0.88,2.73,0.39,2.69,0.42
35,112,"BASALTIC-ANDESITE [11856]",22.07,48.2,6,24.17,4.79,1.32,4.37,0.7,4.04,0.86,2.6,0.4,2.75,0.41
35,112,"BASALTIC-ANDESITE [11856]",32.99,69.22,8.6,34.37,6.77,1.84,6.06,0.99,5.39,1.12,3.35,0.49,3.19,0.49
35,112,"BASALTIC-ANDESITE [11856]",32.59,67.98,8.45,33.86,6.71,1.74,5.98,0.93,5.32,1.09,3.32,0.48,3.19,0.49
35,112,"BASALTIC-ANDESITE [11856]",32.58,69.16,8.5,34.53,6.92,1.85,5.9,0.96,5.31,1.11,3.4,0.47,3.14,0.48
35,112,"BASALTIC-ANDESITE [11856]",32.43,71.41,8.71,34.61,6.79,1.78,6.04,0.98,5.36,1.13,3.46,0.5,3.22,0.49
35,112,"BASALTIC-ANDESITE [11856]",32.92,72.66,8.83,35.31,6.81,1.81,5.95,1.03,5.61,1.17,3.45,0.49,3.35,0.5
35,112,"BASALTIC-ANDESITE [11856]",32.71,69.16,8.38,33.52,6.56,1.73,5.96,0.97,5.52,1.13,3.44,0.52,3.39,0.54
35,112,"BASALTIC-ANDESITE [11856]",34.6,73.07,9.19,36.05,6.909,1.86,6.22,1,5.52,1.17,3.51,0.49,3.31,0.5
26.3317,142.3167,"BASALTIC-ANDESITE [11655]",2.32,6.36,1.2,6.65,2.32,0.88,2.99,0.62,4.22,0.94,2.62,0.41,2.76,0.44
26.3317,142.3167,"BASALTIC-ANDESITE [11655]",1.89,5.08,0.99,5.61,2.05,0.77,2.47,0.52,3.57,0.79,2.17,0.35,2.26,0.35
26.3317,142.3167,"BASALTIC-ANDESITE [11655]",8,15.5,1.97,10.3,3.04,1.08,4.02,0.78,5.24,1.18,3.31,0.51,3.34,0.54
26.3317,142.3167,"BASALTIC-ANDESITE [11655]",2.38,6.78,1.26,6.84,2.45,0.92,3.05,0.65,4.3,0.94,2.66,0.42,2.8,0.43
26.3317,142.3167,"BASALTIC-ANDESITE [11655]",2.25,6.4,1.14,6.21,2.25,0.86,2.74,0.59,3.89,0.86,2.39,0.38,2.53,0.39
26.6818,141.9197,"BASALTIC-ANDESITE [11655]",3.09,7.51,1.18,5.75,1.69,0.66,1.95,0.39,2.59,0.56,1.57,0.25,1.74,0.27
26.879,141.9758,"BASALTIC-ANDESITE [11655]",3.45,7.27,1.16,5.64,1.63,0.59,1.94,0.37,2.46,0.54,1.51,0.24,1.61,0.26
26.879,141.9758,"BASALTIC-ANDESITE [11655]",2.64,5.97,0.98,4.83,1.43,0.55,1.5,0.32,2.09,0.46,1.29,0.2,1.42,0.22
26.879,141.9758,"BASALTIC-ANDESITE [11655]",3.42,8.04,1.27,6.26,1.88,0.67,2.15,0.42,2.86,0.6,1.73,0.27,1.84,0.29
26.879,141.9758,"BASALTIC-ANDESITE [11655]",2.54,5.84,0.92,4.46,1.31,0.51,1.49,0.29,1.91,0.4,1.12,0.18,1.23,0.19
27.55,116.04,"BASALTIC-ANDESITE [7518]",45,120,18,77.78,19.25,1.64,17,2.54,15.1,2.84,7,0.99,5.8,0.85
40.9,116.2,"BASALTIC-ANDESITE [11728]",42.47,91.3,10.73,43.49,7.97,1.95,5.84,0.78,3.67,0.7,1.92,0.25,1.51,0.23
40.9,116.2,"BASALTIC-ANDESITE [11728]",39.8,84.3,9.69,39.74,7.79,1.86,5.21,0.74,3.69,0.7,1.98,0.23,1.67,0.27
40.9,116.2,"BASALTIC-ANDESITE [11728]",45.44,96.7,11.45,45.7,8.08,2.05,5.74,0.77,3.94,0.76,1.87,0.24,1.69,0.21
40.9,116.2,"BASALTIC-ANDESITE [11728]",43.91,93.1,10.41,42.4,7.87,2.04,5.63,0.72,3.87,0.7,1.88,0.26,1.48,0.2
39,115,"BASALTIC-ANDESITE [11728]",33.28,70,8.24,34.37,6.16,1.66,4.5,0.59,3.17,0.51,1.41,0.2,1.17,0.18
39,115,"BASALTIC-ANDESITE [11728]",37.24,76.7,8.93,34.81,6.02,1.58,4.47,0.59,2.82,0.51,1.45,0.2,1.26,0.16
39,115,"BASALTIC-ANDESITE [11728]",38.68,80.2,9.24,35.97,6.19,1.69,4.71,0.59,3.03,0.53,1.51,0.21,1.31,0.17
39,115,"BASALTIC-ANDESITE [11728]",34.01,80.1,10.28,42.99,8.08,2.09,6.6,0.84,4.86,0.91,2.35,0.34,2.1,0.29
39,115,"BASALTIC-ANDESITE [11728]",23.42,52.9,6.62,28.05,5.56,1.65,4.41,0.65,3.54,0.65,1.85,0.25,1.62,0.22
40.9,116.2,"BASALTIC-ANDESITE [11728]",80.4,163.9,18.63,71.04,11.63,2.68,7.99,1.09,5.15,0.93,2.5,0.35,2.12,0.3
40.9,116.2,"BASALTIC-ANDESITE [11728]",33.17,74.8,9.06,39.05,7.72,1.92,5.1,0.62,3.28,0.51,1.38,0.15,1.01,0.13
39,115,"BASALTIC-ANDESITE [11728]",32.39,73.23,9.03,37.77,7.18,1.78,4.59,0.59,2.86,0.46,1.21,0.15,0.99,0.15
39,115,"BASALTIC-ANDESITE [11728]",34.67,75.23,9.02,36.1,6.5,1.75,4.95,0.6,3.21,0.58,1.57,0.23,1.41,0.19
53.43,168.13,"BASALTIC-ANDESITE [11837]",8,17,2.36,11,3.62,1.2,4.06,0.72,4.67,0.96,2.71,0.39,2.44,0.39
53.43,168.13,"BASALTIC-ANDESITE [11837]",7,16,2.19,11,3.36,1.13,3.76,0.67,4.32,0.9,2.48,0.37,2.28,0.35
53.43,168.13,"BASALTIC-ANDESITE [11837]",8,17,2.28,11,3.37,1.19,3.85,0.68,4.35,0.9,2.47,0.36,2.23,0.35
53.43,168.13,"BASALTIC-ANDESITE [11837]",5,12,1.67,8,2.58,0.93,2.97,0.52,3.45,0.71,1.97,0.29,1.75,0.28
53.43,168.13,"BASALTIC-ANDESITE [11837]",9,21,2.89,14,4.34,1.41,4.88,0.85,5.53,1.15,3.2,0.47,2.92,0.47
53.42,168.13,"BASALTIC-ANDESITE [11837]",10,22,2.99,14,4.3,1.38,4.72,0.83,5.4,1.11,3.08,0.45,2.87,0.45
53.42,168.13,"BASALTIC-ANDESITE [11837]",10,22,2.95,14,4.21,1.37,4.69,0.82,5.31,1.09,3.04,0.45,2.85,0.44
53.42,168.13,"BASALTIC-ANDESITE [11837]",12,27,3.73,18,5.43,1.59,5.89,1.03,6.53,1.39,3.82,0.56,3.54,0.56
53.42,168.13,"BASALTIC-ANDESITE [11837]",10,23,3.05,14,4.33,1.33,4.76,0.82,5.35,1.11,3.17,0.46,2.9,0.46
53.42,168.13,"BASALTIC-ANDESITE [11837]",11,24,3.2,15,4.46,1.43,4.9,0.86,5.45,1.15,3.19,0.47,2.96,0.47
53.42,168.13,"BASALTIC-ANDESITE [11837]",10,22,2.93,14,4.09,1.32,4.49,0.8,5.04,1.06,2.92,0.44,2.71,0.43
53.42,168.13,"BASALTIC-ANDESITE [11837]",12,26,3.41,16,4.71,1.39,5.06,0.9,5.71,1.22,3.39,0.51,3.17,0.5
53.42,168.13,"BASALTIC-ANDESITE [11837]",15,33,4.36,20,5.94,1.69,6.43,1.13,7.31,1.54,4.24,0.62,3.94,0.62
53.42,168.13,"BASALTIC-ANDESITE [11837]",13,29,3.88,18,5.45,1.58,6.17,1.06,6.88,1.44,3.95,0.57,3.62,0.57
53.42,168.13,"BASALTIC-ANDESITE [11837]",14,31,4.06,19,5.67,1.64,6.26,1.07,7.02,1.47,4.08,0.59,3.72,0.58
53.42,168.13,"BASALTIC-ANDESITE [11837]",13,30,4.03,19,5.54,1.66,6.28,1.07,6.8,1.43,3.91,0.59,3.63,0.57
53.42,168.13,"BASALTIC-ANDESITE [11837]",16,36,4.7,21,6.37,1.75,6.85,1.19,7.83,1.63,4.55,0.67,4.29,0.68
53.42,168.13,"BASALTIC-ANDESITE [11837]",12,28,3.89,18,5.45,1.6,5.83,1.03,6.64,1.38,3.78,0.57,3.56,0.57
53.42,168.13,"BASALTIC-ANDESITE [11837]",13,30,3.99,19,5.55,1.63,6.06,1.06,6.79,1.43,3.95,0.59,3.73,0.59
53.42,168.13,"BASALTIC-ANDESITE [11837]",13,30,4.01,19,5.57,1.64,6.08,1.05,6.84,1.45,3.9,0.58,3.69,0.59
53.42,168.13,"BASALTIC-ANDESITE [11837]",13,29,3.88,18,5.47,1.58,6,1.03,6.77,1.44,3.92,0.56,3.61,0.56
53.42,168.13,"BASALTIC-ANDESITE [11837]",12,27,3.72,18,5.23,1.58,5.78,1.02,6.39,1.37,3.82,0.57,3.46,0.56
53.42,168.13,"BASALTIC-ANDESITE [11837]",14,30,3.97,19,5.67,1.65,6.35,1.07,7.04,1.47,3.98,0.6,3.78,0.59
53.42,168.13,"BASALTIC-ANDESITE [11837]",13,30,4.02,19,5.61,1.63,6.12,1.05,6.75,1.43,3.89,0.59,3.6,0.58
53.42,168.13,"BASALTIC-ANDESITE [11837]",13,29,3.98,19,5.59,1.62,6.03,1.04,6.84,1.44,3.85,0.58,3.66,0.58
53.43,168.13,"BASALTIC-ANDESITE [11837]",12,27,3.71,18,5.41,1.61,5.85,1.02,6.55,1.38,3.8,0.55,3.49,0.55
53.43,168.13,"BASALTIC-ANDESITE [11837]",13,29,4.03,19,5.87,1.77,6.43,1.1,6.93,1.45,3.99,0.58,3.64,0.57
53.43,168.13,"BASALTIC-ANDESITE [11837]",13,29,3.96,19,5.68,1.71,6.09,1.06,6.66,1.39,3.82,0.56,3.54,0.55
53.43,168.13,"BASALTIC-ANDESITE [11837]",13,30,4.09,20,5.91,1.77,6.41,1.11,6.9,1.43,3.97,0.58,3.64,0.57
53.43,168.13,"BASALTIC-ANDESITE [11837]",12,27,3.71,18,5.4,1.65,5.85,1.02,6.43,1.34,3.75,0.55,3.43,0.53
53.43,168.13,"BASALTIC-ANDESITE [11837]",10,23,3.11,15,4.55,1.4,4.83,0.85,5.44,1.12,3.09,0.45,2.85,0.45
53.43,168.13,"BASALTIC-ANDESITE [11837]",10,22,3.09,15,4.52,1.38,4.83,0.85,5.37,1.13,3.08,0.46,2.87,0.44
53.43,168.13,"BASALTIC-ANDESITE [11837]",10,23,3.09,15,4.52,1.4,4.88,0.86,5.47,1.15,3.09,0.45,2.85,0.45
53.43,168.13,"BASALTIC-ANDESITE [11837]",12,26,3.62,17,5.15,1.52,5.61,0.98,6.22,1.28,3.61,0.52,3.26,0.51
53.42,168.13,"BASALTIC-ANDESITE [11837]",12,25,3.49,17,5.1,1.51,5.62,0.98,6.15,1.31,3.61,0.52,3.32,0.52
53.42,168.13,"BASALTIC-ANDESITE [11837]",12,27,3.68,18,5.18,1.56,5.82,1,6.44,1.35,3.73,0.54,3.42,0.54
53.42,168.13,"BASALTIC-ANDESITE [11837]",12,27,3.72,18,5.31,1.59,5.88,1.02,6.5,1.37,3.78,0.56,3.45,0.55
53.42,168.13,"BASALTIC-ANDESITE [11837]",15,34,4.61,22,6.33,1.76,6.78,1.2,7.62,1.61,4.43,0.67,4.18,0.67
53.42,168.13,"BASALTIC-ANDESITE [11837]",12,27,3.74,18,5.49,1.69,6.07,1.07,6.77,1.41,3.95,0.57,3.56,0.55
53.42,168.13,"BASALTIC-ANDESITE [11837]",12,27,3.76,18,5.59,1.74,6.14,1.07,6.77,1.41,3.92,0.56,3.53,0.56
53.42,168.13,"BASALTIC-ANDESITE [11837]",12,26,3.62,17,5.35,1.63,5.96,1.04,6.51,1.37,3.83,0.54,3.43,0.54
53.42,168.13,"BASALTIC-ANDESITE [11837]",12,26,3.58,17,5.22,1.63,6.02,1.02,6.54,1.35,3.73,0.55,3.45,0.53
53.42,168.13,"BASALTIC-ANDESITE [11837]",12,27,3.68,18,5.43,1.7,6.19,1.05,6.74,1.39,3.88,0.56,3.5,0.56
53.42,168.13,"BASALTIC-ANDESITE [11837]",10,23,3.13,15,4.54,1.49,5.1,0.88,5.53,1.16,3.29,0.47,3,0.47
41.8341,120.7668,"BASALTIC-ANDESITE [11872]",21,46,5.97,23.9,5.11,1.46,4.58,0.668,3.61,0.765,1.83,0.279,1.73,0.244
46,122,"BASALTIC-ANDESITE [7604]",21.74,35.15,7.61,22.02,4.81,1.1,4.93,1.38,5.05,1.26,3.24,0.72,2.9,0.51
42.25,121.85,"BASALTIC-ANDESITE [11978]",25.83,53.04,6.47,23.26,4.6,1.33,3.89,0.6,3.17,0.59,1.74,0.24,1.42,0.22
42.25,121.85,"BASALTIC-ANDESITE [11978]",25.74,52.26,5.92,23.22,4.27,1.31,4.04,0.54,3.2,0.61,1.75,0.22,1.45,0.19
42.25,121.85,"BASALTIC-ANDESITE [11978]",26.06,53.34,5.87,23.29,4.79,1.39,3.97,0.55,3.3,0.61,1.83,0.25,1.48,0.23
42.25,121.85,"BASALTIC-ANDESITE [11978]",25.75,51.88,5.8,23.08,4.36,1.27,3.75,0.54,3.12,0.58,1.76,0.22,1.55,0.19
42.25,121.85,"BASALTIC-ANDESITE [11978]",25.92,54.08,5.95,23.73,4.3,1.38,4.01,0.6,3.41,0.62,1.73,0.25,1.53,0.22
42.25,121.85,"BASALTIC-ANDESITE [11978]",25.45,53.37,5.75,22.71,4.46,1.36,3.76,0.57,3.39,0.64,1.81,0.24,1.52,0.23
21.87,100.98,"BASALTIC-ANDESITE [11869]",18.4,37.3,4.73,19.1,4.62,1.24,4.53,0.77,5.13,0.96,3.02,0.45,3,0.46
21.87,100.98,"BASALTIC-ANDESITE [11869]",18,36,4.46,17.8,4.57,1.22,4.49,0.76,4.93,1.05,2.99,0.5,3.07,0.43
21.87,100.98,"BASALTIC-ANDESITE [11869]",19.4,39.2,4.71,19.2,4.52,1.17,4.44,0.76,4.99,0.99,2.94,0.46,2.83,0.42
21.87,100.98,"BASALTIC-ANDESITE [11869]",18.9,38,4.76,19.5,4.64,1.27,4.97,0.86,5.5,1.23,3.53,0.49,3.16,0.51
21.87,100.98,"BASALTIC-ANDESITE [11869]",16.2,32.9,4.42,19.5,4.91,1.45,5.7,0.92,5.61,1.25,3.56,0.54,3.52,0.56
21.87,100.98,"BASALTIC-ANDESITE [11869]",25.8,48.7,6.03,24.3,5.66,1.4,5.57,0.87,5.21,1.15,3.29,0.48,3.08,0.47
21.87,100.98,"BASALTIC-ANDESITE [11869]",25.6,47.8,5.8,23.8,4.93,1.51,5.33,0.84,5.05,1.08,3.07,0.43,2.82,0.48
21.87,100.98,"BASALTIC-ANDESITE [11869]",24.9,49,6.02,24.4,5.69,1.48,5.49,0.85,5.45,1.12,3.19,0.48,3.16,0.45
21.87,100.98,"BASALTIC-ANDESITE [11869]",24.7,48.3,5.88,24.4,5.15,1.41,5.45,0.84,5.21,1.04,3.38,0.45,3.18,0.48
21.87,100.98,"BASALTIC-ANDESITE [11869]",18.8,37.5,4.65,19.5,4.71,1.24,4.96,0.86,5.45,1.05,3.49,0.47,3.07,0.49
21.87,100.98,"BASALTIC-ANDESITE [11869]",25.1,47.8,5.77,23.3,5.33,1.4,5.11,0.77,5.02,0.98,2.97,0.43,2.88,0.42
21.87,100.98,"BASALTIC-ANDESITE [11869]",25,48.9,5.94,25,5.88,1.48,5.53,0.85,5.14,1.03,3.28,0.5,3.11,0.45
21.94,100.92,"BASALTIC-ANDESITE [11869]",7.67,17.3,2.32,10.2,2.72,0.63,3.54,0.65,4.24,0.98,2.89,0.44,2.81,0.45
21.94,100.92,"BASALTIC-ANDESITE [11869]",11.8,26.8,3.59,15.2,3.85,1.12,4.43,0.77,4.86,1.08,2.98,0.45,2.93,0.46
21.94,100.92,"BASALTIC-ANDESITE [11869]",7.64,17.4,2.39,10.4,2.94,0.99,4.01,0.79,5.52,1.2,3.34,0.48,3.06,0.46
-40.53132,-72.10933,"BASALTIC-ANDESITE [11951]",8.37,18.7,2.62,12.1,3.37,1.14,3.5,0.62,3.57,0.71,2.28,0.33,2.04,0.33
-40.54,-72.16817,"BASALTIC-ANDESITE [11951]",6.13,14.4,1.93,9.04,2.4,0.975,2.58,0.47,2.94,0.59,1.67,0.26,1.59,0.24
-40.64,-72.1435,"BASALTIC-ANDESITE [11951]",8.9,19.5,2.7,11.9,3.24,1.13,3.56,0.59,3.54,0.72,2.1,0.32,2.02,0.3
-40.64,-72.1435,"BASALTIC-ANDESITE [11951]",8.6,19.3,3.14,15.1,4.09,1.09,3.45,0.57,3.27,0.67,2.02,0.3,1.94,0.29
-40.64533,-72.19683,"BASALTIC-ANDESITE [11951]",9.8,22.3,3.17,14.2,3.87,1.2,4.11,0.7,4.08,0.81,2.4,0.37,2.32,0.34
-40.54962,-72.10475,"BASALTIC-ANDESITE [11951]",10.8,24.9,3.4,15.9,4.08,1.33,4.33,0.76,4.35,0.88,2.75,0.41,2.47,0.4
-40.53132,-72.10933,"BASALTIC-ANDESITE [11951]",8.79,18.8,2.74,12.9,3.55,1.18,4.09,0.73,4.09,0.86,2.68,0.39,2.33,0.39
-40.54625,-72.09093,"BASALTIC-ANDESITE [11951]",17,38.3,5.11,22.8,5.73,1.52,5.85,1.04,5.74,1.16,3.77,0.56,3.35,0.53
-40.58257,-72.11907,"BASALTIC-ANDESITE [11951]",16.2,34.7,4.22,19.9,4.99,1.42,5.09,0.84,5.07,1.04,3.02,0.45,3,0.45
-40.55783,-72.10083,"BASALTIC-ANDESITE [11951]",14.8,32.5,4.01,19.2,4.94,1.44,4.8,0.83,4.86,0.99,2.82,0.44,2.69,0.42
-40.55142,-72.09187,"BASALTIC-ANDESITE [11951]",14.2,32.5,4.39,19.6,5.03,1.53,5.24,0.91,5.17,1.04,3.32,0.49,2.99,0.47
-40.59167,-72.10483,"BASALTIC-ANDESITE [11951]",14.4,33.4,4.57,19.2,4.39,1.45,4.64,0.76,4.53,0.9,2.73,0.42,2.6,0.36
-40.58257,-72.11907,"BASALTIC-ANDESITE [11951]",13.5,30.6,3.88,17.6,4.38,1.4,4.31,0.76,4.62,0.93,2.63,0.41,2.52,0.37
-40.60745,-72.09077,"BASALTIC-ANDESITE [11951]",21.4,49.1,6.6,27.9,6.11,1.82,7.17,1.15,6.83,1.4,4.24,0.65,4.12,0.6
42.5,122.05,"BASALTIC-ANDESITE [11966]",51.7,101.3,12.5,50.6,8.9,2.3,6.28,0.87,4,0.74,1.9,0.27,1.7,0.26
42.5,122.05,"BASALTIC-ANDESITE [11966]",47.3,95.3,11.8,48.6,8.6,2.2,6.08,0.84,3.9,0.72,1.8,0.24,1.6,0.25
42.5,122.05,"BASALTIC-ANDESITE [11966]",33.2,63.7,7.9,32.5,5.9,1.6,4.66,0.68,3.4,0.66,1.7,0.24,1.6,0.24
42.5,122.05,"BASALTIC-ANDESITE [11966]",30.4,61.1,7.2,29.8,5.4,1.5,4.39,0.65,3.4,0.66,1.7,0.25,1.7,0.26
42.5,122.05,"BASALTIC-ANDESITE [11966]",30.5,61,7.8,33.2,6.3,1.8,5.2,0.78,3.9,0.81,2.1,0.31,2,0.31
42.5,122.05,"BASALTIC-ANDESITE [11966]",32.1,62.6,7.6,31.7,5.8,1.6,4.68,0.69,3.5,0.71,1.8,0.25,1.7,0.27
-40.6105,-72.1213,"BASALTIC-ANDESITE [11951]",10.8,22.8,3.37,13.7,3.54,1.04,3.65,0.64,3.85,0.81,2.45,0.36,2.22,0.33
-40.60367,-72.12183,"BASALTIC-ANDESITE [11951]",17.4,36.4,4.36,20.1,4.84,1.32,4.51,0.78,4.59,0.95,2.74,0.43,2.7,0.4
-40.60767,-72.24017,"BASALTIC-ANDESITE [11951]",9.6,22.2,3.03,12.7,3.23,1.07,3.23,0.53,3.25,0.67,1.99,0.3,1.9,0.29
-40.59767,-72.12517,"BASALTIC-ANDESITE [11951]",11.7,26.3,3.67,15,3.66,1.23,3.83,0.65,3.83,0.8,2.43,0.36,2.21,0.34
42.9,129.5,"BASALTIC-ANDESITE [11974]",44.08,88.88,10.79,40.94,7.42,1.88,6.22,0.85,4.91,0.94,2.58,0.37,2.41,0.4
-40.59582,-72.10573,"BASALTIC-ANDESITE [11951]",16.4,34.5,4.37,17.3,3.14,1.2,3.16,0.49,2.79,0.57,1.67,0.25,1.66,0.23
-40.57753,-72.10172,"BASALTIC-ANDESITE [11951]",11.3,25.8,3.34,13.7,2.68,1.07,3.11,0.51,2.92,0.61,1.89,0.29,1.99,0.3
38.79,15.21,"BASALTIC-ANDESITE [12014]",26.8,51.6,5.86,23.3,4.55,1.29,3.99,0.64,3.48,0.69,1.97,0.296,1.93,0.288
38.79,15.21,"BASALTIC-ANDESITE [12014]",53.9,91,9.94,36.4,6.5,1.78,5.5,0.9,4.6,0.9,2.7,0.41,2.6,0.38
38.79,15.21,"BASALTIC-ANDESITE [12014]",27.7,54.9,6.27,25.8,4.95,1.44,4.65,0.72,3.87,0.74,2.09,0.3,1.9,0.282
38.79,15.21,"BASALTIC-ANDESITE [12014]",30.9,60,6.87,26.8,5.6,1.51,4.7,0.7,4.1,0.8,2.2,0.32,2.1,0.3
38.79,15.21,"BASALTIC-ANDESITE [12014]",34.3,64.1,7.27,30.3,5.9,1.72,5.1,0.8,4.2,0.8,2.3,0.35,2.2,0.32
38.79,15.21,"BASALTIC-ANDESITE [12014]",40.8,81.2,9.31,26.9,5.3,1.48,4.8,0.7,3.8,0.7,2.2,0.32,2.1,0.31
38.79,15.21,"BASALTIC-ANDESITE [12014]",48.6,98.2,11.3,45.2,8.93,2.35,7.49,1.1,5.35,0.98,2.59,0.376,2.33,0.345
38.79,15.21,"BASALTIC-ANDESITE [12014]",49.8,98.7,11.7,44.3,8.8,2.21,7.4,1.1,5.1,0.9,2.6,0.38,2.3,0.32
38.79,15.21,"BASALTIC-ANDESITE [12014]",56.8,108,12.2,46.3,9.2,2.25,7.5,1.1,5.5,1,2.8,0.41,2.6,0.37
38.79,15.21,"BASALTIC-ANDESITE [12014]",59.9,113,12.8,48.1,9.1,2.23,7.2,1,5.1,0.9,2.6,0.38,2.5,0.36
46.721,150.73,"BASALT [7321] / NOT GIVEN [2953] / BASALTIC-ANDESITE [2335]",13.51187305,29.09849588,4.157992121,18.22756078,4.196905684,1.373896417,3.993054325,0.614607163,3.737670443,0.802657604,2.202039514,0.332163154,2.208584287,0.35422581
46.53,150.87,"BASALTIC-ANDESITE [2335] / NOT GIVEN [14555]",4.751301769,11.58185794,1.821711051,8.693625253,2.533033707,0.854542639,2.705418542,0.474479964,3.077306834,0.684561018,1.906033079,0.283167119,1.852129592,0.294984413
46,148.73,"ANDESITE [2335] / NOT GIVEN [2953] / BASALTIC-ANDESITE [4190]",24.75421104,48.83363375,6.074403141,23.22659029,4.583417555,1.3933441,4.207532809,0.627456846,3.688162991,0.792880451,2.313568366,0.364355134,2.517109996,0.418460541
44.35,146.25,"BASALTIC-ANDESITE [2335] / NOT GIVEN [26556]",5.82559628,15.67406668,2.61704121,13.27905655,4.064235542,1.235647161,4.6479594,0.83751261,5.391772481,1.195068899,3.329485583,0.490795259,3.164724918,0.504213077
29.92,91.08,"BASALTIC-ANDESITE [10365]",23.7,50.8,6.45,27.3,6.06,1.64,5.92,0.89,5.04,1.01,2.63,0.39,2.8,0.41
29.92,91.08,"BASALTIC-ANDESITE [10365]",18.2,45.4,5.23,20.6,4.514,1.28,4.36,0.72,4.14,0.82,2.37,0.33,2.5,0.37
48.2202,100.4258,"BASALTIC-ANDESITE [12217]",23.45,47.77,6.02,24.79,5.68,1.93,5.3,0.75,3.87,0.65,1.69,0.21,1.22,0.17
26.3,142,"BASALTIC-ANDESITE [12116]",2.29,5.6,0.93,4.88,1.58,0.57,2.1,0.38,2.51,0.55,1.68,0.24,1.62,0.25
26.3,142,"BASALTIC-ANDESITE [12116]",2.51,5.9,0.99,5.22,1.67,0.62,2.28,0.41,2.79,0.61,1.91,0.27,1.84,0.3
14.6992,-91.58044,"BASALTIC-ANDESITE [17029]",6.684,15.2192,2.4157,11.28563,3.0403,1.0635,3.2383,0.5718,3.5304,0.7288,2.1003,0.3081,2.0135,0.3047
18.1763,144.6913,"BASALTIC-ANDESITE [2375]",12.43,27.58,4.04,19.32,5.46,1.59,5.84,0.99,6.31,1.3,3.83,0.57,3.85,0.55
17.9357,144.8385,"BASALTIC-ANDESITE [2375]",12.27,27.22,4.15,19.62,5.56,1.61,5.99,0.99,6.36,1.31,3.86,0.55,3.76,0.56
17.9357,144.8385,"BASALTIC-ANDESITE [2375]",12,26.24,4.06,18.18,5.22,1.53,5.64,0.94,6.04,1.24,3.65,0.55,3.68,0.54
16.71,145.81,"BASALTIC-ANDESITE [2374] / NOT GIVEN [17230]",6.17,13.98,2.14,10.01,2.86,1.01,3.51,0.644,3.75,0.787,2.29,0.362,2.28,0.35
17.32,145.84,"BASALTIC-ANDESITE [2374] / NOT GIVEN [17230]",3.55,9.11,1.5,7.58,2.39,0.86,3.23,0.6,3.57,0.791,2.26,0.359,2.3,0.365
17.33,145.85,"BASALTIC-ANDESITE [2374] / NOT GIVEN [17230]",3.18,8.53,1.46,7.47,2.43,0.92,3.19,0.626,3.72,0.83,2.38,0.377,2.46,0.391
17.33,145.85,"BASALTIC-ANDESITE [2374] / NOT GIVEN [17230]",3.26,8.43,1.4,7.08,2.27,0.84,2.94,0.559,3.38,0.743,2.15,0.339,2.18,0.345
17.62,145.83,"BASALTIC-ANDESITE [2374] / NOT GIVEN [17230]",5.9,14.04,2.17,10.33,3.05,0.97,3.86,0.727,4.29,0.933,2.69,0.431,2.73,0.443
17.59,145.83,"BASALTIC-ANDESITE [2374] / NOT GIVEN [17230]",5.85,13.51,2.12,10.12,2.99,1.01,3.73,0.693,4.1,0.89,2.54,0.401,2.53,0.394
18.12,145.76,"BASALTIC-ANDESITE [2374] / NOT GIVEN [17230]",10.55,23.9,3.82,17.44,4.95,1.58,5.91,1.055,6.24,1.343,3.78,0.599,3.73,0.585
18.77,145.67,"BASALTIC-ANDESITE [2374] / NOT GIVEN [17230]",11.41,23.98,3.53,15.88,4.11,1.37,4.84,0.874,4.93,1.058,2.98,0.47,2.94,0.472
19.7,145.4,"BASALTIC-ANDESITE [2374] / NOT GIVEN [17230]",4.77,11.74,1.91,9.3,2.93,1.04,3.71,0.717,4.29,0.916,2.66,0.428,2.7,0.432
20.54,145.87,"BASALTIC-ANDESITE [2374] / NOT GIVEN [17230]",4.45,10.17,1.54,7.25,2.15,0.81,2.8,0.528,3.19,0.696,1.99,0.32,2.05,0.324
20.54,145.87,"BASALTIC-ANDESITE [2374] / NOT GIVEN [17230]",10.05,22.2,3.19,14.92,4.3,1.45,5.33,1.014,6.04,1.345,3.85,0.61,3.92,0.617
20.54,145.86,"BASALTIC-ANDESITE [2374] / NOT GIVEN [17230]",7.97,16.8,2.41,10.75,2.97,1.07,3.68,0.699,4.19,0.882,2.56,0.406,2.55,0.406
20.55,145.86,"BASALTIC-ANDESITE [2374] / NOT GIVEN [17230]",7.29,15.57,2.21,9.98,2.79,1,3.41,0.638,3.8,0.827,2.34,0.374,2.35,0.385
23.16,142.3,"BASALTIC-ANDESITE [2372]",15.5,29.7,3.81,16.4,3.97,1.35,3.48,0.55,3.48,0.64,3,0.27,2.9,0.27
22.69,142.45,"BASALTIC-ANDESITE [2372]",8.65,17.8,2.5,10.9,2.98,1.12,3.68,0.64,4.01,0.88,2.58,0.41,2.49,0.42
22.49,142.67,"BASALTIC-ANDESITE [2372]",4.37,11.3,1.85,9.16,2.86,1.11,4.02,0.65,4.22,0.9,2.59,0.38,2.52,0.39
22.12,143.04,"BASALTIC-ANDESITE [2372]",2.8,8.28,1.36,7.16,2.39,0.971,3.23,0.59,3.97,0.84,2.51,0.38,2.53,0.38
21.35,143.28,"BASALT [4095] / BASALTIC-ANDESITE [2372]",8.61,19.8,2.71,12,3.07,1.15,3.54,0.6,3.66,0.77,2.26,0.33,2.04,0.32
20.82,143.55,"BASALTIC-ANDESITE [2372]",4.43,11.7,1.82,9.55,3.06,1.17,4.22,0.73,4.72,0.98,3.03,0.44,2.95,0.42
19.45,144.54,"BASALTIC-ANDESITE [2372] / BASALT [2916]",5.31,15.1,2.45,12.4,3.97,1.48,5.27,0.96,5.98,1.31,3.74,0.58,3.63,0.54
19.44,144.48,"BASALT [4095] / BASALTIC-ANDESITE [2372]",7.72,17.8,2.65,12.7,3.77,1.36,4.84,0.85,5.36,1.13,3.29,0.49,3.2,0.48
19.279031,-71.31791,"BASALTIC-ANDESITE [12407]",2.4,5.1,0.68,3.4,1,0.45,1.34,0.26,1.52,0.31,0.91,0.15,0.99,0.15
19.32475,-71.4979,"BASALTIC-ANDESITE [12407]",3.5,8.9,1.3,6.4,1.8,0.69,2.51,0.5,3.23,0.66,2.11,0.29,2.01,0.3
18.61359,-70.11864,"BASALTIC-ANDESITE [12407]",3.5,10.3,1.64,8.52,2.57,0.91,3.05,0.56,3.65,0.74,2.12,0.3,1.84,0.276
56.2,159,"BASALTIC-ANDESITE [12332]",9.6,23.2,3.2,14.8,3.7,1.22,3.6,0.58,3.5,0.72,2,0.28,1.8,0.28
34.75,139.42,"ANDESITE [2328] / BASALTIC-ANDESITE [2330] / BASALT, AUGITE [3117] / BASALT [14052]",2.12,6.12,1.1,5.96,2.12,0.78,2.88,0.56,3.77,0.85,2.45,0.38,2.33,0.35
-4.3444,34.33,"BASALTIC-ANDESITE [11947]",3.4,9.5,1.47,7.6,2.3,0.81,2.8,0.5,3.1,0.6,2,0.3,2,0.31
-4.3439,34.3278,"BASALTIC-ANDESITE [11947]",3.7,10.3,1.62,8.7,2.7,0.98,3.5,0.6,4,0.8,2.5,0.39,2.5,0.37
-3.08,32.4,"BASALTIC-ANDESITE [11635]",2.8,5.9,1,5.4,1.8,0.7,2.18,0.41,2.54,0.56,1.63,0.26,1.47,0.25
-3.08,32.4,"BASALTIC-ANDESITE [11635]",3.6,8.4,1.36,7.9,2.4,1.1,3.11,0.54,3.45,0.75,2.14,0.36,1.97,0.34
-3.08,32.4,"BASALTIC-ANDESITE [11635]",2.6,5.5,0.94,5.2,1.7,0.64,2.31,0.4,2.6,0.6,1.75,0.27,1.65,0.28
-3.08,32.4,"BASALTIC-ANDESITE [11635]",7.2,15.2,1.96,9.6,2.6,0.94,2.93,0.54,3.49,0.71,2.18,0.29,2.06,0.29
-16.4975,168.3185,"BASALTIC-ANDESITE [12378]",7.02,12.23,1.78,8.82,2.52,0.83,2.75,0.47,3.08,0.67,2.03,0.3,2.07,0.3
-16.4957,168.3086,"BASALTIC-ANDESITE [12378]",5.2,9.74,1.45,7.43,2.17,0.76,2.67,0.44,3.09,0.66,1.96,0.29,2.05,0.31
-16.4993,168.3067,"BASALTIC-ANDESITE [12378]",4.89,9.91,1.49,7.4,2.13,0.81,2.62,0.44,3.12,0.68,1.96,0.3,2.07,0.32
-16.5016,168.3307,"BASALTIC-ANDESITE [12378]",5.71,12.34,1.75,8.73,2.42,0.82,2.89,0.49,3.3,0.7,2.03,0.3,2.07,0.31
29.767,140.38,"BASALT [2798] / BASALTIC-ANDESITE [4913]",2.31,6.57,1.06,6.5,2.35,0.83,3.2,0.57,3.95,0.85,2.42,0.37,2.58,0.41
18,-66,"BASALTIC-ANDESITE [12188]",7.2,15.3,2.25,11.7,2.6,1.01,3.33,0.6,3.75,0.83,2.46,0.29,2.18,0.31
18,-66,"BASALTIC-ANDESITE [12188]",3.7,7.7,1.32,7.6,2.2,0.9,3.38,0.65,4.05,0.95,2.44,0.4,2.42,0.41
18,-66,"BASALTIC-ANDESITE [12188]",4.2,7.8,1.28,7.8,2,0.68,2.6,0.56,3.62,0.88,2.21,0.36,2.57,0.41
18,-66,"BASALTIC-ANDESITE [12188]",2.7,7.3,1.19,6.4,2.1,0.76,2.63,0.43,2.9,0.56,1.57,0.25,1.53,0.25
18,-66,"BASALTIC-ANDESITE [12188]",4.1,9.7,1.43,7.9,2.3,0.88,2.86,0.47,3.08,0.6,1.78,0.29,1.71,0.28
18,-66,"BASALTIC-ANDESITE [12188]",4.1,9.7,1.37,7.3,2.3,0.89,2.8,0.46,3.15,0.62,1.73,0.3,1.85,0.26
18,-66,"BASALTIC-ANDESITE [12188]",6.1,14.8,2.19,11.5,3,1.01,3.53,0.68,3.95,0.83,2.38,0.4,2.64,0.4
18.12,-66,"BASALTIC-ANDESITE [12188]",2.8,8.3,1.42,7.7,2.8,0.92,3.27,0.6,3.76,0.89,2.69,0.4,2.52,0.37
18.12,-66,"BASALTIC-ANDESITE [12188]",7.8,17.9,2.67,14.6,3.7,1.24,4.13,0.7,3.89,0.87,2.41,0.36,2.56,0.39
18.12,-66,"BASALTIC-ANDESITE [12188]",3.3,7.8,1.24,7,2.1,0.77,3.06,0.52,3.33,0.73,2.1,0.31,2.04,0.35
18.12,-66,"BASALTIC-ANDESITE [12188]",3.7,9.3,1.45,8.3,2.4,0.84,3.15,0.61,3.88,0.86,2.43,0.32,2.08,0.37
18.12,-66,"BASALTIC-ANDESITE [12188]",4.5,12.1,1.8,8.5,2.5,0.81,2.9,0.5,3.5,0.7,2.2,0.3,2.2,0.36
18.12,-66,"BASALTIC-ANDESITE [12188]",3.6,9.4,1.56,8.2,3,0.8,4.13,0.76,4.87,1.07,3.12,0.46,2.75,0.47
18.12,-66,"BASALTIC-ANDESITE [12188]",3.6,8.5,1.32,7,2.3,0.85,3.13,0.55,3.52,0.76,2.27,0.33,1.99,0.32
18.12,-66,"BASALTIC-ANDESITE [12188]",3,7.8,1.23,7.5,2.1,0.83,2.94,0.55,3.5,0.76,2.24,0.34,2.16,0.35
18.12,-66.1,"BASALTIC-ANDESITE [12188]",4.8,11,1.74,8.7,2.6,0.85,3.18,0.48,3.36,0.71,2.11,0.29,1.93,0.3
18.12,-66.1,"BASALTIC-ANDESITE [12188]",3.3,9,1.48,7.5,2.6,0.98,3.4,0.53,3.75,0.78,2.24,0.33,2.16,0.36
18.12,-66.1,"BASALTIC-ANDESITE [12188]",7,16.2,2.23,12,3,1.09,3.23,0.52,3.42,0.65,2.14,0.34,2.23,0.36
18.12,-66.1,"BASALTIC-ANDESITE [12188]",12,22.9,3.07,13.5,3.9,1.01,3.65,0.5,3.29,0.64,2.03,0.27,1.75,0.26
18.12,-66.1,"BASALTIC-ANDESITE [12188]",6,12.7,1.91,9.5,2.8,1.07,3.5,0.58,3.62,0.76,2.24,0.36,2.65,0.37
18.12,-66.1,"BASALTIC-ANDESITE [12188]",7.6,16.9,2.47,11.3,3,0.91,3.46,0.5,3.51,0.75,2.16,0.34,2.03,0.32
18.12,-66.1,"BASALTIC-ANDESITE [12188]",6.7,14.4,2.34,12.3,3.4,1.11,4.03,0.79,4.65,1.03,2.98,0.43,2.94,0.44
18.12,-66.1,"BASALTIC-ANDESITE [12188]",5.9,12.1,1.96,9.6,2.6,0.93,3.09,0.59,3.65,0.8,2.3,0.37,2.17,0.37
18.12,-66.1,"BASALTIC-ANDESITE [12188]",7.2,15.1,2.21,9.8,2.1,0.77,2.12,0.49,2.53,0.61,1.64,0.23,1.75,0.29
18.12,-66.1,"BASALTIC-ANDESITE [12188]",9.2,19.8,3.13,15.1,3.3,1.23,3.84,0.76,3.8,0.88,2.47,0.38,2.24,0.34
18.12,-66.1,"BASALTIC-ANDESITE [12188]",5.6,12.4,2.01,11.5,3,0.89,3.25,0.74,3.71,0.92,2.44,0.37,2.39,0.36
18.25,-66.25,"BASALTIC-ANDESITE [12188]",16.6,34.1,4.5,20.2,5.1,1.54,4.66,0.77,4.32,0.85,2.39,0.4,2.58,0.4
18.25,-66.25,"BASALTIC-ANDESITE [12188]",17.5,34.8,4.55,21.6,4.5,1.31,4.31,0.68,3.8,0.77,2.21,0.37,2.33,0.37
18.25,-66.25,"BASALTIC-ANDESITE [12188]",17.4,36.2,4.72,21.7,4.9,1.45,4.99,0.8,4.78,0.92,2.56,0.39,2.49,0.45
18.25,-66.25,"BASALTIC-ANDESITE [12188]",16.7,34.7,4.58,21.4,4.8,1.33,4.19,0.6,3.74,0.69,2.09,0.28,2.05,0.33
18.25,-66.25,"BASALTIC-ANDESITE [12188]",28.5,54.3,6.28,25.1,5.3,1.41,4.42,0.73,4.01,0.76,2.18,0.37,2.55,0.41
18,-66.2,"BASALTIC-ANDESITE [12188]",15.8,29.9,3.65,14.2,3.4,1.04,4.12,0.57,3.34,0.69,1.99,0.3,1.94,0.31
18,-66.2,"BASALTIC-ANDESITE [12188]",14.7,31.1,3.47,14.7,3.3,1.01,3.45,0.6,2.94,0.72,1.92,0.28,1.83,0.29
18,-66.2,"BASALTIC-ANDESITE [12188]",8.8,19.6,2.87,12.9,3.9,1.04,4.09,0.59,3.84,0.75,2.17,0.35,2.15,0.32
18,-66.2,"BASALTIC-ANDESITE [12188]",18.5,34.8,4.04,17.7,3.8,1.14,3.87,0.59,3.24,0.66,1.98,0.27,1.92,0.34
18,-66.2,"BASALTIC-ANDESITE [12188]",15.9,31.4,3.67,16.6,3.6,1.06,3.93,0.54,3.02,0.64,1.88,0.31,1.88,0.28
18,-66.2,"BASALTIC-ANDESITE [12188]",18.7,34.8,4.28,17.3,4.1,1.21,4.13,0.64,3.57,0.73,2.01,0.33,2.12,0.32
18,-66.2,"BASALTIC-ANDESITE [12188]",17.8,35.6,4.07,16.2,3.3,1.15,3.51,0.61,3.13,0.67,2.04,0.31,1.95,0.32
18,-66.2,"BASALTIC-ANDESITE [12188]",17.3,33.3,3.84,17.5,3.9,1.19,3.86,0.54,3.28,0.66,2.05,0.33,1.87,0.34
18,-66.2,"BASALTIC-ANDESITE [12188]",19,34.3,4,17,3.7,1.21,4.01,0.58,3.4,0.67,2.13,0.34,1.99,0.32
18,-66.2,"BASALTIC-ANDESITE [12188]",17.4,34.5,3.91,14.5,3.7,1.17,3.86,0.62,3.16,0.68,2.07,0.3,2.06,0.33
18,-66.2,"BASALTIC-ANDESITE [12188]",15.9,34.2,4.01,17.1,3.6,1.17,4.03,0.54,3.33,0.66,1.91,0.28,1.81,0.31
18,-66.2,"BASALTIC-ANDESITE [12188]",16.6,33.4,3.96,17.2,3.8,1.15,3.92,0.61,3.24,0.67,1.98,0.31,1.92,0.33
18,-66.2,"BASALTIC-ANDESITE [12188]",16.3,33.5,3.91,15.5,3.4,1.01,3.62,0.56,3.27,0.67,1.97,0.31,1.77,0.33
18,-66.2,"BASALTIC-ANDESITE [12188]",18,35,3.99,16.8,3.6,1.16,3.67,0.56,3.3,0.62,1.86,0.31,1.71,0.3
18.08,-66.21,"BASALTIC-ANDESITE [12188]",12.6,25.6,3.64,16.4,4.7,1.34,4.54,0.72,4.6,0.94,2.56,0.36,2.49,0.42
18.08,-66.21,"BASALTIC-ANDESITE [12188]",12.6,25.4,3.67,16.9,4.8,1.44,4.28,0.73,4.29,0.87,2.47,0.36,2.64,0.39
18.08,-66.21,"BASALTIC-ANDESITE [12188]",16.3,32.5,4.53,20.9,4,1.33,4.42,0.62,3.62,0.69,2,0.33,2.26,0.31
18.08,-66.21,"BASALTIC-ANDESITE [12188]",12,23.4,3.58,17.2,3.8,1.29,4.02,0.69,4.1,0.81,2.24,0.35,2.56,0.34
18.08,-66.21,"BASALTIC-ANDESITE [12188]",6.9,14,2.01,10,2.5,0.81,2.54,0.43,2.43,0.49,1.42,0.22,1.44,0.21
18.24,-66.57,"BASALTIC-ANDESITE [12188]",14.7,28.4,4.29,18.7,4.9,1.56,4.95,1.06,5.48,1.15,3.73,0.5,3.21,0.61
18.3,-66.55,"BASALTIC-ANDESITE [12188]",16.3,35.2,4.56,20.9,4.8,1.57,5.01,0.76,4,0.78,2.31,0.33,2.05,0.32
18.3,-66.55,"BASALTIC-ANDESITE [12188]",7.1,15.4,2.16,10.3,2.3,0.88,2.69,0.46,2.45,0.5,1.78,0.26,1.67,0.28
18.3,-66.55,"BASALTIC-ANDESITE [12188]",21.3,43.7,5.39,26.3,5.6,1.75,5.27,0.81,4.24,0.82,2.23,0.34,2.39,0.31
18.3,-66.55,"BASALTIC-ANDESITE [12188]",24.9,44.8,5.2,22.5,4.8,1.63,4.43,0.75,3.97,0.83,2.25,0.35,2.38,0.31
18.3,-66.55,"BASALTIC-ANDESITE [12188]",28.6,52.4,6.86,29.4,5.6,1.48,4.87,0.81,3.93,0.79,2.14,0.33,2.33,0.34
18.15,-66.45,"BASALTIC-ANDESITE [12188]",8.5,17.5,2.52,13.1,3.2,1.01,3.15,0.52,3.12,0.73,2.15,0.34,2.27,0.4
18.15,-66.45,"BASALTIC-ANDESITE [12188]",8.3,19.7,2.91,13.7,3.9,1.4,4.34,0.85,4.37,0.99,3.11,0.48,3.17,0.51
18,-65.75,"BASALTIC-ANDESITE [12188]",10.3,25.6,3.74,16.3,4.2,1.04,4.4,0.58,3.79,0.77,2.28,0.34,2.18,0.34
18,-65.75,"BASALTIC-ANDESITE [12188]",15.4,31.6,4.17,17.8,4.3,1.23,4.45,0.56,3.68,0.72,2.17,0.3,1.95,0.3
18,-65.75,"BASALTIC-ANDESITE [12188]",12.1,29.7,4.31,18.6,4.4,1.15,4.61,0.58,3.9,0.77,2.3,0.35,2.18,0.38
34,111,"BASALTIC-ANDESITE [20154]",22.3,54.8,5.41,24.1,4.67,1.4,4.36,0.77,4.41,0.95,2.69,0.45,2.82,0.44
34,111,"BASALTIC-ANDESITE [20154]",34.9,76.6,8.42,37.3,7.12,1.88,6.18,1.08,5.7,1.23,3.405,0.5,2.78,0.52
45.83,148.98,"NOT GIVEN [2953] / BASALTIC-ANDESITE [4190]",15.59528058,32.63525913,4.317043912,18.02326204,4.064245876,1.227329311,3.90670289,0.59579566,3.728306237,0.800596741,2.260792951,0.34387743,2.335164655,0.377015917
45.9,148.68,"NOT GIVEN [2953] / BASALTIC-ANDESITE [4190]",12.51994735,27.78809951,3.836747193,16.67960266,4.01285171,1.244860793,3.954768918,0.619449681,3.843529602,0.850161371,2.329142035,0.346652362,2.304431664,0.366116433
48.98,153.48,"NOT GIVEN [2953] / ANDESITE [3042]",18.02,38.04,4.83,20.365,4.29,1.263,3.71,0.58,3.439,0.71,2.179,0.33,2.308,0.36
41.9,91.2,"BASALTIC-ANDESITE [17760] / BASALT [17394]",12.6,28.3,4.46,19.4,4.76,1.44,4.45,0.8,4.7,0.94,2.58,0.46,2.91,0.42
34.733,47.878,"BASALTIC-ANDESITE [12761]",16.02,33.01,4.21,17.87,4.28,1.37,4.28,0.69,4.37,0.94,2.44,0.36,2.37,0.34
29.357,56.964,"BASALTIC-ANDESITE [12761]",5.96,13.34,1.86,8.83,2.45,0.88,2.65,0.45,3.09,0.71,1.82,0.28,1.77,0.29
29.349,56.926,"BASALTIC-ANDESITE [12761]",7.57,16.23,2.23,10.27,2.75,1.03,2.76,0.43,2.88,0.67,1.73,0.25,1.76,0.3
29.335,56.649,"BASALTIC-ANDESITE [12761]",8.69,22.01,3.39,16.52,4.88,1.46,5.47,0.9,6.09,1.32,3.58,0.52,3.39,0.59
29.388,56.716,"BASALTIC-ANDESITE [12761]",7.74,18.08,2.57,11.65,3.08,1.01,3.24,0.55,3.7,0.83,2.32,0.37,2.34,0.38
32.705,52.716,"BASALTIC-ANDESITE [12761]",11.81,24.3,3.16,12.76,2.76,0.9,2.42,0.34,2.14,0.44,1.18,0.17,1.07,0.18
29.547,56.589,"BASALTIC-ANDESITE [12761]",30.81,57.19,6.31,22.93,3.94,1.1,2.94,0.35,1.85,0.35,0.9,0.13,0.79,0.13
35.4189,46.9922,"BASALTIC-ANDESITE [12775]",16.3,33.7,5.19,20.6,4.29,1.32,3.7,0.74,4.8,0.81,2.58,0.36,2.48,0.34
35.4183,46.9917,"BASALTIC-ANDESITE [12775]",22.7,46.3,6.97,28.3,5.76,1.64,4.38,0.79,4.65,0.78,2.4,0.33,2.15,0.3
35.53,47.0194,"BASALTIC-ANDESITE [12775]",15,32.2,4.93,19.9,3.82,1.07,2.92,0.58,3.75,0.63,2.11,0.26,1.92,0.26
35.6303,46.8992,"BASALTIC-ANDESITE [12775]",11.9,27,2.95,18.8,3.18,1.62,4.29,0.63,3.02,0.62,2.12,0.28,1.67,0.18
35.7542,46.9144,"BASALTIC-ANDESITE [12775]",19,36.9,3.41,19.1,3.45,1.15,3.98,0.68,3.05,0.6,2.06,0.29,2.06,0.25
35.9653,46.7569,"BASALTIC-ANDESITE [12775]",26.5,58.4,6.68,30.4,5.54,1.85,4.9,0.7,3.44,0.61,1.79,0.22,1.53,0.19
35.9153,46.7556,"BASALTIC-ANDESITE [12775]",31.4,66.6,6.78,38.8,5.3,1.7,5.35,0.71,3.01,0.57,1.91,0.23,1.44,0.16
31.2,59.32,"BASALTIC-ANDESITE [12785]",15.2,32.7,3.97,16.5,3.2,0.91,3.3,0.6,3.21,0.7,2.1,0.34,2,0.3
38,-4.8,"BASALTIC-ANDESITE [12833]",6.3,11.4,1.8,8.9,2.8,0.91,3.8,0.67,4.3,0.94,3.1,0.46,2.9,0.44
38,-4.8,"BASALTIC-ANDESITE [12833]",1.2,3.6,0.71,4.3,1.7,0.57,2.56,0.47,3.27,0.69,2.03,0.29,1.99,0.29
38,-4.8,"BASALTIC-ANDESITE [12833]",5.57,13.8,2.12,9.8,2.92,1.03,3.93,0.73,4.71,1.02,2.98,0.44,2.93,0.43
46.25,-83.55,"BASALTIC-ANDESITE [17464] / NOT GIVEN [19772]",40.26,77.61,8.79,32.32,6.36,1.45,5.69,0.9,4.8,1.01,2.76,0.39,2.54,0.37
46.25,-83.55,"BASALTIC-ANDESITE [17464] / NOT GIVEN [19772]",21.22,44.43,5.05,18.22,3.79,0.8,3.63,0.61,3.81,0.83,2.38,0.36,2.45,0.36
46.25,-83.55,"BASALTIC-ANDESITE [17464] / NOT GIVEN [19772]",24.92,51.93,6.17,22.91,4.8,0.85,4.45,0.72,4.18,0.89,2.6,0.38,2.46,0.38
46.25,-83.55,"BASALTIC-ANDESITE [17464] / NOT GIVEN [19772]",26.59,53.1,6.09,22.53,4.82,1.11,4.55,0.74,4.4,0.91,2.65,0.4,2.4,0.36
46.25,-83.55,"BASALTIC-ANDESITE [17464] / NOT GIVEN [19772]",24.9,51.69,6.05,21.94,4.63,1.04,4.33,0.73,4.28,0.93,2.67,0.39,2.48,0.37
46.25,-83.55,"BASALTIC-ANDESITE [17464] / NOT GIVEN [19772]",22.09,49.65,6.31,24.97,5.41,1.53,5.12,0.77,4.28,0.86,2.21,0.31,1.76,0.24
46.25,-83.55,"BASALTIC-ANDESITE [17464] / NOT GIVEN [19772]",24.49,53.19,6.94,28.15,5.96,1.77,5.51,0.85,4.56,0.92,2.53,0.34,2.15,0.3
46.25,-83.55,"BASALTIC-ANDESITE [17464] / NOT GIVEN [19772]",31.27,71.22,9.16,35.54,7.31,1.76,6.13,0.9,4.81,0.91,2.35,0.31,1.81,0.26
46.25,-83.55,"BASALTIC-ANDESITE [17464] / NOT GIVEN [19772]",34.52,77.13,9.7,38.33,7.77,2.32,6.69,0.93,4.72,0.88,2.25,0.31,1.76,0.26
46.25,-83.55,"BASALTIC-ANDESITE [17464] / NOT GIVEN [19772]",45.63,106.91,14.19,55.49,11.6,2.91,9.67,1.33,6.86,1.26,3.17,0.42,2.39,0.35
46.25,-83.55,"BASALTIC-ANDESITE [17464] / NOT GIVEN [19772]",27.38,60.57,7.7,32.1,6.69,1.52,6.13,0.88,4.78,0.89,2.26,0.3,1.88,0.28
46.25,-83.55,"BASALTIC-ANDESITE [17464] / NOT GIVEN [19772]",27.25,59.66,7.34,30.56,6.48,1.92,6.03,0.86,4.71,0.92,2.21,0.31,1.88,0.27
46.25,-83.55,"BASALTIC-ANDESITE [17464] / NOT GIVEN [19772]",44.19,91.63,11.22,43.81,8.28,1.95,7.04,0.98,4.95,0.93,2.32,0.31,1.98,0.3
46.25,-83.55,"BASALTIC-ANDESITE [17464] / NOT GIVEN [19772]",14.39,32.24,4.04,15.92,3.49,0.61,3.58,0.6,3.87,0.85,2.24,0.36,2.32,0.36
46.25,-83.55,"BASALTIC-ANDESITE [17464] / NOT GIVEN [19772]",12.77,29.49,3.8,15.66,3.46,1.17,3.78,0.61,4.11,0.87,2.57,0.4,2.5,0.37
-44.705,-69.615,"BASALTIC-ANDESITE [12865]",9.5,19,2.6,12,3.4,1.39,3.7,0.62,3.7,0.69,1.71,0.25,1.44,0.19
13.75,-60.9,"BASALTIC-ANDESITE [19528] / CALC-ALKALI BASALT [2577]",5.74,14.4,2.44,12.1,3.55,1.12,4.44,0.79,5.08,1.09,3.06,0.53,3.21,0.53
13.75,-60.9,"BASALTIC-ANDESITE [19528] / CALC-ALKALI BASALT [2577]",7.05,14.6,2.06,9.1,2.38,0.78,2.92,0.52,3.34,0.7,1.98,0.33,2.08,0.34
13.75,-60.9,"BASALTIC-ANDESITE [19528] / CALC-ALKALI BASALT [2577]",4.58,11.6,2.01,10.4,3.21,1.12,4.11,0.75,4.84,1.05,2.93,0.49,2.99,0.49
13.75,-60.9,"BASALTIC-ANDESITE [19528] / CALC-ALKALI BASALT [2577]",6,12.8,1.87,8.6,2.36,0.87,2.95,0.51,3.27,0.69,1.9,0.33,2.04,0.32
13.75,-60.9,"ANDESITE [19528] / CALC-ALKALI BASALT [2577] / BASALTIC-ANDESITE [4700]",8.22,17.1,2.43,10.7,2.71,0.8,3.43,0.59,3.7,0.79,2.2,0.39,2.35,0.38
13.75,-60.9,"BASALTIC-ANDESITE [19528] / CALC-ALKALI BASALT [2577]",3.95,9.51,1.6,7.8,2.31,0.88,2.91,0.53,3.41,0.74,2.05,0.34,2.17,0.35
43,145,"BASALT [17872] / BASALTIC-ANDESITE [20375]",5.29,13.91,2.03,9.92,2.96,0.93,3.69,0.63,4.17,0.89,2.47,0.374,2.49,0.38
43,145,"BASALTIC-ANDESITE [17872]",2.96,8.97,1.27,6.44,2,0.87,2.61,0.47,3.34,0.74,2.17,0.366,2.63,0.4
43,145,"BASALTIC-ANDESITE [17872]",4.16,9.11,1.17,5.34,1.45,0.59,1.68,0.27,1.79,0.38,1.05,0.164,1.07,0.16
43,145,"BASALTIC-ANDESITE [17872]",7.82,20.28,2.82,14.32,4.32,1.61,5.51,0.93,6.45,1.35,3.78,0.59,3.82,0.59
43,145,"BASALTIC-ANDESITE [17872]",1.12,3.91,0.66,3.85,1.53,0.83,2.2,0.4,2.75,0.59,1.65,0.27,1.83,0.28
43,145,"BASALT [17872] / BASALTIC-ANDESITE [20375]",6.38,15.28,1.99,9,2.38,0.86,2.76,0.44,2.95,0.63,1.74,0.277,1.84,0.29
43,145,"BASALTIC-ANDESITE [17872]",4.08,10.28,1.55,7.26,2.27,0.8,2.92,0.5,3.25,0.71,1.98,0.311,2.05,0.32
43,145,"BASALTIC-ANDESITE [17872]",5.41,13.77,1.87,9.09,2.69,0.98,3.42,0.56,3.77,0.81,2.25,0.35,2.36,0.36
43,145,"BASALTIC-ANDESITE [17872]",1.49,4.91,0.79,4.5,1.69,0.66,2.47,0.44,2.99,0.66,1.85,0.298,2,0.31
43,145,"BASALTIC-ANDESITE [17872]",9.35,23.66,2.99,15.32,3.74,1.28,4.33,0.68,4.47,0.93,2.61,0.413,2.72,0.42
43,145,"BASALTIC-ANDESITE [17872]",8.12,20.21,2.56,11.41,3.12,1.07,3.76,0.68,4,0.76,2.23,0.331,2.33,0.35
43,145,"BASALTIC-ANDESITE [17872]",2.55,7.27,1.06,5.44,1.81,0.62,2.54,0.44,2.98,0.67,1.89,0.302,2,0.31
43,145,"BASALTIC-ANDESITE [17872]",3.16,9.14,1.36,6.97,2.25,0.8,3.09,0.53,3.6,0.78,2.21,0.346,2.35,0.36
43.88,145.53,"BASALTIC-ANDESITE [17872]",1.93,5.86,0.96,5.37,1.88,0.73,2.76,0.48,3.29,0.72,2.03,0.32,2.16,0.34
43.6461,130.765,"BASALTIC-ANDESITE [17640]",20.2,47.8,6.23,27.5,6.51,1.67,6.59,1.05,6.43,1.37,3.78,0.53,3.66,0.52
43.2067,129.9692,"BASALTIC-ANDESITE [17640]",11.7,29,4.03,18.8,4.8,1.57,5.01,0.82,5.23,1.14,3.13,0.44,3.07,0.46
43.2067,129.9692,"BASALTIC-ANDESITE [17640]",10.7,26.5,3.74,17.6,4.5,1.49,4.63,0.78,4.83,1.07,2.92,0.41,2.81,0.42
44.4183,130.9217,"BASALTIC-ANDESITE [17640]",11.3,25.7,3.32,14.4,3.33,1.08,3.18,0.52,3.09,0.67,1.78,0.26,1.7,0.26
44.4183,130.9217,"BASALTIC-ANDESITE [17640]",11.3,25.9,3.36,14.3,3.31,1.12,3.2,0.51,3.09,0.67,1.8,0.25,1.73,0.26
35.1133,-79.8042,"BASALTIC-ANDESITE [17633]",10.16025162,22.19929083,2.998298928,13.0789118,3.547533356,1.170891489,4.139363409,0.762776199,5.030071383,1.076455253,2.969309148,0.439389746,2.754610571,0.4303848
-24.4075,-65.8747,"BASALTIC-ANDESITE [12821]",33.1,64.5,7.9,30.9,6.2,1.57,5.4,0.83,4.5,0.89,2.39,0.34,2.14,0.29
-24.3047,-65.8853,"BASALTIC-ANDESITE [12821]",29.3,61,7.5,30,6.5,1.59,6.1,0.95,5.5,1.09,2.89,0.43,2.65,0.38
60.33,161.92,"BASALTIC-ANDESITE [12740]",8.61,20.87,2.64,11.57,3.16,1.02,2.83,0.56,3.16,0.64,1.72,0.21,1.57,0.26
60.58,162.53,"BASALTIC-ANDESITE [12740]",11.48,24.95,3.02,12.29,2.34,0.86,2.23,0.34,1.76,0.35,0.93,0.12,0.93,0.14
59,161,"BASALTIC-ANDESITE [12740]",10.83,27.23,3.41,15.27,3.99,1.25,3.85,0.67,3.96,0.92,2.37,0.37,2.27,0.34
59,161,"BASALTIC-ANDESITE [12740]",11.4,24.42,3.26,14.31,3.37,0.97,3.22,0.56,3.14,0.59,1.65,0.26,1.72,0.25
60.5,160,"BASALTIC-ANDESITE [12740]",13.92,31.03,4.22,16.93,3.81,1.06,3.56,0.54,3.26,0.71,1.68,0.3,1.59,0.21
59.35,160.2,"BASALTIC-ANDESITE [12740]",9.53,21.44,2.56,11.37,2.74,1,3.13,0.59,3.13,0.69,2,0.27,1.99,0.29
57.1,156.56,"BASALTIC-ANDESITE [12740]",12.13,25.65,3.4,15.1,3.6,0.99,3.29,0.49,2.97,0.67,1.84,0.27,1.65,0.24
57.1,156.56,"BASALTIC-ANDESITE [12740]",15.52,33.32,4.18,17.48,4.17,1.05,3.57,0.55,3.16,0.63,1.73,0.28,1.64,0.27
57,157.5,"BASALTIC-ANDESITE [12740]",17.3,39.6,4.82,20.25,4.27,1.33,4.13,0.62,3.67,0.72,1.94,0.27,1.9,0.26
31.875,141.2267,"BASALTIC-ANDESITE [3291]",0.72,3.88,0.32,1.95,0.56,0.29,0.81,0.14,0.99,0.21,0.58,0.1,0.63,0.09
39.58,8.55,"BASALTIC-ANDESITE [18050] / BASALT [18182]",10.2,20.9,2.7,11.2,2.71,0.73,2.8,0.45,2.84,0.58,1.69,0.25,1.7,0.28
39.58,8.55,"BASALTIC-ANDESITE [18050] / BASALT [18182]",4.4,9.6,1.3,5.9,1.69,0.57,1.9,0.41,2.13,0.45,1.3,0.24,1.6,0.22
31.875,141.2267,"BASALTIC-ANDESITE [3291]",1.24,4.23,0.8,4.54,1.63,0.63,2.31,0.41,2.94,0.63,1.9,0.28,2.03,0.38
38.04,140.38,"BASALTIC-ANDESITE [12909]",6.63,14.1,2.29,11.2,3.31,1.11,4.33,0.74,4.72,1,2.95,0.416,2.7,0.414
38.04,140.38,"BASALTIC-ANDESITE [12909]",4.47,11.1,1.56,7.6,2.26,0.825,2.95,0.51,3.35,0.721,2.17,0.31,2.06,0.321
38.04,140.38,"BASALTIC-ANDESITE [12909]",4.82,12,1.73,8.5,2.51,0.968,3.13,0.536,3.45,0.737,2.2,0.317,2.12,0.329
38.04,140.38,"BASALTIC-ANDESITE [12909]",5.63,13.6,1.96,9.42,2.69,1.02,3.41,0.581,3.75,0.81,2.4,0.342,2.29,0.352
38.04,140.38,"BASALTIC-ANDESITE [12909]",6.49,13.5,2.05,9.72,2.68,0.982,3.46,0.576,3.69,0.794,2.36,0.335,2.2,0.342
38.04,140.38,"BASALTIC-ANDESITE [12909]",6.38,15.8,2.14,9.93,2.79,1.04,3.35,0.573,3.67,0.779,2.34,0.336,2.29,0.348
38.04,140.38,"BASALTIC-ANDESITE [12909]",10.4,19.3,2.86,13.2,3.45,1.26,4.39,0.719,4.56,0.988,2.93,0.41,2.72,0.425
38.04,140.38,"BASALTIC-ANDESITE [12909]",9.57,22.4,2.96,13.3,3.42,1.07,3.86,0.631,3.91,0.817,2.42,0.345,2.3,0.354
38.04,140.38,"BASALTIC-ANDESITE [12909]",9.5,22.5,2.95,13.2,3.39,0.951,3.89,0.659,4.14,0.875,2.61,0.38,2.54,0.386
38.04,140.38,"BASALTIC-ANDESITE [12909]",10.9,25.1,3.28,14.5,3.67,1.08,4.12,0.687,4.29,0.901,2.7,0.39,2.61,0.405
38.04,140.38,"BASALTIC-ANDESITE [12909]",12,26.1,3.7,16.4,4.1,1.15,4.66,0.763,4.72,0.995,2.96,0.424,2.83,0.435
-15.85553,-173.75155,"BASALTIC-ANDESITE [21408] / NOT GIVEN [22052]",0.55,1.8,0.32,1.58,0.62,0.26,0.88,0.16,1.19,0.29,0.81,0.15,0.87,0.14
-15.87,-173.92,"BASALTIC-ANDESITE [2495]",0.82,1.69,0.27,1.72,0.55,0.26,0.88,0.17,1.17,0.26,0.83,0.15,0.92,0.15
-15.87,-173.92,"BASALTIC-ANDESITE [2495] / NOT GIVEN [20959]",0.93,2.25,0.35,2.12,0.78,0.32,1.07,0.21,1.4,0.31,0.96,0.18,1.08,0.19
-18.82,-174.67,"NOT GIVEN [2695] / BASALTIC-ANDESITE [2495]",1.4,3.64,0.62,3.11,1.07,0.468,1.58,0.28,1.94,0.45,1.32,0.21,1.35,0.2
-18.82,-174.67,"BASALTIC-ANDESITE [2479] / NOT GIVEN [2695] / ANDESITE [2495]",2.9,7.1,1.2,5.45,1.9,0.69,2.4,0.43,3,0.75,2.1,0.36,2.3,0.35
-19.05,-175.02,"BASALTIC-ANDESITE [3371] / NOT GIVEN [20959]",2.27,6.8,1.19,6.01,2,0.728,2.62,0.43,2.92,0.633,1.91,0.269,1.89,0.291
-19.75,-175.08,"BASALTIC-ANDESITE [2495] / NOT GIVEN [22052]",3.515140861,8.720811518,3.146887141,14.39653673,2.048017433,1.212265263,3.569399321,0.429527059,3.401721274,0.688397509,1.627141942,0.16,1.89874796,0.2582888
-19.75,-175.08,"BASALTIC-ANDESITE [2495] / NOT GIVEN [23853]",1.590257968,4.334539776,0.783459851,4.141464964,1.478561624,0.550410186,2.032269094,0.360579275,2.417949532,0.538279968,1.567833662,0.2,1.62510796,0.257777159
-19.75,-175.08,"BASALTIC-ANDESITE [2495] / NOT GIVEN [22052]",1.44,3.6,0.6,3.48,1.26,0.45,1.72,0.3,2.07,0.44,1.33,0.24,1.42,0.24
-19.75,-175.08,"BASALTIC-ANDESITE [2495] / NOT GIVEN [23853]",1.853254561,5.105649397,0.914943956,4.82019647,1.711062477,0.648199446,2.359265344,0.419921001,2.83415348,0.63624537,1.852080636,0.24,1.935781614,0.313616962
-19.75,-175.08,"BASALTIC-ANDESITE [2495] / NOT GIVEN [22052]",1.344601605,3.707146001,0.658203897,3.556845227,1.279205563,0.497146165,1.802041439,0.324477751,2.153704426,0.481022303,1.416671013,0.34,1.4895176,0.239122607
-19.75,-175.08,"BASALTIC-ANDESITE [2495] / NOT GIVEN [22052]",1.290059387,3.50991587,0.638931697,4.144965272,1.48441954,0.470518944,1.724922107,0.370633751,2.087627754,0.468459561,1.364016678,0.25,1.688765556,0.273643745
-20.55,-175.42,"BASALTIC-ANDESITE [2495]",1.8,3.6,0.6,3.4,1.18,0.53,1.59,0.34,1.94,0.45,1.32,0.2,1.35,0.27
-20.55,-175.42,"BASALTIC-ANDESITE [2495]",1.9,3.6,0.62,3.5,1.2,0.48,1.48,0.39,2.02,0.51,1.42,0.22,1.63,0.27
-22.33,-176.2,"BASALTIC-ANDESITE [2495] / NOT GIVEN [7403]",3.48,8.8,0.82,6.61,2.08,0.79,1.52,0.508,3.11,0.29,0.93,0.14,2.1,0.322
-22.33,-176.2,"BASALTIC-ANDESITE [2495] / BASALT [13277]",3.94,10.6,1.53,7.2,2.33,0.814,2.99,0.528,3.29,0.73,2.16,0.35,2.25,0.342
-31.43,-178.9,"BASALTIC-ANDESITE [20997] / NOT GIVEN [22609] / BASALT [2478]",3.56,9.61,1.41,7.7,2.4,1.11,3.18,0.52,3.82,0.77,2.46,0.31,2.39,0.34
26.75,102.1,"BASALTIC-ANDESITE [12757]",51.8,109,13.8,56.9,11.1,3.23,9.54,1.36,7.54,1.4,3.6,0.47,3,0.42
26.75,102.1,"BASALTIC-ANDESITE [12757]",63.8,131,15.9,62.9,11.5,3.13,9.52,1.33,7.37,1.37,3.73,0.48,3.19,0.44
26.75,102.1,"BASALTIC-ANDESITE [12757]",60.5,126,15.5,61.1,11.2,3.01,9.62,1.3,7.18,1.36,3.61,0.47,3.11,0.43
26.75,102.1,"BASALTIC-ANDESITE [12757]",58.4,120,14.6,57.11,10.5,2.84,8.69,1.21,6.64,1.24,3.37,0.42,2.83,0.4
26.75,102.1,"BASALTIC-ANDESITE [12757]",67.8,127,15.5,61.4,11.5,3.15,9.72,1.31,7.17,1.34,3.58,0.46,3.05,0.43
26.75,102.1,"BASALTIC-ANDESITE [12757]",70.9,136,16.9,65.7,12.1,3.08,10,1.39,7.76,1.44,3.79,0.51,3.3,0.48
26.75,102.1,"BASALTIC-ANDESITE [12757]",51.3,109,13.6,55.3,10.8,3.01,9.48,1.3,7.23,1.33,3.5,0.44,2.82,0.4
26.75,102.1,"BASALTIC-ANDESITE [12757]",49.8,106,13,52.24,10.32,2.86,9.1,1.25,7.01,1.28,3.37,0.43,2.75,0.39
26.75,102.1,"BASALTIC-ANDESITE [12757]",48.2,99.5,12.6,50.96,10.13,2.87,8.95,1.22,6.68,1.26,3.17,0.4,2.59,0.35
26.75,102.1,"BASALTIC-ANDESITE [12757]",51.8,109,13.5,54.3,11.1,2.85,9.42,1.31,7.27,1.36,3.47,0.43,2.81,0.41
29.65,91.4,"BASALTIC-ANDESITE [12600]",13.5,29.3,3.93,16.8,3.79,1.06,3.39,0.483,2.68,0.52,1.38,0.195,1.2,0.171
29.65,91.4,"BASALTIC-ANDESITE [12600]",12,27.4,3.72,16.3,3.75,1.19,3.35,0.465,2.53,0.488,1.27,0.178,1.1,0.161
29.65,91.4,"BASALTIC-ANDESITE [12600]",12.7,28.4,3.83,16.6,3.71,1.17,3.38,0.463,2.51,0.482,1.26,0.177,1.1,0.159
29.65,91.4,"BASALTIC-ANDESITE [12600]",7.76,14.9,2.34,10.6,2.77,1.13,3.22,0.52,3.34,0.69,1.96,0.27,1.81,0.26
29.65,91.4,"BASALTIC-ANDESITE [12600]",17.1,33.7,4.71,20.2,4.98,1.69,5.27,0.81,4.99,1.02,2.85,0.41,2.66,0.39
29.65,91.4,"BASALTIC-ANDESITE [12600]",8.13,16.2,2.43,10.9,2.89,1.14,3.38,0.53,3.41,0.7,1.97,0.27,1.75,0.26
46.3,90,"BASALTIC-ANDESITE [12562]",11.1,24.5,3.21,14,3.25,1.04,3.21,0.5,3.16,0.67,1.93,0.27,1.76,0.26
48.005,122.8064,"BASALTIC-ANDESITE [12568]",18.69,39.93,5.22,22.47,4.82,1.33,4.03,0.56,3.3,0.69,1.9,0.29,1.72,0.26
50.375,124.2244,"BASALTIC-ANDESITE [12568]",20.25,43.86,5.55,23.24,4.65,1.43,3.89,0.55,3.03,0.59,1.6,0.23,1.43,0.22
52.6606,124.3272,"BASALTIC-ANDESITE [12568]",19.24,39.34,5.27,21.89,4.49,1.41,3.81,0.56,2.93,0.58,1.52,0.23,1.36,0.21
44.7533,121.1308,"BASALTIC-ANDESITE [12568]",22.11,46.98,5.77,23.06,4.76,1.12,4.16,0.64,3.98,0.86,2.47,0.38,2.46,0.39
44.7828,121.1308,"BASALTIC-ANDESITE [12568]",21.65,46.63,5.72,27.75,4.82,1.12,4.14,0.64,3.91,0.85,2.39,0.37,2.43,0.39
44.4489,120.8011,"BASALTIC-ANDESITE [12568]",19.57,45.07,5.91,23.71,4.98,1.3,4.14,0.65,3.85,0.8,2.1,0.31,2.03,0.32
44.4489,120.8003,"BASALTIC-ANDESITE [12568]",18.94,42.3,5.66,23.3,4.9,1.3,3.97,0.65,3.8,0.78,2.07,0.31,2,0.31
44.4506,120.7969,"BASALTIC-ANDESITE [12568]",21.87,49.69,6.36,22.9,4.83,1.38,4.47,0.72,4.26,0.84,2.28,0.33,2.19,0.34
43.9292,119.4461,"BASALTIC-ANDESITE [12568]",8.63,20.66,2.75,10.91,2.99,1.06,3.62,0.56,3.5,0.74,1.97,0.32,2.09,0.31
43.9292,119.4461,"BASALTIC-ANDESITE [12568]",9.03,21.42,2.92,11.79,3.17,1.18,3.75,0.59,3.7,0.8,2.11,0.34,2.21,0.34
43.9294,119.4358,"BASALTIC-ANDESITE [12568]",8.89,21.87,2.92,11.65,3.22,1.15,3.81,0.59,3.64,0.79,2.11,0.34,2.3,0.35
24.8,115.44,"BASALTIC-ANDESITE [13131]",25.3,56.5,7.07,32,7.19,2.98,7.41,1.12,6.64,1.22,3.5,0.45,2.84,0.4
24.8,115.44,"BASALTIC-ANDESITE [13131]",24,54.5,6.94,31.4,7.04,2.59,7.57,1.14,6.77,1.33,3.75,0.51,3.5,0.47
24.8,115.44,"BASALTIC-ANDESITE [13131]",30.4,64.5,7.66,30.9,7,1.82,7.31,1.24,6.87,1.47,4.28,0.53,3.73,0.55
24.8,115.44,"BASALTIC-ANDESITE [13131]",24.3,52.4,6.27,25,5.72,1.54,6.44,1.02,6.19,1.2,3.45,0.47,3.09,0.47
24.8,115.44,"BASALTIC-ANDESITE [13131]",27.3,58.9,6.95,28.5,6.64,1.7,6.63,1.11,6.73,1.28,4.01,0.49,3.45,0.49
24.8,115.44,"BASALTIC-ANDESITE [13131]",27.7,58.7,6.78,29,7.01,1.66,6.76,1.05,6.78,1.28,3.85,0.53,3.55,0.51
48.724,-121.846,"BASALTIC-ANDESITE [18091]",17.09,38.11,5.21,22.19,4.71,1.56,4.16,0.62,3.55,0.71,1.86,0.27,1.6,0.26
48.7154,-121.8465,"CALC-ALKALI BASALT [19246] / BASALTIC-ANDESITE [18091]",12.71174551,28.26289414,3.912552822,16.34254813,3.657001787,1.165175913,3.564425424,0.560814256,3.447931088,0.700740869,1.826702506,0.28,1.661682311,0.259864367
48.7795,-121.883,"CALC-ALKALI BASALT [19246] / BASALTIC-ANDESITE [18091]",18.60565565,43.80780932,6.028096452,25.29676113,5.996415201,1.923449741,6.076640089,1.027865352,6.239162721,1.292612756,3.480722648,0.507651893,3.098696166,0.495080903
48.6604,-121.7028,"CALC-ALKALI BASALT [19246] / BASALTIC-ANDESITE [18091]",16.17749471,38.60831692,5.30721591,23.02422635,5.687484008,1.920353566,5.930211141,0.997042125,6.265970359,1.259048325,3.401683645,0.49,3.033733895,0.486237218
48.6366,-121.7299,"CALC-ALKALI BASALT [19246] / BASALTIC-ANDESITE [18091]",11.1842947,25.82469739,3.577662389,15.65620922,4.004245474,1.429315805,4.280052531,0.730766015,4.644847465,0.974381068,2.670326109,0.383645246,2.435132163,0.384729852
46.18,121.4,"BASALTIC-ANDESITE [12037]",5.8,13.38,2.01,9.22,2.95,1.17,3.98,0.74,4.5,1.02,2.53,0.37,2.53,0.38
44,117,"BASALTIC-ANDESITE [12033]",8.89,21.87,2.92,11.65,3.22,1.14,3.81,0.59,3.64,0.79,2.11,0.34,2.3,0.35
48.0033,122.7719,"BASALTIC-ANDESITE [12067]",22.82,51.6,6.77,29.88,6.43,1.86,6.23,0.91,5.49,1.03,2.88,0.39,2.69,0.37
48.0033,122.7719,"BASALTIC-ANDESITE [12067]",19.72,43.49,5.7,24.22,5.2,1.51,4.63,0.67,3.6,0.63,2.15,0.24,1.69,0.25
20.6021,-104.8524,"BASALTIC-ANDESITE [13031]",13.19,27.74,3.66,16.4,3.95,1.27,3.45,0.53,3.07,0.61,1.59,0.23,1.44,0.23
-45.8617,-72.9631,"BASALTIC-ANDESITE [12982]",28.9,67,8.7,36,7.6,2.18,7.2,1.09,6.4,1.29,3.5,0.51,2.98,0.47
-45.8425,-73.0942,"BASALTIC-ANDESITE [12982]",30.1,71,9.5,40,8.6,2.71,8.2,1.23,7.3,1.55,4,0.59,3.6,0.55
-45.2047,-73.2381,"BASALTIC-ANDESITE [12982]",7.3,16.4,2.18,9.4,2.5,0.99,2.65,0.45,2.78,0.59,1.61,0.25,1.5,0.22
36.6,25.4,"BASALTIC-ANDESITE [13283]",5.94,13.89,1.89,8.38,2.35,0.83,2.91,0.51,3.28,0.66,1.98,0.3,2.04,0.29
36.6,25.4,"BASALTIC-ANDESITE [13283]",6.31,14.23,1.84,8.69,2.36,0.78,2.75,0.49,3.21,0.68,2.02,0.29,1.92,0.3
36.6,25.4,"BASALTIC-ANDESITE [13283]",6.77,15.43,2.12,9.67,2.7,0.83,3.09,0.58,3.64,0.79,2.33,0.35,2.32,0.35
36.6,25.4,"BASALTIC-ANDESITE [13283]",14.18,29.87,3.66,14.91,3.63,0.93,4.1,0.72,4.48,0.97,2.87,0.43,2.86,0.44
36.6,25.4,"BASALTIC-ANDESITE [13283]",8.37,18.49,2.39,10.79,2.82,0.85,3.21,0.58,3.56,0.76,2.27,0.34,2.21,0.35
36.6,25.4,"BASALTIC-ANDESITE [13283]",4.91,11.28,1.58,7.28,2.03,0.74,2.35,0.39,2.43,0.52,1.51,0.22,1.47,0.22
36.6,25.4,"BASALTIC-ANDESITE [13283]",9.07,20.35,2.68,11.87,3.23,1.08,3.71,0.69,4.37,0.94,2.82,0.41,2.77,0.42
36.6,25.4,"BASALTIC-ANDESITE [13283]",8.77,19.56,2.59,11.43,3.07,1.09,3.87,0.68,4.42,0.93,2.77,0.4,2.76,0.4
36.6,25.4,"BASALTIC-ANDESITE [13283]",6.02,13.3,1.77,8.2,2.35,0.77,2.65,0.49,3.24,0.69,2.03,0.3,1.99,0.3
36.6,25.4,"BASALTIC-ANDESITE [13283]",9,19.51,2.38,10.51,2.75,0.82,3.14,0.57,3.65,0.78,2.33,0.34,2.25,0.35
36.6,25.4,"BASALTIC-ANDESITE [13283]",7.86,17.67,2.31,9.9,2.66,0.93,3.27,0.57,3.75,0.76,2.34,0.34,2.37,0.35
36.6,25.4,"BASALTIC-ANDESITE [13283]",14.76,31.2,3.62,15.05,3.7,0.93,4.25,0.71,4.55,0.94,2.88,0.41,2.84,0.44
36.6,25.4,"BASALTIC-ANDESITE [13283]",10.53,23.16,2.78,12.05,3.06,0.9,3.59,0.64,4.06,0.87,2.6,0.38,2.57,0.39
36.6,25.4,"BASALTIC-ANDESITE [13283]",13.98,31.15,3.86,17.43,4.56,1.23,5.25,0.94,6.01,1.26,3.81,0.55,3.69,0.57
36.6,25.4,"BASALTIC-ANDESITE [13283]",14.36,31.26,3.74,16.11,4,1,4.62,0.8,5.1,1.08,3.22,0.48,3.25,0.51
36.6,25.4,"BASALTIC-ANDESITE [13283]",7.95,16.55,2.19,9.83,2.69,0.84,3.28,0.59,3.64,0.82,2.4,0.37,2.4,0.36
36.6,25.4,"BASALTIC-ANDESITE [13283]",18.68,38.25,4.58,17.75,3.95,1.04,4.48,0.69,4.32,0.85,2.59,0.37,2.51,0.36
36.6,25.4,"BASALTIC-ANDESITE [13283]",21.24,41.45,4.84,18.27,3.92,0.99,4.74,0.73,4.45,0.91,2.77,0.41,2.75,0.4
36.6,25.4,"BASALTIC-ANDESITE [13283]",16.82,32.65,3.88,15.46,3.56,0.93,4.12,0.68,4.22,0.87,2.65,0.38,2.55,0.37
36.6,25.4,"BASALTIC-ANDESITE [13283]",24.02,1.01,8.79,19.31,2.49,10.88,2.96,0.9,3.4,0.61,3.81,0.82,2.42,0.36
36.6,25.4,"BASALTIC-ANDESITE [13283]",9.65,21.95,2.42,11.65,3.01,0.91,3.58,0.65,4.18,0.92,2.69,0.4,2.65,0.39
36.6,25.4,"BASALTIC-ANDESITE [13283]",7.39,16.81,2.13,9.26,2.41,0.72,2.94,0.5,3.44,0.76,2.21,0.3,1.95,0.31
36.6,25.4,"BASALTIC-ANDESITE [13283]",7.4,16.28,2.1,9.52,2.57,0.77,2.97,0.53,3.47,0.72,2.2,0.32,2.14,0.34
36.6,25.4,"BASALTIC-ANDESITE [13283]",10.37,22.87,2.94,12.9,3.33,1.01,3.89,0.68,4.31,0.93,2.84,0.43,2.74,0.43
36.6,25.4,"BASALTIC-ANDESITE [13283]",7.39,16.39,2.16,9.99,2.71,0.83,3.25,0.59,3.79,0.81,2.42,0.35,2.4,0.36
36.6,25.4,"BASALTIC-ANDESITE [13283]",11.84,25.91,3.26,14.65,3.78,1.02,4.33,0.77,5.03,1.07,3.18,0.47,3.14,0.48
36.6,25.4,"BASALTIC-ANDESITE [13283]",15.82,34.62,4.26,18.56,4.76,1.21,5.4,0.94,6.09,1.27,3.88,0.57,3.85,0.58
36.6,25.4,"BASALTIC-ANDESITE [13283]",12.83,28.65,3.46,15.21,3.94,0.99,4.39,0.77,5.03,1.07,3.14,0.47,3.12,0.48
36.6,25.4,"BASALTIC-ANDESITE [13283]",10.63,22.95,2.84,12.65,3.18,0.92,3.72,0.66,4.23,0.89,2.65,0.39,2.6,0.4
36.6,25.4,"BASALTIC-ANDESITE [13283]",15.9,33.53,4.16,16.93,4.08,1.1,4.59,0.78,4.79,1.02,3.11,0.46,3.07,0.46
36.6,25.4,"BASALTIC-ANDESITE [13283]",18.48,36.71,4.11,16.28,3.66,0.9,4.11,0.66,4.14,0.87,2.65,0.37,2.64,0.41
36.6,25.4,"BASALTIC-ANDESITE [13283]",10.15,22.4,2.87,12.3,3.18,0.88,3.78,0.68,4.21,0.9,2.73,0.41,2.7,0.41
36.6,25.4,"BASALTIC-ANDESITE [13283]",18.67,37.51,4.36,16.99,3.81,0.96,4.32,0.7,4.15,0.89,2.69,0.4,2.7,0.42
22.97,121.3,"BASALTIC-ANDESITE [12976]",3.17,7.61,1.13,5.65,1.69,0.57,1.87,0.34,2.14,0.48,1.33,0.2,1.32,0.2
22.97,121.3,"BASALTIC-ANDESITE [12976]",3.07,7.39,1.1,5.38,1.58,0.55,1.77,0.33,2.09,0.45,1.28,0.19,1.26,0.19
22.97,121.3,"BASALTIC-ANDESITE [12976]",3.39,7.56,1.17,5.84,1.7,0.57,1.88,0.34,2.18,0.49,1.34,0.2,1.34,0.21
22.97,121.3,"BASALTIC-ANDESITE [12976]",3.28,7.64,1.17,5.74,1.71,0.58,1.92,0.35,2.23,0.49,1.37,0.21,1.34,0.21
12.28,93.52,"BASALTIC-ANDESITE [13319]",5,13.1,2,9.9,2.94,1.08,3.61,0.66,4.1,0.94,2.77,0.46,2.62,0.41
12.28,93.52,"BASALTIC-ANDESITE [13319]",5.8,15.2,2.26,11.7,3.59,1.32,3.9,0.72,4.8,1.08,3.03,0.5,3.1,0.44
12.28,93.52,"BASALTIC-ANDESITE [13319]",7.9,20.09,2.98,14.21,4.06,1.39,4.65,0.84,5.56,1.24,3.44,0.55,3.43,0.5
12.28,93.52,"BASALTIC-ANDESITE [13319]",3.06,8.2,1.26,7.1,2.52,0.84,3.05,0.54,3.9,0.88,2.36,0.35,2.43,0.34
65.1314,50.1648,"BASALTIC-ANDESITE [12870]",6.27,14.15,1.96,9.68,2.9,1.04,3.74,0.7,4.35,0.84,2.37,0.34,2.21,0.33
65.1314,50.1648,"BASALTIC-ANDESITE [12870]",5.23,11.91,1.64,8.31,2.56,0.99,3.31,0.63,3.96,0.77,2.14,0.32,2.02,0.3
49,-81,"BASALTIC-ANDESITE [12861]",14.88,34.31,4.709,21.07,5.58,1.782,6.692,1.125,7.126,1.479,4.35,0.626,3.97,0.594
49,-81,"BASALTIC-ANDESITE [12861]",13.3,32.34,4.525,20.76,5.65,1.817,6.809,1.169,7.507,1.627,4.871,0.725,4.71,0.721
49,-81,"BASALTIC-ANDESITE [12861]",21.67,50.79,6.694,28.95,6.8,1.75,6.903,1.056,6.367,1.334,3.984,0.6,4.04,0.619
49,-81,"BASALTIC-ANDESITE [12861]",17.07,40.03,5.405,24.61,6.04,1.676,6.87,1.112,6.86,1.403,4.124,0.598,3.81,0.559
49,-81,"BASALTIC-ANDESITE [12861]",21.28,49.36,6.554,28.29,6.72,1.645,7.26,1.18,7.3,1.487,4.41,0.656,4.29,0.639
49,-81,"BASALTIC-ANDESITE [12861]",21.28,49.9,6.727,29.52,7.05,1.829,7.766,1.183,7.177,1.477,4.292,0.629,4.02,0.62
49,-81,"BASALTIC-ANDESITE [12861]",20.02,48.6,6.484,28.57,6.79,1.777,7.212,1.147,7.049,1.478,4.361,0.642,4.24,0.639
49,-81,"BASALTIC-ANDESITE [12861]",22.6,53.92,7.235,30.74,7.13,1.382,7.35,1.198,7.42,1.477,4.29,0.634,4.13,0.622
-26.152,-67.427,"BASALTIC-ANDESITE [17669] / NOT GIVEN [24044]",2.2,39.5,82.6,10.01,7.57,2.12,6.13,0.87,4.8,0.85,2.36,0.32,2.06,0.29
-26.032,-67.445,"BASALTIC-ANDESITE [17669] / NOT GIVEN [24044]",55.4,115.6,13.71,50.1,7.7,1.87,5.5,0.75,3.9,0.71,1.95,0.26,1.59,0.23
-26.65,-67.87,"BASALTIC-ANDESITE [17669] / NOT GIVEN [24044]",42,83.2,9.4,35.6,6.55,1.7,5.56,0.8,4.55,0.85,2.43,0.33,2.11,0.31
-25.872,-67.393,"BASALTIC-ANDESITE [17669] / NOT GIVEN [24044]",37.5,75.8,8.98,33.9,6.28,1.56,5.24,0.72,3.85,0.7,1.8,0.24,1.55,0.24
-25.87,-67.436,"BASALTIC-ANDESITE [17669] / NOT GIVEN [24044]",21.8,45.6,5.71,23.4,5.2,1.38,5.06,0.76,4.44,0.87,2.38,0.32,2.1,0.32
-25.853,-67.31,"BASALTIC-ANDESITE [17669] / NOT GIVEN [24044]",33,68,8.09,31,5.79,1.43,4.89,0.73,3.91,0.77,2.01,0.28,1.82,0.27
-25.83,-67.287,"BASALTIC-ANDESITE [17669] / NOT GIVEN [24044]",31.3,65.6,8.11,32,6.24,1.6,5.49,0.77,4.25,0.79,2.19,0.28,1.89,0.28
-25.216,-67.029,"BASALTIC-ANDESITE [17669] / NOT GIVEN [24044]",30.3,62.8,7.64,30,5.98,1.47,5.16,0.73,4.15,0.78,2.16,0.29,1.85,0.26
-25.265,-67.052,"BASALTIC-ANDESITE [17669] / NOT GIVEN [24044]",23.8,49.5,6.13,24.7,5.19,1.35,4.75,0.71,4.09,0.8,2.18,0.3,1.97,0.28
18.2,144.7333,"BASALTIC-ANDESITE [22913] / BASALT [2522]",7.007841034,16.21861439,2.417209342,11.4099229,3.254604256,1.200433009,3.917181604,0.657504181,4.180229138,0.906861822,2.544274953,0.383139087,2.413652927,0.358179124
-2.9,32.2,"BASALTIC-ANDESITE [12648]",2.9,7.9,1.09,5.7,1.8,0.77,2.4,0.4,2.6,0.5,1.6,0.24,1.5,0.23
-2.9,32.2,"BASALTIC-ANDESITE [12648]",4.5,12,1.69,8.7,2.7,0.97,3.7,0.7,4,0.8,2.5,0.38,2.4,0.38
21.58,143.27,"BASALT [2431] / BASALTIC-ANDESITE [22913]",6.99,15.3,1.98162027,10.1,2.82,1.06,3.18,0.528795752,3.66,0.736476762,2.18,0.31091389,2.18,0.294576271
22,143.2,"BASALTIC-ANDESITE [22913]",5.899164842,14.18837552,2.116964848,10.15917145,3.027841153,1.16410635,3.759992157,0.658459977,4.254015476,0.937855758,2.667513278,0.403209439,2.566510269,0.385349003
21.9,143,"BASALT [22913] / BASALTIC-ANDESITE [2522]",5.216917332,13.39305872,2.059373288,10.04260713,2.999139494,1.119358479,3.819995333,0.650813596,4.116131551,0.906606342,2.567626085,0.375429969,2.400962035,0.3551225
21.8333,143.1667,"BASALT [22913] / BASALTIC-ANDESITE [2522]",7.600126763,16.96990626,2.377255316,10.77507035,2.99942149,1.050737251,3.531531193,0.584519559,3.725780169,0.815959527,2.261328739,0.342428879,2.212837138,0.327201604
-62.95,-60.63,"BASALTIC-ANDESITE [17507]",10.26,25.44,3.67,16.64,4.73,1.71,5.35,0.94,5.81,1.19,3.22,0.46,2.81,0.46
-63,-61,"BASALTIC-ANDESITE [17507] / PYROCLASTIC SEDIMENT [23830]",11.32,28.77,4.21,19.49,5.57,1.93,6.34,1.12,7.06,1.46,3.91,0.57,3.5,0.55
-63,-61,"BASALTIC-ANDESITE [17507] / SCORIA [23830] / BASALTIC-TRACHYANDESITE [24367]",13.88,34.75,4.89,21.7,5.9,1.86,6.45,1.15,7.18,1.49,4.16,0.62,3.81,0.59
-63,-61,"BASALTIC-ANDESITE [17507] / SCORIA [23830] / BASALTIC-TRACHYANDESITE [24367]",10.62,26.39,3.79,17.2,4.69,1.58,5.22,0.93,5.87,1.2,3.31,0.48,3.01,0.47
-63,-61,"BASALTIC-ANDESITE [17507] / SCORIA [23830]",11.74,29.27,4.15,18.56,5.07,1.72,5.59,0.99,6.24,1.32,3.55,0.53,3.28,0.53
41.0207,34.7062,"BASALTIC-ANDESITE [12404]",11.9,28,3.95,16.8,4.9,1.54,4.32,0.68,3.83,0.81,2.43,0.35,2.21,0.37
41.0186,34.8975,"BASALTIC-ANDESITE [12404]",23.8,52.5,6.49,27.5,5.9,1.81,5.01,0.85,4.9,0.88,2.69,0.37,2.36,0.44
40.7384,34.7242,"BASALTIC-ANDESITE [12404]",20.7,39.3,4.39,18.7,3.4,0.98,3.36,0.48,3.12,0.62,2.1,0.27,1.91,0.29
40.7651,34.7759,"BASALTIC-ANDESITE [12404]",11.6,25.6,3.45,18.4,3.9,1.37,3.97,0.58,3.86,0.74,2.32,0.32,2.07,0.32
40.7327,34.9042,"BASALTIC-ANDESITE [12404]",14.5,29.9,3.82,17.4,3.9,1.23,3.85,0.58,3.54,0.7,2.13,0.26,1.84,0.27
41.5,33.67,"BASALTIC-ANDESITE [9877]",9.7,20.7,2.5,11.1,2.5,0.87,2.59,0.5,2.99,0.67,2.04,0.32,1.94,0.3
41.5,33.67,"BASALTIC-ANDESITE [9877]",10.33,24.6,2.4,11.2,2.39,0.85,2.71,0.45,2.9,0.67,1.93,0.31,1.89,0.29
41.5,33.67,"BASALTIC-ANDESITE [9877]",9.88,23.69,2.36,10.26,2.27,0.8,2.38,0.4,2.44,0.56,1.65,0.26,1.59,0.25
41.5,33.67,"BASALTIC-ANDESITE [9877]",12.04,26.5,2.98,12.05,2.27,0.86,2.35,0.4,2.54,0.55,1.65,0.28,1.7,0.45
41.5,33.67,"BASALTIC-ANDESITE [9877]",15.13,36.16,3.84,14.45,2.78,0.98,2.79,0.45,2.83,0.62,1.84,0.3,1.82,0.28
41.5,33.67,"BASALTIC-ANDESITE [9877]",14.1,29.1,3.56,15.2,3.27,1,3.19,0.53,3.01,0.68,1.93,0.29,1.77,0.27
41.5,33.67,"BASALTIC-ANDESITE [9877]",15.3,32.6,4.02,18.08,3.49,1.14,3.53,0.52,2.92,0.58,1.75,0.28,1.63,0.26
39.03,38.47,"BASALTIC-ANDESITE [12011]",17.8,33.9,4.08,15.9,3.7,1.24,3.65,0.63,3.85,0.79,2.22,0.39,2.04,0.31
39.03,38.47,"BASALTIC-ANDESITE [12011]",19.4,37.3,2.24,17.5,3.7,1.22,3.85,0.63,3.88,0.81,2.42,0.32,2.36,0.34
39.03,38.47,"BASALTIC-ANDESITE [12011]",30.1,54.9,6.27,25.7,5.3,1.64,4.23,0.71,4.14,0.91,2.71,0.36,2.65,0.39
39.5,26,"BASALTIC-ANDESITE [11867]",24.2,52.4,5.95,25.1,5.4,1.48,5.5,0.98,5.25,1.03,3.15,0.52,3.03,0.49
39.5,26,"BASALTIC-ANDESITE [11867]",47,99.4,11.91,43.1,8.1,0.02,6.53,0.97,4.87,0.95,2.55,0.38,2.45,0.35
-0.2961,-78.2403,"BASALTIC-ANDESITE [18321]",94.1,161.9,19.6,80.6,13.9,3.24,9.48,0.95,5.2,0.87,2.16,0.29,2.01,0.28
-56.33,-27.53,"BASALTIC-ANDESITE [2193]",1.61,4.99,0.84,4.38,1.57,0.69,2.18,0.41,2.74,0.59,1.84,0.28,1.83,0.29
46.3352,121.394,"BASALTIC-ANDESITE [13467]",33.57,71.1,9.21,39.81,7.42,2.08,7.06,0.99,5.07,1.04,2.91,0.41,2.69,0.4
-7.7016,156.5363,"BASALTIC-ANDESITE [13436]",8.048799422,17.36965034,2.676832917,12.64289216,3.391580833,1.093617511,4.110594939,0.683625802,4.528662665,0.976474301,2.828165771,0.425089598,2.874581672,0.442008623
-8.5575,157.2063,"BASALTIC-ANDESITE [13436]",12.37023848,25.2910014,3.447659029,14.93237753,3.477737089,1.05823027,3.555228234,0.523864834,3.089392262,0.620843012,1.743659411,0.262988528,1.829107165,0.281095851
-8.008,157.419,"BASALTIC-ANDESITE [13436]",10.68313512,22.18277492,3.228487255,13.78592112,3.165074406,0.980887633,3.102923124,0.480042174,2.814158681,0.563971173,1.607323082,0.23667642,1.606074184,0.241244783
-8.1107,157.1323,"BASALTIC-ANDESITE [13436]",15.20667514,32.77635431,4.44230028,19.25883821,4.227288659,1.377073949,4.130453953,0.581670025,3.276758832,0.632209336,1.740310091,0.250754129,1.694960653,0.25220293
-9.1455,159.7906,"BASALTIC-ANDESITE [13436]",8.830669406,18.50763651,2.931084397,13.30002041,3.232081134,0.856466822,3.374182729,0.532057812,3.264364976,0.668641252,1.886245052,0.274526726,1.807515215,0.271286742
-9.1104,159.8271,"BASALTIC-ANDESITE [13436]",7.808784921,17.48935446,2.493122254,11.32975417,2.731024266,0.804652498,2.861161696,0.452698941,2.86584228,0.591226913,1.696752238,0.255372144,1.763396382,0.269988037
-10.6688,165.9066,"BASALTIC-ANDESITE [13436]",4.825993876,12.60877642,1.949835362,9.399741154,2.681809915,0.959332898,3.142490421,0.525611684,3.457194884,0.721627449,2.099858323,0.317431758,2.174004381,0.329445557
-59.45,-27.37,"BASALTIC-ANDESITE [2193]",3.07,8.82,1.36,7.13,2.21,0.76,2.66,0.44,3.25,0.66,2.06,0.33,2.05,0.31
-18.82,-174.67,"BASALTIC-ANDESITE [2479] / NOT GIVEN [2695]",2.95,7.44,1.23,5.83,1.79,0.794,2.35,0.373,2.61,0.583,1.78,0.271,1.99,0.316
40.6447,140.9156,"BASALTIC-ANDESITE [13465]",4.15,10.73,1.56,7.53,2.28,0.76,2.54,0.52,2.84,0.6,1.94,0.29,2.06,0.31
40.6494,140.9106,"BASALTIC-ANDESITE [13465]",4.4,11.21,1.64,7.8,2.33,0.72,2.53,0.51,2.89,0.62,1.95,0.3,2.11,0.32
40.6514,140.9075,"BASALTIC-ANDESITE [13465]",4.25,11.13,1.62,7.85,2.34,0.76,2.57,0.53,2.94,0.63,1.95,0.3,2.15,0.33
40.6628,140.9097,"BASALTIC-ANDESITE [13465]",3.49,9.36,1.41,7.35,2.35,0.87,2.72,0.54,3.1,0.67,2.11,0.31,2.27,0.34
39.9906,140.9239,"BASALTIC-ANDESITE [13465]",7.94,18.76,2.46,11.18,2.96,0.96,3.06,0.62,3.45,0.73,2.25,0.33,2.33,0.35
39.9906,140.9264,"BASALTIC-ANDESITE [13465]",7,16.39,2.2,10.05,2.68,0.89,2.78,0.55,3.11,0.65,2.04,0.31,2.13,0.31
39.9858,140.9303,"BASALTIC-ANDESITE [13465]",3.99,9.34,1.23,5.75,1.62,0.64,1.77,0.36,2.03,0.43,1.33,0.21,1.45,0.21
-44.3772,171.2523,"BASALTIC-ANDESITE [10209]",6.59,13.8,1.98,9.26,2.95,1.22,3.74,0.63,3.84,0.721,1.87,0.259,1.64,0.23
-55.864,-29.5,"BASALTIC-ANDESITE [2701]",5.65,14.81,2.24,10.87,3.44,1.24,4.03,0.73,4.91,1.03,2.92,0.441,2.82,0.43
-55.887,-29.5,"BASALTIC-ANDESITE [2701]",9.12,22.95,3.29,15.06,4.48,1.51,5.12,0.91,5.97,1.27,3.58,0.549,3.48,0.54
-55.905,-29.5,"BASALTIC-ANDESITE [2701]",4.47,11.92,1.83,8.8,2.85,1.02,3.42,0.63,4.26,0.9,2.565,0.397,2.5,0.39
-55.941,-29.5,"BASALTIC-ANDESITE [2701]",11.71,28.21,3.94,17.57,4.98,1.66,5.65,0.99,6.46,1.37,3.895,0.603,3.85,0.59
-55.994,-29.5,"BASALTIC-ANDESITE [2701]",10.88,26.83,3.64,17.1,4.54,1.51,5.17,0.85,5.45,1.13,3.16,0.51,3.17,0.48
-56.012,-29.5,"BASALTIC-ANDESITE [2701]",8.95,22.2,3.14,14.37,4.1,1.4,4.68,0.81,5.31,1.11,3.15,0.48,3.09,0.49
17.645,-63.213,"BASALTIC-ANDESITE [13520]",5.5,12.77,1.51,7.82,2.2,0.77,2.69,0.48,2.88,0.64,1.81,0.27,1.8,0.28
-56.049,-29.5,"BASALTIC-ANDESITE [2701]",7.77,19.14,2.68,12.33,3.56,1.23,4,0.69,4.5,0.95,2.67,0.412,2.65,0.41
-56.067,-29.5,"BASALTIC-ANDESITE [2701]",10.16,24.26,3.38,15.27,4.28,1.45,4.9,0.85,5.67,1.19,3.39,0.524,3.35,0.51
-56.083,-29.5,"BASALTIC-ANDESITE [2701]",10.26,24.4,3.39,15.14,4.21,1.43,4.81,0.85,5.57,1.17,3.35,0.524,3.34,0.51
-56.087,-29.5,"BASALTIC-ANDESITE [2701]",8.04,19.82,2.8,12.73,3.61,1.27,4.18,0.72,4.77,1,2.85,0.446,2.87,0.45
-56.088,-29.5,"BASALTIC-ANDESITE [2701]",9.23,22.42,3.06,13.52,3.7,1.28,4.29,0.74,4.79,1.01,2.9,0.441,2.87,0.44
-36.380322,-69.219795,"BASALTIC-ANDESITE [18602] / BASALTIC-TRACHYANDESITE [18019]",35.12837886,71.92710856,8.410211245,33.573321,6.706013008,1.996410553,6.500161561,0.973834545,5.386429069,1.013200208,2.907894966,0.407944857,2.625882208,0.431091165
-36.510663,-69.341891,"BASALTIC-ANDESITE [18602] / BASALTIC-TRACHYANDESITE [18019]",48.93837127,99.87178402,11.92048641,48.44826773,9.766449627,2.671296375,9.393770149,1.385078891,7.405432836,1.367514131,3.832652271,0.53631538,3.316035821,0.541574793
-56.118,-29.5,"BASALTIC-ANDESITE [2701]",11.12,26.98,3.82,17.11,4.97,1.65,5.52,0.98,6.5,1.37,3.85,0.603,3.86,0.59
-56.166,-29.5,"BASALTIC-ANDESITE [2701]",11.7,28.23,3.95,17.77,5.01,1.68,5.73,1.01,6.63,1.39,3.97,0.608,3.95,0.61
-56.19,-29.5,"BASALTIC-ANDESITE [2701]",5.06,12.78,1.78,8.069,2.35,0.85,2.59,0.46,2.97,0.62,1.74,0.265,1.72,0.26
-56.213,-29.5,"BASALTIC-ANDESITE [2701]",7.3,18.28,2.62,12.04,3.54,1.255,4.09,0.72,4.73,0.99,2.81,0.431,2.78,0.43
-56.22,-29.5,"BASALTIC-ANDESITE [2701]",5.27,13.86,2.06,9.77,2.96,1.06,3.51,0.62,4.12,0.87,2.44,0.377,2.41,0.37
-36.0425,-69.726778,"BASALTIC-ANDESITE [18602]",22.20926772,46.0309022,5.957584931,24.25694602,4.776431464,1.460863301,4.434015441,0.612774212,3.516865192,0.659317927,1.811410573,0.248494194,1.58765521,0.246368317
-56.252,-29.5,"BASALTIC-ANDESITE [2701]",5.12,13.53,2.03,9.6,2.96,1.07,3.5,0.63,4.12,0.86,2.44,0.372,2.38,0.37
-56.273,-29.5,"BASALTIC-ANDESITE [2701]",8.41,18.4,2.43,10.59,2.91,1.04,3.38,0.59,3.87,0.81,2.26,0.348,2.24,0.35
-56.295,-29.5,"BASALTIC-ANDESITE [2701]",5.33,14.22,2.15,10.47,3.35,1.17,3.92,0.72,4.86,1.03,2.89,0.446,2.82,0.43
-56.319,-29.5,"BASALTIC-ANDESITE [2701]",5.97,15.89,2.38,11.39,3.49,1.23,4.07,0.74,4.92,1.03,2.9,0.446,2.86,0.44
-56.341,-29.5,"BASALTIC-ANDESITE [2701]",5.89,15.62,2.4,11.42,3.67,1.29,4.37,0.81,5.39,1.14,3.23,0.495,3.18,0.49
-56.364,-29.5,"BASALTIC-ANDESITE [2701]",5.07,13.2,1.94,9.09,2.78,1.02,3.28,0.6,4.02,0.84,2.4,0.368,2.35,0.36
-56.4,-29.5,"BASALTIC-ANDESITE [2701]",6.45,16.52,2.41,11.32,3.41,1.19,3.92,0.7,4.67,0.98,2.82,0.431,2.74,0.42
-56.422,-29.5,"BASALTIC-ANDESITE [2701]",5.78,14.55,2.14,10.23,3.01,1.07,3.51,0.65,4.2,0.86,2.51,0.382,2.4,0.38
-56.439,-29.5,"BASALTIC-ANDESITE [2701]",6.05,15.75,2.33,11.03,3.39,1.2,3.98,0.72,4.77,1,2.85,0.431,2.77,0.43
-56.5,-29.5,"BASALTIC-ANDESITE [2701]",4.72,13.89,2.19,10.85,3.57,1.25,4.23,0.79,5.37,1.14,3.27,0.51,3.18,0.49
-56.459,-29.5,"BASALTIC-ANDESITE [2701]",2.43,7.73,1.36,7.15,2.7,0.98,3.32,0.65,4.39,0.94,2.71,0.407,2.65,0.4
-56.499,-29.5,"BASALTIC-ANDESITE [2701]",5.21,15.86,2.61,13.18,4.41,1.49,5.21,0.99,6.64,1.41,4.04,0.613,3.93,0.61
-56.57,-29.5,"BASALTIC-ANDESITE [2701]",4.7,12.56,1.96,10.68,3.19,1.2,4.02,0.76,5.5,1.22,3.3,0.549,3.39,0.5
-56.1138,-30.2777,"BASALTIC-ANDESITE [2701]",8.36,20.69,2.9,13.51,3.73,1.27,4.12,0.73,4.55,0.94,2.68,0.421,2.64,0.41
-56.1155,-30.3502,"BASALTIC-ANDESITE [2701]",9.19,22.75,2.97,13.52,3.68,1.23,4.03,0.66,3.95,0.81,2.28,0.363,2.27,0.35
-56.1155,-30.3502,"BASALTIC-ANDESITE [2701]",9.27,23.21,3,13.58,3.69,1.24,4.09,0.66,4.06,0.83,2.33,0.363,2.28,0.36
-22.84,-176.78,"BASALTIC-ANDESITE [13619]",1.93,4.92,0.84,4.44,1.42,0.61,1.94,0.34,2.7,0.54,1.72,0.25,1.73,0.24
-22.79,-176.88,"BASALTIC-ANDESITE [13619]",2.63,7.26,1.27,6.46,2.12,0.83,2.71,0.44,2.92,0.64,1.83,0.26,1.8,0.3
-22.79,-176.75,"BASALTIC-ANDESITE [13619]",1.78,4.56,0.74,3.8,1.38,0.53,1.76,0.3,2.15,0.47,1.55,0.21,1.39,0.24
-22.29,-176.57,"BASALTIC-ANDESITE [13619]",3.83,9.02,1.32,6.16,1.78,0.62,2.1,0.36,2.28,0.5,1.39,0.22,1.5,0.24
-22.29,-176.57,"BASALTIC-ANDESITE [13619]",3.96,9.74,1.44,7.24,2.24,0.76,2.46,0.4,2.57,0.54,1.68,0.25,1.62,0.26
-22.31,-176.59,"BASALTIC-ANDESITE [13619]",3.08,7.26,1.07,5.28,1.65,0.53,1.94,0.34,2.19,0.48,1.35,0.22,1.38,0.21
-18.82,-174.67,"BASALTIC-ANDESITE [20997]",1.7,4.95,0.803,4.06,1.36,0.487,1.79,0.301,2.06,0.457,1.37,0.201,1.44,0.213
-19.05,-175.02,"BASALTIC-ANDESITE [3371] / ANDESITE [3374]",2.29,6.51,1.13,6.06,2.09,0.741,2.61,0.472,3.08,0.698,1.99,0.282,2.02,0.313
-29.25,-177.87,"BASALTIC-ANDESITE [2770]",1.12,3.92,0.66,3.7,1.44,0.529,1.9,0.338,2.32,0.507,1.55,0.215,1.51,0.229
-29.25,-177.87,"BASALTIC-ANDESITE [2770]",1.84,5.92,1.02,5.38,1.94,0.689,2.66,0.472,3.26,0.71,2.18,0.309,2.2,0.337
-29.25,-177.87,"BASALTIC-ANDESITE [2770]",1.5,5.04,0.87,4.57,1.67,0.647,2.36,0.412,2.88,0.63,1.89,0.275,1.94,0.294
-29.25,-177.87,"BASALTIC-ANDESITE [14131]",2.61,7.12,1.16,5.84,1.93,0.646,2.38,0.412,2.7,0.602,1.73,0.243,1.76,0.272
-30.58,-178.6,"BASALTIC-ANDESITE [20997] / DACITE [2770] / NOT GIVEN [20959]",2.89,8.1,1.36,7.12,2.56,1.06,3.1,0.58,3.94,0.863,2.55,0.367,2.78,0.434
-31.43,-178.9,"BASALTIC-ANDESITE [2770]",3.32,9.12,1.5,7.33,2.32,0.909,3.02,0.49,3.33,0.717,2.11,0.309,2.1,0.325
-20.55,-175.42,"BASALTIC-ANDESITE [20997]",1.32,3.87,0.61,3.33,1.18,0.43,1.65,0.287,2,0.448,1.38,0.197,1.41,0.22
-20.53,-175.42,"BASALTIC-ANDESITE [20997]",1.69,4.65,0.813,4.04,1.37,0.534,1.97,0.333,2.34,0.528,1.61,0.228,1.62,0.256
-19.05,-175.02,"BASALTIC-ANDESITE [3056] / NOT GIVEN [25854]",2.45,7.25,1.29,6.55,2.11,0.795,2.75,0.447,3.05,0.664,1.97,0.285,1.97,0.298
27.088,138.761,"BASALTIC-ANDESITE [13601]",8.18,18.4,2.33,10.7,2.62,0.97,3.01,0.5,3.16,0.67,2.04,0.29,2,0.32
-19.05,-175.02,"BASALTIC-ANDESITE [3371] / NOT GIVEN [10898]",2.36,6.62,1.17,6.16,2.12,0.753,2.67,0.486,3.16,0.7,2,0.283,2.03,0.318
31.51,138.35,"BASALTIC-ANDESITE [13601]",7.77,19.5,2.62,13.7,3.81,1.26,4.22,0.71,4.58,1.01,2.77,0.42,2.7,0.4
31.51,138.35,"BASALTIC-ANDESITE [13601]",7.83,19.6,2.58,13.4,3.8,1.29,4.23,0.72,4.49,0.99,2.79,0.42,2.73,0.41
29.793,138.354,"BASALTIC-ANDESITE [13601]",12.3,27.9,3.69,16.8,3.86,1.25,4.02,0.65,3.75,0.77,2.32,0.35,2.33,0.38
-19.05,-175.02,"BASALTIC-ANDESITE [20997]",2.68,7.44,1.29,6.85,2.33,0.823,2.88,0.503,3.27,0.72,2.04,0.287,2.05,0.325
-19.05,-175.02,"BASALTIC-ANDESITE [20997] / NOT GIVEN [10898]",3.18,6.26,1.08,5.77,2,0.701,2.5,0.441,2.95,0.659,1.89,0.27,1.9,0.302
-18.82,-174.67,"BASALTIC-ANDESITE [20997]",1.43,3.78,0.635,3.44,1.19,0.441,1.51,0.278,1.89,0.427,1.24,0.19,1.3,0.203
-18.82,-174.67,"BASALTIC-ANDESITE [20997] / DACITE [3056]",1.7,4.81,0.795,4.06,1.36,0.483,1.81,0.301,2.08,0.455,1.38,0.197,1.42,0.22
-15.95,-173.97,"BASALTIC-ANDESITE [3384] / NOT GIVEN [14365]",1.87,3.76,0.543,2.54,0.784,0.29,1.07,0.179,1.13,0.256,0.787,0.111,0.801,0.127
-15.95,-173.97,"BASALTIC-ANDESITE [20997] / NOT GIVEN [14365]",2.18,4.09,0.697,3.34,1.05,0.394,1.5,0.245,1.56,0.366,1.12,0.157,1.11,0.177
-15.95,-173.97,"BASALTIC-ANDESITE [20997] / NOT GIVEN [14365]",1.69,3.4,0.499,2.28,0.688,0.272,0.964,0.156,1,0.229,0.705,0.099,0.715,0.11
-15.95,-173.97,"THOLEIITIC ANDESITE [10608] / NOT GIVEN [14365]",2.72,6.78,0.92,4.06,1.21,0.46,1.62,0.26,1.79,0.4,1.24,0.18,1.29,0.21
-15.87,-173.92,"BASALTIC-ANDESITE [20997] / NOT GIVEN [14365]",1.19,2.69,0.392,1.95,0.704,0.279,1.035,0.204,1.27,0.292,0.897,0.129,0.911,0.142
21.42,143.9,"BASALTIC-ANDESITE [20997] / NOT GIVEN [14365]",0.923,2.28,0.378,2.05,0.787,0.327,1.2,0.226,1.49,0.344,1.06,0.151,1.05,0.162
-15.87,-173.92,"BASALTIC-ANDESITE [3059] / NOT GIVEN [10898]",0.64,1.72,0.365,1.25,0.462,0.254,0.78,0.182,1.04,0.279,0.724,0.125,0.81,0.136
-15.87,-173.92,"BASALTIC-ANDESITE [3056] / NOT GIVEN [22609]",0.885,2.62,0.286,2.09,0.769,0.251,0.985,0.178,1.22,0.274,0.847,0.121,0.871,0.134
-31.43,-178.9,"BASALTIC-ANDESITE [20997] / NOT GIVEN [4591]",2.73,7.63,1.26,6.21,1.92,0.803,2.45,0.41,2.79,0.59,1.78,0.248,1.73,0.26
23.08,142.6,"BASALTIC-ANDESITE [20997] / BASALT [14131] / NOT GIVEN [4591]",1.54,4.49,0.774,4.23,1.54,0.541,2.09,0.382,2.6,0.581,1.66,0.233,1.7,0.265
23.08,142.6,"BASALTIC-ANDESITE [20997] / NOT GIVEN [4591]",1.26,4.13,0.813,4.15,1.57,0.68,2.52,0.333,3.24,0.528,2.21,0.228,2.19,0.256
-29.25,-177.87,"ANDESITE [20997] / BASALTIC-ANDESITE [14131]",1.59,5.38,0.879,5.37,1.97,0.85,3.05,0.525,3.83,0.793,2.56,0.332,2.59,0.373
-17.225,-178.93,"BASALTIC-ANDESITE [2782] / NOT GIVEN [2771]",13.98,27.22,3.37,14.64,4.16,1.33,4.54,0.78,4.8,0.94,2.46,0.34,2.01,0.31
28.5403,60.9978,"BASALTIC-ANDESITE [18654]",22.3,48.1,5.71,22.2,4.09,1.06,3.42,0.51,2.82,0.59,1.61,0.24,1.47,0.23
27.8131,60.2153,"BASALTIC-ANDESITE [18654]",15.6,34.4,4.16,16.9,3.54,1.02,3.44,0.51,3.2,0.69,1.9,0.27,1.77,0.27
28.1092,60.1886,"BASALTIC-ANDESITE [18654]",16,34.6,4.42,17.5,3.7,1.15,3.41,0.52,3.03,0.65,1.77,0.26,1.73,0.24
28.3206,59.5867,"BASALTIC-ANDESITE [18654]",13.1,28.4,3.67,14.9,3.33,1.03,3.2,0.49,2.88,0.59,1.62,0.24,1.59,0.24
28.3206,59.5867,"BASALTIC-ANDESITE [18654]",13,28.6,3.7,15.1,3.3,1.06,3.16,0.49,2.95,0.62,1.72,0.25,1.6,0.25
-6.73,106.72,"BASALTIC-ANDESITE [12581] / NOT GIVEN [18645]",19.2,41.7,6.29,28.7,6.95,1.82,7.5,1.24,7.55,1.63,4.56,0.71,4.57,0.77
-6.73,106.72,"BASALTIC-ANDESITE [12581] / NOT GIVEN [18645]",14,32.4,4.79,22.2,5.28,1.58,5.68,0.9,5.33,1.13,3.09,0.48,3.07,0.52
-18.82,-174.67,"NOT GIVEN [25854]",1.713,4.65,0.7792,4.04,1.35,0.5227,1.755,0.3176,2.16,0.471,1.438,0.2163,1.483,0.2256
-20.55,-175.42,"BASALTIC-ANDESITE [3056]",1.8,4.59,0.82,4.34,1.56,0.58,2.16,0.4,2.66,0.58,1.74,0.27,1.88,0.31
34.049,139.526,"BASALTIC-ANDESITE [13141] / NOT GIVEN [24180]",3.71,10.8,1.79,9.44,3.16,1.15,4.27,0.76,5.07,1.08,3.32,0.48,3.24,0.48
34.049,139.526,"BASALTIC-ANDESITE [13141] / NOT GIVEN [24180]",3.66,10.9,1.8,9.6,3.28,1.15,4.3,0.75,5.24,1.13,3.4,0.49,3.33,0.5
34.049,139.526,"BASALTIC-ANDESITE [13141] / NOT GIVEN [24180]",3.19,9.07,1.6,8.54,3.02,1.15,4.34,0.82,4.99,1.11,3.54,0.5,3.26,0.47
9.67,39.32,"BASALTIC-ANDESITE [13665]",32.52,72.5,8.74,39.37,8.67,2.69,8.25,1.27,7.14,1.37,3.6,0.5,3.01,0.44
9.67,39.32,"BASALTIC-ANDESITE [13665]",31.84,70.3,8.52,38.55,8.61,2.62,8.19,1.23,6.98,1.33,3.54,0.49,2.94,0.43
40.5,8.5,"NOT GIVEN [15109] / BASALTIC-ANDESITE [14339]",20.4,41.49,5.5,23.72,5.64,1.91,5.3,0.78,4.16,0.7,1.72,0.22,1.41,0.2
40.5,8.5,"NOT GIVEN [15109] / BASALTIC-ANDESITE [14339]",18.66,37.99,4.98,20.57,4.59,1.55,4.46,0.59,3.11,0.52,1.26,0.15,0.94,0.12
36.8447,138.6022,"BASALTIC-ANDESITE [13137]",6.39,14.74,2.05,9.73,2.59,0.9,2.96,0.53,3.41,0.71,1.98,0.32,2.08,0.35
36.8494,138.6122,"BASALTIC-ANDESITE [13137]",6.45,13.66,1.96,9.12,2.43,0.84,2.78,0.49,3.21,0.66,1.87,0.29,1.98,0.34
-18.0992,-69.0992,"BASALTIC-ANDESITE [13695]",42.243,82.5,8.53,29.069,4.967,1.117,3.678,0.555,3.091,0.506,1.521,0.261,1.553,0.247
-18.2095,-69.158,"BASALTIC-ANDESITE [13695]",19.48608137,37.57316203,4.564048866,17.94117647,3.171489061,0.809745763,2.796033994,0.377902098,2.382978723,0.486573427,1.399007796,0.207625044,1.446601942,0.231608589
-18.22,-69.1528,"BASALTIC-ANDESITE [13695]",26.82768778,51.90697674,6.66278053,25.93991516,4.705607749,1.231661351,4.220909628,0.588451288,3.566335476,0.724641078,2.172868444,0.306382979,2.098513553,0.34072071
-24.4706,-68.4522,"BASALTIC-ANDESITE [13695]",27,56,6.7,27,5.5,1.46,4.56,0.66,3.8,0.78,2.07,0.28,2,0.34
-16.0136,-71.5661,"BASALTIC-ANDESITE [13695]",25.496,51.5,6.129,24.803,5.023,1.503,4.64,0.603,3.573,0.792,1.835,0.332,2.002,0.313
52.4,-92.75,"BASALTIC-ANDESITE [13706]",3.47,8.04,1.11,5.11,1.66,0.58,2.09,0.4,2.56,0.57,1.79,0.27,1.65,0.24
25.48,122.1,"BASALTIC-ANDESITE [7615]",5.58,12.4,1.73,8.85,3.15,1.22,4.07,0.66,3.9,0.75,1.95,0.29,1.69,0.25
25.48,122.1,"BASALTIC-ANDESITE [7615]",3.72,6.8,1.13,6.3,2.1,0.83,2.64,0.44,2.6,0.48,1.3,0.18,1.11,0.16
25.48,122.1,"BASALTIC-ANDESITE [7615]",4.22,7.6,1.26,7.06,2.32,0.88,2.81,0.47,2.86,0.53,1.45,0.2,1.23,0.17
25.48,122.1,"BASALTIC-ANDESITE [7615]",5.03,11.3,1.63,8.25,3.15,1.24,3.57,0.69,3.89,0.78,2.02,0.28,1.68,0.25
25.48,122.1,"BASALTIC-ANDESITE [7615]",4.75,11.4,1.63,8.24,2.96,1.17,3.25,0.64,3.48,0.7,1.79,0.24,1.42,0.21
25.48,122.1,"BASALTIC-ANDESITE [7615]",4.57,10.6,1.59,8.05,3.04,1.26,3.41,0.69,3.87,0.78,2.04,0.28,1.72,0.27
25.48,122.1,"BASALTIC-ANDESITE [7615]",4.86,10.9,1.64,8.27,3.09,1.27,3.56,0.69,3.85,0.77,2.04,0.27,1.71,0.25
25.48,122.1,"BASALTIC-ANDESITE [7615]",6.18,13.6,1.99,9.48,3.27,1.3,3.73,0.7,3.98,0.8,2.1,0.29,1.76,0.26
-7.5,32.8,"NOT GIVEN [20902] / BASALTIC-ANDESITE [19117]",22.4,44.7,4.97,23.6,4.45,1.13,3,0.4,2.6,0.5,1.4,0.2,1.4,0.2
-7.5,32.8,"NOT GIVEN [20902] / BASALTIC-ANDESITE [19117]",94,185,19.3,83.5,12.2,2.09,6.1,0.7,3.7,0.7,2,0.29,2,0.31
-7.5,32.8,"NOT GIVEN [20902] / BASALTIC-ANDESITE [19117]",62.4,127,13.9,63.3,10.2,2.1,5.6,0.7,3.5,0.7,1.8,0.3,1.6,0.3
-7.5,32.8,"NOT GIVEN [20902] / BASALTIC-ANDESITE [19117]",75.9,152,16.5,71.1,10.9,2.24,5.9,0.7,3.8,0.7,2.1,0.3,1.9,0.3
-7.5,32.8,"NOT GIVEN [20902] / BASALTIC-ANDESITE [19117]",45.1,91.5,11,61.3,9.13,2.16,5.6,0.7,3.6,0.7,1.8,0.3,1.6,0.3
-18.15,-69.15,"BASALTIC-ANDESITE [13695] / ANDESITE [3212] / NOT GIVEN [11543]",11.81623096,31.41487853,2.343775251,7.528683345,1.48074877,0.641978417,1.41769979,0.220342835,1.046009964,0.247694208,0.693165598,0.145374162,0.825045091,0.154937118
33,130,"BASALTIC-ANDESITE [13757]",29.6,55.2,6.61,25.6,5.83,1.94,6.13,0.96,5.28,1,2.66,0.42,2.32,0.38
33,130,"BASALTIC-ANDESITE [13757]",36.6,62.6,7.59,29.8,6.47,2.07,6.54,1.01,5.83,1.11,2.86,0.45,2.63,0.41
33,130,"BASALTIC-ANDESITE [13757]",39.5,51.6,7.87,33.9,7.14,2.77,8.02,1.17,6.62,1.32,3.53,0.5,2.74,0.43
33,130,"BASALTIC-ANDESITE [13757]",43.6,84.3,10.4,40.6,7.04,1.92,5.96,0.85,4.58,0.86,2.32,0.36,1.99,0.33
33,130,"BASALTIC-ANDESITE [13757]",14.3,29.7,3.64,15.1,3.62,1.31,4.12,0.7,3.99,0.78,2.08,0.34,1.88,0.31
33,130,"BASALTIC-ANDESITE [13757]",54.3,71.1,12.3,54.3,11.3,3.65,12,1.68,9.28,1.75,4.68,0.64,3.53,0.53
33,130,"BASALTIC-ANDESITE [13757]",15.7,34,3.95,16.4,3.63,1.22,4.07,0.66,3.89,0.77,2.19,0.35,1.95,0.32
33,130,"BASALTIC-ANDESITE [13757]",16.8,35.2,4.28,17.5,3.75,1.25,3.93,0.66,3.8,0.76,2.08,0.34,1.86,0.29
33,130,"BASALTIC-ANDESITE [13757]",9.73,21.4,2.48,10.8,3.04,1.2,3.86,0.67,3.97,0.78,2.21,0.34,1.88,0.31
33,130,"BASALTIC-ANDESITE [13757]",17.6,38.5,4.48,18.6,4.27,1.48,4.73,0.78,4.41,0.86,2.26,0.37,2.02,0.33
33,130,"BASALTIC-ANDESITE [13757]",18.2,28.4,4.33,17.8,3.9,1.35,4.68,0.78,4.67,0.95,2.44,0.4,2.23,0.37
33,130,"BASALTIC-ANDESITE [13757]",25.6,49.1,5.75,22.4,5.03,1.6,5.31,0.86,4.8,0.98,2.59,0.39,2.22,0.35
33,130,"BASALTIC-ANDESITE [13757]",21.9,41.6,4.97,20.6,4.79,1.57,5.27,0.86,5.02,1,2.72,0.42,2.31,0.37
33,130,"BASALTIC-ANDESITE [13757]",29.2,55.7,6.24,24.9,5.29,1.61,5.34,0.84,4.71,0.92,2.44,0.38,2.14,0.36
33,130,"BASALTIC-ANDESITE [13757]",24.9,48.2,5.46,22.2,4.82,1.56,5.09,0.82,4.77,0.94,2.44,0.37,2.15,0.35
33,130,"BASALTIC-ANDESITE [13757]",16.1,32.2,3.7,15.3,3.6,1.3,4.17,0.71,4.25,0.84,2.25,0.37,2.07,0.34
33,130,"BASALTIC-ANDESITE [13757]",23.5,46,5.24,21.5,4.87,1.55,5.26,0.86,4.93,0.97,2.63,0.4,2.24,0.36
33,130,"BASALTIC-ANDESITE [13757]",17,27.3,3.88,16.3,3.71,1.3,4.45,0.73,4.38,0.92,2.48,0.38,2.15,0.36
33,130,"BASALTIC-ANDESITE [13757]",35.7,69.8,8.16,33.6,7.26,2.34,7.31,1.09,6.18,1.18,3.09,0.44,2.58,0.38
33,130,"BASALTIC-ANDESITE [13757]",25.9,52,6.03,24.8,5.23,1.81,5.39,0.82,4.66,0.9,2.34,0.34,2.02,0.3
33,130,"BASALTIC-ANDESITE [13757]",24.2,49.3,5.74,23.7,5.07,1.73,5.18,0.79,4.53,0.87,2.35,0.33,1.97,0.3
19.493,-102.251,"NOT GIVEN [3223] / BASALTIC-ANDESITE [4189]",17.7,37.47,4.93,20.39,4.54,1.52,4.31,0.68,3.99,0.79,2.13,0.3,1.87,0.3
19.493,-102.251,"NOT GIVEN [3223] / BASALTIC-ANDESITE [4189]",18.01,37.57,4.89,20.09,4.33,1.42,4.12,0.64,3.82,0.76,2.03,0.29,1.79,0.28
49,-120,"BASALTIC-ANDESITE [12882]",12.1,26.4,3.4,14.6,3.32,1.01,2.7,0.44,2.36,0.44,1.32,0.192,1.22,0.18
49,-120,"BASALTIC-ANDESITE [12882]",17.7,38.3,5,21.3,4.53,1.3,3.45,0.47,2.28,0.39,1.16,0.165,1.09,0.15
-30.14294,-70.69167,"BASALTIC-ANDESITE [20547]",10.2,26.5,3.5,15.6,3.9,1,3.9,0.6,3.9,0.8,2.3,0.4,2.2,0.3
19.5969,-103.5872,"BASALTIC-ANDESITE [19269]",10.89460688,24.22938643,3.1622591,13.66419205,3.442666275,1.133036715,3.112484683,0.519045061,2.96921869,0.62198855,1.64968738,0.231325339,1.505741646,0.23424151
19.5842,-103.5944,"BASALTIC-ANDESITE [19269]",33.34962858,70.25333935,9.013311358,37.29720529,7.065026958,1.981473959,5.174956968,0.739756189,3.907843441,0.729960108,1.895501312,0.27533247,1.67563693,0.264401481
19.53,-103.5983,"BASALTIC-ANDESITE [19269]",10.12186409,20.92385379,3.061094585,14.20619836,3.672904619,1.192664488,3.591481622,0.567563669,3.398716683,0.684457857,1.810199432,0.262870043,1.631281091,0.252253706
19.5433,-103.5589,"BASALTIC-ANDESITE [19269]",61.44396908,134.7249589,16.14260836,64.95784532,11.750111,2.906082211,7.509907443,0.911847393,4.659698561,0.816021842,2.052802829,0.283583208,1.69734679,0.263039714
19.5531,-103.5683,"BASALTIC-ANDESITE [19269]",67.63908565,107.0393833,17.70093646,70.70713143,12.2656755,3.117328964,7.590475383,0.932272454,4.61590998,0.802827185,1.995564504,0.279166043,1.684915793,0.251934929
19.5433,-103.5589,"BASALTIC-ANDESITE [19269]",35.37453811,73.84696875,9.715785109,42.31290673,8.651218558,2.420219747,6.382317715,0.81166835,4.103322355,0.769395654,1.993995869,0.27000362,1.672561652,0.261506496
19.5531,-103.5683,"BASALTIC-ANDESITE [19269]",37.42147605,79.48473789,10.47302588,45.42797904,9.336202204,2.540983877,6.847664358,0.85594257,4.266713307,0.768559039,1.932193931,0.279280479,1.64714127,0.260337565
52.5,-92.85,"BASALTIC-ANDESITE [13791]",3.47,8.04,1.11,5.11,1.66,0.58,2.09,0.4,2.56,0.57,1.79,0.27,1.65,0.24
55.44768,-161.91589,"BASALTIC-ANDESITE [13782]",7.8,18.29,2.59,12.65,3.78,1.27,4.17,0.71,4.45,0.92,2.59,0.37,2.38,0.37
55.44944,-161.91657,"BASALTIC-ANDESITE [13782]",7.57,17.88,2.53,12.4,3.73,1.26,4,0.71,4.39,0.93,2.52,0.37,2.34,0.36
55.44945,-161.92257,"BASALTIC-ANDESITE [13782]",9.11,21.74,3.07,14.79,4.45,1.46,4.8,0.83,5.22,1.08,3.01,0.44,2.77,0.44
55.44896,-161.92264,"BASALTIC-ANDESITE [13782]",8.88,21.02,2.97,14.25,4.15,1.38,4.63,0.8,4.92,1.04,2.82,0.42,2.64,0.41
55.44626,-161.91943,"BASALTIC-ANDESITE [13782]",8.5,20.09,2.84,13.84,4.06,1.38,4.49,0.76,4.79,0.99,2.78,0.4,2.52,0.4
55.37575,-161.80494,"BASALTIC-ANDESITE [13782]",8.16,18.52,2.59,12.62,3.83,1.3,4.27,0.73,4.65,0.98,2.72,0.39,2.49,0.39
55.39517,-161.86162,"BASALTIC-ANDESITE [13782]",6.37,14.71,2.08,10.37,3.18,1.11,3.55,0.61,3.93,0.8,2.3,0.32,2.06,0.33
55.41453,-161.84342,"BASALTIC-ANDESITE [13782]",6.91,15.99,2.33,11.22,3.4,1.18,3.67,0.63,4.02,0.86,2.32,0.34,2.1,0.35
55.3776,-161.79512,"BASALTIC-ANDESITE [13782]",7.17,16.43,2.35,11.2,3.41,1.17,3.78,0.66,4.14,0.87,2.44,0.35,2.17,0.35
55.41471,-161.86023,"BASALTIC-ANDESITE [13782]",6.56,13.9,1.94,9.16,2.74,0.97,2.99,0.54,3.47,0.74,2.09,0.3,1.88,0.31
55.45044,-161.92752,"BASALTIC-ANDESITE [13782]",9.4,22.2,3.16,15.16,4.48,1.47,4.77,0.83,5.27,1.09,3.01,0.44,2.71,0.45
55.41705,-161.7444,"BASALTIC-ANDESITE [13782]",8.46,19.79,2.81,13.47,3.98,1.35,4.22,0.75,4.74,0.99,2.76,0.41,2.46,0.4
55.39778,-161.75603,"BASALTIC-ANDESITE [13782]",7.77,17.99,2.58,12.68,3.8,1.29,4.08,0.73,4.52,0.95,2.68,0.39,2.39,0.39
55.39012,-161.78195,"BASALTIC-ANDESITE [13782]",6.44,14.59,2.07,10.1,3.11,1.1,3.43,0.6,3.82,0.78,2.22,0.33,1.97,0.33
55.4283,-161.82219,"BASALTIC-ANDESITE [13782]",7.819113199,18.59509508,2.653845255,13.01236857,3.962978225,1.348564709,4.356649667,0.732379703,4.72598536,0.973097673,2.692147022,0.389078824,2.47978258,0.381455992
55.42153,-161.82008,"BASALTIC-ANDESITE [13782]",8.10434204,19.38983595,2.744079355,13.66500385,4.069362451,1.416559753,4.62406758,0.782334388,4.920920648,1.018400592,2.926988896,0.416095792,2.58860393,0.402679091
55.43894,-161.94625,"BASALTIC-ANDESITE [13782]",9.032590679,21.52335896,3.0284665,14.70329756,4.368749947,1.463255058,4.839761759,0.818188937,5.177544654,1.077345238,2.972211487,0.435440079,2.751500425,0.432716562
55.4471,-161.9516,"BASALTIC-ANDESITE [13782]",9.072237749,21.59095195,3.081180217,14.92015975,4.349900897,1.460568504,4.787631103,0.828100821,5.207558601,1.097346852,2.954498126,0.440186169,2.796422494,0.438760856
55.44995,-161.91473,"BASALTIC-ANDESITE [13782]",8.088631583,19.16133431,2.710922736,13.41958435,3.859443078,1.314049497,4.342740762,0.743478348,4.659654825,0.964970262,2.668304469,0.389252381,2.520649276,0.387461132
55.39091,-161.82333,"BASALTIC-ANDESITE [13782]",6.653884879,15.29435869,2.156590699,10.63457801,3.220236821,1.137028451,3.632697669,0.613831059,3.948428285,0.814148645,2.340385655,0.331365861,2.125323499,0.33712291
55.37895,-161.79637,"BASALTIC-ANDESITE [13782]",6.974015849,16.01548053,2.254647194,11.08119684,3.315017067,1.213825627,3.714275769,0.649083881,4.082757067,0.863583354,2.378302486,0.352224881,2.154368492,0.353379984
55.37895,-161.79637,"BASALTIC-ANDESITE [13782]",8.712665391,20.64360724,2.906401456,14.24465934,4.25288538,1.429998413,4.640539775,0.806408986,5.034801596,1.060375703,2.907471426,0.427684004,2.679626066,0.421549782
55.44814,-161.94383,"BASALTIC-ANDESITE [13782]",8.754055685,20.82548993,2.980031541,14.50881547,4.300997019,1.427278044,4.69366888,0.812986768,5.192363362,1.074132504,2.931603407,0.434495369,2.731818439,0.428037534
55.38974,-161.82098,"BASALTIC-ANDESITE [13782]",6.859803774,15.65544982,2.192180684,10.77612933,3.259456458,1.170757165,3.688274205,0.627830043,4.048554995,0.849093851,2.318565102,0.339064471,2.193606968,0.338436758
55.39785,-161.86227,"BASALTIC-ANDESITE [13782]",7.39,16.42,2.25,10.95,3.5,1.22,3.94,0.7,4.6,0.97,2.76,0.4,2.55,0.41
55.40055,-161.80826,"BASALTIC-ANDESITE [13782]",8.04,17.83,2.48,12.02,3.73,1.28,4.07,0.76,4.92,1.06,2.9,0.43,2.69,0.43
55.36774,-161.87401,"BASALTIC-ANDESITE [13782]",6.029433941,13.14361964,1.878508331,9.091078478,2.805056449,0.998173574,3.190202083,0.540460197,3.564269284,0.724669515,2.070308635,0.295977082,1.872622464,0.296735638
55.47705,-161.83772,"BASALTIC-ANDESITE [13782]",7.543459703,17.11070217,2.353552044,11.19416548,3.430379142,1.179405893,3.723017891,0.640775707,4.06528927,0.841414676,2.373255497,0.339626463,2.145135552,0.336010731
55.47478,-161.84372,"BASALTIC-ANDESITE [13782]",7.828521264,17.77330214,2.44907181,11.81557746,3.462014923,1.180272921,3.728309138,0.659918694,4.084392381,0.844429126,2.375825619,0.340954708,2.183169788,0.359206803
55.44889,-161.75547,"BASALTIC-ANDESITE [13782]",6.826569977,16.24058697,2.188434601,10.69491142,3.117239336,1.111667665,3.464530584,0.584867442,3.689642908,0.743781003,2.158841102,0.301618126,1.869817933,0.300462037
55.44107,-161.75871,"BASALTIC-ANDESITE [13782]",8.139814504,18.81974224,2.59964473,12.44813125,3.723151118,1.269378638,4.126074082,0.706694635,4.515684759,0.944719744,2.621135794,0.385010531,2.360785632,0.374287004
55.45176,-161.79489,"BASALTIC-ANDESITE [13782]",7.737540366,17.54662719,2.38541546,11.51715365,3.347769214,1.168768578,3.607377126,0.618671429,3.878101321,0.810357533,2.218239959,0.327145004,2.00933755,0.328959235
55.45679,-161.80862,"BASALTIC-ANDESITE [13782]",7.362948025,16.82867314,2.299779245,11.06453043,3.218707643,1.124401156,3.467277729,0.595663653,3.777759577,0.78862553,2.155633768,0.322388064,2.029300199,0.3207092
55.47359,-161.81192,"BASALTIC-ANDESITE [13782]",7.696660486,17.37157169,2.355701722,11.44590461,3.379559343,1.175414192,3.634233436,0.618970744,3.927110606,0.823499592,2.278935968,0.331232387,2.064519142,0.331935639
55.47383,-161.81096,"BASALTIC-ANDESITE [13782]",7.223552686,16.29594037,2.244100973,10.79371707,3.257204421,1.150178104,3.421804902,0.596526539,3.762755201,0.80007036,2.168972958,0.316132535,1.961539752,0.313569644
55.47669,-161.81639,"BASALTIC-ANDESITE [13782]",7.572625834,17.02337413,2.325981072,11.16563699,3.258383612,1.159411982,3.549245688,0.602493925,3.867721834,0.814918171,2.164633539,0.322646217,2.010142531,0.324727796
55.48188,-161.81551,"BASALTIC-ANDESITE [13782]",7.449673673,16.70097414,2.305237152,10.97613109,3.190907927,1.127051614,3.498858748,0.618799594,3.790547859,0.799478406,2.213125921,0.325683446,1.997016076,0.322176774
55.49619,-161.86107,"BASALTIC-ANDESITE [13782]",7.58330229,16.97317789,2.329322993,11.13179287,3.250546631,1.136384831,3.629742813,0.601131912,3.800792323,0.816631986,2.182761978,0.331588341,2.009889305,0.319581895
55.48388,-161.89406,"BASALTIC-ANDESITE [13782]",6.572722549,14.94457763,2.113366087,10.13606663,3.054369289,1.129245067,3.399650568,0.589485467,3.767007672,0.773880653,2.104161343,0.303820835,1.984989597,0.307585176
55.46964,-161.88942,"BASALTIC-ANDESITE [13782]",7.019190282,16.01311998,2.233911326,10.61626468,3.177534237,1.089571693,3.439399732,0.595888589,3.78371912,0.798231874,2.151438184,0.314676647,2.025412028,0.319029744
55.38744,-162.02669,"BASALTIC-ANDESITE [13782]",6.118829664,13.39849289,1.81854284,8.760378802,2.656308536,0.948687861,3.106703195,0.530031413,3.357599057,0.716918542,1.970441268,0.295751451,1.873633903,0.301501692
55.35781,-161.98137,"BASALTIC-ANDESITE [13782]",6.232410129,13.67051598,1.836026337,8.90265904,2.685955888,0.924131368,2.959157112,0.53109991,3.424717995,0.703347892,1.999462529,0.301535392,1.85269628,0.303604057
55.34092,-162.12969,"BASALTIC-ANDESITE [13782]",9.365955738,19.57671387,2.628013893,12.42761488,3.542876277,1.083154203,3.804921882,0.649253334,4.070395958,0.878960626,2.43745309,0.355887935,2.218230955,0.365461384
55.33683,-161.97939,"BASALTIC-ANDESITE [13782]",11.11,23.73,3.14,14.53,4.06,1.21,4.26,0.73,4.59,0.94,2.66,0.39,2.43,0.39
55.34428,-162.01444,"BASALTIC-ANDESITE [13782]",6.96233869,15.22631937,2.058488788,9.839694965,2.948381415,0.983830322,3.107509421,0.535475392,3.475990805,0.73164495,2.027694048,0.295645247,1.865058616,0.311264387
55.34094,-162.12908,"BASALTIC-ANDESITE [13782]",12.62715346,26.7698111,3.503469668,16.35789737,4.560748391,1.242442668,4.791818691,0.802130747,5.051308175,1.036309497,2.839855009,0.417892096,2.685447661,0.423654075
55.33683,-161.97939,"BASALTIC-ANDESITE [13782]",11.1073594,23.72546283,3.135188897,14.53328151,4.059465973,1.21226117,4.264986915,0.725144637,4.590035604,0.944925622,2.6638483,0.394297073,2.432652441,0.391174462
55.3451,-162.01239,"BASALTIC-ANDESITE [13782]",13.19854601,27.90133098,3.673445097,16.81584987,4.792118996,1.296896675,4.953253043,0.850073865,5.313223702,1.117721947,3.095146893,0.453529285,2.898052346,0.455925801
55.39177,-162.05922,"BASALTIC-ANDESITE [13782]",9.378250723,20.5758668,2.796467084,13.23073151,3.884032898,1.231299567,4.186956663,0.734247271,4.681097122,0.97661249,2.708984562,0.402048428,2.501288054,0.399038533
55.39736,-162.04497,"BASALTIC-ANDESITE [13782]",9.504502188,20.86663462,2.784905382,13.3034185,3.85092784,1.189729842,4.161097367,0.711686027,4.672511592,0.963207701,2.669824984,0.396904503,2.538829123,0.396186557
55.36548,-162.01054,"BASALTIC-ANDESITE [13782]",8.107679235,17.68850566,2.397435403,11.33191007,3.411110387,1.096216826,3.616865805,0.640760541,4.075391466,0.852797012,2.409386953,0.354214427,2.235668721,0.353407117
55.39293,-161.94711,"BASALTIC-ANDESITE [13782]",7.556472249,16.70911774,2.289989339,11.00114192,3.344475954,1.07336157,3.656254765,0.65901878,4.275140907,0.9046462,2.553962797,0.380460053,2.407955264,0.381848181
55.39205,-161.94555,"BASALTIC-ANDESITE [13782]",8.132552626,16.47839364,2.399683021,11.48686973,3.420790165,1.083949847,3.834698127,0.667937754,4.348768151,0.927216838,2.641967373,0.374960523,2.415868157,0.387114105
55.37033,-162.10239,"BASALTIC-ANDESITE [13782]",9.862286527,21.24058096,2.89388752,13.78700078,4.039548442,1.22904819,4.370615637,0.754012729,4.712412164,0.993220058,2.739587212,0.407413778,2.468544551,0.401757984
-1.73,33.65,"BASALTIC-ANDESITE [13777]",2.5,7.1,1.1,5.45,1.75,0.7,2.3,0.4,2.8,0.6,1.9,0.3,1.8,0.3
-1.73,33.65,"BASALTIC-ANDESITE [13777]",3.3,9.1,1.2,6.2,1.8,0.8,2.4,0.5,2.9,0.6,1.9,0.3,1.7,0.3
-1.73,33.65,"BASALTIC-ANDESITE [13777]",3.1,8.8,1.2,6.4,2,0.8,2.6,0.5,3.3,0.7,2.2,0.3,2.1,0.3
-1.73,33.65,"BASALTIC-ANDESITE [13777]",3.9,10.5,1.4,7.4,2.2,0.9,2.9,0.5,3.5,0.8,2.3,0.3,2.3,0.3
-1.73,33.65,"BASALTIC-ANDESITE [13777]",2.9,7.6,1.2,5.9,1.9,0.8,2.9,0.5,3.5,0.7,2.2,0.4,2.3,0.4
-1.73,33.65,"BASALTIC-ANDESITE [13777]",2.1,6.1,0.9,4.6,1.5,0.7,2.1,0.4,2.7,0.6,1.6,0.2,1.6,0.2
-1.73,33.65,"BASALTIC-ANDESITE [13777]",4.4,11.9,1.6,8,2.3,0.9,3.2,0.6,3.8,0.8,2.3,0.3,2.3,0.4
35,138,"BASALTIC-ANDESITE [2270]",6.84,16.46,2.4,10.7,2.81,0.84,3.05,0.48,3.13,0.67,1.73,0.27,1.78,0.28
35,138,"BASALTIC-ANDESITE [2270]",7.59,18.36,2.62,11.43,3.02,0.89,3.11,0.51,3.28,0.67,1.83,0.28,1.84,0.29
35.97,138.37,"BASALTIC-ANDESITE [2270]",11.23,27.35,3.68,18.5,4.27,1.4,3.7,0.58,3.23,0.64,1.62,0.24,1.61,0.25
35.97,138.37,"BASALTIC-ANDESITE [2270]",10.97,25.66,3.57,15.71,3.63,1.02,3.26,0.47,2.79,0.55,1.47,0.21,1.39,0.22
35.72,140.85,"BASALTIC-ANDESITE [13667]",22.84,49.66,5.39,22.03,4.79,1.43,4.06,0.68,3.85,0.77,2.16,0.3,1.97,0.29
35.72,140.85,"BASALTIC-ANDESITE [13667]",22.01,47.69,5.18,20.98,4.44,1.4,4.18,0.66,3.71,0.72,2.01,0.28,1.86,0.29
35.72,140.85,"BASALTIC-ANDESITE [13667]",21.59,46.13,5.03,20.79,4.45,1.29,3.25,0.59,3.43,0.66,1.79,0.25,1.74,0.26
35.72,140.85,"BASALTIC-ANDESITE [13667]",23.98,46.53,5.28,21.97,4.73,1.43,3.94,0.66,3.67,0.67,2.05,0.28,1.82,0.27
35.72,140.85,"BASALTIC-ANDESITE [13667]",22.9,48.57,4.99,20.87,4.53,1.38,4.05,0.65,3.66,0.65,2.02,0.29,1.75,0.26
35.72,140.85,"BASALTIC-ANDESITE [13667]",23.06,45.66,4.88,22.15,4.02,1.45,4.35,0.64,3.57,0.64,2.12,0.24,1.72,0.26
35.72,140.85,"BASALTIC-ANDESITE [13667]",20.99,45.63,5.1,21.9,4.52,1.4,3.9,0.63,3.91,0.7,2.04,0.22,1.9,0.21
35.72,140.85,"BASALTIC-ANDESITE [13667]",19.87,45.97,4.99,19.26,4.13,1.39,3.79,0.71,3.85,0.68,2.14,0.25,1.79,0.23
35.72,140.85,"BASALTIC-ANDESITE [13667]",20,46.13,5.05,22.21,4.52,1.39,4.26,0.6,3.58,0.69,2,0.22,1.83,0.21
35.72,140.85,"BASALTIC-ANDESITE [13667]",21.39,45.79,4.95,20.35,4.27,1.38,4.22,0.65,3.68,0.73,2.04,0.3,1.74,0.27
35.72,140.85,"BASALTIC-ANDESITE [13667]",23.96,46.7,5.37,22.92,4.78,1.53,4.62,0.77,4.1,0.83,2.29,0.34,1.93,0.3
25.8186,34.1547,"BASALTIC-ANDESITE [13278]",4.58,10.7,1.45,6.95,2.13,0.74,2.71,0.48,3.22,0.68,1.9,0.29,1.91,0.29
25.8206,34.1525,"BASALTIC-ANDESITE [13278]",7.06,15.9,2.08,9.53,2.44,0.92,3.03,0.5,3.36,0.7,1.9,0.29,1.87,0.28
25.7947,34.1533,"BASALTIC-ANDESITE [13278]",5.7,12.6,1.67,7.44,1.78,0.62,1.8,0.28,1.73,0.36,0.98,0.16,1.04,0.16
25.7981,34.1506,"BASALTIC-ANDESITE [13278]",8.9,21.7,2.98,14.2,3.81,1.13,4.51,0.76,5.06,1.05,2.87,0.45,2.86,0.43
25.7978,34.1458,"BASALTIC-ANDESITE [13278]",31.82,82.1,8.52,39.76,9.33,2.56,11.27,1.91,13.78,2.74,7.82,1.27,8.64,1.38
35.2148,-2.9255,"BASALTIC-ANDESITE [7519]",26.61907018,53.47856912,6.590394314,25.85003618,5.360092738,1.269816215,4.708646905,0.682565894,4.011492437,0.796063343,2.250053953,0.326425856,2.156556226,0.323762341
-0.2,-78.4,"BASALTIC-ANDESITE [13717]",9.4,21.1,2.8,13.4,2.7,1,2.7,0.4,2.3,0.4,1.1,0.2,1.1,0.1
-0.2,-78.4,"BASALTIC-ANDESITE [13717]",20.8,25.7,4.4,19.1,4,1.1,3.9,0.5,3.3,0.6,1.8,0.2,1.6,0.3
-0.2,-78.4,"BASALTIC-ANDESITE [13717]",13.4,18.5,3.3,14,3.2,0.8,2.9,0.4,2.4,0.5,1.2,0.2,1.2,0.2
-0.3,-78.2,"BASALTIC-ANDESITE [13717]",29.2,57.7,6.8,26.6,5.3,1.3,4.1,0.5,3.5,0.7,1.8,0.3,1.5,0.3
64.0763,-19.6158,"BASALTIC-ANDESITE [19556]",50.40806232,115.7619172,15.48239494,69.08329454,15.77019274,4.721557303,16.29329691,2.460358505,14.07936195,2.724414324,7.459940301,1.0290163,6.482966409,0.947634195
64.0766,-19.6151,"BASALTIC-ANDESITE [19556] / NOT GIVEN [20727]",52.38104337,118.8462011,15.99601312,66.57081652,15.89428181,4.782272551,16.09612675,2.560050915,14.38099171,2.819028255,7.408103214,1.002332749,6.540745704,0.963572334
13.817,-89.633,"NOT GIVEN [4102] / BASALTIC-ANDESITE [5029] / BASALT [4092]",6.49,14.99,2.32,9.98,2.78,0.92,2.96,0.47,2.91,0.6,1.73,0.27,1.7,0.26
13.817,-89.633,"BASALT [3918] / BASALTIC-ANDESITE [5029] / NOT GIVEN [14081]",6.78,15.86,2.42,10.36,2.85,0.94,2.98,0.47,2.87,0.6,1.72,0.26,1.68,0.26
10.467,-84.733,"BASALTIC-ANDESITE [9608] / NOT GIVEN [3439]",13.52,25.6,3.44,13.93,2.91,1.083,2.7,0.44,2.53,0.513,1.46,0.213,1.47,0.223
10.467,-84.733,"BASALTIC-ANDESITE [9609] / NOT GIVEN [3439]",12.7,24.9,3.24,13.2,2.79,0.99,2.74,0.412,2.48,0.512,1.46,0.213,1.39,0.215
10.467,-84.733,"BASALTIC-ANDESITE [9609] / NOT GIVEN [3439]",13.1,25.5,3.28,13.3,2.88,0.99,2.81,0.417,2.5,0.515,1.45,0.216,1.4,0.213
10.467,-84.733,"BASALTIC-ANDESITE [9609] / NOT GIVEN [3439]",12.3,24.1,3.13,12.9,2.84,1,2.73,0.417,2.45,0.519,1.46,0.213,1.36,0.214
36.2311,-2.0571,"BASALTIC-ANDESITE [13905]",12.2,27.2,3.71,15.2,3.8,1.1,3.66,0.598,3.47,0.666,1.72,0.234,1.41,0.188
36.2311,-2.0571,"BASALTIC-ANDESITE [13905]",3.27,9.31,1.49,7.28,2.36,0.83,2.92,0.541,3.56,0.753,2.11,0.315,2.04,0.297
36.2311,-2.0571,"BASALTIC-ANDESITE [13905]",12.2,22.2,3.21,13.3,3.11,0.87,3.11,0.52,3.32,0.707,2.13,0.371,2.99,0.514
36.0318,-1.9553,"BASALTIC-ANDESITE [13905]",0.464,1.39,0.245,1.41,0.571,0.227,0.838,0.177,1.32,0.312,0.955,0.156,1.06,0.157
36.0318,-1.9553,"BASALTIC-ANDESITE [13905]",2.44,6.7,1.11,5.85,2.12,0.689,2.65,0.497,3.39,0.748,2.2,0.338,2.26,0.346
42,-117,"BASALTIC-ANDESITE [13866]",17.7,36.2,4.47,19.8,5.32,1.66,5.37,0.88,5.25,1.04,2.72,0.39,2.31,0.36
42,-117,"BASALTIC-ANDESITE [13866]",18.4,35.7,4.35,18.6,4.84,1.27,4.73,0.77,4.56,0.93,2.38,0.34,2.08,0.33
52.513,175.194,"BASALT [19452] / BASALTIC-ANDESITE [21215]",14.3,34.4,4.92,22.3,4.99,1.45,4.26,0.598,3.16,0.59,1.59,0.224,1.53,0.226
52.514,175.21,"BASALT [19452] / BASALTIC-ANDESITE [21215]",14.9,35.4,5.13,23,5.13,1.49,4.32,0.598,3.25,0.608,1.6,0.234,1.55,0.24
52.5301,175.2449,"BASALT [19452] / BASALTIC-ANDESITE [21215]",8.9,21.7,3.13,14.5,3.5,1.09,3.3,0.505,2.93,0.575,1.58,0.238,1.61,0.245
52.4842,175.2772,"BASALT [19452] / BASALTIC-ANDESITE [21215]",7.5,18.6,2.79,13.2,3.24,1.04,3.32,0.515,3.01,0.627,1.72,0.261,1.77,0.27
52.4842,175.2772,"BASALT [19452] / BASALTIC-ANDESITE [21215]",7.2,18.3,2.66,12.6,3.18,1.04,3.22,0.497,2.93,0.595,1.64,0.252,1.71,0.263
52.532,175.215,"BASALT [19452] / BASALTIC-ANDESITE [21215]",14.3,34.9,4.84,21.7,4.82,1.42,4.15,0.573,3.08,0.584,1.57,0.239,1.56,0.236
52.565,174.944,"BASALT [19452] / BASALTIC-ANDESITE [21215]",14.7,36.3,5.02,21.8,4.72,1.47,4.48,0.646,3.56,0.679,1.82,0.257,1.63,0.238
52.4716,175.3297,"BASALTIC-ANDESITE [19452]",8.8,21,3.04,14,3.38,1.07,3.33,0.505,2.98,0.603,1.67,0.252,1.71,0.267
52.565,174.944,"BASALTIC-ANDESITE [19452]",14.1,34.1,4.65,20,4.29,1.34,3.85,0.549,3.1,0.587,1.56,0.223,1.45,0.208
52.565,174.944,"BASALTIC-ANDESITE [19452]",15.5,38.2,5.31,23.2,4.94,1.51,4.54,0.654,3.57,0.68,1.8,0.256,1.65,0.241
52.565,174.956,"BASALTIC-ANDESITE [19452]",15,37.5,5.08,21.8,4.69,1.43,4.18,0.587,3.25,0.617,1.65,0.238,1.53,0.228
52.565,174.956,"BASALTIC-ANDESITE [19452]",14.7,35.7,5.09,22,4.72,1.45,4.38,0.624,3.48,0.661,1.79,0.253,1.64,0.241
52.5202,174.9189,"BASALTIC-ANDESITE [19452]",11,25.9,3.55,15.3,3.4,1.1,3.17,0.482,2.77,0.538,1.52,0.229,1.56,0.24
52.565,174.944,"BASALTIC-ANDESITE [19452]",10,24.8,3.57,16,3.66,1.19,3.52,0.541,3.12,0.607,1.66,0.243,1.61,0.244
13.7725,-61.05036,"BASALTIC-ANDESITE [19692]",17.9267243,35.22630234,4.025606156,15.72357254,3.063384693,0.866065916,2.809690228,0.425625581,2.698865267,0.520453078,1.550680925,0.235861876,1.608798614,0.262860963
16.08547,-61.64315,"BASALTIC-ANDESITE [21403]",5.55,13.44,2.11,10.31,2.93,1.06,3.12,0.53,3.51,0.74,2.14,0.34,2.34,0.38
16.07329,-61.61862,"BASALTIC-ANDESITE [21403]",5.44,13.19,1.99,9.64,2.9,1.13,3.25,0.55,3.69,0.81,2.26,0.35,2.46,0.39
16.06454,-61.6902,"BASALTIC-ANDESITE [21403]",7.05,17.66,2.69,13.1,3.77,1.23,4.08,0.7,4.5,0.98,2.76,0.43,2.95,0.48
16.08857,-61.63845,"BASALTIC-ANDESITE [21403]",5.61,12.6,1.92,9.51,2.73,1.04,3.28,0.56,3.7,0.83,2.36,0.36,2.46,0.4
16.10113,-61.66891,"BASALTIC-ANDESITE [21403]",5.5,12.93,1.9,9.09,2.6,0.9,2.92,0.51,3.37,0.73,2.06,0.32,2.24,0.35
16.0441,-61.71789,"BASALTIC-ANDESITE [21403]",5.42,13,1.96,9.46,2.77,0.93,3.17,0.55,3.61,0.77,2.25,0.34,2.32,0.36
-29.25,-177.87,"BASALTIC-ANDESITE [14131]",2.7,7.5,1.2,6.9,2.2,0.8,2.9,0.6,4,0.8,2.1,0.4,2.5,0.4
-29.25,-177.87,"BASALTIC-ANDESITE [14131]",2.5,7.3,1.3,7.5,2.7,1.1,3.7,0.7,4.8,1.1,3,0.4,3.5,0.5
-29.25,-177.87,"BASALTIC-ANDESITE [14131]",2.6,7.6,1.4,7.3,2.7,1.1,3.4,0.7,4.6,1,2.8,0.4,3.2,0.5
-29.25,-177.87,"BASALTIC-ANDESITE [14131]",2.6,7.8,1.4,7.3,2.8,1,3.6,0.7,4.7,1,2.9,0.4,3.2,0.4
-29.25,-177.87,"BASALTIC-ANDESITE [14131]",2.3,6.7,1.2,6,2.2,0.9,3.1,0.4,3.1,0.7,1.9,0.4,2.3,0.4
-29.25,-177.87,"BASALTIC-ANDESITE [14131]",2.7,7.7,1.3,7,2.5,1,3.1,0.5,4,0.9,2.4,0.4,2.8,0.4
38,-6,"BASALTIC-ANDESITE [14140]",68.1,159,17.9,78.3,16.5,5.05,15.47,2.24,12.9,2.33,6.49,0.9,5.44,0.81
38,-6,"BASALTIC-ANDESITE [14140]",47.2,91.5,9.76,38.4,8.1,3.55,7.99,1.16,6.7,1.31,3.63,0.48,3.09,0.45
44,146,"BASALTIC-ANDESITE [11404]",3.25,9.01,1.49,7.01,2.35,0.77,3.02,0.49,3.25,0.74,2.12,0.39,2.25,0.35
43,145,"BASALTIC-ANDESITE [11404]",1.98,5.2,0.83,4.92,1.68,0.63,2.56,0.44,2.78,0.64,1.83,0.34,1.99,0.32
45,148,"BASALTIC-ANDESITE [11404]",12.22,30.61,4.26,16.98,4.24,1.19,4.6,0.7,4.4,0.92,2.6,0.47,2.56,0.42
-18.0986,-69.0982,"BASALTIC-ANDESITE [13695] / ANDESITE [3212]",42.281,85.2,8.72,28.73,5.014,1.151,3.612,0.531,3.301,0.631,1.518,0.239,1.831,0.241
-18.1529,-69.1766,"ANDESITE [13695] / BASALTIC-ANDESITE [10822] / NOT GIVEN [18497]",22.23350254,42.45524297,5.708165997,22.31947484,3.769230769,0.85203252,2.70437018,0.283360791,1.523287671,0.252619967,0.417204301,0.0763,0.50137741,0.0727
20.77,95.325,"BASALTIC-ANDESITE [20049]",49.6,94,10.1,37.9,6.34,1.6,5.57,0.73,3.71,0.75,2.21,0.32,2.16,0.34
57.3853,160.0401,"BASALTIC-ANDESITE [14355]",19.19,46.12,6.35,27.14,5.95,1.8,5.62,0.81,4.77,0.95,2.65,0.37,2.34,0.36
57.3707,160.0857,"BASALTIC-ANDESITE [14355]",20.51,47.49,6.39,26.89,5.8,1.77,5.54,0.79,4.64,0.93,2.65,0.37,2.42,0.38
57.4286,159.9583,"BASALTIC-ANDESITE [14355]",16.94,39.99,5.35,22.77,5.02,1.55,4.96,0.71,4.26,0.84,2.39,0.33,2.14,0.33
57.4319,159.9584,"BASALTIC-ANDESITE [14355]",19.47,45.97,6.13,26,5.54,1.65,5.27,0.74,4.43,0.89,2.49,0.35,2.26,0.35
57.4282,160.0608,"BASALTIC-ANDESITE [14355]",18.84,45.67,6.28,27.06,5.92,1.76,5.7,0.8,4.77,0.94,2.66,0.37,2.39,0.37
57.4416,160.0612,"BASALTIC-ANDESITE [14355]",18.24,42.5,5.58,23.4,5.01,1.52,4.79,0.68,4.02,0.81,2.29,0.32,2.09,0.32
57.4097,160.0815,"BASALTIC-ANDESITE [14355]",16.39,38,5,21.1,4.79,1.47,4.84,0.71,4.34,0.87,2.47,0.35,2.3,0.35
57.3659,160.0349,"BASALTIC-ANDESITE [14355]",18.57,44.24,6.03,25.96,5.8,1.81,5.69,0.82,4.9,0.97,2.77,0.38,2.47,0.38
57.3446,160.0892,"BASALTIC-ANDESITE [14355]",20,47.08,6.37,27.29,5.9,1.82,5.62,0.81,4.75,0.93,2.65,0.36,2.35,0.36
57.3995,160.1578,"BASALTIC-ANDESITE [14355]",19.68,46.26,6.39,27.77,6.3,1.84,6.21,0.89,5.4,1.08,3.13,0.44,2.9,0.44
57.3989,160.1534,"BASALTIC-ANDESITE [14355]",22.2,48.39,6.13,25.38,5.55,1.77,5.5,0.81,4.87,0.98,2.73,0.39,2.49,0.39
57.3256,159.9837,"BASALTIC-ANDESITE [14355]",16,37.61,5.06,21.98,5.03,1.55,5.19,0.75,4.6,0.92,2.61,0.37,2.43,0.37
57.3227,159.9596,"BASALTIC-ANDESITE [14355]",15.85,36.9,5,21.04,4.75,1.46,4.88,0.71,4.34,0.87,2.46,0.35,2.27,0.35
57.3105,159.9098,"BASALTIC-ANDESITE [14355]",17.45,41.21,5.53,23.89,5.3,1.62,5.16,0.76,4.6,0.92,2.59,0.36,2.37,0.36
56.4266,159.8201,"BASALTIC-ANDESITE [14355]",9.09,23.78,3.61,17.35,4.84,1.45,5.31,0.87,5.69,1.16,3.4,0.48,3.18,0.5
56.7696,160.2321,"BASALTIC-ANDESITE [14355]",9.11,20.1,3.25,14.73,3.7,0.94,3.91,0.61,4.01,0.84,2.48,0.36,2.31,0.36
56.7673,159.855,"BASALTIC-ANDESITE [14355]",13.62,32.82,4.5,19.33,4.25,1.28,4,0.58,3.44,0.69,1.96,0.27,1.79,0.27
56.7423,159.7112,"BASALTIC-ANDESITE [14355]",13.98,33.56,4.62,20.22,4.66,1.43,4.57,0.68,4.11,0.81,2.34,0.32,2.11,0.32
56.711,159.7619,"BASALTIC-ANDESITE [14355]",13.94,33.32,4.56,19.76,4.4,1.34,4.29,0.61,3.75,0.75,2.16,0.31,2,0.31
56.5791,159.5189,"BASALTIC-ANDESITE [14355]",12.24,28.6,3.66,14.82,3.03,0.92,2.75,0.37,2.21,0.44,1.26,0.18,1.18,0.18
57.595,160.6012,"BASALTIC-ANDESITE [14355]",21.07,48.13,6.55,27.82,6.11,1.81,5.81,0.84,5.05,1.01,2.85,0.39,2.57,0.4
57.6133,160.4454,"BASALTIC-ANDESITE [14355]",17.01,39.25,5.21,22.46,5.13,1.59,5,0.74,4.54,0.91,2.59,0.36,2.32,0.36
57.607,160.4336,"BASALTIC-ANDESITE [14355]",14.3,35.57,4.67,20.28,4.63,1.46,4.43,0.63,3.7,0.73,2.04,0.28,1.8,0.27
57.5701,160.5478,"BASALTIC-ANDESITE [14355]",18.83,42.98,5.74,24.1,5.33,1.51,5.1,0.75,4.55,0.92,2.61,0.37,2.43,0.38
57.5943,160.512,"BASALTIC-ANDESITE [14355]",14.91,36.53,4.7,19.94,4.53,1.34,4.42,0.65,3.89,0.78,2.24,0.32,2.07,0.32
57.6165,160.4839,"BASALTIC-ANDESITE [14355]",18.15,42.56,5.63,23.64,5.26,1.52,5.11,0.75,4.48,0.91,2.62,0.37,2.37,0.37
57.6095,160.5087,"BASALTIC-ANDESITE [14355]",18,43,5.77,24.7,5.49,1.68,5.48,0.86,5.05,0.96,2.76,0.39,2.55,0.4
57.3262,160.1849,"BASALTIC-ANDESITE [14355]",16.05,38.7,4.93,20.98,4.74,1.48,4.68,0.67,3.95,0.78,2.18,0.3,1.91,0.29
57.8167,160.25,"BASALTIC-ANDESITE [14355]",13.7,33.52,4.35,18.69,4.44,1.31,4.45,0.67,4.12,0.84,2.41,0.34,2.18,0.34
31.18,130.53,"BASALTIC-ANDESITE [3504]",11.1,28.67,3.97,18.21,4.81,1.46,5.38,0.89,5.58,1.18,3.47,0.54,3.41,0.53
31.24,130.52,"BASALTIC-ANDESITE [3504]",11.15,25.45,3.37,14.81,3.6,1.11,3.61,0.58,3.55,0.75,2.16,0.34,2.1,0.32
31.77,130.48,"BASALTIC-ANDESITE [3504]",31.39,54,5.64,21.89,4.33,1.39,4.38,0.69,3.9,0.83,2.36,0.37,2.37,0.35
31.79,130.41,"BASALTIC-ANDESITE [3504]",16.25,33.79,4.09,16.67,3.77,1.21,3.89,0.63,3.82,0.81,2.41,0.37,2.43,0.37
30.78,130.29,"BASALTIC-ANDESITE [3504]",5.18,12.36,1.62,7.76,2.19,0.79,2.54,0.45,2.8,0.61,1.76,0.27,1.74,0.27
30.45,130.22,"BASALTIC-ANDESITE [3504]",7.57,17.14,2.13,9.39,2.41,0.74,2.85,0.49,3.08,0.66,2.04,0.31,2.09,0.32
30.82,130.92,"BASALTIC-ANDESITE [3504]",13.36,27.06,3.52,15.01,3.53,0.98,3.82,0.64,3.92,0.84,2.42,0.37,2.39,0.38
29.97,129.93,"BASALTIC-ANDESITE [3504]",6.73,15.81,2.02,9.15,2.46,0.76,2.89,0.5,3.12,0.69,2.02,0.32,2.09,0.33
29.85,129.87,"BASALTIC-ANDESITE [3504]",4.93,12.5,1.75,8.58,2.52,0.79,3.01,0.54,3.38,0.73,2.18,0.34,2.2,0.34
29.63,129.72,"BASALTIC-ANDESITE [3504]",5.22,12.4,1.64,7.73,2.14,0.72,2.63,0.47,2.86,0.61,1.86,0.3,1.88,0.27
29.63,129.72,"BASALTIC-ANDESITE [3504]",3.76,8.69,1.18,5.77,1.75,0.78,2.22,0.41,2.6,0.56,1.76,0.28,1.84,0.27
29.45,129.6,"BASALTIC-ANDESITE [3504]",5.47,12.61,1.54,6.75,1.76,0.55,2.04,0.33,1.97,0.42,1.22,0.19,1.16,0.18
28.79,129,"BASALTIC-ANDESITE [3504]",6.99,16.61,2.16,9.97,2.72,0.8,3.25,0.58,3.64,0.8,2.38,0.37,2.39,0.37
27.87,128.23,"BASALTIC-ANDESITE [3504]",3.44,8.04,1.17,5.84,1.85,0.68,2.32,0.44,2.88,0.64,1.97,0.29,1.83,0.29
12.1516,-83.0554,"BASALTIC-ANDESITE [14384]",9.06,22.4,3.46,17.8,5.72,2.37,6.9,1.13,6.18,1.06,2.72,0.36,2.14,0.29
12.1581,-83.0538,"BASALTIC-ANDESITE [14384]",9.46,23.4,3.46,17.9,5.6,2.38,6.52,1.09,6.19,1.07,2.74,0.36,2.14,0.3
4.75,-2.1,"BASALTIC-ANDESITE [11764]",1.37,4.08,0.67,3.9,1.29,0.552,1.81,0.36,2.52,0.56,1.72,0.263,1.73,0.265
4.87,-2.27,"BASALTIC-ANDESITE [11764]",7.51,18.1,2.49,10.5,2.46,0.878,2.45,0.4,2.29,0.45,1.33,0.199,1.31,0.201
56.05,160.63,"BASALTIC-ANDESITE [3509]",6.09,15.1,2.49,11.9,3.35,1.06,3.32,0.54,3.42,0.71,1.99,0.29,1.94,0.29
56.05,160.63,"BASALT [4276] / BASALTIC-ANDESITE [3509]",7.55,19.26,3.16,14.88,4.07,1.26,3.75,0.62,3.82,0.77,2.22,0.34,2.13,0.34
56.05,160.63,"BASALTIC-ANDESITE [3509]",5.41,13.6,2.17,10.4,2.94,0.9,2.89,0.45,2.87,0.61,1.68,0.26,1.61,0.25
56.05,160.63,"BASALT [4276] / BASALTIC-ANDESITE [3509]",6.12,16.27,2.62,12.45,3.54,1.07,3.52,0.57,3.27,0.79,2.27,0.33,2.1,0.32
56.05,160.63,"BASALT [4276] / BASALTIC-ANDESITE [3509]",6.69,17.09,2.77,12.65,3.41,1.04,3.35,0.54,3.07,0.69,1.98,0.3,1.91,0.29
56.05,160.63,"BASALT [4276] / BASALTIC-ANDESITE [3509]",5.03,13.01,2.14,10.24,2.91,0.94,3.01,0.48,2.91,0.64,1.82,0.27,1.67,0.273
56.05,160.63,"BASALT [4276] / BASALTIC-ANDESITE [3509]",5.31,13.14,2.13,10.27,2.99,0.93,2.87,0.46,3.46,0.59,1.73,0.25,1.61,0.24
56.05,160.63,"BASALT [4276] / BASALTIC-ANDESITE [3509]",6.72,17.47,2.83,12.9,3.5,1.07,3.35,0.56,3.36,0.72,2.06,0.3,1.98,0.3
56.05,160.63,"BASALT [4276] / BASALTIC-ANDESITE [3509]",5.54,14.29,2.38,11.19,3.07,1.02,3.18,0.53,3.42,0.68,1.95,0.28,1.84,0.29
56.05,160.63,"BASALT [4276] / BASALTIC-ANDESITE [3509]",5.32,14.22,2.34,11.4,3.21,1.02,3.2,0.55,3.42,0.7,2.06,0.31,1.98,0.3
56.05,160.63,"BASALT [4276] / BASALTIC-ANDESITE [3509]",5.36,14.58,2.46,11.57,3.25,0.97,3.2,0.56,3.84,0.7,2.04,0.31,1.96,0.3
56.05,160.63,"BASALT [4276] / BASALTIC-ANDESITE [3509]",8.43,21.1,3.39,15.75,4.14,1.27,3.77,0.63,3.82,0.82,2.36,0.34,2.15,0.343
56.05,160.63,"BASALT [4276] / BASALTIC-ANDESITE [3509]",8.2,21.31,3.54,15.64,4.14,1.29,3.76,0.65,4.04,0.81,2.34,0.36,2.16,0.32
56.1422,160.7638,"BASALT [4276] / BASALTIC-ANDESITE [3509]",8.42,21.48,3.61,16.75,4.27,1.33,3.88,0.64,3.05,0.83,2.38,0.34,2.26,0.33
56.2104,160.8136,"BASALT [4276] / BASALTIC-ANDESITE [3509]",6.8,17,2.71,12.25,3.36,1.02,3.04,0.51,3.42,0.66,1.84,0.28,1.69,0.284
56.05,160.63,"BASALT [4276] / BASALTIC-ANDESITE [3509]",6.09,15.09,2.49,11.87,3.35,1.06,3.32,0.54,4.9,0.71,1.99,0.29,1.94,0.29
20.5417,-104.92,"BASALTIC-ANDESITE [3618]",81,29,22.83,91.12,12.7,4.56,7.73,0.85,4.38,0.71,1.99,0.29,1.66,0.21
20.5555,-104.9142,"BASALTIC-ANDESITE [3618]",9.7,32,2.99,13.25,3.71,1.06,3.01,0.42,2.61,0.5,1.53,0.19,1.32,0.17
-6.71,106.92,"BASALTIC-ANDESITE [14435]",13.6,28.7,3.78,16.4,3.79,1.07,3.99,0.63,3.74,0.77,2.12,0.33,2.09,0.34
-6.71,106.92,"BASALTIC-ANDESITE [14435]",14.7,32.1,4.31,18.5,4.32,1.17,4.48,0.71,4.15,0.86,2.3,0.36,2.27,0.37
-6.71,106.92,"BASALTIC-ANDESITE [14435]",12.7,27.8,3.94,17.9,4.19,1.26,4.36,0.69,4.03,0.83,2.27,0.36,2.26,0.37
-6.71,106.92,"BASALTIC-ANDESITE [14435]",15.1,33,4.55,20.2,4.78,1.38,5.06,0.82,4.91,1.03,2.82,0.44,2.84,0.47
-6.71,106.92,"BASALTIC-ANDESITE [14435]",15,32.1,4.24,18.2,4.16,1.14,4.39,0.69,4.05,0.85,2.29,0.35,2.28,0.38
-6.71,106.92,"BASALTIC-ANDESITE [14435]",15,32.8,4.51,19.9,4.53,1.32,4.69,0.75,4.38,0.91,2.5,0.4,2.55,0.42
-6.71,106.92,"BASALTIC-ANDESITE [14435]",14.6,32,4.74,21.5,5.04,1.51,5.11,0.81,4.73,1,2.71,0.42,2.72,0.47
-6.71,106.92,"BASALTIC-ANDESITE [14435]",13.9,30.5,4.31,19.4,4.7,1.36,5.02,0.82,4.91,1.03,2.85,0.45,2.87,0.47
-6.71,106.92,"BASALTIC-ANDESITE [14435]",17.1,36.3,5.05,22,4.8,1.47,4.69,0.72,4.06,0.83,2.24,0.35,2.23,0.37
-6.71,106.92,"BASALTIC-ANDESITE [14435]",13.7,29.1,3.86,16.7,3.86,1.09,4.08,0.65,3.78,0.79,2.12,0.33,2.09,0.34
-6.71,106.92,"BASALTIC-ANDESITE [14435]",17.7,36.9,5.04,21.6,4.84,1.35,5.06,0.78,4.54,0.96,2.63,0.4,2.57,0.43
-6.71,106.92,"BASALTIC-ANDESITE [14435]",15.2,32.1,4.52,19.8,4.47,1.26,4.72,0.75,4.4,0.93,2.55,0.39,2.55,0.43
-6.71,106.92,"BASALTIC-ANDESITE [14435]",13.4,29.1,4.01,17.5,4.1,1.17,4.25,0.69,4.07,0.86,2.33,0.36,2.34,0.38
-6.71,106.92,"BASALTIC-ANDESITE [14435]",14.5,30.5,4.17,18,4.07,1.14,4.2,0.68,3.98,0.83,2.29,0.35,2.24,0.38
-6.71,106.92,"BASALTIC-ANDESITE [14435]",14,30.3,4.12,18.2,4.19,1.21,4.34,0.71,4.2,0.87,2.4,0.37,2.36,0.39
54.5,91,"BASALTIC-TRACHYANDESITE [22916]",46,92,11.1,44,7.3,1.89,6.74,0.77,4.34,0.96,2.65,0.39,2.45,0.38
21.37,143.5,"BASALTIC-ANDESITE [22913]",20.12556335,37.53413961,4.629120478,18.56823412,3.943785797,1.230929271,3.732780508,0.55464465,3.173145695,0.6519286,1.782793854,0.253289824,1.623160376,0.243270967
21.37,143.5,"BASALTIC-ANDESITE [22913]",15.88885497,29.95929825,3.713579125,14.93416067,3.245314807,1.036005245,3.192456253,0.491770741,2.976778228,0.642384533,1.821177922,0.269408298,1.742701954,0.266489501
25.5,122,"BASALTIC-ANDESITE [20489]",7.68,17.4,2.45,11.79,3.68,1.38,4.09,0.73,4.35,0.86,2.26,0.33,1.99,0.28
36.15,-1.9333,"BASALTIC-ANDESITE [7847]",3.8,8.9,1.39,6.7,2.23,0.83,2.88,0.53,3.57,0.76,2.32,0.33,2.23,0.33
36.15,-1.9333,"BASALTIC-ANDESITE [7847]",4,9.1,1.45,7,2.34,0.87,2.97,0.55,3.71,0.79,2.4,0.35,2.33,0.35
36.15,-1.9333,"BASALTIC-ANDESITE [7847]",4.1,9.5,1.52,7.5,2.48,0.93,3.23,0.59,3.94,0.83,2.49,0.35,2.39,0.36
36.878,-2.0055,"BASALTIC-ANDESITE [7847]",10.1,21.8,2.86,12,3.03,0.76,3.18,0.52,3.23,0.65,1.88,0.26,1.75,0.26
36.8797,-4.45,"BASALTIC-ANDESITE [7847]",2.74,6.93,1.04,5.06,1.57,0.74,1.96,0.35,2.3,0.48,1.37,0.2,1.27,0.19
36.8797,-4.45,"BASALTIC-ANDESITE [7847]",3.26,8.02,1.16,5.4,1.68,0.61,2.06,0.37,2.42,0.51,1.44,0.2,1.33,0.2
36.5248,-4.6545,"BASALTIC-ANDESITE [7847]",34.4,71.9,8.42,31.7,6.88,0.86,6.16,1,5.91,1.17,3.16,0.43,2.69,0.37
36.5325,-4.8247,"BASALTIC-ANDESITE [7847]",3.7,9.92,1.48,6.96,2.16,0.74,2.61,0.48,3.12,0.67,1.92,0.28,1.85,0.27
36.5792,-4.5333,"BASALTIC-ANDESITE [7847]",6.95,15.3,1.94,7.92,2.04,0.62,2.21,0.38,2.43,0.51,1.47,0.21,1.42,0.21
-16.2519,168.1336,"BASALTIC-ANDESITE [20462]",11.56,25.42,3.61,16.3,4.1,1.37,4.19,0.64,3.64,0.76,2.16,1.19,1.98,0.3
35.9415,-3.0312,"BASALTIC-ANDESITE [12611]",1.97,5.28,0.84,4.38,1.63,0.6,2.21,0.41,2.83,0.66,1.97,0.29,1.94,0.3
35.9412,-3.0322,"BASALTIC-ANDESITE [12611]",2.01,4.96,0.83,4.23,1.47,0.55,2.22,0.4,2.77,0.61,1.82,0.26,1.79,0.3
35.9412,-3.0322,"BASALTIC-ANDESITE [12611]",0.7,2.23,0.4,2.39,0.94,0.37,1.33,0.25,1.82,0.42,1.3,0.19,1.25,0.21
35.938,-3.0358,"BASALTIC-ANDESITE [12611]",3.06,7.27,0.98,4.79,1.61,0.54,2.03,0.37,2.78,0.59,1.84,0.28,1.83,0.29
35.9397,-3.0365,"BASALTIC-ANDESITE [12611]",1.81,4.88,0.75,4.07,1.46,0.51,2.05,0.39,2.54,0.61,1.83,0.29,1.95,0.3
25.15,121.5,"BASALTIC-ANDESITE [20489]",13.32,27.9,3.41,14.63,3.1,0.96,3.21,0.49,2.84,0.6,1.83,0.25,1.79,0.26
30.4534,-114.9444,"BASALTIC-ANDESITE [11120]",59.9,112,13.3,53.4,10.8,2.95,8.64,1.07,5.59,1.01,2.75,0.37,2.21,0.35
30.5134,-114.9575,"BASALTIC-ANDESITE [11120]",29.1,57.1,7.11,30,6.41,1.85,5.76,0.79,4.37,0.83,2.25,0.3,1.88,0.28
50.0486,126.1544,"BASALTIC-ANDESITE [26492]",39.7,79.6,9.68,40.3,8.05,2.45,6.36,0.81,3.91,0.69,1.52,0.21,1.15,0.14
7.47245,-80.00003,"BASALTIC-ANDESITE [14525]",13.66,31.21,4.3,19.44,4.75,1.65,5.2,0.87,5.32,1.15,3.31,0.5,3.21,0.48
7.47321,-80.00228,"BASALTIC-ANDESITE [14525]",16.54,33.03,4.27,18.45,4.32,1.13,3.79,0.58,3.85,0.76,2.18,0.31,2.23,0.34
34,111,"BASALTIC-ANDESITE [20154]",24.3,59,6.13,24.8,4.98,1.47,4.64,0.82,4.67,0.98,2.87,0.48,2.83,0.44
36.88,117.7,"BASALTIC-ANDESITE [12266]",22.09,46.29,5.72,24.05,5.14,4.31,3.97,0.58,2.61,0.56,1.49,0.25,1.01,0.13
36.88,117.7,"BASALTIC-ANDESITE [12266]",24.28,52.04,6.18,26.09,4.78,3.23,5.15,0.64,3.25,0.59,2.29,0.29,1.76,0.23
36.88,117.7,"BASALTIC-ANDESITE [12266]",18.08,40.34,4.62,20.58,4.84,2.75,3.63,0.45,2.04,0.63,1.25,0.17,1.18,0.18
36.88,117.7,"BASALTIC-ANDESITE [12266]",21.18,43.07,5.97,21.18,5.52,2.56,5.3,0.6,3.49,0.69,1.63,0.26,1.19,0.29
36.88,117.7,"BASALTIC-ANDESITE [12266]",21.41,45.44,5.62,22.98,5.07,3.21,4.51,0.57,2.85,0.62,1.67,0.24,1.29,0.21
36.88,117.7,"BASALTIC-ANDESITE [12266]",24.66,48.74,6.18,27.53,5.78,2.87,5.18,0.71,2.78,0.73,1.69,0.38,1.26,0.21
36.88,117.7,"BASALTIC-ANDESITE [12266]",31.85,63.82,6.84,28.78,4.03,3.08,5.49,0.62,2.79,0.58,1.54,0.23,1.52,0.2
36.88,117.7,"BASALTIC-ANDESITE [12266]",24.39,51.73,6.22,26.36,5.15,2.8,5.5,0.67,3.3,0.7,1.65,0.27,1.48,0.22
36.88,117.7,"BASALTIC-ANDESITE [12266]",25.46,54.26,6.67,28.79,6.82,3.43,6.15,0.72,3.94,0.84,1.67,0.27,1.8,0.25
36.88,117.7,"BASALTIC-ANDESITE [12266]",16.16,38.83,4.8,20.19,3.79,2,4.45,0.57,3.21,0.58,1.51,0.22,1.27,0.21
36.88,117.7,"BASALTIC-ANDESITE [12266]",23.82,53.01,6.62,26.51,5.31,2.62,6.21,0.72,3.76,0.76,1.86,0.25,1.54,0.23
30,89,"BASALTIC-ANDESITE [12282]",18.9,39.1,5,20.7,4.5,1.3,4.5,0.67,4.1,0.84,2.5,0.37,2.4,0.35
52.33,124.73,"BASALTIC-ANDESITE [14214]",24.2,49.2,6.62,26.2,5.19,1.33,4.2,0.6,3.3,0.67,1.79,0.27,1.76,0.27
52.33,124.73,"BASALTIC-ANDESITE [14214]",45.4,89.6,11.4,42.2,7.81,1.71,5.86,0.8,3.97,0.74,1.87,0.28,1.68,0.26
52.33,124.73,"BASALTIC-ANDESITE [14214]",46.2,91.8,11.6,43,7.75,1.63,5.89,0.79,4.01,0.74,1.89,0.27,1.69,0.26
52.33,124.73,"BASALTIC-ANDESITE [14214]",36,74.3,9.44,34.9,6.81,1.66,5.27,0.7,3.39,0.61,1.53,0.22,1.34,0.19
52.33,124.73,"BASALTIC-ANDESITE [14214]",35,70.4,8.93,33.1,6.35,1.61,4.87,0.65,3.19,0.58,1.5,0.21,1.3,0.19
52.33,124.73,"BASALTIC-ANDESITE [14214]",30.8,61.8,8.09,30.6,5.9,1.63,4.35,0.56,2.72,0.49,1.3,0.18,1.13,0.16
52.33,124.73,"BASALTIC-ANDESITE [14214]",19.2,39.3,5.27,20.9,4.47,1.41,3.81,0.56,2.93,0.58,1.52,0.23,1.36,0.21
52.33,124.73,"BASALTIC-ANDESITE [14214]",42.8,87.3,11.2,42.3,8.12,2.06,6.15,0.79,3.76,0.67,1.68,0.23,1.36,0.19
43,88,"BASALTIC-ANDESITE [11921]",30.65,91.6,11.54,47,11.18,3.82,13.61,2.036,12.87,2.736,7.06,1.01,6.48,0.948
-18.7542,-70.335,"BASALTIC-ANDESITE [11776]",14,31,4.2,18,4.3,1.1,4.4,0.69,4.2,0.8,2.4,0.37,2.5,0.39
-18.7558,-70.3358,"BASALTIC-ANDESITE [11776]",14,30,4,17,4.1,1.2,4.2,0.65,4,0.8,2.4,0.35,2.3,0.37
-22.1661,-70.2025,"BASALTIC-ANDESITE [11776]",16,35,4.9,21,5.1,1.4,4.9,0.76,4.6,0.9,2.6,0.39,2.7,0.41
-22.6914,-70.2339,"BASALTIC-ANDESITE [11776]",20,49,6.9,31,7.8,1.8,7.5,1.16,7,1.4,4,0.61,4.1,0.62
-22.6931,-70.2369,"BASALTIC-ANDESITE [11776]",21,50,7,31,7.7,1.9,7.5,1.13,6.7,1.3,3.8,0.57,3.8,0.59
-23.7531,-70.3478,"BASALTIC-ANDESITE [11776]",8,19,2.7,12,3.3,1,3.6,0.6,3.8,0.8,2.3,0.34,2.4,0.38
-23.6961,-70.3958,"BASALTIC-ANDESITE [11776]",15,35,4.7,21,4.9,1.3,4.4,0.68,4.1,0.8,2.3,0.35,2.4,0.38
-29.94444,-70.07111,"BASALTIC-ANDESITE [20547]",17.9,40.5,5.5,23.8,5.3,1.5,5,0.8,4.5,0.9,2.6,0.4,2.5,0.4
39.13,140.07,"BASALTIC-ANDESITE [7185] / BASALT [3109]",20.4,45.8,5.91,5.99,26.8,1.89,6.31,1.03,6.2,1.33,3.73,0.605,4.18,0.633
39.13,140.07,"BASALTIC-ANDESITE [7185] / BASALT [3109]",15.6,35.3,4.61,4.63,20,1.53,4.64,0.761,4.7,1.02,2.87,0.439,3.17,0.457
39.93,139.87,"BASALTIC-ANDESITE [7185] / BASALT [3109]",20.9,42.9,5.16,4.31,21.9,1.4,3.91,0.609,3.65,0.772,2.16,0.352,2.53,0.374
39.93,139.87,"BASALTIC-ANDESITE [7185] / BASALT [3109]",20.5,41.3,5.14,4.48,22.3,1.42,3.98,0.604,3.64,0.76,2.17,0.341,2.5,0.379
39.93,139.87,"BASALTIC-ANDESITE [7185] / BASALT [3109]",22.4,46.7,5.69,4.75,23.8,1.57,4.31,0.666,3.96,0.845,2.31,0.369,2.7,0.412
-37,175.2,"BASALTIC-ANDESITE [14571]",11.1,24.5,3.3,14.8,3.6,1,3.4,0.6,4.8,1,3,0.4,2.8,0.4
-37.2,175.3167,"BASALTIC-ANDESITE [14571]",8.5,18.3,2.5,11.2,2.8,0.8,2.8,0.5,3.8,0.8,2.4,0.3,2.3,0.3
-37.2,175.3167,"BASALTIC-ANDESITE [14571]",8,17.1,2,9.6,2.3,0.9,3.1,0.6,3.4,0.8,2.1,0.3,2,0.3
-37.8,175.55,"BASALTIC-ANDESITE [14571]",11.3,19.4,2.3,10.7,2.4,0.9,3.2,0.6,3.5,0.8,2.3,0.3,2.2,0.3
-37.8,175.55,"BASALTIC-ANDESITE [14571]",16.5,20.8,3,14.6,3.2,1.4,6,0.9,6,1.6,4.5,0.5,2.8,0.4
-37.8,175.55,"BASALTIC-ANDESITE [14571]",12.8,17.6,2.3,10.4,2.3,0.8,2.9,0.5,3,0.7,2,0.3,1.8,0.3
-37.85,175.66,"BASALTIC-ANDESITE [14571]",28.2,25.9,6.1,25.5,5.3,1.6,6.2,1,5.6,1.2,3.3,0.4,3,0.4
-37.85,175.66,"BASALTIC-ANDESITE [14571]",45.1,38.6,10.4,46.3,10.2,3.2,10.9,1.7,9.5,2.1,5.5,0.7,4.9,0.7
-37.8,175.6167,"BASALTIC-ANDESITE [14571]",17.3,19.7,3.7,16.6,3.5,1.2,4.3,0.7,4.4,1,2.9,0.4,2.9,0.5
-37.8,175.6167,"BASALTIC-ANDESITE [14571]",154,27.3,42.3,158.5,31.3,7.6,30.4,4.3,22.8,4.7,12.7,1.7,11.7,1.7
-37.8,175.6167,"BASALTIC-ANDESITE [14571]",94.4,40.9,18.1,82.5,18.4,7.2,26.2,4,26.3,6.6,17.8,2.4,15,2.3
-37.7,175.6,"BASALTIC-ANDESITE [14571]",50.4,62,15.3,83.5,24.7,9.4,28.1,4.6,28.3,6.3,15.7,2.3,16.3,2.6
-7.8,114,"BASALTIC-ANDESITE [14626]",21.49,42.33,5.93,25.55,5.92,1.95,6.75,1.05,6.38,1.4,3.85,0.53,3.42,0.5
31.62,-2.22,"BASALTIC-ANDESITE [14573]",17.64,36.29,4.16,19.06,4.38,1.44,6.25,0.67,4.45,0.77,2.44,0.3,2.17,0.29
18.1,-76.4,"BASALTIC-ANDESITE [14729]",5.08,10.98,1.65,7.5,2.1,0.76,2.4,0.43,2.8,0.55,1.67,0.27,1.78,0.31
18.1,-76.4,"BASALTIC-ANDESITE [14729]",9.9,20.95,2.95,12.3,3.15,1.06,3.15,0.51,3.27,0.62,1.86,0.3,1.96,0.35
9.336914,-79.208454,"BASALTIC-ANDESITE [20839]",4.13,10.1,1.48,7.27,2.21,0.73,2.87,0.49,3.34,0.75,2.22,0.33,2.2,0.35
8.648677,-80.443318,"BASALTIC-ANDESITE [20839]",18.2,36,4.34,18.2,4.11,1.3,4.51,0.65,3.84,0.8,2.29,0.33,2.15,0.34
9.048508,-79.687417,"BASALTIC-ANDESITE [20839]",19.41,39.55,5.33,23.72,5.69,1.86,6.19,0.98,6.4,1.29,3.67,0.52,3.43,0.51
8.353003,-81.797724,"DACITE [20839]",17.91,29.02,5.08,22.62,5.41,1.59,5.71,0.9,5.98,1.25,3.71,0.55,3.67,0.55
33.5,111,"BASALTIC-ANDESITE [14770]",45.4638,94.969,11.7245,47.0394,8.6176,2.062745173,7.9565,0.8946,5.9801,1.316,3.7437,0.5169,3.153,0.5331
33.5,111,"BASALTIC-ANDESITE [14770]",44.3448,98.1146,11.8148,47.6539,8.6174,2.172039505,7.9938,0.8892,6.0142,1.32,3.7532,0.5345,3.2664,0.5377
33.5,111,"BASALTIC-ANDESITE [14770]",56.6434,122.0838,14.616,56.8995,10.4035,2.425831192,9.2744,1.0862,7.2426,1.5242,4.2469,0.6172,3.7173,0.6351
33.5,111,"BASALTIC-ANDESITE [14770]",32.1467,68.834,8.2942,32.0319,6.0433,1.605826627,5.3519,0.6473,4.3056,0.9673,2.8045,0.3943,2.456,0.4016
33.5,111,"BASALTIC-ANDESITE [14770]",31.6334,74.2846,9.1161,35.2463,6.6699,1.572901455,5.9677,0.688,4.8028,1.0445,3.0587,0.4343,2.651,0.4515
33.5,111,"BASALTIC-ANDESITE [14770]",32.1089,72.1403,8.6037,34.0737,6.2241,1.58658029,5.8419,0.702,4.7428,1.0359,2.9938,0.429,2.6158,0.4401
33.5,111,"BASALTIC-ANDESITE [14770]",33.7659,72.6625,8.7426,34.4783,6.1079,1.370431481,5.7814,0.6949,4.7038,1.0235,3.0348,0.4288,2.6651,0.4683
33.5,111,"BASALTIC-ANDESITE [14770]",34.2089,66.1814,8.5082,34.3179,6.1219,1.535950197,5.9622,0.6681,4.8742,1.0436,2.9925,0.4371,2.8023,0.4606
33.5,111,"BASALTIC-ANDESITE [14770]",31.9882,70.5055,8.7298,33.7803,6.156,1.625973181,5.8368,0.6922,4.7599,1.0346,2.9427,0.4209,2.6634,0.4504
33.5,111,"BASALTIC-ANDESITE [14770]",32.2607,71.1404,8.5265,34.1371,6.2302,1.714403961,5.6904,0.6989,4.769,1.0467,3.006,0.4299,2.7804,0.4637
33.5,111,"BASALTIC-ANDESITE [14770]",31.3413,70.6324,8.4566,33.859,6.3893,1.68516789,5.9262,0.6853,4.8385,1.0752,3.0983,0.4412,2.7743,0.4698
45.78,7.82,"BASALTIC-ANDESITE [12849]",40.9,77.8,8.87,35.1,6.8,1.86,5.7,0.9,4.9,0.93,2.73,0.4,2.61,0.39
45.57,8.05,"BASALTIC-ANDESITE [12849]",36.5,72.5,8.57,32.8,6.37,1.51,5.5,0.75,4.3,0.86,2.45,0.35,2.32,0.37
45.68,7.85,"BASALTIC-ANDESITE [12849]",23.4,46.7,5.43,21.9,4.67,1.24,4.1,0.64,3.6,0.71,2.08,0.31,2.02,0.31
42.8983,11.7658,"BASALTIC-ANDESITE [12849]",49.5,111,13.5,50,8.3,1.83,6.1,0.82,4.7,0.95,2.51,0.35,2.1,0.36
45.83,11.17,"BASALTIC-ANDESITE [11689]",19.8,44.3,5.6,22.9,5.6,1.96,5.96,0.87,4.81,0.87,2.28,0.29,1.76,0.25
33.22,134.18,"BASALTIC-ANDESITE [13611]",3.72,10.1,1.47,7.25,2.13,0.64,2.38,0.44,2.68,0.54,1.64,0.25,1.66,0.25
33.22,134.18,"BASALTIC-ANDESITE [13611]",9.14,22.8,2.95,13.2,3.42,0.77,3.9,0.69,4.13,0.84,2.54,0.4,2.59,0.39
44.35,146.25,"BASALTIC-ANDESITE [14714]",5.4,15.17,2.52,13.37,4.09,1.24,3.41,0.89,5.88,1.15,3.19,0.47,3.35,0.47
46.5,152.5,"BASALTIC-ANDESITE [14714]",5.91,15.55,2.22,11.62,3.26,1.2,2.93,0.82,5.23,0.95,2.81,0.44,2.94,0.46
46.5,152.5,"BASALTIC-ANDESITE [14714]",4.71,12.64,1.87,9.3,2.76,0.97,3.41,0.6,4.01,0.86,2.4,0.37,2.58,0.39
47.77,152.48,"BASALTIC-ANDESITE [14714]",5.34,13.79,2.05,10.19,3.1,0.93,3.84,0.68,4.6,1.01,2.83,0.44,3.1,0.47
50.68,156,"BASALTIC-ANDESITE [14714]",9.76,23.27,3.16,14.23,3.5,1.04,3.49,0.54,3.47,0.71,2.04,0.32,2.15,0.34
36,119.5,"BASALTIC-ANDESITE [13964]",68.4,121,13.8,54.8,9.5,2.55,7.69,1.01,4.78,0.85,2.25,0.33,2.09,0.26
36,119.5,"BASALTIC-ANDESITE [13964]",46.7,102,10.9,43.9,7.75,2.28,7,0.8,4.16,0.68,1.84,0.25,1.6,0.25
36,119.5,"BASALTIC-ANDESITE [13964]",76.6,146,15.1,61.7,10,2.7,8.8,1.06,5.12,0.88,2.36,0.33,2.03,0.29
36,119.5,"BASALTIC-ANDESITE [13964]",60.7,105,12,48,8.03,2.29,6.98,0.87,4.26,0.72,2.05,0.3,1.71,0.27
36,119.5,"BASALTIC-ANDESITE [13964]",60.5,130,13.5,53.9,9.33,2.55,8.7,1.01,4.83,0.86,2.16,0.3,1.91,0.29
36,119.5,"BASALTIC-ANDESITE [13964]",74.2,122,15.1,56.1,9.18,2.49,8.71,0.99,5.13,0.89,2.54,0.33,2.34,0.31
36,119.5,"BASALTIC-ANDESITE [13964]",75,123,14.4,53.9,8.76,2.44,8.07,1,4.95,0.93,2.51,0.35,2.19,0.32
35.75,117.92,"BASALTIC-ANDESITE [13964]",34.4,69.4,7.49,28.2,5.24,1.42,4.91,0.65,3.32,0.64,1.92,0.26,1.72,0.27
35.75,117.92,"BASALTIC-ANDESITE [13964]",79.1,152,16.3,63.1,9.2,2.29,8.64,0.89,4.31,0.69,1.97,0.25,1.4,0.21
35.75,117.92,"BASALTIC-ANDESITE [13964]",83.4,162,16.7,64.2,10.1,2.41,9.37,0.96,4.25,0.76,2.03,0.27,1.58,0.26
35.75,117.92,"BASALTIC-ANDESITE [13964]",80,161,17.3,61.9,9.53,2.35,9.11,0.92,3.92,0.67,2.02,0.27,1.49,0.22
35.75,117.92,"BASALTIC-ANDESITE [13964]",78.2,150,16.5,59.8,9.17,2.34,8.74,0.94,4.18,0.69,1.97,0.23,1.46,0.22
35.75,117.92,"BASALTIC-ANDESITE [13964]",127,238,25.3,100,13.8,3.36,11.9,1.11,4.76,0.68,1.93,0.23,1.36,0.16
35.75,117.92,"BASALTIC-ANDESITE [13964]",100,199,22.1,80.3,11.9,2.95,10.8,1.14,5.01,0.8,2.27,0.3,1.68,0.23
35.75,117.92,"BASALTIC-ANDESITE [13964]",76.2,147,15.8,59.1,9.07,2.36,8.07,0.88,4.02,0.68,1.87,0.23,1.47,0.2
35.75,117.92,"BASALTIC-ANDESITE [13964]",78.3,159,16.5,62.9,9.7,2.47,8.64,0.98,4.11,0.74,1.93,0.25,1.51,0.21
35.75,117.92,"BASALTIC-ANDESITE [13964]",111,215,22.4,82.3,11.9,2.92,11,1.03,4.95,0.76,2.14,0.26,1.47,0.22
-39.13,175.642,"BASALTIC-ANDESITE [14727]",10.69,24.23,3.09,12.89,3.15,0.91,3.38,0.56,3.54,0.77,2.21,0.34,2.25,0.34
-39.13,175.642,"BASALTIC-ANDESITE [14727]",11.13,25.25,3.22,13.25,3.22,0.91,3.37,0.55,3.46,0.75,2.13,0.33,2.16,0.33
-39.13,175.642,"BASALTIC-ANDESITE [14727]",12.04,27.1,3.49,14.47,3.43,0.98,3.55,0.57,3.52,0.76,2.15,0.32,2.13,0.32
-39.13,175.642,"BASALTIC-ANDESITE [14727]",9.18,21.28,2.85,12.26,3.22,0.97,3.71,0.63,4,0.89,2.54,0.39,2.56,0.39
-39.13,175.642,"BASALTIC-ANDESITE [14727]",11.06,24.98,3.23,13.38,3.25,0.94,3.47,0.57,3.57,0.77,2.21,0.34,2.21,0.33
32.5,52.7,"BASALTIC-ANDESITE [14822]",22.2,43.5,5.37,21.4,4.6,1.31,4.16,0.7,4.04,0.82,2.44,0.35,2.3,0.35
4.52583,129.8975,"NOT GIVEN [3122] / BASALT [3144] / BASALTIC-ANDESITE [21977]",10,22,2.85,14.4,4.2,1.38,4.85,0.79,5.6,1.22,3.48,0.46,3.6,0.52
41.5198,127.9521,"BASALTIC-ANDESITE [21087]",25.9,57.3,8.08,37.4,9.3,3.37,8.3,1.2,6.3,1.1,2.8,0.37,2.1,0.29
34.25,83.17,"BASALTIC-ANDESITE [14917]",98.15,184,21.81,72.53,12.04,2.97,8.66,1.4,7,1.18,2.97,0.41,2.51,0.36
34.25,83.17,"BASALTIC-ANDESITE [14917]",59.96,143,18.96,80.73,16.17,4.77,12.85,2,9.87,1.65,4.13,0.51,3.03,0.41
34,87.7,"BASALTIC-ANDESITE [14917]",32.73,67.51,7.72,29.4,5.11,1.08,4.59,0.64,3.45,0.62,1.76,0.24,1.6,0.23
-5.5,130.22,"ANDESITE [3122] / BASALTIC-ANDESITE [21977] / NOT GIVEN [15235]",9.3,20.2,2.65,12.2,3.22,1.01,3.67,0.61,4.32,0.98,2.78,0.37,2.72,0.4311
-6.33,130.03,"ANDESITE [3122] / BASALTIC-ANDESITE [21977]",9.4,20,2.55,10.5,2.64,0.87,2.96,0.5,3.5,0.76,2.18,0.29,2.02,0.29
24.5004,100.4211,"BASALTIC-ANDESITE [14929]",43.01,82.6,9.68,37.29,6.27,2,6.34,0.85,4.52,0.92,2.27,0.34,2.07,0.3
24.5004,100.4211,"BASALTIC-ANDESITE [14929]",45.42,99.9,12.76,50.04,9.23,2.2,8.9,1.26,6.53,1.36,3.65,0.53,3.18,0.5
24.486,100.3877,"BASALTIC-ANDESITE [14929]",32.19,71,8.97,37.95,7.62,2.41,7.6,1.11,6.25,1.24,3.54,0.5,2.93,0.46
24.4873,100.3835,"BASALTIC-ANDESITE [14929]",47.24,104.59,13.14,52.5,10.15,2.49,9.3,1.29,7.2,1.42,3.78,0.52,3.21,0.49
23.5442,100.4259,"BASALTIC-ANDESITE [14929]",19.42,42.08,5.38,21.99,4.61,1.43,4.65,0.72,4.55,0.95,2.69,0.4,2.54,0.37
23.5442,100.4259,"BASALTIC-ANDESITE [14929]",18.61,39.63,4.86,19.64,4.05,1.44,4.29,0.69,4.27,0.84,2.27,0.36,2.12,0.31
16.3,-61,"BASALTIC-ANDESITE [14927]",3.68,9.22,1.51,6.69,2.21,0.87,2.68,0.41,2.77,0.53,1.53,0.24,1.53,0.24
16.3,-61,"BASALTIC-ANDESITE [14927]",1.982731166,5.607245949,1.15133891,5.782321759,2.259345486,0.900375473,4.157791667,0.474082702,2.59891935,0.519740478,1.586685922,0.232987111,1.929368266,0.241637995
16.3,-61,"BASALTIC-ANDESITE [14927]",3.763473805,9.079903799,1.552643076,6.653521752,1.653540441,0.578645067,2.212008119,0.269568627,1.615505668,0.300632966,0.944140625,0.137961703,0.990500613,0.149405178
16.3,-61,"BASALTIC-ANDESITE [14927]",3.79119001,9.153870338,1.566236988,6.560909785,1.710490061,0.56983002,2.3147479,0.262564395,1.602361014,0.288506148,0.892338678,0.126736629,0.849093135,0.132010041
16.3,-61,"BASALTIC-ANDESITE [14927]",3.309334416,8.49862013,1.439964286,6.478607143,2.183493506,0.738334416,2.672918831,0.413944805,2.697454545,0.513863636,1.543737013,0.243298701,1.708431818,0.266564935
16.3,-61,"BASALTIC-ANDESITE [14927]",2.330873791,6.80241193,1.242974676,5.946502686,2.106225712,0.735695759,2.784707474,0.415504067,2.676296721,0.514452346,1.520750038,0.240763698,1.626756126,0.241908221
16.3,-61,"BASALTIC-ANDESITE [14927]",5.699474335,12.63966888,2.134314879,9.185443707,2.565400287,0.871788683,3.161989437,0.427529327,2.70143256,0.516028345,1.4780689,0.229345931,1.563073624,0.223222358
16.3,-61,"BASALTIC-ANDESITE [14927]",1.57392399,3.55746913,0.820281658,4.109568124,1.459496921,0.524936608,2.040221271,0.289196635,1.841835211,0.370178459,1.022553553,0.151712483,1.049873216,0.155803816
16.3,-61,"BASALTIC-ANDESITE [14927]",1.425598277,4.307833913,0.850092178,4.194460373,1.495932216,0.794841594,2.26844039,0.332045051,2.142897286,0.433337832,1.29276343,0.210418851,1.42822318,0.199127109
16.3,-61,"BASALTIC-ANDESITE [14927]",1.955178808,5.435306843,0.985695364,4.79616777,1.720772627,1.438094923,2.157172185,0.35800883,2.45695585,0.479353201,1.424635762,0.214311258,1.438130243,0.23101766
16.3,-61,"BASALTIC-ANDESITE [14927]",5.54327601,18.43429883,3.832996844,19.8373323,7.120136996,2.48455021,9.328668788,1.451761705,9.454554193,1.831021988,5.310827927,0.790197837,5.311899219,0.810017694
16.3,-61,"BASALTIC-ANDESITE [14927]",3.001754657,8.968328492,1.518857621,7.381685114,2.66761352,1.080691053,3.534191728,0.584704714,4.109671076,0.810186599,2.405762594,0.375346796,2.452357,0.391898926
16.3,-61,"BASALTIC-ANDESITE [14927]",2.100224075,6.455693463,1.123850357,5.443488967,1.947668704,0.874892831,2.620051901,0.462172485,3.036108412,0.612395939,1.784113333,0.281202217,1.898718688,0.294907542
16.3,-61,"BASALTIC-ANDESITE [14927]",3.146907468,8.872990132,1.595192397,8.074713616,2.961283257,1.118870531,3.806974494,0.666907199,4.636389269,0.925486061,2.712823187,0.444924454,2.825214128,0.449563764
16.3,-61,"BASALTIC-ANDESITE [14927]",3.881644937,11.31821059,1.907062403,8.963931867,3.091569991,1.153533137,3.911720192,0.642698668,4.329892072,0.860990245,2.59127315,0.423776711,2.762884639,0.450784763
16.3,-61,"BASALTIC-ANDESITE [14927]",4.198160414,11.37383441,1.815335058,8.169252264,2.768504528,1.045313066,3.364112549,0.553477361,3.81592238,0.747218629,2.22823674,0.35912031,2.359707633,0.380993532
16.3,-61,"BASALTIC-ANDESITE [14927]",1.636416602,5.135239948,0.869428275,4.221696498,1.508198703,0.58272192,1.960591699,0.356025422,2.479414786,0.492320623,1.471807263,0.243044358,1.6463393,0.254624125
16.3,-61,"BASALTIC-ANDESITE [14927]",4.280203663,11.2401987,1.896843774,9.505900379,2.934267892,1.061215517,3.41511015,0.579701525,3.863743595,0.766400324,2.339115891,0.386541067,2.547860477,0.403148182
27.8325,35.9155,"BASALTIC-ANDESITE [14925]",3.33,8.47,1.3,6.07,1.79,0.62,2.2,0.36,2.32,0.49,1.37,0.22,1.49,0.22
27.8324,35.9148,"BASALTIC-ANDESITE [14925]",3.4001,9.3682,1.34263,6.5091,1.88131,0.593718,2.31556,0.382922,2.5088,0.52543,1.44692,0.224839,1.49647,0.224314
27.8323,35.9119,"BASALTIC-ANDESITE [14925]",2.99035,7.76396,1.11547,5.32471,1.50371,0.457668,1.80625,0.289889,1.87615,0.393525,1.08814,0.172672,1.16326,0.174265
27.8323,35.912,"BASALTIC-ANDESITE [14925]",2.90424,6.91318,1.01043,4.69056,1.32612,0.461635,1.60106,0.256228,1.68569,0.351973,0.963473,0.153074,1.0402,0.15737
27.8328,35.9097,"BASALTIC-ANDESITE [14925]",2.05683,5.46404,0.850618,4.33045,1.35804,0.518746,1.74907,0.295009,1.93541,0.410473,1.12784,0.179495,1.20213,0.182707
27.833,35.9089,"BASALTIC-ANDESITE [14925]",2.85933,7.50637,1.10793,5.4012,1.56139,0.582322,1.90917,0.310623,2.06049,0.434601,1.19352,0.191516,1.25728,0.191375
27.8335,35.9076,"BASALTIC-ANDESITE [14925]",5.80374,14.07,2.10129,9.73222,2.67388,0.842905,3.1709,0.500533,3.32222,0.6886,1.85694,0.295036,1.94907,0.288999
27.833,35.9012,"BASALTIC-ANDESITE [14925]",6.06303,16.1378,2.19068,10.5592,3.02573,0.995771,3.63597,0.597525,3.82689,0.844585,2.27659,0.349029,2.34424,0.348447
64.02,-19.65,"BASALTIC-ANDESITE [14961]",50.59,113,14.66,65.47,14.83,4.51,15.61,2.3,13.31,2.62,7.17,0.99,6.25,0.918
64.02,-19.65,"BASALTIC-ANDESITE [14961]",47.67,110,14.51,64.7,14.61,4.49,15.52,2.27,13.38,2.6,7.04,0.96,6.19,0.901
64.02,-19.65,"BASALTIC-ANDESITE [14961]",48.36,109,14.29,65.74,14.87,4.52,15.68,2.33,13.68,2.64,7.19,0.98,6.35,0.959
64.02,-19.65,"BASALTIC-ANDESITE [14961]",47.65,109,14.37,65.91,15.01,4.61,15.82,2.3,13.76,2.67,7.19,0.98,6.2,0.928
64.02,-19.65,"BASALTIC-ANDESITE [14961]",50.24,117,15.37,68.51,15.27,4.62,16.34,2.4,14.33,2.75,7.38,1.02,6.49,0.976
64.02,-19.65,"BASALTIC-ANDESITE [14961]",49.2,115,14.84,67.38,15.41,4.69,16.56,2.36,14.1,2.73,7.25,1,6.34,0.927
64.02,-19.65,"BASALTIC-ANDESITE [14961]",48.25,113,15.16,68.52,15.78,4.87,16.25,2.44,14.27,2.76,7.43,1,6.35,0.916
64.02,-19.65,"BASALTIC-ANDESITE [14961]",48.01,113,14.29,65.13,14.73,4.51,15.39,2.34,13.53,2.62,7.2,0.99,6.31,0.92
64.02,-19.65,"BASALTIC-ANDESITE [14961]",46.81,109,14.72,66.15,15.09,4.61,16.04,2.31,13.7,2.65,7.09,0.96,6.14,0.902
64.02,-19.65,"BASALTIC-ANDESITE [14961]",47.72,113,14.5,65.39,14.87,4.7,16.16,2.35,13.42,2.65,7.16,0.96,6.25,0.916
64.02,-19.65,"BASALTIC-ANDESITE [14961]",49.7,113,15.06,69.03,15.53,4.73,16.19,2.38,14.28,2.75,7.5,1.01,6.49,0.945
64.02,-19.65,"BASALTIC-ANDESITE [14961]",49.55,113,14.9,66.2,14.92,4.47,15.56,2.25,13.7,2.65,7.27,1,6.39,0.925
64.02,-19.65,"BASALTIC-ANDESITE [14961]",48.19,114,14.79,67.2,15.53,4.66,16.35,2.37,13.81,2.7,7.15,1,6.31,0.914
64.02,-19.65,"BASALTIC-ANDESITE [14961]",48.27,114,15,67.03,15.17,4.75,16.22,2.35,13.99,2.71,7.37,1.01,6.26,0.934
64.02,-19.65,"BASALTIC-ANDESITE [14961]",49.55,115,14.88,66.73,15.06,4.67,16.56,2.38,14.1,2.7,7.27,0.97,6.36,0.927
64.02,-19.65,"BASALTIC-ANDESITE [14961]",48.47,111,14.86,68.5,15.39,4.78,16.4,2.39,14.05,2.75,7.35,0.99,6.26,0.914
64.02,-19.65,"BASALTIC-ANDESITE [14961]",46.31,112,13.73,64.06,14.71,4.5,15.35,2.27,13.39,2.61,6.96,0.93,5.98,0.884
64.02,-19.65,"BASALTIC-ANDESITE [14961]",47.78,112,14.63,66.76,15.59,4.72,16.56,2.39,13.94,2.7,7.22,0.99,6.16,0.928
64.02,-19.65,"BASALTIC-ANDESITE [14961]",46.3,109,14.59,67.05,15.18,4.72,16.09,2.33,13.67,2.65,7.14,0.97,6.11,0.891
64.02,-19.65,"BASALTIC-ANDESITE [14961]",47.77,112,14.52,65.93,15.01,4.67,15.63,2.3,13.62,2.6,7.05,0.97,6.07,0.887
64.02,-19.65,"BASALTIC-ANDESITE [14961]",51.01,118,14.64,65.99,15.14,4.58,15.96,2.37,14.12,2.69,7.3,0.97,6.24,0.92
64.02,-19.65,"BASALTIC-ANDESITE [14961]",48.11,113,14.66,66.31,15.04,4.75,15.88,2.31,13.89,2.67,7.18,0.98,6.24,0.898
64.02,-19.65,"BASALTIC-ANDESITE [14961]",48.73,113,15.02,67.81,15.53,4.67,16.2,2.36,14.07,2.75,7.28,0.98,6.33,0.936
40,27,"BASALTIC-ANDESITE [21237]",16.4,37.1,5.03,21.7,4.78,1.31,5.71,0.89,5.49,1.13,3.6,0.51,3.41,0.48
40,27,"BASALTIC-ANDESITE [21237]",18.4,38,4.7,19.6,4.24,1.23,4.44,0.7,4.38,0.86,2.36,0.37,2.41,0.38
-19.1412,-176.5283,"BASALT [13310] / BASALTIC-ANDESITE [4279] / NOT GIVEN [10898]",8.85,29.3,5.37,30.8,10.79,3.13,14.9,2.76,18.36,4,11.63,1.82,11.58,1.81
19.12,-97.6217,"BASALTIC-ANDESITE [14950]",25.5,50.6,6.13,23.8,4.8,1.45,4.27,0.65,3.67,0.75,2.19,0.32,2.06,0.31
19.095,-97.5325,"BASALTIC-ANDESITE [14950]",19.8,41.1,5.22,21.2,4.53,1.36,4.14,0.63,3.44,0.68,2,0.29,1.85,0.28
44,-124,"BASALTIC-ANDESITE [14943]",31.1,71.7,8.62,38.3,10.2,3.57,11.6,1.9,11,2.14,6.12,0.853,5.15,0.746
44,-124,"BASALTIC-ANDESITE [14943]",51.1,107,13,51.7,11.4,3.76,10.9,1.63,8.36,1.45,3.88,0.525,3.18,0.435
-35.05,173.75,"BASALTIC-ANDESITE [14967]",14.6387503,31.16888095,3.948871652,16.57060384,3.91384768,1.034535539,3.747570658,0.558927822,3.765201874,0.75008027,2.130146384,0.3221638,2.128537293,0.30838648
-35.05,173.75,"BASALTIC-ANDESITE [14967]",10.58931768,23.89427139,2.982818986,13.38809025,3.320088625,0.847822865,3.466794562,0.508611687,3.412965175,0.672551224,1.933784846,0.301279112,2.117390715,0.303514568
-35.05,173.75,"BASALTIC-ANDESITE [14967]",14.94800991,32.19740044,3.760526388,16.14437826,3.608571197,1.003558354,3.483754833,0.546147044,3.532843541,0.734641199,2.164284631,0.317181342,2.183380995,0.319530325
-35.05,173.75,"BASALTIC-ANDESITE [14967]",15.37522742,32.97979042,4.018636281,17.47825386,3.906761996,1.055765464,3.810899271,0.586205469,3.669628745,0.720507647,2.203161457,0.299405656,2.247195145,0.318141384
-34.8,173,"BASALTIC-ANDESITE [14967]",9.000345283,21.31648424,2.589113076,13.64788419,3.509097653,1.536277068,4.137881578,0.627055481,3.839217849,0.763540751,2.651120875,0,2.291969357,0
-34.8,173,"BASALTIC-ANDESITE [14967]",11.32938293,25.23705366,3.349208251,15.82217586,4.197590325,1.320215419,4.611576141,0.720644875,5.045989645,1.057445747,3.249782962,0.479364989,3.24747959,0.48462599
-35.55,176.5,"BASALTIC-ANDESITE [14967]",11.33241897,24.91355122,3.036966293,12.86781861,2.901739644,0.929672653,3.018973077,0.480609453,3.151553691,0.668578827,1.864745808,0.288592048,2.023009091,0.297516947
-35.82,174.53,"BASALTIC-ANDESITE [14967]",10.10764673,21.4182383,2.684019148,11.52857372,2.651819165,0.834665095,2.85396613,0.476723122,3.183663251,0.679638115,2.071407442,0.331555645,2.030586912,0.335852006
-35.82,174.53,"BASALTIC-ANDESITE [14967]",10.35682864,22.33704506,2.688268735,11.41003061,2.633829573,0.777356497,2.956826143,0.44739081,3.030552753,0.619304436,1.785689024,0.286835855,1.812803316,0.292193349
-35.82,174.53,"BASALTIC-ANDESITE [14967]",8.983816669,19.08812553,2.388422089,10.75901286,2.776699243,0.794025568,2.899819182,0.487033819,3.136731839,0.658415495,1.887742937,0.31202107,1.962073937,0.306821078
-35.82,174.53,"BASALTIC-ANDESITE [14967]",13.94197532,27.85533666,3.371418492,14.33818917,3.234371183,0.892724717,3.379289332,0.567396349,3.496318653,0.688050097,2.043891482,0.297378271,2.054070172,0.310336108
-35.05,173.75,"BASALTIC-ANDESITE [14967]",15.78517096,33.30413047,4.063252632,17.42251294,3.850192621,1.055993777,3.62478234,0.517927399,3.498044185,0.677622728,1.926648852,0.296858059,1.960177042,0.283204138
-35.05,173.75,"BASALTIC-ANDESITE [14967]",17.9670208,39.03971001,4.895767513,21.70513606,5.070391638,1.333102881,4.981601178,0.74378477,4.639569328,0.939346413,2.584613951,0.372078307,2.452964391,0.37339292
-36.42,174.55,"BASALTIC-ANDESITE [14967]",23.39107197,52.60674212,7.047498176,32.69186473,7.977467615,2.052103856,8.245323422,1.242683995,8.022038385,1.591781871,4.585106915,0.673829963,4.591242048,0.672381315
-36.97,174.8,"BASALTIC-ANDESITE [14967]",11.90380336,26.11308186,3.461468353,15.38036223,3.54411652,1.054998738,4.006310025,0.641996808,4.367493766,0.885779193,2.777262537,0.395541047,2.795126452,0.413366896
37.1612,75.5183,"BASALTIC-ANDESITE [14964]",2.18,13.4,0.52,4.93,0.59,0.49,1.75,0.08,0.74,0.24,1.7,0.39,1.61,0.32
-28.5,117,"BASALTIC-ANDESITE [14982]",41.2,776,6.8,19.9,3.4,1.1,4,0.4,2.1,0.4,1.2,0.2,1.1,0.2
-7.75,156.58,"BASALTIC-ANDESITE [15007]",8.4,18.7,2.8,11.8,2.89,0.794,2.96,0.476,2.94,0.612,1.76,0.263,1.78,0.27
-7.75,156.58,"BASALTIC-ANDESITE [15007]",9.61,20.1,2.85,12.6,3.08,1.06,3.37,0.536,3.39,0.699,2.02,0.306,2.11,0.33
-8.05,156.55,"BASALTIC-ANDESITE [15007]",3.51,7.8,1.15,5.62,1.72,0.633,2.17,0.377,2.54,0.539,1.56,0.241,1.68,0.26
-8.05,156.55,"BASALTIC-ANDESITE [15007]",4.34,9.41,1.37,6.6,1.92,0.683,2.35,0.405,2.71,0.582,1.69,0.257,1.78,0.27
-8.29,156.52,"BASALTIC-ANDESITE [15007]",5.29,11.5,1.67,7.6,2.18,0.69,2.55,0.44,2.86,0.6,1.76,0.275,1.86,0.285
35,137,"BASALTIC-ANDESITE [3511]",14.4,33.5,4.33,19.2,4.28,1.44,4.22,0.73,4.28,0.74,2.09,0.29,1.92,0.29
35,137,"BASALTIC-ANDESITE [3511]",28.6,67.3,7.76,31.1,4.9,1.9,5.79,0.75,4.16,0.62,1.9,0.25,1.72,0.27
35,137,"BASALTIC-ANDESITE [3511]",19.2,44.1,5.83,24.9,5.57,1.75,5.17,0.76,4.8,0.96,2.77,0.4,2.54,0.37
35,137,"BASALTIC-ANDESITE [3511]",13.9,35,5.02,22.2,5.09,1.72,4.84,0.84,4.61,0.75,2.06,0.29,1.87,0.28
35,137,"BASALTIC-ANDESITE [3511]",12.5,26.7,4.23,19,4.35,1.58,4.38,0.86,4.92,0.94,2.6,0.38,2.54,0.37
35,137,"BASALTIC-ANDESITE [3511]",15.6,34,4.53,19.5,4.25,1.55,4.47,0.81,4.74,0.85,2.39,0.34,2.33,0.35
35,137,"BASALTIC-ANDESITE [3511]",18.8,40.8,5.49,22.4,4.86,1.62,5.04,0.71,4.15,0.84,2.45,0.34,2.17,0.32
35,137,"BASALTIC-ANDESITE [3511]",13.3,25.9,3.94,18,4.05,1.52,4.13,0.79,4.65,0.84,2.4,0.33,2.13,0.33
48.75,-121.75,"BASALTIC-ANDESITE [15004]",17.68342257,39.6017716,5.238722713,22.12223669,5.098391064,1.560266159,5.111602405,0.857929722,5.283107709,1.081997047,2.943695892,0.423944707,2.66564446,0.430289919
48.75,-121.75,"BASALTIC-ANDESITE [15004]",18.24505583,40.49882687,5.444614061,22.76300809,5.298864046,1.647711827,5.313047622,0.890700444,5.311198299,1.116375213,3.003560611,0.439653001,2.732400826,0.4309952
48.75,-121.75,"BASALTIC-ANDESITE [15004]",17.7254398,40.19957072,5.358916764,22.60009284,5.346403647,1.615430576,5.242061198,0.887016423,5.381733981,1.101118404,3.061839745,0.435685466,2.74602715,0.438021709
48.75,-121.75,"BASALTIC-ANDESITE [15004]",18.15308641,41.46361695,5.434862331,22.78059968,5.264529996,1.604536979,5.210253846,0.870119479,5.340893555,1.108215381,2.926917793,0.441288344,2.731903586,0.438317279
48.75,-121.75,"BASALTIC-ANDESITE [15004]",17.69811093,40.731277,5.460432354,23.25823378,5.520753488,1.762542797,5.366072898,0.928582931,5.570100935,1.146465464,3.135537963,0.460036179,2.914013062,0.455910577
48.75,-121.75,"BASALTIC-ANDESITE [15004]",16.05504195,38.2478241,5.276422394,22.99148644,5.631261781,1.882572042,5.749267156,0.958815336,5.864744552,1.210466851,3.24930191,0.471193661,2.964900311,0.470035405
48.75,-121.75,"BASALTIC-ANDESITE [15004]",16.08145088,38.71073436,5.30152162,23.17995775,5.711191239,1.893191807,5.851214296,0.983579416,6.022645177,1.220567903,3.340429446,0.482034029,3.040172743,0.469266881
48.75,-121.75,"BASALTIC-ANDESITE [15004]",16.20280291,38.84980947,5.364453797,23.21799065,5.742818491,1.928295531,5.908589725,0.997897728,6.066234931,1.230208175,3.413800137,0.489273563,3.022067184,0.476415981
24.5,122.5,"BASALTIC-ANDESITE [21416]",4.5,10.4,1.41,6.7,1.93,0.72,2.49,0.459,2.89,0.646,1.88,0.303,1.9,0.298
24.5,122.5,"BASALTIC-ANDESITE [21416]",2.86,6.91,1.04,5.13,1.73,0.66,2.21,0.41,2.74,0.61,1.84,0.28,1.85,0.29
24.5,122.5,"BASALTIC-ANDESITE [21416]",5.77,12.5,1.69,7.69,2.22,0.741,2.75,0.501,3.27,0.73,2.18,0.338,2.22,0.331
24.5,122.5,"BASALTIC-ANDESITE [21416]",11.1,24.9,3.17,14,3.62,1.17,3.99,0.681,4.31,0.931,2.74,0.425,2.7,0.399
24.5,122.5,"BASALTIC-ANDESITE [21416]",8.6,19.6,2.6,11.8,3.07,1.02,3.57,0.606,3.91,0.828,2.45,0.38,2.53,0.381
24.5,122.5,"BASALTIC-ANDESITE [21416]",7.4,16.7,2.12,9.6,2.74,0.96,3.36,0.59,3.73,0.761,2.25,0.329,2.13,0.319
27,126,"BASALTIC-ANDESITE [21416]",8.55,20.59,2.88,13.25,3.56,1.25,3.98,0.68,4.28,0.92,2.69,0.41,2.56,0.4
27,126,"BASALTIC-ANDESITE [21416]",9.21,21.8,3.01,13.63,3.56,1.21,3.94,0.67,4.17,0.89,2.61,0.39,2.5,0.38
27,126,"BASALTIC-ANDESITE [21416]",9.36,22.26,3.07,13.88,3.62,1.24,4.02,0.68,4.27,0.91,2.68,0.4,2.56,0.39
27,126,"BASALTIC-ANDESITE [21416]",9.92,23.34,3.22,14.57,3.84,1.29,4.22,0.72,4.47,0.96,2.81,0.42,2.7,0.41
24.5,122.5,"BASALTIC-ANDESITE [21416]",8.14,19.11,2.72,12.91,3.73,1.38,4.38,0.77,4.9,1.06,3.13,0.47,3.01,0.46
24.5,122.5,"BASALTIC-ANDESITE [21416]",6.97,15.4,2.04,9.17,2.46,0.89,2.9,0.48,3.03,0.65,1.91,0.29,1.87,0.29
43.17,107.27,"BASALTIC-ANDESITE [15036]",22.1,48.7,6.08,24.7,5.23,1.49,4.59,0.693,3.93,0.768,2.13,0.318,1.9,0.277
43.17,107.27,"BASALTIC-ANDESITE [15036]",5.07,13,2.01,10.2,2.88,0.936,3.32,0.566,3.75,0.791,2.28,0.34,2.2,0.35
40.18,40.4,"BASALTIC-ANDESITE [15021]",35.3,79.8,8.37,31.7,5.5,1.39,4.08,0.69,3.59,0.57,1.81,0.28,1.61,0.26
53,134,"BASALTIC-ANDESITE [13921]",12.62,25.11,3.47,14.61,2.7,0.8,3.11,0.51,2.78,0.56,1.77,0.28,1.63,0.26
-21.03,-174.92,"BASALTIC-ANDESITE [10608]",2.46,7.45,1.33,7.22,2.62,0.98,3.49,0.67,4.47,0.98,2.86,0.42,2.72,0.42
-21.03,-174.92,"BASALTIC-ANDESITE [10608]",1.37,4.09,0.79,4.62,1.88,0.75,2.92,0.53,3.66,0.8,2.38,0.35,2.25,0.35
-21.5,-178.8,"BASALTIC-ANDESITE [10608]",4.93,12.05,2.05,10.12,3.06,1.07,3.47,0.67,3.99,0.9,2.72,0.41,2.78,0.44
-21.5,-178.8,"BASALTIC-ANDESITE [10608]",3.72,9.11,1.44,7.2,2.1,0.89,2.36,0.42,2.56,0.55,1.62,0.25,1.61,0.27
-21.5,-178.8,"BASALTIC-ANDESITE [10608]",5.47,13.14,2,9.52,2.8,1.03,3.47,0.58,3.52,0.75,2.08,0.31,2,0.31
-21.5,-178.8,"BASALTIC-ANDESITE [10608]",4.54,10.74,1.71,8.32,2.54,0.93,3.04,0.51,3.05,0.64,1.79,0.27,1.69,0.27
-19.75,-175.08,"BASALTIC-ANDESITE [10608]",1.78,4.85,0.82,3.97,1.38,0.56,1.87,0.37,2.22,0.57,1.48,0.23,1.52,0.21
-20.55,-175.42,"BASALTIC-ANDESITE [10608]",1.27,3.58,0.6,3.06,1.17,0.47,1.59,0.29,1.94,0.45,1.32,0.2,1.35,0.22
-15.87,-173.92,"BASALTIC-ANDESITE [10608]",0.78,1.94,0.38,1.78,0.74,0.26,1.1,0.22,1.37,0.28,0.91,0.14,0.98,0.16
-15.87,-173.92,"BASALTIC-ANDESITE [10608]",4.68,9.94,1.55,7.72,2.33,0.79,2.66,0.43,2.73,0.58,1.65,0.22,1.62,0.25
46.3,134,"BASALTIC-ANDESITE [9816]",23.3,51,5.83,23.9,4.09,1.18,3.85,0.54,2.85,0.48,1.43,0.2,1.07,0.18
46.3,134,"BASALTIC-ANDESITE [9816]",25.4,52,5.98,24.3,5.04,1.28,3.78,0.6,2.92,0.52,1.44,0.3,1.16,0.19
-63,-61,"BASALTIC-TRACHYANDESITE [24367] / PYROCLASTIC SEDIMENT [23830]",11.98007502,29.44186855,4.234489847,19.18828411,5.251935667,1.842147547,5.919298416,1.006417875,6.447774513,1.329357046,3.682322976,0.524640188,3.234186474,0.49770331
-42.83306,-71.52167,"BASALTIC-ANDESITE [21748]",16.6,39.3,5.37,22.6,5.52,1.8,5.62,0.9,5.47,1.09,3.23,0.463,3.02,0.466
-42.81222,-71.52306,"BASALTIC-ANDESITE [21748]",27.8,61.2,7.99,31.7,7.06,2.21,7.1,1.15,6.63,1.29,3.66,0.525,3.44,0.561
52.7,131,"BASALTIC-ANDESITE [15127]",14.81,31.09,3.92,15.88,3.23,0.96,3.22,0.57,3.22,0.71,2.02,0.26,1.86,0.27
43.5,133,"BASALTIC-ANDESITE [15223]",18.77,39.1,4.18,17.76,3.51,1.15,3.42,0.47,2.6,0.44,1.21,0.19,1.04,0.15
43.6,133.2,"BASALTIC-ANDESITE [15223]",26.5,60.6,6.99,28.3,5.94,1.73,6.07,0.89,5.13,1.13,2.93,0.54,3.46,0.52
43.15,134.3,"BASALTIC-ANDESITE [15227]",22.88,47.58,5.51,23,4.89,1.35,4.49,0.71,4.33,0.89,2.33,0.35,2.28,0.34
43.15,134.3,"BASALTIC-ANDESITE [15227]",26.7,52,5.77,22.4,4.58,1.5,4.38,0.66,4.02,0.93,2.28,0.36,2.4,0.33
43.15,134.3,"BASALTIC-ANDESITE [15227]",21.5,44.3,5.53,22.2,4.6,1.5,4.53,0.67,4.32,0.94,2.4,0.36,2.1,0.34
44.55,135.57,"BASALTIC-ANDESITE [15227]",34.1,72,8.22,33.6,6.22,1.72,6.15,0.91,5.13,1.17,2.82,0.42,2.71,0.39
44.55,135.57,"BASALTIC-ANDESITE [15227]",27.8,62.4,7.82,32.4,7.31,1.89,7.49,1.08,6.78,1.45,3.83,0.62,3.63,0.52
39.1812,-120.1155,"BASALTIC-ANDESITE [15195]",34.14,69.93,8.906,34.89,6.16,1.708,4.527,0.591,3.063,0.566,1.458,0.195,1.29,0.185
39.3117,-120.2403,"BASALTIC-ANDESITE [15195]",45.97,91.65,11.29,43.23,7.2,1.8,5.1,0.65,3.81,0.61,1.85,0.21,1.42,0.21
39.3598,-120.0638,"BASALTIC-ANDESITE [15195]",41.92,81.28,10.33,38.45,6.45,1.73,5.02,0.67,4.13,0.73,2.19,0.27,1.84,0.28
39.324,-120.193,"BASALTIC-ANDESITE [15195]",40.5,79.78,10.22,40.54,7.13,1.96,5.38,0.68,4.06,0.68,2,0.24,1.58,0.24
39.3207,-120.1983,"BASALTIC-ANDESITE [15195]",33.56,66.79,8.43,33.22,6.03,1.68,4.61,0.6,3.57,0.6,1.78,0.21,1.43,0.22
39.3472,-120.1425,"BASALTIC-ANDESITE [15195]",48.99,98.22,12.08,45.9,7.42,2.01,5.19,0.63,3.77,0.58,1.76,0.2,1.31,0.2
39.3833,-120.1017,"BASALTIC-ANDESITE [15195]",47.58,89.9,11.57,43.42,7.12,1.83,5.06,0.65,3.99,0.68,2.02,0.26,1.66,0.25
39.4714,-119.9743,"BASALTIC-ANDESITE [15195]",24.7,51.69,6.75,26.08,5.36,1.59,4.26,0.6,3.29,0.66,1.91,0.24,1.57,0.24
39.467,-119.9688,"BASALTIC-ANDESITE [15195]",25.55,51.88,6.77,27.01,5.15,1.55,4.38,0.61,3.33,0.67,1.98,0.27,1.73,0.27
39.4596,-119.9711,"BASALTIC-ANDESITE [15195]",36.67,72.93,9.55,36.95,6.56,1.81,4.96,0.66,3.55,0.66,1.74,0.23,1.49,0.231
39.4205,-119.954,"BASALTIC-ANDESITE [15195]",37.45,68.75,8.45,31.32,5.65,1.44,4.44,0.6,3.35,0.65,1.86,0.26,1.65,0.244
39.4239,-119.9568,"BASALTIC-ANDESITE [15195]",38.19,72.81,8.6,31.21,5.19,1.36,3.88,0.5,2.91,0.56,1.49,0.2,1.36,0.2
39.4239,-119.9568,"BASALTIC-ANDESITE [15195]",35.43,69.13,8.19,30.45,5.29,1.36,4.11,0.55,3.03,0.59,1.63,0.24,1.54,0.24
39.39,-119.9865,"BASALTIC-ANDESITE [15195]",28.48,55.01,6.67,24.66,4.48,1.21,3.54,0.49,2.84,0.58,1.63,0.23,1.52,0.23
31.875,141.2267,"BASALTIC-ANDESITE [2298]",1.24,4.23,0.8,4.54,1.63,0.63,2.31,0.41,2.94,0.63,1.9,0.28,2.03,0.38
-7.8,126.3,"BASALTIC-ANDESITE [15265]",32.88,67.71,6.96,28.47,5.73,1.31,5.76,0.79,4.8,0.96,2.92,0.41,2.57,0.41
54.07,159.6,"BASALTIC-ANDESITE [15280]",7.88,19.25,2.73,12.51,3.31,1.11,3.45,0.58,3.55,0.73,2.01,0.29,1.73,0.25
54.07,159.6,"BASALTIC-ANDESITE [15280]",9.46,22.76,3,13.48,3.46,1.18,3.6,0.58,3.61,0.73,1.91,0.28,1.83,0.28
54.07,159.6,"BASALTIC-ANDESITE [15280]",5.49,14.83,2.13,10.72,3.08,1.01,3.15,0.52,3.08,0.65,1.76,0.25,1.61,0.25
54.07,159.6,"BASALTIC-ANDESITE [15280]",9.24,22.92,3.16,14.64,3.83,1.33,4.24,0.7,4.5,1.02,2.88,0.43,2.86,0.41
54.07,159.6,"BASALTIC-ANDESITE [15280]",7.97,19.78,2.62,11.46,2.99,0.99,3.1,0.51,3.3,0.7,1.96,0.3,1.9,0.29
54.07,159.6,"BASALTIC-ANDESITE [15280]",9.02,21.69,2.87,13.05,3.18,1.08,3.57,0.58,3.7,0.78,2.21,0.33,2.09,0.31
54.07,159.6,"BASALTIC-ANDESITE [15280]",8.8,19.87,2.58,11.39,2.89,0.95,3.11,0.5,3.11,0.66,1.86,0.29,1.88,0.29
-6.3628,-47.3561,"BASALTIC-ANDESITE [15309]",10.7,24.58,3.02,12.84,3.15,1.02,4.4,0.59,3.75,0.74,2.16,0.3,1.91,0.28
53,127,"BASALTIC-ANDESITE [15324]",22.64,46.12,5.39,20.11,3.59,0.95,3.34,0.5,2.53,0.54,1.34,0.23,1.29,0.19
53,127,"BASALTIC-ANDESITE [15324]",43.22,86.15,7.83,27.14,5.19,1.38,4.48,0.67,3.36,0.74,2.16,0.31,1.88,0.28
7.778,134.755,"BASALTIC-ANDESITE [15303]",3.46,8.851,1.34,6.56,1.92,0.729,2.22,0.44,2.91,0.61,1.86,0.282,1.86,0.297
7.33,134.5,"BASALTIC-ANDESITE [15303]",2.74,6.91,1.13,6.08,2,0.757,2.59,0.52,3.43,0.71,2.19,0.335,2.18,0.341
7.5,134.45,"BASALTIC-ANDESITE [15303]",5.76,13.955,2.18,10,2.72,0.929,2.77,0.49,2.99,0.6,1.77,0.27,1.76,0.268
7.5,134.45,"BASALTIC-ANDESITE [15303]",4.75,11.595,1.78,8.49,2.34,0.888,2.76,0.52,3.32,0.68,2.08,0.322,2.12,0.328
7.5,134.45,"BASALTIC-ANDESITE [15303]",2.3,6.284,1.13,6.16,2.01,0.863,2.66,0.53,3.47,0.72,2.21,0.338,2.22,0.353
7.5,134.45,"BASALTIC-ANDESITE [15303]",2.58,6.99,1.33,7.36,2.4,1.02,3.25,0.65,4.22,0.85,2.55,0.404,2.7,0.428
7.5,134.45,"BASALTIC-ANDESITE [15303]",1.71,4.568,0.86,4.95,1.7,0.703,2.32,0.47,3.11,0.63,1.95,0.316,2.08,0.325
7.5,134.45,"BASALTIC-ANDESITE [15303]",1.62,4.198,0.83,4.9,1.72,0.711,2.5,0.46,2.99,0.61,1.86,0.297,2.03,0.322
7.5,134.45,"BASALTIC-ANDESITE [15303]",2.4,5.4,0.95,5.06,1.68,0.719,2.16,0.46,3.11,0.67,2.11,0.32,2.12,0.328
7.5,134.45,"BASALTIC-ANDESITE [15303]",3.09,8.38,1.49,8.02,2.58,1.04,3.38,0.65,4.18,0.87,2.61,0.412,2.73,0.426
7.33,134.5,"BASALTIC-ANDESITE [15303]",3.21,8.6,1.38,6.97,2.1,0.799,2.45,0.48,3.09,0.64,1.95,0.308,2.06,0.326
7.778,134.755,"BASALTIC-ANDESITE [15303]",14.8,30.2,4.1,16,3.74,1.22,3.92,0.67,4.01,0.84,2.53,0.39,2.55,0.393
7.5,134.45,"BASALTIC-ANDESITE [15303]",1.7,4.64,0.89,5.21,1.8,0.746,2.36,0.47,3.15,0.66,2.03,0.314,2.07,0.325
7.5,134.45,"BASALTIC-ANDESITE [15303]",1.91,5.491,0.97,5.36,1.78,0.757,2.34,0.47,3.04,0.62,1.89,0.306,2.05,0.311
19.493,-102.251,"BASALTIC-ANDESITE [15386]",18.618,38.932,5.114,20.958,4.521,1.387,4.574,0.712,3.977,0.785,2.27,0.329,2.228,0.336
19.493,-102.251,"BASALTIC-ANDESITE [15386]",18.46,37.898,4.947,20.167,4.321,1.274,4.125,0.662,3.541,0.681,1.992,0.289,1.882,0.289
19.493,-102.251,"BASALTIC-ANDESITE [15386]",19.272,39.703,5.163,21.06,4.458,1.337,4.491,0.697,3.806,0.728,2.194,0.297,1.982,0.313
19.493,-102.251,"BASALTIC-ANDESITE [15386]",18.019,37.149,4.905,19.955,4.255,1.247,4.128,0.648,3.596,0.67,1.995,0.28,1.848,0.283
19.493,-102.251,"BASALTIC-ANDESITE [15386]",17.696,36.317,4.721,19.165,4.045,1.205,3.89,0.604,3.38,0.651,1.884,0.266,1.728,0.268
57.3811,161.1795,"BASALTIC-ANDESITE [15404]",8.86,19.9,2.72,12,3.05,0.99,3.03,0.48,2.88,0.59,1.62,0.24,1.43,0.23
57.4434,161.2323,"BASALTIC-ANDESITE [15404]",7.13,15.9,2.26,10.4,2.77,0.91,2.97,0.48,3,0.61,1.65,0.25,1.53,0.24
57.3811,161.1795,"BASALTIC-ANDESITE [15404]",7.86,17.7,2.42,10.5,2.72,0.9,2.75,0.45,2.82,0.57,1.56,0.22,1.43,0.22
57.3663,161.1532,"BASALTIC-ANDESITE [15404]",7.47,16.9,2.32,10.1,2.66,0.9,2.78,0.47,2.91,0.6,1.63,0.24,1.48,0.23
57.3959,161.0434,"BASALTIC-ANDESITE [15404]",9.05,20,2.8,12.5,3.17,1.04,3.1,0.5,3.03,0.61,1.64,0.24,1.45,0.23
57.3751,161.201,"BASALTIC-ANDESITE [15404]",10.7,23.4,3.08,13.4,3.39,1.17,3.3,0.52,3.02,0.58,1.51,0.21,1.27,0.2
57.3758,161.1711,"BASALTIC-ANDESITE [15404]",9.32,20.7,2.89,12.6,3.16,1.08,3.14,0.5,3.01,0.59,1.58,0.23,1.41,0.22
57.982,161.129,"BASALTIC-ANDESITE [15438]",9.6,22.5,3.05,13,3.29,1.16,3.47,0.59,3.57,0.72,1.99,0.29,1.95,0.28
41,112,"BASALTIC-ANDESITE [15400]",53.04,121.2,16.31,68.71,14.32,2.57,11.51,1.64,9.03,1.73,4.54,0.65,3.9,0.58
41,112,"BASALTIC-ANDESITE [15400]",58.1,126,16.3,61.8,11.7,2.63,10.1,1.34,6.65,1.26,3.07,0.42,2.61,0.38
41,112,"BASALTIC-ANDESITE [15400]",53.7,126,16.4,66.4,13.3,2.63,10.5,1.39,6.97,1.27,3.25,0.43,2.58,0.38
41,112,"BASALTIC-ANDESITE [15400]",50.8,116,16.2,65.7,12.3,2.59,9.65,1.27,6.43,1.21,2.99,0.41,2.6,0.38
41,112,"BASALTIC-ANDESITE [15400]",52.6,113,14,53.8,9.69,2.4,6.94,0.9,4.72,0.84,2.18,0.3,1.86,0.28
44.17,-121.5,"BASALTIC-ANDESITE [15253]",9.3,20,2.7,12.4,3.4,1.22,3.5,0.58,3.6,0.72,1.9,0.27,1.65,0.26
44.25,-121.77,"BASALTIC-ANDESITE [15253]",10.8,24.3,3.4,16.1,4.4,1.61,4.5,0.74,4.5,0.9,2.4,0.34,2.05,0.32
44.25,-121.77,"BASALTIC-ANDESITE [15253]",14.4,30.3,3.9,17.6,4.6,1.58,4.7,0.75,4.6,0.93,2.5,0.36,2.17,0.34
44.2,-121.8,"BASALTIC-ANDESITE [15253]",21.4,45.1,5.7,25.3,6.1,1.97,5.9,0.94,5.5,1.12,3,0.42,2.59,0.4
-8.26242,125.50154,"BASALTIC-ANDESITE [15465]",6.060798296,12.26382057,1.571612451,6.356993797,1.650869477,0.525075869,1.888448252,0.317049201,2.013407916,0.448054328,1.28961095,0.193177832,1.252117896,0.189785138
-8.27583,125.50666,"BASALTIC-ANDESITE [15465]",6.860199414,14.17926422,1.752458847,6.992718667,1.760940897,0.572854296,1.997829684,0.335741912,2.136192131,0.474478406,1.368528619,0.207944462,1.34248143,0.204463978
-8.28393,125.54124,"BASALTIC-ANDESITE [15465]",5.719123157,11.79182847,1.536932718,6.263573307,1.654973218,0.547017868,1.927657894,0.326890305,2.070321401,0.463385741,1.337941231,0.201209388,1.304596082,0.196960351
14.7994,-61.14531,"BASALTIC-ANDESITE [15482]",8.473,18.53,2.486,10.98,2.737,0.936,3.021,0.498,3.094,0.663,1.942,0.298,2.122,0.345
14.80659,-61.17999,"BASALTIC-ANDESITE [15482]",9.661,22.31,2.915,12.64,3.172,1.026,3.373,0.546,3.469,0.73,2.171,0.337,2.266,0.374
14.81697,-61.17015,"BASALTIC-ANDESITE [15482]",8.815,19.47,2.505,10.78,2.717,0.879,2.814,0.462,2.931,0.617,1.808,0.282,1.972,0.326
-33,-71.5,"BASALTIC-ANDESITE [12984]",33.13,73.27,10.03,41.55,9.38,2.29,9.02,1.43,8,1.6,4.19,0.63,3.96,0.62
-24.1667,-67.1369,"BASALTIC-ANDESITE [12995]",46.4,91.8,11.8,44,8,2.3,6.2,0.8,4,0.7,1.6,0.2,1.4,0.2
-24.1417,-67.2622,"BASALTIC-ANDESITE [12995]",49.2,103.1,13.4,50.6,9,2.4,6.7,0.8,3.9,0.7,1.7,0.2,1.3,0.2
-24.1478,-67.1819,"BASALTIC-ANDESITE [12995]",54,93,11,42,7.3,1.6,5.2,0.6,3.2,0.6,1.4,0.2,1,0.2
-24.2258,-67.0622,"BASALTIC-ANDESITE [12995]",31.7,61.8,7.7,28.9,5.5,1.8,4.8,0.7,3.4,0.6,1.6,0.2,1.5,0.2
-24.2992,-66.9931,"BASALTIC-ANDESITE [12995]",40,76,9,35,6.8,1.8,5.4,0.8,4,0.7,1.8,0.2,1.4,0.2
28.45,33.93,"BASALTIC-ANDESITE [15495]",32.27374906,70.20562872,9.024506531,33.78,6.184,1.999307247,5.256583436,0.718475496,3.892393869,0.715126309,1.837151988,0.248544394,1.473690507,0.222183985
28.5,33.5,"BASALTIC-ANDESITE [15495]",22.75066892,53.13044233,7.380018636,32.27,7.451,2.448590028,7.854405413,1.170030326,6.803551777,1.346302871,3.498441422,0.483014425,2.867234796,0.445756583
28.5,33.5,"BASALTIC-ANDESITE [15495]",25.81733046,52.27060601,6.531738002,26.08,4.918,1.268160122,4.458874484,0.664394496,3.867074027,0.752152009,2.015308051,0.290856245,1.807851016,0.291301868
60.05,150.55,"BASALTIC-ANDESITE [15494]",20.13,55.79,6.57,29.47,6.34,1.87,6.9,0.9,5.32,1.05,3,0.39,2.71,0.39
60.275,150.7139,"BASALTIC-ANDESITE [15494]",15.12,32.15,4.11,18.57,4.53,1.58,4.41,0.7,4.08,0.84,2.28,0.32,2.06,0.33
63.3,153.75,"BASALTIC-ANDESITE [15494]",14.36,30.44,3.87,17.52,4.36,1.44,4.26,0.68,3.95,0.79,2.17,0.31,1.87,0.3
60.2858,150.5081,"BASALTIC-ANDESITE [15494]",43.77,89.99,10.91,46.95,10.31,2.69,8.54,1.2,6.46,1.22,3.05,0.42,2.58,0.39
60.2881,150.4919,"BASALTIC-ANDESITE [15494]",41.59,88.42,10.86,46.92,10.21,2.85,8.03,1.08,5.64,1.03,2.54,0.35,2.09,0.32
60.6508,151.3031,"BASALTIC-ANDESITE [15494]",36.7,83.22,10.23,43.75,8.49,2.19,8.74,1.09,5.87,1.09,2.96,0.39,2.62,0.38
59.85,140.4169,"BASALTIC-ANDESITE [15494]",19.83,31.42,4.73,18.79,3.3,0.97,3.82,0.42,2.53,0.47,1.43,0.17,1.31,0.17
27.455631,-112.618593,"BASALTIC-ANDESITE [22261]",9.3,23.1,3.03,13.3,2.9,0.97,2.7,0.4,2.4,0.5,1.4,0.2,1.3,0.21
-6.89,108.33,"BASALTIC-ANDESITE [15296]",15.82,31.13,3.86,15.59,3.56,1.16,3.93,0.6,3.73,0.76,2.04,0.31,2.05,0.31
-6.8,107.53,"BASALTIC-ANDESITE [15296]",23.5,45.6,5.06,19.9,4.01,1.19,3.88,0.539,3.13,0.624,1.63,0.248,1.65,0.26
-6.8,107.53,"BASALTIC-ANDESITE [15296]",13,27.7,3.5,14.7,3.4,1.03,3.6,0.562,3.43,0.726,1.99,0.305,2.02,0.307
-6.8,107.53,"BASALTIC-ANDESITE [15296]",14.1,28.7,3.59,15,3.24,1.15,3.35,0.515,3.1,0.646,1.75,0.273,1.83,0.281
-6.77,107.95,"BASALTIC-ANDESITE [15296]",21.3,44.6,5.34,21.4,4.17,1.2,3.92,0.571,3.46,0.666,1.85,0.286,1.93,0.3
-7.32,107.73,"BASALTIC-ANDESITE [15296]",7.66,17.6,2.42,10.8,2.79,0.912,3.05,0.514,3.34,0.687,1.86,0.303,1.98,0.304
21.757,136.626,"BASALTIC-ANDESITE [15489]",27.6,50.9,5.47,20.2,3.41,1.07,2.71,0.44,2.7,0.57,1.76,0.3,2.21,0.34
34.7,36.7,"BASALTIC-ANDESITE [12781]",14.3,29.1,3.59,14.8,3.7,1.34,4.1,0.7,3.6,0.6,1.7,0.23,1.4,0.19
31.875,141.2267,"BASALTIC-ANDESITE [2299]",0.7,3.8,0.33,1.74,0.56,0.28,0.8,0.15,0.99,0.2,0.58,0.1,0.61,0.08
14.6247,144.8994,"BASALTIC-ANDESITE [15516]",6.013758651,13.88346985,1.901804008,9.466163502,2.63625024,0.947049462,3.255048677,0.54794884,3.687832475,0.798591273,2.285360893,0.368783085,2.318546445,0.347529693
14.6246,144.899,"BASALTIC-ANDESITE [15516]",5.967392551,13.76535602,1.893136546,9.518429455,2.712449256,0.960408553,3.22269955,0.582961573,3.658822607,0.794326012,2.376900566,0.362218793,2.323300158,0.36310653
14.6244,144.899,"BASALTIC-ANDESITE [15516]",5.887150935,13.68699248,1.86877799,9.184296385,2.6738791,0.957426753,3.244582225,0.567130105,3.709743059,0.791097364,2.310727751,0.359281052,2.302180938,0.3596554
14.6243,144.8988,"BASALTIC-ANDESITE [15516]",5.925297623,14.04879905,1.879475965,9.58009089,2.749826691,0.944930076,3.232865213,0.588189359,3.632305338,0.766176898,2.31703821,0.362106238,2.277134315,0.356253517
14.6243,144.8988,"BASALTIC-ANDESITE [15516]",5.869778927,13.13106132,1.859955763,9.231453914,2.715593474,0.966983715,3.285815152,0.574305009,3.614008613,0.787779881,2.330758065,0.364320935,2.244528751,0.343458734
14.6236,144.898,"BASALTIC-ANDESITE [15516]",5.879490443,13.72860281,1.862252479,9.47971523,2.62702677,0.961352818,3.219977279,0.567871475,3.735823476,0.762264421,2.28502901,0.356631015,2.335380072,0.339337707
14.6234,144.8979,"BASALTIC-ANDESITE [15516]",5.937641621,13.21953095,1.851469179,9.316412965,2.552175767,0.944198356,3.217874192,0.571477293,3.547771044,0.767977084,2.240949074,0.346907746,2.250412259,0.345397232
14.6229,144.8971,"BASALTIC-ANDESITE [15516]",5.919628241,13.61320879,1.889773916,9.265410519,2.500680328,0.969764065,3.19530374,0.564472773,3.548579516,0.757880262,2.245514569,0.377960624,2.225409459,0.349999162
14.6224,144.8964,"BASALTIC-ANDESITE [15516]",5.936332654,14.1025788,1.858539341,9.412445208,2.756876599,0.993905658,3.223582597,0.57418012,3.573908981,0.764631217,2.375710456,0.369319529,2.306067191,0.348844138
14.6217,144.8957,"BASALTIC-ANDESITE [15516]",6.207615143,13.93962056,1.914633783,9.805863048,2.7349195,0.930798951,3.228283525,0.564831972,3.577607768,0.792694756,2.321821346,0.358679898,2.296572244,0.37038813
14.6214,144.8952,"BASALTIC-ANDESITE [15516]",6.375950426,14.52872405,1.98093812,9.76198033,2.877678444,0.983111631,3.484855164,0.597909301,3.905121556,0.815429643,2.376283775,0.376050704,2.305534629,0.374361147
0.52,-78.378,"BASALTIC-ANDESITE [15515]",25.8,46.6,5.4,20.4,3.8,1,3.2,0.45,2.7,0.54,1.48,0.22,1.44,0.22
0.52,-78.378,"BASALTIC-ANDESITE [15515]",66.7,116.4,12.2,45.3,7.3,2,5,0.64,3.6,0.65,1.73,0.25,1.68,0.25
30,91,"BASALTIC-ANDESITE [15302]",11.6,23.4,3.11,13.3,3.01,1.12,3.06,0.56,3.29,0.66,2.06,0.28,1.95,0.3
30,91,"BASALTIC-ANDESITE [15302]",28.1,59.3,7.21,31.91,6.81,1.4,5.09,0.77,4.5,0.88,2.65,0.36,2.48,0.38
30,91,"BASALTIC-ANDESITE [15302]",25.7,48.7,6.2,25.8,5.43,2.11,5.3,0.87,4.73,0.93,2.95,0.4,2.67,0.41
30,91,"BASALTIC-ANDESITE [15302]",23.7,46.3,5.98,24.8,5.31,1.8,5.05,0.85,4.52,0.88,2.7,0.36,2.43,0.37
30,91,"BASALTIC-ANDESITE [15302]",23.3,40,5.11,22.6,4.68,1.21,3.9,0.69,4.7,0.89,2.59,0.35,1.96,0.25
34,111,"BASALTIC-ANDESITE [13988]",62.96,139.1,16.41,64.46,11.88,2.76,9.57,1.58,8.24,1.59,4.88,0.67,4.34,0.65
34,111,"BASALTIC-ANDESITE [13988]",43.01,97.5,11.97,48.93,9.41,2.44,7.92,1.36,7.59,1.48,4.58,0.63,4.19,0.63
34,111,"BASALTIC-ANDESITE [13988]",30.57,71.72,9.06,34.78,7.18,1.99,7.04,1.23,7.03,1.4,4.4,0.63,4.16,0.62
34,111,"BASALTIC-ANDESITE [13988]",33.02,75.4,9.41,36.11,7.41,1.83,7.02,1.27,7.33,1.45,4.44,0.65,4.28,0.64
34,111,"BASALTIC-ANDESITE [13988]",56.5,124.1,14.65,57.02,10.44,2.45,8.32,1.43,7.96,1.58,4.87,0.68,4.46,0.67
34,111,"BASALTIC-ANDESITE [13988]",36.05,83.22,10.52,43.13,8.78,2.11,7.74,1.37,7.75,1.54,4.79,0.69,4.52,0.69
34,111,"BASALTIC-ANDESITE [13988]",38.65,86.72,10.83,40.87,8.25,2.57,7.9,1.35,7.83,1.59,4.79,0.7,4.48,0.66
34,111,"BASALTIC-ANDESITE [13988]",50.93,107.6,13.08,51.98,10.15,2.57,8.11,1.42,7.66,1.55,4.63,0.65,4.15,0.63
34,111,"BASALTIC-ANDESITE [13988]",47.92,101.8,12.44,45.96,8.78,2.25,7.68,1.35,7.44,1.48,4.43,0.62,4.06,0.6
34,111,"BASALTIC-ANDESITE [13988]",38.05,82.15,9.99,36.91,7.14,2.11,6.39,1.14,6.3,1.3,3.92,0.56,3.68,0.54
34,111,"BASALTIC-ANDESITE [13988]",60.41,126.7,15.2,57.79,10.69,2.66,8.51,1.48,8.14,1.62,5.01,0.71,4.81,0.72
34,111,"BASALTIC-ANDESITE [13988]",37.79,80.24,9.86,39.09,7.66,2.09,6.8,1.19,6.78,1.37,4.21,0.61,3.98,0.59
34,112,"BASALTIC-ANDESITE [13988]",34.94,72.63,8.96,38.77,6.59,1.68,5.52,0.95,4.89,1.05,2.9,0.44,2.82,0.4
34,112,"BASALTIC-ANDESITE [13988]",40.08,80.59,9.73,38.94,7.35,2,4.76,0.98,5.05,0.96,2.85,0.4,2.61,0.38
34,112,"BASALTIC-ANDESITE [13988]",31.94,66.37,8.01,31.14,5.78,1.85,5.29,0.81,4.39,0.84,2.67,0.36,2.29,0.36
34,112,"BASALTIC-ANDESITE [13988]",35.73,74.73,9.16,34.91,6.98,1.94,5.32,1.06,5.8,1.18,3.67,0.49,3.29,0.49
34,112,"BASALTIC-ANDESITE [13988]",45.05,95.12,11.41,43.72,8.45,2.01,6.75,1.27,6.51,1.31,3.9,0.55,3.54,0.54
34,112,"BASALTIC-ANDESITE [13988]",30.92,63.97,7.63,29.44,5.83,1.53,4.94,0.9,4.74,1.02,3.12,0.44,2.83,0.44
29.83,120.5,"BASALTIC-ANDESITE [13707]",10.4,22.5,3.08,14,3,1.17,2.68,0.42,2.37,0.46,1.26,0.2,1.26,0.2
29.83,120.5,"BASALTIC-ANDESITE [13707]",4.87,13,2.01,9.69,2.65,0.84,2.37,0.35,2.12,0.44,1.21,0.18,1.19,0.19
43,84,"BASALTIC-ANDESITE [13633]",6.26,12.2,1.62,7.28,1.77,0.58,2.29,0.35,2.21,0.47,1.34,0.21,1.45,0.25
44.2,81.5,"BASALTIC-ANDESITE [13633]",10.9,22.9,2.73,10.3,2.21,0.75,2.27,0.4,2.6,0.52,1.41,0.25,1.56,0.27
42,93,"BASALTIC-ANDESITE [13633]",15.2,37,4.95,20.3,4.26,1.35,3.78,0.57,3.18,0.62,1.67,0.24,1.6,0.24
42,93,"BASALTIC-ANDESITE [13633]",9.33,19.8,2.86,13.1,3.1,0.82,3.02,0.47,2.83,0.56,1.61,0.24,1.47,0.22
43,84,"BASALTIC-ANDESITE [13633]",16.65,37.34,4.08,19.21,3.81,1.37,4.45,0.56,2.98,0.63,1.59,0.24,1.59,0.27
43,84,"BASALTIC-ANDESITE [13633]",12.7,28.4,3.86,16.3,3.59,0.97,3.7,0.58,3.44,0.68,1.81,0.27,1.72,0.27
48,86,"BASALTIC-ANDESITE [13633]",2.27,4.83,0.67,3.17,0.89,0.14,1.61,0.23,1.56,0.36,1.07,0.19,1.24,0.21
48,86,"BASALTIC-ANDESITE [13633]",1.79,3.94,0.56,2.73,0.8,0.23,1.35,0.23,1.55,0.35,1.06,0.18,1.22,0.2
48,86,"BASALTIC-ANDESITE [13633]",10.7,21.3,2.88,13,2.51,0.69,2.26,0.32,1.79,0.37,1.09,0.18,1.25,0.21
48,86,"BASALTIC-ANDESITE [13633]",2.71,6.61,0.98,4.81,1.31,0.48,1.58,0.26,1.77,0.4,1.18,0.18,1.12,0.18
48,86,"BASALTIC-ANDESITE [13633]",1.4,2.94,0.56,2.448,1,0.47,1.55,0.29,1.95,0.42,1.29,0.19,1.29,0.21
46,90,"BASALTIC-ANDESITE [13567]",15.46,32.28,4.43,19.11,3.99,1.17,3.68,0.521,2.99,0.59,1.58,0.25,1.65,0.27
46,90,"BASALTIC-ANDESITE [13567]",13.77,28.66,3.98,17.37,3.67,1.06,3.39,0.48,2.68,0.53,1.37,0.21,1.37,0.21
46,90,"BASALTIC-ANDESITE [13567]",17.89,36.9,4.76,20.2,4.28,1.25,4.19,0.59,3.4,0.67,1.76,0.28,1.86,0.29
46,90,"BASALTIC-ANDESITE [13567]",36.6,76.9,9.96,41.9,8.53,2.67,8.25,1.3,7.28,1.54,4.15,0.66,4.19,0.64
37.75,111.42,"BASALTIC-ANDESITE [11916]",27.2,55.5,7.58,31.9,6.68,2.14,5.7,0.88,5.01,1.03,3.11,0.44,2.87,0.42
37.75,111.42,"BASALTIC-ANDESITE [11916]",81.8,173,20.3,80,13.6,2.72,11,1.57,8.91,1.82,4.91,0.73,4.52,0.68
37.75,111.42,"BASALTIC-ANDESITE [11916]",77.8,154,19.4,75.7,13.5,2.62,11.3,1.59,8.64,1.69,5.08,0.7,4.42,0.64
37.75,111.42,"BASALTIC-ANDESITE [11916]",47.2,92.7,11.8,46.9,8.72,2.49,7.8,1.14,6.58,1.34,4.04,0.57,3.69,0.53
45.33,131,"BASALTIC-ANDESITE [13120]",21.76,46.03,5.74,24.64,5.31,1.81,5,0.74,4.43,0.91,2.51,0.35,2.4,0.35
46.4442,131.8583,"BASALTIC-ANDESITE [13120]",23.36,49.71,6.14,26.01,5.52,1.88,5.24,0.78,4.63,0.94,2.62,0.36,2.44,0.36
45.33,131,"BASALTIC-ANDESITE [13120]",20.7,43.99,5.52,23.19,4.59,1.37,4.04,0.58,3.24,0.65,1.73,0.24,1.65,0.24
29.65,91.4,"BASALTIC-ANDESITE [12415]",10.61,23.26,3.22,15.61,4.09,1.36,4.89,0.83,5.18,1.08,2.98,0.49,2.91,0.46
29.65,91.4,"BASALTIC-ANDESITE [12415]",23.26,47.38,6.07,26.12,5.87,2,5.94,1.07,7.01,1.47,4.21,0.68,4.52,0.67
29.65,91.4,"BASALTIC-ANDESITE [12415]",11.89,26.74,3.54,16.15,4.06,1.18,4.48,0.74,4.5,0.97,2.67,0.4,2.54,0.41
29.65,91.4,"BASALTIC-ANDESITE [12415]",12.95,28.08,3.95,17.86,4.37,1.17,4.52,0.82,4.99,1,2.74,0.42,2.71,0.39
18.0627,145.7167,"BASALTIC-ANDESITE [15566]",8.07,17.6,2.61,12,3.41,1.02,3.97,0.69,4.34,0.92,2.59,0.38,2.46,0.39
18.081,145.7322,"BASALTIC-ANDESITE [15566]",8.05,17.6,2.62,12,3.39,1.05,4.05,0.69,4.38,0.93,2.59,0.38,2.48,0.39
18.0703,145.7198,"BASALTIC-ANDESITE [15566]",7.56,16.4,2.46,11.2,3.2,1.03,3.75,0.65,4.06,0.88,2.45,0.36,2.34,0.37
18.0511,145.7191,"BASALTIC-ANDESITE [15566]",9.1,20,2.98,13.8,3.85,1.19,4.54,0.78,4.96,1.05,2.95,0.44,2.8,0.45
18.0617,145.7173,"BASALTIC-ANDESITE [15566]",7.47,16.1,2.38,11.1,3.15,0.99,3.69,0.63,4.05,0.85,2.42,0.36,2.29,0.37
-31.48,-70.47,"BASALTIC-ANDESITE [15544]",18.7,43.7,6.23,27.5,5.73,1.45,4.64,0.68,3.64,0.68,1.83,0.23,1.81,0.28
-31.48,-70.47,"BASALTIC-ANDESITE [15544]",10.9,24.5,3.38,15,3.4,1.25,3.67,0.61,3.54,0.71,2.1,0.26,1.91,0.29
-25.76,-177.15,"BASALTIC-ANDESITE [15597]",1.86,5.1,0.71,5.27,1.79,0.91,2.48,0.37,3.07,0.62,2.09,0.37,2.52,0.35
-25.76,-177.15,"BASALTIC-ANDESITE [15597]",2.08,5.27,0.65,5.96,1.55,0.88,2.61,0.51,2.78,0.53,2,0.34,2.05,0.32
-25.76,-177.15,"BASALTIC-ANDESITE [15597]",1.76,5.14,0.73,5.14,1.51,0.78,2.18,0.43,3.2,0.6,1.97,0.31,2.19,0.3
-25.76,-177.15,"BASALTIC-ANDESITE [15597]",2.08,4.33,0.61,4.55,1.65,0.72,1.56,0.4,3.08,0.57,1.74,0.28,2.17,0.23
-26.79,-177.11,"BASALTIC-ANDESITE [15597]",2.54,7.71,0.95,8.25,2.46,1.18,3.4,0.64,4,0.87,3.24,0.5,3.57,0.41
-41.182958,-71.978157,"BASALTIC-ANDESITE [11773]",32,75,8.7,43.87,9.94,1.85,7.8,1.66,8.4,1.8,5.1,0.6,4.8,0.7
-41.172869,-71.815408,"BASALTIC-ANDESITE [11773]",34,73,8.15,44.32,10.4,2.12,8.46,1.7,9.81,2.2,5.63,0.7,5.31,0.804
-41.188105,-71.832037,"BASALTIC-ANDESITE [11773]",11.3,25,3,14.4,3.3,0.97,2.8,0.55,3.7,0.88,2.1,0.3,1.88,0.31
-41.262607,-71.829013,"BASALTIC-ANDESITE [11773]",12.1,26.2,2.53,12.5,2.78,0.803,2.5,0.503,3.25,0.719,1.85,0.249,1.7,0.278
-41.222856,-71.933,"BASALTIC-ANDESITE [11773]",17.1,40.9,4.65,14.4,1.71,0.385,1.39,0.393,2.76,0.7,1.81,0.232,1.7,0.261
-41.244953,-71.963768,"BASALTIC-ANDESITE [11773]",38,81,8.6,26,3.2,0.58,2.6,0.63,4.4,1.09,3.1,0.43,3,0.41
-9,159.6,"BASALTIC-ANDESITE [15582]",4.32071395,9.870567532,1.380676623,6.856,1.450918044,0.553132251,1.502046036,0.267878788,1.683337306,0.334348697,1.039658328,0.163960396,1.029103943,0.175
-9,159.6,"BASALTIC-ANDESITE [15582]",5.165241898,12.2769321,1.755562329,9.136,2.004839958,0.7387471,1.851150895,0.276632997,1.735399285,0.342965932,1.082977425,0.145742574,0.984898447,0.175
-9,159.6,"BASALTIC-ANDESITE [15582]",5.800908095,13.50247837,1.929289851,9.646,2.031642631,0.77587007,1.904859335,0.276632997,1.709368296,0.360200401,1.074313606,0.173069307,1.011421744,0.175
-9,159.6,"BASALTIC-ANDESITE [15582]",9.614905276,20.6947353,2.788783907,12.946,2.791051706,1.119257541,2.737340153,0.416700337,2.655160906,0.523927856,1.559487492,0.236831683,1.409271207,0.230263158
-9,159.6,"BASALTIC-ANDESITE [15582]",9.73295757,20.01487022,2.807071015,13.526,2.782117482,0.980046404,2.844757033,0.434208754,2.646483909,0.558396794,1.59414277,0.236831683,1.506523297,0.239473684
-9,159.6,"BASALTIC-ANDESITE [15582]",5.437670268,12.77788532,1.810423651,9.146,2.201392895,0.812993039,2.298721228,0.381683502,2.516328963,0.541162325,1.620134228,0.245940594,1.639139785,0.276315789
-9,159.6,"BASALTIC-ANDESITE [15582]",5.610208235,13.27883854,1.85614142,9.136,2.112050651,0.812993039,2.182352941,0.355420875,2.082479142,0.429138277,1.230262355,0.20039604,1.312019116,0.202631579
-9,159.6,"BASALTIC-ANDESITE [15582]",8.052982621,19.29922276,2.733922585,13.756,3.398578966,1.147099768,3.829411765,0.626801347,4.112896305,0.868617234,2.503843807,0.400792079,2.611660693,0.414473684
-9,159.6,"BASALTIC-ANDESITE [15582]",6.08241741,14.83537176,2.304175556,12.116,3.237762926,1.091415313,3.560869565,0.609292929,3.843909416,0.816913828,2.451860891,0.364356436,2.346427718,0.396052632
-9,159.6,"BASALTIC-ANDESITE [15582]",5.156160952,12.03540109,1.746418775,8.936,2.040576855,0.785150812,2.209207161,0.399191919,2.603098927,0.53254509,1.44685784,0.236831683,1.568410992,0.239473684
-9,159.6,"BASALTIC-ANDESITE [15582]",4.683951777,10.31784719,1.682413898,8.636,2.076313753,0.803712297,2.262915601,0.337912458,2.212634088,0.463607214,1.368883466,0.20950495,1.37390681,0.221052632
7.01506,-76.3044,"BASALTIC-ANDESITE [15581]",12.02,26.13,3.51,14.09,3.64,1.24,4.3,0.62,4.11,0.77,2.47,0.33,2.3,0.33
5.4137,-75.4751,"BASALTIC-ANDESITE [15581]",16.29,36.45,4.73,20.24,4.51,1.51,3.99,0.54,2.86,0.58,1.6,0.22,1.43,0.22
7.0151,-76.3044,"BASALTIC-ANDESITE [15581]",12.02,26.13,3.51,14.09,3.64,1.24,4.3,0.62,4.11,0.77,2.47,0.33,2.3,0.33
5.4137,-75.4751,"BASALTIC-ANDESITE [15581]",18.61,40.1,5.01,20.71,4.42,1.42,3.63,0.43,2.41,0.45,1.25,0.21,1.35,0.21
5.4137,-75.4751,"BASALTIC-ANDESITE [15581]",16.29,36.45,4.73,20.24,4.51,1.51,3.99,0.54,2.86,0.58,1.6,0.22,1.43,0.22
-34.08,-70.35,"BASALTIC-ANDESITE [15579]",16.4,35.1,4.4,18.9,4,1.2,3.5,0.5,2.7,0.5,1.4,0.2,1.2,0.2
18,-76.8,"BASALTIC-ANDESITE [15615]",17.91,33.03,4.28,17.84,4.4,1.51,4.32,0.66,3.89,0.66,1.72,0.25,1.47,0.22
18,-76.8,"BASALTIC-ANDESITE [15615]",11.76,22.79,3.08,13.54,3.79,1.18,3.72,0.6,3.58,0.63,1.66,0.26,1.5,0.21
18,-76.8,"BASALTIC-ANDESITE [15615]",13.54,26.73,3.65,15.82,4.32,1.52,4.43,0.71,4.13,0.71,1.9,0.27,1.6,0.23
18,-76.8,"BASALTIC-ANDESITE [15615]",24.11,55.72,7.74,30.59,6.21,1.73,5.02,0.7,3.82,0.66,1.8,0.27,1.66,0.25
-15,46,"BASALTIC-ANDESITE [1834]",12.7,27.1,3.6,15.6,4.14,1.4,4,0.68,4.17,0.94,2.28,0.35,2.25,0.33
-15,46,"BASALTIC-ANDESITE [1834]",8.5,18.8,2.6,11.8,3.35,1.19,3.33,0.55,3.39,0.77,1.93,0.26,1.79,0.28
-15,46,"BASALTIC-ANDESITE [1834] / BASALT [7897]",12.6,28.8,4.1,19.3,5.07,1.77,4.89,0.86,5.25,1.17,2.76,0.4,2.68,0.4
-15,46,"BASALTIC-ANDESITE [1834] / BASALT [7897]",12.2,27.9,4,19.1,4.99,1.83,5,0.83,5.12,1.16,2.69,0.39,2.72,0.39
-15.72,46.32,"BASALTIC-ANDESITE [1834]",30,69.5,9.4,43.8,10.61,3.45,8.97,1.39,7.65,1.47,3.33,0.47,2.77,0.43
42.2196,26.4525,"BASALTIC-ANDESITE [13759]",13.32133333,25.52033333,3.184,14.24533333,3.717,0.842,3.401,0.554666667,3.314,0.632,1.788666667,0.309333333,1.958666667,0.288333333
42.236,26.2935,"BASALTIC-ANDESITE [13759]",16.80533333,32.42733333,4.000666667,17.56733333,4.343,1.130666667,3.708333333,0.629333333,3.202333333,0.58,1.397333333,0.259666667,1.722666667,0.261333333
36.610525,27.130429,"BASALTIC-ANDESITE [21534] / NOT GIVEN [20249]",12.97441817,28.37682248,3.553794463,14.81356669,3.089462716,0.964266951,2.899974166,0.428025439,2.537744803,0.503883476,1.454309486,0.211799812,1.375090496,0.198126678
36.596549,27.181018,"BASALTIC-ANDESITE [21534] / NOT GIVEN [20249]",10.08584144,21.22639601,2.675519449,11.31887487,2.591476511,0.84960048,2.730484165,0.409863636,2.594092319,0.513265028,1.495643444,0.229591659,1.462024161,0.220671463
36.590843,27.140715,"BASALTIC-ANDESITE [21534] / NOT GIVEN [20249]",19.75327563,38.97801877,4.558897868,17.91615938,3.631623076,1.10373758,3.534732643,0.542834429,3.496577043,0.716718393,2.113645904,0.326024194,2.129903938,0.326658079
36.601394,27.159149,"BASALTIC-ANDESITE [22204] / NOT GIVEN [20249]",11.89698065,26.17574252,3.376059871,14.09061785,2.923857067,0.938212189,2.728218606,0.393846331,2.3678107,0.473996708,1.33910501,0.200502124,1.220539682,0.190381891
36.593483,27.203594,"BASALTIC-ANDESITE [22204] / NOT GIVEN [20249]",15.07480522,29.56933647,3.498628142,13.94075374,2.969058368,0.932637181,3.151157425,0.51962698,3.254805879,0.676362436,2.009767602,0.299778204,1.98535049,0.304484364
36.347338,25.39515,"NOT GIVEN [20249]",15.69674863,32.46336548,3.954263354,16.21163376,3.900190857,1.069442996,4.441109696,0.747320942,4.831143615,1.029489324,3.134853354,0.480493766,3.199897873,0.477303787
36.432501,25.419803,"NOT GIVEN [20249]",15.15894233,34.47918105,4.609251745,20.05929899,5.238266609,1.381558044,6.17168443,1.054479938,6.874126762,1.466512794,4.487314382,0.698935953,4.490367009,0.668594137
36.363137,25.393555,"NOT GIVEN [20249]",12.13958634,26.10683672,3.370328783,14.84034374,3.758267292,1.259419305,4.365719356,0.721908016,4.744548183,0.985861148,2.939801154,0.442731316,2.814412354,0.418220073
31.1278,-7.3461,"BASALTIC-ANDESITE [23135]",15.3,33.28,4.12,17.53,4.21,1.36,4.58,0.81,4.23,0.84,2.41,0.29,2.14,0.28
45,22.5,"BASALTIC-ANDESITE [11836]",31.61,61.04,8.4,32.37,6.39,1.96,5.49,0.83,4.74,0.99,2.84,0.42,2.67,0.42
45,22.5,"BASALTIC-ANDESITE [11836]",22.83,41.51,5.62,22.46,4.53,1.44,4.16,0.61,0.74,0.73,1.91,0.26,1.71,0.25
45,22.5,"BASALTIC-ANDESITE [11836]",40.65,82.59,10.33,41.52,7.46,2.02,5.58,0.77,3.88,0.73,2.03,0.27,1.79,0.27
45,22.5,"BASALTIC-ANDESITE [11836]",27.37,51.43,6.44,25.99,5.1,1.63,4.32,0.65,3.68,0.75,2.01,0.28,1.65,0.24
45,22.5,"BASALTIC-ANDESITE [11836]",30.52,48.75,6.65,24.8,5.36,1.45,4.71,0.65,3.63,0.76,2.24,0.35,2.36,0.35
45,22.5,"BASALTIC-ANDESITE [11836]",43.08,78.94,10.32,37.09,7.48,1.98,5.33,0.71,3.25,0.64,1.77,0.28,1.86,0.27
45,22.5,"BASALTIC-ANDESITE [11836]",27.6,49.8,6.63,23.93,5.03,1.48,4.47,0.67,3.95,0.8,2.24,0.32,2.05,0.28
45,22.5,"BASALTIC-ANDESITE [11836]",85.8,163.6,19.57,72.55,12.49,3.35,8.27,1.13,5.31,0.95,2.17,0.31,2.16,0.34
45.5,84,"BASALTIC-ANDESITE [15653]",7.73,27.3,3.55,48.9,11.4,1.41,5.21,0.91,5.28,1.12,2.93,0.44,2.72,0.4
45.5,84,"BASALTIC-ANDESITE [15653]",7.87,18.8,3.66,18.2,4.61,1.61,5.33,0.95,5.42,1.16,3,0.45,2.82,0.4
48.55,-56.65,"BASALTIC-ANDESITE [11274]",7.59,18.48,2.6,12.37,3.84,1.18,4.94,0.77,5.05,1.04,3.11,0.59,3.79,0.6
48.55,-56.65,"BASALTIC-ANDESITE [11274]",5.67,15.03,2.1,10.17,3.29,1.31,3.79,0.52,3.9,0.84,2.28,0.3,2.22,0.3
48.55,-56.65,"BASALTIC-ANDESITE [11274]",9.07,21.11,2.82,12.13,3.13,0.9,3.26,0.33,2.19,0.48,1.23,0.19,1.44,0.17
48.2836,-65.8669,"BASALTIC-ANDESITE [12868]",17.2,39.3,5.53,24.19,5.33,1.74,5.48,0.84,5.19,1.01,3.14,0.43,2.88,0.39
12.109,-86.32,"BASALTIC-ANDESITE [4224] / NOT GIVEN [14081]",5.11,12.28,2.02,8.97,2.58,0.92,2.91,0.47,3.04,0.64,1.9,0.29,1.88,0.29
30,114.5,"BASALTIC-ANDESITE [15737]",51.8,95.8,10.7,38.8,6.69,1.81,4.59,0.89,4.45,0.94,2.52,0.332,2.2,0.312
30,114.5,"BASALTIC-ANDESITE [15737]",38,71.9,7.87,32.5,5.86,1.71,5.93,0.94,5.11,0.95,2.67,0.4,2.54,0.333
19.3,109,"BASALTIC-ANDESITE [15739]",13,26,3.2,13,3.7,1.6,4.1,0.66,3.6,0.61,1.5,0.21,1.2,0.18
19.3,109,"BASALTIC-ANDESITE [15739]",6,11,1.5,7,2.4,1.3,2.9,0.48,2.8,0.5,1.3,0.18,1.1,0.17
19.3,109,"BASALTIC-ANDESITE [15739]",12,25,3.3,14,4.1,1.6,4.4,0.72,4,0.69,1.7,0.23,1.4,0.21
19.3,109,"BASALTIC-ANDESITE [15739]",6,12,1.8,8,2.6,1.2,3,0.49,2.7,0.48,1.2,0.17,1,0.14
19.3,109,"BASALTIC-ANDESITE [15739]",6,13,1.8,8,2.5,1,2.8,0.45,2.6,0.5,1.3,0.17,1,0.15
-20.55,-175.42,"BASALTIC-ANDESITE [3371]",1.09,3.5,0.541,3.08,1.13,0.472,1.6,0.281,2,0.451,1.4,0.207,1.52,0.241
-20.53,-175.42,"BASALTIC-ANDESITE [3371]",1.77,4.88,0.853,4.21,1.42,0.538,2.01,0.34,2.37,0.526,1.6,0.232,1.62,0.256
-31.43,-178.9,"BASALTIC-ANDESITE [3371]",3.36,9.01,1.45,7.51,2.45,0.894,2.95,0.503,3.32,0.722,2.08,0.317,2.08,0.315
-20.53,-175.42,"BASALTIC-ANDESITE [3371]",1.67,6.02,0.893,4.53,1.61,0.582,2.41,0.412,2.94,0.657,2.04,0.295,2.08,0.326
38.1731,34.0931,"BASALTIC-ANDESITE [15814]",16.92,35.38,4.35,18.62,4.11,1.12,4.17,0.71,4.25,0.93,2.49,0.38,2.49,0.38
38.6,35.2739,"BASALTIC-ANDESITE [15814]",24.85,49.31,5.43,20.26,4.26,1.24,4.26,0.67,3.78,0.84,2.21,0.31,2.31,0.3
38.4056,35.4642,"BASALTIC-ANDESITE [15814]",25.54,48.65,5.13,17.98,3.68,1.08,3.38,0.56,3.29,0.72,2.01,0.29,1.87,0.29
43.45,83.15,"BASALTIC-ANDESITE [23533] / BASALT [23927]",8.2,18.4,2.8,13.41,3.279,1,2.9,0.5,3.1,0.6,1.7,0.3,1.8,0.3
-44.705,-69.615,"BASALTIC-ANDESITE [12410]",9.5,19.4,2.6,12,3.4,1.39,3.7,0.62,3.7,0.69,1.71,0.25,1.44,0.19
-45.02,-69.9433,"BASALTIC-ANDESITE [12410]",7,15.3,2.2,11,3.6,1.35,4.2,0.67,3.8,0.69,1.87,0.26,1.33,0.19
-45.12,-69.3167,"BASALTIC-ANDESITE [12410]",10.5,20,2.9,13.8,4,1.45,4.2,0.69,3.9,0.75,1.72,0.23,1.35,0.18
42.5245,128.0564,"BASALTIC-ANDESITE [23683]",10.4,22.4,2.95,12.8,3.6,1.41,4.1,0.6,3.6,0.7,1.8,0.24,1.4,0.22
30.8395,132.6975,"BASALTIC-ANDESITE, 2-PYROXENE [15954]",11.78403587,25.7414446,3.545426931,16.34368184,4.147627378,1.284243617,4.70815002,0.759989412,4.889362726,1.027820367,3.096537891,0.446909997,2.970064064,0.454710582
30.8395,132.6975,"BASALTIC-ANDESITE, 2-PYROXENE [15954]",13.79790605,26.79413718,3.837981892,17.55930289,4.368936226,1.390162516,5.06464924,0.814933055,5.332350159,1.139498428,3.455151688,0.509927021,3.412243514,0.535591616
30.8395,132.6975,"BASALTIC-ANDESITE, 2-PYROXENE [15954]",12.96524998,28.31244004,3.857403659,17.9727226,4.649352749,1.379184776,5.142331469,0.831744351,5.437845596,1.14029868,3.386490736,0.49298969,3.213805859,0.492717485
30.8395,132.6975,"BASALTIC-ANDESITE, 2-PYROXENE [15954]",11.78555865,25.45977607,3.51813418,16.41098784,4.029975191,1.332295544,4.729289269,0.758596414,4.967097548,1.049935596,3.140911628,0.454742717,2.962781478,0.454086024
30.8395,132.6975,"BASALTIC-ANDESITE, 2-PYROXENE [15954]",10.73622856,25.37558228,3.309951828,15.23237302,3.932912428,1.26657874,4.471743917,0.717518595,4.650714186,0.986915589,2.949804301,0.425039816,2.839721246,0.426758613
30.8395,132.6975,"BASALTIC-ANDESITE, 2-PYROXENE [15954]",12.19865741,26.69923798,3.701370478,17.13220352,4.344294597,1.361384405,4.85777206,0.795145248,5.22909787,1.102821387,3.294414182,0.474493563,3.142125463,0.475425413
30.8395,132.6975,"BASALTIC-ANDESITE, 2-PYROXENE [15954]",14.54182736,28.15158259,4.153852859,19.01028103,4.74945937,1.514777144,5.501299465,0.894458542,5.79802558,1.23899117,3.734048877,0.543320355,3.596054999,0.545739618
30.8395,132.6975,"BASALTIC-ANDESITE, 2-PYROXENE [15954]",53.46894127,61.47938778,11.3359556,50.21521393,11.13718856,3.080688726,13.79558743,2.189454178,15.20721409,3.525784952,11.22745873,1.697408362,11.41316623,1.858056058
30.8395,132.6975,"BASALTIC-ANDESITE, 2-PYROXENE [15954]",11.02380714,26.67592593,3.463757947,16.03937377,4.1316098,1.302025666,4.61954818,0.771864167,4.868988506,1.019542126,3.040931945,0.445751471,2.914252203,0.442722599
30.8395,132.6975,"BASALTIC-ANDESITE, 2-PYROXENE [15954]",13.31122776,27.30970835,3.872727828,17.8175726,4.46610012,1.394282428,5.20605522,0.831848072,5.525795196,1.183478666,3.50855682,0.520118038,3.420366549,0.528278851
30.8395,132.6975,"BASALTIC-ANDESITE, 2-PYROXENE [15954]",22.74563356,49.34112055,6.641959317,29.15403126,6.938851042,1.936330106,7.511533782,1.216264666,8.021206562,1.679245732,5.013682475,0.742062586,4.979664202,0.770739268
30.8395,132.6975,"BASALTIC-ANDESITE, 2-PYROXENE [15954]",12.16053377,27.19664542,3.711892312,17.12535557,4.289092838,1.360506577,4.959081919,0.800092956,5.265277369,1.095026295,3.245711027,0.478025116,3.154299585,0.489907042
30.8395,132.6975,"BASALTIC-ANDESITE, 2-PYROXENE [15954]",22.63802428,32.85892379,5.671744286,25.77547256,6.198705901,1.886039092,7.375358939,1.194590414,7.986972395,1.750049535,5.248082312,0.782377338,5.177182661,0.804303171
28.1058,134.6978,"BASALTIC-ANDESITE, CLINOPYROXENE [15954]",19.17067282,41.40635024,5.798854785,25.62841044,6.189141971,1.493491977,6.735716111,1.073827154,6.846127691,1.446875945,4.371484444,0.657264747,4.41508314,0.689585505
28.1058,134.6978,"BASALTIC-ANDESITE, CLINOPYROXENE [15954]",5.68203001,11.75969968,1.864314573,9.337320068,2.614159081,0.917579639,3.241023379,0.536666737,3.527422877,0.758288237,2.291276503,0.330321197,2.1624254,0.335558295
28.1058,134.6978,"BASALTIC-ANDESITE, CLINOPYROXENE [15954]",5.17721459,11.54640831,1.766414113,8.915443467,2.569886767,0.923692778,3.166270025,0.51837529,3.33850937,0.710447006,2.105724799,0.303953798,2.027865011,0.309519682
28.1058,134.6978,"BASALTIC-ANDESITE, CLINOPYROXENE [15954]",9.833468295,22.31137171,3.255123913,14.78054131,3.66448166,1.198723525,4.117638011,0.655537468,4.197480695,0.880990184,2.652579647,0.389456928,2.584385434,0.398283969
28.1058,134.6978,"BASALTIC-ANDESITE, CLINOPYROXENE [15954]",5.676779761,13.17168187,1.979555804,9.648416488,2.700074123,0.969372643,3.125963312,0.517293445,3.377558791,0.700671334,2.140423655,0.305410592,2.053000113,0.313947912
28.1058,134.6978,"BASALTIC-ANDESITE, CLINOPYROXENE [15954]",15.3715723,33.81143477,4.648763044,20.1644346,4.756352549,1.338372235,5.129492597,0.798348684,5.224430393,1.088995434,3.309866276,0.500152662,3.310627656,0.513580797
36.4089,-116.9528,"BASALTIC-ANDESITE [2841]",38.74,80.26,9.43,36.23,6.86,1.8,6.3,0.914,5.02,1.04,2.8,0.396,2.51,0.38
36.4081,-116.7819,"BASALTIC-ANDESITE [2841]",48.69,100.3,11.69,43.7,7.8,1.91,7.16,0.892,4.92,0.936,2.62,0.362,2.09,0.318
48.72127,-121.84745,"BASALTIC-ANDESITE [15956]",14.81,33.05,4.53,19.14,4.11,1.33,3.55,0.54,3.11,0.61,1.62,0.23,1.38,0.21
48.72235,-121.84595,"BASALTIC-ANDESITE [15956]",16.11,36.45,4.97,21.13,4.48,1.46,4,0.6,3.45,0.68,1.8,0.25,1.53,0.24
48.72113,-121.84852,"BASALTIC-ANDESITE [15956]",17.06,38.23,5.24,21.94,4.75,1.52,4.22,0.63,3.64,0.71,1.85,0.26,1.62,0.25
48.71485,-121.84753,"BASALTIC-ANDESITE [15956]",12.81,29.24,4,16.84,3.76,1.23,3.6,0.58,3.47,0.71,1.89,0.27,1.68,0.26
48.71592,-121.84698,"BASALTIC-ANDESITE [15956]",12.67,28.61,3.96,16.77,3.74,1.21,3.65,0.57,3.47,0.7,1.89,0.27,1.65,0.26
48.71692,-121.84915,"BASALTIC-ANDESITE [15956]",12.4,28.34,3.86,16.24,3.62,1.22,3.46,0.56,3.34,0.66,1.81,0.26,1.64,0.25
48.71902,-121.84545,"BASALTIC-ANDESITE [15956]",12.34,27.43,3.82,16.15,3.62,1.17,3.44,0.55,3.33,0.68,1.79,0.26,1.59,0.25
48.63265,-121.71987,"BASALTIC-ANDESITE [15956]",13.26,30.42,4.12,17.73,4.39,1.53,4.78,0.81,5,1.05,2.89,0.43,2.62,0.42
14.47,-90.88,"BASALTIC-ANDESITE [15938]",8.8,19.3,2.86,13.1,3.26,1.01,3.41,0.518,3.2,0.64,1.84,0.259,1.81,0.265
14.47,-90.88,"BASALTIC-ANDESITE [15938]",4.6,11.3,1.89,9.9,2.77,1.17,3.37,0.463,2.85,0.537,1.48,0.209,1.24,0.181
43.0775,-122.158,"BASALTIC-ANDESITE [4450] / CALC-ALKALI BASALT [20728]",9.93,24.62,3.37,13.39,3.55,1.24,3.63,0.62,3.6,0.75,2.07,0.326,1.85,0.305
43.022,-122.1928,"BASALTIC-ANDESITE [4450] / CALC-ALKALI BASALT [20728]",27.48,57.36,7.08,27.63,4.81,1.43,3.69,0.51,2.83,0.51,1.51,0.218,1.27,0.185
43.0145,-122.1695,"BASALTIC-ANDESITE [4450] / CALC-ALKALI BASALT [20728]",13.81,32.1,3.91,17.02,3.51,1.09,3.22,0.48,2.89,0.54,1.59,0.218,1.42,0.212
42.99896,-122.1626,"BASALTIC-ANDESITE [4450] / CALC-ALKALI BASALT [20728]",23.12,50.28,6.5,25.08,4.47,1.35,3.51,0.52,2.75,0.51,1.45,0.219,1.25,0.212
38,26,"BASALTIC-ANDESITE [13622]",30.8,55.1,6.37,23.1,3.7,1.16,3.69,0.67,3.4,0.64,1.98,0.31,1.68,0.3
38,26,"BASALTIC-ANDESITE [13622]",28.3,53.9,5.96,23.6,4.2,0.99,3.31,0.62,3.56,0.63,1.91,0.27,1.88,0.23
38,26,"BASALTIC-ANDESITE [13622]",29.7,57.6,6.68,26.2,4.42,1.03,3.39,0.62,3.22,0.63,1.77,0.28,1.69,0.27
39.69,35.51,"BASALTIC-ANDESITE [13540]",28.7,58.4,6.14,23.6,4.6,1.16,3.67,0.67,3.4,0.7,1.56,0.27,2.09,0.25
39.69,35.51,"BASALTIC-ANDESITE [13540]",29.4,57.7,5.85,23.2,4.4,1.24,3.67,0.65,3.56,0.68,1.68,0.31,1.93,0.25
39.69,35.51,"BASALTIC-ANDESITE [13540]",28.7,55.8,5.82,22.1,4.2,1.19,3.59,0.63,3.67,0.54,1.57,0.23,2.07,0.3
39.69,35.51,"BASALTIC-ANDESITE [13540]",21.1,40.2,4.61,19.9,3.9,1.18,4.4,0.67,3.87,0.82,2.11,0.31,2.03,0.3
39.69,35.51,"BASALTIC-ANDESITE [13540]",30.8,56.4,5.97,22.3,4.3,1.13,4.33,0.6,3.74,0.74,2.1,0.35,2.23,0.39
53.2,158.8,"BASALTIC-ANDESITE [16005]",5.7,13.4,1.93,9.2,2.5,0.9,2.99,0.5,3.29,0.7,2.09,0.3,1.9,0.36
53.2,158.8,"BASALTIC-ANDESITE [16005]",5.4,13.5,2.01,10.1,2.9,0.9,3.21,0.57,3.63,0.76,2.26,0.35,2.3,0.36
53.2,158.8,"BASALTIC-ANDESITE [16005]",5.2,13.3,2.05,9.7,2.7,0.91,3.15,0.55,3.42,0.76,2.25,0.32,2.1,0.35
53.2,158.8,"BASALTIC-ANDESITE [16005]",5.1,12.9,1.99,9.8,2.6,0.85,3.13,0.54,3.63,0.74,2.16,0.34,2.1,0.32
53.2,158.8,"BASALTIC-ANDESITE [16005]",5.2,13.4,2.05,10.1,2.8,0.91,3.21,0.56,3.83,0.78,2.24,0.33,2.1,0.34
53.2,158.8,"BASALTIC-ANDESITE [16005]",5.4,13.6,2.14,10.4,2.7,0.85,3.2,0.59,3.71,0.79,2.32,0.34,2.1,0.37
53.2,158.8,"BASALTIC-ANDESITE [16005]",5.3,13.2,2.05,9.9,2.8,0.9,3.03,0.55,3.62,0.79,2.1,0.36,2.1,0.34
38,34.1,"BASALTIC-ANDESITE [14297]",31,59,26,7.39,4.9,1.36,4.24,0.82,3.92,0.77,1.94,0.3,2.2,0.33
48.331,154.521,"BASALTIC-ANDESITE [15978]",10.1,23.6,3.1,14.2,3.33,1,3.95,0.54,3.24,0.66,1.84,0.25,1.68,0.25
47.95032,154.33443,"BASALTIC-ANDESITE [15978]",11.7,29.5,3.87,18.38,4.38,1.16,4.44,0.65,3.99,0.81,2.28,0.33,2.19,0.35
45.801,151.05,"BASALTIC-ANDESITE [15978]",4.53,13.2,1.66,8.55,2.57,0.88,3.75,0.57,3.91,0.85,2.55,0.38,2.62,0.4
47.495,154.181,"BASALTIC-ANDESITE [15978]",11.3,25.5,3.28,14.8,3.24,0.99,3.78,0.48,2.86,0.59,1.76,0.25,1.73,0.27
47.7115,154.3868,"BASALTIC-ANDESITE [15978]",3.03,9.49,1.28,5.95,1.979,0.8,3.38,0.55,3.86,0.85,2.53,0.36,2.48,0.37
45.5,151,"BASALTIC-ANDESITE [15978]",7.11,20.2,2.95,15.4,4.37,1.5,5.63,0.85,5.58,1.17,3.37,0.47,3.14,0.48
46.0357,151.91935,"BASALTIC-ANDESITE [15978]",12.5,28,3.72,17.1,3.98,1.2,4.49,0.61,3.72,0.76,2.23,0.32,2.2,0.34
45.7668,151.05,"BASALTIC-ANDESITE [15978]",9.11,20.7,2.52,11.2,2.66,0.83,3.65,0.46,2.91,0.61,1.85,0.28,1.95,0.3
45.7668,151.05,"BASALTIC-ANDESITE [15978]",12.9,29.4,3.59,15.8,3.49,1.05,4.81,0.59,3.59,0.74,2.26,0.33,2.36,0.37
14.5398,-90.8452,"BASALTIC-ANDESITE [16047]",10.1,22.3,3.28,14.5,3.4,1.05,3.37,0.51,2.97,0.58,1.59,0.24,1.56,0.24
14.5335,-90.9022,"BASALTIC-ANDESITE [16047]",12.7,28.5,4.25,18.8,4.59,1.27,4.61,0.71,4.19,0.85,2.3,0.34,2.27,0.35
14.5235,-90.9307,"BASALTIC-ANDESITE [16047]",13.2,29.7,4.03,16.8,3.72,1.15,3.54,0.55,3.2,0.63,1.72,0.25,1.64,0.24
14.7528,-91.5242,"BASALTIC-ANDESITE [16047]",10.1,22.8,3.38,15.3,3.67,1.09,3.74,0.59,3.61,0.73,2.05,0.31,2.08,0.32
14.7546,-91.5239,"BASALTIC-ANDESITE [16047]",9.01,21.2,3.08,13.7,3.33,1.03,3.39,0.54,3.35,0.67,1.89,0.28,1.92,0.3
14.6501,-91.2248,"BASALTIC-ANDESITE [16047]",13.5,28.9,3.92,16.5,3.74,0.97,3.73,0.58,3.44,0.7,1.95,0.29,1.98,0.3
14.654,-91.2976,"BASALTIC-ANDESITE [16047]",9.96,22.1,3.2,13.8,3.27,0.99,3.24,0.52,3.13,0.64,1.77,0.26,1.73,0.26
14.483,-90.883,"BASALTIC-ANDESITE [16047]",8.33,19,2.91,13.7,3.53,1.17,3.73,0.6,3.7,0.75,2.07,0.31,2.05,0.31
14.483,-90.883,"BASALTIC-ANDESITE [16047]",7.91,18.1,2.77,13.2,3.37,1.13,3.56,0.58,3.54,0.72,1.97,0.29,1.95,0.29
14.8245,-89.5639,"BASALTIC-ANDESITE [16047]",24.3,43.9,6.92,29.5,6.9,2.1,7.34,1.14,6.8,1.37,3.69,0.54,3.6,0.53
14.7447,-89.5461,"BASALTIC-ANDESITE [16047]",25.1,54.8,7.6,32,6.91,2.01,6.58,1.01,5.87,1.15,3.11,0.45,2.97,0.44
13.615,-88.5556,"BASALTIC-ANDESITE [16047]",13.5,31.2,4.89,23,5.98,1.62,6.25,1.01,6.17,1.26,3.47,0.52,3.44,0.52
13.62,-88.56,"BASALTIC-ANDESITE [16047]",13.9,32.5,5,23.2,5.98,1.62,6.25,0.98,5.99,1.22,3.42,0.5,3.33,0.5
13.8451,-89.6291,"BASALTIC-ANDESITE [16047]",14,31.5,4.59,20.3,4.93,1.31,5.05,0.82,5.01,1.03,2.86,0.42,2.88,0.44
13.8399,-89.3609,"BASALTIC-ANDESITE [16047]",14.1,33.9,5.28,25,6.63,1.78,7.33,1.24,7.81,1.63,4.54,0.68,4.57,0.68
13.5538,-88.4314,"BASALTIC-ANDESITE [16047]",11.4,27,4.2,19.8,5.2,1.57,5.56,0.88,5.34,1.1,3.03,0.45,3,0.45
13.8184,-89.6312,"BASALTIC-ANDESITE [16047]",7.94,17.1,2.54,11.2,2.95,1,3.15,0.51,3.16,0.65,1.8,0.27,1.83,0.28
13.8168,-89.6276,"BASALTIC-ANDESITE [16047]",7.42,16.5,2.41,11.1,2.86,1.05,3.14,0.53,3.28,0.68,1.91,0.28,1.94,0.3
13.8045,-89.3296,"BASALTIC-ANDESITE [16047]",16.4,38.7,6,28.3,7.48,1.86,8.16,1.35,8.45,1.76,4.91,0.74,4.95,0.74
13.8045,-89.3296,"BASALTIC-ANDESITE [16047]",16.5,38.9,6,28.3,7.5,1.85,8.15,1.35,8.44,1.76,4.91,0.74,4.95,0.75
13.8572,-89.2287,"BASALTIC-ANDESITE [16047]",20.4,41,6.02,25.7,5.59,1.59,5.73,0.86,5.13,1.07,2.99,0.44,2.91,0.46
14.2422,-89.4706,"BASALTIC-ANDESITE [16047]",16.4,37.5,5.34,23.4,5.23,1.58,5.22,0.81,4.77,0.96,2.65,0.39,2.61,0.39
14.2422,-89.4706,"BASALTIC-ANDESITE [16047]",16.8,38.1,5.38,23.1,5.23,1.56,5.2,0.79,4.66,0.93,2.57,0.38,2.55,0.38
13.2724,-87.6561,"BASALTIC-ANDESITE [16047]",7.84,17.3,2.63,12.3,3.25,1.09,3.49,0.55,3.43,0.71,1.98,0.3,1.99,0.3
13.9551,-87.2091,"BASALTIC-ANDESITE [16047]",20.9,44.7,6.14,26.1,5.55,1.54,5.09,0.74,4.29,0.84,2.26,0.33,2.14,0.33
12.8671,-87.5551,"BASALTIC-ANDESITE [16047]",11,19.1,3.54,16.7,4.25,1.24,4.89,0.78,4.89,1.04,2.9,0.43,2.85,0.44
13.0336,-87.5918,"BASALTIC-ANDESITE [16047]",9.34,21.8,3.52,17,4.65,1.33,5.17,0.86,5.49,1.15,3.21,0.49,3.29,0.5
12.5334,-86.6774,"BASALTIC-ANDESITE [16047]",8.3,19.4,2.97,14.5,4.15,1.42,4.85,0.82,5.16,1.08,2.87,0.45,2.99,0.45
12.6072,-86.7329,"BASALTIC-ANDESITE [16047]",6.93,15.7,2.59,12.9,3.7,1.48,4.23,0.7,4.44,0.92,2.47,0.39,2.6,0.4
12.5145,-86.6806,"BASALTIC-ANDESITE [16047]",9.19,20.9,3.27,15.4,4.18,1.33,4.74,0.78,4.88,1.02,2.74,0.42,2.84,0.44
12.4402,-86.6716,"BASALTIC-ANDESITE [16047]",9.83,22.5,3.47,16.4,4.6,1.47,5.28,0.88,5.59,1.16,3.17,0.5,3.34,0.51
12.4005,-86.6643,"BASALTIC-ANDESITE [16047]",10.2,23.3,3.58,17,4.71,1.49,5.37,0.89,5.71,1.19,3.24,0.5,3.4,0.52
12.3727,-86.65,"BASALTIC-ANDESITE [16047]",7.91,18,2.8,13.4,3.8,1.25,4.38,0.74,4.72,0.99,2.69,0.42,2.82,0.43
12.4278,-86.5808,"BASALTIC-ANDESITE [16047]",5.57,12.5,2,9.7,2.79,1.01,3.21,0.53,3.41,0.72,1.92,0.3,2.04,0.31
12.4565,-86.556,"BASALTIC-ANDESITE [16047]",6.7,15.2,2.41,11.5,3.24,1.01,3.52,0.6,3.8,0.79,2.28,0.33,2.26,0.34
44.4412,-121.9598,"BASALTIC-ANDESITE [15780]",17.69,42.02,5.454,23.83,5.045,1.486183074,4.530797101,0.7494,4.078,0.8244,2.304,0.315,2.116,0.3114
44.4145,-121.9576,"BASALTIC-ANDESITE [15780]",18,43.03,5.611,24.53,5.18,1.500863558,4.644927536,0.7501,4.185,0.834,2.356,0.3248,2.16,0.3165
44.3669,-121.9863,"BASALTIC-ANDESITE [15780]",20.41,48.05,6.143,26.09,5.251,1.532815199,4.569746377,0.7257,3.974,0.8021,2.265,0.3056,2.118,0.3076
44.4307,-121.9608,"BASALTIC-ANDESITE [15780]",18.46,43.13,5.514,23.57,4.797,1.433506045,4.214673913,0.6786,3.663,0.7515,2.079,0.282,1.896,0.2805
44.3254,-121.9918,"BASALTIC-ANDESITE [15780]",13.83,31.65,4.143,18.06,4.369,1.232484076,4.522,0.7451,4.239,0.9054,2.452,0.3434,2.281,0.3363
44.2556,-121.8184,"BASALTIC-ANDESITE [15780]",17.77,40.77,5.272,22.51,4.996,1.378184713,5.071,0.7851,4.326,0.8781,2.465,0.3356,2.263,0.3342
44.2946,-121.7851,"BASALTIC-ANDESITE [15780]",17.91,41.2,5.359,22.82,5.13,1.412420382,5.14,0.8076,4.437,0.9074,2.536,0.3526,2.364,0.3471
44.2937,-121.7827,"BASALTIC-ANDESITE [15780]",18.32,42.74,5.56,23.61,5.225,1.453821656,5.254,0.8335,4.618,0.937,2.636,0.3614,2.433,0.3644
44.2398,-121.8437,"BASALTIC-ANDESITE [15780]",15.79,36.26,4.75,20.48,4.849,1.361464968,5.091,0.8337,4.82,0.998,2.872,0.4051,2.715,0.4062
44.2928,-121.7709,"BASALTIC-ANDESITE [15780]",10.4,22.66,2.87,12.15,2.829,0.855095541,2.841,0.4547,2.568,0.5504,1.474,0.2148,1.445,0.2163
44.2905,-121.7639,"BASALTIC-ANDESITE [15780]",10.67,23.68,3.006,12.55,2.875,0.88455414,2.941,0.4674,2.601,0.5478,1.541,0.2178,1.476,0.22
44.0233,-121.7766,"BASALTIC-ANDESITE [15780]",15.61,34.44,4.389,18.38,4.232,1.254950495,4.579,0.7074,4.063,0.8464,2.406,0.3302,2.309,0.3405
41.4775,-122.2995,"BASALTIC-ANDESITE [4684] / NOT GIVEN [8496]",3.78,9,1.34,5.9,1.98,0.69,2,0.36,2.2,0.47,1.5,0.22,1.36,0.2
41.479,-122.1895,"BASALTIC-ANDESITE [4684] / ANDESITE [28817]",11.9,25.9,3.52,15.3,3.27,0.98,3.06,0.47,2.72,0.56,1.59,0.24,1.51,0.23
41.544,-122.279,"BASALTIC-ANDESITE [4684]",3.57,8.05,1.22,5.41,1.69,0.64,2.13,0.37,2.37,0.54,1.49,0.24,1.59,0.25
43,82,"BASALTIC-ANDESITE [16187]",10,22.3,3.22,14.2,3.52,1.05,3.9,0.77,4.63,0.94,2.69,0.4,2.63,0.42
43,82,"BASALTIC-ANDESITE [16187]",12.2,27.1,3.72,16.9,3.99,1.18,4.44,0.8,4.69,0.96,2.78,0.41,2.67,0.42
43,82,"BASALTIC-ANDESITE [16187]",13.1,28.5,3.77,17,3.89,0.85,4.15,0.71,4.21,0.87,2.47,0.36,2.44,0.41
43,82,"BASALTIC-ANDESITE [16187]",11.8,25.2,3.51,15.7,3.76,1.05,4.03,0.75,4.37,0.91,2.64,0.39,2.58,0.4
43,82,"BASALTIC-ANDESITE [16187]",10.8,24.2,3.29,14.5,3.27,0.98,3.63,0.66,3.95,0.83,2.33,0.36,2.3,0.36
43,82,"BASALTIC-ANDESITE [16187]",16.9,36,5,20.7,4.54,1.18,4.11,0.63,3.99,0.83,2.18,0.33,2.19,0.32
43,82,"BASALTIC-ANDESITE [16187]",13.2,32,4.51,19.4,4.41,1.03,3.81,0.63,3.77,0.75,2.07,0.32,2.05,0.33
-19.7165,-175.09498,"BASALTIC-ANDESITE [16155]",2.02,5.92,0.98,5.26,1.8,0.75,2.3,0.4,2.99,0.67,1.97,0.29,2.1,0.33
-19.7165,-175.09498,"BASALTIC-ANDESITE [16155]",3.73,9.57,1.38,6.53,1.92,0.66,2.27,0.38,2.67,0.58,1.68,0.25,1.78,0.27
-19.71195,-175.06548,"BASALTIC-ANDESITE [16155]",1.45,4.33,0.74,3.95,1.34,0.53,1.72,0.3,2.24,0.49,1.47,0.22,1.56,0.23
-19.72597,-175.06497,"BASALTIC-ANDESITE [16155]",1.56,5.43,0.78,3.98,1.37,0.51,1.45,0.25,1.73,0.39,1.13,0.16,1.23,0.18
-19.71232,-175.05968,"BASALTIC-ANDESITE [16155]",2.08,5.93,1.02,5.22,1.74,0.64,2.2,0.38,2.8,0.59,1.78,0.28,1.98,0.28
-19.7165,-175.09498,"BASALTIC-ANDESITE [16155]",3.08,8.41,1.21,5.92,2.16,0.65,2.42,0.43,2.97,0.64,1.92,0.27,2.17,0.31
-19.7165,-175.09498,"BASALTIC-ANDESITE [16155]",5.66,13.42,1.72,7.65,2.25,0.63,2.4,0.4,2.61,0.59,1.68,0.25,1.87,0.28
-19.7165,-175.09498,"BASALTIC-ANDESITE [16155]",1.68,4.87,0.79,4.25,1.44,0.54,1.82,0.32,2.28,0.5,1.53,0.22,1.57,0.24
-19.7165,-175.09498,"BASALTIC-ANDESITE [16155]",2.03,5.99,0.99,5.37,1.8,0.68,2.21,0.39,2.82,0.62,1.82,0.28,1.99,0.29
-19.7165,-175.09498,"BASALTIC-ANDESITE [16155]",2.02,6.04,1.02,5.27,6.04,0.67,2.13,0.37,2.61,0.57,1.72,0.26,1.78,0.27
-19.7165,-175.09498,"BASALTIC-ANDESITE [16155]",1.97,5.87,1,5.24,1.77,0.67,2.12,0.37,2.67,0.59,1.71,0.25,1.82,0.28
-19.72612,-175.06313,"BASALTIC-ANDESITE [16155]",2.07,5.95,0.97,5.24,1.69,0.66,2.08,0.37,2.58,0.58,1.68,0.25,1.87,0.27
-19.72612,-175.06313,"BASALTIC-ANDESITE [16155]",1.99,5.99,1.02,5.48,1.89,0.7,2.3,0.4,2.84,0.63,1.9,0.28,2.04,0.29
-19.72693,-175.05608,"BASALTIC-ANDESITE [16155]",2.17,6.07,1.04,5.77,1.94,0.7,2.49,0.45,3.04,0.68,2.05,0.3,2.22,0.22
-19.73033,-175.04988,"BASALTIC-ANDESITE [16155]",2.2,6.08,1.02,5.59,1.93,0.71,2.42,0.42,3.04,0.68,1.97,0.29,2.17,0.32
-19.74558,-175.04052,"BASALTIC-ANDESITE [16155]",2.24,6.31,1.07,5.71,1.85,0.71,2.28,0.41,2.97,0.66,2.01,0.3,2.11,0.31
-19.74558,-175.04052,"BASALTIC-ANDESITE [16155]",2.18,5.32,0.91,4.62,1.59,0.68,2,0.36,2.58,0.57,1.93,0.29,1.8,0.31
-19.74558,-175.04052,"BASALTIC-ANDESITE [16155]",2.17,5.84,1,5.32,1.82,0.66,2.32,0.4,2.83,0.65,1.91,0.28,2.03,0.3
-19.74558,-175.04052,"BASALTIC-ANDESITE [16155]",2.21,5.9,1.02,5.43,1.85,0.68,2.29,0.4,2.99,0.67,1.93,0.29,2.07,0.31
-19.72458,-175.0689,"BASALTIC-ANDESITE [16155]",1.08,3.41,0.55,2.85,0.96,0.4,1.09,0.2,1.45,0.31,0.9,0.13,1.01,0.14
-19.72458,-175.0689,"BASALTIC-ANDESITE [16155]",1.92,5.82,0.93,2.16,1.59,0.63,1.86,0.32,2.34,0.49,1.49,0.22,1.6,0.24
-19.7165,-175.09498,"BASALTIC-ANDESITE [16155]",2.49,6.98,1.17,5.99,2.02,0.73,2.45,0.43,3.14,0.7,1.98,0.3,2.16,0.33
-19.72612,-175.06313,"BASALTIC-ANDESITE [16155]",1.41,4.4,0.73,3.89,1.35,0.55,1.64,0.29,2.11,0.46,1.33,0.2,1.46,0.22
-19.72802,-175.07053,"BASALTIC-ANDESITE [16155]",2.51,6.74,1.09,5.72,1.8,0.65,2.36,0.41,2.91,0.66,1.88,0.28,2.03,0.3
-19.72802,-175.07053,"BASALTIC-ANDESITE [16155]",2.13,6.42,1.06,5.41,1.78,0.65,2.13,0.38,2.45,0.56,1.63,0.25,1.75,0.25
-19.72802,-175.07053,"BASALTIC-ANDESITE [16155]",6.86,16.09,2.29,9.2,2.44,0.65,2.6,0.43,2.94,0.65,1.78,0.26,1.88,0.28
-19.72443,-175.06758,"BASALTIC-ANDESITE [16155]",2.34,6.8,1.15,5.97,1.88,0.74,2.23,0.39,2.78,0.63,1.78,0.26,1.9,0.27
-19.72443,-175.06758,"BASALTIC-ANDESITE [16155]",0.8,2.66,0.42,4.8,0.75,0.31,0.83,0.15,1.11,0.24,0.72,0.11,0.79,0.11
-19.71195,-175.06548,"BASALTIC-ANDESITE [16155]",2.2,5.64,1,5.43,1.79,0.72,2.51,0.43,3.03,0.67,2.01,0.28,2.13,0.31
-19.71195,-175.06548,"BASALTIC-ANDESITE [16155]",1.95,5.62,0.97,5.16,1.82,0.67,2.27,0.4,2.85,0.63,1.82,0.28,1.96,0.3
-19.71195,-175.06548,"BASALTIC-ANDESITE [16155]",1.54,4.65,0.78,4.12,1.44,0.55,1.75,0.32,2.24,0.5,1.44,0.21,1.52,0.23
-19.7165,-175.09498,"BASALTIC-ANDESITE [16155]",1.93,5.74,0.95,5.14,1.77,0.67,2.18,0.38,2.66,0.59,1.79,0.26,1.34,0.28
-19.72417,-175.09065,"BASALTIC-ANDESITE [16155]",1.49,4.08,0.71,3.75,1.27,0.51,1.54,0.28,1.93,0.42,1.26,0.18,1.34,0.2
-19.72802,-175.07053,"BASALTIC-ANDESITE [16155]",5.05,14.3,3.09,8.71,2.52,0.74,2.69,0.49,3.2,0.75,2.17,0.32,2.39,0.3
-19.7263,-175.06603,"BASALTIC-ANDESITE [16155]",2.15,6.44,1.04,5.15,1.66,0.69,2.01,0.36,2.07,0.58,1.71,0.25,1.91,0.28
-19.73702,-175.08723,"BASALTIC-ANDESITE [16155]",1.84,6.85,0.9,4.57,1.49,0.58,1.75,0.3,2.14,0.45,1.36,0.2,1.51,0.21
-19.73808,-175.065,"BASALTIC-ANDESITE [16155]",2.85,7.43,1.02,4.82,1.52,0.49,1.79,0.31,2.31,0.5,1.52,0.23,1.66,0.24
-19.72378,-175.0681,"BASALTIC-ANDESITE [16155]",2.2,6.32,1.05,5.6,1.79,0.68,2.25,0.39,2.78,0.64,1.8,0.27,1.99,0.3
-19.72658,-175.07593,"BASALTIC-ANDESITE [16155]",2.02,5.63,0.96,5.17,1.68,0.64,2.09,0.38,2.69,0.59,1.8,0.25,1.92,0.29
-19.72658,-175.07593,"BASALTIC-ANDESITE [16155]",1.45,4.33,0.74,3.95,1.34,0.53,1.72,0.3,2.24,2.46,1.62,0.24,1.76,0.24
-19.75,-175.08,"BASALTIC-ANDESITE [16155]",2.21,6.01,1.04,5.75,1.85,0.68,2.71,0.42,3.32,0.71,2.19,0.33,2.28,0.37
-19.75,-175.08,"BASALTIC-ANDESITE [16155]",2.34,6.17,1.05,5.78,1.93,0.72,2.69,0.44,3.36,0.73,2.27,0.32,2.37,0.37
-19.75,-175.08,"BASALTIC-ANDESITE [16155]",2.38,6.15,1.08,6.08,2,0.73,2.79,0.45,3.37,0.74,2.32,0.36,2.21,0.38
-19.75,-175.08,"BASALTIC-ANDESITE [16155]",1.61,4.55,0.79,4.38,1.53,0.56,2.24,0.35,2.71,0.55,2.01,0.28,1.71,0.28
-19.75,-175.08,"BASALTIC-ANDESITE [16155]",1.4,3.82,0.63,3.41,1.12,0.43,1.86,0.29,2.21,0.47,1.35,0.2,1.57,0.21
-19.75,-175.08,"BASALTIC-ANDESITE [16155]",1.4,3.83,0.64,3.68,1.29,0.45,1.77,0.27,2.14,0.47,1.39,0.21,1.49,0.21
-19.75,-175.08,"BASALTIC-ANDESITE [16155]",1.34,3.54,0.59,3.28,1.13,0.41,1.85,0.29,2.03,0.43,1.35,0.21,1.38,0.22
-19.75,-175.08,"BASALTIC-ANDESITE [16155]",1.52,4.02,0.71,3.94,1.4,0.5,1.93,0.31,2.34,0.5,1.56,0.23,1.61,0.27
-19.75,-175.08,"BASALTIC-ANDESITE [16155]",1.28,3.42,0.59,3.52,1.22,0.44,1.93,0.26,2.06,0.44,1.46,0.21,1.28,0.23
-19.75,-175.08,"BASALTIC-ANDESITE [16155]",1.61,4.28,0.75,4.32,1.37,0.57,1.91,0.33,2.47,0.52,1.5,0.23,1.55,0.28
-19.75,-175.08,"BASALTIC-ANDESITE [16155]",2.09,5.68,0.99,5.24,1.84,0.66,2.62,0.4,3.07,0.67,1.95,0.31,2.05,0.3
-19.75,-175.08,"BASALTIC-ANDESITE [16155]",1.87,5.07,0.87,4.89,1.69,0.61,2.41,0.4,2.97,0.62,1.99,0.29,1.92,0.3
-19.75,-175.08,"BASALTIC-ANDESITE [16155]",2.29,6.13,1.08,5.85,2.11,0.71,2.93,0.47,3.52,0.78,2.32,0.36,2.34,0.37
-19.05,-175.02,"BASALTIC-ANDESITE [16155]",1.72,4.79,0.86,4.4,1.53,0.59,1.87,0.34,2.36,0.54,1.56,0.24,1.67,0.25
-19.05,-175.02,"BASALTIC-ANDESITE [16155]",2.54,7.43,1.27,6.47,2.01,0.83,2.16,0.38,2.52,0.54,1.5,0.24,1.68,0.24
29.92,91.08,"BASALTIC-ANDESITE [16206]",20.8,38.1,5.16,21.2,4.65,1.22,4.21,0.72,4.24,0.86,2.39,0.37,2.34,0.36
29.92,91.08,"BASALTIC-ANDESITE [16206]",50.6,84.8,11,41.1,7.64,2.12,7.09,0.92,4.43,0.83,2.23,0.31,1.99,0.3
29.92,91.08,"BASALTIC-ANDESITE [16206]",31.6,63.5,7.86,31.7,6.4,1.5,6.02,0.92,5.04,1.04,2.92,0.43,2.73,0.42
29.92,91.08,"BASALTIC-ANDESITE [16206]",20.3,42,4.93,19.9,4.07,1.15,3.96,0.6,3.26,0.67,1.87,0.26,1.7,0.26
29.92,91.08,"BASALTIC-ANDESITE [16206]",32.3,63.6,7.14,27.5,5.07,1.41,4.72,0.64,3.24,0.65,1.82,0.26,1.67,0.25
29.92,91.08,"BASALTIC-ANDESITE [16206]",12.2,28.1,3.58,15.7,3.62,1,3.72,0.62,3.68,0.8,2.33,0.35,2.36,0.38
29.92,91.08,"BASALTIC-ANDESITE [16206]",29.9,58.8,6.62,25.5,4.73,1.23,4.34,0.58,2.92,0.58,1.62,0.23,1.52,0.23
29.92,91.08,"BASALTIC-ANDESITE [16206]",22.2,44.6,5.05,19.6,3.85,1.15,3.56,0.53,2.87,0.59,1.67,0.24,1.57,0.24
29.92,91.08,"BASALTIC-ANDESITE [16206]",18.1,40.7,5.35,23.8,5.49,1.66,5.47,0.88,4.95,1.03,2.85,0.4,2.61,0.39
29.92,91.08,"BASALTIC-ANDESITE [16206]",9.85,22.3,3.03,13.6,3.16,1.05,3.05,0.52,3.07,0.67,1.88,0.27,1.82,0.28
29.92,91.08,"BASALTIC-ANDESITE [16206]",46.8,93.5,10.3,41.3,8.22,2.19,7.22,1.04,5.35,1.01,2.72,0.38,2.37,0.36
29.92,91.08,"BASALTIC-ANDESITE [16206]",42.8,97.8,11.5,46.7,10.3,2.24,9.04,1.42,7.78,1.52,4.16,0.59,3.7,0.52
30,85,"BASALTIC-ANDESITE [16206]",20,39.4,4.35,17.5,4.02,1.01,4.1,0.7,4.26,0.91,2.63,0.39,2.59,0.4
29,92,"BASALTIC-ANDESITE [16206]",37.6,90.1,10.9,46.8,9.65,2.32,9.34,1.44,8.09,1.62,4.58,0.67,4.23,0.66
36.58,27.22,"BASALTIC-ANDESITE [16264]",12.79,26.14,3.74,16.1,3.28,1.102,3.28,0.462,2.99,0.56335,1.564,0.2034,1.39,0.202
36.58,27.22,"BASALTIC-ANDESITE [16264]",15.41,29.38,3.98,17.39,3.56,1.013,3.32,0.509,3.06,0.5833,1.697,0.2124,1.38,0.242
36.58,27.22,"BASALTIC-ANDESITE [16264]",12.68,24.59,3.41,14.63,3.11,1.027,2.76,0.388,2.74,0.50445,1.502,0.1818,1.274,0.207
36.58,27.22,"BASALTIC-ANDESITE [16264]",15.53,29.88,4.2,18.19,3.77,1.205,3.48,0.493,2.97,0.5757,1.711,0.2349,1.5,0.264
36.58,27.22,"BASALTIC-ANDESITE [16264]",12.11,23.23,3.41,15.11,3.36,1.201,3.42,0.511,2.8,0.51775,1.667,0.1962,1.53,0.232
36.58,27.22,"BASALTIC-ANDESITE [16264]",14.29,28.44,4.02,17.4,3.99,1.142,3.38,0.456,3.03,0.5947,1.595,0.2214,1.49,0.258
36.58,27.22,"BASALTIC-ANDESITE [16264]",15.26,29.83,4.32,18.16,4.01,1.245,3.54,0.509,3.26,0.61085,1.629,0.2187,1.63,0.266
36.58,27.22,"BASALTIC-ANDESITE [16264]",14.16,27.73,3.95,16.34,3.59,1.15,3.3,0.48,2.75,0.55575,1.519,0.1917,1.45,0.211
-47,-71.5,"BASALTIC-ANDESITE [16232]",23.8,51.3,6.9,29.2,6.2,1.7,5.2,0.7,4,0.8,2.3,0.3,2,0.3
-47,-71.5,"BASALTIC-ANDESITE [16232]",33.9,69.3,8.7,35.5,6.7,2,5.3,0.7,4.2,0.8,2.4,0.3,2.1,0.3
49.42,20.4,"BASALTIC-ANDESITE [16237]",31,51,6.6,26,5,1.4,4.5,0.8,4.3,0.9,2.3,0.4,2.2,0.3
49.42,20.4,"BASALTIC-ANDESITE [16237]",20,37,4.7,17,3.6,1.1,3.5,0.6,3.3,0.6,1.7,0.3,1.5,0.2
49.42,20.4,"BASALTIC-ANDESITE [16237]",20,37,4.7,18,3.7,1.1,3.5,0.6,3,0.6,1.7,0.3,1.6,0.2
49.42,20.4,"BASALTIC-ANDESITE [16237]",33,54,7.9,30,5.7,1.6,5.3,0.8,4.1,0.8,2.2,0.3,1.9,0.3
42.07,139.9,"BASALTIC-ANDESITE [16193]",22.46,49.48,6.18,24.22,4.92,1.42,4.72,0.73,4.23,0.88,2.5,0.38,2.27,0.34
42.07,139.9,"BASALTIC-ANDESITE [16193]",22.04,49.07,6.15,24.46,5.04,1.45,4.64,0.71,4.27,0.88,2.4,0.35,2.21,0.34
42.07,139.9,"BASALTIC-ANDESITE [16193]",21.41,47.18,5.98,23.86,4.91,1.39,4.53,0.71,4.09,0.83,2.31,0.34,2.16,0.33
42.07,139.9,"BASALTIC-ANDESITE [16193]",23.18,50.71,6.24,24.74,5.11,1.53,4.89,0.75,4.45,0.88,2.51,0.37,2.32,0.35
37.2172,-119.1569,"BASALTIC-ANDESITE [7949]",25,54,6.6,27,5.4,1.6,4.4,0.6,2.9,0.5,1.4,0.2,1.1,0.2
41.1,95.5,"BASALTIC-ANDESITE [16285]",18.61,41.86,5.25,21.82,5.18,1.5,5.98,0.89,5.73,1.21,3.47,0.49,3.03,0.47
41.1,95.5,"BASALTIC-ANDESITE [16285]",23.5,49.3,6.85,26.8,5.59,2.05,7.37,1.19,7.21,1.61,4.49,0.61,4.16,0.6
41.1,95.5,"BASALTIC-ANDESITE [16285]",24.2,50.5,6.86,28.9,6.67,1.86,7.49,1.22,7.25,1.49,4.57,0.63,3.92,0.59
-36.19,178.13,"BASALTIC-ANDESITE [15652]",5.73,13.4,2.1,10.2,3.06,1.05,3.58,0.63,4.11,0.91,2.69,0.4,2.65,0.41
-36.15,178.16,"BASALTIC-ANDESITE [15652]",5.72,13.5,2.11,10.3,3.1,1.06,3.64,0.65,4.24,0.94,2.79,0.42,2.74,0.43
-36.14,178.19,"BASALTIC-ANDESITE [15652]",3.97,10,1.59,7.7,2.31,0.84,2.96,0.52,3.49,0.78,2.34,0.35,2.28,0.35
-36.17,177.64,"BASALTIC-ANDESITE [15652]",3.75,9.5,1.57,7.9,2.69,0.91,3.31,0.61,3.98,0.91,2.71,0.41,2.62,0.41
-36.14,177.71,"BASALTIC-ANDESITE [15652]",6.39,14.1,2.15,9.8,2.61,0.89,3.05,0.52,3.28,0.73,2.11,0.32,2.06,0.32
-34.6,178.36,"BASALTIC-ANDESITE [15652]",11.19,23.9,3.29,14.4,3.53,1.13,3.6,0.58,3.43,0.74,2.05,0.31,2.01,0.3
-22.05,177.41,"BASALTIC-ANDESITE [15652]",2.68,7.7,1.27,6.6,2.33,0.87,3.27,0.61,3.99,0.92,2.65,0.39,2.52,0.38
-19.6847,-175.0314,"BASALTIC-ANDESITE [12539]",2.537,7.43,1.273,6.47,2.017,0.827,2.16,0.377,2.522,0.543,1.497,0.2357,1.676,0.2378
-19.7165,-175.095,"BASALTIC-ANDESITE [12539]",1.93,5.74,0.948,5.14,1.767,0.668,2.178,0.38,2.661,0.592,1.791,0.258,1.335,0.277
-19.7165,-175.095,"BASALTIC-ANDESITE [12539]",1.472,4.48,0.748,3.87,1.344,0.477,1.647,0.289,2.2,0.477,1.427,0.2128,1.498,0.2316
-19.7165,-175.095,"BASALTIC-ANDESITE [12539]",2.016,5.92,0.984,5.26,1.801,0.749,2.299,0.404,2.99,0.669,1.971,0.293,2.104,0.325
-19.7174,-175.0907,"BASALTIC-ANDESITE [12539]",1.487,4.08,0.712,3.75,1.273,0.505,1.543,0.2771,1.928,0.418,1.262,0.1766,1.335,0.196
-19.7174,-175.0907,"BASALTIC-ANDESITE [12539]",2.485,6.98,1.166,5.99,2.022,0.733,2.447,0.428,3.14,0.695,1.983,0.299,2.164,0.327
-19.7174,-175.0907,"BASALTIC-ANDESITE [12539]",3.73,9.57,1.381,6.53,1.924,0.657,2.27,0.382,2.667,0.579,1.684,0.2547,1.781,0.274
-19.7174,-175.0907,"BASALTIC-ANDESITE [12539]",1.724,4.73,0.744,3.88,1.281,0.494,1.619,0.2697,1.981,0.432,1.283,0.196,1.387,0.2042
-19.7174,-175.0907,"BASALTIC-ANDESITE [12539]",5.66,13.42,1.718,7.65,2.245,0.631,2.402,0.395,2.61,0.59,1.675,0.2547,1.865,0.277
-19.7174,-175.0907,"BASALTIC-ANDESITE [12539]",1.684,4.87,0.787,4.25,1.438,0.538,1.821,0.316,2.279,0.5,1.526,0.2226,1.573,0.2383
-19.7174,-175.0907,"BASALTIC-ANDESITE [12539]",2.025,5.99,0.988,5.37,1.803,0.683,2.206,0.387,2.818,0.624,1.819,0.276,1.991,0.289
-19.7174,-175.0907,"BASALTIC-ANDESITE [12539]",2.021,6.04,1.017,5.27,1.713,0.668,2.129,0.368,2.608,0.574,1.723,0.2561,1.782,0.269
-19.7174,-175.0907,"BASALTIC-ANDESITE [12539]",1.97,5.87,0.997,5.24,1.768,0.671,2.117,0.374,2.666,0.591,1.707,0.2539,1.815,0.283
-19.7262,-175.0631,"BASALTIC-ANDESITE [12539]",2.071,5.95,0.965,5.24,1.688,0.655,2.076,0.368,2.581,0.582,1.684,0.2513,1.868,0.2653
-19.7262,-175.0631,"BASALTIC-ANDESITE [12539]",1.993,5.99,1.018,5.48,1.887,0.695,2.3,0.402,2.836,0.633,1.896,0.283,2.04,0.294
-19.7262,-175.0631,"BASALTIC-ANDESITE [12539]",1.411,4.4,0.732,3.89,1.354,0.548,1.644,0.2919,2.108,0.456,1.328,0.2016,1.46,0.2159
-19.728,-175.0705,"BASALTIC-ANDESITE [12539]",2.109,5.7,0.948,4.94,1.581,0.593,2.012,0.351,2.595,0.555,1.613,0.2481,1.753,0.258
-19.728,-175.0705,"BASALTIC-ANDESITE [12539]",3.08,8.41,1.205,5.92,2.155,0.647,2.42,0.426,2.97,0.644,1.921,0.268,2.17,0.314
-19.728,-175.0705,"BASALTIC-ANDESITE [12539]",2.508,6.74,1.09,5.72,1.8,0.653,2.36,0.409,2.905,0.658,1.879,0.2783,2.027,0.302
-19.728,-175.0705,"BASALTIC-ANDESITE [12539]",2.134,6.42,1.057,5.41,1.784,0.65,2.13,0.382,2.45,0.564,1.628,0.246,1.745,0.249
-19.728,-175.0705,"BASALTIC-ANDESITE [12539]",1.688,5.21,0.826,4.31,1.27,0.544,1.7,0.313,2.36,0.456,1.351,0.198,1.34,0.219
-19.728,-175.0705,"BASALTIC-ANDESITE [12539]",6.86,16.09,2.292,9.2,2.44,0.651,2.6,0.426,2.94,0.65,1.777,0.255,1.878,0.284
-19.728,-175.0705,"BASALTIC-ANDESITE [12539]",5.05,14.3,3.09,8.71,2.52,0.736,2.69,0.485,3.2,0.745,2.17,0.32,2.39,0.303
-19.7263,-175.066,"BASALTIC-ANDESITE [12539]",2.152,6.44,1.043,5.15,1.662,0.685,2.008,0.358,2.065,0.582,1.706,0.2456,1.909,0.281
-19.737,-175.0872,"BASALTIC-ANDESITE [12539]",1.838,6.85,0.903,4.57,1.488,0.58,1.75,0.303,2.137,0.453,1.36,0.1987,1.508,0.2108
-19.7244,-175.0676,"BASALTIC-ANDESITE [12539]",2.337,6.8,1.145,5.97,1.883,0.738,2.232,0.388,2.778,0.631,1.78,0.2618,1.9,0.273
-19.7244,-175.0676,"BASALTIC-ANDESITE [12539]",0.804,2.658,0.418,2.163,0.745,0.307,0.833,0.1481,1.105,0.2393,0.721,0.1071,0.793,0.1099
-19.7246,-175.0689,"BASALTIC-ANDESITE [12539]",1.076,3.41,0.554,2.852,0.961,0.403,1.094,0.1991,1.454,0.309,0.9,0.1343,1.011,0.1401
-19.7246,-175.0689,"BASALTIC-ANDESITE [12539]",1.915,5.82,0.926,4.8,1.594,0.631,1.861,0.318,2.342,0.493,1.493,0.222,1.601,0.2389
-19.7377,-175.0778,"BASALTIC-ANDESITE [12539]",2.458,7.74,1.246,6.36,2.098,0.862,2.408,0.407,2.96,0.626,1.873,0.272,2.034,0.3
-19.7123,-175.0597,"BASALTIC-ANDESITE [12539]",2.076,5.93,1.016,5.22,1.739,0.642,2.199,0.381,2.8,0.59,1.778,0.277,1.976,0.283
-19.7308,-175.0677,"BASALTIC-ANDESITE [12539]",1.42,4.11,0.696,3.66,1.306,0.51,1.615,0.287,2.133,0.461,1.346,0.2042,1.538,0.218
-19.7381,-175.065,"BASALTIC-ANDESITE [12539]",2.849,7.43,1.024,4.82,1.524,0.487,1.792,0.31,2.311,0.501,1.516,0.2257,1.658,0.24
-19.7269,-175.0561,"BASALTIC-ANDESITE [12539]",2.17,6.07,1.042,5.77,1.935,0.697,2.485,0.453,3.04,0.683,2.048,0.302,2.22,0.33
-19.7303,-175.0499,"BASALTIC-ANDESITE [12539]",2.199,6.08,1.02,5.59,1.929,0.708,2.416,0.419,3.04,0.681,1.971,0.287,2.167,0.316
-19.7456,-175.0405,"BASALTIC-ANDESITE [12539]",2.24,6.31,1.069,5.71,1.846,0.71,2.278,0.414,2.97,0.662,2.008,0.299,2.11,0.308
-19.7456,-175.0405,"BASALTIC-ANDESITE [12539]",2.181,5.32,0.914,4.62,1.589,0.677,1.998,0.355,2.582,0.568,1.933,0.289,1.798,0.309
-19.7456,-175.0405,"BASALTIC-ANDESITE [12539]",2.167,5.84,1.001,5.32,1.824,0.659,2.323,0.404,2.83,0.651,1.906,0.275,2.033,0.303
-19.7456,-175.0405,"BASALTIC-ANDESITE [12539]",2.211,5.9,1.017,5.43,1.846,0.683,2.292,0.403,2.99,0.665,1.933,0.289,2.07,0.309
-19.7456,-175.0405,"BASALTIC-ANDESITE [12539]",2.086,6.02,0.994,5.44,1.739,0.628,2.35,0.421,2.93,0.647,1.926,0.273,2.052,0.306
-19.7238,-175.0681,"BASALTIC-ANDESITE [12539]",2.199,6.32,1.05,5.6,1.786,0.677,2.246,0.386,2.78,0.636,1.798,0.266,1.988,0.304
-19.7268,-175.0759,"BASALTIC-ANDESITE [12539]",2.019,5.63,0.957,5.17,1.682,0.635,2.089,0.375,2.693,0.586,1.795,0.2534,1.918,0.286
-19.7268,-175.0759,"BASALTIC-ANDESITE [12539]",1.951,5.63,0.94,4.81,1.573,0.614,1.958,0.341,2.459,0.552,1.616,0.235,1.755,0.243
-19.7112,-175.0655,"BASALTIC-ANDESITE [12539]",1.448,4.33,0.744,3.95,1.34,0.533,1.716,0.296,2.244,0.491,1.47,0.2161,1.563,0.2301
-19.7112,-175.0655,"BASALTIC-ANDESITE [12539]",2.204,5.64,1.003,5.43,1.788,0.716,2.51,0.43,3.03,0.672,2.012,0.282,2.13,0.31
-19.7112,-175.0655,"BASALTIC-ANDESITE [12539]",1.951,5.62,0.967,5.16,1.818,0.672,2.273,0.399,2.85,0.627,1.818,0.276,1.964,0.295
-19.7112,-175.0655,"BASALTIC-ANDESITE [12539]",1.541,4.65,0.775,4.12,1.437,0.545,1.749,0.318,2.24,0.496,1.439,0.2148,1.521,0.2323
-19.7112,-175.0655,"BASALTIC-ANDESITE [12539]",1.709,4.89,0.824,4.47,1.548,0.578,1.943,0.352,2.412,0.541,1.602,0.2431,1.737,0.2463
-19.726,-175.065,"BASALTIC-ANDESITE [12539]",1.62,5.41,0.815,4.32,1.419,0.553,1.74,0.31,2.162,0.469,1.378,0.2053,1.489,0.2253
-19.726,-175.065,"BASALTIC-ANDESITE [12539]",1.977,7.02,1,5.08,1.603,0.683,1.757,0.323,2.279,0.503,1.552,0.2191,1.714,0.2473
-19.726,-175.065,"BASALTIC-ANDESITE [12539]",1.555,5.43,0.783,3.98,1.374,0.51,1.453,0.246,1.733,0.386,1.125,0.1644,1.23,0.1776
28.44996,142.75374,"BASALTIC-ANDESITE [24572]",2.39,6.29,1.1406,6.5,2.456,0.958,3.716,0.6512,5.008,1.0592,3.46,0.5144,3.528,0.5106
-19.115,-176.5533,"BASALT [6407] / BASALTIC-ANDESITE [4279]",4.59,15.4,2.91,17,6.22,2.12,9.04,1.7,11.44,2.49,7.27,1.12,7.24,1.14
-29.3454,-49.7275,"BASALTIC-ANDESITE [16319]",24.4,56.5,6.54,26.5,5.35,1.38,5.29,0.87,4.97,1,2.91,0.43,2.6,0.38
-29.3454,-49.7275,"BASALTIC-ANDESITE [16319]",27.8,59,6.91,27.5,5.47,1.45,5.65,0.87,4.67,1.02,3.04,0.45,2.78,0.39
-29.3454,-49.7275,"BASALTIC-ANDESITE [16319]",23.9,59.5,6.34,26.8,5.26,1.42,5.48,0.87,4.9,1.01,2.57,0.4,2.6,0.39
-29.3454,-49.7275,"BASALTIC-ANDESITE [16319]",23.3,49.9,6.12,26.9,5.04,1.43,5.3,0.89,4.76,1.05,2.82,0.44,2.85,0.42
-29.3589,-49.7357,"BASALTIC-ANDESITE [16319]",26.9,62,7.28,28.4,6.15,1.52,6.2,1,6.12,1.18,3.39,0.49,3.22,0.48
-29.3592,-49.7331,"BASALTIC-ANDESITE [16319]",24.5,60.4,7.07,27.9,5.85,1.46,5.85,0.98,5.74,1.13,3.23,0.49,3.17,0.49
-29.3589,-49.7357,"BASALTIC-ANDESITE [16319]",27.7,64.4,7.5,29.4,6.3,1.57,6.64,1.05,6.02,1.18,3.4,0.52,3.21,0.48
-29.3589,-49.7357,"BASALTIC-ANDESITE [16319]",25.2,54.4,6.67,26.6,6.2,1.52,6.19,1.05,5.96,1.15,3.37,0.5,3.18,0.46
-29.3558,-49.732,"BASALTIC-ANDESITE [16319]",24.5,51.4,6.27,25.7,5.64,1.43,5.91,1,5.76,1.18,3.13,0.46,3.05,0.45
-29.3592,-49.7331,"BASALTIC-ANDESITE [16319]",25.2,54.5,6.6,26.8,5.81,1.47,5.92,1.01,5.75,1.11,3.19,0.49,3.22,0.46
-29.3558,-49.732,"BASALTIC-ANDESITE [16319]",26.4,62,7.17,28.2,6.19,1.55,6.22,1.05,5.97,1.22,3.48,0.53,3.19,0.49
-29.3754,-49.816,"BASALTIC-ANDESITE [16319]",23.1,53.5,6.12,25.4,5.39,1.48,5.73,0.94,5.52,1.12,3.29,0.47,2.96,0.44
33.4549,126.7227,"BASALTIC-ANDESITE [16317]",14.6478632,29.35513097,3.751871851,17.71046425,4.745231441,1.621837869,5.546087625,0.80369407,4.735087578,0.898899486,2.407988964,0.319968784,1.822318758,0.260509255
33.4561,126.7241,"BASALTIC-ANDESITE [16317]",14.49253584,27.29272972,3.490297479,16.64966342,4.407176746,1.530873391,5.291015641,0.76636907,4.691753829,0.863168777,2.258245388,0.299350256,1.88536813,0.247212637
33.4691,126.7225,"BASALTIC-ANDESITE [16317]",10.7875515,22.47137878,3.072272143,14.91118488,4.303971235,1.551697218,5.403732499,0.792520016,4.804427939,0.920673229,2.428274576,0.321742525,1.854291334,0.255549453
36.61042,27.12983,"BASALTIC-ANDESITE [16236]",15,31,3.8,15,3.3,1.03,3.5,0.51,3.6,0.75,2.24,0.28,2.14,0.3
36.6004,27.12673,"BASALTIC-ANDESITE [16236]",20,39,4.5,18,3.7,1.07,3.6,0.5,3.4,0.69,2.15,0.31,2.19,0.32
36.58,27.22,"BASALTIC-ANDESITE [16236]",13,28,3.6,15,3.2,0.93,2.7,0.4,2.6,0.56,1.49,0.19,1.33,0.19
36.58,27.22,"BASALTIC-ANDESITE [16236]",13,28,3.7,15,3.4,0.93,2.9,0.37,2.8,0.55,1.47,0.2,1.5,0.17
36.58,27.22,"BASALTIC-ANDESITE [16236]",13,28,3.5,15,3.4,0.9,2.9,0.43,2.6,0.46,1.28,0.2,1.37,0.18
36.58,27.22,"BASALTIC-ANDESITE [16236]",13,28,3.5,14,3.1,0.93,3.1,0.41,2.6,0.48,1.37,0.2,1.24,0.2
36.58,27.22,"BASALTIC-ANDESITE [16236]",13,29,3.5,15,3.2,1,3,0.43,2.6,0.51,1.46,0.2,1.36,0.19
36.61725,27.19033,"BASALTIC-ANDESITE [16236]",13,24,2.7,11,2.4,0.72,2.4,0.37,2.6,0.44,1.48,0.2,1.4,0.24
36.61917,27.18885,"BASALTIC-ANDESITE [16236]",14,31,3.9,16,3.3,0.95,2.7,0.35,2.5,0.51,1.35,0.19,1.43,0.26
36.57447,27.15495,"BASALTIC-ANDESITE [16236]",18,36,4.1,17,3.4,0.96,2.9,0.48,3.6,0.63,1.75,0.32,1.98,0.28
36.57447,27.15495,"BASALTIC-ANDESITE [16236]",17,35,4.1,16,3.7,1.06,3.7,0.52,3.4,0.77,2.34,0.32,2.12,0.24
36.5931,27.1465,"BASALTIC-ANDESITE [16236]",11,22,2.5,10,2.4,0.79,2.5,0.4,2.6,0.57,1.53,0.23,1.89,0.26
36.61725,27.19033,"BASALTIC-ANDESITE [16236]",25,49,5.5,22,4.6,1.29,4.5,0.67,4.5,0.91,2.82,0.44,2.73,0.37
36.61725,27.19033,"BASALTIC-ANDESITE [16236]",23,47,5.3,21,4.2,1.16,4.3,0.65,4.7,0.92,2.58,0.38,2.79,0.44
36.61917,27.18885,"BASALTIC-ANDESITE [16236]",21,42,4.9,19,4,1.11,4,0.6,4,0.87,2.47,0.39,2.6,0.39
-1.25,-45.5,"BASALTIC-ANDESITE [13193]",8.1,17.6,2.45,12.8,2.4,0.73,2.7,0.42,2.78,0.51,1.47,0.27,1.39,0.24
-1.25,-45.5,"BASALTIC-ANDESITE [13193]",18.7,41.8,5.84,28,6,1.76,5.7,0.91,6.14,1.23,3.38,0.45,2.98,0.52
36,72.26,"BASALTIC-ANDESITE [11517]",39.6,86.7,9.98,37.9,7.64,0.99,8.74,1.48,8.84,1.55,4.61,0.68,4.61,0.68
36,72.26,"BASALTIC-ANDESITE [11517]",13.2,30.7,4.34,19.4,4.7,1.65,4.71,0.97,5.77,1.09,2.95,0.42,2.7,0.38
36,72.26,"BASALTIC-ANDESITE [11517]",30.9,64,7.91,30.5,6,1.43,6.85,1.19,7.17,1.28,3.79,0.58,3.99,0.6
36,72.26,"BASALTIC-ANDESITE [11517]",23.9,53.9,7.25,30.6,6.55,1.64,6.83,1.21,6.98,1.16,3.44,0.47,3.15,0.47
36,72.26,"BASALTIC-ANDESITE [11517]",26,56.5,7.57,30.7,6.43,1.74,6.86,1.16,6.57,1.06,3.06,0.42,2.9,0.4
36,72.26,"BASALTIC-ANDESITE [11517]",6.3,14,2.06,9.8,2.6,1.07,2.49,0.53,3.25,0.6,1.76,0.25,1.71,0.26
12.3,-61.63,"BASALT [3335]",9.21,18.9,2.43,10.4,2.84,0.98,3.31,0.61,4.13,0.89,2.59,0.38,2.51,0.41
12.3,-61.63,"NOT GIVEN [10901] / BASALT [3335] / BASALTIC-ANDESITE [14960]",19.38,36.5,4.35,17.1,3.76,1.25,3.95,0.66,4.3,0.93,2.61,0.4,2.63,0.42
45,89,"BASALTIC-ANDESITE [16418]",21.3,43.8,6.07,25.1,5.67,1.86,5.69,0.86,5.37,1.15,3.12,0.48,3.08,0.48
45,89,"BASALTIC-ANDESITE [16418]",21.6,50.4,6.75,27.6,6.03,1.79,6.43,0.96,5.59,1.25,3.32,0.5,3.27,0.49
45,89,"BASALTIC-ANDESITE [16418]",22.7,51.3,6.71,28.8,6.42,1.81,6.37,1,6.16,1.23,3.45,0.5,3.36,0.48
45,89,"BASALTIC-ANDESITE [16418]",22.4,50.1,6.53,28.5,6.29,1.76,6.03,1.01,5.89,1.17,3.42,0.49,3.1,0.5
1.358,124.792,"BASALTIC-ANDESITE [16516]",8.22,19.48,3.03,13.9,3.96,1.36,4.31,0.72,4.64,0.99,2.75,0.4,2.55,0.42
1.47,125,"BASALTIC-ANDESITE [16516]",6.24,16.4,2.54,12.75,4.06,1.35,4.92,0.91,5.98,1.26,3.51,0.52,3.26,0.53
10.467,-84.733,"BASALTIC-ANDESITE [9609] / NOT GIVEN [3233]",11.9,23.9,3.23,13.4,3.07,1.04,3.02,0.465,2.83,0.593,1.65,0.249,1.64,0.256
10.467,-84.733,"BASALTIC-ANDESITE [9609] / NOT GIVEN [3233]",11,22,2.93,12.2,2.77,0.96,2.73,0.424,2.48,0.536,1.5,0.228,1.49,0.224
-39.28,175.57,"BASALTIC-ANDESITE [16502]",4.028983251,10.57219853,1.550440971,7.332729425,2.018052377,0.726886591,2.316334231,0.438769553,2.786692452,0.651696528,1.96013854,0.288919601,1.852685488,0.284760489
-39.28,175.57,"BASALTIC-ANDESITE [16502]",7.449,15.732,2.679,12.3055,3.606,1.111,3.8365,0.839,5.244,0.977,3.216,0.532,3.868,0.562
-39.28,175.57,"BASALTIC-ANDESITE [16502]",5.04,11.496,1.76,7.91775,2.421,0.8055,2.793,0.493,2.9765,0.7105,1.857,0.2825,1.8155,0.295
-39.28,175.57,"BASALTIC-ANDESITE [16502]",5.702261162,12.68766085,1.877629798,8.379131629,2.328341505,0.802390959,2.618088721,0.44685348,2.74613481,0.616233324,1.722663703,0.271419698,1.819285527,0.283841878
-39.28,175.57,"BASALTIC-ANDESITE [16502]",6.968902784,15.02522804,2.105307253,9.250825287,2.470429087,0.821815577,2.651920345,0.436915221,2.711557072,0.598906873,1.664858588,0.251605007,1.703116364,0.26492537
-39.28,175.57,"BASALTIC-ANDESITE [16502]",5.086206024,11.92089237,1.746714269,8.06534992,2.316816216,0.79545497,2.678847648,0.458934824,2.926457461,0.637741537,1.814471532,0.27222354,1.827211399,0.292830222
-39.28,175.57,"BASALTIC-ANDESITE [16502]",5.734142869,13.00106135,1.842461305,8.318352127,2.283729598,0.790834719,2.699889173,0.459061356,3.059240658,0.662153424,1.861064624,0.280263601,1.890625935,0.294816296
-39.28,175.57,"BASALTIC-ANDESITE [16502]",5.489894392,12.39983714,1.764644289,7.949819035,2.063614807,0.758202872,2.528249039,0.431639047,2.719980292,0.597156375,1.720321558,0.248457622,1.749740713,0.279423255
-39.28,175.57,"BASALTIC-ANDESITE [16502]",4.943,11.457,1.686,7.331,2.074,0.712,2.653,0.439,2.77,0.63,1.771,0.288,1.911,0.291
-39.82,175.57,"BASALTIC-ANDESITE [16502]",9.836406442,21.97088131,2.88501826,11.81674691,2.772662121,0.82611761,2.965563065,0.465735541,2.837776403,0.60720648,1.651261515,0.259274795,1.722262656,0.271328263
-39.82,175.57,"BASALTIC-ANDESITE [16502]",7.41488765,17.03809631,2.314864106,9.53270182,2.464057406,0.749529129,2.811987697,0.442111965,2.733708414,0.582163068,1.640757355,0.254933359,1.677483331,0.273361265
-39.82,175.57,"BASALTIC-ANDESITE [16502]",9.559893449,20.8578346,2.688438909,10.89060483,2.584449636,0.900463514,2.767857231,0.441027298,2.731010758,0.585015216,1.57666655,0.251306795,1.718119499,0.272401202
-39.82,175.57,"BASALTIC-ANDESITE [16502]",7.357305109,17.65008336,2.456950836,10.87359341,2.662628739,0.806304784,2.826105266,0.498904379,2.997822398,0.690334577,1.978025236,0.292287569,1.816460574,0.279479998
-39.82,175.57,"BASALTIC-ANDESITE [16502]",7.536897074,17.30338954,2.321618703,10.11203531,2.572843705,0.918732316,2.65130048,0.464088469,2.650123789,0.615298445,1.600743708,0.253467554,1.678476967,0.265866782
-39.82,175.57,"BASALTIC-ANDESITE [16502]",7.476245002,16.30859329,2.3009568,9.420155953,2.373788359,0.722724674,2.708221102,0.439027362,2.65820665,0.572790762,1.604133678,0.243021391,1.667395149,0.262218213
-39.82,175.57,"BASALTIC-ANDESITE [16502]",9.931187884,19.06304826,2.776210115,11.89303038,2.938976242,0.858355104,3.324944641,0.532811491,3.259235554,0.708865425,1.966405392,0.301291505,1.99249907,0.309808783
-39.82,175.57,"BASALTIC-ANDESITE [16502]",8.443073322,18.06718597,2.498943524,10.53040759,2.662798956,0.776871546,3.073994543,0.505851576,3.143676654,0.694094922,1.841594773,0.293891218,1.98082135,0.314639254
-39.82,175.57,"BASALTIC-ANDESITE [16502]",10.61104121,20.96654715,3.102834591,12.76824557,3.103380577,0.848860777,3.612364037,0.585801117,3.551665421,0.7841398,2.099683462,0.334555506,2.250505498,0.361008644
-39.82,175.57,"BASALTIC-ANDESITE [16502]",7.715297741,17.81850368,2.435507393,10.15498199,2.707089085,0.811056853,3.046613282,0.494787591,3.109255531,0.685181914,1.881941073,0.283783127,1.96499575,0.309462229
-39.82,175.57,"BASALTIC-ANDESITE [16502]",9.566257539,19.41831419,2.666016789,11.41594046,2.835098373,0.823673864,3.10073408,0.520095274,3.206884669,0.685290033,1.937576434,0.289445594,1.920516293,0.313710049
-39.82,175.57,"BASALTIC-ANDESITE [16502]",10.64860104,21.40063515,3.038808555,12.59718254,2.893093562,0.78524327,3.389096578,0.545288156,3.334607946,0.734059663,2.012325851,0.314505678,2.113687087,0.348292865
-39.82,175.57,"BASALTIC-ANDESITE [16502]",8.241176591,17.48742586,2.357925529,9.821979862,2.477378216,0.738344955,2.921353751,0.480940631,2.956084642,0.647265894,1.762998379,0.281874746,1.94907234,0.318772024
-39.82,175.57,"BASALTIC-ANDESITE [16502]",7.662473473,17.00385911,2.325049616,9.592856695,2.34119775,0.780355951,2.696648492,0.452659676,2.828057408,0.587056641,1.658686514,0.256919182,1.764918292,0.27596727
-39.82,175.57,"BASALTIC-ANDESITE [16502]",7.906370759,17.41723487,2.361941408,9.687396137,2.270443431,0.671952282,2.397343915,0.399741306,2.380550374,0.513561033,1.394849633,0.212449095,1.405779409,0.219918459
-39.82,175.57,"BASALTIC-ANDESITE [16502]",7.842127564,18.43469433,2.482930147,10.33842335,2.450729142,0.708914797,2.433590416,0.389617973,2.30314477,0.4975004,1.355709147,0.20739832,1.331452586,0.204374958
-39.82,175.57,"BASALTIC-ANDESITE [16502]",10.57884833,23.73260346,3.114801321,13.04716268,3.152193029,0.947363146,3.428581503,0.563386763,3.365624724,0.727512358,2.023635297,0.3084699,2.102085449,0.32773058
-39.82,175.57,"BASALTIC-ANDESITE [16502]",10.13642824,22.28858318,2.999650704,12.64025879,3.061529397,0.901993239,3.398582704,0.555198513,3.339948998,0.72469027,1.988859141,0.307862847,2.05977211,0.323702456
-39.82,175.57,"BASALTIC-ANDESITE [16502]",8.233480321,19.23028563,2.598370106,10.79696868,2.611671539,0.834440035,3.017899592,0.486336234,3.060513314,0.654131751,1.804000305,0.266893963,1.90138137,0.295072675
-39.82,175.57,"BASALTIC-ANDESITE [16502]",9.918048255,23.47995839,3.076942209,13.16765974,3.036352705,0.854559762,3.013704542,0.512231982,3.196218651,0.723050665,2.125852783,0.311471502,1.98534843,0.312573097
-39.82,175.57,"BASALTIC-ANDESITE [16502]",5.92078524,14.58740898,1.910991184,8.657307232,2.285955278,0.797440393,2.475757252,0.418515722,2.606161732,0.607906817,1.732492502,0.259806526,1.703381958,0.255478392
-39.82,175.57,"BASALTIC-ANDESITE [16502]",4.968888473,10.42252414,1.642534011,7.686237377,2.022530581,0.747536787,2.27216554,0.400521295,2.522908192,0.582440243,1.62552013,0.240917871,1.550754978,0.234517138
38,25,"BASALTIC-ANDESITE [16532]",50,93.1,12.21,47.1,9.31,2.15,7.8,1.12,6.14,1.07,2.82,0.4,2.68,0.36
-25.8,30.5,"BASALTIC-ANDESITE [16588]",16.33,35.54,4.94,21.19,4.54,1.44,4.1,0.72,3.79,0.73,1.86,0.27,1.74,0.24
-25.8,30.5,"BASALTIC-ANDESITE [16588]",18.61,37.35,4.91,20.25,3.94,1.21,3.35,0.56,2.7,0.49,1.31,0.18,1.19,0.17
-25.8,30.5,"BASALTIC-ANDESITE [16588]",18.09,38.26,5,21.07,4.42,1.28,3.98,0.68,3.71,0.72,1.9,0.29,1.84,0.25
-25.8,30.5,"BASALTIC-ANDESITE [16588]",20.78,39.9,4.63,16.87,2.97,0.75,2.8,0.43,4.91,0.58,1.72,0.28,1.92,0.29
-25.8,30.5,"BASALTIC-ANDESITE [16588]",23.78,47.63,6.23,25.25,5.15,1.45,4.74,0.79,2.85,0.79,2.04,0.32,2.01,0.28
-25.8,30.5,"BASALTIC-ANDESITE [16588]",10.08,20.17,2.61,10.73,2.24,0.75,2.34,0.41,2.06,0.6,1.71,0.27,1.81,0.26
-25.8,30.5,"BASALTIC-ANDESITE [16588]",14.7,28.82,3.5,13.57,2.45,0.64,2.4,0.45,3.81,0.6,1.72,0.29,1.99,0.29
-25.8,30.5,"BASALTIC-ANDESITE [16588]",20.91,40.74,4.84,17.87,3.33,0.87,3.37,0.73,2.96,0.8,2.32,0.37,2.6,0.4
-25.8,30.5,"BASALTIC-ANDESITE [16588]",16.39,32.15,3.85,14.27,2.6,0.72,2.71,0.42,2.81,0.66,1.93,0.28,2.17,0.33
-25.8,30.5,"BASALTIC-ANDESITE [16588]",13.69,26.54,3.27,12.55,2.39,0.66,2.4,0.44,3.94,0.62,1.88,0.31,2.2,0.32
-25.8,30.5,"BASALTIC-ANDESITE [16588]",12.53,24.03,2.86,11.1,2.14,0.56,2.1,0.36,2.74,0.54,1.67,0.26,1.9,0.27
-25.8,30.5,"BASALTIC-ANDESITE [16588]",15.7,30.67,3.68,13.8,2.55,0.62,2.43,0.42,2.99,0.6,1.84,0.31,2.09,0.33
-25.8,30.5,"BASALTIC-ANDESITE [16588]",16.82,32.44,3.84,14.51,2.65,0.68,2.6,0.45,2.08,0.66,1.98,0.33,2.23,0.34
-25.8,30.5,"BASALTIC-ANDESITE [16588]",22.15,41.75,4.78,17.44,3.08,0.68,2.88,0.64,2.68,0.65,1.86,0.28,2.08,0.3
-25.8,30.5,"BASALTIC-ANDESITE [16588]",26.24,51.08,5.99,22.16,4.14,1,3.97,0.63,2.05,0.9,2.7,0.4,2.99,0.45
-25.8,30.5,"BASALTIC-ANDESITE [16588]",24.92,44.6,5.14,20.02,4.23,1.14,4.58,0.88,5.3,1.08,3.05,0.51,3.2,0.46
-25.8,30.5,"BASALTIC-ANDESITE [16588]",16.42,36.23,5.03,22.05,4.77,1.52,4.21,0.73,3.95,0.76,2.01,0.3,1.88,0.27
-25.8,30.5,"BASALTIC-ANDESITE [16588]",36.18,81.76,11.05,47.82,8.89,2.26,6.74,0.93,4.07,0.69,1.65,0.23,1.42,0.2
-25.8,30.5,"BASALTIC-ANDESITE [16588]",26.73,50.96,6.22,23.73,4.5,1.2,4.6,0.77,4.98,1.12,3.34,0.51,3.61,0.55
-25.8,30.5,"BASALTIC-ANDESITE [16588]",12.32,23.79,3,11.75,2.47,0.74,2.23,0.37,2.39,0.49,1.41,0.21,1.54,0.24
-25.8,30.5,"BASALTIC-ANDESITE [16588]",32.45,69.68,9.67,43.7,9.25,2.84,8.43,1.53,7.51,1.4,3.46,0.53,103,0.45
-25.8,30.5,"BASALTIC-ANDESITE [16588]",11.6,21.82,2.6,9.78,1.84,0.45,1.86,0.3,2.18,0.49,1.36,0.25,39,0.26
-25.8,30.5,"BASALTIC-ANDESITE [16588]",12.89,23.98,2.93,11.38,2.07,0.57,2.07,0.38,2.45,0.56,1.67,0.29,44,0.29
-25.8,30.5,"BASALTIC-ANDESITE [16588]",15.56,30.33,3.56,13.6,2.53,0.69,2.61,0.42,2.77,0.62,1.84,0.31,48,0.3
29.1542,99.0306,"BASALTIC-ANDESITE [16602]",10.58,23.95,3.76,18.6,5.82,1.93,7.52,1.46,9.52,1.84,5.15,0.82,4.88,0.71
29.45,129.6,"BASALTIC-ANDESITE [3504]",5.08,11.26,1.41,6.17,1.62,0.5,1.89,0.31,1.81,0.39,1.13,0.17,1.07,0.17
28.79,129,"BASALTIC-ANDESITE [3504]",8.56,20.17,2.58,11.77,3.12,0.87,3.63,0.63,3.96,0.88,2.6,0.4,2.61,0.41
17.9,-65.75,"BASALTIC-ANDESITE [3504] / NOT GIVEN [4120]",4.82,11.7,1.56,12.72,3.027,0.78,2.83,0.54,3.49,0.77,2.34,0.35,2.24,0.35
-5.1,152.33,"BASALTIC-ANDESITE [16728]",1.56,4.2,0.76,4.34,1.66,0.71,2.39,0.45,2.93,0.65,1.88,0.27,1.75,0.26
-5.57,148.4,"BASALTIC-ANDESITE [16728]",7.47,16.5,2.44,11.1,2.8,0.82,2.99,0.5,3.13,0.7,2,0.3,2.02,0.31
-4.67,146,"BASALTIC-ANDESITE [16728]",5.42,11.91,3.01,7.74,2.05,0.66,2.29,0.39,2.53,0.58,1.73,0.26,1.77,0.28
-4.13,145.08,"BASALTIC-ANDESITE [16728]",4.12,9.13,1.35,6.09,1.48,0.51,1.68,0.29,1.88,0.44,1.3,0.2,1.31,0.21
-35.33,178.48,"BASALTIC-ANDESITE [16845]",3.51,8.45,1.33,6.37,2.03,0.75,2.43,0.42,2.78,0.6,1.74,0.25,1.57,0.24
-35.33,178.48,"BASALTIC-ANDESITE [16845]",4.85,12.05,1.85,9.5,2.83,1,3.28,0.54,3.8,0.8,2.28,0.34,2.21,0.34
-35.33,178.48,"BASALTIC-ANDESITE [16845]",5.3,12.47,1.87,9.14,2.68,0.99,3.35,0.57,3.81,0.83,2.4,0.35,2.31,0.35
-35.33,178.48,"BASALTIC-ANDESITE [16845]",3.6,9.53,1.55,7.5,2.39,0.88,3.04,0.53,3.55,0.77,2.26,0.33,2.14,0.32
-35.33,178.48,"BASALTIC-ANDESITE [16845]",5.57,12.73,1.91,9.17,2.51,0.94,3.12,0.52,3.47,0.75,2.21,0.31,2.04,0.31
-35.33,178.48,"BASALTIC-ANDESITE [16845]",5.6,12.85,1.92,9.37,2.67,0.98,3.21,0.54,3.62,0.78,2.28,0.33,2.14,0.32
-35.33,178.48,"BASALTIC-ANDESITE [16845]",4.3,10.12,1.58,7.84,2.34,0.84,2.78,0.48,3.18,0.67,1.97,0.29,1.85,0.28
-35.33,178.48,"BASALTIC-ANDESITE [16845]",3.4,9.07,1.43,7.27,2.19,0.83,2.8,0.49,3.32,0.72,2.12,0.31,2,0.3
54.75,-101.9,"BASALTIC-ANDESITE [12586]",3.75,9.13,1.27,6.49,2.09,0.71,2.66,0.52,3.9,0.89,2.78,0.44,2.85,0.47
-24.1804,-68.2381,"BASALTIC-ANDESITE [25792]",23.238,50.357,6.61,23.834,4.814,1.421,4.26,0.612,3.032,0.585,1.718,0.23,1.533,0.227
-24.4303,-68.4433,"BASALTIC-ANDESITE [25792]",29.999,66.127,8.33,29.421,6.413,1.842,5.319,0.736,3.049,0.549,1.519,0.183,1.183,0.171
-24,-68.3794,"BASALTIC-ANDESITE [25792]",32.671,71.933,9.036,32.21,5.868,1.638,4.718,0.635,2.78,0.499,1.438,0.178,1.174,0.169
-24.4123,-68.3568,"BASALTIC-ANDESITE [25792]",27.707,60.913,7.741,27.733,5.649,1.598,4.732,0.646,2.997,0.551,1.6,0.205,1.357,0.198
-24.4101,-68.379,"BASALTIC-ANDESITE [25792]",28.85,62.821,7.997,28.539,5.521,1.564,4.671,0.643,2.992,0.555,1.624,0.209,1.386,0.204
-7.340503,-36.183543,"BASALTIC-ANDESITE [25812]",14.46973308,29.10132959,3.796528586,17.68616365,4.96775243,1.744690686,5.578607921,0.834212697,4.645900167,0.835429173,2.122234004,0.28377538,1.627183229,0.220821613
-7.340503,-36.183543,"BASALTIC-ANDESITE [25812]",13.83718346,28.80698648,3.708337511,17.2356647,4.658630513,1.658796742,5.132545669,0.797705142,4.432879089,0.815374613,1.956986327,0.257997102,1.542642446,0.204645509
-5.209957,-36.654446,"BASALTIC-ANDESITE [25812]",44.07514543,43.99421505,8.124084589,34.83861463,8.123500015,2.650746319,10.48891516,1.695462258,10.15020611,2.069477321,5.720283703,0.787783231,4.41557101,0.665664639
29.61,117.95,"BASALTIC-ANDESITE [16781]",27.4,57,7.22,30.7,5.67,1.43,5.6,0.92,6,1.29,4.18,0.62,4.26,0.7
29.61,117.95,"BASALTIC-ANDESITE [16781]",25.9,53.9,6.84,29,5.23,1.36,5.26,0.88,5.64,1.23,3.81,0.61,4.15,0.67
29.61,117.95,"BASALTIC-ANDESITE [16781]",24.5,51.7,6.57,27.3,5.27,1.32,5.26,0.9,5.69,1.24,3.95,0.61,4.06,0.66
29.61,117.95,"BASALTIC-ANDESITE [16781]",30.6,62.2,7.82,32.1,6.23,1.46,6.04,0.88,6.52,1.59,4.9,0.77,5.11,0.82
29.61,117.95,"BASALTIC-ANDESITE [16781]",24.9,61.1,6.83,27,5.22,1.35,5.11,0.73,5.29,1.31,4.12,0.63,4.06,0.65
29.61,117.95,"BASALTIC-ANDESITE [16781]",24.5,62,6.67,26.7,5.37,1.36,4.93,0.71,5.33,1.34,4.19,0.64,4.25,0.69
28.817,117.703,"BASALTIC-ANDESITE [16778]",8.19,18.7,2.64,12.8,3.13,1.22,3.04,0.46,2.76,0.57,1.72,0.23,1.53,0.22
28.817,117.703,"BASALTIC-ANDESITE [16778]",6.99,17,2.49,11.9,2.95,1.14,2.99,0.42,2.63,0.56,1.57,0.23,1.5,0.24
28.817,117.703,"BASALTIC-ANDESITE [16778]",7.96,18.1,2.58,11.9,2.9,1.07,2.98,0.44,2.79,0.59,1.66,0.23,1.66,0.25
50.73,85.82,"BASALTIC-ANDESITE [16776]",16.07,35.52,4.38,16.91,3.96,1.16,4.21,0.67,4.16,0.86,2.49,0.4,2.36,0.36
38.4775,111.4775,"BASALTIC-ANDESITE [16772]",33,75,9.18,43,7.5,2.23,7.41,1.36,6.89,1.51,3.96,0.56,3.48,0.49
38.4864,111.4844,"BASALTIC-ANDESITE [16772]",50,108,13.42,58,10.29,2.58,10.45,1.52,8.51,1.8,4.75,0.71,4.47,0.67
36,126,"BASALTIC-ANDESITE [16897]",23.1,55.8,7.4,32.4,7.76,2.26,8.29,1.29,7.67,1.5,4.39,0.6,3.95,0.6
36,126,"BASALTIC-ANDESITE [16897]",17.3,40.6,5.1,20.8,4.86,1.44,5.16,0.78,4.68,0.93,2.75,0.39,2.49,0.4
36,126,"BASALTIC-ANDESITE [16897]",18.4,43.2,5.4,21.7,5.01,1.47,5.28,0.81,4.77,0.94,2.83,0.39,2.49,0.4
-6.1,105.42,"BASALTIC-ANDESITE [16924]",15.01873891,35.42345954,4.781073526,21.51057722,5.294373713,1.527531778,5.398146802,0.865097832,5.407535118,1.105589538,3.261260559,0.509247312,3.057420469,0.494036244
-6.1,105.42,"BASALTIC-ANDESITE [16924]",14.10461738,33.20619872,4.439469255,20.19561589,4.879902107,1.480379306,5.086707824,0.808737864,5.037058517,1.040303605,3.064807818,0.467082714,2.955412651,0.435625
-6.1,105.42,"BASALTIC-ANDESITE [16924]",14.41427693,33.8919839,4.568423509,20.60928149,5.019753814,1.498616011,5.366062483,0.837751004,5.210475698,1.074690265,3.15087008,0.498030457,3.041453958,0.45971831
-6.1,105.42,"BASALTIC-ANDESITE [16924]",14.46916837,34.64516129,4.688795953,20.7382694,5.100776001,1.487530562,5.226390969,0.838453446,5.160517275,1.089276808,3.202001875,0.50230303,3.131252994,0.478585967
-6.1,105.42,"BASALTIC-ANDESITE [16924]",14.78550211,35.03869008,4.699887014,21.33017094,5.195731374,1.496109215,5.46904901,0.851411827,5.359968103,1.105507,3.292388797,0.520823045,3.117565779,0.486223153
-6.1,105.42,"BASALTIC-ANDESITE [16924]",14.23895046,33.48397384,4.501787126,20.25390844,4.876240813,1.456209677,5.145347314,0.824980565,5.04930211,1.047617504,3.117317246,0.482986248,2.954815756,0.464268485
-6.1,105.42,"BASALTIC-ANDESITE [16924]",14.52730827,34.36423915,4.627016929,21.00349747,5.110640228,1.492645056,5.335326392,0.845142401,5.280769934,1.104569733,3.201601434,0.508882051,3.136622538,0.477174254
-6.1,105.42,"BASALTIC-ANDESITE [16924]",14.31316313,34.18140265,4.591839258,20.76845977,5.062779998,1.526442241,5.265420985,0.83479666,5.271397677,1.063141318,3.231607963,0.49318023,2.998751915,0.4651158
-6.09,105.45,"BASALTIC-ANDESITE [16924]",24.80025637,57.23566973,7.565297087,31.70421049,7.453851625,1.71224684,7.689111885,1.245310016,7.955524431,1.671594747,5.126729858,0.825203252,5.246583421,0.809984202
-6.09,105.45,"BASALTIC-ANDESITE [16924]",23.81862065,55.61158415,7.241636767,31.08863237,7.35192469,1.681940701,7.412351606,1.23970346,7.886264339,1.644146341,4.96364557,0.829098667,5.184173913,0.790102205
-6.1,105.38,"BASALTIC-ANDESITE [16924]",27.57524259,64.27882431,8.385193258,35.83726394,8.45063929,1.911021655,8.67954492,1.39478862,9.024624054,1.85536172,5.651645031,0.940260782,5.884228166,0.904695652
-6.1,105.38,"BASALTIC-ANDESITE [16924]",27.61275759,64.7365833,8.41290115,36.11241523,8.519752864,1.926759364,8.847984383,1.436263433,9.185586727,1.911232877,5.877408546,0.967842302,6.051550641,0.929272237
-6.1,105.38,"BASALTIC-ANDESITE [16924]",26.53254135,61.87441377,8.059807274,34.36618532,8.101356641,1.865615927,8.304636097,1.380697486,8.749597427,1.786773649,5.490327501,0.898085877,5.606684548,0.870718467
-6.1,105.38,"BASALTIC-ANDESITE [16924]",24.27632732,52.70348183,6.555306599,26.0600974,5.956451185,1.687590208,5.883103168,0.962617829,6.23760225,1.316643878,4.114157792,0.679857651,4.316437325,0.688735868
-6.1,105.38,"BASALTIC-ANDESITE [16924]",28.98443385,67.28126039,8.72627261,37.53597327,8.833077018,2.056166667,6.858098717,1.089301832,6.96748072,1.409579555,4.256483096,0.666733367,4.060544174,0.950395074
-6.1,105.38,"BASALTIC-ANDESITE [16924]",20.9344017,49.225,6.608048369,29.08766252,6.951909169,1.833435754,7.140105966,1.169337237,7.340572434,1.484667214,4.588764946,0.714007039,4.493741236,0.692198872
54.97,160.68,"BASALT [4276] / ANDESITE [20793] / NOT GIVEN [24876]",2.82,9.41,1.51,8.01,2.58,0.89,2.84,0.5,3.23,0.73,2.18,0.32,2.15,0.349
20.4,-104.67,"BASALT [4276] / BASALTIC-ANDESITE [3616]",5.52,13.5,1.92,9.75,3.1,0.99,2.9,0.59,3.35,0.62,1.93,0.36,2.35,0.29
55.17,160.53,"BASALT [4276] / ANDESITE [20793] / BASALTIC-ANDESITE [15259]",6.52,16.6,2.83,12.73,3.25,1.08,3.12,0.47,3.08,0.76,1.97,0.27,1.72,0.347
40.534681,-121.196497,"BASALTIC-ANDESITE [4450] / BASALT [3657] / CALC-ALKALI BASALT [20728]",20.76,49.6,7,26.45,5.2,1.47,4.2,0.66,3.27,0.67,1.71,0.259,1.5,0.24
40.644961,-121.165704,"BASALT [15673] / BASALTIC-ANDESITE [3657] / CALC-ALKALI BASALT [20728] / NOT GIVEN [2261]",13.47,31.18,4.48,17.44,3.93,1.3,3.99,0.69,3.85,0.83,2.22,0.356,2.06,0.35
40.538965,-121.161916,"BASALT [15673] / BASALTIC-ANDESITE [3657] / CALC-ALKALI BASALT [20728] / NOT GIVEN [2261]",11.48,26.52,3.89,14.87,3.35,1.05,3.32,0.63,3.46,0.83,2.14,0.376,2.02,0.372
40.7383,-121.8355,"BASALTIC-ANDESITE [4450] / ANDESITE [3657] / NOT GIVEN [20728]",7.53,16.04,2.22,9.32,2.12,0.73,2.01,0.327,1.85,0.38,1.06,0.161,0.98,0.155
-33.467,179.545,"BASALTIC-ANDESITE [16844]",2.55,9.88,1.68,8.7,2.64,1.21,3.5,0.58,3.8,0.778,2.36,0.344,2.21,0.35
-33.521,179.551,"BASALTIC-ANDESITE [16844]",2.61,9.4,1.36,6.99,2.31,0.893,2.7,0.43,3.22,0.607,1.67,0.306,1.72,0.277
-34.824,179.142,"BASALTIC-ANDESITE [16844]",7.25,19.9,2.62,11.9,3.19,1.12,3.31,0.618,4.04,0.829,2.48,0.367,2.37,0.395
-35.444,178.681,"BASALTIC-ANDESITE [16844]",1.82,5.24,0.9,5.17,1.83,0.664,2.36,0.437,3.18,0.682,2.08,0.317,2.18,0.33
-35.444,178.681,"BASALTIC-ANDESITE [16844]",1.5,5.1,0.82,4.23,1.63,0.612,2.11,0.337,2.36,0.504,1.5,0.217,1.64,0.259
-35.358,178.553,"BASALTIC-ANDESITE [16844]",5.08,12.6,1.95,9.99,2.88,1.06,3.44,0.567,4.01,0.806,2.58,0.324,2.38,0.386
-35.366,178.524,"BASALTIC-ANDESITE [16844]",5.42,13.8,1.98,9.84,2.67,1,3.5,0.536,3.63,0.733,2.39,0.326,2.43,0.333
-35.749,178.498,"BASALTIC-ANDESITE [16844]",4.05,11.9,1.71,8.06,2.43,0.926,3.19,0.529,3.64,0.724,2.31,0.324,2.27,0.323
-35.74,178.493,"BASALTIC-ANDESITE [16844]",4.11,10.9,1.71,8.44,2.9,0.9,3.22,0.563,4.04,0.845,2.68,0.37,2.53,0.376
-36.173,177.951,"BASALTIC-ANDESITE [16844]",7.03,17.6,2.53,11.9,3.55,1.28,4.23,0.692,4.52,0.98,2.91,0.419,2.88,0.406
-36.133,178.036,"BASALTIC-ANDESITE [16844]",6.78,18.1,2.51,12.6,3.15,1.27,4.15,0.658,4.57,0.875,2.93,0.42,2.84,0.41
-34.811,179.375,"BASALTIC-ANDESITE [16844]",10.7,23.6,3.48,16.2,4.36,1.41,4.61,0.684,4.37,0.946,2.65,0.363,2.61,0.402
39.97,140.53,"BASALTIC-ANDESITE [3109]",9.43,20.8,2.59,2.88,11.4,1.09,3.13,0.542,3.63,0.807,2.22,0.37,2.65,0.399
39.97,140.53,"BASALTIC-ANDESITE [3109]",14.5,30.2,3.79,3.6,16,1.28,3.99,0.698,4.31,0.942,2.59,0.426,2.91,0.447
34,126,"BASALTIC-ANDESITE [9489]",32.17,63.33,7.17,33.25,5.54,1.42,3.59,0.6,3.37,0.64,1.75,0.23,1.62,0.29
40,129,"BASALTIC-ANDESITE [9489]",17.38,41.86,5.47,25.51,6.44,1.82,6.79,1.1,6.64,1.39,3.95,0.71,3.61,0.56
14.64933,-91.59585,"BASALTIC-ANDESITE [17029]",8.2605,18.3509,2.7871,12.1258,2.9527,0.998,2.9315,0.4899,2.88565,0.5788,1.66225,0.2451,1.609,0.2561
14.66797,-91.60045,"BASALTIC-ANDESITE [17029]",9.0166,19.9325,3.0631,13.49677,3.3821,1.13825,3.357,0.5664,3.36955,0.6642,1.89975,0.2734,1.77005,0.2698
14.66797,-91.60045,"BASALTIC-ANDESITE [17029]",9.3997,20.3919,3.0354,12.65613,2.92455,1.01645,2.8889,0.4694,2.75595,0.5495,1.57775,0.2301,1.5319,0.2343
43,100.87,"BASALTIC-ANDESITE [17034]",14,33,4.4,19,4.3,1.4,4.4,0.73,4.1,0.85,2.3,0.36,2.1,0.33
43,100.87,"BASALTIC-ANDESITE [17034]",13,33,4.5,21,5,1.5,4.9,0.8,4.9,0.98,2.6,0.37,2.5,0.34
43,100.87,"BASALTIC-ANDESITE [17034]",9.9,25,3.4,18.33,4.52,1.3,4,0.68,3.9,0.84,2.2,0.33,2.1,0.31
43,100.87,"BASALTIC-ANDESITE [17034]",13,31,4.1,21.95,4.73,1.1,3.5,0.53,2.8,0.55,1.6,0.23,1.5,0.23
43,100.87,"BASALTIC-ANDESITE [17034]",9,21,2.5,11,2.6,0.74,2.5,0.39,2.4,0.45,1.3,0.18,1.1,0.2
43,100.87,"BASALTIC-ANDESITE [17034]",17,39,5.4,23,5.1,1.6,4.4,0.65,3.6,0.76,2.3,0.3,1.6,0.25
32.3,82.4,"BASALTIC-ANDESITE [17208]",19.9,38.2,4.56,17.5,3.68,1.04,3.53,0.55,3.29,0.65,1.9,0.28,1.76,0.27
38.5,15,"BASALTIC-ANDESITE [3483]",11.34,23.8,2.99,13.14,3.24,1.01,2.86,0.47,2.76,0.63,1.62,0.26,1.73,0.27
38.5,15,"BASALTIC-ANDESITE [3483]",16.41,31.27,3.91,15.99,3.51,1.13,3.49,0.51,2.86,0.65,1.91,0.27,1.85,0.28
38.53,35.45,"BASALTIC-ANDESITE [17167]",23.2,47.1,5.34,21.6,4.3,1.11,3.97,0.61,3.9,0.7,2.23,0.33,2.08,0.32
38.53,35.45,"BASALTIC-ANDESITE [17167]",26.2,51.8,5.67,24.2,4.6,1.21,4.11,0.62,3.8,0.71,2.08,0.29,2.05,0.3
38.53,35.45,"BASALTIC-ANDESITE [17167]",23.8,48.5,5.5,21.5,4.4,1.27,4.38,0.69,3.74,0.75,2.13,0.32,1.91,0.31
38.53,35.45,"BASALTIC-ANDESITE [17167]",23.3,41.9,4.69,19.6,3.9,1.12,3.71,0.59,3.24,0.62,1.88,0.28,1.78,0.25
38.53,35.45,"BASALTIC-ANDESITE [17167]",34.8,62.2,6.98,28.2,5.2,1.43,4.49,0.78,4.35,0.89,2.52,0.38,2.54,0.35
38.53,35.45,"BASALTIC-ANDESITE [17167]",30.2,54.7,6.31,26.1,5.1,1.41,4.85,0.77,4.43,0.89,2.42,0.4,2.43,0.37
38.53,35.45,"BASALTIC-ANDESITE [17167]",28.8,51.6,5.96,24.3,4.7,1.36,4.91,0.73,4.34,0.88,2.32,0.39,2.3,0.35
38.53,35.45,"BASALTIC-ANDESITE [17167]",30.3,59.4,6.57,26.5,4.9,1.37,4.68,0.79,4.68,0.86,2.44,0.36,2.49,0.33
-7.533,110.433,"BASALTIC-ANDESITE [17040]",13.9,28.35,3.84,16.66,4.08,1.31,4.27,0.71,4.29,0.93,2.47,0.42,2.62,0.41
65.83,-53.34,"BASALTIC-ANDESITE [12406]",12,32,4.54,20.09,5.01,1.88,5.41,0.9,5.44,1.15,3.23,0.48,3.11,0.45
65.83,-53.34,"BASALTIC-ANDESITE [12406]",42,94,11.9,50.52,11.06,2.93,10.02,1.47,8.26,1.6,4.22,0.61,3.9,0.55
21.5,73.8,"BASALTIC-ANDESITE [17313]",27.6,63.1,8.14,34.1,7.72,2.24,7.81,1.19,6.99,1.4,3.69,0.525,3.26,0.469
21.5,73.8,"BASALTIC-ANDESITE [17313]",16.1,35.9,4.52,19,4.59,1.44,4.73,0.727,4.31,0.86,2.26,0.317,1.96,0.281
21.5,73.8,"BASALTIC-ANDESITE [17313]",16.3,35.9,4.49,18.9,4.52,1.42,4.64,0.713,4.2,0.845,2.21,0.307,1.92,0.27
21.5,73.8,"BASALTIC-ANDESITE [17313]",23.2,52.9,6.82,29.1,7.14,2.07,7.32,1.13,6.65,1.34,3.52,0.49,3.07,0.438
21.5,73.8,"BASALTIC-ANDESITE [17313]",11.1,24,2.94,12.4,3.16,1.02,3.65,0.6,3.86,0.826,2.27,0.335,2.14,0.318
21.5,73.8,"BASALTIC-ANDESITE [17313]",11.4,24.4,3.03,12.6,3.24,1.08,3.76,0.613,3.97,0.851,2.32,0.345,2.16,0.314
21.5,73.8,"BASALTIC-ANDESITE [17313]",10.8,23.4,2.87,12.1,3.1,1.03,3.61,0.589,3.8,0.814,2.24,0.333,2.14,0.312
-35,-179,"BASALTIC-ANDESITE [17055]",4.346755821,10.7520825,1.718145533,8.743940919,2.66110113,1.025898735,3.192695938,0.558972309,3.795693428,0.810855099,2.387339771,0.347059567,2.314047219,0.348092226
40,112.5,"BASALTIC-ANDESITE [11904]",32.3,64.2,8.35,34,6.5,1.84,6,0.86,4.96,1.05,3.01,0.45,2.83,0.43
40,113.5,"BASALTIC-ANDESITE [11904]",50,98.1,12.6,49.7,8.99,2.49,8.14,1.11,6.11,1.26,3.67,0.51,3.33,0.49
40,113.5,"BASALTIC-ANDESITE [11904]",28.5,54.9,7.1,30,5.61,1.94,5.44,0.85,5.22,1.04,3.04,0.46,2.92,0.41
40,113.5,"BASALTIC-ANDESITE [11904]",36.2,71.1,9.36,37.7,6.97,2.04,6.42,0.85,4.83,0.97,2.8,0.41,2.56,0.39
40.56,39.29,"BASALTIC-ANDESITE [16298]",10.4,20.9,2.81,12.4,2.94,0.88,2.8,0.38,3.04,0.51,1.7,0.25,1.8,0.27
40.56,39.29,"BASALTIC-ANDESITE [16298]",21.1,36.4,4.38,17.1,3.24,1,3.27,0.37,2.72,0.45,1.44,0.21,1.56,0.23
40.56,39.29,"BASALTIC-ANDESITE [16298]",20.6,38.1,4.66,18.7,3.82,1.13,3.6,0.43,2.79,0.47,1.51,0.23,1.5,0.25
41.3475,-122.167,"BASALTIC-ANDESITE [4684] / NOT GIVEN [8496]",16,35.7,4.67,18.9,4.11,1.25,3.29,0.45,2.6,0.5,1.53,0.22,1.44,0.22
41.3186,-122.1666,"BASALTIC-ANDESITE [4684]",3.5,9.4,1.56,8.1,2.62,1.05,2.9,0.54,3.5,0.73,2.18,0.33,2.21,0.3
41.479,-122.1895,"ANDESITE [7205] / BASALTIC-ANDESITE [10782]",18.1,39.7,5.4,20.8,4.34,1.46,3.4,0.41,2.3,0.4,1.22,0.16,1.06,0.16
39.19,27.61,"BASALTIC-ANDESITE [16635]",20.6,41.4,4.41,17,3.09,0.88,2.74,0.49,2.56,0.56,1.63,0.21,1.63,0.24
39.19,27.61,"BASALTIC-ANDESITE [16635]",31.8,64.2,7,25.9,5.05,1.26,4.42,0.66,3.63,0.73,2.01,0.31,1.97,0.3
51.9335,58.1925,"BASALTIC-ANDESITE [15353]",2.53,6.56,0.98,4.83,1.49,0.59,1.82,0.32,2.21,0.49,1.37,0.21,1.32,0.21
38,26,"BASALTIC-ANDESITE [17395]",29,59.1,6.5,24.6,4.2,1,3.7,0.6,3.4,0.7,1.9,0.3,1.7,0.3
38,26,"BASALTIC-ANDESITE [17395]",25.1,52,5.8,21.6,3.8,1,3.2,0.5,2.9,0.7,1.9,0.3,1.8,0.3
38,26,"BASALTIC-ANDESITE [17395]",29.2,59.8,6.8,25,4.5,1.2,4.2,0.6,3.6,0.7,2.2,0.3,1.8,0.3
38,26,"BASALTIC-ANDESITE [17395]",26.8,56.5,6.3,24,4.4,1.1,4.2,0.6,3.5,0.7,2,0.3,2,0.3
30.32,99.35,"BASALTIC-ANDESITE [17408]",19.8,40.1,4.91,20.9,5,1.6,5.83,0.98,5.93,1.24,3.5,0.5,3.19,0.46
30.32,99.35,"BASALTIC-ANDESITE [17408]",18.8,40.6,5.06,21,5.03,1.42,5.52,0.91,5.2,1.04,3.06,0.44,2.89,0.42
30.32,99.35,"BASALTIC-ANDESITE [17408]",22.8,39.5,4.99,20.6,4.75,1.51,5.64,0.92,5.3,1.08,3.26,0.45,2.86,0.44
30.32,99.35,"BASALTIC-ANDESITE [17408]",29.7,56.8,6.9,28,6.14,1.86,6.58,1.08,6.33,1.27,3.77,0.52,3.39,0.48
37.3064,114.1599,"BASALTIC-ANDESITE [17410]",14.5,31.3,4.21,17.9,3.94,1.15,4.08,0.65,3.83,0.77,2.27,0.34,2.08,0.34
49.8,-123,"BASALTIC-ANDESITE [17414]",11.54,26.54,3.78,17.49,4.02,1.35,4,0.58,3.42,0.68,1.98,0.28,1.85,0.28
-29.43,-49.28,"BASALTIC-ANDESITE [17543]",20.6,46.5,5.47,23.1,5.11,1.46,5.71,0.96,5.53,1.15,3.4,0.51,3,0.47
-29.43,-49.28,"BASALTIC-ANDESITE [17543]",24.4,57.5,6.51,26.8,6.08,1.67,6.72,1.13,6.56,1.35,3.9,0.56,3.62,0.53
-29.43,-49.28,"BASALTIC-ANDESITE [17543]",19.8,43,5.28,22.4,4.74,1.44,5.31,0.94,5.43,1.12,3.18,0.47,3.11,0.45
-29.43,-49.28,"BASALTIC-ANDESITE [17543]",21.3,44.4,5.4,23,4.33,1.28,4.77,0.78,4.36,0.96,2.69,0.42,2.39,0.39
-29.43,-49.28,"BASALTIC-ANDESITE [17543]",20.9,45.8,5.47,20.6,4.76,1.32,4.98,0.85,4.81,0.98,2.78,0.42,2.66,0.39
-29.43,-49.28,"BASALTIC-ANDESITE [17543]",18.1,35.1,4.68,19.4,4.06,1.11,4.33,0.72,4.05,0.85,2.44,0.35,2.29,0.32
-29.43,-49.28,"BASALTIC-ANDESITE [17543]",21,45,5.35,21.9,4.73,1.17,4.62,0.79,4.48,0.85,2.51,0.36,2.39,0.35
-29.43,-49.28,"BASALTIC-ANDESITE [17543]",13.1,26.9,3.46,15.3,3.33,0.98,3.72,0.67,3.83,0.79,2.23,0.33,2.12,0.33
-29.43,-49.28,"BASALTIC-ANDESITE [17543]",16.4,33.3,4.32,18.4,3.59,1.11,3.9,0.65,3.59,0.78,2.14,0.31,2.08,0.31
-29.43,-49.28,"BASALTIC-ANDESITE [17543]",21.6,45.1,5.57,23.6,4.63,1.19,4.54,0.77,4.23,0.85,2.51,0.36,2.32,0.36
-29.43,-49.28,"BASALTIC-ANDESITE [17543]",13.6,30.3,3.72,15.9,3.41,1.03,3.62,0.61,3.49,0.75,2.15,0.3,1.98,0.3
-29.43,-49.28,"BASALTIC-ANDESITE [17543]",23.8,56.5,6.4,26.7,6.21,1.71,6.7,1.14,6.69,1.34,3.98,0.57,3.65,0.55
-29.43,-49.28,"BASALTIC-ANDESITE [17543]",25.9,61.3,6.86,29.2,6.57,1.76,7.1,1.19,6.92,1.4,4.01,0.58,3.55,0.55
-29.43,-49.28,"BASALTIC-ANDESITE [17543]",26.3,57.9,6.91,27.6,5.93,1.55,6.01,1.01,5.7,1.16,3.3,0.5,3.15,0.46
-29.43,-49.28,"BASALTIC-ANDESITE [17543]",20.8,44.3,5.41,20.7,4.6,1.29,4.77,0.79,4.55,0.94,2.76,0.43,2.59,0.38
-29.43,-49.28,"BASALTIC-ANDESITE [17543]",35.7,75.7,9.1,35.8,7.4,1.77,7.47,1.24,7.04,1.43,4.19,0.62,3.94,0.58
-29.43,-49.28,"BASALTIC-ANDESITE [17543]",33,71.3,8.53,34.8,7.13,1.67,7.01,1.18,6.41,1.3,3.84,0.6,3.77,0.54
-29.43,-49.28,"BASALTIC-ANDESITE [17543]",33.3,72.2,8.54,34.1,6.94,1.67,7,1.15,6.41,1.28,3.79,0.56,3.59,0.54
-29.43,-49.28,"BASALTIC-ANDESITE [17543]",25.9,53.3,6.68,27,5.76,1.53,5.9,0.99,5.52,1.16,3.36,0.51,3.07,0.48
-29.43,-49.28,"BASALTIC-ANDESITE [17543]",19.8,45.3,5.31,22.3,4.82,1.33,4.96,0.86,4.71,0.97,2.92,0.43,2.68,0.39
-29.43,-49.28,"BASALTIC-ANDESITE [17543]",19.8,44.1,5.18,22.5,4.81,1.32,5.19,0.86,4.79,1.02,3.03,0.44,2.76,0.4
-29.43,-49.28,"BASALTIC-ANDESITE [17543]",18.7,42.1,4.89,21,4.52,1.26,4.71,0.83,4.66,0.97,2.79,0.41,2.57,0.4
-29.43,-49.28,"BASALTIC-ANDESITE [17543]",22.3,47.4,5.68,24.1,4.68,1.27,4.84,0.84,4.64,0.92,2.62,0.4,2.5,0.37
-29.43,-49.28,"BASALTIC-ANDESITE [17543]",22,46,5.71,23.5,4.87,1.25,5,0.82,4.58,0.92,2.65,0.4,2.46,0.37
-29.43,-49.28,"BASALTIC-ANDESITE [17543]",19.9,42.6,5.32,21.7,4.54,1.22,4.57,0.76,4.42,0.86,2.48,0.35,2.31,0.35
-29.43,-49.28,"BASALTIC-ANDESITE [17543]",18.2,40,4.98,19.7,4.54,1.23,4.51,0.79,4.6,0.87,2.42,0.35,2.3,0.33
-29.43,-49.28,"BASALTIC-ANDESITE [17543]",20.5,44.1,5.39,21.3,4.76,1.33,5.08,0.87,4.99,1.03,2.8,0.42,2.68,0.4
-29.43,-49.28,"BASALTIC-ANDESITE [17543]",18.8,40.5,4.99,20.2,4.47,1.24,4.88,0.86,5.09,0.98,2.71,0.41,2.59,0.39
-29.43,-49.28,"BASALTIC-ANDESITE [17543]",27.8,43.7,6.27,26.2,6.02,1.86,8.95,1.48,8.55,1.97,5.44,0.73,3.91,0.59
-29.43,-49.28,"BASALTIC-ANDESITE [17543]",30.3,65.8,7.72,31.3,6.43,1.46,6.31,1.01,5.85,1.14,3.24,0.48,2.9,0.44
-29.43,-49.28,"BASALTIC-ANDESITE [17543]",30,66.8,7.99,31.5,6.66,1.55,6.58,1.07,6.04,1.16,3.46,0.48,2.98,0.48
-29.43,-49.28,"BASALTIC-ANDESITE [17543]",28.9,61,7.64,29.3,6.04,1.56,6.05,1,5.29,1.11,3.01,0.47,3.04,0.45
-29.43,-49.28,"BASALTIC-ANDESITE [17543]",26.6,55.8,6.99,28.3,5.71,1.47,5.97,0.99,5.4,1.16,3.23,0.49,2.91,0.48
-29.43,-49.28,"BASALTIC-ANDESITE [17543]",22.7,48.3,5.97,25.2,5.05,1.28,4.85,0.81,4.53,0.94,2.61,0.39,2.43,0.38
46.25,-83.5,"BASALTIC-ANDESITE [17464]",25.7,54,6.2,22.3,4.62,1.19,4.33,0.71,3.99,0.81,2.25,0.33,2.15,0.34
46.67,-84.25,"BASALTIC-ANDESITE [17464]",16.5,37.1,4.37,16.4,3.71,0.79,3.75,0.64,3.98,0.81,2.37,0.36,2.2,0.35
46.25,-83.55,"BASALTIC-ANDESITE [17464]",25.8,53.8,7.42,28.3,6.09,1.73,5.36,0.87,4.83,0.91,2.47,0.36,2.33,0.36
46.25,-83.5,"BASALTIC-ANDESITE [17464]",32.1,70.5,8.83,33.3,6.82,1.93,6.13,0.9,4.68,0.92,2.4,0.33,2.02,0.31
46.25,-83.5,"BASALTIC-ANDESITE [17464]",43.4,96.5,12.63,49.3,10.29,3.01,9.14,1.24,6.38,1.21,3.13,0.42,2.6,0.39
46.25,-83.55,"BASALTIC-ANDESITE [17464]",45,93.2,12.5,44.7,8.37,2.18,6.48,0.99,5.37,0.96,2.68,0.37,2.45,0.39
46.25,-83.55,"BASALTIC-ANDESITE [17464]",33.4,67.5,8.02,29.6,6.64,1.49,6.91,1.16,7.27,1.63,4.66,0.68,4.43,0.67
46.25,-83.5,"BASALTIC-ANDESITE [17464]",14.4,31.3,3.8,14.6,3.54,1.02,3.38,0.6,3.55,0.8,2.38,0.35,2.2,0.33
46.25,-83.5,"BASALTIC-ANDESITE [17464]",10.2,23.1,2.92,11.4,2.78,0.85,2.99,0.52,3.19,0.7,1.98,0.28,1.68,0.25
46.25,-83.5,"BASALTIC-ANDESITE [17464]",14.8,33.1,4.1,16.4,3.89,1.37,4.14,0.67,4.2,0.89,2.48,0.35,2.1,0.3
46.67,-84.25,"BASALTIC-ANDESITE [17464]",19.2,41.8,5.08,19.7,4.33,1.24,4.37,0.72,4.32,0.91,2.55,0.37,2.35,0.34
46.67,-84.25,"BASALTIC-ANDESITE [17464]",13.5,29.7,3.76,14.6,3.6,0.79,3.98,0.69,4.39,0.96,2.78,0.42,2.75,0.42
46.67,-84.25,"BASALTIC-ANDESITE [17464]",9.2,22.5,2.95,11.4,2.8,0.67,2.96,0.5,3.26,0.71,2.13,0.34,2.17,0.36
46.67,-84.25,"BASALTIC-ANDESITE [17464]",13,30,3.8,15.1,3.35,0.89,3.26,0.5,2.74,0.55,1.44,0.2,1.19,0.18
40,39,"BASALTIC-ANDESITE [17503]",9.7,20.5,2.45,12.9,3.3,1.11,3.44,0.58,3.69,0.68,2.09,0.33,2.06,0.29
40.19,39.13,"BASALTIC-ANDESITE [17503]",10.5,23.6,3,14.3,3.4,1.11,3.94,0.66,4.28,0.88,2.49,0.37,2.55,0.43
40.19,39.13,"BASALTIC-ANDESITE [17503]",12.1,27.4,3.54,16.9,4,1.22,4.63,0.77,5.22,0.95,2.76,0.44,2.69,0.45
40.19,39.13,"BASALTIC-ANDESITE [17503]",15.4,33.8,4.2,18.3,4.4,1.21,4.32,0.7,4.77,0.91,2.74,0.44,2.72,0.41
40.19,39.13,"BASALTIC-ANDESITE [17503]",11.2,23.8,2.98,13.9,3,1.05,3.37,0.55,3.53,0.66,2.05,0.35,2.16,0.34
46.715,120.4167,"BASALTIC-ANDESITE [17526]",6.7,14.8,2.2,11.7,3.69,1.32,4.04,0.7,3.92,0.75,1.95,0.27,1.6,0.23
46.7133,120.54,"BASALTIC-ANDESITE [17526]",6.9,14.5,2.1,10.7,3.13,1.14,3.65,0.65,3.7,0.74,1.97,0.28,1.67,0.24
46.7133,120.54,"BASALTIC-ANDESITE [17526]",6.7,14.8,2.1,10.5,3.08,1.13,3.53,0.63,3.64,0.72,1.89,0.27,1.62,0.23
46.9433,120.2583,"BASALTIC-ANDESITE [17526]",5.9,13.1,1.9,10.1,3.08,1.15,3.51,0.61,3.42,0.66,1.7,0.24,1.44,0.21
46.9433,120.2583,"BASALTIC-ANDESITE [17526]",11,23.6,3.2,15.7,4.3,1.5,4.34,0.71,3.69,0.68,1.7,0.23,1.33,0.19
46.7833,120.3267,"BASALTIC-ANDESITE [17526]",12,26.3,3.6,18.1,4.84,1.65,4.58,0.72,3.65,0.66,1.62,0.22,1.25,0.17
46.7833,120.3267,"BASALTIC-ANDESITE [17526]",8.8,20.4,3,16,4.59,1.55,4.35,0.68,3.46,0.62,1.54,0.21,1.2,0.17
46.7833,120.3267,"BASALTIC-ANDESITE [17526]",12.3,27.2,3.8,19,5.14,1.7,4.83,0.76,3.86,0.7,1.71,0.23,1.32,0.18
46.71,119.99,"BASALTIC-ANDESITE [17526]",6.5,14.8,2.1,10.8,3.23,1.17,3.76,0.68,3.9,0.77,2.04,0.29,1.76,0.25
46.71,119.99,"BASALTIC-ANDESITE [17526]",6.3,14.2,2,10.5,3.13,1.16,3.67,0.65,3.79,0.75,1.98,0.28,1.72,0.24
66,-24,"BASALTIC-ANDESITE [3490]",40.6,97.14,13.21,57.82,12.85,3.62,11.98,1.8,9.51,1.67,4.11,0.58,3.32,0.49
66,-24,"BASALTIC-ANDESITE [3490]",32.65,80.32,10.73,46.35,10.86,3.19,9.62,1.42,7.44,1.38,3.33,0.43,2.6,0.36
66,-24,"BASALTIC-ANDESITE [3490]",41.5,97.36,13.07,57.05,12.95,3.67,11.67,1.74,8.97,1.69,4.17,0.57,3.23,0.48
45.1,141.27,"BASALTIC-ANDESITE [10509]",15.7,38.9,4.73,20.8,4.96,1.69,5.3,0.9,5.65,1.22,3.12,0.48,3.43,0.49
2.95,114.63,"BASALTIC-ANDESITE [17705]",15.6,30.2,3.9,16.3,4.26,1.43,4.61,0.75,4.5,0.89,2.3,0.32,1.93,0.3
2.95,114.67,"BASALTIC-ANDESITE [17705]",14.2,27.6,3.5,14.5,3.79,1.28,4.02,0.67,4.02,0.79,2.07,0.29,1.75,0.27
3.24,114.35,"BASALTIC-ANDESITE [17705]",29,56.7,6.2,22.8,4.43,1.17,3.72,0.55,2.98,0.54,1.46,0.2,1.24,0.17
2.43,114.08,"BASALTIC-ANDESITE [17705]",13.7,27.7,3.5,15.5,4,1.37,4.65,0.76,4.59,0.92,2.58,0.36,2.23,0.33
3.04,114.65,"BASALTIC-ANDESITE [17705]",13.7,26.1,3.3,13.7,3.62,1.23,3.98,0.67,4.05,0.8,2.14,0.3,1.83,0.29
2.99,114.86,"BASALTIC-ANDESITE [17705]",11.3,21.9,2.8,12,3.41,1.2,3.84,0.65,3.96,0.79,2.11,0.29,1.79,0.28
38.79,15.21,"BASALTIC-ANDESITE [4673]",43.2,81.9,9.54,35.9,6.75,1.67,7,0.91,5.02,0.97,2.87,0.41,2.69,0.42
38.79,15.21,"SHOSHONITE [4673] / BASALTIC-ANDESITE [8183]",48.5,92,11.41,45.3,8.54,2.11,7.96,1.06,5.71,1.12,2.89,0.45,2.81,0.47
38.79,15.21,"SHOSHONITE [4673] / BASALTIC-ANDESITE [8183]",54.4,100.2,12.48,49,8.92,2.19,7.88,1.06,5.52,1.07,2.77,0.43,2.66,0.44
38.79,15.21,"SHOSHONITE [4673] / BASALTIC-ANDESITE [8183]",60.9,111.3,13.96,55.1,10.1,2.47,9.2,1.25,6.58,1.3,3.34,0.51,3.22,0.54
43,145,"BASALTIC-ANDESITE [17697]",7.25,17.88,2.59,12.06,3.36,0.95,3.99,0.66,4.31,0.91,2.5,0.4,2.64,0.4
38.79,15.21,"CALC-ALKALI BASALT [4370] / BASALTIC-ANDESITE [4673]",34.8,67.6,8.14,32,6.22,1.62,6.48,0.85,4.65,0.9,2.61,0.36,2.34,0.37
43,145,"BASALTIC-ANDESITE [17697]",3,8.56,1.32,7.09,2.46,0.94,3.51,0.6,4.09,0.88,2.46,0.381,2.54,0.38
43,145,"BASALTIC-ANDESITE [17697]",5.41,13.77,1.87,9.09,2.69,0.98,3.42,0.56,3.77,0.81,2.25,0.35,2.36,0.36
43,145,"BASALTIC-ANDESITE [17697]",5.82,16.66,2.88,13.67,4.23,1.3,4.95,0.92,5.93,1.25,3.68,0.54,3.64,0.54
43,145,"BASALTIC-ANDESITE [17697]",5.52,15.24,2.32,11.61,3.57,1.13,4.57,0.76,5.12,1.08,2.92,0.45,3.02,0.45
43,145,"BASALTIC-ANDESITE [17697]",1.97,5.6,0.84,4.53,1.53,0.55,2.15,0.37,2.54,0.55,1.54,0.246,1.64,0.25
43,145,"BASALTIC-ANDESITE [17697]",1.64,5.34,0.86,4.86,1.77,0.76,2.61,0.46,3.15,0.69,1.96,0.311,2.14,0.33
37.2915,-78.4383,"BASALTIC-ANDESITE [17633]",11.91436061,24.87581702,3.311921773,14.08548169,3.895004261,1.276227486,4.744424798,0.885736488,5.976584494,1.292472948,3.70977738,0.56346205,3.467761917,0.567043334
35.2196,101.8228,"BASALTIC-ANDESITE [17625]",20.1,43.6,5.14,20.9,4.24,1.35,4.03,0.611,3.41,0.66,1.75,0.246,1.43,0.215
63.1222,-50.6194,"BASALTIC-ANDESITE [17722]",22.8,49.6,5.87,24.1,3.84,1.03,3.26,0.52,2.86,0.59,1.7,0.25,1.67,0.24
-27.359,-68.924,"BASALTIC-ANDESITE [17879]",23.9,52.5,6.47,26.3,5.44,1.73,4.7,0.62,3.3,0.59,1.64,0.216,1.4,0.205
-27.347,-68.954,"BASALTIC-ANDESITE [17879]",24.2,54.8,6.77,27.7,5.68,1.81,4.7,0.61,3.2,0.55,1.51,0.197,1.3,0.185
44,81,"BASALTIC-ANDESITE [17876]",7.06,16.02,2.17,9.23,2.42,0.75,2.6,0.48,3.29,0.73,2.1,0.33,2.15,0.33
38.79,15.21,"NOT GIVEN [4923] / BASALTIC-ANDESITE [4862]",23.2,44.7,5.37,21.1,4.23,1.17,4.48,0.6,3.38,0.66,1.95,0.27,1.8,0.28
38.79,15.21,"CALC-ALKALI BASALT [4370] / NOT GIVEN [11126] / BASALTIC-ANDESITE [4862]",21.8,42.4,5.09,20.3,4.11,1.13,4.38,0.59,3.4,0.67,1.97,0.28,1.83,0.29
39.07,8.68,"BASALTIC-ANDESITE [18050]",14.8,30.3,3.9,16.2,3.7,1.01,3.9,0.6,3.6,0.7,2.1,0.32,2.1,0.33
39.07,8.68,"BASALTIC-ANDESITE [18050]",13.9,31,4.2,17.9,4.3,1.19,4.5,0.7,4.2,0.8,2.4,0.36,2.4,0.38
39.07,8.68,"BASALTIC-ANDESITE [18050]",13.6,28.9,4,16.7,4,1.13,4.2,0.7,4,0.8,2.3,0.35,2.3,0.37
39.07,8.68,"BASALTIC-ANDESITE [18050]",14.9,31,4.2,17.7,4.1,1.15,4.2,0.7,3.9,0.8,2.3,0.35,2.3,0.37
39.58,8.55,"BASALTIC-ANDESITE [18050]",11.6,23.8,3,12,2.87,0.79,2.9,0.48,3.02,0.62,1.8,0.26,1.8,0.29
39.8,8.75,"BASALTIC-ANDESITE [18050]",7.2,15.2,2,8.5,2.18,0.68,2.4,0.4,2.52,0.53,1.53,0.23,1.6,0.25
41.07401,43.9384,"BASALTIC-ANDESITE [18049]",31.33,55.91,5.979,26.92,5.171,1.515,5.155,0.787,4.5205,0.914,2.524,0.41,2.524,0.413
41.08039,43.9459,"BASALTIC-ANDESITE [18049]",27.34,49.08,5.127,22.55,4.1915,1.2105,4.037,0.599,3.4255,0.677,1.8535,0.297,1.857,0.298
41.08039,43.9459,"BASALTIC-ANDESITE [18049]",31.76,54.62,5.924,26.55,5.001,1.439,5.04,0.755,4.335,0.875,2.355,0.385,2.3615,0.38
39.8,8.75,"BASALTIC-ANDESITE [18182]",7.21,15.2,1.98,8.55,2.18,0.68,2.42,0.4,2.52,0.53,1.53,0.23,1.58,0.25
38.86,8.41,"BASALTIC-ANDESITE [18171]",37.9,71.3,8.3,29,5.1,1.59,4.2,0.6,3.6,0.7,2.1,0.31,2,0.31
47.8233,-122.6667,"BASALTIC-ANDESITE [18114]",20.3,42.3,5.36,21.8,4.8,1.65,4.65,0.74,4.21,0.8,2.11,0.29,1.78,0.27
46.7943,-121.7427,"BASALTIC-ANDESITE [18114]",16.4,34.5,4.39,18.2,4.21,1.33,4.03,0.64,3.82,0.77,2.05,0.29,1.81,0.27
46.8901,-121.7775,"BASALTIC-ANDESITE [18114]",14.2,30.8,4.12,17.8,4.45,1.33,4.22,0.63,3.54,0.66,1.71,0.24,1.44,0.21
46.9125,-121.8063,"BASALTIC-ANDESITE [18114]",29.1,61.1,7.71,30.9,6.03,1.75,4.79,0.69,3.82,0.74,1.89,0.27,1.65,0.26
46.9034,-121.8075,"BASALTIC-ANDESITE [18114]",15.7,33.9,4.4,18.5,4.27,1.46,4.18,0.67,3.97,0.8,2.1,0.3,1.85,0.28
47.0917,-121.8515,"BASALTIC-ANDESITE [18114]",27.3,57.8,7.38,29.4,5.86,1.73,4.85,0.73,4.24,0.84,2.26,0.32,1.98,0.31
46.3477,-121.8607,"BASALTIC-ANDESITE [18114]",36.8,77,9.66,38.1,7,2.04,5.44,0.77,4.03,0.74,1.8,0.25,1.51,0.22
41.4803,-122.2063,"BASALTIC-ANDESITE [4450] / CALC-ALKALI BASALT [20728]",10.15,24,3.11,13.28,2.85,0.93,2.64,0.388,2.5,0.5,1.45,0.221,1.34,0.203
41.2616,-122.219,"BASALTIC-ANDESITE [4450] / CALC-ALKALI BASALT [20728]",4.53,10.86,1.54,7.04,1.84,0.66,2.04,0.364,2.23,0.46,1.37,0.21,1.3,0.203
41.261,-122.219,"BASALTIC-ANDESITE [4450] / CALC-ALKALI BASALT [20728]",10.83,25.84,3.43,14.29,3.09,1.02,2.89,0.44,2.69,0.52,1.53,0.23,1.38,0.222
40.015,-121.9628,"BASALTIC-ANDESITE [4450] / CALC-ALKALI BASALT [20728]",7.94,17.93,2.66,10.69,2.78,0.96,3.21,0.65,3.92,0.94,2.6,0.45,2.58,0.46
40.339636,-122.050684,"BASALTIC-ANDESITE [4450] / CALC-ALKALI BASALT [20728] / NOT GIVEN [2261]",6.99,16.44,2.39,9.48,2.26,0.83,2.58,0.51,3.2,0.77,2.21,0.364,2.2,0.377
40.5313,-121.0488,"BASALTIC-ANDESITE [4450] / CALC-ALKALI BASALT [20728]",13.02,31.75,4.61,18.46,4.28,1.36,4.36,0.76,4.18,0.92,2.41,0.381,2.21,0.365
37.5633,-119.0583,"BASALTIC-ANDESITE [16178]",33.04,68.14,8.55,32.29,6.02,1.89,5.16,0.77,3.99,0.79,2.15,0.3,1.92,0.3
37.56,-119.0617,"BASALTIC-ANDESITE [16178]",32.36,69.39,8.56,32.47,6.09,1.9,5.14,0.75,3.91,0.81,2.06,0.3,1.84,0.28
37.6983,-118.9567,"BASALTIC-ANDESITE [16178]",32.93,70.08,8.88,33.74,5.95,1.84,4.83,0.68,3.47,0.67,1.78,0.24,1.53,0.24
37.6383,-119.0783,"BASALTIC-ANDESITE [16178]",35.69,75.37,9.66,37.31,6.94,2.17,5.99,0.85,4.65,0.92,2.47,0.34,2.18,0.33
37.8267,-119.0683,"BASALTIC-ANDESITE [16178]",25.38,54.63,6.94,26.48,4.93,1.65,4.43,0.65,3.43,0.68,1.8,0.26,1.55,0.25
54.63,-164.73,"NOT GIVEN [6565]",13.42,32.11,4.95,22.44,6.35,1.91,6.66,1.08,6.6,1.36,3.88,0.6,3.79,0.6
38.79,15.21,"SHOSHONITE [4923] / BASALTIC-ANDESITE [11126]",45,90.5,10.9,43.7,8.45,2.2,8.45,1.09,5.74,1.07,3.06,0.42,2.69,0.42
38.79,15.21,"SHOSHONITE [4923] / BASALTIC-ANDESITE [8183]",54.2,101.4,12.87,51.6,9.66,2.35,9.02,1.2,6.25,1.24,3.22,0.5,3.13,0.52
38.79,15.21,"BASALT [5055] / BASALTIC-ANDESITE [4275]",48,92,11.2,42,7.9,2,6.2,0.86,4.67,0.86,2.32,0.36,2,0.34
38.79,15.21,"BASALTIC-ANDESITE [5055]",43,85,10.2,38,7.5,2,6.7,0.86,4.86,0.85,2.28,0.36,2.34,0.31
38.79,15.21,"BASALTIC-ANDESITE [5055]",44,87,10.3,39,7.6,2,6.3,0.9,4.8,0.89,2.27,0.36,2.04,0.3
-25.974,-67.538,"BASALTIC-ANDESITE [17669]",24.9,50.8,6.09,24,4.78,1.3,4.17,0.61,3.63,0.72,2.01,0.29,1.92,0.28
-25.992,-67.543,"BASALTIC-ANDESITE [17669]",28.4,58.3,7,26.9,5.33,1.39,4.54,0.67,3.86,0.73,2.19,0.3,1.97,0.29
-26.117,-67.423,"BASALTIC-ANDESITE [17669]",33,68.9,8.36,32.3,6.22,1.62,5.08,0.75,4.11,0.78,2.18,0.29,1.91,0.28
-25.868,-67.416,"BASALTIC-ANDESITE [17669]",36.6,76.8,9.21,35.3,6.74,1.63,5.57,0.8,4.14,0.76,2,0.27,1.7,0.25
-25.868,-67.416,"BASALTIC-ANDESITE [17669]",24.1,50.8,6.21,24.8,5.19,1.36,4.88,0.71,4.18,0.83,2.26,0.31,2.04,0.31
-25.926,-67.489,"BASALTIC-ANDESITE [17669]",24.2,50.9,6.4,25.1,5.07,1.38,4.71,0.7,4.05,0.8,2.2,0.31,1.98,0.28
-25.245,-67.048,"BASALTIC-ANDESITE [17669]",24.5,51.3,6.38,25.3,5.28,1.38,4.72,0.69,4.11,0.78,2.15,0.3,1.9,0.28
-26.407,-67.249,"BASALTIC-ANDESITE [17669]",33.2,65.9,7.8,29.9,5.68,1.5,4.66,0.64,3.44,0.66,1.74,0.25,1.59,0.23
-30.45,-53.56,"BASALTIC-ANDESITE [16392]",45.9,92.3,9.33,43.6,9.4,2.73,9.9,1.5,8,1.6,4.9,0.53,4.2,0.68
47,88.5,"BASALTIC-ANDESITE [18107]",25.7,57,7.22,30.8,6.67,1.98,6.72,1.02,6.21,1.25,3.61,0.53,3.42,0.51
47,88.5,"BASALTIC-ANDESITE [18107]",27.8,62,7.78,33.2,7.11,2.1,7.15,1.09,6.56,1.31,3.73,0.55,3.48,0.53
47,88.5,"BASALTIC-ANDESITE [18107]",27.3,61,7.66,32.6,7.12,2.09,7.14,1.08,6.53,1.33,3.81,0.56,3.6,0.55
47,88.5,"BASALTIC-ANDESITE [18107]",26.7,59,7.47,32,6.96,2.04,6.98,1.06,6.43,1.29,3.72,0.55,3.49,0.52
47,88.5,"BASALTIC-ANDESITE [18107]",32.1,73,9.46,40.7,8.51,2.52,8.22,1.22,7.16,1.43,4.05,0.59,3.69,0.56
47,88.5,"BASALTIC-ANDESITE [18107]",34.8,76,9.73,41.5,8.52,2.45,8.07,1.19,7.01,1.39,3.97,0.57,3.7,0.56
-7.933,112.305,"BASALTIC-ANDESITE [17500]",5.7,13.3,1.8,9.1,2.16,0.84,2.51,0.45,2.65,0.58,1.72,0.27,1.75,0.28
-7.933,112.305,"BASALTIC-ANDESITE [17500]",5.8,13.8,1.79,7.9,2.23,0.88,2.52,0.44,2.66,0.58,1.71,0.27,1.76,0.27
-7.933,112.305,"BASALTIC-ANDESITE [17500]",5.7,13.1,1.7,8.1,2.2,0.81,2.51,0.43,2.51,0.55,1.78,0.26,1.74,0.27
-7.933,112.305,"BASALTIC-ANDESITE [17500]",5.7,13.3,1.74,8.8,2.22,0.85,2.57,0.44,2.69,0.56,1.75,0.27,1.76,0.28
-7.933,112.305,"BASALTIC-ANDESITE [17500]",5.6,12.8,1.72,8.6,2.03,0.8,2.34,0.4,2.46,0.55,1.58,0.25,1.66,0.25
-7.933,112.305,"BASALTIC-ANDESITE [17500]",5.9,13.7,1.8,9.1,2.25,0.85,2.51,0.44,2.68,0.55,1.64,0.27,1.72,0.28
-7.933,112.305,"BASALTIC-ANDESITE [17500]",5.5,13.2,1.72,8.7,2.24,0.83,2.44,0.42,2.5,0.55,1.71,0.25,1.68,0.26
-7.933,112.305,"BASALTIC-ANDESITE [17500]",5.5,12.6,1.71,8,2.16,0.81,2.44,0.44,2.54,0.53,1.71,0.26,1.71,0.27
39.2,14.4,"BASALTIC-ANDESITE [18349]",23.9,41.1,5.14,20.7,4.19,1.4,4.61,0.74,4.4,0.92,2.6,0.41,2.65,0.4
26.5878,142.1586,"BASALTIC-ANDESITE [18360]",4.26,10.7,1.52,7.6,2.5,0.9,3,0.57,3.52,0.76,2.58,0.44,2.29,0.36
26.5877,142.1571,"BASALTIC-ANDESITE [18360]",4.5,10.1,1.47,7.8,2.3,0.95,3,0.54,3.67,0.81,2.58,0.47,2.25,0.37
26.5877,142.1571,"BASALTIC-ANDESITE [18360]",3.69,8.6,1.24,6.2,1.9,0.66,2.4,0.44,2.96,0.65,1.85,0.29,1.9,0.32
26.5535,142.2063,"BASALTIC-ANDESITE [18360]",1.81,5,0.78,4.4,1.5,0.6,2,0.38,2.46,0.51,1.5,0.24,1.48,0.24
26.5535,142.2063,"BASALTIC-ANDESITE [18360]",1.66,4.6,0.7,3.9,1.4,0.52,1.7,0.33,2.01,0.44,1.32,0.19,1.32,0.2
26.5632,142.2083,"BASALTIC-ANDESITE [18360]",2.15,6,0.88,5,1.7,0.62,2.2,0.44,2.99,0.68,1.98,0.33,1.97,0.31
26.3238,142.0922,"BASALTIC-ANDESITE [18360]",5.07,10.3,1.45,8.1,2.4,0.82,3.6,0.61,3.94,0.89,2.65,0.38,2.51,0.4
26.5543,142.2058,"BASALTIC-ANDESITE [18360]",2.17,6.2,0.96,5.5,2,0.68,2.7,0.5,3.27,0.71,2.11,0.29,2.11,0.33
26.5659,142.2306,"BASALTIC-ANDESITE [18360]",4.39,10.6,1.59,8.7,2.6,0.86,3.8,0.68,4.11,0.94,3.06,0.67,2.89,0.46
26.5734,142.2311,"BASALTIC-ANDESITE [18360]",3.62,9.8,1.36,7.3,2.2,0.74,3.1,0.57,3.82,0.86,2.64,0.41,2.58,0.39
26.5734,142.2311,"BASALTIC-ANDESITE [18360]",2.77,8.3,1.28,6.8,2.3,0.74,2.9,0.54,3.65,0.81,2.42,0.39,2.39,0.37
26.5734,142.2311,"BASALTIC-ANDESITE [18360]",2.78,8,1.3,6.8,2.4,0.71,3,0.58,3.9,0.86,2.51,0.39,2.57,0.38
26.554,142.2028,"BASALTIC-ANDESITE [18360]",3.04,9.2,1.3,7,2.2,0.88,3.2,0.6,3.73,0.86,2.58,0.4,2.49,0.39
26.5706,142.2268,"BASALTIC-ANDESITE [18360]",3.45,5.9,1.13,6.5,2.3,0.78,3.5,0.62,4.01,0.97,2.92,0.44,2.75,0.45
26.5514,142.2081,"BASALTIC-ANDESITE [18360]",3.54,9.2,1.44,8.1,2.6,0.9,3.4,0.65,4.35,0.93,2.85,0.45,2.87,0.46
26.3238,142.0922,"BASALTIC-ANDESITE [18360]",2.17,5.7,0.94,5,1.7,0.65,2.3,0.43,2.66,0.59,1.7,0.25,1.79,0.28
19.12,72.91,"BASALTIC-ANDESITE [18406]",11.1,22.5,2.52,9.9,2.25,0.82,2.63,0.46,3.18,0.745,2.19,0.35,2.32,0.36
19.12,72.91,"BASALTIC-ANDESITE [18406]",14.9,32.9,4.43,18.9,4.56,1.46,4.59,0.73,4.28,0.88,2.31,0.33,2.05,0.3
19.12,72.91,"BASALTIC-ANDESITE [18406]",7.6,19.9,2.85,13.9,4.19,1.44,4.67,0.79,4.72,0.96,2.45,0.34,2.08,0.3
19.12,72.91,"BASALTIC-ANDESITE [18406]",10.7,26.1,3.46,15.7,4.28,1.44,4.62,0.76,4.54,0.94,2.41,0.34,2.09,0.3
19.12,72.91,"BASALTIC-ANDESITE [18406]",22,42.6,5.12,19.9,4.2,1.41,4.44,0.7,4.38,0.96,2.69,0.41,2.71,0.42
19.12,72.91,"BASALTIC-ANDESITE [18406]",9.8,20.9,2.42,9.7,2.19,0.76,2.51,0.44,2.99,0.7,2.06,0.33,2.26,0.36
-0.2961,-78.2403,"BASALTIC-ANDESITE [18321]",80.6,157,18.3,73.2,11.9,3.02,7.36,0.78,4.02,0.65,1.67,0.25,1.44,0.22
-0.2969,-78.2453,"BASALTIC-ANDESITE [18321]",87.8,167,20.5,80,12.7,3.1,8.11,1.01,4.42,0.72,1.96,0.23,1.7,0.29
-0.2958,-78.2406,"BASALTIC-ANDESITE [18321]",87.5,167,20.3,79.6,13.1,2.99,8.08,0.99,4.38,0.72,1.93,0.26,1.5,0.27
-0.2958,-78.2406,"BASALTIC-ANDESITE [18321]",87.7,168,20.4,79.2,12.8,3.03,7.96,1,4.34,0.69,1.91,0.26,1.6,0.26
-0.2958,-78.2406,"BASALTIC-ANDESITE [18321]",83.8,161,19.6,77.5,12.6,3,7.95,0.97,4.15,0.68,1.97,0.24,1.6,0.22
-0.2958,-78.2406,"BASALTIC-ANDESITE [18321]",86.6,165,20.4,77.9,13.3,3.11,8.07,0.97,4.23,0.72,1.7,0.23,1.5,0.25
-0.3011,-78.2342,"BASALTIC-ANDESITE [18321]",89.3,169,20.6,79.7,12.8,3.14,8.35,0.95,4.31,0.7,1.8,0.22,1.6,0.25
18.9648,-101.716,"CALC-ALKALI BASALT [4934] / BASALTIC-ANDESITE [11188]",10.7,22.2,3.46,14.11,3.29,1.31,3.28,0.63,3.23,0.8,2,0.37,1.86,0.32
19.2733,-101.6413,"CALC-ALKALI BASALT [4934] / BASALTIC-ANDESITE [11188]",10.4,20.5,3.39,13.8,3.36,1.38,3.28,0.69,3.15,0.8,1.92,0.4,1.84,0.32
50.32,155.46,"BASALT [11076] / BASALTIC-ANDESITE [14714]",6.47,16.64,2.32,10.68,2.99,1.07,2.98,0.6,3.75,0.76,2.21,0.34,2.25,0.35
42.1,81.5,"BASALTIC-ANDESITE [18369]",36.3,71.4,8.34,34.9,8.23,1.59,7.37,1.29,7.45,1.36,3.67,0.582,3.62,0.547
42.1,81.5,"BASALTIC-ANDESITE [18369]",30.2,59.2,7.14,27,5.65,1.28,5.43,1.03,5.42,1.08,3.3,0.508,3.3,0.466
42.1,81.5,"BASALTIC-ANDESITE [18369]",26.3,52.1,6.8,26.4,5.22,1.14,5.4,0.926,5.44,1.04,3.03,0.493,3.21,0.476
39.6,39.5,"BASALTIC-ANDESITE [15100]",36.4,68,7.8,29,5.8,1.08,4.6,0.71,3.66,0.73,1.95,0.29,1.81,0.24
39.6,39.5,"BASALTIC-ANDESITE [15100]",37.6,70,7.9,29.9,5.7,1.13,4.8,0.68,3.89,0.75,2.02,0.3,1.82,0.27
38.67,26.4506,"BASALTIC-ANDESITE [15100]",37,72,8.4,32.1,6,0.97,4.9,0.68,3.59,0.71,1.87,0.29,1.79,0.25
28.6,61.13,"BASALTIC-ANDESITE [16196]",27.6,52.2,6.32,24.2,4.82,1.3,4.85,0.74,4.29,0.81,2.23,0.33,2.13,0.33
11.26,-60.65,"BASALTIC-ANDESITE [17405]",3.130384929,7.066155724,1.196033075,5.880570126,1.803058738,0.666860747,2.038189861,0.355008486,2.18837448,0.444686597,1.283804244,0.202879404,1.263175272,0.205446661
11.26,-60.65,"BASALTIC-ANDESITE [17405]",24.74730303,46.62452756,7.537202826,31.52579597,8.221405457,2.107555582,7.894416445,1.403962047,8.562188443,1.609283288,4.786108371,0.804311189,5.323466541,0.816768354
11.26,-60.65,"BASALTIC-ANDESITE [17405]",5.274129595,12.39684789,2.071555682,9.448858721,2.59211413,0.900794209,2.837982931,0.462621101,3.14426709,0.601830305,1.754573835,0.292721959,1.762459484,0.285830323
11.26,-60.65,"BASALTIC-ANDESITE [17405]",5.245635417,12.16206531,2.087616763,10.01539798,2.932282708,1.020433651,2.965385309,0.499893204,3.21811086,0.619584856,1.911475113,0.300040816,1.90901301,0.294688235
11.26,-60.65,"BASALTIC-ANDESITE [17405]",7.936115913,16.81446221,2.483412494,11.12591205,2.978060646,0.929081176,2.952284211,0.507790584,3.064652918,0.598780037,1.756632118,0.290038935,1.87101356,0.303837748
28.2,32.45,"BASALTIC-ANDESITE [18455]",24,54,6.9,29,6.1,1.5,5.1,0.8,4.1,0.79,2.3,0.34,2.1,0.33
43.34,126.78,"BASALTIC-ANDESITE [18485]",37.3,86.5,11.9,49.8,7.85,2.87,6.69,0.93,4.25,0.71,2.13,0.31,1.92,0.26
48.5082,-56.7378,"BASALTIC-ANDESITE [9437]",6.66,13.35,1.84,8.16,1.91,0.78,2.18,0.38,2.26,0.52,1.55,0.2,1.48,0.23
48.5409,-56.6551,"BASALTIC-ANDESITE [9437]",7.06,17.32,2.28,10.99,2.9,0.96,3.57,0.5,3.72,0.79,2.22,0.31,2.08,0.31
48.6311,-56.4861,"BASALTIC-ANDESITE [9437]",9.07,21.11,2.82,12.13,3.13,0.9,3.26,0.33,2.19,0.48,1.23,0.19,1.44,0.17
48.6406,-56.4888,"BASALTIC-ANDESITE [9437]",4.62,12.38,1.95,10.72,3.21,0.97,3.74,0.46,3.33,0.8,2.46,0.28,1.88,0.27
-30.5,-56.5,"BASALTIC-ANDESITE [16538]",34.1,71,8.7,38,7.4,1.7,7,1.21,6.79,1.36,4.08,0.59,3.46,0.53
-30.39,-56.45,"BASALTIC-ANDESITE [16538]",27.5,53,6.4,26,5.9,1.7,6.1,1.03,6,1.16,3.52,0.51,3.1,0.43
-30.5,-56.5,"BASALTIC-ANDESITE [16538]",17.9,38,4.4,17,4.2,1.2,4.4,0.8,4.71,0.88,2.52,0.34,2.13,0.35
-30.39,-56.45,"BASALTIC-ANDESITE [16538]",26.9,58,7.2,31,6.4,1.6,6.6,1.16,6.68,1.39,4.11,0.59,3.56,0.54
-30.5,-56.5,"BASALTIC-ANDESITE [16538]",31.5,61,7.6,29,6.3,1.7,6.4,1.22,7.38,1.33,3.78,0.6,3.31,0.54
-30.39,-56.45,"BASALTIC-ANDESITE [16538]",27.5,53,6.4,26,5.9,1.7,6.1,1.03,6,1.16,3.52,0.51,3.1,0.43
-30.39,-56.45,"BASALTIC-ANDESITE [16538]",25.2,53,6.8,28,6.4,1.7,6.7,1.13,6.65,1.34,3.72,0.58,3.43,0.52
46.8,88.5,"BASALTIC-ANDESITE [16566]",3.7,9.1,1.3,6.87,2.03,0.67,2.05,0.38,2.35,0.5,1.47,0.22,1.38,0.22
46.8,88.5,"BASALTIC-ANDESITE [16566]",4.5,10.8,1.6,7.3,2.2,0.85,2.66,0.44,2.98,0.62,1.89,0.28,1.8,0.27
46.8,88.5,"BASALTIC-ANDESITE [16566]",4.4,10.6,1.5,7,2.01,0.74,2.35,0.43,2.67,0.58,1.69,0.25,1.6,0.25
46.8,88.5,"BASALTIC-ANDESITE [16566]",3.5,9.1,1.3,8.95,2.5,0.6,1.89,0.34,2.02,0.44,1.31,0.19,1.21,0.19
46.8,88.5,"BASALTIC-ANDESITE [16566]",3.6,8.9,1.2,7.81,2.32,0.62,2.07,0.39,2.31,0.51,1.5,0.22,1.39,0.21
46.8,88.5,"BASALTIC-ANDESITE [16566]",4.7,13.1,2.1,10.8,3.62,1.29,4.59,0.89,5.53,1.21,3.49,0.53,3.23,0.5
46.8,88.5,"BASALTIC-ANDESITE [16566]",3.5,9.2,1.3,6.3,1.92,0.74,2.26,0.38,2.57,0.55,1.64,0.24,1.59,0.25
46.8,88.5,"BASALTIC-ANDESITE [16566]",4,10.1,1.4,7.96,2.37,0.79,2.32,0.4,2.78,0.58,1.73,0.26,1.65,0.25
42.8,93,"BASALTIC-ANDESITE [16568]",24.7,51,6.27,24.7,4.48,1.37,3.48,0.53,2.81,0.57,1.39,0.28,1.53,0.22
42.8,93,"BASALTIC-ANDESITE [16568]",30.3,59.3,7.81,32.1,6.01,1.82,4.91,0.74,3.84,0.81,1.92,0.37,1.94,0.29
12.96943,-87.66699,"BASALTIC-ANDESITE [18498]",6.23,13.65,2.13,10.49,2.83,0.95,3.52,0.54,3.35,0.7,2.01,0.29,1.91,0.29
-36.749201,-68.949138,"BASALTIC-ANDESITE [18602]",38.72341647,80.4754093,10.52726951,43.10053405,8.795757345,2.482606461,8.344355101,1.224743611,6.666340341,1.311627393,3.634363118,0.51339047,3.317774028,0.491675527
-36.377181,-69.219251,"BASALTIC-ANDESITE [18602]",34.70691701,70.7629808,8.363250972,33.3957419,6.878700119,2.000765186,6.642331788,0.993980935,5.596432638,1.03443978,2.947075833,0.434908401,2.848088958,0.418967703
42.03,35.16,"BASALTIC-ANDESITE [18556]",14.3,27.6,3.27,14,2.74,0.75,2.6,0.42,2.47,0.51,1.55,0.23,1.56,0.25
-0.538,-77.626,"BASALTIC-ANDESITE [9195] / PHONOLITE [5009]",134,229,23.9,86.3,13.7,3.67,10.4,1.07,7.16,1.31,3.33,0.49,3.59,0.5
26.35,127.14,"BASALTIC-ANDESITE [3660] / BASALT [5377]",5.96,14.96,2.12,10.13,3.05,1.06,3.68,0.66,4.21,0.91,2.67,0.41,2.61,0.4
26.35,127.14,"BASALTIC-ANDESITE [3660] / BASALT [5377]",5.57,14.3,2.05,9.97,3.03,1.06,3.66,0.65,4.18,0.91,2.69,0.41,2.64,0.41
26.35,127.14,"BASALTIC-ANDESITE [3660]",5.6,14.26,2.04,9.94,3.04,1.07,3.72,0.67,4.32,0.94,2.77,0.42,2.71,0.42
26.35,127.14,"BASALTIC-ANDESITE [3660]",6.64,16.27,2.24,10.55,3.1,1.06,3.71,0.66,4.22,0.92,2.71,0.41,2.65,0.41
26.35,127.14,"BASALTIC-ANDESITE [3660] / BASALT [5377]",5.53,14.23,2.06,9.97,3.02,1.06,3.68,0.66,4.27,0.92,2.73,0.41,2.68,0.41
32.3,82.4,"BASALTIC-ANDESITE [17244]",22.6,47.3,5.75,22.8,4.57,1.38,4.33,0.688,4.11,0.81,2.27,0.334,2.22,0.336
32.3,82.4,"BASALTIC-ANDESITE [17244]",7.89,17.6,2.4,10.8,2.85,0.99,3.19,0.55,3.45,0.708,1.92,0.273,1.8,0.272
32.3,82.4,"BASALTIC-ANDESITE [17244]",6.19,15.1,2.14,10.1,2.88,1.11,3.46,0.658,4.26,0.876,2.5,0.362,2.38,0.385
32.3,82.4,"BASALTIC-ANDESITE [17244]",11.7,25.5,3.4,14.4,3.35,1.08,3.62,0.639,4.03,0.883,2.43,0.346,2.22,0.345
32.3,82.4,"BASALTIC-ANDESITE [17244]",9.66,22.9,3.1,13.9,3.56,1.22,4.01,0.717,4.66,0.98,2.8,0.409,2.6,0.414
32.3,82.4,"BASALTIC-ANDESITE [17244]",14.1,30.3,1.95,16.5,3.69,1.31,3.58,0.587,3.59,0.718,2.05,0.297,1.92,0.292
13.515,143.9789,"BASALTIC-ANDESITE [18559]",3.53,10.1,1.72,8.8,2.82,1.05,3.52,0.63,4.16,0.9,2.58,0.4,2.57,0.4
13.6353,144.36581,"BASALTIC-ANDESITE [18559]",3.33,8.52,1.25,6.54,2.1,0.716,2.54,0.454,3.03,0.687,2.08,0.334,2.12,0.332
13.6431,144.40342,"BASALTIC-ANDESITE [18559]",3.53,8.67,1.26,6.56,2.07,0.75,2.74,0.49,3.25,0.724,2.16,0.352,2.19,0.334
13.6433,144.40486,"BASALTIC-ANDESITE [18559]",3.37,8.64,1.24,6.53,2.03,0.723,2.65,0.467,3.17,0.705,2.08,0.336,2.13,0.337
13.6436,144.40583,"BASALTIC-ANDESITE [18559]",3.86,9.19,1.35,7.04,2.24,0.773,2.93,0.513,3.4,0.739,2.24,0.366,2.29,0.357
13.6439,144.41469,"BASALTIC-ANDESITE [18559]",3.36,8.4,1.25,6.5,2.02,0.749,2.76,0.482,3.13,0.713,2.1,0.328,2.2,0.337
-35.194,-69.772,"BASALTIC-ANDESITE [18519]",23.95,50.18,6.36,25.74,5.09,1.428,4.71,0.65,3.78,0.706,1.92,0.295,1.81,0.265
-35.174,-69.774,"BASALTIC-ANDESITE [18519]",24.3,50.61,6.34,25.6,5.07,1.385,4.52,0.62,3.63,0.699,1.97,0.286,1.86,0.276
-35.173,-69.776,"BASALTIC-ANDESITE [18519]",23.82,50.17,6.38,26.03,5.12,1.38,4.51,0.64,3.52,0.666,1.9,0.276,1.78,0.267
-35.176,-69.794,"BASALTIC-ANDESITE [18519]",22.36,47.99,6.16,25.29,5.15,1.48,4.64,0.66,3.78,0.708,2.04,0.303,1.89,0.279
-35.163,-69.784,"BASALTIC-ANDESITE [18519]",22.37,47.71,6,24.02,4.91,1.38,4.61,0.664,3.56,0.693,1.97,0.295,1.89,0.279
-35.168,-69.776,"BASALTIC-ANDESITE [18519]",26.24,56.5,7.09,28.57,5.77,1.66,5.2,0.738,4.1,0.773,2.15,0.329,2.13,0.317
-35.168,-69.775,"BASALTIC-ANDESITE [18519]",23.24,49.51,6.34,25.63,5.22,1.402,4.61,0.66,3.72,0.718,2.02,0.288,1.86,0.272
-35.163,-69.791,"BASALTIC-ANDESITE [18519]",22.53,47.74,6.07,25.32,4.99,1.42,4.55,0.642,3.53,0.687,1.9,0.291,1.82,0.27
-35.178,-69.782,"BASALTIC-ANDESITE [18519]",22.23,47.26,6.17,25.03,5.01,1.41,4.52,0.65,3.53,0.69,1.91,0.286,1.82,0.279
-35.161,-69.877,"BASALTIC-ANDESITE [18519]",22.7,48.39,6.16,25.03,4.97,1.378,4.58,0.66,3.56,0.701,1.92,0.291,1.79,0.283
-35.133,-69.882,"BASALTIC-ANDESITE [18519]",23.8,50.26,6.42,26.18,5.19,1.437,4.73,0.67,3.77,0.689,2,0.293,1.82,0.277
-35.127,-69.874,"BASALTIC-ANDESITE [18519]",21.19,45.62,5.86,24.05,4.86,1.391,4.51,0.641,3.61,0.703,1.94,0.299,1.8,0.279
-35.136,-69.866,"BASALTIC-ANDESITE [18519]",21.74,47.02,5.96,24.91,4.95,1.362,4.5,0.64,3.68,0.699,1.96,0.294,1.85,0.272
-35.13,-69.87,"BASALTIC-ANDESITE [18519]",22.91,48.14,6.05,24.57,4.97,1.405,4.7,0.68,3.87,0.739,2.15,0.327,2.09,0.313
-35.166,-69.794,"BASALTIC-ANDESITE [18519]",22.64,48.42,6.15,24.62,5.07,1.39,4.44,0.64,3.52,0.685,1.92,0.278,1.77,0.271
-35.952,-70.593,"BASALTIC-ANDESITE [18519]",18.54,40.36,5.14,20.93,4.28,1.27,4.14,0.58,3.36,0.61,1.72,0.24,1.47,0.24
-35.965,-70.569,"BASALTIC-ANDESITE [18519]",17.66,38.43,4.89,19.81,4.14,1.21,3.96,0.55,3.16,0.58,1.62,0.24,1.45,0.22
-35.962,-70.557,"BASALTIC-ANDESITE [18519]",18.68,40.41,5.11,20.88,4.27,1.25,4.06,0.58,3.4,0.61,1.71,0.25,1.55,0.24
-35.968,-70.556,"BASALTIC-ANDESITE [18519]",12.18,27.46,3.81,16.6,3.89,1.25,4.1,0.61,3.7,0.7,2.04,0.3,1.86,0.29
48,-79,"BASALTIC-ANDESITE [18635]",9.17,21.93,3.1,13.69,3.21,1.08,3.46,0.53,3.37,0.69,2.03,0.29,1.89,0.29
-22.178,-176.617,"BASALTIC-ANDESITE [4279]",4.84,13.42,2.15,11.6,4,1.44,5.27,0.93,6.1,1.34,3.81,0.61,3.87,0.59
-21.822,-176.442,"BASALTIC-ANDESITE [4279]",2.07,5.46,0.87,4.55,1.58,0.63,2.31,0.41,2.74,0.6,1.76,0.28,1.74,0.28
20.9667,-104.2667,"BASALTIC-ANDESITE [9609]",13.3,25.7,3.33,13.4,2.82,1.01,2.84,0.427,2.48,0.516,1.47,0.213,1.43,0.24
20.5,-104.8,"BASALTIC-ANDESITE [9609]",13.7,26.6,3.43,13.8,2.92,0.99,2.77,0.421,2.46,0.517,1.46,0.212,1.39,0.221
34.07,74.8,"BASALTIC-ANDESITE [18677]",22.4,47.9,6.2,25.7,6.06,1.85,6.4,0.993,6.18,1.3,3.52,0.518,3.32,0.49
34.07,74.8,"BASALTIC-ANDESITE [18677]",29.7,77.8,8.8,35.5,8.02,2.32,8.65,1.36,8.52,1.82,5.05,0.738,4.68,0.691
30.3,-7.8,"BASALTIC-ANDESITE [18675]",22.37,50.9,7.104,31.32,8.284,2.21,9.014,1.495,9.156,1.837,5.048,0.712,4.638,0.7
-39.8,-68.5,"BASALTIC-ANDESITE [18771]",7.13,15,2.1,11,3.81,1.43,4.37,0.64,3.42,0.59,1.46,0.201,1.16,0.131
34.049,139.526,"BASALTIC-ANDESITE [13141]",4.08,12.2,2.02,10.71,3.61,1.29,4.66,0.84,5.61,1.22,3.66,0.54,3.63,0.54
34.049,139.526,"BASALTIC-ANDESITE [13141]",4.22,12.5,2.07,10.78,3.62,1.24,4.65,0.83,5.69,1.22,3.59,0.53,3.56,0.54
34.049,139.526,"BASALTIC-ANDESITE [13141]",3.51,10.5,1.75,8.93,3.11,1.13,4.08,0.73,4.89,1.07,3.2,0.47,3.21,0.48
34.049,139.526,"BASALTIC-ANDESITE [13141]",3.98,11.7,1.91,10.15,3.35,1.18,4.36,0.77,5.36,1.16,3.49,0.5,3.36,0.51
34.049,139.526,"BASALTIC-ANDESITE [13141]",3.25,9.13,1.59,8.75,2.95,1.1,4.29,0.78,4.96,1.07,3.03,0.47,3.06,0.49
34.049,139.526,"BASALTIC-ANDESITE [13141]",2.66,7.92,1.36,7.63,2.72,1.1,3.64,0.64,4.45,0.96,2.8,0.41,2.76,0.41
34.049,139.526,"BASALTIC-ANDESITE [13141]",3.42,9.65,1.68,8.83,3.28,1.13,3.95,0.77,4.97,1.1,3.16,0.45,3.07,0.46
34.049,139.526,"BASALTIC-ANDESITE [13141]",3.7,10.5,1.77,9.62,3.29,1.28,4.47,0.82,5.4,1.12,3.21,0.47,3.31,0.47
34.049,139.526,"BASALTIC-ANDESITE [13141]",3.67,10.6,1.87,9.67,3.33,1.21,4.26,0.84,5.21,1.13,3.32,0.53,3.36,0.5
34.049,139.526,"BASALTIC-ANDESITE [13141]",3.55,10,1.73,9.78,3.36,1.22,4.06,0.8,5.22,1.14,3.3,0.5,3.2,0.48
34.724,139.394,"BASALTIC-ANDESITE [13141]",2.43,6.68,1.21,6.19,2.24,0.81,3.03,0.54,3.69,0.81,2.44,0.36,2.42,0.36
34.724,139.394,"BASALTIC-ANDESITE [13141]",2.16,6.13,1.05,5.9,2.07,0.87,2.84,0.54,3.78,0.83,2.49,0.4,2.41,0.38
34.724,139.394,"BASALTIC-ANDESITE [13141]",2.4,7.18,1.21,6.33,2.22,0.82,3.07,0.57,3.85,0.85,2.59,0.38,2.57,0.37
46.4,89.5,"BASALTIC-ANDESITE [18749]",16.1,41.6,5.98,26.2,5.45,1.58,4.5,0.655,3.31,0.614,1.74,0.257,1.71,0.283
46.4,89.5,"BASALTIC-ANDESITE [18749]",18.3,38.8,5.19,22.3,4.63,1.43,4.3,0.692,3.72,0.724,2.07,0.318,2.07,0.336
46.4,89.5,"BASALTIC-ANDESITE [18749]",18.8,39.7,5.34,22.8,4.86,1.45,4.56,0.715,3.85,0.756,2.13,0.324,2.1,0.342
46.4,89.5,"BASALTIC-ANDESITE [18749]",18.6,42.1,5.71,24.7,5.39,1.51,4.88,0.765,4.19,0.8,2.26,0.334,2.23,0.361
46.4,89.5,"BASALTIC-ANDESITE [18749]",22.1,45.6,6.08,26.1,5.36,1.57,4.67,0.747,3.87,0.739,2.06,0.313,1.94,0.321
-15.8167,-70.08,"BASALTIC-ANDESITE [4350] / SHOSHONITE [4435]",12.2,27.7,3.63,16.2,3.91,1.28,3.95,0.67,3.85,0.79,2.47,0.37,2.29,0.36
13.817,-89.633,"BASALTIC-ANDESITE [5029] / NOT GIVEN [14081]",7.89,17.85,2.71,11.41,2.98,0.95,3.09,0.48,2.95,0.61,1.75,0.27,1.72,0.27
13.817,-89.633,"BASALTIC-ANDESITE [5029] / NOT GIVEN [14081]",8.21,18.81,2.82,11.88,3.1,1.02,3.24,0.5,3.07,0.64,1.84,0.28,1.82,0.28
13.817,-89.633,"BASALTIC-ANDESITE [5029] / NOT GIVEN [14081]",7.96,18.16,2.77,11.62,3.09,1.02,3.18,0.5,3.03,0.62,1.78,0.28,1.78,0.28
13.817,-89.633,"BASALTIC-ANDESITE [5029] / NOT GIVEN [14081]",6.89,15.9,2.42,10.27,2.85,0.93,3.05,0.48,3.02,0.63,1.79,0.28,1.78,0.27
13.817,-89.633,"BASALTIC-ANDESITE [5029] / NOT GIVEN [14081]",7.59,17.27,2.63,11.09,3.03,0.95,3.21,0.51,3.19,0.67,1.91,0.29,1.88,0.29
13.817,-89.633,"BASALTIC-ANDESITE [5029] / NOT GIVEN [14081]",8.15,18.62,2.79,11.66,3.11,0.99,3.3,0.52,3.22,0.67,1.93,0.3,1.91,0.3
13.817,-89.633,"BASALTIC-ANDESITE [5029] / NOT GIVEN [14081]",6.59,15.23,2.31,9.89,2.75,0.89,2.91,0.46,2.88,0.59,1.72,0.26,1.65,0.25
13.817,-89.633,"BASALTIC-ANDESITE [5029] / NOT GIVEN [14081]",7.26,16.55,2.5,10.65,2.89,0.95,3.08,0.49,3,0.62,1.8,0.27,1.79,0.27
13.817,-89.633,"BASALTIC-ANDESITE [5029] / NOT GIVEN [14081]",7.56,17.33,2.61,11.1,3.01,0.98,3.17,0.5,3.11,0.65,1.84,0.28,1.82,0.28
13.817,-89.633,"BASALTIC-ANDESITE [5029] / NOT GIVEN [14081]",7.69,17.47,2.64,11.03,2.97,0.95,3.14,0.49,3.04,0.63,1.81,0.28,1.79,0.28
13.817,-89.633,"BASALTIC-ANDESITE [5029] / NOT GIVEN [14081]",6.75,15.63,2.39,10.21,2.81,0.92,2.99,0.47,2.93,0.61,1.74,0.27,1.7,0.26
13.817,-89.633,"BASALTIC-ANDESITE [5029] / NOT GIVEN [14081]",6.74,15.64,2.4,10.26,2.83,0.93,3.01,0.48,3.01,0.62,1.8,0.27,1.75,0.27
13.817,-89.633,"BASALTIC-ANDESITE [5029] / NOT GIVEN [14081]",7.1,16.08,2.44,10.43,2.86,0.91,3.05,0.48,3.03,0.63,1.81,0.28,1.77,0.27
13.817,-89.633,"BASALTIC-ANDESITE [5029] / NOT GIVEN [14081]",6.47,15.22,2.33,10.02,2.77,0.93,2.96,0.47,2.95,0.61,1.74,0.27,1.7,0.26
13.817,-89.633,"BASALTIC-ANDESITE [5029] / NOT GIVEN [14081]",6.22,14.42,2.22,9.54,2.64,0.89,2.83,0.45,2.82,0.58,1.66,0.26,1.64,0.25
13.817,-89.633,"BASALTIC-ANDESITE [5029] / NOT GIVEN [14081]",7.05,16.14,2.51,10.71,3,0.98,3.19,0.51,3.18,0.66,1.88,0.29,1.86,0.29
13.817,-89.633,"BASALTIC-ANDESITE [5029] / NOT GIVEN [14081]",6.34,14.75,2.29,9.81,2.7,0.89,2.87,0.45,2.85,0.59,1.7,0.26,1.65,0.25
13.817,-89.633,"BASALTIC-ANDESITE [5029] / NOT GIVEN [14081]",6.72,15.58,2.35,10.02,2.74,0.88,2.9,0.45,2.89,0.6,1.72,0.26,1.67,0.26
13.817,-89.633,"BASALTIC-ANDESITE [5029] / NOT GIVEN [14081]",6.95,15.88,2.44,10.47,2.87,0.93,3.06,0.48,3.03,0.62,1.79,0.28,1.78,0.28
40.5,8.5,"BASALTIC-ANDESITE [14339]",13.7,29.3,4.2,20.1,5,1.8,4.2,0.6,3,0.5,1.3,0.2,1,0.1
24.53,82.8661,"BASALTIC-ANDESITE [10037]",29.5,80.4,9.6,42.6,8.9,2.7,8,1.1,5,0.8,1.8,0.2,1.3,0.2
51.8,-178.01,"BASALTIC-ANDESITE [16078]",13.33,29.21,4.12,17.93,4.206,1.352,3.811,0.595,3.65,0.736,2.048,0.303,1.951,0.314
51.8,-178.01,"BASALTIC-ANDESITE [16078]",13.42,29.28,4.114,17.85,4.114,1.327,3.786,0.589,3.587,0.72,1.996,0.298,1.927,0.317
51.8,-178.01,"BASALTIC-ANDESITE [16078]",11.06,24.66,3.519,15.84,3.823,1.279,3.583,0.57,3.389,0.688,1.913,0.284,1.831,0.287
51.8,-178.01,"BASALTIC-ANDESITE [16078]",11.82,26.07,3.735,16.73,4.142,1.321,3.902,0.608,3.716,0.746,2.02,0.295,1.824,0.298
51.8,-178.01,"BASALTIC-ANDESITE [16078]",10.5,23.58,3.395,15.3,3.807,1.262,3.583,0.576,3.489,0.711,1.944,0.291,1.813,0.294
51.8,-178.01,"BASALTIC-ANDESITE [16078]",10.95,24.22,3.426,15.26,3.744,1.232,3.487,0.559,3.396,0.684,1.818,0.276,1.728,0.276
51.8,-178.01,"BASALTIC-ANDESITE [16078]",10.51,23.84,3.449,15.32,3.834,1.271,3.615,0.562,3.444,0.698,1.863,0.283,1.816,0.296
51.8,-178.01,"BASALTIC-ANDESITE [16078]",10.78,23.68,3.404,15.13,3.761,1.258,3.462,0.552,3.299,0.677,1.851,0.273,1.704,0.278
51.8,-178.01,"BASALTIC-ANDESITE [16078]",21.54,48.73,7.015,30.33,7.167,1.743,6.567,1.029,6.197,1.273,3.461,0.502,3.174,0.506
51.8,-178.01,"BASALTIC-ANDESITE [16078]",17.53,38.76,5.651,25.32,6.229,1.813,5.821,0.876,5.169,1.038,2.835,0.407,2.487,0.396
51.8,-178.01,"BASALTIC-ANDESITE [16078]",20.79,47.95,6.788,29.7,7.041,1.721,6.368,1.014,5.979,1.241,3.384,0.496,3.115,0.496
51.8,-178.01,"BASALTIC-ANDESITE [16078]",21.38,48.58,6.972,30.29,7.116,1.705,6.506,1.02,6.116,1.232,3.409,0.503,3.171,0.506
51.8,-178.01,"BASALTIC-ANDESITE [16078]",15.29,34.38,4.989,22.32,5.315,1.679,4.901,0.765,4.549,0.925,2.513,0.368,2.28,0.365
51.8,-178.01,"BASALTIC-ANDESITE [16078]",16.56,37.2,5.378,24.1,5.656,1.778,5.214,0.813,4.808,0.985,2.66,0.387,2.442,0.388
51.8,-178.01,"BASALTIC-ANDESITE [16078]",12.97,29.15,4.191,18.63,4.556,1.438,4.3,0.684,4.094,0.841,2.31,0.339,2.144,0.347
51.8,-178.01,"BASALTIC-ANDESITE [16078]",12.16,27.78,3.987,17.89,4.486,1.482,4.221,0.676,4.06,0.832,2.255,0.331,2.07,0.332
51.8,-178.01,"BASALTIC-ANDESITE [16078]",10.53,23.85,3.477,15.84,3.919,1.334,3.848,0.63,3.764,0.781,2.156,0.317,2.005,0.337
51.8,-178.01,"BASALTIC-ANDESITE [16078]",15.12,33.39,4.82,21.42,5.353,1.642,5.045,0.787,4.782,0.989,2.686,0.395,2.504,0.398
51.8,-178.01,"BASALTIC-ANDESITE [16078]",13.04,29.47,4.38,20.05,4.995,1.648,4.83,0.785,4.757,0.987,2.798,0.42,2.628,0.417
51.8,-178.01,"BASALTIC-ANDESITE [16078]",12.16,27.42,3.923,17.47,4.26,1.431,3.983,0.624,3.708,0.762,2.032,0.302,1.864,0.294
51.8,-178.01,"BASALTIC-ANDESITE [16078]",12.9,29.59,4.318,19.44,4.819,1.414,4.766,0.742,4.485,0.923,2.491,0.358,2.211,0.364
51.8,-178.01,"BASALTIC-ANDESITE [16078]",12.33,26.98,3.996,17.9,4.456,1.359,4.418,0.701,4.264,0.878,2.356,0.348,2.158,0.343
51.8,-178.01,"BASALTIC-ANDESITE [16078]",18.51,41.48,5.925,25.92,6.106,1.666,5.738,0.909,5.552,1.142,3.131,0.463,2.913,0.465
51.8,-178.01,"BASALTIC-ANDESITE [16078]",27.86,58.08,8.419,36.63,8.313,2.095,7.409,1.129,6.664,1.365,3.713,0.529,3.352,0.54
51.8,-178.01,"BASALTIC-ANDESITE [16078]",16.66,38.48,5.52,24.29,6.016,1.529,5.751,0.908,5.584,1.126,3.118,0.469,3.017,0.477
51.8,-178.01,"BASALTIC-ANDESITE [16078]",17.81,41.52,5.916,26.16,6.464,1.668,5.883,0.932,5.668,1.135,3.11,0.461,2.851,0.45
51.8,-178.01,"BASALTIC-ANDESITE [16078]",14.65,32.75,4.671,20.31,4.942,1.358,4.496,0.721,4.415,0.89,2.484,0.363,2.356,0.369
51.8,-178.01,"BASALTIC-ANDESITE [16078]",14.03,31.58,4.458,19.51,4.777,1.334,4.398,0.701,4.314,0.871,2.404,0.357,2.224,0.363
51.8,-178.01,"BASALTIC-ANDESITE [16078]",15.83,33.89,4.668,20.1,4.769,1.302,4.236,0.67,4.004,0.83,2.298,0.341,2.173,0.345
51.8,-178.01,"BASALTIC-ANDESITE [16078]",15.28,32.79,4.532,19.35,4.609,1.258,4.209,0.66,3.894,0.815,2.205,0.328,2.101,0.328
51.8,-178.01,"BASALTIC-ANDESITE [16078]",17.08,35.3,4.892,20.76,4.967,1.316,4.404,0.692,4.274,0.862,2.363,0.35,2.253,0.364
51.8,-178.01,"BASALTIC-ANDESITE [16078]",15.36,33.67,4.828,21.26,5.211,1.472,4.867,0.772,4.644,0.956,2.62,0.377,2.396,0.383
51.8,-178.01,"BASALTIC-ANDESITE [16078]",19.18,41.55,5.946,25.67,6.045,1.643,5.313,0.832,4.91,0.985,2.626,0.39,2.52,0.397
51.8,-178.01,"BASALTIC-ANDESITE [16078]",14.66,33,4.804,21.31,5.257,1.489,5.018,0.787,4.746,0.972,2.637,0.386,2.415,0.385
51.8,-178.01,"BASALTIC-ANDESITE [16078]",13.58,30.48,4.335,18.96,4.643,1.334,4.426,0.694,4.252,0.868,2.439,0.363,2.233,0.355
51.8,-178.01,"BASALTIC-ANDESITE [16078]",13.86,31.13,4.446,19.45,4.693,1.299,4.464,0.711,4.321,0.888,2.438,0.363,2.284,0.363
51.8,-178.01,"BASALTIC-ANDESITE [16078]",12.87,29.05,4.168,18.39,4.528,1.345,4.288,0.677,4.101,0.856,2.277,0.344,2.088,0.34
51.8,-178.01,"BASALTIC-ANDESITE [16078]",15.43,33.61,4.703,20.04,4.897,1.312,4.435,0.69,4.223,0.873,2.472,0.367,2.263,0.37
51.8,-178.01,"BASALTIC-ANDESITE [16078]",13.96,32.3,4.626,20.88,5.203,1.405,4.823,0.77,4.636,0.942,2.569,0.38,2.32,0.374
51.8,-178.01,"BASALTIC-ANDESITE [16078]",14.39,32.08,4.528,19.65,4.793,1.327,4.361,0.711,4.359,0.88,2.492,0.369,2.326,0.371
51.8,-178.01,"BASALTIC-ANDESITE [16078]",17.43,39.33,5.49,23.81,5.729,1.503,5.229,0.831,5.101,1.057,2.838,0.425,2.729,0.441
51.8,-178.01,"BASALTIC-ANDESITE [16078]",14.28,32.19,4.601,19.79,4.89,1.365,4.511,0.718,4.358,0.892,2.526,0.365,2.303,0.381
51.8,-178.01,"BASALTIC-ANDESITE [16078]",14.96,33.05,4.667,20.4,4.734,1.348,4.446,0.7,4.373,0.882,2.421,0.374,2.349,0.378
51.8,-178.01,"BASALTIC-ANDESITE [16078]",13.76,31.39,4.455,19.51,4.681,1.325,4.23,0.7,4.264,0.875,2.386,0.359,2.286,0.373
51.8,-178.01,"BASALTIC-ANDESITE [16078]",14.43,32.19,4.558,20.12,4.767,1.35,4.462,0.722,4.411,0.92,2.538,0.376,2.347,0.384
51.8,-178.01,"BASALTIC-ANDESITE [16078]",13.67,31.37,4.563,20.5,5.092,1.438,4.775,0.746,4.57,0.921,2.495,0.371,2.318,0.373
51.8,-178.01,"BASALTIC-ANDESITE [16078]",13.97,31.29,4.432,19.4,4.65,1.343,4.401,0.701,4.284,0.89,2.487,0.364,2.302,0.378
51.8,-178.01,"BASALTIC-ANDESITE [16078]",15.83,36.33,5.222,23.57,5.738,1.548,5.511,0.871,5.242,1.079,2.932,0.423,2.67,0.416
51.8,-178.01,"BASALTIC-ANDESITE [16078]",14.92,33.38,4.835,21.61,5.192,1.451,4.925,0.779,4.666,0.962,2.599,0.382,2.447,0.382
51.8,-178.01,"BASALTIC-ANDESITE [16078]",14.85,31.92,4.397,18.55,4.292,1.344,3.902,0.612,3.689,0.761,2.101,0.316,2.005,0.33
51.8,-178.01,"BASALTIC-ANDESITE [16078]",14.87,32.01,4.394,18.77,4.306,1.335,3.887,0.61,3.674,0.749,2.08,0.31,2.029,0.332
51.8,-178.01,"BASALTIC-ANDESITE [16078]",10.19,23.16,3.415,15.45,4.014,1.326,3.789,0.616,3.819,0.756,2.125,0.309,1.952,0.312
51.8,-178.01,"BASALTIC-ANDESITE [16078]",11.7,26.14,3.753,16.67,4.099,1.347,3.826,0.614,3.768,0.756,2.101,0.311,1.981,0.32
51.8,-178.01,"BASALTIC-ANDESITE [16078]",13.59,29.8,4.2,18.56,4.433,1.44,4.036,0.621,3.737,0.749,2.033,0.299,1.869,0.299
51.8,-178.01,"BASALTIC-ANDESITE [16078]",13.47,29.53,4.11,17.67,4.25,1.362,3.857,0.603,3.605,0.748,2.059,0.304,1.99,0.32
51.8,-178.01,"BASALTIC-ANDESITE [16078]",12.39,27.05,3.814,17.04,4.113,1.35,3.813,0.599,3.534,0.708,1.949,0.283,1.769,0.278
51.8,-178.01,"BASALTIC-ANDESITE [16078]",11.13,24.88,3.59,16.14,3.948,1.339,3.757,0.604,3.593,0.745,2.014,0.299,1.856,0.304
51.8,-178.01,"BASALTIC-ANDESITE [16078]",13.6,29.67,4.171,18.47,4.383,1.413,4.093,0.634,3.809,0.763,2.079,0.296,1.928,0.298
51.8,-178.01,"BASALTIC-ANDESITE [16078]",14.68,31.85,4.401,18.89,4.325,1.393,3.897,0.619,3.783,0.762,2.143,0.32,2.048,0.331
51.8,-178.01,"BASALTIC-ANDESITE [16078]",12.23,27.12,3.829,17.05,4.003,1.337,3.766,0.593,3.603,0.758,2.045,0.303,1.986,0.32
51.8,-178.01,"BASALTIC-ANDESITE [16078]",14.6,31.05,4.306,18.53,4.238,1.347,3.962,0.626,3.777,0.779,2.113,0.32,2.054,0.33
51.8,-178.01,"BASALTIC-ANDESITE [16078]",14.44,31.15,4.549,20.07,4.881,1.534,4.586,0.728,4.322,0.873,2.384,0.346,2.153,0.355
51.8,-178.01,"BASALTIC-ANDESITE [16078]",13.29,28.59,4.012,17.54,4.115,1.354,3.796,0.595,3.506,0.721,1.958,0.282,1.757,0.287
51.8,-178.01,"BASALTIC-ANDESITE [16078]",14.01,30.25,4.227,18.22,4.203,1.381,3.864,0.606,3.596,0.718,1.943,0.287,1.823,0.299
25.48,122.1,"BASALTIC-ANDESITE [7615]",5.23,12,1.81,9.12,3.39,1.38,3.78,0.75,4.26,0.83,2.18,0.3,1.84,0.27
25.48,122.1,"BASALTIC-ANDESITE [7615]",4.9,11,1.59,8.36,2.94,1.06,3.45,0.65,3.8,0.66,1.76,0.24,1.49,0.21
25.48,122.1,"BASALTIC-ANDESITE [7615]",7.1,15.3,2.15,9.99,3.05,1.03,3.31,0.59,3.57,0.62,1.66,0.23,1.4,0.21
-38.65,-70.78,"BASALTIC-ANDESITE [18365]",30.2,64.2,8.02,32.17,6.3,2.11,5.63,0.816,4.5,0.876,2.38,0.35,2.36,0.353
-39.16,-69.87,"BASALTIC-ANDESITE [18365]",11.8,25,3.5,16.91,4.87,1.74,5.05,0.753,4.12,0.733,1.8,0.238,1.46,0.206
-41.37,-69.8,"BASALTIC-ANDESITE [18365]",23.1,51.1,7.02,32.34,7.8,2.57,7.52,1.083,5.88,1.077,2.69,0.361,2.27,0.323
-38.75,-71.62,"BASALTIC-ANDESITE [18365]",6.31,15.2,2.23,10.3,2.75,0.962,3.02,0.49,3.08,0.644,1.8,0.269,1.8,0.273
-38.75,-71.62,"BASALTIC-ANDESITE [18365]",11.1,27,3.89,18.1,4.75,1.41,5.16,0.844,5.31,1.11,3.1,0.464,3.12,0.473
-38.75,-71.62,"BASALTIC-ANDESITE [18365]",9.54,22,3.05,13.8,3.51,1.11,3.78,0.614,3.85,0.803,2.23,0.337,2.26,0.345
-39.35,-71.97,"BASALTIC-ANDESITE [18365]",7.11,17.2,2.52,11.8,3.11,0.989,3.41,0.556,3.55,0.742,2.07,0.314,2.07,0.314
-39.38,-71.97,"BASALTIC-ANDESITE [18365]",7.72,19.8,2.74,12.9,3.38,1.08,3.7,0.614,3.88,0.811,2.28,0.342,2.28,0.346
-39.31,-71.98,"BASALTIC-ANDESITE [18365]",8.83,21.8,3.11,14.7,3.86,1.19,4.17,0.689,4.4,0.916,2.57,0.387,2.58,0.39
-39.93,-72,"BASALTIC-ANDESITE [18365]",12.6,29.7,4.2,19.7,5.09,1.55,5.38,0.869,5.45,1.12,3.1,0.454,3.02,0.45
-39.93,-72,"BASALTIC-ANDESITE [18365]",11.5,27.2,3.84,18,4.59,1.46,4.83,0.777,4.9,1.005,2.79,0.417,2.76,0.412
-40.71,-72.95,"BASALTIC-ANDESITE [18365]",13.3,29.9,4.03,17.9,4.12,1.31,3.99,0.618,3.78,0.773,2.14,0.316,2.11,0.329
-41.14,-72.53,"BASALTIC-ANDESITE [18365]",5.63,13.7,2,9.54,2.64,0.919,2.91,0.483,3.07,0.637,1.79,0.267,1.78,0.268
-41.87,-72.95,"BASALTIC-ANDESITE [18365]",5.51,13.8,2,9.33,2.44,0.819,2.52,0.404,2.5,0.513,1.42,0.209,1.4,0.206
46.4328,112.2503,"BASALTIC-ANDESITE [18881]",55.48,117.4,18.44,64.8,11.2,3.28,12.12,1.6,8.54,1.73,4.28,0.65,4.26,0.58
48.8761,115.3706,"BASALTIC-ANDESITE [18881]",52.9,112.3,20.7,60.5,12.35,2.74,10.34,1.62,9.12,1.76,4.1,0.72,4.37,0.63
55.95022,160.6253,"BASALTIC-ANDESITE [18976]",7.48,17.34,2.53,11.67,3.05,1.06,3.31,0.55,3.52,0.74,2.04,0.3,1.9,0.3
55.99,160.6,"BASALTIC-ANDESITE [18976]",7.65,17.77,2.6,11.88,3.16,1.06,3.39,0.57,3.57,0.75,2.11,0.3,1.96,0.31
55.99,160.6,"BASALTIC-ANDESITE [18976]",7.67,17.75,2.6,11.91,3.15,1.06,3.26,0.56,3.47,0.73,2.04,0.3,1.94,0.31
55.95022,160.6253,"BASALTIC-ANDESITE [18976]",7.78,17.97,2.64,11.97,3.2,1.11,3.31,0.57,3.6,0.76,2.09,0.3,1.93,0.32
55.99,160.6,"BASALTIC-ANDESITE [18976]",7.49,17.22,2.52,11.55,3.08,1.1,3.26,0.55,3.48,0.73,2.04,0.29,1.85,0.31
55.94406,160.62703,"BASALTIC-ANDESITE [18976]",6.48,15.38,2.33,10.84,3.07,1.09,3.38,0.58,3.66,0.76,2.07,0.31,1.92,0.3
55.95193,160.63093,"BASALTIC-ANDESITE [18976]",7.7,17.91,2.63,12.13,3.18,1.08,3.44,0.58,3.67,0.77,2.13,0.32,2,0.32
55.95193,160.63093,"BASALTIC-ANDESITE [18976]",6.65,16.24,2.52,11.95,3.49,1.14,3.96,0.68,4.35,0.92,2.52,0.37,2.29,0.36
55.93408,160.62362,"BASALTIC-ANDESITE [18976]",7.86,18.19,2.66,12.12,3.2,1.09,3.43,0.58,3.62,0.75,2.1,0.32,2.01,0.32
55.93408,160.62362,"BASALTIC-ANDESITE [18976]",6.56,16.29,2.59,12.47,3.6,1.21,4.01,0.68,4.34,0.91,2.48,0.35,2.19,0.34
55.93408,160.62362,"BASALTIC-ANDESITE [18976]",7.56,17.59,2.65,12.03,3.28,1.07,3.65,0.62,3.94,0.83,2.29,0.34,2.15,0.35
55.93408,160.62362,"BASALTIC-ANDESITE [18976]",6.99,16.53,2.5,11.61,3.19,1.05,3.53,0.62,3.93,0.83,2.29,0.34,2.12,0.34
55.93478,160.62362,"BASALTIC-ANDESITE [18976]",7.84,18.31,2.69,12.1,3.17,1.11,3.43,0.57,3.63,0.76,2.14,0.31,2,0.32
55.93478,160.62362,"BASALTIC-ANDESITE [18976]",7,16.26,2.44,11.29,3.04,1.1,3.35,0.57,3.58,0.75,2.1,0.31,1.94,0.32
55.99,160.6,"BASALTIC-ANDESITE [18976]",7.97,18.34,2.68,12.08,3.17,1.07,3.4,0.57,3.63,0.76,2.08,0.31,1.96,0.32
55.93876,160.56,"BASALTIC-ANDESITE [18976]",9.2,21.85,3.24,15.02,3.91,1.31,4.03,0.68,4.23,0.89,2.48,0.37,2.34,0.38
56.05,160.63,"BASALTIC-ANDESITE [18976]",6.43,15.71,2.44,11.93,3.4,1.16,3.66,0.64,3.89,0.85,2.28,0.33,2.07,0.32
56.05,160.63,"BASALTIC-ANDESITE [18976]",7.49,18.11,2.84,13.53,3.83,1.25,4.04,0.7,4.35,0.9,2.44,0.35,2.24,0.35
56.05,160.63,"BASALTIC-ANDESITE [18976]",7.29,17.63,2.72,13.25,3.69,1.27,4,0.7,4.37,0.88,2.42,0.35,2.18,0.35
56.05,160.63,"BASALTIC-ANDESITE [18976]",7.17,17.72,2.76,13.25,3.82,1.29,4.31,0.74,4.67,0.97,2.68,0.38,2.39,0.37
56.05,160.63,"BASALTIC-ANDESITE [18976]",7.22,17.61,2.73,13.17,3.9,1.29,4.28,0.72,4.58,0.96,2.62,0.38,2.37,0.38
-22,47.8,"BASALTIC-ANDESITE [4281]",14.52,32.24,4.03,17.6,4.38,1.21,4.23,0.75,4.34,0.99,2.52,0.39,2.56,0.37
-35.1392,-69.8493,"BASALTIC-ANDESITE [19131]",14.15,32.64,4.5,20.01,4.36,1.31,4.11,0.6,3.47,0.66,1.85,0.27,1.65,0.258
50.2,125.7,"BASALTIC-ANDESITE [18994]",6.61,16.3,2.42,11.4,3.04,1.14,2.47,0.45,3.06,0.54,1.81,0.29,1.77,0.33
50.2,125.7,"BASALTIC-ANDESITE [18994]",15.1,43,5.95,31.2,7.68,2.09,7.37,1.42,9.04,1.62,4.56,0.7,4.95,0.72
50.2,125.7,"BASALTIC-ANDESITE [18994]",17.2,49.3,7.65,37.7,9.01,2.23,8.21,1.6,10.1,1.88,5.73,0.93,5.65,0.86
50.2,125.7,"BASALTIC-ANDESITE [18994]",10.8,25.6,3.27,13.7,2.82,1.14,3.11,0.5,2.65,0.5,1.32,0.22,1.24,0.23
50.2,125.7,"BASALTIC-ANDESITE [18994]",18.6,46,7.23,28.7,6.92,1.89,7.64,1.51,10.9,2.07,5.8,0.95,5.29,0.89
-35.1865,-69.77327,"BASALTIC-ANDESITE [18961]",25.66495901,50.80327727,6.643573007,27.50820162,6.003704501,1.633464046,5.01186443,0.753096266,4.309676769,0.841747458,2.378660701,0.347582892,2.325118892,0.339683281
-35.13675,-69.88212,"BASALTIC-ANDESITE [18961]",25.00758069,50.8769091,6.741063728,27.37316265,6.015336977,1.669424981,5.170486278,0.757831077,4.232702002,0.864282265,2.317425468,0.343009384,2.316580617,0.331181474
-35.13689,-69.88161,"BASALTIC-ANDESITE [18961]",25.76148487,51.38809286,6.758174877,27.80149775,6.145328034,1.660671636,5.083172572,0.778071025,4.450937177,0.900303202,2.367089317,0.355737782,2.332527115,0.347307977
-35.96706,-70.34622,"BASALTIC-ANDESITE [18961]",21.90362011,44.6915204,5.792035192,24.8040591,5.279152686,1.444029537,4.748584577,0.768439478,4.308213047,0.878974501,2.47952163,0.344869271,2.406126375,0.33779503
28.4576,-10.5775,"BASALTIC-ANDESITE [19193]",5.27,12.5,1.74,8.07,2.28,0.64,2.67,0.45,2.95,0.61,1.76,0.25,1.61,0.23
52.4919,158.1479,"BASALTIC-ANDESITE [19034]",4.44,12.3,2.17,11.8,3.67,1.2,4.38,0.717,4.65,0.962,2.7,0.412,2.78,0.422
52.4918,158.1479,"BASALTIC-ANDESITE [19034]",4.42,13.1,2.39,13.5,4.27,1.44,5.01,0.85,5.44,1.13,3.18,0.484,3.25,0.497
52.4918,158.1479,"BASALTIC-ANDESITE [19034]",5.39,13.4,2.43,12.7,3.7,1.21,4.22,0.704,4.46,0.923,2.59,0.396,2.64,0.4
52.4985,158.1624,"BASALTIC-ANDESITE [19034]",6.46,17.8,3.05,16.4,5.12,1.89,6.72,1.2,7.86,1.66,4.8,0.725,4.71,0.726
52.4985,158.1624,"BASALTIC-ANDESITE [19034]",6.89,19.4,3.34,17.1,4.95,1.53,5.73,0.983,6.32,1.3,3.7,0.567,3.75,0.587
52.4985,158.1624,"BASALTIC-ANDESITE [19034]",6.55,18.7,3.24,17,5.07,1.65,6.24,1.05,6.75,1.41,3.96,0.601,3.89,0.617
52.4691,158.1624,"BASALTIC-ANDESITE [19034]",4.99,14.4,2.51,13.4,4.02,1.34,4.81,0.813,5.23,1.09,3.08,0.464,3.02,0.48
52.4691,158.1624,"BASALTIC-ANDESITE [19034]",5.59,16.5,2.85,15,4.41,1.4,5.2,0.879,5.61,1.16,3.29,0.493,3.22,0.513
52.4691,158.1624,"BASALTIC-ANDESITE [19034]",7.52,22,3.79,19.8,5.75,1.72,6.77,1.14,7.22,1.5,4.25,0.642,4.17,0.668
52.4691,158.1624,"BASALTIC-ANDESITE [19034]",7.12,21.2,3.6,18.9,5.48,1.64,6.47,1.08,6.91,1.43,4.05,0.611,3.99,0.635
52.4601,158.1616,"BASALTIC-ANDESITE [19034]",9.81,24.4,3.91,19.3,5.33,1.63,6.14,1.04,6.55,1.35,3.89,0.574,3.81,0.584
52.4601,158.1616,"BASALTIC-ANDESITE [19034]",5.32,14.3,2.38,12.3,3.54,1.29,4.05,0.686,4.3,0.87,2.48,0.37,2.45,0.375
52.4711,158.1739,"BASALTIC-ANDESITE [19034]",10.34,25.5,3.8,17.8,4.65,1.26,5.07,0.87,5.48,1.122,3.2,0.479,3.19,0.478
52.4711,158.1739,"BASALTIC-ANDESITE [19034]",5.76,15.6,2.47,12.3,3.46,1.11,4.03,0.688,4.4,0.916,2.59,0.399,2.6,0.413
52.4607,158.1617,"BASALTIC-ANDESITE [19034]",6.07,16,2.58,13.3,3.92,1.38,4.73,0.811,5.21,1.08,3.07,0.459,3.04,0.456
52.4607,158.1617,"BASALTIC-ANDESITE [19034]",7.1,17.9,2.75,13.4,3.69,1.14,4.15,0.713,4.49,0.92,2.64,0.39,2.57,0.389
52.4607,158.1617,"BASALTIC-ANDESITE [19034]",7.42,19.5,2.96,14.2,3.79,1.12,4.31,0.71,4.52,0.92,2.61,0.394,2.58,0.409
20.7,82.6,"BASALTIC-ANDESITE [19186]",17,43.8,5.39,26.2,6.35,2.05,7.98,1.46,8.67,1.84,5.43,0.89,5.34,0.83
-9.5675,-39.79,"BASALTIC-ANDESITE [19185]",47.14,99.03,12,48.58,9.49,2.69,9.05,1.44,8.3,1.66,4.7,0.64,4.25,0.62
4.7278,-60.7102,"BASALTIC-ANDESITE [19183]",16.6,34.6,4.47,17.8,3.72,1.08,3.89,0.65,3.76,0.71,2.11,0.32,1.97,0.29
4.7278,-60.7102,"BASALTIC-ANDESITE [19183]",20.1,42.4,5.24,19.4,4.52,1.26,4.54,0.73,4.41,0.84,2.7,0.37,2.34,0.35
25.6,100,"BASALTIC-ANDESITE [19150]",10.86378609,30.0755194,3.356316041,17.3480866,4.10039745,1.328440671,4.631021601,0.621412973,4.336314573,0.781853758,2.182966948,0.289693302,1.76,0.27389518
44.8,90.3,"BASALTIC-ANDESITE [14861]",24.2,60.2,8.53,39.1,9.41,2.7,10.4,1.61,9.62,1.93,5.47,0.77,4.85,0.69
44.8,90.3,"BASALTIC-ANDESITE [14861]",24.8,56.3,6.84,26.8,6,1.22,6.51,1.1,6.85,1.42,4.29,0.65,4.36,0.62
33.5,91.07,"BASALTIC-ANDESITE [14863]",21.5,35.4,4.32,22.5,3.58,1.37,4.32,0.74,4.97,1.05,3.1,0.46,2.75,0.32
33.5,91.07,"BASALTIC-ANDESITE [14863]",15.5,28.3,3.69,14,3.01,1.11,3.2,0.57,3.46,0.73,1.91,0.3,1.9,0.25
45.3,11.7,"BASALTIC-ANDESITE [14843]",13.5,26.6,3.26,15.6,4.49,1.57,4.12,0.71,3.96,0.86,1.85,0.26,1.61,0.22
26.35,127.14,"ANDESITE [5380] / BASALTIC-ANDESITE [5377]",9.543,22.361,3.079,14.604,3.825,1.246,4.293,0.801,4.71,1.023,2.954,0.494,2.993,0.459
19.5,-103.6,"BASALTIC-ANDESITE [19298]",10.25,22.25,2.77,12.43,3.19,1.04,2.98,0.49,3.02,0.61,1.67,0.24,1.54,0.24
19.5,-103.6,"BASALTIC-ANDESITE [19298]",7.78,16.53,2.14,9.65,2.55,0.84,2.58,0.43,2.61,0.56,1.53,0.23,1.42,0.22
19.5811,-103.6217,"BASALTIC-ANDESITE [19298]",8.18,17.24,2.2,9.92,2.65,0.92,2.63,0.45,2.72,0.57,1.52,0.22,1.42,0.22
19.5814,-103.62,"BASALTIC-ANDESITE [19298]",10.97,21.53,3,13.29,3.34,1.07,3.2,0.51,3.11,0.62,1.7,0.25,1.57,0.25
19.5903,-103.5644,"BASALTIC-ANDESITE [19298]",11.52,24.03,3.27,13.93,3.63,1.11,3.1,0.52,3.08,0.65,1.69,0.23,1.54,0.23
19.5969,-103.5872,"BASALTIC-ANDESITE [19298]",9.83,21.47,2.83,12.69,3.12,1.04,3.09,0.5,2.92,0.61,1.65,0.24,1.51,0.24
19.5842,-103.5944,"BASALTIC-ANDESITE [19298]",11.07,23.66,2.9,12.87,3.33,1.08,3.26,0.5,3.23,0.65,1.7,0.25,1.62,0.25
19.5819,-103.6053,"BASALTIC-ANDESITE [19298]",9.96,20.89,2.81,12.85,3.1,1.03,2.96,0.49,2.82,0.59,1.66,0.24,1.43,0.24
19.5814,-103.62,"BASALTIC-ANDESITE [19298]",10.23,22.61,2.9,12.99,3.34,1.11,3.23,0.52,3.11,0.64,1.69,0.25,1.56,0.25
19.5803,-103.5969,"BASALTIC-ANDESITE [19298]",11.16,22.94,3.06,13.85,3.51,1.15,3.29,0.53,3.2,0.66,1.78,0.26,1.6,0.26
19.5814,-103.62,"BASALTIC-ANDESITE [19298]",11.82,24.5,3.23,14.61,3.71,1.18,3.56,0.55,3.24,0.64,1.72,0.25,1.58,0.24
19.6142,-103.5675,"BASALTIC-ANDESITE [19269]",10.40409945,22.73625532,3.203456406,13.46347884,3.218892844,1.045400951,2.968085484,0.520380605,2.807427236,0.609682784,1.669807318,0.229903197,1.426225268,0.228734208
19.5408,-103.5814,"BASALTIC-ANDESITE [19269]",21.06,45.25,5.82,25.17,5.43,1.64,4.39,0.63,3.44,0.66,1.76,0.25,1.58,0.25
19.53,-103.5983,"BASALTIC-ANDESITE [19269]",54.86424963,110.5796471,13.83835967,57.1136873,10.19050118,2.640900283,6.633758228,0.767514835,3.81438328,0.683849209,1.660105035,0.230256774,1.348207747,0.207396739
19.53,-103.5983,"BASALTIC-ANDESITE [19269]",18.50994792,36.95691815,5.03237611,21.58135388,4.634281314,1.43630657,3.894695607,0.587265855,3.385946286,0.66316569,1.793678079,0.250736847,1.587831614,0.247507465
19.5433,-103.5589,"BASALTIC-ANDESITE [19269]",61.00882436,116.4790008,15.34429446,62.83987948,10.97968511,2.867893262,7.161318717,0.824814939,4.165658425,0.733019763,1.844297186,0.247016279,1.474329791,0.225995991
19.53,-103.5983,"BASALTIC-ANDESITE [19269]",37.29113183,81.12966625,10.69543751,46.77727833,9.567761931,2.543707894,6.954841904,0.860305646,4.437989873,0.800967423,2.065360265,0.277005043,1.692863563,0.259918038
19.53,-103.5983,"BASALTIC-ANDESITE [19269]",37.02251859,78.20937038,10.31638633,44.62941796,9.035038315,2.4681362,6.470866693,0.832507115,4.240383223,0.756611862,1.969580063,0.262133521,1.628453485,0.254057052
19.5433,-103.5589,"BASALTIC-ANDESITE [19269]",36.53120326,77.83761728,10.32593028,44.05797694,8.943548395,2.391376143,6.452011559,0.81818716,4.117833335,0.766811692,1.944874737,0.26530865,1.641746401,0.252116794
23,106,"BASALTIC-ANDESITE [18587]",25.99,53.4,6.01,25.34,6.1,1.3,6.66,1.14,7.01,1.51,4.27,0.66,4.2,0.65
23,106,"BASALTIC-ANDESITE [18587]",29.02,60.02,6.83,28.93,6.65,1.32,6.9,1.2,7.67,1.65,4.72,0.72,4.61,0.68
13.75,78,"BASALTIC-ANDESITE [19260]",5.67,13.93,2.07,9.59,2.81,0.92,3.42,0.65,4.12,0.92,2.54,0.4,2.82,0.43
13.75,78,"BASALTIC-ANDESITE [19260]",5.63,14.01,2.1,9.97,2.89,1.18,3.61,0.64,4.18,0.94,2.44,0.39,2.46,0.39
13.75,78,"BASALTIC-ANDESITE [19260]",8.38,19.56,2.54,10.46,2.66,0.92,2.96,0.49,3,0.64,1.79,0.28,1.93,0.32
13.75,78,"BASALTIC-ANDESITE [19260]",6.24,14.84,2.24,10.08,2.92,1.06,3.58,0.66,4.34,0.95,2.63,0.4,2.76,0.43
13.75,78,"BASALTIC-ANDESITE [19260]",5.63,13.97,2.08,9.66,2.96,1.03,3.53,0.66,4.26,0.94,2.57,0.38,2.7,0.39
13.75,78,"BASALTIC-ANDESITE [19260]",5.72,14.93,2.24,10.39,3.21,1.09,3.95,0.73,4.55,1.03,2.7,0.43,2.73,0.42
13.75,78,"BASALTIC-ANDESITE [19260]",4.24,10.42,1.55,7.17,2.09,0.76,2.56,0.47,2.97,0.66,1.76,0.29,1.84,0.28
13.75,78,"BASALTIC-ANDESITE [19260]",5.68,14.83,2.26,10.56,3.1,1.22,3.88,0.7,4.64,1.04,2.78,0.44,2.86,0.44
13.75,78,"BASALTIC-ANDESITE [19260]",4.2,10.2,1.67,7.76,2.37,0.86,2.97,0.56,3.68,0.8,2.23,0.36,2.47,0.4
13.75,78,"BASALTIC-ANDESITE [19260]",16.01,39.5,4.32,24.45,5.35,1.84,6.51,0.92,4.66,0.94,3,0.46,2.56,0.38
13.75,78,"BASALTIC-ANDESITE [19260]",31.63,66.54,7.07,37.91,7.24,2.29,8.39,1.08,5.24,1.06,3.44,0.53,2.93,0.45
13.75,78,"BASALTIC-ANDESITE [19260]",25.85,52.27,7.36,28.64,5.59,1.59,5.3,0.73,3.85,0.81,2.14,0.31,2.16,0.34
13.75,78,"BASALTIC-ANDESITE [19260]",44.45,5.94,23.81,4.74,1.48,4.6,0.63,3.37,0.71,1.88,0.28,1.8,0.27,114.51
13.75,78,"BASALTIC-ANDESITE [19260]",47.02,6.45,26.9,6,2.19,6.39,0.93,5.09,1.02,2.72,0.41,2.58,0.38,129.45
13.75,78,"BASALTIC-ANDESITE [19260]",33.47,4.71,19.87,4.52,1.41,4.86,0.75,4.07,0.85,2.27,0.34,2.26,0.32,93.25
13.75,78,"BASALTIC-ANDESITE [19260]",47.15,5.87,23.8,5.33,1.58,5.04,0.69,3.97,0.83,2.18,0.31,2.17,0.33,117.69
13.75,78,"BASALTIC-ANDESITE [19260]",26,3.78,15.52,3.41,1.06,3.6,0.52,2.82,0.58,1.5,0.24,1.48,0.21,72.69
13.75,78,"BASALTIC-ANDESITE [19260]",39.71,5.4,22.62,4.86,1.62,4.89,0.74,4.09,0.84,2.21,0.31,2.19,0.33,106.81
13.75,78,"BASALTIC-ANDESITE [19260]",25.97,3.87,16.28,3.7,1.2,3.81,0.55,3.15,0.64,1.62,0.25,1.57,0.24,73.67
19.9118,110.0412,"BASALTIC-ANDESITE [19249]",12.3,25.94,3.401,15.8,4.438,1.664,4.761,0.773,4.167,0.785,1.833,0.235,1.41,0.202
19.9118,110.0412,"BASALTIC-ANDESITE [19249]",12.19,26.58,3.409,15.26,4.496,1.672,5.09,0.803,4.288,0.771,1.911,0.251,1.438,0.2
19.9118,110.0412,"BASALTIC-ANDESITE [19249]",15.15,31.19,3.836,17.87,5.259,1.866,6.04,0.849,4.725,0.918,2.21,0.285,1.668,0.232
19.9153,110.0414,"BASALTIC-ANDESITE [19249]",13.31,28.24,3.578,16.4,4.871,1.744,5.18,0.782,4.298,0.796,1.964,0.257,1.475,0.217
19.9153,110.0414,"BASALTIC-ANDESITE [19249]",12.46,26.63,3.393,15.36,4.46,1.648,5.109,0.78,4.242,0.78,1.866,0.242,1.392,0.198
19.9153,110.0414,"BASALTIC-ANDESITE [19249]",12.95,27.07,3.589,16.41,4.766,1.711,5.356,0.76,4.301,0.815,1.924,0.251,1.498,0.222
19.7593,109.7699,"BASALTIC-ANDESITE [19249]",7.686,16.99,2.265,10.7,3.39,1.342,4.096,0.64,3.689,0.675,1.662,0.22,1.273,0.18
19.7589,109.77,"BASALTIC-ANDESITE [19249]",7.706,17.05,2.261,10.81,3.375,1.327,4.011,0.64,3.609,0.671,1.655,0.221,1.245,0.179
19.7585,109.7703,"BASALTIC-ANDESITE [19249]",7.24,16.09,2.131,10.08,3.199,1.281,3.862,0.616,3.37,0.624,1.555,0.207,1.169,0.163
19.7918,109.7668,"BASALTIC-ANDESITE [19249]",9.465,19.75,2.496,11.95,3.722,1.486,4.803,0.765,4.177,0.796,1.983,0.252,1.394,0.204
19.9944,109.6551,"BASALTIC-ANDESITE [19249]",8.108,18.6,2.33,11.15,3.587,1.352,4.045,0.627,3.547,0.653,1.619,0.222,1.28,0.19
19.9944,109.6551,"BASALTIC-ANDESITE [19249]",7.849,17.63,2.348,11,3.516,1.361,4.093,0.655,3.679,0.674,1.664,0.219,1.243,0.183
19.9944,109.6551,"BASALTIC-ANDESITE [19249]",8.053,17.25,2.253,11.03,3.461,1.317,3.977,0.598,3.32,0.642,1.556,0.204,1.2,0.182
19.8794,109.6407,"BASALTIC-ANDESITE [19249]",11.5,25.43,3.237,15.21,4.525,1.708,4.968,0.724,4.118,0.748,1.817,0.244,1.366,0.204
19.8781,109.6377,"BASALTIC-ANDESITE [19249]",9.236,19.27,2.375,11.38,3.568,1.455,4.643,0.73,4.202,0.824,2.059,0.261,1.473,0.208
19.8779,109.6375,"BASALTIC-ANDESITE [19249]",7.555,16.52,2.21,10.85,3.437,1.321,3.896,0.595,3.291,0.625,1.53,0.196,1.174,0.178
19.9388,110.3483,"BASALTIC-ANDESITE [19249]",14.32,28.41,3.487,15.3,4.014,1.443,4.232,0.619,3.485,0.662,1.593,0.213,1.262,0.187
19.9388,110.3483,"BASALTIC-ANDESITE [19249]",15.11,29.28,3.609,15.13,3.961,1.425,4.319,0.689,3.764,0.696,1.709,0.23,1.325,0.189
19.9388,110.3483,"BASALTIC-ANDESITE [19249]",14.52,28.5,3.455,15.12,3.917,1.417,4.22,0.636,3.44,0.652,1.638,0.218,1.264,0.189
19.8831,109.5948,"BASALTIC-ANDESITE [19249]",7.27,16.23,2.152,10.2,3.186,1.27,3.699,0.598,3.362,0.61,1.538,0.203,1.171,0.163
19.8869,109.5862,"BASALTIC-ANDESITE [19249]",8.875,18.87,2.292,10.95,3.502,1.372,4.574,0.72,4.051,0.808,2.047,0.263,1.493,0.217
19.7995,109.3499,"BASALTIC-ANDESITE [19249]",20.33,38.7,4.65,19.61,5.18,1.79,5.05,0.71,3.76,0.67,1.54,0.19,1.09,0.16
19.8652,109.5284,"BASALTIC-ANDESITE [19249]",10.79,21.3,2.44,12.08,3.78,1.48,5.02,0.74,4.29,0.92,2.25,0.29,1.61,0.25
19.8851,109.5669,"BASALTIC-ANDESITE [19249]",6.99,15.59,2.05,9.93,3.13,1.26,3.76,0.59,3.34,0.63,1.56,0.21,1.23,0.17
19.8049,109.232,"BASALTIC-ANDESITE [19249]",22.74,43.76,5.3,22.18,5.48,1.96,5.25,0.75,3.77,0.64,1.49,0.18,1.05,0.16
19.8077,109.2319,"BASALTIC-ANDESITE [19249]",21.79,42.49,4.99,21.11,5.34,1.88,5.16,0.73,3.6,0.62,1.42,0.18,1.02,0.15
19.8509,110.3642,"BASALTIC-ANDESITE [19249]",12.47,25.82,3.157,14.04,3.798,1.37,4.183,0.629,3.458,0.67,1.592,0.219,1.279,0.192
19.8509,110.3642,"BASALTIC-ANDESITE [19249]",13.06,26.87,3.315,13.95,3.77,1.406,4.259,0.666,3.727,0.685,1.714,0.229,1.344,0.191
19.8505,110.3643,"BASALTIC-ANDESITE [19249]",12.4,25.76,3.162,13.51,3.612,1.328,4.074,0.638,3.546,0.658,1.645,0.219,1.245,0.181
19.8264,110.4826,"BASALTIC-ANDESITE [19249]",10.56,22.73,2.861,12.64,3.562,1.402,4.011,0.607,3.395,0.619,1.506,0.195,1.14,0.158
19.8264,110.4826,"BASALTIC-ANDESITE [19249]",11.41,24.49,3.075,13.53,3.817,1.443,4.271,0.658,3.592,0.662,1.645,0.211,1.231,0.179
19.8264,110.4826,"BASALTIC-ANDESITE [19249]",11.78,24.54,3.165,14.56,4.17,1.514,4.418,0.658,3.695,0.663,1.637,0.216,1.245,0.186
19.911,110.4545,"BASALTIC-ANDESITE [19249]",12.18,26.17,3.299,14.32,4.003,1.492,4.409,0.682,3.709,0.688,1.669,0.221,1.263,0.182
19.911,110.4545,"BASALTIC-ANDESITE [19249]",12.39,25.21,3.245,14.78,4.178,1.502,4.357,0.647,3.53,0.673,1.63,0.213,1.251,0.189
19.7276,110.5735,"BASALTIC-ANDESITE [19249]",13.02,27.87,3.486,15.23,4.119,1.524,4.538,0.689,3.716,0.69,1.705,0.222,1.264,0.18
19.7271,110.5736,"BASALTIC-ANDESITE [19249]",12.95,27.69,3.433,15.18,4.108,1.495,4.465,0.698,3.741,0.689,1.653,0.221,1.284,0.176
19.7498,110.5958,"BASALTIC-ANDESITE [19249]",11.51,24.9,3.169,14.57,4.457,1.581,4.838,0.731,4.142,0.776,1.89,0.249,1.481,0.223
19.7498,110.5958,"BASALTIC-ANDESITE [19249]",10.88,22.79,2.984,14.14,4.232,1.634,4.7,0.691,3.902,0.736,1.824,0.237,1.419,0.211
19.7491,110.5957,"BASALTIC-ANDESITE [19249]",11.04,23.52,3.007,13.54,4.053,1.506,4.742,0.745,4.191,0.77,1.897,0.256,1.477,0.203
19.5695,110.6377,"BASALTIC-ANDESITE [19249]",15.92,32.05,3.801,15.99,4.343,1.579,4.871,0.751,4.109,0.757,1.871,0.245,1.424,0.193
19.518,110.5107,"BASALTIC-ANDESITE [19249]",17.36,34.5,4.13,17.6,4.629,1.671,5.043,0.756,4.125,0.747,1.817,0.243,1.312,0.185
39.237187,-120.089083,"BASALTIC-ANDESITE [19253]",18.93,36.17,4.85,19.22,3.8,1.02,3.28,0.46,3,0.59,1.76,0.24,1.62,0.26
39.483425,-120.054103,"BASALTIC-ANDESITE [19253]",25.14,48.92,6.28,25.5,5.19,1.4,4.17,0.58,3.6,0.67,1.97,0.26,1.76,0.27
39.484922,-120.041452,"BASALTIC-ANDESITE [19253]",9.64,19.73,2.8,12.11,2.75,0.87,2.78,0.41,2.56,0.53,1.54,0.22,1.37,0.22
39.1898,-120.259787,"BASALTIC-ANDESITE [19253]",11.34,25.06,3.47,14.91,3.21,0.96,2.78,0.39,2.44,0.47,1.32,0.19,1.2,0.19
39.175108,-120.267487,"BASALTIC-ANDESITE [19253]",17.33,33.82,4.33,17.44,3.37,0.88,2.86,0.39,2.42,0.47,1.37,0.19,1.21,0.2
39.184575,-120.270448,"BASALTIC-ANDESITE [19253]",24.19,49.01,6.25,24.05,4.31,1.15,3.27,0.45,2.85,0.52,1.6,0.21,1.47,0.23
39.285255,-120.02554,"BASALTIC-ANDESITE [19253]",11.63,23.63,3.06,12.57,2.61,0.77,2.4,0.37,2.24,0.46,1.28,0.19,1.21,0.186
39.475117,-119.974185,"BASALTIC-ANDESITE [19253]",16.11,34.13,4.5,18.78,3.85,1.06,3.48,0.53,3.16,0.61,1.79,0.26,1.68,0.269
39.471384,-119.974297,"BASALTIC-ANDESITE [19253]",24.7,51.69,6.75,26.08,5.36,1.59,4.26,0.6,3.29,0.66,1.91,0.24,1.57,0.24
39.467048,-119.968805,"BASALTIC-ANDESITE [19253]",25.55,51.88,6.77,27.01,5.15,1.55,4.38,0.61,3.33,0.67,1.98,0.27,1.73,0.27
39.459625,-119.97113,"BASALTIC-ANDESITE [19253]",36.67,72.93,9.55,36.95,6.56,1.81,4.96,0.66,3.55,0.66,1.74,0.23,1.49,0.231
39.28675,-120.204645,"BASALTIC-ANDESITE [19253]",20.99,41.63,5.51,21.87,4.42,1.19,3.57,0.48,2.65,0.5,1.4,0.2,1.28,0.191
39.125028,-120.173152,"BASALTIC-ANDESITE [19253]",31.3,47.28,8.04,32.34,5.84,1.62,5.12,0.69,3.9,0.76,1.98,0.3,1.76,0.294
39.119565,-120.185698,"BASALTIC-ANDESITE [19253]",30.56,58.96,7.97,31.35,5.92,1.51,4.93,0.7,3.88,0.78,2.11,0.31,2,0.292
39.120747,-120.192362,"BASALTIC-ANDESITE [19253]",24.74,49.02,6.57,26.22,5.05,1.29,3.98,0.54,3.06,0.6,1.69,0.23,1.52,0.233
39.120157,-120.20255,"BASALTIC-ANDESITE [19253]",24,48.3,6.36,24.94,4.94,1.31,4.13,0.57,3.26,0.63,1.72,0.26,1.63,0.258
39.117505,-120.208517,"BASALTIC-ANDESITE [19253]",26.02,51.09,6.56,24.51,4.23,1.22,3.55,0.46,2.68,0.51,1.48,0.22,1.39,0.223
39.107367,-120.220539,"BASALTIC-ANDESITE [19253]",20.63,38.87,5,19.21,3.71,0.99,3.24,0.46,2.67,0.52,1.55,0.23,1.42,0.221
39.106632,-120.22328,"BASALTIC-ANDESITE [19253]",25.06,48.99,6.4,24.9,4.78,1.15,3.58,0.52,2.95,0.57,1.61,0.24,1.61,0.244
39.554997,-120.100512,"BASALTIC-ANDESITE [19253]",25.22,51.31,6.89,26.67,5.05,1.36,4.25,0.58,3.27,0.64,1.83,0.26,1.73,0.284
39.558065,-120.093313,"BASALTIC-ANDESITE [19253]",15.96,32.98,4.39,17.91,3.93,1.15,3.55,0.5,2.82,0.55,1.54,0.21,1.44,0.207
39.507967,-120.17237,"BASALTIC-ANDESITE [19253]",11.52,23.77,3.22,13.66,2.76,0.92,2.84,0.46,2.68,0.56,1.62,0.24,1.53,0.24
39.286533,-120.322413,"BASALTIC-ANDESITE [19253]",14.2,29,3.77,15.47,3.4,0.95,3.06,0.46,2.84,0.59,1.71,0.24,1.6,0.256
39.5198,-119.954895,"BASALTIC-ANDESITE [19253]",13.26,28.42,3.78,16.31,3.39,1.07,3.24,0.46,2.64,0.54,1.54,0.22,1.25,0.22
39.53559,-119.950605,"BASALTIC-ANDESITE [19253]",16.87,34.34,4.72,19.81,3.96,1.18,3.46,0.46,2.82,0.57,1.56,0.2,1.4,0.2
39.500485,-119.901862,"BASALTIC-ANDESITE [19253]",18.07,37.26,4.74,19.72,3.88,1.2,3.39,0.46,2.78,0.54,1.52,0.21,1.36,0.21
39.420527,-119.954035,"BASALTIC-ANDESITE [19253]",37.45,68.75,8.45,31.32,5.65,1.44,4.44,0.6,3.35,0.65,1.86,0.26,1.65,0.244
39.42388,-119.956757,"BASALTIC-ANDESITE [19253]",38.19,72.81,8.6,31.21,5.19,1.36,3.88,0.5,2.91,0.56,1.49,0.2,1.36,0.2
39.42388,-119.956757,"BASALTIC-ANDESITE [19253]",35.43,69.13,8.19,30.45,5.29,1.36,4.11,0.55,3.03,0.59,1.63,0.24,1.54,0.24
39.466947,-119.576475,"BASALTIC-ANDESITE [19253]",23.16,48.27,6.36,25.34,5.24,1.5,4.73,0.69,3.91,0.8,2.15,0.32,1.99,0.32
39.4069,-120.109688,"BASALTIC-ANDESITE [19253]",11.02,24.75,3.47,15.12,3.64,1.1,3.28,0.48,2.73,0.55,1.62,0.24,1.45,0.229
39.423562,-120.084837,"BASALTIC-ANDESITE [19253]",13.45,29.13,3.99,16.96,3.89,1.13,3.47,0.49,2.78,0.53,1.56,0.23,1.37,0.212
39.25,-120.7917,"BASALTIC-ANDESITE [19253]",17.68,36.13,5.197,22.24,4.39,1.282,3.939,0.576,3.183,0.661,1.792,0.272,1.67,0.254
39.98097,16.25339,"BASALTIC-ANDESITE [19028]",3.55,7.59,1.66,9.43,3.5,1.37,4.31,0.85,5.27,1.05,2.94,0.4,2.39,0.34
36,57,"BASALTIC-ANDESITE [19408]",12.8,27.7,3.67,15.6,3.33,1.04,3.08,0.5,2.76,0.58,1.58,0.26,1.62,0.25
36,57,"BASALTIC-ANDESITE [19408]",16.3,32.5,4.07,16.5,3.55,1.2,3.55,0.56,3.09,0.62,1.8,0.27,1.63,0.27
52,74,"BASALTIC-ANDESITE [19375]",16.3,33.8,4.43,18.1,4.83,1.71,5.04,0.92,6.16,1.05,3.25,0.5,3.16,0.47
52,74,"BASALTIC-ANDESITE [19375]",16.3,36.4,4.05,20.6,5.59,1.43,4.67,0.9,5.69,1.14,3.1,0.52,3.17,0.49
52,74,"BASALTIC-ANDESITE [19375]",17.3,33.4,4.39,18.7,4.47,1.55,4.3,0.85,4.66,0.93,2.79,0.44,2.85,0.48
17.82,-97.75,"BASALTIC-ANDESITE [19468]",15,35,5,22.1,5.16,1.65,4,0.61,3,0.57,1.35,0.2,1.18,0.18
18.05,-97.72,"BASALTIC-ANDESITE [19468]",30,61,8,31,7,1.97,5,0.72,4,0.72,1.75,0.27,1.59,0.25
17.95,-97.72,"BASALTIC-ANDESITE [19468]",19,44,6,27.8,5.74,1.59,4,0.61,3,0.64,1.41,0.19,1.24,0.2
17.8,-97.68,"BASALTIC-ANDESITE [19468]",17,40,5,23,5,1.61,4,0.61,3,0.62,1.46,0.21,1.32,0.19
17.65,-97.6,"BASALTIC-ANDESITE [19468]",17,37,5,19,4,1.24,3,0.47,2,0.53,1.21,0.18,1.13,0.18
17.7,-97.61,"BASALTIC-ANDESITE [19468]",18,38,5,22,4,1.38,4,0.53,3,0.63,1.44,0.21,1.4,0.21
17.9,-97.7,"BASALTIC-ANDESITE [19468]",12,30,4,19,5,1.47,4,0.57,3,0.65,1.43,0.22,1.35,0.21
17.73,-97.75,"BASALTIC-ANDESITE [19468]",16,37,5,21,5,1.58,4,0.61,3,0.68,1.52,0.23,1.41,0.23
18,-97.57,"BASALTIC-ANDESITE [19468]",16,36,5,22.4,4.88,1.51,4,0.56,3,0.59,1.39,0.2,1.29,0.18
18.03,-97.7,"BASALTIC-ANDESITE [19468]",13,28,4,19,4,1.51,4,0.57,3,0.66,1.55,0.22,1.43,0.21
18.04,-97.69,"BASALTIC-ANDESITE [19468]",13,30,4,20,5,1.69,4,0.62,3,0.65,1.54,0.23,1.45,0.21
17.1881,-97.8555,"BASALTIC-ANDESITE [19468]",17,29,4,17,4,1.33,3,0.51,3,0.63,1.41,0.21,1.31,0.21
17.16,-97.857,"BASALTIC-ANDESITE [19468]",16,34,4,19,4,1.22,3,0.53,3,0.62,1.5,0.2,1.32,0.19
-7.25,108.05,"BASALTIC-ANDESITE [4047]",7.76,15.2,1.25,6.82,2.6,0.94,3.11,0.46,3.83,0.82,2.34,0.35,2,0.37
-24.2,-69.05,"BASALTIC-ANDESITE [19416]",8.7,19,2.4,10,2.6,0.82,2.6,0.4,2.5,0.55,1.5,0.23,1.6,0.21
-24.2,-69.05,"BASALTIC-ANDESITE [19416]",15,32,3.9,16,3.7,1.1,3.5,0.54,3.5,0.71,2,0.3,1.9,0.28
-24.2,-69.05,"BASALTIC-ANDESITE [19416]",16,36,4.4,18,4.1,1.2,3.8,0.58,3.6,0.73,2,0.3,1.8,0.27
-24.2,-69.05,"BASALTIC-ANDESITE [19416]",20,40,4.8,19,4.1,1.2,3.5,0.52,3.1,0.59,1.6,0.24,1.6,0.23
22,72,"BASALTIC-ANDESITE [19432]",40.5,82.1,9.45,38.3,8.61,2.41,9.4,1.42,8.49,1.78,4.97,0.75,4.58,0.7
22,72,"BASALTIC-ANDESITE [19432]",39.7,80.1,9.22,37.4,8.36,2.35,9.25,1.42,8.52,1.78,5.04,0.75,4.65,0.7
22,72,"BASALTIC-ANDESITE [19432]",16.1,34.4,4.14,17.2,4.21,1.27,4.73,0.73,4.39,0.92,2.49,0.36,2.22,0.33
22,72,"BASALTIC-ANDESITE [19432]",44.2,89.4,10.3,42.1,9.46,2.55,10.5,1.59,9.48,1.98,5.52,0.83,5.1,0.78
25.399,141.249,"ANDESITE [4913] / BASALTIC-ANDESITE [10515] / TRANSITIONAL BASALT [2327]",7.87,17.7,2.56,13.1,3.63,1.32,4.66,0.79,4.52,1.1,2.52,0.52,2.36,0.49
26.69,140.965,"BASALTIC-ANDESITE [4913] / TRANSITIONAL BASALT [2327]",3.89,9.32,1.48,7.56,2.27,0.92,3.28,0.58,3.43,0.8,1.63,0.37,1.98,0.33
28.053,140.756,"ANDESITE [4913] / BASALTIC-ANDESITE [10515] / TRANSITIONAL BASALT [2327]",5.62,13.3,1.97,9.2,2.59,0.87,2.94,0.56,3.14,0.76,1.82,0.29,1.54,0.27
-8.8,34.1,"BASALTIC-ANDESITE [17632]",21.7,45.4,6.77,24.1,5.08,1.43,5.5,0.9,5.6,1.1,3.2,0.47,2.9,0.42
-8.8,34.1,"BASALTIC-ANDESITE [17632]",20.3,42.9,6.34,23.53,4.98,1.39,5.1,0.9,5.4,1.1,3.1,0.45,2.8,0.4
-8.8,34.1,"BASALTIC-ANDESITE [17632]",23.1,47,7,25.02,5.36,2.07,6.1,1,6,1.1,3.2,0.47,2.8,0.41
-8.8,34.1,"BASALTIC-ANDESITE [17632]",19.7,40.9,6.14,23.68,5.04,1.33,5,0.9,5.2,1,2.9,0.44,2.7,0.38
-8.8,34.1,"BASALTIC-ANDESITE [17632]",20.9,43.2,6.52,23.48,4.94,1.39,5.4,0.9,5.6,1.1,3.1,0.47,2.9,0.41
-8.8,34.1,"BASALTIC-ANDESITE [17632]",20.1,42.1,6.22,23.43,4.95,1.35,5.1,0.9,5.3,1,3,0.44,2.7,0.4
-8.8,34.1,"BASALTIC-ANDESITE [17632]",20.1,42.2,6.28,22.95,4.88,1.35,5.1,0.9,5.4,1.1,3.1,0.45,2.8,0.41
-8.8,34.1,"BASALTIC-ANDESITE [17632]",20.3,42.5,6.37,23.37,4.98,1.36,5.2,0.9,5.4,1.1,3.1,0.46,2.9,0.41
-8.8,34.1,"BASALTIC-ANDESITE [17632]",19.8,41.9,6.25,22.9,4.83,1.25,5,0.9,5.3,1.1,3.1,0.44,2.8,0.4
-8.8,34.1,"BASALTIC-ANDESITE [17632]",20.6,43.6,6.52,23.48,4.95,1.37,5.3,0.9,5.5,1.1,3.1,0.45,2.9,0.41
-8.8,34.1,"BASALTIC-ANDESITE [17632]",21.3,45,6.76,25.72,5.27,1.39,5.1,0.9,5.4,1.1,3,0.44,2.8,0.39
-8.8,34.1,"BASALTIC-ANDESITE [17632]",14.6,31.4,4.69,18.5,4.09,1.02,4.1,0.7,4.7,0.9,2.8,0.41,2.6,0.38
-8.8,34.1,"BASALTIC-ANDESITE [17632]",19.6,41.8,6.35,23.26,5,1.32,5.5,0.9,5.8,1.2,3.3,0.48,3,0.43
-8.8,34.1,"BASALTIC-ANDESITE [17632]",20.1,41.6,6.18,23.66,5.01,1.31,5.2,0.9,5.4,1.1,3.1,0.45,2.9,0.41
-8.8,34.1,"BASALTIC-ANDESITE [17632]",19,40.6,6.05,22.66,4.75,1.35,5.2,0.9,5.4,1.1,3.1,0.44,2.8,0.4
-28.25,21.25,"BASALTIC-ANDESITE [15975]",21,48.8,5.4,22.1,4.9,1.4,5,0.9,5,1,4,0.4,3.7,0.4
-28.25,21.25,"BASALTIC-ANDESITE [15975]",28,61.3,6.5,28.2,6,1.5,6.2,1.1,6.3,1.2,3.3,0.5,3.7,0.4
-28.25,21.25,"BASALTIC-ANDESITE [15975]",26,55.5,6.1,23.3,5,1.4,5.9,1.1,5.6,1.1,3.3,0.5,3.6,0.5
-28.25,21.25,"BASALTIC-ANDESITE [15975]",24,51.7,5.5,24.3,5.3,1.4,5.7,1,5.6,1.1,3.1,0.5,3.3,0.4
-28.25,21.25,"BASALTIC-ANDESITE [15975]",24,51.8,5.4,23.7,5,1.4,5.3,1,5.3,1,2.8,0.4,3.2,0.3
-28.25,21.25,"BASALTIC-ANDESITE [15975]",24,53.2,5.6,24.8,5.1,1.3,5.3,1,5.7,1.1,3.1,0.5,3.5,0.4
-28.25,21.25,"BASALTIC-ANDESITE [15975]",21,45.8,4.9,21.6,4.6,1.2,4.6,0.9,4.9,1,2.8,0.4,3.1,0.4
-28.25,21.25,"BASALTIC-ANDESITE [15975]",57,122.6,12.8,53.5,9.2,2.2,8.2,1.3,7.2,1.3,3.8,0.5,3.8,0.4
-28.25,21.25,"BASALTIC-ANDESITE [15975]",25,55.3,5.9,24.5,5.3,1.3,5.2,1.1,5.8,1.2,3.3,0.5,3.5,0.4
-28.25,21.25,"BASALTIC-ANDESITE [15975]",23,50.4,5.6,23.9,5.1,1.3,5.3,0.9,5.1,1.1,3.9,0.4,3.7,0.4
-28.25,21.25,"BASALTIC-ANDESITE [15975]",25,56.2,6.3,23.7,5.1,1.5,5.6,1,5.4,1.2,4.2,0.5,3.9,0.5
20,1,"BASALTIC-ANDESITE [11106]",2.47,7.11,1.12,5.94,2.08,0.85,3.06,0.56,3.87,0.86,2.58,0.36,2.42,0.34
15.34098,-61.30977,"BASALTIC-ANDESITE [19445]",7.3,16.9,2.4,12.5,3.9,1,4.7,0.8,5.5,1.1,3.3,0.5,3.2,0.5
15.34098,-61.30977,"BASALTIC-ANDESITE [19445]",7.2,15.3,2.3,11.2,3.1,1,3.4,0.5,3.7,0.8,2.3,0.3,2.3,0.3
15.27692,-61.25618,"BASALTIC-ANDESITE [19445]",8,17.9,2.3,10.3,2.6,1,2.8,0.4,2.9,0.6,1.8,0.3,1.9,0.3
52.4716,175.3297,"BASALTIC-ANDESITE [19452]",8.9,21.2,3.11,14.1,3.4,1.1,3.38,0.513,3.01,0.602,1.65,0.256,1.71,0.267
52.4716,175.3297,"BASALTIC-ANDESITE [19452]",7.8,19.2,2.78,12.8,3.1,0.99,2.98,0.46,2.79,0.552,1.52,0.234,1.6,0.246
52.4716,175.3297,"BASALTIC-ANDESITE [19452]",8.4,20.6,2.95,13.5,3.24,1.04,3.18,0.486,2.89,0.577,1.6,0.245,1.67,0.256
52.4716,175.3297,"BASALTIC-ANDESITE [19452]",8.3,20.1,2.93,13.4,3.23,1.05,3.11,0.476,2.86,0.575,1.6,0.247,1.65,0.254
52.565,174.956,"BASALTIC-ANDESITE [19452]",15.2,36.3,5,22,4.67,1.43,4.16,0.585,3.22,0.62,1.67,0.236,1.56,0.232
52.565,174.956,"BASALTIC-ANDESITE [19452]",14.8,36.3,4.99,21.6,4.7,1.38,4.09,0.593,3.23,0.62,1.68,0.237,1.56,0.235
52.565,174.956,"BASALTIC-ANDESITE [19452]",14.5,35.9,4.86,21.1,4.59,1.37,4.01,0.583,3.21,0.601,1.62,0.234,1.52,0.23
52.478,175.297,"BASALTIC-ANDESITE [19452]",8.4,21,2.88,13.2,3.31,1.03,3.3,0.506,2.98,0.594,1.63,0.246,1.69,0.255
52.5202,174.9189,"BASALTIC-ANDESITE [19452]",10.8,24.7,3.54,15.6,3.52,1.14,3.31,0.496,2.83,0.564,1.55,0.231,1.59,0.245
52.565,174.944,"BASALTIC-ANDESITE [19452]",10.6,26.1,3.66,16.3,3.56,1.17,3.43,0.513,2.93,0.567,1.57,0.23,1.53,0.234
32.4,54.3,"BASALTIC-ANDESITE [19589]",54,114,16.8,71.6,20,3.61,16.89,2.3,11.6,1.8,4.5,0.5,2.73,0.31
32.4,54.3,"BASALTIC-ANDESITE [19589]",16.1,37.2,6.13,28.2,10.4,1.75,8.21,0.99,4.45,0.57,1.51,0.17,0.9,0.11
33,52,"BASALTIC-ANDESITE [19589]",39,83.6,12.3,50.7,13.6,1.97,12.4,1.93,11.7,1.77,4.69,0.48,2.37,0.26
40.65,8.8,"BASALTIC-ANDESITE [18051]",16.6,33,3.94,16.4,3.61,0.91,3.61,0.65,3.37,0.73,2.01,0.34,2.02,0.32
40.65,8.8,"BASALTIC-ANDESITE [18051]",14.8,29.8,3.61,15.1,3.4,0.94,3.39,0.61,3.19,0.69,1.92,0.33,1.91,0.3
40.65,8.8,"BASALTIC-ANDESITE [18051]",28.4,51.3,5.97,23.9,4.89,1.4,4.76,0.84,4.31,0.93,2.63,0.46,2.71,0.43
40.65,8.8,"BASALTIC-ANDESITE [18051]",20.5,41.4,4.85,19.9,4.18,1.02,3.94,0.68,3.33,0.69,1.89,0.32,1.82,0.28
40.65,8.8,"BASALTIC-ANDESITE [18051]",28.8,72.4,7.49,30.6,6.5,1.65,6.34,1.11,5.63,1.21,3.39,0.58,3.47,0.55
21,82,"BASALTIC-ANDESITE [19709]",27.8,53.8,6.53,26.6,5.9,1.97,5.8,0.9,5.1,1,2.7,0.4,2.4,0.34
21,82,"BASALTIC-ANDESITE [19709]",23.3,44.6,5.19,18.1,3.9,1.02,4,0.7,4,0.9,2.5,0.39,2.5,0.4
21,82,"BASALTIC-ANDESITE [19709]",18.5,34,3.89,14.4,3,0.72,3,0.5,3.1,0.6,1.8,0.28,1.9,0.28
21,82,"BASALTIC-ANDESITE [19709]",22.7,39.2,4.55,16.4,3.3,0.72,3.1,0.5,3.1,0.6,1.8,0.27,1.8,0.27
25,99,"BASALTIC-ANDESITE [19705]",64.25,129.03,15.7,45.64,9.16,2.58,7.07,0.96,5.17,0.99,2.78,0.4,2.61,0.38
25,99,"BASALTIC-ANDESITE [19705]",52.61,94.85,10.49,39.28,8.34,2.17,6.09,0.83,4.66,0.89,2.61,0.37,2.3,0.32
25,99,"BASALTIC-ANDESITE [19705]",23.81,48.67,5.72,21.46,4.28,1.27,4.2,0.67,3.83,0.75,1.94,0.28,1.92,0.27
39.09,28.98,"BASALTIC-ANDESITE [19737]",31,60.6,7,27.5,5.37,1.39,4.97,0.76,4.47,0.84,2.31,0.36,2.15,0.36
-7.5294,110.4783,"BASALTIC-ANDESITE [6097] / NOT GIVEN [18645]",14.4,29.1,3.32,13.7,3.06,1,3.03,0.469,2.94,0.544,1.59,0.254,1.7,0.281
-7.5603,110.4606,"BASALTIC-ANDESITE [6097] / NOT GIVEN [15430]",14.4,28.2,3.43,14.7,3.33,1.19,3.43,0.513,3.14,0.616,1.72,0.299,1.87,0.326
-7.5414,110.4853,"BASALTIC-ANDESITE [6097] / NOT GIVEN [15430]",19.2,38,4.51,18.7,4.35,1.34,4.03,0.592,3.56,0.737,1.94,0.343,2.09,0.325
-7.5386,110.4572,"BASALTIC-ANDESITE [6097] / NOT GIVEN [15430]",20,41.1,4.91,19.3,4.4,1.42,4.29,0.622,3.85,0.805,2.3,0.33,2.1,0.338
-7.575,110.3869,"BASALTIC-ANDESITE [6097] / NOT GIVEN [18645]",16.5,35.3,4.41,17.6,4.22,1.4,4.2,0.624,3.9,0.845,2.29,0.382,2.24,0.385
-7.5578,110.4003,"BASALTIC-ANDESITE [6097] / NOT GIVEN [18645]",16.1,33.5,4.16,18,4.24,1.39,3.89,0.577,3.55,0.749,2.18,0.353,2.16,0.349
-7.5164,110.5225,"BASALTIC-ANDESITE [6097] / NOT GIVEN [15430]",14.8,33.8,4.736,21,4.97,1.45,4.77,0.773,4.49,0.932,2.49,0.395,2.59,0.431
-7.59,110.4231,"BASALTIC-ANDESITE [6097] / NOT GIVEN [15430]",16.8,33.1,4.07,17,4.17,1.31,3.58,0.568,3.56,0.741,1.92,0.322,2.02,0.312
-7.6014,110.4197,"BASALTIC-ANDESITE [6097] / NOT GIVEN [15430]",20.3,40.4,4.74,18.6,4.4,1.37,3.49,0.526,3.54,0.767,2,0.319,2.17,0.352
-7.5122,110.4231,"BASALTIC-ANDESITE [6097] / NOT GIVEN [15430]",15.6,31.6,3.91,16.2,4.15,1.31,3.37,0.606,3.41,0.701,2.01,0.358,2.1,0.345
-7.4992,110.41,"BASALTIC-ANDESITE [6097] / NOT GIVEN [18645]",19,36.5,4.37,19.1,4.27,1.4,4,0.636,4.07,0.747,2.21,0.34,2.12,0.338
-7.533,110.433,"NOT GIVEN [16257] / BASALTIC-ANDESITE [6097]",17.2,34.5,4.18,17.8,4.34,1.34,4.13,0.588,3.46,0.708,2.11,0.314,2.22,0.325
-7.4267,110.5806,"BASALTIC-ANDESITE [6097] / NOT GIVEN [15430]",20.2,39,4.79,19.9,4.57,1.38,4.2,0.622,3.88,0.837,2.32,0.386,2.35,0.379
10.01814,-83.76451,"BASALTIC-ANDESITE [19730]",32,62.6,7.62,29.6,5.6,1.56,4.4,0.6,3.3,0.6,1.8,0.25,1.6,0.25
10.01814,-83.76451,"BASALTIC-ANDESITE [19730]",32.9,67.1,7.78,31.6,6,1.67,4.9,0.7,3.8,0.7,2,0.28,1.9,0.3
10.01814,-83.76451,"BASALTIC-ANDESITE [19730]",32.8,66.1,7.9,30.9,5.8,1.6,4.5,0.6,3.5,0.7,1.8,0.26,1.7,0.28
19,110,"BASALTIC-ANDESITE [19727]",29.84,59.46,7.53,28.43,5.34,1.47,4.32,0.63,3.41,0.68,1.86,0.27,1.75,0.26
41,34,"BASALTIC-ANDESITE [19756]",11.03,24.58,2.75,14.23,4.05,1.52,4.73,0.82,5.11,0.99,3.23,0.54,3.42,0.53
41,34,"BASALTIC-ANDESITE [19756]",13.97,31.58,3.8,17.97,5.01,1.83,6,1.09,6.61,1.27,4.25,0.69,4.14,0.63
41,34,"BASALTIC-ANDESITE [19756]",4.9,10.3,1.48,7.9,2.25,0.96,3.65,0.66,4.22,0.9,2.75,0.39,2.51,0.4
41,34,"BASALTIC-ANDESITE [19756]",2.9,7,1,5.2,1.79,0.72,2.73,0.55,3.48,0.76,2.55,0.36,2.38,0.41
41,34,"BASALTIC-ANDESITE [19756]",3.9,9.5,1.43,7.1,2.37,0.85,3.16,0.59,3.65,0.83,2.54,0.34,2.38,0.36
41,34,"BASALTIC-ANDESITE [19756]",9.22,23.72,3.16,15.75,4.92,1.76,6,1.1,6.73,1.35,4.3,0.67,4.28,0.64
46.7762,101.7388,"BASALTIC-ANDESITE [19757]",13.9,28.8,3.87,18.5,5.2,1.69,4.7,0.64,3.06,0.57,1.39,0.16,1.07,0.15
44.8234,100.7961,"BASALTIC-ANDESITE [19757]",18.3,40.3,5.19,24.1,5.79,1.64,5.13,0.8,4.31,0.88,2.05,0.34,1.87,0.31
44.8235,100.7935,"BASALTIC-ANDESITE [19757]",21.6,46.5,5.83,6.276720989,1.675857992,1.6,4.61,0.72,3.57,0.66,1.9,0.27,1.56,0.23
44.8261,100.7213,"BASALTIC-ANDESITE [19757]",14.9,30.1,3.79,17.1,3.98,1.26,3.7,0.5,3.02,0.56,1.36,0.2,1.31,0.22
45.1223,99.3246,"BASALTIC-ANDESITE [19757]",18.1,39.8,5.11,23,4.97,1.59,4.57,0.65,3.48,0.67,1.71,0.23,1.38,0.26
45.1328,99.3143,"BASALTIC-ANDESITE [19757]",65,132,15.8,61.1,10.4,2.6,8.01,1.02,5.15,0.93,2.43,0.3,2,0.3
45.1393,99.2965,"BASALTIC-ANDESITE [19757]",20.56569733,41.7091072,5.481460389,22.8815034,5.060715458,1.618437435,4.831722531,0.659344059,3.632523294,0.680249444,1.914489789,0.229230165,1.528350541,0.217169396
45.1848,99.1131,"BASALTIC-ANDESITE [19757]",20.8,44.1,5.59,21.35756065,4.601229919,1.4,4.86,0.64,3.72,0.72,1.88,0.27,1.56,0.24
44.7347,99.1614,"BASALTIC-ANDESITE [19757]",11.3,24.7,3.31,16.5,3.95,1.34,3.66,0.52,2.97,0.55,1.53,0.21,1.32,0.19
44.7003,99.2425,"BASALTIC-ANDESITE [19757]",10.7,23.1,3.23,15.1,3.71,1.25,3.44,0.5,2.85,0.56,1.5,0.2,1.19,0.2
44.6991,99.2408,"BASALTIC-ANDESITE [19757]",12.3,27.5,3.74,17.4,4.37,1.45,3.87,0.53,3.09,0.62,1.63,0.2,1.28,0.19
45.5531,98.3174,"BASALTIC-ANDESITE [19757]",14.50563566,29.31596901,4.051996503,18.06254509,4.152529001,1.232681414,4.18560419,0.626384616,3.630813206,0.732475048,2.100863477,0.252100652,1.412878286,0.220550524
45.385,99.0419,"BASALTIC-ANDESITE [19757]",9.92,20.9,2.7,12.5,3.39,1.01,3.2,0.45,2.6,0.5,1.38,0.19,1.07,0.18
45.3836,99.0374,"BASALTIC-ANDESITE [19757]",21.3,42.6,5.07,21.7,4.63,1.31,4.25,0.54,3.23,0.64,1.7,0.25,1.5,0.21
45.3829,99.0365,"BASALTIC-ANDESITE [19757]",20.6,41,5.09,21.12630279,4.517855234,1.3,4.19,0.57,3.29,0.62,1.73,0.23,1.43,0.23
45.3881,99.0323,"BASALTIC-ANDESITE [19757]",18.8,37.9,4.76,21.2,4.96,1.35,4.29,0.58,3.45,0.62,1.73,0.24,1.54,0.24
45.4889,97.8431,"BASALTIC-ANDESITE [19757]",10.5,22.5,3.04,13.9,3.44,1.25,3.38,0.52,2.91,0.54,1.44,0.21,1.17,0.18
44,-111,"BASALTIC-ANDESITE [17411]",22.17,44.76,5.61,22.92,5.51,1.5,5.71,0.96,5.79,1.14,2.96,0.41,2.46,0.36
44.5,90.25,"BASALTIC-ANDESITE [19825]",13.8,30.4,4.31,19.1,4.87,1.65,4.69,0.7,4.23,0.9,2.37,0.34,2.21,0.33
44.5,90.25,"BASALTIC-ANDESITE [19825]",18.3,42.1,5.89,25.8,6.26,1.86,5.63,0.78,4.52,0.93,2.46,0.36,2.41,0.36
44.5,90.25,"BASALTIC-ANDESITE [19825]",10.9,25.5,3.58,16,4.21,1.22,4.18,0.63,3.97,0.86,2.29,0.34,2.21,0.33
44.5,90.25,"BASALTIC-ANDESITE [19825]",19,43.5,6.09,26.8,6.44,1.94,5.95,0.81,4.75,0.98,2.57,0.38,2.51,0.37
44.5,90.25,"BASALTIC-ANDESITE [19825]",18.3,43.6,5.98,25.4,6.16,1.93,6.16,0.93,5.71,1.21,3.16,0.45,2.92,0.43
44.692,-121.8,"BASALTIC-ANDESITE [4584]",28.21,58.72,7.94,32.48,6.26,2.03,5.48,0.78,4.46,0.85,2.42,0.35,2.17,0.36
45.52905,22.3243,"BASALTIC-ANDESITE [19893]",37.07,80.09,9.49,39.19,6.49,1.63,6.49,0.83,4.38,0.82,2.38,0.17,2.01,0.3
36.96675,-79.66113,"BASALTIC-ANDESITE [19889]",11.63789378,25.42263946,3.349635938,14.46875124,3.883534879,1.325489664,4.445059483,0.801283837,5.180897011,1.159736379,3.212841245,0.481324853,3.026269321,0.491547945
36.70187,-79.29697,"BASALTIC-ANDESITE [19889]",14.19017482,30.98122257,4.147635215,17.61218538,4.496144991,1.462342844,5.059491669,0.885357399,5.678250683,1.227226674,3.389614185,0.495221076,3.108545163,0.498892793
36.70187,-79.29697,"BASALTIC-ANDESITE [19889]",14.6197359,31.62157258,4.150757917,17.83916681,4.661542017,1.539953747,5.268744977,0.926179252,6.100812794,1.323309301,3.669391263,0.53893794,3.291247154,0.533996541
36.70188,-79.93413,"BASALTIC-ANDESITE [19889]",9.245813401,20.43606862,2.728613951,11.85893495,3.374080222,1.133216389,4.061796037,0.753689341,4.966884528,1.078305619,2.985643258,0.44215787,2.805500156,0.436827153
36.59965,-79.94065,"BASALTIC-ANDESITE [19889]",8.316137368,18.37373865,2.462962317,10.97989568,3.006229549,1.04492671,3.715116711,0.677715519,4.595104328,1.00325521,2.83342415,0.421342596,2.594768535,0.424526752
36.57703,-79.88502,"BASALTIC-ANDESITE [19889]",11.23879153,24.0610936,3.136944929,13.66904543,3.629882341,1.196928789,4.205514366,0.764147151,4.946018658,1.081200427,2.996951312,0.43655107,2.757031708,0.436655716
36.86642,-79.337,"BASALTIC-ANDESITE [19889]",13.16930354,28.76042661,3.798931876,16.11597731,4.177408554,1.416950595,4.707872796,0.843770455,5.433335924,1.171527371,3.311523947,0.478589199,3.109758985,0.49107269
37.00167,-79.16518,"BASALTIC-ANDESITE [19889]",8.12828049,17.4252786,2.270909789,9.799957195,2.736925045,1.006647372,3.442194361,0.644903318,4.49029852,0.96235384,2.761134318,0.41930223,2.612639265,0.418228146
37.00185,-79.16258,"BASALTIC-ANDESITE [19889]",8.51126661,18.42459383,2.356939222,10.13800403,2.837645251,1.012720905,3.549787043,0.654606348,4.465894953,0.987445659,2.807151416,0.408921873,2.609244596,0.412426062
48,122.8,"BASALTIC-ANDESITE [19927]",31,75.1,9.54,41.8,8.57,2.59,8.04,1.31,6.69,1.29,3.63,0.49,3.1,0.45
48,122.8,"BASALTIC-ANDESITE [19927]",42.4,97.1,12.3,51.5,9.26,2.65,7.98,1.18,5.69,1.12,3.09,0.41,2.59,0.38
48,122.8,"BASALTIC-ANDESITE [19927]",55.4,128,15.5,62.2,11.8,2.93,10.1,1.31,7.67,1.47,4.45,0.55,3.72,0.55
48,122.8,"BASALTIC-ANDESITE [19927]",56,130,15.9,66.3,12.7,3.35,11.1,1.43,8.06,1.55,4.71,0.6,3.86,0.58
48,122.8,"BASALTIC-ANDESITE [19927]",47,104,12.7,50.3,9.47,2.02,8.31,1.05,5.87,1.12,3.4,0.42,2.76,0.4
48,122.8,"BASALTIC-ANDESITE [19927]",52.6,115,13.7,53.7,9.88,2.45,7.86,1.26,6.39,1.25,3.55,0.45,3.12,0.44
48,122.8,"BASALTIC-ANDESITE [19927]",35.8,80.9,9.77,40.5,7.71,2.28,6.7,1.08,5.43,1,2.82,0.39,2.5,0.37
