"LATITUDE.MIN","LONGITUDE.MIN","ROCK.NAME","LA.PPM.","CE.PPM.","PR.PPM.","ND.PPM.","SM.PPM.","EU.PPM.","GD.PPM.","TB.PPM.","DY.PPM.","HO.PPM.","ER.PPM.","TM.PPM.","YB.PPM.","LU.PPM."
33.07,-16.33,"TRACHYTE [635] / BASALT [3348]",128,221,23,79,13.1,3.94,12.5,1.8,11.2,2.59,8.54,1.26,8.84,1.43
40.971,124.5479,"TRACHYTE [20006]",116,200,21.1,72,12.3,3.36,7.85,0.88,4.33,0.71,1.58,0.22,1.36,0.2
40.971,124.5479,"TRACHYTE [20006]",191,260,34.1,116,18.4,3.84,12,1.36,6.69,1.08,2.55,0.36,2.27,0.33
40.971,124.5479,"TRACHYTE [20006]",126,192,19.8,65.7,9.72,2.34,6.17,0.67,3.17,0.5,1.15,0.17,1.01,0.15
40.971,124.5479,"TRACHYTE [20006]",212,328,29.7,89.7,14.1,3.45,10,1.24,6.45,1.11,2.66,0.4,2.45,0.35
32,81.6933,"TRACHYTE [20030]",66,183,29.7,136,25,3.8,14,1.46,5.69,0.82,2.17,0.25,1.42,0.21
31.8783,81.805,"TRACHYTE [20030]",90,259,35.8,161,31.2,4.74,16.3,1.73,7.31,1.12,2.47,0.36,1.91,0.28
35.0312,-114.4548,"TRACHYTE [20061]",115,223,24.1,87,12.7,2.95,9.3,1.1,5.75,1.05,2.95,0.44,2.81,0.46
35.0309,-114.3751,"TRACHYTE [20061]",87,172,18.5,66,10.3,2.14,7.9,1,5.36,1,2.84,0.4,2.57,0.41
34.9768,-114.3838,"TRACHYTE [20061]",94,189,20.6,74,11.5,2.75,7.7,1.04,5.49,1.03,2.66,0.37,2.28,0.35
35.0486,-114.4755,"TRACHYTE [20061]",173,338,35.6,106,18.1,3.14,10.9,1.45,7.6,1.41,3.93,0.57,3.49,0.5
34.9665,-114.2683,"TRACHYTE [20061]",133,236,26.9,98,13.7,3.52,9,1.07,5.51,0.98,2.82,0.4,2.55,0.43
34.9172,-114.2213,"TRACHYTE [20061]",174,320,35.8,129,18.8,2.84,12,1.39,7.11,1.27,3.43,0.48,2.98,0.49
34.9041,-114.3282,"TRACHYTE [20061]",147,298,32.3,112,16.8,2.66,11.4,1.52,7.58,1.38,3.81,0.54,3.46,0.54
40,30,"TRACHYTE [20101]",39,70.3,7.65,28.2,4.71,1.43,4.2,0.59,3.37,0.74,2.05,0.33,2.13,0.39
40,30,"TRACHYTE [20101]",25.8,43.8,4.97,17.6,3.29,0.94,3.26,0.45,2.9,0.56,1.42,0.24,1.3,0.24
40,30,"TRACHYTE [20101]",36.9,70.7,7.3,27.7,4.62,1.37,4.38,0.67,3.93,0.74,2.25,0.37,2.44,0.38
38.72,-27.22,"TRACHYTE [20129]",82.7,163,18.2,71.1,14.6,4.09,13.5,2.3,12.2,2.3,7.1,1.01,6,0.87
38.72,-27.22,"TRACHYTE [20129]",103.7,201,22.2,85.4,17.7,3.42,15.9,2.8,15.2,2.9,8.9,1.32,7.8,1.11
-32.6928,-68.9967,"TRACHYTE [20186]",47.9,91.1,10.3,39.3,7.4,2.1,6.1,0.8,4.2,0.8,2.4,0.4,2.5,0.4
-32.6928,-68.9967,"TRACHYTE [20186]",58.6,113,12.4,45,7.6,1.9,5.9,0.8,3.9,0.8,2.3,0.3,2.2,0.4
-14,48,"TRACHYTE, QUARTZ [20197]",98.3,185.1,20.5,71.8,11.8,2.3,9,1.3,7.1,1.3,3.4,0.5,3,0.4
27.5,-15.5,"TRACHYTE [4744]",90.3,179,23.5,87.2,15.9,5.72,14.4,2,10.7,2.03,5.32,0.677,4.29,0.563
27.5,-15.5,"TRACHYTE [4744]",103,194,26.2,98.8,17.4,5.65,15.7,2.13,11.4,2.14,5.58,0.741,4.43,0.598
27.5,-15.5,"TRACHYTE [4744]",94.2,177,24.1,89.5,16.3,5.66,14.9,2.06,10.7,1.98,5.44,0.702,4.26,0.577
32,119,"TRACHYTE [20240]",110,232,26.6,97.5,18.65,3.99,12,1.56,7.18,1.2,3.09,0.45,2.59,0.37
37.8,-25.5,"TRACHYTE [20285]",95.5,167.2,16.61,57.1,8.8,1.9,6.98,1.02,5.38,1.03,2.99,0.44,3.14,0.44
37.8,-25.5,"TRACHYTE [20285]",95.8,219.9,22.58,79.4,13.36,0.62,10.87,1.73,10.16,1.93,5.55,0.84,5.94,0.89
37.8,-25.5,"TRACHYTE [20285]",159.6,300.9,29.82,99.1,14.53,2.4,12.26,1.81,9.93,1.84,4.74,0.71,4.46,0.68
37.8,-25.5,"TRACHYTE [20285]",166.1,342.6,35.11,119.5,18.95,1.18,15.53,2.44,13.83,2.55,7.22,1.06,7.06,1.04
39.2,44,"TRACHYTE [20288]",68.6,133.3,13.53,45.3,8.01,0.67,7.86,1.4,8.45,1.91,6.09,1.01,6.68,1.09
39.2,44,"TRACHYTE [20288]",70.2,137.1,13.82,47.5,8.47,0.71,8.07,1.41,8.45,1.88,6.05,1.04,7.04,1.13
39.2,44,"TRACHYTE [20288]",73.1,142.1,13.95,47.4,8.48,0.67,8.61,1.46,9.25,1.98,6.3,1.07,7.2,1.15
39.2,44,"TRACHYTE [20288]",67,119.9,12.89,43.2,7.86,0.64,7.34,1.38,8.62,1.82,5.84,0.99,7.2,1.12
39.2,44,"TRACHYTE [20288]",75.6,153.2,15.8,57.3,11.1,1.62,10.73,1.91,11.82,2.62,8.23,1.38,8.99,1.41
39.2,44,"TRACHYTE [20288]",68.8,141.4,14.96,53.4,10.46,1.5,9.61,1.85,11.41,2.53,7.79,1.31,8.77,1.37
39.2,44,"TRACHYTE [20288]",66,121.9,12.98,46.2,8.24,0.97,7.44,1.39,8.71,1.86,6,1.01,6.98,1.08
39.2,44,"TRACHYTE [20288]",46.7,96.1,10.72,41.1,7.63,2.42,7.45,1.27,7.08,1.58,4.68,0.76,4.97,0.7
39.2,44,"TRACHYTE [20288]",61.9,124.2,13.33,48.2,8.94,2.08,8.71,1.5,9.04,1.9,6.04,0.98,6.49,1.02
39.2,44,"TRACHYTE [20288]",73.9,149.6,16.2,60.6,11.7,1.55,10.89,1.94,11.83,2.63,8.39,1.38,8.85,1.41
39.2,44,"TRACHYTE [20288]",64.4,129.4,14.07,51.2,9.9,2.05,9.17,1.54,9.65,1.97,5.92,1.03,6.91,1.02
39.2,44,"TRACHYTE [20288]",57.9,115.1,12.13,46.4,8.55,2.21,8.32,1.41,7.84,1.72,5.35,0.91,5.68,0.88
39.2,44,"TRACHYTE [20288]",144.1,283.3,28.89,90.1,17.9,1.59,19.57,3.68,23.48,5.39,17.78,2.99,19.62,3.18
39.2,44,"TRACHYTE [20288]",71.1,144.1,15.43,56.3,10.12,1.74,9.21,1.78,10.56,2.33,7.35,1.17,8.18,1.26
39.2,44,"TRACHYTE [20288]",67.1,137.3,15,55.3,10,2.02,9.36,1.75,10.44,2.23,7.11,1.11,7.83,1.21
39.2,44,"TRACHYTE [20288]",53.6,106.8,11.83,41.6,7.57,2.17,7.62,1.37,7.97,1.73,5.17,0.88,5.58,0.89
39.2,44,"TRACHYTE [20288]",52.8,104.8,11.53,44.2,7.98,2.17,7.56,1.33,8.08,1.74,5.29,0.83,5.66,0.9
39.2,44,"TRACHYTE [20288]",52.4,109.1,11.74,44,8.6,2.15,7.85,1.34,7.96,1.66,5.1,0.83,5.34,0.82
39.2,44,"TRACHYTE [20288]",53.2,107.8,11.81,43.3,8.32,2.22,8.1,1.34,7.91,1.67,5.01,0.83,5.24,0.84
39.2,44,"TRACHYTE [20288]",54.1,105.6,11.88,51.5,10.1,2.06,7.43,1.36,7.62,1.76,5.28,0.87,5.32,0.86
39.2,44,"TRACHYTE [20288]",51.7,103.5,11.13,38.4,7.16,2.09,7.36,1.3,7.39,1.63,5,0.84,5.28,0.82
39.2,44,"TRACHYTE [20288]",56.2,109.9,11.45,43.4,7.89,1.92,7.82,1.34,8.17,1.78,5.48,0.95,6.23,0.94
39.2,44,"TRACHYTE [20288]",54.4,107.5,11.74,42.1,7.88,1.96,7.53,1.33,8.17,1.74,5.22,0.88,6.11,0.9
39.2,44,"TRACHYTE [20288]",52,102.2,11.58,42.1,7.66,2.12,7.18,1.3,7.74,1.69,5.04,0.81,5.4,0.82
39.2,44,"TRACHYTE [20288]",50.8,106.4,11.28,39.2,7.6,2.25,7.48,1.34,7.9,1.65,5.23,0.81,5.48,0.84
39.2,44,"TRACHYTE [20288]",50.9,103,11.23,43.5,7.91,2.13,7.44,1.34,7.89,1.66,5.16,0.86,5.44,0.85
39.2,44,"TRACHYTE [20288]",51.9,107.5,11.65,43.2,8.56,2.15,7.82,1.45,8.73,1.86,5.66,0.96,5.99,0.92
39.2,44,"TRACHYTE [20288]",53.8,107,11.71,43.3,8.06,2.12,7.54,1.35,8.13,1.74,5.6,0.89,6.02,0.93
39.2,44,"TRACHYTE [20288]",50.2,102.4,10.9,41.3,7.33,2.07,7.48,1.28,7.74,1.64,5.01,0.8,5.44,0.84
39.2,44,"TRACHYTE [20288]",52.6,106.2,11.5,40.9,7.59,2.02,7.67,1.34,8.48,1.78,5.4,0.85,5.82,0.88
39.2,44,"TRACHYTE [20288]",51.7,104.6,11.28,41.5,7.61,2.05,7.56,1.3,8.24,1.7,5.26,0.87,5.73,0.88
39.2,44,"TRACHYTE [20288]",52.3,106,11.47,42,7.85,2.11,7.96,1.3,7.75,1.67,5.18,0.82,5.71,0.85
39.2,44,"TRACHYTE [20288]",52.3,107.4,11.5,43.8,8.06,2.21,7.99,1.3,7.69,1.67,5.14,0.8,5.4,0.82
39.2,44,"TRACHYTE [20288]",51.6,107,11.29,42.1,7.96,2.14,7.87,1.32,7.84,1.64,5.2,0.79,5.57,0.84
44.6011,91.7968,"TRACHYTE [17468]",31.14,63.31,8.36,29.82,5.78,1.37,5.29,0.76,4.13,0.86,2.39,0.37,2.49,0.39
71.5017,-55.2333,"TRACHYTE [20300]",48.7121467972532,96.1622574955908,11.8991331757289,47.3975890470736,9.69591255305541,2.95850737956001,9.15087070426876,1.47266313932981,8.43537414965986,1.66206579250058,4.60427689594356,0.681818181818182,4.12468368990108,0.614216701173223
40.67,35.83,"TRACHYTE [20318]",44.3,77.8,7.93,28.8,5.67,1.63,4.87,0.79,4.13,0.83,2.36,0.4,2.29,0.35
40.67,35.83,"TRACHYTE [20318]",43.9,73.4,8.13,31,5.95,1.71,5.11,0.77,4.15,0.78,2.26,0.34,2.32,0.34
40.67,35.83,"TRACHYTE [20318]",42,72.9,8.03,31.7,5.87,1.74,5.14,0.79,4.37,0.8,2.09,0.34,2.27,0.37
40.67,35.83,"TRACHYTE [20318]",37.8,76.6,8.23,30.8,6.5,1.68,5.43,0.82,4.11,0.82,2.31,0.33,2.14,0.34
40.67,35.83,"TRACHYTE [20318]",62.5,103.6,10.54,39.7,7.26,1.71,5.92,0.86,4.09,0.79,2.19,0.35,1.87,0.34
40.67,35.83,"TRACHYTE [20318]",44.4,80.4,8.94,34.4,6.66,1.76,6.17,0.92,4.95,1,2.65,0.42,2.35,0.42
40.67,35.83,"TRACHYTE [20318]",40.3,75.4,7.45,26.8,5.3,1.35,4.62,0.64,3.41,0.67,1.73,0.28,1.64,0.25
40.67,35.83,"TRACHYTE [20318]",33.9,62.6,6.47,25.2,4.37,1.11,3.87,0.55,2.75,0.5,1.4,0.23,1.16,0.23
40.67,35.83,"TRACHYTE [20318]",32,61.1,6.16,25.1,4.58,1.17,3.99,0.63,3.07,0.65,1.81,0.26,1.49,0.29
40.67,35.83,"TRACHYTE [20318]",37.8,66.4,7.26,26.5,4.97,1.31,3.98,0.58,3.07,0.56,1.73,0.25,1.3,0.24
39.2,43,"TRACHYTE [20322]",86.4,171.8,19.07,71.3,11.71,2.27,10.11,1.64,9.84,1.96,5.85,0.9,5.84,0.89
39.2,43,"TRACHYTE [20322]",77.2,151.2,16.54,59.3,10.07,2.2,9.28,1.5,8.99,1.8,5.24,0.86,5.54,0.83
39.2,43,"TRACHYTE [20322]",90.4,177.9,19.05,67.2,11.35,2.24,10.13,1.61,9.53,1.89,5.47,0.84,5.42,0.84
39.2,43,"TRACHYTE [20322]",87.5,174.6,18.54,65.4,11.19,2.2,9.82,1.61,9.03,1.86,5.52,0.84,5.55,0.82
39.2,43,"TRACHYTE [20322]",92.4,178.9,19.67,69.4,11.59,2.33,10.51,1.68,9.73,1.97,5.51,0.87,5.69,0.86
39.2,43,"TRACHYTE [20322]",65.5,134.6,14.27,54.8,9.2,2.12,7.69,1.3,7.81,1.49,4.46,0.71,4.35,0.69
39.2,43,"TRACHYTE [20322]",48.2,96.3,10.35,38.4,6.66,1.53,5.62,0.96,5.7,1.1,3.36,0.52,3.45,0.54
39.2,43,"TRACHYTE [20322]",64.1,129.3,14,51.7,9.17,2.09,7.8,1.3,7.78,1.56,4.53,0.7,4.53,0.72
39.2,43,"TRACHYTE [20322]",67.1,121.7,13.85,49.9,8.47,1.71,7.09,1.24,7.52,1.47,4.41,0.7,4.49,0.72
39.2,43,"TRACHYTE [20322]",60.4,119.7,12.76,43.2,7.6,1.59,6.53,1.12,6.8,1.36,4.08,0.65,4.2,0.69
39.2,43,"TRACHYTE [20322]",62.9,105.7,12.93,45.6,7.79,1.67,6.47,1.14,6.73,1.35,4.12,0.65,4.18,0.69
39.2,43,"TRACHYTE [20322]",49.2,95.2,10.43,37.9,6.58,1.54,5.53,0.97,5.71,1.14,3.26,0.51,3.27,0.51
39.2,43,"TRACHYTE [20322]",87.7,175.5,18.89,68.7,11.64,2.25,9.78,1.6,9.47,1.83,5.4,0.83,5.24,0.84
39.2,43,"TRACHYTE [20322]",68,133.9,14.76,53.2,9.37,2.1,7.75,1.34,7.88,1.54,4.51,0.69,4.46,0.72
39.2,43,"TRACHYTE [20322]",62.2,124.2,13.6,50.8,8,1.64,7.15,1.25,7.39,1.46,4.39,0.72,4.76,0.71
39.2,43,"TRACHYTE [20322]",62.2,119.4,13.5,51,8.12,1.83,7.32,1.21,7.38,1.51,4.48,0.71,4.62,0.7
39.2,43,"TRACHYTE [20322]",59.1,117.9,12.98,49.8,7.85,1.78,6.96,1.19,7.01,1.48,4.29,0.71,4.62,0.7
39.2,43,"TRACHYTE [20322]",64.5,125.3,13.76,48.2,8.04,1.62,7.28,1.22,7.19,1.46,4.51,0.7,4.86,0.73
39.2,43,"TRACHYTE [20322]",58.5,96.1,12.23,45,7.42,1.8,7.12,1.14,6.44,1.31,3.77,0.56,3.76,0.55
39.2,43,"TRACHYTE [20322]",64.2,130.7,14.48,52.9,8.78,2.09,7.85,1.37,7.79,1.54,4.7,0.71,4.66,0.72
39.2,43,"TRACHYTE [20322]",61.6,119.7,12.98,42.4,7.45,1.6,6.77,1.14,6.88,1.43,4.28,0.67,4.51,0.72
39.2,43,"TRACHYTE [20322]",62.6,121,13.15,45.8,7.6,1.61,6.93,1.15,6.77,1.39,4.27,0.67,4.55,0.69
39.2,43,"TRACHYTE [20322]",48.3,95.7,10.84,38.2,6.65,1.57,6.18,1.04,6.07,1.3,3.83,0.58,3.92,0.6
39.2,43,"TRACHYTE [20322]",47.6,95.5,10.32,37.5,6.7,1.52,5.76,0.99,5.25,1.05,3.12,0.5,3.1,0.51
39.2,43,"TRACHYTE [20322]",62.9,117.4,13.27,48.5,8.17,1.78,7.02,1.22,6.89,1.4,4.34,0.68,4.31,0.67
39.2,43,"TRACHYTE [20322]",60.5,123.1,12.68,44.8,7.77,1.79,6.83,1.21,6.97,1.36,4.52,0.67,4.62,0.71
39.2,43,"TRACHYTE [20322]",60.9,122.8,13.23,46.2,7.89,1.73,7.08,1.19,6.84,1.47,4.42,0.7,4.55,0.72
39.2,43,"TRACHYTE [20322]",58.7,116.4,12.69,44.9,7.51,1.96,6.99,1.14,6.6,1.31,3.94,0.62,3.97,0.63
39.2,43,"TRACHYTE [20322]",63,123.6,13.65,49.3,7.92,1.79,7.29,1.2,6.95,1.42,4.19,0.66,4.41,0.68
39.2,43,"TRACHYTE [20322]",60.8,123.3,13.27,46,7.69,1.81,7.11,1.19,6.96,1.41,4.22,0.65,4.5,0.68
39.2,43,"TRACHYTE [20322]",60,102.6,12.19,41.3,7.09,1.24,6.05,1.01,6.04,1.22,3.77,0.59,3.87,0.62
39.2,43,"TRACHYTE [20322]",67.4,97.3,14.06,49.9,7.9,1.6,6.58,1.08,6.07,1.14,3.43,0.54,3.48,0.52
39.2,43,"TRACHYTE [20322]",53.8,100.1,10.79,37.8,6.32,1.32,5.49,0.9,5.58,1.07,3.26,0.52,3.43,0.52
39.2,43,"TRACHYTE [20322]",74.3,147.5,16.07,60.3,10.3,1.91,9.22,1.51,8.46,1.63,4.51,0.67,4.28,0.65
39.2,43,"TRACHYTE [20322]",49.7,96,10.64,39.4,6.79,1.66,5.71,0.98,5.75,1.08,3.22,0.5,3.15,0.49
39.2,43,"TRACHYTE [20322]",46.1,92.6,10.02,35.5,6.39,1.54,5.41,0.94,5.55,1.09,3.15,0.49,3.11,0.49
39.2,43,"TRACHYTE [20322]",45.6,92.4,10.5,39.2,6.68,1.52,5.87,0.98,5.41,1.1,3.17,0.48,3.14,0.45
39.2,43,"TRACHYTE [20322]",47.3,94.5,10.59,38.3,6.64,1.55,5.98,0.99,5.6,1.15,3.23,0.5,3.27,0.49
41.5,36,"TRACHYTE [20334]",41.1,76.9,8.61,33.8,5.87,1.52,5.39,0.85,4.87,1,3.01,0.46,3.33,0.49
41.5,36,"TRACHYTE [20334]",42.7,80.2,8.9,33.8,6.11,1.49,5.58,0.86,4.95,0.99,3.12,0.5,3.37,0.52
53,90,"TRACHYTE [20388]",37.9,89,10.8,42.7,7.48,1.22,6.3,0.94,5.82,1.22,3.71,0.55,3.8,0.62
53,90,"TRACHYTE [20388]",40.7,85.9,9.9,38.9,6.5,1.82,5,0.66,3.81,0.76,2.26,0.31,2.18,0.35
53,90,"TRACHYTE [20388]",67.8,142.3,16.2,64.5,11.7,2.71,10,1.48,9.24,1.92,6.08,0.88,5.93,0.95
53,90,"TRACHYTE [20388]",69.2,137.6,15.4,58.6,10.81,1.9,9.3,1.45,9.17,1.91,5.85,0.88,6.08,0.96
50.6651,7.2519,"TRACHYTE [20410]",85,143,16,56.6,9.37,2.58,7.06,0.912,4.68,0.811,2.08,0.278,1.81,0.258
50.64,7.28,"TRACHYTE [20410]",67,122,12.4,42,6.98,1.78,5.02,0.712,3.99,0.746,2.01,0.282,1.88,0.277
50.67,7.21,"TRACHYTE [20410]",57.7,82.3,9.83,34.4,5.75,1.39,4.31,0.616,3.49,0.648,1.86,0.278,1.86,0.285
42,128,"TRACHYTE [20416]",73.4,141.6,16.2,59.7,12,0.7,9.8,2,9,1.6,4,0.5,3.3,0.5
42,128,"TRACHYTE [20416]",85.4,164.8,18.7,69,14,0.5,11.4,2,10,1.8,4.7,0.6,4,0.6
42,128,"TRACHYTE [20416]",86.1,166.4,18.8,69.4,14,0.5,11.3,2,10,1.8,4.6,0.6,3.9,0.6
42,128.07,"TRACHYTE [20416]",87.9,173.7,18.9,68.5,13,0.5,10.6,2,9,1.7,4.3,0.6,3.7,0.6
42,128,"TRACHYTE [20416]",82.3,155.6,17.7,64.9,13,0.5,10.2,2,9,1.7,4.2,0.6,3.6,0.6
42,128,"TRACHYTE [20416]",58.8,110.8,12.7,46.9,9,0.9,7.4,1,6,1.2,3,0.4,2.6,0.4
42,128,"TRACHYTE [20416]",84.9,162.3,18.4,68,13,0.5,10.6,2,10,1.8,4.4,0.6,3.7,0.6
31.35,116.57,"TRACHYTE [20461]",58.7,103.5,12.3,42.4,7.56,1.97,5.66,0.84,4.37,0.84,2.36,0.36,2.29,0.34
31.35,116.57,"TRACHYTE [20461]",63.4,110.5,12.7,43.5,7.07,2.36,5.68,0.82,4.38,0.83,2.43,0.37,2.33,0.36
38,112,"TRACHYTE [19350]",30.5,52.9,7.44,27.7,4.59,1.24,3.17,0.39,1.77,0.32,0.83,0.12,0.79,0.11
38,112,"TRACHYTE [19350]",30.6,51.8,6.91,25.1,4.22,1.25,3.24,0.41,1.84,0.34,0.93,0.14,0.84,0.12
38,112,"TRACHYTE [19350]",33.1,56.1,6.61,22.6,3.78,1.29,3.2,0.45,2.18,0.43,1.13,0.17,1.06,0.16
38,112,"TRACHYTE [19350]",36.8,62.3,7.4,24.8,4.18,1.41,3.75,0.54,2.83,0.54,1.012,0.22,1.32,0.2
38,112,"TRACHYTE [19350]",38.7,62.5,8.13,30.1,5.12,1.68,4.16,0.55,2.63,0.47,1.18,0.17,1.01,0.15
38,112,"TRACHYTE [19350]",40.3,67.9,8.82,30.9,5.29,1.73,4.39,0.57,2.79,0.5,1.26,0.18,1.07,0.17
38,112,"TRACHYTE [19350]",39.5,69.2,8.41,31.7,5.65,1.95,5.01,0.65,3.26,0.6,1.51,0.21,1.32,0.21
38,112,"TRACHYTE [19350]",36.9,61.7,8.54,31.8,5.82,2.02,5.15,0.73,3.73,0.72,1.81,0.28,1.61,0.26
38,112,"TRACHYTE [19350]",38.3,62.7,8.78,31.7,5.79,1.87,5.11,0.7,3.63,0.71,1.801,0.26,1.61,0.24
38,112,"TRACHYTE [19350]",39.8,67,8.81,31.4,5.59,1.73,1.57,0.6,2.89,0.54,1.37,0.2,1.2,0.18
38,112,"TRACHYTE [19350]",36.6,69.7,8.51,31.2,5.7,1.69,4.82,0.71,3.73,0.74,1.92,0.28,1.75,0.25
38,112,"TRACHYTE [19350]",35.5,65,8.21,30.5,5.58,1.72,4.64,0.66,3.39,0.67,1.72,0.26,1.63,0.24
38,112,"TRACHYTE [19350]",36,68.5,5.43,30.9,5.57,1.79,4.68,0.62,3.08,0.55,1.5,0.22,1.33,0.19
64.807,-15.633,"TRACHYTE [4825]",55.65,115.87,14.64,63.14,14.24,5.1,14.2,2.28,12.67,2.29,7.16,1.06,6.53,1.14
25.6,100,"TRACHYTE [19311]",139,239,31.5,110,18.8,3.92,13,2.69,14.9,3.31,9.19,1.26,8.89,1.2
25.6,100,"TRACHYTE [19311]",114,251,27.3,102,17.5,4.15,12.2,2.21,12.1,2.59,7.19,1.04,6.98,0.99
-0.73,-60.1,"TRACHYTE [19266]",57.1,113,12.4,45.3,7.97,1.99,7.52,1.18,6.54,1.31,4,0.613,3.93,0.587
-0.73,-60.1,"TRACHYTE [19266]",59.2,116,12.5,46.7,8.24,2.04,7.74,1.22,6.84,1.36,4.12,0.625,4.09,0.601
-0.73,-60.1,"TRACHYTE [19266]",59.7,117,12.3,44.8,7.75,1.65,6.02,1.05,6.33,1.23,3.72,0.572,3.72,0.565
-0.73,-60.1,"TRACHYTE [19266]",63,121,12.7,44.6,7.46,1.57,6.76,1.07,6,1.19,3.7,0.577,3.84,0.589
-0.73,-60.1,"TRACHYTE [19266]",65.4,124,13,46.2,7.78,1.63,7.5,1.19,6.92,1.4,4.48,0.698,4.49,0.69
-0.73,-60.1,"TRACHYTE [19266]",59.6,113,11.9,42.4,7.11,1.56,6.44,1.01,5.67,1.13,3.53,0.555,3.64,0.559
-0.73,-60.1,"TRACHYTE [19266]",91.3,161,16.9,60.6,10.3,1.83,9.26,1.54,9.02,1.81,5.58,0.831,5.36,0.821
-0.73,-60.1,"TRACHYTE [19266]",95.2,163,18.7,67.1,11.5,2.01,10.5,1.76,10.6,2.12,6.51,0.981,6.12,0.919
39.3614,28.0107,"TRACHYTE [18825]",106.2,187.9,18.26,57,8.1,2.03,4.09,0.71,3.64,0.63,1.8,0.34,2.06,0.33
39.3614,28.0107,"TRACHYTE [18825]",85.1,144.1,14,44.6,6.3,1.93,2.89,0.41,2.12,0.31,0.9,0.17,0.9,0.13
39.3614,28.0107,"TRACHYTE [18825]",108.2,183.2,17.45,56.1,8.1,1.86,5.03,0.81,4.21,0.69,2.1,0.34,2.16,0.35
39.3614,28.0107,"TRACHYTE [18825]",198.7,315.9,25.87,70.1,8.4,1.64,4.17,0.69,3.15,0.62,2.06,0.33,2.46,0.38
39.3614,28.0107,"TRACHYTE [18825]",161.7,290.7,27.16,84.2,11.1,2.51,5.36,0.9,3.82,0.78,2.21,0.38,2.47,0.39
39.3614,28.0107,"TRACHYTE [18825]",166.7,288.1,28.46,92.1,13.1,2.89,6.46,0.91,4.69,0.79,2.25,0.38,2.36,0.4
39.3614,28.0107,"TRACHYTE [18825]",100,172,16.25,53.8,7.4,1.81,4.11,0.61,3.2,0.57,1.71,0.27,1.68,0.26
39.3614,28.0107,"TRACHYTE [18825]",165.9,348.3,30.95,102.5,14.4,3.39,7.67,1.01,4.46,0.1,2,0.32,2.07,0.34
39.3614,28.0107,"TRACHYTE [18825]",121.5,265.4,23.68,83.3,9.7,2.53,5.29,0.7,3.2,0.51,1.32,0.22,1.55,0.25
39.3614,28.0107,"TRACHYTE [18825]",126.8,274.9,24.56,84.8,10.2,2.81,5.75,0.75,3.35,0.53,1.38,0.25,1.65,0.22
39.3614,28.0107,"TRACHYTE [18825]",152,350.4,30.69,109.3,13.2,3.14,7.52,0.94,4.2,0.67,2.03,0.31,2.08,0.32
45.63,-66.5,"TRACHYTE [20555]",116,243,26.3,94.8,20.9,5.4,19.6,3.04,16.6,3.12,8.61,1.24,7.98,1.3
45.63,-66.5,"TRACHYTE [20555]",86,183,21.7,84.8,16,3.4,14,2.1,11.3,2.17,5.91,0.88,5.61,0.89
-30.5178,-53.7925,"TRACHYTE [20587]",128.8,263.2,28.3,108.2,15.48,4.07,12.31,1.81,9.35,1.78,4.93,0.78,5.03,0.85
-30.5,-54,"TRACHYTE [20587]",145.3,279.1,30.36,117.1,16.64,3.46,14.12,1.97,10.73,2.04,5.75,0.85,5.77,0.94
11.3,-8.4,"TRACHYTE [20588]",19.1,38.1,4.6,17.4,3.7,1.3,3.5,0.5,3.2,0.7,1.7,0.3,1.7,0.3
43,88,"TRACHYTE [20622]",17.8,42.2,5.98,27.5,6.4,1.53,6.2,1.04,6.37,1.33,3.75,0.548,3.61,0.554
43,88,"TRACHYTE [20622]",12.4,26.9,3.63,16,3.66,1.1,3.52,0.605,3.63,0.743,2.09,0.322,2.08,0.325
43,88,"TRACHYTE [20622]",19.1,43,5.81,25.7,5.55,1.54,5.38,0.911,5.3,1.08,3.11,0.451,2.98,0.471
43,88,"TRACHYTE [20622]",16.6,35.7,4.69,19.9,4.18,1.48,4.02,0.657,3.96,0.839,2.42,0.35,2.36,0.372
43,88,"TRACHYTE [20622]",16.3,35.7,4.79,21.5,4.98,1.35,4.94,0.865,5.31,1.11,3.23,0.488,3.23,0.503
43,88,"TRACHYTE [20622]",15.8,32.9,4.07,16.5,3.35,0.9,3.14,0.527,3.21,0.675,1.94,0.305,1.96,0.324
43,88,"TRACHYTE [20622]",16.6,39.3,5.7,26.8,6.72,1.88,6.91,1.19,7.19,1.47,4.17,0.626,4.08,0.634
43,88,"TRACHYTE [20622]",13.3,30.5,4.2,19.1,4.46,1.46,4.68,0.777,4.59,0.969,2.7,0.39,2.53,0.401
43,88,"TRACHYTE [20622]",27.2,57.3,7.65,33,6.73,1.85,5.94,0.904,4.86,0.975,2.7,0.387,2.44,0.385
43,88,"TRACHYTE [20622]",27.2,59.5,8.07,34.4,6.99,1.77,6.08,0.916,5.2,1.03,2.68,0.389,2.54,0.38
43,88,"TRACHYTE [20622]",24.9,57.3,7.97,34.2,7.15,1.98,6.48,1,5.71,1.13,3.05,0.442,2.84,0.427
43,88,"TRACHYTE [20622]",19.2,44.2,5.95,25.9,5.4,1.52,4.88,0.77,4.39,0.89,2.51,0.362,2.36,0.381
43,88,"TRACHYTE [20622]",21.5,47.4,6.49,28.1,5.94,1.65,5.42,0.855,4.86,1.01,2.77,0.412,2.64,0.407
43,88,"TRACHYTE [20622]",25.2,56.2,7.54,32.7,6.72,1.89,6.15,0.942,5.4,1.1,3.07,0.452,2.93,0.47
-37.7354,-68.920783,"TRACHYTE [20531]",34.5,63.6,7.2,24.7,5.2,1.4,4.1,0.6,3.5,0.7,1.9,0.3,1.9,0.3
7.69705,38.796412,"TRACHYTE [20693]",81.9233194336147,174.245807965792,19.8171590601375,80.0418364389984,16.6530769032263,4.82626675026032,15.869255360545,2.57661362767819,14.9791535035715,2.83697800676899,7.73117501488081,1.12213903607993,7.14740165235121,1.03810697807504
7.691452,38.7972,"TRACHYTE [20693]",233.28638149056,136.752158893557,64.7687757251692,266.242600383572,55.4152941128511,9.10628734131926,43.714633967635,5.94985656427797,31.3310462720262,5.19417169490267,13.2340281247619,1.69651267636844,10.7020842467955,1.40290237275868
29.8383,85.7665,"TRACHYTE [20736]",31.7,60.2,7.06,27.2,4.81,1.08,3.08,0.4,2.06,0.35,0.95,0.12,0.82,0.12
29.897,85.7425,"TRACHYTE [20736]",31.6,59.2,6.92,26.1,4.53,1.08,3.09,0.4,2,0.36,0.95,0.12,0.79,0.12
29.8383,85.7665,"TRACHYTE [20736]",30.4,58.3,6.79,26,4.56,1.08,2.98,0.39,2,0.35,0.91,0.13,0.8,0.11
29.8383,85.7665,"TRACHYTE [20736]",32.4,59.7,6.9,26,4.68,1.07,2.96,0.39,1.94,0.35,0.88,0.13,0.84,0.12
29.8383,85.7665,"TRACHYTE [20736]",27.6,52.5,5.94,22.1,3.96,1.06,2.61,0.35,1.84,0.31,0.83,0.12,0.74,0.11
29.8383,85.7665,"TRACHYTE [20736]",34.9,63.5,7.24,27.2,4.62,1.12,3.17,0.4,2.06,0.35,0.91,0.13,0.8,0.11
29.8383,85.7665,"TRACHYTE [20736]",32.3,62.1,7.53,28.9,5.09,1.18,3.46,0.45,2.13,0.37,0.92,0.14,0.81,0.12
29.8383,85.7665,"TRACHYTE [20736]",30.8,57.1,6.78,25.9,4.72,1.04,3.06,0.39,2,0.34,0.87,0.13,0.78,0.11
29.8383,85.7665,"TRACHYTE [20736]",29.9,57.7,6.47,24.5,4.32,0.98,2.78,0.36,1.85,0.3,0.81,0.11,0.71,0.1
29.8383,85.7665,"TRACHYTE [20736]",31.4,60.3,7.08,26.7,4.88,1.11,3.25,0.42,2,0.38,0.91,0.14,0.78,0.11
29.8383,85.7665,"TRACHYTE [20736]",31.7,60.7,6.95,26.5,4.65,1.09,3.15,0.39,1.96,0.34,0.91,0.12,0.81,0.11
29.8383,85.7665,"TRACHYTE [20736]",30.7,61.2,6.97,26,4.7,1.1,3.01,0.4,1.92,0.34,0.87,0.13,0.76,0.11
29.8383,85.7665,"TRACHYTE [20736]",29.5,57.3,6.63,25.6,4.56,1.1,3.06,0.39,1.77,0.32,0.77,0.11,0.65,0.09
29.8366,85.7673,"TRACHYTE [20736]",29.3,58.9,6.75,25.5,4.6,1.24,3.26,0.41,2.04,0.34,0.89,0.12,0.75,0.11
29.7219,90.372,"TRACHYTE [20736]",137,255,29,105,16.1,3.4,9.71,1.07,4.31,0.71,1.76,0.23,1.44,0.19
29.7219,90.3717,"TRACHYTE [20736]",124,249,26.9,100,15.3,3.3,9.79,1.04,4.43,0.75,1.79,0.23,1.47,0.19
29.7205,90.3694,"TRACHYTE [20736]",111,222,23.8,86.2,13.2,2.96,8.21,0.86,3.77,0.6,1.43,0.2,1.29,0.18
29.72,90.368,"TRACHYTE [20736]",129,255,27.4,100,15.5,3.3,9.73,1.02,4.44,0.72,1.84,0.24,1.51,0.23
29.719,90.3671,"TRACHYTE [20736]",128,246,26.8,96.8,14.9,3.21,9.3,0.97,4.36,0.69,1.8,0.24,1.49,0.2
29.7185,90.3665,"TRACHYTE [20736]",128,255,27.7,101,15.8,3.36,9.72,1.05,4.51,0.72,1.74,0.23,1.48,0.2
29.8463,86.7467,"TRACHYTE [20736]",108,226,27.8,110,19.5,3.23,10.9,1.19,4.98,0.74,1.81,0.24,1.44,0.21
29.8463,86.7458,"TRACHYTE [20736]",101,207,25.1,94.6,16.3,2.84,9.33,1.06,4.74,0.7,1.76,0.24,1.5,0.22
29.8463,86.7449,"TRACHYTE [20736]",102,222,29,118,21.7,3.38,11.9,1.25,5.56,0.85,2.11,0.27,1.74,0.24
29.8467,86.7467,"TRACHYTE [20736]",123,218,27.2,104,18.1,3.19,11.8,1.39,6.21,0.95,2.31,0.31,1.79,0.28
29.9186,86.7019,"TRACHYTE [20736]",87.6,186,22.9,89.8,16.2,2.91,10,1.17,5.01,0.78,1.93,0.26,1.61,0.23
29.9185,86.7018,"TRACHYTE [20736]",87.7,181,21.5,83.8,15.2,2.56,8.88,1.07,4.54,0.7,1.66,0.23,1.44,0.22
29.9185,86.7018,"TRACHYTE [20736]",91.4,189,22.3,88,16.2,2.75,9.86,1.12,4.83,0.76,1.86,0.24,1.54,0.22
29.9221,86.6949,"TRACHYTE [20736]",88.7,188,22.5,88.2,16.4,2.77,9.7,1.13,5.11,0.79,1.94,0.25,1.51,0.23
29.9212,86.6951,"TRACHYTE [20736]",79.9,162,18.8,69.2,12.8,2.27,7.84,0.94,4.26,0.67,1.61,0.22,1.39,0.2
31.9351,81.1246,"TRACHYTE [20736]",78.7,159,18.4,70.5,12.8,2.33,7.81,0.92,4.26,0.68,1.65,0.23,1.34,0.19
31.3722,84.391,"TRACHYTE [20736]",81.1,161,17.3,61.5,9.9,1.73,5.79,0.62,2.65,0.44,1.17,0.18,1.05,0.15
31.3722,84.391,"TRACHYTE [20736]",90.6,188,19.7,68.9,10.7,1.58,5.87,0.58,2.44,0.4,1.06,0.15,0.86,0.12
31.3722,84.391,"TRACHYTE [20736]",89.2,185,19.7,70.2,11.1,1.61,5.8,0.6,2.41,0.38,1.06,0.14,0.94,0.13
31.3722,84.391,"TRACHYTE [20736]",87.8,178,19.1,67,10.5,1.64,5.85,0.61,2.55,0.4,1.13,0.16,1,0.12
31.3722,84.391,"TRACHYTE [20736]",91.3,174,20.9,74.8,11.5,1.71,6.37,0.66,2.65,0.43,1.14,0.16,0.92,0.13
31.3722,84.391,"TRACHYTE [20736]",85.2,173,18.7,66.2,10.7,1.58,5.81,0.58,2.56,0.41,1.08,0.15,0.9,0.14
31.3722,84.391,"TRACHYTE [20736]",91.6,185,19.9,70,10.8,1.59,5.87,0.59,2.46,0.4,1.09,0.14,0.91,0.13
31.3722,84.391,"TRACHYTE [20736]",91.2,184,19.8,70.3,10.9,1.62,5.98,0.6,2.57,0.4,1.08,0.15,0.96,0.13
31.3722,84.391,"TRACHYTE [20736]",90.5,171,20,72,11.5,1.79,6.43,0.67,2.89,0.49,1.23,0.17,1.12,0.15
31.3722,84.391,"TRACHYTE [20736]",87.6,179,18.7,66,10.5,1.59,5.63,0.56,2.34,0.37,0.94,0.14,0.91,0.11
31.3725,84.3907,"TRACHYTE [20736]",77.2,152,18.6,76.1,14.4,3.18,9.02,1.05,4.8,0.78,1.91,0.26,1.6,0.23
31.3778,84.3921,"TRACHYTE [20736]",76.6,154,19.1,77.3,14.6,3.26,9.28,1.06,4.7,0.79,1.92,0.26,1.49,0.2
-20.3,57.2,"TRACHYTE [20758]",47.49,97.49,11.44,68.7,7.06,0.62,8.49,1.19,7.35,1.51,4.57,0.77,5.08,0.79
-20.3,57.2,"TRACHYTE [20758]",14.71,29.71,3.18,74.4,12.3,0.09,1.48,0.18,0.98,0.18,0.59,0.09,0.69,0.11
-20.3,57.2,"TRACHYTE [20758]",24.99,52.99,6.4,68.8,11.7,0.3,4.19,0.56,3.42,0.69,2.1,0.35,2.4,0.37
-20.3,57.2,"TRACHYTE [20758]",20.97,43.97,4.8,15.57,22,0.1,2.13,0.19,0.84,0.14,0.39,0.06,0.44,0.07
-20.3,57.2,"TRACHYTE [20758]",84.52,126.93,17.63,68.9,11.5,0.77,9.53,1.43,8.36,1.66,4.95,0.8,5.35,0.82
-20.3,57.2,"TRACHYTE [20758]",67.24,131.24,15.43,71.3,8.84,0.7,8.49,1.36,8.13,1.64,4.85,0.78,5.16,0.8
-20.3,57.2,"TRACHYTE [20758]",44.16,89.68,11.07,68,11.7,0.54,6.73,1.05,6.45,1.31,3.94,0.65,4.33,0.69
-20.3,57.2,"TRACHYTE [20758]",128.82,244.43,27.82,39.7,6.06,0.95,13.9,1.9,10.62,2.04,6.08,0.96,6.63,1.01
-20,57.5,"TRACHYTE [20758]",20.38,42.81,4.36,75.6,3.07,1.17,2.32,0.35,2.07,0.42,1.29,0.21,1.48,0.23
-20,58,"TRACHYTE [20758]",59.61,154.02,12.34,73.9,6.42,0.24,7.64,1,6.15,1.29,3.94,0.67,4.52,0.68
-20,58,"TRACHYTE [20758]",84.65,130.94,13.63,68.5,9.91,0.17,5.81,0.64,3.46,0.69,2.3,0.43,3.26,0.51
-20,58,"TRACHYTE [20758]",77.31,161.13,15.05,49.3,7.08,0.26,8.17,0.93,5.39,1.11,3.64,0.67,4.94,0.8
-20,58,"TRACHYTE [20758]",75.77,150.24,13.02,90.1,14.6,1.5,7.05,0.84,4.74,0.93,2.8,0.44,2.9,0.44
30,90,"TRACHYTE [20762]",116,214,25.2,95,14.3,2.59,12.8,1.35,4.17,0.69,2.3,0.27,1.55,0.22
30,90,"TRACHYTE [20762]",118,233,26,97.7,14.9,2.48,12.1,1.27,4.24,0.65,2.06,0.25,1.54,0.21
30,90,"TRACHYTE [20762]",117,220,24.9,88.8,14.8,2.67,11.6,1.31,3.91,0.66,2.02,0.23,1.42,0.23
30,90,"TRACHYTE [20762]",133,249,28.3,103,16,2.75,13.8,1.54,4.96,0.78,2.38,0.27,1.64,0.22
30,90,"TRACHYTE [20762]",115,227,25.5,95.6,14.7,2.78,12.2,1.41,4.52,0.69,2.13,0.27,1.61,0.23
30,90,"TRACHYTE [20762]",116,232,26.2,289,306,2.61,12.2,1.27,4.38,0.68,2.22,0.28,1.57,0.21
30,90,"TRACHYTE [20762]",127,265,29.5,1289,1317,3.12,13.2,1.55,4.71,0.71,2.45,0.3,1.62,0.43
30,90,"TRACHYTE [20762]",96.7,170,19.8,66.2,11,1.6,9.16,1.13,3.38,0.57,1.88,0.23,1.43,0.18
30,90,"TRACHYTE [20762]",115,224,24.8,14,15,2.9,12.4,1.43,4.3,0.7,2.1,0.25,1.45,0.21
30,90,"TRACHYTE [20762]",113,195,23.9,89.4,13.5,2.47,12.1,1.33,3.99,0.65,2.05,0.23,1.44,0.18
30,90,"TRACHYTE [20762]",124,228,28.1,96.3,103,2.98,11.3,1.36,4.44,0.72,2.62,0.27,1.67,0.23
30,90,"TRACHYTE [20762]",120,233,26.8,102,15.5,2.73,13.5,1.46,4.63,0.7,2.31,0.27,1.59,0.22
30,90,"TRACHYTE [20762]",116,220,24.2,92.5,14.4,2.74,12,1.34,4.15,0.63,2,0.24,1.53,0.2
40.83288,13.09572,"TRACHYTE [20721]",76.2,143,15.5,52,8.6,2.3,5.9,0.9,4.7,0.9,2.6,0.4,2.5,0.4
40.88117,12.98153,"TRACHYTE [20721]",78.8,138.7,15.2,53.5,8.9,0.9,6.8,1.1,6.3,1.3,3.9,0.6,3.8,0.6
40.937,12.858,"TRACHYTE [20721]",42.9,73,7.4,25.4,4.3,0.9,3.6,0.6,3.5,0.7,2.1,0.4,2.2,0.3
40.937,12.858,"TRACHYTE [20721]",35.8,64.7,6.4,22.3,3.9,0.8,3.2,0.5,3.2,0.7,2,0.3,2,0.3
40.937,12.858,"TRACHYTE [20721]",40.1,71.7,7.5,25.8,4.7,0.9,3.8,0.6,3.8,0.8,2.4,0.4,2.5,0.4
40.95928,12.84049,"TRACHYTE [20721]",96.7,171,19.1,61.8,10.9,0.2,7.7,1.3,7.3,1.4,3.9,0.6,4.1,0.7
40.94666,12.87764,"TRACHYTE [20721]",100,180,19.1,63.4,10.8,0.1,7.8,1.4,8.1,1.8,5.7,1,6.1,1
40.89118,12.99438,"TRACHYTE [20721]",65.5,125,13.7,45.3,8.1,1.7,6.1,1,5.1,0.9,2.8,0.4,2.7,0.4
50.78,121.52,"TRACHYTE [18794]",27.21,58.16,7.19,24.15,4.96,1.39,4.88,0.62,3.47,0.68,1.94,0.31,2.12,0.34
50.78,121.52,"TRACHYTE [18794]",26.74,58.83,7.05,23.18,4.93,1.44,4.65,0.64,3.45,0.69,1.86,0.31,2.08,0.33
50.78,121.52,"TRACHYTE [18794]",27.12,58.58,6.68,24.13,4.74,1.33,4.62,0.58,3.37,0.69,1.83,0.3,2.11,0.33
50.78,121.52,"TRACHYTE [18794]",23.86,51.84,6.51,23.73,4.91,1.46,5.07,0.67,3.7,0.75,1.98,0.3,2.03,0.3
49.027654,-111.006511,"TRACHYTE [17643]",55.4,117.3,14.6,58.2,10.16,2.58,7.65,0.93,4.09,0.65,1.65,0.23,1.36,0.19
48.872024,-111.382519,"TRACHYTE [17643]",40.9,96.6,11.4,40.5,7.44,2.31,5.52,0.83,3.95,0.72,1.97,0.3,1.94,0.28
-41.6489,-65.9999,"TRACHYTE [20847]",47.12,97.62,10624,40.82,7.366,1.39,6072,846,4618,874,2416,0.36,2.428,378
-19.3511,47.3211,"TRACHYTE, QUARTZ [20855]",109,149,23.4,86.5,14.5,4.1,11.7,1.8,10,2,6,0.88,6.2,1.07
31.5586,116.1492,"TRACHYTE [20871]",228,244,36.9,108.5,15.75,3.74,10.95,1.43,6.84,1.18,3.35,0.52,3.17,0.46
31.5608,116.1547,"TRACHYTE [20871]",180.5,304,31.3,89.9,13.55,3.07,9.07,1.33,6.81,1.25,3.63,0.57,3.56,0.49
31.5608,116.1547,"TRACHYTE [20871]",209,331,34.4,101,14.6,3.44,9.86,1.32,6.32,1.08,3.06,0.49,2.91,0.42
31.5325,116.1572,"TRACHYTE [20871]",103,196,14,43.8,9.24,1.74,6.99,0.99,5.45,1.02,2.98,0.43,2.65,0.43
31.5431,116.1614,"TRACHYTE [20871]",226,389,36.9,114.5,17.1,1.58,9.65,1.34,7.16,1.38,3.93,0.58,3.72,0.56
31.5981,116.1089,"TRACHYTE [20871]",254,463,50.6,174.5,28.6,4.77,17.4,2.13,9.68,1.63,4.44,0.59,3.38,0.52
31.5942,116.1247,"TRACHYTE [20871]",169.5,326,35.4,118.5,19,3.33,11.25,1.5,7.8,1.31,3.38,0.46,2.51,0.33
31.5969,116.1267,"TRACHYTE [20871]",211,381,37.6,118,17.8,2.97,10.35,1.38,7.22,1.25,3.38,0.44,2.62,0.35
31.6039,116.1247,"TRACHYTE [20871]",259,423,50.3,164,25,3.98,15.1,1.9,9.4,1.6,4.06,0.56,3.2,0.44
41,39,"TRACHYTE [20875]",38.5,78.5,8.6,31.4,6.04,0.86,4.87,0.79,4.47,0.94,2.87,0.48,3.33,0.51
41,39,"TRACHYTE [20875]",35.6,74.2,8.18,28.7,5.74,0.95,4.76,0.79,4.6,0.94,2.83,0.45,3.29,0.5
41,39,"TRACHYTE [20875]",35.8,74,8.23,30.4,6.11,0.91,4.88,0.81,4.5,0.95,2.94,0.48,3.27,0.52
41,39,"TRACHYTE [20875]",29.1,60.9,6.95,25.7,5.48,1.53,4.54,0.72,3.93,0.82,2.37,0.42,2.65,0.41
41,39,"TRACHYTE [20875]",30.4,62.9,7.14,26.9,5.09,1.4,4.37,0.67,3.76,0.74,2.18,0.35,2.34,0.39
41,39,"TRACHYTE [20875]",30.6,60.6,7.52,30.8,5.7,1.42,4.74,0.75,4.08,0.87,2.76,0.42,2.78,0.46
41,39,"TRACHYTE [20875]",33.1,61.9,7.48,28.1,5.15,1.35,4.25,0.66,3.73,0.72,2.3,0.36,2.53,0.39
41,39,"TRACHYTE [20875]",30.6,63.2,7.14,27.2,5.16,1.3,4.21,0.68,3.66,0.82,2.45,0.38,2.52,0.41
41,39,"TRACHYTE [20875]",32.2,61.1,7.64,30.5,5.51,1.57,4.97,0.77,4.11,0.89,2.49,0.41,2.8,0.45
41,39,"TRACHYTE [20875]",41.5,61.9,8.31,31.5,5.48,1.57,4.92,0.73,3.75,0.79,2.35,0.38,2.44,0.37
41,39,"TRACHYTE [20875]",30.9,62,6.88,28.3,5.3,1.46,4.39,0.7,3.89,0.83,2.49,0.38,2.48,0.41
41,39,"TRACHYTE [20875]",32.7,62.1,7.66,29.7,5.58,1.57,4.99,0.75,3.97,0.86,2.42,0.4,2.66,0.39
41,39,"TRACHYTE [20875]",29.7,62.3,6.98,29.1,5.3,1.53,4.62,0.71,3.89,0.81,2.46,0.4,2.64,0.39
41,39,"TRACHYTE [20875]",27,54.3,6.52,27.2,4.96,1.44,4.48,0.69,3.62,0.74,2.26,0.35,2.31,0.36
41,39,"TRACHYTE [20875]",29.2,60.8,6.91,26.8,4.81,1.44,4.16,0.62,3.34,0.67,2,0.33,2.13,0.31
41,39,"TRACHYTE [20875]",29.1,59.2,6.59,26.1,4.65,1.3,3.8,0.64,3.46,0.74,2.14,0.38,2.5,0.41
41,39,"TRACHYTE [20875]",27.3,53.9,5.92,22.2,4.22,1.23,3.27,0.54,2.83,0.57,1.65,0.29,1.78,0.29
30.43,-6.81,"TRACHYTE [20901]",87.2,177,20,79,14.1,0.95,13,2.08,12.7,2.88,8.31,1.24,6.98,1.04
30.43,-6.81,"TRACHYTE [20901]",61.7,115,14,53.2,10.7,1.71,10.1,1.7,9.55,1.95,5.86,0.85,5.83,0.79
30.43,-6.81,"TRACHYTE [20901]",139,262,30.3,117.6,21.5,2.26,17.8,2.63,16.5,3.21,8.7,1.23,8.04,1.17
30.43,-6.81,"TRACHYTE [20901]",74.1,156,17.6,73.7,12.63,1.27,10.8,1.76,10.1,2.02,5.45,0.8,5.29,0.79
30.43,-6.81,"TRACHYTE [20901]",92.1,179,20.9,75.7,12.77,1.34,9.97,1.55,9.01,1.99,6.09,0.9,5.66,0.83
30.43,-6.81,"TRACHYTE [20901]",118.2,219,25,94.9,16.29,1.44,13.8,1.89,11.2,2.29,6.76,1.06,6.91,1
30.43,-6.81,"TRACHYTE [20901]",67.1,135,15.2,62,11.56,1.58,10.2,1.52,8.2,1.76,5.33,0.85,5.92,0.82
30.43,-6.81,"TRACHYTE [20901]",95.9,190,22.8,82,15.96,1.3,13.9,2.25,13.5,3,8.06,1.14,7.25,1.03
30.43,-6.81,"TRACHYTE [20901]",127.9,201,26.7,95.9,16.55,2.02,13.8,2.1,11,2.2,6.23,0.91,6.02,0.81
30.43,-6.81,"TRACHYTE [20901]",221.1,448,49.8,190,35.28,3.21,29.7,3.61,16.2,2.76,7.96,1.24,8.24,1.08
30.43,-6.81,"TRACHYTE [20901]",98.1,194,22.5,85.6,16.08,1.72,15.1,2.87,16.3,3.22,8.73,1.29,7.97,1.17
40.821,14.426,"TRACHYTE [20895]",78.2,142.13,15.58,54,10.37,2.34,8.2,1.15,6.02,1.23,3.32,0.46,2.99,0.51
40.821,14.426,"TRACHYTE [20895]",69.17,126.07,13.29,47.5,8.83,1.93,6.96,0.96,4.89,1.04,2.73,0.42,2.5,0.49
43,84,"TRACHYTE [20935]",45.94,88.58,10.5,38.03,7.88,1.74,6.61,1.03,5.96,1.23,3.52,0.54,3.48,0.53
43,85,"TRACHYTE [20935]",14.05,33.87,4.27,16.73,4.24,1.08,4.09,0.71,4.06,0.79,2.22,0.32,1.97,0.31
43,85,"TRACHYTE [20935]",7.98,20.64,3.07,13.94,3.92,1.25,3.97,0.65,4.05,0.81,2.21,0.34,2.17,0.31
38.58,-28.7,"TRACHYTE [19433]",66.1,117,11.5,39.5,6.3,1.91,4.8,0.7,4.1,0.8,2.3,0.35,2.4,0.39
38.58,-28.7,"TRACHYTE [19433]",67.2,120,11.8,40.4,6.4,1.93,5.1,0.7,4.2,0.8,2.4,0.36,2.4,0.4
38.58,-28.7,"TRACHYTE [19433]",67.4,120,11.7,40.2,6.3,1.97,4.9,0.7,4.2,0.8,2.3,0.35,2.4,0.4
38.58,-28.7,"TRACHYTE [19433]",64.7,114,11.4,39,6.2,1.85,4.7,0.7,4.2,0.8,2.3,0.35,2.4,0.4
38.58,-28.7,"TRACHYTE [19433]",69.7,124,12.2,41.7,6.6,2.04,5.2,0.8,4.3,0.8,2.4,0.36,2.5,0.4
38.58,-28.7,"TRACHYTE [19433]",65.8,117,11.6,39.8,6.3,1.89,5,0.8,4.3,0.8,2.4,0.35,2.4,0.4
51,58,"TRACHYTE [20952]",14.57,33,4.34,19.43,4.86,1.03,5.32,0.86,5.07,1.11,3.42,0.54,3.69,0.56
40.72861,13.935,"TRACHYTE [20818]",57.9892531737426,108.507498269886,12.629561274036,47.1385033467539,8.60055334647379,1.8232817332235,7.24865664671782,0.996134410346499,5.87007777525615,1.14733338334552,3.14849626127375,0.472274439191063,3.05066163168615,0.459822759061732
40.72861,13.935,"TRACHYTE [20818]",64.7188623316156,122.163846764289,14.0814815735936,51.7564388963208,9.41873933068181,1.7811675367923,7.88935987500674,1.10040716932718,6.48121171764738,1.26826589007201,3.48773119769802,0.525024776551867,3.48773119769802,0.525957325000449
40.74667,13.93556,"TRACHYTE [20818]",71.7382268436667,117.848575383176,16.6123787670665,60.7705255043152,11.090561074203,1.71381069231105,9.85575224993941,1.3708347784448,8.36225080994594,1.62709693178994,4.53717015225228,0.681550325080555,4.58767668455935,0.687899411320159
40.74583,13.94306,"TRACHYTE [20818]",72.5040354917868,111.957103600998,16.6273729462094,60.5180870382373,10.9109732194684,1.77622830404473,9.56741423177643,1.3239541789656,7.92045772932009,1.53050535821565,4.24715340151934,0.623882251345441,4.18522390466607,0.63363378035874
40.7275,13.92361,"TRACHYTE [20818]",64.6558255140396,100.314150553035,14.5093724934602,52.1206007423044,9.36996058063907,1.60791096753699,8.29543697542232,1.14763823980991,7.03675895642135,1.39032388381277,3.9215816104561,0.595911846641572,4.0673322729248,0.625925291086963
40.7525,13.86889,"TRACHYTE [20818]",73.6139450450331,138.656403338247,15.546324010652,55.4625613352989,9.74796532559799,1.59664949298588,8.1261055774597,1.15967173701079,7.03366118752199,1.39496745176661,3.96641347731228,0.604205781819392,4.04204424276951,0.621852960426078
40.73944,13.925,"TRACHYTE [20818]",74.7777482803244,142.477020388482,16.0626959291473,57.1723075444227,10.2547154801901,1.51551989839978,8.83902024575679,1.28864566211239,7.85892354499525,1.58811965401174,4.57378460355382,0.702402635545765,4.69175920642326,0.715107592777859
40.74583,13.92389,"TRACHYTE [20818]",73.6034912333103,138.858438322102,15.8451960293932,56.3100783625209,9.88195021187962,1.46525468658905,8.37410091230833,1.20116808609916,7.30071666515589,1.44821684139615,4.1572342270666,0.635511625695017,4.29353698860977,0.646586225070399
40.72278,13.92222,"TRACHYTE [20818]",71.9536760982114,108.804363880028,16.1898234973511,58.5250677186083,10.5115707172826,1.78449528720742,9.03863624284966,1.24439970775443,7.54510302828609,1.43905847429806,4.02403756559212,0.608615778782688,4.13892240257722,0.611221909124992
40.71028,13.89,"TRACHYTE [20818]",111,212,21.1,68.4,11.3,0.75,10.1,1.51,8.31,1.72,5.41,0.89,6.33,1.04
40.71028,13.89,"TRACHYTE [20818]",114,214,21.2,69.1,11.4,0.74,9.91,1.52,8.3,1.68,5.39,0.89,6.29,1.04
40.69917,13.89056,"TRACHYTE [20818]",97.6912703055241,184.186647890657,24.9544819060444,81.9789358267145,13.366746766387,0.887994903121475,11.9112477142846,1.66649650691278,10.4987438248524,2.15293880330808,6.49895702685481,1.05855103027438,7.50246925173069,1.15670237405206
40.71472,13.85861,"TRACHYTE [20818]",89.1,172,18.3,63.4,11.4,1.34,9.89,1.39,7.41,1.41,4.12,0.64,4.42,0.73
40.71472,13.85861,"TRACHYTE [20818]",80.4,159,17.1,60.6,10.9,1.36,9.31,1.32,7.19,1.38,4.01,0.62,4.29,0.68
40.71028,13.86056,"TRACHYTE [20818]",120,222,21.6,69.4,11.2,0.74,10.19,1.41,8.09,1.72,5.21,0.84,6.12,1.01
40.71028,13.86056,"TRACHYTE [20818]",123,224,22.3,71.7,11.7,0.75,10.18,1.49,8.32,1.68,5.29,0.87,6.28,1.03
40.71556,13.95889,"TRACHYTE [20818]",61.8940696512942,116.74629904286,13.5277457621092,50.7753745043551,9.09879886191182,1.84385027853406,7.78308660285736,1.0470104596701,5.97629864147976,1.13966625256126,3.03911000683002,0.438261900375182,2.82600168318035,0.42529008937042
40.71556,13.95889,"TRACHYTE [20818]",61.9117906474837,116.476596008291,13.4396072317258,49.9953389020201,8.89701998740251,1.56795417703468,7.52618004976647,1.03932962592013,5.92238692011385,1.13788674561945,3.04631097252452,0.448882881539643,2.8939954238983,0.434547300492469
40.71556,13.95889,"TRACHYTE [20818]",72.5198795019829,135.747010625571,15.5790193402501,56.485333280439,9.93048601220621,1.49412817064387,8.36347354055532,1.17525935373817,6.77823999365268,1.3210279557522,3.61688343747327,0.538432773689346,3.47111483545923,0.528411182300881
40.75528,13.88417,"TRACHYTE [20818]",97.6830765268346,182.51249338562,25.4777448964071,84.0385316732234,13.2850563750261,1.08587953527865,11.896063221029,1.64665757573807,10.0780025129008,2.08540221198022,6.18211232066228,1.0005761058704,7.03736543706471,1.0846466872852
40.71444,13.85778,"TRACHYTE [20818]",92.9,185,20.3,73.3,13.4,1.32,11.31,1.58,8.28,1.73,4.62,0.71,4.62,0.71
40.71444,13.85778,"TRACHYTE [20818]",98.5,194,21.3,75.5,13.5,1.24,11.49,1.59,8.51,1.72,4.71,0.74,5.03,0.82
40.71444,13.85778,"TRACHYTE [20818]",93.7,183,20.7,75.5,13.8,1.37,11.79,1.61,8.59,1.69,4.68,0.71,4.77,0.76
40.7575,13.87944,"TRACHYTE [20818]",148.782897047708,278.855849101258,39.1882713956066,131.087143468055,21.2167447575686,1.19140963736825,18.8469212203197,2.60138807293547,15.2065406112266,3.14558581567964,8.97727286983976,1.40816320761344,9.6359382440624,1.48428334061027
40.7575,13.87944,"TRACHYTE [20818]",185,344,33.8,111,18.2,1.02,16.01,2.31,12.02,2.42,7.11,1.13,7.72,1.28
40.71694,13.94889,"TRACHYTE [20818]",58.5,112,12,43.4,7.9,1.66,6.89,0.92,4.73,0.89,2.48,0.38,2.59,0.41
40.71778,13.95389,"TRACHYTE [20818]",201,365,35.7,115,18.6,0.89,16.21,2.29,12.71,2.61,7.82,1.25,8.73,1.42
40.71694,13.94889,"TRACHYTE [20818]",62.2,120,12.7,46.5,8.4,1.68,7.48,1.02,5.08,1.02,2.81,0.42,2.82,0.43
40.69528,13.89389,"TRACHYTE [20818]",160.784925226633,295.07905446526,37.7844219226706,119.215734333149,18.5467070055191,1.04473517174008,16.9214625932056,2.33194831517948,14.6403968329093,3.02037895344274,9.06096532742915,1.47710328960195,10.5419258731798,1.66381137027492
40.69528,13.89389,"TRACHYTE [20818]",201,358,33.8,106,16.5,0.92,14.82,2.1,11.78,2.48,7.39,1.26,8.78,1.47
40.69528,13.89389,"TRACHYTE [20818]",206,371,35.3,110,17.2,0.95,15.41,2.19,12.09,2.51,7.72,1.28,9.01,1.49
40.70139,13.91139,"TRACHYTE [20818]",195,365,35.1,113,17.7,1,15.01,2.219,11.81,2.42,7.48,1.22,8.72,1.45
40.70833,13.9425,"TRACHYTE [20818]",199,368,38,127,20.7,1.17,17.32,2.31,11.79,2.29,6.48,1.02,7.11,1.14
40.71694,13.94889,"TRACHYTE [20818]",194,363,36.6,121,19.7,1.13,17.29,2.29,11.8,2.31,6.59,1.02,6.92,1.14
40.70833,13.9425,"TRACHYTE [20818]",197,370,37.2,124,20.2,1.13,17.18,2.32,11.82,2.32,6.61,1.03,7.02,1.14
40.70139,13.91139,"TRACHYTE [20818]",186,346,34.1,110,17.2,0.97,14.11,2.01,11.07,2.21,6.69,1.07,7.49,1.24
9.3717,40.0678,"TRACHYTE [20947]",62.9,128,15.8,61.8,13.4,3.93,13,2.17,13,2.55,7.74,1.19,7.5,1.21
-56.8333,68.0933,"TRACHYTE [5171]",64,147,16,66,12,4.8,9.7,1.3,8.2,1.5,4.4,0.54,3.7,0.5
-56.8333,68.0933,"TRACHYTE [5171]",75,163,19,74,14,4.8,10,1.4,8.7,1.6,4.5,0.56,3.8,0.51
42,128,"TRACHYTE [21210]",73.5,145,15.9,59.2,11.2,0.73,9.89,1.45,8.14,1.47,3.79,0.53,3.49,0.54
42,128,"TRACHYTE [21210]",218,384,38.8,137,26,0.49,23.5,3.55,20.8,3.89,9.89,1.41,9.17,1.32
42,128,"TRACHYTE [21210]",154,311,32.1,113,24.2,0.3,22.3,3.53,20.8,3.87,9.95,1.42,8.7,1.25
42,128,"TRACHYTE [21210]",124,237,24.7,88.5,16,0.63,14.2,2.13,12.1,2.21,5.73,0.82,5.56,0.8
42,128,"TRACHYTE [21210]",124,236,24.8,88.8,16.4,0.51,14.1,2.1,11.4,2.15,5.41,0.81,5.42,0.79
42,128,"TRACHYTE [21210]",152,302,31.8,113,24.2,0.3,22.9,3.62,20.9,3.87,10,1.38,8.73,1.2
42,128,"TRACHYTE [21210]",88,177,19.1,69.9,13.4,0.51,11.3,1.67,9.45,1.7,4.54,0.64,4.15,0.65
42,128,"TRACHYTE [21210]",173,345,35.2,125,26,0.45,23.9,3.91,22.9,4.15,10.9,1.57,9.82,1.33
42,128,"TRACHYTE [21210]",160,332,33.5,121,24.9,0.47,23.9,3.69,22.2,4.14,10.7,1.54,9.84,1.42
42,128,"TRACHYTE [21210]",146,307,30.6,109,22.6,0.51,20.9,3.22,19.3,3.62,9.46,1.4,8.75,1.25
42,128,"TRACHYTE [21210]",75.8,144,16.4,60.5,11.6,0.69,10.2,1.45,8.37,1.51,3.91,0.57,3.68,0.53
40,27,"TRACHYTE [21237]",68.1,114.1,13.59,48.5,8.26,1.93,7.12,1.04,5.65,1,2.94,0.43,2.77,0.44
-1.52,29.43,"TRACHYTE [21315]",105.17,220.71,21.56,69.99,9.96,1.73,5.84,0.84,4.37,0.81,2.12,0.34,2,0.28
39,-27,"TRACHYTE [21541]",76.05,149.25,16.82,58.85,12.07,2.2,10.75,1.71,10.35,2.13,6,0.82,5.46,0.79
39,-27,"TRACHYTE [21541]",80.7,163.5,17.75,59,12.75,2.18,11,1.8,10.65,2.25,6.1,0.9,5.78,0.77
39,-27,"TRACHYTE [21541]",77.4,155,16.95,57.5,11.85,2.06,11,1.75,11.05,2.17,6.08,0.9,5.66,0.77
39,-27,"TRACHYTE [21541]",52.5,110,12.05,41.7,8.4,2.6,7.91,1.25,7.17,1.5,3.95,0.56,3.87,0.5
-25.87,-65.59,"TRACHYTE [5181]",43,80,11,38,7.7,1.4,6.4,0.9,5.7,1.1,3,0.5,3.1,0.5
-25.87,-65.59,"TRACHYTE [5181]",42,78,10,36,7.3,1.3,6.1,0.9,5.4,1.1,2.9,0.5,2.9,0.4
-25.87,-65.59,"TRACHYTE [5181]",44,84,11,38,7.8,1.4,6.6,1,5.7,1.1,3.1,0.5,3,0.5
41.45,119.27,"TRACHYTE [21818]",54.1292597713602,90.6662969183823,13.5508967850076,57.1718752746637,10.6191797233075,2.87187198019602,8.63500292271469,1.28233085317322,6.41104011303801,1.20178606872881,3.1958222653278,0.44504323940621,2.40573265338712,0.349282211474936
41.45,119.27,"TRACHYTE [21818]",45.2783659204352,86.4538292596691,10.7485172258404,44.7377241888088,8.20605861097662,2.45497418242633,6.70386690358614,0.997866887528011,4.87301371572906,0.915011225850036,2.41302587628705,0.336329893055794,1.86748193868542,0.266282863601083
41.45,119.27,"TRACHYTE [21818]",48.2337448201541,89.5462998174897,11.2567703469507,46.6027569202703,8.67528041123025,2.45075445821948,6.8078989437437,0.993184044028529,5.19203332684299,0.915665423268877,2.32700818479696,0.318873396184598,1.76522749375573,0.247176120383054
41.45,119.27,"TRACHYTE [21818]",42.9850331603374,85.0240573605055,9.95346052899602,41.0717448861671,7.67587158783078,2.32269473075314,6.22514635825059,0.923235176240804,4.90036738224902,0.925623967652112,2.4715886001624,0.349558890503629,1.9877530912752,0.284102858846306
7,40,"TRACHYTE [21827]",74.3,152,14.1,46.3,7.8,1.41,6.1,1,6.1,1.2,3.7,0.61,4.2,0.66
7,40,"TRACHYTE [21827]",89.9,156,16.4,53.5,8.2,1.13,7.1,1,5.9,1.2,3.4,0.52,3.6,0.53
7,40,"TRACHYTE [21827]",173,135,36.8,133,23,1.63,18.3,2.9,17.3,3.5,9.9,1.44,9.8,1.53
7,40,"TRACHYTE [21827]",224,234,46.4,170,30.3,7.38,23.2,3.4,17.9,3.1,8.2,1.14,7.2,1.04
7,40,"TRACHYTE [21827]",64.9,142,13.1,40.1,6,1.54,3.4,0.6,3.4,0.7,2.1,0.39,3,0.48
39.0042,39.6333,"TRACHYTE  [21869]",76.3,128,12.8,43,6.4,1.64,5.6,0.7,3.5,0.7,1.9,0.27,1.9,0.32
34.78,171.83,"TRACHYTE [5942]",141,325,39.4,139,29.7,2.27,26.6,2.57,27.8,5.33,14.2,2.03,12.1,1.65
34.78,171.83,"TRACHYTE [5942]",166,377,45.5,159,34,2.56,30.6,5.32,32.3,6.22,16.3,2.33,13.7,1.86
39,-27,"TRACHYTE [22022]",67.8,143.7,15.49,59.8,11.19,2.06,9.87,1.76,9.71,1.95,5.6,0.82,5.31,0.77
35.5383,118.9972,"TRACHYTE [22100]",100,178,19.5,67.5,9.78,2.31,7.98,0.99,4.97,0.85,2.53,0.36,2.38,0.35
35.5383,118.9972,"TRACHYTE [22100]",109,193,21.4,74.2,10.6,2.35,8.12,1,5.23,0.9,2.66,0.38,2.43,0.36
-15.95,-5.7,"TRACHYTE [511]",110,140,11,30,8,3,7,1.1,6,1.4,2,0.3,2,0.5
-37.1,-12.2,"TRACHYTE [511]",160,85,8.1,29,6,1.77,5.6,0.86,4.8,1,2.8,0.38,2.1,0.3
18.75,-110.95,"TRACHYTE [1408] / NOT GIVEN [846]",48.3,97.4,11.8,50.5,13.3,3.9,11.1,2.16,13.3,2.7,7.46,1.06,6.7,1.07
37.5262,130.8583,"TRACHYTE [22239]",278,494,26.7,81,12.4,0.46,9.14,1.55,9.34,1.85,5.63,0.84,5.74,0.84
18.75,-110.95,"TRACHYTE [1408] / NOT GIVEN [846]",50.3,99.7,12,50.9,13.1,3.68,11.6,2.27,13.7,2.74,7.69,1.06,6.9,1.1
18.75,-110.95,"TRACHYTE [1408] / NOT GIVEN [846]",51,100.1,11.8,49.4,12.8,3.23,10.8,2.11,13.1,2.59,7.34,1.05,6.7,1.04
18.75,-110.95,"TRACHYTE [1408] / NOT GIVEN [846]",125.7,147.8,29.2,114.9,28,5.34,20,4.2,25.2,4.87,13.38,1.82,11.6,1.72
44.4833,95.6514,"TRACHYTE [22272]",15.9,34.6,4.84,21.8,5.43,1.65,5.26,0.86,5.18,1.04,2.92,0.44,2.94,0.441
43.4583,97.3703,"TRACHYTE [22272]",22.4,45.9,5.83,27.9,4.8,1.68,3.93,0.6,3.31,0.67,1.83,0.26,1.84,0.27
24.2239,39.9084,"TRACHYTE [22299]",122.181235668628,252.55160993274,27.7471557492447,97.2889079928346,19.2896985775807,2.110437922292,16.8805837481634,3.07539843455335,20.0479027610696,4.18615153792994,11.7235843930096,1.78931571990023,11.4991043288864,1.85066075869312
24.2261,39.9081,"TRACHYTE [22299]",105.895967488156,209.430396787224,24.0043348926646,83.2637363170527,16.5581845145573,1.99814321651643,14.420884076019,2.69651747457833,17.3695579880855,3.51006533628271,10.0459561558783,1.53101683083318,10.1447638218796,1.66394245290744
24.2174,39.9069,"TRACHYTE [22299]",121.420253440716,248.815519498692,27.9416953601046,97.0665118295237,19.0052975874279,2.04839324917444,16.823830994326,3.15364262143463,20.91457358653,4.37927377622102,12.8305486635714,1.90472301710396,12.5153202374153,1.95605384541711
24.2126,39.9029,"TRACHYTE [22299]",105.833661037419,261.103499042517,24.5886312728047,85.3839092562229,16.8693763710919,2.06306683922051,14.9532147147164,2.75538102601997,17.2153027299419,3.36622164361868,8.98835120362815,1.3913372804408,9.13899440571712,1.3762454808763
24.2151,39.8472,"TRACHYTE [22299]",144.764380253625,288.02415959667,34.5483587025536,123.178034022989,24.911129988247,2.94878489982919,22.1943310471925,4.05464591972142,25.0487699473309,5.0475639898627,14.3250205656929,2.13417783411924,13.5338332218445,2.11390301495482
24.2144,39.8479,"TRACHYTE [22299]",144.917784624543,313.92679562537,35.1070326994054,126.764605407081,26.0622141797984,3.10440489042377,23.1825360054422,4.18834066981578,26.6224210539445,5.38753413126318,15.191999356249,2.27317746464355,14.2939542058524,2.21074713921006
24.2174,39.8487,"TRACHYTE [22299]",151.896606789132,345.647221189716,36.8603382317796,131.907082985812,26.6079464237918,3.13821333143062,24.1200123825175,4.39035505036909,28.0769927456113,5.67988379836397,16.2635192450103,2.43871138524109,15.2065177567461,2.32463529435238
24.2196,39.8551,"TRACHYTE [22299]",80.2927138280658,171.62439905974,20.5043161713272,76.8329383634385,16.0136667378504,2.87081439472718,14.4573674569262,2.4906902739018,15.7189987927535,3.16975849203467,8.92135172954541,1.34760539276341,8.85965562893726,1.41793138592405
24.2103,39.8492,"TRACHYTE [22299]",81.0250498347955,172.335534873191,20.5509941268774,76.9326260733368,15.5371366715443,2.84091408188362,13.9172488864298,2.40470620672648,14.8447674220314,3.05075356885501,8.35476042601706,1.28352807213694,8.53196183372472,1.39844911312004
24.2199,39.8387,"TRACHYTE [22299]",78.2704225054882,168.22324640296,20.1892222238348,75.5010336071574,15.5566748797779,2.87323796235948,14.0096499398715,2.47704327931359,15.3555995402684,3.11964080179167,8.72248050160344,1.31691877938116,8.63524964791375,1.37036563452202
24.219,39.8528,"TRACHYTE [22299]",80.3954746326112,176.608322592942,20.6038638851753,76.8170219392778,15.5955153311664,2.92058520370979,14.1902378662827,2.42932765254897,15.3583991118276,3.07681632695141,8.60253885324692,1.30484134723189,8.75628735772631,1.42069290409599
24.2162,39.8377,"TRACHYTE [22299]",78.1865719285141,166.407159522022,20.1444275866218,75.3530995244044,15.6589826977999,2.91028303881971,14.3477312248704,2.51530561247584,15.6467995957475,3.22463255826298,8.96540806460638,1.35797731568898,9.0416121656705,1.44033927889382
24.2044,39.8781,"TRACHYTE [22299]",138.216874703405,299.229245686435,31.8855608508262,111.418782152101,21.9773456838433,2.63137833574956,20.1477677839566,3.6685367638969,23.1877169476134,4.86662856208607,13.7451394339517,2.11001288520256,13.7362166614984,2.08417965817021
24.206,39.8797,"TRACHYTE [22299]",143.848712198056,303.49300737986,32.8188837844322,114.265630304468,22.8286598474379,2.68656707260032,20.3071254148894,3.7313342698363,23.9511900629102,4.84765062036002,13.6647670499627,2.05709115915322,13.1538361776096,2.03474646417892
24.2068,39.8767,"TRACHYTE [22299]",134.008450256297,203.053972035997,30.0906631416944,101.549957461302,17.181516254113,2.07421227188413,13.0402858686788,2.14684613599371,12.3467461391069,2.31958015422033,6.42526767661451,1.00861937339066,6.51932058453521,0.963039229468604
24.2102,39.8887,"TRACHYTE [22299]",132.641053898563,116.201515615527,30.1293753285896,105.030854024813,20.6641431025425,2.52511331481235,18.3843306597937,3.24666926016787,20.2802022587748,4.02450090203073,11.5569947575191,1.82429582921897,12.6524492602933,2.13181824104081
24.2097,39.8895,"TRACHYTE [22299]",154.714725361273,225.738119606456,30.879270688801,100.727942078283,17.9893648581241,1.61775407929897,15.4184234925282,2.82823517648984,16.6550391327067,3.07813313036326,8.95032231827773,1.47505518821843,10.1872917307069,1.57635007884459
24.1969,39.8727,"TRACHYTE [22299]",168.124721979084,322.217417676227,34.1976572582008,111.605846122608,21.1513291688857,1.89024965684628,18.988027076099,3.69084330583424,24.1358835497218,5.01096746531057,14.4678572622221,2.24796893697625,14.2856678808907,2.15948890196552
24.1973,39.8731,"TRACHYTE [22299]",169.078574619439,337.604683039615,34.5448120959145,114.324432657034,21.6239754193773,1.92505142166855,19.4481994240423,3.69844867277218,24.1042815277588,5.085358877321,14.6288342535958,2.26537283741133,14.5461426730026,2.18116607283872
24.1973,39.8731,"TRACHYTE [22299]",151.969168378822,303.765436213264,30.7960710062733,100.864209343674,19.3055009611305,1.71832837916028,17.2810039045156,3.30135295044737,21.5425868636185,4.46978051313263,12.8750781427482,1.989014097955,12.7994625866281,1.97824757745405
24.1957,39.8726,"TRACHYTE [22299]",148.401334520102,300.280947680521,30.2997015902107,99.2172008717226,18.8898001113715,1.75011212851391,17.3082236695992,3.38852544324683,21.9632540342602,4.5195624033179,13.0447406611978,2.05689397099364,13.4278089279946,2.07850972650829
24.2261,39.841,"TRACHYTE [22299]",146.58392642548,304.134714761675,35.8958126223415,127.870771013676,25.6966397480998,3.02754611279056,23.7170528832239,4.23424215575508,26.5353067414925,5.43042318673019,15.1396645767683,2.28272073061072,14.5622751858224,2.17793683523725
24.2281,39.8332,"TRACHYTE [22299]",144.320573025888,301.057470175035,35.1446738666378,125.82387461003,25.6209960638876,2.9983376771791,23.1568751327257,4.18677580945283,26.1049803687233,5.39836405900128,14.9899389083903,2.27262672469541,14.3118179293899,2.12040407174691
24.2346,39.8421,"TRACHYTE [22299]",146.149473508335,304.0143221647,35.6039005483598,127.368627929167,25.8441322467483,3.03095958676886,23.5324685346221,4.27052641126695,26.795190087946,5.46507419887062,15.4494944030283,2.30594585342758,14.5319927995092,2.18505997112751
24.2162,39.8377,"TRACHYTE [22299]",146.939948191293,313.396970331567,35.2140036036587,126.082031320806,25.401209830036,3.07759368259707,22.2613513149403,4.09662745226769,25.8491793450493,5.22854422412025,14.4144540596554,2.17798774670526,13.8752623029037,2.1036382056568
24.187,39.8708,"TRACHYTE [22299]",167.243876931467,339.625334518555,33.9626761893376,111.215664186292,21.1777217785303,1.84305272959767,19.0018154093107,3.60379176834353,23.6298941545466,4.97155032114113,14.7146975110371,2.27546232629591,14.5683214858771,2.28988636046428
24.1938,39.8765,"TRACHYTE [22299]",154.340062599144,330.688279177439,32.1895411103519,106.517839998255,20.4040131037883,1.9063962225823,18.2843486370896,3.42820660467537,22.4988694633875,4.6723729331623,13.3233928429398,2.06167430749783,13.0716447505808,2.00208249116247
24.1926,39.8768,"TRACHYTE [22299]",172.14400326675,343.639548934751,35.0138151336735,115.347661741714,21.9890894382495,1.90966804093468,19.7953406990877,3.7333948418261,24.4562059792076,5.10366203669716,14.7207660971394,2.28857561722761,14.5877793730712,2.24134189640773
24.1925,39.8768,"TRACHYTE [22299]",165.794324152406,332.249581502366,33.9693240939006,112.275989128087,21.2313280355756,1.86481213390315,19.1763999146236,3.61116669239716,23.6544755881384,4.9223259679131,14.1041395457455,2.17475060582692,14.0561606593728,2.13206766760039
24.1917,39.8765,"TRACHYTE [22299]",189.899987304809,376.378251126121,41.4111784426614,139.307318432316,27.694394635521,2.01309076021826,25.2002369345049,4.83140157164961,31.4057722518726,6.54239156212214,18.928428006772,2.88306713973613,18.5069077343837,2.86723794417831
24.1911,39.8762,"TRACHYTE [22299]",197.427568062374,391.679146448733,42.4007267033068,144.898574991246,28.0122625016927,2.0749947769086,25.4218407179829,4.9450275878897,32.25015618831,6.74166368347435,19.4235078450993,2.98544400737153,19.0856867537519,2.8578981543989
24.189,39.8765,"TRACHYTE [22299]",184.654973373802,364.420329889631,40.0441729214972,135.118524104986,26.9727782008276,1.98931544159812,24.1468239134715,4.60988506994502,30.0619966678481,6.236519438513,18.054256188252,2.76430162394904,18.0662305152213,2.69904078419722
24.1841,39.8751,"TRACHYTE [22299]",192.552493627363,381.54909532689,41.6295962903548,139.978878949986,27.292349172802,2.00907829227496,24.8287996587748,4.80738176002144,31.7492961991972,6.55842174043981,19.1133875803345,2.84017939142909,18.6356167443546,2.86141821519762
24.1909,39.8656,"TRACHYTE [22299]",177.106664402361,378.414162130682,38.6593293801305,130.108475213848,25.9865101139447,1.84026957565987,23.0955308059402,4.40946601642751,28.6818669114709,5.98480197650184,17.2234970306169,2.67686811941061,17.1954866401146,2.61736252131936
24.1901,39.8721,"TRACHYTE [22299]",173.213737956168,343.691044859165,35.055057318624,115.413747975602,21.5928777108346,1.88733711260578,19.6999672208178,3.73543735991177,24.3609476663908,5.13944037080045,14.731434130711,2.25277374946845,14.56410468762,2.20642997413849
24.188,39.8687,"TRACHYTE [22299]",171.959739816655,353.430249040274,33.7019211144737,109.958232971943,21.5846144221373,1.87655095970563,19.3574449391248,3.65208866803697,23.5709149602279,4.89180305872011,14.1940887539774,2.19296078676981,14.1744781812725,2.18331857568452
24.204,39.8899,"TRACHYTE [22299]",37.2213307196961,85.9008923266328,11.2172711124743,47.4818184453405,10.5175330825258,3.65639703765829,10.2504664400017,1.58517114114227,9.43785573636316,1.82214060238565,4.71534547640165,0.666164814152784,3.963244903862,0.626857231472925
24.2029,39.8856,"TRACHYTE [22299]",56.2787519456011,129.080539921362,16.595731726089,67.4231003670625,14.8926060513403,5.58037721761975,14.2493066051456,2.32732900348921,13.930352516871,2.76039141443081,7.34622967848525,1.0480513302827,6.48575014913666,1.05124537582045
24.2053,39.8992,"TRACHYTE [22299]",63.6167283011751,141.504992716189,17.5462772465682,67.7475076133721,14.0669254318676,4.19586670178169,12.4940423679535,2.09129994440524,12.595108465397,2.52130489411079,6.76727770077965,0.998783006581559,6.27805304139663,0.990617764375602
24.2054,39.9,"TRACHYTE [22299]",55.1646849196249,126.879936580607,16.5435384714599,67.3295257685152,14.9933735924197,5.29634296872714,13.9339111530527,2.2275014548642,13.4476176194301,2.61895627385321,6.88228282273127,0.976455290513561,5.97145063037112,0.941946374711479
24.2117,39.8959,"TRACHYTE [22299]",61.5680629050691,137.546943002695,17.1419112573899,66.9510470521267,13.8496655628647,4.21011194325977,12.5725133372235,2.0482087433341,12.4618691559076,2.44578966732707,6.54684323218655,0.949064329034878,6.06753074304559,0.953875887916679
24.2117,39.8959,"TRACHYTE [22299]",62.4107373121141,139.257274030676,17.4719629665956,67.7553370899658,14.3175701852608,4.29818675748353,12.5320416002438,2.11664698426473,12.5536476667602,2.50257433533266,6.67167515756664,0.968876933940455,6.18609245093895,0.970185888586787
18.75,-110.95,"TRACHYTE [1408]",106.8,154.9,23.2,97.3,24.1,4.62,21.9,4.24,26.5,5.3,14.98,2.01,12.1,1.88
18.75,-110.95,"TRACHYTE [1408]",107,139.1,28.3,115.3,27.8,4.44,18.3,3.52,19.8,3.56,9.34,1.27,8.1,1.25
18.75,-110.95,"TRACHYTE [1408]",92.3,143,20.7,84.1,20.4,4.32,15.7,3.21,19.7,3.93,10.79,1.51,9.5,1.45
18.75,-110.95,"TRACHYTE [1408]",113.3,103,30.9,123.6,31.8,4.82,20.1,4.25,25.3,4.72,12.64,1.72,11.4,1.69
18.75,-110.95,"TRACHYTE [1408]",160.1,105.8,36.4,149.6,36.4,6.85,25.8,5.47,33.4,6.17,16.58,2.3,14.8,2.07
10.4121501,-73.518019437,"TRACHYTE [22303]",36.6,75.2,9.21,34.3,6.27,1.27,5.31,0.86,4.8,0.94,2.98,0.49,3.16,0.47
10.185733213,-73.733759242,"TRACHYTE [22303]",36.8,74.3,9.31,34.2,6.33,1.33,5.64,0.93,5.38,1.07,3.15,0.51,3.18,0.47
18.75,-110.95,"TRACHYTE [1408]",74.9,121.3,17.9,74.7,19.4,3.53,15.2,3.23,19.8,3.93,10.95,1.55,9.8,1.48
18.75,-110.95,"TRACHYTE [1408]",61.5,84,14.1,55,13.8,2.31,8.8,1.83,11.1,2.1,5.7,0.87,5.9,0.91
6.3439,11.1711,"TRACHYTE [22346]",122,161,24.4,100,22.3,3.58,22.9,3.72,20.1,3.91,9.7,1.32,7.18,0.91
24.42,33.43,"TRACHYTE [22349]",127.56,323.43,35.75,133.83,27.7,7.39,26.4,4.49,25.71,4.91,13.7,1.91,13,1.96
24.42,33.43,"TRACHYTE [22349]",158.76,326.89,42.07,153.42,31.2,3.56,29,4.85,27,5.18,14.2,1.9,12,1.59
24.42,33.43,"TRACHYTE [22349]",145.31,299.26,37.28,136.21,27.1,3.05,24.4,4.07,23.03,4.48,12.6,1.7,11,1.43
24.42,33.43,"TRACHYTE [22349]",133.39,276.86,34.7,126.77,25.5,2.97,23.5,3.87,21.79,4.19,11.8,1.61,10,1.39
24.42,33.43,"TRACHYTE [22349]",167.2,298.42,37.06,135.09,26.8,3.14,24.1,4.08,23.05,4.48,12.6,1.7,11,1.47
24.42,33.43,"TRACHYTE [22349]",134.39,284.56,36.41,132.89,25.1,3.92,21.2,3.49,19.22,3.71,10.5,1.45,9.2,1.33
18.75,-110.95,"TRACHYTE [1408]",128,238.8,28.7,117.4,30.6,5.32,24.7,5.18,32.6,6.68,18.91,2.61,16.1,2.37
18.75,-110.95,"TRACHYTE [1408]",133.4,251.3,29.1,121.4,31.1,5.26,28.5,5.68,35.4,7.22,20.54,2.84,17,2.55
18.75,-110.95,"TRACHYTE [1408]",113.4,198.6,25.6,106.3,27.6,4.55,23.1,4.8,30.2,6.15,17.48,2.4,14.7,2.2
18.75,-110.95,"TRACHYTE [1408]",130.7,217.6,31.7,127.7,32.3,5.27,25.2,5.2,32.4,6.56,18.28,2.46,15,2.19
18.75,-110.95,"TRACHYTE [1408]",25.4,91.1,6.7,26.8,6.4,0.6,4.2,0.89,6.1,1.28,4.16,0.77,5.9,1.01
-25.36,-129.25,"TRACHYTE [6126]",75.34,151.19,18.5,70.15,14.49,3.89,11.93,1.88,10.84,2.05,5.52,0.78,5.12,0.73
-25.17,-129.38,"TRACHYTE [6126]",122.38,219.44,24.54,83.17,14.76,2.11,11.71,1.83,10.65,2.03,5.52,0.81,5.39,0.78
-25.17,-129.38,"TRACHYTE [6126]",99.56,188.47,22.29,81.2,15.15,4.2,12.3,1.84,10.45,1.96,5.16,0.72,4.59,0.65
-25.17,-129.38,"TRACHYTE [6126]",103.52,195.48,22.39,80.09,14.74,3.59,11.82,1.8,10.3,1.94,5.17,0.73,4.7,0.67
-25.17,-129.38,"TRACHYTE [6126]",107.26,201.84,23.28,83.19,15.22,3.75,12.33,1.86,10.59,2.01,5.31,0.75,4.87,0.71
42,128,"TRACHYTE [22406]",66.9,131,14.4,51.8,9.4,1.1,7.5,1.2,6.6,1.2,3.2,0.4,3.1,0.6
42,128,"TRACHYTE [22406]",174,308,37.5,133,25.6,0.5,27.3,3.8,19.3,3.4,10.8,1.7,9.3,1.3
44.0622,22.0944,"TRACHYTE [17005]",16.77,30.63,3.41,13.6,2.65,0.81,2.18,0.36,2.12,0.45,1.16,0.18,1.43,0.2
29,-103,"TRACHYTE [16226]",72.7,145,16.7,61.1,11.8,3.16,10.4,1.61,8.61,1.66,4.84,0.716,4.59,0.662
29,-103,"TRACHYTE [16226]",73,142,16.1,61.2,11.6,3.13,10.1,1.57,8.95,1.7,4.99,0.736,4.75,0.695
29,-103,"TRACHYTE [16226]",120,232,25.6,93.7,17.9,1.86,15.4,2.56,15,2.82,8.58,1.32,8.27,1.25
37.8,-25.5,"TRACHYTE [22428]",83.8,158.9,15.05,62,11.1,3.18,9.5,1.4,7,1.3,3.6,0.47,3.1,0.48
37.8,-25.5,"TRACHYTE [22428]",82.6,156.1,14.7,59.8,10.5,2.8,9,1.3,6.7,1.2,3.5,0.48,3.1,0.47
37.8,-25.5,"TRACHYTE [22428]",90.1,169.6,16.11,64.7,11.4,2.97,10,1.5,7.6,1.4,4,0.54,3.6,0.52
37.8,-25.5,"TRACHYTE [22428]",83.4,161,16.5,57.8,11.7,3.56,10.2,1.4,7.5,1.4,3.7,0.52,3.2,0.46
31,-104,"TRACHYTE [11186]",67.4,130,14.9,60,11.8,3.8,10.6,1.78,9.92,2.05,6.23,0.92,5.97,0.919
31,-104,"TRACHYTE [11186]",91.4,145,18.1,73.9,13.7,2.52,13.2,2.05,10.8,2.18,6.68,0.982,6.06,0.952
-42.2054,171.9378,"TRACHYTE, QUARTZ [22459]",92.8,190,23.5,85.84,14.05,3.75,11.5,1.66,8.49,1.61,4.11,0.63,3.77,0.55
-31,152,"TRACHYTE [22464]",71.55,163,18.72,71.9,15.65,3,14.05,2.14,11.69,2.11,6.4,0.98,5.49,0.91
38.6722,47.7203,"TRACHYTE [22469]",53.2,75.2,10.3,37.57,6.51,1.88,5.36,0.7,3.74,0.7,1.9,0.28,1.91,0.3
38.6247,47.6592,"TRACHYTE [22469]",49.06,61.78,8.79,29.85,4.99,1.39,4.09,0.57,3.25,0.64,1.89,0.3,2.11,0.34
38.6247,47.6592,"TRACHYTE [22469]",36,59.6,6.4,21.81,3.68,1.08,3.1,0.44,2.54,0.51,1.48,0.24,1.71,0.28
31.08,118.2,"TRACHYTE [22478]",67,130.5,14.5,52.9,9.26,2.16,7.06,1.06,6.14,1.18,3.44,0.57,3.61,0.54
31.08,118.2,"TRACHYTE [22478]",65.8,130,14.35,52,8.91,2.05,6.68,1.1,6.02,1.23,3.26,0.59,3.5,0.56
31.08,118.2,"TRACHYTE [22478]",65.3,129.5,14.25,51.4,9.08,2.04,6.72,1.01,5.84,1.18,3.4,0.53,3.21,0.48
31.08,118.2,"TRACHYTE [22478]",62.4,121.5,13.15,47.6,8.14,1.9,6.26,0.98,5.62,1.08,3.08,0.48,3.32,0.49
31.08,118.2,"TRACHYTE [22478]",64.5,130,13.65,48.3,8.42,1.99,6.57,0.99,5.72,1.21,3.24,0.49,3.44,0.55
31.08,118.2,"TRACHYTE [22478]",62.8,125,13.75,50,8.71,2.03,6.9,1.01,5.84,1.14,3.36,0.48,3.23,0.54
31.08,118.2,"TRACHYTE [22478]",66,129.5,14.4,52.6,9.1,2.09,6.86,1.09,5.8,1.1,3.55,0.52,3.57,0.52
40.82,14.07,"TRACHYTE [22427]",152,284,27.8,96.8,17.6,1.81,12.2,1.99,10.45,2,5.74,0.88,6.11,0.89
40.82,14.07,"TRACHYTE [22427]",132,257,25,88,15.85,1.94,11.35,1.66,8.92,1.73,4.97,0.74,5.09,0.77
40.82,14.07,"TRACHYTE [22427]",143.5,269,26.7,91.9,17,1.68,12.2,1.86,10.05,1.97,5.94,0.9,5.79,0.93
44.5,10,"TRACHYTE [15914]",26.35,48.54,5.89,25.34,4.88,1.05,3.64,0.46,3.05,0.55,1.61,0.22,1.45,0.22
44.5,10,"TRACHYTE [15914]",23.7,46.7,5.34,19.3,3.8,0.87,3.4,0.5,2.6,0.5,1.5,0.22,1.4,0.21
27,99.5,"TRACHYTE [22520]",54.1,100,12.6,48.4,11,2.43,8.47,1.34,6.87,1.24,3.68,0.48,3.18,0.49
27,99.5,"TRACHYTE [22520]",62.6,109,13.8,55.3,12.2,2.66,9.68,1.49,7.5,1.38,4.2,0.54,3.52,0.54
27,99.5,"TRACHYTE [22520]",51.5,92.9,11.5,44.5,9.71,2.17,7.9,1.21,5.98,1.09,3.2,0.42,2.76,0.43
-31.5,-64,"TRACHYTE [12580]",98.1,178,17.47,61.4,10.5,2.14,7.44,1.25,6.4,1.19,3.5,0.5,3.15,0.44
36.76689,11.98311,"TRACHYTE [22611]",84,152.4,17.97,67.3,12.68,4.38,11.74,1.83,10.29,2.03,5.31,0.78,4.92,0.68
47.0332,107.9905,"TRACHYTE [22675]",82,165,20,14.08,84.9,3,13,1.2,6.8,1.2,3.2,0.4,2.8,0.4
47.0003,108.0818,"TRACHYTE [22675]",87,194,22,81,14,2.3,10,1.2,7.1,1.3,3.1,0.4,2.4,0.3
47.0082,108.0747,"TRACHYTE [22675]",77,155,19,80.7,13.11,2.4,11,1.4,6,1.1,2.7,0.4,2.3,0.3
47.0127,108.0337,"TRACHYTE [22675]",160,349,38,160.1,26.45,1.8,23,2.1,12,2,5.1,0.7,4.1,0.6
41.8618,126.2992,"TRACHYTE [22752]",44.3,85.1,9,31.2,5.32,1.22,4.11,0.55,3.09,0.59,1.71,0.251,1.65,0.261
41.8912,126.3405,"TRACHYTE [22752]",44.4,84.9,9.06,30.9,5.14,1.08,3.97,0.52,2.78,0.55,1.74,0.249,1.72,0.267
-72.73407,165.44599,"TRACHYTE [22774]",99.1472658515842,172.265957757904,17.9964737805809,60.8180460186495,9.67188747735818,2.61951002460752,7.98761972650162,1.05946783481642,6.06734727143602,1.22269406647537,3.55616978349467,0.517237666666796,3.451735507917,0.521181604926197
-72.7565894555,165.511175,"TRACHYTE [22774]",103.072071913685,177.648262473581,18.2627844195444,62.1853257510747,9.452125040948,2.49176315567954,7.96744656684123,1.06230825678784,6.14350571902322,1.1990906759874,3.57737776665488,0.514030006571793,3.53371083355153,0.534423026696326
-72.745404,165.496504,"TRACHYTE [22774]",88.9396632360285,159.413335971386,15.7967258928585,53.5243174347602,8.78753414319672,2.21262451849407,6.56395327760701,0.950679619942821,5.82515853591972,1.11310053562734,3.22530216114929,0.506883632048317,3.3088637256105,0.528439277535927
-72.690222,165.562379,"TRACHYTE [22774]",201.504983795648,313.087615508597,29.0030814956966,85.3384192653865,11.6527466685978,0.379073804104624,9.81011159296216,1.32193900608172,8.12598349654911,1.65981434820002,5.22679337057114,0.810792982642273,5.84060725187195,0.888686999965716
-72.686549,165.608717,"TRACHYTE [22774]",127.71583432714,211.053641035154,21.8490590406673,71.621094213079,11.628139353385,1.54069690458927,9.80943017939441,1.30907912240798,7.92279554493116,1.55260783681023,4.64155158015813,0.682664063094052,4.76571072906259,0.692118186281382
-72.7013926115,165.558153,"TRACHYTE [22774]",197.156193672052,328.344157508409,32.4929657676003,103.586170121785,15.7717854676812,1.25175333699916,13.6223365439788,1.83752763142869,11.1010444733569,2.22893036559927,6.54698917501047,0.975621582411907,6.57050678736378,0.972249840214437
-72.745404,165.496504,"TRACHYTE [22774]",87.1652004984587,148.03365340174,14.0122930566196,43.9530505374314,6.98463952366334,1.36611759144629,5.03946790031373,0.74969867881762,4.69865289481684,0.887291216651546,2.67183074190887,0.445369671464522,2.99450699105975,0.490686157143453
-72.690222,165.562379,"TRACHYTE [22774]",114.132408533468,246.716486042572,15.8820262308506,45.9983484863725,6.77823560991008,0.303225617804156,6.22205129393313,0.859109848767746,5.52201008571922,1.16403551358936,3.76897339800222,0.618637301958888,4.540726696732,0.720164234014432
-72.6743600518,165.49192,"TRACHYTE [22774]",150.013857065467,264.495601500453,27.971350951876,95.2214584353897,16.0367798041843,0.952965185346788,13.8062670079401,1.88572881944939,11.6982637159055,2.30065089088941,6.78585999333332,0.996782431850598,6.83678534728436,1.00520264290627
-72.7008589357,165.556823,"TRACHYTE [22774]",214.436220025787,336.523473942233,30.9404445257432,91.2492539355736,12.6308491015804,0.335980453031632,10.7933231068281,1.45637018239949,9.10784293117826,1.84455994353197,5.58344174622298,0.869771257021108,5.928147347461,0.876502404625677
-72.6330119558,165.622456,"TRACHYTE [22774]",220.888248123946,346.746388285467,33.4854887321306,97.1387760549741,15.1305851608777,0.288499347503673,12.7118266098864,1.82490147026272,11.5948876675612,2.34726441111859,7.22551401625306,1.09829025439373,7.64697553164535,1.05240040987223
-72.6773629524,165.639763,"TRACHYTE [22774]",130.193093249803,212.04901623882,20.3322971894516,64.2581498616251,9.07541712025954,2.0301255228207,7.71690254949053,1.00771955298564,6.01304942085685,1.19329014547902,3.63591010231374,0.534880415271489,3.7488567402757,0.555874430540695
-72.6769909635,165.641865,"TRACHYTE [22774]",118.56389780569,193.246730879811,18.5314944977846,57.9636880933124,8.30731937590897,1.8751987733839,7.14580270801549,0.915929311948713,5.47480853500901,1.08665261985333,3.31061190229783,0.486640194461315,3.40115826786861,0.503720450145172
-72.73407,165.44599,"TRACHYTE [22774]",171.572586816353,280.383736767636,27.2419383832113,83.5664795902675,12.3688842789428,0.652274061985716,10.1509266255412,1.38269762621606,8.36571058188357,1.71278646711815,5.18691412698247,0.789954126663582,5.43710061253333,0.829060268789616
71,-8.5,"TRACHYTE [1270]",104,194,19.8,68,10,2.95,6.1,1,5.4,1,3,0.46,2.9,0.42
71,-8.5,"TRACHYTE [1270]",98,198,19.8,67,11,3.15,6.3,1,5.6,1.1,3.2,0.51,3.3,0.47
46.4567,130.1236,"TRACHYTE [22807]",24.5076511333606,48.803646897764,5.37407886947484,21.0771828717597,3.95352501116464,1.08593554335239,3.61960465981792,0.556744572344538,1.73244069664064,0.257915442480608,4.35997346908098,1.04851169947729,17.4388678204802,10.1995129204443
47.9436,128.8992,"TRACHYTE [22807]",29.3776940558081,56.3485352397123,6.4482505791707,23.7755468540583,4.16855670514016,1.19918895578735,3.46475549783465,0.491699486711585,1.70619387532625,0.258671808660641,5.29751686366396,0.359966938372375,13.2065901564156,3.12977376453294
47.9436,128.8992,"TRACHYTE [22807]",29.341213656136,56.7330260701726,6.40501686914717,23.7722924319092,4.1136439336927,1.18220272981603,3.36678721027092,0.49150502042435,1.73341425739331,0.272350606037584,5.38183368141303,0.370430421513619,13.7891463040607,3.18026217029116
47.9436,128.8992,"TRACHYTE [22807]",29.0653290313496,56.1642805091044,6.34111646796211,23.954339653297,4.30158758368896,1.1927343066019,3.34358977582835,0.479445041479736,1.70101501005465,0.249658512982542,5.31467452254278,0.370587252972515,13.9989830613257,3.20552053270002
47.9436,128.8992,"TRACHYTE [22807]",29.0910843180371,56.3155223354267,6.33182443771343,23.6521539908066,4.30758759528296,1.22071938461087,3.40933498571697,0.492564017303384,1.67304445932934,0.273227456562193,5.32976824136461,0.373128272282955,13.0253122988173,3.26864315664955
48.7358,129.3347,"TRACHYTE [22807]",52.1568501371859,95.479581185784,11.239937812668,43.3542757447451,8.16705417815111,2.05380988277101,7.56608340558665,1.1474425153701,3.05642390410239,0.437572821841936,11.0573465695781,1.5284901311067,25.5021526643946,12.9048566114236
48.7358,129.3347,"TRACHYTE [22807]",49.8126695928625,93.1952780958702,10.8445385089043,41.6136885150214,7.93145253671968,1.9870018931881,7.41423375003496,1.12394702609597,3.31374740589593,0.459406598936223,10.9076533783388,1.45994454659652,24.7724870167688,12.8672695591388
48.7358,129.3347,"TRACHYTE [22807]",41.7162105328623,77.1093604232743,8.73830316697253,32.4434785450752,5.99812085282961,1.57996913630062,5.32752401856331,0.790080366421478,2.04617843995728,0.294260266840169,9.12208466785168,1.38382791993046,24.8016766401933,13.2141532618319
-10,-55,"TRACHYTE, QUARTZ [22836]",137,136,26.6,80.1,11.4,0.93,7.78,1.12,7.03,1.63,5.73,1.01,7.35,1.19
-10,-55,"TRACHYTE, QUARTZ [22836]",102,178.5,19.55,66.2,9.13,1.26,6,0.82,4.21,0.76,2.28,0.34,2.12,0.31
19.783,-155.833,"TRACHYTE [6576]",77.53,140.16,18.15,62.08,11.78,2.64,10.62,1.78,10.8,2.22,6.43,1.01,6.8,1.07
19.783,-155.833,"TRACHYTE [6576]",69.9,140.29,16.6,56.08,10.86,2.47,9.64,1.64,9.96,2.02,5.93,0.96,6.5,1.04
19.783,-155.833,"TRACHYTE [6576]",68.73,137.16,16.4,56.07,10.87,2.53,9.63,1.64,9.93,2.04,5.94,0.95,6.44,1.02
19.783,-155.833,"TRACHYTE [6576]",68.02,139.38,16.1,54.47,10.51,2.4,9.3,1.59,9.69,1.98,5.82,0.93,6.28,1.02
19.783,-155.833,"TRACHYTE [6576]",69.62,141.21,16.39,55.31,10.74,2.48,9.52,1.61,9.76,2.02,5.95,0.95,6.41,1.04
19.783,-155.833,"TRACHYTE [6576]",32.13,105.32,8.07,27.8,5.66,2.13,4.63,0.79,4.86,0.96,2.8,0.45,3.6,0.65
19.85,-155.835,"TRACHYTE [6576]",60.36,118.47,15.43,53.3,10.77,2.84,8.61,1.44,9,1.73,5.18,0.79,5.39,0.86
19.85,-155.835,"TRACHYTE [6576]",67.32,134.23,15.8,54.21,10.19,2.69,8.07,1.4,8.67,1.88,5.31,0.83,5.43,0.87
19.85,-155.835,"TRACHYTE [6576]",67.24,133.83,15.71,54.42,10.03,2.71,8.23,1.42,8.83,1.84,5.3,0.8,5.44,0.88
19.628,-155.825,"TRACHYTE [6576]",71.57,148.47,17.92,61.5,12.19,3,10.31,1.77,10.79,2.09,6.21,0.93,6.19,1
19.665,-155.808,"TRACHYTE [6576]",68.17,131.73,16.3,54.25,10.32,2.29,8.72,1.5,9.88,1.92,5.92,0.89,6.1,1.02
19.647,-155.815,"TRACHYTE [6576]",69.83,135.52,17.01,58.03,10.88,2.61,8.34,1.43,8.34,1.66,5.01,0.78,5.56,0.91
31.4754,117.3697,"TRACHYTE [22875]",53.2,87,9.6,34,5.23,1.33,4.07,0.51,2.79,0.51,1.4,0.19,1.16,0.18
31.597,117.4622,"TRACHYTE [22875]",69.5,128,13,46.4,7.04,1.92,5.75,0.7,3.7,0.69,1.94,0.27,1.68,0.25
31.4754,117.3697,"TRACHYTE [22875]",48.4,88,8.56,29.9,4.49,1.11,3.44,0.4,2.1,0.38,1.1,0.15,0.97,0.15
31.4754,117.3697,"TRACHYTE [22875]",43,80,7.86,27.9,4.27,1.1,3.27,0.39,2.07,0.37,1.06,0.15,0.98,0.15
31.4754,117.3697,"TRACHYTE [22875]",48.9,89,8.81,30.8,4.6,1.11,3.62,0.43,2.31,0.42,1.18,0.17,1.09,0.17
31.4754,117.3697,"TRACHYTE [22875]",48.1,88,8.6,30.3,4.45,1.06,3.54,0.42,2.23,0.41,1.14,0.16,1.04,0.16
31.4754,117.3697,"TRACHYTE [22875]",54.2,99,10,36.5,5.64,1.38,4.54,0.53,2.8,0.49,1.36,0.19,1.26,0.2
31.4754,117.3697,"TRACHYTE [22875]",57.1,101,10.3,36.1,5.35,1.35,4.09,0.47,2.43,0.42,1.16,0.16,0.98,0.15
31.4754,117.3697,"TRACHYTE [22875]",50.9,92,9.3,32.7,4.86,1.26,3.86,0.44,2.32,0.4,1.14,0.16,0.98,0.15
34.5,112.5,"TRACHYTE [22911]",67.18,124.4,14.31,50.6,8.21,1.75,6.14,0.9,4.6,0.87,2.36,0.36,2.22,0.35
34.5,112.5,"TRACHYTE [22911]",34.33,63.75,7.384,28.14,5.04,1.66,4.5,0.62,3.36,0.64,1.86,0.26,1.72,0.26
34.5,112.5,"TRACHYTE [22911]",33.65,63.14,7.232,27.61,4.93,1.61,4.51,0.6,3.36,0.64,1.89,0.27,1.73,0.27
34.5,112.5,"TRACHYTE [22911]",33.33,62.45,7.161,27.3,4.88,1.57,4.41,0.59,3.24,0.61,1.8,0.26,1.68,0.26
34.5,112.5,"TRACHYTE [22911]",32.83,61.95,7.162,27.24,4.84,1.54,4.31,0.58,3.13,0.6,1.72,0.24,1.59,0.24
34.5,112.5,"TRACHYTE [22911]",30.74,60.62,7.019,26.15,4.74,1.52,4.33,0.57,3.14,0.62,1.72,0.25,1.66,0.25
31,-104,"TRACHYTE [22922]",75.1576969534291,142.469260708423,15.8987435863023,57.297420067518,10.5303366610574,3.08683398201584,8.98175774031364,1.44534032602748,8.2590875772999,1.65181751545998,4.64573676223119,0.681374725127242,4.43925957279869,0.702022444070491
31,-104,"TRACHYTE [22922]",84.233447849248,154.193307976238,17.6422778442379,70.1389190515628,13.6737288222243,3.11049047575228,12.6531905974254,2.03221782562907,11.3774945553817,2.32215144474096,7.06064742390315,1.05412619244808,6.26215453513696,0.933338445650951
31,-104,"TRACHYTE [22922]",59.2204509316264,112.121335670893,12.7410608716924,45.7658906511192,8.46006441880377,2.42589798997024,6.7272801402536,1.12121335670893,6.7272801402536,1.32507033065601,3.66942553104742,0.570799527051821,3.66942553104742,0.580992375749174
54.5,91,"TRACHYTE [22916]",48,108,11.8,47,8.1,1.63,7.1,1.03,6.6,1.32,3.96,0.6,4.52,0.69
54.5,91,"TRACHYTE [22916]",49,122,14,59,11.1,1.26,10.3,1.5,9.6,1.9,6.1,0.88,6.6,1.07
54.5,91,"TRACHYTE [22916]",69,162,18,70,12.7,0.64,11.3,1.84,12.1,2.54,8.4,1.33,10.1,1.53
54.5,91,"TRACHYTE [22916]",50,109,10.6,38.12,6.3,1.2,5.33,0.82,5.04,1.05,3.26,0.5,3.45,0.57
54.5,91,"TRACHYTE [22916]",44,87,11,41.14,6.5,1.86,6.47,0.9,4.89,0.93,2.7,0.44,2.81,0.44
54.5,91,"TRACHYTE [22916]",51,105,11,36.22,5.6,0.93,4.75,0.7,3.86,0.82,2.32,41,2.78,0.41
54.5,91,"TRACHYTE [22916]",28,56,6.8,25,4.5,1.33,4.17,0.72,3.74,0.83,1.94,0.37,2.39,41
54.5,91,"TRACHYTE [22916]",34,67,7.5,27,5,1.37,4.36,0.71,3.94,0.88,2.05,0.37,2.51,0.41
54.5,91,"TRACHYTE [22916]",51,103,11.8,44,7.9,1.87,7.05,1.16,6.35,1.39,3.52,0.62,3.8,0.62
54.5,91,"TRACHYTE [22916]",53,106,13.5,57,11.9,2.77,10.51,1.61,9.87,2.02,5.9,0.88,5.89,0.92
54.5,91,"TRACHYTE [22916]",55,120,15.5,60,11.8,3.16,10.93,1.77,9.65,2.1,5.51,0.87,5.55,0.92
54.5,91,"TRACHYTE [22916]",69,146,18.6,69,12.7,2.31,11.35,1.91,10.92,2.45,6.43,1.05,6.81,1.13
54.5,91,"TRACHYTE [22916]",52,114,13.8,54,10.5,2.44,9.8,1.5,8.88,1.94,5.52,0.86,5.52,0.92
38.614,30.137,"TRACHYTE [23051]",69.1,131.8,13.5,50.1,7.9,2,6,0.8,3.9,0.8,2.2,0.4,2.2,0.3
38.615,30.144,"TRACHYTE [23051]",70.2,129.2,13.7,46.3,7.6,1.9,5.7,0.7,3.6,0.6,1.8,0.3,1.8,0.3
38.666,29.987,"TRACHYTE [23051]",76.2,135.6,14.3,50,7.9,2,6.3,0.9,4.4,0.8,2.3,0.3,2.2,0.4
38.782,30,"TRACHYTE [23051]",79.2,156.2,16.3,59.4,9.2,2.3,6.8,0.8,4.4,0.7,1.9,0.3,2,0.3
38.789,30.043,"TRACHYTE [23051]",84.4,154,16.8,60.4,9.9,2.4,7.6,1,5.2,1,2.7,0.4,2.7,0.4
38.792,30.301,"TRACHYTE [23051]",78.3,143.3,15.1,57,8.5,2.1,6.7,0.9,4.6,0.9,2.3,0.3,2.4,0.4
53.5,91,"TRACHYTE [23064]",24,52,6.6,26,4.9,1.2,4.4,0.68,3.74,0.78,1.7,0.3,1.96,0.35
56,93,"TRACHYTE [23064]",49,122,14,59,11.1,1.26,10.3,1.5,9.6,1.9,6.1,0.88,6.6,1.07
-29.2333,152.75,"TRACHYTE, OLIVINE [8807]",88,174,19.1,72.6,13.4,2.21,11.71,1.69,9.29,1.65,4.25,0.56,3.46,0.48
56.0717,158.2569,"TRACHYTE [23079]",24.48,55.37,8.25,36.57,8.07,1.99,7.89,1.14,6.56,1.35,3.77,0.57,3.6,0.6
56.1316,158.315,"TRACHYTE [23079]",23.29,54.74,7.86,34.59,7.72,1.78,7.64,1.06,6.28,1.3,3.68,0.56,3.59,0.61
55.9449,158.4585,"TRACHYTE [23079]",27.95,74.44,9.52,40.71,9.17,2.05,8.75,1.28,7.12,1.35,3.76,0.53,3.65,0.52
55.9798,158.5676,"TRACHYTE [23079]",25.89,60.89,8.5,36.33,7.83,2.1,7.52,1.14,6.73,1.38,3.85,0.57,3.69,0.59
35.562,90.571,"TRACHYTE [23105]",179.93,320.9,32.5,108.53,16,3.48,9.77,1.23,6.15,1.02,2.4,0.31,1.83,0.26
31,86,"TRACHYTE [23190]",86.9,197,26.1,109,21,3.69,11.6,1.14,5.09,0.83,1.89,0.25,1.51,0.24
31,86,"TRACHYTE [23190]",78.8,174,23.2,97,18.5,3.36,10.1,1,4.48,0.73,1.72,0.22,1.34,0.2
31,86,"TRACHYTE [23190]",90.8,205,27,112,20.9,3.79,11.4,1.11,4.91,0.79,1.79,0.23,1.36,0.2
31,86,"TRACHYTE [23190]",81.8,184,25.1,107,21,3.7,12,1.2,5.41,0.88,2.06,0.26,1.57,0.24
31,86,"TRACHYTE [23190]",83.7,186,25.3,108,21.2,3.78,12.2,1.22,5.42,0.88,2.01,0.26,1.55,0.24
31,86,"TRACHYTE [23190]",87.9,197,26.5,111,20.8,3.79,11.7,1.14,4.99,0.8,1.83,0.23,1.39,0.21
31,86,"TRACHYTE [23190]",92.3,208,27.7,116,22.4,3.88,13.1,1.38,6.2,1.02,2.4,0.31,1.87,0.29
31,86,"TRACHYTE [23190]",96.5,220,29.2,123,22.8,4.09,12.8,1.24,5.34,0.86,1.94,0.25,1.56,0.23
31,86,"TRACHYTE [23190]",124.1,290,41.5,165,33,5.58,17.7,1.77,7.63,1.21,2.82,0.37,2.23,0.34
31,86,"TRACHYTE [23190]",88.6,204,27.3,116,23.3,4.13,13.3,1.35,6.1,0.98,2.28,0.3,1.76,0.27
31,86,"TRACHYTE [23190]",93.2,214,28.5,119,22.2,3.9,12.4,1.21,5.25,0.82,1.91,0.24,1.47,0.23
31,86,"TRACHYTE [23190]",95.2,221,29.7,124,24.6,4.32,14.1,1.42,6.26,1,2.3,0.3,1.77,0.27
31,86,"TRACHYTE [23190]",109.5,245,32,134,25.6,4.33,14.6,1.47,6.55,1.04,2.41,0.32,1.92,0.29
31,86,"TRACHYTE [23190]",98.6,232,31.4,134,25.2,4.45,13.7,1.33,5.87,0.93,2.12,0.28,1.62,0.25
31,86,"TRACHYTE [23190]",87.4,205,27.4,118,24.8,4.35,14.4,1.49,6.5,1.03,2.34,0.29,1.74,0.26
31,86,"TRACHYTE [23190]",96.5,228,32.3,139,27.3,4.6,15,1.48,6.41,1.01,2.24,0.28,1.62,0.24
31,86,"TRACHYTE [23190]",87.7,207,29,125,24,4.17,13.2,1.3,5.7,0.9,2.01,0.26,1.51,0.23
31,86,"TRACHYTE [23190]",71.8,153,19.2,75.4,13.7,2.44,7.78,0.76,3.35,0.55,1.31,0.18,1.09,0.17
61,33,"TRACHYTE [23194]",29.6,55.6,6.3,23.6,3.77,1.3,3.28,0.47,2.51,0.47,1.41,0.17,1.18,0.21
31,86,"TRACHYTE [23202]",92.4,213,28.8,123,23.7,4.04,12.9,1.26,5.49,0.88,1.98,0.26,1.53,0.23
31,86,"TRACHYTE [23202]",95,226,30.7,131,25.1,4.45,13.8,1.35,5.75,0.91,2.12,0.27,1.6,0.25
31,86,"TRACHYTE [23202]",86.2,192,25.4,106,20.5,3.63,11.5,1.15,5.11,0.82,1.91,0.25,1.5,0.22
31,86,"TRACHYTE [23202]",76,162,20,79,14.3,2.55,8.11,0.77,3.52,0.57,1.36,0.18,1.1,0.17
31,86,"TRACHYTE [23202]",114,175,15,43,5.79,0.93,4.18,0.39,1.97,0.38,1.12,0.19,1.28,0.22
31,86,"TRACHYTE [23202]",115,174,15.1,43.4,5.85,0.96,4.27,0.4,2,0.38,1.12,0.19,1.3,0.23
31,86,"TRACHYTE [23202]",110,168,14.9,42.9,5.81,0.97,4.17,0.4,1.99,0.39,1.14,0.19,1.3,0.23
-39.5,-71.7,"TRACHYTE [22093]",36.4,75.1,9.44,36.9,7.7,1.81,6.9,1.2,7,1.4,4.3,0.66,4.2,0.66
-39.5,-71.7,"TRACHYTE [22093]",35.8,74.7,9.4,37.7,7.4,1.73,6.8,1.1,6.8,1.4,4.1,0.68,4.2,0.65
-39.5,-71.7,"TRACHYTE [22093]",36.3,75.6,9.61,37.3,7.5,1.83,6.8,1.2,7.1,1.4,4.1,0.66,4.4,0.67
-39.5,-71.7,"TRACHYTE [22093]",36.4,75.7,9.68,38,7.9,1.81,7,1.2,7,1.4,4.4,0.67,4.4,0.64
-39.5,-71.7,"TRACHYTE [22093]",36.7,76.2,9.61,37.9,7.9,1.82,6.8,1.2,7,1.5,4.2,0.67,4.4,0.65
-39.5,-71.7,"TRACHYTE [22093]",36.3,76.1,9.54,37.6,7.7,1.88,6.9,1.2,7.1,1.4,4.1,0.66,4.4,0.64
-39.5,-71.7,"TRACHYTE [22093]",35.2,74.1,9.48,37.9,7.7,1.81,6.6,1.2,6.8,1.3,4,0.65,4.2,0.65
-39.5,-71.7,"TRACHYTE [22093]",34.5,71.7,9.33,37.1,7.7,1.79,6.5,1.1,6.8,1.4,4.1,0.61,4.3,0.66
-39.5,-71.7,"TRACHYTE [22093]",35.2,72.5,9.37,37.7,7.7,1.89,6.9,1.1,6.7,1.4,4.2,0.64,4.4,0.67
-39.5,-71.7,"TRACHYTE [22093]",36.3,75.6,9.55,37.6,8.1,1.89,6.9,1.2,7.1,1.4,4.2,0.68,4.4,0.66
-39.5,-71.7,"TRACHYTE [22093]",34.7,72.6,9.21,36,7.5,1.84,6.9,1.2,6.9,1.4,4.1,0.63,4.2,0.64
-39.5,-71.7,"TRACHYTE [22093]",35.6,74.3,9.42,37.6,7.7,1.82,6.7,1.1,6.9,1.4,4,0.66,4.3,0.63
-39.5,-71.7,"TRACHYTE [22093]",34.8,72.9,9.18,36.1,7.6,1.68,6.8,1.1,6.9,1.4,4.1,0.65,4.2,0.64
-39.5,-71.7,"TRACHYTE [22093]",35.6,74.6,9.47,37.2,7.8,1.76,6.9,1.2,7,1.4,4.1,0.62,4.2,0.67
-39.5,-71.7,"TRACHYTE [22093]",34.6,72.3,9.26,35.9,7.4,1.74,6.5,1.1,6.7,1.4,4,0.65,4.2,0.6
-39.5,-71.7,"TRACHYTE [22093]",34.8,72.6,9.18,36.4,7.5,1.81,6.5,1.1,6.7,1.4,4.1,0.63,4.3,0.64
-39.5,-71.7,"TRACHYTE [22093]",35.5,73.8,9.43,37.1,7.5,1.79,6.7,1.2,6.9,1.4,4.1,0.66,4.3,0.64
-39.5,-71.7,"TRACHYTE [22093]",35,73.2,9.31,37,7.7,1.75,6.7,1.1,6.6,1.4,4.1,0.66,4.2,0.64
-39.5,-71.7,"TRACHYTE [22093]",35,72.9,9.3,36,7.5,1.76,6.5,1.1,6.6,1.3,4.1,0.64,4.1,0.66
-39.5,-71.7,"TRACHYTE [22093]",35.3,73.2,9.24,36.5,7.5,1.8,6.9,1.1,7,1.4,4.1,0.65,4.3,0.67
-14.03909,-75.69248,"TRACHYTE [23254]",13.8,27.5,3.1,13.2,2.4,0.63,2.05,0.26,1.65,0.33,1.12,0.17,1.3,0.17
28.4,-14,"TRACHYTE [23264]",139.341892695094,254.49192388216,25.7768950069854,82.4496626972833,12.6510722181589,2.51983985715441,8.80703436931441,1.31005321126114,7.7510042706948,1.50355465985457,4.18311449138335,0.602491855938076,4.06856177707727,0.604429299228365
-21.9347,-68.5106,"TRACHYTE [23278]",27.62,58.14,7.03,27.35,5.26,1.1,4.16,0.63,3.4,0.67,1.86,0.27,1.74,0.27
43.4413,107.7973,"TRACHYTE [23296]",21.8,47.3,5.73,24.8,5.2,1.39,5.2,0.8,4.6,0.9,2.7,0.41,2.9,0.41
43.4413,107.7973,"TRACHYTE [23296]",25.4,51.7,6.3,25.9,5.6,1.47,5.2,0.8,4.7,0.9,2.7,0.41,2.9,0.44
43.4489,107.7913,"TRACHYTE [23296]",23.4,49.1,5.79,22.9,5.1,1.4,4.7,0.8,4.7,0.9,2.6,0.4,2.7,0.45
27.77,83.62,"TRACHYTE [23326]",170,295,31.3,109.5,15.25,2.78,9.7,1.37,7.21,1.3,3.53,0.49,2.97,0.43
27.77,83.62,"TRACHYTE [23326]",179.5,322,33.2,122,17.4,3.2,11.6,1.59,8.12,1.51,4.14,0.55,3.3,0.46
27.77,83.62,"TRACHYTE [23326]",158.5,287,30.7,109.5,16,2.88,10.75,1.5,8.14,1.56,4.42,0.65,4.09,0.59
27.77,83.62,"TRACHYTE [23326]",182,306,33.4,117.5,16.7,3,11.2,1.55,8.12,1.5,4.13,0.59,3.35,0.49
27.77,83.62,"TRACHYTE [23326]",194,339,36.5,129,18.1,3.02,11.6,1.67,8.94,1.66,4.44,0.63,3.82,0.56
-32.45978,148.62805,"TRACHYTE [23373]",1560,2864,293,1025,199,5.73,176,28.18,171,32.8,92,13.71,81.9,11.38
-32.45978,148.62805,"TRACHYTE [23373]",1560,2892,294,1052,197,5.53,176,28.95,180,34.1,89,12.64,78.9,11.5
-32.45978,148.62805,"TRACHYTE [23373]",1688,3057,315,1117,216,6.29,196,32.22,201,39.5,109,15.51,91.3,12.9
-32.45978,148.62805,"TRACHYTE [23373]",1549,2840,290,1044,194,5.6,171,27.87,174,33.8,97,14.08,83.9,11.72
-32.45978,148.62805,"TRACHYTE [23373]",1346,2488,259,916,174,5.19,152,24,145,27.6,78,11.48,69.9,9.94
-32.45978,148.62805,"TRACHYTE [23373]",1432,2644,277,988,188,5.45,164,26.48,165,32.5,93,13.69,82.7,11.6
-32.45978,148.62805,"TRACHYTE [23373]",1306,2414,250,890,169,4.95,149,24.5,152,29.8,83,11.95,71.7,10.15
-32.45978,148.62805,"TRACHYTE [23373]",1747,3278,339,1230,235,6.76,211,34.19,210,40.6,109,15.46,90.6,12.71
-32.45978,148.62805,"TRACHYTE [23373]",1575,2934,293,1048,200,5.92,181,29.28,184,36.2,100,14.52,86.1,12.06
-32.45978,148.62805,"TRACHYTE [23373]",1584,2924,293,1030,195,5.67,175,28.57,177,34.8,96,14.07,83.6,11.7
-32.45978,148.62805,"TRACHYTE [23373]",1562,2851,293,1024,188,5.57,167,27.62,174,33.7,95,13.72,81.4,11.54
-32.45978,148.62805,"TRACHYTE [23373]",1745,3062,326,1168,221,6.47,201,32.43,201,38.8,106,15.25,90.8,12.69
-32.45978,148.62805,"TRACHYTE [23373]",1562,2885,296,1016,193,5.68,175,28.85,182,36,100,14.17,83.9,11.64
-32.45978,148.62805,"TRACHYTE [23373]",1593,2872,297,1058,196,5.66,175,28.47,176,33.9,94,13.66,81.6,11.55
-32.45978,148.62805,"TRACHYTE [23373]",1597,2960,298,1069,200,5.76,180,29.56,183,36,99,14.31,84.1,11.85
-32.45978,148.62805,"TRACHYTE [23373]",1587,2930,297,1056,197,5.72,178,29.12,181,35.3,98,14.04,83.9,11.67
-32.45978,148.62805,"TRACHYTE [23373]",105.526666666667,203.93,22.0966666666667,77.9033333333333,14.99,1.137,12.0666666666667,1.81266666666667,11.0033333333333,2.07566666666667,6.09333333333333,0.876333333333333,6.17,0.914333333333333
-32.45978,148.62805,"TRACHYTE [23373]",98.6333333333333,187.87,19.9533333333333,78.6633333333333,14.02,1.196,11.4333333333333,1.72033333333333,10.2466666666667,1.93933333333333,5.74333333333333,0.83,5.59666666666667,0.875666666666667
-32.45978,148.62805,"TRACHYTE [23373]",81.0233333333333,170.293333333333,18.6433333333333,73.8633333333333,13.29,1.50066666666667,10.92,1.57566666666667,9.72333333333333,1.84866666666667,5.29333333333333,0.725333333333333,5.09666666666667,0.770333333333333
-32.45978,148.62805,"TRACHYTE [23373]",82.9533333333333,162.89,17.9733333333333,69.8066666666667,12.5766666666667,1.527,10.3233333333333,1.515,8.90666666666667,1.64766666666667,4.96,0.697666666666667,4.49,0.730333333333333
-32.45978,148.62805,"TRACHYTE [23373]",82.2133333333333,165.673333333333,18.48,66.45,12.67,1.455,10.1433333333333,1.55766666666667,9.07,1.68833333333333,4.97666666666667,0.725666666666667,4.83333333333333,0.734
-32.45978,148.62805,"TRACHYTE [23373]",44.6266666666667,104.69,11.2766666666667,40.51,9.92333333333333,1.19733333333333,9.66666666666667,1.54133333333333,10.2133333333333,1.952,5.86666666666667,0.795333333333333,5.63333333333333,0.83
-32.45978,148.62805,"TRACHYTE [23373]",55.9166666666667,116.97,11.74,50.2633333333333,11.1166666666667,1.14366666666667,10.8266666666667,1.68733333333333,10.53,2.01866666666667,5.92666666666667,0.815666666666667,5.53666666666667,0.795666666666667
-32.45978,148.62805,"TRACHYTE [23373]",129.393333333333,184.75,21.8433333333333,77.3566666666667,15.4633333333333,1.52766666666667,12.2966666666667,1.92,11.2466666666667,2.139,6.06666666666667,0.859,5.79,0.855
-32.45978,148.62805,"TRACHYTE [23373]",75.56,153.556666666667,18.3166666666667,73.16,13.48,1.97266666666667,10.6766666666667,1.56133333333333,9.37,1.681,4.86,0.698333333333333,4.69666666666667,0.680333333333333
-32.45978,148.62805,"TRACHYTE [23373]",54.6033333333333,111.276666666667,13.0266666666667,55.9733333333333,10.6166666666667,3.36333333333333,9.05333333333333,1.30033333333333,7.39666666666667,1.325,3.74666666666667,0.483333333333333,3.22,0.478333333333333
-32.45978,148.62805,"TRACHYTE [23373]",133.133333333333,210.566666666667,21.41,66.58,11.4866666666667,0.666,9.89666666666667,1.54533333333333,9.36666666666667,1.858,5.76666666666667,0.915333333333333,5.88666666666667,0.937333333333333
-32.45978,148.62805,"TRACHYTE [23373]",116.596666666667,218.656666666667,21.8966666666667,80.5366666666667,12.9133333333333,0.938666666666667,10.2566666666667,1.61466666666667,10.02,1.93633333333333,5.93666666666667,0.905333333333333,6.16,0.969
-32.45978,148.62805,"TRACHYTE [23373]",110.43,200.78,20.1633333333333,72.6633333333333,12.35,0.888666666666667,9.67,1.51833333333333,9.31333333333333,1.79033333333333,5.61333333333333,0.814,5.73,0.894
-32.45978,148.62805,"TRACHYTE [23373]",172.796666666667,324.76,33.84,132.81,23.45,1.16966666666667,19.2266666666667,2.99333333333333,17.9133333333333,3.36,10.0933333333333,1.41733333333333,9.4,1.42666666666667
-32.45978,148.62805,"TRACHYTE [23373]",185.066666666667,343.276666666667,35.54,152.316666666667,28.0966666666667,1.29333333333333,21.12,3.07333333333333,19.17,3.42,9.6,1.41666666666667,9.02,1.35333333333333
-32.45978,148.62805,"TRACHYTE [23373]",148.85,240.26,22.3233333333333,65.4333333333333,11.0966666666667,0.489666666666667,9.62,1.594,10.24,2.05433333333333,6.39333333333333,1.00666666666667,7.06333333333333,1.089
-32.45978,148.62805,"TRACHYTE [23373]",346.023333333333,618.68,61.8566666666667,200.17,35.88,0.693,31.55,5.24333333333333,33.6333333333333,6.54666666666667,18.43,2.79,17.48,2.72666666666667
-32.45978,148.62805,"TRACHYTE [23373]",655.726666666667,1031.46666666667,200.726666666667,723.263333333333,122.166666666667,3.59,84.1766666666667,11.9433333333333,68.1,12.51,33.01,4.81,28.27,3.93
-32.45978,148.62805,"TRACHYTE [23373]",202.956666666667,638.886666666667,43.6766666666667,165.126666666667,39.9966666666667,1.24933333333333,43.1633333333333,7.68333333333333,50.6966666666667,10.1066666666667,28.36,4.15666666666667,25.39,3.61666666666667
-32.45978,148.62805,"TRACHYTE [23373]",632.356666666667,1019.73,110.336666666667,357.043333333333,70.76,1.33966666666667,70.56,12.63,86.7466666666667,17.66,52.25,7.95666666666667,48.93,7.12
-32.45978,148.62805,"TRACHYTE [23373]",27.3966666666667,203.213333333333,13.24,73.2333333333333,55.1933333333333,1.22333333333333,72.5233333333333,13.4566666666667,90.3066666666667,18.28,53.29,8.03333333333333,48.89,7.12333333333333
-32.45978,148.62805,"TRACHYTE [23373]",484.353333333333,720.47,81.6966666666667,272.863333333333,46.6566666666667,1.257,40.8333333333333,6.56333333333333,41.27,8.02666666666667,22.85,3.45333333333333,21.48,3.35666666666667
-32.45978,148.62805,"TRACHYTE [23373]",96.21,191.28,21.8066666666667,90.3266666666667,17.3133333333333,0.849666666666667,15.3333333333333,2.463,15.2433333333333,2.93666666666667,8.52333333333333,1.18233333333333,8.23666666666667,1.201
50.5,9.2,"TRACHYTE [8540]",81.87,151.77,13.72,43.61,6.76,1.92,5,0.72,3.92,0.76,2.15,0.33,2.2,0.34
-21.0542,55.5033,"TRACHYTE [23391]",29.48,65.11,8.68,38.04,8.81,2.889,8.04,1.194,6.915,1.343,3.204,0.42,2.674,0.385
-21.053,55.5022,"TRACHYTE [23391]",43.67,92.64,11.82,48.73,10.65,3.335,9.323,1.353,7.83,1.526,3.697,0.491,3.171,0.455
-21.0479,55.4978,"TRACHYTE [23391]",36.9,76.58,9.577,38.51,8.415,2.564,7.434,1.143,6.746,1.342,3.347,0.46,2.983,0.441
-21.0554,55.4799,"TRACHYTE [23391]",60.29,105.1,10.72,34.51,5.415,1.335,4.15,0.63,3.672,0.757,2.113,0.331,2.366,0.377
-21.0474,55.5115,"TRACHYTE [23391]",69.9,130.1,13.65,45.58,7.425,2.146,5.583,0.836,4.873,0.981,2.673,0.407,2.856,0.451
-21.063,55.3895,"TRACHYTE [23391]",36.2262,77.5022,7.2813,23.6623,4.0374,1.278,3.0796,0.5016,3.1027,0.6431,1.9101,0.3226,2.3063,0.3703
42.3841,113.0375,"TRACHYTE [23403]",33.4,69.4,7.35,28,5.08,1.24,4.34,0.6,3.19,0.66,1.85,0.28,1.91,0.29
42.3841,113.0375,"TRACHYTE [23403]",30.6,64.3,7.09,28.1,5.47,1.48,4.65,0.71,3.9,0.82,2.3,0.35,2.36,0.36
42.3841,113.0375,"TRACHYTE [23403]",23.9,44.7,5.36,20.8,3.97,0.96,3.51,0.56,3.29,0.71,2.08,0.33,2.24,0.34
39,39,"TRACHYTE [23442]",98.1,197.9,22.25,78.4,16.59,1.26,16.67,2.81,18.96,4.12,13.12,2.12,14.28,2.11
31.3539,-4.6661,"TRACHYTE [23444]",87.6,171.9,19.03,66.4,12.13,1.65,9.93,1.61,9.1,1.75,5.14,0.72,4.75,0.71
31.3668,-4.6643,"TRACHYTE [23444]",87.3,218.8,22.62,84.4,16.06,2.56,14.28,2.27,13.41,2.51,7.2,0.95,6.25,0.95
31.3495,-4.6613,"TRACHYTE [23444]",106.3,216.3,25.43,96.1,18.32,2.96,15.43,2.28,12.63,2.34,6.4,0.84,5.3,0.75
35.52,51.36,"TRACHYTE [23458]",39.8,70.7,7.79,26.8,5.39,0.87,4.94,0.65,3.6,0.76,2.23,0.45,2.74,0.46
35.52,51.36,"TRACHYTE [23458]",32.4,55.3,6.22,22.7,4.26,1.02,4.32,0.65,3.73,0.81,2.42,0.41,2.75,0.43
40.78,14.05,"TRACHYTE [9453]",82,157,17,63,11.4,1.3,9.2,1.3,7.1,1.4,3.3,0.5,3.4,0.5
40.78,14.05,"TRACHYTE [9453] / PHONOLITE [6817] / NOT GIVEN [15498]",115,220,22.5,80,13.6,1.8,10.7,1.6,8.6,1.8,4.7,0.7,4.8,0.8
40.8494,13.5967,"TRACHYTE [9453] / PHONOLITE [6817]",161,301,31.8,105,16,1.3,15.2,2.3,12.7,2.6,7,1.1,7.7,1.2
40.78,14.05,"TRACHYTE [9453] / PHONOLITE [6817]",144,263,30,105,18.6,1.4,13.4,2.1,12.4,2.4,6.4,1,6.2,1.1
40.85,14.25,"TRACHYTE [9453]",69,128,13.9,52,8.9,1.9,6.6,1,5.3,1.1,2.6,0.4,2.9,0.4
40.85,14.25,"TRACHYTE [9453]",80,150,16,57,9.8,2.1,7.5,1.1,5.7,1.2,3.1,0.5,3,0.5
40.78,14.03,"TRACHYTE [9453] / PHONOLITE [10115]",153,284,30.2,104,18,1.7,13.9,2.1,11.8,2.4,6.2,1,7,1.1
37.526,-25.468,"TRACHYTE [10567] / TRACHYANDESITE [9385]",98.802063094642,190.212138207311,18.9560640961442,63.42075112669,10.2811276915373,2.88328329121638,7.91567457875736,1.22656885327992,6.64777766649975,1.26014601902854,3.52071617426139,0.510673610415623,3.4153490235353,0.497393089634452
37.865,-25.998,"TRACHYANDESITE [10567] / TRACHYTE [9385] / NOT GIVEN [21396]",89.4794966835739,172.912817011315,19.3555911041748,68.034159188451,11.8418962153726,3.32068096821428,9.64813930297055,1.44208154506438,7.75828131096371,1.43836383144752,3.81437417089348,0.542786188060866,3.48878072571206,0.501891338275458
28.5,-16.3,"TRACHYTE [1501]",51,107,13.2,53,11,3.13,8.4,1.3,6.4,1.1,2.9,0.37,2.1,0.3
35.951,52.109,"TRACHYTE [23642]",91.7292335834897,167.81662945591,17.7881041275797,57.733012195122,8.02184427767355,2.36241369606004,7.79807879924953,0.786581613508443,3.28012195121951,0.552788930581613,1.56655065666041,0.196847091932458,1.21027485928705,0.219344277673546
35.951,52.109,"TRACHYTE [23642]",79.9422003745318,152.647221910112,15.5204616104869,49.555638576779,6.88380243445693,2.01088857677903,7.09937640449438,0.68436329588015,2.86070131086142,0.469287453183521,1.37479494382022,0.163462546816479,1.01779026217228,0.168406367041198
35.951,52.109,"TRACHYTE [23642]",83.7522140151515,152.868590909091,15.6215606060606,48.3388295454545,6.82130492424243,2.05698674242424,6.84498390151515,0.676713068181818,2.84089109848485,0.481130681818182,1.39830776515152,0.176610795454545,1.09798390151515,0.194328598484848
35.951,52.109,"TRACHYTE [23642]",96.81,172.45,17.78,54.3,7.48,2.21,7.34,0.73,3.1,0.52,1.51,0.2,1.21,0.22
35.951,52.109,"TRACHYTE [23642]",107.413285438766,220.357946962391,25.5202632594021,45.2081783992285,6.49301157184185,1.92466441658631,6.37593828351013,0.654625843780135,2.76978592092575,0.475569913211186,1.35336740597879,0.170485053037608,1.05897203471553,0.184548698167792
35.951,52.109,"TRACHYTE [23642]",74.8036197061366,150.05172860847,14.3067009507347,43.0769481417459,5.90622126188418,1.77575713050994,6.10858772687986,0.578312878133103,2.37412186689715,0.388606741573034,1.15224891961971,0.139009507346586,0.872386343993086,0.156631806395851
35.951,52.109,"TRACHYTE [23642]",82.7774873713751,161.810758652947,16.5659953227315,52.464,7.24853414405987,2.12975865294668,7.29969223573433,0.72466417212348,2.99905799812909,0.509659494855005,1.49285126286249,0.19089055191768,1.18939101964453,0.210301216089804
46.2778,107.7603,"TRACHYTE [23690]",45.67,87.43,9.9,33.94,6.21,1.52,4.49,0.57,3.14,0.58,1.51,0.22,1.39,0.2
46.2778,107.7603,"TRACHYTE [23690]",46.43,88.09,9.67,34.37,5.75,1.51,4.73,0.53,2.91,0.53,1.33,0.21,1.22,0.17
46.2778,107.7603,"TRACHYTE [23690]",47.86,92.15,9.6,35.62,5.8,1.53,5.05,0.53,3.09,0.57,1.6,0.21,1.33,0.21
46.2778,107.7603,"TRACHYTE [23690]",46.45,89.45,9.92,34.8,5.83,1.56,4.36,0.55,3.11,0.56,1.46,0.22,1.28,0.21
38.8407,39.2519,"TRACHYTE [23722]",26.6,49.6,5.45,20.5,3.83,1.03,2.86,0.4,1.98,0.34,0.83,0.11,0.64,0.1
38.9826,38.9969,"TRACHYTE [23722]",36.2,62.3,6.3,21.7,3.6,0.95,2.77,0.4,2.16,0.41,1.18,0.18,1.09,0.17
38.9921,39.0439,"TRACHYTE [23722]",32.5,48.4,6.31,22.7,3.97,0.93,3.06,0.44,2.28,0.42,1.13,0.16,1,0.14
38.9921,39.0439,"TRACHYTE [23722]",26.5,44.6,4.95,17.6,3.1,0.84,2.32,0.34,1.76,0.33,0.89,0.12,0.77,0.12
38.3577,37.6119,"TRACHYTE [23722]",21.5,43.8,4.79,18.2,3.59,0.91,3.08,0.46,2.68,0.51,1.47,0.21,1.36,0.2
39.1442,43.5707,"TRACHYTE [23722]",33,60.9,6.72,26.5,5.33,1.5,5.95,0.94,5.7,1.19,3.4,0.52,3.29,0.5
40.1349,41.3749,"TRACHYTE [23722]",31.1,53.6,5.46,19.1,3.24,0.9,2.88,0.37,2.01,0.38,1.05,0.15,0.96,0.15
41.1837,42.5836,"TRACHYTE [23722]",22.2,38.8,4.15,14.5,2.62,0.8,2.27,0.35,2.04,0.4,1.19,0.18,1.25,0.22
41.3811,43.2822,"TRACHYTE [23722]",34.7,57.9,5.9,19.1,2.87,0.83,2.39,0.29,1.55,0.31,0.87,0.13,0.87,0.14
41.3577,43.2529,"TRACHYTE [23722]",44.3,81,8.59,29.1,4.64,1.24,3.95,0.52,2.95,0.61,1.69,0.26,1.76,0.28
-13,-42.7,"TRACHYTE [23745]",92.8,176.4,19,65.3,10.9,2.8,8.6,1.27,7.53,1.48,4.22,0.62,3.76,0.59
-13,-42.7,"TRACHYTE [23745]",143.9,301.7,28.33,103.2,17.29,3.64,13.63,1.68,8.6,1.41,3.57,0.51,3.09,0.48
-13,-42.7,"TRACHYTE [23745]",91.5,172.1,19.88,77.3,11.85,3.44,9.97,1.32,7.98,1.31,3.94,0.54,3.77,0.53
-13,-42.7,"TRACHYTE [23745]",117.1,211.4,21.58,71.1,11.3,2.3,9.09,1.2,6.82,1.3,3.41,0.5,3.13,0.5
-13,-42.7,"TRACHYTE [23745]",192.4,199.1,36.89,134.5,22.93,5.1,22.63,3.09,17.65,3.47,9.4,1.29,7.8,1.07
-13,-42.7,"TRACHYTE [23745]",99.4,207.6,19.11,71,11.99,2.66,11,1.57,9.37,1.76,5.1,0.76,4.91,0.69
-13,-42.7,"TRACHYTE [23745]",80,142.5,15.27,53.3,9.01,2.16,7.98,1.19,7.17,1.39,3.92,0.55,3.54,0.55
-22.810646,148.135385,"TRACHYTE [23774]",98.2,163.2,20.85,78.2,15.17,3.66,13.11,2,10.75,2.02,5.66,0.75,5.26,0.79
-22.84353,148.13965,"TRACHYTE [23774]",138.7,212.3,18.21,61.3,12.21,1.38,11.43,2,11.95,2.48,7.21,1.05,6.87,0.99
-22.84297,148.1485,"TRACHYTE [23774]",88.3,169,16.39,59.3,11,1.67,9.54,1.48,8.12,1.54,4.51,0.63,4.19,0.66
-22.82115,148.16685,"TRACHYTE [23774]",168.4,282.5,28.03,90.9,16.06,0.73,15.13,2.47,14.25,2.82,8.29,1.2,7.71,1.07
-22.8671,148.151312,"TRACHYTE [23774]",48.4,92.1,10.75,44.2,8.22,3.09,7.99,1.21,6.66,1.2,3.36,0.47,2.81,0.42
-22.81105,148.16356,"TRACHYTE [23774]",118,194.9,17.74,55.9,9.17,0.72,9.7,2.03,13.88,3.16,9.97,1.47,9.66,1.39
-22.81816,148.17078,"TRACHYTE [23774]",151.1,260.7,29.13,98.7,19.78,1.91,18.66,3.06,17.77,3.61,10.09,1.41,9.29,1.34
-45.5,170.2,"TRACHYTE [6697]",20.1,43,4.8,6.1,4.1,2.4,4.5,0.8,4.7,1,2.6,0.4,2.7,0.4
43.5,88,"TRACHYTE [23790]",28.1,58.8,6.83,25.7,5.6,1.25,4.8,0.71,4.1,0.85,2.63,0.398,2.59,0.416
29.7,98.498,"TRACHYTE [23916]",47.635,91.388,10.734,41.408,7.581,1.705,6.5,0.932,4.918,0.975,2.6,0.399,2.654,0.409
29.7,98.498,"TRACHYTE [23916]",48.754,93.712,11.078,42.373,7.685,1.733,6.58,0.965,5.017,1.009,2.665,0.407,2.701,0.418
29.7,98.498,"TRACHYTE [23916]",46.432,88.018,10.406,39.807,7.266,1.632,6.25,0.898,4.666,0.935,2.482,0.378,2.511,0.397
29.906,98.551,"TRACHYTE [23916]",147.024,293.203,35.799,136.4,20.033,4.456,13.6,1.442,5.796,0.987,2.323,0.321,1.974,0.293
29.906,98.551,"TRACHYTE [23916]",149.02,298.505,36.524,139.612,20.336,4.626,13.63,1.442,5.875,0.994,2.455,0.32,1.969,0.292
29.906,98.551,"TRACHYTE [23916]",146.077,290.065,35.488,136.297,20.033,4.533,13.28,1.412,5.739,0.989,2.419,0.315,1.936,0.28
40.78,14.05,"TRACHYTE [9456] / PUMICE [15326]",129,262,27.1,91,15.8,1.4,11.6,1.6,9,1.7,5,0.8,5,0.8
40.78,14.05,"TRACHYTE [9456] / PUMICE [15326]",129,254,27.4,90,16.2,1.6,12.7,1.7,10.1,1.9,5,0.8,5,0.9
40.78,14.05,"TRACHYTE [9456] / PUMICE [15326]",85,160,16.5,60,10.9,2,8,1.2,6,1.1,2.9,0.5,3.4,0.5
40.78,14.05,"TRACHYTE [9456] / SCORIA [15326]",60,120,13.8,54,10.7,2.4,8,1.1,6,1,2.6,0.4,2.7,0.4
40.78,14.05,"TRACHYTE [9456] / SCORIA [15326]",82,161,17,61,10.7,2.1,8,1.1,6,1.1,3.2,0.5,3.3,0.5
40.78,14.05,"TRACHYTE [9456] / PUMICE [15326]",69,133,14.2,50,9,2.3,7,0.9,5,0.9,2.4,0.4,2.5,0.4
40.78,14.05,"TRACHYTE [9456] / SCORIA [15326]",61,120,14.3,53,10.2,2.4,8,1.1,6,1,2.8,0.4,2.5,0.4
40.78,14.05,"TRACHYTE [9456] / PUMICE [15326]",84,152,16.9,61,10.4,2.4,9,1.1,6,1.1,3.2,0.4,3.4,0.5
40.78,14.05,"TRACHYTE [9456] / PUMICE [15326]",78,148,16.3,60,10,2.2,8,1,6,1.1,2.9,0.4,3,0.5
40.78,14.05,"TRACHYTE [9456] / PUMICE [15326]",80,154,16.6,57,10,2.1,7,1,5,1,2.8,0.5,3,0.4
40.78,14.05,"TRACHYTE [9456] / NOT GIVEN [15326]",84,157,17.5,59,10.4,2.1,8,1,6,1,3,0.5,3.1,0.5
39.3557,41.7008,"TRACHYTE [23956]",147,265,28.4,93.1,17.9,1.09,16.2,3,19.4,4.3,14,2.17,15.3,2.33
39.4045,41.6055,"TRACHYTE [23956]",91.5,169,17.3,55.6,10.3,0.87,8.8,1.5,10.1,2.2,7,1.1,7.7,1.22
39.4206,41.5286,"TRACHYTE [23956]",59.6,112,12,40.2,7.8,1.57,7.1,1.2,8,1.7,5.3,0.85,5.7,0.87
39.2825,41.4874,"TRACHYTE [23956]",40.3,72.7,8.83,33.6,6.9,1.83,6.4,1,5.8,1.1,3.4,0.5,3.1,0.48
39.2927,41.4687,"TRACHYTE [23956]",37.8,74.1,9.27,36.4,7.6,2.08,7.1,1.1,6.4,1.3,3.6,0.51,3.2,0.46
39.3295,41.4005,"TRACHYTE [23956]",53,100,10.9,38,7.2,1.37,7,1.2,7.2,1.5,4.9,0.75,4.9,0.72
39.2838,40.9052,"TRACHYTE [23956]",133,157,32,117,22.1,4.01,19.4,3.1,19.2,3.8,11.1,1.67,10.9,1.59
40.7972,14.645,"PUMICE [20401] / TRACHYTE [10113]",153,292,29,103,17,2,13,2,11,2,7,1,6,1
40.7972,14.645,"PUMICE [20401] / TRACHYTE [10113]",203,384,39,134,26,2,20,3,14,3,9,1,7,1
41.1319,13.95,"PUMICE [13201]",110,222,22.5,75.1,13,1.3,11,1.6,9,1.8,5.1,0.8,4.9,0.7
41.1319,13.95,"PUMICE [13201]",89.7,199,18.4,61.6,11,1.1,9.8,1.4,7.9,1.6,4.6,0.7,4.5,0.7
38,-6,"TRACHYTE [24136]",25.8,55.6,7.46,26.9,4.64,1.04,3.46,0.37,1.69,0.32,0.85,0.14,0.84,0.16
38,-6,"TRACHYTE [24136]",12.9,27.4,3.87,15.3,3.09,0.83,2.99,0.47,3.04,0.69,1.87,0.34,2.05,0.4
38,-6,"TRACHYTE [24136]",17.1,35.7,4.67,16.7,3.06,0.78,2.5,0.32,1.89,0.44,1.31,0.25,1.58,0.31
7.3211,12.34,"TRACHYTE [24153]",107,205.5,21.59,70.92,10.88,2.48,7.548,1.077,6.111,1.146,3.102,0.452,3.272,0.511
7.3247,12.34,"TRACHYTE [24153]",484.9,239.2,94.28,265.1,38.51,1.286,23.72,3.623,19.31,3.376,8.496,1.185,8.16,1.2
40.5,112.5,"TRACHYTE [24159]",107.33,248.61,11.14,55.3,8.4,1.97,6.72,0.89,4.09,0.72,1.95,0.3,1.81,0.26
40.5,112.5,"TRACHYTE [24159]",123.93,264.43,28.83,90.38,12.82,2.66,9.35,1.12,4.51,0.76,2.1,0.29,1.66,0.22
40.5,112.5,"TRACHYTE [24159]",115,267,22.1,74.4,10.8,2.28,6.11,0.81,4.15,0.74,2.09,0.3,2.05,0.32
40.5,112.5,"TRACHYTE [24159]",59.9,195,12.6,42.4,6.95,1.33,4.17,0.66,3.78,0.72,2.19,0.33,2.28,0.35
44.41,104.05,"TRACHYTE [24199]",156.7,292.2,34.5,116.7,16.1,3.8,11.1,1.3,5.9,1,2.7,0.4,2.2,0.3
44.41,104.05,"TRACHYTE [24199]",115.2,282.5,27.1,84.6,12,2.2,7.4,1,4.9,0.8,2.5,0.4,2.8,0.4
44.41,104.05,"TRACHYTE [24199]",68.5,70.5,5.3,13.4,1.9,0.6,2.1,0.3,1.9,0.4,1.3,0.2,1.9,0.3
40.7575,13.8622,"TRACHYTE [24259]",95.9,182.9,16.2,57.2,10.6,1.8,12.5,1.4,8.4,1.3,4.4,0.9,5.6,0.9
40.7525,13.8683,"TRACHYTE [24259]",143.3,260.5,21.5,67.4,11.6,1.3,14.3,1.6,10,1.7,5.9,1.3,8.5,1.4
40.7497,13.8761,"TRACHYTE [24259]",99.3,188.7,16.9,56,6.9,1,7.7,0.9,5.3,0.9,2.9,0.6,3.7,0.6
40.7503,13.8833,"TRACHYTE [24259]",88,166.6,16.2,55.9,7.2,1.2,7.8,0.9,5.3,0.8,2.6,0.5,3.2,0.5
40.7569,13.8728,"TRACHYTE [24259]",118.5,220.1,18.7,59.3,7.6,1,8.9,1,6.1,1,3.4,0.7,4.7,0.8
40.7514,13.8783,"TRACHYTE [24259]",76.8,149.4,14.3,51.7,10,1.9,10.8,1.2,7.1,1.1,3.5,0.7,4.2,0.7
40.7556,13.8756,"TRACHYTE [24259]",102.9,195.9,17.6,59.1,10.7,1.6,12.2,1.4,8.2,1.3,4.4,0.9,5.6,0.9
40.7583,13.8736,"TRACHYTE [24259]",110.6,211.5,17.9,58.4,10.7,1.5,12.5,1.4,8.4,1.4,4.7,1,6.2,1
40.7547,13.8708,"TRACHYTE [24259]",88.6,173.5,15.9,56.2,10.6,1.8,11.7,1.3,7.9,1.2,4,0.8,5,0.8
40.7508,13.8792,"TRACHYTE [24259]",109.6,205.1,18.1,59.8,10.8,1.6,12.8,1.4,8.7,1.4,4.8,1,6.2,1
40.7514,13.8783,"TRACHYTE [24259]",81.3,159.9,15,52.4,8.4,1.5,8.9,1,6.1,0.9,3.1,0.6,3.7,0.6
40.7544,13.8697,"TRACHYTE [24259]",80.3,153.3,15,53.4,10.4,2,11.2,1.3,7.4,1.2,3.7,0.7,4.3,0.7
40.7506,13.8753,"TRACHYTE [24259]",113.4,213.6,19,63,11.4,1.5,13.2,1.5,9,1.5,4.9,1,6.5,1
40.7581,13.8675,"TRACHYTE [24259]",81.6,171,15.3,54.4,8.7,1.5,9.7,1.1,6.5,1,3.3,0.6,4,0.6
40.7553,13.8667,"TRACHYTE [24259]",81.2,159.6,14.9,52.5,10.1,1.9,11.3,1.3,7.5,1.2,3.8,0.7,4.5,0.7
39.3,9.63,"TRACHYTE [7794]",67.4,130.4,15,58,10.74,2.81,9.3,1.43,7.84,1.48,4,0.64,3.97,0.61
40.92,12.95,"TRACHYTE [7714]",50.42,98.21,10.8,40.88,7.16,1.96,4.96,0.73,3.97,0.79,2.15,0.36,2.32,0.31
54.5,91,"TRACHYTE [24306]",66,148,17.3,69,13.1,2.69,11.78,1.8,11.54,2.4,7.25,1.09,7.34,1.2
54.5,91,"TRACHYTE [24306]",55,120,15.5,60,11.8,3.16,10.93,1.77,9.65,2.1,5.51,0.87,5.55,0.92
54.5,91,"TRACHYTE [24306]",53,114,13.4,54,9.6,2.3,9.74,1.38,8.21,1.62,4.94,0.74,5.04,0.8
54.5,91,"TRACHYTE [24306]",53,106,13.5,57,11.9,2.77,10.51,1.61,9.87,2.02,5.9,0.88,5.89,0.92
54.5,91,"TRACHYTE [24306]",69,146,18.6,69,12.7,2.31,11.35,1.91,10.92,2.45,6.43,1.05,6.81,1.13
54.5,91,"TRACHYTE [24306]",44,91,10.8,41,7.4,1.66,6.2,0.84,6.21,1.17,3.42,0.48,3.12,0.47
64.807,-15.633,"TRACHYTE [10159] / PYROCLASTIC SEDIMENT [12585]",85,172.6,19,68.1,12.7,2.75,10.9,1.71,10.7,2.24,6.27,0.95,6.55,1.04
-39.54597,-71.74645,"TRACHYTE [24347]",33.82,75.53,9.3167066829482,37.31,7.72545417455841,1.78482522352694,7.42591594984195,1.12620275847716,6.84310217865476,1.39447077506195,4.23220640507427,0.687218761270052,4.29489718086861,0.671006172189248
-39.54509,-71.73302,"TRACHYTE [24347]",32.48,71.6,8.97974601273567,35.93,7.44419549446053,1.7275174011831,7.06063213971014,1.08838805714527,6.58386056726167,1.34638179507059,4.07883744873028,0.660534067053312,4.14647800535648,0.641606257999871
-39.54916,-71.72717,"TRACHYTE [24347]",32.87,71.9,8.99478248890653,36.09,7.50711983361411,1.73987084963845,7.12161294555917,1.08425774430916,6.55113105696392,1.33678863240019,4.0408289509994,0.655094616818721,4.08633599573337,0.893461026922395
-39.52407,-71.67397,"TRACHYTE [24347]",28.77,65.39,8.00073962207665,31.91,6.64610790820616,1.53856033206148,6.29994978388534,0.98024677246726,5.99105306762301,1.22796369042946,3.75398346712497,0.609846093619626,3.89512516580933,0.607563878044946
-39.52016,-71.65932,"TRACHYTE [24347]",32.92,72.9,8.98788184567906,35,7.49153951889888,1.71513954318118,7.14398454892368,1.09238581567546,6.63385597871528,1.3567888826418,4.14162148780653,0.672064182103567,4.22913201851335,0.654255820650145
-39.5573,-71.68585,"TRACHYTE [24347]",30.95,66.98,8.54023412438167,34.23,7.13260454303415,1.63913568290259,6.69250400239892,1.03347052835609,6.24233108210311,1.27923456151964,3.88464633817329,0.629875853124014,3.93430857470946,0.61303569552519
-39.56062,-71.68273,"TRACHYTE [24347]",33.21,73.24,9.11831377111127,36.65,7.67306941731732,1.7698960648837,7.23388430930194,1.1121340246541,6.69132174404225,1.36427173497203,4.10489162785205,0.658370148310378,4.15812470617902,0.649627106947443
-39.56308,-71.68713,"TRACHYTE [24347]",32.43,71.21,8.93527417605788,35.94,7.46433010322105,1.74126447152263,7.06843606813079,1.08165453078696,6.52511507097761,1.32950279158762,4.01921807565876,0.646254326615311,4.03818605495712,0.633172921142077
-39.55626,-71.7056,"TRACHYTE [24347]",32.96,72.26,9.03002353935504,36.32,7.53636647581886,1.76740779451749,7.08239780948587,1.08949834526233,6.56113968948485,1.34510113427785,4.05789563566287,0.654562176013378,4.11972365177676,0.633548610425107
-39.52699,-71.73449,"TRACHYTE [24347]",30.12,65.79,8.31695024762953,33.4,6.94033936346647,1.62470451462566,6.48336920914209,1.00736476016979,6.13836451449488,1.25878841871913,3.80326011126029,0.61226454866511,3.85263788786013,0.597961412759171
-39.48869,-71.67398,"TRACHYTE [24347]",31.99,70.03,8.83890097878046,35.36,7.3593975821296,1.69903648812819,6.93579729232432,1.067405215612,6.46826089727763,1.32894419520082,4.01382527285037,0.651682474174419,4.09964706757423,0.63493232843562
35,-114,"TRACHYTE [24393]",173,338,35.6,106,18.1,3.14,10.9,1.45,7.6,1.41,3.93,0.572,3.49,0.501
35,-114,"TRACHYTE [24393]",173,336,38.7,109,17.6,3.23,11.1,1.45,7.44,1.39,3.89,0.545,3.32,0.498
35,-114,"TRACHYTE [24393]",133,236,26.9,98.1,13.7,3.52,8.96,1.07,5.51,0.98,2.82,0.402,2.55,0.432
35,-114,"TRACHYTE [24393]",135,242,26.9,96,13.6,3.45,8.3,1.01,5.29,0.98,2.74,0.376,2.49,0.423
35,-114,"TRACHYTE [24393]",174,320,35.8,129,18.8,2.84,12,1.39,7.11,1.27,3.43,0.478,2.98,0.485
35,-114,"TRACHYTE [24393]",154,295,32.8,114,15.9,3.46,9.93,1.21,5.85,1.07,2.89,0.37,2.65,0.415
35,-114,"TRACHYTE [24393]",147,298,32.3,112,16.8,2.66,11.4,1.52,7.58,1.38,3.81,0.536,3.46,0.539
35,-114,"TRACHYTE [24393]",172,294,34.2,113,16,3.77,12,1.29,6.13,1.1,3.08,0.415,2.72,0.404
35,-114,"TRACHYTE [24393]",154,254,31,108,16.5,2.52,10.3,1.39,6.8,1.26,3.43,0.503,3.02,0.445
34.9,-114.4,"TRACHYTE [24393]",159,318,34.9,120,17.9,3.22,11.4,1.41,7.3,1.29,3.7,0.493,3.19,0.459
34.9,-114.4,"TRACHYTE [24393]",168,335,36,123,18,2.96,11.3,1.35,6.76,1.19,3.5,0.484,2.89,0.443
34.9,-114.4,"TRACHYTE [24393]",173,336,36.9,125,18.6,3.29,11.5,1.46,7.18,1.25,3.53,0.504,3.16,0.456
34.9,-114.4,"TRACHYTE [24393]",170,334,35.9,124,18.7,3.21,11.5,1.4,7.22,1.32,3.68,0.52,3.07,0.458
34.9,-114.4,"TRACHYTE [24393]",172,340,36.1,124,18.1,3.05,10.9,1.36,6.89,1.19,3.41,0.469,3.07,0.455
34.9,-114.4,"TRACHYTE [24393]",159,310,34.2,117,18,2.92,11.4,1.45,7.49,1.34,3.75,0.521,3.31,0.514
34.9,-114.4,"TRACHYTE [24393]",141,274,30.7,106,16.6,2.61,10.9,1.42,7.66,1.43,3.83,0.554,3.45,0.49
34.9,-114.4,"TRACHYTE [24393]",136,269,29.6,101,16.1,2.37,10.4,1.42,7.43,1.33,3.71,0.514,3.13,0.482
35,-114,"TRACHYTE [24393]",177,337,35.8,124,18.6,2.9,11.8,1.58,8.21,1.44,3.99,0.552,3.5,0.531
34.9,-114.4,"TRACHYTE [24393]",159,325,34.5,118,17.5,3.06,10.9,1.44,7.2,1.28,3.63,0.509,3.28,0.498
34.9,-114.4,"TRACHYTE [24393]",149,300,32.4,114,19.1,2.26,12.6,1.77,9.36,1.66,4.44,0.593,3.64,0.556
35.03,-114.47,"TRACHYTE [24393]",173,328,34.4,118,16.8,3.78,10.1,1.25,6.35,1.1,3.01,0.416,2.6,0.405
35.03,-114.47,"TRACHYTE [24393]",157,300,31,106,15.1,3.08,9.65,1.25,6.36,1.16,3.23,0.445,2.84,0.435
35.2,-114,"TRACHYTE [24393]",167,323,34.9,119,17.6,3.08,11,1.39,7.09,1.27,3.64,0.512,3.14,0.469
35.2,-114,"TRACHYTE [24393]",137,267,30.5,107,17.9,2.53,11.8,1.65,8.62,1.57,4.27,0.584,3.6,0.523
14,39,"TRACHYTE [24416]",121,144,32.6,55.8,25.4,5.5,20.9,2.9,16,3,8.4,1.3,8.2,1.2
14,39,"TRACHYTE [24416]",53.8,104,12.7,56.9,8.3,2.15,7.3,1.04,6.66,1.31,4.1,0.63,3.79,0.59
14,39,"TRACHYTE [24416]",95.1,194,24.4,114,18,3.1,15,2.48,14.3,2.74,7.7,1.07,7.23,1.04
14,39,"TRACHYTE [24416]",134,270,34,134,25.6,4.17,22.5,3.33,18.5,3.63,10.7,1.66,10.8,1.53
14,39,"TRACHYTE [24416]",72.6,159,18.8,96.3,14.2,2.5,12.3,1.95,11.9,2.27,7,0.99,6.58,1.01
14,39,"TRACHYTE [24416]",73.4,285,24.7,146,21.9,4.83,21.9,3.98,24.9,5.03,15.4,2.15,13.2,2.01
14,39,"TRACHYTE [24416]",76.1,147,20.7,56.3,15.5,3.21,12.6,1.97,11.9,2.35,7.18,1.09,7.27,1.13
14,39,"TRACHYTE [24416]",88.4,179,23.5,94.5,22,3.93,19.7,3.25,18.4,3.86,10.6,1.45,8.94,1.25
14,39,"TRACHYTE [24416]",60.9,116,13.7,50.3,10.3,2.18,7.6,1.27,7.5,1.5,4.3,0.61,4.19,0.62
14,39,"TRACHYTE [24416]",64.1,136,16.5,65.5,13.7,2.1,11.4,1.91,11.5,2.31,6.9,1.04,6.82,1.09
14,39,"TRACHYTE [24416]",67.7,140,17.7,68.2,15.2,3.03,12.9,2.19,13.3,2.66,8.3,1.11,8.08,1.2
14,39,"TRACHYTE [24416]",90.3,187,24.1,92.8,20,2.03,16.4,2.75,18.1,3.66,11.3,1.67,11.4,1.77
14,39,"TRACHYTE [24416]",181,344,41.4,214,27.8,3.84,28,4.79,29.6,5.7,15.9,2.17,13.9,1.83
37.73,15,"TRACHYTE [10245]",111,210,22,79,12.9,3.58,9.3,1.33,6.83,1.18,3.06,0.42,2.51,0.37
46.3,12,"TRACHYTE [24474]",39.8,96,8.87,35.1,6.66,1.6,5.97,0.83,4.5,0.87,2.53,0.38,2.65,0.4
46.3,12,"TRACHYTE [24474]",24.5,61.7,7.19,28.9,5.67,1.37,4.91,0.79,3.94,0.83,2.34,0.41,2.47,0.39
46.3,12,"TRACHYTE [24474]",143,189,14.1,38,4.43,1.03,5.49,0.58,3.05,0.62,1.94,0.35,2.69,0.41
46.3,12,"TRACHYTE [24474]",137,209,17,54.8,7.79,1.59,7.5,0.94,4.21,0.88,2.5,0.43,2.54,0.37
37.5288,130.8307,"TRACHYTE [24484]",107,196,19.7,66.1,11.1,0.6,8.3,1.3,7.3,1.3,3.7,0.52,3.3,0.51
37.514,130.7951,"TRACHYTE [24484]",86.4,148,14.1,46.5,7.4,1.96,5.6,0.9,5,0.9,2.7,0.4,2.7,0.43
37.514,130.7951,"TRACHYTE [24484]",95.6,165,15.8,50.5,8.1,1.74,6.2,1,5.8,1.1,3,0.46,3.1,0.49
37.514,130.7951,"TRACHYTE [24484]",98.1,170,16.5,52.8,8.4,1.6,6.3,0.9,5.6,1,2.9,0.42,2.8,0.44
37.5488,130.9041,"TRACHYTE [24484]",108,187,17.6,56.1,9,1.73,6.8,1,6,1.1,3.4,0.49,3.4,0.52
37.5418,130.9164,"TRACHYTE [24484]",96.6,177,18,63,10.5,2.96,8.1,1.2,6.1,1.1,3,0.4,2.6,0.4
37.4834,130.8327,"TRACHYTE [24484]",168,290,27.3,88.5,13.7,0.75,9.1,1.6,8.9,1.8,5.3,0.75,5.1,0.79
37.4889,130.8029,"TRACHYTE [24484]",119,214,21.5,73.9,11.8,0.6,8.2,1.4,7.5,1.4,4,0.59,3.8,0.56
37.4948,130.8099,"TRACHYTE [24484]",107,169,16.3,53.9,7.3,2.88,4.8,0.8,4.4,0.8,2.2,0.33,2.1,0.32
37.49,130.8234,"TRACHYTE [24484]",101,174,16.8,57.1,9,2.6,6.4,1,5.7,1.1,3,0.42,2.8,0.42
37.4792,130.8713,"TRACHYTE [24484]",152,270,26.1,87.2,14.3,0.75,10.8,1.7,9.4,1.8,5.1,0.76,5,0.71
37.4936,130.8785,"TRACHYTE [24484]",184,217,32.2,108,16.9,2.07,13.1,2,11.4,2.1,6,0.82,5,0.74
37.4938,130.8782,"TRACHYTE [24484]",160,238,29,99.1,15.8,1.87,12.4,1.9,10.8,2.1,5.8,0.78,4.8,0.7
37.4938,130.8782,"TRACHYTE [24484]",159,236,29,97.7,15.8,1.86,12.5,1.9,10.7,2.1,5.8,0.78,4.9,0.71
37.4865,130.9189,"TRACHYTE [24484]",156,260,27.3,93.8,15.2,0.93,11.7,1.8,10.8,2,5.4,0.79,5.2,0.77
18.75,-110.95,"TRACHYTE [1408]",54.4,108.1,14.1,59.4,16.4,4.4,13.9,2.91,18.2,3.61,10.05,1.41,9.4,1.48
18.75,-110.95,"TRACHYTE [1408]",53.3,101.1,12,50.4,13.1,3.16,10.8,2.07,13.3,2.74,7.68,1.08,6.8,1.07
18.75,-110.95,"TRACHYTE [1408]",75.7,148.12,17.7,76.8,20.2,3.99,17,3.28,20.5,4.16,11.75,1.64,10.2,1.58
18.75,-110.95,"TRACHYTE [1408]",112.6,216.3,26.3,109.4,28.8,4.69,23.6,4.85,30.8,6.15,17.18,2.34,14.6,2.17
18.75,-110.95,"TRACHYTE [1408]",32.3,39,8.3,31.4,7.3,0.67,4,0.79,4.7,0.92,2.66,0.48,3.8,0.68
18.75,-110.95,"TRACHYTE [1408]",326.5,108.8,82.7,348.2,87.1,12.69,68.2,13.95,86.9,17.45,48.59,6.41,37.7,5.46
24.385,141.757,"TRACHYTE [10515]",62.1,104,11.9,48.5,8.36,1.98,6.97,0.96,5.5,1.1,3.06,0.53,3.29,0.52
45.215302,111.394707,"TRACHYTE [24534]",73.8,142,15.7,50,7.6,1.88,6.17,0.82,3.86,0.77,2.11,0.324,2.07,0.34
45.22228,111.51935,"TRACHYTE [24534]",94.6,175,19.8,67.4,10.5,1.92,7.81,1.05,5.32,1.03,2.71,0.396,2.58,0.39
46.533757,109.186264,"TRACHYTE [24534]",35,72.2,9.03,35.5,6.52,1.7,5.28,0.81,4.42,0.89,2.4,0.35,2.43,0.39
46.46947,110.749932,"TRACHYTE [24534]",32.1176575250805,63.9470535616446,8.6720293008706,35.1035634561119,7.34420357291377,2.08935201957571,5.57162447121114,0.873275881960332,4.87402497030153,1.02166282758847,2.87713834406672,0.416705285491743,2.60073294938495,0.415984787850342
46.902874,112.286024,"TRACHYTE [24534]",31.6995142254246,65.6829345985202,7.93881493573152,31.5916611549695,5.98863408269884,1.5608692208838,5.11040479849993,0.756329797086011,4.40147801666325,0.822681833763311,2.25495903187536,0.321714492286697,2.11001001049378,0.295799913407559
46.917413,112.314016,"TRACHYTE [24534]",46.2,92.8,10.6,40.4,7.41,1.61,5.96,0.87,4.87,0.91,2.64,0.4,2.59,0.37
48.538984,113.569136,"TRACHYTE [24534]",34.8,73.1,8.94,36.4,7.15,1.77,5.67,0.75,4.07,0.7,1.86,0.28,1.58,0.23
47.831089,111.799118,"TRACHYTE [24534]",92.2,173,23,89.2,15.8,4.89,11.4,1.54,8.21,1.42,3.62,0.54,3.3,0.47
48.020763,111.242681,"TRACHYTE [24534]",98.8212614287256,195.42985822447,24.081456045978,94.8924245844438,17.1625488955394,4.24701625217221,11.9775112464842,1.64065386752504,8.63226159500714,1.52257533412911,4.13409155843815,0.585979968093627,3.61369530532842,0.480674859287283
48.025224,111.236985,"TRACHYTE [24534]",117.32204553182,213.932093322645,28.8055694329881,111.03,19.21,4.65840813984701,13.8026558173771,1.83846319907061,9.98562464168199,1.75587316758438,4.46293975058664,0.620449377981488,3.80771921433934,0.542299841247191
47.830902,111.477933,"TRACHYTE [24534]",101.126257932039,214.363375234584,25.6134554052334,97.5984628746115,17.4801021283564,4.50033524029087,11.8610549949514,1.64390149262047,8.59609659233538,1.55574218143687,4.04257250795992,0.585813057446844,3.62080282817741,0.517103060069476
48.030906,111.376209,"TRACHYTE [24534]",103.265900360445,215.534759798708,25.7293533934924,97.0243542694667,17.2389972714135,4.06739159692111,11.9751036006721,1.69120801039373,8.56096268255744,1.49812210064292,4.00731751515795,0.550664274000033,3.56005110287242,0.494120701844166
47.098426,115.049541,"TRACHYTE [24534]",63.2883707770666,132.366455745945,15.2985344501846,52.99,9.2,2.56348209889986,7.3219204872681,1.07622327934146,5.7151159905445,1.09478153508521,3.02017771670262,0.445217923659601,3.0618869553715,0.448155985393546
46.31878,107.67308,"TRACHYTE [24534]",76.8,148,17.2,63,9.99,3.2,7.63,0.95,4.87,0.9,2.25,0.34,2.19,0.36
-16.5,-151.5,"TRACHYTE [1236]",127.25,239.2,24.49,77.33,10.75,2.84,7.81,1.25,5.82,1.02,2.61,0.38,2.37,0.35
10.5,13.7,"TRACHYTE [7606]",191.1,330,34.31,105.4,15.9,2.42,13.2,1.73,10.4,1.93,5.1,0.88,5.26,0.96
10.5,13.7,"TRACHYTE [7606]",162.4,289,29.46,93,15.4,2.21,13,1.9,10.5,2.1,5.1,0.84,5.52,0.92
10.5,13.7,"TRACHYTE [7606]",146.2,249,23.73,70.3,11.4,0.69,9,1.29,7.6,1.42,3.8,0.69,4.22,0.7
37.73,15,"TRACHYTE [10245]",120,234,22.4,74,11.6,2.87,7.6,1.11,6.34,1.18,3.07,0.42,2.9,0.41
-1.5413,36.5778,"TRACHYTE [7751]",157,308,32.5,115,20.9,3.32,19.4,3.36,21.1,4.45,13.4,1.98,12.8,1.96
-1.5413,36.5778,"TRACHYTE [7751]",127,244,27.1,96.6,17.5,2.63,15.9,2.68,16.7,3.47,10.3,1.49,9.69,1.47
-1.5413,36.5778,"TRACHYTE [7751]",124,231,25.8,90.9,16.5,3.35,15.2,2.57,15.9,3.3,9.82,1.44,9.38,1.44
-30.5,-54,"TRACHYTE [24783]",128.8,263.2,28.3,108.2,15.48,4.07,12.31,1.81,9.35,1.78,4.93,0.78,5.03,0.85
-30.5,-54,"TRACHYTE [24783]",61.1,118.2,13.27,51.6,9.05,2.51,8,1.26,7.16,1.39,4.07,0.55,3.52,0.54
-30.5,-54,"TRACHYTE [24783]",39,68.4,8.13,29.8,5.48,1.98,4.35,0.56,2.75,0.48,1.3,0.18,1.27,0.19
-30.5,-54,"TRACHYTE [24783]",145.3,279.1,30.36,117.1,16.64,3.46,14.12,1.97,10.73,2.04,5.75,0.85,5.77,0.94
-30.5,-54,"TRACHYTE [24783]",105,212,26.2,84.7,14.2,3.95,12.6,1.89,9.91,1.85,5.44,0.8,4.96,0.78
-30.5,-54,"TRACHYTE [24783]",103,209,25.9,83.4,13.8,3.67,12.1,1.84,9.76,1.82,5.36,0.78,4.92,0.78
-30.5,-54,"TRACHYTE [24783]",105,211,26.2,84.9,14.2,3.93,12.5,1.9,9.98,1.9,5.44,0.78,4.94,0.8
-30.5,-54,"TRACHYTE [24783]",148,275,32.4,119,17.5,4.3,14.5,2,10,1.9,5.8,0.89,5.8,0.84
-30.5,-54,"TRACHYTE [24783]",137,268,31.3,115,16.8,4.59,13.4,1.8,9.7,1.8,5.3,0.79,5.1,0.78
5.8497,10.1975,"TRACHYTE [14572]",111,216,25,93,16.6,2.83,13.5,2.03,10.97,2.29,5.31,0.82,5.6,0.91
5.7795,10.1551,"TRACHYTE [14572]",207,281,46,167,28.3,4.33,20.54,2.85,15.65,3.02,6.8,1.17,7.9,1.1
5.9095,10.1612,"TRACHYTE [14572]",99,196,23,89,17.1,5.25,14.19,2.08,12.52,2.66,6.56,0.86,5.2,0.82
5.784,10.1146,"TRACHYTE [14572]",120,229,27,98,16.8,2.84,13.5,1.95,10.9,2.32,5.36,0.82,5.3,0.78
5.7852,10.0882,"TRACHYTE [14572]",111,222,27,95,16.9,1.18,12.8,1.9,10.6,2.26,5.48,0.9,6,0.87
5.7736,10.1586,"TRACHYTE [14572]",138,270,31,115,20.4,2.47,16.2,2.38,14.2,2.73,6.86,0.97,6.5,1
5.8754,10.0313,"TRACHYTE [14572]",97,201,24,97,17.3,5.94,13.58,1.87,10.23,1.97,4.65,0.69,4.3,0.7
5.9091,10.0407,"TRACHYTE [14572]",112,222,24,90,14.8,3.6,11.87,1.74,10.06,1.91,4.67,0.73,5,0.81
-27.17,-109.33,"TRACHYTE [806]",71.3,163,21.4,85.5,21.6,5.85,22,3.93,25.5,5.3,16.9,2.8,21.1,3.15
34.5056,91.66,"TRACHYTE [24810]",58.5,111,13.4,49.1,7.68,2.54,6.46,0.704,3.14,0.587,1.53,0.212,1.38,0.208
34.5056,91.66,"TRACHYTE [24810]",74.2,141,17.2,65.9,10.8,3.25,8.9,1.09,5.14,0.961,2.45,0.331,2.24,0.321
34.5056,91.66,"TRACHYTE [24810]",93.9,178,21,77.1,11.9,3.56,9.43,1.02,4.35,0.719,1.69,0.223,1.33,0.195
34.5056,91.66,"TRACHYTE [24810]",96.7,184,22.1,80.7,12.5,3.73,9.56,1.04,4.2,0.691,1.69,0.219,1.4,0.199
34.5056,91.66,"TRACHYTE [24810]",81.8,155,18.6,68.9,10.5,3.32,8.15,0.929,3.9,0.647,1.47,0.207,1.27,0.19
34.5108,91.6489,"TRACHYTE [24810]",77.5,143,17.1,61.4,9.29,2.8,7.22,0.797,3.42,0.584,1.49,0.21,1.44,0.211
34.5108,91.6489,"TRACHYTE [24810]",80.7,151,17.4,61.2,8.35,2.56,6.4,0.684,2.74,0.476,1.25,0.175,1.13,0.167
34.5108,91.6489,"TRACHYTE [24810]",83.6,156,18.4,66.2,9.61,2.51,6.9,0.773,3.03,0.484,1.18,0.178,1.13,0.179
34.5108,91.6489,"TRACHYTE [24810]",70.1,128,14.9,53,8.34,2.52,6.66,0.763,3.39,0.607,1.58,0.238,1.54,0.23
34.5472,91.6572,"TRACHYTE [24810]",136.4,268,30.8,109.9,16,3.72,10.7,1.16,4.31,0.669,1.68,0.217,1.32,0.186
34.5472,91.6572,"TRACHYTE [24810]",143.4,262,29.8,104.2,14.8,3.7,10.2,1.04,3.81,0.593,1.52,0.205,1.32,0.189
34.5108,91.6489,"TRACHYTE [24810]",70.2,135,16,59.4,9.38,2.73,7.45,0.872,3.92,0.725,1.86,0.267,1.74,0.266
34.5108,91.6489,"TRACHYTE [24810]",71.8,136,16.1,59.2,9.2,2.65,7.34,0.836,3.71,0.66,1.68,0.236,1.5,0.227
34.5108,91.6489,"TRACHYTE [24810]",73.5,139,16.4,60.7,9.28,2.65,7.43,0.831,3.58,0.622,1.6,0.218,1.43,0.217
34.5108,91.6489,"TRACHYTE [24810]",70,129,14.8,53,7.83,2.3,6.3,0.687,2.94,0.505,1.29,0.184,1.16,0.178
34.5022,91.6992,"TRACHYTE [24810]",60.5,113,13.1,46.9,7.36,2.03,5.66,0.637,2.79,0.488,1.24,0.176,1.12,0.169
34.5022,91.6992,"TRACHYTE [24810]",64,118,13.7,48.8,7.73,2.04,5.6,0.667,2.99,0.53,1.34,0.186,1.2,0.186
34.5022,91.6992,"TRACHYTE [24810]",63.9,118,13.6,48.9,7.66,1.98,5.48,0.661,2.84,0.508,1.28,0.176,1.16,0.18
34.7519,91.5083,"TRACHYTE [24810]",303,516,61,213,29.1,6.24,19.5,1.98,6.96,1.04,2.76,0.352,2.24,0.32
34.5022,91.6992,"TRACHYTE [24810]",208,366,45.3,162,23,5.34,15.3,1.64,6.13,0.993,2.52,0.342,2.16,0.314
34.7517,91.5097,"TRACHYTE [24810]",177,384,53,201,28.5,5.59,16.6,1.69,5.19,0.613,1.53,0.179,1.08,0.142
42,126,"TRACHYTE [24812]",42.1,82.4,9.15,31.4,5.49,1.28,3.54,0.51,2.62,0.5,1.5,0.21,1.26,0.18
23.358753,-101.128806,"TRACHYTE [24859]",11.49,35.46,3.8,19.19,3.56,0.97,3.96,0.63,3.31,0.73,1.77,0.29,1.55,0.25
42,127,"TRACHYTE [24944]",190.2,374.8,24.1,87.9,17.5,0.6,15,2.2,12.5,2.3,6.5,0.9,5.5,0.8
42,127,"TRACHYTE [24944]",186.3,365.9,22.6,81.1,15.1,0.6,12.3,1.9,10.9,2,5.7,0.8,4.9,0.7
42,127,"TRACHYTE [24944]",154.1,324.7,20.3,71.1,13.8,0.4,12,1.8,9.9,1.8,5,0.7,4.7,0.7
42,127,"TRACHYTE [24944]",94.9,187,19.4,75.2,15.4,0.6,12.2,2,11.1,2,5.4,0.7,4.7,0.7
42,127,"TRACHYTE [24944]",108,206,21.1,77.9,14.9,0.6,12.2,1.9,10.9,2.1,5.6,0.8,4.7,0.7
42,127,"TRACHYTE [24944]",67.1,168,14.8,54.3,11.4,0.5,9,1.5,8.2,1.5,4.3,0.6,4.2,0.7
24.6,115.3,"TRACHYTE [24965]",70.7,135.9,15.3,55.1,9.9,1.74,8.86,1.33,8.02,1.57,4.28,0.63,3.99,0.56
24.6,115.3,"TRACHYTE [24965]",51.1,101.5,11.7,42.2,7.6,1.5,7.23,1.13,6.95,1.36,3.91,0.59,3.84,0.56
40.821,14.426,"TRACHYTE [7827]",73,141,14.8,52.8,9.4,2.1,8.1,1.09,6.11,1.18,2.93,0.49,3.21,0.49
40.821,14.426,"TRACHYTE [7827]",74.8,140,15,52.7,9.3,1.9,7.3,1.07,6.16,1.14,3.04,0.45,3.29,0.54
40.821,14.426,"TRACHYTE [7827]",75,141,15.4,56.7,10,2.2,8.1,1.15,6.4,1.23,3.11,0.47,3.31,0.53
40.821,14.426,"TRACHYTE [7827]",75.4,143,14.9,53.5,9.4,2,7.5,1.05,5.75,1.13,2.91,0.43,3.22,0.52
40.821,14.426,"TRACHYTE [7827]",75.3,142,14.9,54,9.4,2.1,7.5,1.1,6.02,1.19,3.07,0.44,3.34,0.53
40.821,14.426,"TRACHYTE [7827]",71.1,136,14.5,53.8,9.6,2.1,7.4,1.06,5.8,1.17,3,0.44,2.89,0.48
40.821,14.426,"TRACHYTE [7827]",73.5,138,14.9,53.8,9.8,2,7.5,1.05,5.71,1.15,3.08,0.5,3.16,0.5
40.821,14.426,"TRACHYTE [7827]",73.6,141,14.6,54.5,9.6,2.1,8,1.08,5.9,1.23,2.97,0.45,3.15,0.51
40.821,14.426,"TRACHYTE [7827]",76.1,147,15.6,55,10,2.1,8.3,1.09,6.19,1.2,2.95,0.51,3.33,0.49
40.821,14.426,"TRACHYTE [7827]",74.5,141,15.1,53.4,9.7,2.1,7.6,1.1,5.85,1.2,3.16,0.51,3.22,0.54
40.821,14.426,"TRACHYTE [7827]",72,140,14.7,52.1,9.5,2.1,7.9,1.07,5.81,1.14,2.97,0.47,3.25,0.5
40.821,14.426,"TRACHYTE [7827]",70.3,137,14.5,52.1,9.6,2.2,7.9,1.04,5.96,1.13,2.79,0.47,3.01,0.46
40.821,14.426,"TRACHYTE [7827]",71.4,138,14.3,51.3,9.4,2.1,7.7,1,5.8,1.14,2.77,0.47,3.02,0.47
40.821,14.426,"TRACHYTE [7827]",66.1,127,13.6,49.6,8.8,2.1,6.9,1,5.17,1.08,2.84,0.45,2.83,0.44
40.821,14.426,"TRACHYTE [7827]",63.6,122,13,46.9,8.5,2,6.9,0.94,5.26,1.05,2.52,0.44,2.67,0.42
40.821,14.426,"TRACHYTE [7827]",61.4,117,12.5,45.4,8.7,2.1,6.5,0.94,5.14,1.03,2.63,0.4,2.69,0.42
40.821,14.426,"TRACHYTE [7827]",61.7,118,12.7,46.3,8.8,2.2,6.7,0.95,5.06,1.05,2.59,0.42,2.7,0.42
40.821,14.426,"TRACHYTE [7827]",59.1,115,12.5,45.7,8.5,2.2,6.8,0.92,5.17,1.02,2.56,0.42,2.55,0.41
40.67,35.83,"TRACHYTE [24969]",57.4,90,7.48,22,3.33,0.81,2.72,0.47,2.55,0.55,1.87,0.34,2.26,0.37
40.67,35.83,"TRACHYTE [24969]",61.5,92.1,7.71,23.3,3.34,0.8,2.89,0.47,2.49,0.58,1.96,0.34,2.32,0.37
40.67,35.83,"TRACHYTE [24969]",58.7,90.2,7.34,21.4,3.11,0.73,2.67,0.45,2.57,0.55,1.83,0.34,2.21,0.36
40.67,35.83,"TRACHYTE [24969]",60,90.6,7.38,22.7,3.25,0.74,2.65,0.45,2.41,0.55,1.93,0.35,2.3,0.38
40.67,35.83,"TRACHYTE [24969]",63.1,83.4,7.4,20.5,2.99,0.79,2.8,0.42,2.55,0.56,1.93,0.34,2.37,0.33
40.67,35.83,"TRACHYTE [24969]",65.4,87.1,7.62,22.1,3.32,0.79,2.74,0.45,2.6,0.57,1.88,0.31,2.46,0.38
40.67,35.83,"TRACHYTE [24969]",61.5,87.1,7.5,19.9,3.22,0.8,2.96,0.44,3.13,0.58,1.85,0.33,2.37,0.37
40.67,35.83,"TRACHYTE [24969]",64.7,87.2,7.54,23.8,3.29,0.84,2.83,0.43,2.64,0.54,1.86,0.31,2.76,0.36
40.67,35.83,"TRACHYTE [24969]",62.6,84.8,7.53,22.3,3.22,0.79,3.12,0.44,2.74,0.57,1.96,0.33,2.38,0.38
40.67,35.83,"TRACHYTE [24969]",63.9,87.3,7.4,21.2,3.42,0.71,2.88,0.42,2.6,0.55,1.99,0.33,2.44,0.36
40.67,35.83,"TRACHYTE [24969]",66,89.7,7.63,22.1,3.42,0.82,2.84,0.43,2.66,0.55,1.86,0.31,2.46,0.32
40.67,35.83,"TRACHYTE [24969]",63.3,86.6,7.66,21.6,3.36,0.8,3.11,0.44,2.77,0.61,1.9,0.32,2.32,0.37
40.67,35.83,"TRACHYTE [24969]",64.3,87.3,7.48,20.9,3.33,0.74,2.87,0.42,2.67,0.54,1.88,0.31,2.49,0.36
40.67,35.83,"TRACHYTE [24969]",65.8,89.1,7.55,20.6,3.43,0.78,2.89,0.42,2.49,0.54,1.88,0.34,2.64,0.38
40.67,35.83,"TRACHYTE [24969]",63.7,86.9,7.41,21.3,3.21,0.72,2.83,0.43,2.87,0.59,1.95,0.31,2.57,0.36
40.67,35.83,"TRACHYTE [24969]",65.2,88.3,7.42,19.3,3.19,0.78,2.99,0.45,2.63,0.56,1.82,0.33,2.09,0.36
40.67,35.83,"TRACHYTE [24969]",62.7,85.5,7.45,21.1,3.12,0.78,2.83,0.41,2.54,0.55,1.82,0.32,2.61,0.34
40,35.2,"TRACHYTE [24969]",57.8,101.7,10.83,37.3,6.43,1.11,5.15,0.76,4.34,0.9,2.79,0.42,2.8,0.46
40,35.2,"TRACHYTE [24969]",53.7,95.7,10.33,34.1,6.09,1.07,5.01,0.74,4.12,0.87,2.61,0.4,2.75,0.45
40,35.2,"TRACHYTE [24969]",61,105.3,11.6,39.6,6.74,1.04,5.42,0.82,4.7,0.98,2.94,0.47,3.16,0.51
40,35.2,"TRACHYTE [24969]",58.9,104.6,11.21,36.5,6.36,1.05,5.21,0.77,4.29,0.86,2.77,0.43,2.84,0.48
40,35.2,"TRACHYTE [24969]",60.4,106.6,10.97,37.8,6.42,1.06,5.35,0.81,4.54,0.93,2.88,0.41,3.04,0.49
40,35.2,"TRACHYTE [24969]",57.9,101.2,10.84,39.4,6.54,1.09,5.28,0.8,4.61,0.97,2.89,0.44,2.92,0.47
40,35.2,"TRACHYTE [24969]",54.5,98.7,10.45,35.3,6.17,1.08,5.13,0.75,4.17,0.89,2.68,0.42,2.81,0.47
40,35.2,"TRACHYTE [24969]",60.3,103.2,11.2,38.5,6.68,1.02,5.37,0.79,4.65,0.93,2.89,0.46,3.11,0.49
27.17,57.33,"TRACHYTE [25149]",68.9,146,13.9,44,8.91,0.97,7.96,1.49,9.45,2.13,6.71,1.16,8.39,1.33
-3.201757,36.354662,"TRACHYTE [25172]",142.336528758829,49.1109989909183,30.0486881937437,97.0388496468214,15.6753279515641,2.78498222166003,10.5751736333444,1.48804826565875,7.84006054490414,1.31483350151362,3.31399913182751,0.447023208879919,2.92305751765893,0.424823410696266
-3.197472,36.35697,"TRACHYTE [25172]",214.179780876494,141.45219123506,63.632719123506,205.784362549801,33.0400896414343,4.97574911412282,18.1466203034759,2.32804567432575,11.2923306772908,1.76494023904382,4.23667505011171,0.561752988047809,3.65512948207171,0.552788844621514
-3.227314,36.234362,"TRACHYTE [25172]",115.248338081671,212.143399810066,21.4503798670465,69.1657169990503,10.565289648623,3.12582999385409,8.21780735410193,1.12272348740447,6.26258309591643,1.16524216524217,3.15973354796292,0.433048433048433,2.74620132953466,0.394112060778727
-3.228092,36.313845,"TRACHYTE [25172]",305.653772683859,590.121298949379,50.669770773639,165.083572110793,27.0861986628462,3.7783708985764,23.7029749137701,3.54691474015589,20.7129894937918,4.00286532951289,10.9159561458645,1.48137535816619,9.13443170964661,1.2865329512894
-3.228055,36.313871,"TRACHYTE [25172]",476.742041198502,874.860486891386,83.0845037453184,283.772940074906,40.3354400749064,4.99419612160717,31.9963241443353,4.71326637370137,27.2916666666667,5.07865168539326,13.8698154886807,1.94194756554307,12.4791666666667,1.75561797752809
-3.254544,36.317459,"TRACHYTE [25172]",1601.53535856574,1852.07370517928,243.506225099602,779.619023904382,123.70343625498,16.5456925359981,110.08101711699,16.2473129389299,91.6379482071713,16.8217131474104,42.9394146888471,5.3804780876494,31.6391932270916,4.22709163346613
-3.224889,36.325347,"TRACHYTE [25172]",135.248763600396,224.114737883284,22.7658259149357,73.6523244312562,11.2030168150346,3.15151052244522,8.83068935207947,1.20421545835593,6.7542037586548,1.29574678536103,3.51814568898456,0.474777448071217,2.95227497527201,0.428288822947577
-3.224892,36.325351,"TRACHYTE [25172]",115.9415,217.051,20.85125,67.4415,10.44125,2.96904138720366,8.11215545878795,1.12836870329302,6.3315,1.179,3.20232682308653,0.438,2.77375,0.398
38.541383,30.39971,"TRACHYTE [25225]",9.5,18,2.09,7.71,1.17,0.09,1,0.12,0.71,0.09,0.22,0.03,0.17,0.03
38.541383,30.39971,"TRACHYTE [25225]",64.3,122,15,53.1,8.54,1.09,5.01,0.69,3.31,0.58,1.31,0.19,1.03,0.14
38.541383,30.39971,"TRACHYTE [25225]",50.3,93.3,12.1,41.5,6.7,1.04,3.73,0.51,2.47,0.4,0.91,0.15,0.8,0.11
38.541383,30.39971,"TRACHYTE [25225]",55.5,102,13.1,44.7,6.94,0.97,5.24,0.62,2.78,0.5,1.19,0.18,1.01,0.12
38.541383,30.39971,"TRACHYTE [25225]",76.5,136,17,55,8.18,0.81,5.35,0.59,2.77,0.48,1.15,0.15,0.97,0.12
38.541383,30.39971,"TRACHYTE [25225]",101,194,24.7,83.8,11.9,1.37,6.54,0.82,3.7,0.65,1.45,0.21,1.2,0.13
38.541383,30.39971,"TRACHYTE [25225]",15.4,30,3.77,13.4,2.4,0.22,2.07,0.31,1.66,0.34,0.77,0.11,0.7,0.08
38.541383,30.39971,"TRACHYTE [25225]",92,165,20.3,70,9.64,1.04,5.56,0.61,2.9,0.55,1.31,0.18,1.11,0.14
38.541383,30.39971,"TRACHYTE [25225]",41.4,77.3,9.81,33.9,4.8,0.97,3.19,0.36,1.75,0.3,0.64,0.09,0.6,0.07
38.541383,30.39971,"TRACHYTE [25225]",97.2,148,20.2,64.4,8.76,1.66,5.17,0.64,3.17,0.5,1.38,0.2,1.12,0.17
38.541383,30.39971,"TRACHYTE [25225]",76,137,16.9,54.4,7.59,0.89,4.42,0.58,2.74,0.47,1.2,0.14,1.01,0.15
38.541383,30.39971,"TRACHYTE [25225]",96.1,178,22.7,76.6,11.5,1.55,7.88,0.89,4.06,0.71,1.74,0.22,1.31,0.2
38.541383,30.39971,"TRACHYTE [25225]",70.5,121,14.7,49.3,7.45,1.13,5.25,0.63,3,0.55,1.4,0.17,1.08,0.16
38.541383,30.39971,"TRACHYTE [25225]",69.2,123,14.8,48.9,7.82,0.95,6.03,0.68,2.98,0.55,1.4,0.19,1.13,0.15
38.541383,30.39971,"TRACHYTE [25225]",75.6,144.3,19.17,65.41,9.67,2.17,6.95,0.86,3.93,0.64,1.59,0.21,1.12,0.16
38.541383,30.39971,"TRACHYTE [25225]",77,149.1,20.31,68.31,10,2.36,6.81,0.87,3.7,0.7,1.51,0.19,1.14,0.16
-7.9,-14.4,"TRACHYTE [25243]",47.989,102.612,11.688,44.521,9.523,0.936,8.142,1.415,9.463,2.009,5.76,0.825,6.229,1.14
-7.9,-14.4,"TRACHYTE [25243]",63.092,143.271,14.723,56.051,11.818,1.477,10.038,1.726,11.832,2.498,7.27,1.173,7.883,1.527
-7.9,-14.4,"TRACHYTE [25243]",69.64,146.951,16.14,60.932,12.83,1.681,10.801,1.842,12.641,2.712,7.783,1.25,8.512,1.655
-7.9,-14.4,"TRACHYTE [25243]",43.472,107.265,10.974,43.613,9.75,3.119,8.233,1.423,9.321,1.921,5.267,0.8,5.601,0.969
-7.9,-14.4,"TRACHYTE [25243]",40.309,101.179,10.449,41.611,9.243,2.916,7.816,1.347,8.848,1.845,5.116,0.688,5.454,0.975
-7.9,-14.4,"TRACHYTE [25243]",38.547,82.28,10.142,40.856,9.291,2.971,7.98,1.366,8.996,1.881,5.187,0.699,5.513,0.989
37.4489,130.7942,"TRACHYTE [25262]",189,325,34.2,116,18.3,0.81,14.9,2.56,13.1,2.3,6.81,1.02,6.4,0.98
37.4489,130.7942,"TRACHYTE [25262]",146,249,26.5,90.2,14.1,1.05,11.1,2.01,10.2,1.78,5.17,0.71,4.54,0.71
37.4489,130.7942,"TRACHYTE [25262]",159,275,29.6,103,16.1,0.75,12.8,2.18,11.2,1.85,5.31,0.74,4.55,0.75
37.4489,130.7942,"TRACHYTE [25262]",159,272,28.5,97.3,15.1,1.24,12,2,10.5,1.79,5.31,0.79,4.78,0.74
37.4489,130.7942,"TRACHYTE [25262]",133,227,23.8,81.7,12.9,0.76,10,1.72,8.77,1.63,4.72,0.66,4.26,0.68
37.4489,130.7942,"TRACHYTE [25262]",139,239,25.1,85.4,13,1.41,11.1,1.78,9.06,1.55,4.56,0.66,4.24,0.65
37.4489,130.7942,"TRACHYTE [25262]",177,303,31.7,107,16.4,1.27,13,2.33,11.7,2.03,6.09,0.81,5.47,0.83
51.0805,13.9302,"TRACHYTE [25326]",50.3,90.4,11.5,40,7.1,1.1,5.3,0.9,6.2,1.3,3.7,0.55,3.5,0.51
44,45,"TRACHYTE [25390]",63.5386382766884,111.924259309936,10.8078234889404,34.6969120920598,5.84028621381165,1.25784789640989,3.41203693395903,0.645760239098548,3.53379023643427,0.694159562236311,1.9206123503246,0.315628450749762,1.95331804375074,0.304402533843367
44,45,"TRACHYTE [25390]",69.3442998923045,115.851497731576,12.3030954825736,41.7083535052209,6.7473714219573,1.74912355591809,4.68005061384589,0.910945222292571,4.92740743207631,0.944173373628483,2.84940747975854,0.42175842691466,2.69636500445909,0.415983187719072
30.0716666666667,86.5133333333333,"TRACHYTE [25399]",108.165047423269,244.731564500595,31.205062805474,123.528209084432,21.4441166742748,3.92567572364469,12.6582656396238,1.36886991840276,6.00606599685585,0.969488541776148,2.36896938561024,0.299802154894479,1.80831607649882,0.25605678844343
30.0716666666667,86.5133333333333,"TRACHYTE [25399]",105,235,29.5,115,19.8,3.63,11.6,1.18,5.7,0.94,2.48,0.304,1.76,0.252
30.0716666666667,86.5133333333333,"TRACHYTE [25399]",103,229,28.5,110,19,3.48,10.9,1.14,5.27,0.84,2.21,0.276,1.59,0.241
30.85,86.65,"TRACHYTE [25399]",192,383,41.7,146,18.8,3.36,9.09,0.89,3.73,0.58,1.45,0.188,1.14,0.17
30.85,86.65,"TRACHYTE [25399]",236,473,51.3,178,22.5,3.64,10.5,1.01,3.98,0.65,1.7,0.21,1.19,0.17
30.85,86.65,"TRACHYTE [25399]",161.050194770088,377.415719927705,48.7850376631235,196.859228367988,29.8877399779047,4.63736506005148,12.1195490322004,1.31484658113384,3.2837415819427,0.878323329608431,2.09236307494804,0.270617327316783,1.67355815375891,0.23971152867998
31.2966666666667,82.975,"TRACHYTE [25399]",96.2,249,34.2,149,29.5,4.41,13.3,1.27,5.5,0.88,2.31,0.311,1.84,0.253
31.2966666666667,82.975,"TRACHYTE [25399]",102,264,36.5,162,31.5,4.85,14.9,1.4,5.85,1,2.62,0.324,1.91,0.277
30.9666666666667,86.4333333333333,"TRACHYTE [25399]",178,358,37.7,129,16.8,2.86,7.92,0.79,3.37,0.51,1.3,0.168,1.07,0.157
30.9666666666667,86.4333333333333,"TRACHYTE [25399]",215,435,47.5,170,22.7,4.12,11.1,1.1,4.48,0.73,1.98,0.244,1.44,0.216
31.4016666666667,84.3,"TRACHYTE [25399]",97.1,201,23.4,87.9,16.1,3.34,9.77,1.12,4.95,0.81,2.05,0.272,1.58,0.215
38.404,14.962,"TRACHYTE [25426]",51,93,10.8,39,6.9,1.61,5.4,0.78,4.3,0.84,2.42,0.37,2.27,0.36
38.404,14.962,"TRACHYTE [25426]",82,147,15.3,52,8.6,1.39,6.5,0.92,5,1,2.91,0.43,2.78,0.44
38.4,15,"TRACHYTE [25426]",64,108,11.7,39,6.2,1.43,4.5,0.65,3.5,0.69,2.03,0.31,1.99,0.32
38.4,15,"TRACHYTE [25426]",74,128,13,44,7.4,1.64,5.5,0.8,4.4,0.83,2.43,0.37,2.4,0.36
38.4,15,"TRACHYTE [25426]",71,126,12.9,43,7.3,1.59,5.3,0.77,4.1,0.79,2.3,0.34,2.24,0.34
31.35,116.56,"TRACHYANDESITE [7705]",47.17,92,8.96,31.87,6.26,1.41,5.04,0.76,4.61,0.84,2.43,0.35,2.54,0.39
31.35,116.56,"TRACHYTE [7705]",49.59,97.85,10.68,39.47,8.46,1.91,6.17,0.86,4.88,0.92,2.51,0.34,2.27,0.31
31.68,115.88,"TRACHYANDESITE [7705]",46.3,88.22,9.29,33.23,7.02,1.41,5.31,0.73,4.36,0.81,2.47,0.35,2.42,0.33
31.46,116.97,"TRACHYTE [7705]",56.56,92.09,10.4,36.4,6.93,1.52,5.14,0.68,4.12,0.8,2.19,0.38,2.12,0.31
25.1233433333333,98.4424716666667,"TRACHYTE [25486]",77.78,152.2,16.83,57.6,9.15,1.6,6.43,0.95,5.28,1,2.75,0.42,2.48,0.37
33.8,83,"TRACHYTE [12235] / NOT GIVEN [12288]",538,955,75,257,34,7.7,19,2.9,13,2,5.6,0.8,5,0.7
33.8,83,"TRACHYTE [12235] / NOT GIVEN [12288]",400,725,68,209,28,6.2,19,2.4,10,1.6,4.3,0.6,3.7,0.5
33.8,83,"TRACHYTE [12235] / NOT GIVEN [12288]",356,622,59,184,25,5.2,17,2,8.6,1.3,3.6,0.5,3.2,0.5
33.8,83,"TRACHYTE [12235] / NOT GIVEN [12288]",574,967,96,249.3,33.1,7.5,22,2.8,12,2.2,5.7,0.8,5.2,0.8
33.8,83,"TRACHYTE [12235] / NOT GIVEN [12288]",590,996,100,259,33,7.7,22,2.8,13,2.3,6,0.8,5.3,0.8
32.52,80.07,"TRACHYTE [7734] / NOT GIVEN [9883]",110.2,232.7,29.7,117.5,18.5,3,10.4,1,4.1,0.6,1.4,0.2,1.1,0.1
35.2,79.5,"TRACHYANDESITE [7734] / TRACHYTE [12189] / NOT GIVEN [9883]",162.9,310.4,34.8,126.7,18,3.9,11.8,1.2,5.2,0.8,1.9,0.2,1.4,0.2
50.52,8.3,"TRACHYTE [8541]",55.1,140,13.7,47.3,8.08,12.3,28,0.87,4.96,0.93,2.59,0.35,2.4,0.35
50.57,7.83,"TRACHYTE [8541]",98.4,175,20.6,67.7,10.5,12.8,37.7,1.08,5.87,1.07,2.91,0.39,2.57,0.36
65.3177666666667,148.0579,"TRACHYTE [25742]",34,72,8.5,34,8.5,1.8,7.1,1.21,7.3,1.4,4.9,0.89,5.5,0.79
65.08,148,"TRACHYTE [25742]",37,81,10.3,41,9.6,1.5,9,1.34,9.4,1.8,6.1,0.82,6.6,1.02
65.08,148,"TRACHYTE [25742]",26,57,6.9,29,6.7,1.2,6.2,0.88,6,1.2,3.9,0.6,4.2,0.66
65.08,148,"TRACHYTE [25742]",26,57,7,29,6.4,1.6,6,0.88,5.9,1.2,3.9,0.64,3.7,0.68
65.08,148,"TRACHYTE [25742]",26,55,6.7,27,6.3,1.2,6,0.88,6.2,1.3,3.9,0.54,4.2,0.63
65.08,148,"TRACHYTE [25742]",25,50,6,23,5.4,1.1,4,0.6,3.8,0.8,2.6,0.44,3.1,0.5
65.08,148,"TRACHYTE [25742]",31,66,8,32,6.6,1.2,6.9,1.01,6.7,1.4,4.6,0.73,4.7,0.79
65.08,148,"TRACHYTE [25742]",30,58,7.6,29,7.4,1.5,5.6,0.96,5.7,1.1,3.5,0.55,4,0.64
65.08,148,"TRACHYTE [25742]",23,48,5.9,23,4.8,1,4.1,0.55,3.6,0.8,2.3,0.37,2.5,0.4
65.08,148,"TRACHYTE [25742]",50,103,12.8,51,10.3,2.5,11.4,1.66,11.8,2.6,8.3,1.17,8.4,1.21
65.1236166666667,149.136133333333,"TRACHYTE [25742]",51,119,14.9,62,13.5,3.9,15,2.13,14.1,2.9,8.8,1.23,8,1.09
65.08,148,"TRACHYTE [25742]",64,127,15.7,60,12.4,0.8,12.9,1.97,15.5,3.8,13.5,2.1,15.3,2.37
65.08,148,"TRACHYTE [25742]",32,72,8.7,34,7.3,2.3,7.4,1.08,7.4,1.6,4.9,0.77,5.5,0.87
36,97.7,"TRACHYTE, QUARTZ [25748]",141,256,30.3,94.9,14.2,0.79,8.9,1.26,7.33,1.35,4.14,0.57,3.88,0.59
36,97.7,"TRACHYTE, QUARTZ [25748]",134,242,28.4,91.9,14.2,0.61,9.04,1.31,7.56,1.39,4.14,0.56,3.89,0.55
30.94,86.39,"TRACHYTE [25799]",191,391,47.7,172,23.4,3.76,12.8,1.12,4.61,0.77,1.82,0.24,1.49,0.22
30.94,86.39,"TRACHYTE [25799]",201,402,48.4,162,21.4,3.29,11.6,0.96,4.11,0.68,1.6,0.21,1.29,0.2
30.94,86.39,"TRACHYTE [25799]",191,401,49.2,169,23.5,3.79,13,1.11,4.8,0.79,1.85,0.25,1.48,0.22
30.94,86.39,"TRACHYTE [25799]",200,403,47.7,157,20.9,3.2,11.5,0.98,4.18,0.68,1.61,0.22,1.26,0.2
42.1923,128.3181,"TRACHYTE [25801]",97.6,189,21.3,77.9,15.8,0.68,13.85,2.23,12.4,2.38,6.14,0.85,5.41,0.81
42.1923,128.3181,"TRACHYTE [25801]",61.1,120,13.4,49.1,10.1,0.94,8.73,1.42,7.85,1.44,3.68,0.52,3.29,0.53
42.1923,128.3181,"TRACHYTE [25801]",92,179.5,20.2,74.5,15.55,0.74,13.4,2.16,11.95,2.31,5.98,0.82,5.21,0.78
42.1923,128.3181,"TRACHYTE [25801]",70.9,138.5,15.6,58.2,11.7,1.02,9.94,1.57,8.64,1.56,4.05,0.57,3.67,0.55
42.1923,128.3181,"TRACHYTE [25801]",76.2,149.5,16.55,61.7,12.58,0.91,10.9,1.74,9.64,1.76,4.51,0.64,4.13,0.64
45.21218,98.49978,"TRACHYTE [25825]",30.6,74.4,10.72,59.2,16.5,2.86,19.29,3.49,20.5,4.34,12.29,1.92,12.6,1.69
-29.1667,152.6667,"TRACHYTE, NEPHELINE [8807]",125,261,28.7,109,20.1,1.58,17.5,2.6,14.8,2.72,7.05,0.96,5.98,0.83
-29.1667,152.6667,"TRACHYTE [8807]",76.1,148,17,65.3,12,2.2,10.6,1.57,8.9,1.65,4.22,0.6,3.82,0.52
-29.1667,152.6667,"TRACHYTE [8807]",47.2,74.3,11.1,40.4,7.39,0.93,5.46,0.82,4.47,0.8,2.03,0.31,2.11,0.3
33,126,"TRACHYTE [25928]",78.2,141,14.7,50.6,8,2.72,6,0.9,5.2,1,2.7,0.42,2.9,0.44
33,126,"TRACHYTE [25928]",61.2,118,13.6,53.3,11.1,3.44,10.2,1.6,8.3,1.5,4,0.56,3.6,0.49
33,126,"TRACHYTE [25928]",108,200,21.1,72.1,12.3,3.26,9.5,1.4,8,1.5,4.2,0.63,4.2,0.65
33,126,"TRACHYTE [25928]",86.4,148,17.6,62.6,10.9,3.45,8.6,1.3,7.2,1.4,3.6,0.53,3.3,0.5
33,126,"TRACHYTE [25928]",65.1,114,13,46.5,7.9,2.93,6.3,0.9,5.1,0.9,2.4,0.36,2.2,0.33
33,126,"TRACHYTE [25928]",79.6,146,16.5,59.5,11.4,3.07,9,1.4,7.9,1.4,3.8,0.53,3.5,0.53
33,126,"TRACHYTE [25928]",78.2,143,16.4,59.5,11,3.07,8.8,1.4,7.9,1.4,3.8,0.53,3.5,0.53
32,109.7,"TRACHYTE [25948]",225.836708306698,346.883674993988,29.0868921432798,83.0794118751248,9.61068234341949,2.35909833299019,9.26055652031072,1.18364362504244,7.10179628486091,1.52252145174377,4.89862969220575,0.805505677013847,5.41999419944617,0.810006669116079
32,109.7,"TRACHYTE [25948]",246.744094564357,370.668293705188,30.3755293967815,85.3815342079934,9.88877392307214,2.40747467029919,9.71793551997079,1.23055116102954,7.3894383471016,1.59157845812059,5.11508481686471,0.846147494891754,5.68042189131946,0.850415219696608
32,109.7,"TRACHYTE [25948]",243.408649247869,374.831663660907,31.3356740613036,89.0490913393382,10.3945660375252,2.52223339202682,9.94114819750928,1.28950070080672,7.67164989589207,1.62773193528987,5.19183206777563,0.843519029685179,5.67729438099279,0.846676461225671
32,109.7,"TRACHYTE [25948]",308.945832218047,564.233685934486,56.7274583485414,195.464145675442,29.7811527735437,6.82814664091119,25.0460119022183,3.33489214698813,18.2442251741156,3.42558379595848,9.50371624108249,1.37854549838096,8.4691623018133,1.20631466263849
32,109.7,"TRACHYTE [25948]",299.030514681193,548.813350980361,55.2432999853116,190.890715530684,29.0763667634828,6.62396462768844,24.2813439562061,3.24562561404993,17.8000253587916,3.3583821883458,9.34046711488512,1.34604107101921,8.28584479398911,1.17967946580251
32,109.7,"TRACHYTE [25948]",365.587716777781,671.16289545839,68.4358088646885,237.551590392478,35.9095040258443,8.74187605449715,29.7641447199016,3.91323979049624,21.107446960837,3.89851983168154,10.722210810482,1.53563601650652,9.31765596035528,1.33151206409572
32,109.7,"TRACHYTE [25948]",210.787851574488,403.646046254257,40.09440021204,146.802741527802,22.6965250519517,5.9440868048567,18.7420734416398,2.43206162178379,12.790326913354,2.29125780177403,6.25300129131833,0.878973729124941,5.30173487747695,0.74005095828174
32,109.7,"TRACHYTE [25948]",310.007161026266,606.981728512517,62.2599040163253,215.797523013732,32.3563555180684,7.98937042518639,26.9545133568131,3.62740818594545,19.867741010134,3.73091537118553,10.2480419968822,1.47887706096476,9.0047905847273,1.26542437520008
32,109.7,"TRACHYTE [25948]",262.509938296109,493.071165791989,51.1597918885591,181.274024447452,27.4649211646655,6.88465952095984,22.6558859224855,2.95531255951917,15.9813707198811,2.96338178519735,8.09987292705883,1.16055044306589,7.05876339557377,1.0039116603997
32,109.7,"TRACHYTE [25948]",218.835626999167,371.86336269641,36.348089323193,123.76993739787,17.8140748884802,4.92007758857907,15.1102501891562,1.9531305261365,10.5836309637837,1.97113420416268,5.51553045683485,0.80956734079901,4.97022971089579,0.727457078983975
32,109.7,"TRACHYTE [25948]",216.10491325343,350.742541766457,32.6335482193775,106.45195744461,14.8357451818907,4.24544450994519,12.9185242083176,1.64934632828506,8.90853057778558,1.69485441222547,4.78611105040582,0.71555594315774,4.53692337208876,0.664097766444709
32,109.7,"TRACHYTE [25948]",172.133082506738,303.821834773507,30.267033684901,104.415576191136,15.2670580421869,4.19915087810003,12.8152026614122,1.66312169441668,8.95690087522293,1.66970079106924,4.69675280381531,0.695534008357657,4.32206406274457,0.623927582033546
32,109.7,"TRACHYTE [25948]",182.568616407996,319.604466221496,31.9535756586805,109.662749483348,15.9042955442671,4.40566747322929,13.3412129386343,1.72833248899878,9.32308696782324,1.74239728770728,4.83493604555654,0.712665893172231,4.42279818328557,0.647340938297267
32,109.7,"TRACHYTE [25948]",133.722364919845,275.368440149795,29.5294849250264,107.118778651428,17.4416558377487,3.36476978954985,13.7248188999992,2.01199370954871,11.3943306268965,2.1368098754195,6.08167941799634,0.909309968758646,5.7994082734858,0.849321622786604
32,109.7,"TRACHYTE [25948]",135.513251913231,279.748344611686,29.5475008650096,106.593012408521,17.3977735540999,3.331022370667,13.8475082096192,1.99726890992034,11.1011626264279,2.0680317090269,5.79602767828865,0.860039084935062,5.50418637002019,0.808823060611511
32,109.7,"TRACHYTE [25948]",138.616702888354,283.783867401361,30.0895304015491,110.386615247069,17.7408467303566,3.38196979438674,14.01677622435,2.01908207525213,11.1767834289542,2.08169408057058,5.82316235504336,0.862309656877453,5.56715790165973,0.813641272107877
32,109.7,"TRACHYTE [25948]",150.775473081304,275.795031064692,32.5812176845914,117.748936969041,18.8938709270802,3.57013635753964,15.2679939277685,2.21268427724504,12.3243502630237,2.2795310493815,6.26460181322891,0.914240253516386,5.60215262511704,0.810090494657657
32,109.7,"TRACHYTE [25948]",133.539482020096,282.156988965347,29.2492791317177,106.843624194259,17.3626556691546,3.33310328451229,13.6795778834977,1.97139932561301,11.033308166403,2.0588142358759,5.8672837971777,0.88027704696035,5.70258145407689,0.83235839962135
32,109.7,"TRACHYTE [25948]",146.820960934538,299.610682251455,31.8914069974924,121.437447549065,19.9653755024882,4.31951469802625,16.575709292999,2.30091345476928,12.5221145469679,2.26300893136624,6.2073841567099,0.849539173989787,5.17894633650347,0.741451994511155
32,109.7,"TRACHYTE [25948]",129.978935082569,261.40809012282,27.8748264017569,106.168427240723,17.5580144458748,3.83358476509213,14.5232554664499,2.02952289276151,11.0581375379243,1.99261344956402,5.44287103530657,0.752307098564407,4.59994306734347,0.662000088551993
32,109.7,"TRACHYTE [25948]",126.268786207788,254.67300484747,27.0436004453265,103.183417607883,17.1389391732824,3.71058627548835,14.1373781637031,1.98722893918452,10.8359777728803,1.98756593976433,5.43824816030205,0.759895824080753,4.66074642444632,0.675666070742134
32,109.7,"TRACHYTE [25948]",150.263260284948,297.600741003014,31.2024726986961,115.597337525421,18.9792820613658,3.54645088765292,15.878826660238,2.26429891971503,12.3910733852765,2.28246236394064,6.35247669784095,0.916099035376738,5.84928391506859,0.861968458079617
27.8,-18,"TRACHYTE [12930]",150.7,305.2,36.23,139,24.53,6.91,17.02,2.3,11.99,2.41,5.34,0.71,4.52,0.63
30.9389,86.3653,"TRACHYTE [26152]",166,347,43.1,148,19.8,3.38,10.7,0.89,3.76,0.59,1.37,0.18,1.06,0.16
30.9389,86.3653,"TRACHYTE [26152]",184,394,49.3,166,22.2,3.68,11.8,0.99,4.2,0.67,1.59,0.2,1.22,0.18
30.9389,86.3653,"TRACHYTE [26152]",191,374,42.6,136,17.6,2.69,10.1,0.88,3.94,0.66,1.65,0.23,1.43,0.22
30.9485,86.3659,"TRACHYTE [26152]",183,384,47.6,162,22.1,3.61,12.2,1.06,4.55,0.75,1.76,0.24,1.43,0.22
30.9469,86.3821,"TRACHYTE [26152]",185,378,44.7,147,19.7,3.02,11,0.97,4.42,0.72,1.8,0.25,1.54,0.24
30.9469,86.3821,"TRACHYTE [26152]",167,329,38.3,127,17,2.61,9.89,0.85,3.84,0.65,1.65,0.23,1.36,0.21
30.9424,86.3918,"TRACHYTE [26152]",187,387,46.7,155,21.6,3.58,12.1,1.03,4.32,0.69,1.64,0.21,1.26,0.19
30.9424,86.3918,"TRACHYTE [26152]",200,411,49.5,168,22.7,3.79,12.9,1.06,4.57,0.73,1.71,0.22,1.33,0.2
30.9698,86.4335,"TRACHYTE [26152]",173,350,41.6,134,16.9,2.65,9.27,0.75,3.29,0.54,1.3,0.17,1.04,0.16
30.9698,86.4335,"TRACHYTE [26152]",202,402,47.5,155,19.3,2.98,10.9,0.88,3.74,0.61,1.47,0.19,1.19,0.18
30.9698,86.4335,"TRACHYTE [26152]",204,410,48.4,158,19.7,3.01,10.9,0.89,3.92,0.63,1.5,0.2,1.2,0.19
31.0176,86.4265,"TRACHYTE [26152]",235,478,56.4,185,23.4,3.67,13.5,1.1,4.59,0.75,1.76,0.22,1.29,0.2
31.0176,86.4265,"TRACHYTE [26152]",212,430,52.7,179,23.4,3.46,12.3,1.01,4.21,0.65,1.48,0.19,1.15,0.17
31.0176,86.4265,"TRACHYTE [26152]",224,447,54.9,187,24.5,3.5,12.6,1.04,4.41,0.69,1.65,0.22,1.32,0.2
30.8699,86.6951,"TRACHYTE [26152]",227,458,50.8,177,22.1,3.42,12.9,0.97,3.91,0.61,1.44,0.18,1.14,0.16
30.8699,86.6951,"TRACHYTE [26152]",227,466,55.8,190,22.7,3.48,9.56,1.02,4.12,0.64,1.5,0.19,1.17,0.17
37.83293,-25.82395,"TRACHYTE [26167]",177.208878591081,329.888911287187,35.4048437055686,120.814221859085,20.967105011597,2.52182053620507,16.3185009088922,2.69794911896792,15.6742587095734,2.92244475067711,8.75068943583056,1.08976586178767,8.31891587549448,1.15041287928937
37.83293,-25.82395,"TRACHYTE [26167]",103.46509395094,189.206521121654,20.7420242450124,73.2694136035822,12.0653535346433,3.21142282432108,9.29880155522671,1.27055315992781,8.07990423030129,1.4328493312711,4.14053650253097,0.392800995827663,3.95135299577762,0.415743828225276
37.83293,-25.82395,"TRACHYTE [26167]",112.626708491889,208.132218856243,21.9180833263201,74.3391746320898,12.5782159698114,2.54993204384215,8.84154915229082,1.37785861832457,7.97416093343305,1.45296383232423,4.89940917519925,0.506686091499457,4.38206484252688,0.53084294244254
37.83293,-25.82395,"TRACHYTE [26167]",98.9773053655338,180.562942085337,19.5483685459511,67.3760758162433,10.9997088386899,2.83654236989414,8.11905570302092,1.17207163189944,7.02686257445408,1.28845539679101,3.75226414110572,0.470044201390098,4.00577056114433,0.538926723097163
37.83293,-25.82395,"TRACHYTE [26167]",104.602639838264,196.565078692411,20.5522105422985,71.2925409277657,11.8017753040002,2.99953987528415,8.62599456839354,1.3008735135931,8.13515653149984,1.42605793402431,3.92780292691249,0.538374018906511,3.95981535181436,0.534887896180062
37.83293,-25.82395,"TRACHYTE [26167]",164.890574116191,293.497894811931,30.1097096429823,101.98026489988,16.6141950792195,2.32513574726671,12.293721138853,1.88396500963521,12.977538420793,2.56342558604639,7.32622124669581,0.932919612455205,6.99685426169007,1.04786651225374
37.83293,-25.82395,"TRACHYTE [26167]",177.414299874333,329.328627674118,35.3067119112905,122.772409230457,20.8955096945416,2.60767810928781,16.3533277614863,2.48921915668059,15.2139635018351,2.83486357192853,8.75965316092903,1.26941154535697,7.81438099187958,1.16651571997429
37.83293,-25.82395,"TRACHYTE [26167]",130.014115409425,242.444059012985,26.8518661834692,96.0632206189284,16.29746429741,2.62924327247625,12.6267318032432,1.70657038064143,10.8053033720854,2.18729886348963,5.86879144670331,0.8298157350559,5.93598342749576,0.715008424388757
37.8361,-25.76265,"TRACHYTE [26167]",134.264161351462,250.836272147808,26.7862772953594,93.8816699479162,16.8496339472121,2.49230626865207,12.8135941454169,1.79887762908426,12.0785511408143,2.05994012584159,6.25772741940706,0.812272579337509,6.23897270239176,0.742539051076022
37.84821,-25.75768,"TRACHYTE [26167]",154.176546602221,293.541915243569,30.6855595339057,105.548107958442,17.8085485634476,2.46174523037724,14.0630075237404,2.1220223267621,13.388424198487,2.43414826672775,7.31428795173694,0.893378134108493,6.391674739706,0.834299848502642
37.84821,-25.75768,"TRACHYTE [26167]",124.712557058009,239.142760221072,25.9578120884591,90.2492645749599,15.3743607591672,2.55575349016738,12.1028815099966,1.73859376039576,10.7893254019039,2.06871112907211,5.71628479299801,0.766904840418619,5.35740393815742,0.721120641730484
37.86779,-25.79634,"TRACHYTE [26167]",112.877310371615,209.767026148696,23.1145397457324,80.3327440194728,14.2059629387139,2.6210813332224,10.3883427413257,1.62006081281657,8.9114605517667,1.66758698568737,5.11011888259013,0.438068183716633,3.97325637547036,0.576054140015063
37.83293,-25.82395,"TRACHYTE [26167]",114.956018710961,220.561190642853,23.9134896991761,84.1008786850895,13.7031150848134,2.44901216850341,11.0466983619818,1.67078841898706,9.85449263788027,1.82572837576295,5.28634504087991,0.630288438297569,4.3876137369996,0.683486364200415
37.8361,-25.76265,"TRACHYTE [26167]",133.260349054665,242.336299482572,26.6007440429921,92.9535583274514,16.2648500898382,2.5074246141967,11.9538986406476,1.99033296777333,11.4005583381558,2.11551774863607,6.54379193304719,0.743411097622762,5.62660252722419,0.661109674077549
37.83678,-25.75361,"TRACHYTE [26167]",131.931998510678,246.316257510161,26.6171565786878,92.2906120253561,15.9542914809531,2.60848240383759,11.6067730059061,1.70656004498455,11.1647415694028,2.03483490130639,6.15427520891262,0.711538994752381,5.59156281953619,0.769801260308375
37.83293,-25.82395,"TRACHYTE [26167]",245.673524853044,527.287173162016,52.8384622418547,188.728418988247,31.7884852236983,4.93841773661928,25.0692143304911,4.03710757887813,22.9026000790917,4.2948306688836,11.8629212254691,1.68326669888282,11.3282336276036,1.5654927564958
37.83293,-25.82395,"TRACHYTE [26167]",185.661135229205,310.061593606416,36.9517036031451,127.887833507348,22.0262121723033,2.81596790156113,16.4675973278947,2.51278244507175,15.8402534568286,3.100259283229,8.84293294517627,1.19607967587608,8.38919195499728,1.16899680307527
37.83293,-25.82395,"TRACHYTE [26167]",230.40784635389,416.183917965492,48.0077197749761,168.118081946247,29.012183181412,3.96919773604926,22.0429163493709,3.40895772780307,20.6537559964337,3.98811384689288,11.1438399912526,1.48628492229507,10.3623695731977,1.45427245385635
37.83293,-25.82395,"TRACHYTE [26167]",152.839459367503,287.65286117664,30.772755832187,108.982163394334,17.8542792264357,2.37304036219258,13.7600341202573,2.13984553426132,13.1018906254572,2.61162688992765,7.79413245721433,1.02808314782334,6.74472118207554,0.968322340410111
37.83293,-25.82395,"TRACHYTE [26167]",148.218118961691,283.793652606239,29.2030655015079,99.6842017296399,16.7173717889717,1.85669200300423,12.77926658172,1.96684700296387,11.8422040204654,2.26563542275074,6.62186144939757,0.976297408860661,6.47102316262069,0.918532765141626
37.83293,-25.82395,"TRACHYTE [26167]",169.108465397849,319.329951632994,32.6730487180031,112.886701261419,18.81146369892,2.04036677149985,14.2139866032653,2.36766837008982,13.8692981843274,2.87269844834,7.7573404459217,1.1723174582228,7.74381943125545,1.19599994359068
37.83293,-25.82395,"TRACHYTE [26167]",177.567241880326,345.68689567311,35.4353233724257,119.292702127088,19.6870985603364,2.21880824822266,15.8531565094482,2.55016427901932,14.5891342061687,2.92187892109234,8.32270712753425,1.11480974206385,8.33934748120336,1.16756129448262
37.83293,-25.82395,"TRACHYTE [26167]",148.415634238744,271.610770228538,29.7286662983208,102.59347312239,17.2512107825829,2.22781137064947,13.1452661994902,2.09034836495598,12.55398794539,2.51218097904848,7.12940131161811,0.981243260762371,6.07163242796709,0.896646573560057
37.83293,-25.82395,"TRACHYTE [26167]",126.967355781451,240.661105336163,24.7767808452573,83.2819259527131,13.7764955446283,1.73290258102943,11.4402902321311,1.81374688988645,10.534753131004,1.95154669428028,5.97075404926787,0.890950806489862,5.825895970454,0.94123464275869
37.83293,-25.82395,"TRACHYTE [26167]",162.400257182186,306.25525456001,31.9176454575016,106.399239378634,18.2981067635317,2.19355195636047,13.3183091706676,2.25016520797561,13.3441906273648,2.586493105125,7.59470405127168,1.15223081349341,7.35690893344137,1.04962076675982
37.83293,-25.82395,"TRACHYTE [26167]",147.625269904623,278.708026885388,29.0130302706853,98.4643825697546,16.8316924730963,1.99070696256864,12.5751093924798,2.02729084256016,12.0447065745569,2.41028290896965,6.89867427556946,0.990085844028267,6.5831821582691,0.972480475160796
37.83293,-25.82395,"TRACHYTE [26167]",138.161589805409,273.366050370154,28.3270512066285,99.4773712395437,14.9543538056441,1.93068238297891,13.0516911983298,1.7920919507662,12.2687139880409,2.25384415021282,6.32881463475991,0.910439731053139,6.55375086664171,0.935280704395289
37.83293,-25.82395,"TRACHYTE [26167]",176.149057288976,351.770260353751,35.6914858983486,122.620244258321,20.9556737970624,2.77580816337469,15.7365043404367,2.62861715120426,14.9463891252296,2.90348778881513,8.41991074766844,1.22876952368921,8.13287816638074,1.10401843188165
37.83293,-25.82395,"TRACHYTE [26167]",131.728577454254,252.49141438855,25.8738010286405,88.1281564743256,15.192274567242,1.80879111636674,11.7607263576956,1.75085305423695,11.4793391652398,2.16457231170276,5.71088272766307,0.774481626107745,5.40943469159759,0.894655389925837
37.83293,-25.82395,"TRACHYTE [26167]",124.168747965419,234.812290916245,24.9490431483407,82.4233782792802,14.3688433859335,1.62532808568636,10.5316817034062,1.6727660697302,9.31546854844748,2.0458435580602,6.43273396591782,0.787979481158793,6.06023752555898,0.595151452094389
37.83293,-25.82395,"TRACHYTE [26167]",145.981954423292,273.929190326497,27.8549580832054,95.8170227563939,16.6782853394633,1.86179073026899,14.335686122583,2.06952991728446,10.0329985361488,2.37216307948994,7.35004084986029,0.991940773776262,6.90779056524147,0.881506393340908
37.83293,-25.82395,"TRACHYTE [26167]",142.810899272805,263.702108940832,27.9371445133505,94.3203508487289,15.7956289095732,1.85928324638266,11.9287753008311,1.93229560830247,11.191330982583,2.21971401916142,5.60870987824881,0.74454745986957,6.14847031980841,0.914828889234108
37.83293,-25.82395,"TRACHYTE [26167]",167.086634356911,317.994614103797,32.5803158388565,109.779964051023,18.8959209652371,2.22282597923373,14.2774076560492,2.27022590082989,14.14151392102,2.82637318074243,7.4652766039573,1.17545208145137,7.62423798983442,1.02098937976396
37.83293,-25.82395,"TRACHYTE [26167]",134.497489338272,251.339405469146,26.7415763037013,89.1723301682897,15.0017716693103,1.7327486375273,10.3531831304021,1.80435955003804,10.2327207705567,2.21074928482101,5.8623301686063,0.831160959197976,5.52881562431243,0.810275684171139
37.83293,-25.82395,"TRACHYTE [26167]",115.236356122091,238.426279053037,23.6676877368097,78.3880420289618,13.8703119921158,1.80290230347021,10.1580711742383,1.50796657262536,9.41726252888192,1.87680898066825,5.3158001405916,0.778142840572,4.48907761333819,0.705739282137808
37.83293,-25.82395,"TRACHYTE [26167]",146.886438459182,289.032608142023,30.486129077483,97.9196787182718,17.3834552908719,1.85174708451328,12.5312923041125,1.99079376137078,11.9321166679518,2.47102474663611,7.03928568169447,0.928596689038961,6.38941360219897,1.02791656028291
37.83293,-25.82395,"TRACHYTE [26167]",141.205393402236,262.644797643503,35.5345008159973,97.089677562013,17.4188910973142,1.82844419218489,11.4742496036929,1.98227119066938,12.330240313818,2.16781393328594,6.99482732952356,0.963556828852022,6.24604608469698,0.720167334222883
37.83293,-25.82395,"TRACHYTE [26167]",146.61868432219,272.36542158722,29.1655448061142,99.7444467036699,17.329046817245,2.03237247258463,12.4749931839786,1.81533496305721,11.7797714709113,2.29329868956818,6.17055019665905,0.96021317214049,6.09816777984533,0.892506754996926
37.83293,-25.82395,"TRACHYTE [26167]",167.809562196828,305.922821894,32.901421034988,112.868592897556,18.950115941061,2.37232648096831,13.0000729893787,2.19050302949659,13.8667964650968,2.44487171271832,7.42377390958532,1.12251790358205,6.98729919033367,0.979136025351595
37.83293,-25.82395,"TRACHYTE [26167]",192.030658533447,371.980001592043,40.7787288693082,137.132288486556,23.3300990430638,3.46161326577586,18.0294367394602,2.68282225521836,15.6889729537165,2.99687232812352,8.039553817909,1.07505866342286,8.201743055209,1.02626210699969
37.83293,-25.82395,"TRACHYTE [26167]",128.139662652495,236.997242409296,25.4032088956734,85.672823784098,14.460259503535,1.67474284832089,10.4150845088538,1.68601312673859,9.77068093124679,2.06313469085429,5.7477301250673,0.837414785287898,5.18470231368126,0.743179751338355
37.83293,-25.82395,"TRACHYTE [26167]",162.438332579884,303.30367924582,31.7173145436871,106.972446544088,18.243745704221,2.16092401502958,13.899396215871,2.22173123618524,12.9909076176688,2.62096035651899,7.54854216630111,1.1092176673433,7.33328287274102,1.02709938300283
37.83293,-25.82395,"TRACHYTE [26167]",101.639634148605,222.563913588343,21.7811940096655,74.1224782244787,10.416106092685,1.64066699275534,7.66278153201745,1.4348027432885,7.75759574061299,1.72646056867052,4.2772645884745,0.926778449877473,4.47703880659365,0.56067105511579
37.83293,-25.82395,"TRACHYTE [26167]",142.729469038144,274.601316553133,28.6386206608108,103.396812813097,15.8367230493741,1.85269443241104,11.6919756259325,2.00682602540142,12.0146059816914,2.44557623553615,6.28414050288535,0.896797851877654,6.4743962721823,0.76880995871086
37.83293,-25.82395,"TRACHYTE [26167]",84.8297813690502,158.728223318762,16.8563838782776,57.1367537843699,9.36886349711706,2.21608183959174,6.97109257730847,1.15198118999181,6.93961417686849,1.29735747956546,3.55509403225646,0.520793781978362,3.66986937298067,0.494792698947416
37.83293,-25.82395,"TRACHYTE [26167]",87.2141172477801,163.408161509036,17.1828771079135,59.4258796125745,9.947425407597,2.17238278859629,7.61243347801035,1.15908082894403,6.7432453348104,1.38356082357704,3.69251097251967,0.541307579142869,3.6328357793112,0.527372472197087
37.83293,-25.82395,"TRACHYTE [26167]",83.4083418090067,159.529970374022,16.3541063559208,56.3029225079222,9.28034110711635,2.25697317982847,7.20780817603586,1.06315001444833,6.30612305671486,1.25020999862859,3.51344893154898,0.517967030022701,3.50264146278505,0.483791562299356
37.83293,-25.82395,"TRACHYTE [26167]",96.2585366076437,170.694915929879,18.9346998743903,67.5603336949308,11.4944798515778,2.53078593609177,8.97034860357929,1.30203133223566,7.4523220319912,1.46490388691669,4.36155635023141,0.574512321636269,3.99874042521921,0.599046488029287
37.83293,-25.82395,"TRACHYTE [26167]",85.3454627774971,161.844965934936,16.791438874288,58.5755878814955,9.69636164395189,2.0267101058121,7.44956261477778,1.15965115018613,6.53461088876179,1.34369666041344,3.55139632545512,0.566334073340851,3.67909996545915,0.485099414498261
37.83293,-25.82395,"TRACHYTE [26167]",84.8810604659592,164.279204046738,17.2286545809602,56.7414475109305,9.27232685513254,1.90566401138057,7.48042296569874,1.19074880465771,6.40318854202818,1.28823007617799,3.69762394751846,0.530067812596564,3.3009240957597,0.517112179581003
37.83293,-25.82395,"TRACHYTE [26167]",89.9977464608494,174.48254512319,17.9329795433452,60.3830860686141,9.79340241165504,2.66979869309602,7.70379972378203,1.17401380877333,7.06719407305741,1.38417814206972,3.92925691406823,0.583873358429162,3.82830144098972,0.569982654443243
37.83293,-25.82395,"TRACHYTE [26167]",76.0812271641992,144.391811387223,14.6754697546984,48.8786999909795,8.09239502615687,2.47768370524373,6.07005203417895,0.921713946583418,5.56176676030679,1.12597686299516,3.17199431994291,0.429869845687302,3.01523585601352,0.456791910612649
37.83293,-25.82395,"TRACHYTE [26167]",102.231530200186,203.255833267363,20.8201403935875,72.0983221368568,12.3361054199639,2.30393313866337,9.31909770151505,1.41090367476904,8.05215703837044,1.64773075224038,4.7521141750439,0.690694419890961,4.70082321483006,0.660254998822899
37.83293,-25.82395,"TRACHYTE [26167]",86.0389519018745,169.309343522973,17.2293907127618,58.2006134023502,9.32389499045234,2.14701884254413,7.04108384955429,1.05082181630519,6.34784008199594,1.22030762275807,3.52029173109646,0.503881070381193,3.31533719246348,0.522183346451971
37.83293,-25.82395,"TRACHYTE [26167]",86.5138197079462,156.146849785844,17.6769153230574,60.2330896919311,10.1731360702868,2.15977173408417,7.3770556420658,1.09157655423188,6.75291063667502,1.26173988888206,3.68173699473137,0.517939277791913,3.51299449917672,0.488480028455247
37.83293,-25.82395,"TRACHYTE [26167]",81.5673158703647,158.664335216311,15.8744327429832,54.5564874224849,9.20137647154463,2.16394991990298,6.65163126499481,0.978494460639415,6.23005879432332,1.16286439171017,3.26186536449789,0.437643677704246,3.10563130315847,0.451017199797418
37.83293,-25.82395,"TRACHYTE [26167]",75.3487397602414,151.05503792271,14.9099557118143,51.9870740292242,7.85993891731293,1.86381031306675,6.12272700043273,0.961839904527397,5.55984205243873,1.08513587114874,2.98664518345989,0.413530798423227,2.89928590575153,0.394516139058749
37.83293,-25.82395,"TRACHYTE [26167]",72.056755152237,144.002280807139,14.4507390010678,51.5643891217621,7.97780836402156,1.89892417569245,5.91638253998614,0.917218767528639,5.4388176729952,1.08031251294813,2.980461743648,0.412945038744053,2.8421118816779,0.390121723278585
37.83293,-25.82395,"TRACHYTE [26167]",88.6903722868156,155.921901814618,17.2052011879865,58.2823910047296,10.163765898352,2.17934460628517,7.30354358599395,1.07651901659919,6.71311488149222,1.27999387525017,3.55202331967143,0.495306120783127,3.416935029303,0.491185996044105
37.83293,-25.82395,"TRACHYTE [26167]",83.570104911555,168.519000251933,16.6750177228748,56.1694938649175,9.43041085301718,2.09275070446505,7.06212276702672,1.10269285240611,6.15697781128497,1.21037088465278,3.406480584214,0.51987949946488,3.35800680761746,0.488422725429375
37.83293,-25.82395,"TRACHYTE [26167]",82.9351567043671,150.131302984915,16.9025346506978,58.4051265549058,9.28792189284119,2.05773149438006,6.48874186610287,1.01886633451827,5.98350612794929,1.13772213075396,3.16687080607879,0.492884718406862,3.30246727973803,0.452403402474931
37.83293,-25.82395,"TRACHYTE [26167]",81.828015325759,160.800833052855,16.1970220577524,56.8067811161397,8.70537830768439,2.05177694484328,6.8844803668852,1.02524214271482,6.06432652723793,1.14374119028026,3.17836509126284,0.441072769089721,3.21259507895389,0.467238763658964
37.83293,-25.82395,"TRACHYTE [26167]",80.0845527508104,151.045090961485,15.6742320019584,54.5465264615875,9.03356473920264,1.95764511881975,6.64477851135649,0.982079765337002,6.03457924791305,1.17619376408055,3.39474770451281,0.479824995625176,3.20779355461182,0.461986156709176
37.83293,-25.82395,"TRACHYTE [26167]",75.9414244631229,145.771504418521,15.8510586602887,52.6422273090603,9.16943666675395,1.89050746035442,6.74690448881409,1.00450675670065,6.2908277648194,1.16287303453813,3.36265661974769,0.468926784410505,3.22850186966903,0.477867652896436
37.83293,-25.82395,"TRACHYTE [26167]",77.8448014663693,152.873835531061,16.0488770786497,54.1891996832574,8.73134684383358,1.86440080232772,6.57885195364856,0.923464438481734,5.64443449584463,1.07749800664311,3.27761646626916,0.422235105470362,2.98165787556058,0.389244131859776
37.83293,-25.82395,"TRACHYTE [26167]",91.655182403949,158.458245930387,18.3213622925042,62.3963124438384,10.4925422341686,2.3212085146428,7.02022313710711,1.09126777617897,6.2779494864988,1.24395372500679,3.47136833386434,0.472849673754273,3.3551523376275,0.457531747626501
37.83293,-25.82395,"TRACHYTE [26167]",98.5384412708431,185.21229225422,19.5757708698057,65.8816486581341,11.3297829910886,2.55240775512627,8.37985359092233,1.21844028677443,7.71837063432773,1.41058504847193,4.2772834302231,0.61085649939065,4.40241233010836,0.567442975416211
37.83293,-25.82395,"TRACHYTE [26167]",90.3176119624285,173.228381116086,17.8725628542477,60.6419657655491,10.2792904418154,2.42317013861696,7.48616357404613,1.11910965623844,6.63846862021726,1.33956197968909,3.6303382042032,0.540236321192957,3.64665018523145,0.53559618045194
37.83293,-25.82395,"TRACHYTE [26167]",94.5883038036092,182.065489340216,18.5035012420609,62.435096980196,10.6556006192066,2.46833244155881,7.87084168349889,1.16207958573486,7.10886776667369,1.38993711551854,3.6387170653691,0.583922138814866,3.79755502768342,0.583062856700717
37.83293,-25.82395,"TRACHYTE [26167]",90.605784856172,171.429612986765,17.9770691194987,61.0498401439665,9.84037609810464,2.33719046891287,7.30823137188548,1.12012281547976,6.71969191337136,1.27749655705957,3.74423025886872,0.535098775330874,3.67292862968353,0.52700975490325
37.83293,-25.82395,"TRACHYTE [26167]",85.8633639384338,163.561213834008,17.0169233013296,57.1477033622064,9.67865046240805,2.22577916897239,7.01969767567655,1.1246724988294,6.42591839074109,1.25506330468831,3.63631729697118,0.492493806033298,3.54684843075024,0.496968187293448
37.83293,-25.82395,"TRACHYTE [26167]",90.2768881483678,157.41274894209,18.2523574161082,60.9956441648305,9.89520113416641,2.31627938958504,6.74978151751555,1.0346462741577,6.13036587748406,1.21929561407383,3.25094396580759,0.484420249931129,3.12783368893533,0.482033621584906
37.83293,-25.82395,"TRACHYTE [26167]",90.8858842261304,174.519399951332,17.9424339363595,61.3533275375152,9.62738077112651,2.44215642340725,7.41604740419677,1.21417621512471,6.67353179248361,1.30855558548521,3.74780917033073,0.492189732957536,3.78351582567223,0.518074790354131
37.83293,-25.82395,"TRACHYTE [26167]",97.60658596069,175.619364134307,19.3833385743674,67.6394715699788,10.7786736982908,2.53983421353422,7.6586548637988,1.23469767483985,7.39808235286821,1.37887042919812,3.798370302323,0.618652869523228,3.69260073966918,0.541861334549152
37.83293,-25.82395,"TRACHYTE [26167]",86.898216593975,168.855659668304,17.0089538835991,58.1962095264238,9.54975631733363,2.28361607445169,7.1656463824393,1.04862813767059,6.60454632967297,1.28440918750618,3.39658289928112,0.486129684365072,3.62884847909989,0.52312465709082
37.83293,-25.82395,"TRACHYTE [26167]",86.1970807504379,165.958214354497,17.0885105839027,57.2807530144458,9.68183574518332,2.22131983862108,7.17922133943353,1.07888644593558,6.30444376542901,1.23010497878343,3.47867841266105,0.530122086036447,3.39267078387368,0.499626738982077
37.83293,-25.82395,"TRACHYTE [26167]",87.933419024915,166.261038189145,17.1472553589141,58.635247836741,9.69853951657594,2.31283134452808,7.11561200230959,1.11630891265917,6.69792131088514,1.22797450057416,3.37706844940296,0.515127746040097,3.51120919000237,0.501128080108167
37.83293,-25.82395,"TRACHYTE [26167]",88.1559256992965,164.56084414291,17.282883809276,59.9366559353393,9.83354508758347,2.25531745705719,7.06359320253652,1.02580099277923,6.22286293548915,1.27853603076174,3.22939056585935,0.482948471894361,3.40675779559342,0.488091623105307
37.83293,-25.82395,"TRACHYTE [26167]",89.231327411159,165.674130192702,17.6821657011766,59.6324573301953,9.94670747286065,2.30644924493045,7.31146988821351,1.12663482378833,6.76802745095158,1.27096895550724,3.62355841330404,0.52133351872971,3.66506323417628,0.503885771327518
37.83293,-25.82395,"TRACHYTE [26167]",98.8555074757222,193.321156280093,19.6161751780356,65.8667870933053,10.4902056987285,2.70466253980171,8.01407226306223,1.18949619440502,7.81983510975384,1.41190471336078,3.97949137208191,0.601389402274969,4.1386121389104,0.588693620292247
37.83293,-25.82395,"TRACHYTE [26167]",99.3983546074742,188.287302370278,19.7520536105563,65.7975781317224,11.0299407267713,2.50735159326062,8.47322828440019,1.27683822659356,7.24605493687932,1.47733780304102,3.82663830091838,0.587452956751713,3.87998396321047,0.583665988308292
37.83293,-25.82395,"TRACHYTE [26167]",88.1359966724816,172.462537993643,17.8683726914168,59.3772415535156,9.47808037247017,2.33191480320842,7.30428332832541,1.11116302570931,6.78629041450475,1.2576559899402,3.70712468165779,0.519636679373094,3.60227496928163,0.516140573017002
37.83293,-25.82395,"TRACHYTE [26167]",90.3572265429242,173.613312057212,17.6966629196259,60.5532398374621,10.1828884731811,2.3175455740842,7.42672754424582,1.12128429527758,6.6583855758917,1.28816077327466,3.81693415803027,0.522675981339215,3.69268226730263,0.511440152489472
37.83293,-25.82395,"TRACHYTE [26167]",91.6079049259528,175.142264838481,18.0071056265814,59.6625671838367,9.68040010308596,2.46787884078162,7.31825696593186,1.11553813737747,6.90199592663368,1.37922412701666,4.00332996229214,0.532977909243621,3.9110310766762,0.539161343860919
37.83293,-25.82395,"TRACHYTE [26167]",92.9121823258237,175.995810276269,18.045161243966,62.2777992685479,9.83681452741088,2.42299449307967,7.45306613197154,1.1214880553593,6.87631679119768,1.31817532412997,3.74684238542946,0.54122073370066,3.86692616222572,0.519984369487678
37.83293,-25.82395,"TRACHYTE [26167]",86.4495518363932,167.255133555966,17.0304166269021,57.2702797849189,9.72283922876787,2.25391081075798,6.93070705060916,1.09827704957077,6.36737292472305,1.28067973176482,3.31921593334612,0.498601934870343,3.50765177790666,0.509754116213666
37.83293,-25.82395,"TRACHYTE [26167]",87.5312495044851,165.945440666942,17.2000178902647,57.4582137752227,9.41904409917811,2.14895054719072,7.66807635913582,0.964530002238544,6.49523708188557,1.32450611595102,3.68062109951319,0.503164912567713,3.76747341119686,0.504390940240972
37.83293,-25.82395,"TRACHYTE [26167]",85.7955432450036,165.747025828845,17.2433947075508,58.5508511595939,9.66644990863611,2.15361027938959,7.25350234290062,1.12071206549522,6.30881035897301,1.23011568167052,3.54529755296727,0.49723276646559,3.36754224219051,0.481208572471146
37.83293,-25.82395,"TRACHYTE [26167]",85.0650962523536,163.150482938977,16.770817123402,57.1467729762539,9.73816882337029,2.2449747875033,6.74740077415542,1.07841280374523,6.23412367589839,1.28132686311853,3.3965496737714,0.499915021165628,3.55101727321719,0.464421319430207
37.83293,-25.82395,"TRACHYTE [26167]",94.9226493905634,184.190772590845,19.0950260471323,64.2805939667928,10.6349865066224,2.62345919707518,7.63914680260802,1.17204162285814,7.31219337953964,1.3506094577867,3.96302740502153,0.596611785901521,3.89862680978218,0.556397013283366
37.83293,-25.82395,"TRACHYTE [26167]",92.4660812598742,173.17354957907,18.2707216322615,61.523469291373,10.3233326161907,2.26311970112454,7.58857803185166,1.16673295885968,6.99278210551274,1.37437645845151,3.94418762089915,0.540047285012246,3.6828043365416,0.539272003227163
37.83293,-25.82395,"TRACHYTE [26167]",96.8245943749332,184.800496253868,18.901279726639,63.8502203139539,10.6496348241279,2.34980617017527,8.18446156740831,1.22105432957838,7.3037418698751,1.44388560229639,3.99775197286792,0.553126119865142,4.06274689535045,0.582303068192376
37.83293,-25.82395,"TRACHYTE [26167]",83.6195808709905,158.81753138,16.5926813874101,56.747939622637,9.27199274321769,1.95787229568534,6.78543667421691,1.08712123247833,6.27048339982834,1.18956720878144,3.36860333311019,0.504602173176096,3.47860206063305,0.471242846355605
37.83293,-25.82395,"TRACHYTE [26167]",89.502840815843,174.713412437185,17.7216027068834,59.5358411889658,9.82386804761022,2.14550728744402,7.43102331113007,1.08214730227369,6.79166079192292,1.33992990779211,3.73207771375521,0.523654874491976,3.77451888911226,0.520240355203641
37.83293,-25.82395,"TRACHYTE [26167]",87.2307755945208,171.405011051813,17.4025979334534,58.581090807749,9.53696576334826,2.14852094592833,7.07627402110767,1.07602147521187,6.20390725861353,1.21650112838195,3.48799447117565,0.527171385195172,3.77762153866088,0.518572971615442
37.83293,-25.82395,"TRACHYTE [26167]",86.7307490570052,168.409438981321,17.3439361834888,58.0478307524723,9.39940844864732,2.1301489083783,6.91996031963754,1.08025763410174,6.62178450258895,1.26437593493586,3.62634709573781,0.521935584420774,3.76699082945024,0.49565375525587
37.83293,-25.82395,"TRACHYTE [26167]",88.6443537619855,172.560102866671,17.5031904967868,58.6338397491413,9.5463095311703,2.08101170283455,7.36310212113731,1.14175968533857,6.55604184845287,1.32144848314031,3.73367385099553,0.529073206998076,3.67379998792761,0.506253842103222
37.83293,-25.82395,"TRACHYTE [26167]",90.4913476179411,163.983239910512,17.8639611115611,59.5723228816528,9.86128414434714,2.05140712402357,7.30035064455651,1.13447767703394,6.41195567380031,1.2384965596515,3.61315804893701,0.476861215845972,3.42799272496661,0.507166118687125
37.83293,-25.82395,"TRACHYTE [26167]",96.3446940435675,188.668463518633,19.2172954518277,64.6818788610326,10.7432207430212,2.36682534776142,7.5728158992396,1.19264412199403,6.97836505846512,1.37954251070203,4.0130981410092,0.595449352161482,4.05822919103619,0.536531477568697
37.83293,-25.82395,"TRACHYTE [26167]",93.0483898582221,179.619763118679,18.4597383682257,60.7133997898545,9.78677378614162,2.3065329899256,7.61282684003249,1.13658737985806,6.96358687453509,1.39488214984418,3.90018313796914,0.549366304697115,4.08002821815705,0.564042872917041
37.83293,-25.82395,"TRACHYTE [26167]",84.7670819915898,163.256773855802,16.5866906984519,55.0825133874998,9.15273326953601,2.01072342252713,6.55158344343941,1.06240426651695,6.2257467959554,1.26321992508812,3.36307524002481,0.499580929205296,3.36965371681911,0.48482490597548
37.83293,-25.82395,"TRACHYTE [26167]",86.3075850185525,165.070413299249,16.6562734170297,57.9132661251858,9.52788989746588,2.0575716170363,6.68964271649741,1.04156247367303,6.23250657710939,1.17374820597368,3.40854948327449,0.51096418407975,3.47364365891636,0.496980903217919
37.83293,-25.82395,"TRACHYTE [26167]",92.8734018493796,173.533300659321,18.7951594080818,62.7779119417976,10.8849171642856,2.40882485086525,7.47198882428699,1.1149642078199,7.04736253892375,1.32030471597505,4.02183872200594,0.496653014916442,3.53057539742838,0.520907636774606
37.83293,-25.82395,"TRACHYTE [26167]",76.7988245394264,143.725493219337,14.9526075258054,51.0064350186398,7.90010189265376,1.97742843287044,6.22604466632643,0.888538597542105,6.04807473582419,1.14599965956488,3.19841972397868,0.431411664466358,3.14562455151702,0.402240524837748
37.83293,-25.82395,"TRACHYTE [26167]",84.9787750897993,162.529082197355,17.119946451666,57.0263722064282,9.08661567358102,2.02436246440509,6.98203131542027,1.03606402012218,6.59684901139039,1.23897294521325,3.31331146490698,0.451745311305562,3.33615855269325,0.486182260133532
37.83293,-25.82395,"TRACHYTE [26167]",87.8426558042198,163.343887088761,17.1729177639767,58.7136628473711,10.0738605478561,2.22509333319992,7.23521208219941,1.12405791683473,6.8782694868099,1.29102330663547,3.63842425065379,0.544834582776659,3.64323308174466,0.494270999242572
37.83293,-25.82395,"TRACHYTE [26167]",103.589892126763,165.624443816703,20.6207713671387,71.1092406930547,11.5189732756644,2.4988214718105,7.82440096506007,1.23685287487601,7.27220108304417,1.37588056415287,4.12596681639431,0.533880987076477,3.82497419191751,0.52162005279833
37.83293,-25.82395,"TRACHYTE [26167]",82.203249247626,128.081102322418,16.0850862683597,56.2592898217981,8.44893007388096,2.08621471952731,5.55289203559171,0.844602081642887,5.24703606003089,0.980295732667618,2.91704974111003,0.451373680969953,2.76156349896934,0.382171906375432
37.83293,-25.82395,"TRACHYTE [26167]",106.130533853029,167.217204957501,21.3617275750797,71.4038928692178,10.9675915592563,2.33335844936019,7.53297596113815,1.17573556014794,6.46892963825677,1.27544877035318,3.31586228050126,0.495993212475724,3.27022130476974,0.484820693488351
37.83293,-25.82395,"TRACHYTE [26167]",90.3873556826592,170.50307053765,17.6148929690086,60.2562613682862,9.78976931515068,2.28574491959528,7.50163104173303,1.15252483193306,6.88542928024322,1.30872871725423,3.71930742218263,0.55399763261992,3.45805465664628,0.523539467799517
37.83293,-25.82395,"TRACHYTE [26167]",77.7797818207909,147.957208949809,15.2660546061703,51.8956154227977,8.68346079141921,1.87963079730577,6.06588569847337,0.982467534058477,5.68485912864247,1.11732586502301,3.13146700988843,0.476728540728123,3.15825372323842,0.455549516066486
37.83293,-25.82395,"TRACHYTE [26167]",85.540199957475,159.535265805363,16.7611046747242,56.866165634799,9.27901171880712,2.03987092587455,7.19689244521265,1.06197811788462,6.39301973470581,1.23474763200897,3.51494206776136,0.526900109515793,3.49383414937697,0.475810078179788
37.83293,-25.82395,"TRACHYTE [26167]",85.9022015277567,152.497477151038,16.6795998556624,56.5160743191075,9.34781780509085,1.9349189570357,6.5452171223456,1.0854914570656,6.18616804694436,1.20115979912033,3.37979999413929,0.451068164087774,3.11729099549345,0.472121473132963
37.83293,-25.82395,"TRACHYTE [26167]",98.6508916902846,146.663574453114,19.1586304314279,75.290202931471,11.2667645479262,2.1340776986758,7.76615662573094,1.09576929451015,6.90160956529568,1.26500988517981,3.79732132283706,0.49708293093382,3.6685648281418,0.524972394771486
37.83293,-25.82395,"TRACHYTE [26167]",83.9712520334802,154.906102110641,15.9880590388792,54.3959509047163,9.16510944251382,1.98225604243229,7.49690771622595,1.00238899516297,6.01104927672256,1.18119986082541,3.31152361294962,0.493218594188022,3.70360511845789,0.534301068886322
37.83293,-25.82395,"TRACHYTE [26167]",81.9956446422621,154.435747183789,16.6427942607287,55.1364269187876,8.85094325425048,2.07697755388722,7.65276334879808,1.06303637254373,6.03320764144205,1.19267032023217,3.29495644181087,0.473246917062879,3.62740138621018,0.491163944831831
37.83293,-25.82395,"TRACHYTE [26167]",93.3735925293864,173.02867584202,18.1006343118268,61.8379752245003,10.1970420979723,2.37356369121691,7.40680307479716,1.14834600911876,6.68892234000246,1.35786560476274,3.90907571348138,0.53972010804823,3.76010608391631,0.515704827171159
37.83293,-25.82395,"TRACHYTE [26167]",106.569707007572,189.695846399376,20.4247943140639,70.3786175621788,11.3400151198161,2.58557078366003,8.55424328916881,1.22958643366958,7.59466818524981,1.41133188958022,4.31584427970912,0.63548836951042,3.84728185945847,0.579085761962453
37.83293,-25.82395,"TRACHYTE [26167]",80.7976353122898,153.619296883532,15.6520784491358,53.4493292652212,8.69933608041289,2.11655121323728,6.39418442311092,0.948720108537747,5.72928500700209,1.11675554827496,3.44168956169182,0.482306405525891,3.28292486638173,0.453783084485015
37.83293,-25.82395,"TRACHYTE [26167]",105.931370466584,188.885909253228,22.1188916879396,70.3735279750154,11.2950794040767,2.73080721680924,8.58429487338117,1.31273627032902,8.07363055789749,1.5323822602227,3.93304625520924,0.645043955646757,4.04105065539328,0.563418487443613
37.83293,-25.82395,"TRACHYTE [26167]",94.5639679770713,180.942688989465,18.5730229645643,62.9137926419976,10.3125861411619,2.41976309021344,7.67601541049505,1.17411276572874,7.09282927888947,1.38409253081248,3.89783218710217,0.552369160818157,3.73146541459962,0.577069393122992
37.83293,-25.82395,"TRACHYTE [26167]",100.734892945494,178.102971477652,19.6035721283045,68.2270432820071,10.9274838515607,2.60210152416315,8.22658308830064,1.20691181962124,7.3216738349481,1.29753323866674,3.99945438086238,0.581192390405705,3.81453174442819,0.548716029107648
37.83293,-25.82395,"TRACHYTE [26167]",99.739030144693,181.742172291368,19.7447058935925,67.6998943217636,11.0974082552388,2.45658300813654,8.05667436279283,1.19591034282356,7.22104112109729,1.39072158152787,3.91145666059344,0.544917858583212,3.9295301690283,0.536851490240889
37.83293,-25.82395,"TRACHYTE [26167]",98.1380426878505,176.69231650135,19.5290430709767,66.0398299174317,10.9789455310165,2.45594964554927,7.85144168694802,1.22179764775156,7.19960702787594,1.33009585938466,4.20821812314264,0.572222680963899,3.77469386339444,0.534143891600866
37.83293,-25.82395,"TRACHYTE [26167]",90.6130085972878,171.016145827951,17.4667443405373,60.4969987384589,9.96775031078021,2.30059481216148,7.34254093429463,1.12083092145731,6.75687027421382,1.2862918175811,3.63736705062825,0.517889868761303,3.58907107701479,0.51406433921063
37.83293,-25.82395,"TRACHYTE [26167]",94.7571864984683,177.92721073152,18.3217624241829,67.5946371350124,10.4338766599351,2.48425286103444,7.51723682849014,1.14498336233647,7.02650486658441,1.39702681948407,3.83275850910549,0.571794164333288,3.98701828489727,0.527596129778323
37.83293,-25.82395,"TRACHYTE [26167]",92.4433356393725,173.961724874746,18.264376202619,62.2362952565077,10.5297348614206,2.39990770544744,7.71004336260826,1.18719120548645,6.74738238829119,1.28983650022522,3.84268863935936,0.521375860054624,3.78326733522831,0.503457448768717
37.83293,-25.82395,"TRACHYTE [26167]",120.042676879381,176.760583043153,23.3189784837213,83.0869832669923,12.9007337856582,3.04118383429519,9.29584363871222,1.35330616020803,7.72675240261502,1.38337360089056,4.18942652383591,0.590745238190092,3.83900098011015,0.570497530323285
37.83293,-25.82395,"TRACHYTE [26167]",99.5918615721868,178.558389213432,19.2141743930147,65.4948732172323,10.6211000751091,2.54270354339929,7.70604992686978,1.19496196189875,6.82365927811969,1.36869756964551,4.15592516811296,0.555119604305547,3.75544183935085,0.546523158197536
37.83293,-25.82395,"TRACHYTE [26167]",92.1976749436085,177.043338094889,17.9407354839199,61.9898481895065,10.0650577632319,2.36748000625004,7.39626051337973,1.18311588386563,6.6610416413866,1.34767402859591,3.82243568815084,0.560792229115389,3.71529682335824,0.507074308287419
37.83293,-25.82395,"TRACHYTE [26167]",93.628735488789,178.456097081476,18.1940467912605,62.2932006084622,10.5056091211591,2.36799535113234,7.52267994684985,1.16956954972733,6.84783961350823,1.38100096350043,3.80637616158068,0.580244609757475,3.83089330328197,0.544266629713307
37.83293,-25.82395,"TRACHYTE [26167]",105.372890481573,178.133695736915,20.5991170337286,71.5298631115022,11.3203052057079,2.65114698693846,8.29792111085532,1.19258097699575,7.30417555833835,1.46358899448158,3.96002045214375,0.584649542006931,3.96698161839736,0.560987562861849
37.83293,-25.82395,"TRACHYTE [26167]",96.5094143162149,181.657150499511,18.9783883529063,64.4783212803127,10.7089878075588,2.44329680798923,8.00059763710181,1.21567824074387,7.23569319636396,1.42777374368498,4.12568605129746,0.551020261553429,3.91841745034767,0.564303085800792
37.83293,-25.82395,"TRACHYTE [26167]",104.411163029036,198.083107076679,20.0704587884061,68.8017533471139,10.894518506204,2.06268921550347,8.18309431200975,1.30634864206542,7.33140184081048,1.38897223624817,4.35339111974123,0.563343559892291,4.06915470123318,0.622112621894794
37.83293,-25.82395,"TRACHYTE [26167]",105.830813823106,193.569197930895,20.3558644034422,69.2744419727243,11.6495285812344,2.13589321647515,8.57236846004728,1.36802612929835,7.58852239121739,1.55116375824389,3.35458556553183,0.484651920079053,4.73481874410999,0.581046136269995
37.83293,-25.82395,"TRACHYTE [26167]",99.266824948461,185.086684167755,18.8686787092228,62.5729154254168,10.2210127700742,1.81786160850314,7.30113128353116,1.06354374038072,6.47148070805458,1.40958099548398,3.8640811302774,0.502501874619562,3.38484584266492,0.499736968771777
37.83293,-25.82395,"TRACHYTE [26167]",105.409646718896,198.300573154962,20.1483982787072,67.7545365271899,11.0388327251261,2.2241801005019,7.98793073648246,1.27155390084071,7.50851943028878,1.47391547300438,4.09025207721191,0.5871138864383,4.18409487038791,0.594353900877888
37.83293,-25.82395,"TRACHYTE [26167]",100.640969988428,201.555697571951,19.5328495551806,65.3088932503558,10.8938140993697,2.11299144167036,7.83083596575195,1.29441307576093,7.41307198667423,1.39833654677021,3.98641894742349,0.617147043128436,4.00660795773225,0.592090659013887
37.83293,-25.82395,"TRACHYTE [26167]",104.896358269149,191.18506258575,19.6883567164455,66.1788081609682,10.776459402173,2.15264997384254,7.76771327908755,1.20664488652832,7.54370637488593,1.4115503490227,4.29146055193154,0.558670614475538,4.01144479271412,0.598702570399399
37.83293,-25.82395,"TRACHYTE [26167]",112.842701350916,210.935657661193,21.6527523603855,72.6838614536797,11.5417561352377,2.22727689719373,8.95123359902992,1.46090202044326,8.18192858505966,1.50386761359438,4.68048050523845,0.665749708577214,4.69894949422366,0.627971043335917
37.83293,-25.82395,"TRACHYTE [26167]",110.612187490612,208.836752766861,21.6082563076034,72.866467807277,11.9924445853467,2.05691304228187,8.35832420818127,1.2717165087829,7.86114256035132,1.49284157697946,4.07028074845384,0.512578093632935,4.49457365838928,0.662688772079643
37.83293,-25.82395,"TRACHYTE [26167]",96.5522051104787,179.00830689187,18.3448495964704,62.4266077861975,9.94583280181124,1.66822098259323,7.04464730382325,1.1732212801266,6.54770347540319,1.34386233910003,3.73023838381596,0.521229824383732,3.64882559975429,0.426532470716865
37.83293,-25.82395,"TRACHYTE [26167]",103.611317646184,196.630291745122,19.8338104412582,67.7377952764326,10.7572350962279,1.90143221523739,7.8997987415585,1.19679636081601,7.41051006577441,1.37231763477442,3.88629410620759,0.610192043596699,4.02299516903467,0.598271362699534
37.83293,-25.82395,"TRACHYTE [26167]",101.897336310511,194.319782901795,20.139826543643,67.0532731421764,10.4587187779569,1.86603593971328,7.1676193449912,1.24344181765988,6.98867457919574,1.43978803877695,3.98707926202747,0.54460911665752,3.86399639412704,0.654361290041387
37.83293,-25.82395,"TRACHYTE [26167]",106.76260702182,195.152151374941,20.1366195178,67.8246830689202,11.9510568720092,1.94521505343831,8.4458775779186,1.1381129168726,6.55604306301227,1.2794924938912,4.00272394804853,0.585056901525142,3.86762400299199,0.597588392337154
37.83293,-25.82395,"TRACHYTE [26167]",99.5146019268303,183.899609554775,19.6315442467667,65.7208667028998,10.383987011555,1.95811824096558,7.19549394732315,1.24600805868462,6.73939142757526,1.40023596118157,3.43807551100655,0.59801829779981,3.86607656708472,0.601525059401233
37.83293,-25.82395,"TRACHYTE [26167]",109.585091189169,209.048027817498,21.2473387616492,72.0797621387818,11.9934427959313,2.05350237202779,8.69285157241543,1.32221371654954,7.73917838872454,1.52040709394729,4.56017901694701,0.651685843880162,4.356815509915,0.661526073542884
37.83293,-25.82395,"TRACHYTE [26167]",101.802350666355,199.917404187152,19.4846717592935,66.2796849733829,10.5724729406687,2.16122447624951,7.83186287825911,1.21091419527775,7.47378210933961,1.30233990771476,4.198781660404,0.628341636128522,3.96026543915544,0.617978120859093
37.83293,-25.82395,"TRACHYTE [26167]",101.099631793402,189.805963687697,19.420790306244,64.8414344205321,10.3379240381906,1.98323581981884,8.27711146078095,1.18485754140392,7.06515937138058,1.44224917787523,3.97764652183761,0.600663267869359,3.78409461865863,0.532303397366357
37.83293,-25.82395,"TRACHYTE [26167]",55.8175856829687,136.607380989103,11.1910556906983,34.3198444603836,5.56647442276667,1.37156554143702,4.70851265240426,0.652616985423922,3.54641736192392,0.68369442452913,1.92453185112137,0.293659377360611,1.87763520698524,0.301225567987528
37.83293,-25.82395,"TRACHYTE [26167]",89.8131373578592,170.961261292847,17.1346939200683,59.5801482243707,9.59831835751799,1.84259609980264,7.00340884730641,0.985167696121834,6.54620933817684,1.36547543705141,3.78506292490239,0.553393493374333,3.48329150585685,0.571545634601699
37.83293,-25.82395,"TRACHYTE [26167]",79.2056951777066,148.892499483214,15.0836077960418,51.7164699549482,8.28956025385991,1.64516452219479,5.70749967819081,0.961376409653176,5.74288847581602,1.07601386942736,2.80834025448211,0.418418325299694,2.85789600206841,0.495881455905983
37.83293,-25.82395,"TRACHYTE [26167]",102.402059294155,191.610932739362,20.185333882297,67.404157670275,10.9922297630018,2.34713800580264,8.38454070236608,1.26668675540648,7.81169062653277,1.43773525241629,3.9873108694272,0.599942097374922,3.71889465022265,0.582630141424322
37.83293,-25.82395,"TRACHYTE [26167]",99.4552105024113,188.111103034347,19.3095037621908,64.500866367928,10.2016261572523,2.31062826221649,7.70319999048948,1.17453227858219,7.12358920115972,1.49500427612214,4.09879979867535,0.633801098871922,3.89759282843414,0.586801586387694
37.83293,-25.82395,"TRACHYTE [26167]",90.0215000644501,170.87442432043,17.6427261078156,57.9407824993983,9.43718157341904,2.26766950811408,7.13903588934427,1.10140210809935,6.81391862526101,1.2766024477052,3.52287123595269,0.507907194913331,3.69446937730025,0.496049022713647
37.83293,-25.82395,"TRACHYTE [26167]",70.8971919692739,136.212098331867,13.895318742957,49.566215594954,7.5828517466918,1.50540617625622,5.95556784123334,0.920065008943478,5.47756969096147,0.998309972794648,3.25107225344395,0.423607874918232,2.54144308453681,0.370440292736293
37.83293,-25.82395,"TRACHYTE [26167]",67.830841016549,134.678572534806,13.3435643727884,45.1029332844642,7.13003638325731,1.53931547136176,5.38501985919627,0.821273454720176,5.23100581090443,0.986663377033637,2.80707139772781,0.408584960544679,2.44163349758301,0.387066059443595
37.83293,-25.82395,"TRACHYTE [26167]",78.7080393398109,156.860417350457,15.6511030996273,52.5556545627967,8.46969817412858,1.87583007921953,6.64990872718879,1.00836372748723,6.18264509627332,1.18462603479783,3.45225838199064,0.500376503231816,3.04478835230223,0.434225602407895
37.83293,-25.82395,"TRACHYTE [26167]",68.9802668996869,138.914191671055,13.2024874110399,44.8432302839394,7.00587161716803,1.5426758570566,5.41858482102414,0.815202474285989,4.83946817246818,0.970201615190424,2.91180892052272,0.394326944601118,2.48999091298134,0.362194904682068
37.83293,-25.82395,"TRACHYTE [26167]",72.39910675479,157.928858745222,14.5981860870457,48.7833827112869,8.01155979988181,1.77201737914829,6.3470588929453,0.912009344212941,5.35400066907331,1.0548646370367,2.99222203923556,0.42880909611684,2.75769569534507,0.384660955673687
37.83293,-25.82395,"TRACHYTE [26167]",80.0737825323881,161.249166190007,16.1375154013831,54.121812692248,8.89938664457367,1.68669706846061,6.80660993354359,1.04148374666237,6.24832674130153,1.21119358518322,3.45841003177337,0.530770958383237,3.39900741415573,0.504892158234269
37.83293,-25.82395,"TRACHYTE [26167]",81.137400946508,153.689868585616,15.676790600197,52.5309223142636,8.44442522925687,1.84222678208692,6.12101172333085,1.01478783793922,5.87779320302322,1.13560961902892,3.51669618644135,0.48464738260538,3.10816726064495,0.444579362910056
37.83293,-25.82395,"TRACHYTE [26167]",105.550040824191,191.21577232921,20.437443475787,65.1124725434961,10.9146606871518,2.34648352132147,8.39875542651611,1.30666246261841,8.06932813991167,1.53201081476182,3.92524153399148,0.59511148277458,4.07555339071407,0.490262179759861
37.83293,-25.82395,"TRACHYTE [26167]",79.2500984885141,160.073859324701,15.7779245562736,53.330947687107,8.91929175560285,1.73130595656856,6.5767639543943,0.919766201543777,5.69031769963386,1.07708985388835,2.99387345382209,0.413261727336468,3.13953157698767,0.395857675861989
37.83293,-25.82395,"TRACHYTE [26167]",91.6925001093631,183.640926673338,18.3644868010536,63.2942324588698,10.4347751828021,2.00837214125293,7.43955816354098,1.17417394652428,6.64030364241821,1.31535931664119,3.8187751790866,0.484679060903602,3.50354237574997,0.512366712282629
37.83293,-25.82395,"TRACHYTE [26167]",81.0673484980794,153.29267639765,15.8002326950308,52.0080887231531,8.08818533434768,1.79241898231116,6.15638887593604,0.983202782154905,5.83718605016636,1.09547480870535,3.20713482229081,0.423044139812947,3.11842362273166,0.449939989349575
37.83293,-25.82395,"TRACHYTE [26167]",96.1005538440104,188.666650812168,20.5821142744544,67.4742293840288,9.78109358109871,2.03525211104969,7.16198376663027,1.10706453240321,6.26055222050979,1.21003838209146,3.1625139791907,0.497204110076687,3.20425810805397,0.431557865232677
37.83293,-25.82395,"TRACHYTE [26167]",98.2420228481861,202.750572164327,19.7096889258892,66.2068899570457,11.0604665840088,2.3637123679876,7.67884364189833,1.19079345623966,6.90930310990014,1.32937327406682,3.97160538282871,0.568146406897537,3.78633825075241,0.539234646619891
37.83293,-25.82395,"TRACHYTE [26167]",95.6585464773498,193.171836642709,18.829740501,63.3875498788617,10.3257653815596,2.15557822190264,7.59594672368409,1.1706726020685,7.01857440424669,1.35858362641346,3.88597716701313,0.516551655355674,3.6997380275323,0.568756572684602
37.83293,-25.82395,"TRACHYTE [26167]",94.1710931115929,178.364122154872,17.4731188446047,61.0616406490248,9.63912718837778,2.05952855086469,7.4431783514717,1.1382500318486,6.75618237670316,1.36247616623999,3.96871600428953,0.484715654399644,3.53233570988775,0.540683775971205
37.83293,-25.82395,"TRACHYTE [26167]",94.6464851699201,179.779390194083,18.2275210778084,61.6660419025343,9.95876207445419,2.1769275146032,7.63657754702166,1.14971041478985,6.86191789037771,1.37545124878298,3.62484004475193,0.57182906462441,3.83604211081904,0.524634213926001
37.83293,-25.82395,"TRACHYTE [26167]",94.7061262892672,182.360501343456,18.5322421145574,61.151315562129,9.96652983651343,2.07826234648361,7.14224961370827,1.14070979259893,6.80872789330742,1.29661370689713,3.84883406729183,0.559467274821956,3.64476123938121,0.526930047665687
37.83293,-25.82395,"TRACHYTE [26167]",93.9580014565537,186.293559404606,18.3711749462506,62.3183015635029,10.0016967486808,2.21911284467828,7.47536403341703,1.12029331931508,6.77927325024545,1.32572056046179,3.71516526574259,0.545297943112379,3.63612032145996,0.526448037110574
37.83293,-25.82395,"TRACHYTE [26167]",85.478896082146,165.936040347027,16.5534471863803,55.5286693075222,9.11354850773713,1.89834664525524,6.91097281967475,0.985534910117122,6.23111969907387,1.19827854604918,3.51352286648729,0.491422742801927,3.2300982741609,0.494510181637723
37.83293,-25.82395,"TRACHYTE [26167]",92.9955238536661,179.323484638287,18.0226102251229,61.0946782538405,9.65451498381425,2.11120828115847,7.1583402814188,1.12263340766209,6.87155132676505,1.27610189336166,3.782130565706,0.576391129885794,3.65134941259683,0.505803579149254
37.83293,-25.82395,"TRACHYTE [26167]",89.0792158818047,175.537086775343,17.32377377239,58.5362466474072,9.54442653147584,2.02993244149949,7.40437006990323,1.10091024268684,6.75903980214065,1.31609929214472,3.64492428943712,0.537692597994537,3.71833236175527,0.53656156092888
37.83293,-25.82395,"TRACHYTE [26167]",96.0636910794342,183.943118996993,18.8982572671663,63.8455139523743,10.2206484806574,2.17872053806424,7.60771885143954,1.14626162958034,6.61172219646488,1.32803135003588,3.85904367243468,0.542195540722291,3.76798164163992,0.545913250785968
37.83293,-25.82395,"TRACHYTE [26167]",87.2810256890553,167.873461728523,17.2217672373361,57.9272503964268,9.78601863059703,1.8866035835786,7.2670809890186,1.10538221745159,6.35710944868275,1.26342007729257,3.30623818972982,0.507858515922592,3.1459656038453,0.496961331464141
37.83293,-25.82395,"TRACHYTE [26167]",88.7169780545815,172.302462347642,17.679243945879,59.1339040492337,9.38785772517308,1.91057778167128,6.98560445418531,1.0819746130031,6.47323798407801,1.31087990806775,3.51234526814972,0.492646245022387,3.4067048929446,0.514053852693661
37.83293,-25.82395,"TRACHYTE [26167]",96.7873892581914,184.901888399015,19.1666305753487,64.0680843248792,10.5353304163538,2.07630847120285,7.71239936421306,1.23564064505812,7.15608527954651,1.41495255937229,3.84214356603522,0.581089780625765,3.91472064468786,0.539923564740167
37.83293,-25.82395,"TRACHYTE [26167]",93.0832585663606,183.005965312347,18.4493170688784,61.8923976375152,9.86896916599659,2.09362054194558,7.25206069647061,1.15226437574703,6.76328932850555,1.3937447678874,3.87109897473506,0.580821397559248,3.65641675862266,0.530086322450724
37.83293,-25.82395,"TRACHYTE [26167]",127.957476737117,210.002902561414,25.186754883034,86.8681515065281,13.3003977628494,2.61679256302592,9.46677881267883,1.46792001585038,8.2367922155988,1.49333207197321,4.2653667817736,0.586929693195454,4.0728723854947,0.579570993244084
37.83293,-25.82395,"TRACHYTE [26167]",94.2783128718303,182.826131298171,19.3502922980405,62.9114504093684,10.2515884060784,2.21837602240813,7.45785101208798,1.16768814631428,6.7306294061168,1.40359659278047,3.99240528455347,0.555054572404878,3.704665969847,0.551941404778912
37.83293,-25.82395,"TRACHYTE [26167]",82.2418999726591,160.725067766701,16.1152426762935,53.2865362712592,8.59633393841593,1.83148057903821,6.37285033511201,0.9310498112742,5.78870190246478,1.15172631808882,3.23828426046326,0.480786847077171,3.31427712136092,0.448351718670536
37.83293,-25.82395,"TRACHYTE [26167]",79.5868807648416,154.646127533469,15.7312258102629,53.5570483074278,8.63758602065507,1.60841025902544,5.91379426626268,0.928241033589192,5.74751180296342,1.11456569956298,3.04109025079276,0.427640878551152,2.80352941443477,0.405704143683848
37.83293,-25.82395,"TRACHYTE [26167]",84.9226515041518,161.846218162238,16.6361648647327,57.2268581310709,8.72452231699046,1.72140593412139,7.01920658647412,1.11221903069149,6.10963075901724,1.1161371811026,3.41306331651304,0.456198083592874,3.18719050245942,0.462590434246523
37.83293,-25.82395,"TRACHYTE [26167]",101.676070169028,193.396809861239,20.1466155543719,65.8946848719246,10.4614916166413,2.10514692267143,8.58744501434076,1.14123800233028,7.52853206598065,1.52262657729183,4.18081889081757,0.58995974238055,4.01068784068328,0.590278061992899
37.83293,-25.82395,"TRACHYTE [26167]",113.065684940156,201.593003345089,22.7313902302875,79.0438417911244,13.5206786151388,2.31326517395256,9.08130053717677,1.32605592507427,7.36473567895744,1.44997283324163,3.54611066817567,0.539427736023062,3.31564300164422,0.468321358280437
37.83293,-25.82395,"TRACHYTE [26167]",95.7710547019657,228.251474276042,18.6357329303542,64.4692927871001,10.3281639447483,2.37624486717635,8.2861089001887,1.29108199002349,7.22487889150193,1.42468302168998,4.17205316388186,0.602374876443606,3.83485446888976,0.561459918533616
37.83293,-25.82395,"TRACHYTE [26167]",102.119312151613,192.13756295844,20.2745836662761,68.0147579714392,10.9014584231036,2.16765965192435,8.40095909752652,1.33464236106923,7.39150271825613,1.53191295013501,4.16198605313532,0.630661969222571,3.88019955693542,0.591747668335982
37.83293,-25.82395,"TRACHYTE [26167]",92.1553271970489,174.724538739063,18.2218526339897,62.598563686065,9.33335154658823,1.88127158518215,6.55409258807694,1.16533708726147,6.801934377351,1.31132458057072,3.80593911118596,0.489555411873938,3.7685145381533,0.537736371737152
37.83293,-25.82395,"TRACHYTE [26167]",91.2788258577129,166.936829702752,17.9424296119574,59.0073709588765,9.25602657325791,1.80774192010689,7.07473920370987,1.00516445103933,6.31357694993867,1.19182956397742,3.34516474160866,0.452648731270336,3.36096887889536,0.495970743161613
37.83293,-25.82395,"TRACHYTE [26167]",98.0844999443702,188.62821050048,19.3044162327488,66.3469332923585,10.9486936833482,2.10759215126776,7.9412447554504,1.23855650530121,7.30415163535353,1.37113462414702,3.86527688836382,0.598357396456344,3.7467461640932,0.518988382697744
37.83293,-25.82395,"TRACHYTE [26167]",96.8028730273234,182.243863527729,18.9880970253437,65.3481787806437,10.3372561106227,2.11197143409656,8.01259167892888,1.31162882715442,6.83154994796812,1.44081147740697,3.92201634394191,0.582241039813822,3.66599575311501,0.491543153106343
37.83293,-25.82395,"TRACHYTE [26167]",64.8037748336919,125.272929057623,12.8097219821877,44.3139187550782,7.33765036778726,1.2976624298444,5.64787807673451,0.801687015402377,5.15266258604949,0.905912872524098,2.67149311244303,0.356465613405864,2.30056463039101,0.333528012214162
37.83293,-25.82395,"TRACHYTE [26167]",99.0478898831837,185.626741023432,18.9355080221223,66.7161920051799,10.5644832238221,2.18843742829889,8.56059640159063,1.23388427738689,7.0692946073041,1.37535772084249,4.16992418857467,0.581504126793679,3.94214943618163,0.59756068799526
37.83293,-25.82395,"TRACHYTE [26167]",87.713750032829,165.165624269142,17.2259766283394,58.3910728259735,9.98494663523214,1.73464286620593,6.8969119906225,1.08874697559236,6.19875286018247,1.18848700910737,3.59327107406074,0.48020617624121,3.21522369922871,0.50282136390753
37.83293,-25.82395,"TRACHYTE [26167]",99.4686234351596,199.947965538423,18.897362616608,65.4584610546482,10.3329516980658,2.19705092890377,8.0145658616282,1.17912718912937,7.77082037211229,1.32557646167144,4.47049784379175,0.583377982073965,4.42234865250866,0.570343642978487
37.83293,-25.82395,"TRACHYTE [26167]",92.2441990247113,191.450863271962,18.0930184855639,59.7808111953174,10.0385421560179,1.76643576419538,7.54998237581395,1.27041362035623,6.77465140380466,1.34992658496257,4.10743493353865,0.48832762890195,3.44145456193568,0.524970086701314
37.83293,-25.82395,"TRACHYTE [26167]",75.1189897148924,144.512418707245,15.6135163998402,50.8549128184665,7.96843421117232,1.62593549181113,6.1092485153734,0.906905255056599,5.55468269277534,1.02955934247001,2.82998546246108,0.387082001400729,2.94402545627518,0.382608381951679
37.83293,-25.82395,"TRACHYTE [26167]",72.4359363830187,140.198736252507,14.4413518446058,50.0416782455251,7.20045629057981,1.51933829025065,5.84811672348737,0.852683635906658,4.73083010712474,0.873603584665394,2.38610151217319,0.341300690966202,2.129948117315,0.349156834551831
37.83293,-25.82395,"TRACHYTE [26167]",85.6077537854735,160.223121901408,16.7305334749647,56.6160817350424,9.42028732749805,1.82433278928621,6.74035531982466,1.05334847154149,6.11358038715957,1.14784427009309,3.09892770679793,0.515774484899528,3.04994980449825,0.467254293797916
37.83293,-25.82395,"TRACHYTE [26167]",106.35387126422,197.154736784392,20.7434042232364,71.8602188513551,11.157947954959,2.1092246151783,8.14137643962858,1.28989208000355,8.18141469904229,1.5019918352718,4.1060692788129,0.622671522096983,4.22108581016651,0.612063841363373
37.83293,-25.82395,"TRACHYTE [26167]",99.1634771583951,185.940023671385,19.4787937031258,64.5948943634185,10.7988808996046,1.98231075022797,8.30673708758849,1.2416266842933,7.04703737446921,1.48054957434346,3.99363577835038,0.562166929877388,3.82815287877337,0.556244086066808
37.83293,-25.82395,"TRACHYTE [26167]",107.275571643003,197.22898888453,20.8962210401101,69.3745738286803,11.7754027826328,2.30809469063237,8.03964761330485,1.26698563158208,7.5423095408741,1.47708682941563,4.01629501284633,0.625312942611184,4.01054139431205,0.601526373466252
37.83293,-25.82395,"TRACHYTE [26167]",96.3541157717249,179.032269141399,18.4226762955726,63.3642767940709,10.397125215511,1.89205992858031,7.81645108681486,1.13940234398036,7.00576834364764,1.27786051187015,3.73520773030094,0.530718002471034,3.58561746368638,0.540310899433641
37.83293,-25.82395,"TRACHYTE [26167]",135.215873838595,239.199937906428,22.3305296697521,69.092661664585,10.7287196794081,1.63378450954565,8.2399566577193,1.31333281928193,8.59975048260677,1.85767195827126,5.59605065921319,0.792813539413019,5.72736587253446,0.805404304043928
37.83293,-25.82395,"TRACHYTE [26167]",142.811819339807,252.400833362369,23.4187706713746,73.4446196274111,11.9101224956844,1.75842179832025,9.08751187533678,1.45619636724007,9.1772153825302,1.8891475384879,5.7495718057287,0.869140957799112,6.07247402619433,0.918279103413265
37.83293,-25.82395,"TRACHYTE [26167]",120.766965469283,211.414941807959,19.5400195652966,59.6948507543675,9.45542689884439,1.51431621324746,7.25446646565656,1.21186606661707,7.55664974570771,1.57408611976842,5.04764141142165,0.708493217771382,4.97917688868899,0.786540541449787
37.83293,-25.82395,"TRACHYTE [26167]",146.276890129037,248.866965178357,22.834046487432,70.3133657430458,10.1889031411827,1.38981609482453,8.5122754314863,1.25797637747978,8.29441350886417,1.79268289527627,5.56069301324174,0.778650274185058,5.8086416518739,0.8790662555571
37.83293,-25.82395,"TRACHYTE [26167]",138.948185130191,248.881284493799,22.960897912854,70.9574116924132,10.7815827070878,1.53383970756408,8.2617721615558,1.39268081889643,8.63307598263342,1.80453676362839,5.50881390408257,0.867350310732986,6.20544907171875,0.84737416490416
37.83293,-25.82395,"TRACHYTE [26167]",137.965053974675,243.356437013617,22.5864851226443,68.6555113583352,10.8897345218212,1.43892668400886,8.40067562188506,1.3684694224405,8.70153363055173,1.74704017979609,5.90997796580369,0.74923648955256,5.61235750213871,0.790880498031213
37.83293,-25.82395,"TRACHYTE [26167]",161.830080999349,294.633068788598,26.7146707698983,80.6870856930852,12.1692451347874,1.77108851627277,9.54425536002291,1.70377665292293,10.5326822400687,1.94439933255316,6.23603660335568,0.944571436039738,6.95903494574134,0.993713984626348
37.83293,-25.82395,"TRACHYTE [26167]",147.026731761498,265.777358727297,25.08915151528,81.8019036968717,14.0508947544707,2.75821924946871,11.9058806047299,1.96153466918218,12.4471147231195,2.51230663762817,7.51670856657446,1.11797139461969,8.2969132284732,1.18672433262984
37.83293,-25.82395,"TRACHYTE [26167]",156.884441084418,270.460807708864,25.6105581055829,78.7913598359802,12.2610466423344,1.7087641310007,10.3604745185116,1.60375248500873,9.74795990435826,1.97773734852909,6.3079939740507,0.872352367835957,6.17239594957264,0.962796568922932
37.83293,-25.82395,"TRACHYTE [26167]",161.318634582119,281.936305672965,26.1137331589947,79.6662204202774,11.8206531561944,1.65837611389423,9.35620279695251,1.73349570151233,10.0132816173083,2.05048642402503,6.80519348868687,0.82792166099515,6.97119552997173,0.981994727889846
37.83293,-25.82395,"TRACHYTE [26167]",142.698112392231,241.18156410546,23.1043543166304,72.9974700281664,11.5249007694834,1.36589888311118,8.15781357482242,1.32834456676252,8.18786017568772,1.98036024316262,5.38630929949646,0.814157737678175,5.98404953890057,0.855550608800181
37.83293,-25.82395,"TRACHYTE [26167]",105.952664099737,187.844894506489,16.6810312791132,49.7960481886612,7.83391423582447,1.01939351983495,5.61228097670771,0.988270285300028,6.39866261591439,1.34940484472793,3.89562049305345,0.5914613396243,4.01487000886528,0.643707695951662
37.83293,-25.82395,"TRACHYTE [26167]",168.280247008194,282.92578298471,26.5874795026679,82.0589200125747,12.9610060611856,1.76792739618884,9.69068948714322,1.64140295714395,10.4085236775435,2.19807243034899,6.72274386178784,1.00837685722774,6.86950086544073,1.09247727868792
37.83293,-25.82395,"TRACHYTE [26167]",162.254786342279,271.304250793368,26.4121507326446,82.0140934732349,13.2144867948063,1.75055801624482,9.48435400133045,1.50159987186046,9.90538224296502,2.04816245500078,6.02106816284715,0.96711677116448,6.84986343714797,1.03242104855855
37.83293,-25.82395,"TRACHYTE [26167]",133.818209804829,228.894564806049,21.7322566178425,67.33714314428,10.35953130643,1.46991875815303,7.5613471829843,1.34022331396336,7.93654080481461,1.57295203731896,4.7048541072927,0.753347610468211,5.43562832038937,0.754039226359605
37.83293,-25.82395,"TRACHYTE [26167]",146.154367977159,254.448686849546,24.0191562402835,73.245521313502,11.5159956074991,1.52150293436121,8.98858871590486,1.4461038026252,8.85459591504931,1.89827992949591,6.08199369206954,0.86072564321377,6.36642684178243,0.929412449800369
37.83293,-25.82395,"TRACHYTE [26167]",100.914719855008,190.965279001617,16.9621317538832,54.0446864846598,8.31070916529962,1.09868761761874,5.7640419723679,1.02539858852656,6.17363851518295,1.33309834461327,3.98888546554666,0.544471878610181,4.31996396349277,0.604670889027202
37.83293,-25.82395,"TRACHYTE [26167]",147.423489583792,258.138864364848,24.0883891382716,73.2479236865311,11.5521793421823,1.55276459083419,8.27236265586289,1.40904701116483,8.86872131086203,1.7792924513714,5.32720233573652,0.820625798325513,5.85757884926289,0.885718903787112
37.83293,-25.82395,"TRACHYTE [26167]",127.115890688763,218.37008419156,20.5536549506608,61.9623091299206,9.97497252070159,1.40773585567982,7.56790089935885,1.19688469777516,7.5898096848304,1.54246591602789,4.89876808143597,0.676745417053543,5.07333066718774,0.722756908322595
37.83293,-25.82395,"TRACHYTE [26167]",131.273099139184,223.936412933652,21.1474809596761,67.4692640774113,9.9415864817131,1.26402617688195,6.7483547306354,1.20713125500947,6.48316061015682,1.71300341041474,4.74379163363126,0.715258708550638,5.36702242659605,0.730289441647933
37.83293,-25.82395,"TRACHYTE [26167]",148.026838656592,252.496433374539,23.8717076559684,71.8974456662209,10.5345747247923,1.60800916294883,8.3600509306054,1.52509636260481,9.17829925566686,2.03215433595371,5.62229967145674,0.780200458134453,5.91817432701442,0.935815429141569
37.83293,-25.82395,"TRACHYTE [26167]",140.987601613753,256.737407677822,23.7734505801698,73.4870766704615,11.610627184887,1.54333177357411,8.5042427442285,1.36511555464431,8.90128988188606,1.69917680985533,5.57724168348246,0.778661102652185,5.44096292656419,0.801872602228823
37.83293,-25.82395,"TRACHYTE [26167]",117.14595887742,221.267202968094,19.6999027755169,62.5685645121214,8.82753791491293,1.2224449791886,7.47624373116764,1.05827165837774,6.87547227919345,1.51556145202271,4.57842464386532,0.613579461258297,4.35656940796616,0.807231934657086
37.83293,-25.82395,"TRACHYTE [26167]",139.6779875017,240.973088261275,22.5922664509158,69.8170584528898,11.3890280060716,1.40674838180247,8.22355030981717,1.39866667050714,8.60505619238502,1.75655427473206,5.66742507781676,0.731692041064949,5.66983460854989,0.847584592164043
37.83293,-25.82395,"TRACHYTE [26167]",126.556173650275,224.61921593605,20.918196660818,63.8517010724591,9.83405515875506,1.24938469674983,7.52440116006718,1.25996806479469,8.1077725709933,1.5748268896145,5.04536513458345,0.790189910426594,5.77883454155546,0.822332841078477
37.83293,-25.82395,"TRACHYTE [26167]",160.178020579979,271.528287857378,25.4859604359315,77.1851162004767,12.4942532609747,1.59422127866978,9.16215915861818,1.73326702559485,9.44268158178182,2.08203977237073,6.26838248563333,0.931587215438588,6.72103026408033,0.934951287814092
37.83293,-25.82395,"TRACHYTE [26167]",141.437392653911,257.010887878718,26.4577905036057,87.5919632503994,13.2882029250053,1.82957456783692,10.9258517229822,1.71850358516168,11.0009751679794,2.16228461666792,6.36557664629591,0.892376653449176,6.25834060815721,0.880410251510937
37.83293,-25.82395,"TRACHYTE [26167]",157.785747725444,296.031223351919,29.8302300939427,98.0148604287953,16.2381653421304,2.10149725050529,12.5484754968022,1.96108442690605,12.5186064333972,2.47097776206858,7.46277324635379,1.06208124800288,7.28737304109188,1.03566958191796
37.83293,-25.82395,"TRACHYTE [26167]",150.071947553846,271.692699452072,28.2206780723156,91.1257699960368,15.2663302964192,1.96788990293097,12.1590764171286,1.93723413131187,11.4818463213887,2.4458662550759,6.67283814128129,0.937123495910045,6.74945473153419,0.912977912494001
37.83293,-25.82395,"TRACHYTE [26167]",154.422315096987,281.249043287423,28.5690603359846,92.7356713666335,15.3299144258953,2.05367699712586,11.9240410086003,1.97133757523527,12.4947425351153,2.49670933716048,7.158625393838,0.979783534801843,6.94325717840385,0.979471510156232
37.83293,-25.82395,"TRACHYTE [26167]",105.720996041088,193.214158889743,20.7715315662571,65.5167078251597,10.3408137241898,1.26567402777899,7.97315430435337,1.23376126881182,7.92173182611644,1.63200217584346,4.71201551328436,0.667445007308708,4.58309044372346,0.672462410980044
37.83293,-25.82395,"TRACHYTE [26167]",158.478581225243,295.149688017968,29.5638325082839,96.1112619338173,16.3346946787779,2.07579735548177,12.0296904625007,1.98447633184694,11.6800240287024,2.39833459662165,6.90637706474607,1.06581360443701,7.04335440012113,1.00525907292765
37.83293,-25.82395,"TRACHYTE [26167]",128.722800903795,236.11239180159,23.749326405836,78.9571174394713,12.8750237376378,1.74880574504083,10.3896358157187,1.48555752600388,9.81018268630626,1.91988207599021,5.70296350336017,0.786708074321282,6.13881847460256,0.840260441023922
37.83293,-25.82395,"TRACHYTE [26167]",159.901678602466,292.490663039874,29.7668109775553,94.3787811495533,15.6761149137908,2.03554984468063,12.0687920036528,1.97264272631688,12.5753834301677,2.43193503442414,7.64150496660802,1.15177281143953,7.51102134609119,1.03901951882388
37.83293,-25.82395,"TRACHYTE [26167]",153.210837688019,283.664618618969,28.1678863683296,93.0779798477814,15.4752476616398,1.93575048217377,11.2956305549203,1.92941896131364,12.1913938586722,2.39192046969691,7.77137565316287,1.05960831979274,7.07983037009793,0.973824087904998
37.83293,-25.82395,"TRACHYTE [26167]",119.195305379439,225.180433885529,22.4324816310951,71.591584950634,11.7920645043349,1.74367408330581,9.04533401732488,1.50736052855472,9.01622286777011,1.86811822344574,5.27293265017411,0.756432523359792,5.3743545905932,0.772521009538817
37.83293,-25.82395,"TRACHYTE [26167]",118.330170891885,215.204246464664,22.468631640329,70.7742931570172,10.5593874776433,1.65973382715023,9.54558396649809,1.41337507816876,8.71686385709424,1.80530847526935,5.29294065338746,0.71522646965184,5.02654113224335,0.699528223347542
37.83293,-25.82395,"TRACHYTE [26167]",136.968279185947,254.082624114969,25.2650778869303,82.0217822700312,14.3397849895892,1.82305637963368,10.4500995215055,1.74202400236733,11.1139800201911,2.13212802016121,6.21081782864785,0.891770240551222,6.07244370902962,0.91337934535691
37.83293,-25.82395,"TRACHYTE [26167]",154.806723249055,293.158018001647,29.3564232033946,94.4530143300369,15.374526060726,2.04998675922902,11.7976573100494,1.92786541242443,11.9511947722333,2.40599947040601,7.37131019586538,1.08080132260249,7.30403852166363,1.01006380588403
37.83293,-25.82395,"TRACHYTE [26167]",141.371500622103,268.344132845391,26.8122323905478,85.4430802612565,13.8797172325111,1.98545027298635,10.6793795105128,1.73319766278804,10.978175386933,2.22472480508087,6.48372444846073,0.931430466057133,6.42402088091101,0.9227372331168
37.83293,-25.82395,"TRACHYTE [26167]",126.545226572154,238.911634004046,23.5858082480012,77.6353195079036,13.1618435713618,1.81033657601977,9.85556950262754,1.60440961065482,10.1102270571545,2.02274014185541,5.79662930740382,0.874014546806978,5.59245967014264,0.853820699084763
37.83293,-25.82395,"TRACHYTE [26167]",129.03478095245,247.486114227156,24.5676142435285,77.9886259025369,13.0886257527575,1.71004791992915,9.95456274919043,1.65420763089647,10.0552101497013,2.02910434155199,6.05883528040969,0.818832564439498,5.52780093882509,0.824349602288978
37.83293,-25.82395,"TRACHYTE [26167]",127.280683501209,241.117476644616,23.9732981633218,78.1536980971327,12.9485726206337,1.80380489413473,9.69349665072644,1.57277317848123,10.4164288546308,1.98762259386994,5.85596386913255,0.846951574166307,5.91554634706372,0.81881040022696
37.83293,-25.82395,"TRACHYTE [26167]",146.124240676307,270.819719132621,27.4804617317336,89.6675678036045,14.4681964951628,1.94718013803489,11.3521731091973,1.85128840899095,11.9899667092191,2.30348014243112,6.90581593654918,0.977725231123453,6.57318580526983,0.96203511086962
37.83293,-25.82395,"TRACHYTE [26167]",161.400173252084,298.563054731994,30.2859457731275,100.041276343496,17.0763013294936,2.1653857654162,12.6164298900569,2.04751297198034,13.1477279081891,2.57439897731828,7.7846992244423,1.09206393000741,7.1836526982496,1.07715325665477
37.83293,-25.82395,"TRACHYTE [26167]",169.50434267426,312.356262008601,31.4845975112866,103.060969716135,17.1956471465638,2.24866941488689,13.6615456718773,2.2075746592032,13.8170880337961,2.83223118688751,7.52416802166866,1.1845833459994,7.73573528581419,1.11419602149223
37.83293,-25.82395,"TRACHYTE [26167]",138.310530604268,255.895485033693,26.6609524170839,83.7855600014871,14.3815483726074,1.81751453423021,11.0198871594812,1.58803001857988,11.6816735841588,2.42849186256696,6.28545029619439,0.926415984977849,6.175607278763,0.969559996231941
37.83293,-25.82395,"TRACHYTE [26167]",158.968833408816,293.640437648523,30.1238216417764,97.0137754415481,15.8973665894359,2.03367899047015,12.6682920388997,2.01176738459612,12.5595255243617,2.38106769211329,7.50737985671954,1.06354482321402,7.22635940209836,1.03713791595483
37.83293,-25.82395,"TRACHYTE [26167]",166.882270914583,306.595562972754,30.9635836463122,102.610370826584,17.0284333373293,2.25011756028221,12.9061820950685,2.15521389727112,13.3660844069729,2.62443302968096,7.57611858397589,1.16894374139322,7.82851901854711,1.13337452965589
37.83293,-25.82395,"TRACHYTE [26167]",129.682590366653,250.527897564556,24.6559049043788,78.8730100019084,13.2700406896412,1.75719946519165,10.4291350287769,1.65143197628608,10.2352806459528,2.10525623331796,6.00919613670369,0.868238664253845,5.9868372672969,0.885057240714455
37.83293,-25.82395,"TRACHYTE [26167]",148.245225554644,277.561572470419,27.4745883680426,93.4923355737222,14.8984517009337,1.86281425277826,10.8871599812651,1.85449530369678,11.6957504774648,2.27936165374133,6.95026421709425,1.01353796545609,6.72168582369166,0.995767155119114
37.83293,-25.82395,"TRACHYTE [26167]",157.986269455161,284.509218360532,28.9915815818317,95.4345455534398,16.8287516213483,2.11302596006705,13.080803549875,2.07338686382501,12.8186901359898,2.51425699130899,6.9676135012851,1.15328700772908,7.50223111323942,1.12590762693517
37.83293,-25.82395,"TRACHYTE [26167]",143.191127045354,265.521737924587,26.873595585825,87.1038445829811,14.0740883003892,1.78679133432205,11.4411304979197,1.72846022770734,11.1596233277223,2.18290207338702,6.29506277924398,0.877116599916443,6.29414239766473,0.923932011085255
37.83293,-25.82395,"TRACHYTE [26167]",121.420455264309,245.088655829958,23.5180454944998,78.328742619367,11.7591519041646,1.68517604335126,9.51595940140006,1.67156209966855,9.39757524327413,1.87352121066087,5.68092123950037,0.812744836961233,5.35173538936064,0.781900510519534
37.83293,-25.82395,"TRACHYTE [26167]",148.068361739022,281.474028573583,28.2456327254173,90.119884217315,14.7572365559639,2.01398725130901,11.6476409009651,1.85605463438196,11.5516424403849,2.32204594744234,6.82171357692481,0.962099362583352,6.41969187757804,0.969041407665199
37.83293,-25.82395,"TRACHYTE [26167]",132.070241858829,252.702555342572,24.8044106943413,81.3025587444331,13.3865425398901,1.83113901167617,9.99123845464654,1.64504229632974,10.3578245425444,1.96578036326784,6.09918438228431,0.872979629900401,5.96337308856731,0.86646287933158
37.83293,-25.82395,"TRACHYTE [26167]",142.077094129386,271.336326584719,27.1402730765262,87.0634938585053,14.3778906305765,1.82653027163064,10.9420781348272,1.76118507681535,10.7960092939799,2.28091745780475,6.39550658667021,0.95104723745386,6.6714263790043,0.941267619222752
37.83293,-25.82395,"TRACHYTE [26167]",145.724631586525,274.803895498674,27.6060876467474,88.2378480987764,14.8109485117219,2.03777708832457,11.1265557823346,1.81300154033202,11.6573474716684,2.29780284247639,6.73748550955729,0.970217733855413,6.93466750399715,0.951726670343666
37.83293,-25.82395,"TRACHYTE [26167]",160.374705338038,293.690002670865,29.9408563512754,99.1849281848002,16.9752318661651,2.26815139614084,11.8363659867134,1.95278957140993,13.3252212452583,2.59604886456972,7.38669113241623,1.17184690444492,7.48981083847573,1.0039517480273
37.83293,-25.82395,"TRACHYTE [26167]",167.90724789093,312.652372216615,31.331995026981,101.957448857747,15.900914496331,2.3011185685904,12.9997674772569,2.08996346632527,13.5745875844068,2.75790376983774,7.92680530235716,1.06059069832013,7.33150275647789,1.15215591991315
37.83293,-25.82395,"TRACHYTE [26167]",152.868123942716,283.252624345648,28.3537908538804,92.70567402234,15.2475671849209,2.1287442636934,11.5749286769987,1.95854582032341,12.1384362477749,2.39338047480712,7.0820179906809,1.05078999511289,7.0363137281286,1.00525727043863
37.83293,-25.82395,"TRACHYTE [26167]",122.999919314945,240.649347829108,23.2369205952391,75.3648490929358,12.8701555430274,1.4859199921147,9.01087437468098,1.47145907097176,9.30983902759664,1.89229000229497,5.41977687617744,0.852885822195317,5.33451934543762,0.803606326705879
37.83293,-25.82395,"TRACHYTE [26167]",155.588205896329,279.859024500697,28.4803027562477,93.5681051436476,15.6359732962418,2.03079989679598,12.2220871821614,1.99178433194545,12.4230740737708,2.45629451193454,7.40498187794956,1.03688540015687,7.09338715767844,0.990357654293957
37.83293,-25.82395,"TRACHYTE [26167]",119.235000903715,226.08876211892,22.2923774395164,73.2564903270397,11.490728858552,1.55428044173189,8.80088759112955,1.46771299249952,8.89153979569513,1.68081775911311,5.28343538498424,0.751109347109852,5.23352361264704,0.725024063228984
37.83293,-25.82395,"TRACHYTE [26167]",128.035076456738,244.824772169994,24.2601370176367,77.7359963600571,12.8122760019848,1.82642542027479,9.42586199050444,1.53604566524026,9.54779483986635,1.92660248122839,5.62903080179408,0.847506368855657,5.59622245530598,0.821467823064938
37.83293,-25.82395,"TRACHYTE [26167]",113.622255687725,215.615562186949,21.3267809500889,68.0903158235431,9.81043218012976,1.20649972839918,7.64152429152355,1.40492303850899,7.89307784887596,1.73388514320346,4.93736998252734,0.682598152393235,4.16479243467456,0.749129878535071
37.83293,-25.82395,"TRACHYTE [26167]",124.166773427389,230.538238401249,22.814956179623,74.9354985000943,12.5318457501346,1.62995628415247,9.36033733336057,1.54794146824887,10.0443136913053,1.90006125985215,6.22182081617603,0.840736623218609,5.31502231248956,0.779646565164772
37.83293,-25.82395,"TRACHYTE [26167]",130.914193946728,245.899844746928,24.2195265141463,79.3301580062199,13.4293172248092,1.62870729679482,9.82354601170889,1.65281135678662,10.2724287931849,2.09442107964781,5.68422982993866,0.903474131164361,5.70655349651868,0.844691140093552
37.83293,-25.82395,"TRACHYTE [26167]",94.5408907687538,203.412454054962,18.3616113684853,55.2398593348541,9.11184200337738,1.24694208619625,6.80618295291126,1.25017829911026,6.2378313379888,1.38439985248637,3.84803536422562,0.621622428647751,4.0051210528707,0.441820444453724
37.83293,-25.82395,"TRACHYTE [26167]",146.814507359176,271.387013357003,26.9010109976977,88.1484535077086,14.4594484080451,1.96013994847992,11.1276051722823,1.80844362936247,11.3282715892443,2.23155585320096,6.29128287792728,0.940797735926856,6.55751032815922,0.920131605905607
37.83293,-25.82395,"TRACHYTE [26167]",123.553311216742,227.219820880044,23.0037027910027,74.7215872739098,12.0573904374046,1.5851192051377,8.76379865311161,1.58085264602353,8.83878094495786,1.79463514793425,5.75965533754227,0.72432292104431,5.19359738745814,0.797966973751823
37.83293,-25.82395,"TRACHYTE [26167]",158.514785563663,282.499941475008,28.6385774324036,97.084671759147,16.7154295961147,2.07250721108795,13.2091866294932,2.01104464904248,11.8299241104417,2.51406585064525,7.515228397163,1.05987221262114,7.53508069060503,1.02716556828207
37.83293,-25.82395,"TRACHYTE [26167]",156.87583769244,285.389621266147,29.456123182342,95.1540561362734,17.0842992089044,2.08974312189608,12.7830902434634,2.08095580284684,13.0583527413437,2.49580685486325,7.17849607524669,1.04245777237092,7.1969875538129,1.06732213540683
37.83293,-25.82395,"TRACHYTE [26167]",138.432983095482,270.672224921033,26.3223360831474,83.9211142332312,14.3541716923236,1.78658786505682,10.6213592792622,1.67769551103407,10.1596501989912,2.08527620708973,6.08384867211656,0.839001675401715,6.02465739736398,0.894905310998704
37.83293,-25.82395,"TRACHYTE [26167]",144.717909022735,265.186454257595,27.6084611492747,89.185695633042,15.7646597684087,1.91142040150908,11.0164585411574,1.72190095619434,12.3533734972571,2.27423159141251,6.01008424135787,1.03408198477169,6.51233616897456,0.97014796181327
37.83293,-25.82395,"TRACHYTE [26167]",145.608879056697,267.821743592355,27.1031034851765,88.2804903770757,14.7054440510527,1.90344388026339,11.1157128775455,1.85755962085949,11.2129184825113,2.27670494202928,7.09684232287385,0.95442626298013,6.57517738859754,0.963396336652756
37.83293,-25.82395,"TRACHYTE [26167]",134.320549758993,238.041842352456,23.9838551147493,78.4990481126703,13.262389199873,1.77149369720233,9.62916278758977,1.69590070116754,10.0660951230474,2.07885283007215,5.72806344249311,0.85382422945379,5.46367381833687,0.80780212464054
37.83293,-25.82395,"TRACHYTE [26167]",140.952091714505,268.709166897117,26.7221898038976,85.790964569213,14.5616603830226,1.87203659245912,10.8117102893564,1.77834090592958,11.1190241601921,2.23581793716764,6.23329788272797,0.918247345916293,6.48577326129032,0.915129338862961
37.83293,-25.82395,"TRACHYTE [26167]",121.018806111759,230.07687923866,24.2759137247034,83.8638183018764,13.4145244269269,2.04155103596838,10.8080599694067,1.68375345590305,9.76551937292235,1.92870911191546,5.62556479682171,0.760118835011498,5.25877703910896,0.739147123465322
37.83293,-25.82395,"TRACHYTE [26167]",108.543118746904,207.786563594997,21.7243739017035,75.1403606707178,12.8676762602795,2.15770397404609,9.53229597134213,1.5367109463265,9.2259036736007,1.79301530863276,5.03223525101398,0.722098943810752,4.78540004354135,0.666726302942203
37.83293,-25.82395,"TRACHYTE [26167]",125.013357057715,241.072869682108,26.8145538444931,84.3903829855598,15.0058218761526,2.38689306468065,11.2631235276946,1.74724069482285,10.077501428597,2.09210798011342,5.81606404485778,0.8738451421024,5.49743597528775,0.783415578397382
37.83293,-25.82395,"TRACHYTE [26167]",126.190106045524,244.763575487149,25.6256065146937,87.221218300964,15.0675009337864,2.33545532648777,11.4662244224492,1.8026044157161,10.5392489612485,2.04616679141945,5.83847907482919,0.86800766055058,5.66565578173458,0.79467751562235
37.83293,-25.82395,"TRACHYTE [26167]",130.99810883438,247.921649449234,26.2490116942009,89.6659236437633,15.3487404037492,2.38545399857788,11.529619415566,1.82112947509991,10.8998103631187,2.20418351233658,5.98877753931776,0.862482983030076,5.35987658704724,0.833336255489183
37.83293,-25.82395,"TRACHYTE [26167]",107.743482809252,206.540014179712,21.6560402141101,74.1949793063295,12.3514414792397,2.2267322381457,9.71323782123519,1.49600275399669,9.40976692998464,1.76733263704898,5.02055978630735,0.734382823533771,4.8532369926982,0.68493560954659
37.83293,-25.82395,"TRACHYTE [26167]",120.608643184859,234.617286619822,24.4798453041554,82.8763722429543,14.3323720078508,2.28114724934313,10.6909115073069,1.71836216718246,10.1000648228931,1.94778518244395,5.66700248734256,0.793699557108427,5.34281411836108,0.76729961535981
37.83293,-25.82395,"TRACHYTE [26167]",109.842659939536,222.076863647825,22.4548766240585,76.1608369921289,13.1135534999639,2.03903197164977,9.6945113057456,1.52181521579869,8.92257078143819,1.74321569843132,4.81167877270549,0.687980030797583,4.76362689865528,0.683981930889281
37.83293,-25.82395,"TRACHYTE [26167]",121.097255117559,235.891013944369,25.0470804440005,86.9061604374151,14.3430482715589,2.28845592959841,11.1131674357707,1.70809150768908,10.3526354413918,1.87433432557354,5.4691750940558,0.845695170697644,5.26470929705299,0.72981638040263
37.83293,-25.82395,"TRACHYTE [26167]",145.329845156147,277.326341622444,29.8075170203323,103.316606355735,17.0642359229322,2.85703328628275,13.8728625349255,2.51416291574323,12.5149891163985,2.60831081720099,7.00050525550843,0.951911989899566,6.16650718497598,0.802223267680362
37.83293,-25.82395,"TRACHYTE [26167]",132.556766142917,252.537267756595,26.7303558290726,91.7604528057807,15.2687595117227,2.33879022288374,11.0719723693958,1.80027551693571,10.9114703035253,2.11210288801904,6.17329162792767,0.852632589310142,5.54637989413632,0.822452977453401
37.83293,-25.82395,"TRACHYTE [26167]",119.869564920271,230.165019969738,24.6350885758865,82.9973249096017,14.4595158728796,2.22752802088136,9.82048717644616,1.76175694824794,10.2711530027502,1.8745351687888,5.21311639319407,0.735206288624703,4.8195765632492,0.718929195663859
37.83293,-25.82395,"TRACHYTE [26167]",112.305603862393,213.451361628134,22.8831681823708,77.3167110757813,12.7304795045799,2.0000381491832,10.1378031104222,1.54483618077002,9.25246028460383,1.79120705396286,5.42774645437243,0.748024885624721,4.64664513542466,0.690912699203758
37.83293,-25.82395,"TRACHYTE [26167]",98.0504262827742,186.386377601751,19.7988164144409,66.5983718733488,11.2381605764019,2.18557908983201,8.81589929655346,1.40075860930579,7.79183561515511,1.48372078222672,4.434663717632,0.629340882193691,4.07809059961803,0.604770485437664
37.83293,-25.82395,"TRACHYTE [26167]",116.043344200843,213.955928040743,22.6142889478203,78.0243745917387,13.2629373987281,1.89552087351593,10.0760421373263,1.57433790760028,9.70620956200135,1.86272103498255,4.89360008344017,0.712247117568723,5.00861893998024,0.690674481631117
37.83293,-25.82395,"TRACHYTE [26167]",104.344843650604,197.08047211712,20.7261326111038,72.4409515408144,11.6492298145858,1.8204149128617,9.09254802322557,1.40139426751592,8.31260612886166,1.65466949046603,4.54582657013834,0.66758798121239,4.42639128119033,0.630480382980108
37.83293,-25.82395,"TRACHYTE [26167]",79.0852737559423,154.51789590988,16.0686832591721,55.6264510816715,8.8062850668626,1.24317993765821,6.78812547022522,1.02946917010907,6.34186568939117,1.30726716138574,3.41391200907471,0.506925718311122,3.04586735682317,0.467656514081308
37.83293,-25.82395,"TRACHYTE [26167]",120.453262178465,227.129358097669,23.852181178334,81.4006578803129,14.1934150031194,2.15388897292061,10.9142877921532,1.67846642651614,9.94447220546602,1.97327834280568,5.62943756527391,0.779732200450111,5.35622215745799,0.758036272789382
37.83293,-25.82395,"TRACHYTE [26167]",129.768614302081,245.028058590725,26.2667585175071,90.5564217884661,15.4497019140331,2.33353062148329,11.7308041584101,1.78070784404673,10.808448043853,2.08166336954231,6.20138849457116,0.826164225515929,5.59242074873458,0.812239278641427
37.83293,-25.82395,"TRACHYTE [26167]",110.237712605103,209.964909606879,21.9821714544001,75.7337840049734,12.6460303576353,2.12288661725252,9.88094560729046,1.5234104616512,8.89420588367535,1.77693904989233,5.08199033907637,0.695747102443465,4.90967688274809,0.697235754739122
37.83293,-25.82395,"TRACHYTE [26167]",124.511966902007,243.687232987097,25.3336576459281,86.7265812236754,14.8483412111939,2.23516244239867,11.1260785023512,1.81052735686734,10.5999936201436,2.03023514385747,5.59030117407879,0.792993890867647,5.61123603538295,0.767732496804384
37.83293,-25.82395,"TRACHYTE [26167]",115.990636903106,220.010299006781,23.763503512206,80.3185547935003,13.7684954513333,2.09905965617245,9.7354988371391,1.69198484835731,9.38804811328487,1.86975736891687,5.15110129182243,0.723839648309468,4.96090492467397,0.705654405811983
37.83293,-25.82395,"TRACHYTE [26167]",146.584133667871,275.708747566357,28.8266043340515,101.294196465975,16.9237259765992,2.70745743590528,13.0449097287435,1.95280094749524,12.6320578433557,2.36343263094136,7.00962515350381,0.964077384699063,6.52409389603679,0.902599168394152
37.83293,-25.82395,"TRACHYTE [26167]",131.173256303949,248.575101212956,26.1555442288727,90.4377507342658,15.1884317602004,2.44598396790837,11.8712840487863,1.76652024517589,10.6424821859643,2.14997801041641,6.00914604025938,0.796412677210583,5.69374511096756,0.799138583921066
37.83293,-25.82395,"TRACHYTE [26167]",138.940282395876,260.108200766726,27.712053674141,95.0798422437114,15.9309303615492,2.30514608710759,12.4981356868279,1.92785312515358,11.8383420659759,2.33811443728075,6.42159482611708,0.950079812790099,5.78051530199104,0.875955158225424
37.83293,-25.82395,"TRACHYTE [26167]",105.743292986176,200.415790028496,21.0509676102803,72.9682899851291,11.9126037460787,2.06406552372487,9.0964787603684,1.4075304186678,8.34430302240637,1.6346271257084,4.55726685879057,0.69647617266117,4.58471447713521,0.665562462932404
37.83293,-25.82395,"TRACHYTE [26167]",144.635531652997,272.615866322715,30.5668909673701,99.7260995214204,17.0411865843856,2.18879346040836,12.5515328828904,1.97763126173006,12.1054356398552,2.33616035541419,5.79758671667541,0.930476231854535,5.01576176701134,0.730548136652998
37.83293,-25.82395,"TRACHYTE [26167]",137.509688698551,246.579762497854,26.7406690615402,88.9177632028169,15.0321928647486,1.86184242339282,11.7609296125399,1.8266162808565,10.9283934082668,2.0523405940252,6.04667428048377,0.976343766612712,5.99896477182522,0.771549997281472
37.83293,-25.82395,"TRACHYTE [26167]",127.338855892878,239.651671919864,25.2574077329549,87.2771841696191,14.0106942904899,1.94834045349895,10.7278561329466,1.68959324733688,10.4026791552916,1.946427933202,5.03962407124032,0.797357674234934,5.21644384153921,0.703051554004722
37.83293,-25.82395,"TRACHYTE [26167]",138.865386265622,263.899715745353,28.1417663966577,95.2847424502038,15.9945820022536,2.3787748742834,13.171262005567,1.8489986107663,12.3122867528377,2.44118691123012,6.79486547330557,0.883717329489227,6.83435425055901,0.880440616188084
37.83293,-25.82395,"TRACHYTE [26167]",142.996690706588,271.352288054399,28.805418349389,99.7411645599839,16.7997887017609,2.52830996764968,12.7082755187042,2.06082947744083,12.1836128307396,2.53272273243266,6.61929734371066,0.949241538234178,6.46310779970916,0.909359099290275
37.83293,-25.82395,"TRACHYTE [26167]",105.144147634555,198.372360328754,21.1532063315712,72.2793140418065,12.619033060479,1.9508769470612,9.59968859762661,1.50276380335774,8.9819026587101,1.69116421677913,4.57535528787637,0.663235909493749,4.31426032706061,0.67763267270627
37.83293,-25.82395,"TRACHYTE [26167]",132.335527491998,246.586034734522,27.0362450410959,91.6805473995658,15.0433894739641,2.4384912722494,11.5909257143101,1.9270101405974,11.3087352194981,2.06123156413477,5.94313653364881,0.931407959899732,5.64208213600386,0.821600787929176
37.83293,-25.82395,"TRACHYTE [26167]",107.634144087866,214.236187135058,21.0788755500516,76.0632996149905,12.4694382134281,2.31580892859689,9.27090908942954,1.36649817345278,8.73164996773987,1.70498509842096,5.09724879314512,0.664120948440631,4.22626195704573,0.775788407800975
37.83293,-25.82395,"TRACHYTE [26167]",120.178982074531,228.299078699376,24.2094722304412,83.615561710248,13.5564883396948,2.07489025712694,10.8956140808673,1.66365091204791,10.4114257190176,1.91572100429674,5.57586200835692,0.7494189570643,5.01851636586196,0.797718364748943
37.83293,-25.82395,"TRACHYTE [26167]",140.256891645836,267.693391705913,28.4672797058584,94.942275485943,16.4323103768756,2.15871197297326,11.9069084289949,1.71232021190683,11.7930577730289,2.44586043176146,5.59771150841578,0.865727297121313,6.0983445850514,0.96668525844495
37.83293,-25.82395,"TRACHYTE [26167]",126.230800859642,241.009739715402,25.090555923062,87.5938424985894,14.84218816596,2.06902871511183,10.8029989270703,1.66375838483008,9.13080340996387,2.02564998907757,5.41963708384217,0.69163364336319,4.77761834285976,0.727525609362772
37.83293,-25.82395,"TRACHYTE [26167]",137.574238832845,261.975561994589,27.5228117175153,94.5752182035214,15.8794599329576,2.23677363980908,11.6595668468447,1.89353159396763,11.556834525993,2.23614362687231,5.92168575751369,0.932308466123826,6.26379493269952,0.827230806730501
37.83293,-25.82395,"TRACHYTE [26167]",121.150106261682,231.057718359064,24.6212619509222,82.8623073175763,13.9367908439745,2.13118622107779,10.4222788877676,1.52209117029497,9.81779067122418,1.99548741437594,5.56943617484995,0.743268939124686,5.55976124596799,0.773304632466359
37.83293,-25.82395,"TRACHYTE [26167]",138.735163334751,260.935011591328,27.8896937155485,95.988905776438,16.4660109298497,2.48167187254326,11.5992167279166,1.98185527644174,11.5168414703465,2.22572526661054,6.34099169260568,0.944558727932223,6.07427691639553,0.8056770166183
37.83293,-25.82395,"TRACHYTE [26167]",108.202281744746,209.771305454694,21.754016803755,75.471322033528,12.8214282126627,2.29552055255991,9.60354421367241,1.52625213947068,8.6845109937616,1.78769313470672,4.43069795329109,0.68737518523281,4.87822156444349,0.704681771454565
37.83293,-25.82395,"TRACHYTE [26167]",130.230456245861,245.322785118378,25.7704699302245,88.69566507045,15.3035678097787,2.45798657005002,11.4288919183248,1.71913559949975,10.55081699095,2.20563998057325,6.11689565144091,0.849314596647215,5.77917312242462,0.809086707475143
37.8361,-25.76265,"TRACHYTE [26167]",121.24229940444,228.464911997339,24.1526554633305,85.2835417218964,13.9083553077506,1.85279478867334,10.8862663913143,1.67684400584984,10.0175755704113,1.94723667644955,5.56152908594552,0.766754270214974,5.15550688901855,0.73386819700714
37.8361,-25.76265,"TRACHYTE [26167]",131.585535135334,243.519432278665,26.6442712553819,90.968273309032,15.385556655663,2.06037386236112,11.9050658106839,1.91494135401976,10.7690174034678,2.04312825010671,6.53877674471565,0.924311359328334,6.13639688965508,0.832508624101638
37.8361,-25.76265,"TRACHYTE [26167]",122.791547140643,229.84087832496,24.8634475945875,84.0008590836678,15.3549181728548,1.85398551416227,10.8096287781505,1.71114480877534,10.0093351199148,1.94205685827512,5.49453941464342,0.806668267549078,5.3949237214567,0.773014236264838
37.8361,-25.76265,"TRACHYTE [26167]",123.698963414552,227.880774739777,25.0962955153758,86.5214609386724,14.9953076777261,1.80992871387484,10.8691234354972,1.79352184092347,10.7656384239439,2.08400742390691,5.64098966781479,0.813683536870761,5.56373475904937,0.804594559214377
37.8361,-25.76265,"TRACHYTE [26167]",135.945813109514,256.587330130245,27.1343299688907,92.9612349768701,16.0840138472427,2.3738458453842,12.2966632056275,1.92914658341924,11.6567144310221,2.27465069516956,6.37378981581388,0.897870986407675,5.91757953183343,0.88816424708782
37.8361,-25.76265,"TRACHYTE [26167]",108.33017599053,200.417472178652,21.5965929336882,72.8580977077733,12.4813786580732,1.55485677040356,9.50108009701674,1.45324044822163,8.62520474497375,1.75966940388381,4.9397485736805,0.747230211586408,4.6637879523143,0.684387259789195
37.8361,-25.76265,"TRACHYTE [26167]",113.114863700293,212.619624369131,23.0995835354462,78.3711989068152,13.6270680698047,1.94520109137848,9.80846753807432,1.58121344110014,9.17677402577321,1.75904448261767,5.09220621756301,0.709804994398652,4.84751585580009,0.674156777916845
37.8361,-25.76265,"TRACHYTE [26167]",105.127665562774,206.591958597739,21.5404460322279,72.1048720656479,12.1603022171435,1.30964246693172,9.11254697356724,1.39780396019778,8.23223592400609,1.72099042919846,4.77625756206148,0.693292982359074,4.46927161513798,0.632532543772861
37.8361,-25.76265,"TRACHYTE [26167]",120.376667495602,218.671784770252,23.7644700706095,81.8028519746291,13.7347227440551,1.92246080197444,10.7155262378978,1.67263567065266,9.86545600792052,1.91983955912441,5.66376828070394,0.781677916370827,5.26752646640427,0.68095106746338
37.8361,-25.76265,"TRACHYTE [26167]",139.484805872243,255.365386292094,27.6523396748297,97.00824418995,17.3059094910633,2.0342375682633,12.7578807751571,2.03677248356002,11.7472356469352,2.40829895973878,6.403501271323,0.984259675884438,6.47238519269467,0.859558427118876
37.8361,-25.76265,"TRACHYTE [26167]",125.115729795796,226.393689867503,25.1466718328282,86.9233598872814,14.9768598790693,1.9298496526488,11.0129346766243,1.84141644385228,10.997469226674,2.10655252114514,5.90364776871028,0.863083287907614,5.72062827081745,0.732861394225467
37.8361,-25.76265,"TRACHYTE [26167]",139.73641972758,369.345422893804,28.0654805683304,97.7420035495082,15.7478500096352,2.17969039376152,12.9534013920733,2.0383093810737,11.3518512931908,2.38813304879114,6.27587428348766,0.850089470768402,5.82194171678628,0.859956928413177
37.8361,-25.76265,"TRACHYTE [26167]",128.582251578732,245.877115981819,25.9492220493871,89.2386222759532,15.1724306175608,2.2002405988874,11.455017259425,1.84803222578483,10.3836494041021,2.15291833719088,6.22695558561949,0.837297551234246,5.71726451939189,0.814632826969518
37.8361,-25.76265,"TRACHYTE [26167]",123.613390879903,226.914765227162,26.3036170601683,85.5077610873553,15.026138877291,1.72981628756975,10.7330482911303,1.82616892106882,10.1711816951483,2.15314387808862,5.95582456834934,0.804894408622825,5.20093032739069,0.808825714136233
37.8361,-25.76265,"TRACHYTE [26167]",121.928153207459,223.620555371821,24.8974379758543,84.5129180157831,14.2624643749131,1.82837992553134,10.5498491953772,1.69801793241384,10.4396877421136,1.93685862354055,5.28594681302747,0.741574540215354,5.30627609095773,0.766689710918507
37.8361,-25.76265,"TRACHYTE [26167]",103.988387286117,198.063707444216,21.0566140925588,72.1706382021021,11.5133235674305,1.53734132492516,8.82780077053828,1.39266690992601,8.24229335387134,1.64760014231213,4.99683347818674,0.690696728334768,4.29851425394848,0.620699979150781
37.8361,-25.76265,"TRACHYTE [26167]",120.818234375203,239.065205395255,24.6137743562448,82.5575241345542,14.0771938266189,2.3047350840398,10.6436026099431,1.74997581278907,10.0734577027319,1.95469853812447,5.55712742897676,0.818517603301537,5.43457107217027,0.759896628925121
37.8361,-25.76265,"TRACHYTE [26167]",122.842333646479,234.513403979348,24.6014229093386,83.1105320005158,14.1213101237151,1.95487985317849,10.0600679696714,1.64609039035304,9.87346000076952,1.92805082056114,5.32558935391435,0.77468006493841,5.53914039764828,0.712287814204735
37.8361,-25.76265,"TRACHYTE [26167]",132.110432765951,246.0064040808,26.469080680536,89.1807835696146,15.2372411785435,2.15399153750204,11.9109218098158,1.82667866047522,10.0945851715435,2.15214933711095,5.61737144239326,0.84695280481607,5.85406923355155,0.737372474979792
37.8361,-25.76265,"TRACHYTE [26167]",116.773388325193,213.913995852958,23.7937807334818,80.6138684306798,12.9120446234154,1.8092007941912,10.0908295995899,1.53122129850884,8.55788393272654,1.75630961011761,4.93855778518943,0.683553053655434,5.05400153484068,0.692354773092814
37.8361,-25.76265,"TRACHYTE [26167]",125.343684248076,221.148380709171,24.8851351286926,83.6287648102159,14.0937187826499,1.94539584141709,10.4007356264389,1.66337990196813,9.77803325253666,1.90206010162317,5.1428629480225,0.75295056655393,5.47389707402707,0.727777068106675
37.84821,-25.75768,"TRACHYTE [26167]",138.163924304473,265.908243446235,27.8336015575004,91.9373314230521,15.7373065859358,2.29895230985942,11.5918623530777,1.80452221712558,11.2452072719975,2.22852166934787,6.51992397801536,0.909020325031889,6.10644655322011,0.898959549818964
37.84821,-25.75768,"TRACHYTE [26167]",139.494676409996,268.770279128766,27.9586613068806,92.3972547267082,15.2834631793542,2.25934002961275,11.8807020748586,1.8851105005735,11.3650383842592,2.28454546209735,6.19074777907274,0.897926084767169,6.41884128085998,0.895797403300925
37.84821,-25.75768,"TRACHYTE [26167]",140.462547932681,263.375706699866,27.2766691727893,92.5129796918063,16.4033290763474,2.35214521377725,11.6733872092321,1.85081787099002,11.0302024650285,2.10616861726715,6.5944080868704,0.911699640895496,6.35983506564014,0.907678882804081
37.84821,-25.75768,"TRACHYTE [26167]",129.094637432548,230.905446023386,24.7100040789727,84.305427567604,13.4591481944413,1.892336830047,10.4522095813638,1.5910937671566,9.45757751786759,1.91543725253035,5.41121160787168,0.763895791464573,5.60983111381205,0.786652427382597
37.84821,-25.75768,"TRACHYTE [26167]",135.023939694939,256.642478161662,27.1740377949302,89.6481929139934,15.2678571528302,2.19824605243741,10.5128527203532,1.66951683212057,10.5027118431118,2.00153843062578,5.67090222749579,0.755190704411811,6.22184947959617,0.853459185061339
37.84821,-25.75768,"TRACHYTE [26167]",137.459793642773,248.068966126911,26.0064233608367,90.585450571114,14.6997246398894,2.16507622975083,10.8545816449433,1.83276021951765,10.5525880858636,2.05937761285838,6.11244807302362,0.766766660703355,6.02591256396087,0.947262472388779
37.84821,-25.75768,"TRACHYTE [26167]",136.79168634974,251.412647700357,26.5707169824286,87.6132121725388,14.124188788611,1.93842363758031,11.0584461503807,1.67238585032148,10.1165756923065,2.17425300165924,5.77358111995451,0.807655227602229,5.81322849469038,0.837996523392048
37.84821,-25.75768,"TRACHYTE [26167]",117.038152196458,230.375686768205,23.3130948991947,77.9488597865146,13.1313728877986,2.09959072886697,9.48530392957061,1.53632751617144,9.41210088160085,1.81470022932464,5.10361947715793,0.721824280928574,5.06155647499383,0.737313292972693
37.84821,-25.75768,"TRACHYTE [26167]",146.713985297486,284.963298700581,29.1330228495987,97.4400630436939,16.2526583883947,2.4096138382218,12.2337755425631,1.96940177585303,11.519005096526,2.32580725841899,6.69893023861956,0.943114738077108,6.82120736585376,0.977364813688679
37.84821,-25.75768,"TRACHYTE [26167]",140.44400374826,267.894978025914,27.7153046059047,92.983340599809,16.0167623903648,2.3390462592308,12.0733577953489,1.9440335996905,11.595987723947,2.20107746394269,6.33394650363164,0.916823131741482,6.03047412306122,0.901465639000901
37.84821,-25.75768,"TRACHYTE [26167]",148.739146031419,284.896129746594,29.4307230694195,99.3659046723227,16.4256392492304,2.41023341416708,12.4432726247898,1.96423682766713,11.9678478658749,2.30273789846331,6.92677962464803,0.982720466865642,6.71251935759243,0.96967699198919
37.84821,-25.75768,"TRACHYTE [26167]",136.673917604492,256.38245145551,26.4938016863893,90.3313167177033,15.0773728970728,2.19600070144867,11.3152705111658,1.80286400053925,10.5914018874268,2.12674226245867,6.0538042045765,0.91734003534855,5.8640453592857,0.876464408506899
37.84821,-25.75768,"TRACHYTE [26167]",153.313544527015,280.49482559777,29.8924202569132,100.964934188457,16.9383654074094,2.48830404921676,12.9891739992088,2.10320638481276,12.3722006002979,2.46884111477861,7.17139722884274,0.99383192427208,6.96765277357289,0.975130284823436
37.84821,-25.75768,"TRACHYTE [26167]",123.252663646513,232.785240189769,24.4128013874971,87.282311474806,13.6862399210315,1.96918780885443,10.4357017167985,1.6745854266902,9.87129648722617,1.96601902032473,5.50222180409179,0.771435644384774,5.29233930670156,0.762431340806553
37.84821,-25.75768,"TRACHYTE [26167]",137.534351756601,260.145823505491,27.0465017667385,91.4385767372343,15.245579369621,2.4280552651132,11.9384999660449,1.9503689474378,11.4756693933325,2.2274302960294,6.20952323819304,0.901642222132593,6.3703847754425,0.865668334111407
37.84821,-25.75768,"TRACHYTE [26167]",152.501000974066,287.461401049793,30.2990167127206,103.158644595795,16.2755058052371,2.48015505992801,12.9448255467033,2.08366237768802,11.9493128946982,2.50412663846419,6.63360228988945,1.01717380721872,6.80899380850955,0.910872250043406
37.8361,-25.76265,"TRACHYTE [26167]",131.482135450029,247.117702227846,25.7178888271809,87.7196780109658,14.6098287936308,2.12415465831882,11.5580140419195,1.77547127651095,10.7181530112411,2.19636709586047,5.7827296921614,0.818610170487546,5.83069238215567,0.788296170471359
37.8361,-25.76265,"TRACHYTE [26167]",118.130404191418,225.882452491929,23.618808473364,81.8637641225429,13.962822850554,2.34606656077774,10.7119685077879,1.60399574814526,9.23871304964011,1.87570924705225,5.52214441911714,0.831229493508888,4.88387246966224,0.737876015495124
37.8361,-25.76265,"TRACHYTE [26167]",148.151789154501,276.040915682322,28.3702298481224,96.8012237244806,16.2009242905597,2.38265993760497,12.5112345297933,2.02717912859321,12.085019109203,2.37747610941913,6.63092477160706,0.992311820065629,6.45649565703893,0.90906499044554
37.8361,-25.76265,"TRACHYTE [26167]",140.207013168425,280.033611499817,27.9323880868076,94.2281205200466,15.7658787811277,2.24519664940935,11.5890930913819,1.92408846100791,11.6526035118258,2.22928290340139,6.63926723294209,0.930154587773265,5.9965181980081,0.895001258460596
37.8361,-25.76265,"TRACHYTE [26167]",140.960778536112,265.345592363597,27.9010721910423,94.0609931807341,15.6843440025248,2.24044579794391,11.5028983946406,1.85773096305219,12.0063190401757,2.3520174597997,6.57447847082193,0.917218755191521,6.43552581506269,0.897660235953562
37.8361,-25.76265,"TRACHYTE [26167]",109.057245655876,204.612802550617,20.8405458205274,71.939247969289,12.0204258097713,1.76836638985651,9.80388340689206,1.4782643161686,8.80592241193568,1.73522930148847,4.67366619581786,0.744467131876131,4.71230756063313,0.653167636394733
37.8361,-25.76265,"TRACHYTE [26167]",133.066826970294,253.785707303126,25.8282996067233,87.3064875272052,14.9414718396445,2.11219328504408,10.7674409632197,1.72085467033521,10.5651988973241,2.11623109505705,5.9348267944689,0.832135811101736,5.95129724058717,0.784753700275979
37.8361,-25.76265,"TRACHYTE [26167]",139.055424244184,264.413998081224,27.0930311724822,92.5517592308772,15.6164004717408,2.3106675590856,11.2845028976023,1.83801293531261,11.9866029786309,2.15320744240801,6.40725348091548,0.845372743643247,6.12347893892234,0.902048583117635
37.8361,-25.76265,"TRACHYTE [26167]",128.926644390193,236.288718634956,25.0260487715464,84.1605309998608,13.2861254517418,1.74587383367193,10.5374918980686,1.72637006298167,10.2541829893928,1.94761305003866,5.80453425823531,0.801909972858571,5.29400010099743,0.82124454479646
37.8361,-25.76265,"TRACHYTE [26167]",103.909225230692,195.285810421919,20.2924453493258,67.7721211458573,11.7265286295661,1.6332507748344,8.60648395034704,1.45719420538337,8.45879504675359,1.62345121437389,4.61049846454066,0.614866432024058,4.44705938221449,0.614799289034264
37.8361,-25.76265,"TRACHYTE [26167]",147.367825508208,274.858745977727,28.9613707220698,98.7580634733613,16.5027256281413,2.29653376720674,12.390716806589,1.96552870465388,11.7668399473868,2.40242031529081,6.66439002267004,0.939980374638714,6.27601457066174,0.887131135964367
37.8361,-25.76265,"TRACHYTE [26167]",154.939183549908,292.603995377464,30.4587564843595,102.586299918021,17.6157248844953,2.54525483050823,13.4137415225347,2.05996673002628,13.0126056652687,2.5552349110666,6.99083158139422,0.988828866895929,7.19234208165966,0.946425989823316
37.8361,-25.76265,"TRACHYTE [26167]",138.875846662392,266.402398019566,27.5043042454331,91.5461958361739,15.6328815518144,2.04544866333094,11.570283065183,1.75553551283439,11.3313501519487,2.20023696473146,6.08068907038566,0.924742908976506,5.95452908897679,0.874309477705743
37.8361,-25.76265,"TRACHYTE [26167]",146.623458071684,270.316459251257,28.6389403925496,95.3286625064237,16.6433359269825,2.29313701709454,12.0246359474576,2.0329278286051,11.7575576358506,2.30621467871094,6.52797906316974,1.00928754057143,6.77504008479869,0.99261852151772
37.8361,-25.76265,"TRACHYTE [26167]",136.48374023541,264.831611686541,27.2491304658809,89.7471781177402,15.8553523433302,2.28858171861341,11.5759059016136,1.94216156756901,11.0965403670001,2.12059203335187,6.34717904329429,0.872041253729739,6.20564151973194,0.878471638452509
37.8361,-25.76265,"TRACHYTE [26167]",118.633014813801,245.180417977802,23.482399350885,78.1803817977676,12.7698881508623,1.8455339156492,9.61868501471556,1.63243734276817,9.25450525872574,1.89490991586762,5.05987731872566,0.72971514823876,4.81244492680901,0.686006383120824
37.8361,-25.76265,"TRACHYTE [26167]",113.644299324611,215.229372140673,22.1632910009305,73.3168931160153,12.784825831191,1.93779306520856,9.47198841878047,1.63604661312257,9.13853916336771,1.80037547047292,5.17398039388386,0.710350133413519,5.23163708391046,0.699311791457605
37.8361,-25.76265,"TRACHYTE [26167]",126.603271464953,239.650988206674,25.2799246068809,85.1832742589564,14.7499345014703,2.31347975781581,11.0901372690692,1.72169388166743,10.3392083227987,1.96953600089434,5.71402481152723,0.812254067566495,5.5810893494896,0.76682688479422
37.8361,-25.76265,"TRACHYTE [26167]",136.039653218115,259.516936986883,26.4966649084314,88.2913557667344,15.3624358890628,2.26162095321244,11.5581672513894,1.81887916170072,11.6399650995999,2.16104314226344,6.28390019017781,0.921196616408992,5.9297234462342,0.896079541103592
37.8361,-25.76265,"TRACHYTE [26167]",121.621605398006,225.916005927405,23.6052982804499,78.8669785000843,13.8758759353707,1.79333673628414,10.0157451430828,1.58548225445528,9.88364436827922,1.88391431785039,5.36460987925456,0.720625401291061,5.07542212565164,0.745398349255909
37.8361,-25.76265,"TRACHYTE [26167]",155.147825027939,292.245720549185,30.2554009689375,103.39227977646,17.7642597570563,2.56151781460865,13.634607864429,2.22951334479238,13.3965031008357,2.49973898822162,7.00437923106207,1.0414175906567,6.98743864174771,1.02439016958699
37.8361,-25.76265,"TRACHYTE [26167]",124.769868747945,234.704522741642,24.8290387822847,82.5584826059979,13.5854768756691,1.99229536541936,10.4896374915496,1.61022632809124,9.89924991243484,2.04402418867263,5.47389168937191,0.778712601783682,5.38013934393411,0.779787930857279
37.8361,-25.76265,"TRACHYTE [26167]",142.081654352485,265.37840637111,27.7448837961788,92.0758973932609,15.7182854925999,2.15264078763882,11.995662083576,1.95021283402066,11.8270175103729,2.22458669955845,6.38932030093193,0.855687248915673,6.39191705966764,0.883533806287722
37.8361,-25.76265,"TRACHYTE [26167]",136.044108307139,249.900353699671,26.2131951060213,88.6673620898715,14.9653579783062,2.22796708918703,11.8225888748188,1.77750119805329,10.8647485028765,2.09516452619589,6.03812960286937,0.811172263418384,6.32536275701808,0.816799188379206
37.8361,-25.76265,"TRACHYTE [26167]",139.097057135408,266.014081315591,27.0650554929135,90.8361872163612,15.6386825683857,2.21212537803359,11.9553722492241,1.87269489464594,11.5000677034104,2.33292013132858,6.12256445831458,0.83008670691871,6.21603571691725,0.911320284527093
37.8361,-25.76265,"TRACHYTE [26167]",141.398856779741,266.709122226707,27.2210833175304,92.6263399515551,15.9095808865612,2.28337045979521,12.0783738149364,1.89360303207521,11.2401171280171,2.36154194084853,6.67217679033036,0.933392319683744,6.31617556296543,0.890620505017616
37.8361,-25.76265,"TRACHYTE [26167]",132.576936702443,258.429038916842,25.9211815791206,87.1990190793678,14.7832486562625,2.35486618014933,11.2155605313182,1.80625035097942,11.030909453986,2.05120974193079,5.71557990136342,0.871743671696552,5.82421190169089,0.78864290034677
37.8361,-25.76265,"TRACHYTE [26167]",118.719660549625,219.079624352122,22.2766551929813,77.1953218428385,13.5818659067768,1.91680380347115,9.97540043745507,1.58280670018554,8.81133020210547,1.927006686247,5.37386918338076,0.717775178691666,5.21692779267802,0.685307116629217
37.8361,-25.76265,"TRACHYTE [26167]",113.722718452012,211.011153109301,21.6471478450702,72.7415543988965,12.2535058034027,1.60287250878744,9.43761355508246,1.61745467694579,8.93289877138453,1.72673169640644,5.06774460695049,0.713758901654332,4.53953640947589,0.595590555581188
37.8361,-25.76265,"TRACHYTE [26167]",145.739345584343,274.85296717638,28.4907526822208,96.4137785212481,16.3799251438555,2.40303119539754,11.8788121756331,1.97453022365305,11.7317255977643,2.33346871065391,6.82613237502649,0.95742738064381,6.7436879066786,0.91269356943108
37.8361,-25.76265,"TRACHYTE [26167]",128.41303649839,228.042013484298,24.0166054582036,84.5138164682668,13.5417013847975,2.05107417712309,11.4558806121642,1.75925516002225,10.031943339644,1.98296935949087,5.26519799534737,0.986655118046508,5.28939046240607,0.804549404831499
37.8361,-25.76265,"TRACHYTE [26167]",147.823942922251,274.232160634505,28.6416164062813,96.3479179001587,16.5305322823254,2.3466397796837,12.9830934103111,1.94847904316848,12.1058070818773,2.28817146182931,6.92732872972786,0.979967248512536,6.18282132526585,0.980566364673111
37.8361,-25.76265,"TRACHYTE [26167]",126.530268904342,235.661665267453,24.4420054410231,83.1352267373955,13.8798653914725,1.93652682871641,10.4970397966124,1.66723145088761,9.29135505333578,1.91317232522717,5.81041554150995,0.737748894668515,5.6593184714741,0.764249285265303
37.8361,-25.76265,"TRACHYTE [26167]",146.05124568306,227.208973837823,31.3801751648034,105.256178251214,18.9910750546724,2.91851927372301,13.9538870388677,2.27424246531989,14.236682662071,2.88012026159458,8.1738535038913,1.0610073224205,7.36997364466554,1.05855085518438
37.8361,-25.76265,"TRACHYTE [26167]",127.318566279244,237.164374201566,24.0447863797252,82.3370843520923,13.6165164344243,1.92461811315469,10.2271483167116,1.7381434472522,10.403922046463,1.97515984407176,5.86407749752904,0.827891423560144,5.36822816677634,0.886858998986529
37.8361,-25.76265,"TRACHYTE [26167]",124.679142046737,238.786554090562,24.2006553598301,81.1776268313256,12.7321481804344,1.92199738971918,9.61486717702603,1.51617873032932,9.56963915592327,2.07663482171758,5.21126101429858,0.738136809650035,6.02529336268971,0.731746931042394
37.8361,-25.76265,"TRACHYTE [26167]",138.348325257737,255.3181934234,26.6477727869227,87.2814576166238,17.6013478820791,2.26967466589947,11.3498901051462,1.65309870475425,11.1222868270717,2.37417067963599,6.00140857938993,0.843931421472712,7.64366730174424,0.786853333708707
37.84821,-25.75768,"TRACHYTE [26167]",130.047919545575,243.927422059633,25.5545085346742,86.1603319861089,15.0416990445519,2.10450343920143,11.3459599902796,1.76760209311993,10.5246511769965,2.06749655532671,5.94272872651394,0.811889753183484,5.77058677374879,0.833412680870658
37.84821,-25.75768,"TRACHYTE [26167]",113.170835593037,211.407730411317,21.9048942921441,70.6744225009055,12.3903123547548,1.85903163639993,8.44904488118177,1.46794569686789,8.17888345166839,1.67408993317464,4.95684084719215,0.721411288915902,4.25895483489832,0.698317681029395
37.84821,-25.75768,"TRACHYTE [26167]",139.72327166245,266.248642795041,27.5316165137792,93.7713108439521,16.5660921784321,2.18512128500644,11.8753066731028,1.90545318654072,11.6879916741511,2.34970284735081,6.68644164383868,0.921210971197945,6.36566759298185,0.950735165602037
37.84821,-25.75768,"TRACHYTE [26167]",125.373585474761,235.725622971806,24.8007063826291,84.3938009872958,14.0872467541362,1.99344275708541,10.9532124763329,1.76554093493354,10.3569795005143,1.97766366319052,5.48029029133863,0.783250167130666,5.05468667102292,0.76585706769118
37.84821,-25.75768,"TRACHYTE [26167]",147.009431304392,275.493496072013,28.8220154020357,97.1891819923502,16.4587766018428,2.27511309584593,12.1450786173797,1.98240552735727,12.1779824340307,2.24010394438115,6.79732385824559,0.901746813276966,6.50943578546601,0.920048799275828
37.84821,-25.75768,"TRACHYTE [26167]",116.452171019027,220.167845583658,22.7883702993325,75.0354696860683,12.6945031163204,1.79824862055547,9.1661970462928,1.37469750456637,9.14603677964921,1.78761757106542,4.96503639170772,0.681314468447602,5.00275058404613,0.754242142848143
37.84821,-25.75768,"TRACHYTE [26167]",138.093027371036,257.428008335131,26.6717870689042,91.7749133729579,15.5771674987481,2.18067964830785,11.7415501849687,1.81099613489589,11.9217468509141,2.05189292110923,6.68752126547432,0.906760933948669,5.90387894646762,0.903818760480109
37.84821,-25.75768,"TRACHYTE [26167]",101.432181646618,194.203244482119,20.3343915509092,68.0784558086105,11.3173299903737,1.58869866450534,8.06435033473164,1.34019175817513,7.80843964362958,1.538020672739,4.20344430802154,0.557776957100163,4.2035399177015,0.605141599327142
37.84821,-25.75768,"TRACHYTE [26167]",129.888055271626,247.970410139632,25.702771333343,85.4489281751601,14.6576682819093,2.052105411592,11.1548147117182,1.73836777537065,10.5289542166852,2.13346316618839,5.67030007925862,0.78470131563545,5.44431937142406,0.796124162147434
37.84821,-25.75768,"TRACHYTE [26167]",110.321779982657,201.358740006092,21.3533683683261,72.2530213807701,12.2214611688898,1.90019187805158,9.14449662612461,1.48797800946902,9.15623896594431,1.61589506654554,5.06740626458663,0.693415185811292,4.58712100451184,0.698281282548468
37.84821,-25.75768,"TRACHYTE [26167]",117.646362883091,218.546044981649,23.2927226817428,75.4983233352688,12.9601952659532,1.86372973143265,9.78701667184218,1.49826669235472,9.39902567165129,1.69561508913915,4.98187989915143,0.773259796726275,4.73579426744907,0.658328169576667
37.84821,-25.75768,"TRACHYTE [26167]",131.179002413205,243.121614038764,25.9658277438424,85.2793987537015,14.5742685818668,2.01789409108821,11.1789573813547,1.79644862248039,10.6806047087358,1.98562051765399,5.89791814615042,0.842634680206247,5.5798406566698,0.77786046340748
37.84821,-25.75768,"TRACHYTE [26167]",104.028565607652,200.42622604591,22.54827106704,70.6571917574458,11.4206417195306,1.77186190011876,8.29489726285757,1.33015558868823,8.27395329283407,1.67653506591107,4.98087062371544,0.517985318619868,4.21538977952238,0.62866973802851
37.84821,-25.75768,"TRACHYTE [26167]",146.371953830233,278.189092948787,28.534708230264,95.9107806436604,17.0054551763982,2.43836382113313,12.6323093381982,1.9481079352035,12.1743802334121,2.37202106625114,6.80411760098239,0.958707295938069,6.89224681363729,0.944404057018534
37.84821,-25.75768,"TRACHYTE [26167]",144.350012990003,271.17557562804,28.1755253922179,94.8203376562725,16.2712097175116,2.42844850783112,12.6149936847936,1.88421975771968,12.5219416536294,2.23329541295875,6.77449145678475,0.906163772084737,6.10966292021146,0.89310811723218
37.84821,-25.75768,"TRACHYTE [26167]",128.597576553552,253.073934360143,26.0293798742132,87.3743896816469,15.043445452538,2.47556496538573,11.4903701629275,1.8073400677779,10.4815071629506,2.11061645490547,5.92555339803476,0.842948072451592,5.68124186753115,0.817363930787161
37.84821,-25.75768,"TRACHYTE [26167]",134.881811676282,255.271406344318,26.2406323849556,89.15398155148,15.5446409279863,2.22345693249473,11.6966840440242,1.78255838513258,11.2268625406001,2.11268131259954,6.05512783045956,0.877636038324129,6.01946656834995,0.865171732050024
37.84821,-25.75768,"TRACHYTE [26167]",130.069102397307,245.081415112176,25.4581794273603,85.2216193466751,14.6010561735222,2.07793525987488,11.1890600834014,1.74084199617107,10.2931491660698,2.15355847805479,5.99319161987513,0.834125089636568,5.79967794329646,0.805306979687256
37.84821,-25.75768,"TRACHYTE [26167]",122.118695954979,231.743972488148,23.9110432753662,82.0827598961843,13.3674968937863,1.98917207647253,10.5632322918373,1.64796078482479,10.0891272931157,2.00749864410873,5.39590142773885,0.806306497386462,5.24368945851958,0.760963505614999
37.84821,-25.75768,"TRACHYTE [26167]",133.169501858923,250.913455918411,25.8017315364383,86.5768943568683,14.7322414327148,2.15585253940774,11.2127664779652,1.80793825375815,10.9312723040911,2.14413289458237,6.00770005767592,0.850824365638673,5.67418009562613,0.834508111064721
37.84821,-25.75768,"TRACHYTE [26167]",131.723049863544,251.977388641283,25.9302310744544,86.6448658241152,14.5391169794938,2.13557401807484,11.1388460212344,1.77986513862508,10.8723120580378,2.14588378067249,5.93842396648279,0.788603107127233,5.60720409747022,0.825180862034892
37.84821,-25.75768,"TRACHYTE [26167]",150.081414045498,280.207206649022,29.3473700963075,97.897222347241,17.3410634523747,2.53138701374736,13.0486616956144,2.08520051814505,12.5411963542311,2.46519934667495,7.22100607143703,1.02068376808468,6.54412739111074,0.875645571706626
37.84821,-25.75768,"TRACHYTE [26167]",114.285141974755,216.364363949578,22.3112199281016,74.6773404258665,12.4432724097335,1.73158120963596,9.81620072129693,1.54979112599159,9.64369007929233,1.75488497264229,5.16337179175122,0.653495491378758,4.93544214192881,0.714617469991443
37.84821,-25.75768,"TRACHYTE [26167]",109.158587193377,204.876284618444,22.06848954914,72.1570869272694,11.414065685664,1.76353308837951,9.23726332312111,1.57661087455828,8.37754141747361,1.60343368721899,4.71516655900479,0.684036332657265,4.83125403962287,0.607702533226174
37.84821,-25.75768,"TRACHYTE [26167]",143.007521453276,266.148442311035,27.9483446941841,94.4126220199474,16.0595695907041,2.27973599115337,12.4602983087387,1.98571498737952,11.6303019221127,2.30365039895458,6.1956179369856,0.906700698862837,6.49308466442297,0.843474981505029
37.84821,-25.75768,"TRACHYTE [26167]",107.694703505096,204.016160274462,21.0216617523052,70.3780059167971,11.6974766728383,1.98416642450231,9.46747489821797,1.40289674197041,8.77549391749278,1.66248198344847,4.85433728082602,0.656605002163966,4.20554629763936,0.639084062652752
37.84821,-25.75768,"TRACHYTE [26167]",129.88237539207,249.652938879777,25.2047637189078,85.0922977930122,13.8118466809636,2.11189176140176,11.1075061038953,1.7272263598113,10.8592171172637,2.01825890088193,5.88223972734045,0.832307748619951,5.69019216420449,0.823213200301191
37.84821,-25.75768,"TRACHYTE [26167]",90.5753818746471,165.845143943148,19.3695445640655,63.8818442700549,10.01745895884,1.7053041500987,8.95681593017802,1.19720796828862,6.60445236492099,1.58423931569273,4.16960793167892,0.644743127514601,4.26589893209019,0.72304957075573
37.84821,-25.75768,"TRACHYTE [26167]",137.187478649466,254.103080275277,26.5884876218945,90.2930636739682,15.3112114075154,2.27037791041285,11.7165347391958,1.7747855207923,11.1891300842923,2.22349572626296,6.0941704973647,0.851397178171511,5.93865209223125,0.873318610085938
37.84821,-25.75768,"TRACHYTE [26167]",128.799883222561,246.910420876232,24.8379612730986,85.4860396482996,14.0305052064916,2.13991841194771,11.4079652168061,1.89781593945163,10.5209585619428,2.08874438619108,6.05128894991479,0.861164631917364,5.12553292145228,0.824930048173245
37.84821,-25.75768,"TRACHYTE [26167]",134.86557927134,249.163528753161,26.2421098275941,89.3496162901398,15.2431561760224,2.17958311024718,11.2405549902524,1.77613795217417,11.2108592240391,2.12764780968232,5.9720313793368,0.824019132410459,5.80750346871023,0.844392439328108
37.84821,-25.75768,"TRACHYTE [26167]",115.731868558709,214.31234617009,23.4456193607948,80.1369221611729,14.007266986111,2.26677475372984,10.5232706375494,1.6498200997617,9.69316780155531,1.8949598950516,5.11716692232529,0.690386208697808,4.96431587629023,0.695837039059444
37.84821,-25.75768,"TRACHYTE [26167]",127.392449127795,238.704886676346,25.3682093779729,90.3004421585737,14.9063851331352,2.5019265857029,11.3881742617166,1.81208405683759,10.4082287705486,2.01089652304712,6.14963745472101,0.835680183991416,5.84433673223608,0.789697459836245
37.84821,-25.75768,"TRACHYTE [26167]",116.294194038042,201.225686996747,24.0141244977011,81.6390738071211,13.6451868606447,2.27800442555254,10.1917628265655,1.64784222074757,10.1709667937107,1.92473484077659,5.3238390063394,0.754424069692142,5.15101071362594,0.732880137207981
37.84821,-25.75768,"TRACHYTE [26167]",112.279405647036,198.05596864149,22.574355715273,78.3429504266052,12.2582268841739,2.16730429715703,9.92394926913455,1.46330938691467,8.96810001774687,1.65517021246285,4.90241458489287,0.672399182178498,4.51534047266244,0.664516893710747
37.84821,-25.75768,"TRACHYTE [26167]",98.8636772178196,176.180783297198,19.681774902796,68.8286618693656,11.7555799535457,1.92794009039523,8.76931026366917,1.40678707343054,8.58349339817961,1.54428971401338,4.63300842066845,0.559879187042536,4.21851174514045,0.621936538696233
37.84821,-25.75768,"TRACHYTE [26167]",113.273487608015,198.132308298374,22.6688184855155,81.0849662869331,13.4933034991615,2.22053232590675,10.0417956910363,1.52477630429946,9.2912320402631,1.90015056412174,4.97128845847404,0.695320506746279,5.13962901328092,0.749769691188879
37.84821,-25.75768,"TRACHYTE [26167]",110.612551621801,203.394488907716,22.1199527326383,77.3371538338586,13.1220932422747,2.19900496517338,9.89542716710001,1.5331894102251,9.17901566978206,1.78302114983998,4.99582325772994,0.686324675660632,4.83264769120784,0.653001506746167
37.84821,-25.75768,"TRACHYTE [26167]",127.224254435509,225.084636187732,24.9874758719091,88.1274861312141,14.9260323184633,2.6341662242172,11.5633922010119,1.75411422031408,10.7044626577976,2.11226400132459,5.96225452635182,0.869269469289475,5.70565065624379,0.79660843301458
37.84821,-25.75768,"TRACHYTE [26167]",118.688925883669,205.925362931492,23.8997889971097,79.7282978562836,13.3401953484955,2.32134680662927,9.99508204093769,1.60610254771295,9.49130403557483,1.90574930760952,5.51439306421271,0.727355971033847,4.81256769391004,0.715043506003587
37.84821,-25.75768,"TRACHYTE [26167]",119.399908816869,220.610079453178,23.8131304180103,83.1141158090663,13.5372793494699,2.36508309538173,10.4530649969929,1.59593757980061,9.85895938108237,1.8603373805207,5.29049113066255,0.766641347873038,4.9571630901155,0.749704432263808
37.84821,-25.75768,"TRACHYTE [26167]",119.561937460484,209.182969375741,24.4301842304924,83.9952868578123,14.2252860681148,2.3832129429134,11.13801040518,1.70422727836163,10.3730600305202,1.9764385469115,5.79211743343984,0.759628358510757,5.54621793831404,0.769678354956494
37.84821,-25.75768,"TRACHYTE [26167]",126.741318469072,215.640903584555,25.2575276284641,88.913457579527,15.4077837326094,2.50017091460869,11.5467462854628,1.76399740632572,10.9957293029657,2.12297156427849,6.13935739391778,0.863101898559328,5.66471793658609,0.837065040803379
37.84821,-25.75768,"TRACHYTE [26167]",122.178950877032,215.5153900149,24.9117032296105,84.6705194446587,13.8484511821259,2.32880144249094,11.1798097503177,1.75992591491436,10.2290432500902,2.01795177456403,5.70017479910657,0.843367243965935,4.73587357642551,0.758171190203823
37.84821,-25.75768,"TRACHYTE [26167]",132.137394958279,217.28214323824,26.0899297889345,91.2330906237679,15.6168370093186,2.66281497098829,12.5924420887046,1.86639542859547,11.2022518100113,2.21294270964517,5.93795893597328,0.928664235462932,5.75994141202158,0.842096736630758
37.84821,-25.75768,"TRACHYTE [26167]",123.110634238779,222.014672974814,24.7972482157633,87.0754255712106,15.5483534499835,2.48942885270905,11.2189347413033,1.69655949112715,10.327900686658,2.10636827350574,5.94951667213617,0.818084499185889,6.03746240898258,0.795142547019327
37.84821,-25.75768,"TRACHYTE [26167]",125.280684710891,231.05517006437,24.7957970308504,85.7584694630453,14.7537085620268,2.68919744124345,11.0867781276418,1.67542700791751,10.7837578741498,1.99674514560167,5.87050565996928,0.796892435815931,5.23955342069517,0.803197298735404
37.84821,-25.75768,"TRACHYTE [26167]",106.222520329278,190.968112679394,20.9684419350344,73.2688064084367,12.3377551947921,2.0183652718889,9.74350896339815,1.45412796446582,8.76465649056153,1.73277774007699,4.69179031122783,0.684746268126321,4.4849374822607,0.630990673937162
37.84821,-25.75768,"TRACHYTE [26167]",116.988581130399,210.682801580003,23.2116596333017,82.1125689266596,13.4983202529086,2.23312193973851,11.0466014229827,1.6142853621511,9.69574212473472,1.89976451101706,5.48560679776534,0.793079269447224,5.23960886608165,0.733110236298252
37.84821,-25.75768,"TRACHYTE [26167]",121.536441899877,220.954254985092,24.7594155005329,84.4447373730905,14.6388455216026,2.24285358388915,10.8400382842255,1.72147021969983,10.0346935105154,2.02278423623754,5.77082586834199,0.804104844238106,5.42249468908316,0.728207424132594
37.84821,-25.75768,"TRACHYTE [26167]",112.964007728234,194.49813903757,22.5972344651274,77.1935434632996,12.8294964716649,2.22726012761116,9.66149958213339,1.56001810659364,9.62067912969155,1.72175310935174,5.21932498402718,0.757153750811581,4.93286955967582,0.692226102193547
37.84821,-25.75768,"TRACHYTE [26167]",123.947338575312,225.828068385622,24.9639114196511,86.5605190921673,14.5073423764958,2.3848804094185,11.1651207389254,1.66568248778115,10.5749936642428,1.98006874546134,5.95083453682796,0.872556106821342,5.47805773594902,0.796160974216415
37.84821,-25.75768,"TRACHYTE [26167]",125.938351027742,227.636970784633,26.4125239349609,89.8110836363188,15.2518324601456,2.52081447810085,11.4832273459274,1.76100575981294,10.6974123532009,2.10570239472529,5.96650703944461,0.825156372100817,5.71072620467833,0.828919270577396
37.84821,-25.75768,"TRACHYTE [26167]",122.149971542364,232.276140485315,24.7925816047738,85.5418128670242,14.548479298962,2.36168289090384,10.7670732079134,1.7508172590528,10.3113228676131,1.99438708497765,5.65127936432445,0.80695377112613,5.50620671229827,0.782059326580382
37.84821,-25.75768,"TRACHYTE [26167]",120.484676322147,227.064086697377,24.3269649066981,83.459289246879,13.0301307238334,2.3119508420118,10.4909134056871,1.71800231015138,9.92299003105047,1.9600925857548,5.72899262825619,0.777982306684754,5.3903032793389,0.740116393524069
37.84821,-25.75768,"TRACHYTE [26167]",111.345258439259,212.099477457892,22.3452010983496,75.1819934191954,13.0054453310221,2.24396540993822,9.82309770214981,1.42329120059443,9.74761399993616,1.67938612846927,4.63145824478619,0.757023199480803,4.3347485413386,0.651154743851611
37.84821,-25.75768,"TRACHYTE [26167]",120.40062699009,221.471299014714,24.0949796325592,81.8556435688573,13.913228284564,2.21087041105108,10.8953056730435,1.67345115175833,9.24544446101993,1.96112481971946,5.36774195681229,0.862988828225674,5.22516612426241,0.70977148163786
37.84821,-25.75768,"TRACHYTE [26167]",110.275833365749,206.828092008275,22.574476142844,80.0906570916772,12.839486031008,2.10278203107165,9.05342122659621,1.47695185322338,9.27720996157243,1.71601662148732,4.81398797065369,0.717271017980268,4.64093501158001,0.726015513731254
37.84821,-25.75768,"TRACHYTE [26167]",117.061661108282,202.315119879037,23.6448596612134,79.3678042055246,13.5391925918331,2.21314382148408,10.3269496056377,1.65027293932013,9.70910171260326,1.81842756166263,5.49937466058592,0.753786287799709,5.22883776299986,0.701982467358256
37.86779,-25.79634,"TRACHYTE [26167]",116.317570475748,206.021828649111,23.5956685220327,79.5446133026877,14.1537473384163,2.68586886301017,10.3712037766568,1.52523794615712,8.85389445898045,1.81255337515034,4.94405581089146,0.718846640614226,4.55246668552493,0.665031820473139
37.86779,-25.79634,"TRACHYTE [26167]",98.8323705835102,189.624412458877,20.3260575879352,69.5996985110916,12.2032080301093,2.12047048610574,8.68134936175717,1.44274486495651,8.19055237735136,1.64813636321608,4.41190878579804,0.671868587687395,4.32348279926435,0.618411115327997
37.86779,-25.79634,"TRACHYTE [26167]",98.7922343956499,212.934099663282,20.1558399799888,67.2431106763732,10.9471484120398,2.11470758991069,9.25450110965711,1.43729507786406,8.14446445292473,1.67704136033422,4.80834781346268,0.497515648310998,4.1403538868186,0.607615011010112
37.86779,-25.79634,"TRACHYTE [26167]",104.2259838964,161.563460550919,21.1280893351766,71.6213751481299,11.8661730090071,2.24574296077909,8.54214623439598,1.48858192890178,9.11444350134001,1.78701513226883,4.7284854691851,0.68685178567992,4.72440627912148,0.593307622256629
37.86779,-25.79634,"TRACHYTE [26167]",87.8793397544167,162.102574426526,16.9308573874898,59.8259910131094,9.08578223683305,1.86451728040076,6.63180143815307,1.16609229164775,6.36920427332213,1.19644834573068,3.33345119796596,0.422659625980227,3.36247085549338,0.432889398444765
37.86779,-25.79634,"TRACHYTE [26167]",99.8801113377725,185.66160546809,20.1943398540079,70.2011353086807,11.9398595893967,2.25253224570324,9.03088295254274,1.34867150466493,8.65109356074436,1.62390684948486,4.32735377835565,0.625799687620321,4.24791090491362,0.588352554691828
37.86779,-25.79634,"TRACHYTE [26167]",99.0074186305389,178.778530576895,20.6239135235505,65.0479771220171,10.7887639115263,1.99896815804913,9.29030579702583,1.29729323120743,8.35273590991424,1.57247228279282,4.15652255144545,0.53243237636701,4.31732296941517,0.607322547601259
37.86779,-25.79634,"TRACHYTE [26167]",96.4638514121776,189.570373330889,20.1739411300108,70.08303460422,11.6570919427751,2.03190931711304,9.14434799020538,1.33116610886787,7.36699304787783,1.5618768219786,4.2114855890356,0.63730278486126,4.16563285462634,0.63672038509157
37.86779,-25.79634,"TRACHYTE [26167]",94.7921607056253,177.961277146558,19.3158618899483,66.9072670123146,12.0549381852607,2.25720492140285,8.91933441045895,1.2139350873983,7.53817042936269,1.56274703736502,4.19838716122527,0.578883621230423,3.89272456387536,0.581409820437617
37.86779,-25.79634,"TRACHYTE [26167]",98.3714447556924,187.314770053143,20.1141344973013,69.5424435280874,11.4961764195134,2.22344274579912,8.59629548325379,1.39264224621736,8.15012689668378,1.52383962094661,4.22729309748546,0.621553020404086,4.42082696585422,0.603727407335908
37.83293,-25.82395,"TRACHYTE [26167]",86.6770376610576,172.231609682148,17.8873041606926,60.2581140002554,10.5598436697245,1.93376058687938,7.76354860850149,1.30513970559317,7.25007210588986,1.47056856874149,3.88897291592134,0.55633522046564,3.65421311141204,0.502402170918632
37.83293,-25.82395,"TRACHYTE [26167]",91.0305784819345,173.099149695143,18.7329120789917,65.9967521853134,10.4797738390763,1.56637811735827,7.86108577772417,1.29657028845523,7.28657521763442,1.36791495361034,4.00129655295205,0.65621293583207,3.52303616506977,0.569076668308761
37.83293,-25.82395,"TRACHYTE [26167]",76.1444921019812,145.475540128827,16.033762245686,52.6125571950078,9.19971322062205,1.39788056037216,6.73040297499598,1.02001364121738,6.09231428316838,1.14417111760059,3.09080184666904,0.417345308679571,2.77811096171568,0.432902814815866
37.83293,-25.82395,"TRACHYTE [26167]",90.5969135287072,172.191912003702,18.2758214982363,62.9293377605241,10.391370566304,1.93214303988319,8.28778988071598,1.27717620080453,7.76152385348774,1.44385129200022,4.20079512657685,0.571793660610822,3.64502641236275,0.518238471814175
37.83293,-25.82395,"TRACHYTE [26167]",78.1502653959092,152.878779373083,15.7098018289968,54.6312002504453,9.12669191360406,1.63945572100595,6.5793512259069,1.05671345857266,6.1650977041996,1.21165187346225,3.58482978713254,0.470158909161501,3.05890570284234,0.438049472994803
37.83293,-25.82395,"TRACHYTE [26167]",91.2105149597021,175.70659713678,18.598551193549,63.7697445946779,10.9033322907375,2.07231785805306,8.33328577338273,1.29431050293111,7.4839448819286,1.5080822143817,4.06623712314237,0.565869206144625,3.90236811248475,0.540259467086493
37.83293,-25.82395,"TRACHYTE [26167]",104.964802047177,302.107710120723,21.6680672979079,72.5105759011503,12.5325839118521,2.26493979706195,9.55693005080958,1.52868028135306,8.70772394463684,1.69690367661161,4.74606187430767,0.636004447889896,4.35958735396536,0.624841646731093
37.83293,-25.82395,"TRACHYTE [26167]",92.3659536406575,182.766051065027,18.9270833071743,64.3488340331323,11.0380512977693,2.10295200660654,8.21026432900724,1.3320400461853,7.66694124774107,1.40829872496405,4.2926341815655,0.616533629670022,3.93695118991432,0.564776065785928
37.83293,-25.82395,"TRACHYTE [26167]",87.7772317316421,162.539611970657,17.6540477794148,63.6340057228633,10.2685456623459,1.81565592731427,7.82456021256676,1.12608308689196,6.9916731142636,1.42245650902535,4.11150475644263,0.620724872475387,3.48325914197051,0.494247222560383
37.83293,-25.82395,"TRACHYTE [26167]",96.1592736907917,190.138013222829,19.4276897595888,67.7403578105158,11.3339015506784,2.14653538442474,8.84449387392249,1.35816563864619,7.97690006042972,1.57392842009547,4.39350398405305,0.605957293505467,4.18745270497728,0.562028664520365
37.83293,-25.82395,"TRACHYTE [26167]",86.0209416000931,185.692846614368,17.2301874461482,60.15293747695,9.91392104292773,1.82540903353946,7.70275743530788,1.23795162426104,7.05769929110003,1.27905827628892,3.57037371726969,0.555738581112074,3.53076705200633,0.476158686083458
37.83293,-25.82395,"TRACHYTE [26167]",90.6779694960612,172.740606096788,18.5044259659502,63.6289095132162,10.144936703291,1.99152418163708,8.59758759489994,1.2363234712719,7.15774659831454,1.4335164610339,3.82614653970166,0.550484446352942,3.47353896699154,0.518633930642977
37.83293,-25.82395,"TRACHYTE [26167]",87.9939489104143,172.192095672733,17.734850541593,62.1887619074112,10.2680219885083,1.96706234630437,8.14384172974999,1.30164336148367,7.19604906104767,1.36293838863265,3.99120589333782,0.553190980522004,3.48428437057614,0.565302700406217
37.83293,-25.82395,"TRACHYTE [26167]",98.0039241084925,184.201734391986,19.8293695891532,68.2934189021131,11.3740939403394,2.31960421073512,9.07435617638871,1.41840070776104,8.31949717082354,1.70910445824359,4.41857869448578,0.633235713012888,4.08875801074981,0.637044434508394
37.83293,-25.82395,"TRACHYTE [26167]",80.126494546056,162.068198367078,16.7223705716865,56.1306008516592,10.0241548943218,1.73378534211547,7.27065653141911,1.0747358044374,6.53490831070172,1.17630916472441,3.55730891797768,0.570486432897863,3.49534394090729,0.449776829140099
37.83293,-25.82395,"TRACHYTE [26167]",90.1042767099166,174.212482679479,18.5873538652976,64.3707335908257,10.7922347304977,2.0487246377997,8.42803440372695,1.26092152711454,7.92730926919409,1.49468352272173,4.2013899989956,0.585281127973178,3.85040233070408,0.578460272464007
37.83293,-25.82395,"TRACHYTE [26167]",96.1567685275468,185.290775055355,19.3794946939821,67.6597293287532,11.6473062047888,1.99126521550888,8.60602387051445,1.33743268551472,8.27573432020174,1.61988624260959,4.43037277593494,0.55855926141368,3.99023205692934,0.560999970864286
37.83293,-25.82395,"TRACHYTE [26167]",90.7407280899334,185.838835388109,18.7911582025425,63.5942587668785,11.1101267024001,2.05241901035936,8.19109242475957,1.31186062436048,7.24491557015705,1.40180914231879,3.98217844803642,0.635848576074124,3.69769624310859,0.590567951248878
37.83293,-25.82395,"TRACHYTE [26167]",90.1501447780504,171.603270853898,18.3357999294677,63.4930932684712,11.2097638212946,1.87190583668629,8.66483309379601,1.24881734975198,7.78391674967436,1.49739277939973,3.88285603480449,0.593812672367395,3.90501039370783,0.557788810674865
37.84893,-25.79069,"TRACHYTE [26167]",132.863855292615,244.91424504963,26.491275382121,89.4109952418832,16.1253249613711,2.29822740274725,11.8515449461176,1.87893624691945,11.9585704127976,2.27020005129256,6.06515432683443,0.876674829181788,5.84064292697886,0.88059579829994
37.84893,-25.79069,"TRACHYTE [26167]",136.13189432262,259.253178389378,27.1816028006127,90.0283579916024,15.5390170891752,2.32650249113968,11.3866426095042,1.89783883079586,11.3406063280666,2.22248240456782,6.30285580468332,0.832416560598037,6.1491932400161,0.881945089563347
37.84893,-25.79069,"TRACHYTE [26167]",112.708512367206,221.067386148674,22.8476057864538,74.0893957187887,12.7184694105268,2.13816529470439,9.79208104761472,1.67558383631849,9.34921464145652,1.7891496810156,5.09691099670534,0.703576567612948,4.0728256694285,0.687440132324967
37.84893,-25.79069,"TRACHYTE [26167]",99.8776260164327,193.005781037653,20.3170622139576,64.5736992294314,13.6064196598965,1.68508548265415,8.29413196313049,1.40387629400285,7.53296030917588,1.76685907505203,4.66554760788625,0.587985995451305,3.86478190595331,0.577577700646978
37.84893,-25.79069,"TRACHYTE [26167]",113.385819339419,212.948589788311,22.4127602035096,76.7337760358175,12.8853838929267,2.14527346221983,9.74190768420049,1.62992798676496,9.19174762096605,1.87043061244812,5.31348039456933,0.748041378903562,5.28797733430313,0.716144272704453
37.84893,-25.79069,"TRACHYTE [26167]",141.24048442641,263.418208090489,28.212050140844,91.8401315369633,15.9481728121552,2.62661985618305,11.5071848587905,1.95457181737573,11.3947957456677,2.23116884072461,6.30466291389547,0.942145773270723,6.18797156324961,0.850459872699135
37.84893,-25.79069,"TRACHYTE [26167]",106.408399166873,195.582663137594,21.1580751749416,72.2992094165211,12.2933659288854,2.01580261266367,8.84993075009172,1.50137493854199,8.63216482542244,1.71538372753317,4.57836940114812,0.754641652762347,4.52524933654687,0.738554082850296
37.84893,-25.79069,"TRACHYTE [26167]",110.387489051346,205.721593949186,23.1071475061559,73.2306992545462,13.2147577310852,2.13835513845573,10.4277144526329,1.46321956091633,8.30152027850719,1.80724394414475,5.16435614964958,0.654160042096247,4.49711273195999,0.667132482887961
37.84893,-25.79069,"TRACHYTE [26167]",115.107375056757,215.190239626075,23.3139475725616,78.8441431277083,13.7820040777351,2.2648934427388,10.0500254584367,1.67135450703875,9.41644450678065,1.7879706820831,5.0468506246854,0.708176278123753,4.92518044997329,0.695000501705865
37.84893,-25.79069,"TRACHYTE [26167]",112.579191440088,207.379598233301,22.211941692832,75.4035119426397,13.1517491177118,2.18021218161167,9.54602388651613,1.49284174373122,9.37587818793799,1.80056917910188,5.04696820734623,0.647868524176801,4.80968824793392,0.726597784263482
37.84893,-25.79069,"TRACHYTE [26167]",100.269948470803,192.229851898867,19.8665071211447,70.0794269578175,10.8246547275495,1.64938865198235,8.21018177249195,1.13999985452259,7.76710483088191,1.70840975347919,4.70266020591946,0.581441760266609,4.10493678072616,0.591533687084245
37.84893,-25.79069,"TRACHYTE [26167]",104.310995171128,202.768622973907,20.9420936920568,70.5831074103668,12.1555620846836,1.91670818250645,8.23884413489179,1.3054906303591,8.85310675345965,1.74359495076559,4.44304243184242,0.597825755895833,4.7010648807555,0.547095517332461
37.84893,-25.79069,"TRACHYTE [26167]",142.307607336007,270.813852453745,28.5539203193008,96.7726830080523,16.4526254879682,2.47749216911334,13.2638424955373,2.07879608148911,11.8464025380054,2.32890458485921,6.6562016330019,0.937007103574766,6.25742053021186,0.895801947858294
37.84893,-25.79069,"TRACHYTE [26167]",121.286905447569,218.636113918124,24.5453381004451,84.2225462869634,14.5307015780661,2.41737909510732,11.4676979001573,1.74424425414037,10.5319744704986,2.10294384708159,6.11376127084591,0.764729563891416,5.58953435422154,0.777975149285901
37.84893,-25.79069,"TRACHYTE [26167]",107.763699932335,206.203583891544,21.9074560193111,74.416188020429,12.4943472904669,2.18369306723268,9.71410011151749,1.48584577849479,8.78937511915911,1.83141809749064,4.74732993152866,0.719379707270693,4.48971753194133,0.667513910068947
37.83678,-25.75361,"TRACHYTE [26167]",124.613148975746,238.3622544752,25.549520141169,86.3840611721502,14.8324527761874,2.35369376639877,10.824289704698,1.81066281854567,10.5994921336267,2.09819536326473,5.87167522282261,0.914801872381996,5.70048373049174,0.754969335236312
37.83678,-25.75361,"TRACHYTE [26167]",127.351274564361,242.331618091673,25.6968660645229,86.8386267950521,15.2813272441254,2.36003217021652,11.70943522216,1.79296854957795,10.4856706036022,2.09730008253612,5.92588402373553,0.851932883991545,5.62066601223475,0.826387582006095
37.83678,-25.75361,"TRACHYTE [26167]",128.549233539937,244.051326421201,25.5746731277845,88.7370734043377,15.1299967560164,2.33670390445888,11.4864974791197,1.82668035418392,10.5224963725828,2.06935189012456,6.02543860018283,0.841180882984653,5.83445733140873,0.819462799651446
37.83678,-25.75361,"TRACHYTE [26167]",120.405180395092,229.823612678016,24.1259421637381,81.1291140866721,14.0040529703873,2.27651863785645,10.3700176840686,1.64570557252188,9.50391279716099,1.88078247373433,5.44827119803717,0.794864463628493,5.35397107205521,0.736351755576568
37.83678,-25.75361,"TRACHYTE [26167]",111.688882585857,215.373242011656,22.5047884505158,77.3129076792176,13.1606691049791,2.28913178714846,9.76387735360882,1.57495845915495,9.01350685070443,1.84419657634189,5.09381068505792,0.733202824597909,4.97310494330901,0.692076067398582
37.83678,-25.75361,"TRACHYTE [26167]",124.924537234093,240.021152380212,25.3906830157413,85.9942480294219,14.4723180471833,2.37235229276191,11.2787128218216,1.79603304582409,10.1934881763249,2.05890286374433,5.85489055130369,0.846211247301892,5.5481022557781,0.775147515645521
37.83678,-25.75361,"TRACHYTE [26167]",128.885585515037,244.576808212413,25.1736474275241,87.5931818915817,16.3200280211552,2.71656480575885,12.3093447300802,1.75402919305552,9.82545132454969,2.13748671713655,5.47187115691013,0.691459552701561,5.26054345563898,0.857162294020218
37.83678,-25.75361,"TRACHYTE [26167]",136.328843050761,252.507244342965,26.6092763521795,94.3795900538001,14.1611798409205,2.2735016232194,12.1043722233505,1.89051427884222,10.3339431318587,1.93634257509127,5.89902314225823,0.82627735680787,6.05280988927539,0.862537249474644
37.83678,-25.75361,"TRACHYTE [26167]",145.112520351484,272.409669634094,28.3361601781874,99.8185329150724,16.8079711442011,2.77500252409383,11.7916917215975,1.95241228648351,12.1518525475803,2.3596386854832,6.96520632157062,0.997393068888036,6.08214454330134,0.931165038359072
37.83678,-25.75361,"TRACHYTE [26167]",144.202551056416,266.613345602221,28.2333935565117,94.2403170210456,16.6525749355605,2.59278041535247,12.9235907834724,1.81802557637363,12.0343222104401,2.31974884873968,6.70014497006776,0.835256086236203,6.50686593857297,0.898071529587858
38,-26,"TRACHYTE [26167]",132.836618824737,251.460096270661,25.8803839581927,88.3931718509383,14.8013209682235,2.2436980799463,11.1921453644793,1.76831497628312,10.2755704636138,2.09467699635671,5.66505093856051,0.755235448615177,5.89411658158437,0.800953394004433
38,-26,"TRACHYTE [26167]",131.501900154848,247.912491242561,25.731544455478,88.0982322181071,15.0312898578666,2.21543349182626,11.4132700036105,1.86083687537107,10.5777110483482,2.04834191567615,5.65100676262624,0.799291982161802,5.77478200485431,0.821907581960267
38,-26,"TRACHYTE [26167]",135.668032729824,255.272305977322,26.7643247689564,89.9969158260675,15.53337044381,2.29883005017368,11.4195811078808,1.87938560053268,11.0935273541575,2.15416078469884,6.16090925724612,0.895825727300536,5.95576892748616,0.857250581868373
38,-26,"TRACHYTE [26167]",142.227161073585,267.367953141373,27.5909857515797,94.5476296354616,16.2013679546011,2.42758841728246,11.5713749699967,1.83824552468404,11.5653872683076,2.27482379389576,6.58536049217913,0.804375565867306,5.96822506182788,0.867200004882709
38,-26,"TRACHYTE [26167]",117.820853608275,215.409887343268,23.1646327336765,78.6923720655427,13.7477886429142,1.97175389602574,9.57178495268192,1.49994105072738,9.0601937260806,1.93135848807009,4.98221824776801,0.696707561728408,4.87207977488515,0.617754623404634
38,-26,"TRACHYTE [26167]",134.803163690461,258.873753997027,26.2474264936423,89.7015218735812,14.8963845828269,2.38173578639543,11.9418323435211,1.91626464716715,11.0706494315065,2.20555008191901,6.28483076891501,0.894637898955924,6.02291351069103,0.867711613895303
38,-26,"TRACHYTE [26167]",121.956741337738,228.458845234855,23.6775538147724,81.3369448677096,13.5992040874246,2.06169812046262,10.4495344824853,1.64056642432493,9.91897194484502,1.87869306044334,5.61605087886527,0.765527997926997,5.27501219428713,0.726561448390614
38,-26,"TRACHYTE [26167]",109.496755550481,218.837450012319,22.1429432274498,73.4711321202489,12.5534540267297,1.83487798897644,9.41866946869955,1.53603559719813,9.32447526383284,1.73982236350008,5.05120593713181,0.675472713540252,5.01573816269361,0.691672895174899
38,-26,"TRACHYTE [26167]",101.311758211375,193.88188235696,19.5237178240881,64.0595154560615,11.2616153802573,1.6719452776572,8.35398219412261,1.37345628849694,7.50884790760439,1.55073694935343,4.27599856710644,0.606662911030431,4.20737774307175,0.569482455045515
38,-26,"TRACHYTE [26167]",130.279786738078,254.417308595762,25.5470233166074,84.9930878839551,14.4099975001077,2.21083764065872,10.8067207108563,1.71344564193315,10.1524012005417,2.06842233018339,6.10555083106049,0.814449844055901,5.6501390409177,0.784339598483
38,-26,"TRACHYTE [26167]",111.753537799183,210.237117709815,23.1030445525456,73.8339350236394,12.5696044903724,1.76711088249356,9.4666215861688,1.34715110115009,8.80775376169133,1.7053055841038,5.04865149314701,0.69837042190534,4.91133105005741,0.667392584505291
38,-26,"TRACHYTE [26167]",129.021706060122,246.290989001399,25.4262998254229,86.0646932942802,15.0238142852392,2.13424899626699,11.2641057665727,1.70139399700081,10.7150469342093,2.03925536633812,6.05602780701297,0.76877575590379,5.70094614965701,0.833773680758027
38,-26,"TRACHYTE [26167]",209.282314281234,395.810734432308,40.8000474425322,137.370681077857,22.3949783958782,2.99054892395992,15.8448308836323,2.41024775275138,13.5705590249493,2.64900602447008,7.44387902931561,0.992994772382181,6.93853881946721,0.833372431400179
38,-26,"TRACHYTE [26167]",138.470847434531,266.189596899361,27.3019696292076,92.5400857118561,16.1680570448619,2.34660978457772,12.2198481621574,1.93535184088434,11.1744544350142,2.29279588120765,6.42763351450701,0.987018389445338,6.11845607880458,0.839132094543601
38,-26,"TRACHYTE [26167]",129.079702199078,240.36333815339,25.0261923262786,86.154083079844,14.7611805749495,2.16353953416799,10.609367356032,1.66646769907954,10.6611582619429,2.03267297809096,5.68121608814861,0.719681414965202,5.63212276130174,0.787913837562055
38,-26,"TRACHYTE [26167]",126.126782899572,239.360638284709,24.736087805967,85.1543863692409,14.8081248554836,2.31226700044459,10.7345495022537,1.77879512269206,10.1715146611886,1.94620971793622,5.99375082566879,0.807520598148012,5.32274219942099,0.792474916156019
38,-26,"TRACHYTE [26167]",122.882026091339,228.71618095924,24.0475592325807,82.0681010081655,13.4946023855367,2.06948957954055,10.0749574447849,1.7065380532066,9.87198449957061,1.9077655549495,5.29042359548538,0.803465295334652,5.23227828462809,0.73672302979281
38,-26,"TRACHYTE [26167]",129.542000643181,243.566907535289,25.1740422915823,85.0590615404203,14.8145076941838,2.30618822219341,11.3484425270676,1.89822681465382,10.4259920828128,2.14703396164634,6.19065938281308,0.836294783274502,5.26715879300563,0.77758860253974
41.766,127.908,"TRACHYTE [26281]",39.9,90.5,12.2,53.5,12.7,3.3,12.4,1.9,10.3,1.9,5.4,0.7,4.5,0.7
41.766,127.908,"TRACHYTE [26281]",61,125,16,65,15,3.7,13.5,2.1,12.3,2.2,5.8,0.8,5.1,0.7
41.766,127.908,"TRACHYTE [26281]",41.9,86.3,10.6,45.7,11.8,3.3,10,1.4,8.1,1.5,4.2,0.6,3.5,0.4
41.766,127.908,"TRACHYTE [26281]",47.9,97.9,12.5,53.1,13.7,3.2,11.7,1.7,10.3,1.8,5,0.7,4.3,0.6
41.222,120.7594,"TRACHYTE [26414]",34.7069498838378,70.5095090142068,8.71310252174567,33.8288198723884,5.91621253007066,1.81460829616756,4.63670418233468,0.586603066167329,3.01526878524555,0.528877076401051,1.4169065618043,0.190609745352264,1.14143781262629,0.175949554925419
41.222,120.7594,"TRACHYTE [26414]",35.0074330541389,71.4675248892833,8.84358439561512,34.573547238266,6.02765913223595,1.79647789600202,4.63937294521616,0.593003791446156,2.95424118892689,0.532395035941457,1.3743381728911,0.190425358657848,1.17559416290982,0.179820953946221
41.222,120.7594,"TRACHYTE [26414]",31.842969666906,63.2924560886307,8.04178273589559,31.4398892311965,5.36362312766778,1.61698693436325,4.11006830705716,0.546765716297611,2.65912266344562,0.474719015055329,1.26703035917243,0.161015680898539,1.04795727500821,0.154656860311009
-22.5,-44.8,"TRACHYTE [26430]",117.07,191.31,20.65,67.93,12.38,0.9,11.03,1.65,8.63,1.69,4.74,0.72,4.44,0.69
-22.5,-44.8,"TRACHYTE [26430]",58.66,132.9,15.17,56.67,11.34,2.66,10.05,1.69,9.94,2.08,5.85,0.92,5.58,0.94
-22.5,-44.8,"TRACHYTE [26430]",92.32,137.64,21.47,73.9,12.66,1.64,12.59,2.19,14.08,3.16,9.04,1.42,8.53,1.35
-22.5,-44.8,"TRACHYTE [26430]",148.47,259.22,39.32,138.02,22.17,2.11,17.43,2.52,12.75,2.45,6.88,1.06,6.57,1.12
-22.5,-44.8,"TRACHYTE [26430]",40.51,90.37,19.9,73.68,13.78,3.11,12.11,1.88,10.48,2.17,6.17,0.91,5.71,0.91
-22.5,-44.8,"TRACHYTE [26430]",45.49,92.62,15.28,59.03,11.49,3.26,10.4,1.64,9.08,1.88,5.23,0.81,4.97,0.82
-15.53363,-39.851691,"TRACHYTE, NEPHELINE [26458]",265.3,424.1,45.31,136.041,19.112,1.17,14.48,2,9.95,1.95,5.6,0.91,5.7,0.84
26.5855,99.9185,"TRACHYTE [26515]",64.3,121.065375302663,14.3,55.8237145855194,10.5,2.37923425954039,9.17000330500648,1.35,7.05567451820128,1.35,3.62,0.492,3.11,0.461
26.5855,99.9185,"TRACHYTE [26515]",48.3,92.2518159806295,10.7,41.6579223504722,7.9,2.0267407109054,6.85354880598672,1.04,5.47109207708779,1.04,2.79,0.392,2.6,0.374
26.5855,99.9185,"TRACHYTE [26515]",54.3,98.6682808716707,11.6,46.0650577124869,9.06,2.15142312190942,8.05725076461982,1.18,6.22055674518201,1.19,3.32,0.451,2.95,0.445
26.5855,99.9185,"TRACHYTE [26515]",50.4,95.7627118644068,10.8,41.2381951731375,7.84,1.93233268010561,6.91201885872012,1.04,5.28907922912206,1.04,2.83,0.388,2.57,0.391
26.5855,99.9185,"TRACHYTE [26515]",51.5,93.8256658595642,11.2,43.1269674711438,8.42,2.16052138224296,7.45109669999568,1.1,5.71734475374732,1.12,3.02,0.422,2.71,0.412
26.5833,99.9167,"TRACHYTE [26515]",52.406,103.026,11.776,46.395,9.38,2.041,7.725,1.182,6.355,1.226,3.277,0.475,3.17,0.473
26.5833,99.9167,"TRACHYTE [26515]",51.807,100.806,11.514,46.218,9.11,2.183,7.841,1.256,6.527,1.194,3.353,0.503,3.306,0.475
26.5833,99.9167,"TRACHYTE [26515]",53.343,103.769,11.785,45.594,9.035,1.986,7.866,1.222,6.36,1.206,3.385,0.49,3.408,0.49
26.5833,99.9167,"TRACHYTE [26515]",68.202,109.243,13.97,54.369,11.047,2.546,9.958,1.556,8.126,1.639,4.629,0.683,4.147,0.614
26.5833,99.9167,"TRACHYTE [26515]",60.74,101.773,12.76,50.365,10.933,2.417,9.204,1.436,7.654,1.456,4.114,0.597,4.314,0.642
26.5833,99.9167,"TRACHYTE [26515]",52.673,99.023,11.462,44.212,9,1.949,7.547,1.177,5.929,1.135,3.342,0.467,3.348,0.46
26.5833,99.9167,"TRACHYTE [26515]",55.299,106.376,11.898,48.1,9.418,1.988,7.898,1.205,6.208,1.226,3.343,0.501,3.376,0.482
26.5833,99.9167,"TRACHYTE [26515]",50.608,100.149,11.366,44.969,9.563,2.071,7.368,1.141,6.312,1.169,3.493,0.526,3.479,0.492
26.5833,99.9167,"TRACHYTE [26515]",54.606,107.456,11.837,47.125,9.286,1.94,7.525,1.168,6.5,1.277,3.555,0.545,3.612,0.524
26.5833,99.9167,"TRACHYTE [26515]",61.171,112.972,12.504,50.082,9.93,2.115,8.467,1.293,6.852,1.394,4,0.593,3.935,0.588
26.5833,99.9167,"TRACHYTE [26515]",51.234,98.691,11.222,46.988,9.242,1.938,7.722,1.183,6.279,1.225,3.475,0.493,3.492,0.528
26.5833,99.9167,"TRACHYTE [26515]",55.293,103.824,11.653,46.428,9.717,2.027,7.683,1.248,6.754,1.332,3.816,0.595,3.953,0.632
26.5833,99.9167,"TRACHYTE [26515]",51.087,96.436,11.307,44.167,9.57,2.03,7.478,1.158,6.241,1.243,3.366,0.501,3.517,0.477
26.5833,99.9167,"TRACHYTE [26515]",46.002,83.247,9.919,40.43,8.207,1.817,6.885,1.109,5.882,1.119,3.21,0.462,3.257,0.469
26.5833,99.9167,"TRACHYTE [26515]",49.041,92.859,10.807,43.515,8.896,1.81,7.139,1.157,5.901,1.122,3.282,0.481,3.257,0.498
26.5833,99.9167,"TRACHYTE [26515]",48.436,94.306,10.923,43.876,9.096,2.053,7.342,1.131,6.508,1.177,3.267,0.523,3.353,0.502
26.5833,99.9167,"TRACHYTE [26515]",54.348,104.439,11.556,46.806,9.047,2.081,7.718,1.139,6,1.208,3.267,0.505,3.429,0.505
26.5833,99.9167,"TRACHYTE [26515]",51.156,97.045,11.036,43.859,9.011,1.94,7.137,1.13,5.917,1.195,3.279,0.479,3.343,0.452
32.15,109.5,"TRACHYTE [26518]",69.8,151,16.9,64.7,11.05,2.9,8.24,1.26,6.94,1.27,3.16,0.44,2.54,0.39
32.15,109.5,"TRACHYTE [26518]",88.9,192,19.6,69.4,11.65,2.85,8.75,1.44,8.02,1.51,4.06,0.58,3.64,0.59
32.15,109.5,"TRACHYTE [26518]",183,376,40.8,150,22.9,3.85,16,2.62,15.4,2.99,7.95,1.13,6.88,1.06
32.15,109.5,"TRACHYTE [26518]",163,330,34.1,118.5,19.35,3.37,14,2.17,12.35,2.39,6.49,0.9,5.69,0.86
32.15,109.5,"TRACHYTE, BIOTITE [26518]",217,422,47.9,173.5,28.9,5.22,21.6,3.47,19.75,3.76,10.15,1.42,8.87,1.41
32.15,109.5,"TRACHYTE, BIOTITE [26518]",371,722,79.4,279,46.6,6.11,35.3,6.03,35.6,7.01,19.3,2.81,17.4,2.68
32.15,109.5,"TRACHYTE, BIOTITE [26518]",366,715,80.7,276,47.2,6.29,35.4,6.02,36,7.16,19.25,2.87,17.4,2.71
32.15,109.5,"TRACHYTE, BIOTITE [26518]",363,713,81.3,275,46.1,6.29,37.3,6.27,36.5,7.14,19.85,2.87,17.6,2.7
32.15,109.5,"TRACHYTE, BIOTITE [26518]",178,349,39.2,138,22.4,5,16.15,2.52,14.2,2.68,7.23,1.02,6.35,0.95
32.15,109.5,"TRACHYTE, BIOTITE [26518]",295,581,65.2,224,37.2,6.55,26.8,4.38,24.6,4.82,13.3,1.97,12.45,1.84
-35.6315,-68.5324,"TRACHYTE [26538]",65.1,129,13.34,43.9,8.23,0.29,6.46,1.15,7.27,1.47,4.65,0.8,5.88,0.96
41.0036,32.8069,"TRACHYTE [26631]",35.5,65.6,7.97,31.2,6.19,1.5,5.61,0.82,4.9,0.92,2.81,0.43,2.83,0.44
-46.63,37.93,"TRACHYTE [10315]",67.9,149,16.3,66,11.8,3.31,9.5,1.36,8.4,1.52,4.14,0.59,3.95,0.55
22.914168,112.966093,"TRACHYTE [26774]",129,221,23.6,82.2,14.6,0.604,13,2.45,12.8,2.36,6.73,1.14,7.22,1.04
22.914168,112.966093,"TRACHYTE [26774]",132,227,24.6,86.8,14.9,0.555,13,2.47,12.8,2.39,6.56,1.12,7.07,1.02
22.93138147,112.96168327,"TRACHYTE [26774]",63.6,127,13.75,50.9,11.65,1.04,11.8,2.17,13.3,2.79,8.11,1.27,8.45,1.28
23.139571,112.922555,"TRACHYTE [26774]",102,129,20.8,80.4,16.2,1.07,15.2,3.05,17.2,3.48,9.75,1.69,10.5,1.54
23.147315,112.92455077,"TRACHYTE [26774]",227,267,47.1,167,32.3,1.18,27.7,5.46,29.2,5.71,16.5,2.92,17.8,2.42
23.157052,112.953293,"TRACHYTE [26774]",114,207,21.9,83.6,16.9,0.736,15.9,3.14,18,3.57,10.2,1.85,11.9,1.7
23.16807,112.938949,"TRACHYTE [26774]",179,273,37.7,142.5,28.4,1.46,25.5,4.42,27.8,5.99,19.1,3.04,19.65,2.92
23.159419,112.934057,"TRACHYTE [26774]",1465,187,315,1160,170,7.99,107,14.4,68.2,12.25,31.6,4.48,27.9,4.33
23.157229,112.936374,"TRACHYTE [26774]",339,265,63.8,228,43.8,1.59,37.7,5.83,31.8,6.15,17.45,2.54,16.35,2.52
23.182154,112.893051,"TRACHYTE [26774]",54.2,113,12.55,51.3,11.15,2.16,10.2,1.68,9.54,1.8,5.05,0.74,4.82,0.74
23.146546,112.923939,"TRACHYTE [26774]",140.5,162.5,28.1,104.5,19.95,1.26,17.5,2.87,16.9,3.35,9.79,1.49,9.71,1.46
23.153392,112.955364,"TRACHYTE [26774]",416,723,91.1,315,59,5.46,45.4,6.97,35.3,6.39,16.8,2.38,14.65,2.2
22.938061,112.971135,"TRACHYTE [26774]",139.5,260,25.7,91.3,16.85,0.68,13.45,2.32,13.4,2.7,7.95,1.23,8.18,1.26
22.914089,112.965889,"TRACHYTE [26774]",121.5,232,23.5,81.8,14.9,0.63,13.55,2.19,13.6,2.68,7.58,1.25,7.81,1.3
8.212153,39.152767,"TRACHYTE [26780]",77.8692637968062,143.905669744032,16.4843680379639,60.2337832605186,11.5390644965935,2.76509805944861,9.94403948462882,1.57847567886446,9.73053622514378,1.93070322704753,5.58130367615464,0.812358259032853,5.57974623908221,0.857568847480679
8.219271,39.15395,"TRACHYTE [26780]",79.2809275267892,142.389284278833,16.6268057535806,60.4714197233793,11.685822679479,2.67911381819975,9.95808457215125,1.49416453008757,9.37456361430263,1.8326096415604,5.51051609677803,0.801023462757098,5.46450614765808,0.802842087724237
37,97.5,"TRACHYTE [26802]",58.12,135,12.87,38.36,6.52,0.69,5,0.74,4.34,0.87,2.72,0.42,2.94,0.43
37,97.5,"TRACHYTE [26802]",138.62,246.62,24.02,74.38,10.29,1.84,7.31,0.84,4.39,0.79,2.17,0.32,2.02,0.3
37,97.5,"TRACHYTE [26802]",52.56,105.71,10.91,33.97,6.15,0.64,5.14,0.74,4.53,0.92,2.74,0.44,2.93,0.45
37,97.5,"TRACHYTE [26802]",149.38,262.24,25.41,77.79,10.76,1.84,7.69,0.89,4.7,0.85,2.35,0.35,2.22,0.33
37,97.5,"TRACHYTE [26802]",105.07,192.83,18.66,57.13,8.45,1.26,6.33,0.8,4.45,0.86,2.45,0.37,2.45,0.37
25.3861666666667,101.2565,"TRACHYTE [26834]",87.2936773041364,258.626674870941,16.014804356569,54.6362642386769,7.65162915221609,2.24732073079316,4.76694905368876,0.570914331111026,3.06523461138896,0.57396331707497,1.60851787595334,0.24948686722218,1.60251022504717,0.257463829375969
40.78,14.05,"TRACHYTE [9453]",141,256,27.5,94,16.1,1.5,12.7,2,11,2.2,5.4,1,6.1,0.9
40.78,14.05,"TRACHYTE [9453]",138,253,27.1,93,16.1,1.6,12.1,1.9,9.8,2.2,5.7,0.9,6.1,0.9
40.78,14.05,"TRACHYTE [9453]",108,198,21,72,12.7,1.6,9.2,1.5,7.7,1.7,4.2,0.6,4.7,0.6
40.78,14.05,"TRACHYTE [9453]",115,212,22.6,78,14.2,1.9,10.3,1.5,9.3,1.8,4.8,0.7,4.5,0.8
40.78,14.05,"TRACHYTE [9453]",126,226,25.2,87,15.7,1.6,11.2,1.7,10.5,2.1,5.3,0.8,5,0.9
40.78,14.05,"TRACHYTE [9453]",121,220,24.5,84,15,1.6,11.4,1.7,10,1.9,5.3,0.8,4.9,0.9
40.78,14.05,"TRACHYTE [9453]",124,234,25.9,86,15.4,1.5,11.7,1.8,10.6,2,5.3,0.9,5.2,0.9
40.78,14.05,"TRACHYTE [9453]",154,279,28.6,103,18,1.4,14.5,2.1,11.3,2.5,6.5,1,6.5,1.1
40.78,14.05,"TRACHYTE [9453]",123,230,25,86,15.5,1.5,11.4,1.8,9.9,2.1,5.4,0.8,5.4,0.9
40.78,14.05,"TRACHYTE [9453]",120,225,25,88,15,1.5,11.4,1.8,9.9,2,5,0.8,5.5,0.8
40.78,14.05,"TRACHYTE [9453]",125,232,24.9,90,15.5,1.5,12.6,1.8,9.6,2.2,5.5,0.8,5.9,1
40.78,14.03,"TRACHYTE [9453]",88,159,16.9,59,10.6,2.2,8.3,1.2,6.4,1.3,3.2,0.5,3.3,0.5
40.78,14.03,"TRACHYTE [9453]",72,137,14.8,54,9.9,2.3,7.9,1.1,5.9,1.2,2.9,0.4,2.8,0.4
40.78,14.03,"TRACHYTE [9453]",118,224,24.6,85,15.1,1.1,12.1,1.8,10.1,2.2,5.5,0.8,5.7,0.9
40.78,14.03,"TRACHYTE [9453]",124,239,27.2,93,16.7,1.2,12.8,1.9,10.4,2.2,5.5,0.9,5.6,0.9
40.78,14.03,"TRACHYTE [9453]",131,249,28.1,97,17.4,1.1,13.8,2,11.3,2.3,5.8,0.9,6.1,1
40.78,14.03,"TRACHYTE [9453]",130,248,27.7,98,17.1,1.1,13.6,2,11.2,2.3,5.8,0.9,6,0.9
40.78,14.03,"TRACHYTE [9453]",37,75,9.1,38,8.2,2.3,7.1,1,4.8,1,2.1,0.3,1.9,0.3
40.78,14.03,"TRACHYTE [9453]",36,74,9.1,38,7.8,2.3,7,0.9,4.8,0.9,2.2,0.3,1.9,0.3
40.78,14.03,"TRACHYTE [9453]",134,251,27.9,97,16.7,1,13.8,2,11.4,2.3,5.8,0.9,6.4,1
40.78,14.03,"TRACHYTE [9453]",132,249,27.5,94,16.2,1.1,13.1,1.9,10.7,2.3,5.8,0.9,6.2,1
40.78,14.03,"TRACHYTE [9453]",100,200,22.8,85,15.6,1.3,10.7,1.7,9,1.9,4.8,0.7,4.6,0.7
40.78,14.03,"TRACHYTE [9453]",135,252,27.4,94,16,1.5,11.8,1.8,10.2,2.2,5.6,0.9,6,1
40.78,14.03,"TRACHYTE [9453]",72,143,15.4,56,10,1.4,6.9,1.1,6,1.3,3.2,0.5,3.1,0.5
40.78,14.03,"TRACHYTE [9453]",108,203,21.8,75,13,1.6,9.3,1.5,8.2,1.7,4.4,0.7,4.4,0.7
40.78,14.03,"TRACHYTE [9453]",121,222,24.2,84,14.9,1.4,10.6,1.7,9.1,1.9,5,0.8,5,0.8
40.78,14.03,"TRACHYTE [9453]",142,255,27.2,94,16.1,1.3,13,2,11.1,2.2,5.7,0.9,6.3,0.9
40.78,14.03,"TRACHYTE [9453]",64,120,11.8,45,8.5,1.9,6.6,1,4.8,1,2.6,0.4,2.8,0.4
40.78,14.03,"TRACHYTE [9453]",82,151,15.7,53,9.4,2.5,8,1.1,5.6,1.2,2.9,0.4,2.8,0.4
40.78,14.03,"TRACHYTE [9453]",70,136,14.5,52,9.1,2,7.3,1,5.4,1.1,3,0.4,3,0.4
40.78,14.03,"TRACHYTE [9453]",81,159,16.6,59,10.3,2,8,1.2,6.4,1.3,3.1,0.5,3.2,0.5
40.78,14.03,"TRACHYTE [9453]",84,162,16.7,61,11,2.1,8.5,1.2,6.4,1.3,3.3,0.5,3.3,0.5
40.78,14.03,"TRACHYTE [9453]",80,154,16.2,61,10.5,2.1,8.1,1.2,6.1,1.3,3.2,0.5,3.2,0.5
40.78,14.03,"TRACHYTE [9453]",55,107,11.6,43,8.6,2.3,6.4,0.9,4.9,0.9,2.2,0.3,2.2,0.4
40.78,14.03,"TRACHYTE [9453]",68,131,13.6,48,8.9,2.1,7,1,5.4,1,2.7,0.4,3,0.4
40.78,14.03,"TRACHYTE [9453]",77,151,16.1,54,9.7,2.1,7.7,1.1,5.9,1.2,2.9,0.5,3.3,0.5
40.78,14.03,"TRACHYTE [9453]",84,157,16.3,57,10.3,2.1,8,1.1,5.8,1.3,3.2,0.5,3.1,0.5
40.78,14.03,"TRACHYTE [9453]",137,271,27.7,94,16.6,1.5,13.8,2.1,11,2.1,5.9,0.9,6.4,1
40.9,14.2,"TRACHYTE [9453]",140,260,29.2,97,17.4,1.6,13.1,2.1,11.3,2.3,6.2,0.9,6.6,1.1
40.78,14.05,"TRACHYTE [9453]",53,101,10.6,42,7.9,1.9,5.9,0.9,4.6,1,2.4,0.3,2.4,0.4
40.78,14.05,"TRACHYTE [9453]",53,98,11,40,7.7,2,5.6,0.9,4.8,1,2.3,0.3,2.4,0.4
40.78,14.05,"TRACHYTE [9453]",135,244,24.7,83,14.5,1.4,10.5,1.6,9,1.9,5.4,0.8,5.6,1
40.78,14.05,"TRACHYTE [9453]",134,244,25.2,84,14.5,1.5,11.4,1.7,9.1,1.9,5.4,0.9,5.6,0.9
40.78,14.05,"TRACHYTE [9453]",83,156,16.6,57,10.4,2.4,7.9,1.1,6.2,1.2,3.4,0.5,3,0.5
40.78,14.05,"TRACHYTE [9453]",103,195,20.4,72,13.1,2,10.1,1.4,7.6,1.6,4.2,0.7,4.3,0.6
40.78,14.05,"TRACHYTE [9453]",100,189,21.7,75,13.4,1.9,9.8,1.4,8,1.6,4,0.6,4.2,0.6
40.85,14.25,"TRACHYTE [9453]",77,144,15.3,55,9.6,1.8,7.1,1,5.7,1.2,2.8,0.4,3.1,0.5
40.85,14.25,"TRACHYTE [9453]",83,153,16.4,59,10.1,1.9,7.6,1.1,6.1,1.2,2.9,0.4,3.2,0.5
40.85,14.25,"TRACHYTE [9453]",80,153,15.7,57,10.1,2,7.4,1.1,5.6,1.2,3.1,0.4,3.1,0.5
40.85,14.25,"TRACHYTE [9453]",62,119,12.8,48,8.5,2.3,6.2,0.9,4.8,1,2.3,0.3,2.4,0.3
40.85,14.25,"TRACHYTE [9453]",82,154,16.5,60,10.1,2.1,7.9,1.1,5.9,1.2,3.1,0.5,3.3,0.5
40.85,14.25,"TRACHYTE [9453]",99,189,20,72,12.4,1.9,9,1.3,7.5,1.5,3.9,0.6,4.1,0.6
40.85,14.25,"TRACHYTE [9453]",99,188,19.5,70,11.9,1.8,9.1,1.4,7.4,1.5,3.8,0.6,3.9,0.6
40.85,14.25,"TRACHYTE [9453]",81,150,15.9,56,9.8,2.1,7.5,1.1,5.7,1.2,3,0.5,3.1,0.5
-27.01,-69.21,"TRACHYTE [27006]",22.3,45.3,5.44,21.5,3.05,0.9,1.86,0.25,1.39,0.21,0.6,0.09,0.52,0.09
-27.01,-69.21,"TRACHYTE [27006]",22,47.2,5.86,23.2,3.22,0.81,2.17,0.25,1.38,0.22,0.55,0.09,0.49,0.08
-27.01,-69.21,"TRACHYTE [27006]",21.2,41.4,4.85,19.8,3.22,0.85,2.11,0.29,1.33,0.24,0.69,0.09,0.56,0.09
-27.01,-69.21,"TRACHYTE [27006]",20.4,40.4,4.89,19.4,3.48,0.89,2.12,0.29,1.53,0.26,0.63,0.09,0.56,0.08
37.518,-25.481,"TRACHYTE [9385]",137.096780175985,265.258016020203,28.613380420629,95.0113483013061,16.3608834786726,2.46801263225775,13.1479385179093,2.11114508937379,12.2191113917058,2.41161504162885,6.73131247287219,0.982517105315077,6.42966420707888,0.925172513119994
37.514,-25.504,"TRACHYTE [9385]",76.3637813211845,152.179271070615,16.9819134396355,59.8961275626424,10.5366514806378,2.69250480560495,8.41269075669135,1.31400911161731,7.3773576309795,1.41081093394077,3.85269362186788,0.548291571753986,3.54687927107062,0.496865603644647
37.523,-25.474,"TRACHYTE [9385]",93,180,20.3,69.8,12.2,2.32,9.72,1.54,8.86,1.71,4.77,0.69,4.5,0.65
-3.8396,-32.3992,"TRACHYTE [27069]",117.1,167.5,14.08,36.7,4.4,1.29,3.26,0.47,3.04,0.59,1.9,0.31,2.2,0.34
-3.8396,-32.3992,"TRACHYTE [27069]",112.5,159.9,13.44,35.1,4.5,1.29,3.13,0.49,2.84,0.58,1.83,0.28,2.1,0.31
-49.5,69.5,"TRACHYTE [27085]",20.7566685023215,35.0310894402,4.70880449158261,18.4460172457432,4.23389589324433,2.59642345417163,3.44,0.55,2.97199487227146,0.496025118877208,1.27054254599086,0.187729607189081,1.16836403178387,0.15215296617099
-39.5815,-71.5019,"TRACHYTE [27233]",39.8,84.9,9.89,41.3,9.1,2.42,8.6,1.3,8,1.6,4.5,0.68,4.5,0.74
-39.5832,-71.5073,"TRACHYTE [27233]",40.3,86.8,10.2,42.3,9.2,2.46,8.4,1.3,7.5,1.5,4.5,0.67,4.3,0.7
-39.6116,-71.549,"TRACHYTE [27233]",32,71.3,8.27,36.2,8,2.38,7.2,1.1,6.3,1.2,3.7,0.53,3.5,0.53
-39.5919,-71.4628,"TRACHYTE [27233]",37.2,80.4,9.77,40.2,9,2.27,7.5,1.3,7.9,1.5,4.4,0.68,4.4,0.61
-39.5598,-71.4854,"TRACHYTE [27233]",35.9,76.4,8.91,37.5,8.5,2.08,7.4,1.2,7,1.4,4,0.62,4.1,0.65
37,77.3,"TRACHYTE [27242]",148.92,277,30.96,97.06,19.65,4.566,24.18,3.55,20.06,3.54,9.354,1.2586,7.68,1.1328
37,77.3,"TRACHYTE [27242]",48.22,102.12,11.742,40.25,9.232,1.1898,10.554,1.8016,12.466,2.796,8.906,1.3094,8.4,1.2858
37.2091,131.93,"TRACHYTE [27302]",39.5,66.2,6.6,20.3,2.9,0.68,2.47,0.33,1.8,0.34,0.91,0.15,0.95,0.14
37.2045,132.0816,"TRACHYTE [27302]",81.7,136.4,12.9,37.9,5.5,0.64,4.43,0.58,3.35,0.65,1.97,0.31,1.85,0.29
37.2045,132.0816,"TRACHYTE [27302]",89.7,150.5,14,41.4,6.1,0.63,4.72,0.63,3.68,0.71,1.99,0.31,2.11,0.31
37.348326,48.476578,"TRACHYTE [27391]",26.4117,49.399,5.4184,20.2146,3.9101,1.2828,3.4872,0.5458,3.4178,0.712,2.0591,0.3162,2.1664,0.3494
38.8028251170139,47.8705157340576,"TRACHYTE [28447]",36.1,76.8,6.99,24.7,4.28,0.69,4.1,0.61,3.02,0.65,1.92,0.35,2.12,0.34
37.5486,130.9028,"TRACHYTE [28457]",94.8,159,15.6,51.5,8.05,1.94,5.49,0.89,5.09,0.99,2.83,0.43,2.83,0.43
37.5391,130.8698,"TRACHYTE [28457]",84.5,134,12.5,40.5,5.99,1.86,4.15,0.66,3.9,0.74,2.18,0.35,2.4,0.35
50.5,9.2,"TRACHYTE [9421]",73.39,135.74,12.7,40.27,6.27,1.83,5.01,0.72,3.79,0.75,2.26,0.34,2.28,0.34
50.5,9.2,"TRACHYTE [9421]",75.47,139.13,12.66,39.41,6.18,1.76,4.88,0.72,3.74,0.73,2.29,0.34,2.3,0.34
50.5,9.2,"TRACHYTE [9421]",74.46,139.73,12.93,39.91,6.22,1.77,4.93,0.72,3.72,0.76,2.31,0.34,2.27,0.36
50.5,9.2,"TRACHYTE [9421]",72.42,138.68,12.71,38.27,5.85,1.72,4.83,0.69,3.68,0.73,2.24,0.34,2.32,0.34
50.5,9.2,"TRACHYTE [9421]",63.48,140.42,11.74,37.59,6.18,1.66,4.23,0.61,3.3,0.62,1.9,0.29,1.92,0.28
50.5,9.2,"TRACHYTE [9421]",83.55,154.39,14.04,43.89,6.65,1.84,4.75,0.66,3.59,0.69,2.01,0.31,2.05,0.32
50.5,9.2,"TRACHYTE [9421]",80.23,143.67,13.51,40.77,6.4,1.85,5.18,0.74,3.87,0.78,2.31,0.34,2.41,0.38
50.5,9.2,"TRACHYTE [9421]",77.68,136.67,12.71,39.21,5.87,1.57,4.55,0.66,3.35,0.68,2.01,0.31,2.11,0.31
50.5,9.2,"TRACHYTE [9421]",78.62,142.18,13.21,42.11,6.47,1.86,4.9,0.68,3.86,0.74,2.1,0.32,2.13,0.33
50.5,9.2,"TRACHYTE [9421]",22.71,105.06,3.91,15.91,2.61,1.64,2.2,0.27,1.82,0.4,0.93,0.19,1.01,0.14
50.5,9.3,"TRACHYTE [9421]",45.83,93.11,6.92,21.48,3,1.16,3.08,0.38,1.77,0.37,1.12,0.15,1.01,0.17
33.17,54,"TRACHYTE [28635]",37.8,72.8,8.9,33.6,6.81,1.72,5.76,0.89,5.21,1.06,2.95,0.46,2.91,0.46
40.7285,13.9353,"TRACHYTE [11690]",69.2,123.9,14.3,50.7,9.37,1.4,7.43,1.1,6.32,1.3,3.4,0.6,3.61,0.48
40.75,13.88,"TRACHYTE [11690]",37.5,75.9,18.5,37.6,7.35,2.26,6.04,1.5,4.85,1.9,2.37,1,2.16,0.32
41.3458,42.1053,"TRACHYTE [28721]",26.19,45.24,4.24,13.1,2.09,0.31,1.53,0.25,1.85,0.4,1.29,0.22,1.6,0.26
40.78,14.05,"TRACHYTE [9456]",131,259,27.9,93,15.8,1.7,12.9,1.8,10,1.9,5,0.9,5,0.9
8.62,39.52,"TRACHYTE [14226]",149,296,35.1,135,29.1,5.7,28.4,5.1,30.3,5.8,17.3,2.7,16.6,2.4
29,121.6,"TRACHYTE, QUARTZ [29017]",82.37,163.62,18.01,67.9,10.94,2.2,8.21,1.22,6.86,1.36,3.71,0.56,3.62,0.56
-84.58,-176.33,"TRACHYTE [7946]",35.67,81.12,10.53,37.319,9.052,2.43,10.63,1.81,11.56,2.5,7.17,1.1,7.27,1.11
-9.05369,33.627971,"TRACHYTE [14594] / ANDESITE [20507]",202,406,40,135,20,2.38,17.3,2.15,10.7,1.98,6,0.89,4.9,0.7
-9.075634,33.57132,"TRACHYTE [14594] / ANDESITE [20507]",164,327,30,100,14,2.53,11.7,1.45,7.9,1.47,4.4,0.69,4.1,0.59
-13.755,-170.535,"NOT GIVEN [14912]",118.151474180321,235.375288987081,26.4439633741849,87.8827777321063,16.0624649200619,3.11804594550272,11.983753352202,2.09607951055068,12.0506295994839,2.19610861253208,5.50313026482738,0.75988016545864,4.32310970184513,0.626694723325193
-13.755,-170.535,"NOT GIVEN [14912]",107.205251342375,208.200632871556,22.6663193055013,75.5097277614857,12.9550169495681,2.55754115034185,9.45529833987304,1.54919357514952,8.81822397649681,1.5901371498092,4.06384090650693,0.566679270396379,3.28523123952576,0.489519524626896
64.807,-15.633,"TRACHYTE [10159]",87.5,177.5,19.4,69.3,13,2.51,11.2,1.75,10.9,2.3,6.37,0.95,6.79,1.09
40.821,14.426,"TRACHYTE [10088]",69.4,130,14,50,8.7,2.3,6.7,0.96,5.3,0.91,2.6,0.37,2.5,0.39
40.821,14.426,"TRACHYTE [10088]",89,165,16.8,57.9,10.1,2.6,7.9,1.12,6.1,1.1,3,0.44,3,0.46
40.821,14.426,"TRACHYTE [10088]",79.7,148,15.4,53.7,9.4,2.6,7.5,1.06,5.6,1,2.7,0.4,2.7,0.4
40.821,14.426,"TRACHYTE [10088]",74.5,140,14.3,49.4,8.7,2.3,6.7,0.97,5.3,0.92,2.6,0.38,2.6,0.39
40.821,14.426,"TRACHYTE [10088]",85.5,159,17,57,9.7,2.3,7.7,1.12,6,1.11,3.1,0.46,3.1,0.47
40.821,14.426,"TRACHYTE [10088]",85.6,167,17.8,60.3,10.3,2.4,8.2,1.17,6.3,1.15,3.2,0.48,3.2,0.49
40.821,14.426,"TRACHYTE [10088]",87.8,167,17.6,60.4,10.5,2.3,8.3,1.23,6.5,1.19,3.3,0.47,3.3,0.51
40.821,14.426,"TRACHYTE [10088]",88.2,165,17.2,60.3,10.4,2.3,8,1.19,6.3,1.19,3.3,0.47,3.3,0.5
40.821,14.426,"TRACHYTE [10088]",82.6,162,17.2,58.8,10.1,2.2,8,1.18,6.5,1.22,3.4,0.47,3.4,0.51
40.821,14.426,"TRACHYTE [10088]",114,215,22.9,78.4,13.5,2.4,10.3,1.53,8.4,1.57,4.3,0.64,4.4,0.68
40.821,14.426,"TRACHYTE [10088]",124,228,24.1,80.2,13.7,1.4,10.7,1.63,9.3,1.73,5.1,0.79,5.4,0.83
40.821,14.426,"TRACHYTE [10088]",79.4,133,12.6,38.5,6.1,1.1,4.7,0.71,4,0.78,2.4,0.41,2.9,0.49
40.821,14.426,"TRACHYTE [10088]",92.2,178,19.1,66,11.6,2.5,8.7,1.28,7,1.28,3.6,0.55,3.8,0.61
40.821,14.426,"TRACHYTE [10088]",76.6,145,15.5,53.2,9.5,1.7,7.4,1.09,6.1,1.13,3.2,0.49,3.3,0.51
40.821,14.426,"TRACHYTE [10088]",79.9,132,12.2,36.8,5.9,1.1,4.7,0.67,4,0.76,2.4,0.39,2.9,0.48
40.821,14.426,"TRACHYTE [10088]",81.7,134,12.3,38,5.8,1.1,4.5,0.68,3.9,0.75,2.4,0.39,3,0.49
40.821,14.426,"TRACHYTE [10088]",81.9,134,12.4,37.1,5.8,1.1,4.6,0.66,3.8,0.76,2.4,0.39,3,0.5
40.821,14.426,"TRACHYTE [10088]",81,135,12.6,39,6.1,1.1,4.8,0.71,4.1,0.81,2.5,0.4,3,0.49
40.821,14.426,"TRACHYTE [10088]",82.1,136,12.9,39.2,6.1,1.2,4.9,0.7,4.1,0.8,2.5,0.41,3,0.5
40.821,14.426,"TRACHYTE [10088]",78.6,132,12.4,37.7,6,1.1,4.6,0.71,3.9,0.8,2.4,0.39,3,0.49
40.821,14.426,"TRACHYTE [10088]",79.8,133,12.7,39.1,6.3,1.1,4.9,0.73,4.1,0.82,2.5,0.42,3.1,0.49
40.821,14.426,"TRACHYTE [10088]",80.1,133,12.6,38.8,6.2,1.2,4.8,0.74,4.1,0.83,2.5,0.4,3.2,0.5
40.821,14.426,"TRACHYTE [10088]",77.4,131,12.8,40.4,6.7,1.3,5.2,0.76,4.4,0.86,2.6,0.4,3,0.49
40.821,14.426,"TRACHYTE [10088]",76.3,131,12.9,40.5,6.8,1.3,5.4,0.79,4.5,0.89,2.6,0.41,3.1,0.51
40.821,14.426,"TRACHYTE [10088]",75.9,132,13,40.5,6.8,1.3,5.3,0.8,4.5,0.87,2.6,0.41,3.1,0.51
40.821,14.426,"TRACHYTE [10088]",75.9,135,13.4,43.5,7.5,1.4,5.8,0.87,4.9,0.94,2.7,0.43,3.1,0.52
51.58,111.17,"BASALTIC-TRACHYANDESITE [17345] / TRACHYANDESITE [15367] / TRACHYTE [12013]",47.2,104,12.9,59.9,13,3.87,10.6,1.78,9.48,1.98,6.08,0.82,5.22,0.77
51.58,111.17,"TRACHYTE [17345]",58.2,131,14.2,42.9,7.99,2.99,9.3,1.5,8.15,1.71,4.39,0.55,3.22,0.47
43.45,83.2,"NOT GIVEN [23342] / TRACHYTE [11907]",14.05,33.87,4.27,16.73,4.24,1.08,4.09,0.7,4.06,0.79,2.22,0.35,2.45,0.36
43.45,83.2,"BASALTIC-TRACHYANDESITE [20935] / TRACHYTE [11907]",16.82,41.75,5.55,22.42,5.49,1.18,4.67,0.7,4.21,0.85,2.36,0.36,2.5,0.41
37.855,-25.874,"TRACHYTE [10567]",76.3637813211845,152.179271070615,16.9819134396355,59.8961275626424,10.5366514806378,2.69250480560495,8.41269075669135,1.31400911161731,7.3773576309795,1.41081093394077,3.85269362186788,0.548291571753986,3.54687927107062,0.496865603644647
37.758,-25.242,"TRACHYTE [10567]",109,205,22.5,75.4,12.5,2.96,9.01,1.38,7.73,1.48,3.95,0.55,3.53,0.51
32.6281,36.6689,"TRACHYTE [10601]",69.5,129,13.7,46.1,7.96,1.69,7.28,1.107,6.68,1.36,3.99,0.63,4.46,0.703
32.6281,36.6689,"TRACHYTE [10601]",67.8,126,13.4,45.3,7.9,1.65,7.26,1.097,6.61,1.36,4.01,0.628,4.49,0.701
-15.985,-5.716,"TRACHYTE [15462]",126,233,23.8,78.9,12.7,3.04,9.78,1.62,8.68,1.68,4.99,0.709,4.76,0.71
-15.996,-5.746,"TRACHYTE [15462]",140,252,24.7,79.7,12.8,2.31,10.4,1.79,9.99,2.01,6.01,0.856,5.65,0.833
-15.98,-5.66,"TRACHYTE [15462]",106,186,18,57.6,8.9,2.45,7.03,1.17,6.47,1.3,3.99,0.6,4.09,0.617
83.43,-39.92,"TRACHYTE [15510]",73.2963332165001,123.978315338499,12.9222316702179,40.3,6.62,0.896144337473985,5.53245859114674,0.892094361425184,4.99642043163332,1.04584201053222,2.86646083746199,0.434074791868896,2.79673375041614,0.417350988810066
38.7444,42.2042,"TRACHYTE [8986]",59.5,143.7,16.88,64,13.8,0.84,12.15,2.07,12.53,2,6.47,0.92,7.17,1.08
38.5899,42.346,"TRACHYTE [8986]",62,178.5,16.61,63.9,14.8,1.03,13.03,2.47,15.67,3.36,10.67,1.74,12.14,1.99
38.723,42.2783,"TRACHYTE [8986]",79.1,194.3,19.81,82.9,17.3,1.61,13.75,2.51,15.81,2.93,8.83,1.44,10.62,1.65
38.7012,42.2997,"TRACHYTE [8986]",89.3,185.2,21.78,87.1,19.1,0.88,17.76,3.19,19.01,3.66,11.44,1.68,12.1,1.71
38.6014,42.2057,"TRACHYTE [8986]",40.8,77.8,8.87,34.4,6.3,1.25,5.17,0.99,6.31,1.48,4.09,0.63,4.63,0.71
38.5977,42.2288,"TRACHYTE [8986]",124.3,223.5,28.89,113.8,21,1.57,20.71,3.92,23.77,4.94,14.41,2.21,14.95,2.26
38.6896,42.2975,"TRACHYTE [8986]",35.6,71.2,8.2,31.9,6.3,2.47,5.8,0.97,5.75,1.18,3.44,0.56,3.79,0.6
38.5781,42.2026,"TRACHYTE [8986]",36.6,66.5,8.17,32,6.5,2.05,5.18,1.01,6.09,1.27,3.92,0.66,4.22,0.71
38.6828,42.3224,"TRACHYTE [8986]",37.5,75.6,8.64,34,6.8,2.24,6.46,0.96,6.14,1.29,3.73,0.6,4.52,0.57
38.6714,42.267,"TRACHYTE [8986]",42,87.9,10.1,42.6,8.7,2.66,9.07,1.47,8.79,1.8,5.56,0.87,5.5,0.79
38.5988,42.2362,"TRACHYTE [8986]",81.7,182.1,20.26,78.6,17.8,1.64,14.66,2.72,16.79,3.66,10.19,1.57,11.07,1.72
38.6313,42.2024,"TRACHYTE [8986]",68.9,135.7,15.66,58.8,13.3,2.55,11.52,2.04,13.24,2.92,8.08,1.21,8.68,1.35
38.6664,26.7961,"TRACHYTE [9022]",85,158,15.3,55,9.4,2.22,6.3,0.95,5.1,1.02,2.67,0.45,2.74,0.41
38,30,"TRACHYTE [7599]",102,171,21.9,55,7.9,1.85,10.1,0.79,4.2,0.84,2.33,0.36,2.5,0.37
-4.4833,55.2333,"TRACHYTE [10412]",91.5,162.5,17.7,61.3,11.28,1.69,10.54,1.6,9.73,1.92,5.62,0.77,5.05,0.69
-4.4833,55.2333,"TRACHYTE [10412]",103.9,182.8,19.72,67.5,12.57,1.85,11.7,1.75,10.87,2.19,6.3,0.88,5.77,0.83
-4.4833,55.2333,"TRACHYTE [10412]",95.4,172.6,18.34,62.6,11.79,1.86,10.76,1.62,9.95,1.97,5.64,0.81,5.27,0.74
-4.4833,55.2333,"TRACHYTE [10412]",99.1,174.8,18.88,66,12.04,1.81,11.26,1.74,10.63,2.15,6.1,0.85,5.61,0.81
-4.4833,55.2333,"TRACHYTE [10412]",94.4,170.6,17.84,62.3,11.56,1.8,10.67,1.63,9.89,1.96,5.68,0.78,5.25,0.72
49.8017,-114.5632,"TRACHYTE [10247]",47.7,80,8.39,28.83,3.85,1.19,2.7,0.36,1.93,0.38,1.2,0.18,1.27,0.2
49.714,-114.537,"TRACHYTE [10247]",62,109,11.1,40.92,6.26,1.85,4.5,0.6,3.11,0.59,1.77,0.28,1.77,0.26
49.6324,-114.5372,"TRACHYTE [10247]",64.8,118,12,44.2,7.26,2.23,6.2,0.8,4.07,0.76,2.26,0.35,2.2,0.31
49.5395,-114.5025,"TRACHYTE [10247]",64.8,113,11.9,45.47,7.53,2.14,5.7,0.75,3.91,0.71,2.04,0.31,1.99,0.31
49.5395,-114.5025,"TRACHYTE [10247]",59.3,102,10.8,50.64,8.4,1.95,4.99,0.67,3.48,0.66,1.85,0.28,1.79,0.28
49.5395,-114.5025,"TRACHYTE [10247]",68.1,125,13,47.9,8.3,2.42,6.27,0.84,4.44,0.83,2.38,0.36,2.27,0.36
49.5395,-114.5025,"TRACHYTE [10247]",69.7,120,12.6,44.91,7.35,2.13,5.81,0.75,3.84,0.72,2.06,0.31,1.98,0.3
49.2078,-114.7025,"TRACHYTE [10247]",33.9,61.8,6.43,24.07,3.9,1.25,3.25,0.42,2.25,0.43,1.29,0.2,1.36,0.21
49.2078,-114.7025,"TRACHYTE [10247]",32.3,62.6,6.68,24.2,4,1.32,3.38,0.44,2.41,0.47,1.38,0.23,1.45,0.23
49.2078,-114.7025,"TRACHYTE [10247]",17.7,35.7,4.07,17.11,3.17,1.2,2.81,0.34,1.84,0.37,1.1,0.17,1.17,0.18
38.92,42.98,"TRACHYTE [18073]",24.1,53.8,6.81,27.5,6.3,1.55,6.45,1.22,7.07,1.42,4.18,0.61,3.97,0.62
38.92,42.98,"TRACHYTE [15624]",24.6,54.6,7.21,28.7,6.12,1.38,6.43,1.11,6.54,1.38,4.17,0.67,4.13,0.64
43.2,6.2,"TRACHYTE [7904]",77.2,151,17.41,64.3,11.99,4.91,9.62,1.41,7.66,1.39,3.62,0.57,3.98,0.66
43.2,6.2,"TRACHYTE [7904]",229.9,379.3,50.7,181.9,31.33,3.06,23.92,3.14,15.35,2.34,5.91,0.78,5.59,0.87
40.88,14.42,"TRACHYTE [10114]",42,80,8.7,32,6.5,2.3,5.2,0.7,4,0.7,1.8,0.3,1.8,0.3
40.88,14.42,"TRACHYTE [10114]",44,83,9.1,35,6.3,2.4,5.3,0.7,3.8,0.8,1.9,0.3,1.7,0.3
40.88,14.42,"TRACHYTE [10114]",42,80,8.8,33,6.2,2.2,5,0.7,3.7,0.7,1.8,0.3,1.7,0.3
40.88,14.42,"TRACHYTE [10114]",122,227,23.6,82,14,1.5,11.3,1.7,9.4,1.9,4.9,0.8,5.4,0.9
40.88,14.42,"TRACHYTE [10114]",112,205,21.4,75,13.4,1.6,11,1.7,8.7,1.8,4.8,0.7,4.8,0.8
40.88,14.42,"TRACHYTE [10114]",120,220,23.8,81,13.9,1.5,11.5,1.6,9.4,1.9,5.1,0.7,4.9,0.7
40.88,14.42,"TRACHYTE [10114]",71,136,14.1,50,9.3,1.8,7.6,1.1,6,1.2,3,0.5,3,0.5
40.88,14.42,"TRACHYTE [10114]",119,222,22.8,79,13.4,1.5,11.5,1.7,8.9,1.8,4.7,0.7,5.2,0.8
40.88,14.42,"TRACHYTE [10114]",126,232,24.4,85,14.8,1.6,12.1,1.8,9.9,2,5.1,0.8,5.5,0.9
40.88,14.42,"TRACHYTE [10114]",131,238,25.1,88,15.1,1.5,12.1,1.8,10.3,2.1,5.3,0.9,5.8,0.9
40.88,14.42,"TRACHYTE [10114]",132,235,25.8,91,15.4,1.6,12.5,1.9,10.6,2.1,5.4,0.9,6,0.9
40.88,14.42,"TRACHYTE [10114]",125,232,24.4,85,14.1,1.5,11.9,1.8,9.9,2,5,0.8,5.7,0.9
40.88,14.42,"TRACHYTE [10114]",131,236,25.4,89,15.6,1.5,12.6,1.9,10.6,2.1,5.4,0.9,6,0.9
40.88,14.42,"TRACHYTE [10114]",132,238,25.9,89,15,1.6,12.6,1.8,10.4,2.1,5.4,0.9,5.6,0.9
40.88,14.42,"TRACHYTE [10114]",136,243,27,91,16.1,1.6,13,1.9,10.7,2.2,5.7,0.9,5.6,0.9
40.88,14.42,"TRACHYTE [10114]",127,237,24.9,84,14.7,1.5,12.3,1.7,9.8,2,5.2,0.9,5.3,0.9
40.88,14.42,"TRACHYTE [10114]",127,236,24.9,85,14.5,1.5,12.5,1.7,9.9,2,5.3,0.9,5.5,0.9
40.88,14.42,"TRACHYTE [10114]",128,239,25.8,88,14.8,1.5,12.3,1.7,10.3,2,5.3,0.9,5.4,0.9
40.88,14.42,"TRACHYTE [10114]",128,236,24.7,84,14.4,1.4,11.9,1.8,9.5,2.1,5.3,0.8,5.8,0.9
40.88,14.42,"TRACHYTE [10114]",126,237,24.1,84,14.4,1.4,11.8,1.7,9.3,2.1,5.3,0.8,5.7,0.9
40.88,14.42,"TRACHYTE [10114]",126,234,25.4,89,15.6,1.5,12.8,1.8,10.6,2.2,5.4,0.9,5.4,1
40.88,14.42,"TRACHYTE [10114]",125,234,25.2,86,14.5,1.5,12,1.8,9.8,2,5.4,0.8,5.4,0.8
31.4,84.3,"TRACHYANDESITE [14617] / TRACHYTE [15776]",30.8,65.1,8.67,36.9,7.43,2.22,4.99,0.62,2.85,0.48,1.22,0.17,1.17,0.18
31.4,84.3,"TRACHYTE [14617]",48.2,92.7,11.9,46.9,7.81,1.85,5.23,0.57,2.4,0.42,1.08,0.16,1.02,0.17
31.4,84.3,"TRACHYTE [14617]",58.6,124,16.1,68.3,12.48,2.48,8.17,0.96,4.3,0.76,2.02,0.27,1.81,0.29
-78.56,164.4717,"TRACHYTE [17911]",94.424424057698,198.057703646864,20.2973796405313,73.3687929856134,13.8890039872843,2.67187919741755,11.0074072029232,2.24005536054804,10.2081608364931,1.9133895321166,5.35465498335728,0.745521357344675,5.17627093498822,0.65423188077228
-26.617,-65.1875,"TRACHYTE [11135]",58.5,124.53,12.28,44.08,7.47,1.88,5.79,0.84,4.82,0.9,2.68,0.38,2.64,0.4
24.42,33.43,"TRACHYTE [11166]",142,486,32.6,120,24,5.23,22.7,3.52,20.2,3.85,10.7,1.51,9.41,1.4
40.49,32.47,"TRACHYTE [13495]",68.8,108,10.8,37.5,4.9,1.21,3.33,0.53,3.1,0.68,2.11,0.3,2.41,0.42
40.49,32.47,"TRACHYTE [13495]",79.4,115,10.6,37.3,4.7,1.13,3.25,0.44,3.18,0.57,1.86,0.3,2.08,0.38
38.8138,29.3016,"NOT GIVEN [14752] / TRACHYTE [18483]",40,85,10.2,40.4,7,1.59,5.79,0.84,4.28,0.83,2.3,0.35,2.1,0.3
38.8712,29.2698,"NOT GIVEN [14752] / TRACHYTE [18483]",64,135,16.3,62.7,9.9,2.14,6.96,0.93,4.45,0.76,2,0.3,1.9,0.3
-46.58,-71.83,"TRACHYTE [11546]",179,325,32.4,115.03,18.21,2.89,12.7,1.84,10.2,1.96,5.43,0.759,4.73,0.731
-47,-71.5,"TRACHYTE [11546]",70.95,145.5,14.99,55.43,10.14,3.16,8.17,1.26,7.54,1.538,4.4,0.646,4.18,0.658
-36.39402,-69.22035,"TRACHYTE [18070]",52.1,96,9.97,34.5,6.39,0.646,5.72,1,6.15,1.24,4.04,0.711,4.75,0.712
-36.44092,-69.38263,"TRACHYTE [18070]",65.1,119,12.5,43,7.48,0.45,6.74,1.16,7.06,1.44,4.79,0.863,5.65,0.821
-36.38217,-69.151,"IGNIMBRITIC TUFF [18070]",53.5,93.3,9.13,31,5.38,0.634,4.69,0.8,4.83,0.95,3,0.507,3.46,0.497
-36.3808,-69.18318,"IGNIMBRITIC TUFF [18070]",37.7,68.5,7.47,27.2,5.04,1.28,4.42,0.73,4.34,0.84,2.61,0.428,2.9,0.451
-36.36718,-69.18025,"IGNIMBRITIC TUFF [18070]",38.5,70.9,7.66,28.5,5.3,1.4,4.86,0.75,4.47,0.87,2.73,0.437,2.97,0.439
27,118.5,"TRACHYTE [8691]",153,294,35.7,128,22.4,0.44,16.2,2.78,15.6,2.92,8.15,1.06,6.76,0.96
44.2,81.5,"TRACHYTE [10022]",49.49,93.61,10.19,35.51,6.021,1.181,4.922,0.807,4.623,0.916,2.609,0.4,2.813,0.475
44.2,81.5,"TRACHYTE [10022]",41.37,81.05,8.941,31.35,5.839,1.422,5.164,0.817,4.31,0.816,2.336,0.353,2.393,0.388
44.2,81.5,"TRACHYTE [10022]",50.25,95.04,10.63,36.66,6.225,1.164,5.132,0.834,4.694,0.952,2.685,0.426,2.941,0.493
44,86,"TRACHYTE [10027]",16.9,7.99,5.36,24,5.71,1.59,5.71,0.95,6.06,1.24,3.69,0.55,3.34,0.52
44,86,"TRACHYTE [10027]",15,37.6,5.42,23.6,5.72,1.62,5.73,0.96,6.28,1.32,3.95,0.6,3.81,0.6
44,86,"TRACHYTE [10027]",16.1,36.5,5.36,23.8,5.81,1.56,5.97,0.94,6.24,1.27,3.71,0.57,3.56,0.54
30.5,116.5,"TRACHYTE [9448]",37.1,72.5,8.78,44.91,7.879,0.941,3.17,0.541,3.52,0.7,2.12,0.357,2.49,0.422
40,119.7,"TRACHYTE [11284]",45.4,89.4,11.3,39.2,6.87,2.03,5.75,0.82,4.23,0.83,2.21,0.28,2,0.31
40,119.7,"TRACHYTE [11284]",73.4,140,16.8,54.5,9.11,2.11,7.5,1.09,5.67,1.12,3.09,0.41,3,0.46
40,119.7,"TRACHYTE [11284]",48.1,93.2,11.9,40.5,7.23,2.29,6.1,0.89,4.6,0.92,2.46,0.31,2.27,0.35
50.78,121.52,"TRACHYTE, HORNBLENDE [11943]",27.21,58.16,7.19,24.15,4.96,1.39,4.88,0.62,3.47,0.68,1.94,0.31,2.12,0.34
50.78,121.52,"TRACHYTE, HORNBLENDE [11943]",26.74,58.83,7.05,23.18,4.93,1.44,4.65,0.64,3.45,0.69,1.86,0.31,2.08,0.33
50.78,121.52,"TRACHYTE, HORNBLENDE [11943]",27.12,58.58,6.68,24.13,4.74,1.33,4.62,0.58,3.37,0.69,1.83,0.3,2.11,0.33
50.78,121.52,"TRACHYTE, HORNBLENDE [11943]",28.07,60.6,6.75,23.41,4.76,1.31,4.59,0.57,3.19,0.62,1.82,0.29,2,0.3
50.78,121.52,"TRACHYTE, HORNBLENDE [11943]",23.86,51.84,6.51,23.73,4.91,1.46,5.07,0.67,3.7,0.75,1.98,0.3,2.03,0.3
47.309,122.6682,"TRACHYTE [7604]",28.68,48.97,4.2,21.09,3.63,0.93,2.64,0.36,2.01,0.37,1.1,0.17,0.91,0.15
45.5,127.66,"TRACHYTE [7604]",51.21,83.57,9.46,39.27,7.58,1.75,5.9,0.94,5.74,1.08,3.5,0.5,3.26,0.51
45.587,127.611,"TRACHYTE [7604]",37.51,72.46,12.91,32.3,6.58,1.34,4.59,1.31,4.01,1.06,2.54,0.64,2.56,0.4
45,125,"TRACHYTE [9691]",26.4,47.65,4.65,19.86,3.44,0.87,2.6,0.34,2.3,0.38,1.18,0.16,1.07,0.14
31.46,116.97,"TRACHYTE [7705]",52.13,99.42,10.36,32.28,7.22,1.42,5.03,0.7,3.93,0.76,2.05,0.27,1.79,0.3
31.35,116.56,"TRACHYTE [7705]",49.23,95.68,10.14,34.11,6.64,1.34,4.1,0.55,2.87,0.48,1.39,0.16,1.19,0.18
31.35,116.56,"TRACHYTE [7705]",51.1,101.5,10.53,37.1,7.59,1.79,5.42,0.66,3.62,0.72,1.8,0.26,1.61,0.23
31.19,116.59,"TRACHYTE [7705]",44.4,82.39,8.68,31.32,6.3,1.5,4.78,0.68,3.83,0.75,2.04,0.28,1.88,0.27
50.666,7.206,"TRACHYTE [16705]",67,111,11.7,39.3,6.4,1.52,4.85,0.7,3.83,0.71,1.87,0.274,1.76,0.251
50.665,7.214,"TRACHYTE [16705]",83.3,163,17.4,60.8,9.8,2.47,7.49,1.07,5.73,1.05,2.65,0.373,2.3,0.315
50.666,7.212,"LATITE [16705] / TRACHYTE [20410]",62.4,124,14.3,51.8,9.07,2.22,7.12,1.03,5.76,1.12,3.16,0.452,3,0.438
33,96.7,"TRACHYTE [7798]",85.81,180.46,19.79,73.16,10.43,2.7,5.99,0.81,3.59,0.63,1.86,0.22,1.47,0.22
23,100,"TRACHYTE [7798]",86.36,187.83,24.03,83.7,12.96,3.2,7.06,0.92,3.97,0.66,1.78,0.22,1.33,0.19
12.6609,40.4792,"TRACHYTE [16964]",53.9486125733772,114.986119100637,15.0080056588111,57.2194086394753,12.0011031653379,4.51731534223648,13.5077760904993,2.02308135657209,13.5173534270183,2.39336277522936,7.79226156445901,1.13855012146047,8.26025099588792,1.32463105953312
12.6609,40.4792,"TRACHYTE [16964]",81.7936032756269,183.939815217417,20.9803343977786,74.2745605926003,14.6117712028873,3.04376208414519,12.4727243461857,1.83936451879431,11.7456402673939,2.05799802522936,6.60802956704214,0.993069553147014,7.14355713060367,1.11244623398795
35.33,91,"TRACHYTE [10948]",116.5,193.6,21.76,71.49,9.02,2.33,4.96,0.71,3.37,0.55,1.38,0.19,1.13,0.17
35.33,91,"TRACHYTE [10948]",132.5,220.7,24.77,82.76,10.11,2.26,5.76,0.79,3.74,0.62,1.56,0.22,1.36,0.21
35.33,91,"TRACHYTE [10948]",122.5,209,23.71,76.22,9.38,2.19,5.17,0.73,3.62,0.62,1.59,0.23,1.41,0.21
35.33,91,"TRACHYTE [10948]",118.3,219.6,22.79,77.11,9.59,2.16,4.59,0.64,3.15,0.53,1.31,0.19,1.1,0.18
35.33,91,"TRACHYTE [10948]",124.7,252.1,24.49,79.94,9.53,1.69,3.88,0.55,2.9,0.5,1.25,0.18,1.11,0.18
35.33,91,"TRACHYTE [10948]",110.4,190.9,21.55,72.13,9.04,2.09,4.16,0.59,3.25,0.55,1.34,0.19,1.2,0.19
35.33,91,"TRACHYTE [10948]",81.4,139.3,14.4,47.23,6.09,1.72,3.02,0.41,2.31,0.4,1.01,0.15,0.97,0.15
35.33,91,"TRACHYTE [10948]",119.7,242,23.22,74.68,8.98,1.83,3.69,0.52,2.56,0.42,1.03,0.14,0.81,0.13
35.33,91,"TRACHYTE [10948]",110.8,189.2,20.95,68.83,8.38,1.83,3.55,0.47,2.48,0.4,1.02,0.14,0.85,0.13
35.33,91,"TRACHYTE [10948]",110.5,189.7,21.37,69.42,8.48,1.84,3.52,0.5,2.61,0.43,1.06,0.14,0.88,0.13
35.33,91,"TRACHYTE [10948]",106.6,189,20.72,67.15,8.06,1.88,3.62,0.48,2.5,0.42,1,0.14,0.85,0.13
30,86,"TRACHYTE [12235]",232,486,56,206.6,27.5,5.8,17,1.7,5.5,0.8,2.7,0.2,1.7,0.2
30,86,"TRACHYTE [12235]",288,560,69,253.5,33.9,6.7,21,2,5.3,0.8,2.8,0.3,1.8,0.2
30,86,"TRACHYTE [12235]",247,507,58,208.9,28.7,5.6,19,1.8,5.2,0.8,2.4,0.3,1.7,0.2
30,86,"TRACHYTE [12235]",97,198,20,79.1,12.9,2.7,5.6,0.9,3.5,0.5,1.4,0.2,1,0.1
30,86,"TRACHYTE [12235]",111,229,25,98.2,17.4,3.5,9.8,1.4,5,0.8,2,0.2,1.4,0.2
30,86,"TRACHYTE [12235]",110,250,30,120.1,22.2,4.2,11,1.5,5.9,0.9,2.3,0.3,1.6,0.2
33.5,83,"TRACHYTE [9197]",82.1,151,16.2,54.9,11,2.17,4.41,0.62,3.34,0.62,1.56,0.2,1.18,0.17
35.5,84.5,"TRACHYTE [9197]",162,277,27.9,81.7,13.5,2.09,7.86,1.03,4.24,0.77,2.19,0.33,2.37,0.36
34.5,87,"TRACHYTE [9197]",176,275,28.3,88.4,15.5,3.02,10.24,1.36,6.93,1.18,2.74,0.37,2.16,0.3
32.52,80.07,"TRACHYTE [7734]",73.5,152.2,18.1,65.6,10.3,1.3,6.4,0.8,3.7,0.7,1.7,0.3,1.6,0.2
32.52,80.07,"TRACHYTE [7734]",49.3,97.6,12.1,48.5,8.6,2.2,6.7,0.9,4.8,0.9,2.3,0.3,2.1,0.3
29.83,85.68,"TRACHYTE [7734]",34.1,65.3,7.9,30.1,4.9,1.2,3.6,0.4,2.1,0.4,1,0.1,0.8,0.1
35.5,78,"TRACHYTE [7734]",204.8,377.4,39.3,134.8,16.9,3.1,11.3,1.2,4.8,0.8,1.7,0.2,1.2,0.2
35.5,78,"TRACHYTE [7734]",184.2,341.7,36.1,121.3,15.5,3,10,1,4.3,0.7,1.6,0.2,1.3,0.2
34.5,87,"TRACHYTE [7734]",138.1,238.9,24.4,79.1,10.1,2,6.1,0.6,1.8,0.2,0.5,0.1,0.3,0
34.5,87,"TRACHYTE [7734]",137.9,242.6,24.3,79.6,10.1,1.8,6.2,0.6,1.9,0.3,0.5,0.1,0.4,0
34.5,87,"TRACHYTE [7734]",151.4,262.7,26.5,85.5,11,2.1,6.9,0.7,2.4,0.3,0.7,0.1,0.5,0.1
42,128.07,"TRACHYTE [11849]",88.8,181.5,20.78,73.27,12.34,3.37,15.72,0.75,9.18,1.93,4.49,0.66,5.05,0.72
40.78,14.05,"TRACHYTE [12335]",74.2,151,14,45.4,7.8,0.78,8.12,1.09,6.15,1.24,3.89,0.613,4.33,0.672
40.78,14.05,"TRACHYTE [12335]",111,196,21.1,69.6,11.6,1.16,11.8,1.54,8.59,1.65,4.98,0.757,5.28,0.808
40.78,14.05,"TRACHYTE [12335]",64.5,141,12.5,41.7,7.1,0.74,7.54,1,5.96,1.16,3.69,0.575,4.1,0.623
40.78,14.05,"TRACHYTE [12335]",116,208,21.8,74.8,12.6,1.39,12.9,1.6,8.95,1.72,5.09,0.792,5.33,0.843
40.78,14.05,"TRACHYTE [12335]",68,134,13.9,49.4,8.8,1.8,8.7,1.11,5.85,1.09,3.15,0.454,3.1,0.465
40.78,14.05,"TRACHYTE [12335]",95,165,18.6,66.1,11.6,1.68,11.4,1.43,7.71,1.44,4.12,0.627,4.11,0.645
40.78,14.05,"TRACHYTE [12335]",83,156,16.5,58.2,10.5,1.53,10.3,1.33,7.08,1.35,3.9,0.575,3.9,0.598
40.78,14.05,"TRACHYTE [12335]",77.5,146,15.4,54.2,9.8,1.44,9.68,1.24,6.68,1.28,3.63,0.544,3.6,0.561
40.78,14.05,"TRACHYTE [12335]",97,169,19.8,68.8,12,1.76,11.6,1.49,7.98,1.48,4.35,0.627,4.23,0.641
40.78,14.05,"TRACHYTE [12335]",39.6,96.3,8.2,30.3,5.6,1.16,5.76,0.73,4.04,0.76,2.17,0.328,2.16,0.334
40.85,14.25,"TRACHYTE [12335]",60.6,132,13.4,46.5,8.5,1.7,7.4,1,5.6,1.1,3,0.4,3,0.5
40.85,14.25,"TRACHYTE [12335]",60.5,132,13.3,46,8.4,1.7,7.3,0.9,5.5,1,3,0.4,2.8,0.4
40.85,14.25,"TRACHYTE [12335]",52.4,120,11.7,40.8,7.5,1.5,6.6,0.9,5.1,1,2.8,0.4,2.7,0.4
40.85,14.25,"TRACHYTE [12335]",49.7,118,11.1,38.4,7.1,1.4,6.3,0.8,4.9,0.9,2.6,0.4,2.6,0.4
40.85,14.25,"TRACHYTE [12335]",49.9,109,11.4,41.3,7.7,2.1,6.8,0.8,4.6,0.8,2.4,0.3,2.2,0.3
40.85,14.25,"TRACHYTE [12335]",66.7,173,14.3,49.3,9,1.3,8.1,1.1,6.3,1.2,3.5,0.5,3.5,0.6
40.85,14.25,"TRACHYTE [12335]",55.5,149,12,41.4,7.5,1.1,6.8,0.9,5.6,1.1,3.2,0.5,3.3,0.5
40.85,14.25,"TRACHYTE [12335]",65.5,142,14.3,49.7,9,1.8,8,1,6,1.1,3.2,0.5,3.1,0.5
40.8319,14.0903,"TRACHYTE [11658]",175.74,332.13,29.93,95.67,15.65,1.09,10.02,1.58,9.34,1.94,5.65,0.87,6.23,0.97
40.8325,14.0881,"TRACHYTE [11658]",157.24,306.83,27.32,86.12,13.51,1.17,8.92,1.37,8.03,1.66,4.89,0.74,5.68,0.86
40.8592,14.0083,"TRACHYTE [11658]",92.97,175.48,16.2,58.35,10.08,1.47,6.43,0.86,6.28,1.11,3.49,0.46,2.73,0.42
40.8319,14.0903,"TRACHYTE [11658]",182.51,332.08,30.79,99.83,15.58,1.23,11.65,1.58,9.47,2.07,5.34,0.82,6.68,1.03
40.8319,14.0903,"TRACHYTE [11658]",186.51,328.46,31.55,98.59,14.88,1.84,12.92,1.47,10.37,2.22,5.68,0.92,5.91,0.77
40.8325,14.0881,"TRACHYTE [11658]",0.75,172.7,342.75,30.99,98.72,15.37,1.01,10.4,1.64,9.29,1.9,5.28,0.86,6.59
40.8325,14.0881,"TRACHYTE [11658]",158.69,312.11,28.38,89.29,13.86,0.99,9.81,1.56,8.78,1.78,5.13,0.83,5.63,0.87
40.8325,14.0881,"TRACHYTE [11658]",197.03,370.54,33.63,105.46,17.1,1.32,13.21,1.84,11.03,2.38,6.22,0.95,7.39,1.1
40.8325,14.0881,"TRACHYTE [11658]",259.19,492.2,47.61,163.27,27.12,1.09,17.1,2.77,13.17,3.42,10.33,1.44,10.73,1.78
-26,32,"TRACHYTE, QUARTZ [12649]",77.1,138,20,77.9,16.2,1.25,22.3,4.2,26.3,5.4,16.1,2.51,15.4,2.08
34.484,50.375,"TRACHYTE [12761]",10.78,21.56,2.8,12.15,3.08,1.03,3.11,0.51,3.2,0.72,1.9,0.28,1.7,0.29
34.268,50.348,"TRACHYTE [12761]",16.32,33.18,4.13,17.05,3.86,1.07,3.76,0.6,3.79,0.82,2.16,0.29,2.07,0.34
14.1414,38.7344,"TRACHYTE [17455] / PHONOLITE [15285]",81.8,194,20.5,74.6,13.3,0.9,12.2,2.14,11,2.37,6.95,1.22,7.61,1.23
14.2742,39.05,"TRACHYTE [17455]",70.3,139,11.6,50,11.1,2.27,10.5,1.89,9.57,1.99,5.59,0.96,5.99,0.92
14.2728,39.0736,"TRACHYTE [17455] / BASALT [15285]",86,194,17.8,64.6,11.5,1.48,11.1,1.88,9.78,2.01,5.77,0.97,6.53,1
14.2714,39.0631,"TRACHYTE [17455]",68,185,17.8,69.1,13.2,2.96,12,2.05,10.61,2.19,6.17,1.01,6.44,0.95
14.2714,39.0631,"TRACHYTE [17455]",61.8,178,18,75.9,16.5,3.28,15.3,2.92,15.3,3.25,9.16,1.53,9.05,1.39
43.3002,-6.3361,"TRACHYTE [12829]",96.3,192.47,22.94,88.95,17.02,4.52,15.31,2.24,12.83,2.33,6.34,0.88,5.54,0.78
64.8,-23.6,"TRACHYTE [12777]",109.29,210.63,20.57,75.46,13.33,2.84,30.23,1.83,10.27,1.77,5.81,0.98,5.95,1.14
64.27,-18.42,"TRACHYTE [12777]",93.49,239.03,22.98,90.57,15.33,0.98,23.89,2.05,11.9,2.03,6.61,1,7.24,1.11
28.67,-17.9,"TRACHYTE [12930]",48.15,91.96,9.38,30.06,4.99,0.61,3.88,0.65,3.82,0.84,2.53,0.49,3.46,0.53
28.67,-17.9,"TRACHYTE [12930]",112.24,196.05,18.03,60,9.43,2.35,7.58,1.19,6.56,1.34,3.6,0.53,3.3,0.46
28.67,-17.9,"TRACHYTE [12930]",97.81,168.74,19.79,70.9,11.39,3.34,9.3,1.41,7.34,1.43,3.72,0.55,3.17,0.45
38.86,8.41,"TRACHYTE [18171]",123.2,227.6,23.5,74.9,11.6,0.9,8.3,1.3,7.1,1.3,4,0.6,4.5,0.7
64.74,-23.74,"TRACHYTE [12969]",79.2,163,18.6,68.9,12.6,3.78,11.6,1.76,10.2,2.05,5.79,0.877,5.97,0.904
64.745,-23.743,"TRACHYTE [12969]",83.7,169,19.4,72.7,13.3,4.01,12.2,1.81,10.8,2.15,5.74,0.922,6.24,0.948
64.824,-23.723,"TRACHYTE [12969]",85.7,133,18.7,73.5,12.3,3.34,12.9,1.8,10.3,1.92,6.25,0.99,6.1,1.07
64.819,-23.899,"TRACHYTE [12969]",108,210,22.2,76.3,12.9,2.16,11.2,1.7,9.75,1.94,5.5,0.845,5.78,0.88
40.85,14.3,"TRACHYTE [12972]",76,144,15.5,55,9.65,2.33,7.03,1.04,5.09,0.97,2.72,0.4,2.71,0.4
40.85,14.3,"TRACHYTE [12972]",63,120,13.7,49,8.19,2.05,5.46,0.84,4.16,0.73,2.18,0.32,2.23,0.33
40.85,14.3,"TRACHYTE [12972]",76.31,145.32,16.35,55.52,9.17,2.28,7.24,0.93,4.97,0.92,2.62,0.42,2.53,0.41
40.85,14.3,"TRACHYTE [12972]",75.6006,142.4961,15.9141,54.2334,8.7207,2.2831,6.6964,1.0091,5.2832,0.9444,2.6951,0.4204,2.715,0.41
40.85,14.3,"TRACHYTE [12972]",75.5651,141.1329,15.7958,54.5459,9.783,2.2686,7.4693,1.0248,5.2247,0.9265,2.9486,0.4466,2.8393,0.4016
40.85,14.3,"TRACHYTE [12972]",73.2124,137.4101,15.8793,55.1251,9.5194,2.2461,6.6331,1.0325,5.4004,0.9532,2.6767,0.3964,2.6189,0.3827
40.85,14.3,"TRACHYTE [12972]",69.5016,152.2611,14.6013,50.446,8.5584,2.0735,5.9011,0.9051,4.6506,0.8769,2.5039,0.3686,2.3614,0.3725
40.85,14.3,"TRACHYTE [12972]",77.9122,148.4296,15.9784,54.6046,9.2318,2.3689,7.3516,1.0049,5.4112,0.9163,2.6023,0.4299,2.7027,0.3908
41.28,13.98,"TRACHYTE [12635]",95.75,183,19.76,67.88,11.03,2.27,8.6,1.1,5.9,1.03,2.87,0.42,2.79,0.44
41.28,13.98,"TRACHYTE [12635]",106.5,201,21.36,73.5,12.22,2.3,9.17,1.17,6.34,1.12,3.21,0.48,3.15,0.49
41.28,13.98,"TRACHYTE [12635]",146.2,263.8,27.11,85.77,13.26,2.32,9.31,1.35,7.5,1.38,3.94,0.62,4.25,0.64
41.28,13.98,"TRACHYTE [12635]",119.4,222.2,22.95,73.14,11.78,2.13,8.36,1.19,6.3,1.14,3.35,0.49,3.39,0.49
22.9,112.97,"TRACHYTE [12680]",145,287.4,33.88,115.6,22.83,0.52,20.23,3.54,22.86,4.73,13.43,1.97,13.38,2.13
23,112.8,"TRACHYTE [12680]",146.2,279.5,31.64,115.6,20.86,0.21,19.08,3.42,22.37,4.61,12.99,1.93,13.17,2.09
23,112.8,"TRACHYTE [12680]",118,225.7,26.7,101.5,20.27,0.75,17.01,2.96,19.31,3.82,10.58,1.59,10.76,1.71
23,112.8,"TRACHYTE [12680]",81.9,160.6,19.43,69.19,14.22,0.82,13.18,2.24,14.72,2.94,8.18,1.21,8.07,1.24
23,112.8,"TRACHYTE [12680]",77.34,151.9,18.38,65.93,13.42,0.84,12.26,2.11,13.13,2.57,7.34,1.07,7.17,1.14
23,112.8,"TRACHYTE [12680]",124.3,242.8,28.25,101.5,20.27,0.63,18.23,3.23,20.57,4.15,11.26,1.62,11.12,1.77
31.35,116.56,"TRACHYTE [12864]",56.71,103.53,10.49,37.29,6.6,1.5,4.61,0.59,3.17,0.56,1.54,0.22,1.27,0.17
31.5,116,"TRACHYTE [12864]",54.7,108.46,11.4,40.8,7.44,1.73,4.83,0.57,2.99,0.5,1.29,0.13,1.01,0.14
36.6,25.4,"TRACHYTE [13283]",36.48,75.44,8.41,33.14,7.19,1.5,7.85,1.3,8.2,1.7,5.13,0.76,5.12,0.81
36.6,25.4,"TRACHYTE [13283]",39.46,80.53,9.04,35.32,7.79,1.43,8.6,1.4,8.83,1.82,5.55,0.82,5.49,0.85
36.6,25.4,"TRACHYTE [13283]",28.3,57.26,6.88,27.21,6.28,1.46,7.05,1.21,7.32,1.56,4.74,0.71,4.71,0.72
40.8,39.6,"TRACHYTE [12403]",103,172.9,17.3,52.698,9,1.95,5.37,0.63,2.99,0.62,1.48,0.21,1.34,0.2
40.8,39.6,"TRACHYTE [12403]",52.4,85.4,8.95,30.9,4.1,1.01,2.63,0.37,1.88,0.32,0.97,0.15,1,0.14
40.8,39.6,"TRACHYTE [12403]",43.8,78.6,7.57,24.6,3.7,0.55,1.83,0.26,1.18,0.31,0.74,0.1,0.61,0.1
39.56,31.38,"TRACHYTE [13441]",98.9,153,16.2,55.3,7.95,2.04,4.83,0.54,2.25,0.37,0.96,0.135,0.81,0.104
39.56,31.38,"TRACHYTE [13441]",15.3,30.1,3.13,12.5,2.75,0.54,2.67,0.5,3.01,0.64,2,0.33,2.27,0.35
39.56,31.38,"TRACHYTE [13441]",100.7,148.2,16.47,57.5,7.4,2,3.33,0.43,2.06,0.29,0.72,0.11,0.76,0.11
39.56,31.38,"TRACHYTE [13441]",95.9,158.8,16,56.7,7,1.97,4.24,0.48,2.02,0.33,0.87,0.14,0.78,0.12
39.56,31.38,"TRACHYTE [13441]",112.3,152.6,18.22,66,8.2,2.28,4.95,0.54,2.66,0.39,1.17,0.17,0.98,0.15
39.56,31.38,"TRACHYTE [13441]",99.4,151.6,16.65,60.4,7.5,1.9,4.69,0.5,2.32,0.37,1.06,0.17,0.94,0.14
39.56,31.38,"TRACHYTE [13441]",99.4,151.6,16.65,60.4,7.5,1.9,4.69,0.5,2.32,0.37,1.06,0.17,0.94,0.14
37.5361,34.5486,"TRACHYTE [13010]",92.9,177.6,17.49,59,8.7,1.74,6.05,1.03,5.13,1.05,2.95,0.47,3.32,0.5
37.5556,34.5358,"TRACHYTE [13010]",139.5,270.9,28.09,99,14.7,3.13,9.41,1.41,6.94,1.25,3.37,0.49,3.43,0.51
37.5947,34.6997,"TRACHYTE [13010]",150.9,297,30.65,107.6,14.8,3.23,8.02,1.27,5.93,1.02,2.89,0.46,2.9,0.43
37.5875,34.7081,"TRACHYTE [13010]",129.5,258.8,27.65,101.4,15.3,3.81,9.99,1.45,6.52,1.21,3.25,0.48,3.06,0.47
37.6089,34.7383,"TRACHYTE [13010]",105.5,211.8,22.2,79.7,11.9,3.06,7.78,1.22,5.94,1.16,3.13,0.45,3.01,0.45
37.5697,34.7847,"TRACHYTE [13010]",211.4,405.8,39.56,134.7,17.9,2.44,9.3,1.48,6.7,1.18,3.53,0.54,3.79,0.56
37.5681,34.7822,"TRACHYTE [13010]",64,108.1,12.31,41.4,5.3,0.97,2.79,0.46,2.47,0.56,1.84,0.34,2.4,0.41
37.5636,34.7511,"TRACHYTE [13010]",105.5,199.8,19.6,64.2,8.3,1.98,4.81,0.82,4.43,0.93,2.78,0.47,3.02,0.47
49.2899,117.5346,"TRACHYTE [18351]",61,117,14,56.82,9.795,2.3,7,0.86,4.4,0.8,2.1,0.29,2,0.31
49.2899,117.5346,"TRACHYTE [18351]",71,130,16,65.34,11.1,2.2,7.9,0.97,4.9,0.89,2.3,0.32,2.2,0.34
-73.62,169.83,"TRACHYTE [9969]",126.1,247.1,28.1,99.2,18,4.07,15.37,2.34,14.4,2.64,7.1,1.1,6.9,1.03
-73.62,169.83,"TRACHYTE [9969]",80,160,17.5,64.3,11.4,1.58,9.36,1.43,9.05,1.61,4.53,0.67,4.73,0.61
-72,167,"TRACHYTE [9969]",99.65,184.06,20.28,68.95,11.75,1.17,9.99,1.58,9.66,1.96,5.63,0.84,4.97,0.71
-71.5,162,"TRACHYTE [9969]",88.91,180.78,21.19,82.14,14.79,4.82,12.59,1.67,8.92,1.52,3.98,0.51,3.06,0.34
30.9433,86.3917,"PHONOLITE [18658] / TRACHYTE [20030]",204,411,50.3,187,25.6,4.34,17.7,1.56,6.2,0.8,2.28,0.24,1.57,0.24
31.2967,82.975,"TRACHYTE [18658]",83.7,185,25.2,107,19.1,3.24,10,1.04,4.5,0.78,1.98,0.26,1.57,0.23
40.5,8.5,"NOT GIVEN [15109] / TRACHYTE [14339]",116.9,246.63,23.8,78.89,10.96,3.2,12.1,1.24,6.4,1,2.8,0.36,2.4,0.3
49.5,-119.6,"TRACHYTE [13816]",65,120,14,50,8.4,2,5.9,0.76,3.9,0.72,1.9,0.32,1.9,0.32
-9.17,159.83,"TRACHYTE [13787]",9.935,19.435,2.375,10.08,2.05,0.665578939678329,1.70416178324364,0.282583966020706,1.52066287424799,0.295,0.885435470847584,0.15,1.14,0.17
-9.17,159.83,"TRACHYTE [13787]",10.915,21.07,2.63,10.86,1.955,0.717611747384038,1.70028085702811,0.251623201486594,1.55575126269286,0.33,0.899183575792986,0.135,0.955,0.155
-9.17,159.83,"TRACHYTE [13787]",9.805,19.38,2.42,10.04,1.69,0.489172111866179,1.16207660940871,0.192152981320268,1.19166768277939,0.245,0.749304852264399,0.105,0.835,0.115
-9.17,159.83,"TRACHYTE [13787]",8.87,17.1,2.065,8.71,1.33,0.517484317825405,1.24477834932107,0.168854827420272,0.978141904038672,0.185,0.712245112676162,0.09,0.645,0.105
-9.17,159.83,"TRACHYTE [13787]",14.12,27.12,3.295,13.125,2.265,0.693240982749608,1.8411949068727,0.278205466118378,1.49895579460193,0.33,0.832864483854596,0.125,1.05,0.145
-9.17,159.83,"TRACHYTE [13787]",14.485,28.2,3.34,13.455,2.49,0.693620839867573,1.92170969118477,0.252783203552211,1.53322079351467,0.265,0.871936829190337,0.115,0.945,0.125
6.25,10.5,"TRACHYTE [19289] / TRACHYTE, NEPHELINE [21881]",73.2,126,9.71,34.8,6.14,1.54,3.91,0.74,4.12,0.81,2.33,0.41,2.42,0.34
6.25,10.5,"TRACHYTE [19289] / TRACHYTE, NEPHELINE [21881]",106,200.4,22.5,77,12.4,2.1,10.8,1.49,8.72,1.66,4.86,0.71,4.64,0.73
6.25,10.5,"TRACHYTE [19289] / TRACHYTE, QUARTZ [21881]",188.6,373.3,44.1,158.6,31.25,5.37,25.02,4.12,23.9,4.98,12.84,1.82,11.25,1.67
6.25,10.5,"TRACHYTE [19289] / TRACHYTE, QUARTZ [21881]",164.4,308.5,38.5,128.4,21.4,2.94,16.4,2.5,13.4,2.66,7.02,0.99,6.67,0.99
6.25,10.5,"TRACHYTE [19289] / TRACHYTE, QUARTZ [21881]",183.2,341.3,45.6,153,39.8,5.65,29.3,4.9,28.5,5.61,15.3,1.96,9.97,1.3
34.4617,-3.305,"TRACHYTE [7519]",62.6964706231219,120.089943065001,12.9338872963783,45.1798742685434,8.29271999051083,1.74231523985805,7.00764162005088,1.09337801083347,6.29678839158627,1.25873133994939,3.60582998378934,0.526333008461174,3.54925075122568,0.523410096077811
34.4617,-3.305,"TRACHYTE [7519]",67.4476766947021,126.183473822321,13.3002172844606,46.2630097479977,8.36462967963743,1.74613709474431,7.65697447257325,1.11190067505095,6.6065657270502,1.29996714319027,3.80575948097836,0.578032683352491,3.91688444757374,0.576938945062395
34.4617,-3.305,"TRACHYTE [7519]",65.1428701703864,124.808387329014,13.5428598512119,47.6237029037677,8.78048956083513,1.88322671677679,7.37911649178643,1.14271799856012,6.45784101271898,1.2537284737221,3.43986131509479,0.48522657787377,3.0836243100552,0.440069774418047
34.4617,-3.305,"TRACHYTE [7519]",70.7174460815295,132.901128732817,14.1307204929689,47.5422132248381,8.51461034523621,1.20558365064857,7.06981642520512,1.13556512877232,6.56950815689683,1.31134788671196,3.71793301765682,0.553311344604203,3.6688798388371,0.532455763153737
65.72,-16.73,"DACITE [19556]",83.339251332875,173.123437735124,18.387000692221,63.388415884208,12.054884044881,1.801953327645,10.92204727428,1.719772142953,10.562167267963,2.132083159645,6.228797644854,0.887949029473,5.806870557278,0.814374595057
36.7954,12.0085,"TRACHYTE [13004]",74.9,137,15.4,62.4,12.9,4.51,11.8,1.95,10.5,2.03,5.97,0.827,4.9,0.74
36.7692,11.9794,"TRACHYTE [13004]",85.7,155,18.5,60.7,12.7,4.34,10.5,1.78,10.4,1.94,5.57,0.842,5.36,0.805
36.7644,12.0094,"TRACHYTE [13004]",94.01,166.13,18.08,70.4,13.72,3.91,12.43,2.1,11.44,2.26,6.49,0.94,5.64,0.85
36.7672,11.9975,"TRACHYTE [13004]",75.3,142,16.5,55.4,11.6,3.68,9.4,1.68,9.9,1.84,5.46,0.832,5.35,0.817
26.5,101.7,"TRACHYTE [14079]",118,302.4,30.4,116.3,23.6,4.2,21.3,3.4,20.5,4.1,11.5,1.6,10.3,1.5
26.5,101.7,"TRACHYTE [14079]",275.5,259.6,75.7,285.7,51,8.6,42,5.5,29.2,5.5,14.5,2.1,13,1.9
26.5,101.7,"TRACHYTE [14079]",143,271,37.8,144,27.7,4.7,26.4,4,23.3,4.6,12.3,1.8,11.2,1.6
5.7208,10.1306,"TRACHYTE [14222]",141.9,294.8,35.36,122.1,22.15,2.3,17.05,2.62,14.49,2.61,7.03,0.99,6.66,1
5.7208,10.1306,"TRACHYTE [14222]",112.3,247.7,25.21,88.45,15.73,2.51,12.36,1.97,11.28,2.14,5.96,0.87,5.63,0.84
5.7208,10.1306,"TRACHYTE [14222]",112.8,228.5,25.98,90.84,16.38,2.55,12.05,1.84,9.42,1.48,3.45,0.42,2.59,0.36
8.62,39.52,"TRACHYTE [14226]",130,260,31,119,26,5.1,25.6,4.5,26.4,5.2,15.6,2.4,14.7,2.2
8.62,39.52,"TRACHYTE [14226]",83,168,19.1,70.7,14.8,2.8,14.3,2.5,15.1,2.9,9.1,1.4,9.1,1.4
8.62,39.52,"TRACHYTE [14226]",140,284,33,126,28.2,5.6,27.1,4.8,28.8,5.6,16.7,2.5,16.2,2.3
42,127.5,"TRACHYTE [13984]",154.14,289.18,36.96,134.8,28.54,0.35,30.35,4.67,23.17,4.35,13.36,2.12,11.51,1.54
42,127.5,"TRACHYTE [13984]",174.4,307.5,37.5,132.7,25.6,0.46,27.25,3.83,19.32,3.4,10.83,1.72,9.32,1.33
42,127.5,"TRACHYTE [13984]",139.3,282.8,31.4,112.04,21.5,0.44,22.16,3.12,15.5,2.76,8.58,1.41,7.64,1.08
40,132,"TRACHYTE [13984]",130.47,243.62,26.74,89.64,20.9,0.34,18.85,2.5,14.97,3.28,8.29,1.18,6.76,1.03
42,131,"TRACHYTE [13984]",108.05,208.4,22.57,76.44,15.86,0.4,15.27,1.84,11.76,2.42,6.18,0.91,5.19,0.79
41,130,"TRACHYTE [13984]",94.67,176.75,19.81,73.84,14.33,0.39,12.7,1.59,10.08,2.1,4.96,0.75,4.35,0.64
42,127.5,"TRACHYTE [13984]",70.9,126.42,15.88,58.29,11.25,0.94,10.76,1.45,7.11,2.2,3.67,0.59,3.24,0.46
41,130,"TRACHYTE [13984]",94.51,175.43,18.58,65.69,14.67,0.54,12.42,1.73,10.17,2.18,5.56,0.81,4.6,0.69
40,132,"TRACHYTE [13984]",21.59,43.46,4.5,15.71,3.38,0.48,3.27,0.45,3.02,0.71,2.02,0.32,1.93,0.31
40,132,"TRACHYTE [13984]",26.89,51.39,5.36,18.87,3.92,0.55,3.92,0.53,3.33,0.74,1.98,0.31,1.73,0.3
38,130,"TRACHYTE [13984]",73.46,121.81,11.04,33.66,5.58,1.22,4.52,0.44,3.16,0.68,1.93,0.27,1.71,0.27
38,130,"TRACHYTE [13984]",69.3,111.95,10.12,31.65,4.8,1.18,4.08,0.44,2.98,0.66,1.72,0.28,1.64,0.29
40.971,124.5479,"TRACHYTE [20006]",156,270,28.3,96.5,14.2,3.28,8.5,0.9,4.24,0.68,1.52,0.2,1.29,0.18
-32.6928,-68.9967,"NOT GIVEN [20236]",42.3,82.4,8.56,31.2,5.6,1.81,4.4,0.7,3.8,0.7,2.1,0.3,2,0.31
32,119,"TRACHYTE [20240]",66,129.5,14.4,52.6,10.1,2.19,7.86,1.09,5.8,1.1,3.55,0.49,3.57,0.52
32,119,"TRACHYTE [20240]",83.7,192,22.05,82.5,15.62,3.85,11.43,1.49,6.97,1.17,3.04,0.36,2.45,0.34
32,119,"TRACHYTE [20240]",85.3,191,22.01,84,15.75,3.65,11.18,1.51,6.84,1.19,3.04,0.35,2.46,0.35
32,119,"TRACHYTE [20240]",84.9,187,22.57,86,16.17,3.94,11.52,1.53,6.99,1.21,2.96,0.36,2.48,0.36
32,119,"TRACHYTE [20240]",113,235,27,100,18.7,4.2,12.55,1.59,7.8,1.3,3.03,0.42,2.66,0.37
-36.5133,-69.3454,"TRACHYTE [14391]",52.3,96,10.5,37.5,6.84,1.68,5.74,0.88,5.1,0.98,2.86,0.46,3.08,0.5
-36.4952,-69.2948,"TRACHYTE [14391]",51,96.9,10.9,40.9,7.72,2.28,6.59,0.99,5.81,1.1,3.21,0.49,3.25,0.51
-36.3,-69.2,"TRACHYTE [14391]",49.8,96.5,10.8,39.4,7.45,2.08,6.25,0.98,5.65,1.08,3.06,0.46,3.24,0.51
-36.488,-69.3058,"TRACHYTE [14391]",49.6,96.1,10.8,40.1,7.68,2.17,6.26,0.97,5.56,1.07,3.02,0.47,3.23,0.5
-36.5,-69.33,"TRACHYTE [14391]",37.5,72.5,7.86,27.4,5.25,1.34,4.52,0.72,4.26,0.83,2.46,0.4,2.92,0.47
-36.5,-69.33,"TRACHYTE [14391]",35.3,68.5,7.35,26.1,4.95,1.35,4.2,0.69,4,0.79,2.32,0.39,2.79,0.45
-36.3739,-69.2135,"TRACHYTE [14391]",36.7,71.1,7.81,27.3,5.22,1.3,4.4,0.71,4.12,0.82,2.5,0.41,2.95,0.47
-36.3938,-69.2191,"TRACHYTE [14391]",59.5,112,12.1,41.3,7.42,0.73,6.17,1.07,6.85,1.38,4.25,0.74,5.2,0.86
-36.3095,-69.2988,"TRACHYTE [14391]",58.6,113,12.2,39.5,7.31,0.42,5.84,1.05,6.48,1.33,4.2,0.78,5.27,0.87
-36.3855,-69.2353,"TRACHYTE [14391]",65.1,129,13.3,43.9,8.24,0.29,6.46,1.15,7.27,1.47,4.65,0.8,5.89,0.96
-36.4421,-69.3807,"TRACHYTE [14391]",68.5,131,13.8,45.2,8.16,0.47,6.63,1.15,6.99,1.43,4.55,0.78,5.63,0.91
-36.5,-69.33,"TRACHYTE [14391]",39.4,74.7,8.34,29.8,5.68,1.42,4.71,0.78,4.55,0.89,2.68,0.44,3.13,0.51
7.25,13.67,"TRACHYTE [11268]",239.7,426,39.6,133,19.8,3.01,14.2,2.24,12.64,2.44,7.02,1.07,7.24,1.1
7.25,13.67,"TRACHYTE [11268]",249.8,524,53.5,189,32.1,3.38,23.49,3.85,22.37,4.29,12.29,1.89,12.46,1.82
-33.6356,147.4087,"TRACHYTE [11052]",29.87,67.77,9.13,39.9,8.82,2.01,7.13,1.01,5.57,1.12,3.1,0.46,2.95,0.43
42,128,"TRACHYTE [20416]",72.4,139.6,15.9,58.3,12,0.7,9.5,2,8,1.5,3.8,0.5,3.2,0.5
42,128.07,"TRACHYTE [20416]",71.8,135.6,15.2,55.8,11,0.7,8.8,1,8,1.4,3.5,0.5,3,0.5
42,128,"TRACHYTE [20416]",64.2,122.4,13.9,51.3,10,0.8,8.3,1,7,1.3,3.3,0.5,2.7,0.4
34.011,-121.11,"TRACHYTE [14465]",72.85,126.85,14.24,48.98,9.11,2.14,7.46,1.16,6.71,1.33,3.76,0.58,3.79,0.59
34.011,-121.11,"TRACHYTE [14465]",67.81,115.09,13.52,46.66,8.8,2.11,7.3,1.15,6.74,1.33,3.75,0.57,3.81,0.61
30.5,90.5,"TRACHYTE [14436]",98.7,181,19.9,73.3,11.9,2.14,10.5,1.41,7.98,1.62,4.49,0.7,4.6,0.71
30.5,90.5,"TRACHYTE [14436]",110,186,22.1,74.1,12.9,2,11.1,1.47,8.32,1.71,4.88,0.75,4.9,0.77
30.5,90.5,"TRACHYTE [14436]",119,201,24.1,86.8,14.6,2.08,13.1,1.73,10,1.99,5.68,0.84,5.62,0.85
30.5,90.5,"TRACHYTE [14436]",104,176,20.9,73.7,12.6,2.34,11.3,1.43,7.94,1.64,4.42,0.67,4.38,0.68
30.5,90.5,"TRACHYTE [14436]",108,176,21.2,76,12.8,2.21,11.4,1.51,8.44,1.7,4.71,0.71,4.5,0.72
35.5,84.5,"TRACHYTE [12290]",174,275,24.3,90.8,12.4,2.64,10.1,1.2,4.83,0.86,2.56,0.25,1.49,0.93
35.5,84.5,"TRACHYTE [12290]",175,274,24.5,92.6,12.7,2.72,9.92,1.14,5.35,0.94,2.94,0.28,1.87,0.25
35.5,84.5,"TRACHYTE [12290]",189,292,25.6,94.6,12.1,2.58,10,1.22,4.92,0.84,2.7,0.26,1.61,0.3
35.5,84.5,"TRACHYTE [12290]",165,264,23.1,85.8,11.8,2.45,9.24,1.02,4.05,0.6,2.11,0.28,1.13,0.3
35.5,84.5,"TRACHYTE [12290]",186,293,25.1,93,12.7,2.52,10.3,1.17,5.16,0.81,2.85,0.34,1.78,0.54
35.5,84.5,"TRACHYTE [12290]",171,271,23.7,89.5,12,2.61,10.4,1.08,5.44,0.94,2.95,0.34,1.92,0.36
35.5,84.5,"TRACHYTE [12290]",174,276,23.5,87.2,11.7,2.36,9.56,0.93,4.72,0.7,2.66,0.22,1.6,0.33
35.5,84.5,"TRACHYTE [12290]",25.9,43.4,4.23,20,3.96,1.15,4.74,0.8,5.85,1.32,3.96,0.45,2.76,0.34
33,87,"TRACHYTE [12289]",147,362,27.4,95.7,13.4,3.1,9.29,1.07,4.7,1.09,2.31,0.34,2.67,0.32
33,87,"TRACHYTE [12289]",172,331,33.8,126,18.5,4.7,12.9,1.43,6.16,1.42,2.93,0.42,3.08,0.39
33,87,"TRACHYTE [12289]",115,124,20.9,74.5,11,2.49,7.74,0.94,4.25,1.02,2.19,0.31,2.57,0.33
29.67,89,"TRACHYTE [12291]",26.6,53.9,6.49,22.2,3.92,0.97,3.1,0.48,2.69,0.54,1.67,0.27,1.76,0.26
29.67,89,"TRACHYTE [12291]",25.1,46.2,6.1,21.5,3.78,0.98,3.09,0.47,2.58,0.53,1.55,0.25,1.6,0.25
29.67,89,"TRACHYTE [12291]",24.2,44.4,6.09,22.2,3.99,0.98,3.15,0.45,2.49,0.52,1.51,0.24,1.48,0.24
29.67,89,"TRACHYTE [12291]",27.4,53.9,6.97,23.2,4.1,1.07,3.33,0.51,2.65,0.59,1.74,0.24,1.44,0.23
-30.5,-54,"TRACHYTE [24783]",147.4,278.5,31.38,124.5,17.68,4.33,13.85,1.89,9.75,2.05,6.06,0.88,5.58,0.92
-30.5,-54,"TRACHYTE [24783]",147.4,283.5,31.58,120,17.47,4.26,13.81,1.85,9.47,2,5.76,0.82,5.6,0.91
-30.5,-54,"TRACHYTE [24783]",142.1,271.2,30.08,113.4,16.42,4.21,12.96,1.8,9.54,1.9,5.28,0.82,5.18,0.88
-30.5,-54,"TRACHYTE [24783]",142.4,268.9,29.91,115.7,17,3.94,13.2,1.8,9.77,1.98,5.47,0.85,5.43,0.89
-30.5,-54,"TRACHYTE [24783]",137.4,269.3,29.61,111.8,17.33,3.28,13.75,1.92,11.01,2.12,5.94,0.9,6.16,0.91
32.92,88.87,"TRACHYTE [14546]",50.9,109,13.3,50.5,9.25,2.42,6.81,0.98,4.99,0.97,2.83,0.39,2.37,0.38
32.92,88.87,"TRACHYTE [14546]",48.4,108,11.6,43.9,7.68,1.66,5.74,0.77,4.5,0.88,2.36,0.33,2.16,0.35
32.92,88.87,"TRACHYTE [14546]",56.1,111,13.6,51.9,9.4,2.35,7.21,0.99,5.28,1.02,2.72,0.41,2.37,0.35
52.33,124.73,"TRACHYTE [14214]",45.7,87.7,10.5,37.8,6.76,1.18,5.16,0.75,4.1,0.83,2.37,0.37,2.47,0.4
5.93,10.17,"TRACHYTE [14572]",86,177,21,83,15.1,3.83,11.32,1.62,9.45,1.74,4.43,0.65,4.3,0.68
5.93,10.17,"TRACHYTE [14572]",293,488,65,267,53,14.16,44.78,7.18,40.04,9.01,21.6,3.18,18.2,2.54
5.93,10.17,"TRACHYTE [14572]",86,180,21,83,15.4,6.43,12.25,1.74,9.41,1.9,4.4,0.6,4,0.62
5.93,10.17,"TRACHYTE [14572]",105,212,25,102,18.9,6.02,15.45,2.26,12.37,2.53,5.76,0.87,5.5,0.9
5.93,10.17,"TRACHYTE [14572]",212,241,50,193,33.8,7.51,25.97,3.49,17.73,3.15,7.56,0.99,6.5,0.96
5.93,10.17,"TRACHYTE [14572]",212,390,50,195,33.8,4.92,29.82,4.3,24.53,4.73,10.97,1.58,9.6,1.52
5.93,10.17,"TRACHYTE [14572]",128,262,32,121,23.2,4.17,17.14,2.53,14.92,2.72,6.61,0.94,6.1,0.92
5.93,10.17,"TRACHYTE [14572]",171,334,41,162,32.2,5.41,25.38,3.78,20.57,4,9.32,1.25,7.6,1.14
5.93,10.17,"TRACHYTE [14572]",211,237,43,163,28.3,4.98,21.32,3.19,16.18,3.42,7.65,1.06,5.6,0.74
5.93,10.17,"TRACHYTE [14572]",271,456,63,255,50.2,14.14,46.83,6.99,40.13,8.41,19.75,2.71,16.9,2.75
5.93,10.17,"TRACHYTE [14572]",179,316,40,154,28.3,4.52,22.91,3.34,18.29,3.85,9.09,1.23,7.7,1.22
5.93,10.17,"TRACHYTE [14572]",471,758,108,420,77.5,6.71,55.92,8.18,41.89,8.46,19.03,2.66,14.4,1.86
5.93,10.17,"TRACHYTE [14572]",164,315,39,149,27.4,5.5,23.39,3.54,19.92,4.18,11.11,1.5,9.4,1.39
5.93,10.17,"TRACHYTE [14572]",230,328,53,205,36,6.15,28.37,4.07,21.58,3.84,9.8,1.27,7.9,1.17
5.93,10.17,"TRACHYTE [14572]",89,126,22,86,15.9,4.43,12.19,1.79,10.23,1.96,4.74,0.64,4.4,0.71
5.93,10.17,"TRACHYTE [14572]",178,236,53,191,37.9,6,23.13,2.94,13.64,2.21,4.8,0.59,3.6,0.47
5.93,10.17,"TRACHYTE [14572]",138,293,31,117,18.5,1.58,13.63,1.82,10.13,2,4.78,0.8,5.5,0.86
5.93,10.17,"TRACHYTE [14572]",135,257,29,106,19.3,4.77,16.28,2.36,13.34,2.88,6.99,1.2,7.6,1.17
5.93,10.17,"TRACHYTE [14572]",83,163,18,68,11.5,4.79,9.19,1.35,7.3,1.5,3.56,0.53,3.3,0.48
5.93,10.17,"TRACHYTE [14572]",104,202,22,83,14.8,3.23,11.71,1.61,8.67,1.89,4.6,0.68,4.5,0.67
5.93,10.17,"TRACHYTE [14572]",255,193,68,225,35.7,3.08,20.6,2.95,15,2.32,5.61,0.75,5.8,0.8
5.93,10.17,"TRACHYTE [14572]",205,245,48,174,30.3,3.01,23.4,3.78,21,4,9.29,1.31,9.9,1.29
5.93,10.17,"TRACHYTE [14572]",235,451,49,180,30.4,3.03,25.1,3.81,22.1,4.31,10.4,1.34,9.8,1.27
5.93,10.17,"TRACHYTE [14572]",249,454,54,212,38.3,4.41,33.4,4.97,26.7,5.35,11.9,1.68,10.7,1.54
5.93,10.17,"TRACHYTE [14572]",121,239,27,100,18.7,1.06,13.7,2.17,12.2,2.52,6.19,0.94,6,0.8
5.93,10.17,"TRACHYTE [14572]",107,209,23,89,15.3,3.4,11.1,1.66,8.8,1.89,4.63,0.74,4.3,0.63
5.93,10.17,"TRACHYTE [14572]",163,313,36,135,22.6,3.1,18.9,2.84,14.9,2.94,6.95,1.09,6.4,0.94
5.93,10.17,"TRACHYTE [14572]",263,300,61,229,37.3,3.77,30.1,4.32,22.6,4.28,10.2,1.53,9.1,1.33
5.93,10.17,"TRACHYTE [14572]",207,333,48,189,31.3,4.32,23.3,3.07,17.1,3.4,7.9,1.09,6.7,1.12
7.680784,38.806054,"TRACHYTE [20693]",79.4493180185998,164.526543834547,20.009690790646,80.0577743170315,15.5220075268995,4.08576428193098,14.5491472672861,2.25933761606347,13.4441455472611,2.68534830097938,7.73772552021738,1.11385153320092,7.36982757088857,1.08814675287081
26.5,100.9,"TRACHYTE [14602]",76,163.4,19.9,81.4,16.6,5.2,15.2,2.4,12.9,2.5,6.6,0.9,5.9,0.9
26.5,100.9,"TRACHYTE [14602]",69,147.5,17.7,72.7,14.8,4.5,13.6,2.2,11.9,2.3,6.3,0.9,5.5,0.8
26.5,100.9,"TRACHYTE [14602]",101,213.7,25.1,100.7,20.6,4.9,19.2,3.2,18.4,3.8,10.6,1.5,9.2,1.2
26.5,100.9,"TRACHYTE [14602]",67,148.1,17.9,73.6,15.1,4.6,13.7,2.2,11.7,2.3,6.1,0.9,5.6,0.8
26.5,100.9,"TRACHYTE [14602]",70,156.7,18.1,74.2,15,4.7,13.8,2.2,11.9,2.3,6.3,0.9,5.8,0.9
26.5,100.9,"TRACHYTE [14602]",111,236.2,27.4,109.4,21.8,5.4,19.6,3.2,16.9,3.3,8.7,1.2,7.5,1.1
27.8,101.3,"TRACHYTE [14602]",90,190.1,23.5,91.3,17.5,4.3,16.2,2.6,14.2,2.9,7.6,1.1,6.5,1
-9.427063,33.756495,"TRACHYTE [14594]",271,475,36,101,13,1.12,13.1,1.79,10.8,2.46,7.8,1.27,9.7,1.49
-9.427063,33.756495,"TRACHYTE [14594]",298,581,41,113,15,1.29,14.9,2.08,13.6,2.81,10,1.68,11.4,1.75
-9.427063,33.756495,"TRACHYTE [14594]",185,362,36,121,17,2.53,13.6,1.78,8.9,1.7,4.5,0.66,4.5,0.63
-9.075634,33.57132,"TRACHYTE [14594]",205,430,40,134,19,2.21,17,1.97,11,1.91,5.9,0.87,5.5,0.78
-9.206222,33.716916,"TRACHYTE [14594]",214,456,42,146,21,2.83,18.4,2.24,11.6,2.14,6.1,0.89,5.6,0.78
-9.088965,33.566272,"TRACHYTE [14594]",169,344,30,101,15,2.74,12,1.47,7.7,1.46,4.2,0.63,4.2,0.59
-9.13,33.67,"TRACHYTE [14594]",174,384,31,101,13,1.94,11.9,1.46,7.7,1.53,4.3,0.68,4.8,0.64
-9.104907,33.707886,"TRACHYTE [14594]",220,429,27,73,8,0.99,8.6,1.09,6.7,1.5,4.9,0.81,6.3,1
-9.427063,33.756495,"TRACHYTE [14594]",222,422,27,75,9,1.15,9,1.15,6.6,1.48,4.7,0.8,6.2,0.94
-9.160438,33.598113,"TRACHYTE [14594]",195,399,33,105,14,2.05,11.9,1.51,8.1,1.61,4.6,0.69,4.9,0.69
-9.09815,33.557087,"TRACHYTE [14594]",255,631,37,108,14,1.55,15.3,2.03,13,2.98,9.4,1.48,11.3,1.66
-9.09815,33.557087,"TRACHYTE [14594]",288,646,42,119,16,1.64,16.4,2.39,15.4,3.39,10.7,1.87,13.8,1.98
36.9,-1.9,"TRACHYTE [12849]",15.7,39.5,3.84,15.5,3.5,0.81,2.9,0.5,3,0.5,1.6,0.26,1.7,0.25
36,119.5,"TRACHYTE [13964]",68.8,99.6,12.5,46.4,7.27,1.91,7,0.91,4.79,0.9,2.55,0.41,2.53,0.41
36,119.5,"TRACHYTE [13964]",54,93.3,10.7,39.5,6.49,1.62,5.67,0.78,4.03,0.82,2.34,0.36,2.23,0.34
29.7,90.35,"TRACHYTE [13793]",82.1,169,24,67.91,9.68,2.7,9.84,0.96,4.09,0.55,1.55,0.18,1.23,0.18
29.7,90.35,"TRACHYTE [13793]",76.3,149,20.1,62.89,7.79,1.85,8.2,0.83,3.71,0.57,1.61,0.21,1.44,0.22
33,87,"TRACHYTE [12478]",71.73,128.25,13.41,45.07,6.76,1.53,4.56,0.58,2.99,0.51,1.39,0.19,1.15,0.15
40,27,"TRACHYTE [21237]",35.1,65.3,7.71,29.3,5.45,1.2,5.2,0.79,4.48,0.93,2.62,0.42,2.84,0.45
40,27,"TRACHYTE [21237] / NOT GIVEN [23377]",53.3,100.1,10.46,38.2,6.43,1.4,5.49,0.74,4.08,0.74,2.04,0.31,2.14,0.32
45.1,125,"TRACHYTE [14965]",71,106.7,10.5,37.3,5.8,1,5.1,0.8,4.6,1,3,0.5,3.5,0.6
30,86,"TRACHYTE [14993]",120,230,31.6,128,22.8,3.69,13.6,1.34,5.76,0.95,2.21,0.29,1.77,0.25
30,86,"TRACHYTE [14993]",127,237,31.9,127,21.5,3.56,13.3,1.27,5.39,0.89,2.07,0.28,1.67,0.25
30,86,"TRACHYTE [14993]",126,231,31.1,124,21.1,3.47,13.1,1.29,5.52,0.89,2.14,0.28,1.75,0.25
30,86,"TRACHYTE [14993]",128,238,32.6,129,22.6,3.73,14.1,1.4,6.02,0.98,2.27,0.3,1.86,0.27
30,86,"TRACHYTE [14993]",127,243,48.1,140,22.9,3.71,15.5,1.39,5.94,0.98,2.4,0.32,1.94,0.26
30,86,"TRACHYTE [14993]",135,240,36.2,131,22.7,3.75,14.6,1.36,6.05,0.97,2.35,0.3,1.86,0.27
30,86,"TRACHYTE [14993]",112,224,29.5,112,19.3,3.18,12.4,1.19,5.01,0.83,1.99,0.27,1.62,0.23
30,86,"TRACHYTE [14993]",131,240,32.6,128,21.9,3.62,13.8,1.35,5.84,0.93,2.25,0.3,1.8,0.27
30,86,"TRACHYTE [14993]",130,233,32.8,126,22.1,3.6,13.5,1.32,5.66,0.91,2.12,0.28,1.74,0.25
30,86,"TRACHYTE [14993]",129,232,31.6,124,21.3,3.55,13.7,1.32,5.58,0.91,2.13,0.29,1.72,0.24
30,86,"TRACHYTE [14993]",129,233,32,124,21.4,3.59,13.4,1.31,5.58,0.91,2.18,0.28,1.76,0.25
30,86,"TRACHYTE [14993]",124,229,30.8,120,20.6,3.41,13.3,1.27,5.42,0.87,2.06,0.27,1.63,0.24
30,86,"TRACHYTE [14993]",131,247,33.8,131,23.1,3.85,14.9,1.46,6.21,1.02,2.37,0.31,1.88,0.26
30,86,"TRACHYTE [14993]",105,208,29.3,121,22.2,3.42,13.4,1.31,5.39,0.86,2.06,0.27,1.69,0.24
30,86,"TRACHYTE [14993]",103,206,28.3,117,21.1,3.31,12.7,1.2,5.05,0.8,1.96,0.26,1.57,0.23
30,86,"TRACHYTE [14993]",107,210,29.9,122,22.1,3.43,13.2,1.29,5.38,0.86,2.08,0.27,1.7,0.25
30,86,"TRACHYTE [14993]",101,200,27.9,116,20.9,3.24,12.4,1.21,5.06,0.82,1.94,0.25,1.6,0.24
30,86,"TRACHYTE [14993]",104,206,29,122,22.3,3.49,13.5,1.27,5.24,0.84,2.04,0.27,1.65,0.24
27.8,-18,"TRACHYTE [15056]",150.866148438243,294.075153821622,36.622548474562,140.534442761097,23.2227845464487,6.6435623112776,17.3256114503006,2.43771535666774,12.2817265018878,2.24013919526051,5.52920163528979,0.812555793364291,4.94916930353676,0.762154996088601
43.45,83.2,"TRACHYTE [11907]",14.05,33.87,4.27,16.73,4.24,1.08,4.09,0.71,4.06,0.79,2.22,0.32,1.97,0.31
52.8,99.5,"TRACHYTE [15133]",42.47,89.25,10.4,45.2,9.22,1.81,8.76,1.39,7.5,1.49,3.89,0.54,3.08,0.49
51.2,106.3,"TRACHYTE [15132]",79,187,21.6,81.5,12.6,3.3,9.6,1.22,5.2,0.88,2.17,0.26,1.71,0.22
51.2,106.3,"TRACHYTE [15132]",61,170,17.2,68.4,11,2.6,7.5,1,4.38,0.72,1.87,0.28,1.91,0.24
51.2,106.3,"TRACHYTE [15132]",87,202,18.5,75.6,11.6,2,8.6,1.08,6.07,1.08,2.99,0.42,2.79,0.46
51.2,106.3,"TRACHYTE [15132]",103,253,23.2,92.1,14.2,1.8,9.9,1.27,7.25,1.25,3.45,0.51,3.37,0.55
38.79,15.21,"TRACHYTE [15252]",57.4,104,9.8,33.6,5.9,1.8,4.4,0.7,4.1,0.8,2.7,0.44,2.9,0.47
-30.5554273,141.9949074,"TRACHYTE [15266]",91.9,172,22.6,82.3,15.3,5,13.2,1.7,8.6,1.5,4,0.5,3.3,0.5
-16.009,-5.725,"TRACHYTE [15462]",190,312,27.9,82.4,12,1.68,9.83,1.8,10.5,2.27,7.1,1.06,6.92,1.03
-15.995,-5.758,"TRACHYTE [15462]",152,271,26.9,86.8,13.8,2.3,11.4,1.93,10.6,2.09,6.2,0.896,5.91,0.852
42,128,"TRACHYTE [22406]",89.9,177,19.4,18,90,0.3,12.6,2,10.8,2.1,5.1,0.7,4.7,0.7
27.58,32.93,"TRACHYTE [11221]",89.5,169,18,61.7,10.6,2.69,9.78,1.42,8.25,1.58,4.12,0.62,3.77,0.62
27.58,32.93,"TRACHYTE [11221]",86.3,179,19.6,67.4,12.2,2.33,10.6,1.56,8.73,1.68,4.62,0.63,4.01,0.64
27.58,32.93,"TRACHYTE [11221]",148,275,27.6,94.6,16.9,1.38,14.3,2.32,14.2,2.66,7.73,1.14,7.36,1.09
27.58,32.93,"TRACHYTE [11221]",89.8,163,17.7,60.8,9.84,2.46,8.17,1.2,7.22,1.34,3.83,0.6,3.83,0.62
27.58,32.93,"TRACHYTE [11221]",87.3,161,16.6,56.3,10,2.06,8.98,1.4,7.93,1.6,4.51,0.68,4.25,0.64
27.58,32.93,"TRACHYTE [11221]",42.1,75.6,10.6,41,7.68,0.87,6.58,0.94,5.47,1.12,3.26,0.51,3.38,0.53
83.43,-39.92,"TRACHYTE [15510]",160.785422271398,314.490886918968,29.1339560324451,88.8,13.5,0.734546718643235,11.5223040005298,1.94541235501971,10.4926811354538,2.19298253136608,6.19560033422492,1.0173229500892,6.67207855636763,1.07398328707555
83.43,-39.92,"TRACHYTE [15510]",178.989455986363,334.837349057201,34.4557313662601,100.356865011527,16.1866553767134,0.850557719555674,12.246703978773,2.00758067349819,11.5061524816742,2.22764732084662,6.16138601129732,1.01783694669755,6.70570264690005,1.03079710954791
83.43,-39.92,"TRACHYTE [15510]",211.929729217333,354.183691766234,35.7911352079046,106,16.5,0.848684124526535,13.5369594799507,2.25045624710679,12.464102934666,2.53269241696836,7.27241105333955,1.14977238771791,7.50952783901156,1.14367897498738
83.43,-39.92,"TRACHYTE [15510]",143.28925362291,312.850182734707,26.1235231776677,76.3,12.1,0.661673377000062,9.82346472848719,1.67861892756408,9.52615887175299,1.94563793239945,5.70570370603037,0.966706057637992,6.26380672848619,0.979165890861386
83.43,-39.92,"TRACHYTE [15510]",179.420890332556,330.562275914251,31.6897877022261,93.6512887635064,14.493143071933,0.766012897734776,11.4974315480274,1.88613776836141,10.4022364892199,2.05983109667207,5.79672256139613,0.921904648104063,6.14893259143205,0.961645408028533
83.43,-39.92,"TRACHYTE [15510]",177.310122063631,313.184608630987,32.0173340181993,94.1428112320319,14.8480601096582,0.828684818490194,12.03852384356,2.08335857211554,11.5955844138212,2.32805187892954,6.72125649464129,1.08966370888521,7.17806194296808,1.07435378784668
83.43,-39.92,"TRACHYTE [15510]",166.333134368385,315.539290606164,29.5844888907941,87.232402465974,13.9027361533002,0.755118510960723,11.2025644525047,1.88084030274143,10.5437050271598,2.16211898083103,6.13262938399074,1.04504186938829,6.86112651670106,1.13178253169734
83.43,-39.92,"TRACHYTE, KATOPHORITE [15510]",182.270828254589,320.314489555216,32.5645671860569,96.5,15.2,0.869081315586625,12.5266757642877,2.05489170518755,11.3722708646572,2.17168994836127,6.2785540761241,1.06307358328053,7.08992432553097,1.12983996523135
83.43,-39.92,"TRACHYTE, KATOPHORITE [15510]",187.156382795234,314.279537510242,33.5270233055224,104,15.9,1.04432829229152,13.7523280073494,2.24339681456373,12.4279790167537,2.52594683174466,7.13625818921473,1.1399623334912,7.08860752405448,1.08671684148741
83.43,-39.92,"TRACHYTE [15510]",133.558318783801,266.322233104799,24.0784435936248,71.9,11.8,0.624127367828787,10.0803909969841,1.72998608175679,10.2220711987048,2.17542714114702,6.28279808237538,1.04548664100403,6.72869735553379,1.05288932419197
83.43,-39.92,"TRACHYTE [15510]",124.184291217863,242.659132007233,23.663282919612,70.7,12,0.650225077911585,10.3530696650135,1.87208527648235,10.7539580027309,2.26542093630701,6.38431521842581,1.0387316539804,6.83544303797468,1.10451257603156
83.43,-39.92,"TRACHYTE [15510]",201.393822220224,338.760082730093,33.8829087148632,102,15.6,0.772294219894827,12.9173620567848,2.23806672835139,12.9244665808412,2.6749396759738,7.56109508517934,1.23614150693827,7.89268068482133,1.23860110933534
83.43,-39.92,"TRACHYTE [15510]",99.2208296362023,228.675170068027,18.3055040197897,54.3,9.21,0.506585612968592,7.97635886037583,1.46706050841389,8.68561710398445,1.88114134542706,5.4547081990691,0.94031798766018,6.23299319727891,0.995284477427335
83.43,-39.92,"TRACHYTE [15510]",132.053212851406,250.628514056225,23.1710934647682,67.8,11.1,0.61202255831838,9.85128633345262,1.73536250264215,10.1712974346365,2.17871485943775,6.21750158528852,1.06122163070888,7.26572958500669,1.19112814895947
83.43,-39.92,"TRACHYTE, KATOPHORITE [15510]",145.837400177462,254.276530612245,26.1873840445269,78.9,13.2,0.753365175857577,11.1012325722368,1.84103114930183,10.0905872553103,2.08390022675737,5.9828141783029,1.01684859990508,6.91383219954648,1.1178107606679
83.43,-39.92,"TRACHYTE, KATOPHORITE [15510]",189.11715429879,315.002819548872,32.577537593985,98,15,0.971844504879219,12.5316385021961,2.11515631183221,12.1163879085469,2.54803675856307,7.29026513652552,1.17153348487498,7.37781954887218,1.161995898838
83.43,-39.92,"TRACHYTE [15510]",66.6167795499235,107.194974874372,11.2277295568753,35.1,5.49,0.830749492141559,5.00323399174088,0.809309706426871,4.70310737360271,0.977107761027359,2.65749801639778,0.420708192123408,2.63316582914573,0.402010050251256
-22.75,-56.2667,"TRACHYTE [15545]",154,267,26.8,88.33,10.84,2.94,6.4,0.8,3.8,0.6,2,0.26,1.8,0.24
-22.75,-56.2667,"TRACHYTE [15545]",150,241,23.4,78.12,9.62,2.49,5.5,0.7,3.5,0.6,2,0.26,1.7,0.24
56.77,-131.28,"TRACHYTE [15532]",100,210,26,100,21,2.5,22,3.4,19,3.6,9.4,1.6,9.4,1.5
42.1,27.95,"TRACHYTE [13759]",26.2983333333333,52.7616666666667,6.178,26.9626666666667,6.22366666666667,1.40733333333333,3.87366666666667,0.689,3.91633333333333,0.801333333333333,2.43966666666667,0.364333333333333,2.375,0.342
42.4003,27.7242,"TRACHYTE [13759]",41.3923333333333,79.5683333333333,8.74633333333333,31.605,5.56266666666667,1.57333333333333,5.141,0.903666666666667,4.68766666666667,0.869,2.56266666666667,0.427666666666667,2.89233333333333,0.340666666666667
42.4084,27.7206,"TRACHYTE [13759]",45.4546666666667,84.877,9.07633333333333,35.6666666666667,5.76966666666667,1.58933333333333,5.993,0.736333333333333,5.03666666666667,0.807,2.34366666666667,0.362666666666667,2.238,0.355
42.5699,27.8475,"TRACHYTE [13759]",25.0496666666667,50.0493333333333,5.92766666666667,25.5106666666667,5.05666666666667,1.157,4.469,0.848,3.63233333333333,0.913333333333333,2.49566666666667,0.407333333333333,2.857,0.416333333333333
38.92,42.98,"TRACHYTE [15624]",24.1,53.6,6.81,28,6.3,1.73,6.67,1.29,7.15,1.37,4.1,0.62,3.86,0.59
38.92,42.98,"TRACHYTE [15624]",24,53.8,6.81,27.7,5.9,1.6,6.5,1.18,6.92,1.43,4.06,0.62,3.76,0.58
38.92,42.98,"TRACHYTE [15624]",23.8,50.7,6.17,23.9,5.5,1.31,5.61,1.07,6.05,1.15,3.4,0.5,3.33,0.5
38.92,42.98,"TRACHYTE [15624]",26.3,57,7.06,28.9,6.4,1.61,6.42,1.28,6.95,1.32,3.93,0.61,3.88,0.59
38.92,42.98,"TRACHYTE [15624]",24.3,53.1,6.51,25.9,5.6,1.38,5.81,1.12,6.46,1.31,3.68,0.6,3.75,0.58
38.92,42.98,"TRACHYTE [15624]",25.6,57.5,7.28,29.8,6.7,1.76,6.76,1.21,7.34,1.45,4.54,0.57,4,0.66
38.92,42.98,"TRACHYTE [15624]",24.7,56.4,7.29,29,6.8,1.78,7.18,1.27,7.12,1.44,4.43,0.64,4.01,0.65
38.92,42.98,"TRACHYTE [15624]",28,62.1,7.86,31.3,6.6,1.65,7.09,1.29,7.5,1.53,4.88,0.72,4.27,0.72
38.92,42.98,"TRACHYTE [15624]",28.4,63.4,8.44,38.2,8.16,1.82,8.68,1.5,8.59,1.91,5.34,0.84,5.22,0.78
38.92,42.98,"TRACHYTE [15624]",28.4,62.8,8.46,37.7,8.29,1.94,8.52,1.47,8.77,1.83,5.29,0.82,5.13,0.77
38.92,42.98,"TRACHYTE [15624]",41.8,79,9.13,31.3,5.82,1.17,5.24,0.92,5.46,1.17,3.64,0.59,3.83,0.58
38.92,42.98,"TRACHYTE [15624]",25.5,55.1,6.85,27.6,5.76,1.42,6.14,1.09,6.07,1.29,3.73,0.6,3.63,0.54
27.3083,-17.7833,"TRACHYTE [15622]",128,187,20,59.9,8.77,1.94,6.28,0.91,5.03,0.86,2.16,0.31,1.84,0.26
27.3083,-17.7833,"TRACHYTE [15622]",62,103,9.23,27.6,3.89,0.87,2.74,0.37,2.17,0.37,0.91,0.12,0.75,0.09
27.3083,-17.7833,"TRACHYTE [15622]",69.7,127,11.2,33.4,4.78,1.03,3.32,0.47,2.85,0.5,1.35,0.2,1.33,0.17
27.3083,-17.7833,"TRACHYTE [15622]",117,180,19,55.5,7.33,1.15,4.87,0.69,4.19,0.76,2.11,0.33,2.39,0.29
27.3083,-17.7833,"TRACHYTE [15622]",99.9,129,15.6,47.4,6.96,1.73,4.79,0.67,3.84,0.68,1.81,0.27,1.61,0.23
27.3083,-17.7833,"TRACHYTE [15622]",127,184,20.1,64.5,10.3,2.52,8.83,1.31,8.15,1.74,5.07,0.74,4.56,0.69
30,114.5,"TRACHYTE [15737]",54.3,89.4,9.61,32.8,5.38,1.21,3.53,0.71,3.54,0.79,2.16,0.309,2.07,0.298
30,114.5,"TRACHYTE [15737]",70.5,126,13.3,52.1,7.67,2.06,7.2,0.92,5.18,1.01,3.28,0.482,3.3,0.434
30,114.5,"TRACHYTE [15737]",64.1,118,12.21,47.9,7.76,1.77,5.99,0.78,4.53,0.9,2.53,0.358,2.3,0.354
30,114.5,"TRACHYTE [15737]",72.6,134,14.7,54.8,9.01,2.5,8.09,1.07,5.33,1.09,3.37,0.45,2.81,0.464
30,114.5,"TRACHYTE [15737]",71.1,125,13.1,50.9,7.54,2.37,7.05,0.97,5.33,1.02,2.96,0.33,2.47,0.372
30,114.5,"TRACHYTE [15737]",77.3,138,15.4,59.8,8.81,2.44,7.67,1.15,6.15,1.07,2.97,0.43,3.04,0.472
30,114.5,"TRACHYTE [15737]",71.8,131,14.2,53.6,8.27,2.32,7.93,1.11,6.18,1.13,3.35,0.411,3.11,0.408
30,114.5,"TRACHYTE [15737]",66.5,120,12.6,42.6,7.01,1.63,4.89,0.94,5.02,1.08,3.15,0.438,2.99,0.445
30,114.5,"TRACHYTE [15737]",70.6,127,13.6,45.6,7.47,1.66,5.07,0.98,5.08,1.11,3.14,0.44,3.15,0.444
38.67,42.2,"TRACHYTE [15775]",70.53,145.7,17.43,63.81,13.75,1.106,12.96,2.227,13.8,2.799,8.419,1.301,9.039,1.416
38.67,42.2,"TRACHYTE [15775]",51.99,110.8,12.19,45.09,9.145,1.966,8.405,1.425,8.959,1.85,5.657,0.911,6.367,1.035
38.67,42.2,"TRACHYTE [15775]",83.03,142.4,18.76,70.75,14.28,2.287,13.23,2.172,13.12,2.546,7.229,1.073,6.984,1.044
38.67,42.2,"TRACHYTE [15775]",41.99,114.5,11.5,42.05,8.582,0.719,6.696,1.087,6.134,1.137,3.357,0.555,4.355,0.74
38.67,42.2,"TRACHYTE [15775]",88.38,172.9,21.96,85.04,18.88,1.773,18.4,3.171,20.31,4.07,11.93,1.831,12.2,1.849
38.67,42.2,"TRACHYTE [15775]",51.66,107.5,13.13,50.4,10.65,1.562,9.908,1.632,9.772,1.922,5.491,0.849,6.127,1.019
38.67,42.2,"TRACHYTE [15775]",53.64,114.7,13.89,53.94,11.77,1.693,11.72,1.982,12.48,2.526,7.398,1.135,7.737,1.203
38.67,42.2,"TRACHYTE [15775]",67.83,138.5,16.53,61.44,13.09,0.999,12.24,2.119,13.38,2.722,8.027,1.263,8.621,1.306
38.67,42.2,"TRACHYTE [15775]",66.94,138.6,16.77,62.59,13.33,2.381,12.47,2.11,13.25,2.714,8.052,1.277,8.963,1.391
38.67,42.2,"TRACHYTE [15775]",55.06,116.6,14.18,55.08,11.93,2.18,11.41,1.916,11.87,2.359,6.929,1.044,7.254,1.139
38.67,42.2,"TRACHYTE [15775]",52.16,105,12.7,45.37,9.511,1.472,8.889,1.515,9.365,1.907,5.774,0.904,6.382,1.034
38.67,42.2,"TRACHYTE [15775]",50.36,101.9,12.87,49.33,10.58,2.196,10.11,1.651,10,2.028,5.94,0.887,6.229,0.982
38.67,42.2,"TRACHYTE [15775]",34.33,74.02,8.181,29.61,6.091,2.202,5.61,0.926,5.565,1.143,3.437,0.528,3.795,0.623
38.67,42.2,"TRACHYTE [15775]",27.81,61.87,7.177,27.88,5.996,2.908,5.846,0.949,5.75,1.167,3.366,0.516,3.637,0.601
38.67,42.2,"TRACHYTE [15775]",41.31,90.72,10.8,42.09,9.085,2.691,8.592,1.403,8.664,1.726,5.107,0.797,5.658,0.906
38.67,42.2,"TRACHYTE [15775]",26.95,56.17,6.84,27.35,5.995,2.968,5.923,0.966,5.9,1.163,3.411,0.505,3.57,0.572
31.4,84.3,"TRACHYTE [15776]",48.3,109,15.1,64.1,12.6,2.69,7.7,0.86,3.64,0.6,1.6,0.2,1.39,0.21
31.4,84.3,"TRACHYTE [15776]",44.7,93.1,12.6,51.1,10,2.25,6.56,0.75,3.47,0.59,1.55,0.22,1.4,0.22
31.4,84.3,"TRACHYTE [15776]",42.2,84.5,10.3,42.6,7.96,1.77,5.13,0.6,2.82,0.51,1.31,0.2,1.32,0.22
31.4,84.3,"TRACHYTE [15776]",38.5,80.5,11.2,46.7,9.39,2.49,6.06,0.74,3.42,0.61,1.52,0.24,1.48,0.23
30.8,117.3,"TRACHYTE [15778]",80.8,163,19.65,66.3,11,2.53,10.35,1.34,6.66,1.28,3.8,0.52,3.65,0.56
30.8,117.3,"TRACHYTE [15778]",63.5,131,14.2,49,8.57,1.79,8.84,1.15,6.17,1.23,3.7,0.51,3.55,0.55
30.8,117.3,"TRACHYTE [15778]",73.3,145.5,16.35,55.6,9.59,2.02,9.89,1.33,7.22,1.45,4.4,0.62,4.17,0.66
-33.98,-54.58,"TRACHYTE [7504]",72.56,140.19,13.53,64.44,12.63,3,12.02,1.81,10.65,2.07,6.43,0.96,6,0.89
-33.98,-54.58,"TRACHYTE [7504]",69.09,132.84,12.63,53.38,11.23,2.56,10.85,1.63,9.87,1.84,5.85,0.88,5.45,0.81
-33.98,-54.58,"TRACHYTE [7504]",73.82,142.72,13.65,57.82,12.27,3.12,12.03,1.8,10.88,2.1,6.58,0.97,6.14,0.9
39.11,28.89,"TRACHYTE [15953]",50.7,93.5,11.57,44.1,7.96,1.73,7.7,1.19,6.75,1.3,3.43,0.56,3.57,0.5
38.46,29.95,"TRACHYTE [15953]",43.2,90.1,11.12,44.5,7.83,1.87,6.2,0.88,4.45,0.81,2.22,0.36,2.16,0.31
38.46,29.95,"TRACHYTE [15953]",43.5,89.1,10.82,41.1,7.53,1.83,5.97,0.81,4.06,0.68,1.78,0.23,1.48,0.22
83.52,-38,"TRACHYTE [15981]",141,346,36,144,26.9,2.46,24.8,4.23,24.9,4.96,14.5,2.12,14.1,2.06
19.628,-155.825,"TRACHYTE [6576]",73.48,146.94,18.45,63.86,12.25,3.05,10.24,1.7,10.71,2.09,6.3,0.93,6,0.96
41.78,120.75,"TRACHYTE [15962]",25.8,42.8,7.45,29.4,5.17,1.32,3.83,0.56,2.78,0.48,1.3,0.2,1.27,0.19
41.78,120.75,"TRACHYTE [15962]",20.5,48.8,6.08,24.8,4.55,1.38,3.82,0.57,2.91,0.53,1.46,0.23,1.42,0.23
38,26,"TRACHYTE [13622]",71.9,151.8,16.08,53.4,8.45,0.37,5.77,1.17,6.21,1.25,4.04,0.7,4.5,0.71
38,26,"TRACHYTE [13622]",73,144.8,16.01,54.6,9.27,0.37,6.61,1.27,7.03,1.34,4.29,0.72,4.89,0.77
38,26,"TRACHYTE [13622]",127.7,232.4,25.26,86.7,13.53,1.09,9.01,1.67,8.46,1.56,4.74,0.8,5.07,0.8
38,26,"TRACHYTE [13622]",95.4,176.9,19.46,64.5,9.99,0.96,7.07,1.25,6.97,1.33,4.01,0.62,4.33,0.7
38,26,"TRACHYTE [13622]",81.9,136,15.32,52.5,7.98,0.95,6.25,1.09,5.85,1.14,3.49,0.56,3.36,0.57
40.45,39.49,"TRACHYTE [13468]",26.2,47.3,4.7,15.1,2.8,0.8,2.5,0.2,2.1,0.7,1.9,0.5,1.7,0.3
40.45,39.49,"TRACHYTE [13468]",16,38,4.5,16,3.2,1.4,4.3,0.5,2.7,0.7,1.8,0.3,1.8,0.3
40.45,39.49,"TRACHYTE [13468]",10.8,19.7,1.4,7.1,1.6,0.4,1.4,0.2,0.9,0.5,0.8,0.4,0.5,0.1
38,115,"TRACHYTE [16188]",51.5,93.3,10.7,39.1,5.72,1.83,0.58,4.96,2.87,0.51,1.41,0.25,1.47,0.23
38,115,"TRACHYTE [16188]",48.2,90.4,9.99,37.3,5.54,1.75,0.52,4.13,2.85,0.49,1.37,0.22,1.43,0.2
38,115,"TRACHYTE [16188]",42.4,81.5,9.13,33.1,4.46,1.36,0.42,3.38,2.1,0.38,1.06,0.19,1.22,0.18
38,115,"TRACHYTE [16188]",46.3,83,8.95,33.9,4.42,1.58,0.44,3.87,2.24,0.42,1.17,0.19,1.38,0.19
40.78,14.05,"TRACHYTE [16170]",180,326,35,115,19.1,1.5,14.6,2.4,13,2.5,7.5,1.2,7.8,1.2
40.78,14.05,"TRACHYTE [16170]",152,281,30.2,100,17,1.4,12.8,2.1,11.1,2.1,6.3,1,6.6,1
40.78,14.05,"TRACHYTE [16170]",178,326,34.9,114,19.4,1.3,14.5,2.3,12.7,2.4,7.5,1.2,7.7,1.2
40.78,14.05,"TRACHYTE [16170]",97.4,170,16.9,55.2,10.7,1.8,8.1,1.1,6.1,1.2,3.7,0.6,3.6,0.5
40.78,14.05,"TRACHYTE [16170]",103,191,20.5,70.1,12.3,2,9.5,1.5,7.8,1.5,4.2,0.6,4.2,0.6
40.78,14.05,"TRACHYTE [16170]",92.4,170,18.2,61.5,10.7,2,8.3,1.3,6.7,1.3,3.8,0.6,3.8,0.6
49,17.2,"TRACHYTE [16237]",63,93,9.7,27,4,1.2,3.2,0.5,2.2,0.4,1.1,0.2,1.1,0.2
35.9848,-118.2843,"TRACHYTE [7949]",20,34,3.9,16,2.8,0.8,2.4,0.3,1.6,0.3,0.8,0.1,0.7,0.1
36.295,-114.415,"TRACHYTE [16318]",61.45,103.31,10.61,38.31,7.15,1.82,5.96,0.89,4.95,0.93,2.29,0.34,2.01,0.31
36.265,-114.425,"TRACHYTE [16318]",58.94,105.92,11.14,42.68,8.88,2.19,7.24,1.09,6.19,1.18,2.94,0.42,2.6,0.39
33.364,126.5295,"TRACHYTE [16317]",45.709444387253,95.9663614177836,9.58547907460485,38.3622912305984,8.18457532393199,2.15882287188222,7.77978901221209,1.14156896195727,7.19061866569123,1.40077158671007,4.08314522384224,0.587323469376947,3.71500800151656,0.572445343075436
33.3627,126.5294,"TRACHYTE [16317]",48.7512396705567,107.711501357466,10.9008296883499,43.2199126527768,8.97366396372167,3.4911147172023,8.69229514738834,1.23495173609871,7.32860030509545,1.33209608503895,3.72770213735946,0.528143522425034,3.29279289505906,0.47527323322962
33.2403,126.318,"TRACHYTE [16317]",94.4765056740123,178.68427030221,19.7855043771427,73.8616329199631,12.368996196332,3.49109379916919,10.299054997395,1.45320406210102,8.94409498240013,1.68335507278544,4.83534154341502,0.70210457605245,4.29180430916565,0.636473820471288
33.2419,126.3071,"TRACHYTE [16317]",95.2208113344236,178.141036301626,20.0841364888016,76.4017883714031,13.2709658075665,3.8277029303698,10.9886387957686,1.55163028139456,9.2079692065841,1.69790394492065,4.88108886014911,0.691887457509143,4.36545103387249,0.63661505323601
41.68,125.75,"TRACHYTE [16429]",64.02,113.1,12.66,44.34,5.67,1.34,3.49,0.5,2.53,0.46,1.24,0.17,1.17,0.2
41.68,125.75,"TRACHYTE [16429]",62.51,110.09,11.26,24.68,6.29,1.38,3.95,0.52,2.6,0.49,1.34,0.17,1.25,0.17
41.68,125.75,"TRACHYTE [16429]",55.77,99.3,10.21,17.25,5.74,1.31,3.89,0.48,2.26,0.46,1.08,0.16,1.04,0.16
41.68,125.75,"TRACHYTE [16429]",64.54,114.5,12.77,44.41,6.01,1.39,3.97,0.52,2.52,0.48,1.24,0.17,1.24,0.21
41.68,125.75,"TRACHYTE [16429]",68.43,119.9,13.38,44.75,5.72,1.31,3.46,0.5,2.4,0.44,1.24,0.17,1.16,0.2
41.68,125.75,"TRACHYTE [16429]",70.6,123.1,13.6,47.77,6.05,1.45,3.74,0.52,2.51,0.46,1.25,0.17,1.21,0.2
41.68,125.75,"TRACHYTE [16429]",58.05,104.23,10.64,24.22,6.4,1.5,4.29,0.56,2.51,0.49,1.3,0.16,1.18,0.15
41.68,125.75,"TRACHYTE [16429]",78.43,136.2,15.83,57.63,7.61,1.85,4.94,0.67,3.22,0.57,1.57,0.22,1.45,0.24
40.83,119.17,"TRACHYTE [16485]",61.8,120,13.7,51.6,8.49,2.25,5.7,0.7,3.33,0.6,1.43,0.2,1.17,0.17
40.83,119.17,"TRACHYTE [16485]",59,115,13.2,49,7.93,2.08,5.63,0.69,3.35,0.59,1.52,0.21,1.24,0.18
40.83,119.17,"TRACHYTE [16485]",45.1,87.5,10.5,40.4,6.58,1.88,4.93,0.61,2.92,0.51,1.3,0.18,1.07,0.16
40.83,119.17,"TRACHYTE [16485]",30.3,62.3,6.92,25.7,4.09,1.12,2.98,0.35,1.74,0.3,0.79,0.11,0.73,0.11
40.83,119.17,"TRACHYTE [16485]",41.3,81.7,10,37.8,6.17,1.71,4.48,0.55,2.7,0.49,1.27,0.17,1.06,0.15
40.83,119.17,"TRACHYTE [16485]",33.4,63.7,7.25,27.7,4.48,1.3,3.11,0.39,1.99,0.33,0.91,0.13,0.87,0.12
40.83,119.17,"TRACHYTE [16485]",33.4,64.6,7.36,27.1,4.53,1.25,3.12,0.39,1.93,0.33,0.89,0.12,0.84,0.12
38,25,"TRACHYTE [16532]",43.3,78.3,8.3,28.9,4.71,1.19,4.11,0.65,3.59,0.74,2.1,0.34,2.31,0.37
38,25,"TRACHYTE [16532]",37.6,69.4,7.15,24.5,4.12,0.96,3.39,0.51,2.7,0.55,1.52,0.24,1.64,0.25
38,25,"TRACHYTE [16532]",54.4,104,11.23,42,7.08,1.47,5.73,0.81,4.32,0.83,2.46,0.37,2.35,0.38
38,25,"TRACHYTE [16532]",40,77.9,8.69,29.3,5.28,1.11,4.49,0.72,4.08,0.81,2.49,0.39,2.62,0.43
38,25,"TRACHYTE [16532]",38.9,81.1,8.66,30,5.33,1.15,4.48,0.68,3.79,0.76,2.18,0.32,2.29,0.35
80.9908,-66.9975,"TRACHYTE [14457]",174,308,31.5,96.96,14.9,4.74,9.14,1.23,7.04,1.28,3.5,0.471,2.71,0.353
80.9908,-66.9975,"TRACHYTE [14457]",248,497,58.7,201.49,31.61,9.51,21.1,2.8,12.9,2.31,6.27,0.823,4.59,0.575
25.1377833333333,98.4398583333333,"TRACHYTE [25486]",81.55,160.3,17.25,60.2,9.2,1.72,6.74,0.97,5.29,1,2.8,0.41,2.5,0.37
38.404,14.963,"TRACHYTE [25550]",48.1,93.9,10.3,37.6,7.49,0.755,5.91,0.99,5.57,1.1,3.26,0.506,3.4,0.536
38.404,14.962,"TRACHYTE [25550]",70.3,142,17.7,66.1,11.9,2.28,7.9,1.14,5.71,1.1,3.12,0.45,2.99,0.487
38.40939,14.94447,"TRACHYTE [25550]",53.8,102,10.9,39.6,7.18,1.15,5.71,0.89,4.75,0.91,2.71,0.408,2.82,0.447
-24.0854,-68.3136,"TRACHYTE [25792]",51.549,107.798,12.154,39.58,6.791,1.743,4.738,0.59,2.218,0.369,1.087,0.12,0.796,0.111
-24.0711,-68.2859,"TRACHYTE [25792]",59.672,124.228,14.305,47.349,8.039,2.049,5.684,0.684,2.401,0.392,1.194,0.123,0.818,0.112
-24.1252,-68.2879,"TRACHYTE [25792]",39.839,79.998,9.695,31.357,5.761,1.562,3.646,0.479,1.907,0.331,0.873,0.108,0.666,0.105
-24.3731,-68.4471,"TRACHYTE [25792]",52.791,107.043,12.126,39.196,6.653,1.726,4.693,0.562,1.982,0.311,0.92,0.093,0.608,0.082
-24.4401,-68.4387,"TRACHYTE [25792]",55.493,117.026,12.079,37.782,6.839,1.81,5.664,0.676,1.934,0.3,1.012,0.096,0.643,0.087
-24.4512,-68.4492,"TRACHYTE [25792]",58.93,120.143,13.428,43.955,7.327,1.879,5.057,0.608,2.106,0.338,1.025,0.104,0.689,0.094
50.6686,7.2168,"TRACHYTE [16706]",52.6,90.2,8.91,30,5.25,1.35,4.33,0.56,3.27,0.62,1.8,0.25,1.61,0.23
50.664,7.2117,"TRACHYTE [16706]",63.7,113,11.2,37.9,6.54,1.72,5.38,0.72,4.08,0.77,2.24,0.31,1.96,0.28
-3.8699783,-32.4387735,"TRACHYTE [25812]",88.402285194472,127.832885822315,9.67145403402029,26.3879657208683,3.18988067313499,0.89301161346704,2.31586096365311,0.358514840145326,2.1062204513698,0.430795900958091,1.30474038694941,0.225056372359656,1.65107387479742,0.251198676185871
-3.8699783,-32.4387735,"TRACHYTE [25812]",95.2612329949906,128.179305455096,9.98360019244032,26.483733858224,3.07842629989084,0.845052315743767,2.2460617046101,0.35667193891884,2.08079496157192,0.444910587896305,1.45937034536375,0.246623517966254,1.73945261595769,0.282487824139631
-3.8624048,-32.4230169,"TRACHYTE [25812]",85.9573610744629,109.67588496443,8.9632699236479,26.1657740279222,3.33871984884711,0.977367926105173,2.74548226867078,0.420295345608497,2.34648639958978,0.479374756687216,1.49141618545443,0.238945982080934,1.68406238539518,0.270224283292103
-3.8410835,-32.3985519,"TRACHYTE [25812]",115.320109854053,165.215187929611,12.9865676995137,35.5634591415971,4.08114837761296,1.18340947123214,3.05462160562226,0.460226894845943,2.69902690901623,0.546577678821208,1.84153160414003,0.295515241966934,2.05370505476464,0.33458650798776
-3.8410835,-32.3985519,"TRACHYTE [25812]",89.5077051831097,183.636451355662,21.2883470455105,81.946847335893,14.5575567240454,4.1574470550261,11.7773322021893,1.58265890311119,8.06907049663492,1.40078285747292,3.58069210561024,0.451840483809648,2.64817305160276,0.366756519867065
-3.862707,-32.4151359,"TRACHYTE [25812]",66.6004153869361,81.5358065911159,5.94723773038564,15.6255318032258,1.88355193415111,0.532513648002407,1.525042120682,0.245604953889999,1.47425201170578,0.337177295494352,1.11876946712878,0.190538906832609,1.51092813621385,0.259430558397433
38.404,14.963,"TRACHYTE [15471]",26,45,4.8,17.7,2.82,0.36,1.62,0.21,0.94,0.17,0.44,0.06,0.44,0.06
38.404,14.963,"TRACHYTE [15471]",5,6.7,0.63,2.24,0.43,0.16,0.3,0.03,0.2,0.03,0.1,0.01,0.1,0.01
38.404,14.963,"TRACHYTE [15471]",13.6,18.3,1.71,5.5,0.95,0.16,0.61,0.1,0.5,0.1,0.27,0.03,0.34,0.04
38.404,14.963,"TRACHYTE [15471]",35,55,5.3,17.1,2.61,0.35,1.88,0.26,1.29,0.24,0.63,0.09,0.62,0.09
38.404,14.963,"TRACHYTE [15471]",52,96,11,41,8.4,1.8,6.2,0.96,5,1.07,2.94,0.42,2.9,0.49
38.404,14.963,"TRACHYTE [15471]",43,81,9.9,37,5.1,0.84,2,0.31,1.43,0.27,0.62,0.08,0.51,0.07
38.404,14.963,"TRACHYTE [15471]",74,135,13.7,45,6.7,0.58,4.1,0.68,3.6,0.68,2.16,0.37,2.3,0.32
38.404,14.963,"TRACHYTE [15471]",135,224,19.7,56,7.7,0.55,2.9,0.51,2.06,0.38,0.79,0.11,0.66,0.1
38.404,14.963,"TRACHYTE [15471]",63,106,8.9,25.5,3.9,0.61,1.9,0.37,2.09,0.34,0.84,0.11,0.74,0.11
38.404,14.963,"TRACHYTE [15471]",45,60,5.3,17.1,2.83,0.39,1.4,0.2,0.89,0.17,0.43,0.06,0.45,0.07
38.404,14.963,"TRACHYTE [15471]",51,90,9.1,26.7,3.2,0.36,0.87,0.11,0.59,0.11,0.26,0.04,0.26,0.05
38.404,14.963,"TRACHYTE [15471]",49,72,7.8,30.1,6.8,1.52,5.6,0.7,3.13,0.47,1.09,0.13,0.84,0.1
38.404,14.963,"TRACHYTE [15471]",48,82,8.8,30,4.6,0.76,2.4,0.33,1.53,0.26,0.63,0.09,0.59,0.08
38.404,14.963,"TRACHYTE [15471]",92,172,17.2,61,11.2,1.71,6.6,1.13,6.7,1.33,3.5,0.56,3.8,0.64
38.404,14.963,"TRACHYTE [15471]",101,186,19.8,69,12.4,2,8.2,1.45,8.6,1.87,5.7,0.83,6.1,1.03
38.404,14.963,"TRACHYTE [15471]",113,218,21.9,78,13.8,2.4,10.1,1.65,9.2,1.99,5.8,0.96,6.2,0.94
38.404,14.963,"TRACHYTE [15471]",104,197,19.9,71,12.9,2.03,7.9,1.43,8.3,1.63,4.8,0.74,5.1,0.87
38.404,14.963,"TRACHYTE [15471]",37,70,8.2,30,5.7,1.06,4,0.66,3.7,0.72,2,0.33,2.07,0.28
38.404,14.963,"TRACHYTE [15471]",41,77,9.2,34,6.6,1.31,5.1,0.77,4.3,0.84,2.32,0.39,2.27,0.33
38.404,14.963,"TRACHYTE [15471]",39,72,8.3,30,5.9,1.03,4.3,0.69,3.8,0.75,2.06,0.34,2.13,0.3
31.4,84.3,"TRACHYTE [14617]",40,82.2,11.2,44.6,8.93,2.25,5.67,0.66,2.93,0.48,1.31,0.19,1.27,0.2
31.4,84.3,"TRACHYTE [14617]",39.5,86.3,11.9,52.9,10.42,2.63,6.66,0.82,3.47,0.6,1.51,0.21,1.35,0.21
31.4,84.3,"TRACHYTE [14617]",48.6,99,13,52.6,9.93,2.32,6.5,0.74,3.36,0.56,1.49,0.21,1.36,0.21
31.4,84.3,"TRACHYTE [14617]",40.3,89,12,52.7,10.53,2.64,6.72,0.79,3.35,0.57,1.5,0.2,1.33,0.2
31.4,84.3,"TRACHYTE [14617]",46.4,98,12.2,48.7,8.98,1.82,5.69,0.66,3.07,0.53,1.47,0.22,1.42,0.22
31.4,84.3,"TRACHYTE [14617]",42.1,93,12.4,53.8,10.49,2.31,6.77,0.81,3.53,0.59,1.57,0.21,1.37,0.22
31.4,84.3,"TRACHYTE [14617]",52.2,104,13.5,52.6,9.75,2.03,6.45,0.73,3.41,0.6,1.67,0.24,1.58,0.25
34,126,"TRACHYTE [9489]",11.7,28.78,3.71,17.64,4.46,1.38,4.54,0.74,4.83,0.96,2.95,0.46,2.48,0.41
43,100.87,"TRACHYTE [17033]",36,79,10,43,9.4,1.9,8.6,1.5,9.5,2,6.4,1,5.9,0.96
43,100.87,"TRACHYTE [17033]",51,110,12,49,9.5,2,8.8,1.5,8.8,1.7,4.8,0.71,4.74,0.68
43,100.87,"TRACHYTE [17033]",22,57,7.4,38.3,8.66,3,7.8,1.3,7.6,1.7,4.8,0.67,4.3,0.64
34,90,"TRACHYTE [17071]",68.8,127,13.6,51.6,7.94,1.92,6.15,0.71,3.42,0.62,1.63,0.23,1.37,0.21
34,90,"TRACHYTE [17071]",68.7,127,13.6,51.6,7.83,1.9,6.09,0.7,3.35,0.61,1.57,0.23,1.35,0.2
34,90,"TRACHYTE [17071]",63.8,118,12.1,45.1,6.92,1.59,5.45,0.65,3.23,0.6,1.64,0.24,1.41,0.21
34,90,"TRACHYTE [17071]",49,88.1,9.47,35.4,5.63,1.57,4.49,0.57,2.81,0.5,1.32,0.19,1.13,0.16
5.97,10,"TRACHYTE [17079]",42.89,89.65,10.9,43.51,8.24,5.22,7.36,0.98,5.47,0.94,2.6,0.33,2.13,0.33
32.17,13.02,"TRACHYTE [17097]",73.4,110.8,10.8,33.6,4.9,1.8,3.7,0.6,3.2,0.6,1.8,0.3,1.8,0.3
32.17,13.02,"TRACHYTE [17097]",76.7,118.1,10.8,34.7,5.4,1.9,4.3,0.6,3.4,0.6,1.9,0.3,1.8,0.3
32.17,13.02,"TRACHYTE [17097]",83.2,111.6,9.1,24.5,3.1,0.8,2.1,0.4,2.5,0.5,1.9,0.3,2.3,0.4
32.17,13.02,"TRACHYTE [17097]",99.3,134.2,10.1,27.3,3.6,0.9,2.6,0.4,2.8,0.6,2.1,0.4,2.6,0.4
32.17,13.02,"TRACHYTE [17097]",89.1,123.4,9.4,25.9,3.4,0.9,2.4,0.4,2.6,0.6,1.9,0.3,2.3,0.4
32.17,13.02,"TRACHYTE [17097]",91.3,128.5,9.7,26,3.5,0.9,2.4,0.4,2.8,0.6,2.3,0.4,2.8,0.4
32.17,13.02,"TRACHYTE [17097]",143.4,215.7,20.1,61.2,8.4,1.5,6.2,1.1,6.2,1.3,4.2,0.6,4.1,0.6
32.17,13.02,"TRACHYTE [17097]",136,209,17,47.8,6.4,0.8,4.9,0.9,5.3,1.1,4.1,0.7,4.7,0.7
32.17,13.02,"TRACHYTE [17097]",138.1,212.4,17.1,49,6.7,0.9,5,0.9,5.7,1.2,4.1,0.7,4.8,0.7
13.63,25.35,"TRACHYTE [17156]",44.9,97.5,12,49.9,10.2,3.11,8.92,1.21,6.36,1.14,2.76,0.33,1.92,0.27
13.63,25.35,"TRACHYTE [17156]",91.4,163,18.2,65.3,11.3,2.27,9.42,1.35,7.39,1.35,3.46,0.42,2.46,0.38
14.67,25.83,"TRACHYTE [17156]",614,576,84.7,277,39.9,2.14,32.6,4.76,27.7,5.5,15.5,2.1,12.6,1.86
50,108,"TRACHYTE [17345]",89.3,184.7,20,72.2,10.8,2.72,8.22,0.88,4.48,0.78,2.25,0.3,1.75,0.26
50,108,"TRACHYTE [17345]",87.2,180.9,18.9,66.5,9.9,1.98,7.73,0.89,4.38,0.77,2.22,0.29,1.84,0.27
6.3439,11.1711,"TRACHYTE [17310]",122,161,24.4,22.3,100,3.58,22.9,3.72,20.1,3.91,9.7,1.32,7.18,0.91
40.7,13.9,"TRACHYTE [17302]",90.1,165,16.89,79.1,12.18,1.63,11.15,1.52,9.58,2.12,6.03,0.85,6.39,0.94
40.7,13.9,"TRACHYTE [17302]",88.1,166.5,16.94,79.1,13.28,1.72,12.78,1.53,10.09,1.97,5.29,0.82,5.9,0.83
35.03,-114.47,"TRACHYTE [17292]",173,336,38.7,109,17.6,3.23,11.1,1.45,7.44,1.39,3.89,0.55,3.32,0.5
35.03,-114.47,"TRACHYTE [17292]",173,338,35.6,106,18.1,3.14,10.9,1.45,7.6,1.41,3.93,0.57,3.49,0.5
35.03,-114.47,"TRACHYTE [17292]",188,333,39.2,129,19.4,3.12,14.5,1.67,8.12,1.49,4.04,0.58,3.53,0.5
34.82,-111.79,"TRACHYTE [17292]",172,294,34.2,113,16,3.77,12,1.29,6.13,1.1,3.08,0.42,2.72,0.4
34.82,-111.79,"TRACHYTE [17292]",109,189,19,68.1,10.6,2.42,8.54,1.19,7.12,1.39,3.66,0.5,3.48,0.5
64.03,-16.68,"TRACHYTE [4594] / NOT GIVEN [14498]",79.1,154,17.3,70.02,16.63,3.9,14.9,2.75,17.01,3.47,9.94,1.42,8.8,1.36
10.7,37.07,"TRACHYTE [14146]",135,301,34.86,127.2,27.04,2.73,25.14,4.16,25.41,5.19,14.69,2.3,14.59,2.1
10.7,37.07,"TRACHYTE [14146]",144,244,23.86,71.04,11.51,1.5,9.65,1.43,8.62,1.83,5.62,0.92,7.03,1.05
39.19,27.61,"TRACHYTE [16635]",43,82.2,8.05,25.6,3.96,0.8,3.03,0.45,2.44,0.48,1.46,0.24,1.59,0.26
38,26,"TRACHYTE [17395]",68.5,134.7,13.3,46.3,7.2,1.2,5.9,0.9,5.1,1,2.9,0.5,3.1,0.5
38,26,"TRACHYTE [17395]",94.8,226.7,20.9,66.1,12.1,0.3,9.9,1.8,10,2.2,6.8,1.1,7.6,1.2
31.7032,118.621,"TRACHYTE [17445]",121,235,29.1,114,21.3,4.85,15.3,2.2,9.63,1.49,4.16,0.59,3.52,0.51
31.7032,118.621,"TRACHYTE [17445]",122,223,30.4,123,22.5,5.34,16.1,2.34,10.1,1.51,4.26,0.56,3.34,0.46
31.7032,118.621,"TRACHYTE [17445]",118,232,28.8,119,21.2,5.13,15.7,2.27,9.7,1.47,4.22,0.55,3.29,0.45
31.7841,117.5344,"TRACHYTE [17445]",118,223,27.8,112,21,4.72,15.1,2.1,9.01,1.4,4.1,0.56,3.24,0.41
31.7841,117.5344,"TRACHYTE [17445]",101,229,23.4,92.3,17.2,3.86,12.4,1.81,8.6,1.35,3.8,0.5,3.11,0.42
31.7841,117.5344,"TRACHYTE [17445]",120,238,29.5,120,21.8,5.12,15.4,2.3,10.4,1.47,3.99,0.56,3.45,0.48
31.7841,117.5344,"TRACHYTE [17445]",118,227,28.1,113,21.5,4.75,15.5,2.19,9.15,1.4,3.94,0.58,3.16,0.47
31.7841,117.5344,"TRACHYTE [17445]",24,41.7,4.82,19.6,3.89,1.32,3.32,0.55,2.86,0.57,1.75,0.29,1.84,0.28
31.7841,117.5344,"TRACHYTE [17445]",33.7,62.2,7.83,35.7,7.82,1.72,5.73,0.98,5.55,1.01,3.29,0.49,3.13,0.45
31.7841,117.5344,"TRACHYTE [17445]",30.9,61.3,8.01,31.2,5.63,1.68,4.12,0.62,3.19,0.54,1.66,0.25,1.8,0.32
31.7841,117.5344,"TRACHYTE [17445]",127,244,30.8,122,21.9,4.98,15.8,2.24,9.78,1.58,4.21,0.58,3.59,0.53
18.82,-69.74,"TRACHYTE [2633]",35.3,69.6,8.6,31.5,6.8,0.96,5.7,0.9,5.2,1.1,3.1,0.52,3.7,0.49
18.82,-69.74,"TRACHYTE [2633]",45.1,76.9,9.4,35.6,7.6,1,7.1,1.2,6.7,1.5,4.2,0.64,4.5,0.66
18.82,-69.74,"TRACHYTE [2633]",36.3,69,8.6,30.9,6.6,1.1,5.5,0.9,5.5,1.1,3.2,0.48,3.4,0.44
40.19,39.13,"TRACHYTE [17503]",43.7,80.8,8.35,31.2,5.5,1.14,4.21,0.62,3.42,0.71,2.01,0.32,2.18,0.33
40.19,39.13,"TRACHYTE [17503]",25.7,47.3,5.08,21.1,4.1,1.08,3.37,0.48,2.85,0.6,1.72,0.25,1.88,0.31
-9.13,33.67,"TRACHYTE [17631]",192,353,36,123,17,1.98,14.3,1.78,9.2,1.79,4.6,0.68,4.7,0.65
-9.13,33.67,"TRACHYTE [17631]",203,378,39,135,19,2.36,16.3,2,10.3,1.95,5.7,0.83,5,0.73
-9.13,33.67,"TRACHYTE [17631]",210,412,40,134,19,2.73,16.9,2.06,10.5,1.94,5.7,0.85,5.1,0.75
-9.13,33.67,"TRACHYTE [17631]",270,459,49,159,22,2.73,18.8,2.37,12.4,2.45,7.2,1.11,6.8,1.01
-9.13,33.67,"TRACHYTE [17631]",192,368,38,128,18,2.3,15.9,1.92,10.5,1.87,5.6,0.87,4.9,0.7
-9.13,33.67,"TRACHYTE [17631]",182,332,34,114,16,2.96,13.6,1.76,8.7,1.66,4.8,0.71,4.3,0.6
-9.13,33.67,"TRACHYTE [17631]",141,259,26,88,12,3.1,9.6,1.2,6.7,1.23,3.6,0.51,3.3,0.48
-9.13,33.67,"TRACHYTE [17631]",159,285,29,97,13,2.63,11.5,1.35,7.6,1.37,4.2,0.62,3.9,0.57
-9.13,33.67,"TRACHYTE [17631]",217,327,27,71,8,1.03,8.5,1.07,6.6,1.48,4.8,0.78,6.1,0.95
-9.13,33.67,"TRACHYTE [17631]",241,379,33,93,11,1.61,9.3,1.31,8.3,1.74,5.6,0.95,6.4,1.01
-9.13,33.67,"TRACHYTE [17631]",229,362,32,92,11,1.61,8.7,1.26,7.7,1.66,5.5,0.93,6.3,0.94
-9.13,33.67,"TRACHYTE [17631]",253,397,34,97,12,1.61,12.4,1.49,9.3,1.95,6.5,1.08,7.1,1.12
-78.3747,163.7852,"TRACHYTE [17911]",99.4280940247313,219.349900936678,21.1172729348914,77.0464760510661,14.544001301163,0.862922039643927,10.4339885576851,1.46970835390183,9.71166771235431,1.77380822207602,5.18226669539854,0.844245360305427,6.00492284421525,0.581725329303767
-78.3385,164.1351,"TRACHYTE [17911]",158.858109410092,340.201083457414,34.0192405007781,118.069205465454,20.7951941387605,4.53671010383847,19.3113501610518,3.26669619340845,19.0108457620285,3.6416344741851,10.2707598882197,1.3591702434769,9.89095381104514,1.23458744806892
-78.3752,163.7967,"TRACHYTE [17911]",128.722250330991,254.708473675115,27.7522852073387,97.226462226237,16.5233489488496,2.5951838402972,14.8513221228357,2.42172353516327,13.6037362023814,2.70016186043964,7.19509057625567,1.22809194107657,8.13670107149436,1.35023273121763
-78.4418,163.3825,"TRACHYTE [17911]",71.1254078749478,169.9832114957,15.3457094990533,53.0641246817493,8.94094680118853,0.964197631675132,6.71742894974695,1.04285429908177,6.28194590489807,1.21073520472739,3.37659529901848,0.495424737073347,3.46063004738,0.504368683599917
-78.566,164.1674,"TRACHYTE [17911]",10.1705154529877,34.9254385479219,7.11653636993815,26.4627013722573,7.41695263552983,4.17586550347234,0,2.02440048497952,5.2227527454477,1.20157360601882,3.18775700385727,0,3.33298390546543,0.836222877623869
-36.41119,-69.24983,"TRACHYTE [18070]",57.4,108,11.3,38,6.83,0.268,6.18,1.11,6.89,1.41,4.68,0.84,5.7,0.809
-36.38861,-69.29719,"TRACHYTE [18070]",72.2,141,12.8,42.6,8.4,0.31,7.4,1.2,7.6,1.6,5.3,0.89,6.1,0.93
-36.37672,-69.23782,"TRACHYTE [18070]",62.5,122,10.5,35.4,7.7,0.62,6.8,1.1,6.7,1.4,4.8,0.8,5.4,0.86
-36.42813,-69.16015,"TRACHYTE [18070]",61.3,121,10.6,36.6,7.4,0.61,6.7,1.1,6.6,1.4,4.7,0.79,5.4,0.87
-36.4571,-69.2331,"TRACHYTE [18070]",62.1,123,13.1,45.2,8.4,0.31,6.9,1.2,7.6,1.6,5.1,0.85,6.3,1.09
-36.30911,-69.29797,"TRACHYTE [18070]",67.6,133,11.9,38.5,7.7,0.42,6.5,1.1,6.8,1.4,4.7,0.77,5.3,0.83
-36.46533,-69.30819,"TRACHYTE [18070]",72.9,141,12.4,40.7,8.1,0.55,6.6,1.2,7,1.5,4.9,0.82,5.5,0.84
-36.47598,-69.18133,"TRACHYTE [18070]",63.7,122,12,39.6,7.4,0.77,6,1,6.4,1.4,4.1,0.74,5.1,0.77
38.92,42.98,"TRACHYTE [18073]",24.1,53.6,6.81,28,6.3,1.73,6.67,1.29,7.15,1.37,4.1,0.62,3.86,0.59
38.92,42.98,"TRACHYTE [18073]",24,53.8,6.81,27.7,5.9,1.6,6.5,1.18,6.92,1.43,4.06,0.62,3.76,0.58
38.92,42.98,"TRACHYTE [18073]",23.8,50.7,6.17,23.9,5.5,1.31,5.61,1.07,6.05,1.15,3.4,0.5,3.33,0.5
38.92,42.98,"TRACHYTE [18073]",26.3,57,7.06,28.9,6.4,1.61,6.42,1.28,6.95,1.32,3.93,0.61,3.88,0.59
38.92,42.98,"TRACHYTE [18073]",24.3,53.1,6.51,25.9,5.6,1.38,5.81,1.12,6.46,1.31,3.68,0.6,3.75,0.58
38.92,42.98,"TRACHYTE [18073]",25.6,57.5,7.28,29.8,6.7,1.76,6.76,1.21,7.34,1.45,4.54,0.57,4,0.66
38.92,42.98,"TRACHYTE [18073]",24.7,56.4,7.29,29,6.8,1.78,7.18,1.27,7.12,1.44,4.43,0.64,4.01,0.65
38.92,42.98,"TRACHYTE [18073]",28,62.1,7.86,31.3,6.6,1.65,7.09,1.29,7.5,1.53,4.88,0.72,4.27,0.72
38.92,42.98,"TRACHYTE [18073]",28.4,63.4,8.44,38.2,8.16,1.82,8.68,1.5,8.59,1.91,5.34,0.84,5.22,0.78
38.92,42.98,"TRACHYTE [18073]",28.4,62.8,8.46,37.7,8.29,1.94,8.52,1.47,8.77,1.83,5.29,0.82,5.13,0.77
38.92,42.98,"TRACHYTE [18073]",41.8,79,9.13,31.3,5.82,1.17,5.24,0.92,5.46,1.17,3.64,0.59,3.83,0.58
38.92,42.98,"TRACHYTE [18073]",25.5,55.1,6.85,27.6,5.76,1.42,6.14,1.09,6.07,1.29,3.73,0.6,3.63,0.54
38.92,42.98,"TRACHYTE [18073]",24.6,54.6,7.21,28.7,6.12,1.38,6.43,1.11,6.54,1.38,4.17,0.67,4.13,0.64
38.86,8.41,"TRACHYTE [18050]",95.4,177,19.5,64.1,10.5,0.92,7.5,1.1,6.7,1.4,4,0.61,4.4,0.76
38.86,8.41,"TRACHYTE [18050]",101,179,20.5,66.6,10.9,0.95,7.4,1.2,6.5,1.3,3.7,0.58,4.1,0.67
-7.918,-14.379,"TRACHYTE [18040]",45.0681008574276,82.6298091028981,10.72549749866,39.113838654774,8.42962677394874,1.45393724544123,7.59007594818133,1.3440472174822,8.31827317720067,1.70059990147477,4.55972807517273,0.635085768130042,3.74975484412686,0.499702760297977
-7.929,-14.348,"TRACHYTE [18040]",72.3836163261787,147.430836312126,17.7188937547787,69.0048541952828,15.2481252319941,3.59929064317162,13.9639080235456,2.32563125241895,13.6439185982725,2.59996905543914,6.73357205747785,0.94091462021351,5.89044164003506,0.917646876891194
-7.931,-14.365,"TRACHYTE [18040]",78.6908698047824,159.612358528201,18.4042086281427,71.0864337837544,15.6343887891465,4.88831118681796,14.3467533131924,2.37501163758644,13.9859408669718,2.73273212147918,7.11636873821382,1.00496631878141,6.14427071650533,0.931149525235867
-7.957,-14.365,"TRACHYTE [18040]",30.3040054325738,71.1731147467428,7.7183182221003,29.1129280504257,6.09607702801348,1.75212728556438,5.088811909577,0.85842892406144,4.96780273791183,0.946910765536354,2.58320808025956,0.407315812563255,2.95215009929985,0.493165031537767
-7.957,-14.357,"TRACHYTE [18040]",63.1236476437925,124.734185281876,14.8694891717375,57.084753115907,12.9103901509293,2.95883204291743,11.7522533952332,2.03773864811577,12.4359726093705,2.47649623872116,6.61079489805183,0.978586363602073,6.20995606299425,1.00152610492768
-7.957,-14.355,"TRACHYTE [18040]",28.7731522130271,50.8375604330137,8.16206026100156,30.8707567021913,6.50957177045479,1.72423455791608,5.07194727740085,0.817816836247874,4.54647806859676,0.864199573321496,2.39372279854346,0.387854817074276,2.83308883354363,0.469696395756185
-7.963,-14.354,"TRACHYTE [18040]",56.8884314641994,105.570163464741,13.4952976127087,53.710484454719,11.8958456602185,4.87768463400393,11.8064519625069,1.9673854848497,11.6637422577274,2.31237690317941,6.18504041540213,0.871831295464912,5.45757271322137,0.855721520974229
-7.962,-14.353,"TRACHYTE [18040]",55.2869456897732,132.7951984531,13.9178980583451,51.6097295552227,11.2702252184588,2.43295937769037,9.22237738778056,1.58009216338219,9.08798622660504,1.71403140029408,4.57554711477165,0.681766272407908,4.33080678929806,0.627626007766286
-7.92,-14.338,"TRACHYTE [18040]",77.4503271747791,162.90927422162,18.8560088591531,73.1994850773598,16.1832049389349,4.41612186740794,14.6972172524869,2.54227286590688,15.2068743882406,2.9860211620921,8.08844417428934,1.17618655093088,7.36858047508216,1.12318159536459
-7.959,-14.376,"TRACHYTE [18040]",58.2666295401549,130.979072559414,14.5517421132481,55.9305121652217,12.6402726228255,2.70044963433157,12.0169584765245,2.05688985088272,12.435673849819,2.47152757403977,6.7919826644975,1.01940093712093,6.73016314547644,1.07792465437813
-7.974,-14.351,"TRACHYTE [18040]",55.341693400371,112.2685815579,14.0089491965381,55.7485441668355,12.4821616413508,3.5844951305091,11.9248036825474,1.97084833463167,11.6420311140383,2.29174949044036,5.98779796743356,0.853178797554828,5.38192443081578,0.874541523093669
-4.4833,55.2333,"TRACHYTE [18028]",81.1,149,16.3,63,12,3.17,10.5,1.68,10.7,2.12,6.38,0.92,6.08,0.93
38.86,8.41,"TRACHYTE [18171]",86.4,169.2,17.2,61.6,10.1,2.6,7.7,1.1,5.6,1,2.7,0.4,2.5,0.4
38.86,8.41,"TRACHYTE [18171]",96.6,182.7,18.5,61.4,9.8,1.2,7.4,1.1,6.6,1.3,3.9,0.6,4.5,0.7
54.4,-124,"TRACHYTE [16371]",127.1,210.9,23.91,91,15.2,3.44,12.86,2.18,12.67,2.85,7.07,1.17,7.34,1.18
24.8,5.9,"TRACHYTE [14159]",71.6,149,13.9,46.4,7.2,2.52,4.72,0.774,3.91,0.786,2.05,0.321,1.97,0.282
24.8,5.9,"TRACHYTE [14159]",109.4,195.5,19.78,65.16,10.68,2.23,7.46,1.17,6.92,1.36,3.46,0.58,4.02,0.63
24.8,5.9,"TRACHYTE [14159]",163.1,283.6,29.94,95.12,15.38,1.51,11.31,1.67,10.79,2.01,5.7,0.91,5.98,1.04
24.8,5.9,"TRACHYTE [14159]",103,182,17.7,56.7,9.08,1.57,6.69,1.05,6.05,1.27,3.46,0.585,4.17,0.602
24.8,5.9,"TRACHYTE [14159]",142,253.3,27.07,84.85,13.71,1.28,10.48,1.7,10.38,1.99,5.86,1.02,6.53,1.03
24.8,5.9,"TRACHYTE [14159]",95.6,182,18.3,60.7,9.38,1.96,6.85,1.04,5.77,1.11,3.04,0.481,3.19,0.503
24.8,5.9,"TRACHYTE [14159]",95.38,132,18.9,64.23,10.96,0.59,8.96,1.34,7.86,1.51,4.04,0.66,4.33,0.68
24.8,5.9,"TRACHYTE, AEGIRINE [14159]",263.5,440,47.8,156.5,26.49,0.77,20.01,2.96,16.52,2.92,8.44,1.22,7.66,1.13
24.8,5.9,"TRACHYTE [14159]",62.16,129.4,14.63,48.68,9.56,0.544,8.12,1.55,10.92,2.27,6.93,1.16,7.49,1.16
24.8,5.9,"TRACHYTE [14159]",112,221.6,22.33,72.28,12.68,0.61,10.62,1.73,10.24,2.01,5.51,0.88,5.64,0.81
24.8,5.9,"TRACHYTE [14159]",62.03,208.1,14.16,48.56,9.03,0.526,7.54,1.34,8.15,1.67,4.68,0.75,5.02,0.72
24.8,5.9,"TRACHYTE [14159]",120,229,21.1,62.4,10.5,0.401,8.64,1.57,9.5,2.02,5.71,1.03,7.49,1.01
50.45,103.6,"TRACHYTE, NEPHELINE [15416]",66.7,136,15.8,57.3,9.34,2.46,6.31,0.8,4.07,0.72,1.86,0.24,1.6,0.24
50.45,103.6,"TRACHYTE, QUARTZ [15416]",65.8,133,15.4,55.9,9.01,2.44,6.18,0.77,3.81,0.67,1.75,0.23,1.47,0.22
50.45,103.6,"TRACHYTE [15416]",73.1,140,14.6,49.1,6.36,1.41,3.58,0.4,1.76,0.28,0.7,0.08,0.58,0.08
26.5,100.9,"TRACHYTE [14602]",37,88.1,10.7,45.4,9.1,3.8,8.2,1.2,6.4,1.2,3,0.4,2.5,0.4
-23,-56,"TRACHYTE [18209]",813,733,96,405,77,16.5,79.2,12.4,69.8,12.1,26.9,2.71,8.15,1.16
-23,-56,"TRACHYTE [18209]",633,489,64.1,358,64.1,13.7,65.8,8.5,47.3,8.3,11.4,1.13,7.07,0.98
-23,-56,"TRACHYTE [18209]",721,598,80,365,70.6,14.6,72.3,10.1,58.3,9.9,18.9,2.1,7.75,1.01
8.35,39.18,"TRACHYTE [18206]",66.68,136.6,16.58,65.14,13.21,4,11.58,1.817,10.57,2.001,5.651,0.805,5.43,0.821
8.35,39.18,"TRACHYTE [18206]",59.36,123,14.38,54.78,11,3.126,9.694,1.602,9.542,1.865,5.283,0.813,5.578,0.851
8.35,39.18,"TRACHYTE [18206]",60.36,117.4,14.15,53.57,10.85,2.94,9.428,1.556,9.259,1.807,5.175,0.779,5.331,0.819
8.97,39.9,"TRACHYTE [18206]",126.433333333333,241.45,26.28,116.063333333333,24.9733333333333,5.69333333333333,24.1233333333333,3.84333333333333,26.04,5.14,14.7633333333333,2.10233333333333,13.863,2.1
8.97,39.9,"TRACHYTE [18206]",77.19,146.186666666667,16.1966666666667,71.12,15.1066666666667,4.08666666666667,13.94,2.28266666666667,14.8933333333333,3.03333333333333,8.84,1.27633333333333,8.625,1.364
8.97,39.9,"TRACHYTE [18206]",111.625321025248,207.453363290491,21.6415445985103,98.3354253975571,21.4416067051251,4.77942290405741,19.2613905666694,3.02102238978532,20.9005271862763,4.12809220149806,12.9964175377304,1.78486454866911,12.1529541401275,1.62936325767734
41,96,"TRACHYTE [18103]",58.4,110.6,14.6,54.59,10.83,1.16,10.55,1.8,11.7,2.38,6.69,0.98,6.29,0.93
41,96,"TRACHYTE [18103]",38,76.1,9.2,36.02,7.77,1.45,7.46,1.34,8.14,1.72,4.79,0.74,4.6,0.72
37.46,130.8553,"TRACHYTE [18324]",132.778848018384,227.087216045921,23.2428921307081,81.0128014119296,12.7119914962353,1.84073012828045,9.85874745371637,1.36899081618752,8.09828702647893,1.49585494440114,4.28170934172318,0.59918386791392,3.67235581596506,0.55420012980339
37.4672,130.8333,"TRACHYTE [18324]",155.761972608935,277.116113913809,28.524776002963,96.0951390101587,15.509840256404,0.400954948426312,12.3464627708745,1.79159960327776,10.904799122874,2.0943050448693,5.91668307798452,0.891259162106258,5.4105973008435,0.773039623009325
37.4672,130.8333,"TRACHYTE [18324]",158.535567820241,279.538682310407,28.925741929202,97.4158723619806,15.6333246785472,0.342822996351119,12.4147000177738,1.85226689580472,11.0845015776087,2.10800736724817,6.06545161714191,0.849786833665488,5.43970168497764,0.798672504283512
37.4706,130.8292,"TRACHYTE [18324]",134.297164715892,252.703445376661,25.1430787632506,84.8364594989879,13.5044704811582,0.476169240786056,11.182500048011,1.57975707246188,9.55116063480037,1.81625646862764,5.2942636303415,0.768533840011354,4.83122729484131,0.674139529385914
37.4706,130.8292,"TRACHYTE [18324]",123.492324987449,234.829811932787,23.2690463327525,79.4450073262359,12.5474303551261,0.557826575813913,10.3741159967615,1.45927152084847,8.62741702829692,1.64267913132516,4.7131187014773,0.659535270980221,4.27076555601704,0.608318782197604
37.4706,130.8292,"TRACHYTE [18324]",115.214427172106,216.947328721559,21.6118483678091,74.0268508177795,12.0398212174388,0.648577514206293,9.67711842624175,1.36463849897774,8.20086700034542,1.5662021045891,4.44355009353266,0.615312290978536,3.96155259853087,0.533864093467456
37.4706,130.8292,"TRACHYTE [18324]",115.118996892564,216.396685033281,21.4248366792409,73.5860028957801,12.0734928257884,0.647403022269187,9.67007989541295,1.35511657078579,7.95650255457961,1.54105527002468,4.53029904893241,0.63880617778848,3.80357079098365,0.548279593150745
37.4722,130.8247,"TRACHYTE [18324]",94.9312572284229,169.133250685986,16.7094510274354,57.8280335722571,9.13517161370911,2.98859980641808,7.28542138261381,0.971759004110575,5.77624752410281,1.07769439291374,3.12937653581645,0.43866822483758,2.71020314743988,0.399534303750607
37.4722,130.8247,"TRACHYTE [18324]",100.781182178712,174.573226787432,16.9527401679182,56.3822511649448,8.82492435964494,1.74707997785924,6.78335699273864,1.00735437550749,6.04656616076547,1.18572292043996,3.43830899464084,0.495067121090799,3.26873036151082,0.495703037825051
37.5375,130.8672,"TRACHYTE [18324]",86.3095813358694,136.899458299624,12.5074915452668,40.4245812980535,5.84146720188985,1.94926843526328,4.53969174323231,0.620952547326241,3.88325007673458,0.744222618228083,2.20713141992575,0.338153156069177,2.24070890276916,0.341106638847794
37.4533,130.8742,"TRACHYTE [18324]",102.864594109079,191.381055702222,19.1428112117071,67.0803709256635,10.6707669632179,2.52625070342232,8.36276088675041,1.1576345695289,7.00265589661711,1.30803153116873,3.65790520423223,0.515546558780511,3.17456860461596,0.449118787115082
37.4539,130.8733,"TRACHYTE [18324]",102.35894100265,191.352872000641,19.3422055007755,67.3760759911908,10.6255622135935,2.50059680859193,8.67048143123166,1.195886380408,7.07051648720175,1.27554718336824,3.77904703362945,0.503311288669396,3.20402004651835,0.44761928638124
37.4553,130.8728,"TRACHYTE [18324]",127.1,229.2925,20.83825,69.95625,10.3525,1.618475,7.4415,1.0537,6.54975,1.226925,3.533175,0.497125,3.43375,0.484825
37.4567,130.8697,"TRACHYTE [18324]",112.597,198.8525,17.86057,60.02763,8.62555,1.873862,6.36328,0.877017,5.39226,1.021637,2.780836,0.436959,2.680635,0.407002
37.4567,130.8697,"TRACHYTE [18324]",135.4815,234.738,20.85525,66.4677,9.53235,1.408635,6.69645,0.95427,6.03405,1.13436,3.38031,0.495765,3.45069,0.522675
37.4575,130.8672,"TRACHYTE [18324]",113.646,209.6406,19.52132,67.92162,10.3168,0.792298,7.90686,1.058278,6.5286,1.242852,3.53028,0.486018,3.25624,0.452972
37.4725,130.9044,"TRACHYTE [18324]",83.35483,152.179733333333,14.6209916666667,52.1903633333333,8.18573166666667,1.69988,6.30372166666667,0.8651175,5.35259833333333,0.977431,2.738021,0.396638666666667,2.53970166666667,0.350094333333333
37.5461,130.9067,"TRACHYTE [18324]",89.4765466666667,160.643616666667,14.731645,49.5668083333333,7.596485,2.03495583333333,5.80244333333333,0.842687,5.17709166666667,0.973908333333333,2.854064,0.401865333333333,2.8386865,0.429544833333333
37.5114,130.7975,"TRACHYTE [18324]",133.368533333333,249.768533333333,23.5179733333333,82.4215466666667,13.3368533333333,0.979829333333333,9.88106666666667,1.44232533333333,9.27061333333333,1.685472,4.78016,0.695296,4.48010666666667,0.637354666666667
37.4833,130.9164,"TRACHYTE [18324]",85.540345,146.2527,12.599125,40.70803,6.27385,1.079925,4.391695,0.623271,3.76431,0.7477195,2.0621425,0.3280915,2.2184745,0.3301485
37.4833,130.9164,"TRACHYTE [18324]",109.387633333333,239.7395,20.4038033333333,71.29915,11.64449,0.782526333333333,8.85271833333333,1.28379983333333,7.90829,1.5660905,4.46268333333333,0.634116166666667,4.140955,0.6133595
37.4828,130.9125,"TRACHYTE [18324]",104.048933333333,184.797333333333,16.8728,58.4321133333333,9.28004,2.479699,6.74912,0.956125333333333,5.74478666666667,1.048524,3.006974,0.442911,2.86335433333333,0.376625
49.8826,17.2108,"TRACHYTE [18381]",68.7,123.1,14.59,60.8,11.7,3.21,10.13,1.65,9.42,1.95,5.71,0.87,5.75,0.9
49.9262,17.2457,"TRACHYTE [18381]",56.4,110.1,12.44,52.6,10,2.5,8.3,1.5,9.26,2.01,6.13,0.97,5.88,0.91
50.012,17.3012,"TRACHYTE [18381]",84.7,162.6,17.28,77,15.6,2.6,13.35,2.19,13.29,2.63,7.08,1.02,5.93,0.9
49.9262,17.2457,"TRACHYTE [18381]",49,100.9,12.19,51.6,10.9,1.42,10.77,1.88,11.92,2.53,8.37,1.21,7.09,1.24
49.9262,17.2457,"TRACHYTE [18381]",215.2,393.2,41.88,143.3,25.5,1.34,21.59,4.09,25.25,5.15,15.98,2.51,14.9,2.46
-80.02,-80.63,"TRACHYTE [16497]",84.49,187.8,26.54,108.243,22.017,5.47,24.11,3.46,20.62,4.62,13.84,2.18,13.8,2.25
-80.02,-80.63,"TRACHYTE [16497]",15.05,35.1,4.87,22.9,7.05,2.57,8.19,1.37,8.63,1.79,5.12,0.76,4.91,0.75
42.8,93,"TRACHYTE [16570]",22,49,6.14,26,5.06,1.18,5.16,0.74,3.86,0.84,2.09,0.33,2.33,0.32
42.8,93,"TRACHYTE [16570]",32,64,8.2,34,6.62,2.01,6.93,0.91,4.5,0.9,2.66,0.36,2.66,0.43
42.8,93,"TRACHYTE [16570]",23,51,6.52,24.74,5.01,1.73,5.05,0.72,3.87,0.79,2.26,0.37,2.36,0.4
42.8,93,"TRACHYTE [16570]",27,55,6.66,26,4.6,1.62,4.76,0.59,3.76,0.81,2.45,0.34,2.39,0.4
42.8,93,"TRACHYTE [16570]",21,42,4.83,17.57,3.34,1.46,3.69,0.51,2.62,0.51,1.8,0.29,2.05,0.31
42.8,93,"TRACHYTE [16570]",23,48,6.02,22,4.49,1.71,4.83,0.72,3.89,0.82,2.41,0.34,2.43,0.4
42.8,93,"TRACHYTE [16570]",19,41,5.29,28.87,4.33,1.58,4.22,0.63,3.65,0.68,2.01,0.32,2.1,0.32
42.8,93,"TRACHYTE [16570]",19,45,5.11,18.88,3.85,1.61,4.41,0.59,3.19,0.72,1.94,0.31,2.17,0.34
-56.8333,68.0933,"TRACHYTE [5171]",77,169,19,75,13,4.8,10,1.4,8.4,1.5,4.2,0.49,3.4,0.43
-56.8333,68.0933,"RHYOLITE [5171]",104,229,26,95,15,1.3,11,1.2,7,1.1,3.2,0.37,2.7,0.34
41.5,128,"TRACHYTE [18543]",77.2,152,17.1,61.7,10.9,1.2,9,1.4,7.8,1.5,4.1,0.5,4,0.6
41.5,128,"TRACHYTE [18543]",167,277,41.1,164,31.8,0.5,30.4,4.2,23.9,4.5,12.8,1.6,10.3,1.4
30.9433,86.3917,"TRACHYTE [18658]",217.1,433,51.6,191,25.5,4.21,17.8,1.55,6,0.77,2.21,0.23,1.52,0.23
30.9433,86.3917,"TRACHYTE [18658]",208.4,416,50.7,188,25.2,4.22,17.6,1.54,5.9,0.77,2.21,0.24,1.54,0.23
39.4,28,"TRACHYTE [18713]",159.9,291.3,29.5,102.6,14.12,3.94,8.65,1.06,4.9,0.71,2.09,0.3,2.05,0.29
39.4,28,"TRACHYTE [18713]",132,250,23.9,78.6,10.6,2.63,5.48,0.68,3.26,0.52,1.47,0.218,1.52,0.246
39.4,28,"TRACHYTE [18713]",169,283,27,90.1,12.4,3.1,6.61,0.82,3.95,0.65,1.8,0.265,1.86,0.295
39.4,28,"TRACHYTE [18713]",167.4,304.8,28.8,96.6,13.27,3.44,7.86,0.93,4.29,0.7,1.93,0.278,1.91,0.297
39.4,28,"TRACHYTE [18713]",165.9,348.3,31,102.5,14.4,3.39,7.67,1.01,4.46,0.7,2,0.32,2.07,0.34
39.4,28,"TRACHYTE [18713]",121.5,265.4,23.7,83.3,9.7,2.53,5.29,0.7,3.2,0.51,1.32,0.22,1.55,0.25
39.4,28,"TRACHYTE [18713]",126.8,274.9,24.6,84.8,10.2,2.81,5.75,0.75,3.35,0.53,1.38,0.25,1.65,0.22
39.4,28,"TRACHYTE [18713]",152,350.4,30.7,109.3,13.2,3.14,7.52,0.94,4.2,0.67,2.03,0.31,2.08,0.32
30,-7.5,"TRACHYTE [18675]",19.82,43.36,5.67,24.05,5.56,1.655,5.135,0.795,4.623,0.909,2.561,0.375,2.594,0.406
-13.03,49.52,"TRACHYTE [18742]",76.7245835299708,162.55414813236,16.6012341756693,52.1519969056113,9.65141142733421,0.621363086773705,8.57373657042299,1.85828970578782,14.5748841972869,3.28652958534235,10.8838850700526,1.75684988881757,11.9517271255055,1.84163547766354
-13.03,49.52,"TRACHYTE [18742]",156.5,251,25.8,87.6,15.15,0.78,13.15,2.23,12.8,2.71,7.43,1.1,6.77,1.04
-13.03,49.52,"TRACHYTE [18742]",98.9,172,17.7,61.9,10.4,1.52,8.5,1.27,7.12,1.52,3.94,0.57,3.51,0.56
-13.03,49.52,"TRACHYTE [18742]",143.792277896284,246.749445575456,24.86921113917,83.2492666098596,13.8044521520816,0.625380971326752,9.99415646848636,1.58098456396204,9.22177873316269,1.84245286663672,5.43499188209504,0.882323993336153,6.19404802719674,0.950210673160175
-13.03,49.52,"TRACHYTE [18742]",112.5,206,23,77.5,13.75,0.54,11.05,1.77,10.65,2.18,6.11,0.89,6.13,0.95
40.2583,117.075,"TRACHYTE [18880]",79,170,21,82,14.6,2.84,14,2.1,11.1,2.2,5.92,0.921,5.86,0.933
40.2367,117.12,"TRACHYTE [18880]",81,171,22,85,16.8,3.02,14.4,2.08,12.1,2.4,6.92,1.01,6.84,0.95
36.6,128.2,"TRACHYTE [19043]",28.2,91,7,25.7,7.1,0.2,7.6,1.7,12.6,2.4,7.9,1.4,8.6,1.3
36.6,128.2,"TRACHYTE [19043]",148,305,36.3,126,25,0.3,22.1,3.2,18,3.1,9.6,1.5,9.1,1.3
36.6,128.2,"TRACHYTE [19043]",125,225,26.6,91.1,14.8,2.7,12.8,1.5,7.5,1.2,3.9,0.6,3.4,0.5
36.6,128.2,"TRACHYTE [19043]",145,284,32.2,111,21.5,0.3,20.3,3.4,21.7,3.8,11.3,1.6,9.2,1.3
36.6,128.2,"TRACHYTE [19043]",74.6,151,18.7,67,11.1,1.4,9.7,1.3,7.8,1.4,4.7,0.7,4.5,0.7
38.7073,-27.1948,"TRACHYTE [19003]",167.84,321.3,36.19,130.1,24.53,3.53,30.68,4.17,25,4.38,13.19,1.83,12.21,1.69
-36.37697,-69.25739,"TRACHYTE [18961]",64.8375642909454,120.350127563249,12.8352130725699,44.4697989081225,8.5248007023968,0.412903363182423,7.20180284620506,1.22057221571238,7.90597912450067,1.69322386917443,5.33466877496671,0.902625956724367,6.17754644141145,1.02745720605859
-36.37667,-69.25872,"TRACHYTE [18961]",63.5274581613404,118.04931593431,12.4016882456724,41.8706167454505,8.02908950288504,0.376499196959609,6.705374747004,1.2293187036174,7.69273575343986,1.68285375932091,5.34910962827341,0.874519748557479,6.42001656602308,1.01665633300044
-36.37664,-69.25908,"TRACHYTE [18961]",68.1592831563471,128.330555162006,13.6144440729028,46.8941962511096,8.66274778739458,0.318867475088771,7.28062596704394,1.24390963831558,8.27096522414558,1.74887383094763,5.78967565690191,0.96748527424545,6.85619485685752,1.09807946199512
-36.37672,-69.26119,"TRACHYTE [18961]",69.026915680759,128.116401640035,13.5847940368398,45.2644463687306,8.24479059309809,0.309043144085664,7.14184509653795,1.26456523268975,8.25571084553928,1.76471279449623,5.61300975477142,0.950061962383489,6.80331727086108,1.03851600715712
-36.35665,-69.27699,"TRACHYTE [18961]",67.8750947686418,130.874013958611,13.3782795486019,45.5144978634044,8.50421944740346,0.337418657179317,7.12915908899246,1.31582698912561,8.25036215046605,1.77171238487572,5.57534088398802,0.903308881602308,6.58971233300045,1.03552622375721
-36.25514,-69.40653,"TRACHYTE [18961]",44.0345815745672,77.8535342693076,8.73992858455393,32.4496446770972,6.22591846870839,1.53382200249667,5.39842297603196,0.873795835719041,5.38857183921438,1.13977652979361,3.37302924633822,0.549693434420772,3.74540221804261,0.581217072237017
56.4028,157.9458,"TRACHYTE [19088]",38.3,68.1,7.83,27.3,4.77,1.04,3.89,0.63,4.08,0.85,2.42,0.38,2.6,0.4
56.4028,157.9458,"TRACHYTE [19088]",46.3,81.4,9.03,31.63,5.51,1.15,4.43,0.74,4.64,0.99,2.8,0.44,2.98,0.46
56.4028,157.9458,"TRACHYTE [19088]",478,30.4,59.1,6.51,23,4.13,1.11,3.47,0.55,3.29,0.69,2,0.31,2.11
56,157,"TRACHYTE [19088]",40.3,80.3,9.56,36.4,7.01,1.87,5.9,0.93,5.69,1.2,3.39,0.53,3.57,0.58
20.7589,82.6802,"TRACHYTE [19186]",151,315,30.9,110,16.5,1.45,11.7,1.93,9.84,1.84,5.34,0.91,5.01,0.78
30.5,116.5,"TRACHYTE [15903]",67.3,144.52,12.84,42.73,7.64,0.85,6.59,1,5.9,1.03,3.03,0.47,3.16,0.46
-25.5481,152.7606,"TRACHYTE [19236]",85.7,267,18.2,55.6,10.2,0.34,8.59,1.53,9.88,1.97,5.68,0.91,6.06,0.87
-25.5436,152.7517,"TRACHYTE [19236]",74.5,70.6,15,46.7,8.02,0.26,6.15,0.94,5.5,1.05,3.14,0.52,3.87,0.6
-26.9306,152.9597,"TRACHYTE [19236]",32.7,69.9,8.93,35.6,8.1,2.45,7.84,1.09,6.25,1.16,3.02,0.4,2.39,0.34
-26.9311,152.9494,"TRACHYTE [19236]",76.9,152,17.5,61.9,11.6,2.04,10,1.45,8.43,1.63,4.54,0.66,4.22,0.65
-26.9961,152.8936,"TRACHYTE [19236]",60.3,123,14.6,53.7,10.9,2.88,9.59,1.41,8.34,1.62,4.47,0.64,4.06,0.61
-26.9942,152.9014,"TRACHYTE [19236]",108,221,25.6,92,18.5,1.4,16.5,2.46,14.6,2.85,8.05,1.16,7.25,1.08
-26.9722,152.9147,"TRACHYTE [19236]",104,212,24.3,84.3,16.8,1.12,14.7,2.24,13.4,2.63,7.41,1.07,6.83,1.02
20.78,18.05,"TRACHYTE [13025]",85,152,17.9,67,10.2,3.5,8.5,1.2,7.1,1.3,3.7,0.52,3.5,0.53
20.78,18.05,"TRACHYTE [13025]",337,659,67.5,211,36.6,1.6,26.1,4.4,27.7,5.3,15.2,2.72,18.9,2.87
20.78,18.05,"TRACHYTE [13025]",80,141,17.3,59,10,2.1,7,1.2,6.2,1.1,3.1,0.49,2.9,0.47
20.78,18.05,"TRACHYTE [13025]",158,310,33.5,111,17.6,1.7,12.9,2,11.9,2.2,6.7,0.98,7.2,1.18
20.78,18.05,"TRACHYTE [13025]",292,550,58.3,191,32,2,23.3,3.8,22.6,4.2,12.8,1.98,13.9,2.05
20.78,18.05,"TRACHYTE [13025]",336,738,74.8,232,37.5,1.7,26.4,4.3,25.4,4.6,12.9,1.94,15.4,2.46
27.65,-18,"TRACHYTE [19574]",115,194.5,18.6,58.3,8.36,1.65,6.31,0.98,5.99,1.22,3.65,0.57,3.92,0.61
27.65,-18,"TRACHYTE [19574]",128.5,216,20.7,66.8,10.5,3.15,7.99,1.23,6.44,1.22,3.41,0.5,3.15,0.5
30.85,86.66,"TRACHYTE [19599]",57.83,129.8,17.07,60.5,9.09,1.35,4.6,0.54,2.47,0.38,1.05,0.13,0.9,0.14
30.85,86.66,"TRACHYTE [19599]",139.76,344.9,35.77,126.8,18.06,2.94,8.69,0.93,3.96,0.61,1.64,0.19,1.16,0.2
30.85,86.66,"TRACHYTE [19599]",49.28,190.2,15.09,57.46,8.82,1.22,5.11,0.47,1.97,0.3,0.83,0.11,0.7,0.11
30.85,86.66,"TRACHYTE [19599]",113.3,210.8,24.05,80.05,10.94,2.09,4.06,0.57,2.62,0.45,1.28,0.17,1.07,0.19
30.85,86.66,"TRACHYTE [19599]",66.38,148.5,18.65,67.05,9.76,1.41,5.08,0.52,2.43,0.34,0.96,0.11,0.93,0.13
30.85,86.66,"TRACHYTE [19599]",114.35,211.5,23.82,78.32,10.79,1.89,4.88,0.56,2.67,0.44,1.27,0.16,1.07,0.17
36.8,12,"TRACHYTE [19678]",73.8,145,16.5,60.3,12.4,3.06,12,1.96,10.8,2.04,5.84,0.857,5.53,0.832
36.8,12,"TRACHYTE [19678]",68.7,133,15.4,57.8,11.4,2.97,10.2,1.8,10.5,1.96,5.75,0.855,5.37,0.815
36.8,12,"TRACHYTE [19678]",66.3,131,15,55.3,11,3.21,9.77,1.71,9.98,1.86,5.42,0.807,5.11,0.773
36.8,12,"TRACHYTE [19678]",53.3,105,12,45.8,9.09,4.25,8.23,1.42,7.99,1.46,4.2,0.605,3.81,0.576
54,91,"TRACHYTE [19630]",66,148,17,69,13.1,2.69,11.8,1.8,11.5,2.4,7.3,1.09,7.3,1.2
54,91,"TRACHYTE [19630]",55,120,15,60,11.8,3.16,10.9,1.77,9.7,2.1,5.5,0.87,5.6,0.92
54,91,"TRACHYTE [19630]",69,146,19,69,12.7,2.31,11.3,1.91,10.9,2.45,6.4,1.05,6.8,1.13
54,91,"TRACHYTE [19630]",56,123,14.1,58,10.9,2.7,11.3,1.63,9.8,1.98,5.7,0.87,5.9,0.96
54,91,"TRACHYTE [19630]",30,73,9.6,46,9.4,2.33,9.4,1.4,8,1.52,4.39,0.63,4.25,0.67
54,91,"TRACHYTE [19630]",57,124,14.3,59,11.1,2.89,11.4,1.57,9.3,1.78,5.2,0.75,5.1,0.8
54,91,"TRACHYTE [19630]",44,91,10.8,41,7.4,1.66,6.2,0.84,6.2,1.17,3.42,0.48,3.12,0.47
51,105,"TRACHYTE [19740]",87.15,167.55,19.76,73.56,12.07,3.35,8.35,1.33,4.76,0.97,2.1,0.32,1.98,0.28
51,105,"TRACHYTE [19740]",98.32,196.75,20.87,72.3,9.85,2.24,6.16,0.7,3.14,0.62,1.63,0.21,1.24,0.17
51,105,"TRACHYTE [19740]",122.72,241.7,25.33,97.84,15.34,3.77,11.14,0.95,6.56,1.23,3.25,0.42,2.31,0.45
51,105,"TRACHYTE [19740]",125.16,246.95,24.38,94.02,14.94,3.6,11.19,1.23,6.21,1.22,2.91,0.42,2.5,0.42
51,105,"TRACHYTE [19740]",88.77,154.61,16.88,59.73,7.97,2.87,6.12,0.75,3.11,0.56,1.49,0.24,1.49,0.21
51,105,"TRACHYTE [19740]",110.58,221.43,22.74,86.88,13.97,3.45,10.13,0.98,5.73,1.11,2.88,0.39,2.15,0.42
51,105,"TRACHYTE [19740]",83.86,175.65,18.52,68.77,11.62,2.99,8.07,0.76,4.61,0.89,2.49,0.33,1.65,0.38
51,105,"TRACHYTE [19740]",68.22,125.32,13.68,48.77,7.62,2.61,5.08,0.51,3.01,0.63,1.53,0.23,1.36,0.23
51,105,"TRACHYTE [19740]",54.99,104.51,11.94,45.12,6.86,2.5,4.97,0.77,3.13,0.54,1.47,0.2,1.35,0.2
51,105,"TRACHYTE [19740]",68.62,126.22,14.04,50.69,7.78,2.58,5.37,0.56,3.12,0.66,1.48,0.25,1.47,0.23
28.3,-16.6,"TRACHYTE [16914]",59.39,78.01,6.47,17.21,2.23,0.7,1.65,0.28,1.64,0.36,1.17,0.19,1.38,0.22
28.3,-16.6,"TRACHYTE [16914]",59.03,78.18,6.44,17.66,2.16,0.69,1.68,0.29,1.66,0.36,1.17,0.19,1.34,0.23
44.5,90.25,"TRACHYTE [19825]",31.5,68.1,8.35,32.6,7.1,1.7,6.68,1.02,6.27,1.36,3.71,0.57,3.8,0.57
44.5,90.25,"TRACHYTE [19825]",24,51.7,6.91,28.8,6.76,1.71,6.53,1.05,6.65,1.43,3.93,0.6,3.93,0.61
44.5,90.25,"TRACHYTE [19825]",20.6,44.6,6.48,29.5,7.35,2.93,7.47,1.22,7.86,1.74,4.74,0.71,4.46,0.68
44.5,90.25,"TRACHYTE [19825]",29,60.5,8.26,35.2,8.46,1.9,8.37,1.37,8.88,1.98,5.55,0.88,5.8,0.9
44.5,90.25,"TRACHYTE [19825]",29.1,60.2,8.02,33,7.89,1.79,7.83,1.3,8.53,1.89,5.35,0.84,5.53,0.86
-9.17,159.83,"TRACHYTE [13787]",5.94,11.38,1.26,5.7,1.035,0.367199880862734,0.859536774400351,0.132979028404566,0.840117251348024,0.185,0.499065063010191,0.075,0.63,0.1
-25.36,-129.25,"NOT GIVEN [22024] / TRACHYTE [6126]",78.95,157.7,19.23,73.16,15.14,4.04,12.45,1.95,11.28,2.13,5.75,0.82,5.29,0.77
-25.17,-129.38,"NOT GIVEN [22024] / TRACHYTE [6126]",101.74,205.5,22.06,79.57,14.51,3.59,12.15,1.8,10.16,1.89,5.1,0.71,4.54,0.67
-25.17,-129.38,"NOT GIVEN [22024] / TRACHYTE [6126]",102.35,195.57,23.14,84.03,16.15,4.44,13.06,1.99,11.34,2.14,5.65,0.79,5.02,0.72
33.0922,-16.305,"BASALT [3348] / TRACHYTE [707]",74.1,142,16.4,63.7,11.6,3.5,10.4,1.4,7.41,1.37,3.68,0.48,3.07,0.44
