"LATITUDE.MIN","LONGITUDE.MIN","ROCK.NAME","LA.PPM.","CE.PPM.","PR.PPM.","ND.PPM.","SM.PPM.","EU.PPM.","GD.PPM.","TB.PPM.","DY.PPM.","HO.PPM.","ER.PPM.","TM.PPM.","YB.PPM.","LU.PPM."
41,124,"CARBONATITE [20006]",33.1,66.4,8.24,32,5.54,1.82,5.04,0.6,2.77,0.42,0.93,0.1,0.56,0.08
37.76,-90.21,"CARBONATITE [20208]",94.7,169,18.1,68.7,11.6,3.41,8,1.1,4.7,0.7,1.8,0.22,1.2,0.17
37.76,-90.21,"CARBONATITE [20208]",69.4,138,15.2,59.2,11,2.99,7.3,1,4.7,0.9,2.1,0.28,1.6,0.23
14.83,-24.68,"CARBONATITE [20286]",907.355882238417,1664.2738776572,181.278118208084,682.126415909545,104.161569058614,28.3492255178595,79.0607780325991,10.4037759748793,56.2236841134021,10.0979926510484,28.0352454045142,3.45917205992874,19.6105688684607,2.6220559338402
14.83,-24.68,"CARBONATITE [20286]",700.198969266114,1160.16714644814,118.033802251237,439.051719170833,76.071584149501,23.4860748226045,69.8347748527692,7.78381934337133,38.2612687621361,6.46550936515832,16.5226807612535,1.84436442338689,9.69691954597874,1.03940684364151
14.83,-24.68,"CARBONATITE [20286]",88.2188960569364,121.300072919493,11.396708021376,39.6639542258672,6.15724709558529,1.86696638139853,5.49084270018333,0.727961700931936,4.42840383092782,1.09580208930692,3.906848373038,0.686006395223463,5.49801072800921,0.786876719261452
14.83,-24.68,"CARBONATITE [20286]",411.372812996377,690.983431886913,74.0425717822826,289.744833086392,45.5860393745745,12.646854140231,39.6161726569766,4.40008591954671,22.6753359054627,3.27859918477456,8.90677444987967,1.01774839327145,6.59865705909002,0.577255542583138
14.83,-24.68,"CARBONATITE [20286]",161.251735455739,253.749302045803,24.0363706014563,86.4342255788472,12.3508625684653,3.96868380966988,12.9752223701994,1.61211740385629,9.21626335944375,1.87160807834826,5.99951180560637,0.724762554391994,5.13722794197983,0.575849630853375
14.83,-24.68,"CARBONATITE [20286]",323.799513549643,534.739753520377,51.6815319661793,181.524788819388,25.5422845760233,7.82300611835042,21.5053865695015,2.47194552311786,14.7482037428923,2.78839058848368,8.33845558352881,1.01412681282095,6.32236829671276,0.790031524884233
14.83,-24.68,"CARBONATITE [20286]",281.7195095059,528.35035656273,57.7371506471069,214.545401486186,35.3309971121321,10.340904137259,28.5975962857231,3.62517171709665,18.9455861417622,3.51385488390532,9.08539879637967,1.17491399670971,7.16328028819238,1.00203783256346
14.83,-24.68,"CARBONATITE [20286]",180.760892344951,234.706211919192,19.1097100845306,59.0528477305098,7.82229375926886,2.25972760662786,6.43366336830532,1.05908891554693,7.70545892593072,1.82233633413632,7.47027166703618,1.30656269021959,10.8728530950181,1.56516637286162
14.83,-24.68,"CARBONATITE [20286]",755.010591000225,1312.47274917534,140.060424964218,525.167453061807,80.9551603205936,22.2658373575879,62.1793639453479,7.75400617790924,42.5116333720903,7.40271824238458,17.3468232329532,1.8794711090743,10.4111735839154,1.29077545518776
14.83,-24.68,"CARBONATITE [20286]",184.313552709037,465.331444562185,61.8089200509704,269.833679382443,50.7778724611103,13.5889144936826,38.7951237760839,4.31757190320339,19.9832297634449,3.00873931328519,6.40445390500163,0.626975022416324,2.86118746884816,0.33849254104774
14.83,-24.68,"CARBONATITE [20286]",186.53562940697,401.335834631005,45.7826639584764,172.99489185556,30.8463429276692,8.00085470056628,24.0229886446279,3.33214299418093,16.3545783846362,2.93915659296345,7.36981427570112,0.935874900203155,6.86100605966087,1.06557158590395
14.83,-24.68,"CARBONATITE [20286]",143.532063962658,209.488391481225,18.476707660998,60.5911992028855,10.6306830082013,3.54952383612675,12.145532227564,2.1091077672357,12.9400325277453,2.84784738935671,7.78190509370547,1.04981539417424,6.10993102405742,0.804298106491447
14.83,-24.68,"CARBONATITE [20286]",115.546656439103,225.253918832918,25.1464814156735,92.0511014303926,14.8479165309565,4.21728585811054,12.014756655898,1.58533994190709,8.54906011276834,1.58844061074977,4.12823356298192,0.532078634712691,3.7052175363741,0.50819360846828
54,108,"CARBONATITE, CALCITE [20287]",375,738,89.7,239,34.3,13.3,33.3,3.98,17.5,2.44,4.77,0.56,2.86,0.38
54,108,"CARBONATITE, CALCITE [20287]",379,822,101,386,55.4,13.8,39.2,4.22,19.8,2.85,6.07,0.63,3.29,0.38
54,108,"CARBONATITE, CALCITE [20287]",325,635,76.4,297,56.3,17.7,54.2,8.38,46.6,7.94,16,1.89,9.73,1.19
54,108,"CARBONATITE, CALCITE [20287]",194,368,38.6,143,21.3,5.34,15.5,1.79,7.58,1.17,2.42,0.28,1.46,0.2
54,108,"CARBONATITE, DOLOMITE-ANKERITE [20287]",218,446,48.2,222,41.8,11.2,31.8,4.91,24.3,3.87,8.61,1.04,5.65,0.8
54,108,"CARBONATITE, DOLOMITE-ANKERITE [20287]",295,612,68.9,255,45.9,11.8,27.3,3.36,15.3,2.34,4.66,0.54,2.85,0.35
54,108,"CARBONATITE, DOLOMITE-ANKERITE [20287]",174,378,47.2,194,33.8,9.44,24.9,3.05,14.3,2.16,4.63,0.52,2.69,0.31
54,108,"CARBONATITE, DOLOMITE-ANKERITE [20287]",372,757,90.6,305,71.6,33.8,118,20.2,88.7,11.5,18.6,1.88,8.9,1.05
54,108,"CARBONATITE, DOLOMITE-ANKERITE [20287]",154,342,45.7,232,80.9,23.5,48.3,4.28,12.4,1.38,2.44,0.3,2.25,0.3
54,108,"CARBONATITE, DOLOMITE-ANKERITE [20287]",98.1,200,24.7,120,59.2,17.1,34.8,3.13,11.1,1.46,2.81,0.33,2.08,0.29
54,108,"CARBONATITE, DOLOMITE-ANKERITE [20287]",84.3,168,20.1,56.6,25.7,10.9,22.7,2.23,9,1.26,2.51,0.31,2.15,0.29
54,108,"CARBONATITE, DOLOMITE-ANKERITE [20287]",388,904,127,633,374,153,412,55.6,228,30.2,47.7,4.41,19.7,2.07
14.9,-24.3,"CARBONATITE [4819]",698,1500,184,705,113,30.6,79,9.64,45.3,7.36,17.1,1.96,11.5,1.03
14.9,-24.3,"CARBONATITE [4819]",14.1,22.6,2.42,8.56,1.55,0.49,1.36,0.18,0.9,0.15,0.37,0.05,0.27,0.04
15.15,-23.2,"CARBONATITE [4819]",948,1860,228,859,141,39.6,97.3,11.8,51.3,7.7,16.4,1.74,9.64,1.19
15.15,-23.2,"CARBONATITE [4819]",911,1840,224,846,141,39.7,100,13.1,65.7,11.1,26.2,3.04,16.6,1.93
15.15,-23.2,"CARBONATITE [4819]",1000,2020,248,937,146,39.3,92.7,10.7,46.1,6.93,15.2,1.67,9.01,1.08
14.9,-24.35,"CARBONATITE, CALCITE [4819]",208,310,29.7,88.4,11,3.15,9.52,1.49,9.36,1.97,5.78,0.87,5.97,0.85
16.85,-25,"CARBONATITE, CALCITE [4819]",304,478,57.4,203,30.6,8.27,21.6,2.53,11.6,2.04,5.32,0.72,4.92,0.69
16.85,-25,"CARBONATITE, CALCITE [4819]",857,1707,199,723,106,28.1,66.1,7.23,29.1,4.48,10.7,1.33,9.03,1.21
16.85,-25,"CARBONATITE, CALCITE [4819]",433,794,85.9,310,46.8,12.3,30.7,3.75,18.4,3.32,8.25,1.11,8.03,1.1
14.9,-24.3,"CARBONATITE, CALCITE [4819]",305,526,64.4,225,35.4,9.94,27.5,3.57,18.3,3.37,8.66,1.16,7.29,0.99
14.83,-24.68,"CARBONATITE, CALCITE [4819]",705,1230,126,428,63.3,17.4,47.5,6.51,34.5,6.42,16.7,2.12,13.1,1.43
14.83,-24.68,"CARBONATITE, CALCITE [4819]",200,317,32,104,15.4,4.29,13,1.81,10.3,2.07,5.79,0.81,4.95,0.64
15.15,-23.2,"CARBONATITE [4819]",542,1160,137,525,82.3,22.2,53.1,6.36,29.9,4.93,12,1.36,7.48,0.85
14.9,-24.35,"CARBONATITE, CALCITE [4819]",267,397,39.7,118,14.7,4.19,12.8,1.91,11.6,2.43,6.78,0.97,6.37,0.86
14.9,-24.35,"CARBONATITE, CALCITE [4819]",222,318,29.7,86.9,11.4,3.13,9.3,1.27,6.81,1.3,3.59,0.5,3.31,0.45
16.85,-25,"CARBONATITE, CALCITE [4819]",302,476,59.1,215,37.9,11.2,31.5,4.26,22.1,4.03,10.1,1.33,8.27,1.08
-8.7,15.1,"CARBONATITE [19725]",252.5,507.7,58.34,220.1,30.38,8.03,19.84,2,8.55,1.2,2.71,0.37,2.07,0.3
-8.7,15.1,"CARBONATITE [19725]",756.4,1297.2,133.49,451.5,55.67,14.56,41.75,4.09,18.92,2.74,6.62,0.85,5.44,0.78
-8.7,15.1,"CARBONATITE [19725]",779.1,1319.5,133.3,447.2,56.34,14.74,41.35,4.17,19.33,2.75,7.08,0.86,5.31,0.74
-8.7,15.1,"CARBONATITE [19725]",743,1288.8,127.99,434.3,53.89,13.84,38.9,3.96,18.71,2.82,6.35,0.79,4.29,0.62
-8.7,15.1,"CARBONATITE [19725]",811,1388.5,141.67,475.1,58.91,15.3,43.97,4.3,19.69,2.97,6.88,0.88,5.86,0.75
-8.7,15.1,"CARBONATITE [19725]",674.6,1109.5,108.71,358.4,42.86,11.15,31.68,3.11,14.83,2.14,4.99,0.66,3.94,0.55
-8.7,15.1,"CARBONATITE [19725]",797.7,1390.1,138.01,472.2,57.24,15.04,41.99,4.13,18.93,2.85,6.75,0.9,5.18,0.75
-8.7,15.1,"CARBONATITE [19725]",762.2,1255.8,124.47,416.3,49.87,13,37.31,3.62,17.14,2.58,5.38,0.74,4.1,0.62
9.75,77.24,"CARBONATITE [20434]",598.69,1249.16,157.67,592.1,105.28,26.18,65.81,7.25,29.91,4.52,8.93,0.9,4.6,0.57
9.75,77.24,"CARBONATITE [20434]",687.59,1402.17,168.97,645.31,113.55,28.15,69.82,7.65,31.43,4.76,9.36,0.97,4.86,0.63
42.5951,12.8531,"CARBONATITE [20508]",120,241,25,94.3,16.2,3,12.9,1.43,5.65,0.88,1.84,0.22,1.3,0.19
42.5951,12.8531,"CARBONATITE [20508]",124,248,25,92.4,16.3,3.02,12.8,1.44,5.52,0.86,1.81,0.22,1.2,0.18
42.5951,12.8531,"CARBONATITE [20508]",109,222,21.9,85.3,14.4,2.82,11.3,1.37,4.99,0.81,1.55,0.2,1.14,0.17
42.5951,12.8531,"CARBONATITE [20508]",93.7,185,18.6,69.4,12,2.23,9.79,1.08,4.71,0.72,1.52,0.19,1.09,0.17
42.5951,12.8531,"CARBONATITE [20508]",91.7,186,18.4,68.9,12.1,2.26,9.25,1.05,4.01,0.67,1.37,0.17,0.91,0.13
42.4217,12.9329,"CARBONATITE [20508]",90,180,20.2,81.5,14,2.49,10.04,1.04,4.66,0.7,1.63,0.17,1.02,0.13
40.95,15.62,"CARBONATITE [20508]",487,747,60.6,180,23.8,5.52,18.8,2.06,9.26,1.61,4.05,0.54,3.17,0.48
40.95,15.62,"CARBONATITE [20508]",646,1008,79.6,234,31.1,6.96,24.5,2.62,11.8,2.1,5.16,0.7,4.07,0.59
40.95,15.62,"CARBONATITE [20508]",581,893,69.6,213,27.3,6.27,21.2,2.53,10.5,1.95,4.59,0.65,3.69,0.59
40.95,15.62,"CARBONATITE [20508]",619,988,79.1,233,30.2,6.89,24.1,2.67,12.1,2.05,5.34,0.68,3.91,0.6
40.95,15.62,"CARBONATITE [20508]",592,929,69.9,219,27.1,6.1,21.6,2.5,10.6,1.88,4.56,0.63,3.54,0.58
40.95,15.62,"CARBONATITE [20508]",566,864,67.4,204,26.2,6.02,20,2.29,9.91,1.81,4.49,0.6,3.45,0.52
40.95,15.62,"CARBONATITE [20508]",598,918,71,213,26.8,6.05,20.9,2.35,9.86,1.82,4.49,0.6,3.79,0.58
40.95,15.62,"CARBONATITE [20508]",659,978,75.7,224,28.3,6.41,21.7,2.42,10.2,1.9,4.49,0.64,3.48,0.51
36.5,126.5,"CARBONATITE [20560]",407,930,111,388,56.9,13.6,34.3,3.75,15.8,2.33,5.19,0.55,2.66,0.312
36.5,126.5,"CARBONATITE [20560]",176,472,61.5,233,35.7,9.2,21.8,2.49,10.8,1.67,3.83,0.417,2.05,0.262
36.5,126.5,"CARBONATITE [20560]",438,995,118,408,61.6,14.9,37.8,4.22,18.8,2.77,6.54,0.746,3.78,0.488
36.5,126.5,"CARBONATITE [20560]",850,2000,239,833,125,30,75.6,8.18,35.3,5.08,11.4,1.17,5.85,0.697
36.5,126.5,"CARBONATITE [20560]",519,1070,109,387,54.9,15.7,36.3,4.36,20.2,3.4,8.54,1.07,5.89,0.81
36.5,126.5,"CARBONATITE [20560]",237,622,79.4,293,42.5,10.8,25.6,2.84,12.2,1.89,4.35,0.483,2.45,0.334
36.5,126.5,"CARBONATITE [20560]",11.3,26.8,3.02,10.3,1.48,0.386,0.92,0.12,0.56,0.09,0.24,0.034,0.23,0.036
36.5,126.5,"CARBONATITE [20560]",393,867,100,346,50.5,13.5,32.4,4.1,19.1,3.3,8.28,1.04,5.85,0.82
36.5,126.5,"CARBONATITE [20560]",569,1150,129,431,61.6,16.2,41.5,5.41,27.3,4.9,13.1,1.74,9.79,1.35
-78.2426799999999,162.699912,"CARBONATITE [20561]",36,70.4,8.39,31,6.98,1.83,7.98,1.47,9.76,2.23,7.18,1.21,8.33,1.14
-78.293352,162.793449,"CARBONATITE [20561]",154,317,36.7,132.5,31.7,5.59,34.4,7.12,47.3,10.75,34.9,6.13,35.6,4.38
42,110,"CARBONATITE, DOLOMITE [18782]",10.9,25.3,3.95,18.6,6,2.39,6.38,1.15,6.79,1.43,3.99,0.65,4.81,0.78
42,110,"CARBONATITE, DOLOMITE [18782]",11.9,32.8,5.41,25.9,7.75,2.72,7.73,1.2,6.46,1.18,2.79,0.37,2.27,0.32
42,110,"CARBONATITE, CALCITE-DOLOMITE [18782]",332,657,75.1,268,59.5,15.2,39.6,4.42,18.2,2.9,6.47,0.75,4.16,0.56
42,110,"CARBONATITE, CALCITE-DOLOMITE [18782]",53.8,113,13.2,46.3,6.57,1.84,4.69,0.54,2.33,0.37,0.9,0.12,0.75,0.11
42,110,"CARBONATITE, CALCITE [18782]",1409,2455,269,776,85.9,18.5,48.5,5.36,22.2,3.33,7.74,0.84,4.24,0.5
42,110,"CARBONATITE, CALCITE [18782]",955,2411,308,1063,122,27.5,80.2,11.3,54.7,8.83,17.9,1.72,8.03,0.95
42,110,"CARBONATITE, CALCITE [18782]",55937,95227,10362,27425,3255,669,1557,125,261,21.7,27.8,2.6,16.8,2.06
42,110,"CARBONATITE, CALCITE [18782]",54622,70300,5840,12243,1004,193,589,46.3,107,10.8,13.2,1.35,8.49,1.19
42,110,"CARBONATITE [18784]",94810,90630,5392,6538,492,49,458,52,566,40,80,7,36,5.1
42,110,"CARBONATITE [18784]",7207,10370,936,2066,240,77,212,26,111,23,55,6,35,4.6
30.459012,63.577494,"CARBONATITE [18785]",922,1400,135,412,48.9,8.82,26.3,3.43,14.8,2.71,7.6,1.15,8.6,1.36
30.459221,63.57607,"CARBONATITE [18785]",457,1050,113,428,78.9,17.6,60.8,8.3,42.6,8.2,21.9,2.99,17.4,2.44
30.47407,63.60501,"CARBONATITE [18785]",1422,2262,212.8,624,72.3,19.3,89.2,9.7,40.9,5.9,15.7,1.8,12.8,2
30.47035,63.59533,"CARBONATITE [18785]",640,1161,127.1,426,63.3,13.4,51.7,5.1,30.3,5.9,14.7,1.6,7.6,0.8
65.867,27.65,"CARBONATITE, CALCITE [18925]",158,314,42.2,187,34.6,10.5,30.1,3.6,18,2.96,6.4,0.7,4,0.48
65.867,27.65,"CARBONATITE, DOLOMITE-CALCITE [18925]",134,265,35.4,157,29.2,8.95,25.5,3.2,15,2.49,5.2,0.6,3.3,0.37
65.867,27.65,"CARBONATITE, DOLOMITE [18925]",142,320,43.6,203,34.2,9.44,25.7,2.7,12.4,1.79,3.3,0.3,1.8,0.13
65.867,27.65,"CARBONATITE, DOLOMITE [18925]",132,297,43.7,199,34.3,9.99,26.6,3,13.5,1.93,3.6,0.3,1.6,0.16
65.867,27.65,"CARBONATITE, CALCITE-DOLOMITE [18925]",135,292,41.1,183,33.1,9.8,27.9,3.2,14.5,2.07,4.3,0.5,2.5,0.3
65.933,27.75,"CARBONATITE, CALCITE [18925]",228,393,51.8,225,392,10.5,36.6,4.6,21.7,3.68,8.4,1,5.7,0.71
65.933,27.75,"CARBONATITE, CALCITE [18925]",239,439,55.4,240,43.3,13.4,40.5,4.8,22.9,3.82,8.5,1,5.9,0.75
65.933,27.75,"CARBONATITE, CALCITE [18925]",244,531,71.3,323,58.6,17.1,53.7,6.6,29,4.68,10.2,1.2,6.7,0.95
65.933,27.75,"CARBONATITE, CALCITE [18925]",261,493,63.1,267,46.2,12.6,39.5,4.5,22.7,3.77,8.3,0.9,5.4,0.64
65.933,27.75,"CARBONATITE, DOLOMITE-CALCITE [18925]",171,363,47,208,37.8,11.2,34.5,4.3,18.6,3.28,7,0.9,55,0.7
65.933,27.75,"CARBONATITE [18925]",11.7,24.8,35,17.7,3.8,1.88,3.6,0.8,24,0.34,0.8,0.1,0.6,0.05
65.933,27.75,"CARBONATITE [18925]",66.1,121,15.4,68.6,12.4,2.94,11.5,1.5,6.7,1.06,2.5,0.3,1.4,0.18
-20.2989,14.73,"CARBONATITE [17744]",1285,2504,303,1048,162,46.1,168,20.7,76.4,12.1,34.4,3.22,17.1,2.14
-20.2989,14.73,"CARBONATITE [17744]",1815,2525,247,736,107,32.2,146,20.5,103,20.1,57.1,6.43,38.6,5.19
-20.2989,14.73,"CARBONATITE [17744]",1008,1792,206,693,109,31.2,120,15.5,70.1,13.4,39.5,4.38,28.6,3.9
-20.2989,14.73,"CARBONATITE [17744]",701,1280,167,765,319,101,264,36,138,19.7,46.3,4.47,30.2,4.32
-24.683,-49.217,"CARBONATITE [17745]",921,1403,205,979,135.8,40.65,114.5,14.73,82.1,16.63,44.24,8.08,44.46,7
-24.683,-49.217,"CARBONATITE [17745]",1812,2179,230,811,119.1,34.6,100.45,13.33,57.5,11.9,34.74,6.41,41.09,6.9
-24.683,-49.217,"CARBONATITE [17745]",1541,3391,400,1411,113.71,35.04,95.9,12.73,50.75,10.2,27.63,3.81,18.29,2.68
-2.75,35.93,"CARBONATITE [17743]",802,946,81.6,223,24.4,7.23,14.4,1.37,7.28,1.18,2.16,0.31,1.65,0.2
-2.75,35.93,"CARBONATITE [17743]",936,1118,95.9,261,28.8,8.53,17.1,1.68,8.45,1.4,2.73,0.36,1.97,0.24
-2.75,35.93,"CARBONATITE [17743]",1013,1208,103,282,30.8,9.29,17.6,1.73,9.14,1.5,2.9,0.39,2.14,0.26
-2.75,35.93,"CARBONATITE, CALCITE [17743]",1542,1757,137,332,25.9,8.16,19.1,1.27,3.83,0.56,1.58,0.13,0.88,0.13
-2.75,35.93,"CARBONATITE [17743]",669,667,50.8,118,8.33,2.02,5.68,0.44,1.54,0.25,0.65,0.07,0.43,0.06
-24.7,-48,"CARBONATITE [20833]",97.2,136,18.9,69.1,10.6,3.23,9.79,1.38,5.94,1.13,2.83,0.41,2.13,0.33
-24.7,-48,"CARBONATITE [20833]",104,186,22.1,85.7,14.6,4.33,12.8,1.77,7.05,1.22,2.81,0.37,1.88,0.26
66.95,29.167,"CARBONATITE, CALCITE [19360]",201,320,33,99,11.7,2.99,9.74,1.04,4.67,0.84,2.16,0.27,1.5,0.22
66.95,29.167,"CARBONATITE, CALCITE [19360]",741,1392,160,564,77,19.3,54,5.5,21.3,3.06,6.63,0.61,2.78,0.34
66.95,29.167,"CARBONATITE, CALCITE [19360]",127,243,27.8,87,9.81,2.44,7.32,0.7,2.49,0.37,0.92,0.11,0.72,0.1
66.95,29.167,"CARBONATITE, CALCITE [19360]",91,199,26.6,103,18.2,5.05,13.3,1.53,5.9,0.85,1.76,0.19,0.93,0.13
66.95,29.167,"CARBONATITE, CALCITE [19360]",15779,14407,1140,2475,132,26.2,93.1,7.65,18.1,2.33,4.35,0.3,1.14,0.11
66.95,29.167,"CARBONATITE, DOLOMITE-ANKERITE [19360]",359,581,61,191,22.9,5.87,18.3,2.05,8.78,1.43,3.17,0.32,1.47,0.17
66.95,29.167,"CARBONATITE, DOLOMITE-ANKERITE [19360]",660,935,88,259,26.5,6.43,21.7,1.83,6.33,0.88,1.92,0.15,0.65,0.08
66.95,29.167,"CARBONATITE, DOLOMITE-ANKERITE [19360]",600,1046,107,363,53,15.5,48.8,6.73,33.2,5.35,10.7,0.97,4.09,0.48
66.95,29.167,"CARBONATITE, MAGNESITE-DOLOMITE [19360]",326,578,66,232,33.6,8.61,22.2,1.47,3.63,0.48,1.26,0.1,0.5,0.06
66.95,29.167,"CARBONATITE, MAGNESITE-DOLOMITE [19360]",404,891,96,291,21.7,5.57,16.9,1.19,3.32,0.45,1.21,0.09,0.41,0.05
66.95,29.167,"CARBONATITE, MAGNESITE-DOLOMITE [19360]",1148,2442,281,846,78,15.4,53,4.2,13.1,1.67,3.62,0.21,0.88,0.1
66.95,29.167,"CARBONATITE, MAGNESITE-DOLOMITE [19360]",1179,2343,258,739,87,20,65,5.36,17.2,2.16,4.42,0.3,1.34,0.16
66.95,29.167,"CARBONATITE, SIDERITE [19360]",14.7,36.3,7.33,41.9,13.4,4.54,9.98,1.21,6.26,1.28,3.32,0.35,1.47,0.17
66.95,29.167,"CARBONATITE, SIDERITE [19360]",159,190,20.3,83,21.7,6.87,17,2.01,10.3,2.12,5.44,0.57,2.36,0.28
66.95,29.167,"CARBONATITE, SIDERITE [19360]",91,187,33,168,39.9,11.2,28.9,3.97,20,3.43,7.29,0.68,2.76,0.32
39.55,78.95,"CARBONATITE [20848]",326,617,81.6,345,48.6,17.2,40.9,4.84,20.1,2.89,6.1,0.68,4.1,0.49
39.55,78.95,"CARBONATITE [20848]",154,225,24,90.6,43.5,9.52,10.9,1.91,10.1,1.7,4.03,0.48,2.93,0.38
39.55,78.95,"CARBONATITE [20848]",145,203,20,70.9,36.1,8.28,7.13,1.11,5.88,1.07,2.88,0.36,2.21,0.29
39.55,78.95,"CARBONATITE [20848]",2416,2716,229,682,53.2,16.8,58.3,9.27,40.5,4.9,7.77,0.63,3.5,0.45
39.55,78.95,"CARBONATITE [20848]",893,964,78.8,213,39.6,9.25,17.7,3.39,22.3,4.37,12,1.6,8.95,1.12
39.55,78.95,"CARBONATITE [20848]",212,309,30.2,98.1,16.2,6.69,14.3,2.41,11,1.59,3.16,0.33,1.89,0.25
39.55,78.95,"CARBONATITE [20848]",173,332,40.2,165,23.4,7.99,14.3,1.57,6.05,0.84,1.77,0.22,1.47,0.19
39.55,78.95,"CARBONATITE [20848]",110,200,24.8,116,25.8,8.5,14.4,1.4,4.66,0.62,1.37,0.16,1.2,0.16
39.55,78.95,"CARBONATITE [20848]",82,151,17,65.7,17.7,7.71,12.8,1.84,9.52,1.44,3.05,0.3,1.75,0.21
41.8091,110.0096,"CARBONATITE [20861]",3380,5933,589,2137,268,59.8,129,16,42.9,3.77,15.7,0.38,2.44,0.26
41.8086,110.009,"CARBONATITE [20861]",12150,17470,1393,3920,426,101,354,35.9,78.7,4.58,25.4,0.35,3.37,0.42
41.8087,110.0091,"CARBONATITE [20861]",12410,18390,1478,4303,436,84.8,282,32.7,85.7,7.68,34.9,0.99,5.27,0.58
41.8087,110.0091,"CARBONATITE [20861]",5181,10380,1141,4211,447,77.6,210,21,43.5,2.6,22.9,0.33,2.46,0.24
41.8091,110.0096,"CARBONATITE [20861]",5040,7363,632,1983,215,49.8,110,14.3,39.6,3.76,15.5,0.44,2.41,0.24
41.8089,110.0095,"CARBONATITE [20861]",4616,7907,741,2587,352,68.3,161,18.2,41.4,2.6,15.2,0.23,2.02,0.22
41.8101,110.0155,"CARBONATITE [20861]",13790,22680,1979,6110,640,123,431,44.6,96.2,6.7,39.8,0.57,4.29,0.47
41.8101,110.0155,"CARBONATITE [20861]",8152,11835,1079,3591,229,40.3,55.2,6.49,16.1,2.06,4.02,0.27,1.61,0.19
41.8103,110.0156,"CARBONATITE [20861]",3124,6125,675,2579,228,39.5,56,4.37,10.4,1.35,2.02,0.2,1.43,0.14
41.7961,110.0023,"CARBONATITE [20861]",1291,2505,256,813,102,47.7,64.8,8.12,25.1,2.7,9.02,0.37,1.88,0.2
41.7961,110.0023,"CARBONATITE [20861]",5798,11154,1002,2820,197,53.5,67.8,9.51,29.6,3.8,6.25,0.46,2.58,0.29
41.7959,110.0026,"CARBONATITE [20861]",2639,4582,441,1514,154,39,75.7,7.5,23.9,2.84,5.07,0.37,2.31,0.28
63.98417,-49.768168,"CARBONATITE, DOLOMITE [20907]",171,471.2,54.51,215,30.4,7.79,19.45,2.52,8.96,1.16,2.39,0.28,1.56,0.18
63.99284,-49.733385,"CARBONATITE, CALCITE [20907]",206.3,525.8,57.76,226.9,31.3,8.41,21.06,2.78,11.56,1.63,3.72,0.46,2.58,0.3
63.99422,-49.761341,"CARBONATITE, CALCITE [20907]",212.8,539.4,59.49,229.2,31.3,8.47,21.13,2.84,11.31,1.65,3.54,0.45,2.4,0.31
63.99189,-49.747753,"CARBONATITE, CALCITE [20907]",91.3,233.1,25.71,101.8,19.4,5.77,16.14,2.7,11.19,1.81,4.51,0.63,3.47,0.47
63.98774,-49.705613,"CARBONATITE, CALCITE [20907]",513.5,1119.5,108.72,358.9,42.6,11.16,26.5,3.93,15.66,2.26,5.7,0.75,4.51,0.56
44.5,-104.5,"CARBONATITE [19398]",10335.1,18712.8,1849.5,7778.9,1285.57,291.03,680.79,54.59,170.64,13.11,20.02,2.36,15.89,1.7
44.5,-104.5,"CARBONATITE [19398]",12398.6,23254.2,2296.73,8384.4,1099.93,218.41,533.77,33.24,89.89,5.77,14.43,2.38,19.12,2.26
44.5,-104.5,"CARBONATITE [19398]",3792.5,10385.6,1319.14,5336.9,723.02,138.53,263.72,18.85,55.19,3.57,9.47,1.9,14.49,2.07
44.5,-104.5,"CARBONATITE [19398]",1963.3,3934.6,461.52,1697,259.41,59.27,150.6,12.13,41.09,4.6,10.34,1.57,10.6,1.5
44.5,-104.5,"CARBONATITE [19398]",2035.2,6449.6,905.72,4338.5,783.97,177.07,433.95,36.77,130.26,14.07,30.35,4.37,26.49,2.8
44.5,-104.5,"CARBONATITE [19398]",4445.4,10962.8,1338.31,5196.7,706.09,136.99,307.93,20,54.86,3.4,8.57,1.56,12.53,1.6
44.5,-104.5,"CARBONATITE [19398]",10369.4,19118.2,1715.93,5221.5,466.1,81.08,191.01,11.55,36.5,2.3,7.38,1.2,9.39,1.14
44.5,-104.5,"CARBONATITE [19398]",10297,19889.1,1987.89,7865,1006.45,207.92,495.9,30.93,92.24,6.73,16.56,2.85,22.27,2.89
39.55,78.95,"CARBONATITE [20940]",109,269,30.1,141,36.4,11.3,25.1,2.93,11.9,1.66,3.15,0.33,1.77,0.29
39.55,78.95,"CARBONATITE [20940]",48.1,106,13.8,82.8,23.3,7.3,12.1,1.15,4.2,0.62,1.33,0.17,1.07,0.17
39.55,78.95,"CARBONATITE [20940]",227,455,51.9,252,64.5,19.9,43.1,4.12,13.5,1.67,3.05,0.33,1.96,0.34
39.55,78.95,"CARBONATITE [20940]",147,358,38,155,40.3,12.8,33.9,4.67,23.8,3.54,7.12,0.62,2.95,0.37
39.55,78.95,"CARBONATITE [20940]",147,357,39,163,38.1,12.2,34.2,4.97,26.7,4.04,7.99,0.73,3.26,0.42
39.55,78.95,"CARBONATITE [20940]",1242,3062,297,1213,227,59.1,158,17.6,69,10,22.9,2.13,11.8,1.33
39.55,78.95,"CARBONATITE [20940]",1092,2437,282,1133,205,52.5,143,16.8,80.7,14.4,33.7,3.15,15.4,1.63
39.55,78.95,"CARBONATITE [20940]",1144,2862,287,1182,226,59.9,165,18.9,79.8,12.2,26.8,2.25,11.3,1.26
39.55,78.95,"CARBONATITE [20940]",932,2361,248,1044,208,59.2,162,22.3,106,17.1,35.5,3.09,14.2,1.61
39.55,78.95,"CARBONATITE [20940]",1284,3075,300,1228,253,71.3,187,21.6,86.9,12.9,28.1,2.53,13.9,1.65
-24.7,-48.04,"CARBONATITE, CALCITE [21077]",123,230.4,26.35,97,16.52,5,14.34,1.83,8.87,1.34,3.4,0.42,2.38,0.32
-24.7,-48.04,"CARBONATITE, CALCITE [21077]",125.9,271.2,32.33,126.5,22.42,6.71,18.34,2.14,9.42,1.25,2.59,0.3,1.67,0.22
53.55,100.63,"CARBONATITE [21086]",158,306,34,116,17.47,4.87,6.79,1.2,7.28,1.27,3.33,0.44,2.78,0.37
53.55,100.63,"CARBONATITE [21086]",245,523,52,192,33.89,10.41,3.63,26.92,17.08,3.03,7.38,0.95,5.53,0.77
53.55,100.63,"CARBONATITE [21086]",255,558,58,220,40.49,11.97,4.06,31.79,18.14,3.04,6.89,0.83,4.59,0.61
53.55,100.63,"CARBONATITE [21086]",374,1535,110,380,65.92,17.9,5.54,35.69,23.51,3.68,8.12,1.01,5.73,0.72
53.55,100.63,"CARBONATITE [21086]",265,595,57,198,33.73,10.25,3.61,25.72,17.17,3.1,7.95,1.1,7.1,1.04
53.55,100.63,"CARBONATITE [21086]",204,535,58,226,45.38,13.65,4.72,33.61,22.99,3.96,9.39,1.22,7.14,0.97
53.55,100.63,"CARBONATITE [21086]",365,1069,93,335,60.13,16.37,5.34,41.29,23.07,3.68,8.11,0.99,5.51,0.71
53.55,100.63,"CARBONATITE [21086]",594,1194,107,354,49.98,12.11,3.4,30.25,10.37,1.43,2.94,0.37,2.25,0.3
53.55,100.63,"CARBONATITE, ANKERITE [21086]",14504,27674,2603,6002,381,63.82,19.54,160,60.04,2.64,5.15,0.51,3.1,0.4
53.55,100.63,"CARBONATITE, ANKERITE [21086]",9969,19200,1667,4753,308,52.61,15.36,125,15.87,1.94,3.91,0.43,2.57,0.37
53.55,100.63,"CARBONATITE, ANKERITE [21086]",14127,22248,1811,5219,388,70,18.91,165,21.74,2.19,3.58,0.39,2.26,0.32
12.467,78.45,"CARBONATITE [21090]",7.9,17,1.9,7.5,1.5,0.3,1.4,0.21,1.1,0.24,0.63,0.09,0.6,0.1
12.467,78.45,"CARBONATITE [21090]",3.1,6.7,0.73,2.9,0.58,0.13,0.59,0.09,0.46,0.1,0.28,0.04,0.26,0.04
12.467,78.45,"CARBONATITE [21090]",10,21,2.4,9.2,1.9,0.43,1.8,0.25,1.3,0.28,0.74,0.1,0.7,0.11
12.467,78.45,"CARBONATITE [21090]",24,53,5.6,22,4.4,1.1,3.9,0.52,2.4,0.49,1.2,0.15,1,0.15
12.417,78.533,"CARBONATITE [21090]",331,664,70,266,44,12,39,4.4,18,3.3,7.7,0.82,5,0.74
12.417,78.533,"CARBONATITE [21090]",329,682,71,272,44,11,39,4.2,17,3,7,0.73,4.3,0.65
56,111,"CARBONATITE [21173]",74.6,118,14.4,48.6,9.83,2.41,9.41,1.09,6.56,1.74,6.88,1.42,10.7,1.87
-18.03,-47.87,"CARBONATITE [21228]",388,750,81.1,269,32.9,8.74,21.8,2.3,8.9,1.4,3.4,0.41,2,0.25
-18.03,-47.87,"CARBONATITE [21228]",656,1040,108,328,44.3,11.6,28,3.3,14.5,2.2,5.4,0.64,3.3,0.4
-18.03,-47.87,"CARBONATITE [21228]",366,649,69.4,181,25.6,6.71,17.4,1.7,6.4,0.9,2,0.25,1.3,0.17
-18.03,-47.87,"CARBONATITE [21228]",421,820,91.1,245,35.7,8.96,22.9,2.3,9.1,1.3,2.9,0.32,1.5,0.18
-18.03,-47.87,"CARBONATITE [21228]",482,893,93.6,244,34.3,8.86,22.6,2.3,9.3,1.4,3.3,0.39,1.8,0.22
-18.03,-47.87,"CARBONATITE [21228]",419,824,88.6,217,32.6,8.36,22.7,2,8.1,1.2,2.7,0.32,1.5,0.17
-18.03,-47.87,"CARBONATITE [21228]",398,742,76.2,189,27.3,7.13,18.7,1.8,7.2,1,2.5,0.29,1.4,0.16
-18.03,-47.87,"CARBONATITE [21228]",485,1060,123,329,48,11.7,32.8,3.2,13.5,2.2,5.5,0.68,3.5,0.43
-18.03,-47.87,"CARBONATITE [21228]",388,784,85.7,224,32.5,8.22,21.3,2,7.3,1,2.4,0.26,1.2,0.12
-18.03,-47.87,"CARBONATITE [21228]",614,1180,136,464,79.7,23,60.5,7.1,29,4.4,9.8,1.08,5.6,0.65
-18.03,-47.87,"CARBONATITE [21228]",442,857,91.8,312,38.1,10.1,24.8,2.4,9.5,1.4,3.2,0.37,1.9,0.2
-18.03,-47.87,"CARBONATITE [21228]",2000,3000,1000,2000,359,84.6,209,17.7,56.4,7,16.5,0,4.9,0.2
-18.03,-47.87,"CARBONATITE [21228]",2000,3000,1000,2000,533,112,260,18.2,52.6,6.3,16.7,0,1.2,0.04
-18.03,-47.87,"CARBONATITE [21228]",729,1660,189,569,86.3,23.1,53.8,4.6,14.4,1.6,2.6,0,0.7,0.04
-18.03,-47.87,"CARBONATITE [21228]",2000,3000,1000,2000,537,121,277,24.3,76.7,9.8,22.7,0,5.2,0.05
-18.03,-47.87,"CARBONATITE [21228]",326,727,85.4,273,46.8,11.5,26.2,2.3,7,0.8,1.5,0,0.5,0.04
42.4,12.85,"CARBONATITE [21149]",81.2,158,18.7,64.7,11.3,2.11,8.83,1.06,4.23,0.6,1.48,0.18,1,0.17
-15.7,35.8,"CARBONATITE, CALCITE [21309]",949.2,1876.2,190.97,637.6,100.6,34.1,90.6,14.02,72.5,13,32.9,4.75,30.7,4.25
-15.7,35.8,"CARBONATITE, CALCITE [21309]",1022,1967.8,207.09,682.3,112.7,39.7,103.7,15.82,81.1,13.9,35.4,4.91,32.4,4.47
-15.7,35.8,"CARBONATITE, CALCITE [21309]",2930.5,6069.8,670.77,2391.9,307.2,81.6,197.3,20.05,91,15.3,37.1,5.22,35.3,4.65
-15.7,35.8,"CARBONATITE, CALCITE [21309]",3813.6,7338.2,776.32,2703.8,369.4,101.8,249.7,27.78,130,22.4,52.6,6.63,37.7,4.64
-15.7,35.8,"CARBONATITE, CALCITE [21309]",2892,6340.8,727.23,2601.6,332.2,87.5,205.5,20.82,99.5,17.7,45.3,5.91,35.1,4.46
-15.7,35.8,"CARBONATITE, CALCITE [21309]",4818.6,7987.4,781.07,2620.7,348.1,103.1,263.2,29.56,134.6,22.9,53.1,6.2,33.1,4.26
-15.7,35.8,"CARBONATITE, CALCITE [21309]",4783.8,8225.4,822.38,2691.5,368.2,105.9,271.1,31.23,153.7,26.7,62.3,7.36,39.9,4.69
-15.7,35.8,"CARBONATITE, CALCITE [21309]",3071.4,6204.2,662.39,2420.8,335.5,95.4,238,26.2,118.9,20.4,47.2,5.54,32.1,3.85
-15.7,35.8,"CARBONATITE, CALCITE [21309]",3363.6,6956.5,771.74,2866.2,405.3,114.4,283.6,30.3,133.1,21.6,48.8,5.78,34.5,4.49
-15.7,35.8,"CARBONATITE, CALCITE [21309]",3179.3,6918.4,792.99,2930.1,428.5,125.9,332.9,36.71,176.4,30.1,67.9,7.7,40.8,4.78
-15.7,35.8,"CARBONATITE, CALCITE [21309]",3153.8,6682,754.6,2744.3,385.4,109.4,268.5,29.27,138.3,23.8,57.4,7,41,5.13
-15.7,35.8,"CARBONATITE, CALCITE [21309]",3955.9,7109.3,740.06,2569.2,405,123.1,299.4,31.93,133.7,20.3,42.2,4.5,26,3.17
-15.7,35.8,"CARBONATITE, CALCITE [21309]",2983.5,6224.3,676.78,2500,391,114.5,293.3,33.5,167.2,28.1,63.8,7.66,42.7,5.31
-15.7,35.8,"CARBONATITE, CALCITE [21309]",2780.4,6020.7,672.66,2492.9,369.6,112.7,294.2,36.65,184.2,31.4,71.9,8.54,48.3,5.97
-15.7,35.8,"CARBONATITE, CALCITE [21309]",2581.1,5718.8,662.17,2462.6,363.1,102.4,255.5,24.32,98.9,14.3,32,3.85,25.6,3.72
-15.7,35.8,"CARBONATITE, CALCITE [21309]",3372.5,6961.3,766.31,2788.4,382.4,105.3,250.4,26.71,122.9,21.6,52.4,6.56,39,5.02
-15.7,35.8,"CARBONATITE, CALCITE [21309]",3899.8,7964.4,872.08,2938.5,406.5,112.5,245.3,33.31,155.9,27.9,64.8,8.26,46.8,5.66
-15.7,35.8,"CARBONATITE, CALCITE [21309]",2687.9,6291.8,722.24,2598.2,409.6,124.7,289.7,46.54,224.5,45.5,108,13.69,71.4,8.02
-15.7,35.8,"CARBONATITE, CALCITE [21309]",3111.8,6177.7,651.28,2131.2,308.2,89,201.2,26.32,107,17.1,37.6,5.04,30.6,3.93
-15.7,35.8,"CARBONATITE, CALCITE [21309]",5939.4,9961.4,934.68,2847.7,372.2,105.9,235.6,34.72,161.9,31,71.1,8.75,47.1,5.48
-15.7,35.8,"CARBONATITE, CALCITE [21309]",2914.3,6980.4,801.12,2835.5,416.7,115.2,250,32.95,152.8,28.6,72.3,10.18,60.8,7.63
-15.7,35.8,"CARBONATITE, CALCITE [21309]",2491.6,5713.2,639.28,2304.6,337.2,91.8,197.2,24.73,107.6,19.9,48.5,6.95,44.4,5.72
-15.7,35.8,"CARBONATITE, CALCITE [21309]",2614.2,6037.5,703.18,2570.9,385,111.9,252.9,35.14,158.3,29.9,68.7,8.98,49.6,5.9
-15.7,35.8,"CARBONATITE, CALCITE [21309]",2393.5,5748.6,643.66,2384.8,358.2,102.2,225.1,31.34,141.2,26,59.9,8.16,47.5,5.72
-15.7,35.8,"CARBONATITE, CALCITE [21309]",6752.5,10856.4,1030.66,3090.5,419.1,121.2,289.3,41.62,204.9,38.7,89.1,11.66,68.6,8.42
-15.7,35.8,"CARBONATITE, CALCITE [21309]",2728,6092.2,694.78,2461.8,368,102.4,218.8,28.87,138.6,25.9,65.5,8.84,54.7,7.02
-15.7,35.8,"CARBONATITE, CALCITE [21309]",3622.5,7977.8,876.76,3043.1,423.3,117.3,240.1,29.54,123,21.1,47.9,6.23,37.2,4.93
-15.7,35.8,"CARBONATITE, CALCITE [21309]",6367.2,10682.7,968.66,2892.1,349.8,94,201.2,24.46,103.6,17.7,39.7,5.05,29.5,3.7
-15.7,35.8,"CARBONATITE, CALCITE [21309]",3593.7,7530.1,828.61,2806.3,417.4,120.7,259.8,37.18,166.4,30.5,72.2,9.37,52.3,6.5
-15.7,35.8,"CARBONATITE, CALCITE [21309]",3131.7,7262.2,867.9,2951.2,447.6,123.1,271.7,35.82,165.2,29.8,65.4,8.57,48.6,6.29
-15.7,35.8,"CARBONATITE, CALCITE [21309]",3478.4,7392.4,840.45,2804.6,453.8,131.9,306.4,45.42,217.9,40.8,97.1,13.35,82.2,9.64
-15.7,35.8,"CARBONATITE, CALCITE [21309]",6555,11207,1079.3,3504.5,433.8,119.7,259.8,34.25,153.7,29.4,69.9,9.54,55.4,7.19
-15.7,35.8,"CARBONATITE, CALCITE [21309]",9074.7,15102.5,1449.55,4555.4,554.8,153.2,317.5,41.98,195.9,36.9,93.1,11.95,64,7.39
-15.7,35.8,"CARBONATITE, CALCITE [21309]",3139.1,7455.8,893.37,3278.9,658.8,216.8,505.2,77.45,382.6,75.6,185.5,25.93,146.9,17.21
-15.7,35.8,"CARBONATITE, CALCITE [21309]",3475.1,8573.9,1011.48,3719.9,498.6,123.8,243.3,28.37,116.7,18.6,41.7,5.59,37.1,5
-15.7,35.8,"CARBONATITE, CALCITE [21309]",6649.5,11808.9,1157.29,3863.8,535.9,147.3,289.4,35.83,147.4,25,56.3,7.56,44.2,5.62
-15.7,35.8,"CARBONATITE, CALCITE [21309]",4146.2,9270,1043.25,3671.3,457.8,116.2,223.4,25.42,112.7,21.6,52.5,7.23,44.1,5.61
-15.7,35.8,"CARBONATITE, CALCITE [21309]",3224.4,7185.1,802.12,2765.6,402.9,114.3,255.8,40.24,208,41.9,104.1,13.82,81.8,9.81
-15.7,35.8,"CARBONATITE, CALCITE [21309]",6590.1,11460.5,1134.11,3714.5,477.7,133,290.9,37.68,170.3,31.8,76,9.88,56,6.77
-15.7,35.8,"CARBONATITE, CALCITE [21309]",5735.1,9853.7,966.15,2968.1,395.5,111.7,245,33.81,161.5,33.9,86.4,11.19,62,6.89
-15.7,35.8,"CARBONATITE, CALCITE [21309]",3426.8,7126.9,793.89,2747.7,406,114.8,255.5,34.41,160.3,30,66,8.09,42.3,4.78
-15.7,35.8,"CARBONATITE, CALCITE [21309]",3869,8479,938.65,3278.5,490.7,137.7,309.5,40.22,185.4,33.9,71.8,8.67,46.3,5.63
-15.7,35.8,"CARBONATITE, CALCITE [21309]",3035.9,7032.6,791.74,2807.6,430.5,122.1,267.4,37.79,185.9,35.7,87.7,11.84,69.6,8.93
-15.7,35.8,"CARBONATITE, CALCITE [21309]",3318.3,7245.8,805.48,2746.5,416.1,119.6,262,36.85,176.5,34.8,87.2,11.23,66.9,8.27
-15.7,35.8,"CARBONATITE, CALCITE [21309]",3034.2,6539.2,750.9,2568.2,378,107.2,244.7,34.16,170.7,35.4,93,12.39,67.4,7.9
-15.7,35.8,"CARBONATITE, CALCITE [21309]",3767.3,8076,893.26,3163.7,480.6,133.6,307.6,40.17,181.7,31.8,75.6,9.7,58.6,7.19
-15.7,35.8,"CARBONATITE, CALCITE [21309]",3610.7,8196.1,920.65,3270.3,495.9,146.8,333.9,49.14,251.4,52.6,135.4,18.72,103.4,11.85
-15.7,35.8,"CARBONATITE, CALCITE [21309]",3133.1,7399.9,894.08,3235.7,499.3,138.9,318.8,43,201.5,37.9,91.5,12.53,73.7,9.07
-15.7,35.8,"CARBONATITE, CALCITE [21309]",1439.7,3407.4,378.89,1347.2,215.4,64.7,148,20.84,102.9,19.8,51.1,7.24,48.3,6.3
-15.7,35.8,"CARBONATITE, CALCITE [21309]",2233,5116.8,581.22,2101.7,332,99.3,238.2,39.67,205.1,40.8,97.4,13.31,80.9,10.2
-15.7,35.8,"CARBONATITE, CALCITE [21309]",3148.3,6978.2,790.71,2805.4,416.3,118.3,265.4,36.33,178.9,35.2,88.2,11.52,67.1,7.98
-15.7,35.8,"CARBONATITE, CALCITE [21309]",2918.5,6790.9,787.48,2806.9,434.9,132.2,294.4,44.45,216.5,41.9,105.5,14.14,81.3,9.84
-15.7,35.8,"CARBONATITE, CALCITE [21309]",3850.8,7785.4,836.67,2749.5,400.9,116.2,272.1,39.26,194.6,38.7,94.8,13.11,74.5,9.35
-15.7,35.8,"CARBONATITE, CALCITE [21309]",2535.6,6192.3,746,2805.4,415.2,111.6,237.6,27.82,104.3,16.9,37.8,5.08,31.9,4.15
-15.7,35.8,"CARBONATITE, CALCITE [21309]",2613,6357,754.46,2752,420.3,116.4,239.4,29.46,123.5,22.1,53.2,7.23,44.2,5.6
-15.7,35.8,"CARBONATITE, CALCITE [21309]",3388.2,7950.3,947.92,3383.1,516.4,146.2,326,45.9,219,41.3,95.1,12.97,74.7,9.29
-15.7,35.8,"CARBONATITE, CALCITE [21309]",3849.7,9208.1,1055.93,3534,493.1,132.1,280.5,35.59,157.1,28.5,68.2,8.55,47.3,5.58
-15.7,35.8,"CARBONATITE, CALCITE [21309]",3389.3,7546.6,878.14,3021.3,441.8,124.2,268.3,36.95,170.9,32.9,76.8,9.64,52.9,6.32
-15.7,35.8,"CARBONATITE, CALCITE [21309]",2671.9,6311.3,747.72,2669.2,404.9,114.3,258,35.46,178.1,35.9,89,10.87,59.3,6.41
-15.7,35.8,"CARBONATITE, CALCITE [21309]",3199.1,7173.3,830.52,2913.8,444.6,129.5,295.7,42.83,221.9,47.4,117.9,15.24,81.1,9.22
-15.7,35.8,"CARBONATITE, CALCITE [21309]",2765.8,6344.1,722.09,2465.5,367.8,107.4,245.3,36.05,178.6,34.6,86.1,11.54,64,7.64
-15.7,35.8,"CARBONATITE, CALCITE [21309]",11689.5,16680.1,1671.02,4996.5,573.7,143.4,326.4,39.05,169.6,24.4,50.4,6.15,32.3,4.3
-15.7,35.8,"CARBONATITE, CALCITE [21309]",5537.1,9253,1040.55,3387.2,430.1,109.6,252.5,30.95,148.6,23.8,58.8,7.87,44.5,5.47
-15.7,35.8,"CARBONATITE, CALCITE [21309]",9325.4,12997.4,1251.35,3590.5,369.2,92.9,218.1,27.3,123.9,19.2,45.3,5.56,29.8,3.8
-15.7,35.8,"CARBONATITE, CALCITE [21309]",3616.4,7413.8,931.04,3334.7,470.7,124.5,299.8,39.15,177.9,25.3,52.2,5.78,31.7,4.07
-15.7,35.8,"CARBONATITE, CALCITE [21309]",2062.4,3942.7,444.45,1544.8,231.8,66.8,182.2,26.47,151.4,28.3,68.9,8.97,49.9,6.62
-15.7,35.8,"CARBONATITE, CALCITE [21309]",2708.5,4818.7,507.81,1713.1,237.6,66,170.9,24.18,138.7,25.6,62.8,8.24,44.9,5.97
-15.7,35.8,"CARBONATITE, CALCITE [21309]",1946.5,3680.9,405.82,1400.9,201.6,55.9,141.3,19.84,104.1,18.5,44.4,5.99,35,4.72
-15.7,35.8,"CARBONATITE, CALCITE [21309]",2099.6,3937,434.45,1489.8,208,57.8,144.6,21.2,126,25,65,9.1,54.2,7.34
-15.7,35.8,"CARBONATITE, CALCITE [21309]",2488.6,4759,515.24,1807.5,271.7,77.3,214.5,31.03,177.5,32.4,75.8,9.73,50,6.52
-15.7,35.8,"CARBONATITE, CALCITE [21309]",2005.4,3803.9,408.67,1412,200.9,56.7,152.3,23.43,143.8,26.9,67.1,8.74,48.1,6.25
-15.7,35.8,"CARBONATITE, CALCITE [21309]",2218.3,4195,458.39,1580.5,216.3,59.1,162.4,24.85,153.1,28.8,69,8.95,48.9,6.52
-15.7,35.8,"CARBONATITE, CALCITE [21309]",2074.9,4082.8,447.79,1531.8,219.5,61.6,162.7,22.92,130.5,24.8,63.5,8.92,50.3,6.91
-15.7,35.8,"CARBONATITE, CALCITE [21309]",3028.4,5720.6,647.42,2135.4,284.9,74.5,192.3,28.21,171,33.1,82.4,10.37,55.7,7.17
-15.7,35.8,"CARBONATITE, CALCITE [21309]",2645.3,5022.9,554.87,1863.5,271,74.1,193.8,28.94,168.2,30.3,71.2,8.7,44.9,5.66
-15.7,35.8,"CARBONATITE, CALCITE [21309]",1975.1,3789.8,411.11,1413.2,209.6,55.8,143.7,19.24,94.7,16.3,35.6,4.49,23.8,3.06
-15.7,35.8,"CARBONATITE, CALCITE [21309]",2162.4,4279.9,464.99,1637.4,230,61.9,169,23.27,123.9,20.9,46.3,5.81,31.4,4.28
-15.7,35.8,"CARBONATITE, CALCITE [21309]",2655.7,5260.9,601.84,2065.2,281.8,70.4,174.4,21.53,108.2,18.9,43.2,5.21,27.2,3.42
-15.7,35.8,"CARBONATITE, CALCITE [21309]",2605.6,5400.3,621.45,2154.2,312.6,83.5,214.1,26.74,130.5,21.1,43.7,5.27,26.8,3.21
-15.7,35.8,"CARBONATITE, CALCITE [21309]",2698,5370.2,603.75,2134.3,298.2,82.1,218.7,33.2,180.4,30.2,68.1,8.18,42.9,5.63
-15.7,35.8,"CARBONATITE, CALCITE [21309]",2371.6,4892.6,562.91,1977.6,280.5,78.5,208.7,29.65,151.2,25.7,56.9,6.99,37.2,4.84
-15.7,35.8,"CARBONATITE, CALCITE [21309]",2522.9,5208.2,587.62,1988.1,289.4,79.2,213.5,27.1,135.8,21.7,45.7,5.55,31.2,4.17
-15.7,35.8,"CARBONATITE, CALCITE [21309]",2341,4744.9,539.82,1857.7,261.9,68.8,172.5,21.65,107.1,18.7,42.1,5.31,30.3,4.16
-15.7,35.8,"CARBONATITE, CALCITE [21309]",2135.3,4441.7,510.95,1776.9,254.4,67.6,177.7,25.16,143.4,26.2,63.2,8.16,46.8,6.19
-15.7,35.8,"CARBONATITE, CALCITE [21309]",2281.8,4618.9,537.74,1924.5,268.1,72.2,189.4,26.54,142.6,26.2,63,8.37,48,6.55
-15.7,35.8,"CARBONATITE, CALCITE [21309]",1840.6,3744.1,419.27,1511.2,205.2,53.6,140.8,19.61,114.6,21.8,56,7.48,41.7,5.72
-15.7,35.8,"CARBONATITE, CALCITE [21309]",1777.4,3643.2,417.1,1465.3,210.7,61,161,23.65,137.5,25.7,63.4,8.26,46,5.89
-15.7,35.8,"CARBONATITE, CALCITE [21309]",2268.6,4550.1,513.08,1736.1,246.4,63.1,166,21.83,117.2,20.2,49.2,6.24,35.2,4.77
-15.7,35.8,"CARBONATITE, CALCITE [21309]",2042.8,4082.2,458.74,1622.2,243.8,66.7,174.7,23.72,120.1,20.1,48.1,6.22,34.5,4.67
-15.7,35.8,"CARBONATITE, CALCITE [21309]",2014.8,4180,477.77,1693.7,242.6,66,169.1,21.55,114.2,19.8,45.8,6.01,33.7,4.52
-15.7,35.8,"CARBONATITE, CALCITE [21309]",1821.5,3795.4,429.7,1491.8,201.3,51.2,129.4,15.67,79.1,14.1,33.3,4.32,24.3,3.2
-15.7,35.8,"CARBONATITE, CALCITE [21309]",1948.5,4066.1,447.86,1594.7,223.4,58.9,152.5,18.83,97.8,16.6,37.1,4.57,23.8,2.93
-15.7,35.8,"CARBONATITE, CALCITE [21309]",1973.5,4005.2,474.6,1648.2,244,66,167,22.54,115.1,19.7,45.6,5.68,29.6,3.89
-15.7,35.8,"CARBONATITE, CALCITE [21309]",2057.3,4058.3,451.29,1538,210.3,55.8,139.9,18.07,87,14.6,31.5,3.95,20.8,2.67
-15.7,35.8,"CARBONATITE, CALCITE [21309]",2164,4272.5,474.55,1700.6,243.9,64.9,163.5,19.96,99.2,16.1,35.7,4.19,20.5,2.55
-15.7,35.8,"CARBONATITE, CALCITE [21309]",2352.3,4765.8,528.33,1913.8,316.9,89.3,237.8,30.56,156.4,26.1,55.7,6.13,28.1,3.35
-15.7,35.8,"CARBONATITE, CALCITE [21309]",2007.3,4038.2,453.36,1583.6,230,62.3,169.9,23.54,126,21.9,48,5.38,25.5,3.13
-15.7,35.8,"CARBONATITE, CALCITE [21309]",2620.6,5634.8,650.39,2308.1,324.6,84.7,210.1,25.53,117.2,18,38.6,4.54,25.1,3.17
-15.7,35.8,"CARBONATITE, CALCITE [21309]",2837.7,5790.3,685.34,2421.2,341.8,95.3,244.9,32.25,157.3,25.7,57.4,6.81,34.1,4.42
-15.7,35.8,"CARBONATITE, CALCITE [21309]",2280.1,4630.9,515.03,1834.7,246.9,63.9,162.8,20.53,108.1,18.1,41.4,5.06,26.4,3.55
-15.7,35.8,"CARBONATITE, CALCITE [21309]",2320.6,5004.2,575.17,1989.4,264.2,63.4,150.1,15.92,70.6,11.6,28.2,3.75,22.8,3.35
-15.7,35.8,"CARBONATITE, CALCITE [21309]",2561.1,4635.8,489.43,1630.9,220.9,58.2,144.8,17.59,81,12.8,29.7,3.89,23.1,3.33
-15.7,35.8,"CARBONATITE, CALCITE [21309]",1673.3,3334.4,383.02,1355.7,192,52.5,143.3,21.24,125.8,23.2,57.7,7.7,41.8,5.49
-15.7,35.8,"CARBONATITE, CALCITE [21309]",1919.1,3829.6,441.05,1554.1,223,57,144.2,16.82,78,13.4,31,4.19,25.2,3.64
-15.7,35.8,"CARBONATITE, CALCITE [21309]",2356.5,4879.7,564.23,1938.7,241.2,58.1,142.5,16.33,82.9,14.8,38.3,5.54,35.6,5.43
-15.7,35.8,"CARBONATITE, CALCITE [21309]",2240.8,4721.8,549.48,1977.1,307,83.1,206.1,25.67,124.6,21.5,54.5,7.05,40.6,5.43
-15.7,35.8,"CARBONATITE, CALCITE [21309]",4555.9,7336,755.06,2310.7,321.1,87.5,229.8,28.84,141.7,23.1,51,6.19,32.1,4.18
-15.7,35.8,"CARBONATITE, CALCITE [21309]",2032.2,4347.2,505.67,1780.8,227.7,56,134.5,14.43,61.6,9.6,23.2,3.36,21.9,3.37
-15.7,35.8,"CARBONATITE, CALCITE [21309]",3021.6,5222.2,565.62,1889.6,252.8,66.1,170.7,20.47,98.1,15.5,34.8,4.37,24.3,3.35
-15.7,35.8,"CARBONATITE, CALCITE [21309]",2406.7,4648,504.74,1821.2,260.5,73,190.4,23.41,109,17,34.6,4.07,23.4,3.27
-15.7,35.8,"CARBONATITE, CALCITE [21309]",2751.6,4897.4,517.79,1730.1,252.1,70.9,194.3,27.14,139,22,48.7,5.92,32.8,4.46
-15.7,35.8,"CARBONATITE, CALCITE [21309]",4541.1,7482.9,724.47,2218.6,280.8,75,169.6,21.24,96.2,16.1,36.1,4.42,25.3,3.18
-15.7,35.8,"CARBONATITE, CALCITE [21309]",4344.8,7168.2,723.91,2341.1,312.6,86.7,202.6,27.37,130.6,22.5,51.3,6.18,34.1,4.23
-15.7,35.8,"CARBONATITE, CALCITE [21309]",4368.1,7346.5,718.27,2319.4,298.9,75.8,164.7,18.75,79.1,12.9,27.5,3.28,19.2,2.68
-15.7,35.8,"CARBONATITE, CALCITE [21309]",4087.5,6753.2,675.86,2184.8,300.3,79.7,185.7,23.29,107.5,17.8,39.8,4.72,27.2,3.7
-15.7,35.8,"CARBONATITE, CALCITE [21309]",4253.8,7083.1,725.02,2319,326.4,89.4,204.4,25.62,114.7,19.2,42.7,5.24,30.4,4.2
-15.7,35.8,"CARBONATITE, CALCITE [21309]",2295.9,5403.3,650.09,2475.6,478,142.7,335.9,38.17,151.1,23.5,49.3,5.33,29.1,3.52
-15.7,35.8,"CARBONATITE, CALCITE [21309]",2503.2,5921,742.77,2790.9,571.9,178.2,419.5,47.81,183.5,26.9,53.3,5.43,29.5,3.69
-15.7,35.8,"CARBONATITE, CALCITE [21309]",2774.3,6823.8,833.63,2982.7,583.4,177.9,424.5,49.64,190.2,29.1,58.1,6.39,35.4,4.38
-15.7,35.8,"CARBONATITE, CALCITE [21309]",1960,4642.3,539.54,1955.3,294.8,78.1,170.4,19.5,81.5,14.5,36.8,5.22,35.2,4.75
-15.7,35.8,"CARBONATITE, CALCITE [21309]",2742.4,6711.5,811.26,2972.8,548.3,161.7,382.4,47.02,193.1,31,71.1,8.61,48.7,5.78
-15.7,35.8,"CARBONATITE, CALCITE [21309]",2735.1,6574.8,777.12,2805.5,503.4,150.2,345.2,42.12,168.8,27.9,66.3,8.61,50.3,6.34
-15.7,35.8,"CARBONATITE, CALCITE [21309]",2761.5,6318.5,758.12,2774.7,488.9,139.2,320.7,37.87,154.6,26.5,64.2,8.38,50.6,6.55
-15.7,35.8,"CARBONATITE, CALCITE [21309]",2661.9,5907,676.6,2397.5,432.2,131.8,318.4,40.41,175.8,31,77,9.97,60.4,7.6
-15.7,35.8,"CARBONATITE, CALCITE [21309]",8190.9,13503.2,1229.57,3400.1,302.7,68.5,135.6,11.46,38,5.1,9.7,1.04,5.8,0.89
-15.7,35.8,"CARBONATITE, CALCITE [21309]",10398.8,16028.3,1411.98,3840.1,340,74.2,145.2,13.1,46.5,7,15.1,1.9,11.4,1.6
-15.7,35.8,"CARBONATITE, CALCITE [21309]",11332.5,16333.1,1356.37,3559,300.8,72.8,150.3,16.61,74.3,13.6,34.9,5.01,30.7,3.97
-15.7,35.8,"CARBONATITE, CALCITE [21309]",15868.6,23444,1950.84,5222.8,399.7,88,161.3,13.55,46,6.1,12,1.6,10,1.52
-15.7,35.8,"CARBONATITE, CALCITE [21309]",9879.9,14835.7,1269.22,3355.6,295.4,67.2,136.2,13.55,47.5,6.9,14.3,1.65,9.8,1.32
-15.7,35.8,"CARBONATITE, CALCITE [21309]",7542.1,12551.6,1176.8,3606.9,456.4,128.4,288.9,34.44,134.1,21,44.4,4.93,29.4,3.66
-15.7,35.8,"CARBONATITE, CALCITE [21309]",7768.2,13292.4,1299.28,4114.4,503.3,131.8,284.6,31.36,119,18.3,37.6,4.39,26,3.59
-15.7,35.8,"CARBONATITE, CALCITE [21309]",8743.2,13419.7,1229.55,3297.3,304.9,67.3,131.8,12.17,40.3,5.9,12.3,1.41,7.9,1.08
-15.7,35.8,"CARBONATITE, CALCITE [21309]",2295.5,4930.7,536.43,1896.9,278.2,76.6,194,24.87,126.1,21.2,51.1,6.29,36.6,4.28
-15.7,35.8,"CARBONATITE, CALCITE [21309]",2504.2,5244.2,560.62,1964.3,287.1,79.5,192.8,23.66,108.6,16.4,37.2,4.3,24.7,3.09
-15.7,35.8,"CARBONATITE, CALCITE [21309]",2126.2,4422.1,479.28,1633.4,244.4,68.9,176.3,24.46,123.5,21.3,51.7,6.57,39.6,4.75
-15.7,35.8,"CARBONATITE, CALCITE [21309]",2436.9,5180.5,564.42,1935.7,275.8,76.2,188.8,23.39,115.1,18.9,44.9,5.2,28,3.19
-15.7,35.8,"CARBONATITE, CALCITE [21309]",2374.6,5306,596.9,2224.1,367.8,108.1,264.9,34.75,162.3,24.2,52.7,5.46,27.7,3.16
-15.7,35.8,"CARBONATITE, CALCITE [21309]",1252,2789.6,333.26,1291.7,220.5,60.9,149.8,21.17,116.1,20.5,48.5,5.53,28.7,3.18
-15.7,35.8,"CARBONATITE, CALCITE [21309]",1228.3,2724.2,320.1,1213.3,230.1,67.1,164.7,22.11,105.3,16.8,39.6,4.91,27.4,3.24
-15.7,35.8,"CARBONATITE, CALCITE [21309]",1299.4,2696.5,297.82,1090.4,166.5,48.7,121.4,16.29,82.1,13.6,32.5,3.92,23.8,2.9
-15.7,35.8,"CARBONATITE, CALCITE [21309]",2072.7,4434.8,477.5,1665.8,252.6,71.8,182.9,27.72,149.3,25.9,66.3,7.9,43.4,5.04
-15.7,35.8,"CARBONATITE, CALCITE [21309]",2182.1,4785.8,528.92,1841.7,266.6,73.6,184.1,23.89,115.4,18.2,42.1,4.95,28.5,3.32
-15.7,35.8,"CARBONATITE, CALCITE [21309]",2305.5,4872.9,530.2,1765.9,234.6,63.1,156.9,20.25,106.4,18.5,48.4,6.15,37,4.19
-15.7,35.8,"CARBONATITE, CALCITE [21309]",3076.3,6038.2,622.54,2044.8,261.8,69.7,159,19.21,91.6,15.9,40.6,4.99,27.2,3.24
-15.7,35.8,"CARBONATITE, CALCITE [21309]",2836.7,5699.7,595.52,2036.2,258.5,65.7,149.4,17.97,81.8,13.5,33.6,3.85,22,2.58
-15.7,35.8,"CARBONATITE, CALCITE [21309]",11646.8,16254.9,1590.08,4767.1,549.2,139.5,339.3,44.92,220.3,36.3,88.6,11.32,56.8,6.63
-15.7,35.8,"CARBONATITE, CALCITE [21309]",12706.3,17040.9,1599.91,4659.8,502.2,122.4,277.4,31.75,130.8,19.1,42,4.88,24.1,3.44
-15.7,35.8,"CARBONATITE, CALCITE [21309]",8654.5,12872,1340.45,4126.5,480.6,120.3,276.1,33.9,156.8,24.4,55.8,6.69,34.4,4.24
-15.7,35.8,"CARBONATITE, CALCITE [21309]",9696.5,14006.6,1383.66,4087,468.8,115.5,275.2,33.64,144.6,22.2,51.3,5.88,32.3,4.23
-15.7,35.8,"CARBONATITE, CALCITE [21309]",7047.7,10958.9,1176.73,3644.8,437.4,105.5,240,26.86,113.4,16.2,33.9,4.01,21.5,2.91
-15.7,35.8,"CARBONATITE, CALCITE [21309]",4897.5,8690.9,1024.54,3421.1,448.4,114.9,273.3,32.41,145.1,21.6,45.8,5.75,30.5,3.98
-15.7,35.8,"CARBONATITE, CALCITE [21309]",4161.4,7680.3,922.07,3076.5,401.8,101.5,238.8,29.8,134,21.5,49.7,6.02,32.3,3.89
-15.7,35.8,"CARBONATITE, CALCITE [21309]",6817.5,10651.7,1127.99,3521.8,433.7,111.1,252.9,29.53,125.2,17.4,36,4.05,20.9,2.77
-15.7,35.8,"CARBONATITE, CALCITE [21309]",11095.9,15912,1588.22,4762.2,548.5,138.5,330.9,41.18,190,31,69,7.94,38.4,4.68
-15.7,35.8,"CARBONATITE, CALCITE [21309]",13722,18509.6,1755.16,5111,575.2,144.2,342.8,42.91,185.8,28,61.4,6.73,32,4.08
-15.7,35.8,"CARBONATITE, CALCITE [21309]",5525.7,9582.4,1069.15,3482.4,415.3,99.8,222,26.07,115.8,18.6,42.8,5.48,29.7,3.79
-15.7,35.8,"CARBONATITE, CALCITE [21309]",8204.1,12155,1266.12,3876.2,474.8,116.7,267.9,30.9,129.4,18.8,41.3,4.71,24.7,3.1
-15.7,35.8,"CARBONATITE, CALCITE [21309]",5309.6,9100.4,1036.51,3455.9,458.7,115.1,272.6,33.38,147.7,22.4,51.3,6.39,34.3,4.21
-15.7,35.8,"CARBONATITE, CALCITE [21309]",9949.5,13600.1,1291.85,3730.6,387.1,91.8,203,23.31,94.4,14,30.2,3.95,21.5,2.77
-15.7,35.8,"CARBONATITE, CALCITE [21309]",4650.9,8017.8,914.55,2998.1,372.5,93.5,220.9,26.76,119.8,19.1,43.8,5.72,30.5,3.66
-15.7,35.8,"CARBONATITE, CALCITE [21309]",7982.5,11605,1172.12,3479.8,392.2,98,225.7,26.68,123.4,19.4,43.9,5.72,29.2,3.73
-15.7,35.8,"CARBONATITE, CALCITE [21309]",8766.3,13155.9,1371.4,4277.3,532.2,135.9,316.8,39.22,173.5,27,62.3,7.38,38.5,4.66
-15.7,35.8,"CARBONATITE, CALCITE [21309]",17879.1,22224.9,1944.05,5336.8,524.4,122.8,278.8,31.18,133.7,20.2,44.5,5.54,30,3.92
-15.7,35.8,"CARBONATITE, CALCITE [21309]",8078.4,13147.9,1404.18,4434.2,540,133.1,308.5,36.98,164.5,25.6,59.1,7.31,41.6,5.12
-15.7,35.8,"CARBONATITE, CALCITE [21309]",7504,11788.7,1231.42,3780,431.8,107.3,249.6,30.26,140.6,21.4,49.8,6.27,33.8,4.18
-15.7,35.8,"CARBONATITE, CALCITE [21309]",9950.4,14055.8,1398.41,4076.5,428.5,102,227.9,25.76,112.6,17.4,37.2,4.87,28.7,4.01
-15.7,35.8,"CARBONATITE, CALCITE [21309]",13074,16628.2,1548.78,4202.4,463,116.6,276.3,34.1,156.7,24.3,55.3,6.85,35.5,4.59
-15.7,35.8,"CARBONATITE, CALCITE [21309]",14777.9,20280.9,1908.02,5494.5,605.3,150.8,349.5,42.62,185.2,28.8,65.4,7.65,41.8,5.74
-15.7,35.8,"CARBONATITE, CALCITE [21309]",9349.4,13818.4,1415.64,4345.2,511.2,128.4,307.9,40.98,195.9,31.1,70.3,8.34,43.7,5.37
-15.7,35.8,"CARBONATITE, CALCITE [21309]",5980.8,9919.6,1112.1,3610.2,465.1,122.2,296.5,38.7,194.5,33.3,82.2,10.77,59,6.96
-15.7,35.8,"CARBONATITE, CALCITE [21309]",12758.5,17717.4,1695.6,4922.3,528.8,128.3,288.4,33.87,145.8,21.5,46.7,5.75,33.2,4.5
-15.7,35.8,"CARBONATITE, CALCITE [21309]",9942.9,15337,1571.44,4772.7,575.1,146.8,344.6,43.04,188.4,29.6,65.6,7.66,39.9,4.96
-15.7,35.8,"CARBONATITE, CALCITE [21309]",16588.2,21662.2,2032.85,5765.3,615.8,149.5,344.6,42.23,184.5,28.8,63.7,7.71,39.9,4.97
-15.7,35.8,"CARBONATITE, CALCITE [21309]",6616.5,11271,1277.86,4225.1,560.2,142.4,329.2,37.92,157.4,21.8,44.6,5.17,27.4,3.7
-15.7,35.8,"CARBONATITE, CALCITE [21309]",3352.1,5522.3,557.86,1805.3,239.7,67.6,181.5,28.76,182.5,34.8,90.9,12.43,71.2,10
-15.7,35.8,"CARBONATITE, CALCITE [21309]",16453.5,22651.5,2144.37,6126.9,686.6,169.7,417.8,55.03,272.6,43.9,103.3,12.62,66.7,8.09
-15.7,35.8,"CARBONATITE, CALCITE [21309]",11427.4,16073.9,1546.16,4501.5,482.8,117.3,274.9,34.07,162.7,26.4,62.9,7.76,42.1,5.46
-15.7,35.8,"CARBONATITE, CALCITE [21309]",14911.1,20478.2,1974.86,5685.1,633.2,159,363.6,45.93,216.7,35.9,84.3,10.61,55.7,6.85
-15.7,35.8,"CARBONATITE, CALCITE [21309]",10383.7,16508.1,1709.08,5200.1,577.5,135.7,299.4,34.75,154.9,23.5,53.5,7.25,41.6,5.49
-15.7,35.8,"CARBONATITE, CALCITE [21309]",8625.2,15453.8,1687.74,5302.2,602.8,146.9,331.6,37.78,158.2,22.6,50.9,6.2,37.2,5.32
-15.7,35.8,"CARBONATITE, CALCITE [21309]",10621.1,15894.2,1606.62,4709.1,560.6,141.4,320.5,36.99,146.9,20.4,42.4,5.01,28.1,3.92
-15.7,35.8,"CARBONATITE, CALCITE [21309]",11663.6,16555.1,1667.73,5016.3,616.4,154.6,364.3,43.21,186.3,26.8,59.5,6.97,36.9,4.59
-15.7,35.8,"CARBONATITE, CALCITE [21309]",12170.8,16698.3,1568.28,4549.6,504.3,127.5,310.6,40.76,188.7,29,67.4,8.11,44.2,5.64
-15.7,35.8,"CARBONATITE, CALCITE [21309]",2465.1,3939.3,430.99,1352.5,171.9,47.3,118.7,16.06,76.8,12.4,30.3,3.99,24,3.1
-15.7,35.8,"CARBONATITE, CALCITE [21309]",8561.6,12067.8,1207.79,3498.7,390.1,101.9,252,34.46,161,24.5,54.1,6.93,36.1,4.68
-15.7,35.8,"CARBONATITE, CALCITE [21309]",1954.6,3771.5,424.65,1527.4,267.9,85.2,258.9,45.56,281.1,51.2,122.5,15.96,83.5,10.93
-15.7,35.8,"CARBONATITE, CALCITE [21309]",1692.9,3232.7,366.35,1253.7,169.5,46.3,121.6,16.47,89.3,15.7,38.7,5.78,38.2,5.81
-15.7,35.8,"CARBONATITE, CALCITE [21309]",2458,4455.6,477.22,1649.9,259.7,78.9,240.7,43.41,280.6,53.6,130.4,16.94,88.5,11.5
72,113,"CARBONATITE [21526]",436,783,83,283,41.3,10.4,34.7,3.94,17,2.58,6.84,0.79,4.73,0.59
72,113,"CARBONATITE [21526]",286,489,51,171,24.3,5.51,19.4,2.17,9.44,1.46,3.52,0.43,2.38,0.34
19.09,-99.62,"CARBONATITE [21526]",732,1120,129,397,46.5,11,43.2,4.36,17.8,2.96,7.88,0.98,5.49,0.71
14.9,-24.3,"CARBONATITE [5653]",54.5,113.8,14.2,56.5,11.6,3.6,11.3,1.6,7.9,1.2,3.5,0.4,2.4,0.3
14.9,-24.3,"CARBONATITE [5653]",41.1,88.7,10.7,45.8,9.1,3,9.1,1.3,6.4,1,2.7,0.3,1.8,0.3
14.9,-24.3,"CARBONATITE [5653]",24.1,49,6.2,25.8,5.6,2,5.6,0.8,3.9,0.6,1.8,0.2,1.2,0.2
14.9,-24.3,"CARBONATITE [5653]",26.6,55.2,7,29.3,6.5,2.3,6.3,0.9,4.6,0.8,2,0.2,1.4,0.2
14.9,-24.3,"CARBONATITE [5653]",45.9,97.6,12,49.4,10,3.3,9.8,1.3,6.3,1,2.5,0.3,1.7,0.3
39.1326,100.9351,"CARBONATITE [21667]",1.448,2.598,0.273,1.076,0.193,0.046,0.189,0.028,0.157,0.034,0.096,0.012,0.07,0.011
39.1326,100.9351,"CARBONATITE [21667]",14.67,21.41,2.666,9.683,1.678,0.421,1.589,0.23,1.303,0.274,0.782,0.111,0.701,0.108
39.1326,100.9351,"CARBONATITE [21667]",6.971,8.474,1.483,6.003,1.141,0.25,1.068,0.158,0.876,0.178,0.473,0.064,0.386,0.055
39.1326,100.9351,"CARBONATITE [21667]",6.876,8.987,1.617,6.807,1.368,0.312,1.304,0.199,1.144,0.231,0.622,0.084,0.502,0.074
39.1326,100.9351,"CARBONATITE [21667]",9.292,14.67,1.911,7.346,1.421,0.278,1.3,0.185,1.036,0.211,0.587,0.084,0.531,0.083
39.1326,100.9351,"CARBONATITE [21667]",14.5,18.4,2.372,8.509,1.377,0.245,1.207,0.154,0.843,0.168,0.47,0.068,0.434,0.072
39.1326,100.9351,"CARBONATITE [21667]",4.365,4.711,0.814,3.389,0.71,0.143,0.724,0.117,0.69,0.144,0.396,0.055,0.336,0.051
39.1326,100.9351,"CARBONATITE [21667]",1.434,1.714,0.262,1.114,0.214,0.053,0.226,0.036,0.206,0.044,0.114,0.016,0.09,0.013
39.1326,100.9351,"CARBONATITE [21667]",5.644,6.803,1.107,4.438,0.881,0.176,0.821,0.122,0.669,0.135,0.369,0.05,0.296,0.046
39.1326,100.9351,"CARBONATITE [21667]",4.822,6.899,1.045,4.2,0.849,0.177,0.828,0.122,0.677,0.135,0.36,0.05,0.306,0.046
39.1326,100.9351,"CARBONATITE [21667]",4.571,5.531,0.942,3.847,0.769,0.158,0.743,0.115,0.639,0.136,0.366,0.051,0.316,0.048
39.1326,100.9351,"CARBONATITE [21667]",3.181,4.051,0.555,2.178,0.427,0.103,0.45,0.07,0.412,0.09,0.251,0.036,0.218,0.033
39.1326,100.9351,"CARBONATITE [21667]",4.489,6.501,0.847,3.327,0.611,0.125,0.602,0.089,0.531,0.114,0.326,0.047,0.285,0.044
39.1326,100.9351,"CARBONATITE [21667]",4.808,7.421,0.95,3.748,0.764,0.162,0.775,0.128,0.822,0.189,0.576,0.088,0.576,0.087
39.1326,100.9351,"CARBONATITE [21667]",2.586,3.369,0.437,1.764,0.333,0.078,0.347,0.052,0.292,0.062,0.166,0.024,0.139,0.021
39.1326,100.9351,"CARBONATITE [21667]",2.119,2.978,0.394,1.613,0.305,0.074,0.326,0.048,0.276,0.06,0.162,0.021,0.129,0.018
39.1326,100.9351,"CARBONATITE [21667]",5.322,6.327,1.037,4.002,0.715,0.149,0.662,0.096,0.54,0.113,0.299,0.042,0.258,0.039
39.1326,100.9351,"CARBONATITE [21667]",3.475,4.296,0.659,2.655,0.488,0.108,0.469,0.069,0.384,0.08,0.224,0.03,0.184,0.028
39.1326,100.9351,"CARBONATITE [21667]",3.558,4.511,0.708,2.843,0.532,0.125,0.541,0.079,0.459,0.099,0.27,0.037,0.22,0.033
39.1326,100.9351,"CARBONATITE [21667]",3.73,4.321,0.65,2.459,0.423,0.093,0.398,0.058,0.321,0.068,0.185,0.025,0.15,0.023
39.1326,100.9351,"CARBONATITE [21667]",2.456,2.614,0.461,1.861,0.361,0.081,0.365,0.056,0.305,0.064,0.169,0.022,0.13,0.018
39.1326,100.9351,"CARBONATITE [21667]",3.777,5.473,0.779,3.051,0.572,0.124,0.555,0.082,0.474,0.1,0.263,0.036,0.213,0.032
39.1326,100.9351,"CARBONATITE [21667]",4.07,5.865,0.819,3.196,0.586,0.13,0.573,0.084,0.486,0.103,0.275,0.038,0.224,0.033
39.1326,100.9351,"CARBONATITE [21667]",4.82,7.352,1.005,3.943,0.779,0.161,0.76,0.115,0.657,0.136,0.354,0.048,0.299,0.044
39.1326,100.9351,"CARBONATITE [21667]",2.102,2.367,0.384,1.548,0.295,0.065,0.301,0.044,0.237,0.047,0.119,0.016,0.094,0.013
39.1326,100.9351,"CARBONATITE [21667]",4.437,6.623,0.948,3.814,0.735,0.161,0.735,0.11,0.616,0.127,0.342,0.047,0.277,0.039
39.1326,100.9351,"CARBONATITE [21667]",4.74,7.38,1.053,4.179,0.842,0.179,0.807,0.129,0.748,0.158,0.447,0.064,0.395,0.06
39.1326,100.9351,"CARBONATITE [21667]",2.482,2.692,0.478,1.955,0.354,0.079,0.345,0.048,0.256,0.051,0.131,0.017,0.101,0.014
40.17,71.77,"CARBONATITE [21705]",14,49,0.9,3,3,0.6,0.5,0.7,0.5,0.1,0.3,0.1,0.4,0.1
40.17,71.77,"CARBONATITE [21705]",5,10,1,3.9,0.7,0.17,0.57,0.09,0.5,0.09,0.27,0.04,0.23,0.03
40.17,71.77,"CARBONATITE [21705]",11,21,2.5,9,1.8,0.39,1.7,0.3,1.9,0.42,1.2,0.2,1.3,0.18
40.17,71.77,"CARBONATITE [21705]",12,25,2.7,9.78,1.84,0.36,1.6,0.25,1.4,0.28,0.81,0.12,0.77,0.1
40.17,71.77,"CARBONATITE [21705]",7,11,1,4.5,0.9,0.25,0.8,0.1,0.7,0.14,0.43,0.06,0.4,0.06
40.17,71.77,"CARBONATITE [21705]",23,66,1,3.9,4,0.9,0.6,0.2,0.7,0.2,0.4,0.1,0.5,0.1
40.17,71.77,"CARBONATITE [21705]",22,52,3,10,2,1.2,1.7,0.3,1.7,0.4,1,0.2,1,0.2
40.17,71.77,"CARBONATITE [21705]",36,107,4.5,19.9,3.64,1.9,2.8,0.5,3.4,0.8,2,0.3,2.1,0.3
40.17,71.77,"CARBONATITE [21705]",21,35,3,11,2,0.44,1.3,0.19,1.2,0.2,0.6,0.09,0.6,0.09
40.17,71.77,"CARBONATITE [21705]",40,85,9,37,7.5,1.6,6.7,1.1,6.8,1.4,4.1,0.63,3.7,0.49
40.17,71.77,"CARBONATITE [21705]",130,294,28,106.6,23.17,9.7,23,4,29,6.5,19,3.4,22.6,3.6
40.17,71.77,"CARBONATITE [21705]",192,464,62,231,29,2.5,15,1.8,6.6,1.1,2.5,0.3,1.6,0.2
40.17,71.77,"CARBONATITE [21705]",61,121,11,39,8.2,2.3,7.5,1.2,7.2,1.5,4.4,0.69,4.2,0.58
40.17,71.77,"CARBONATITE [21705]",36,71,8,29,5.6,1.4,5,0.8,4.6,1,2.7,0.4,2.4,0.33
40.17,71.77,"CARBONATITE [21705]",11,25,3.1,12,2.5,0.57,2.3,0.36,2.1,0.41,1.1,0.15,1,0.15
40.17,71.77,"CARBONATITE [21705]",12,23,2.4,8,1.5,0.34,1.3,0.2,1.2,0.24,0.7,0.11,0.7,0.1
58.6,125.18,"CARBONATITE [21726]",213,462,55.9,196.8,24.7,6.3,16.3,1.6,6.3,1,2.8,0.4,1.9,0.3
58.6,125.18,"CARBONATITE [21726]",435,1036,131.3,513,65,13.3,40.4,3.8,14,2,5,0.6,3.4,0.5
58.6,125.18,"CARBONATITE [21726]",550,1349,172.4,480.3,74.2,17.3,57.1,5.3,21.4,3.4,8,1,5.2,0.6
58.6,125.18,"CARBONATITE [21726]",286,673,92.6,351,45,10.1,30.7,2.9,10.8,1.6,4,0.4,2.4,0.3
58.6,125.18,"CARBONATITE [21726]",151,389,52.9,205,28,5.4,17.7,1.6,6.3,1,2.4,0.3,1.6,0.2
58.6,125.18,"CARBONATITE [21726]",173,388,51.8,196,24,5.7,14.6,1.2,4.8,0.8,2.1,0.3,1.6,0.2
58.6,125.18,"CARBONATITE [21726]",750,1530,193,676,76,21,49.1,4.5,16.2,2.5,6.3,0.8,4.7,0.6
58.6,125.18,"CARBONATITE [21726]",380,712,73.7,263.5,28.2,6.3,15.3,1.3,4.9,0.8,2.1,0.3,1.8,0.3
58.6,125.18,"CARBONATITE [21726]",520,1112,132.3,333.2,44.1,13.1,36,3,11.9,1.8,4.9,0.6,3.2,0.4
58.6,125.18,"CARBONATITE [21726]",443,848,97.2,347,39,9.9,25.2,2.4,9.3,1.6,4.3,0.5,3,0.5
58.6,125.18,"CARBONATITE [21726]",427,941,130.3,458,58,15.3,44.5,3.8,14.7,2.3,5.6,0.7,3.7,0.5
58.6,125.18,"CARBONATITE [21726]",495,866,103.5,348,34,7.9,19.3,1.5,4.8,0.8,2.2,0.3,1.5,0.2
58.6,125.18,"CARBONATITE [21726]",571,1264,158.8,567,72,14.6,46.4,4.3,17.3,2.6,6.7,0.9,4.6,0.6
58.6,125.18,"CARBONATITE [21726]",314,645.5,78.2,275.2,33.8,7.5,21.6,2.1,8.3,1.3,3.3,0.4,2.4,0.3
58.6,125.18,"CARBONATITE [21726]",483,1177,159.6,635,87,15.9,56.4,5.3,21.3,3.4,8.2,1,5.5,0.7
58.6,125.18,"CARBONATITE [21726]",822,1971,257.7,956,117,21.6,74.5,6.7,25.7,4.1,10,1.2,6.4,0.8
58.6,125.18,"CARBONATITE [21726]",576,1367,187.6,650.4,71.6,16.5,57,5.4,20.3,3,7.5,0.8,4.8,0.6
58.6,125.18,"CARBONATITE [21726]",339,652,78.1,198.6,23.6,6.5,19.7,1.7,6.6,1.2,3.2,0.4,2.6,0.4
27.21,101.96,"CARBONATITE [21749]",7361,9517,761,2108,163,39.2,49.8,13.6,25.8,3.68,14.7,0.74,4.22,0.44
27.21,101.96,"CARBONATITE [21749]",865,1351,125,385,45.3,12.6,27.5,4.54,16.1,2.73,9,0.95,5.63,0.67
27.21,101.96,"CARBONATITE [21749]",2094,3607,352,1081,116,28.5,65.6,10.3,28.6,4.41,14.7,1.24,7.59,0.99
27.21,101.96,"CARBONATITE [21749]",848,1309,120,372,45.2,11.6,28.2,4.44,15.3,2.6,8.07,0.81,4.68,0.55
27.21,101.96,"CARBONATITE [21749]",5269,7604,739,1829,159,42.7,81,10.1,39.2,5.96,17.9,1.7,8.87,1.04
28.45,101.98,"CARBONATITE [21749]",655,1247,134,478,66.3,17.7,47.2,6.93,27.5,4.82,15.5,1.7,10.9,1.46
40,22,"CARBONATITE [21811]",0,0.075231,0,0.064115,0,0.024915,0,0,0.239231,0.115963,0.751337,0.219908,2.679611,0.61589
40,22,"CARBONATITE [21811]",0,0,0,0,0,0,0,0,0.396769,0.106462,0.740488,0.217548,3.145298,0.736472
40,71,"CARBONATITE [21814]",54.4,122,13.8,49.9,11,1.57,8.63,1.82,11.1,1.96,7.59,1.42,8.23,1.03
70,19,"CARBONATITE [22021]",223,446,56,229,38.4,8.58,23.1,2.83,11.7,1.83,3.55,0.45,2.47,0.33
70,19,"CARBONATITE [22021]",170,364,45.8,165.712,29.55,8.1,22.9,3.3,15.9,2.62,5.4,0.6,2.9,0.36
70,19,"CARBONATITE [22021]",230,487,62,258,46.7,9.9,27.1,3.5,15.5,2.51,5.4,0.7,3.4,0.45
70,19,"CARBONATITE [22021]",89.1,198,23.8,81.704,15.688,4.67,11.9,1.47,6.21,0.9,1.52,0.17,0.78,0.09
70,19,"CARBONATITE [22021]",46.1,113,13.6,69.3,14.8,4.04,11,1.58,6.89,1.08,1.94,0.22,1.01,0.13
34.3952,110.0261,"CARBONATITE [22137]",168,414,53.1,240,63,20,88.3,11.4,75.8,16.9,56.4,9.35,66.4,9.66
34.3952,110.0261,"CARBONATITE [22137]",226,612,81.6,373,90.5,27.9,112,14.2,88.2,18.8,60,9.74,69.9,10.5
34.3952,110.0261,"CARBONATITE [22137]",129,312,40,179,50.3,16.1,73.1,10.2,70.7,17.2,60.1,10.8,82.2,13.5
34.3952,110.0261,"CARBONATITE [22137]",128,313,41.9,201,59,19.7,86.3,12.6,90,22.4,76.4,13.8,107,17.2
34.3952,110.0261,"CARBONATITE [22137]",105,268,35.6,170,49.5,16.8,77.7,11.2,80.9,20.7,73.2,13.4,103,16.8
34.3952,110.0261,"CARBONATITE [22137]",181,402,49.3,218,54.8,17.7,77,10.7,76.3,18.8,64.6,11.6,89,14.8
34,110,"CARBONATITE [22137]",452,1106,129,539,95.8,27.4,103,12.8,80.1,19,65,11,80.1,12
34,110,"CARBONATITE [22137]",306,763,97.1,425,85.1,23.9,79.4,9.8,54.7,11.3,33.4,5.06,35.8,5.05
34,110,"CARBONATITE [22137]",282,659,84.8,374,78.2,21.9,72.3,8.9,49.6,10.1,30.8,4.84,33.1,4.87
34,110,"CARBONATITE [22137]",509,1260,149,612,109,31.1,109,14.6,90.1,21.7,73.6,12.4,90.5,13.1
34,110,"CARBONATITE [22137]",95,185,24.1,112,33.7,11.8,50.4,6.7,44.4,9.8,31.8,5.41,38.8,5.6
34,110,"CARBONATITE [22137]",127,202,24.1,107,29.3,10.9,38.6,5,31.6,6.9,21.6,3.64,26.2,3.73
34,110,"CARBONATITE [22137]",87,149,18.6,86,24.8,9.4,34.4,4.4,28.3,6,19.6,3.24,22.9,3.3
34,110,"CARBONATITE [22137]",112,218,27.1,122,36.2,12.2,51,7.2,46.4,10.2,32.7,5.6,40.4,5.82
34,110,"CARBONATITE [22140]",373,923,116,497,94.2,23.9,100,14,81.3,21,70.3,11.6,86.5,12.6
34,110,"CARBONATITE [22140]",147,348,47.5,202,44.3,12.5,47.8,7.23,43.5,11.4,39.3,6.76,54,8.9
34,110,"CARBONATITE [22140]",181,427,57.3,265,70.2,21,80.3,13.3,86.1,19.9,62.4,10.4,76,11.8
34,110,"CARBONATITE [22140]",106,248,35.6,170,52.6,16.6,69.6,11.6,78.6,19,60.3,10.4,78,11.7
34,110,"CARBONATITE [22140]",377,873,108,456,84.2,21.6,83.6,11.3,60.6,15,48.6,7.83,59.1,9.32
34,110,"CARBONATITE [22140]",457,1000,118,471,82.9,21.3,85.2,11.1,60.6,14.9,49.1,8.01,60.7,9.33
40,79,"CARBONATITE [22235]",1869,3690,469,2115,300,100,340,57.6,394,68,137,13.7,49.8,5.8
40,79,"CARBONATITE [22235]",2686,5441,708,3123,436,114,371,40.9,221,35.5,80,6.8,28.6,3.5
40,79,"CARBONATITE [22235]",1943,4180,570,2709,449,129,410,55.3,332,50.4,98.2,8.6,34.2,4.2
40,79,"CARBONATITE [22235]",2336,4858,625,2747,355,91.2,284,26.9,144,21,50.6,4.3,20.8,2.7
40,79,"CARBONATITE [22235]",2761,5673,733,3295,461,113,344,25.1,115,14.5,43.9,3.3,18.7,2.5
32.2,110.2,"CARBONATITE [22295]",404.719856204454,764.318086275937,79.4860368735907,263.362845198256,40.412086976469,12.0420958832398,30.9482169539881,4.25298062868857,22.158724495224,3.72816448023178,9.32485420786354,1.25035566078622,7.27673689499005,0.967813399946071
32.2,110.2,"CARBONATITE [22295]",864.426775711826,1467.63442109057,147.554728563457,490.6279938698,68.1647022822806,20.4159608553385,51.3964913778634,7.48648648612841,38.444984234226,6.57089552689219,16.5633533683099,2.19102343593,12.9082592925371,1.69670995748603
32.2,110.2,"CARBONATITE [22295]",516.338321255792,997.658489259916,108.480989991225,393.693849205878,61.91844950698,18.4945127600603,47.1962829908426,6.37262755668671,32.5197956320293,5.21334098699724,12.8458330269762,1.68734308769397,9.36876975651665,1.24960566094529
32.2,110.2,"CARBONATITE [22295]",729.684719970483,1204.92482330355,119.665393348994,399.710835455289,56.1216801687829,16.4309453351445,43.4862934246303,5.95724167020076,30.868806199857,5.12833822582491,12.5038256172918,1.68043911714943,9.40267461343987,1.24363054828847
32.2,110.2,"CARBONATITE [22295]",736.190244272831,1268.45381703183,124.433044028708,418.998284701245,59.0339898428788,16.9425946805883,44.7646314997637,6.25288193012283,33.0488137117936,5.83223768358621,15.0984256737095,2.05394285596715,11.6350142366494,1.6264739199508
32.2,110.2,"CARBONATITE [22295]",821.211467747235,1203.07778717223,110.974974456604,347.621173708442,43.4972947288108,12.6915808802788,33.2500434487967,4.96296256794502,26.8061438905303,4.6830866111951,12.2150901701166,1.65456164885059,9.56435504571931,1.34494669051916
48.1,7.65,"CARBONATITE [22418]",316.266434262948,369.994521912351,17.0642430278884,63.6060756972112,5.41235059760956,1.27828307769481,4.17918637339714,0.29628557041111,1.32669322709163,0.228585657370518,0.566224579979075,0.0821713147410359,0.542330677290837,0.0861553784860558
48.1,7.65,"CARBONATITE [22418]",410.658475426279,473.126880641926,37.0917753259779,79.6053159478435,7.12236710130391,1.80121245208537,5.21358882407056,0.517763495774861,2.56369107321966,0.452858575727182,1.15516760716169,0.167001003009027,1.13691073219659,0.176028084252758
48.1,7.65,"CARBONATITE [22418]",795.9765,1143.6295,102.5435,303.7485,34.478,9.79794196122237,24.076612459001,2.76179145302404,14.824,2.6955,6.94048202542744,0.9675,6.2125,0.9325
48.1,7.65,"CARBONATITE [22418]",517.473080757727,863.155533399801,87.4900299102692,247.390329012961,33.5877367896311,9.87058156695636,25.4304794777323,3.08948511384057,16.7512462612164,3.12562313060818,8.20218629512602,1.07926221335992,6.46211365902293,0.884346959122632
48.1,7.65,"CARBONATITE [22418]",526.879258517034,591.973947895792,45.0300601202405,114.867234468938,9.86072144288577,2.45860168633765,7.08822428841031,0.551768071147919,2.65931863727455,0.508517034068136,1.42078303911637,0.222945891783567,1.58967935871744,0.25501002004008
48.1,7.65,"CARBONATITE [22418]",707.16016016016,997.53003003003,98.2057057057057,277.515015015015,34.6006006006006,9.86527900676548,25.0622536315742,2.90924038805403,15.4344344344344,2.88788788788789,7.70543976681636,1.08858858858859,7.12362362362362,1.06556556556557
48.1,7.65,"CARBONATITE [22418]",339.83033033033,554.862362362362,43.6386386386386,124.824824824825,14.5880880880881,4.30758591276646,10.5345015171957,1.19531916396653,6.34534534534534,1.18618618618619,3.16394793556254,0.437937937937938,2.72672672672673,0.374874874874875
48.1,7.65,"CARBONATITE [22418]",884.645854145854,1348.28171828172,114.173326673327,288.996003996004,24.2492507492508,5.5546299397961,14.6020025310264,0.892704278357024,3.06843156843157,0.40959040959041,0.747796482342734,0.0899100899100899,0.545954045954046,0.0769230769230769
48.1,7.65,"CARBONATITE [22418]",740.605054509415,1139.06342913776,97.2497522299306,267.165510406343,23.5961347869177,5.55446611734582,14.2318456565248,0.936049774893143,3.2794846382557,0.453419226957384,0.88634124771958,0.0991080277502478,0.611000991080277,0.0862239841427156
48.1,7.65,"CARBONATITE [22418]",374.906156901688,642.490069513406,44.2676266137041,121.211519364449,13.6827209533267,3.98014366170766,10.1443869208497,1.17603329052851,6.60029791459781,1.3356504468719,3.83832171591042,0.54617676266137,3.53426017874876,0.513406156901688
48.1,7.68,"CARBONATITE [22418]",684.890609390609,1310.31918081918,121.072427572428,386.155344655345,47.7782217782218,13.3598819097602,32.9950217810562,3.74681059176799,19.5574425574426,3.42207792207792,8.39330791961217,1.10939060939061,6.86163836163836,0.997502497502498
48.1,7.68,"CARBONATITE [22418]",631.152347652348,1061.92757242757,93.445054945055,282.747752247752,33.8781218781219,9.75101829073344,24.0548243768576,2.79609114366944,15.0539460539461,2.77872127872128,7.27470447132876,1.01648351648352,6.53196803196803,0.980519480519481
48.1,7.68,"CARBONATITE [22418]",740.605054509415,1139.06342913776,97.2497522299306,267.165510406343,23.5961347869177,5.55446611734582,14.2318456565248,0.936049774893143,3.2794846382557,0.453419226957384,0.88634124771958,0.0991080277502478,0.611000991080277,0.0862239841427156
48.1,7.68,"CARBONATITE [22418]",633.207746478873,1128.99346076459,104.755030181087,331.722837022133,41.0261569416499,11.6068958472771,28.9636466431209,3.37299647531607,17.9215291750503,3.24698189134809,8.35124049866935,1.15040241448692,7.28822937625755,1.09004024144869
48.1,7.67,"CARBONATITE [22418]",521.014955134596,830.5259222333,80.2243270189432,217.761714855434,28.3310069790628,8.32365522766656,21.5947627346845,2.63692104214585,14.3858424725823,2.74426719840479,7.43266452287154,1.05932203389831,6.97308075772682,1.05882352941176
48.1,7.67,"CARBONATITE [22418]",516.978521478522,800.729270729271,77.8146853146853,212.447552447552,27.7382617382617,8.2273595315759,21.6858894037335,2.6705212234347,14.6968031968032,2.8021978021978,7.5600405731927,1.06643356643357,6.94455544455545,1.03096903096903
48.1,7.67,"CARBONATITE [22418]",284.590367428004,428.843098311817,37.740317775571,112.357000993049,14.5248262164846,3.88788189639552,10.7012551085634,1.29803246214102,7.06454816285998,1.32571996027805,3.53624394381012,0.499006951340616,3.2909632571996,0.483614697120159
47.92,7.75,"CARBONATITE [22418]",168.611055276382,246,23.1658291457286,72.1959798994975,9.98341708542713,2.75516699501385,7.41751967732558,0.904104537044038,4.78291457286432,0.879396984924623,2.27042575590854,0.306532663316583,1.94371859296482,0.283417085427136
47.92,7.75,"CARBONATITE [22418]",371.602691924227,528.169242273181,45.1029411764706,133.828265204387,17.1488035892323,5.21789388049809,12.9907703706873,1.60000098802348,8.92098703888335,1.74227318045862,4.75906091299918,0.674227318045862,4.22382851445663,0.580259222333001
48.08,7.62,"CARBONATITE [22418]",32.5856713426854,58.1958917835671,6.56362725450902,22.8832665330661,3.56412825651303,1.00327399992677,2.67014851327543,0.326535999013256,1.72745490981964,0.309118236472946,0.776951316047263,0.101703406813627,0.620741482965932,0.092685370741483
48.08,7.62,"CARBONATITE [22418]",57.518018018018,77.3678678678679,9.18868868868869,30.9904904904905,4.78778778778779,1.4222356815844,3.6751033154843,0.465021375377245,2.58258258258258,0.485985985985986,1.26029339291067,0.172672672672673,1.0965965965966,0.164664664664665
48.08,7.62,"CARBONATITE [22418]",242.36013986014,371.406093906094,36.478021978022,109.008491508492,14.7312687312687,4.20213601925084,10.9335817748773,1.30376498822832,6.96703296703297,1.27322677322677,3.30314118148401,0.448051948051948,2.81668331668332,0.412087912087912
37.67,95.3,"CARBONATITE [22523]",7.47,15.5,1.86,6.87,1.48,0.21,1.25,0.22,1.26,0.28,0.85,0.12,0.75,0.1
37.67,95.3,"CARBONATITE [22523]",7.97,16.6,2.23,8.17,1.67,0.25,1.52,0.25,1.53,0.28,0.86,0.13,0.81,0.13
37.67,95.3,"CARBONATITE [22523]",9.11,17.7,2.19,8.45,1.54,0.26,1.57,0.24,1.45,0.29,0.8,0.13,0.83,0.13
37.67,95.3,"CARBONATITE [22523]",8.22,16,2.01,7.71,1.42,0.25,1.5,0.23,1.37,0.28,0.78,0.13,0.82,0.12
37.67,95.3,"CARBONATITE [22523]",8.3,16.5,2.06,7.81,1.46,0.25,1.51,0.23,1.4,0.28,0.8,0.13,0.83,0.12
37.67,95.3,"CARBONATITE [22523]",9.79,13.9,2.29,8.6,1.69,0.27,1.44,0.25,1.42,0.3,0.7,0.13,0.85,0.14
37.67,95.3,"CARBONATITE [22523]",9.79,14,2.32,8.71,1.58,0.26,1.41,0.25,1.4,0.28,0.82,0.13,0.82,0.13
42.3,118.4,"CARBONATITE [22545]",4.76,9.49,1.08,3.8,0.7,0.18,0.62,0.1,0.51,0.1,0.31,0.05,0.29,0.05
42.3,118.4,"CARBONATITE [22545]",4.68,9.46,1.11,3.76,0.7,0.16,0.62,0.1,0.49,0.1,0.29,0.05,0.3,0.05
42.3,118.4,"CARBONATITE [22545]",2.23,4.23,0.51,1.83,0.34,0.08,0.31,0.05,0.28,0.06,0.16,0.03,0.18,0.03
42.3,118.4,"CARBONATITE [22545]",5.81,11,1.28,4.36,0.8,0.18,0.74,0.12,0.59,0.12,0.38,0.05,0.39,0.06
42.3,118.4,"CARBONATITE [22545]",4.51,9.09,1.04,3.74,0.7,0.15,0.59,0.1,0.48,0.1,0.29,0.05,0.31,0.05
42.3,118.4,"CARBONATITE [22545]",0.5,0.98,0.11,0.416,0.08,0.02,0.09,0.01,0.08,0.02,0.05,0.01,0.06,0.01
42.3,118.4,"CARBONATITE [22545]",0.54,1.05,0.12,0.415,0.08,0.02,0.08,0.01,0.08,0.02,0.06,0.01,0.07,0.01
42.3,118.4,"CARBONATITE [22545]",6.2,10.4,1.14,3.71,0.55,0.27,0.48,0.07,0.36,0.07,0.19,0.03,0.23,0.03
42.3,118.4,"CARBONATITE [22545]",6.59,11.1,1.2,3.7,0.55,0.25,0.52,0.08,0.38,0.08,0.21,0.04,0.22,0.04
28.3894,-14.1608,"CARBONATITE [4819]",444,788,104,367,56.1,15.4,40.9,5.03,23.7,4.04,9.62,1.15,6.73,0.86
28.3894,-14.1608,"CARBONATITE [4819]",1270,1960,222,726,102,26.4,74.6,8.72,41.1,7.07,17.2,2.1,12.4,1.55
28.3894,-14.1608,"CARBONATITE [4819]",740,1380,146,505,72.8,20.5,53.2,6.9,34.2,6.02,14.8,1.81,10.8,1.39
28.38,-14.47,"CARBONATITE, CALCITE [4819]",284,434,47,152,22.1,5.93,17.8,2.35,12.5,2.41,6.4,0.84,5.09,0.69
40,115,"CARBONATITE [22682]",202,524,69.3,271,34.9,7.07,19.8,1.92,4.41,0.6,2.08,0.13,0.8,0.11
40,115,"CARBONATITE [22682]",188,472,66.9,261,33.8,7.05,19.2,1.88,4.35,0.6,2.05,0.13,0.78,0.11
40,115,"CARBONATITE [22682]",231,397,42,139,14.3,5.63,9.57,0.77,1.47,0.2,0.87,0.05,0.27,0.04
40,113,"CARBONATITE [22682]",2255,3751,392,1274,129,25.2,85,7.6,14,1.91,8.6,0.49,3,0.42
40,113,"CARBONATITE [22682]",516,874,82,252,28,5.9,19.1,1.8,4.5,0.73,2.6,0.22,1.4,0.21
40,113,"CARBONATITE [22682]",259,485,56,215,32,7,19.1,1.96,5.43,0.81,2.6,0.24,1.58,0.22
40,113,"CARBONATITE [22682]",2337,3975,410,1335,130,24,84,8,14,1.98,8.83,0.49,3.16,0.44
40,113,"CARBONATITE [22682]",861,1518,163,535,60.2,11.8,36.6,3.53,7.58,1.16,4.49,0.32,2.08,0.29
40,113,"CARBONATITE [22682]",2055,3325,330,1039,101,18.8,64.3,6.18,11.4,1.76,7.44,0.47,3,0.43
22,74.08,"CARBONATITE [22803]",1444,2404,224.8,625.1,73.42,17.32,70.41,7.124,29.39,4.834,10.77,1.362,7.935,0.98
22,74.08,"CARBONATITE [22803]",620,1106,112.5,340.6,43.81,10.85,38.84,4.212,18.49,3.451,8.261,1.1,6.884,0.925
22,74.08,"CARBONATITE [22803]",595.6,1083,110.2,335,43.61,10.69,37.94,3.897,15.77,2.764,6.662,0.965,6.744,0.962
22,74.08,"CARBONATITE [22803]",447.8,779.4,76.49,162.5,21.95,5.712,25.61,2.202,9.216,1.686,4.091,0.548,3.435,0.473
22,74.08,"CARBONATITE [22803]",2630,4741,493.6,1484,170.5,39.61,138.5,11.97,33.84,4.684,9.053,0.974,6.094,0.808
22,74.08,"CARBONATITE [22803]",4153,4800,370.6,915.8,97.48,24.99,111.6,9.945,34.13,5.58,12.36,1.408,7.77,0.901
22,74.08,"CARBONATITE [22803]",985.1,1371,114.8,296.5,30.89,7.678,30.23,2.443,7.239,1.277,3.22,0.444,2.666,0.3
22,74.08,"CARBONATITE [22803]",1419,2020,181.6,511.8,67.47,16.82,65.09,6.752,28.78,5.153,12.39,1.61,9.719,1.25
35,117,"CARBONATITE [22843]",38081.91,58356.16,5230,15671.94,1310.51,226.21,1176.15,56.3,91.49,11.85,59.61,2.88,18.66,2.11
35,117,"CARBONATITE [22843]",12354.42,22294.07,2231.41,7189.21,578.54,98.43,406.3,22.92,32.79,4.33,24.41,0.93,5.6,0.58
35,117,"CARBONATITE [22843]",9898.71,13236.36,1095.18,3077.13,225.95,49.36,216.83,15.12,39.88,6.04,20.48,1.64,9.5,1.15
35,117,"CARBONATITE [22843]",40192.45,62643.55,5621.75,16883.22,1447.85,251.35,1324.12,65.1,109.06,14.44,67.62,3.69,23.52,2.68
35,117,"CARBONATITE [22843]",12212.93,19254.62,1987.48,6410.54,709.77,156.04,539.03,44.46,140.73,23.01,69.87,6.98,42.13,5.04
35,117,"CARBONATITE [22843]",17016.66,20620.19,1563.53,4168.08,267.56,56.62,293.99,18.12,39.12,5.92,22.77,1.56,8.87,1.02
35,117,"CARBONATITE [22843]",53632.5,75929.38,6942.03,21596.98,1908.73,322.25,1600.78,77.29,116.28,14.12,73.64,3.1,20.77,2.28
35,117,"CARBONATITE [22843]",17306.12,27366.42,2576.95,8366.62,899.84,188.93,730.47,47.99,135.53,20.85,69.74,6.86,42.8,5.38
25.52,92.08,"CARBONATITE [22901]",21.5,47.1,5.64,19.5,3.07,0.86,2.08,0.24,1.08,0.17,0.39,0.04,0.26,0.04
25.52,92.08,"CARBONATITE [22901]",124,325,35.9,134,23.6,6.84,18.1,2.18,9.71,1.57,3.41,0.37,1.96,0.25
25.52,92.08,"CARBONATITE [22901]",146,384,39.8,142,23.4,6.76,18.9,2.43,11.2,1.88,4.36,0.53,3.04,0.42
25.52,92.08,"CARBONATITE [22901]",172,436,53,203,35.8,10.3,26.5,3.06,14,2.25,4.66,0.51,2.67,0.32
25.52,92.08,"CARBONATITE [22901]",119,330,37,143,25.1,7.16,18.2,2.17,9.6,1.56,3.31,0.37,1.92,0.24
42.4,12.85,"CARBONATITE [8176]",98,218,21.5,81,15,2.9,12.2,1.2,5.6,0.7,1.7,0.2,0.9,0.1
-24.7,-48.04,"CARBONATITE, APATITE-CALCITE [23020]",16.18,32.82,3.54,13.72,2.55,0.81,2.23,0.29,1.47,0.26,0.6,0.08,0.46,0.06
-30.7,-53.4,"CARBONATITE [23169]",273,559,62.3,234,37,10.4,26.1,3.1,14.3,2.2,5.4,0.63,3.5,0.51
-30.7,-53.4,"CARBONATITE [23169]",314,658,72.7,274,43.8,12.4,30.2,3.5,16.4,2.6,5.8,0.65,3.7,0.52
-30.7,-53.4,"CARBONATITE [23169]",275,605,70.7,263,43.2,12.2,30,3.5,17.2,2.6,6.3,0.72,4.1,0.59
-2.75,35.93,"CARBONATITE [12387]",9,296,20.2,51,4.6,0.8,1.8,0.2,0.9,0.1,0.3,0.03,0.1,0.02
-2.75,35.93,"CARBONATITE [12435]",294,280,19.5,51.3,4.2,1,1.5,0.1,0.9,0.1,0.3,0.03,0,0.01
-2.75,35.93,"CARBONATITE [12435]",295,284,20.8,52.4,4.2,1.1,1.8,0.1,0.9,0.2,0.3,0.03,0,0.01
-2.75,35.93,"CARBONATITE [12435]",430,512,40,104,9.4,2.3,4.6,0.5,2.2,0.4,1.1,0.1,0.1,0.05
-2.75,35.93,"CARBONATITE [12387]",451,560,44.4,114,10.5,2.3,4.7,0.6,2.8,0.4,0.9,0.15,0.2,0.07
-2.75,35.93,"CARBONATITE [12435]",273,253,17.7,43.7,3.9,0.8,1.7,0.2,0.6,0.1,0.2,0.04,0,0.02
-2.75,35.93,"CARBONATITE [12435]",282,262,17.9,44.9,3.5,0.8,1.9,0.1,0.7,0.1,0.3,0.03,0,0.02
-2.75,35.93,"CARBONATITE [12435]",490,559,41.2,108,9.2,2.1,4.2,0.4,1.9,0.3,0.8,0.1,0.5,0.07
-2.75,35.93,"CARBONATITE [12435]",258,270,19.8,51.8,4.3,1.1,2.5,0.2,0.9,0.12,0.3,0.04,0.07,0.02
-2.75,35.93,"CARBONATITE [12435]",254,229,15.7,40.3,3.2,0.9,1.2,0.12,0.6,0.09,0.2,0.02,0,0
59,100,"CARBONATITE [23481]",556.6,955.4,103.3,374.5,56.1,14.6,44.2,5.5,24.9,4.1,9.6,1.2,5.5,0.6
59,100,"CARBONATITE [23481]",670.4,1181,134.4,456,61.4,13,37.6,4.1,18.6,3.1,7.9,1,6.2,0.8
59,100,"CARBONATITE [23481]",817,1465.3,166.2,530.7,64.6,15.8,43.7,4.5,20.5,3.3,9,1.2,6.8,0.9
59,100,"CARBONATITE [23481]",825.6,1499,171,570.8,67.7,17.2,45.9,5.5,22.5,4.5,11,1.6,7,1
59,100,"CARBONATITE [23481]",921,1790,208.8,799.7,125.7,34.6,91.7,10,37.7,5.2,11,1.1,4.7,0.6
59,100,"CARBONATITE [23481]",695.4,1384,163.4,596.5,87,24.7,72.9,9,40.8,6.5,15.1,1.8,9.1,1.2
59,100,"CARBONATITE [23481]",740,1234,130,439.4,58.4,15.4,44.9,4.9,20.2,3.3,7.3,0.8,4.5,0.5
59,100,"CARBONATITE [23481]",673.6,1279,151,566.1,90.3,25.6,73.5,10,49.9,8.6,22,2.8,14.2,1.4
59,100,"CARBONATITE [23481]",1394,2589,230,574,43,10.3,36.1,3.5,15.9,2.6,6.7,0.8,4.5,0.6
50,97,"CARBONATITE [23548]",212,362,38,140,25,8.2,24,3.6,19,4.1,11,1.6,9.4,1.2
50,97,"CARBONATITE [23548]",122,211,19,64,12,3.3,11,1.6,7.1,1.7,4.5,0.5,3.2,0.48
50,97,"CARBONATITE [23548]",135,292,31,110,21,5.6,20,3,16,3.5,9.8,1.3,8.3,1.2
50,97,"CARBONATITE [23548]",93,188,21,84,17,4.8,15,2.6,14,3.2,8.8,1.2,7.7,0.96
50,97,"CARBONATITE [23548]",101,224,25,103,23,6.5,23,4,20,4.9,13,1.7,11,1.3
50,97,"CARBONATITE [23548]",50,107,12,53,11,4,12,2.1,13,2.8,8.1,1.2,7.2,0.92
70.8882,101.296033333333,"CARBONATITE [23674]",42.6,94.3,11.3,44.3,7.93,2.41,6.37,0.87,4.45,0.79,2.04,0.26,1.57,0.246
70.8882027777778,101.296316666667,"CARBONATITE [23674]",189,483,58.3,187,36.3,9.48,23.4,2.33,9.56,1.38,3.18,0.365,1.67,0.194
70.8862333333333,101.275616666667,"CARBONATITE [23674]",34.2,82.3,10.4,40.1,8.64,2.68,7.04,0.93,5.01,0.98,2.83,0.362,1.83,0.18
70.8850666666667,101.2626,"CARBONATITE [23674]",110,255,29.9,111,17,4.68,11.4,1.42,6.65,1.1,2.72,0.338,1.91,0.286
70.8815666666667,101.282416666667,"CARBONATITE [23674]",84.3,177,22.4,87.1,13.7,3.5,7.93,0.91,3.49,0.48,1.06,0.135,0.78,0.122
70.8815666666667,101.282416666667,"CARBONATITE [23674]",62.2,133,15,55.9,9.22,2.68,7.11,0.9,4.39,0.77,1.95,0.243,1.39,0.213
70.8822,101.31115,"CARBONATITE [23674]",43.3,109,14.8,60.7,8.08,1.82,3.47,0.33,1.4,0.23,0.61,0.085,0.51,0.072
70.8822333333333,101.30795,"CARBONATITE [23674]",55.3,127,14.9,56.3,9.5,2.63,6.76,0.89,4.09,0.67,1.67,0.199,1.07,0.165
70.8843833333333,101.299466666667,"CARBONATITE [23674]",18.5,49,6.53,27,4.64,1.25,3.09,0.33,1.46,0.22,0.51,0.055,0.24,0.028
70.88005,101.305866666667,"CARBONATITE [23674]",73.1,158,16.6,58.5,6.6,1.44,3.06,0.27,1.22,0.22,0.59,0.077,0.41,0.054
70.9219444444444,101.283055555556,"CARBONATITE [23674]",90.5,97.1,7.66,22.4,3.5,1.24,3.5,0.5,2.64,0.5,1.39,0.212,1.37,0.214
70.9299666666667,101.2921,"CARBONATITE [23674]",86.8,109,9,30.9,6.3,2.1,5.61,0.79,4.04,0.67,1.6,0.199,1.11,0.165
70.9259666666667,101.29265,"CARBONATITE [23674]",49.1,45.6,3.09,7.76,1.3,0.463,0.96,0.16,0.91,0.17,0.47,0.064,0.37,0.047
70.95,101.433,"CARBONATITE [23674]",10.1,21,2.23,7.61,1.11,0.324,0.8,0.11,0.55,0.1,0.23,0.029,0.16,0.021
-0.283,-66.683,"CARBONATITE, SIDERITE [23789]",783.4,4604.8,884.59,4662.4,913.55,225.44,524.8,79.99,362.69,56.9,117.23,14.26,73.58,8.99
-0.283,-66.683,"CARBONATITE, SIDERITE [23789]",183.5,2986.5,134.12,709.8,139.51,34.18,79.45,10.32,46.01,7.21,17.8,2.2,12.44,1.58
-0.283,-66.683,"CARBONATITE, SIDERITE [23789]",483.8,2875.2,627.73,3093.5,467.91,110.68,277,41.21,186.36,29.04,59.77,7.07,35.98,4.54
-0.283,-66.683,"CARBONATITE, SIDERITE [23789]",930.9,1968.7,281.9,1578.1,536.7,117.65,225.38,17.72,63.14,6.48,14.53,1.97,12.78,1.44
-0.283,-66.683,"CARBONATITE, SIDERITE [23789]",265.7,848.5,155.58,1270.4,705.8,172.56,298.46,20.2,71.73,7.34,17.05,2.52,16.12,1.94
-0.283,-66.683,"CARBONATITE, SIDERITE [23789]",281,708.6,111.17,870.9,851.88,203.03,320.32,19.46,60.15,3.97,9.97,1.79,11.89,1.33
-0.283,-66.683,"CARBONATITE, SIDERITE [23789]",142.2,574.6,114.69,709.1,203.83,49.03,129.15,9.18,32.21,3.73,8.15,1.02,6.55,0.79
-0.283,-66.683,"CARBONATITE, SIDERITE [23789]",3795.2,7450.3,847.98,3205.4,573.24,132.95,293.19,26.21,101.4,11.99,27.39,3.42,19.86,2.43
-0.283,-66.683,"CARBONATITE, SIDERITE [23789]",1775.4,3625.5,444.96,2032.1,548.58,132.35,277.02,22.07,76.86,8.52,18.02,2.3,13.81,1.67
-23.83,116,"CARBONATITE, CALCITE [23850]",389.5,867.8,106.82,371,64.6,17.08,50.15,5.47,23.21,3.4,7.19,0.79,4.2,0.47
-23.83,116,"CARBONATITE, CALCITE [23850]",284.8,594.9,68.11,254.2,39.74,10.48,30.2,3.43,15.22,2.33,5.41,0.63,3.76,0.48
-23.83,116,"CARBONATITE, DOLOMITE [23850]",62,110.9,11.34,34.4,4.03,0.89,3.32,0.34,1.59,0.22,0.65,0.07,0.56,0.08
-23.83,116,"CARBONATITE, DOLOMITE [23850]",118.5,225.3,20.96,61.8,4.35,0.86,2.52,0.21,1.1,0.16,0.47,0.07,0.43,0.07
-23.83,116,"CARBONATITE, DOLOMITE [23850]",164.1,306.5,36.95,143.6,34.48,11.17,37.95,5.25,30.02,5.29,13.48,1.79,9.59,1.12
-23.83,116,"CARBONATITE, DOLOMITE [23850]",113.3,190.4,19.69,63.7,7.57,1.86,5.22,0.62,3.65,0.66,1.79,0.3,1.81,0.26
-23.83,116,"CARBONATITE, DOLOMITE [23850]",160.9,297.9,31.88,92.2,14.7,3.6,10.28,1.18,7.84,1.91,7.68,1.51,11.74,1.86
-23.83,116,"CARBONATITE, DOLOMITE [23850]",263.6,536.5,62.26,224.1,36.52,10.13,29.84,3.47,16.43,2.3,5.62,0.71,4.31,0.53
-23.83,116,"CARBONATITE, DOLOMITE [23850]",285.8,544.1,62.03,233.9,53.84,17.85,58.24,9.12,52.44,8.88,21.55,2.62,13.85,1.69
-23.83,116,"CARBONATITE, DOLOMITE [23850]",119,213.8,20.82,60,6.42,1,5.53,0.58,2.81,0.42,1.26,0.2,1.29,0.17
-23.83,116,"CARBONATITE, DOLOMITE [23850]",77.1,147.6,15.74,52.2,5.86,1.33,3.92,0.4,1.93,0.37,1.1,0.17,1.26,0.17
-23.83,116,"CARBONATITE, DOLOMITE [23850]",123,255.1,30.23,114.7,18.35,5.2,15.49,1.89,8.42,1.27,3.17,0.4,2.25,0.28
-23.83,116,"CARBONATITE, DOLOMITE [23850]",225,464.8,55.93,220.9,31.56,6.73,15.14,0.99,3.49,0.4,0.83,0.14,0.9,0.12
-23.83,116,"CARBONATITE, DOLOMITE [23850]",180.6,393.4,52.28,225.9,74.94,30.12,122.36,22.94,118.67,19.07,39.15,3.72,18.29,2.08
-23.83,116,"CARBONATITE, DOLOMITE [23850]",131.7,261.7,28.97,107.7,30.18,10.06,33.27,4.77,24.27,3.99,8.96,0.96,4.94,0.62
-23.83,116,"CARBONATITE, DOLOMITE [23850]",77.4,142.7,15.68,58.3,14.09,4.2,12.51,1.44,6.13,0.94,2.09,0.3,1.86,0.26
-23.83,116,"CARBONATITE, ANKERITE-SIDERITE [23850]",511.8,1390,196.07,754.7,125,27.23,77,6.01,17.9,1.13,1.83,0.26,2.35,0.26
-23.83,116,"CARBONATITE, ANKERITE-SIDERITE [23850]",65.1,187,28.76,1080,137,2.95,7.13,0.47,1.42,0.07,0.11,0.03,0.36,0.05
-23.83,116,"CARBONATITE, ANKERITE-SIDERITE [23850]",123.3,305.6,41.27,49,6.96,4,8.36,0.65,1.95,0.16,0.25,0.03,0.36,0.04
42.5928,12.8483,"CARBONATITE [9880]",111,232,28.2,113,22.2,4.72,15.8,1.7,7.5,1.03,2.6,0.3,1.5,0.22
67.5667,30.4833,"CARBONATITE [24061]",151,373,33,116,16,4.5,16,1.5,5.9,0.9,2.4,0.22,1.26,0.16
67.5667,30.4833,"CARBONATITE [24061]",187,381,43,186,21,5.6,15,1.8,7.8,1.2,2.7,0.27,1.4,0.19
67.5667,30.4833,"CARBONATITE [24061]",46,93,11,48,6.3,1.9,5.8,0.68,3.3,0.57,1.4,0.18,1,0.14
67.5667,30.4833,"CARBONATITE [24061]",68,161,19,74,12,3.4,12,1.2,5.9,0.96,2.5,0.28,1.7,0.24
67.5667,30.4833,"CARBONATITE [24061]",152,392,35,126,18,5.1,18,1.8,7.5,1.2,3.3,0.34,2,0.28
67.5667,30.4833,"CARBONATITE [24061]",166,388,33,116,16,4.6,17,1.59,6.29,1.01,2.6,0.26,1.51,0.2
67.5667,30.4833,"CARBONATITE [24061]",83,169,18,63,9.5,2.8,9.8,0.95,4.5,0.75,1.9,0.21,1.3,0.18
67.5667,30.4833,"CARBONATITE [24061]",179,381,44,192,23,6.2,18,2,8.1,1.2,2.8,0.26,1.4,0.18
67.5667,30.4833,"CARBONATITE [24061]",220,496,58,254,34,10,26,3.4,17,2.7,7,0.82,4.8,0.64
67.5667,30.4833,"CARBONATITE [24061]",179,368,39,170,18,5,12,1.6,7.2,1.1,2.7,0.28,1.7,0.22
67.5667,30.4833,"CARBONATITE [24061]",234,507,57,249,28,7.3,19,2.2,8.5,1.2,2.7,0.25,1.4,0.15
-25.6736,28.5153,"CARBONATITE [24150]",67.1,114.3,12.14,42.1,6.23,1.9,4.73,0.52,2.66,0.38,1.09,0.14,0.93,0.14
-25.6736,28.5153,"CARBONATITE [24150]",102.4,204.4,23.85,93.6,15.68,4.29,12.01,1.37,6.38,0.92,2.1,0.23,1.46,0.18
-25.6736,28.5153,"CARBONATITE [24150]",69.6,147.1,17.92,70.5,12.54,3.41,9.97,1.15,5.36,0.8,1.74,0.21,1.26,0.18
-25.6736,28.5153,"CARBONATITE [24150]",33.8,67.4,7.88,32.7,6.5,1.97,5.96,0.78,4.17,0.64,1.6,0.19,1.15,0.14
-25.6736,28.5153,"CARBONATITE [24150]",97.9,193,22.27,84.9,14.85,4.2,11.75,1.44,6.96,1.05,2.28,0.28,1.72,0.21
-25.6736,28.5153,"CARBONATITE [24150]",172.1,293.5,31.16,111.9,16.28,4.37,11.96,1.22,4.95,0.7,1.43,0.18,1.05,0.13
-25.6736,28.5153,"CARBONATITE [24150]",121.7,218.4,24.15,87.1,13.08,3.6,9.53,1.1,5.14,0.76,1.72,0.21,1.2,0.15
44.41,104.05,"CARBONATITE [24199]",230.899880810489,584.624553039332,46.6358760429082,166.99,22.0798569725864,4.63355184743743,16.2604290822408,2.20798569725864,11.7997616209774,2.38379022646007,6.88319427890346,1.13230035756853,7.24076281287247,1.01311084624553
44.41,104.05,"CARBONATITE [24199]",628.8,545.6,46,119.57,12.45,3.2,8.8,0.8,3,0.5,1.4,0.2,1.1,0.1
44.41,104.05,"CARBONATITE [24199]",1285,1034.7,67.5,157.41,11.8,3.2,9.7,0.8,3,0.6,1.9,0.3,1.8,0.3
-2.7567,35.9133,"CARBONATITE [16311]",529,696,44.5,102,6.6,1.61,3.84,0.47,1.68,0.12,0.37,0.04,0.19,0.03
-2.7567,35.9133,"CARBONATITE [16311]",707,837,57.2,133,9.2,2.6,3.99,0.59,2.19,0.18,0.45,0.05,0.31,0.04
-2.7567,35.9133,"CARBONATITE [12393]",646,790,51.1,122,7.7,2.98,4.86,0.53,2.13,0.16,0.49,0.04,0.21,0.03
40.5,129,"CARBONATITE [24373]",599,1420,181,717,99,24.9,58.8,5.38,19.6,2.63,5.17,0.45,2.46,0.25
34.4639,109.94,"CARBONATITE, CALCITE [24401]",32.2,53.7,5.43,18,2.98,1.03,2.97,0.38,2.05,0.41,1.22,0.18,1.33,0.21
34.4639,109.94,"CARBONATITE, CALCITE [24401]",4.77,8.21,0.9,3.41,0.69,0.3,0.79,0.11,0.64,0.12,0.33,0.04,0.28,0.04
34.4639,109.94,"CARBONATITE, CALCITE [24401]",13.5,19.3,1.71,5.41,0.9,0.38,1.06,0.13,0.74,0.14,0.4,0.05,0.36,0.05
34.4639,109.94,"CARBONATITE, CALCITE [24401]",19,43.9,5.36,21.2,4.38,1.31,4.34,0.58,2.99,0.57,1.53,0.21,1.29,0.18
34.4639,109.94,"CARBONATITE, DOLOMITE [24401]",40.7,82.8,9.3,33.7,6.18,1.78,6.08,0.75,3.61,0.64,1.54,0.19,1.08,0.15
34.4639,109.94,"CARBONATITE, DOLOMITE [24401]",4.36,8.59,1.09,4.68,1.13,0.41,1.32,0.19,1.06,0.2,0.51,0.06,0.41,0.06
34.4639,109.94,"CARBONATITE, DOLOMITE [24401]",9.25,20.7,2.29,8.51,1.59,0.48,1.61,0.21,1.13,0.22,0.62,0.08,0.61,0.09
34.4639,109.94,"CARBONATITE, DOLOMITE [24401]",4.59,7.67,0.83,3.09,0.6,0.21,0.7,0.09,0.55,0.11,0.31,0.04,0.26,0.04
49.5,-73,"CARBONATITE [24406]",245,509,61,228,43,13,35,4.7,24,4.4,12,1.4,8.7,1.3
49.5,-73,"CARBONATITE [24406]",248,510,62,234,43,13,34,4.6,23,4.2,10,1.4,8.4,1.3
49.5,-73,"CARBONATITE [24406]",261,542,65,250,44,12,29,3.6,18,3.2,7.5,0.9,5.5,0.8
49.5,-73,"CARBONATITE [24406]",288,598,75,280,54,16,41,5.4,28,4.9,12,1.6,9,1.4
49.5,-73,"CARBONATITE [24406]",95,226,28,115,22,6.3,17,2,10,1.6,3.8,0.4,2.6,0.4
49.5,-73,"CARBONATITE [24406]",63,138,16,63,12,3.5,9,1.2,5.5,1,2.4,0.3,1.7,0.3
49.5,-73,"CARBONATITE [24406]",79,179,22,87,16,4.8,12,1.6,7.7,1.3,3,0.4,2.1,0.3
49.5,-73,"CARBONATITE [24406]",53,118,14,56,11,3.1,8.1,1,4.8,0.8,2.1,0.3,1.4,0.2
49.5,-73,"CARBONATITE [24406]",55,121,14,54,10,2.7,7.4,1,4.9,0.9,2.3,0.3,1.9,0.3
49.5,-73,"CARBONATITE [24406]",69,151,18,70,13,3.6,9.6,1.2,5.9,1,2.5,0.3,1.9,0.3
49.5,-73,"CARBONATITE [24406]",67,140,17,66,11,3.4,8.8,1.1,5.7,1,2.5,0.3,1.9,0.3
49.5,-73,"CARBONATITE [24406]",65,141,17,64,12,3.5,9.1,1.1,5.8,1,2.5,0.3,1.8,0.3
49.5,-73,"CARBONATITE [24406]",100,237,30,117,21,5.8,15,1.8,8.4,1.3,3.1,0.3,1.8,0.2
49.5,-73,"CARBONATITE [24406]",64,140,17,64,12,3.4,9.1,1.1,5.5,0.9,2.3,0.3,1.7,0.3
49.5,-73,"CARBONATITE [24406]",68,148,18,69,12,3.5,9.4,1.1,5.6,1,2.3,0.3,1.8,0.3
49.5,-73,"CARBONATITE [24406]",65,147,18,71,13,3.7,9.3,1.2,5.3,0.9,2.1,0.2,1.4,0.2
49.5,-73,"CARBONATITE [24406]",76,171,21,84,16,4.8,13,1.6,8,1.4,3.4,0.4,2.7,0.4
-28.78,122.42,"CARBONATITE [24692]",259.46,598.76,74.459,285.66309188875,52.3476638264885,15.8441,41.863,5.2543,26.056,4.2921,9.849,1.1657,6.412,0.831652798997736
12.58,30.78,"CARBONATITE, CALCITE [24830]",442,791,81,267,41,11,32,4,18,3,9,1,7,1
12.58,30.78,"CARBONATITE, CALCITE [24830]",458,822,86,288,41,11,30,4,17,3,9,1,7,1
12.58,30.78,"CARBONATITE, CALCITE [24830]",425,733,76,262,39,10,29,4,17,3,8,1,7,1
12.58,30.78,"CARBONATITE, CALCITE [24830]",442,782,81,272,40,11,31,4,17,3,9,1,7,1
12.58,30.78,"CARBONATITE, CALCITE [24830]",318,580,58,180,28,8,21,3,13,2,6,1,5,1
12.58,30.78,"CARBONATITE, CALCITE [24830]",365,661,68,233,34,9,26,3,16,3,7,1,6,1
12.58,30.78,"CARBONATITE, CALCITE [24830]",402,717,74,246,36,10,28,3,16,3,8,1,7,1
12.58,30.78,"CARBONATITE, CALCITE [24830]",362,653,67,220,32,9,25,3,15,3,7,1,6,1
12.58,30.78,"CARBONATITE, CALCITE [24830]",402,717,74,246,3629,10,28,3,16,3,8,1,7,1
-17,-66.75,"CARBONATITE [11169]",1727,3516,397,1371,182,44.6,95.1,8.68,28.3,3.25,5.1,0.48,2.61,0.55
-17,-66.75,"CARBONATITE [11169]",1451,2581,257,852,102,24,53.1,4.98,18,2.23,3.54,0.31,1.8,0.38
-17,-66.83,"CARBONATITE [11135]",910.743600066787,1600,160.427262530294,538.427070346593,85.9573646298522,26.7951168563502,69.3942625666274,9.41070959292561,44.6274280348179,7.34313028901381,17.7721424732443,2.31248229944083,14.1864219316601,1.89504946429777
-17,-66.83,"CARBONATITE [11169]",1220,1847,187,640,88.8,26.7,62.8,7.06,33,5.09,12.2,1.38,7.65,1.02
0.65,34.15,"CARBONATITE [24985]",149,311,34,138,23.4,6.59,20.2,2.47,11.8,1.87,4.38,0.47,3.05,0.36
0.65,34.15,"CARBONATITE [24985]",160,343,38.7,158,26.4,7.26,22.2,2.63,12,1.88,4.24,0.44,2.75,0.32
0.65,34.15,"CARBONATITE [24985]",160,343,38.3,154,26.4,7.28,22.1,2.71,12.9,2.03,4.84,0.51,3.41,0.39
0.65,34.15,"CARBONATITE [24985]",311,507,59.8,221,35.6,10.8,28.4,3.91,16.6,3.08,5.94,0.65,2.91,0.4
0.683,34.183,"CARBONATITE [24985]",133,255,25.4,90.2,14.3,4.26,11.5,1.45,6.14,1.16,2.47,0.31,1.7,0.26
0.683,34.183,"CARBONATITE [24985]",207,461,49.7,185,28.6,8.23,21.1,2.56,10.4,1.82,3.75,0.45,2.39,0.38
-17,-66.75,"CARBONATITE [11169]",1138,2673,327,1075,129,32.1,68.2,6.81,23,2.68,3.96,0.38,1.95,0.69
-17,-66.75,"CARBONATITE [11169]",3790,6560,695,2144,253,52.8,162,10.1,37.7,4.1,7.7,0.7,2.5,0.4
70,19,"CARBONATITE [25033]",146,339,43.5,174,29.8,6.5,23.3,3,14.6,2.3,5,0.53,2.8,0.34
22.2046,-14.8461,"CARBONATITE [25068]",168,564,54.9,222,38.1,10.2,26.5,3.23,13.56,2.13,4.22,0.52,2.85,0.36
22.2046,-14.8461,"CARBONATITE [25068]",86,211,27.6,110,18.7,4.9,12.9,1.52,6.14,0.91,1.67,0.2,1.06,0.13
22.2046,-14.8461,"CARBONATITE [25068]",51,116,14.4,55,8.8,2.3,6,0.72,2.79,0.43,0.81,0.1,0.55,0.07
22.2046,-14.8461,"CARBONATITE [25068]",238,627,55.4,197,25.6,5.7,15.4,1.48,4.8,0.65,1.07,0.11,0.62,0.07
22.2046,-14.8461,"CARBONATITE [25068]",164,544,52.5,208,33.1,8.4,21.9,2.51,9.09,1.29,2.28,0.24,1.28,0.14
22.2046,-14.8461,"CARBONATITE [25068]",30,54,6.5,24.4,4.2,1.2,2.9,0.38,1.51,0.23,0.45,0.06,0.3,0.04
22.2046,-14.8461,"CARBONATITE [25068]",84,204,26.1,100,16.2,4.3,11.7,1.42,5.5,0.8,1.45,0.16,0.89,0.11
22.2046,-14.8461,"CARBONATITE [25068]",86,200,24.9,94.2,14.3,4.1,10.5,1.22,4.58,0.67,1.25,0.14,0.73,0.09
22.2046,-14.8461,"CARBONATITE [25068]",670,1005,79.2,286,53.8,16.1,38.5,4.95,21.23,3.45,6.96,0.89,4.96,0.62
22.2046,-14.8461,"CARBONATITE [25068]",215,389,35.5,119,18.9,5.7,14.5,1.92,8.54,1.52,3.44,0.49,2.97,0.4
66.283,31.667,"CARBONATITE [25182]",261.2,562.6,63.13,238,36.68,9.6,26.44,3.2,12.93,1.91,4.63,0.49,2.89,0.38
67.1207740344107,32.6125309802591,"CARBONATITE [25213]",218.946180053647,433.328658947989,46.8824911121257,158.411653035422,21.7680062064833,5.59323839360632,14.1264076263643,1.58985004129019,7.24182913649081,1.15789304303162,2.6075094354716,0.317399223832896,30.7979728817106,0.251691095077274
67.1289869584143,32.4253569636493,"CARBONATITE [25213]",170.047511106524,338.351868247808,36.0740192009752,123.689258645354,17.1030727704377,4.42802734173774,11.4795172467605,1.3836275896791,6.73497824003887,1.14965189925681,2.86352364525579,0.37019372419488,31.7487037965475,0.319153768975345
67.1252560056746,32.4408270232379,"CARBONATITE [25213]",253.724330390561,487.073805067612,52.0052349839203,175.645800604053,23.1137297599675,5.87893538040155,14.7806541873688,1.6505205507301,7.6066520154483,1.24508506916192,2.96478507797667,0.356207811228641,34.478385979697,0.293107048768569
66.5599129814654,34.4401359837502,"CARBONATITE [25213]",1051.33915541907,1649.07818389993,144.96078050625,428.852797089064,41.2716197396262,10.0255752110257,23.3304311749297,2.75910128973474,11.930517296508,1.96762285764664,4.77677581589671,0.589818996120842,56.9158898064339,0.454708244171153
66.5571010205894,34.4444189686328,"CARBONATITE [25213]",1287.46401624826,1975.60505839609,176.547074988378,513.818075225477,58.1476539400279,13.2269658283636,30.5226394187911,2.74741136155394,9.58897655413084,1.53904762900976,3.70808857391911,0.48186359832636,35.0892079265458,0.537284730940028
66.5571010205894,34.4444189686328,"CARBONATITE [25213]",1245.20823995377,1876.61120567246,178.952025061435,499.280624340456,54.799949034737,15.0235745413767,35.4569677317767,4.37537288364504,21.1981232624687,4.16588739847557,10.8477080502103,1.38932847682119,108.854592600691,1.18446448448782
66.5567179676145,34.444676041603,"CARBONATITE [25213]",182.519012604341,259.531143945465,23.4115470784641,64.5209059933222,8.92500438230384,2.11968978075165,6.22171432164619,0.757899625660886,3.91734345834081,0.749200417362271,1.98490334307179,0.252189315525876,22.2352691986644,0.223794301749583
34.2,71.2,"CARBONATITE, AMPHIBOLE [25682]",538,933,105,359,53,13.8,34.76,5.12,17.8,2.85,7.1,1.04,6.61,0.92
34.2,71.2,"CARBONATITE, AMPHIBOLE [25682]",504,985,107.65,361,51.3,15.4,32.78,4.7,22,3.11,8.88,1.12,7.1,1.58
34.2,71.2,"CARBONATITE, AMPHIBOLE [25682]",535,951,102,378,49.7,14.3,39,4.05,22.2,4.24,9.53,1.39,9.64,1.4
34.2,71.2,"CARBONATITE, BIOTITE [25682]",419,803,87.5,319,44.5,12.6,40.7,4.33,19.4,3.23,7.75,0.99,5.38,0.79
34.2,71.2,"CARBONATITE, BIOTITE [25682]",766.2,1318,128.09,320,41,16.4,43.98,5.69,24.28,3.99,9.28,1.13,7.91,1.27
34.2,71.2,"CARBONATITE, BIOTITE [25682]",474,892,95.86,340,50.33,12.5,25.1,3.02,15.8,2.4,6.04,0.84,5.7,0.72
34.2,71.2,"CARBONATITE, DOLOMITE [25682]",652.6,1167,116.98,381,44.2,11.4,25.68,2.5,12.3,2.26,5.64,0.77,5.1,1.1
34.2,71.2,"CARBONATITE, DOLOMITE [25682]",322.27,597,63.17,198.88,28.4,6.2,12.93,1.4,7.66,1.27,3.06,0.45,2.87,0.44
34.2,71.2,"CARBONATITE, DOLOMITE [25682]",817.1,1462,139.47,433,56.36,13.7,29.2,3.14,15.9,2.18,4.64,0.64,4.06,0.55
34.2,71.2,"CARBONATITE, DOLOMITE [25682]",404,772,79.54,262,32.34,7.66,15.19,1.62,8.35,1.58,3.34,0.49,3.23,0.5
34.2,71.2,"CARBONATITE, DOLOMITE [25682]",465.4,878,91.05,365,50,9.3,20,1.98,9.7,1.8,3.76,0.52,3.22,0.47
22.1542,-14.8356,"CARBONATITE, DOLOMITE [25690]",49,112,12.6,44.7,6.11,1.71,3.58,0.43,1.8,0.25,0.55,0.06,0.34,0.05
22.1542,-14.8356,"CARBONATITE, DOLOMITE [25690]",117,246,26.3,88.6,11,2.82,6.1,0.7,2.83,0.38,0.84,0.09,0.47,0.06
22.1542,-14.8356,"CARBONATITE, DOLOMITE [25690]",261,611,74.2,280,38.5,9.37,21.59,2.25,8.34,0.95,1.96,0.16,0.71,0.08
22.1542,-14.8356,"CARBONATITE, DOLOMITE [25690]",85.39,180,20.8,70.1,9.12,2.37,5.23,0.64,2.71,0.4,0.98,0.11,0.69,0.09
22.1542,-14.8356,"CARBONATITE, DOLOMITE [25690]",25.9,60.8,7.45,27.8,4.36,1.25,3.02,0.37,1.71,0.26,0.6,0.07,0.41,0.06
22.1542,-14.8356,"CARBONATITE, DOLOMITE [25690]",55.4,123,13.5,47.1,6.3,1.65,4.05,0.44,1.85,0.25,0.47,0.06,0.32,0.04
22.1542,-14.8356,"CARBONATITE, DOLOMITE [25690]",53.2,121,13.3,46.3,6.41,1.72,3.9,0.46,1.97,0.28,0.53,0.07,0.36,0.05
22.1542,-14.8356,"CARBONATITE, DOLOMITE [25690]",94.3,213,23.9,84.5,11.9,3.08,7.14,0.8,3.52,0.47,0.9,0.12,0.64,0.08
22.1542,-14.8356,"CARBONATITE, DOLOMITE [25690]",123,280,29,93.8,11.1,2.75,6.68,0.69,2.79,0.35,0.6,0.08,0.45,0.06
22.1542,-14.8356,"CARBONATITE, DOLOMITE [25690]",105,251,29.7,108,15.5,4.06,9.9,1.04,4.1,0.51,0.85,0.1,0.51,0.06
22.1542,-14.8356,"CARBONATITE, DOLOMITE [25690]",81.1,197,23.3,85.1,12.3,3.32,8.17,0.89,3.77,0.5,0.89,0.11,0.57,0.07
22.1542,-14.8356,"CARBONATITE, DOLOMITE [25690]",99.8,213,23,80.3,9.9,2.58,5.9,0.6,2.6,0.4,0.9,0.11,0.6,0.08
22.1542,-14.8356,"CARBONATITE, DOLOMITE [25690]",64.1,146,16.5,59.1,8.1,2.04,4.5,0.5,2,0.3,0.6,0.06,0.3,0.05
22.1542,-14.8356,"CARBONATITE, DOLOMITE [25690]",65.1,151,17.1,61.6,8.7,2.38,5.3,0.6,2.5,0.3,0.7,0.08,0.4,0.05
45.75,85.17,"CARBONATITE [25806]",0.324,0.46,0.043,0.23,0.051,0.026,0.074,0.013,0.076,0.018,0.045,0.01,0.039,0.011
45.75,85.17,"CARBONATITE [25806]",0.044,0.102,0.008,0.032,0.005,0.007,0.007,0.002,0.006,0.001,0.004,0.001,0.008,0.005
45.75,85.17,"CARBONATITE [25806]",0.035,0.073,0.009,0.022,0.005,0.007,0.006,0.001,0.008,0.001,0.005,0.001,0.011,0.005
45.75,85.17,"CARBONATITE [25806]",0.082,0.164,0.019,0.136,0.049,0.04,0.125,0.027,0.161,0.032,0.09,0.01,0.044,0.006
45.85,84.72,"CARBONATITE [25806]",0.127,0.263,0.041,0.118,0.029,0.043,0.039,0.007,0.04,0.01,0.038,0.005,0.045,0.01
45.85,84.72,"CARBONATITE [25806]",0.08,0.158,0.016,0.053,0.01,0.005,0.005,0.001,0.008,0.004,0.007,0.001,0.007,0.005
45.85,84.72,"CARBONATITE [25806]",0.133,0.396,0.053,0.281,0.107,0.019,0.081,0.021,0.141,0.026,0.083,0.014,0.119,0.025
45.85,84.72,"CARBONATITE [25806]",0.059,0.119,0.012,0.059,0.014,0.018,0.014,0.003,0.017,0.004,0.015,0.003,0.023,0.006
32.2,110.2,"CARBONATITE [25918]",3830,6010,521,1630,182,49.9,107,11.3,50.1,8.76,20.3,2.47,15.35,2.13
32.2,110.2,"CARBONATITE [25918]",974,1680,159,521,70.2,23,56.1,7.85,40.6,7.4,18.25,2.43,15.15,2.12
32.2,110.2,"CARBONATITE [25918]",515,1025,99.6,329,50.1,16.7,42.4,6.17,35.1,6.96,18.85,2.6,16.75,2.61
32.2,110.2,"CARBONATITE [25918]",580,1090,110,402,68.7,18.7,51.1,6.44,31.9,5.38,13.05,1.74,9.48,1.33
32.2,110.2,"CARBONATITE [25918]",546,1050,107.5,395,66.4,18.25,50.4,6.23,32.3,5.42,12.7,1.74,9.39,1.33
32.2,110.2,"CARBONATITE [25918]",515,968,97.6,355,59.4,16.05,43.6,5.61,28.4,4.71,11.6,1.53,8.56,1.22
39,-4,"CARBONATITE [25919]",206,64.4,115,14.1,51.3,8.6,2.64,8.08,1,4.75,0.805,2.09,0.233,1.36
39,-4,"CARBONATITE [25919]",13.3,24.2,3.05,11.7,2.06,0.563,1.88,0.236,1.15,0.204,0.563,0.068,0.417,0.06
39,-4,"CARBONATITE [25919]",11.3,19.7,2.58,9.58,1.67,0.388,1.49,0.186,0.907,0.162,0.463,0.058,0.371,0.055
39,-4,"CARBONATITE [25919]",21.4,43.2,4.91,17.7,3.25,0.972,2.76,0.34,1.65,0.29,0.68,0.08,0.5,0.066
39,-4,"CARBONATITE [25919]",104.1,155,16.5,61.4,12.28,4.34,13.27,1.83,9.33,1.719,4.49,0.52,2.82,0.338
39,-4,"CARBONATITE [25919]",8.6,14,1.8,6.7,1.28,0.42,1.31,0.18,0.86,0.155,0.41,0.049,0.28,0.039
39,-4,"CARBONATITE [25919]",5.6,8,1.2,4.8,0.96,0.31,0.94,0.13,0.64,0.113,0.3,0.036,0.22,0.03
-20.8186,16.1301,"CARBONATITE [25938]",557,896,89.6,301,39.4,10,27.4,3.18,13.8,2.25,5.18,0.629,3.6,0.475
-20.8186,16.1303,"CARBONATITE [25938]",3557,5472,513,1603,194,44.6,98.5,7.93,30.4,4.71,12.2,1.74,11.5,1.7
-20.8186,16.1303,"CARBONATITE [25938]",3857,6685,660,2137,257,59,134,12,48.2,7.41,18.2,2.45,14.8,2.09
-20.8186,16.1303,"CARBONATITE [25938]",3011,5048,492,1610,188,42.6,97.2,9.04,38.5,6.29,15.7,2.05,12.4,1.72
-20.8186,16.1303,"CARBONATITE [25938]",10194,14257,1262,3704,352,66.8,126,10.1,46.3,8.57,24.9,3.55,22.4,3.18
-20.8186,16.1303,"CARBONATITE [25938]",23073,25034,1871,4924,497,111,236,15.7,47.6,6.52,16.3,2.45,18.4,3.17
-20.8196,16.1305,"CARBONATITE [25938]",558,1566,333,1308,173,39.9,92.1,8.95,34.4,5.65,15.5,2.14,13.5,1.81
-20.8196,16.1305,"CARBONATITE [25938]",293,844,230,935,116,23.5,50.9,3.98,11.9,1.89,5.91,0.808,5.83,0.863
-20.8192,16.1301,"CARBONATITE [25938]",445,1002,164,611,99.4,23.4,50.6,4.61,17.4,2.91,8.08,1.21,8.67,1.27
-20.8189,16.1302,"CARBONATITE [25938]",323,1058,173,745,165,37.7,70.8,5.99,22.5,3.73,10.1,1.42,9.42,1.28
-20.8189,16.1302,"CARBONATITE [25938]",185,429,93.4,513,131,28.1,49.7,4.14,15.1,2.55,7.38,1.13,7.73,1.08
-20.8189,16.1302,"CARBONATITE [25938]",382,920,152,667,99.4,16.1,24.3,1.7,7.38,1.34,3.98,0.606,3.92,0.549
-20.8186,16.1303,"CARBONATITE [25938]",695,2261,340,1284,157,32.8,76.6,6.78,21.3,3.08,8.31,0.985,6.32,0.836
-20.8186,16.1303,"CARBONATITE [25938]",241,740,126,560,83.5,17,35.2,3.57,17.8,3.86,10.8,1.37,7.42,0.868
-20.0409,16.7467,"CARBONATITE [25938]",354,515,43,121,11.7,3.01,7.72,0.908,4.87,0.98,2.9,0.45,2.79,0.387
-20.0409,16.7467,"CARBONATITE [25938]",201,336,30.6,90.7,9.76,2.5,6.2,0.693,3.48,0.68,1.96,0.312,2.43,0.486
-20.0409,16.7467,"CARBONATITE [25938]",209,324,28.8,83.3,8.85,2.45,5.66,0.63,3.22,0.605,1.78,0.285,2.26,0.449
-20.0409,16.7467,"CARBONATITE [25938]",260,400,34.5,101,10.4,2.61,6.76,0.782,4.13,0.82,2.37,0.336,1.99,0.286
-20.0409,16.7467,"CARBONATITE [25938]",290,453,36.7,102,10.8,2.77,7.12,0.864,4.85,0.999,2.94,0.438,2.84,0.405
-20.0409,16.7467,"CARBONATITE [25938]",202,337,30.4,88.3,9,2.32,5.43,0.588,2.91,0.538,1.49,0.234,1.81,0.348
-20.0409,16.7467,"CARBONATITE [25938]",248,386,32.3,90.9,8.87,2.37,5.6,0.663,3.42,0.63,1.81,0.274,1.83,0.255
-20.0409,16.7467,"CARBONATITE [25938]",1108,1595,137,360,29.1,6.51,20.5,2.04,7.57,1.36,3.92,0.562,3.79,0.526
-20.0409,16.7467,"CARBONATITE [25938]",1156,1634,137,353,27.4,6.07,19.4,1.94,7.11,1.25,3.62,0.502,3.36,0.46
-20.0409,16.7467,"CARBONATITE [25938]",575,794,63.2,164,13.6,3.29,8.19,0.843,4.13,0.779,2.23,0.32,2.11,0.309
-20.0409,16.7467,"CARBONATITE [25938]",316,393,29.7,74.3,7.72,2.34,5.09,0.626,3.48,0.686,1.97,0.291,1.85,0.249
-30.83,17.97,"CARBONATITE [25951]",582,1169,140,535,74.9,19,45.2,5.18,22.5,3.65,8.46,1.13,6.17,0.921
-30.83,17.97,"CARBONATITE [25951]",563,1114,131,502,69.8,17.3,39.7,4.66,20.3,3.32,7.77,1.03,5.95,0.862
-30.83,17.97,"CARBONATITE [25951]",1173,2660,348,1510,223,51.3,108.7,12.2,60.1,10.7,29.5,4.56,28.9,4.39
-30.83,17.97,"CARBONATITE [25951]",731,1515,196,824,132,33.8,80.5,9.72,46.6,7.77,19.3,2.71,17,2.52
-30.83,17.97,"CARBONATITE [25951]",530,1035,125,476,69.7,18.2,45.3,5.25,24.3,4.17,10,1.25,7.26,0.98
-30.83,17.97,"CARBONATITE [25951]",2600,5034,570,2251,322,67.8,129.3,10.7,37.4,5.23,10.6,1.38,8.27,1.41
-30.83,17.97,"CARBONATITE [25951]",1260,2107,231,827,103,23.6,54.3,6.03,25.8,4.03,8.56,1.02,5.14,0.644
-30.83,17.97,"CARBONATITE [25951]",579,1295,163,642,95.8,23.5,57.7,6.58,30.6,4.9,10.8,1.3,7.44,1.03
-30.83,17.97,"CARBONATITE [25951]",1775,3063,324,1137,131,28.5,61.3,6.65,28.5,4.35,9.68,1.31,7.64,1.21
-30.83,17.97,"CARBONATITE [25951]",1952,3009,282,827,65.5,11.6,21.5,1.68,5.46,0.787,1.87,0.251,1.46,0.204
-30.83,17.97,"CARBONATITE [25951]",3054,5345,525,1769,181,40.4,92.9,10,40.7,6.48,13.5,1.7,8.5,1.14
-30.83,17.97,"CARBONATITE [25951]",955,1720,192,706,93.6,23.4,55.6,6.56,29.1,4.64,9.92,1.15,5.99,0.816
-17.512811309487,13.416918127662,"CARBONATITE [26055]",176.4,335.5,37.47,140.7,23.02,6.71,18.88,2.32,12.22,2.19,5.63,0.71,4.33,0.7
-17.5121713583958,13.4171214456241,"CARBONATITE [26055]",219.9,411.5,44.31,167.2,27.32,8.12,22.34,2.72,13.85,2.37,5.89,0.71,4.21,0.67
-17.5277286394722,13.4349382418707,"CARBONATITE [26055]",220.9,468.6,55.68,222.8,38.56,11.42,31.17,3.68,17.87,2.95,7.02,0.82,4.78,0.74
-17.52939193219,13.4373068908913,"CARBONATITE [26055]",262.1,508.2,56.59,223.7,37.97,11.31,31.31,3.86,19.86,3.54,9.17,1.16,7.11,1.15
-17.5334543574844,13.4460033840246,"CARBONATITE [26055]",258.8,539.9,63.69,250.8,42.56,12.73,33.97,4.11,20.26,3.49,8.8,1.07,6.39,1
28.2517,91.7719,"CARBONATITE [26064]",10.3,24.9,3.29,14.4,3.57,1.28,4.02,0.59,2.9,0.6,1.61,0.18,1.11,0.16
28.2517,91.7719,"CARBONATITE [26064]",11.9,27.4,3.68,16.3,4.35,1.31,4.79,0.7,3.54,0.61,1.88,0.21,1.38,0.17
28.2517,91.7719,"CARBONATITE [26064]",6.96,16.8,2.24,10.9,2.68,1,3.59,0.52,2.51,0.47,1.38,0.14,0.97,0.12
28.2517,91.7719,"CARBONATITE [26064]",9.21,21.4,3.1,14.4,3.38,0.9,3.21,0.56,2.88,0.56,1.46,0.18,1.04,0.15
28.2517,91.7719,"CARBONATITE [26064]",8.17,18.8,2.72,12.3,2.9,0.8,2.8,0.48,2.59,0.51,1.43,0.17,1.04,0.14
28.2517,91.7719,"CARBONATITE [26064]",10.1,23,3.32,15.4,3.66,1.06,3.92,0.61,3.29,0.62,1.82,0.2,1.26,0.19
28.2517,91.7719,"CARBONATITE [26064]",8.25,18.6,2.64,12.2,3.22,0.87,2.89,0.5,2.65,0.49,1.35,0.16,0.95,0.14
28.2517,91.7719,"CARBONATITE [26064]",8.91,20.1,2.86,13.5,3.23,1.59,3.26,0.5,2.62,0.47,1.4,0.18,0.93,0.15
28.2517,91.7719,"CARBONATITE [26064]",11.2,25.6,3.65,16.6,3.86,1.15,3.9,0.59,3.26,0.6,1.66,0.23,1.35,0.18
28.2517,91.7719,"CARBONATITE [26064]",22.4,52.5,6.43,29,6.84,2.31,7.28,1.19,6.07,1.19,3.2,0.35,2.25,0.37
28.2517,91.7719,"CARBONATITE [26064]",14,33,4.67,21.5,5.25,1.5,5.07,0.8,4.25,0.77,2.23,0.26,1.71,0.23
28.2517,91.7719,"CARBONATITE [26064]",22.3,51.3,7.39,33.9,8.23,2.28,7.97,1.32,6.64,1.25,3.51,0.39,2.68,0.37
28.2517,91.7719,"CARBONATITE [26064]",17.2,38.9,5.52,24.6,5.76,1.73,5.41,0.92,4.77,0.9,2.53,0.3,1.96,0.28
25.733,71.867,"CARBONATITE [26113]",7414,8904,673,1686,127.5,28.9,90.5,7.8,36,6.4,17,2.4,15.7,2.3
51.60188,-10.059244,"CARBONATITE [26156]",68.8,130,14.8,56.9,10.4,2.97,9.2,1.22,5.41,0.92,2.32,0.27,1.46,0.2
51.594656,-10.05109,"CARBONATITE [26156]",168,305,34,128,22.5,6.94,21,2.71,12.1,2.12,5.68,0.69,3.49,0.5
51.594656,-10.05109,"CARBONATITE [26156]",88.8,167,19.1,72.7,13.4,4.2,11.1,1.4,7.2,1.2,3,0.4,2.1,0.3
51.594656,-10.05109,"CARBONATITE [26156]",55,105,12.2,48.4,9.93,2.67,8.3,1.15,5.57,0.95,2.59,0.28,1.68,0.3
40.95,15.62,"CARBONATITE [9095]",183,309,33.6,125,22,5.6,18.4,2,10.2,1.5,4,0.5,2.9,0.4
40.95,15.62,"CARBONATITE [9095]",110,198,20.5,73.9,13.2,3.4,10.7,1.2,5.7,0.8,2.2,0.2,1.4,0.2
-0.08,29.92,"CARBONATITE, DOLOMITE [9096]",14,21,2.5,9.5,1.4,0.4,1.3,0.1,1.2,0.3,0.5,0.1,0.6,0.1
-18.4246,12.0921,"CARBONATITE [26362]",1697,2897,285,929,125,35.685,97.937,14.532,92.732,18.613,47.22,5.63,28.69,3.623
-18.4267,12.0914,"CARBONATITE [26362]",1065,1694,161,515,62.161,16.205,40.083,4.171,17.105,2.396,4.527,0.439,2.289,0.326
-18.4404,12.0087,"CARBONATITE [26362]",901,1514,153,520,72.834,19.281,47.938,6.197,35.702,7.188,19.387,2.431,12.66,1.536
-18.4409,12.0824,"CARBONATITE [26362]",8698,8889,606,1449,165,54.897,179,25.593,120,18.98,41.495,4.24,18.905,2.274
-18.441,12.0821,"CARBONATITE [26362]",773,1207,116,368,58.437,19.991,63.911,11.512,71.392,13.777,34.165,4.97,29.549,3.787
-18.4426,12.0807,"CARBONATITE [26362]",410,873,99.872,347,40.117,10.068,22.547,2.492,12.518,2.201,5.114,0.584,3.177,0.435
-18.4422,12.0805,"CARBONATITE [26362]",1723,2247,203,590,77.367,22.622,66.551,9.888,54.398,10.142,26.175,3.95,25.065,3.298
-18.4377,12.0752,"CARBONATITE [26362]",991,1948,211,762,105,27.017,68.563,8.581,48.597,9.402,22.939,2.705,14.387,1.985
-18.4376,12.0751,"CARBONATITE [26362]",836,1529,161,587,104,30.223,77.922,8.512,41.367,7.689,19.285,2.319,13.076,1.748
-18.4376,12.0751,"CARBONATITE [26362]",895,1742,201,702,107,29.77,82.775,11.556,61.479,11.551,27.05,3.392,19.029,2.458
-18.4229,12.0979,"CARBONATITE [26362]",1112,2021,214,755,123,36.915,104,15.244,84.296,14.817,35.209,4.289,23.577,3.313
-26.476485,16.023098,"CARBONATITE [26362]",564,1051,109,370,52.918,15.699,46.494,7.697,45.53,8.913,26.74,4.168,25.816,3.328
-26.475922,16.023051,"CARBONATITE [26362]",180,371,42.664,162,26.489,7.541,20.853,2.581,13.076,2.266,5.433,0.636,3.427,0.473
-26.475331,16.022952,"CARBONATITE [26362]",211,445,51.584,196,31.98,8.844,23.711,2.897,14.566,2.47,5.848,0.698,3.806,0.532
-26.469218,16.009117,"CARBONATITE [26362]",934,2161,286,1197,188,50.912,129,17.007,78.995,11.842,22.572,2.116,9.333,1
-26.469862,16.008276,"CARBONATITE [26362]",329,782,93.658,365,58.578,16.945,39.76,4.543,20.377,2.964,5.772,0.525,2.143,0.224
-26.475798,16.022849,"CARBONATITE [26362]",308,678,83.607,330,54.879,15.156,39.475,4.681,22.14,3.645,8.024,0.911,4.854,0.635
-18.4409,12.0824,"CARBONATITE [26362]",7542,9543,707,1675,114,27.248,76.63,9.563,53.682,10.92,32.343,4.322,23.323,3.028
-26.475539,16.02285,"CARBONATITE [26362]",230,512,62.27,241,38.812,11.075,28.039,3.302,15.706,2.598,5.88,0.67,3.71,0.501
-16,-52,"CARBONATITE, MAGNETITE-APATITE-DOLOMITE [26678]",46.7,117.2,15.36,63.9,11.81,3.59,10.72,1.33,6.11,1,2.07,0.28,1.48,0.21
-16,-52,"CARBONATITE, ANKERITE-SIDERITE-FERRODOLOMITE [26678]",265.3,513.3,54.97,197.2,37.94,11.12,30.62,3.07,12.96,1.71,3.79,0.46,2.76,0.31
-16,-52,"CARBONATITE, ANKERITE-SIDERITE-FERRODOLOMITE [26678]",2672.2,4494,413.27,1161.7,98.72,18.81,42.38,2.57,7.49,0.38,0.51,0.13,0.84,0.1
22.455,-16.036,"CARBONATITE [26767]",214,356,36.6,129,20.3,6.3,16.7,2,10,1.7,4.5,0.6,3.3,0.4
22.46,-16.043,"CARBONATITE [26767]",318,531,52.6,184,29.2,9,22.3,2.6,12.5,2.1,4.9,0.6,3.6,0.5
22.459,-16.043,"CARBONATITE [26767]",295,472,49.1,176,28.7,9,21.4,2.4,11.3,2,3.9,0.5,2.6,0.4
22.455,-16.036,"CARBONATITE [26767]",226,391,36.5,124,18.7,5.9,14.4,1.8,8.7,1.5,3.6,0.5,2.8,0.4
22.455,-16.036,"CARBONATITE [26767]",187,298,47,188,38,13.7,40.1,6.3,36.7,6.7,17.2,2.2,13,1.7
22.455,-16.037,"CARBONATITE [26767]",609,1072,111,360,38.9,10.3,18.9,1.4,5.7,1,3.5,0.5,3.5,0.6
22.456,-16.039,"CARBONATITE [26767]",1367,2733,308,1117,155,40.5,86.8,6.5,20.3,2.5,7.9,0.9,7.7,1.2
22.459,-16.043,"CARBONATITE [26767]",386,617,63.3,210,32.6,9.9,26,3,14.6,2.7,5.5,0.7,4,0.6
22.456,-16.038,"CARBONATITE [26767]",392,640,62.2,205,32.3,10.6,27.2,3.5,17.8,3.3,7,0.9,5.5,0.8
34.5378,71.6778,"CARBONATITE [26801]",513,932,91.7,314,49.5,13.2,31.9,4.09,19.6,3.44,8.68,1.04,5.98,0.87
34.5378,71.6778,"CARBONATITE [26801]",522,1020,107,366,58.7,15.5,37.3,4.56,21.7,3.68,9.28,1.03,6.19,0.86
34.5378,71.6778,"CARBONATITE [26801]",592,1055,105,338,53.7,14.4,33.4,4.16,20.7,3.62,9.53,1.1,6.49,0.93
34.5378,71.6778,"CARBONATITE [26801]",514,994,106,357,58.6,15.6,36.5,4.43,21.2,3.43,8.75,0.99,5.65,0.78
25.3208,78.4789,"CARBONATITE [26833]",2.66,3.73,0.33,1.37,0.25,0.05,0.22,0.03,0.18,0.04,0.12,0.02,0.09,0.02
25.3208,78.4789,"CARBONATITE [26833]",8.1,12.53,1.16,4.21,0.74,0.18,0.62,0.07,0.38,0.08,0.18,0.03,0.16,0.02
25.3208,78.4789,"CARBONATITE [26833]",2.71,3.78,0.36,1.52,0.31,0.07,0.34,0.05,0.22,0.05,0.12,0.02,0.11,0.01
25.3208,78.4789,"CARBONATITE [26833]",1.84,2.78,0.28,1.07,0.21,0.05,0.2,0.03,0.17,0.04,0.11,0.02,0.11,0.02
25.3208,78.4789,"CARBONATITE [26833]",6.21,9.91,0.88,3.48,0.6,0.11,0.53,0.07,0.28,0.05,0.13,0.02,0.13,0.02
25.3208,78.4789,"CARBONATITE [26833]",4.5,6.41,0.59,2.43,0.45,0.08,0.39,0.05,0.17,0.03,0.08,0.01,0.08,0.01
25.3208,78.4789,"CARBONATITE [26833]",4.44,6.39,0.58,2.21,0.37,0.1,0.35,0.05,0.18,0.04,0.1,0.01,0.1,0.01
25.3208,78.4789,"CARBONATITE [26833]",4.24,7.04,0.61,2.15,0.34,0.08,0.27,0.04,0.15,0.03,0.07,0.01,0.07,0.01
25.3208,78.4789,"CARBONATITE [26833]",9.54,13,1.12,4.08,0.61,0.11,0.51,0.06,0.23,0.04,0.1,0.01,0.09,0.01
25.3208,78.4789,"CARBONATITE [26833]",9.61,13.43,1.14,4.17,0.64,0.13,0.52,0.07,0.28,0.05,0.13,0.02,0.12,0.02
25.3208,78.4789,"CARBONATITE [26833]",8.01,11.12,0.98,3.53,0.51,0.1,0.45,0.06,0.22,0.04,0.1,0.01,0.1,0.01
25.3208,78.4789,"CARBONATITE [26833]",9.48,12.83,1.12,3.96,0.62,0.15,0.64,0.09,0.37,0.07,0.19,0.03,0.17,0.02
25.3208,78.4789,"CARBONATITE [26833]",4,6.01,0.56,2.24,0.4,0.08,0.39,0.05,0.23,0.04,0.11,0.02,0.11,0.01
25.3208,78.4789,"CARBONATITE [26833]",7.26,11.22,0.98,3.79,0.63,0.14,0.63,0.08,0.34,0.07,0.17,0.02,0.15,0.02
25.3208,78.4789,"CARBONATITE [26833]",188.39,349.49,27.44,88.85,13.58,3.57,9.85,1.15,6.47,1.28,3.04,0.43,2.99,0.44
25.3208,78.4789,"CARBONATITE [26833]",189.28,355.45,26.78,84.6,12.1,3.03,8.36,0.93,5.08,1,2.37,0.34,2.37,0.34
25.3208,78.4789,"CARBONATITE [26833]",43.09,72.48,6.11,20.18,3.02,0.72,2.16,0.24,1.31,0.26,0.63,0.09,0.62,0.09
25.3208,78.4789,"CARBONATITE [26833]",62.33,106.61,9.3,31.56,5.02,1.33,3.74,0.44,2.4,0.48,1.14,0.15,1.1,0.16
25.3208,78.4789,"CARBONATITE [26833]",96.85,159,13.34,42.84,5.89,1.46,4.02,0.44,2.39,0.48,1.16,0.16,1.14,0.17
25.3208,78.4789,"CARBONATITE [26833]",70.51,121.04,10.49,34.86,5.68,1.32,4.12,0.49,2.67,0.53,1.25,0.18,1.27,0.19
25.3208,78.4789,"CARBONATITE [26833]",54.22,90.97,7.78,25.47,3.82,0.86,2.7,0.31,1.67,0.33,0.78,0.11,0.81,0.11
25.3208,78.4789,"CARBONATITE [26833]",93.05,160.32,13.73,45.33,6.98,1.79,4.81,0.57,3.17,0.62,1.46,0.21,1.45,0.21
25.3208,78.4789,"CARBONATITE [26833]",75.67,129.53,11.1,37.69,6.09,1.38,4.35,0.52,2.86,0.56,1.31,0.19,1.34,0.2
25.3208,78.4789,"CARBONATITE [26833]",57.4,99.42,8.63,28.9,4.55,1.15,3.29,0.39,2.17,0.43,1,0.14,0.96,0.14
25.3208,78.4789,"CARBONATITE [26833]",52.68,89.53,7.57,24.19,3.48,0.79,2.55,0.33,1.38,0.24,0.66,0.1,0.72,0.11
25.3208,78.4789,"CARBONATITE [26833]",39.63,68.23,5.96,20,3.2,0.78,2.56,0.35,1.52,0.26,0.71,0.1,0.76,0.11
25.3208,78.4789,"CARBONATITE [26833]",57.97,101.07,8.59,27.35,4.23,1.01,3.57,0.49,2.2,0.39,1.07,0.16,1.13,0.16
25.3208,78.4789,"CARBONATITE [26833]",67.53,112.38,9.69,31.55,4.73,1.26,3.81,0.5,2.01,0.35,0.96,0.14,1.01,0.15
25.3208,78.4789,"CARBONATITE [26833]",25.41,42.07,3.72,12.88,2.06,0.5,1.78,0.24,1.05,0.19,0.52,0.07,0.53,0.08
25.3208,78.4789,"CARBONATITE [26833]",100.54,165.33,14.37,48.21,6.93,1.64,4.51,0.51,2.82,0.57,1.39,0.2,1.46,0.22
51,38,"CARBONATITE [26910]",306,855,125,535,83.2,21.7,58.1,6.6,26.9,3.9,7.5,0.78,4.1,0.52
51,38,"CARBONATITE [26910]",301,769,102,423,66.6,17.5,38.7,5.4,22.2,3,5.8,0.68,2.5,0.29
51,38,"CARBONATITE [26910]",214,498,63.4,254,42.5,12,30.6,4.04,18.8,3.11,5.88,0.75,3.44,0.46
51,38,"CARBONATITE [26910]",187,469,60.1,246,43.9,12,30.9,4,18.8,3.05,6.39,0.78,3.07,0.39
51,38,"CARBONATITE [26910]",384.119172090858,646.871301318473,66.2971813794568,227.981591673951,29.3547967666603,7.52073690228329,22.3751960258502,2.82295208079865,12.4490591640182,2.18124421296296,4.92289124417249,0.595223721590909,3.21289700855812,0.408323160491129
51,38,"CARBONATITE [26910]",1142,2245,263,985,143,34,88.8,9.6,36.7,5.3,10.4,1.1,5.6,0.66
51,38,"CARBONATITE [26910]",202,521,69.4,285,47.2,12.3,32.3,3.92,16.9,2.49,4.55,0.54,2.64,0.33
51,38,"CARBONATITE [26910]",206,518,67.4,283,44.7,12.4,32.9,3.98,17.1,2.67,5.05,0.54,2.85,0.36
51,38,"CARBONATITE [26910]",234.958201185412,571.054831142199,75.7895510397595,306.443932472129,48.251329151686,13.3353536717691,36.911474114264,4.33058896240466,18.9245895273348,2.86024413564641,5.90346953948724,0.654807503230519,3.70839720778877,0.463025358530338
51,38,"CARBONATITE [26910]",243,594,75,299,45.8,12.8,30,4.05,17.4,2.84,6.1,0.78,3.9,0.44
51,38,"CARBONATITE [26910]",303,818,110,472,72.1,19.6,48.6,5.89,24.7,4.01,7.97,0.83,4.13,0.49
51,38,"CARBONATITE [26910]",224.394351682988,463.221025579161,55.4670014742862,208.762401679076,42.8181706041533,12.963771662534,36.4824906881648,4.54452381763574,19.4015589202106,2.89045652379601,5.82016199043647,0.663981882792201,3.93631762875453,0.541419695299024
51,38,"CARBONATITE [26910]",148,305,36.3,142,28.6,9.17,22.9,2.77,13.7,2.1,4.35,0.53,2.37,0.39
51,38,"CARBONATITE [26910]",133,307,36.8,145,30.5,10.2,24.5,3.5,15.7,2.53,6.12,0.75,3.37,0.48
51,38,"CARBONATITE [26910]",109,281,39,154,23.9,6.3,17.8,2.03,8.44,1.33,2.37,0.25,1.19,0.16
51,38,"CARBONATITE [26910]",1994,4046,437,1595,226,57.2,139,14,59.7,8.84,19.3,2.03,7.14,0.87
40.15,114.12,"CARBONATITE [26959]",5.60225816776261,10.3185905976613,1.28523497888954,5.19908484274229,0.848840832799167,0.176874109806224,0.64905614719956,0.0854832829605087,0.417660870150039,0.0779140216522215,0.201161608508281,0.0268409956425665,0.159165648006411,0.0242152995401358
40.15,114.12,"CARBONATITE [26959]",7.87372909200028,11.979478974683,1.61471325126306,6.52517373640147,1.09767885910044,0.236069932015347,0.899888829822748,0.109988244429077,0.566319386201146,0.102226364837747,0.25961160713658,0.0328550215162803,0.194735394966473,0.0332510517285793
40.15,114.12,"CARBONATITE [26959]",4.9840163955191,9.03766312624029,1.18762783640829,4.83213999541108,0.863942540495615,0.175529221969878,0.637200392083174,0.080931107767892,0.451439685133145,0.0822457997384778,0.210775477136763,0.0285955422382031,0.171387319640092,0.0257240968943207
40.15,114.12,"CARBONATITE [26959]",5.08456986936592,9.44751057870488,1.22435924371247,4.9020783872407,0.881921093073478,0.169252121576326,0.618424998195671,0.0827846381069496,0.403063929206691,0.0774547734233435,0.181375281326279,0.0258975857961479,0.153369875957013,0.0232561273333988
40.15,114.12,"CARBONATITE [26959]",5.06032838314182,7.92588071107823,1.15181073282019,4.82723389197361,0.906798142221167,0.197568366451641,0.766622847613778,0.0985653928097183,0.535031211581648,0.100849943865264,0.252811239485072,0.0337316735850965,0.230543209851885,0.0356607313175859
40.15,114.12,"CARBONATITE [26959]",5.93768804347207,9.73224932254914,1.28013362689583,5.19319669954003,0.901791738914515,0.172070683983214,0.659945916918434,0.0819286286706041,0.444050090660821,0.0808141188351228,0.195683362979867,0.0276644791986477,0.166875696355469,0.0245611052573769
40.15,114.12,"CARBONATITE [26959]",6.76976919122117,10.7492307912453,1.48496180187724,5.94548498724781,1.01669328835678,0.212717287285753,0.777520233418026,0.0969017719633797,0.517756267191297,0.0921718962878396,0.239591054343545,0.0310223634546963,0.188146105676199,0.0301124299875847
40.15,114.12,"CARBONATITE [26959]",5.51048406502755,10.1630987105689,1.26824726549077,5.06862498971607,0.907646932936357,0.181246689604355,0.650357510044481,0.0859844296162845,0.446755890604383,0.0774339300741611,0.201163290790037,0.0291759346999305,0.171109103978343,0.0239804364656087
40.15,114.12,"CARBONATITE [26959]",4.28429849081919,7.559234163682,0.969836085332647,3.97034648340802,0.733127668341789,0.149949643789179,0.537565124121271,0.0709437593154141,0.400030559270611,0.0793304790281981,0.205389218166658,0.0281171948332461,0.183883677619478,0.0282390547144191
40.2,114.25,"CARBONATITE [26959]",2.50559224614649,4.80804557800303,0.603105991686565,2.77199150361992,0.663138337826781,0.163487269959747,0.591772111242011,0.0928412607484854,0.49079587281102,0.0930171203439866,0.209910431367972,0.028709519081572,0.164440306898747,0.0235676578763289
40.2,114.25,"CARBONATITE [26959]",2.64861483310797,4.69890358676476,0.606392000889679,2.52343518179505,0.568287890477169,0.116427662166043,0.507636743559747,0.0728087579933918,0.415370415333111,0.0764070412560212,0.193572469316029,0.0269313899796122,0.159089860257143,0.0238112049750796
40.2,114.25,"CARBONATITE [26959]",1.75377007827402,3.38590574411293,0.419588965308335,1.89359816401653,0.442866153018054,0.103882086775282,0.374714908477736,0.0587202723891724,0.313850999301449,0.056964336528833,0.13194133624518,0.0191842520616785,0.108905302232511,0.0151050267454566
40.2,114.25,"CARBONATITE [26959]",1.80822912195231,3.52083662717929,0.436091525419314,2.00191201126146,0.458917710131864,0.103810523422807,0.412860257709922,0.0621305761582638,0.333810430098977,0.0577024600476231,0.141690842274478,0.0196248844005697,0.111119670072235,0.0163349538634769
40.2,114.25,"CARBONATITE [26959]",2.26234526910731,4.23000887611099,0.542653352629462,2.39494370287299,0.576526918922164,0.131910783309774,0.50769876987122,0.0761780536171821,0.411791193152421,0.0721212159826007,0.182657570020175,0.0225331075355906,0.14084502920282,0.0204250765333959
40.2,114.25,"CARBONATITE [26959]",1.14005640863683,2.20644807752752,0.27431586836359,1.19047636811545,0.265608559025094,0.068927678568105,0.25371879584763,0.0375511445497958,0.203506798825401,0.036576601466193,0.0912500492769657,0.011659548091929,0.0663973773886294,0.0102336831861819
40.2,114.25,"CARBONATITE [26959]",1.61826764024465,2.47994667918244,0.317492944905251,1.410867661353,0.32186891888585,0.0833682955084885,0.297739714461937,0.045649817940889,0.247617547198495,0.0442697917983752,0.117190589457259,0.0175820327033095,0.0972159344256678,0.0191255284781233
40.2,114.25,"CARBONATITE [26959]",2.8240462856046,4.77540851897874,0.6362656057,2.78740221653342,0.624629941618283,0.135134652276189,0.546835530548387,0.0829144832258916,0.440321070402653,0.0790583452624203,0.203269034671494,0.0277795790887723,0.158175843525854,0.023934934121572
40.2,114.25,"CARBONATITE [26959]",2.01731855525895,3.40003072807404,0.436660326179388,1.95153484253744,0.441281465602601,0.10909036969713,0.393465904336668,0.05934682026878,0.324968668973492,0.061535452224395,0.153144136477172,0.0186345791175497,0.11914073458375,0.0198285804523557
-25,19,"CARBONATITE [26961]",679,1600,201,782,117,32,77.3,9.4,45.6,7.6,19.3,2.47,14.4,1.93
67.8,29.45,"CARBONATITE [26961]",193,395,44.3,161,25.7,7.3,18.9,2.5,10.9,1.7,3.8,0.47,2.8,0.35
67.8,29.45,"CARBONATITE [26961]",212,485,54.5,201,32.2,8.87,21.7,2.7,11.7,1.7,3.9,0.4,2,0.28
67.8,29.45,"CARBONATITE [26961]",288,621,68.3,252,40.5,10.5,23.9,2.7,12.5,1.8,4.1,0.45,2.1,0.25
63.1,27.7,"CARBONATITE [26961]",256,635,83.1,320,48.4,12.4,30,3.2,13,1.8,4,0.44,2.2,0.31
63.1,27.7,"CARBONATITE [26961]",307,692,80.6,301,44,11.2,27.6,3.2,13.1,2,4.8,0.61,3.3,0.48
59.25,9.26,"CARBONATITE [26961]",612,1340,159,607,103,30.9,80.6,10.1,55.2,9.8,24.7,2.98,17.4,2.45
59.25,9.26,"CARBONATITE [26961]",361,694,71.6,256,37.7,10.2,24.8,2.8,14,2.2,5.8,0.7,3.9,0.56
-29.8669,22.7794,"CARBONATITE [26961]",402,837,95,341,61.9,17.7,40.5,4.2,15.9,2.2,4.5,0.53,2.8,0.36
-25,19,"CARBONATITE [26961]",115,272,34.6,129,17.3,4.32,10.1,1,4.5,0.7,1.9,0.24,1.4,0.22
-25,19,"CARBONATITE [26961]",36.1,80.1,10.1,39.6,7.6,2.35,7.1,1,5.8,1.1,3,0.39,2.6,0.44
-25,19,"CARBONATITE [26961]",11.1,25.4,2.98,11.4,1.8,0.49,1.4,0.2,0.9,0.2,0.4,0,0.3,0.03
-25,19,"CARBONATITE [26961]",51.9,130,16.4,65.8,11.8,3.19,8.5,1.1,5.3,0.8,2,0.23,1.5,0.21
-25,19,"CARBONATITE [26961]",67.6,169,22,91,14.3,3.42,7.9,0.9,3.9,0.7,2.2,0.29,1.9,0.28
-25,27,"CARBONATITE [26961]",329,430,40.3,134,20.7,5.98,16.1,2.3,12,2.2,5.4,0.73,4.3,0.59
-24.63,26.4,"CARBONATITE [26961]",459,1150,146,561,90.8,22.3,50.6,5.8,25.9,3.9,9.1,1.13,6.7,0.94
-24.63,26.4,"CARBONATITE [26961]",208,425,46.7,173,28,8.67,22.6,3.2,16.3,3,7.5,0.93,5,0.64
-24.63,26.4,"CARBONATITE [26961]",595,1300,146,506,73.6,16.7,32.6,3.4,14.7,2.4,5.8,0.69,4,0.53
-24.63,26.4,"CARBONATITE [26961]",64,147,18,62.4,11.2,3.24,8.7,1.4,7.5,1.4,3.7,0.46,2.4,0.31
-24.63,26.4,"CARBONATITE [26961]",108,245,30.5,125,25.9,8.37,22.7,3.6,19,3.2,7.9,0.96,5,0.63
-25.674,28.15,"CARBONATITE [26961]",130,232,23.8,88.1,12.9,3.52,8.4,1,3.9,0.6,1.3,0.14,0.8,0.11
-25.674,28.15,"CARBONATITE [26961]",175,306,32.2,115,16.8,4.78,10.9,1.2,5.2,0.7,1.7,0.19,1,0.13
-19,34,"CARBONATITE [26961]",62.7,110,12.2,46,7.9,2.38,5.3,0.7,3.1,0.4,1,0.09,0.4,0.05
28.2,34.3,"CARBONATITE [26961]",18.8,41.6,4.85,16.9,3.4,1.34,2.6,0.4,2.3,0.4,1,0.15,1,0.16
67.8,29.45,"CARBONATITE [26961]",476,892,90.6,286,34.4,8.26,15.9,1.2,4.3,0.5,1.1,0.11,0.5,0.06
40.44,113.15,"CARBONATITE [27031]",2301.45947149275,4460.80256417795,474.348301000444,1673.0701846151,168.650291047489,33.7327946641536,146.355871684863,9.02763237279938,31.852540565145,2.42545428832832,10.5061495889587,0.542431593308757,3.7191001059328,0.455227679961625
40.44,113.15,"CARBONATITE [27031]",628.968177818853,1197.75133898975,123.317936902022,433.823785044749,43.8443197451853,9.13080326081596,38.9269729204896,2.58990013296849,9.69123004438801,0.911092109842252,3.55929294214488,0.254557050622249,1.77117963307898,0.227396161250811
-2.7567,35.9133,"CARBONATITE [16311]",616,700,51.2,121,8.2,1.77,4.16,0.38,1.28,0.12,0.37,0.03,0.18,0.02
-2.55,35.85,"CARBONATITE, CALCITE [12393]",2425,3217,278.8,842,98.05,28.9,94.52,11.78,55.6,10.88,28.29,3.53,15.96,1.83
-2.55,35.85,"CARBONATITE, CALCITE [12393]",2606,2945,303.1,925,105.5,31.37,100.2,12.5,58.93,11.77,30.77,4.05,19.11,2.4
22.1438,-14.8444,"CARBONATITE [27079]",490.8,1160,106.1,356.7,52.89,15.39,35.77,4.46,20.58,3.09,7.39,0.88,5.14,0.64
22.1438,-14.8444,"CARBONATITE [27079]",177.1,235.6,21.23,68.18,9.82,3.08,7.58,0.86,4.02,0.63,1.52,0.19,1.14,0.15
22.1438,-14.8444,"CARBONATITE [27079]",337.9,503.1,47.98,152.6,19.91,6.05,16.39,2.45,12.75,2.33,7.05,1.22,9.52,1.48
22.1469,-14.8429,"CARBONATITE [27079]",367.5,532.1,50.06,158.7,18.49,5.26,13.8,2,11.04,1.85,4.47,0.54,3.11,0.4
22.1469,-14.8429,"CARBONATITE [27079]",232,352,31.6,99.6,13.1,3.76,8.8,1,4.7,0.7,2,0.26,1.6,0.23
22.1469,-14.8429,"CARBONATITE [27079]",234,385,36.1,120,16.2,4.71,11.5,1.5,7.1,1.2,3.3,0.42,2.7,0.37
22.1469,-14.8429,"CARBONATITE [27079]",307,647,60.1,202,27.6,7.66,17.1,1.8,7.9,1.2,3,0.41,2.4,0.34
22.1469,-14.8429,"CARBONATITE [27079]",275,450,42.5,135,17.4,4.98,11.9,1.4,6.4,1,2.7,0.35,2,0.26
22.1469,-14.8429,"CARBONATITE [27079]",296,480,47,158,23.1,6.62,15.1,1.6,6.7,1,2.5,0.31,1.6,0.21
22.1438,-14.8444,"CARBONATITE [27079]",305,505,47.4,152,20,5.72,13.3,1.6,7.7,1.3,3.5,0.46,2.9,0.41
40,79,"CARBONATITE, DOLOMITE [27127]",174.162026026966,371.534024048608,46.7195932448064,169.640496145984,46.6857616983639,12.8666942323414,30.7805865046843,3.6408166459761,14.573806660197,2.1231908003189,4.43190353242565,0.431252571954616,2.41021500138744,0.325102990904297
40,79,"CARBONATITE, DOLOMITE [27127]",76.5827490627281,142.409362852864,18.2680022972982,91.8496491098512,28.0642834547498,7.97560948403107,14.6027966557283,1.47634313349604,5.59601270691545,0.84824102219193,2.05097750013315,0.246450184355937,1.61183255405945,0.237560171768077
40,79,"CARBONATITE, DOLOMITE [27127]",224.915270683263,417.038661368598,54.2757188781547,225.902478409561,62.4829658023447,17.643880895698,41.3529382222719,4.35436792525231,14.4261353104772,1.86763339016721,3.81380351315902,0.387536568019196,2.34279993215571,0.320025025015404
40,79,"CARBONATITE, DOLOMITE [27127]",240.830799043383,457.196572569995,59.1798898688128,232.197021914735,48.8709305598242,14.6998546797481,41.8482489950388,6.08404065667447,29.7261007361507,4.659130104561,9.08003561551828,0.887782820985785,4.50611531745668,0.58306146784364
40,79,"CARBONATITE, DOLOMITE [27127]",261.17816199196,506.803279542805,66.1563649845067,258.783303407879,48.7834872802981,15.4280194885353,45.8300854907365,7.28441500684055,36.9137202031693,5.8686176862305,11.550316235602,1.14018307775804,5.64227736222134,0.722646581972014
40,79,"CARBONATITE, CALCITE [27127]",2734.87623781654,5850.1710103437,760.954353226098,3055.66452282549,448.059734335875,108.253689453004,271.380489796021,36.9899196685615,164.804262288666,25.313716239205,60.1254420431985,5.90099932109553,29.6770911532856,3.26229143287356
40,79,"CARBONATITE, CALCITE [27127]",2653.70667903681,5638.66317538097,781.000914241347,3013.744445689,462.004058552069,107.679749198093,266.829293475423,34.0375796952428,103.24978526638,14.4210362687604,33.470881180126,3.27823420144753,18.784817831778,2.4101714702669
40,79,"CARBONATITE, CALCITE [27127]",2837.62146778183,5827.56498012635,801.416298112812,3209.11023182885,504.010511105394,123.299845691122,309.918608057992,38.4918266066865,138.815623178527,17.9677716156336,40.2058140625227,3.73993183925889,20.5003707021525,2.47361896248458
40,79,"CARBONATITE, CALCITE [27127]",2380.90114063612,4897.54614676094,688.555983213859,2829.69077359172,460.388751419707,121.709487065409,315.015072087984,44.3496987445565,183.443930617496,24.9594155019144,52.6007512236936,4.82328079022123,24.0539414247409,2.95838034084188
40,79,"CARBONATITE, CALCITE [27127]",3053.39210132922,5911.02758383345,805.977803445425,3180.41456461487,555.027837211641,141.641755685274,352.878928674258,41.5853012749049,119.33338316529,16.0548359377003,36.844847385416,3.48178591591735,21.5492051228215,2.86778172702375
40,79,"CARBONATITE, CALCITE [27127]",2645.23374068096,5448.40191550112,750.917362202944,3036.40355318173,495.638196521124,123.216050858648,312.647063145519,37.7199509095794,119.305511945584,16.8206791343197,37.6745057342149,3.31932633872341,19.2314085742408,2.40287756821978
40,79,"CARBONATITE, CALCITE [27127]",2542.41779446458,4983.43231236008,685.866173013427,2777.40598984267,509.917223481032,140.391943631473,359.326615411285,46.0303111221287,201.736119078183,22.428232894797,47.2680636100044,4.49175995834469,25.9716844362713,3.32357780687703
40,79,"CARBONATITE, CALCITE [27127]",2662.48128638833,5312.64891322186,698.225933113365,2733.22572810568,385.213082074345,105.210143821403,288.120238913395,38.6725515685033,191.040654851775,34.5072031922849,68.4444572320005,6.71369979693194,32.6585340347722,3.57953613004485
40,79,"CARBONATITE, CALCITE [27127]",1857.0146827059,3930.62773990362,548.593610950266,2233.47436372346,363.01129517727,87.3982776027438,223.65357658736,23.2559833518994,72.8640925327448,8.85505682345693,20.5728387056752,1.88752291367974,12.3722691835002,1.69818177816106
40,79,"CARBONATITE, CALCITE [27127]",2184.00636049889,4488.11768687557,605.80124042664,2422.95493928651,397.65578170971,112.721758270798,322.595633319599,45.9415753640037,181.630350404246,23.632089560777,50.5975151046586,5.19085264931716,27.4928665039749,3.21254429205157
40,79,"CARBONATITE, CALCITE [27127]",2851.23576909015,5924.76262388029,795.149952553496,3247.30306004395,544.667630308712,143.940127163201,389.641064111498,46.9083160340057,138.590021176144,13.2684417182895,28.5248236601912,2.54526256426895,16.7965955624245,2.28145939321217
40,79,"CARBONATITE, CALCITE [27127]",2087.8480582854,4515.39931888507,650.330996380911,2771.35030953689,486.254600784134,120.259840177849,302.815915574923,33.4754818992732,92.004305796329,11.8001729288166,27.8797531348988,2.66140724375557,17.0887787555897,2.30252390592072
40,79,"CARBONATITE, CALCITE [27127]",2309.54003816275,5021.7668470726,707.03999984368,2897.14948793037,482.267348563413,122.572340815181,313.837804827202,35.708394988665,108.692415121155,14.6455589387157,34.2278887529317,3.36141233874995,20.7840739397265,2.520569631692
40,79,"CARBONATITE, CALCITE [27127]",2200.23616722409,4779.76327157871,695.507544089533,2926.45892585407,505.879149399659,136.967887919681,371.474268026824,48.9282770223619,206.454721418398,24.9298794098309,49.0266263044716,4.31001528906007,22.4896769192235,2.72710776404369
40,79,"CARBONATITE, CALCITE [27127]",2254.33464450068,4796.56486177857,674.595439894334,2703.12137281747,431.491080794036,110.752728614344,280.257431484845,35.0675788712217,135.118296617746,18.0105085774772,39.688687370591,3.70410199825338,21.3838131271814,2.58457782761192
-19.667,-46.95,"CARBONATITE [27131]",1135,2040,231,798,98.7,25.4,52.2,6.4,23.5,2.43,3.48,0.25,1.22,0.16
-19.667,-46.95,"CARBONATITE [27131]",330,524,52.9,182.5,22.9,2.87,13.2,1.53,6.21,0.75,1.29,0.13,0.73,0.13
-19.667,-46.95,"CARBONATITE, DOLOMITE-NORSETHITE [27131]",960,1305,136.5,426,37.3,5.04,13.9,1.68,5.85,0.7,1.2,0.14,0.72,0.19
-19.667,-46.95,"CARBONATITE [27131]",17100,20500,1300,2960,150,25.1,41.7,5.38,15.25,2,3.27,0.28,0.25,0.26
-19.667,-46.95,"CARBONATITE [27131]",14600,17600,1100,2740,129.5,19,29.1,2.48,8.62,1.19,1.9,0.23,0.04,0.13
-19.667,-46.95,"CARBONATITE [27131]",1330,2820,340,1250,162,39.9,84.2,9.19,34.5,4.58,8.53,0.82,3.09,0.42
-19.667,-46.95,"CARBONATITE [27131]",1150,1950,191.5,572,58.1,12.6,27.4,2.83,9.61,1.23,2.14,0.24,1.16,0.2
-19.667,-46.95,"CARBONATITE [27131]",125.5,258,25.6,85.2,13.2,4.13,10.7,1.33,4.52,0.62,1.2,0.1,0.63,0.1
-19.667,-46.95,"CARBONATITE [27131]",418,884,93.1,303,36.6,8.29,19.25,2.32,8.5,1.2,2.45,0.28,1.24,0.23
-19.667,-46.95,"CARBONATITE [27131]",442,856,91,307,46.6,11.7,32.8,4.5,19.05,2.61,4.65,0.48,1.95,0.31
-19.667,-46.95,"CARBONATITE [27131]",1025,2110,235,792,94.6,17.85,45.7,4.91,19.3,2.52,4.82,0.52,2.45,0.4
-19.667,-46.95,"CARBONATITE, DOLOMITE [27131]",805,1675,206,719,102,23.1,53.7,5.71,20.8,2.83,5.5,0.63,2.94,0.42
-19.667,-46.95,"CARBONATITE [27131]",2020,3250,327,1125,164.5,44.3,108,12.95,51.3,7.32,14.3,1.5,6.36,0.79
-19.667,-46.95,"CARBONATITE [27131]",1415,2960,291,913,96.9,22.6,50.2,6.05,21.9,2.88,5.63,0.68,3.22,0.45
-19.667,-46.95,"CARBONATITE [27131]",981,2520,337,1360,230,55.7,134.5,16.55,74.5,11.55,23.9,2.87,13.8,1.76
-19.667,-46.95,"CARBONATITE [27131]",567,1245,150.5,525,63.9,12.95,25.5,2.75,9.91,1.25,2.22,0.23,1.05,0.18
-19.667,-46.95,"CARBONATITE [27131]",3250,6620,672,2480,340,81.4,186.5,22.4,92.3,12.85,23.3,2.12,7.34,0.77
-19.667,-46.95,"CARBONATITE [27131]",517,1285,172,667,95.1,22.5,54,5.66,23.1,3.32,6.8,0.73,3.27,0.44
-19.667,-46.95,"CARBONATITE [27131]",458,1025,125.5,459,68.8,17.6,43.6,5,20.4,3.1,6.61,0.76,3.98,0.51
-19.667,-46.95,"CARBONATITE [27131]",745,1340,133,477,59.8,14.15,34.9,3.82,18.35,2.92,6.28,0.7,3.66,0.42
-19.667,-46.95,"CARBONATITE [27131]",590,1330,157,615,97.1,26.4,75.3,11.1,63,9.52,20.6,2.28,11.4,1.59
-19.667,-46.95,"CARBONATITE [27131]",462,1065,119.5,463,68.4,17.65,50.1,6.89,38.2,6.7,15.55,1.78,9.64,1.22
-19.667,-46.95,"CARBONATITE [27131]",447,909,96.9,356,49.4,12.75,30.9,3.54,17.6,2.71,6.59,0.84,4.46,0.63
-19.667,-46.95,"CARBONATITE [27131]",6730,8880,716,2030,178,36.3,73.9,6.84,24.3,3.02,6.1,0.8,5.19,0.95
-19.667,-46.95,"CARBONATITE, DOLOMITE [27131]",745,1470,173,548,49.6,8.9,16.65,1.49,5.5,0.8,1.51,0.2,0.86,0.12
-19.667,-46.95,"CARBONATITE, DOLOMITE [27131]",504,1660,189.5,609,81,19.4,35.4,4.85,21.2,2.91,6.06,0.67,3.35,0.35
-19.667,-46.95,"CARBONATITE, DOLOMITE [27131]",387,1180,126.5,404,54.8,13.1,27.3,3.61,14.8,2.01,3.99,0.51,2.21,0.35
21.0755,-11.404,"CARBONATITE [27197]",703,1200,120,399,56.7,14.9,33.8,4.35,19.8,2.95,7.1,0.832,4.22,0.543
21.0874,-11.4126,"CARBONATITE [27197]",816,1500,153,522,75.2,19.8,44.5,5.66,24.4,3.65,9.09,1.1,5.85,0.765
21.0431,-11.4197,"CARBONATITE [27197]",671,1180,122,407,59.3,16.3,39.6,4.63,21.7,3.26,7.62,0.84,4.39,0.586
21.0958,-11.3867,"CARBONATITE [27197]",803,1360,137,454,63.3,17,38.9,5.44,28.5,5.41,16.5,2.35,14.2,1.86
21.0928,-11.3914,"CARBONATITE [27197]",680,1170,118,394,57.2,15.4,35.8,4.6,20.6,3.16,7.73,0.973,5.13,0.736
21.0423,-11.4095,"CARBONATITE [27197]",772,1320,132,443,65,17.2,38.8,5.14,24,3.78,9.5,1.17,6.44,0.88
21.0663,-11.412,"CARBONATITE [27197]",714,1200,122,407,59.2,15.7,36.6,4.72,21.3,3.29,8.31,1.06,6.12,0.826
21.0981,-11.3856,"CARBONATITE [27197]",1070,1820,172,562,76.7,20.5,45.4,5.7,25.5,3.91,9.74,1.12,6.19,0.802
21.0785,-11.3825,"CARBONATITE [27197]",974,1650,166,558,76.7,20.6,46.2,5.89,26.2,3.93,9.63,1.18,6.33,0.853
21.053,-11.4513,"CARBONATITE [27197]",282,461,44.8,146,18.5,4.88,11.2,1.11,4.93,0.73,1.71,0.189,0.97,0.122
21.0629,-11.4594,"CARBONATITE [27197]",258,424,42,136,18,4.97,11.2,1.17,5.49,0.84,2,0.223,1.17,0.144
21.0557,-11.4439,"CARBONATITE [27197]",641,1020,97.8,305,40.6,10.6,25,2.9,13.8,2.13,5.33,0.652,3.53,0.478
21.0377,-11.4139,"CARBONATITE [27197]",647,1040,99.1,318,39.5,10.5,24.7,2.79,13.1,2.03,4.96,0.577,3.15,0.442
21.2122,-11.4728,"CARBONATITE [27197]",446,737,72.6,236,30.4,7.96,18.8,2.05,9.32,1.45,3.34,0.369,1.94,0.252
21,-11.4,"CARBONATITE [27197]",679,1160,118,395,55.9,14.7,33.1,4.09,17.7,2.54,5.89,0.705,3.6,0.459
0.7,30.25,"CARBONATITE [27209]",337,626,69.4,241,33.5,8.15,17.5,2,9.4,1.4,3.3,0.4,2.3,0.36
0.7,30.25,"CARBONATITE [27209]",593,1080,117,413,56.8,12.6,31.7,3.7,16.3,2.5,5.6,0.67,3.8,0.55
0.7,30.25,"CARBONATITE [27209]",473,886,97.4,342,45.9,11.6,24.6,2.8,12.6,1.9,4.4,0.52,2.9,0.44
0.7,30.25,"CARBONATITE [27209]",294,555,60.8,215,29.2,6.93,15.7,1.8,8.1,1.3,2.8,0.36,2,0.31
0.7,30.25,"CARBONATITE [27209]",398,742,84,291,38.8,9.4,21.2,2.3,10.8,1.7,3.7,0.45,2.6,0.37
-0.08,29.92,"CARBONATITE [27209]",339,428,37.7,107,11.8,2.49,5.8,0.6,2.9,0.5,1.2,0.16,0.9,0.14
56.9,131.59,"CARBONATITE, CLINOPYROXENE-PHLOGOPITE-CALCITE [27249]",402,882,112,428,59,15.8,48,4.9,20,3.3,7.9,0.9,5,0.6
56.9,131.59,"CARBONATITE, CLINOPYROXENE-PHLOGOPITE-CALCITE [27249]",399,739,84,297,38,9.3,31,3.3,14,2.4,5.8,0.7,3.7,0.5
56.9,131.59,"CARBONATITE, CLINOPYROXENE-PHLOGOPITE-CALCITE [27249]",1156,2662,353,1372,184,46,136,12.5,45,6.7,14.2,1.3,5.7,0.7
56.9,131.59,"CARBONATITE, CLINOPYROXENE-PHLOGOPITE-CALCITE [27249]",377,831,105,404,56,14.6,42,4.3,17,2.6,6,0.6,3.4,0.5
56.9,131.59,"CARBONATITE, CLINOPYROXENE-PHLOGOPITE-CALCITE [27249]",364,777,99,373,54,13.7,41,4.2,16.1,2.5,6,0.6,3.4,0.5
56.9,131.59,"CARBONATITE, CLINOPYROXENE-PHLOGOPITE-CALCITE [27249]",283,576,71,264,37,9.7,29,3.1,13.5,2.2,5.7,0.7,3.7,0.6
56.9,131.59,"CARBONATITE, CLINOPYROXENE-PHLOGOPITE-CALCITE [27249]",479,1075,141,540,75,19.8,60,5.9,23,3.6,8.1,0.9,4.4,0.6
56.9,131.59,"CARBONATITE, CLINOPYROXENE-PHLOGOPITE-CALCITE [27249]",380,831,106,152,21,13.9,43,4.3,18.1,2.8,6.3,0.7,3.4,0.4
56.9,131.59,"CARBONATITE, CLINOPYROXENE-PHLOGOPITE-CALCITE [27249]",1180,3083,422,1529,221,51,135,13.2,49,6.7,14.3,1.4,5.8,0.7
56.9,131.59,"CARBONATITE, CLINOPYROXENE-PHLOGOPITE-CALCITE [27249]",271,544,67,252,35,8.9,28,3,12.6,2.2,5.3,0.7,3.8,0.5
56.9,131.59,"CARBONATITE, CALCITE [27249]",430,1002,133,514,72,18.7,56,5.7,24,3.6,8.5,0.9,4.9,0.7
56.9,131.59,"CARBONATITE, CALCITE [27249]",389,979,138,568,88,23,66,7.1,28,4.4,10,1.1,6.2,0.9
56.9,131.59,"CARBONATITE, CALCITE [27249]",333,816,104,448,66,16.2,46,5.1,20,3,6.8,0.7,3.8,0.5
56.9,131.59,"CARBONATITE, CALCITE [27249]",367,878,123,509,77,21,58,5.9,24,3.6,8.1,0.8,3.9,0.5
56.9,131.59,"CARBONATITE, CALCITE [27249]",835,1664,195,704,96,25,80,8.2,36,5.7,14.1,1.7,9.7,1.3
56.9,131.59,"CARBONATITE, CALCITE [27249]",440,1019,138,545,78,19.8,59,5.8,24,3.7,8.3,0.9,4.6,0.6
56.9,131.59,"CARBONATITE, APATITE-DOLOMITE [27249]",275,704,101,421,66,17.3,50,5.1,19.5,2.9,6.4,0.6,3.1,0.4
56.9,131.59,"CARBONATITE, APATITE-DOLOMITE [27249]",346,946,138,578,87,22,65,6.2,22,3.1,6.2,0.6,2.6,0.3
40.9,79.45,"CARBONATITE, CALCITE [27250]",2.82,5.17,0.66,2.66,0.6,0.15,0.64,0.08,0.46,0.09,0.26,0.03,0.21,0.03
40.9,79.45,"CARBONATITE, CALCITE [27250]",2.7,5.3,0.69,2.72,0.55,0.12,0.49,0.07,0.4,0.08,0.24,0.03,0.2,0.03
40.9,79.45,"CARBONATITE, CALCITE [27250]",5.57,10.42,1.38,5.2,0.98,0.2,0.87,0.12,0.73,0.14,0.41,0.05,0.35,0.05
40.9,79.45,"CARBONATITE, CALCITE [27250]",3.24,6.61,0.74,2.86,0.55,0.11,0.51,0.07,0.4,0.08,0.24,0.03,0.2,0.03
40.9,79.45,"CARBONATITE, CALCITE [27250]",12.17,15.17,3.14,13.2237,3.0114,0.76,3.13,0.39,2.16,0.39,1.01,0.114241,0.68264,0.09
40.9,79.45,"CARBONATITE, CALCITE [27250]",8.4,13.15,2.04,8.33,1.75,0.42,1.81,0.22,1.27,0.24,0.64,0.08,0.48,0.07
40.9,79.45,"CARBONATITE, CALCITE [27250]",4.9,11.55,1.12,4.46,0.88,0.19,0.84,0.12,0.7,0.14,0.39,0.06,0.35,0.05
40.9,79.45,"CARBONATITE, CALCITE [27250]",13.51,15.99,3.32,13.57,2.77,0.64,2.79,0.35,2.04,0.38,1.01,0.12,0.71,0.1
40.9,79.45,"CARBONATITE, CALCITE [27250]",7.24,12.13,1.82,7.59,1.6,0.4,1.76,0.22,1.24,0.23,0.62,0.07,0.45,0.06
40.9,79.45,"CARBONATITE, CALCITE [27250]",5.41,10.71,1.2,4.73,0.92,0.21,0.88,0.12,0.77,0.15,0.46,0.06,0.37,0.05
22.1,-15,"CARBONATITE [27252]",295.6,644.5,78.67,302.3,48.02,12.64,28.82,3.31,16.95,2.54,5.78,0.64,3.38,0.43
22.1,-15,"CARBONATITE [27252]",147.7,358.1,46.58,172.5,28.42,6.03,17.17,1.94,9.17,1.16,2.91,0.32,1.7,0.21
22.1,-15,"CARBONATITE [27252]",112.9,320.6,40.5,152.5,26.45,6.21,0,1.63,7.28,0.97,1.87,0.19,0.84,0.09
22.1,-15,"CARBONATITE [27252]",305,642,76.52,300,45.87,10.49,26.67,2.83,14.8,2.14,3.63,0.64,3.38,0.43
22.1,-15,"CARBONATITE [27252]",289.93,726.63,88.25,332.89,49.04,13.01,32,3.49,14.95,2.09,4.64,0.47,2.46,0.3
22.1,-15,"CARBONATITE [27252]",254.03,600.6,70.22,267.6,40.64,9.98,28.45,3.25,14.53,2.15,4.86,0.52,2.8,0.37
22.1,-15,"CARBONATITE [27252]",68.1,112.4,9.72,29.15,4.06,0.99,3.59,0.6,3.89,0.89,3.05,0.53,4.41,0.72
22.1,-15,"CARBONATITE [27252]",141.9,326.2,40.09,162.3,31.04,9.4,27.49,3.4,16.8,2.61,6.2,0.65,3.46,0.43
22.1,-15,"CARBONATITE [27252]",162.5,358.5,41.56,152.4,21.76,4.14,15.08,1.66,7.13,1.05,2.41,0.26,1.41,0.19
22.1,-15,"CARBONATITE [27252]",284.3,645.5,74.19,279.5,42.42,10.09,29.98,3.34,15.25,2.28,5.36,0.55,3.08,0.41
32.5,110.5,"CARBONATITE [27388]",549,964,98.2,352,53.9,14.3,46.3,4.97,24.4,4.13,10.5,1.29,7.33,0.99
32.5,110.5,"CARBONATITE [27388]",508,881,89.3,316,46.3,13.3,41.6,4.79,24,4.1,10.5,1.34,7.65,1.05
32.5,110.5,"CARBONATITE [27388]",517,893,89.8,322,46.8,13.4,42.4,4.8,24,4.1,10.5,1.33,7.61,1.05
32.5,110.5,"CARBONATITE [27388]",536,986,103,375,61.1,17.7,53.9,6.31,32,5.55,14.1,1.81,10.3,1.4
39.2,92.3,"CARBONATITE [28469]",4.88,8.73,0.95,3.4,0.61,0.16,0.45,0.06,0.35,0.07,0.2,0.03,0.18,0.03
39.2,92.3,"CARBONATITE [28469]",739,4.54,6.67,168,506,0.6,0.47,0.07,0.36,0.06,0.19,0.02,0.17,0.02
39.2,92.3,"CARBONATITE [28469]",116,5.62,15.6,428,432,0.54,0.37,0.05,0.29,0.06,0.17,0.02,0.14,0.02
39.2,92.3,"CARBONATITE [28469]",2847,7.66,5.53,532,266,0.6,0.53,0.06,0.33,0.07,0.18,0.03,0.18,0.03
39.2,92.3,"CARBONATITE [28469]",1669,7.18,2.94,328,367,0.67,0.56,0.08,0.38,0.07,0.2,0.03,0.17,0.03
39.2,92.3,"CARBONATITE [28469]",91.3,6.26,9.49,493,314,0.52,0.4,0.05,0.28,0.06,0.16,0.02,0.15,0.02
39.2,92.3,"CARBONATITE [28469]",1702,7.07,5.52,475,336,0.53,0.43,0.06,0.33,0.06,0.17,0.03,0.16,0.03
39.2,92.3,"CARBONATITE [28469]",58.1,7.03,5.48,400,78.5,0.58,0.43,0.06,0.31,0.05,0.15,0.02,0.13,0.02
14.8144,-24.6967,"CARBONATITE [14628]",531,507,95,311,46.4,15,38,5.11,28.1,5.01,13.6,1.81,11,1.53
14.8781,-24.6911,"CARBONATITE [14036]",511,920,122,405,61.5,19.9,54.7,7.15,36.2,6.5,17.6,2.44,14.5,1.97
14.8369,-24.6978,"CARBONATITE [14036]",327,586,103,341,50.5,16.2,41.1,5.5,29.2,5.04,13.6,1.75,10.5,1.44
14.83,-24.68,"CARBONATITE [14628]",417,759,95,310,45.4,15.1,40.3,5.18,28.2,5.48,15.9,2.24,13.3,1.79
14.83,-24.68,"CARBONATITE [14036]",386,671,66,227,32.2,10.2,25.8,3.94,21.2,3.96,11.5,1.63,10.2,1.47
14.8275,-24.7153,"CARBONATITE [14036]",354,615,60,209,30.6,9.5,24.8,3.83,21,3.98,11.5,1.6,9.7,1.38
14.83,-24.68,"CARBONATITE [14628]",324,640,72,282,45.8,14.2,36.1,5.21,25.5,4.56,11.8,1.49,8.4,1.14
14.83,-24.68,"CARBONATITE [14628]",675,1340,133,452,61.1,16.5,38.1,4.47,21.2,3.87,12.5,2.12,16.8,2.77
14.83,-24.68,"CARBONATITE [14036]",281,483,48,163,25.6,7.9,20.5,3.13,16.7,3.1,8.9,1.26,7.6,1.03
14.83,-24.68,"CARBONATITE [14036]",196,314,30,98,14.7,4.5,12.2,1.93,10.4,2.01,6,0.87,5.1,0.7
14.83,-24.68,"CARBONATITE [14036]",203,342,34,117,18.7,5.8,15.3,2.33,12.5,2.32,6.7,0.96,5.7,0.8
14.83,-24.68,"CARBONATITE [14859]",307,608,65.1,241,39.1,11.1,32.8,4.35,21.5,3.87,10.7,1.48,8.41,1.12
14.83,-24.68,"CARBONATITE [14859]",280,502,48.3,166,26.8,7.95,22.8,3.33,17.1,3.2,9.22,1.36,9,1.28
39.8623,106.9088,"CARBONATITE [28557]",251,456,53.4,193,28.2,5.32,30.8,5.3,29.9,5.68,17.8,3.23,22.1,3.28
39.8623,106.9088,"CARBONATITE [28557]",185,336,43.4,142,22.7,4.93,26.4,5.08,27.3,5.14,15.7,2.95,19.2,2.59
39.8653,106.909,"CARBONATITE [28557]",171,318,40.5,138,17.1,4.63,15.4,1.8,7.57,0.856,2.99,0.369,2.44,0.349
39.8613,106.9227,"CARBONATITE [28557]",267,496,60.2,213,33.3,6.75,32,5.01,20,2.41,6.71,0.858,6.31,0.956
39.8605,106.9132,"CARBONATITE [28557]",215,389,47.1,178,30.8,6.03,29.3,5.26,29.1,5.03,16.2,2.6,16.8,2.16
39.8612,106.913,"CARBONATITE [28557]",146,286,36.2,124,15,3.43,14.6,1.77,9.62,1.6,6.08,1,7.87,1.13
39.8647,106.9392,"CARBONATITE [28557]",1282,2386,269,869,111,15.1,58.5,6.17,25.4,3.72,9.29,1.22,7.59,0.97
39.8792,106.9085,"CARBONATITE [28557]",232,414,50.8,187,26.3,5.98,26.3,4.35,22.7,3.43,10,1.65,10.5,1.54
39.8793,106.9087,"CARBONATITE [28557]",779,1378,167,603,108,20.9,97.1,11.9,43.6,4.61,11.7,1.12,8.45,1.13
39.8803,106.91,"CARBONATITE [28557]",22.1,54,7.74,31.5,8.96,3.06,9.28,2.3,14.9,2.91,7.66,1.04,5.84,0.74
39.8808,106.9112,"CARBONATITE [28557]",12.1,30.6,4.72,21,6.34,2.07,6.23,1.67,10.4,2,5.2,0.695,3.67,0.424
0.53,29.3169,"CARBONATITE [28596]",481.5,908.8,96.2,331.8,39.8,8.2,17,1.9,9.3,1.6,3.7,0.4,2.2,0.3
0.53,29.3169,"CARBONATITE [28596]",243.7,442.1,47.1,163.1,22.2,5.8,14.2,1.7,8.7,1.7,4.3,0.6,3,0.4
0.53,29.3169,"CARBONATITE [28596]",251.5,476.4,50.3,181.3,29.3,8.7,23.9,3.3,17.7,3.6,9.6,1.3,6.6,0.9
0.53,29.3169,"CARBONATITE [28596]",540.5,1027,106,356.9,52.7,15.6,40.8,5.1,25.4,4.7,12.1,1.6,8.7,1.2
0.53,29.3169,"CARBONATITE [28596]",424.1,869.4,95.5,366,76.7,26,75.5,10.1,51.5,9.5,22.3,2.5,11.8,1.4
0.53,29.3169,"CARBONATITE [28596]",338.7,720.9,76.6,279.1,39.8,10.2,26,3.1,15.5,2.8,6.2,0.6,2.7,0.3
0.53,29.3169,"CARBONATITE [28596]",342.5,667.6,71.7,249.3,37.3,10.3,25,2.8,13.3,2.4,5.6,0.71,4.1,0.6
0.53,29.3169,"CARBONATITE [28596]",262.5,478.5,52.2,191.7,34.4,10.8,28.7,3.9,19.8,3.4,7,0.7,2.9,0.3
0.53,29.3169,"CARBONATITE [28596]",355.5,699.9,75.8,269.8,43.4,12.8,32.3,3.7,16.1,2.5,5.2,0.5,2.4,0.3
0.53,29.3169,"CARBONATITE [28596]",720.4,1160,101.8,303.8,34,9,23.8,2.9,15.4,3,7.7,1,5.3,0.7
0.53,29.3169,"CARBONATITE [28596]",343.8,689,77.3,292.9,53,16.9,50,7.6,40.7,7.3,17.3,2.1,11.1,1.6
0.53,29.3169,"CARBONATITE [28596]",325.8,648,71.5,251,37,10.7,27.4,3.1,12.5,1.7,3.2,0.3,1.7,0.3
0.53,29.3169,"CARBONATITE [28596]",366.9,744.4,87,339.4,70.3,23.6,69.9,9.7,50.5,9,20.5,2.2,10.3,1.3
0.53,29.3169,"CARBONATITE [28596]",381.3,832.4,86.5,306.3,44.4,11.3,28.5,3.4,16.4,2.9,6.4,0.6,2.7,0.3
0.53,29.3169,"CARBONATITE [28596]",247.9,476.4,51.4,184.2,30.3,8.9,24.2,3.1,16.7,3.3,8.7,1.2,6.3,0.8
0.53,29.3169,"CARBONATITE [28596]",539.1,1014,102.5,335.7,46.1,13.4,35.3,4.5,21.8,4.1,10.6,1.4,7.5,1
0.53,29.3169,"CARBONATITE [28596]",351.3,706.4,77.9,277.8,40.7,11.8,30.2,3.4,13.1,1.8,3.2,0.3,1.7,0.3
28.4536,101.982,"CARBONATITE [28710]",1000.6449472075,1747.74366368239,193.866432036154,660.203536337478,114.479511041745,29.1765800296367,81.4528015002528,10.5227805634298,52.0542709001145,9.31521992431628,24.1642297743119,3.27851545412503,19.9407729951789,2.71452021589364
28.4536,101.982,"CARBONATITE [28710]",2337.3208366407,3440.6503322429,336.499705572551,1056.74499496711,149.387994057735,34.3065935312322,89.9554786784459,10.8118602580599,52.3835166352893,9.01136472359785,23.0631565899863,3.02955222516734,17.9368363933037,2.43542543861491
28.4536,101.982,"CARBONATITE [28710]",4807.71963710719,7873.01100669585,786.619607004135,2571.042496341,263.74137210129,45.3947311084368,111.919125058389,9.74818781346937,39.3196069208116,6.2202266199158,15.5267055195626,1.9838783033506,11.6139139901957,1.58415062260928
60.75,-45.87,"CARBONATITE [28792]",22737,40639,3593,11200,933.3,176,414,20.3,50.7,0.5,0,0.5,4.7,0.4
60.75,-45.87,"CARBONATITE [28792]",22724,41444,3701,12900,959.3,170,406,21.3,51.3,1.3,2.6,0.9,6.9,0.6
60.75,-45.87,"CARBONATITE [28792]",36451,59300,5808,20100,1351,226,602,25.2,63.2,0,0,0.6,6.2,0.4
60.75,-45.87,"CARBONATITE [28792]",37199,59100,5877,20100,1324,223,539,22.6,48.9,0,0,0.5,6.1,0.4
60.75,-45.87,"CARBONATITE [28792]",5232,10677,1018,3477,297,53,123,6.5,16,0.4,0.1,0.2,2.1,0.2
60.75,-45.87,"CARBONATITE [28792]",369,869,112,450,57,13,31,2.7,9.5,1.1,2.8,0.4,2.8,0.4
42.95,13.63,"CARBONATITE [9100]",62.7,135,16.8,69.6,14.2,2.75,11.3,1.3,6.6,1.03,2.6,0.3,2,0.29
14.9,-24.3,"CARBONATITE [14859] / SOVITE [14149]",517,1170,142,583,101,28.2,79.7,9,39.4,6.07,14.9,1.85,9.92,1.18
14.9,-24.3,"CARBONATITE [14859] / SOVITE [14149]",445,789,79.9,284,44.4,13.1,36.1,4.6,22.2,3.97,10.7,1.47,8.76,1.14
14.9,-24.3,"CARBONATITE [14859]",1160,1970,200,725,103,27.1,64,5.21,16.5,2.53,6.66,1.03,6.42,0.868
14.9,-24.3,"CARBONATITE [14859] / SOVITE [14149]",364,768,87.5,337,55.5,15.9,43.9,5.32,24.7,4.05,10.8,1.41,8.01,1.06
14.9,-24.3,"CARBONATITE [14859]",461,842,90,338,52.8,15.9,43.8,5.3,25.1,4.18,11.1,1.48,8.83,1.2
15,-24.5,"CARBONATITE [14859]",231,394,44.5,166,28.5,8.6,25.9,3.36,16.6,2.9,7.85,1.08,6.09,0.783
15,-24.5,"CARBONATITE [14859]",244,403,44.6,164,28,8.48,25.7,3.35,16.3,2.94,7.97,1.09,6.11,0.808
16.85,-25,"CARBONATITE [14859]",59.7,70.8,6.67,25.3,6.89,2.73,8.89,1.61,10,2.08,6.19,0.975,6.05,0.833
16.85,-25,"CARBONATITE [14859]",196,244,23.3,83.3,17,6.07,17.7,2.91,17.6,4.08,13.6,2.39,15.7,2.21
16.85,-25,"CARBONATITE [14859]",85.9,95.8,8.62,29.5,5.47,1.92,5.85,0.94,5.59,1.3,4.47,0.799,5.54,0.887
16.85,-25,"CARBONATITE [14859]",90.9,141,16.2,67.4,19,6.92,21.3,3.21,16.3,3.01,8.25,1.19,7.86,1.06
16.85,-25,"CARBONATITE [14859]",159,204,18.4,57.6,8.39,3.21,9.58,1.72,10.4,2.14,6.68,1.14,7.83,1.18
-20.3169,14.7025,"CARBONATITE, CALCITE [28935]",198,384,40.7,140,22.3,6.21,14.3,2.1,11.1,2.2,5.7,0.79,4.8,0.7
-20.3104,14.7038,"CARBONATITE, CALCITE [28935]",546,956,103,334,43,10.7,25.4,3.7,18.9,3.7,10.5,1.54,10.1,1.42
-20.31,14.7036,"CARBONATITE, CALCITE [28935]",269,484,48.8,168,22.3,6.32,15.5,2.2,12,2.4,6.4,0.92,5.3,0.66
-20.3116,14.6985,"CARBONATITE, CALCITE [28935]",705,1070,91.7,278,33.3,8.89,22.1,3.1,16.3,3.3,10,1.5,9.6,1.39
-20.3155,14.7046,"CARBONATITE, CALCITE [28935]",266,514,53.5,188,30.2,8.03,19.3,2.9,15.8,2.9,8.1,1.24,7.9,1.14
-20.3156,14.6951,"CARBONATITE, CALCITE [28935]",625,1060,97.7,318,45.3,12.3,29,4.1,24.1,5.1,16.3,2.65,18.5,2.62
-20.3,14.7,"CARBONATITE, CALCITE [28935]",182,371,39.3,133,22.9,6.59,17,2.8,14.6,2.8,7.9,1.22,8.2,1.26
-20.3132,14.7035,"CARBONATITE, CALCITE [28935]",202,370,37.5,129,21.1,5.79,14.1,2.1,12.2,2.4,6.4,0.97,6.2,0.9
-20.3,14.7,"CARBONATITE, CALCITE [28935]",384,648,64.6,212,35.1,9.82,26.6,4.3,24.2,4.9,14.6,2.28,15.7,2.37
-20.3107,14.7021,"CARBONATITE, CALCITE [28935]",313,546,53.1,179,26.5,7.37,16.5,2.4,12.1,2.3,6,0.84,4.8,0.62
-20.3101,14.7047,"CARBONATITE, CALCITE [28935]",213,398,40.5,138,21.9,5.97,14.1,2.2,12.1,2.3,6.4,0.97,5.9,0.85
-20.3101,14.7054,"CARBONATITE, CALCITE [28935]",272,486,48.6,171,27.1,7.48,18.1,2.5,13,2.4,6.6,0.84,4.8,0.65
-20.3127,14.7014,"CARBONATITE, CALCITE [28935]",205,383,37.9,130,20.7,5.59,13.6,2.1,11.2,2.2,5.8,0.9,5.6,0.77
-20.313,14.7018,"CARBONATITE, CALCITE [28935]",238,502,55.6,203,33.9,9.44,22.7,3.1,15,2.6,6.7,0.92,5.2,0.66
-20.3165,14.7027,"CARBONATITE, CALCITE [28935]",184,337,32.9,115,18.4,4.99,12.1,1.8,10,1.9,5.2,0.73,4.6,0.61
-20.3182,14.7041,"CARBONATITE, CALCITE [28935]",269,533,56.2,201,30.8,8.21,19.9,2.8,13.5,2.4,6.1,0.82,5,0.68
42.4,12.85,"CARBONATITE [9880]",95,184,21.5,81.7,15.1,2.9,12.2,1.2,5.6,0.66,1.7,0.2,0.9,0.13
42.95,13.63,"CARBONATITE [9880]",62.7,135,16.8,69.6,14.2,2.75,11.3,1.3,6.6,1.03,2.6,0.3,2,0.29
42.95,13.63,"CARBONATITE [9880]",49.4,108,13.5,54.4,10.9,2.24,8.4,1,5.2,0.76,2,0.2,1.4,0.2
42.5928,12.8483,"CARBONATITE [9880]",63.6,119,13.7,55.3,12.5,3.35,9.4,1.1,5.2,0.72,1.8,0.2,1.1,0.17
42.5928,12.8483,"CARBONATITE [9880]",45.4,80.3,10,40.9,9,2.01,7.1,0.9,4.3,0.64,1.6,0.2,1.1,0.11
42.4,12.85,"CARBONATITE [9880]",81.1,164,19,71.3,13.8,2.64,9.9,1.1,4.7,0.57,1.5,0.1,0.9,0.15
-17,-66.75,"CARBONATITE [11169]",30,116,17.4,66.8,15.5,3.69,15.8,2.82,16.9,3.18,8.22,1.05,5.61,0.69
-17,-66.83,"CARBONATITE [11169]",224,331,32.4,93.6,11.7,3.2,8.3,0.94,4.43,0.82,2.19,0.32,1.91,0.3
-17,-66.6,"CARBONATITE [11169]",819,1554,163,539,65.6,15.9,31.3,2.77,11.5,1.9,5.17,0.78,5.38,0.81
42.03,13.03,"CARBONATITE [11357]",67.5,107.6,10.7,32.3,4.8,0.8,3.5,0.3,1.4,0.2,0.6,0.1,0.7,0
42.03,13.03,"CARBONATITE [11357]",72.3,115.3,12,36,4.6,0.9,3.7,0.4,2,0.3,0.7,0.1,0.5,0
42.03,13.03,"CARBONATITE [11357]",53.3,87.6,8.8,24.3,3.5,0.7,3,0.3,1.1,0.2,0.5,0.1,0,0.1
42.03,13.03,"CARBONATITE [11357]",33.4,55.4,5.5,16.1,2.2,0.4,1.6,0.1,0.6,0.1,0.4,0.1,0.4,0
42.03,13.03,"CARBONATITE [11357]",32.3,55.5,5.5,16.2,2,0.4,2.5,0.1,0.6,0.1,0.3,0,0.3,0
42.03,13.03,"CARBONATITE [11357]",50,89.5,8.7,24.2,3.1,0.6,3.4,0.2,1.1,0.2,0.6,0.1,0,0.1
42.03,13.03,"CARBONATITE [11357]",65.7,118,11.6,32.6,3.9,0.8,3.2,0.3,1.5,0.2,0.7,0.1,0.7,0.1
42.03,13.03,"CARBONATITE [11357]",146.8,253.9,24.1,74.6,8.6,1.8,7.4,0.6,3.4,0.6,1.5,0.2,0,0
42.03,13.03,"CARBONATITE [11357]",65.2,110.3,10.9,32,4.1,0.8,3.5,0.3,1.5,0.2,0.6,0.1,0.5,0.1
42.03,13.03,"CARBONATITE [11357]",170,316,30.7,88.4,10.4,2.7,9.5,1.1,5,0.7,1.9,0,1.9,0.3
59.02,-64.7,"CARBONATITE [17793]",170.344793,421.12669,42.421445,159.001331,24.136972,6.056266,15.288644,1.587712,6.08162,0.876586,1.862227,0.1888614147175,0.961815,0.098304
55.1,-59.18,"CARBONATITE, DOLOMITE [17104]",3920,6780,594.2,1690,139,26.72,59.88,4.72,20.7,3.38,9.92,1.21,7.47,0.98
55.1,-59.18,"CARBONATITE, DOLOMITE [17104]",1520,3000,305.3,1040,107,22.26,45.86,4.22,15.07,2.7,12.84,3.07,30.52,4.97
55.1,-59.2,"CARBONATITE, DOLOMITE [17104]",1490,2850,369.6,1030,106,20.62,44.23,3.39,13.88,2.23,6.68,0.98,7.43,1.21
55.1,-59.18,"CARBONATITE, DOLOMITE-CALCITE [17104]",215,431,46.4,167,23.3,5.28,13.73,1.61,8.08,1.58,5.88,1.08,8.07,1.35
55.1,-59.18,"CARBONATITE, DOLOMITE-CALCITE [17104]",347,510,52.1,185,29,7.9,18.9,2.24,9.68,1.44,3.68,0.48,2.79,0.38
55.1,-59.2,"CARBONATITE, DOLOMITE-CALCITE [17104]",564,1240,147.3,607,100,27.02,68.27,7.71,32.38,4.52,10.34,1.26,7.04,0.87
55.1,-59.2,"CARBONATITE, DOLOMITE-CALCITE [17104]",376,741,82.3,314,49.4,13.78,32.56,3.81,15.67,2.24,5.26,0.62,3.37,0.42
66.51008,-51.2473,"NOT GIVEN [15411]",142.5,290,33.9,119.5,15.45,3.67,12.25,1.25,4.57,0.67,1.77,0.16,1.02,0.16
63.99407,-49.769024,"CARBONATITE, CALCITE [20907]",289.1,730.5,78.16,294.9,39.3,10.9,26.13,3.68,14.64,2.22,4.91,0.64,3.48,0.45
63.99876,-49.769259,"CARBONATITE, CALCITE [20907]",359.6,849.7,87.16,317.2,39.7,10.57,25.13,3.44,14.27,2.08,4.98,0.64,3.71,0.5
63.99284,-49.733385,"CARBONATITE, CALCITE [20907]",232.1,589,65.78,257.3,35.6,9.66,23.84,3.26,12.75,1.78,3.99,0.49,2.62,0.31
63.99422,-49.761341,"CARBONATITE, CALCITE [20907]",545.5,1219.5,120.58,427.1,51.6,13.71,33.03,4.77,19.54,2.9,6.76,0.89,5.17,0.68
63.99422,-49.761341,"CARBONATITE, CALCITE [20907]",236.8,606.5,66.32,256.4,34.4,9.09,21.91,2.92,11.51,1.73,3.82,0.5,2.51,0.31
63.98726,-49.744762,"CARBONATITE, DOLOMITE [20907]",348.6,912.7,102.39,390.9,48.3,12.59,29.38,3.96,14.63,1.81,3.75,0.44,2.33,0.25
63.98619,-49.705808,"CARBONATITE, CALCITE [20907]",614.7,1299.5,123.84,405.8,46.8,12.01,29.78,4.55,18.09,2.79,6.88,0.96,5.69,0.79
63.98619,-49.705808,"CARBONATITE, CALCITE [20907]",494.8,1066.6,101.7,345.6,42.6,11.48,28.64,4.21,18.17,2.81,7.14,1.02,6.04,0.81
63.98777,-49.744418,"CARBONATITE, CALCITE [20907]",291,721.8,78.82,299.4,40.7,11.2,27.09,3.97,16.19,2.54,6.27,0.8,4.44,0.58
63.98218,-49.733563,"CARBONATITE, DOLOMITE [20907]",297.4,770.9,77.57,284.5,35.3,9.31,21.85,2.86,10.6,1.42,3.19,0.38,1.96,0.33
28.23,101.88,"CARBONATITE [17529]",3400,4500,337,1200,121,32.1,84,7.65,28.7,4.71,14.4,1.53,8.81,1.26
28.23,101.88,"CARBONATITE [17529]",3300,4300,317,1000,91.7,21.8,67.9,5.26,18,3,9.86,0.92,5.45,0.8
-25.88,28.93,"CARBONATITE, DOLOMITE-CALCITE [17572] / CARBONATITE, CALCITE-DOLOMITE [19389]",146,421,54.1,244,53,15.8,1.21,7.9,37.2,6.24,13.9,1.76,10.3,1.24
-25.88,28.93,"CARBONATITE, DOLOMITE-CALCITE [17572] / CARBONATITE, CALCITE-DOLOMITE [19389]",109,257,28.2,112,19.4,5.7,3.46,2.8,12.6,2.39,6.16,0.9,5.5,0.71
51.6017,-10.0578,"CARBONATITE [18146]",68.79,130.04,14.82,56.94,10.38,2.97,9.2,1.22,5.41,0.92,2.32,0.27,1.46,0.2
67.55,33.22,"CARBONATITE [18183] / CARBONATITE, CALCITE [19393]",454,933,105,371,49.1,12.8,29.4,3.62,17,2.8,6.8,0.851,5.04,0.699
67.55,33.22,"CARBONATITE [18183] / CARBONATITE, CALCITE [19393]",16746,21254,1652,4210,284,58.1,115,11,44.1,6.27,15,1.82,11.3,1.6
67.55,33.22,"CARBONATITE [18183] / CARBONATITE, RHODOCHROSITE-ANKERITE [19393]",4876,14785,1726,5501,415,69.5,95.7,8.13,27.6,3.46,8.19,1.05,7.65,1.22
67.55,33.22,"CARBONATITE [18183] / CARBONATITE, RHODOCHROSITE-ANKERITE [19393]",2833,6333,675,2092,185,36.6,71.6,6.88,30.4,4.76,11.6,1.52,8.86,1.25
50.25,6.73,"CARBONATITE [12440]",41.9,69.49,27.33,96.67,14.5,4.2,13.01,1.53,7.16,1.31,3.55,0.52,2.81,0.45
50.25,6.73,"CARBONATITE [12440]",47.3,79.15,9.42,34.99,5.45,1.76,5.2,0.64,3.05,0.54,1.54,0.19,1.08,0.26
50.25,6.73,"CARBONATITE [12440]",46.85,72.1,8.52,30.97,4.24,1.32,4.6,0.58,2.75,0.63,1.56,0.22,1.32,0.24
32.2,110.2,"CARBONATITE [25918]",804,1315,121,395,52,17,40.8,5.46,28.7,5.28,12.75,1.63,9.21,1.29
6,0,"NOT GIVEN [19958] / CARBONATITE [20140]",205,355,37.9,123,17.9,5.31,13.5,1.61,7.88,1.45,3.58,0.45,2.65,0.4
-20.57,16,"CARBONATITE [19391] / SOVITE [18016]",3176,5695,595,1777,225,62.9,152,20,96.5,16.5,37,4.43,26.4,4.06
-20.57,16,"CARBONATITE [19391] / SOVITE [18016]",4384,8006,849,2570,314,87.3,205,25.1,115.5,19.2,43.2,4.91,23.4,3.23
-20.57,16,"CARBONATITE [19391] / SOVITE [18016]",2261,4175,440,1376,172,47.4,111,13.4,65.3,11.7,28,3.34,17,2.46
67.5667,30.4833,"PHOSCORITE, CALCITE-FORSTERITE-MAGNETITE [19393]",98.8,234,30,114,17.4,3.84,12.6,1.3,5.91,0.69,1.55,0.13,0.84,0.05
34.41,-2.89,"CARBONATITE [13338]",321,637,69.4,245,38.2,11.9,30,3.91,18.5,3.13,7.22,0.96,5,0.633
28.45,101.98,"CARBONATITE [21749]",2158,6371,338,1653,202,45.8,170,17,65.9,11.9,37.1,4.24,26.9,3.41
28.45,101.98,"CARBONATITE [21749]",1194,3632,185,568,106,24,88.5,8.06,28.1,5.07,16.4,1.88,12.3,1.67
28.45,101.98,"CARBONATITE [21749]",497,1499,85.6,557,73.9,18.2,63.9,6.68,28,5.09,15.2,1.85,12,1.61
28.45,101.98,"CARBONATITE [21749]",220,773,86.4,324,50.7,12.8,42.6,5.25,24.1,4.45,13.3,1.66,10.9,1.51
28.45,101.98,"CARBONATITE [21749]",260,855,95.8,354,54.8,14.3,45.5,5.58,25.2,4.75,14.3,1.77,11.8,1.59
28.45,101.98,"CARBONATITE [21749]",420,1305,103,401,47.3,11.1,39.6,3.96,15.8,2.81,8.68,1.04,7.32,1.07
27.21,101.96,"CARBONATITE [21749]",1187,1697,155,400,35.5,9.85,20.5,2.46,10.3,1.71,5.11,0.58,3.49,0.43
27.21,101.96,"CARBONATITE [21749]",1198,1961,206,603,65.2,16.3,36.5,3.97,17.1,2.66,7.64,0.81,4.41,0.53
27.21,101.96,"CARBONATITE [21749]",10120,16510,1698,4491,413,99.8,205,25.1,103,16.1,46.9,4.72,23.5,2.52
14.83,-24.68,"CARBONATITE [14036]",363,636,119,391,58.8,18.6,50,6.88,36.3,6.62,17.9,2.44,15,2.1
14.83,-24.68,"CARBONATITE [14036]",722,1370,170,571,87,27.8,76,10.2,51.5,9.11,26.1,3.88,24.2,3.27
14.83,-24.68,"CARBONATITE [14036]",416,725,138,458,68.2,22.5,57,7.88,41.3,7.26,19.5,2.58,15.2,2.06
14.83,-24.68,"CARBONATITE [14036]",421,734,136,439,66.1,21.3,54,7.32,37.8,6.5,17.2,2.21,13,1.73
14.83,-24.68,"CARBONATITE [14036]",506,746,89,264,34.5,10.9,28.2,3.85,21.2,4,11.5,1.57,9.7,1.37
14.83,-24.68,"CARBONATITE [14036]",285,496,49,163,24.4,7.3,18.5,2.78,15.2,2.94,9.1,1.39,8.9,1.27
14.83,-24.68,"CARBONATITE [14036]",259,458,45,155,24.2,7.6,19.6,3.23,17.7,3.36,10.2,1.56,10,1.39
14.83,-24.68,"CARBONATITE [14036]",1380,2560,263,935,135,38.8,92.3,9.82,38.9,6.04,14.6,1.69,9.1,1.06
34.19,105.18,"CARBONATITE [14528]",50.38,67.77,9.94,36.3,6.13,1.78,4.95,0.69,3.09,0.57,1.26,0.16,0.81,0.11
34.19,105.18,"CARBONATITE [14528]",3.68,4.36,0.62,2.29,0.44,0.09,0.34,0.06,0.3,0.06,0.16,0.03,0.13,0.02
34.19,105.18,"CARBONATITE [14528]",86.03,127.8,17.3,63.1,10.54,3.16,8.46,1.2,4.99,0.87,1.8,0.25,1.1,0.15
34.19,105.18,"CARBONATITE [14528]",7.77,18.61,2.19,6.81,1.33,0.29,1.24,0.19,1.03,0.22,0.55,0.08,0.47,0.07
34.19,105.18,"CARBONATITE [14528]",3.82,5.19,0.87,2.79,0.52,0.1,0.39,0.06,0.3,0.06,0.14,0.02,0.11,0.02
34.19,105.18,"CARBONATITE, CALCITE [14528] / CARBONATITE [14529]",4.75,6.17,0.85,2.62,0.62,0.12,0.35,0.05,0.2,0.04,0.09,0.01,0.05,0.01
34.19,105.18,"CARBONATITE [14528]",19.89,31.68,5.28,18.1,3.46,1.08,2.92,0.4,1.9,0.33,0.8,0.11,0.57,0.08
6,0,"NOT GIVEN [19958] / CARBONATITE [20140]",142,274,29.4,100,15.3,4.55,11.1,1.32,6.56,1.22,2.98,0.37,2.11,0.32
32.5342,-4.7156,"CARBONATITE [14558]",983,1511,137,435,54.6,15.5,40,5.21,29.9,5.38,14.6,1.19,11.4,1.55
32.5414,-4.6964,"CARBONATITE [14558]",669,1045,94,300,43,12.7,33.2,4.47,25.5,4.84,14.1,2.12,13.4,1.87
32.5408,-4.6908,"CARBONATITE [14558]",584,807,67.5,196,24.3,7.07,17.5,2.38,13.3,2.57,7.21,1.05,6.61,0.9
32.5375,-4.6925,"CARBONATITE [14558]",459,679,61,198,28.7,8.29,21.8,3.04,18.2,3.52,10.4,1.54,9.88,1.36
32.535,-4.7139,"CARBONATITE [14558]",889,1342,125,409,77.2,25.4,63.7,8.61,44.3,7.21,17.2,2.36,14.4,1.91
32.5325,-4.7044,"CARBONATITE [14558]",412,703,66.9,217,31.6,10,28.4,5.12,37.1,8.21,26.1,3.97,26,3.63
32.5333,-4.6911,"CARBONATITE [14558]",3178,3787,295,783,80.9,22.7,56,6.79,37,6.9,20.4,2.92,18.7,2.54
32.5592,-4.6722,"CARBONATITE [14558]",143,127,8.79,22.5,2.19,0.65,1.52,0.2,1.39,0.32,1.11,0.17,1.13,0.18
32.5592,-4.6689,"CARBONATITE [14558]",8.74,8.22,0.53,1.38,0.18,0.06,0.21,0.03,0.25,0.07,0.24,0.04,0.26,0.04
32.5606,-4.67,"CARBONATITE [14558]",2.65,2.43,0.2,0.74,0.16,0.06,0.27,0.07,0.64,0.18,0.69,0.13,0.94,0.16
32.5525,-4.6508,"CARBONATITE [14558]",113,102,7.25,19,2.07,0.55,1.36,0.17,1.16,0.27,0.86,0.13,0.86,0.13
32.5444,-4.6597,"CARBONATITE [14558]",232,187,10.6,23.4,0.98,0.23,0.32,0.03,0.13,0.02,0.05,0.01,0.04,0.01
32.5778,-4.6542,"CARBONATITE [14558]",150,180,14.2,40.9,3.6,0.88,2.55,0.23,1.1,0.2,0.56,0.08,0.53,0.08
32.5639,-4.6722,"CARBONATITE [14558]",527,637,53.6,161,22.5,7.86,22.8,3.42,19.5,3.39,10.6,1.76,13.5,2.2
32.5683,-4.6722,"CARBONATITE [14558]",3412,2917,179,399,31.5,7.78,16.2,1.47,5.87,0.89,3.35,0.57,4.78,0.86
32.57,-4.67,"CARBONATITE [14558]",600,718,58.6,171,20,5.87,14.4,1.88,10.7,1.87,5.94,0.95,7.7,1.3
32.5611,-4.6731,"CARBONATITE [14558]",716,1099,106,342,41.4,11.1,25.7,2.99,15.7,2.59,6.71,0.81,4.56,0.6
32.5611,-4.6508,"CARBONATITE [14558]",324,487,46.6,151,20.6,5.92,14.4,1.73,9.26,1.45,4.06,0.46,2.82,0.37
-23.867,27.167,"CARBONATITE [26961]",293,853,131,603,149,41.5,83.7,7,24.9,3.2,7.7,0.84,3.8,0.48
-28.18,17.43,"CARBONATITE [26961]",148,230,20.5,62.5,7.2,1.72,4.1,0.5,2.3,0.4,0.8,0.11,0.7,0.09
-25.87,17.78,"CARBONATITE [26961]",242,505,55.5,196,45.6,14.6,74.2,15.6,92.2,16.8,39.5,4.18,21.7,2.61
39.55,78.95,"CARBONATITE [20848]",451,659,69.2,250,61.4,18.8,62.3,10.6,45.6,6.08,13.2,1.51,9.47,1.15
39.55,78.95,"CARBONATITE [20848]",3460,4479,368,1167,108,23.1,33.6,4.81,20.5,3.32,6.01,0.66,3.79,0.47
39.55,78.95,"CARBONATITE [20848]",18175,14570,1283,2607,145,27.7,122,6.95,17.7,2.28,4.99,0.46,2.73,0.33
63.99422,-49.761341,"CARBONATITE, DOLOMITE [20907]",133.7,353.4,38.86,146.7,20.3,4.84,11.57,1.52,5.96,0.77,1.67,0.23,1.11,0.15
63.98726,-49.744762,"CARBONATITE, DOLOMITE [20907]",195.2,522.3,58.8,222.5,29.4,7.63,18.36,2.45,8.69,1.06,2.29,0.28,1.58,0.19
63.98218,-49.733563,"CARBONATITE, DOLOMITE [20907]",118.6,318.7,33.19,121.4,14.7,3.89,9.52,1.28,4.91,0.69,1.86,0.23,1.05,0.14
14.92,-24.35,"CARBONATITE [14859]",335,689,76.8,299,48.9,14.5,41.2,5.14,24.7,4.14,10.9,1.4,7.8,1.01
-24.7,-48.04,"CARBONATITE, CALCITE-APATITE [21077] / CARBONATITE, APATITE-CALCITE [23020]",143.38,306.59,36.24,143.4,23.68,6.93,18.86,2.1,9.65,1.45,2.98,0.31,1.62,0.21
-24.7,-48.04,"CARBONATITE, DOLOMITE [21077]",30.28,71.28,8.98,38.34,7.31,2.2,6.38,0.76,3.62,0.57,1.19,0.13,0.68,0.09
-24.7,-48.04,"CARBONATITE, CALCITE [21077]",116.67,250.44,33.52,136.62,24.88,7.31,20.65,2.37,10.94,1.7,3.53,0.36,1.91,0.24
12.467,78.45,"CARBONATITE [21090]",11,22,2.4,9.4,1.9,0.46,1.8,0.25,1.3,0.28,0.75,0.1,0.71,0.12
12.467,78.45,"CARBONATITE [21090]",6.5,14,1.6,6.2,1.3,0.28,1.2,0.17,0.87,0.2,0.52,0.07,0.49,0.08
12.467,78.45,"CARBONATITE [21090]",6.7,27,4.4,22,6.5,1.9,5.3,0.74,3.4,0.68,1.7,0.22,1.5,0.23
12.467,78.45,"CARBONATITE [21090]",5.8,17,2.3,10,2.4,0.66,2,0.25,1.1,0.21,0.5,0.06,0.36,0.06
12.467,78.45,"CARBONATITE [21090]",7.2,27,4.2,21,5.6,1.5,4.2,0.56,2.5,0.47,1.2,0.14,0.87,0.12
12.467,78.45,"CARBONATITE [21090]",7.3,17,2.1,9.1,2.1,0.61,1.8,0.23,1,0.2,0.46,0.06,0.35,0.06
12.467,78.45,"CARBONATITE [21090]",2.3,4.8,0.64,3.1,0.83,0.25,0.77,0.1,0.43,0.08,0.19,0.02,0.14,0.02
12.467,78.45,"CARBONATITE [21090]",18,72,11,60,16,4.7,14,1.9,8.4,1.6,4,0.52,3.6,0.62
12.417,78.533,"CARBONATITE [21090]",327,658,69,262,44,12,40,4.5,19,3.4,8.1,0.88,5.1,0.8
12.417,78.533,"CARBONATITE, APATITE [21090] / CARBONATITE [23104]",482,1004,106,408,70,18,59,6.4,25,4.2,9.4,1,5.5,0.82
12.417,78.533,"CARBONATITE, MAGNETITE [21090]",263,626,71,288,55,14,48,5.5,23,4,9.2,1,6.2,0.94
12.417,78.533,"CARBONATITE [21090]",239,547,62,248,46,12,41,4.8,20,3.6,8.4,0.95,5.7,0.88
12.417,78.533,"CARBONATITE [21090]",195,486,57,237,49,13,42,5,21,3.7,8.9,1,6.1,0.93
43.23,131.73,"CARBONATITE [9398]",19,30,39,18,3.3,1.13,3.7,0.56,3.23,0.6,2.12,0.26,1.42,0.21
49,87,"CARBONATITE [15257]",144,276,20.4,54,8,3.1,3.4,3.5,0.9,0.1,0.2,0.03,3,0.7
49,87,"CARBONATITE [15257]",525,991,109,293,38.3,10,32,3.7,17,2.8,7.5,0.9,5,0.5
34.3952,110.0261,"CARBONATITE [22137]",149,379,50.7,239,63.8,21.2,88.5,12.1,81.6,18.9,63.2,11,77.5,11.1
34.3952,110.0261,"CARBONATITE [22137]",127,340,48,239,72.2,24,108,14.6,102,24.6,81.4,14.6,106,16.7
34.3952,110.0261,"CARBONATITE [22137]",129,328,43,204,58,19.5,86.6,12.1,82.2,20,67.2,11.8,85.3,12.6
34,110,"CARBONATITE [22137]",230,595,78.1,351,82.5,24.6,89.2,12.2,76,16.5,51.3,8.31,56.6,8.19
34,110,"CARBONATITE [22137]",165,443,61.2,290,80.7,26.2,104,14.9,102,23.4,76.8,12.9,92.3,13.9
34,110,"CARBONATITE [22137]",102,304,45.2,221,65.7,21.4,85.4,12.5,85.3,19.7,64.5,11.1,79.1,11.8
34,110,"CARBONATITE [22137]",101,271,38.8,192,57.5,18.8,82.5,11,73.2,16.9,55.4,9.59,68.1,9.94
34,110,"CARBONATITE [22140]",211,467,63.8,264,64.4,18.2,69.9,11.2,65.6,15.8,48.4,7.78,57,8.29
34,110,"CARBONATITE [22140]",233,485,60.7,260,57.5,16.3,58.7,9,58.3,14,45.4,7.92,59.7,9.1
34,110,"CARBONATITE [22140]",106,256,36.4,169,51.5,16.6,71.9,12,86.6,22.4,75.8,13.7,105,16
34,110,"CARBONATITE [22140]",145,302,39.8,177,41.1,11.7,45.4,6.76,41.9,10.1,32.8,5.66,42.7,6.74
34,110,"CARBONATITE [22140]",128,310,43.2,199,58.8,18.2,71.6,12.6,90.2,23.1,76.8,13.7,105,16.1
48.1,7.65,"SYENITE, NOSEAN [22418]",543.070854271357,799.042713567839,74.5879396984925,173.984924623116,14.9683417085427,3.58343228279479,8.77498589911959,0.60284474384448,2.18492462311558,0.316582914572864,0.680035286798308,0.085427135678392,0.579396984924623,0.0874371859296482
48.1,7.68,"CARBONATITE [22418]",875.532096288867,1271.6444332999,116.710631895687,343.686559679037,38.6730190571715,10.90719082965,28.2807569106156,3.210002230927,17.332998996991,3.25025075225677,8.73534610847008,1.25626880641926,8.33751253761284,1.27933801404213
48.1,7.68,"CARBONATITE [22418]",589.404522613065,1183.80854271357,101.789447236181,306.820603015075,37.0984924623116,10.5976920467654,25.5930838046222,2.90039113471404,15.2422110552764,2.67788944723618,6.73712204159773,0.918090452261307,5.79346733668342,0.836683417085427
48.1,7.68,"CARBONATITE [22418]",588.681544633902,1184.44282848546,105.965396188566,331.831995987964,41.4824473420261,11.7635301540143,28.2861219560379,3.22234222634356,16.8525576730191,2.95235707121364,7.30614750872521,0.981444332998997,6.0987963891675,0.889167502507523
48.1,7.68,"CARBONATITE [22418]",665.485,1240.5175,106.3845,308.711,38.794,11.288123377175,25.7602388649124,3.01373033300237,15.864,2.85,7.42691231001298,1.025,6.559,0.942
48.1,7.68,"CARBONATITE [22418]",622.784431137724,1067.12824351297,93.1781437125749,270.674650698603,33.7839321357285,9.76855951089915,23.3434105281639,2.71382814833176,14.2455089820359,2.62225548902196,6.88372808534005,0.970558882235529,6.28642714570858,0.932634730538922
48.1,7.67,"CARBONATITE [22418]",575.407149950348,1080.01241310824,96.5858987090367,292.980139026812,38.1916583912612,10.905665366074,26.2428431264342,3.01675628349965,15.7611717974181,2.82025819265144,7.2618647907328,0.998013902681231,6.38430983118173,0.93545183714002
48.1,7.67,"CARBONATITE [22418]",767.487462387161,1288.55315947844,119.161985957874,354.243731193581,45.1795386158475,12.816290125862,30.9809436667532,3.66310964130457,19.5476429287864,3.57572718154463,9.50911049615661,1.33400200601805,8.81043129388165,1.30090270812437
47.92,7.75,"CARBONATITE [22418]",389.97029204431,555.780463242699,48.2527693856999,143.313192346425,18.3645518630413,5.56141935803541,14.1324010996484,1.72187966802522,9.45015105740181,1.82779456193353,4.966986868055,0.702416918429003,4.39979859013092,0.61631419939577
-2.75,35.93,"CARBONATITE [16311]",512,484,33,77,5.2,1.39,3.07,0.21,0.85,0.08,0.24,0.02,0.1,0.02
-2.75,35.93,"CARBONATITE [16311]",565,626,45.7,107,6.8,1.61,4.13,0.35,1.13,0.13,0.34,0.03,0.17,0.02
-2.75,35.93,"CARBONATITE [16311]",390,481,37.3,92,6.6,1.46,3.33,0.31,1.09,0.12,0.35,0.03,0.21,0.03
-2.75,35.93,"CARBONATITE [16311]",586,636,45.9,110,7.7,1.83,4.57,0.37,1.36,0.16,0.45,0.04,0.21,0.03
-2.75,35.93,"CARBONATITE [16311]",460,507,36.9,89,6.3,1.51,3.5,0.33,1.07,0.12,0.34,0.04,0.18,0.03
-2.75,35.93,"CARBONATITE [16311]",424,484,35.8,86,5.9,1.43,3.29,0.29,0.97,0.12,0.32,0.03,0.17,0.02
-2.75,35.93,"CARBONATITE [16311]",455,570,46.9,128,12,2.96,6.98,0.67,2.99,0.4,1.01,0.12,0.71,0.08
-2.75,35.93,"CARBONATITE [16311]",481,606,50.4,137,13.2,3.31,7.25,0.79,3.2,0.46,1.16,0.13,0.72,0.1
-2.75,35.93,"CARBONATITE [16311]",423,504,39.6,105,9.5,2.37,5.6,0.59,2.45,0.37,0.94,0.12,0.71,0.09
-2.75,35.93,"CARBONATITE [16311]",595,599,40.3,91,6.3,1.64,3.92,0.36,1.19,0.16,0.43,0.05,0.26,0.04
54.75,-99.83,"CARBONATITE, DOLOMITE [13911]",68,164,21,80,19,5.4,19,3.2,18,3.7,12.2,1.9,12.3,1.8
54.75,-99.83,"CARBONATITE, DOLOMITE [13911]",196,429,50,170,33,8,29,3.8,19,3.4,10.4,1.6,10.5,1.6
14.8292,-24.7342,"CARBONATITE [16910]",159,397,51.5,225,40.6,12.3,30.6,4.06,17.8,2.76,6.27,0.699,3.51,0.423
14.8292,-24.7342,"CARBONATITE [16910]",148,373,48.8,211,38.2,11.4,27.6,3.65,15.7,2.38,5.2,0.589,2.84,0.332
0.7448,30.3977,"CARBONATITE [17065]",467,847,87,315,42,10.5,30,3.13,12.8,2.01,5.1,0.61,3.23,0.45
33.949,104.8693,"CARBONATITE [17065]",86.3,148,17.8,65.6,11.4,3.23,8.98,1.12,5.22,0.89,1.98,0.23,1.2,0.1
33.949,104.8693,"CARBONATITE [17065]",59.3,55.4,9.1,33.9,5.6,1.73,4.74,0.56,2.96,0.51,1.27,0.14,0.9,0.08
28.38,-14.47,"CARBONATITE, CALCITE [4819] / CARBONATITE [1211]",339,531,50.9,157,22.8,6.43,18.6,2.6,14.6,2.97,8.45,1.24,8.03,1.07
28.3894,-14.1608,"CARBONATITE [4819]",436,631,93.5,321,47,13,35.3,4.45,22,3.86,9.76,1.21,7.17,0.96
27.21,101.96,"CARBONATITE [17529]",946,1600,141,451,52.9,13.9,35.3,3.87,16.8,2.98,8.52,0.99,5.4,0.65
27.21,101.96,"CARBONATITE [17529]",884,1400,124,384,44.1,11.6,29.6,3.21,13.9,2.42,7.13,0.82,4.7,0.61
27.21,101.96,"CARBONATITE [17529]",1400,2000,203,636,72.1,18,48.5,4.87,19.7,3.29,9.59,1.02,5.82,0.74
28.23,101.88,"CARBONATITE [17529]",14700,19600,1500,4400,279,49.6,206,13,27.8,3.79,20.2,1.02,6.12,0.83
28.45,101.98,"CARBONATITE [17529]",965,1523,160,444,37,7.5,23,2.1,5.8,0.7,2.4,0.3,2.4,0.2
36,119.65,"CARBONATITE [17530]",829,1660,210,801,104,24.4,70.6,7.7,30.9,4.62,4.87,1.59,7.84,0.98
36,119.65,"CARBONATITE [17530]",745,1503,193,730,94.9,21.6,65.4,6.84,25.7,3.62,3.62,1.1,5.61,0.73
36,119.65,"CARBONATITE [17530]",1350,2607,287,1039,138,32.4,97.2,9.68,35.3,4.9,5.42,1.61,7.87,0.97
36,119.65,"CARBONATITE [17530]",1265,2549,305,1027,161,37.6,107,11.1,39.9,5.37,5.53,1.51,7.54,0.95
36,119.65,"CARBONATITE [17530]",233,474,65.4,264,38.5,8.79,25.9,2.81,10.8,1.48,1.53,0.47,2.54,0.33
36,119.65,"CARBONATITE [17530]",236,549,76.1,315,44.5,10.2,29.9,3.27,13.5,2.08,2.32,0.8,4.43,0.55
36,119.65,"CARBONATITE [17530]",1026,2008,212,787,99.6,23.3,70.9,6.36,24.8,3.55,8.76,0.89,4.9,0.61
36,119.65,"CARBONATITE [17530]",1021,2018,180,780,96.8,23,70.3,6.27,23.8,3.33,8.22,0.79,4.5,0.58
36,119.65,"CARBONATITE [17530]",968,1932,197,743,94.5,21.8,68.5,6.09,23.2,3.24,7.96,0.78,4.44,0.58
36,119.65,"CARBONATITE [17530]",1149,2361,220,870,113,26.5,80.8,7.32,28.3,4.06,9.89,0.98,5.69,0.78
36,119.65,"CARBONATITE [17530]",529,1225,143,552,78.6,18.8,56.2,5.38,21.4,3.09,7.4,0.74,4.07,0.52
36,119.65,"CARBONATITE [17530]",2334,4462,546,2048,250,55.3,156,14.8,51.4,6.51,6.7,1.79,8.81,1.11
36,119.65,"CARBONATITE [17530]",782,1653,190,712,92.8,21.6,64.7,5.6,20.1,2.71,6.47,0.59,3.29,0.42
14.9,-24.3,"CARBONATITE [4819]",845,1215,102,277,32.3,9.04,23.7,2.82,11.8,1.79,4.2,0.49,3.35,0.46
-17.3406,13.7832,"CARBONATITE, ANKERITE [17729]",44.1,101,12.3,47.3,8.79,2.85,7.38,1.06,5.68,1.02,2.66,0.41,2.48,0.38
-17.3406,13.7832,"CARBONATITE, ANKERITE [17729]",129,214,23.6,79,11.88,3.69,9.27,1.37,7.15,1.34,3.33,0.57,3.21,0.52
-17.3406,13.7832,"CARBONATITE, ANKERITE [17729]",55.1,126,16.1,60.7,11.43,3.71,9.65,1.43,7.46,1.4,3.52,0.57,3.43,0.52
53.55,100.63,"CARBONATITE [17788]",193,568,62.9,231,36,8.9,26.6,3.5,14.4,2.5,5.5,0.7,3.9,0.5
53.55,100.63,"CARBONATITE [17788]",282,585,50.8,194,28.8,7.9,22.8,3,12.6,2.3,4.9,0.7,3.5,0.5
56.6,-100.25,"CARBONATITE, CALCITE [17800]",642,1410,184,728,124,30.2,88.8,9.4,38.8,5.7,13,1.45,7.4,0.91
56.6,-100.25,"CARBONATITE, CALCITE [17800]",658,1520,203,801,137,32.9,95.5,10,39.3,5.7,12.3,1.27,6.4,0.77
28.2087,34.3346,"CARBONATITE, DOLOMITE-BREUNNERITE [18037]",1.3,5.8,1.3,7.8,3.3,1.6,3.3,0.5,3,0.5,1.2,0.2,1.3,0.2
28.2087,34.3346,"CARBONATITE, DOLOMITE-BREUNNERITE [18037]",2.1,4.2,0.6,2.7,0.7,0.2,0.8,0.1,0.7,0.1,0.4,0.1,0.7,0.2
28.2085,34.3343,"CARBONATITE, DOLOMITE-BREUNNERITE [18037]",1.5,3.8,0.6,2.9,1,0.3,1.1,0.2,1.1,0.2,0.6,0.1,1.1,0.2
51.6017,-10.0578,"CARBONATITE [18146]",51.1,86.5,9.9,38.5,7.7,2.2,7,1,5.4,1,2.7,0.4,2.3,0.3
-9.27,-43.35,"CARBONATITE [18145]",733,1604.23,195.86,766,116.13,30.17,81.66,7.6,29.66,3.61,8.87,0.73,3.96,0.41
-9.27,-43.35,"CARBONATITE [18145]",782.95,1684,194.95,778,119.8,29.67,82.57,7.71,28.9,3.61,8.47,0.74,4.23,0.46
-9.27,-43.35,"CARBONATITE [18145]",743,1621,176.1,812,116.39,28.05,71.42,7.41,28.73,3.33,8.14,0.65,3.52,0.41
-9.27,-43.35,"CARBONATITE [18145]",632.04,1407,170.26,742.49,117.8,25.61,67.13,7.04,26.91,3,7.76,0.54,3.24,0.42
-9.27,-43.35,"CARBONATITE [18145]",704,1544,184,752,114.1,27.49,68.94,7.09,27.92,3.1,8.25,0.65,3.67,0.45
-9.27,-43.35,"CARBONATITE [18145]",927,2076,259,1049.35,165.81,39.73,99.61,9.79,37.63,4.01,10.63,0.74,4.21,0.52
-9.27,-43.35,"CARBONATITE [18145]",896,1923,198.57,928,136.57,34.43,81.07,8.29,32.52,3.88,9.19,0.74,4.22,0.46
-9.27,-43.35,"CARBONATITE [18145]",987,2055,219.03,980,147.51,35.16,89.3,8.81,34.5,3.82,10.14,0.77,4.26,0.49
-9.27,-43.35,"CARBONATITE [18145]",849,1806,195.13,857.85,131.22,31.48,81.59,8.13,31.5,3.3,9.14,0.68,3.84,0.5
-9.27,-43.35,"CARBONATITE [18145]",941,2041,222,972,140.28,35.31,85.53,8.73,35.45,3.87,9.66,0.76,4.15,0.48
-9.27,-43.35,"CARBONATITE, OLIVINE [18145]",547,1212,136.21,573,89.33,19.11,55.51,5.61,21.55,2.32,6.23,0.43,2.4,0.27
-9.27,-43.35,"CARBONATITE [18145]",896,1847,197.04,846,119.27,28.94,71.81,6.95,27.51,3.07,8.35,0.63,3.26,0.39
-9.27,-43.35,"CARBONATITE [18145]",742,1560,174.98,847,118.23,29.38,73.48,7.35,28.6,3.13,8.41,0.65,3.58,0.46
-9.27,-43.35,"CARBONATITE [18145]",737,1564,163.39,812,110.22,26.61,69.67,7.12,27.27,2.99,8.08,0.6,3.31,0.44
-9.27,-43.35,"CARBONATITE [18145]",934,1974,202.04,1061,139.56,33.98,87.98,9.05,33.32,3.55,10.21,0.71,4.16,0.52
-9.27,-43.35,"CARBONATITE [18145]",1106,2499,257.16,1408,189.19,44.95,119.86,11.96,43.14,4.43,12.55,0.83,4.63,0.57
-23,-56,"CARBONATITE [18209]",1169,1102,101,178,30,10.2,32.4,5.2,31,5.87,14.2,1.71,8.04,0.77
-23,-56,"CARBONATITE [18209]",590,633,63.1,120,20.1,6.9,21.8,3.6,21.2,4.06,9.9,1.23,6.03,0.68
22.5,103.4,"CARBONATITE [18506]",1600,2900,290,980,130,32.8,76.2,8.09,36,5.95,12.4,1.47,9.03,1.21
22.5,103.4,"CARBONATITE [18506]",840,1600,160,590,82.9,21.1,56.7,5.65,34.5,5.56,13.8,1.6,9.83,1.25
22.5,103.4,"CARBONATITE [18506]",11400,20400,2200,7400,960,210,440,37.6,130,14.7,23.7,2.24,12.9,1.4
22.5,103.4,"CARBONATITE [18506]",50300,79300,7600,23300,2100,400,670,49.1,160,17.9,25.5,1.75,11.2,1.05
41.23,87.58,"CARBONATITE [18139]",286,597,71.2,292,53.8,13.06,37.1,4.38,16.4,2.63,6.65,0.68,4.1,0.54
41.23,87.58,"CARBONATITE [18139]",336,630,73.3,302,52.4,12.72,35.4,4.1,14.6,2.37,5.8,0.59,3.57,0.48
41.23,87.58,"CARBONATITE [18139]",271,508,59.5,240,42.7,10.8,29.2,3.66,14,2.36,6.1,0.65,4.36,0.61
41.23,87.58,"CARBONATITE [18139]",262,533,64.6,268,48.1,11.53,31.7,3.77,13.2,2.12,5.13,0.5,2.76,0.4
41.23,87.58,"CARBONATITE [18139]",250,491,58.7,242,42.8,10.61,31.2,3.63,13.5,2.22,5.59,0.59,3.87,0.52
41.23,87.58,"CARBONATITE [18139]",265,549,59.43,247,42.8,10.5,29.99,3.54,13.6,2.19,5.38,0.59,3.69,0.55
41.23,87.58,"CARBONATITE [18139]",304,580,73.1,303,53.2,12.92,35.59,4.36,15.7,2.52,6.46,0.63,3.96,0.55
-16.4075,127.9839,"CARBONATITE, CALCITE [18571]",9.5,21.8,2.7,12.3,5.5,1.9,12.4,2.6,17.3,3.2,7.5,0.8,4.1,0.5
-16.4075,127.9839,"CARBONATITE, CALCITE [18571]",32.6,73.4,8.4,35.1,11.6,3,16.3,2.9,17.7,3.2,8,0.9,4.3,0.6
-16.4075,127.9839,"CARBONATITE, CALCITE [18571]",36,85.4,10.1,41.4,14.1,3.8,20.6,3.8,23.9,4.4,10.9,1.3,6.5,0.8
-16.4075,127.9839,"CARBONATITE, CALCITE [18571]",29.3,69.3,7.9,33.4,11.5,3.1,17.4,3.1,19.8,3.5,8.5,0.9,3.8,0.5
-16.4075,127.9839,"CARBONATITE, CALCITE [18571]",40.8,89.8,10.2,44.4,15.1,4.1,22,3.6,21,3.6,8.3,0.9,3.8,0.4
-16.4075,127.9839,"CARBONATITE, CALCITE [18571]",23,53.5,6.62,26,9.6,2.5,13.8,2.85,18.2,3.44,8.4,0.96,4.6,0.5
-16.4075,127.9839,"CARBONATITE, CALCITE [18571]",23.7,62,7.44,29.2,10.4,2.65,13.6,2.9,19.2,3.72,10.3,1.56,10.4,1.42
-16.4075,127.9839,"CARBONATITE, CALCITE [18571]",34.6,85.4,10.7,40.5,15.7,4.15,24.2,5.15,32.4,5.6,12.5,1.32,5.6,0.62
-16.4075,127.9839,"CARBONATITE, CALCITE [18571]",59.5,162,19.2,74.9,25.9,6.35,36.4,7.15,47.6,9.26,24.4,2.86,15.4,1.84
-16.4075,127.9839,"CARBONATITE, CALCITE [18571]",29.8,73.7,9.32,35.7,13.2,3.4,19.6,3.7,22.9,3.94,9.3,1.02,4.6,0.54
-16.4075,127.9839,"CARBONATITE, CALCITE [18571]",41,98.1,12.6,50.6,17.5,4.65,26.4,4.8,29,5.36,12.2,1.44,6.8,0.78
-16.4075,127.9839,"CARBONATITE, CALCITE [18571]",42.9,112,14.1,57,21.3,5.15,31.8,5.75,33.8,6.78,16.9,1.92,9.85,1.26
-16.4075,127.9839,"CARBONATITE, CALCITE [18571]",41.6,104,13.4,52,17.9,4.55,24.8,5.55,36.3,7.22,18.4,2.32,12.2,1.4
-16.4075,127.9839,"CARBONATITE, CALCITE [18571]",36.3,90,11.4,44,15.8,4,22.8,4.35,29.9,5.64,13.8,1.82,9.35,1.12
-16.4075,127.9839,"CARBONATITE, CALCITE [18571]",52.2,136,16.2,64.3,21.8,5.5,30.4,6.3,38.7,7.98,19.1,2.48,14.3,1.74
-23.83,116,"CARBONATITE [18641]",59.1,101,11.7,39.3,6.1,1.57,4.8,0.6,2.9,0.5,1.4,0.18,1.1,0.14
-23.83,116,"CARBONATITE [18641]",168,314,35.6,127,19.8,5.18,16.4,1.8,8,1.2,3.1,0.39,2,0.24
-23.83,116,"CARBONATITE [18641]",47.8,91.3,10.6,38.4,6.9,1.11,5.3,0.7,3.2,0.5,1.3,0.17,1,0.14
41.8083,109.96,"CARBONATITE [18621]",189,402,39,143,20,5.3,14.2,1.8,9.4,1.76,4.3,0.55,3.58,0.55
41.8083,109.96,"CARBONATITE [18621]",29,58,5.5,19.3,2.7,0.64,1.8,0.2,0.96,0.16,0.48,0.05,0.29,0.07
41.8083,109.96,"CARBONATITE [18621]",31,67,6.8,24.6,3.3,0.8,2.09,0.24,0.96,0.16,0.38,0.03,0.34,0.06
41.8083,109.96,"CARBONATITE [18621]",71,165,17.7,69,12.6,3.6,9.4,1.3,6.5,1.17,2.85,0.36,2.2,0.33
66.583,34.45,"CARBONATITE [18122]",54,111,11.1,47.9,8.2,2.35,6.3,0.81,3.91,0.61,1.44,0.13,0.8,0.13
66.583,34.45,"CARBONATITE [18122]",74,144,14.8,63.1,10,2.96,8.2,0.95,4.74,0.78,1.85,0.19,0.76,0.16
66.583,34.45,"CARBONATITE, DOLOMITE-CALCITE [18122]",89,159,14.4,25.5,3.99,2.32,6.4,0.7,3.21,0.54,1.37,0.13,0.69,0.12
66.583,34.45,"CARBONATITE, CALCITE [18122]",1119,1944,149.6,523,61.45,15.52,45.3,5.1,23.42,3.96,9.48,0.84,3.57,0.51
32.2,110.2,"CARBONATITE [17790]",745,1291,114,393,55.7,15.5,49.7,6.58,31.5,5.81,15.5,1.81,9.7,1.49
32.2,110.2,"CARBONATITE [17790]",670,1141,99,325,45.9,13.8,47.2,5.23,23.2,4.1,10.7,1.38,7.51,1.1
32.2,110.2,"CARBONATITE [17790]",3432,5688,394,1126,87.46,21.9,109.8,8.21,27.4,4.53,12.7,1.37,7.35,1.13
32.2,110.2,"CARBONATITE [17790]",1865,3136,243,646,76.1,19.2,71.5,7.02,28,4.77,14.5,1.65,8.16,1.2
32.2,110.2,"CARBONATITE [17790]",1126,1763,122,454,55.3,16.8,66.9,6.59,30.3,5.01,13.3,1.7,9.77,1.48
28.45,101.98,"CARBONATITE, FLUORITE-BASTNAESITE [18003]",702.6,1221,128.4,439.4,60.73,14.43,38.9,5.01,21.29,3.99,9.35,1.22,6.49,0.87
28.45,101.98,"CARBONATITE, ARFVEDSONITE [18003]",546.3,973.9,105.8,363.8,50.23,11.93,32.27,4.03,16.91,3.2,7.32,0.96,5.05,0.64
28.45,101.98,"CARBONATITE [18003]",740.3,1251,160.3,545.8,72.48,16.67,44,5.39,22.33,4.36,9.46,1.21,6.73,0.86
28.45,101.98,"CARBONATITE, BARITE-BASTNAESITE [18003]",815.7,1329,146.4,487.4,63.48,16.33,39.3,4.82,20.13,3.9,8.64,1.16,5.83,0.77
28.45,101.98,"CARBONATITE [18003]",842.4,1663,193.3,684.6,88.46,20.5,55.24,6.87,28.23,5.4,11.88,1.58,7.92,1.01
15.02,77.38,"CARBONATITE [18026]",1570,2190,172,492,47.9,11.8,26,2.48,10.7,1.72,2.75,0.52,2.95,0.44
15.02,77.38,"CARBONATITE [18026]",1350,2060,168,490,49.4,10.8,26.8,2.48,10.2,1.54,2.4,0.44,2.65,0.38
15.02,77.38,"CARBONATITE [18026]",1100,1530,122,354,38.4,9.2,21.6,2.16,9.75,1.52,2.75,0.46,2.85,0.44
25.52,92.08,"CARBONATITE [18969]",179,393,49.8,196,32.8,10.2,25.2,3.3,14.3,2.2,5.4,0.51,3.4,0.4
25.52,92.08,"CARBONATITE [18969]",151,331,41.8,163,27.2,8.5,21.7,2.9,12.6,2,4.8,0.48,3.1,0.38
25.52,92.08,"CARBONATITE [18969]",153,328,40.7,157,26.3,8.38,20.28,2.8,13,2.1,5.3,0.58,3.6,0.45
8.167,80.4,"CARBONATITE [18942]",98.8,235,31,129.5,21.7,4.61,13.4,1.38,6.45,1.11,2.87,0.39,2.49,0.36
8.167,80.4,"CARBONATITE [18942]",33.1,92,14,66.8,13.2,2.15,9.49,0.99,4.64,0.84,2.22,0.3,1.97,0.29
8.167,80.4,"CARBONATITE [18942]",91.5,207,27,112.5,18.3,3.25,11.4,1.18,5.5,0.97,2.53,0.34,2.25,0.35
8.167,80.4,"CARBONATITE [18942]",197.99,469,57,235.5,36.06,7.65,20.11,1.96,8.42,1.36,3.3,0.4,2.51,0.34
8.167,80.4,"CARBONATITE [18942]",383.97,866,108,434.9,62.2,13.71,32.82,3.09,12.7,1.96,4.48,0.53,3.19,0.41
-0.47,34.42,"CARBONATITE [18942]",212.06,431,47,172.1,29.3,8.94,26.33,3.98,23.65,4.75,13.3,1.92,12,1.62
-0.47,34.42,"CARBONATITE [18942]",318.86,623,66,236.7,37.43,10.89,30.73,4.22,23.13,4.31,11.4,1.51,8.84,1.14
44.333,104.167,"CARBONATITE [18942]",198.13,617,39,140.2,20.9,5,13.7,2.26,13.9,2.92,9.36,1.5,10.4,1.47
8.167,80.4,"CARBONATITE [18941]",84.5,176,22.9,92,17.4,3.4,13.4,1.5,7.8,1.5,3.9,0.5,3.3,0.6
8.167,80.4,"CARBONATITE [18941]",53.8,112,15.2,65,13.8,2.5,12.2,1.5,7.8,1.5,4.2,0.6,3.8,0.6
8.167,80.4,"CARBONATITE [18941]",92.7,214,30.7,121,20.6,4.6,13.2,1.4,6.9,1.2,3,0.4,2.3,0.4
8.167,80.4,"CARBONATITE [18941]",153,318,39.6,151,23.4,5.1,15.6,1.6,8.5,1.6,4.3,0.6,3.7,0.6
8.167,80.4,"CARBONATITE [18941]",151,354,48.9,192,31.5,7,20.1,2.1,10.2,1.8,4.7,0.6,3.5,0.6
8.167,80.4,"CARBONATITE [18941]",105,247,34.9,140,24.6,5.4,16,1.7,8.4,1.5,3.8,0.5,3,0.5
8.167,80.4,"CARBONATITE [18941]",70.7,151,21.1,87,18.1,4.6,14.5,1.8,9.1,1.7,6.4,0.7,3.9,0.6
-2.75,35.93,"CARBONATITE [18857]",456,485,33.6,79,5.1,1.05,2.7,0.14,0.63,0.11,0.2,0.016,0.11,0.017
-2.75,35.93,"CARBONATITE [18857]",439,474,33,78,5,1.05,2.7,0.15,0.62,0.11,0.18,0.016,0.11,0.018
-2.75,35.93,"CARBONATITE [18857]",422,464,32.5,76,4.8,1.07,2.7,0.15,0.59,0.11,0.2,0.015,0.1,0.022
-2.7597,35.9141,"CARBONATITE [18857]",522,536,36.5,86,5.5,1.14,3.1,0.17,0.72,0.12,0.23,0.021,0.12,0.02
-2.75,35.93,"CARBONATITE [18857]",436,470,32.3,75,4.6,1.01,2.6,0.14,0.58,0.1,0.19,0.017,0.07,0.022
-2.75,35.93,"CARBONATITE [18857]",219,336,32.2,112,18.6,5.33,14.5,1.92,10.76,1.81,4.95,0.752,4.27,0.687
-2.75,35.93,"CARBONATITE [18857]",248,401,39.2,136,20.7,5.82,16.3,1.87,10.48,1.72,4.61,0.671,3.7,0.506
-2.75,35.93,"CARBONATITE [18857]",241,387,39.2,141,20.8,5.96,16.7,1.97,10.55,1.8,4.93,0.706,4.01,0.661
-2.7438,35.8896,"CARBONATITE [18857]",309,488,47,158,23.5,6.58,16.5,1.98,11.64,2.08,5.92,0.597,4.55,0.582
-2.7438,35.8896,"CARBONATITE [18857]",222,357,35,120,19.1,6.25,17.2,2.22,11.31,1.97,5.75,0.78,5.33,0.325
-2.7465,35.8896,"CARBONATITE [18857]",249,397,38.4,132,19.5,5.76,15.1,1.9,10.12,2.07,5.27,0.639,4.51,0.591
-2.7465,35.8896,"CARBONATITE [18857]",282,447,42.5,143,21.2,5.7,14.9,1.88,10.07,1.89,4.81,0.508,5.06,0.65
-2.7465,35.8896,"CARBONATITE [18857]",218,358,34.8,123,19.6,5.88,15.4,2.07,11.15,2.13,6.22,0.608,4.64,0.546
-2.7486,35.8904,"CARBONATITE [18857]",214,347,34.6,121,20.8,6.22,15.9,2.32,11.88,2.33,6.2,0.645,4.53,0.625
-2.7472,35.8896,"CARBONATITE [18857]",215,345,34,118,18.9,5.58,16.7,1.9,11.68,2.14,5.43,0.674,4.5,0.647
-2.804,35.953,"CARBONATITE [18857]",308,490,47.5,157,23.3,6.37,15.8,2.12,10.75,2.01,4.88,0.662,4.06,0.628
-2.804,35.953,"CARBONATITE [18857]",322,508,49,165,24.3,6.64,17.1,1.99,11.31,1.98,5.35,0.576,4.44,0.722
-2.8031,35.9505,"CARBONATITE [18857]",304,483,45.7,155,22.8,6.4,16.1,2,10.78,1.89,5.05,0.574,4.02,0.596
-2.8018,35.949,"CARBONATITE [18857]",284,449,42.1,144,21.5,5.82,15.8,1.9,10.36,1.83,5.11,0.55,4.06,0.624
-2.8018,35.949,"CARBONATITE [18857]",303,483,45.8,154,22.6,6.39,16.6,2.01,11.2,1.99,5.61,0.658,4.59,0.68
-2.8018,35.949,"CARBONATITE [18857]",292,466,44.9,152,22.7,6.31,15.7,1.98,10.6,1.86,5.66,0.504,4.49,0.634
-2.7944,35.9439,"CARBONATITE [18857]",311,488,45.7,151,22.1,6.12,15,2.05,10.45,1.86,5.31,0.589,4.82,0.678
-2.7944,35.9439,"CARBONATITE [18857]",302,473,45.5,155,24.3,6.75,17.7,2.15,11.98,2.04,5.49,0.666,4.74,0.445
-2.7944,35.9439,"CARBONATITE [18857]",298,474,45.2,155,23.8,6.5,16.4,2.16,10.42,1.93,5.39,0.538,4.8,0.621
-2.7972,35.9447,"CARBONATITE [18857]",320,493,45.9,152,23.2,6.26,17.1,1.93,10.86,1.84,5.05,0.558,3.82,0.52
-2.7972,35.9447,"CARBONATITE [18857]",305,471,45.3,156,23.5,6.47,17.8,2.11,11.88,1.97,5.36,0.571,4.48,0.587
-2.7972,35.9447,"CARBONATITE [18857]",285,451,43.1,148,22.7,6.07,18.1,2.19,11.81,1.96,5.49,0.616,4.36,0.54
-2.7955,35.9389,"CARBONATITE [18857]",320,494,45.7,152,22.2,6.09,17,2.05,10.92,1.62,4.52,0.605,4.27,0.471
-2.7955,35.9389,"CARBONATITE [18857]",296,473,45.1,152,23.2,6.25,18.4,2.13,10.96,1.84,5.01,0.596,4.65,0.491
-2.7955,35.9389,"CARBONATITE [18857]",305,484,46.2,156,22.8,6.6,17.7,2.14,11.25,1.98,5.41,0.516,4.14,0.502
-2.7952,35.9294,"CARBONATITE [18857]",274,418,39.8,137,20.7,5.96,15.8,2.16,11.82,1.89,5.32,0.702,3.83,0.531
-2.792,35.9048,"CARBONATITE [18857]",276,417,40,134,21,5.98,15.7,2.1,10.3,1.77,5.02,0.614,3.6,0.663
-2.7614,35.8773,"CARBONATITE [18857]",202,323,32.2,115,20.3,6.03,16.7,2.27,13.06,2.04,6.37,0.722,4.99,0.569
-2.7616,35.9149,"CARBONATITE [18857]",193,311,31,115,20.6,6.2,17.7,2.26,12.62,2.08,6.54,0.779,4.76,0.738
-2.7563,35.9051,"CARBONATITE [18857]",278,422,40.6,137,20.9,5.88,17.2,2.11,11.29,1.72,5.52,0.635,3.86,0.665
-2.7563,35.9051,"CARBONATITE [18857]",291,447,41.7,143,22.2,6.22,16.7,2,11.06,1.78,5.42,0.589,3.93,0.629
-2.7874,35.9496,"CARBONATITE [18857]",331,516,47.1,155,22.7,6.13,17.6,1.92,10.2,1.82,4.75,0.7,3.96,0.723
-2.7874,35.9496,"CARBONATITE [18857]",308,483,46.1,155,21.9,6.33,17,2.15,11.29,1.85,5.56,0.517,4.26,0.575
-2.7834,35.9397,"CARBONATITE [18857]",336,524,48.6,162,23.9,6.73,18.3,2.04,11.51,1.99,5.08,0.667,4.86,0.628
-2.7834,35.9397,"CARBONATITE [18857]",324,519,48,158,24,6.56,18.2,2.08,11.03,1.98,5.54,0.704,4.02,0.633
-2.7407,35.8849,"CARBONATITE [18857]",319,483,45.1,149,22.1,6.11,17.1,2.04,11.28,1.87,5.57,0.74,4.19,0.645
-19.29,127.17,"CARBONATITE, DOLOMITE [19006]",152,338,31.8,130,20.3,4.98,15.5,1.62,6.4,0.926,1.79,0.155,0.922,0.119
-19.29,127.17,"CARBONATITE, DOLOMITE [19006]",195,457,44.7,193,35.5,8.3,28.2,3.38,14.6,2.47,5.35,0.535,3.42,0.459
-19.29,127.17,"CARBONATITE, CALCITE [19006]",240,515,61.5,209,38.8,9.41,31.3,3.78,17.4,2.78,6.07,0.746,3.9,0.56
-19.29,127.17,"CARBONATITE, DOLOMITE-CALCITE [19006]",9860,14200,1280,3280,288,53.9,244,14.3,43.6,3.49,5.71,0.508,2.41,0.276
-19.29,127.17,"CARBONATITE, DOLOMITE [19006]",345,567,61,213,21,4.4,9.85,0.96,3.84,0.48,1.11,0.13,0.66,0.07
-19.29,127.17,"CARBONATITE, DOLOMITE [19006]",717,1490,131,508,68.5,13.6,46.8,4.29,16.1,2.32,4.75,0.466,3.05,0.42
-19.29,127.17,"CARBONATITE, CALCITE [19006]",239,586,58.7,260,51.3,13.6,40.4,5.03,22.4,3.81,8.17,0.811,5.09,0.682
-19.29,127.17,"CARBONATITE, CALCITE [19006]",201,500,51.6,227,43.5,11.4,32.5,3.95,16.8,2.75,5.8,0.545,3.32,0.429
-19.29,127.17,"CARBONATITE, DOLOMITE [19006]",117,284,27.6,113,18.4,4.71,13.1,1.42,5.65,0.835,1.62,0.145,0.817,0
-19.29,127.17,"CARBONATITE, CALCITE [19006]",210,510,51.7,230,45.4,11.9,34.9,4.44,19.7,3.35,7.28,0.718,4.47,0.594
-44,169,"CARBONATITE [19234]",270.8,1114,333,1439,283,65,123.6,10.35,18.4,2.08,1.97,0.24,0.75,0.12
-44,169,"CARBONATITE [19234]",44.5,241,53.3,293,88.8,28.4,68.7,6.99,26.8,3.38,5.83,0.55,2.63,0.31
-44,169,"CARBONATITE [19234]",73.6,407,92.5,520,161.5,50.8,133.5,13.5,49.3,5.44,7.88,0.64,2.7,0.31
-44,169,"CARBONATITE [19234]",21.3,118,28.6,180,65.7,22.6,56.4,6.18,24.1,2.94,4.84,0.44,2.05,0.25
12.167,77.783,"CARBONATITE [19218]",1871,3375,415,1336,228,60.47,188.3,16.97,72.27,8.24,34.14,1.68,9,1.25
12.417,78.533,"CARBONATITE [19218]",545,942,109,348,61,16.92,53.99,5.19,26.22,3.48,15.97,1,5.87,0.76
12.45,78.45,"CARBONATITE [19218]",57.57,178,29.33,160.3,40.7,13.85,28.46,3.46,16.82,2.32,10.54,0.65,3.97,0.62
12.45,78.45,"CARBONATITE [19218]",345.9,1316,234.4,1314,271,59.62,155.7,15.97,71.85,9.19,41.63,2.34,11.74,1.42
12.45,78.45,"CARBONATITE [19218]",32.1,69.5,9.2,44.1,8.55,4.23,9.71,0.61,3.68,0.54,2.6,0.21,1.18,0.14
12.45,78.45,"CARBONATITE [19218]",30.62,89.56,14.75,64.6,19.1,7.77,16.71,2.39,13.78,2.07,10.61,0.71,1.03,0.56
11.717,77.8,"CARBONATITE [19218]",1024,1226,119.5,438.3,55.36,47.25,39.16,2.73,11,1.21,6.98,0.43,2.91,0.49
11.717,77.8,"CARBONATITE [19218]",875,1324,114,570,85.46,19.49,65.27,6.01,29.43,4.07,21.86,1.44,9.33,1.41
11.717,77.8,"CARBONATITE [19218]",164.3,290.4,37.26,173.4,30.43,7.08,21.16,2.04,10.59,1.5,6.53,0.41,2.25,0.35
32.5,110.5,"CARBONATITE [19396]",629,1076,82.5,288,44.2,12.7,43,5.76,32.4,6.23,16.2,1.98,10.8,1.4
32.5,110.5,"CARBONATITE [19396]",514,852,63.4,221,34,10.5,33.1,4.03,20.7,4.02,10.8,1.43,8.42,1.17
32.5,110.5,"CARBONATITE [19396]",589,1054,80.2,278,41.9,12.2,38.1,4.33,20.6,3.76,10.3,1.37,8.56,1.26
32.5,110.5,"CARBONATITE [19396]",280,548,43.6,156,25.3,7.78,23.5,2.95,15.2,2.91,8.4,1.18,7.66,1.17
32.5,110.5,"CARBONATITE [19396]",463,861,68.3,245,35.7,10.3,32.5,3.58,17.1,3.08,8.13,1,5.83,0.83
32.5,110.5,"CARBONATITE [19396]",543,891,65.2,224,33.8,10.1,33,3.83,19.1,3.63,10,1.3,7.63,1.06
67.5667,30.4833,"CARBONATITE, CALCITE [19393]",43,81.9,9.22,33.5,5.17,1.55,4.48,0.54,3.17,0.52,1.45,0.18,1.12,0.15
67.5667,30.4833,"CARBONATITE, CALCITE [19393]",157,300,35.3,117,16.7,4.49,13.3,1.56,6.02,1.05,2.26,0.36,1.36,0.19
67.5667,30.4833,"CARBONATITE, DOLOMITE [19393]",11.2,18.9,1.98,6.09,0.82,0.26,0.74,0.08,0.34,0.06,0.13,0.02,0.15,0.02
67.5667,30.4833,"CARBONATITE, DOLOMITE [19393]",43.7,80.5,8.65,27.5,3.91,1.01,3.03,0.33,1.44,0.24,0.56,0.07,0.35,0.05
67.5,33.2,"CARBONATITE, CALCITE [19393]",856,1432,134,420,53.9,15,35.6,4.77,23.7,4.05,10.6,1.4,9.16,1.27
67.5667,30.4833,"CARBONATITE, CALCITE [19393]",43,81.9,9.22,33.5,5.17,1.55,4.48,0.54,3.17,0.52,1.45,0.18,1.12,0.15
67.5667,30.4833,"CARBONATITE, CALCITE [19393]",77.2,150,18,62.3,9.66,2.67,7.65,0.96,4.06,0.74,1.67,0.25,1.09,0.21
67.5667,30.4833,"CARBONATITE, CALCITE [19393]",197,364,41,135,18.8,4.59,14.9,1.58,7.6,1.04,2.54,0.26,1.45,0.18
67.5667,30.4833,"CARBONATITE, CALCITE [19393]",135,254,29,94,12.9,3.42,10.2,1.09,4.61,0.75,1.77,0.21,1.17,0.17
67.5667,30.4833,"CARBONATITE, CALCITE [19393]",157,300,35.3,117,16.7,4.49,13.3,1.56,6.02,1.05,2.26,0.36,1.36,0.19
67.5667,30.4833,"CARBONATITE, DOLOMITE [19393]",11.2,18.9,1.98,6.09,0.82,0.26,0.74,0.08,0.34,0.06,0.13,0.02,0.15,0.02
67.5667,30.4833,"CARBONATITE, DOLOMITE [19393]",18.5,33.6,3.57,11.3,1.7,0.47,1.4,0.18,0.84,0.14,0.32,0.04,0.19,0.03
66.583,34.45,"CARBONATITE, CALCITE [19393]",179,372,44.2,158,21.8,5.23,16.7,1.98,9.85,1.49,3.84,0.44,2.35,0.32
66.583,34.45,"CARBONATITE, CALCITE [19393]",115,223,24.3,85.7,12.1,2.8,9.25,1.03,5.14,0.74,1.89,0.2,1.09,0.14
66.583,34.45,"CARBONATITE, DOLOMITE [19393]",8.3,14.7,2.03,7.51,1.33,0.39,1.24,0.16,0.95,0.13,0.47,0.05,0.31,0.03
66.78,30.15,"CARBONATITE, CALCITE [19393]",290,588,69.4,248,35.7,9.11,28.9,3.44,16.5,2.41,5.92,0.68,3.79,0.52
66.78,30.15,"CARBONATITE, DOLOMITE [19393]",604,1136,131,500,83,17.2,50,7.1,29.1,5.48,11.3,1.33,5.02,0.61
-20.57,16,"CARBONATITE [19391]",5623,10112,1050,3006,341,83.5,155,11.5,34.7,5.07,11.1,1.53,10.2,2.16
-20.57,16,"CARBONATITE [19391]",4176,7760,826,2502,307,86.7,207,26.8,126,19.7,40.1,3.94,18,2.47
-20.45,16.35,"CARBONATITE [19391]",2904,5956,688,2335,294,68.4,125,10.7,40.9,5.81,11.3,1.06,5.18,0.938
-20.45,16.35,"CARBONATITE [19391]",2275,4811,572,1928,244,60.3,112,10.8,40.2,5.64,11.2,1.08,5.45,0.926
-20.45,16.35,"CARBONATITE [19391]",5709,7950,719,1913,198,56.2,135,16.2,52.6,5.8,9.42,0.969,5.45,1.45
-20.45,16.35,"CARBONATITE [19391]",4157,5801,538,1502,168,38.6,70,6.97,24,3.23,6.72,0.876,5.95,1.32
-20.45,16.35,"CARBONATITE [19391]",1065,2189,254,840,94,20.4,35,2.74,10.2,1.79,4.88,0.746,5.85,0.99
-20.45,16.35,"CARBONATITE [19391]",781,1532,173,564,60.7,13.6,24.7,2.22,10.5,1.94,6.07,1.03,7.02,1.13
-20.45,16.35,"CARBONATITE [19391]",1813,3346,358,1235,190,49,120,14,58,8.4,15,2.8,9.1,1.1
-20.45,16.35,"CARBONATITE [19391]",1625,3481,435,1558,233,67,146,16.1,65.3,9.27,19.1,1.99,8.83,1.3
-20.45,16.35,"CARBONATITE [19391]",1922,4056,488,1696,238,63.6,141,15.5,70.1,10.7,21.7,2.29,10.6,1.43
-20.45,16.35,"CARBONATITE [19391]",1186,2437,291,1009,135,36,78,9.45,43,6.8,14.7,1.61,7.86,1.15
-15.3,30.2,"CARBONATITE [18426]",150,253,34,122,20,7.01,17,2.04,10,1.62,4.55,0.59,3.28,0.47
-27.9,-49.15,"CARBONATITE, CALCITE [18255]",67.13,142.32,16.8,69.62,13.78,3.99,12.57,1.87,9.62,1.74,4.81,0.63,3.74,0.59
-27.9,-49.15,"CARBONATITE, CALCITE [18255]",41.2,90.3,12.24,47.54,9.43,2.51,7.91,1.35,7.67,1.39,3.17,0.56,3.09,0.44
-27.9,-49.15,"CARBONATITE, CALCITE [18255]",125.38,286.66,29.17,115.73,21.33,6.51,19.83,2.37,11.63,2.44,5.8,0.81,4.83,0.65
-27.9,-49.15,"CARBONATITE, CALCITE [18255]",48.57,106.45,14.44,53.49,9.44,3.91,8.9,1.59,9.04,1.64,3.74,0.67,3.48,0.51
-27.58,-50,"CARBONATITE [18255]",41.2,90.31,12.24,47.54,9.43,2.53,7.91,1.35,7.67,1.39,3.17,0.56,3.09,0.44
-27.58,-50,"CARBONATITE [18255]",2569,5236,767,2184,375.6,80.11,225.32,12.69,56.91,9.39,22.45,2.34,8.72,0.86
-27.58,-50,"CARBONATITE [18255]",42.15,90.52,11.16,46.7,9.07,2.78,8.05,1.37,7.67,1.4,3.67,0.54,3.31,0.61
-27.58,-50,"CARBONATITE, PHLOGOPITE [18255]",106.44,223.75,26.9,103.19,17.74,6.81,17.78,2.45,13.47,2.42,6.04,0.86,4.89,0.57
32.5,110.5,"CARBONATITE, CALCITE [19521]",1326,2345,103,361,52,14.2,53.3,5.54,23.1,4.18,11.3,1.39,8.12,1.17
32.5,110.5,"CARBONATITE, CALCITE [19521]",1336,2396,101,360,51.5,14.3,53.9,5.57,24.3,4.31,11.6,1.4,8.02,1.06
32.5,110.5,"CARBONATITE, CALCITE [19521]",1917,3570,382,1357,198,56.4,196,20.9,98.1,18.8,46.4,4.94,26.2,3.06
32.5,110.5,"CARBONATITE, CALCITE [19521]",1396,2519,111,386,55.7,14.8,56.7,5.77,25.2,4.46,12.2,1.43,7.7,1.05
32.5,110.5,"CARBONATITE, CALCITE [19521]",443,812,86.4,338,50.8,15.1,50.6,5.96,29.8,6.13,16.3,2.16,13.2,1.75
32.5,110.5,"CARBONATITE, CALCITE [19521]",530,1110,108,377,61.8,17.4,65.3,6.23,24.2,4.44,11.6,1.37,8.86,1.23
-12,15,"CARBONATITE, CALCITE [17603]",462.4,803.3,79.91,270,30.31,7.78,10.39,1.73,8.15,1.46,3.27,0.33,2.55,0.44
-12,15,"CARBONATITE, CALCITE [17603]",553.1,1020,105.5,373,52.5,12.89,23.69,3.28,15.03,2.39,5.51,0.65,5.19,0.84
-12,15,"CARBONATITE, APATITE-CALCITE [17603]",544,945.1,94.02,316.5,35.45,9.27,12.18,2.05,9.56,1.76,3.83,0.38,2.99,0.49
-12,15,"CARBONATITE, CALCITE [17603]",1037,1955,211.6,788,95.85,25.51,38.25,5.69,23.62,3.4,8.65,0.9,8.22,1.11
-12,15,"CARBONATITE, CALCITE [17603]",829.1,1305,128.8,428.5,68.56,15.42,34.52,4.55,23.34,4.06,8.57,1.12,8,1.37
-12,15,"CARBONATITE, CALCITE [17603]",1.683,3358,419,1562,279.5,77.48,185.6,23.87,107.1,17.19,36.32,4.62,22.03,3.21
-12,16,"CARBONATITE, APATITE-CALCITE [17603]",1124,2274,278,1024,161.11,38.14,65.17,9.44,42.15,5.99,12.87,1.53,6.81,1.02
-12,16,"CARBONATITE, CALCITE [17603]",185.6,341.5,33.11,137.7,20.51,5.56,12.79,1.69,8.04,1.48,2.77,0.31,1.96,0.38
-12,16,"CARBONATITE, APATITE-CALCITE [17603]",295.9,585.5,65.5,278.9,44.95,11.68,27.09,3.53,15.54,2.71,5.48,0.52,3.15,0.54
-13,15,"CARBONATITE, DOLOMITE [17603]",682.3,1498,189.5,717.3,130.5,38.85,89.55,11.83,57.48,8.87,18.64,2.37,11.17,1.44
-13,15,"CARBONATITE, DOLOMITE [17603]",2444,4731,660,2450,378.1,109.8,247.2,31.5,121.7,15.94,37.33,4.59,22.64,3.04
-13,15,"CARBONATITE, ALKALIFELDSPAR-DOLOMITE [17603]",589.6,1093,118.6,436.3,87.49,21.31,56.02,7.08,33.52,6.59,12.49,1.64,7.64,1.33
-14,14,"CARBONATITE, APATITE-DOLOMITE [17603]",473,988.1,216.8,955.6,239.4,61.9,159.7,21.7,103.8,18.2,44,5.72,28.9,4.1
-14,14,"CARBONATITE, DOLOMITE [17603]",197.9,354,53.5,213.8,35,6.8,20.9,2.6,9.41,1.76,4.09,0.56,3.37,0.47
-14,14,"CARBONATITE, DOLOMITE [17603]",300,601,76.6,311,77.4,17.7,48.4,4.6,12.1,2.27,5.58,0.65,3.54,0.52
-14,14,"CARBONATITE, APATITE-CALCITE [17603]",475,1039,160.1,716.7,116.6,24.61,73,9.19,31.38,6.26,15.5,2.04,10.91,1.6
-14,14,"CARBONATITE, APATITE-CALCITE [17603]",416.9,836,118.7,483.5,100.4,21.11,53,6.59,29.02,4.85,11.81,1.32,7.72,1.08
-15,14,"CARBONATITE, ALKALIFELDSPAR-CALCITE [17603]",225,452,52.5,177.6,30.13,7.78,21.69,3.31,17.06,3.8,9.91,1.34,9.33,1.36
-15,14,"CARBONATITE, CALCITE [17603]",290.2,606.8,70.48,247.7,42.02,10.41,30.25,5.08,27.18,6.06,15.78,2.08,14.5,2.08
-15,14,"CARBONATITE, CALCITE [17603]",207.6,495.9,63.35,268.9,46.61,16.3,32.46,3.99,16.69,3.08,5.78,0.57,4.32,0.6
-15,14,"CARBONATITE, CALCITE [17603]",511,1002,113.4,396.3,56.68,16.73,29.39,3.96,16.22,2.59,5.95,0.57,4.03,0.57
-15,14,"CARBONATITE, CALCITE [17603]",325.8,653.1,71.31,280.1,47.8,15.82,39.3,5.11,30.72,6.94,17.02,2.18,18.81,2.44
-15,14,"CARBONATITE, FLUORITE-CALCITE [17603]",795.1,1058,106.1,422.4,59.15,9.4,39.09,4.26,19.54,3.11,7.66,0.65,5.99,0.82
34,109.5,"CARBONATITE [19562]",186,522,61.1,266,62.9,17.9,58.5,9.24,53.9,11.7,37.4,5.99,38.3,6.11
34,109.5,"CARBONATITE [19562]",143,478,61.6,289,74.7,21.3,68.5,11.6,71.8,15.5,51.3,8.28,49.3,8.28
34,109.5,"CARBONATITE [19562]",143,545,59.1,278,68.7,18.5,58.6,8.35,46.1,9.64,29.1,4.36,28,3.9
34,109.5,"CARBONATITE [19562]",231,581,62.1,244,49.6,14.6,52.7,7.62,43.5,9.2,29.2,4.96,33.6,5.67
34,109.5,"CARBONATITE [19562]",107,401,42,193,45.5,12.3,41.8,6.36,38.4,8.69,27.5,4.43,31.4,4.74
34,109.5,"CARBONATITE [19562]",262,694,75.1,332,69.3,19.7,61.7,8.32,44.9,10.2,36.7,5.9,36.1,5.52
34,109.5,"CARBONATITE [19562]",187,571,66.4,308,78.3,21.8,66.1,11.1,63.9,13.1,42.5,6.64,40.9,6.31
34,109.5,"CARBONATITE [19562]",220,516,47.9,200,41.7,11.3,38,5.72,34.3,8.28,28.6,4.86,35.3,5.55
34,109.5,"CARBONATITE [19562]",147,466,46,199,42.9,11.3,38.9,5.59,33.5,7.92,26.3,4.48,32.3,5.02
34,109.5,"CARBONATITE [19562]",130,445,46.1,210,58.2,17.9,61.2,11.3,77.4,19.2,67.3,11.8,86,13.3
34,109.5,"CARBONATITE [19562]",279,764,76.9,336,71.9,18.6,60.7,8.8,49.6,10.9,34.2,5.23,34.7,4.82
34,109.5,"CARBONATITE [19562]",140,516,53.2,240,60.1,17.2,56.8,9.48,59.7,13.6,44.9,7.52,53,8.11
34,109.5,"CARBONATITE [19562]",186,527,52.4,230,50.9,13.5,45.5,6.84,41.6,9.73,32.9,5.47,37.9,5.61
34,109.5,"CARBONATITE [19562]",58.8,150,20.4,94,24.3,8.08,24.2,4.21,28,6.5,25.3,4.62,31.9,5.43
51.6301,107.1301,"CARBONATITE [17534]",8174,14582.3,1439.9,4523.6,373.8,68.1,133.4,81,23.7,2.9,4.9,0.5,2.8,0.4
51.6301,107.1301,"CARBONATITE [17534]",5687,10277.5,970.4,3267.4,266.1,47.8,94.3,6,16.8,2.3,3.7,0.4,2,0.3
51.6301,107.1301,"CARBONATITE [17534]",13085.3,24572.7,2307.2,7163.4,576.2,106.4,211.3,11.4,31.7,4.2,6.4,0.6,2.9,0.4
51.6301,107.1301,"CARBONATITE [17534]",8442.7,15061.4,1460.1,4732.8,389.7,67.4,136.9,7.8,22.2,3.1,4.2,0.5,2,0.3
51.6301,107.1301,"CARBONATITE [17534]",19116.9,34989.5,3310.5,10223.7,789.8,139.5,272.9,15,41.7,5.4,7.8,0.7,3.8,0.5
51.6301,107.1301,"CARBONATITE [17534]",21919.3,39970.5,3816.4,11846,921,151.5,300.2,16.9,44.8,5.6,8.5,0.9,4.9,0.6
-8.7,15.1,"CARBONATITE [19725]",405.4,693.83,76.8,254.6,33.5,9.1,19.2,2.7,11.5,1.9,4.2,0.7,3.9,0.6
-8.7,15.1,"CARBONATITE [19725]",260,491.9,57.39,217.7,30.26,7.68,19.44,1.86,8.35,1.28,2.56,0.34,2.07,0.3
-8.7,15.1,"CARBONATITE [19725]",718.5,1211.6,122.7,406.4,52.81,13.7,39.23,3.78,18.79,2.5,6.2,0.82,4.89,0.63
-21.917,17.1,"CARBONATITE [17934]",352,734,92.8,343,57,14.4,41.6,4.74,22.3,3.61,7.93,0.86,4.95,0.67
-21.917,17.1,"CARBONATITE [17934]",581,1.148,136,490,75.3,17.8,53.8,5.74,25.4,3.85,8.27,0.94,4.99,0.78
-21.917,17.1,"CARBONATITE [17934]",1047,2014,232,813,118,25.9,77.5,7.98,34.8,5.24,10.6,1.15,5.39,0.83
-20.57,16,"CARBONATITE [17934]",5623,10112,1.05,3.006,341,83.5,155,11.5,34.7,5.07,11.1,1.53,10.2,2.16
-20.57,16,"CARBONATITE [17934]",4384,8006,849,2.57,314,87.3,205,25.1,115.5,19.2,43.2,4.91,23.4,3.23
-24.683,-49.217,"CARBONATITE [18142]",104,173,20.2,70.7,9.2,2.56,8.54,1.32,6.07,86,2.11,0.38,2.54,0.47
-24.683,-49.217,"CARBONATITE [18142]",193.5,396.7,48.6,184.4,33.15,11.35,38.4,6.76,38.31,6.55,16.56,2.07,11.54,1.58
-24.683,-49.217,"CARBONATITE [18142]",853,971,118,444,33.89,7.84,24.08,3.76,21.13,1.87,3.98,0.6,4.15,0.66
-24.683,-49.217,"CARBONATITE [18142]",480,776,91,321,43.7,14,41.44,6.07,33.26,6.98,19.14,2.62,14.78,2.27
-24.683,-49.217,"CARBONATITE [18142]",6630,7470,642,1614,163,40.3,81.2,7.25,28.9,4.34,7.64,0.66,3.75,0.86
-24.683,-49.217,"CARBONATITE [18142]",1541,3391,400,1421,113.71,35.04,95.9,12.33,50.75,10.2,27.63,3.81,18.29,2.68
-24.683,-49.217,"CARBONATITE [18142]",734,923,78.4,208,24.2,6.79,18,2.1,10.9,1.92,4.71,0.64,3.04,0.53
-24.683,-49.217,"CARBONATITE [18142]",633,935,110,383.4,58.74,22.46,77.37,14.1,84.03,17.23,44.2,6.5,38.85,5.63
-24.683,-49.217,"CARBONATITE [18142]",35.44,47.71,6.57,29.7,6.36,1.81,7.88,1.39,6.8,1.4,4.04,0.67,4.46,0.7
-24.683,-49.217,"CARBONATITE [18142]",194.3,275.2,29.8,88,12.16,3.94,12.4,1.94,10.79,1.93,3.99,0.47,2.77,0.47
-24.683,-49.217,"CARBONATITE [18142]",1070,1397,184,826,116.6,30.2,91.3,11.7,37.42,3.72,12.49,1.75,10.1,1.38
-24.683,-49.217,"CARBONATITE [18142]",655,1122,156,703,157,43.8,144.1,24.52,158.3,24.21,52.89,4.07,25.92,4.29
-24.683,-49.217,"CARBONATITE [18142]",3156,5967,676,2691,143.2,45.26,110.9,13.04,40.85,8.58,23.15,3.45,16.43,1.8
-24.683,-49.217,"CARBONATITE [18142]",1290,2511,350,1580,244.5,83.6,264.01,42.81,278.99,57.98,116.01,16.11,91.78,12.31
-24.683,-49.217,"CARBONATITE [18142]",294,457,51,166.9,16.67,4.02,8.47,0.87,4.06,0.86,3.15,0.42,2.98,0.48
