"LATITUDE.MIN","LONGITUDE.MIN","ROCK.NAME","LA.PPM.","CE.PPM.","PR.PPM.","ND.PPM.","SM.PPM.","EU.PPM.","GD.PPM.","TB.PPM.","DY.PPM.","HO.PPM.","ER.PPM.","TM.PPM.","YB.PPM.","LU.PPM."
65.8,-16.97,"PICRITE [4692]",0.54,1.84,0.36,2.31,1,0.45,1.72,0.32,2.2,0.48,1.41,0.22,1.45,0.23
21,104,"PICRITE [20175]",0.8,2.3,0.4,2.1,0.82,0.45,1.39,0.3,2.08,0.46,1.28,0.2,1.24,0.19
11.4878,39.2403,"PICRITE [20330]",30.8,74,10.3,45,10,2.98,8.94,1.49,6.63,1.25,2.97,0.42,2.36,0.33
11.8242,39.5544,"PICRITE [20330]",34,79.6,11.3,49.7,11.6,3.48,10.3,1.78,8.11,1.54,3.68,0.52,2.93,0.41
11.8956,39.4617,"PICRITE [20330]",27.3,62.7,9.5,42,9.5,3.05,10.8,1.44,5.57,1.01,2.61,0.33,2.03,0.26
12.4431,39.5433,"PICRITE [20330]",20.4,46.7,6.6,28.7,6.3,1.9,5.52,0.91,3.68,0.68,1.54,0.24,1.14,0.18
15.0881,43.7278,"PICRITE [20330]",32.8,72.7,8.74,35.9,6.84,2.12,6.66,0.85,4.09,0.71,1.91,0.23,1.36,0.18
15.1028,43.7111,"PICRITE [20330]",46.2,105,12.7,52.4,9.94,3.01,9.62,1.23,5.81,0.99,2.54,0.29,1.71,0.22
19.74,-155.05,"THOLEIITIC BASALT [7011] / BASALT [6966] / PICRITE [13124]",8.39,22.66,3.39,16.4,4.37,1.51,4.84,0.759,4.2,0.78,2.04,0.27,1.63,0.22
19.74,-155.05,"THOLEIITIC BASALT [7011] / BASALT [6966] / PICRITE [13124] / NOT GIVEN [15719]",9.27,22.8,3.36,15.9,4.17,1.43,4.44,0.72,4.09,0.803,2.08,0.276,1.71,0.242
19.74,-155.05,"THOLEIITIC BASALT [7011] / BASALT [6966] / NOT GIVEN [21778] / PICRITE [13124]",8.13,21.3,2.96,13.96,3.64,1.28,4.2,0.63,3.7,0.69,1.84,0.267,1.6,0.2
19.74,-155.05,"THOLEIITIC BASALT [7011] / BASALT [6966] / PICRITE [13124] / NOT GIVEN [21778]",6.19,15.7,2.52,12.2,3.28,1.13,3.61,0.591,3.26,0.63,1.62,0.232,1.34,0.188
19.74,-155.05,"THOLEIITIC BASALT [7011] / BASALT [6966] / PICRITE [13124]",8.99,22.8,3.31,16.2,4.23,1.48,4.6,0.752,4.23,0.818,2.03,0.292,1.7,0.232
19.74,-155.05,"THOLEIITIC BASALT [7011] / BASALT [6966] / PICRITE [13124]",5,13.28,1.97,9.38,2.65,0.92,3.05,0.48,2.8,0.53,1.42,0.19,1.14,0.16
19.74,-155.05,"THOLEIITIC BASALT [7011] / BASALT [6966] / PICRITE [13124]",6.5,16.98,2.57,12.49,3.47,1.22,4.05,0.64,3.74,0.72,1.92,0.26,1.51,0.22
51.5,103.5,"PICRITE [20386]",8.03,20,2.61,11.32,3.02,0.87,2.63,0.44,2.94,0.64,1.79,0.26,1.5,0.26
51.5,103.5,"PICRITE [20386]",10.63,24.18,2.78,12.01,3.78,1.56,3.83,0.72,5.38,1.31,3.52,0.49,2.93,0.51
51.5,103.5,"PICRITE [20386]",10.34,23.59,2.67,11.37,3.01,0.71,2.45,0.37,2.34,0.5,1.43,0.22,1.34,0.23
51.5,103.5,"PICRITE [20386]",2.29,6.78,1.14,5.7,1.71,0.59,1.74,0.31,2.29,0.51,1.54,0.23,1.32,0.21
51.5,103.5,"PICRITE [20386]",9.58,19.07,2.38,10.48,3.11,1.04,2.8,0.48,2.98,0.61,1.69,0.26,1.54,0.27
51.5,103.5,"PICRITE [20386]",16.19,32.78,4.01,17.12,4.12,1.02,3.13,0.48,3.3,0.73,2.08,0.29,1.67,0.26
50,81,"PICRITE [20389]",11,24,3.2,13,2.5,0.7,2.1,0.3,1.8,0.3,0.8,0.1,0.8,0.1
50,81,"PICRITE [20389]",13,26,3.4,15.91,3.07,0.7,2.3,0.3,1.7,0.4,0.9,0.1,0.7,0.1
50,81,"PICRITE [20389]",10,23,3.2,14,2.7,0.8,2.4,0.3,1.7,0.4,1,0.1,0.9,0.1
12.117,-61.722,"PICRITE [4679]",5.6,12.8,1.8,8.6,2.3,0.8,2.6,0.5,2.7,0.6,1.6,0.3,1.5,0.3
12.117,-61.722,"PICRITE [4679]",5.5,12.5,1.8,8.5,2.3,0.8,2.7,0.4,2.8,0.6,1.5,0.3,1.5,0.2
12.117,-61.722,"PICRITE [4679]",5.9,12.8,1.9,8.9,2.3,0.8,2.8,0.5,2.9,0.6,1.6,0.3,1.7,0.3
12.117,-61.722,"PICRITE [4679]",19.3,38.1,4.7,19.6,4.1,1.3,3.7,0.6,3,0.6,1.5,0.2,1.3,0.2
12.117,-61.722,"PICRITE [4679]",5.3,12.2,1.8,8.3,2.3,0.8,2.7,0.5,2.7,0.6,1.6,0.3,1.5,0.2
12.117,-61.722,"PICRITE [4679]",32,61.6,7.3,28.5,5.2,1.5,4.3,0.6,3.3,0.6,1.6,0.3,1.5,0.2
25.6,100,"PICRITE [19311]",36.1,72.2,8.68,36,6.59,1.8,4.79,0.785,3.99,0.76,1.92,0.25,1.47,0.21
25.6,100,"PICRITE [19311]",19.6,45.1,5.95,25.1,4.74,1.34,5.78,0.687,3.26,0.67,1.81,0.25,1.64,0.22
25.6,100,"PICRITE [19311]",16.8,41.6,5.6,23.8,4.94,1.57,5.81,0.766,3.81,0.83,2.18,0.29,2.02,0.27
25.6,100,"PICRITE [19311]",12.9,29.2,3.72,15.9,3.38,1.04,3.16,0.534,2.92,0.58,1.55,0.21,1.3,0.19
72,101,"PICRITE [19314]",77.05,168,20.42,80.11,13.26,3.693,9.157,1.159,5.595,0.911,2.117,0.247,1.48,0.183
38.0123,117.6803,"PICRITE [20725]",69.2,127,15.6,58.9,11.9,3.63,10.6,1.37,6.8,1.19,2.59,0.32,1.7,0.22
-21.5,30.5,"PICRITE [21049]",74.3747806278067,152.589490182463,19.008644126259,79.9272427273631,13.2694253145694,3.37250102435039,9.4453541272463,1.17795848022923,5.76592088528196,0.973515176357091,2.32874349952826,0.291550389038914,1.76972091386536,0.247761308903249
-24,32,"PICRITE [21049]",50.7,100.7,13.53,58.7,13.64,3.8,11.05,1.23,7.02,1.19,2.72,0.41,1.94,0.34
-24,32,"PICRITE [21049]",42.3,83.1,10.55,43.6,8.82,2.59,7.29,0.9,4.76,0.83,2,0.37,1.5,0.28
-24,32,"PICRITE [21049]",58.3,130.9,16.75,66.7,10.05,2.87,7.21,0.83,4.51,0.68,1.75,0.27,1.13,0.19
-24,32,"PICRITE [21049]",48.1,109.9,13.15,54.8,9.59,2.43,6.69,0.78,3.97,0.75,1.64,0.26,1.24,0.19
-24,32,"PICRITE [21049]",71.4,148.1,19.54,79.5,14.2,3.84,9.71,1.08,5.84,1,2.24,0.34,1.62,0.28
-24,32,"PICRITE [21049]",46.4,150.2,15.81,59.6,9.06,2.67,6.07,0.72,3.69,0.62,1.43,0.21,1.02,0.2
-24,32,"PICRITE [21049]",48,104.7,12.92,56.8,11.02,3.17,8.64,1.08,5.76,0.98,2.34,0.34,1.73,0.29
-24,32,"PICRITE [21049]",90.2,177.5,23.12,91.8,16.23,4.42,11.43,1.16,6.56,1.1,2.42,0.35,1.6,0.24
-24,32,"PICRITE [21049]",69.3,154.4,18.78,75.1,12.5,3.27,8.79,1.02,5.07,0.83,2,0.29,1.47,0.22
-24,32,"PICRITE [21049]",38.4,95.7,12.25,56.4,9.78,2.73,7.36,0.93,4.59,0.79,1.87,0.25,1.32,0.22
-24,32,"PICRITE [21049]",74.1,148.1,19.68,79.6,14.3,3.61,9.69,1.02,5.78,0.96,2.22,0.32,1.64,0.25
21.34,-157.85,"THOLEIITIC BASALT [6990] / PICRITE [7766]",7.18,17.6,2.68,12.8,3.56,1.22,3.87,0.623,3.55,0.698,1.78,0.259,1.49,0.216
21.34,-157.85,"THOLEIITIC BASALT [6990] / PICRITE [7766]",6.17,15.3,2.36,11.2,3.15,1.09,3.45,0.555,3.1,0.617,1.55,0.227,1.34,0.19
21.34,-157.85,"THOLEIITIC BASALT [6990] / PICRITE [7766]",7.53,18.9,2.78,13.1,3.72,1.31,4.05,0.653,3.69,0.705,1.91,0.261,1.54,0.218
21.34,-157.85,"THOLEIITIC BASALT [6990] / PICRITE [7766]",6.68,17.4,2.55,12.6,3.6,1.29,3.93,0.636,3.56,0.689,1.78,0.254,1.5,0.21
21.34,-157.85,"THOLEIITIC BASALT [6990] / PICRITE [7766]",6.81,16.8,2.66,12.8,3.66,1.29,3.9,0.623,3.5,0.678,1.75,0.241,1.44,0.203
21.34,-157.85,"THOLEIITIC BASALT [6990] / PICRITE [7766]",9.74,24.4,3.64,17.1,4.61,1.56,4.84,0.775,4.37,0.818,2.16,0.293,1.71,0.241
21.34,-157.85,"THOLEIITIC BASALT [6990] / PICRITE [7766]",8.78,21.7,3.38,16.2,4.41,1.54,4.65,0.743,4.28,0.804,2.08,0.287,1.68,0.239
21.34,-157.85,"THOLEIITIC BASALT [6990] / PICRITE [7766]",6.97,17.9,2.72,12.9,3.56,1.24,3.77,0.611,3.38,0.643,1.66,0.226,1.35,0.201
21.34,-157.85,"THOLEIITIC BASALT [6990] / PICRITE [7766]",8.71,21.9,3.42,16.4,4.49,1.54,4.72,0.762,4.24,0.816,2.1,0.292,1.69,0.239
21.34,-157.85,"THOLEIITIC BASALT [6990] / PICRITE [7766]",7.4,18,2.71,12.8,3.46,1.16,3.77,0.604,3.43,0.65,1.66,0.231,1.33,0.189
21.34,-157.85,"THOLEIITIC BASALT [6990] / PICRITE [7766]",8.62,22.9,3.37,16.2,4.43,1.54,4.82,0.777,4.28,0.83,2.14,0.294,1.72,0.241
-14.337,-169.98,"BASALT [6967] / ALKALI BASALT [13783]",17.1,34.37,4.04,16.52,3.68,1.14,3.17,0.48,2.72,0.49,1.15,0.16,0.87,0.13
26,100,"PICRITE [21284]",5,12.5,1.61,8.3,2.63,1,2.99,0.47,2.98,0.61,1.68,0.23,1.43,0.2
27,100,"PICRITE [21284]",24.2,52,6.04,21.4,4.11,1.3,3.57,0.52,2.94,0.61,1.59,0.23,1.25,0.2
27,100,"PICRITE [21284]",9,20.4,2.77,12.6,3,0.92,2.88,0.43,2.36,0.45,1.14,0.16,0.92,0.14
27,100,"PICRITE [21284]",9,20,2.74,12.5,3.02,0.91,2.88,0.43,2.37,0.45,1.15,0.15,0.92,0.14
24.5,82.5,"PICRITE [21510]",12.36,30.6,4.23,16.932,4.22,1.39,3.97,0.63,3.22,0.6,1.49,0.2,1.26,0.159
24.5,82.5,"PICRITE [21510]",11.19,24.52,3.26,12.246,2.916,1.11,3.59,0.53,2.82,0.54,1.33,0.18,1.15,0.17
24.5,82.5,"PICRITE [21510]",16.36,37.54,4.38,18.63,4.22,1.36,3.93,0.67,3.2,0.59,1.52,0.2,1.26,0.18
24.5,82.5,"PICRITE [21510]",13,32.01,4.3,20.28,4.6,1.36,3.97,0.64,3.22,0.62,1.56,0.2,1.32,0.19
24.5,82.5,"PICRITE [21510]",19.92,46.49,5.81,22.4,5.08,1.63,4.74,0.72,3.72,0.7,1.74,0.23,1.47,0.21
24.5,82.5,"PICRITE [21510]",17.44,38.36,4.98,20.95,4.68,1.35,4.17,0.64,3.52,0.67,1.69,0.22,1.26,0.18
24.5,82.5,"PICRITE [21510]",15.74,35.53,4.68,20.7,4.463,1.27,4.5,0.61,3.05,0.58,1.44,0.2,1.24,0.174
24.5,82.5,"PICRITE [21510]",22.98,52.74,6.05,20.793,5.83,1.98,5.73,0.87,4.4,0.84,2.06,0.27,1.78,0.25
24.5,82.5,"PICRITE [21510]",18.38,42.63,5.79,25.069,5.05,1.69,4.63,0.71,3.79,0.71,1.79,0.24,1.47,0.21
24.5,82.5,"PICRITE [21510]",21.32,49.1,5.64,23.95,5.43,1.85,5.34,0.81,4.09,0.78,1.92,0.25,1.66,0.24
24.5,82.5,"PICRITE [21510]",14.94,35.09,4.6,19.3,4.36,1.37,4.09,0.66,3.3,0.64,1.59,0.21,1.33,0.18
24.5,82.5,"PICRITE [21510]",15.59,38.13,5.03,21.76,4.93,1.39,4.46,0.68,3.41,0.64,1.63,0.21,1.38,0.2
24.5,82.5,"PICRITE [21510]",18.44,41.94,5.48,23.29,5.2,1.54,4.84,0.78,3.87,0.74,1.87,0.25,1.55,0.21
24.5,82.5,"PICRITE [21510]",26.97,63.04,8.68,36.66,8.03,2.21,7.79,1.01,4.82,0.84,1.96,0.25,1.47,0.21
24.5,82.5,"PICRITE [21510]",32.78,74.07,9.99,38.37,8.403,2.85,9.01,1.21,6.02,1.05,2.33,0.29,1.71,0.196
24.5,82.5,"PICRITE [21510]",20.52,50.22,6.69,27.59,6.11,1.65,5.95,0.84,4,0.73,1.82,0.23,1.47,0.21
24.5,82.5,"PICRITE [21510]",24,56.3,7.58,30.254,6.285,1.48,6.45,0.86,4.23,0.74,1.72,0.22,1.31,0.159
24.5,82.5,"PICRITE [21510]",34.87,81.23,10.65,22.438,4.568,2.92,8.88,1.15,5.65,1,2.38,0.32,1.91,0.13
24.5,82.5,"PICRITE [21510]",34.21,80.44,10.93,44.97,10.1,3.08,10.06,1.34,6.6,1.13,2.51,0.31,1.81,0.24
24.5,82.5,"PICRITE [21510]",22.18,53.38,7.37,30.58,6.59,1.6,6.57,0.87,4.28,0.76,1.8,0.24,1.45,0.2
24.5,82.5,"PICRITE [21510]",32.83,77.5,10.24,39.548,8.076,2.81,8.7,1.13,5.66,1,2.38,0.31,1.91,0.233
24.5,82.5,"PICRITE [21510]",30.59,71.87,9.87,41.29,9.4,2.25,9.53,1.28,6.16,1.04,2.32,0.28,1.68,0.23
24.5,82.5,"PICRITE [21510]",34.28,79.56,10.61,42.81,8.79,2.64,8.8,1.12,5.53,0.99,2.39,0.32,1.88,0.241
-10.4642,-138.6661,"PICRITE [21614]",25.65,58.2,7.69,33.3,7.81,2.59,7.22,1.09,5.84,1.03,2.47,0.3,1.73,0.24
-10.4553,-138.6628,"PICRITE [21614]",20.98,46.25,6.08,26.06,6.04,2,5.52,0.82,4.31,0.73,1.7,0.21,1.17,0.15
-10.5142,-138.6878,"PICRITE [21614]",29.24,66.19,8.84,38.18,8.89,2.92,8.04,1.19,6.37,1.12,2.63,0.33,1.93,0.27
-10,-139,"PICRITE [21614]",44.81,97.97,12.65,52.74,11.27,3.53,9.89,1.42,7.38,1.28,2.79,0.35,1.92,0.26
-8.8272,-140.0811,"PICRITE [21614]",15.77,36.74,5.04,22.13,5.15,1.7,4.69,0.7,3.75,0.65,1.46,0.19,1.07,0.15
-8.8272,-140.0811,"PICRITE [21614]",16.49,39.51,5.63,25.42,6.59,2.19,6.39,1,5.44,0.99,2.35,0.3,1.67,0.25
73,102,"PICRITE [21799]",223,380,41,141,18.5,4.7,13.6,1.43,6.21,0.99,2.06,0.25,1.49,0.19
28,92,"PICRITE [21819]",6.24,14.2,2.06,9.16,2.31,0.78,2.43,0.36,1.95,0.39,0.94,0.12,0.79,0.11
28,92,"PICRITE [21819]",6.89,15.8,2.27,10,2.54,0.84,2.64,0.4,2.12,0.41,1.02,0.13,0.87,0.12
28,92,"PICRITE [21819]",6.54,15.2,2.24,10.2,2.68,0.81,2.59,0.4,2.31,0.41,1.07,0.13,0.9,0.12
28,92,"PICRITE [21819]",9.89,23.2,3.27,15.3,3.73,1.13,3.69,0.54,3.02,0.6,1.46,0.19,1.21,0.17
28,92,"PICRITE [21819]",9.61,22.8,3.22,15,3.66,1.1,3.59,0.53,2.97,0.59,1.43,0.18,1.19,0.17
28,92,"PICRITE [21819]",9.6,22.6,3.19,14.8,3.56,1.11,3.64,0.52,2.98,0.58,1.42,0.19,1.19,0.16
28,92,"PICRITE [21819]",9.23,21.7,3.05,14.4,3.43,1.07,3.43,0.51,2.86,0.57,1.37,0.18,1.14,0.16
28,92,"PICRITE [21819]",9.84,23.2,3.28,15.2,3.69,1.13,3.72,0.54,3.05,0.6,1.47,0.19,1.24,0.17
28,92,"PICRITE [21819]",6.61,15.3,2.04,9.66,2.43,0.8,2.41,0.37,2.09,0.4,0.99,0.13,0.79,0.11
28,92,"PICRITE [21819]",6.19,14.2,1.9,9.09,2.31,0.76,2.29,0.35,1.97,0.38,0.95,0.13,0.77,0.11
28,92,"PICRITE [21819]",7.49,17.2,2.32,11.1,2.76,0.9,2.77,0.43,2.43,0.46,1.14,0.16,0.94,0.13
28,92,"PICRITE [21819]",7.4,17.3,2.42,11.2,2.81,0.9,2.77,0.41,2.29,0.44,1.12,0.15,0.9,0.12
28,92,"PICRITE [21819]",6.9,16.1,2.22,10.3,2.61,0.82,2.48,0.38,2.09,0.39,1.01,0.13,0.8,0.12
-8.2,157.13,"PICRITE [7174] / NOT GIVEN [22047]",1.15,2.83,0.47,2.46,0.835,0.306,1.05,0.184,1.23,0.262,0.745,0.109,0.733,0.11
-8.38,157.8,"PICRITE [7174]",3.54,8.3,1.24,6.15,1.76,0.593,1.92,0.317,2.06,0.428,1.22,0.18,1.19,0.18
36.0667,37.1833,"PICRITE [7174] / BASALT [13878] / NOT GIVEN [22047]",5.22,10,1.64,8,2.21,0.773,2.53,0.422,2.77,0.598,1.73,0.246,1.62,0.251
-8.38,157.8,"PICRITE [7174]",3.57,8.2,1.22,5.96,1.71,0.573,1.87,0.316,2.07,0.44,1.25,0.183,1.22,0.186
-8.38,157.8,"PICRITE [7174]",4.26,7.99,1.23,6.08,1.61,0.55,1.84,0.289,1.88,0.405,1.16,0.164,1.07,0.163
-8.38,157.8,"PICRITE [7174]",5.04,9.65,1.61,7.93,2.18,0.75,2.46,0.389,2.51,0.539,1.52,0.213,1.39,0.216
-8.38,157.8,"PICRITE [7174]",3.23,7.36,1.09,5.36,1.48,0.49,1.58,0.262,1.69,0.355,1.02,0.148,0.987,0.148
-8.38,157.8,"PICRITE [7174]",3.13,7.27,1.07,5.24,1.46,0.481,1.56,0.257,1.67,0.35,1,0.148,0.985,0.147
-8.38,157.8,"PICRITE [7174]",2.63,6.15,0.926,4.56,1.32,0.437,1.41,0.233,1.51,0.316,0.91,0.132,0.881,0.131
21.85,-157.7667,"PICRITE [11395]",9.0582,23.26886,3.22069333333333,16.34372,4.40897333333333,1.53177733333333,4.45118,0.650956666666667,4.08430666666667,0.751928,2.00124533333333,0.262330666666667,1.63761866666667,0.222721333333333
21.8497,-157.7592,"PICRITE [13124]",6.61,16.4,2.4,12.2,3.28,1.13,3.5,0.535,3.09,0.588,1.54,0.206,1.28,0.17
44.7772,170.0205,"PICRITE [5942]",4.03,10.6,1.62,7.87,2.38,0.927,2.85,0.454,2.8,0.556,1.46,0.202,1.19,0.174
56,110,"PICRITE [22121]",10.2,19.9,2.27,8.7,1.79,0.56,1.83,0.3,1.92,0.4,1.17,0.18,1.13,0.17
56,110,"PICRITE [22121]",11.1,19.7,2.43,9.7,2.07,0.59,2.18,0.37,2.29,0.46,1.39,0.2,1.34,0.2
56,110,"PICRITE [22121]",12.1,24.4,2.86,11.1,2.23,0.68,2.23,0.38,2.28,0.48,1.42,0.21,1.33,0.21
56,110,"PICRITE [22121]",14.6,30.3,3.19,12.1,2.47,0.7,2.64,0.41,2.64,0.52,1.61,0.23,1.51,0.24
25.9888,100.1227,"PICRITE [7264]",4.41,10.1,7.4088274599872,4.9,1.28,0.43,5.39923064794879,0.3,4.11646693858034,0.756354289472163,1.88441235872627,0.247171315099462,1.12,0.16
-49.9,69.64,"PICRITE [7525]",15.5,35.6,4.14,18.4,4.1,1.43,3.76,0.58,3.56,0.7,1.9,0.22,1.47,0.2
-49.9,69.64,"PICRITE [7525]",15.8,36.5,4.37,18.7,4,1.48,4.03,0.61,3.69,0.7,1.89,0.22,1.43,0.19
-49.35,69.89,"PICRITE [7525]",11.6,27.3,3.35,15.1,3.5,1.29,3.34,0.55,3.25,0.63,1.69,0.21,1.3,0.18
-25.17,-129.38,"PICRITE [6126]",29.88,60.84,7.53,30.45,6.54,2.04,5.87,0.84,4.64,0.84,2.11,0.28,1.69,0.23
48.5,-90,"PICRITE  [22697]",1.1435,3.3599,0.5584,3.01,1.02,0.449,1.4489,0.2618,1.8133,0.3784,1.1276,0.1643,1.0805,0.1593
48.5,-90,"PICRITE  [22697]",2.0745,5.612,0.8714,4.8467,1.5956,0.657,2.1218,0.3816,2.603,0.5734,1.6347,0.2364,1.5523,0.2385
48.5,-90,"PICRITE  [22697]",1.4323,3.8689,0.666,3.594,1.22,0.4788,1.7413,0.3131,2.1225,0.4511,1.3448,0.1957,1.2881,0.1862
-21.24,55.73,"PICRITE [22897]",28.3174211309743,61.4742282663472,8.14184582764,33.8999245610334,7.17459488444479,2.33030772472381,6.93023537412833,1.05650378399654,5.8108310727673,1.08507503149646,2.78755244421532,0.376818837673109,2.25991726881618,0.315350564029781
-21.24,55.73,"PICRITE [22897]",12.8973159150055,28.8093219731298,3.85387883291808,16.6529163427471,3.64613996383359,1.22062569485156,3.68708428555441,0.567828921893877,3.22396147472448,0.604798145129322,1.5704218374088,0.21514824587363,1.27747146774961,0.178273394265013
-21.24,55.73,"PICRITE [22897]",12.1461775961461,27.3136211688072,3.70265658213777,16.1264803765221,3.54827268171961,1.18351237109381,3.58528955324327,0.552311556257829,3.09938667300732,0.583140735109162,1.49317862837169,0.205113577161886,1.20692357074833,0.167386307667978
-21.24,55.73,"PICRITE [22897]",10.0503009364299,22.6120679687089,3.1240787391083,13.7722574491633,3.1709961471029,1.064253253005,3.26838964342264,0.515040265641384,2.90119872907177,0.546227699571809,1.42405641318633,0.193308918827522,1.14427101671282,0.161053756194488
-21.24,55.73,"PICRITE [22897]",11.725335678019,26.7482321346456,3.68981895415539,16.0719776956706,3.70428954269504,1.24369202239888,3.79014965744939,0.590402655189914,3.30663540238143,0.619383573106605,1.59384962706266,0.21778101292314,1.28123622327669,0.181718431798406
-21.24,55.73,"PICRITE [22897]",14.0260317718078,30.5585990124273,4.22466816409159,18.3251780397221,4.0407301926782,1.33782849969854,4.09620560207226,0.629778397526264,3.50588237065676,0.661224360155031,1.7115698112247,0.230897442067311,1.36418676399303,0.190954798563671
-21,55.85,"PICRITE [22897]",11.5688301640704,26.9929448842746,3.78803534697022,16.7526491252558,4.03335986936877,1.39415087890237,4.27456251287112,0.696258259453069,3.94957295317206,0.753715862900327,1.96718118758599,0.270116151231813,1.59946654972046,0.225585921429016
41.4903,121.0144,"PICRITE [22970]",16.8998113364649,36.7772350690437,4.65760725876634,18.8537335443339,3.72652172480739,1.02017318950664,3.28859130083772,0.437472437874828,2.43795338497854,0.517669443167664,1.2387821690819,0.199332929537337,1.31083181484417,0.184532055351711
41.4911,121.0163,"PICRITE [22970]",16.704986128739,36.0422168381211,4.56666105503838,18.6661984140014,3.67946550276095,1.00133174671509,3.29439152430608,0.438048499858085,2.41000886013328,0.509132127101579,1.23447646559316,0.198824270503359,1.29269437008556,0.186931346373825
41.4911,121.0163,"PICRITE [22970]",16.9356235222206,36.4277551840634,4.62525549417673,18.6454502587341,3.70457608899122,1.00750739561167,3.27494558864351,0.437903311322085,2.41680224878254,0.508675073495102,1.22802204502089,0.197130554032732,1.3245395923518,0.193436515170925
41.4911,121.0163,"PICRITE [22970]",16.9090133836121,36.591534276107,4.61424068887367,18.8081182627855,3.72891149271963,1.00870300872366,3.27357370365531,0.437264110201187,2.46382514797286,0.513895449675252,1.24047039796456,0.199795671666136,1.30491345136072,0.189514448285264
41.4911,121.0163,"PICRITE [22970]",19.9957324807469,42.426499282012,5.32807763219519,21.614200548923,4.19744359087887,1.13475588664577,3.6216933090092,0.46471071006552,2.53900581194412,0.523535691845993,1.26414213491268,0.201707954598053,1.32664637901836,0.191342036773927
41.4911,121.0179,"PICRITE [22970]",19.3995748936516,41.1431797853531,5.19161434833644,20.9538459461923,4.10639242323342,1.1140266875902,3.60383468004765,0.464344507076641,2.50486051232999,0.515680101297558,1.27152388762789,0.202107004831967,1.31147172153376,0.190146732433778
41.4903,121.0138,"PICRITE [22970]",16.3583568105999,36.6665050461334,4.69187463558566,18.4901132632163,3.53191698493449,1.04399081717325,3.29040719725448,0.439161961605214,2.383851908262,0.483123378301186,1.29445417787869,0.18617228188106,1.22969465774193,0.191542043838254
41.4903,121.0138,"PICRITE [22970]",16.7002761664382,37.2476890302322,4.73635753960351,19.0581634526473,3.56842716524529,1.04401865819124,3.35604631071146,0.448390430037052,2.42559491736904,0.487342246271784,1.30566818000951,0.188338705058807,1.23816425707636,0.183033992917254
41.4903,121.0138,"PICRITE [22970]",16.8652795676534,37.0517181208268,4.78069835667106,19.5231574933876,3.5739455284975,1.04496502607321,3.26370597905302,0.446665728685041,2.4749087669697,0.481730156679231,1.30595773933526,0.187847568568654,1.20315875416455,0.188427856835043
41.4903,121.0138,"PICRITE [22970]",16.4980550329706,36.401726814149,4.86373117885546,19.4901514371511,3.67842951643595,1.077185061612,3.3779598924752,0.464656719915795,2.45830003977811,0.499811210162223,1.32910527152187,0.190023134365454,1.27127558704844,0.191500106981716
41.4903,121.0138,"PICRITE [22970]",15.8172885502909,35.0600015752595,4.70529480033692,18.8680685329246,3.66083400984949,1.05571544815137,3.34024013648183,0.472118870250448,2.43169573969529,0.501785761727871,1.35289601040146,0.199256653722945,1.30304339382819,0.202824621198188
41.4903,121.0138,"PICRITE [22970]",16.3092623214011,36.2005182605062,4.82875290988734,19.2282985917639,3.59010564380661,1.05761136995921,3.34511614852075,0.45654296477887,2.40757660707903,0.498292567141536,1.31323105478869,0.195961237667634,1.24262644736014,0.193395237342938
41.4909,121.0161,"PICRITE [22970]",18.2467124969937,39.5454082343801,5.12287855884639,19.9473472927867,3.72698070690083,1.09189137385697,3.53328810706774,0.460468920970446,2.49134275453843,0.479347757625942,1.28732649947969,0.180397132421268,1.20368340987139,0.185533242288074
41.4911,121.017,"PICRITE [22970]",17.2209621442578,37.9749362853773,4.87148948194777,19.4271997334163,3.63428351471432,1.0713381079476,3.31046062208345,0.441824468239338,2.41058148968495,0.472989886531056,1.29363030418811,0.180590367778586,1.19673160958883,0.177906583311718
41.4911,121.0176,"PICRITE [22970]",19.1239815731913,41.5711780558751,5.25923489658611,21.2836476742579,3.90476211881115,1.13016040055375,3.4519261066361,0.458299567410866,2.4285858931323,0.475135678329782,1.26206145806208,0.179097949743679,1.19130775850304,0.179690425901019
41.6025,120.7811,"PICRITE [22970]",53.6767985853853,112.901120952816,14.0124444097768,59.3149374377267,11.2706892036598,2.94702639215455,9.54255911755119,1.09976318951412,4.82739783425941,0.776670976220712,1.9189333807793,0.239711616580967,1.61224704678611,0.233797544105433
41.6025,120.7811,"PICRITE [22970]",60.8499626331616,128.167707836163,16.256379345432,68.2154074491726,13.1056455132654,3.39198734040989,10.7586942237035,1.23720396172944,5.32480158676953,0.837453258224273,2.05777246847997,0.251705087785908,1.64352212324211,0.239479152427968
41.6025,120.7811,"PICRITE [22970]",59.8210325149533,130.588925991762,15.8145415288766,68.1977278435395,13.2420999642721,3.41042021662459,10.9231733872623,1.25529075118135,5.55183303512569,0.85861111122204,2.06651234372897,0.253893471925566,1.65802386970324,0.250413815145023
41.6025,120.7811,"PICRITE [22970]",57.6919716491717,125.232944139433,15.5918731193234,65.5060376610178,12.6684184766443,3.33011614060639,10.3924673269645,1.19531661590972,5.18022719565888,0.820575812839837,1.98347655385823,0.240805764724948,1.59134059167172,0.2316918943108
41.6025,120.7811,"PICRITE [22970]",51.0168659928822,109.329014429407,13.4951452905448,56.5508788331873,10.849723672214,2.84009588817869,9.02681370142635,1.06005582052054,4.6215571374281,0.764505054293439,1.88036102924903,0.240386226501814,1.56426568856599,0.233515095643614
41.6025,120.7811,"PICRITE [22970]",56.8177543858807,123.005023298918,15.2686249289128,65.577447096759,12.7303102023783,3.3024528266408,10.3335405012506,1.203702873674,5.32023209722579,0.841341689834319,2.01139800349384,0.247465904772475,1.63777671949455,0.236292155473187
-28.040313,117.799886,"PICRITE [23005]",3.74067466753162,8.44323710671424,1.04738890690885,4.38193318196562,1.21839117742459,0.577132662990594,1.66727213752838,0.288566331495297,1.81689912422965,0.395442750567629,1.12220240025949,0.181689912422965,1.07945183263055,0.213752838144664
-28.040313,117.799886,"PICRITE [23005]",3.73774752475248,8.6175845709571,1.13170688943894,4.98366336633663,1.45356848184818,0.425687912541254,1.98308271452145,0.321861592409241,2.23226588283828,0.467218440594059,1.28744636963696,0.197270008250825,1.19400268151815,0.186887376237624
-28.040313,117.799886,"PICRITE [23005]",5.07266332729404,13.5271022061174,2.01849728231909,9.72260471064691,2.53633166364702,0.99339656826175,3.11757433656613,0.475562186933816,3.05416604497495,0.581242672919109,1.7331599701588,0.264201214963231,1.50066290099115,0.221929020569114
-28.040313,117.799886,"PICRITE [23005]",4.6319114525422,11.3224502173254,1.63660871323158,7.61692105529162,2.24390377034267,0.833744061457596,2.86149196401496,0.494070554937835,3.17028606085111,0.710226422723138,1.90423026382291,0.277914687152532,1.74983321540483,0.277914687152532
-28.040313,117.799886,"PICRITE [23005]",4.88713745271122,10.62421185372,1.43426860025221,6.58701134930643,1.82736443883985,0.509962168978562,2.62418032786885,0.435592686002522,2.90040983606557,0.594955863808323,1.80611601513241,0.265605296343001,1.62550441361917,0.276229508196721
-28.040313,117.799886,"PICRITE [23005]",3.31181472365182,7.17559856791229,0.905229357798165,4.30535914074737,1.08185947639293,0.342220854777355,1.41304094875811,0.253905795479973,1.54551353770418,0.331181472365182,0.861071828149474,0.143511971358246,0.850032445737302,0.143511971358246
-28.040313,117.799886,"PICRITE [23005]",8.62593144560358,22.8587183308495,3.43959016393443,17.1440387481371,5.01382265275708,1.84379284649776,7.36438897168405,1.25076005961252,8.32402384500745,1.76831594634873,5.01382265275708,0.743986587183308,4.77660953800298,0.754769001490313
-28.040313,117.799886,"PICRITE [23005]",6.98786301052875,17.6414902233021,2.57749045470323,11.7991785259748,2.72641212541941,1.00808515561726,3.0357109799838,0.435309499016545,2.74932315168344,0.492587064676617,1.40902811523776,0.18328821011223,1.09972926067338,0.194743723244244
-28,118,"PICRITE [23005]",3.99332624867163,9.28178533475027,1.25196174282678,5.72017003188098,1.662087141339,0.528845908607864,2.25568969181722,0.366954303931987,2.39599574920298,0.518053134962805,1.50019553666312,0.226648246546227,1.47860998937301,0.226648246546227
-28,118,"PICRITE [23005]",5.68547008547009,13.5819563152897,2.00044317822096,8.52820512820513,1.95832858499525,0.800177271288382,2.12678695789807,0.315859449192783,1.8951566951567,0.357974042418487,0.989692940804052,0.126343779677113,0.831763216207661,0.126343779677113
-28,118,"PICRITE [23005]",5.5770928868508,14.5862429348406,2.25228751199744,10.4034232697025,2.5525925135971,0.943815719313213,2.58476804948278,0.386106430628133,2.38098965554015,0.450457502399488,1.19049482777008,0.182328036685507,1.08324304148448,0.150152500799829
-28,118,"PICRITE [23005]",6.32088232233899,16.1182499219644,2.37033087087712,10.7454999479763,2.53888773280616,0.969201956091978,2.80225782957028,0.431926958693164,2.44407449797107,0.484600978045989,1.2325720528561,0.18962646967017,1.0534803870565,0.16855686192904
-28.034247,117.793544,"PICRITE [23005]",5.25883618481713,12.1675033295769,1.68076529044155,7.63046818973466,2.18602602192398,0.824915479971315,2.87689273639996,0.474326400983506,3.0624987193935,0.659932383977052,1.81481405593689,0.268097530990677,1.80450261243725,0.278408974490319
-28.034247,117.793544,"PICRITE [23005]",3.55517349171616,8.15598624570178,1.15020318849641,5.12363238512035,1.62074085651766,0.711034698343232,2.21675523601125,0.355517349171616,2.30040637699281,0.480994060643951,1.27567989996874,0.198671459831197,1.11883401062832,0.188215067208503
-28.034247,117.793544,"PICRITE [23005]",3.91730300568643,9.38090982940699,1.34012997562957,6.39138911454102,1.92772542648253,0.845312753858652,2.63902518277823,0.422656376929326,2.82458164094232,0.587595450852965,1.70093419983753,0.268025995125914,1.5772298943948,0.247408610885459
-28.034247,117.793544,"PICRITE [23005]",3.70171853714765,8.98988787593,1.26916064130776,6.24003981976318,1.93546997799434,1.00475217436865,2.89791679765273,0.465358901812847,3.16232526459185,0.645156659331447,1.78740123650844,0.274984805616682,1.75567222047574,0.285561144294247
-26.9333,118.6667,"PICRITE [23005]",1.4229572125291,4.23677485835732,0.695430216649561,3.59483927375773,1.14478512586928,0.310268865889804,1.61553788790898,0.256774233839838,1.70112929918893,0.33166671870979,0.898709818439432,0.128387116919919,0.781021627929506,0.0855914112799459
-26.9333,118.6667,"PICRITE [23005]",4.08439038682286,9.86359224859025,1.41058843256253,6.64239776826088,1.76849893037691,0.589499643458969,2.46326636731069,0.347383718466892,2.28431111840351,0.442124732594227,1.16847250757046,0.147374910864742,1.0316243760532,0.147374910864742
-26.9333,118.6667,"PICRITE [23005]",6.05689508409099,15.4537643545188,2.30836136425728,10.1118484540474,3.02334054787679,1.09289675210411,3.46254204638591,0.571983346895608,3.62596585978466,0.745621148631775,2.03258367914689,0.296205661785226,1.88958784242299,0.265563696772961
-26.9333,118.6667,"PICRITE [23005]",3.00443578658624,8.49675524206496,1.29665123421091,6.20916729227824,1.91862215143402,0.548177757552578,2.28758794978672,0.358423918399762,2.37192298941019,0.463842717929104,1.44423755355198,0.210837599058684,1.34936063397558,0.189753839152815
-26.9333,118.6667,"PICRITE [23005]",3.49301932223421,6.76772493682877,1.10248422358017,4.824732938836,1.25530381892792,0.382048988369366,1.48453321194954,0.240145078403602,1.5063645827135,0.294723505313511,0.764097976738732,0.109156853819819,0.676772493682877,0.098241168437837
-26.9333,118.6667,"PICRITE [23005]",8.44070887719587,18.1703930016483,2.4324210311131,11.0082644100375,3.14967338644132,0.89396670374242,3.48231215992687,0.561327930256868,3.59665673831253,0.727647316999644,1.95425279422762,0.280663965128434,1.64240394408491,0.23908411844274
-26.9499485123249,118.663326351942,"PICRITE [23005]",1.76833683368337,6.299699969997,1.21573157315732,5.74709470947095,1.65781578157816,0.663126312631263,1.76833683368337,0.331563156315632,1.65781578157816,0.331563156315632,1.10521052105211,0.110521052105211,0.663126312631263,0
-26.9548150321621,118.663982036292,"PICRITE [23005]",1.5358,6.582,0.9873,5.3753,1.5358,0.5485,1.5358,0.3291,1.6455,0.3291,0.8776,0.1097,0.7679,0
-26.9548150321621,118.663982036292,"PICRITE [23005]",2.82583258325833,10.047404740474,1.46524652465247,7.74487448744875,2.3025302530253,0.523302330233023,2.3025302530253,0.418641864186419,2.82583258325833,0.523302330233023,1.46524652465247,0.209320932093209,1.25592559255926,0
-26.9144425361111,118.65607933524,"PICRITE [23005]",7.48624,17.50304,2.74144,12.75824,3.90128,1.0544,4.00672,0.73808,4.95568,0.94896,3.37408,0.42176,2.636,0
-26.9452096388542,118.663327270136,"PICRITE [23005]",5.25876,12.74238,1.82034,8.39379,2.52825,0.80904,2.73051,0.50565,3.13503,0.60678,1.92147,0.30339,1.82034,0
-26.9452096388542,118.663327270136,"PICRITE [23005]",4.47656,12.92098,1.83132,8.44442,2.44176,0.81392,2.74698,0.5087,3.0522,0.61044,1.93306,0.30522,1.83132,0
-26.9452096388542,118.663327270136,"PICRITE [23005]",10.501900190019,23.7567256725673,3.26272627262726,14.3763876387639,3.77252725272527,1.01960196019602,4.89408940894089,0.713721372137214,4.9960496049605,1.01960196019602,3.05880588058806,0.407840784078408,2.95684568456846,0.407840784078408
-26.9452096388542,118.663327270136,"PICRITE [23005]",8.1304,21.74882,3.0489,13.41516,3.86194,0.91467,4.0652,0.71141,4.37009,1.0163,2.64238,0.40652,2.74401,0
-26.938933685989,118.664312751591,"PICRITE [23005]",1.62601260126013,7.80486048604861,1.19240924092409,5.2032403240324,1.62601260126013,0.542004200420042,1.73441344134413,0.325202520252025,1.95121512151215,0.325202520252025,1.08400840084008,0.108400840084008,0.867206720672067,0
27,101,"PICRITE [23027]",15.1,35.3,4.52,19.7,4.04,1.56483349481708,4.55031258434927,0.632,3.19,0.599,1.53,0.189,1.2,0.16
27,101,"PICRITE [23027]",15,35.6,4.57,19.9,4.24,1.59003846530234,4.65057432373511,0.624,3.23,0.61,1.66,0.201,1.19,0.171
27,101,"PICRITE [23027]",16.4,38.3,4.86,21.3,4.48,1.72454852768334,4.99144850615778,0.672,3.48,0.634,1.66,0.202,1.37,0.166
27,101,"PICRITE [23027]",15.6,36.2,4.55,20.1,4.17,1.58336034841927,4.58543205283483,0.632,3.27,0.617,1.6,0.191,1.23,0.179
27,101,"PICRITE [23027]",14.6,34.7,4.35,19.3,4.05,1.52370760380845,4.45208144575734,0.606,3.21,0.573,1.52,0.19,1.21,0.158
27,101,"PICRITE [23027]",15.2,35.9,4.5,20.1,4.15,1.66113614192649,4.48102451111641,0.625,3.25,0.623,1.62,0.208,1.17,0.175
27,101,"PICRITE [23027]",18.2342566748699,42.8937465726591,5.53284884541662,23.0028084961919,4.76154013513604,1.66832780659893,4.48454335502177,0.674235611645873,3.66964312155187,0.651315154733173,1.87161355419976,0.232659943711627,1.29853432715867,0.169225077638211
27,101,"PICRITE [23027]",16.4,38.1,4.82,19.9,4.22,1.37814293465724,3.96805478078564,0.599374627817444,3.26,0.62,1.6,0.185,1.26,0.167
19.91,-156.3,"NOT GIVEN [9021] / PICRITE [9016] / THOLEIITIC BASALT [13617]",7.6,23.7,3.3,15.2,4.2,1.5,4.2,0.69,4,0.81,2.06,0.3,1.82,0.25
19.91,-156.3,"NOT GIVEN [9021] / PICRITE [9016] / THOLEIITIC BASALT [13617]",8,20.7,3.3,16.5,4.8,1.62,5.1,0.86,5.1,1.02,2.56,0.37,2.21,0.33
59,79,"PICRITE [23195]",4.5,9.8,1.36,5.6,1.5,0.49,1.82,0.31,1.85,0.38,1,0.15,0.95,0.14
59,79,"PICRITE [23195]",5,10.3,1.39,5.7,1.63,0.55,1.83,0.3,1.79,0.37,1.01,0.15,0.95,0.13
59,79,"PICRITE [23195]",5.2,11.3,1.53,6.3,1.66,0.58,1.8,0.3,1.91,0.36,1.05,0.15,0.93,0.13
59,79,"PICRITE [23195]",5.1,10.2,1.33,5.5,1.44,0.51,1.75,0.29,1.67,0.33,0.87,0.12,0.75,0.11
59,79,"PICRITE [23195]",4.3,8.8,1.16,5,1.38,0.43,1.63,0.27,1.64,0.33,0.81,0.12,0.72,0.11
-16.69527,33.3447,"PICRITE [23267]",3.6,7.31,0.97,4.4,1.41,0.58,2.05,0.42,2.8,0.62,1.7,0.25,1.56,0.24
-16.69527,33.3447,"PICRITE [23267]",3.7,7.5,0.98,4.37,1.45,0.6,2.12,0.42,2.87,0.63,1.73,0.25,1.54,0.23
-16.69541,33.3449,"PICRITE [23267]",4.45,8.97,1.16,5.17,1.67,0.68,2.42,0.48,3.19,0.7,1.97,0.28,1.75,0.29
-16.6956,33.3454,"PICRITE [23267]",9.48,18.93,2.35,9.95,2.86,1.06,3.81,0.71,4.76,1.02,2.87,0.41,2.57,0.4
-16.69613,33.3468,"PICRITE [23267]",1.8,3.71,0.48,2.3,0.81,0.36,1.22,0.26,1.76,0.39,1.08,0.16,0.97,0.16
-16.69613,33.3468,"PICRITE [23267]",1.75,3.59,0.47,2.2,0.8,0.35,1.2,0.24,1.65,0.37,1.01,0.15,0.95,0.14
-16.44982,33.1889,"PICRITE [23267]",2.8,5.84,0.78,3.68,1.4,0.54,2.11,0.41,2.82,0.62,1.74,0.25,1.57,0.25
-16.46258,33.2629,"PICRITE [23267]",1.09,2.42,0.34,1.91,0.91,0.41,1.57,0.31,2.05,0.43,1.2,0.17,1.01,0.15
10.2103,-85.0895,"PICRITE [21047]",9.979182301,20.43810143,2.671217176,11.76235316,2.319856692,0.681102036,2.277021644,0.336635182,1.770009023,0.347102614,0.842287272,0.119953799,0.729672957,0.102514035
10.2108,-85.089,"PICRITE [21047]",11.78513289,24.15899055,3.130715253,12.99723651,2.620832468,0.780664493,2.597233226,0.399343726,2.051893778,0.383416598,0.891614658,0.118954175,0.767861805,0.124312564
10.2201,-85.0825,"PICRITE [21047]",4.154694695,9.081557901,1.181748506,5.241932404,1.241381764,0.372609707,1.448351831,0.245823815,1.477418991,0.284252825,0.73593562,0.105877642,0.701215437,0.10907472
10.1853,-85.0487,"PICRITE [21047]",15.05065024,28.89603232,3.441430803,13.62011782,2.531128429,0.774918309,2.379431809,0.340516499,1.962065811,0.353461564,0.886292303,0.112821966,0.732780396,0.123173879
10.1886,-85.0414,"PICRITE [21047]",5.704306625,11.16005574,1.404685603,6.409889596,1.373662759,0.41124823,1.39328705,0.258499772,1.611150183,0.308264702,0.795022271,0.113730204,0.768172849,0.117444536
10.1812,-85.0396,"PICRITE [21047]",10.42906074,18.77921932,2.373134931,10.18611086,2.061095198,0.661966025,2.345778013,0.366761537,2.009864043,0.39422449,0.960726107,0.134588374,0.799027608,0.126905691
10.2011,-85.0358,"PICRITE [21047]",13.1667417,27.20972635,3.509781425,14.09705168,2.986764836,0.902361841,3.102100991,0.436762268,2.381826501,0.460950567,1.042175363,0.149309243,0.920441895,0.132614878
10.1635,-85.0043,"PICRITE [21047]",9.424798479,19.61502992,2.538154824,11.10006619,2.260445844,0.648673309,2.387904719,0.356559787,1.964528931,0.35606089,0.938947777,0.126043692,0.801994937,0.142376698
10.2083,-85.0928,"PICRITE [21047]",5.752369511,11.88270972,1.640895046,7.138486577,1.799493613,0.590523729,2.067925639,0.298440985,1.765071553,0.314436218,0.779514662,0.112661843,0.763847149,0.1426568
10.2083,-85.0919,"PICRITE [21047]",11.41277407,21.04475717,2.597799472,10.58085758,2.071153185,0.66192495,2.323428294,0.365762472,2.136065955,0.406341152,1.045843497,0.141042713,0.883969757,0.149660667
10.2195,-85.085,"PICRITE [21047]",4.706987057,10.00356996,1.348810102,5.987565502,1.253516037,0.434300302,1.706611154,0.270231416,1.574465591,0.326776094,0.839266578,0.113493146,0.702241516,0.125100785
10.1747,-85.0062,"PICRITE [21047]",4.402578443,9.380669405,1.221292522,5.457768573,1.251711522,0.428474813,1.512285794,0.249148534,1.478645524,0.28603657,0.77267276,0.100349539,0.692485651,0.12603345
10.1788,-85.0094,"PICRITE [21047]",12.00082003,24.98050804,3.285833559,13.87614515,2.89341302,0.87309317,2.805855676,0.434610334,2.422433937,0.423638137,1.099864263,0.144535854,0.931823507,0.135862616
10.1789,-85.0414,"PICRITE [21047]",11.54372125,23.33163876,3.084799181,12.77126889,2.360862995,0.739377336,2.567704986,0.364932097,1.97422459,0.381920303,0.909305001,0.121052035,0.84024504,0.111992448
10.1825,-85.0414,"PICRITE [21047]",11.67568094,22.14147022,2.760858546,11.43180095,2.358296729,0.727407387,2.784504244,0.368443205,2.215799188,0.398499164,0.98317082,0.133302457,0.876282049,0.142699183
10.1893,-85.0573,"PICRITE [21047]",10.29841647,21.10369244,2.763631553,11.35290231,2.560122572,0.784804144,2.798689388,0.402929101,2.403562313,0.450633402,1.21740729,0.161802017,1.025576847,0.144102674
12.0875,-68.8474,"PICRITE [21047]",2.218601717,5.677991169,0.868000792,4.722211364,1.48561423,0.497899642,2.04240607,0.335843192,2.272557733,0.470597648,1.318356311,0.178943322,1.419170252,0.213242855
12.0875,-68.8474,"PICRITE [21047]",2.311193202,5.884115782,0.913639163,4.735456057,1.387327323,0.528996509,2.019484458,0.36552882,2.432058106,0.50636464,1.416827088,0.201181801,1.453385683,0.211977632
12.0719,-68.8403,"PICRITE [21047]",1.854871215,4.724893157,0.773421416,3.792849447,1.258402659,0.434917539,1.783584102,0.315549108,1.915904875,0.406362573,1.174432417,0.178598524,1.235052904,0.193034675
12.111,-68.9186,"PICRITE [21047]",1.814536034,4.75218102,0.76784776,3.960177577,1.00541451,0.424903167,1.711041026,0.318504263,2.034096569,0.40670866,1.148617682,0.158757084,1.1501066,0.191170127
12.1511,-68.8539,"PICRITE [21047]",1.666916242,4.447177485,0.703728434,3.990362744,1.264048917,0.540311264,1.85807224,0.325420679,2.291181896,0.470029406,1.361925822,0.184680576,1.54050847,0.259351435
-33.6377,-78.858,"PICRITE [23333]",14.8,34.3,4.4,20.7,4.38,1.49,4.48,0.68,4.16,0.73,1.73,0.21,1.36,0.19
-33.761,-80.787,"PICRITE [23333]",9.5,20.1,2.63,12.2,2.66,0.91,2.64,0.4,2.36,0.42,1.06,0.15,0.87,0.13
-72.05,-2.72,"THOLEIITIC BASALT, QUARTZ [7742]",6.64,21.83,4.28,24.9,8.2,2.78,9.83,1.46,7.68,1.38,3.26,0.47,2.51,0.36
-72.05,-2.74,"THOLEIITIC BASALT, QUARTZ [7742] / BASALT [18476]",9.96,27.54,4.82,25.3,7.84,2.7,9.18,1.4,7.45,1.4,3.29,0.48,2.57,0.38
-72.05,-2.71,"THOLEIITIC BASALT, OLIVINE [7742] / BASALT [18476]",7.82,16.4,2.21,9.26,2.13,0.65,2.35,0.38,2.29,0.48,1.25,0.2,1.22,0.21
-72.06,-2.71,"THOLEIITIC BASALT, QUARTZ [7742] / BASALT [18476]",9.26,27.48,5.11,27.93,8.69,3.01,10.23,1.56,8.41,1.54,3.58,0.52,2.81,0.42
-71.99,-3.36,"THOLEIITIC BASALT, QUARTZ [7742]",27.68,71.15,11.69,55.57,12.95,3.94,12.09,1.67,8.4,1.47,3.32,0.47,2.46,0.37
-71.99,-3.36,"THOLEIITIC BASALT, QUARTZ [7742]",27.14,70.24,11.57,55.24,13.11,3.95,11.93,1.67,8.38,1.49,3.36,0.47,2.52,0.37
-71.96,-3.32,"THOLEIITIC BASALT, OLIVINE [7742]",47.5,111.49,16.69,72.24,14.55,3.98,11.4,1.52,7.53,1.29,2.96,0.42,2.22,0.32
66.93,-61.74,"PICRITE [23597]",1.59,4.23,0.69,3.72,1.54,0.65,2.33,0.46,3.02,0.65,1.82,0.26,1.66,0.26
66.93,-61.74,"PICRITE [23597]",1.29,3.35,0.54,2.93,1.18,0.48,1.72,0.33,2.23,0.49,1.39,0.2,1.23,0.19
66.93,-61.74,"PICRITE [23597]",2.32,6.43,1.09,5.71,2.1,0.83,2.69,0.49,3.15,0.64,1.73,0.24,1.49,0.23
66.93,-61.74,"PICRITE [23597]",0.7,2.18,0.42,2.42,1.11,0.46,1.71,0.34,2.3,0.5,1.43,0.2,1.33,0.21
66.93,-61.74,"PICRITE [23597]",1.54,4.07,0.67,3.68,1.52,0.62,2.23,0.43,2.93,0.63,1.77,0.25,1.61,0.25
66.93,-61.74,"PICRITE [23597]",1.52,4.1,0.68,3.65,1.51,0.63,2.27,0.44,2.97,0.63,1.79,0.26,1.62,0.25
66.93,-61.74,"PICRITE [23597]",1.51,4.04,0.67,3.64,1.52,0.63,2.22,0.43,2.92,0.63,1.8,0.25,1.6,0.24
66.93,-61.74,"PICRITE [23597]",1.56,4.15,0.69,3.69,1.48,0.64,2.28,0.44,3,0.65,1.8,0.26,1.65,0.25
67.07,-62.16,"PICRITE [23597]",1.68,4.63,0.78,4.03,1.54,0.6,2.09,0.39,2.53,0.54,1.5,0.22,1.34,0.21
67.07,-62.16,"PICRITE [23597]",1.47,4.37,0.77,4.19,1.69,0.66,2.31,0.44,2.87,0.61,1.71,0.24,1.53,0.24
67.07,-62.16,"PICRITE [23597]",1.32,4.3,0.73,3.99,1.61,0.65,2.27,0.42,2.81,0.6,1.66,0.24,1.5,0.24
67.07,-62.16,"PICRITE [23597]",1.58,4.02,0.7,3.79,1.48,0.62,2.22,0.41,2.78,0.6,1.69,0.25,1.52,0.23
67.07,-62.16,"PICRITE [23597]",6.56,14.12,1.99,9.18,3.04,1.08,3.84,0.69,4.45,0.95,2.62,0.37,2.35,0.36
67.17,-62.44,"PICRITE [23597]",3.51,8.48,1.31,6.35,2.26,0.89,2.96,0.53,3.49,0.74,2.04,0.3,1.8,0.28
67.17,-62.44,"PICRITE [23597]",1.63,4.69,0.79,4.32,1.64,0.64,2.25,0.42,2.74,0.58,1.64,0.23,1.45,0.24
67.17,-62.44,"PICRITE [23597]",3.67,8.35,1.22,5.92,2.05,0.78,2.69,0.5,3.27,0.69,1.93,0.27,1.71,0.27
67.17,-62.44,"PICRITE [23597]",3.18,8.01,1.1,5.36,1.87,0.73,2.54,0.47,3.07,0.65,1.81,0.26,1.64,0.25
67.17,-62.44,"PICRITE [23597]",3.25,7.93,1.13,5.51,1.89,0.74,2.52,0.48,3.1,0.66,1.84,0.26,1.65,0.26
-22.0333,15.9617,"PICRITE [23636]",3.42,7.41,0.95,4.11,1.09,0.414,1.35,0.24,1.5,0.31,0.93,0.141,0.94,0.145
-22.0333,15.9617,"PICRITE [23636]",3.54,7.4,0.92,3.97,1.1,0.403,1.31,0.22,1.4,0.3,0.9,0.134,0.9,0.145
-22.0333,15.9617,"PICRITE [23636]",3.08,6.76,0.89,3.5,1.04,0.361,1.3,0.23,1.47,0.3,0.87,0.13,0.87,0.134
-22.0333,15.9617,"PICRITE [23636]",3.26,6.93,0.91,3.88,1.01,0.391,1.25,0.23,1.44,0.29,0.83,0.124,0.81,0.128
-22.0333,15.9617,"PICRITE [23636]",3.06,6.56,0.85,3.57,0.98,0.379,1.18,0.21,1.28,0.27,0.81,0.117,0.75,0.116
-22.0333,15.9617,"PICRITE [23636]",3.02,6.58,0.85,3.77,1.01,0.356,1.12,0.22,1.42,0.29,0.79,0.119,0.83,0.134
-22.0214,15.9325,"PICRITE [23636]",4.66,10.2,1.36,5.89,1.72,0.577,2.09,0.38,2.45,0.5,1.48,0.211,1.38,0.213
-22.0214,15.9325,"PICRITE [23636]",5.82,12.6,1.63,6.71,1.78,0.634,2.24,0.39,2.45,0.51,1.47,0.222,1.44,0.216
-22.0214,15.9325,"PICRITE [23636]",5.19,11.6,1.54,6.83,1.83,0.737,2.19,0.4,2.58,0.52,1.44,0.213,1.37,0.213
-22.0214,15.9325,"PICRITE [23636]",5.51,12.2,1.61,7.46,1.98,0.717,2.19,0.39,2.52,0.5,1.45,0.214,1.42,0.219
-22.0214,15.9325,"PICRITE [23636]",6.42,14,1.81,7.86,1.98,0.746,2.18,0.38,2.43,0.51,1.52,0.219,1.4,0.218
-22.0214,15.9325,"PICRITE [23636]",7.03,15.4,1.99,8.85,2.16,0.754,2.35,0.41,2.55,0.51,1.57,0.227,1.51,0.229
26.8,100.27,"PICRITE [9630]",28.4,60.5,7.6,28.53,5.381,1.76,4.88,0.84,4.11,0.79,1.96,0.28,1.71,0.25
26.8,100.27,"PICRITE [9630]",19.4,44.8,5.91,14.89,3.392,1.43,4.82,0.77,3.8,0.63,1.47,0.2,1.16,0.16
26.8,100.27,"PICRITE [9630]",10.3,25.8,3.67,13.83,3.24,1.15,3.17,0.48,2.58,0.48,1.27,0.18,1.05,0.16
26.8,100.27,"PICRITE [9630]",6.64,17.3,2.5,9.56,2.4,0.83,2.45,0.38,2.16,0.41,1.06,0.15,0.91,0.14
26.8,100.27,"PICRITE [9630]",13.9,32.9,4.46,16.12,3.86,1.25,3.69,0.56,3.09,0.59,1.56,0.23,1.4,0.22
26.8,100.27,"BASALT [9630]",15.6,39.5,5.45,21.23,4.923,1.68,4.8,0.72,4.09,0.78,2.1,0.3,1.81,0.27
26.8,100.27,"BASALT [9630]",16.7,39.9,5.49,21.11,4.8,1.67,4.99,0.74,4.31,0.81,2.11,0.3,1.86,0.28
26.8,100.27,"PICRITE [9630]",20,47,5.92,26.85,5.573,1.31,4.17,0.67,3.37,0.58,1.32,0.18,1.09,0.15
26.8,100.27,"PICRITE [9630]",11.7,27.3,3.61,18.37,4.178,0.95,2.96,0.52,2.82,0.53,1.3,0.19,1.28,0.18
26.8,100.27,"PICRITE [9630]",13.1,32.2,4.47,19.2,4.05,1.33,3.25,0.58,3.3,0.62,1.59,0.23,1.34,0.21
28.1,-17.2,"PICRITE [9586]",29,64,7.8,34,7.3,2.4,5.9,0.8,4.4,0.8,1.9,0.2,1.3,0.2
28.0992,-17.1825,"PICRITE [9586]",26,54,6.8,29,6.1,2.1,5.6,0.8,4,0.7,1.7,0.2,1.2,0.2
28.1247,-17.1525,"PICRITE [9586]",24,52,6.5,28,6,2,5.4,0.8,3.8,0.6,1.6,0.2,1.3,0.2
28.1625,-17.3339,"PICRITE [9586]",25,53,6.4,28,5.7,1.9,5.6,0.8,4.1,0.7,1.8,0.2,1.3,0.2
28.1625,-17.3339,"PICRITE [9586]",27,56,6.8,29,6.2,1.9,5.4,0.8,3.9,0.7,1.7,0.2,1.3,0.2
28.5,-18,"PICRITE [9586]",26,56,6.9,30,6.4,2.2,6,0.8,4.1,0.7,1.7,0.2,1.2,0.2
28.7056,-17.8531,"PICRITE [9586]",21,43,5.2,22,4.9,1.5,4.3,0.6,3.2,0.5,1.3,0.2,1,0.1
28.72,-17.8467,"PICRITE [9586]",31,60,7.4,31,6.9,2,5.9,0.8,4.2,0.7,1.7,0.2,1.4,0.2
21.34,-157.65,"PICRITE [1266] / THOLEIITIC BASALT [329] / BASALT [7766] / NOT GIVEN [15719]",7.72,18.2,2.85,13.3,3.39,1.13,3.67,0.538,3,0.597,1.55,0.225,1.23,0.173
63.842,-22.432,"PICRITE [1133]",1.09,3.02,0.51,2.71,1.02,0.45,1.59,0.291,2.03,0.43,1.27,0.204,1.31,0.196
64.097,-21.208,"PICRITE [1133]",0.92,2.79,0.52,2.98,1.16,0.48,1.71,0.315,2.05,0.43,1.26,0.205,1.22,0.183
0.3,-91.52,"PICRITE [1506]",13.75,31.36,4.13,18.85,4.56,1.61,4.77,0.74,4.37,0.84,2.26,0.32,1.91,0.28
-8.38,157.8,"PICRITE [7174]",3.67,8.62,1.31,6.46,1.77,0.581,1.86,0.299,1.91,0.394,1.11,0.161,1.07,0.159
-8.38,157.8,"PICRITE [7174]",4.11,9.74,1.45,6.87,1.85,0.67,1.95,0.298,1.78,0.356,0.979,0.14,0.928,0.138
63.92,-21.48,"PICRITE [4692] / BASALT [1107] / THOLEIITIC BASALT [6276]",0.59,1.83,0.34,2.28,1.01,0.46,1.73,0.33,2.36,0.52,1.53,0.24,1.57,0.26
-49.35,69.89,"PICRITE [7525]",12.9,29.5,3.68,16.1,3.9,1.33,3.58,0.57,3.49,0.67,1.79,0.22,1.39,0.18
20.8989,-156.6851,"PICRITE [24498]",16.5333932303611,35.2463392524186,4.60043024385087,19.9872570106717,4.88243764977852,1.69764314269704,4.92938799384761,0.749047074678884,4.1921179150241,0.756659931862756,1.79995194463645,0.229493419175717,1.30093417676307,0.180233015449019
20.8989,-156.6851,"PICRITE [24498]",17.2261587673141,36.3221451804489,4.73141303466854,20.5069625295275,5.07772866063852,1.74566935686967,5.05269441648617,0.784306609534709,4.24726630419535,0.787487819470671,1.82418616693692,0.236636657124956,1.32432172648269,0.180197686983331
25.6,100,"PICRITE [7857]",7.25,15.31,2.15,9.65,2.4,0.79,2.87,0.46,2.7,0.52,1.39,0.2,1.27,0.2
13.5,75.9,"PICRITE [24590]",7.267,18.473,2.701,10.909,2.692,0.923,3.414,0.569,3.699,0.851,2.414,0.363,2.565,0.392
13.5,75.9,"PICRITE [24590]",10.73,25.464,3.453,15.835,4.271,1.783,5.812,0.977,5.747,1.232,3.235,0.437,2.614,0.333
13.5,75.9,"PICRITE [24590]",48.589,106.581,13.06,51.929,8.935,1.83,7.335,1.237,6.983,1.431,3.555,0.468,3.006,0.417
13.5,75.9,"PICRITE [24590]",4.77,11.8,1.68,7.7,2.3,0.66,2.9,0.49,2.83,0.57,1.46,0.19,1.17,0.15
13.5,75.9,"PICRITE [24590]",12.53,29.45,3.95,17.92,4.88,1.29,6.31,1.08,6.25,1.32,3.49,0.47,2.87,0.37
13.5,75.9,"PICRITE [24590]",36.99,87.84,11.92,52.08,10.53,2.25,9.14,1.54,8.72,1.71,4.31,0.6,3.45,0.47
13.5,75.9,"PICRITE [24590]",5.51,14.46,2.18,10.99,3.4,1.22,4.61,0.76,5.44,1.3,3.87,0.55,3.77,0.55
50.5,13.8,"PICRITE [24687]",20.9,37.9,5.56,22.2,4.41,1.514,3.68,0.474,2.36,0.418,1.02,0.128,0.76,0.1
50.5,13.8,"PICRITE [24687]",21.09,48.08,5.83,25.17,4.76,1.51,4.65,0.58,2.77,0.47,1.27,0.15,0.92,0.13
50.5,13.8,"PICRITE [24687]",22,46.6,5.98,24.8,4.58,1.52,4.29,0.5,2.56,0.45,1.25,0.15,0.81,0.13
50.5,13.8,"PICRITE [24687]",23.5,52.2,6.28,25.09,5.01,1.65,4.67,0.59,2.74,0.44,1.17,0.14,0.87,0.11
50.5,13.8,"PICRITE [24687]",23.67,50.1,5.95,23.75,4.69,1.49,4.36,0.57,2.58,0.43,1.12,0.13,0.82,0.11
65.007,-18.688,"BASALT [6179] / PICRITE [1122]",1.07,3.29,0.58,3.23,1.22,0.54,1.86,0.344,2.33,0.5,1.5,0.237,1.53,0.233
64.745,-17.634,"THOLEIITIC BASALT [6276] / PICRITE [1122]",0.88,2.77,0.52,2.94,1.21,0.55,1.92,0.356,2.39,0.53,1.57,0.247,1.6,0.247
21.85,-157.75,"PICRITE [11395]",10.4,26.6,3.92,18.6,4.9,1.73,5.18,0.86,4.9,0.902,2.34,0.304,2,0.283
21.8567,-157.7567,"BASALT [13537] / PICRITE [11395]",7.86,19.9,2.9,14.1,3.77,1.35,4.16,0.642,3.67,0.692,1.85,0.246,1.49,0.217
21.6219,-157.4975,"PICRITE [11395]",8.7,12.7,1.9,15.77,4.35,1.02,3.12,0.512,2.99,0.594,1.49,0.211,1.57,0.23
64.7461,-49.8553,"CUMULATE [11627] / PICRITE [11346]",1.69,4.1,0.52,2.35,0.73,0.23,0.98,0.18,1.2,0.26,0.85,0.13,0.84,0.13
64.7461,-49.8553,"CUMULATE [11627] / PICRITE [11346]",1.59,3.75,0.54,2.43,0.7,0.22,0.98,0.17,1.26,0.27,0.82,0.12,0.81,0.12
64.7461,-49.8553,"CUMULATE [11627] / PICRITE [11346]",1.82,4.26,0.63,2.89,0.87,0.21,1.22,0.22,1.52,0.33,0.99,0.14,1.03,0.15
64.746,-49.8555,"CUMULATE [11627] / PICRITE [11346]",1.83,3.95,0.53,2.44,0.69,0.22,1.01,0.17,1.19,0.25,0.79,0.12,0.82,0.12
65.8,-16.97,"BASALT [4593] / PICRITE [4692] / THOLEIITIC BASALT [6276] / NOT GIVEN [14498]",1.5,4.17,0.7,3.92,1.53,0.63,2.23,0.41,2.77,0.61,1.77,0.27,1.79,0.28
35.0425,118.0357,"PICRITE [11990]",105.871892422105,205.757712421103,23.8063246282586,93.5631360291476,14.717316173391,3.78123216021636,9.4754983417364,1.25210463649086,5.45044389845403,0.82134738184677,2.02782733940689,0.249676436839284,1.76626021395659,0.228832620734172
35.0425,118.0357,"PICRITE [11990] / NOT GIVEN [19455]",100.249655374663,195.157617731505,22.5441387813002,88.8528962949941,14.0642696413477,3.57962941659508,9.0666598057517,1.19884830264622,5.20789448232432,0.790132061083632,1.95609154608185,0.2375853605211,1.64493914817911,0.217734690380512
35.0425,118.0357,"PICRITE [11990]",102.26352340957,198.05430663362,23.095185114525,90.3072973478905,14.3950465504076,3.65359568208183,9.42954297539574,1.25684370190316,5.42227822364123,0.829749814305806,2.05994020362698,0.250825400633263,1.76572710826917,0.233371774363103
35.0425,118.0357,"PICRITE [11990] / NOT GIVEN [19455]",103.666111156006,199.520374106448,23.00614864818,91.2071649664514,14.3167871131079,3.65952775450699,9.29828668654203,1.23405199558847,5.29748868280917,0.808229828196458,2.01002870018722,0.246007078791203,1.72709834079829,0.227423645844405
35.0425,118.0357,"PICRITE [11990] / BASALT [21022]",104.3550115914,201.524708177951,22.1816502892625,90.2375812912727,14.2455898549899,3.48417039059193,9.23,1.18174699605709,5.10498289727013,0.795143480942922,1.95746548210939,0.242852184631102,1.71004834019474,0.212855869414609
35.0425,118.0357,"PICRITE [11990] / BASALT [21022]",95.1175763897399,188.807533514382,21.7285928497999,84.2828920579301,13.1978002799524,3.32900231795419,8.57539409713742,1.1383667435303,4.89915388953966,0.75662231910404,1.84547340922189,0.229118603672634,1.59193248015285,0.210345393322284
35.0425,118.0357,"PICRITE [11990] / BASALT [21022] / NOT GIVEN [19455]",103.902998796726,199.803281728687,22.7469959191359,90.0871747070301,14.1807839636989,3.52465891410964,9.20990079450653,1.2223178433479,5.08255970691684,0.770483108323997,1.88091256520075,0.232913247352562,1.6470844684805,0.212606058418036
35.0492,118.0358,"PICRITE [11990]",101.4,215.2,25.16,93.26,14.44,3.55,8.89651117864682,1.15,5.12,0.85,2.13,0.27,1.68,0.25
35.0492,118.0358,"PICRITE [11990] / NOT GIVEN [19455]",132.489005174906,262.209745090441,24.559226164238,98.2292667205892,15.7304644171312,4.10389569954813,10.3439381935445,1.38136976737894,5.9799781472282,0.880213534452349,2.26052408674615,0.268964089022799,1.78870500355754,0.246388949099347
35.0492,118.0358,"PICRITE [11990]",132.776260162343,262.428603632505,24.6998714083652,98.7019225020232,15.8010907528144,4.13626773310137,10.4680326712533,1.4031558595414,6.09053284255985,0.888301956388033,2.31026415031743,0.272156114275647,1.76044757938377,0.256108945642142
35.0492,118.0358,"PICRITE [11990]",133.219641458354,261.963319730628,24.4707435422509,98.3494731463881,15.7314350819463,4.11833641972776,10.4557600584023,1.40378657622925,6.0783229982158,0.881339400580681,2.29621998568666,0.272640161262124,1.77753239152715,0.254117786171116
27.0363666666667,101.36895,"PICRITE [25466]",15.4,36.4,4.59,20.7,4.35,1.63,4.92,0.65,3.3,0.64,1.71,0.21,1.25,0.17
27.0363666666667,101.36845,"PICRITE [25466]",16.3,38,4.77,19.5,4.26,1.39,4.1,0.59,3.3,0.62,1.74,0.2,1.24,0.17
27.0364166666667,101.369016666667,"PICRITE [25466]",16.6,39.9,4.98,21.3,4.28,1.56,4.45,0.69,3.44,0.61,1.67,0.2,1.27,0.18
27.0364166666667,101.369016666667,"PICRITE [25466]",17,40,5.03,21.2,4.12,1.48,3.95,0.65,3.61,0.66,1.66,0.22,1.27,0.16
27.0364333333333,101.36895,"PICRITE [25466]",17.1,41.4,5.2,21.7,4.75,1.63,4.6,0.69,3.55,0.64,1.64,0.21,1.22,0.18
27.0363833333333,101.36865,"PICRITE [25466]",15.3,35.3,4.56,20,4.37,1.5,4.13,0.64,3.33,0.59,1.6,0.21,1.28,0.16
27.0363833333333,101.36865,"PICRITE [25466]",14.2,33,4.14,18.2,3.9,1.36,3.7,0.56,2.83,0.56,1.44,0.18,1.07,0.14
-13.975,-172.724,"PICRITE [12241] / BASALT [24949]",28.05,60.69,7.75,32.01,7.06,2.22,6.2,0.9,4.89,0.86,2,0.25,1.41,0.2
26.8,100.27,"PICRITE [25650]",10.5027932993644,23.1925013729348,3.21940676861713,13.8881876167476,3.13470298653007,0.971026848512211,2.98136138089512,0.480459579202343,2.76048337508695,0.521438063809863,1.29966561884916,0.183970049638973,1.05730760200665,0.161756343619749
26.8,100.27,"PICRITE [25650]",9.58631620203743,20.5388023433925,2.95634149608366,13.0535202851697,2.85955680174902,0.912489320647724,2.71736800755745,0.42886192682583,2.53981779665256,0.478983983765612,1.07972884594091,0.177418176606124,0.992454782130043,0.153089738564433
26.8,100.27,"PICRITE [25650]",9.44485138381978,19.0668123438723,2.87331787879178,12.9391928361882,2.7099307766532,0.88704610662389,2.76359816270879,0.412390130159331,2.3598439417472,0.45622886108729,0.982215785445792,0.177005487501461,1.01770216715896,0.155341034936257
43.217,130.086,"PICRITE [25766]",56.3,99.4,10.1,35.7,6.06,1.86,5.27,0.71,3.86,0.75,1.85,0.24,1.42,0.2
43.217,130.086,"PICRITE [25766]",52,92.4,9.5,33.4,5.54,1.8,4.98,0.67,3.93,0.69,1.8,0.23,1.27,0.19
43.217,130.086,"PICRITE [25766]",47.7,83.1,8.7,31.4,5.12,1.68,4.5,0.63,3.61,0.66,1.58,0.22,1.24,0.17
43.217,130.086,"PICRITE [25766]",51.3,89.1,9.3,32,4.96,1.68,4.66,0.65,3.43,0.65,1.73,0.22,1.34,0.17
43.217,130.086,"PICRITE [25766]",47.8,84.6,8.9,30.8,4.93,1.5,4.58,0.67,3.6,0.68,1.73,0.22,1.24,0.17
43.217,130.086,"PICRITE [25766]",52.4,92.5,9.8,34.8,5.49,1.85,4.8,0.7,3.79,0.69,1.68,0.24,1.3,0.19
43.217,130.086,"PICRITE [25766]",47.9,84.4,8.7,30.2,5.01,1.65,4.37,0.64,3.27,0.62,1.6,0.2,1.17,0.16
43.217,130.086,"PICRITE [25766]",51.5,91.1,9.5,32.9,5.12,1.78,4.75,0.65,3.56,0.65,1.61,0.22,1.31,0.19
-73.0217,-13.3989,"PICRITE [12564] / BASALT [14725]",17.88,38.2,4.99,27.27,7.28,2.61,7.55,1.18,6.51,1.11,2.52,0.3,1.59,0.22
-73.7731,-13.9439,"PICRITE [12564] / PICROBASALT [14725]",23.27,52.28,7,32.47,7.39,2.77,7.95,1.17,6.29,1.06,2.44,0.31,1.81,0.25
-73.0217,-13.3631,"PICRITE [12564]",10.39,28.46,4.34,20.18,5.14,1.71,5.19,0.78,4.35,0.77,1.81,0.23,1.25,0.18
-73.0228,-13.3644,"PICRITE [12564]",11.38,29.12,4.15,23.51,6.11,1.89,5.42,0.82,4.53,0.82,1.9,0.24,1.3,0.18
-73.7303,-13.2694,"PICRITE [12564]",7.75,19.78,2.88,18.89,5.1,1.52,4.46,0.68,3.79,0.68,1.54,0.2,1.06,0.15
-73.0417,-13.4,"PICRITE [12564] / MEIMECHITE [14725]",9.78,26.09,3.86,13.16,3.23,1.22,4.77,0.76,4.41,0.82,1.94,0.26,1.48,0.22
-73.0417,-13.4,"PICRITE [12564] / MEIMECHITE [14725]",7.53,20.05,2.97,15.48,3.79,1.28,3.73,0.59,3.41,0.63,1.56,0.2,1.15,0.16
-73.0417,-13.4,"PICRITE [12564]",7.84,20.75,3.02,13.57,3.44,1.18,3.46,0.53,3.03,0.55,1.33,0.18,0.98,0.14
-73.0417,-13.4,"PICRITE [12564]",6.28,16.63,2.43,11.07,2.76,0.95,2.72,0.44,2.49,0.45,1.12,0.14,0.82,0.12
-73.0417,-13.4,"PICRITE [12564] / MEIMECHITE [14725]",5.48,15.09,2.32,12.54,3.24,1.11,3.17,0.51,2.93,0.55,1.3,0.17,0.95,0.14
-19.7,-44.8,"PICRITE [25906]",3.2,9.2,1.43,7.8,2.59,1.22,3.77,0.61,3.89,0.76,2.19,0.3,1.85,0.24
-19.7,-44.8,"PICRITE [25906]",4.5,12.2,1.8,10.2,3.25,1.34,4.76,0.72,4.46,0.85,2.52,0.31,1.89,0.25
-19.7,-44.8,"PICRITE [25906]",3.9,10.8,1.65,8.8,2.72,1.2,3.49,0.53,3.44,0.64,1.78,0.22,1.53,0.2
-19.7,-44.8,"PICRITE [25906]",4.3,12,1.74,9.3,3.13,1.29,3.8,0.64,3.81,0.78,2.17,0.3,1.88,0.21
21.52,70.54,"PICRITE [25965]",25.1,52.3,6.6,27.3,6.3,1.87,6.9,1.1,6.6,1.3,3.8,0.55,3.4,0.52
21.83,86.24,"PICRITE [26127]",16.1,31.8,3,15.1,3.05,0.84,4.07,0.63,3.46,0.73,2.35,0.37,2.11,0.31
21.83,86.24,"PICRITE [26127]",9.2,18.5,1.8,9.1,2.01,0.71,2.9,0.48,2.63,0.55,1.69,0.28,1.46,0.21
21.83,86.24,"PICRITE [26127]",13.4,26.9,2.6,13,2.9,0.98,4.24,0.72,4.05,0.84,2.66,0.42,2.25,0.33
21.83,86.24,"PICRITE [26127]",13.1,27.8,2.9,15.7,3.66,1.14,4.24,0.64,3.11,0.6,1.71,0.27,1.36,0.19
21.83,86.24,"PICRITE [26127]",13.2,28,2.9,15.7,3.69,1.11,4.19,0.64,3.09,0.61,1.78,0.27,1.4,0.18
46,90,"PICRITE [12562]",4.7,10.8,1.59,7.61,2.01,0.65,1.89,0.28,1.65,0.33,0.9,0.13,0.85,0.13
46,90,"PICRITE [12562]",4.45,8.58,1.02,5.56,1.58,0.54,1.7,0.28,1.82,0.35,0.96,0.14,0.84,0.12
46,90,"PICRITE [12562]",5.69,11.96,1.72,8.61,2.45,0.64,2.17,0.32,1.99,0.43,1.09,0.17,1.16,0.16
46,90,"PICRITE [12562]",3.69,7.74,1.14,5.79,1.53,0.46,1.65,0.26,1.6,0.34,0.92,0.14,0.99,0.13
46,90,"PICRITE [12562]",5.6,9.2,1.28,5.95,1.66,0.56,1.79,0.31,1.93,0.38,1.02,0.14,0.98,0.13
46,90,"PICRITE [12562]",5.18,8.66,1.5,6.08,1.54,0.53,1.42,0.26,1.7,0.38,1,0.14,0.9,0.12
46,90,"PICRITE [13567]",3.85,8.68,1.34,5.233,1.648,0.53,2.23,0.41,2.66,0.57,1.63,0.25,1.6,0.25
46,90,"PICRITE [13567]",4.57,9.88,1.51,6.454,1.847,0.44,1.97,0.33,2.1,0.44,1.25,0.19,1.31,0.2
46,90,"PICRITE [12562]",5.57,11.16,1.53,7.63,2.1,0.77,2.34,0.39,2.35,0.53,1.38,0.21,1.39,0.21
68.92,-32.77,"PICRITE [26161]",28.1739613614205,65.3102145586787,8.8065736705844,37.5619598896331,8.12330316866113,2.56138686060074,8.1954215671708,1.10993660748858,5.37809299905363,0.982563396668834,2.34510013932923,0.315797162121079,1.74835770900672,0.266290139734732
68.92,-32.77,"PICRITE [26161]",17.7069143610411,43.2030506524021,6.10423798027068,27.8034512030641,6.77103191298918,2.23313717260721,7.00248153703921,0.918243431567321,4.64840808200755,0.822657616607891,2.00275278045499,0.266334853185992,1.43543609232669,0.215877789489837
68.92,-32.77,"PICRITE [26161]",33.6495252665273,89.9384647528236,13.6349300750613,65.6924485276906,16.1320808634573,4.77972385369049,15.1824891129813,2.09534630847314,9.69763743053347,1.69976372718241,3.86938075594462,0.48815938904125,2.79817384203837,0.362521886614805
68.92,-32.77,"PICRITE [26161]",19.87429209785,57.8278336746724,9.46575032971818,48.8476051103124,13.2574999021265,3.94865036092514,12.2402527080008,1.84134712239182,8.68250498082134,1.59332784419864,3.56447239138931,0.488175840117678,2.56360252243329,0.364849270136949
68.92,-32.77,"PICRITE [26161]",20.4292127352112,58.8913953515385,9.76916912456485,50.6301259544799,13.9268304125062,4.11459512424805,12.8864764530048,1.87399379441288,9.23433428408709,1.58673072620509,3.71409639383853,0.493913892284622,2.7494687057617,0.383181084713617
68.92,-32.77,"PICRITE [26161]",20.1786590390315,58.0950875872674,9.57733256607606,49.8242429761811,13.4421906032897,3.98150809386452,12.6302532253192,1.82614383469344,9.03162322019653,1.59088635745902,3.57131567673721,0.486531911957117,2.640311986188,0.3627609380561
68.92,-32.77,"PICRITE [26161]",29.5176829451861,81.7913744909621,12.4121691032777,59.0434749275603,14.0691392581287,4.09512477317745,12.8231922300147,1.81458820955017,8.26968871298443,1.45914896685837,3.50836032221353,0.444156370188414,2.36304913743899,0.33059668203266
68.92,-32.77,"PICRITE [26161]",27.8304357841683,77.4254399036808,11.7587553843188,56.7248673335552,13.5137262846876,3.9160738963104,12.1656789381125,1.70011501398146,8.13405154989032,1.39138673880963,3.37359984804871,0.423951028659856,2.37978587042781,0.327779338680903
68.92,-32.77,"PICRITE [26161]",28.9847184701509,80.6353812140247,12.2391523120384,58.5707617716065,13.7760695574557,4.01598983551207,12.8540696224269,1.75728487813707,8.39257193456926,1.45191666393239,3.4087515065675,0.414862112401974,2.50606452339004,0.354493052581486
68.92,-32.77,"PICRITE [26161]",28.7909771576816,79.6525093767122,12.253179887861,59.0456705401491,14.2714518171712,4.01800703509458,13.19531548134,1.80032121542081,8.37181608629253,1.49012094227205,3.52137967535537,0.452724533454198,2.38036270235852,0.341940391894342
68.92,-32.77,"PICRITE [26161]",27.4105873067667,76.0102013065782,11.6359809224717,56.4351141371801,13.5007682579266,3.89135209326623,12.2934535399465,1.7318904284556,8.18389633692771,1.42819946749415,3.31366024277383,0.426924488553347,2.44868213986084,0.340991739218459
68.92,-32.77,"PICRITE [26161]",27.9100325354157,76.2005728943917,11.7029238293961,55.9780380007191,13.7086486875213,3.90584621439816,12.2947101090964,1.71134341087438,8.0536678611179,1.38564431294308,3.26785006205924,0.432037731395396,2.33653279048339,0.342252182137999
68.92,-32.77,"PICRITE [26161]",30.5120329179762,84.0054818055344,12.83065817109,61.7918589565414,14.8091763221411,4.15416766668852,13.413803012436,1.86655732093175,8.76099703974776,1.5271056406671,3.47490940482555,0.448125551678581,2.53500089034116,0.367471342328252
68.92,-32.77,"PICRITE [26161]",31.0214988473243,88.1274067416514,13.3366970866619,65.4927431097706,16.2486296127504,4.72050142307303,15.1019912063227,2.13174003742262,10.1176321711592,1.80991584339112,4.22167829055742,0.527914685042345,3.07665241077611,0.424947668992472
68.92,-32.77,"PICRITE [26161]",9.37605422475637,24.069386863435,3.61383998132292,17.2976047009588,4.68220570507404,1.59907981223865,4.99826048256547,0.834518113736454,4.40431598261987,0.921582861295399,2.26146464059844,0.342893551931814,1.95020787719817,0.285211746247416
68.92,-32.77,"PICRITE [26161]",9.55826403117379,24.3258447250035,3.68931350294219,17.2976975994959,4.8013976160668,1.64545073749893,5.12109120483886,0.840939026503353,4.6131481314297,0.932586275218455,2.33415967468371,0.353184834079235,1.99393694705081,0.297936988119026
68.92,-32.77,"PICRITE [26161]",10.6174544657068,27.2867418200115,4.02915687241394,19.1567508991506,5.17640037417939,1.75671340164006,5.76383862044841,0.926616006777815,4.95671328782169,1.04903941438547,2.60384397078364,0.378032778360514,2.18524154717282,0.315672944761122
68.92,-32.77,"PICRITE [26161]",9.14759723754729,23.4199538300284,3.44929116549015,16.4728644072739,4.522031911664,1.59856397867776,4.69978291213896,0.784688514825687,4.27156781731887,0.894780035669143,2.25936267131714,0.333229569157514,1.97862275338262,0.275914266516984
68.92,-32.77,"PICRITE [26161]",11.6901329374052,30.5221553612881,4.6417881644547,21.9479272084638,5.91933932500581,1.97814729978605,6.28799885858984,1.02958226335509,5.5072375292368,1.09177524394682,2.71374110957972,0.394593813196974,2.24578516307864,0.338231228039192
68.92,-32.77,"PICRITE [26161]",12.0144958067025,31.874419909221,4.79128251327143,22.6854881276491,6.29190288777305,2.0291837461795,6.49007476968117,1.05550524607371,5.79617777650761,1.13884362585442,2.88246567274132,0.397559914939138,2.43729191683645,0.344097859345099
68.92,-32.77,"PICRITE [26161]",8.46626530855108,23.0939316597901,3.59003039182122,17.4514223322464,4.8408602132801,1.73939253529416,5.28178329513988,0.906106515826641,4.72566917795535,0.964646850451518,2.42404992066013,0.338619781680235,2.09990244865697,0.300259659170731
68.92,-32.77,"PICRITE [26161]",9.64600958530091,26.0043927652091,4.00554816302065,19.540398387929,5.37394572641578,1.88213530194014,5.93259167416283,0.989996050578907,5.34624150502328,1.04923567831091,2.71806807262988,0.378901971716521,2.27033706308658,0.341041493882176
68.92,-32.77,"PICRITE [26161]",10.0390409849173,26.6462690555029,4.06713308829376,20.0718967073581,5.73074735958566,1.91838643034777,5.9827463421846,0.998839232598861,5.50114409514029,1.10145847263734,2.8258071645031,0.413703127539988,2.39684481814264,0.364522389200509
68.92,-32.77,"PICRITE [26161]",8.88428323165414,23.9293161925639,3.61252828501446,18.1083326148337,5.10991530988016,1.66105441657923,5.41322062601611,0.905478970101864,4.94532625646613,1.00021439732578,2.57739839115856,0.364873731131113,2.18541894309712,0.311719939194825
68.92,-32.77,"PICRITE [26161]",9.46547931696825,24.7847057023066,3.87507388745683,18.9495750745517,5.12800554502163,1.72085846803257,5.71162608914189,0.95968408659877,5.14187055330507,1.03736159798413,2.63251164363206,0.414399366631515,2.16820694495825,0.321564526899192
68.92,-32.77,"PICRITE [26161]",9.1606339006051,24.5524854943166,3.78685434361649,18.5562848309106,5.17869935489972,1.72575886570122,5.5785158038046,0.923641853291638,5.28183199629692,1.02659710384695,2.66313297395558,0.379662787446005,2.13266248288736,0.34198008173365
68.92,-32.77,"PICRITE [26161]",9.24315582082159,25.0320110778633,3.89640746855282,19.1576239438585,5.70131065120465,1.86289676216873,5.76920766621042,0.996946299298158,5.26424494451488,1.10726942975976,2.77167613791112,0.390861094672406,2.29075393345622,0.353229033638556
68.92,-32.77,"PICRITE [26161]",9.20553235936779,25.3979620052909,3.96571985454311,19.3091235573001,5.74857708603856,1.91936363783062,5.98885834385671,1.00937903980021,5.60114135275986,1.09139853832365,2.80611595337432,0.420409031427351,2.43042185526671,0.357437275269397
68.92,-32.77,"PICRITE [26161]",11.2172148816838,25.3968468405749,3.49572806600773,15.2098109397643,3.988386294436,1.32337130709997,4.60145707651481,0.668629123953944,3.88512773047194,0.803636695656223,2.0529195676726,0.29735962104819,1.68885449060075,0.271879269756762
68.92,-32.77,"PICRITE [26161]",11.6595083918919,26.0977952637651,3.60548068313951,15.4852249204728,3.82932836648261,1.37209027506732,4.35191784595057,0.677202163956982,3.81188049955646,0.753852609531301,1.97618528846426,0.286570527682981,1.64559720491579,0.255821504810892
68.92,-32.77,"PICRITE [26161]",11.7538305842318,27.2401219892208,3.62718089455416,16.1236133964836,4.23677042705544,1.35966204031719,4.81142607411518,0.72839990469801,4.04742499362641,0.816941083742044,2.08133726366587,0.315633370277824,1.83939887737559,0.259071221756532
68.92,-32.77,"PICRITE [26161]",11.862801946401,27.0856646860557,3.64156594795144,16.3566824853478,4.10855141597894,1.37987856034011,4.80616816065538,0.715605167050473,4.16371676433753,0.802966488110562,2.10351823066253,0.297620345672645,1.77189298588731,0.254085776396338
68.92,-32.77,"PICRITE [26161]",10.5612746030895,28.1992403170805,4.20090696770464,19.6577410261689,5.37789308958071,1.79376047409479,5.75036815142335,0.960463392807775,5.1217626945219,1.02382364677292,2.57992723726313,0.381857808819009,2.23257255656798,0.315402076715257
68.92,-32.77,"PICRITE [26161]",7.57713982357649,19.7346520765562,2.89050992583589,13.6010828176415,3.89996461724174,1.25118490571362,4.11945375375858,0.669349460411438,3.65039882179198,0.731245711972442,1.92666227709926,0.272122792056096,1.554925250942,0.231224990131645
68.92,-32.77,"PICRITE [26161]",10.1595690770722,25.4677406724517,3.79185934670884,17.6234666781142,4.60496072186846,1.60224775612117,5.05021630990273,0.848295828373662,4.57480138509244,0.907544704506513,2.31234584386706,0.333322779905032,1.92423259615393,0.288877307910971
68.92,-32.77,"PICRITE [26161]",11.8741353182325,29.2715933358057,4.17591592732363,19.4088122299711,4.98249404591704,1.66612889559208,5.35764136806642,0.892435112527549,4.86380871133423,0.983786011085531,2.47428764981629,0.343974677214221,2.11324989992285,0.311234307706071
68.92,-32.77,"PICRITE [26161]",12.4603774063132,32.3622772793173,4.76923308460883,22.7529783367146,6.22140889138464,1.97811086966539,6.38819719325554,1.05695374602373,5.6959382871571,1.1894584158593,2.9054988292939,0.437795387099881,2.50153045847063,0.376787340349521
68.92,-32.77,"PICRITE [26161]",11.5828618055433,29.9153602578414,4.53317239995127,21.7250355470811,5.77445298013507,1.87066653144231,6.34549785101429,1.02738383855136,5.56994734800741,1.13401553761844,2.80516018452531,0.411487469990068,2.39220752049692,0.344250785833645
68.92,-32.77,"PICRITE [26161]",11.6653058398519,30.4174601439924,4.60394743162457,21.9010558380844,5.68080366300971,1.92180791162055,6.08199849869574,1.0191332966556,5.62220121064576,1.12691181328424,2.83740238440845,0.429606705652657,2.39474566689827,0.370538817892284
68.92,-32.77,"PICRITE [26161]",14.8311606946101,38.1521045913181,5.70891146774367,26.6007746007621,7.07637552454393,2.2796324571853,7.69616032845904,1.26376975591892,6.57645864078257,1.30099173846131,3.38697940959612,0.479548559591359,2.78928241743422,0.395320108424799
68.92,-32.77,"PICRITE [26161]",14.494545404046,37.829451581655,5.55332084054126,26.649759181183,6.88454967086467,2.32171186554569,7.68984648011805,1.20193610319275,6.54396155849061,1.34446650934861,3.35088008760826,0.518903858437067,2.94593276608081,0.43923372154568
68.92,-32.77,"PICRITE [26161]",14.0308130233727,37.3321416228558,5.5833018515677,26.8594716242515,7.31345673333913,2.34079492270068,7.70643867974981,1.24427196771655,6.91874596948187,1.41809002898146,3.4648902593416,0.531883889881617,3.04684313241017,0.437395707172055
68.92,-32.77,"PICRITE [26161]",14.6065032437313,38.5252385440951,5.78684829426212,27.531116251228,7.24544417985843,2.28893763498521,7.94065413370338,1.29331253529345,6.91488710120121,1.44498162834325,3.48534069201819,0.525235455709981,3.10068830933959,0.45985174305274
68.92,-32.77,"PICRITE [26161]",13.0656435871398,34.1553171735135,5.19657078104646,24.4598894962318,6.77974221947006,2.14695734491078,6.99757405133884,1.16748192350005,6.40119509690507,1.31216815647173,3.24462829723322,0.468227394786802,2.76208300051814,0.411570071972743
68.92,-32.77,"PICRITE [26161]",32.5379968219481,82.1279673332334,11.1407056221135,47.9339946184139,9.76415650820125,2.8324800630219,9.38408059844389,1.20987573025274,5.57601373105206,0.995455696318378,2.46438528237388,0.320129274926925,1.77125151703477,0.239556193055838
68.92,-32.77,"PICRITE [26161]",12.4079707989218,33.0222716876113,4.96076868783627,23.5311392310841,6.4204393098277,2.09749699192657,6.92564298258582,1.13264316046522,6.10424739081015,1.27230062638365,3.20990683408809,0.468094451491014,2.84081324471963,0.40858905391327
67.17,-62.44,"PICRITE [13267]",1.28,3.88,0.66,3.67,1.28,0.46,1.74,0.32,2.09,0.46,1.31,0.21,1.28,0.19
67.17,-62.44,"PICRITE [13267]",1.36,4.06,0.7,3.79,1.33,0.48,1.75,0.31,2.09,0.46,1.32,0.21,1.27,0.2
67.17,-62.44,"PICRITE [13267]",1.02,3.05,0.52,2.89,0.98,0.38,1.37,0.25,1.64,0.36,1,0.16,1.01,0.15
67.17,-62.44,"PICRITE [13267]",1.45,4.28,0.71,3.83,1.26,0.49,1.71,0.31,2.07,0.45,1.27,0.21,1.24,0.19
67.17,-62.44,"PICRITE [13267]",1.39,4.3,0.74,4.08,1.39,0.5,1.84,0.33,2.19,0.48,1.39,0.21,1.3,0.2
67.17,-62.44,"PICRITE [13267]",1.69,4.71,0.79,4.26,1.48,0.58,2,0.35,2.44,0.53,1.53,0.24,1.48,0.23
67.17,-62.44,"PICRITE [13267]",1.34,4.11,0.7,3.93,1.38,0.5,1.9,0.34,2.24,0.49,1.45,0.22,1.37,0.21
67.17,-62.45,"PICRITE [13267]",3.38512232273307,8.38862053896577,1.22420268256334,6.03694750771945,1.89808240277243,0.665798667839638,2.45232476635514,0.436004141309563,2.88519168861574,0.605056588995496,1.7917645506137,0.278991628081007,1.70004756242568,0.261591335740072
67.07,-62.16,"PICRITE [13267]",3.48,8.16,1.11,5.36,1.55,0.58,2,0.35,2.25,0.5,1.4,0.22,1.32,0.2
67.07,-62.16,"PICRITE [13267]",2.19,6.15,0.98,5.16,1.72,0.64,2.3,0.42,2.87,0.62,1.79,0.28,1.7,0.26
67.07,-62.19,"PICRITE [13267]",2.96595421008595,7.5483399574451,1.09339766896599,5.42172164119067,1.63561327561328,0.579149327508909,2.03376794984157,0.350907376855998,2.28338352957618,0.469632175502742,1.40119165329053,0.214640557701701,1.27753175041414,0.19580006344315
67.22,-62.53,"PICRITE [13267]",0.92,2.59,0.43,2.38,1,0.38,1.49,0.31,2.16,0.49,1.48,0.24,1.47,0.23
70.5167,-54.211,"NOT GIVEN [13654] / PICRITE [13267]",4.4233,11.175,1.6603,8.11832,2.5387,0.9242,3.137156,0.548,3.2232,0.654,1.806105,0.255455,1.5644,0.22752
70.5378,-54.0726,"PICRITE [13267]",2.10474423990308,6.68528834837191,1.14087116988966,6.37611675595788,2.17701685042646,0.764005820875777,2.74537488429497,0.470802744333805,3.04666349055106,0.611992532669571,1.77119511485897,0.267725950446384,1.57127769919849,0.237632347665659
70.5526189,-53.6616557,"NOT GIVEN [13654] / PICRITE [13267]",1.43453500690187,4.60576809179156,0.796227487423678,4.44787644787645,1.50457861116835,0.557406871133342,1.91909341500766,0.33192235175399,2.1793437450702,0.450077474892396,1.28203623813632,0.197574667865348,1.17111492281304,0.178514262470128
70.38,-53.22,"PICRITE [13267]",4.5745967287084,12.3210272986915,1.83736323479443,8.9606222654351,2.53773434672457,0.853295932678822,2.82915512089106,0.450639507342492,2.73496299933364,0.516017608217168,1.43771619623224,0.20745870506139,1.21972165885726,0.177447326866682
70.4919443,-53.2959553,"PICRITE [13267] / NOT GIVEN [13654]",2.38571023175154,6.9015545886076,1.11032996938428,5.90449377368706,1.93320907617504,0.677617449664429,2.45004957426679,0.421604647511383,2.74242436072614,0.556862809241464,1.58505758637957,0.243777777777778,1.44868366002944,0.2100600120024
70.5933113,-53.1155891,"PICRITE [13267] / NOT GIVEN [13654]",2.94972245262553,8.44775844646984,1.34775244299674,7.03471074380165,2.25429456723817,0.780924414011062,2.74695437731196,0.456031419487563,2.89314629893802,0.574410235245563,1.63732342007435,0.245247337513686,1.43262482391611,0.21305673072022
67.17,-62.44,"PICRITE [13267]",1.62021428129064,4.69993901907832,0.821286558400535,4.46590308370044,1.53597692307692,0.549411021233569,2.05418298743058,0.373061637767371,2.48611056160018,0.516609851446443,1.55240425531915,0.243242684702456,1.48966258584652,0.227405727246952
67.17,-62.44,"PICRITE [13267]",1.5890662756356,4.75464147071067,0.848563879275055,4.67081794195251,1.64243076923077,0.604244712990937,2.26223329425557,0.406243223480169,2.75376310310822,0.572467552775606,1.72396251319958,0.266973998594519,1.65132838038633,0.246909745241027
67.15,-62.46,"PICRITE [13267]",1.91741996719248,5.71511968663862,0.957473152242577,5.04126537785589,1.67782208588957,0.594620586025545,2.19571147827353,0.385748804429902,2.56474442413163,0.530045241809672,1.56864530561221,0.245798410234702,1.49206981062013,0.226623567999239
67.17,-62.43,"PICRITE [13267]",0.914286244548238,2.85962665687322,0.498082252851358,2.72842105263158,0.962862399386738,0.353312484363272,1.31228172293364,0.235660979470814,1.58326497847187,0.332694974678613,0.972206201856607,0.151574984706602,0.921558341369335,0.141661305581835
67.08,-62.23,"PICRITE [13267]",1.38078396454973,4.07387390007999,0.737616811983009,4.19736611062335,1.54939684978871,0.573796470146451,2.18060998218765,0.397732051667167,2.6994225034548,0.57672911392405,1.72708236697369,0.272250175029172,1.65422353811991,0.255653163836448
67.08,-62.22,"PICRITE [13267]",1.68143278852411,4.56097067745197,0.81788799784352,4.53200321802092,1.63916124367317,0.616567992599445,2.26185715254697,0.409372165194557,2.8279104211913,0.595204436229205,1.78016157177018,0.277488338715465,1.68787123862841,0.255418566478205
67.07,-62.16,"PICRITE [13267]",1.6,3.99,0.71,3.91,1.31,0.5,1.86,0.33,2.26,0.49,1.42,0.22,1.35,0.21
67.09,-62.27,"PICRITE [13267]",1.46,4.34,0.74,4.24,1.57,0.57,2.13,0.4,2.64,0.59,1.7,0.27,1.65,0.25
66.93,-61.74,"PICRITE [13267]",0.702195420314232,2.31717808747606,0.414387702818104,2.35822050290135,0.871050920910076,0.329152113970588,1.2379367003367,0.222416961130742,1.5151950187148,0.319353564899452,0.964586085283745,0.147732648270364,0.900211574362165,0.138605788830004
66.93,-61.74,"PICRITE [13267]",1.84967162215752,5.6940260354599,0.957985053971768,5.12876712328767,1.7037327523602,0.605770423991727,2.22141403248635,0.379527633443552,2.51038744413555,0.513312843029638,1.52690660359266,0.23370196148043,1.41042092015103,0.210737219236599
66.93,-61.74,"PICRITE [13267]",1.07928868858081,3.39520479336868,0.616143096702068,3.49349112426036,1.31223194748359,0.492792439783335,1.80251830948062,0.325317348377997,2.20367328361867,0.463177284310157,1.38237408701175,0.215023391296672,1.33130132219903,0.203075655636414
66.93,-61.74,"PICRITE [13267]",2.46426096142644,7.42439092031005,1.25441305800823,6.7921387283237,2.21869282002488,0.774676691729323,2.7934627005976,0.477914023960536,3.08121254452749,0.621682487725041,1.80476136147557,0.2735590975319,1.62473314313548,0.245287042099508
66.93,-61.74,"PICRITE [13267]",1.67457076979407,5.04271104835536,0.853284357009148,4.6594540942928,1.52794775845623,0.551537120948066,1.96082060940338,0.339721894885694,2.24900593782745,0.459402298850575,1.35061185589936,0.208504020971253,1.26174065012233,0.186177270255574
67.22,-62.53,"PICRITE [13267]",3.7,9.16,1.32,6.57,2.03,0.77,2.7,0.48,3.15,0.68,1.94,0.31,1.84,0.29
67.22,-62.53,"PICRITE [13267]",3.55,8.74,1.26,6.25,2,0.73,2.49,0.45,2.98,0.65,1.86,0.3,1.79,0.27
67.22,-62.53,"PICRITE [13267]",4.21,10.51,1.51,7.44,2.26,0.77,2.72,0.48,3.13,0.66,1.88,0.29,1.76,0.26
70.33,-52.98,"PICRITE [13267]",4.56437025796661,12.1847615675165,1.849685936736,9.16152606125739,2.65297906602254,0.877248322147651,3.0138060291295,0.502710324298919,3.08940782557913,0.616147937411095,1.70939106901218,0.259308176100629,1.53947315565856,0.222901741044627
70.67,-53.76,"PICRITE [13267]",5.37183146812745,13.7807140058077,1.98965768950017,9.6797783933518,2.67825942119509,0.902397459645409,3.03842918985776,0.496252307198459,3.0020963893749,0.58698711018711,1.65209669174031,0.244063721070033,1.42007867820614,0.212715802431143
70.13,-53.27,"PICRITE [13267]",2.00658300057045,5.96255603174461,0.993735005826307,5.296875,1.79553623188406,0.649131810193322,2.28090890481064,0.387791715976331,2.52439257887565,0.511186837294333,1.49741889712996,0.2244469075593,1.30987662926047,0.195528040128338
70.5,-53.57,"PICRITE [13267]",1.38517392130774,4.41817206224289,0.770458360232408,4.33334544793749,1.52477244972727,0.538432082794308,2.03156470856448,0.353661030279198,2.36905763452609,0.490464944649446,1.40744479495268,0.217992166972386,1.28741935483871,0.192975736915982
47.9,-80,"PICRITE [8880]",12.8,26.8,3.255,14.2,3.22,1.12,2.98,0.47,2.57,0.48,1.27,0.184,1.13,0.164
47.9,-80,"PICRITE [8880]",6.47,16.2,2.345,11.5,2.9,1.129,2.81,0.45,2.53,0.48,1.32,0.189,1.16,0.174
47.9,-80,"PICRITE [8880]",13.9,30.1,3.634,16,3.71,1.111,3.6,0.57,3.14,0.6,1.63,0.243,1.5,0.224
47.9,-80,"PICRITE [8880]",12,25.9,3.372,15.2,3.5,0.968,3.43,0.56,3.16,0.61,1.68,0.249,1.54,0.23
47.9,-80,"PICRITE [8880]",15.5,33.6,4.154,18.9,4.16,1.225,3.86,0.63,3.45,0.66,1.8,0.261,1.65,0.246
47.9,-80,"PICRITE [8880]",13.3,29,3.624,16.4,3.72,1.138,3.53,0.57,3.12,0.59,1.63,0.238,1.51,0.225
47.9,-80,"PICRITE [8880]",14,30.8,3.857,17.8,4.12,1.249,3.9,0.64,3.55,0.67,1.84,0.262,1.73,0.253
47.9,-80,"PICRITE [8880]",14.8,32.5,4.106,18.3,4.22,1.214,3.89,0.66,3.56,0.67,1.85,0.267,1.69,0.251
47.9,-80,"PICRITE [8880]",13.9,30.2,3.79,17.2,3.96,1.227,3.58,0.59,3.24,0.62,1.71,0.255,1.57,0.23
47.9,-80,"PICRITE [8880]",13.3,29.3,3.752,17.6,4.17,1.206,3.96,0.65,3.6,0.68,1.92,0.286,1.74,0.26
47.9,-80,"PICRITE [8880]",14.4,30.8,4.064,18.6,4.39,1.322,4.44,0.68,3.74,0.7,1.92,0.288,1.8,0.264
47.9,-80,"PICRITE [8880]",16.5,34.7,4.472,19.9,4.47,1.265,4.37,0.66,3.68,0.68,1.86,0.278,1.71,0.256
47.9,-80,"PICRITE [8880]",14.8,31.4,4.017,18,4.09,1.166,3.92,0.61,3.19,0.63,1.78,0.261,1.6,0.236
47.9,-80,"PICRITE [8880]",14.8,32,4.127,18.6,4.19,1.245,4.18,0.65,3.53,0.68,1.89,0.279,1.72,0.256
47.9,-80,"PICRITE [8880]",13.7,29.7,3.987,18.5,4.43,1.293,4.31,0.68,3.77,0.7,1.95,0.294,1.78,0.26
47.9,-80,"PICRITE [8880]",13.2,28.6,3.752,17.1,4.04,1.138,3.81,0.64,3.52,0.68,1.86,0.277,1.72,0.251
47.9,-80,"PICRITE [8880]",14.5,30.7,3.947,17.3,3.99,1.194,3.77,0.6,3.33,0.63,1.77,0.257,1.55,0.235
47.9,-80,"PICRITE [8880]",16.8,35.7,4.558,19.9,4.62,1.356,4.41,0.71,3.98,0.76,2.08,0.102,1.88,0.285
47.9,-80,"PICRITE [8880]",16.5,35.6,4.51,19.7,4.5,1.254,4.17,0.67,3.69,0.69,1.94,0.275,1.75,0.27
47.9,-80,"PICRITE [8880]",16.1,33.7,4.301,19,4.37,1.317,4.13,0.64,3.55,0.67,1.83,0.261,1.68,0.252
47.9,-80,"PICRITE [8880]",12.9,27.6,3.573,16.7,3.89,1.118,3.83,0.62,3.35,0.64,1.75,0.253,1.65,0.241
47.9,-80,"PICRITE [8880]",13.6,29.8,3.885,17.3,3.96,1.016,3.79,0.6,3.15,0.62,1.72,0.255,1.57,0.236
47.9,-80,"PICRITE [8880]",9.28,20.1,2.63,12.4,3.04,0.879,2.88,0.47,2.63,0.5,1.38,0.201,1.24,0.18
-8.5069,157.875,"PICRITE [13436] / NOT GIVEN [15727]",2.77679826605593,6.19192086403086,0.925921090351977,4.21971999436837,1.09643356411283,0.327982044358727,1.13769396568356,0.179962051398264,1.1118968612729,0.225776759884282,0.618081726133076,0.0942470106075217,0.622224541242044,0.0952385027994214
-8.5069,157.875,"PICRITE [13436] / NOT GIVEN [15727]",4.06039995095635,8.37485593428151,1.34447351642962,6.54250490436489,1.77816739823443,0.616988587690633,2.04846727869053,0.338366662579696,2.14059069396763,0.458425,1.28536614394311,0.189822573565473,1.24240144678764,0.191396371996077
-8.7625,157.9653,"PICRITE [13436] / NOT GIVEN [15727]",1.56119587465919,3.78202141699925,0.608204591614968,3.0985235705536,0.973821693602561,0.365252907429059,1.18999578867507,0.205201242344015,1.3170895009286,0.272965171691627,0.749298075631248,0.111442696487138,0.744904160904098,0.111160618010827
-11.2925,166.4951,"PICRITE [13436] / NOT GIVEN [15727]",6.33091867000531,15.4773743224448,2.36148269473964,11.0473816227298,2.74720736245924,0.882819044560172,2.78440717731774,0.411757711138648,2.44644638729927,0.482714330095546,1.33152223056709,0.191749636187492,1.28728330565177,0.19171183384704
11.9664,39.42,"PICRITE [13519]",36,81.4,11.04,51.1,10.8,3.03,8.83,1.37,6.81,1.08,2.8,0.34,2.06,0.24
11.9536,39.4056,"PICRITE [13519]",28.3,65.9,8.8,41.2,8.58,2.53,7.01,1.1,5.47,0.88,2.27,0.27,1.63,0.23
11.9442,39.395,"PICRITE [13519]",35,58.3,7.57,33.9,7.63,2.27,7.65,1.07,5.47,0.97,2.51,0.31,1.79,0.24
8.41279356710697,-83.1128542108709,"PICRITE [26749]",3.023,6.683,0.984,5.144,1.84,0.732,2.199,0.35,1.963,0.38,1.068,0.161,1.008,0.157
55.5,160.7,"PICRITE [26813]",1.58594646417977,3.87907612759576,0.63450734734422,3.12998928687922,1.04177873057886,0.347898083643966,1.2170794175766,0.194820802173907,1.21237530574599,0.274474153360836,0.742982958716348,0.113925593624043,0.665470028722637,0.101465007028763
55.5,160.7,"PICRITE [26813]",0.898320751642286,2.34300854399747,0.408155403471427,2.03556929374795,0.732722886890293,0.271157936432953,0.959888710010071,0.159627219564685,0.998018722514319,0.218324238034599,0.598238535001236,0.0896677556404571,0.564199246730933,0.0831471232399866
55.5,160.7,"PICRITE [26813]",0.475223307056228,1.24630248002589,0.212854833562059,1.17622884710871,0.423401931621359,0.155056883184553,0.587890404518871,0.106398698033156,0.675983748310778,0.156076159858427,0.451856538211905,0.0686726828777071,0.464539127159221,0.0652363545487327
55.5,160.7,"PICRITE [26813]",0.867981008951083,2.08499707420461,0.328956228512382,1.61617157003478,0.471851845412006,0.167687682201426,0.581773804483197,0.101876591633395,0.600709883413298,0.132548318672813,0.378675284897576,0.0514096542391,0.367451026836163,0.0512426956569198
55.5,160.7,"PICRITE [26813]",1.39709671139163,3.65384460979238,0.59084072450517,3.02726319231654,0.96197623711783,0.323388198264154,1.20843472689405,0.197847385576997,1.22646651543682,0.260701805103306,0.714700550065223,0.106354703136863,0.668316010391982,0.100244650166618
55.5,160.7,"PICRITE [26813]",1.04852759059575,3.06319281525863,0.547487060488549,2.97019027895803,1.07567231693537,0.407872494518485,1.49932484038022,0.264029711822196,1.72253438995983,0.376835105120237,1.0733998590441,0.16298858232752,1.04337488816378,0.157498655125263
55.5,160.7,"PICRITE [26813]",0.831638148226834,2.02090785958923,0.34665243531044,1.94751926019766,0.727957743432537,0.262279436680779,1.06976934793583,0.190799182416939,1.25677233834794,0.280254902714921,0.799368441780932,0.121964924173405,0.778754208656272,0.117338776194726
55.5,160.7,"PICRITE [26813]",1.53568534537802,4.11486100278339,0.659205151236966,3.23288247758777,0.963662569587896,0.309174610185162,1.16744935597388,0.194463438461869,1.22571757708986,0.262018448361168,0.739211195604289,0.111635722714023,0.710503273189173,0.107738860151871
55.5,160.7,"PICRITE [26813]",0.954111274967616,2.55794722904089,0.427864580445441,2.24128950371545,0.734262893856661,0.273017898399939,0.976276182768089,0.164598955342645,1.03910012816342,0.220695016855998,0.617207771310302,0.0919484048206738,0.581726006815046,0.0873237380136445
55,160.1,"PICRITE [26813]",5.86122267125436,15.1751037120037,2.42205846267603,11.7591365318134,2.99748878291064,0.893972630542734,2.83086789321803,0.402308555837414,2.33583659726266,0.472034080550966,1.26468496549858,0.18450274329828,1.1386933851983,0.1680728604028
55,160.1,"PICRITE [26813]",3.79041557068729,9.61496156529735,1.51643288404371,7.3158159875671,1.84901560844933,0.539042155809418,1.72746062531447,0.237859638508573,1.33715846770976,0.265811187380617,0.713686269444745,0.103506112873796,0.647603716733803,0.0959079536944506
55,160.1,"PICRITE [26813]",3.02558904811375,7.61843847183141,1.18723773935007,5.76655156897127,1.55842282492297,0.477130019906492,1.53857917755318,0.21229415318639,1.16099810383918,0.227216371571258,0.595455822906401,0.085457546833605,0.538504950870629,0.0803867692395948
55,160.1,"PICRITE [26813]",3.1948540718844,7.40218750763892,1.15386306130225,5.44356901353146,1.45209406756042,0.399600439931354,1.38695473325037,0.168134113714999,0.936410828601158,0.191140220219096,0.504841123033644,0.0722107384891576,0.45299043611047,0.0687803902697177
55,160.1,"PICRITE [26813]",3.96579633803887,9.53253962734793,1.45399177340808,6.83841022460546,1.76046197251569,0.516742531486009,1.6127444151984,0.218010864264559,1.1747629702471,0.226601324191236,0.596055851447101,0.0865110675167131,0.533841377710625,0.0796076598128675
55,160.1,"PICRITE [26813]",3.27100644176458,7.75416540042593,1.1857226219225,5.6853531072797,1.43553960516208,0.424776550347148,1.25252787844873,0.175328816234006,1.02253847496678,0.217681409507172,0.570101250666074,0.0909623789858755,0.538372121459354,0.0768711136209495
55,160.1,"PICRITE [26813]",2.29863120779319,5.53268546831189,0.866979630472947,4.34147574556701,1.13474292891676,0.329954426931771,0.986619794661114,0.138726418292542,0.701230464714359,0.14557026412587,0.412451639999032,0.0578675493954517,0.373379024678261,0.0530211778495835
60.8,171.1,"PICRITE [26813]",3.59722591326854,8.6341585883535,1.35490559720009,6.91905063838737,2.00633947561435,0.621520048094587,1.90270099944324,0.287859281576265,1.74579466606405,0.349832704934756,0.98505739375168,0.135058190442099,0.9246117894837,0.130496559285556
60.8,171.1,"PICRITE [26813]",2.31,5.84,0.84,4.07,1.24,0.41,1.24,0.21,1.3,0.27,0.69,0.1,0.68,0.1
61.52,172.5,"PICRITE [26813]",2.86553215028188,6.25367646043497,0.959429222449912,4.58180551211805,1.17539871059129,0.383407783721549,1.22882248763008,0.193110991852717,1.20262858358293,0.252933780497988,0.786950307820865,0.113736292494046,0.802092256183591,0.114431149475025
63.88,-22.534,"PICRITE [9565]",0.489,1.45,0.269,1.62,0.771,0.326,1.23,0.252,1.83,0.407,1.2,0.181,1.21,0.181
63.88,-22.534,"PICRITE [9565]",0.411,1.25,0.238,1.43,0.673,0.295,1.11,0.226,1.63,0.369,1.08,0.161,1.07,0.163
28.67,-17.9,"PICRITE [15056]",13.399294507834,28.2357429115791,3.72556617558336,15.9048214154858,3.14749455361998,0.937035879991206,3.06775617132433,0.387310738983133,2.09546458695943,0.414995363552064,0.927278673661835,0.132048508319986,0.764164079842774,0.11506253006253
14.6617,145.0003,"PICRITE [9563]",4,12.6,1.2,5.9,1.7,0.6,1.9,0.3,1.8,0.4,1.1,0.2,1,0.2
25.75,100.4,"PICRITE [27360]",15.5,31.2,3.73,14.3,3.01,0.941,2.93,0.459,2.69,0.542,1.48,0.212,1.3,0.189
25.75,100.4,"PICRITE [27360]",12.9,26.3,3.16,12.3,2.57,0.818,2.54,0.394,2.32,0.47,1.26,0.181,1.1,0.161
25.75,100.4,"PICRITE [27360]",14.2,28.6,3.41,13.2,2.74,0.855,2.67,0.417,2.43,0.491,1.35,0.188,1.16,0.168
25.75,100.4,"PICRITE [27360]",13.7,27.9,3.31,12.8,2.69,0.859,2.64,0.408,2.39,0.482,1.31,0.185,1.14,0.167
25.75,100.4,"PICRITE [27360]",14.4,29.2,3.46,13.4,2.83,0.889,2.74,0.429,2.49,0.498,1.38,0.195,1.18,0.173
27,102,"PICRITE [27360]",18.1,39.6,4.98,20.7,4.44,1.39,4.12,0.637,3.42,0.639,1.62,0.223,1.32,0.189
27,102,"PICRITE [27360]",23.8,53.2,6.75,27.9,5.58,1.65,4.74,0.689,3.6,0.653,1.62,0.221,1.29,0.181
27,102,"PICRITE [27360]",22.4,50.2,6.41,26.6,5.31,1.55,4.57,0.663,3.41,0.627,1.55,0.212,1.23,0.174
27,102,"PICRITE [27360]",36.1,79.1,10.2,42.1,8.02,2.33,6.38,0.876,4.33,0.77,1.89,0.254,1.51,0.218
27,102,"PICRITE [27360]",31.9,73.1,9.47,39.8,7.8,2.33,6.35,0.888,4.45,0.788,1.92,0.256,1.5,0.213
26.8,100.27,"PICRITE [9630]",33.8,66.9,7.97,22.34,4.897,1.55,5.26,0.77,3.89,0.73,1.81,0.26,1.58,0.24
26.8,100.27,"PICRITE [9630]",32.2,65.3,7.79,30.7,5.918,1.68,5.02,0.67,3.68,0.66,1.63,0.23,1.41,0.21
28.1,-17.2,"PICRITE [9586]",31,66,7.9,33,6.5,2.2,5.9,0.8,4,0.7,1.7,0.2,1.1,0.2
28.7167,-17.8511,"PICRITE [9586]",25,51,6.2,27,5.6,1.9,5.3,0.7,3.7,0.6,1.6,0.2,1.1,0.2
28.7211,-17.845,"PICRITE [9586]",43,89,11.5,48,9.3,2.7,7.9,1.1,5.4,1,2.2,0.3,2,0.2
18.3,73,"THOLEIITIC BASALT [1975] / PICRITE [2589]",22.9,47.9,6.31,25.4,5.73,1.95,5.78,0.88,5.11,0.96,2.59,0.38,2.29,0.35
18.3,73,"PICRITE [1975]",11,24.4,3.3,14.55,3.81,1.27,4.13,0.62,3.94,0.78,2.11,0.3,1.95,0.28
20,68,"PICRITE [11486] / BASALT [1971]",15.2,33.8,4.06,17.4,4.22,1.32,4.33,0.53,3.06,0.53,1.36,0.19,1.09,0.23
26.03,100.77,"PICRITE [28821]",5.14075371574104,12.4863107997061,1.75716068738686,8.58469650232873,2.3981493611824,0.816134523269644,2.91026913597942,0.446229780929688,2.86011687040513,0.570909701216088,1.58934648816046,0.208005246692558,1.34035632193047,0.184771626777189
26.03,100.77,"PICRITE [28821]",4.89222130319697,11.6113237164189,1.62895965389962,7.84211798937976,2.24383267370022,0.737348919570276,2.54268594498319,0.406992506653806,2.50954420268414,0.489210775065614,1.39695275237475,0.199763516232576,1.19274375578855,0.16787825290398
26.03,100.77,"PICRITE [28821]",4.65933529517167,11.0069959560933,1.56330448204633,7.55844707638284,2.10303167651821,0.705317905795152,2.4468508993316,0.387175175299972,2.50078660687161,0.482791437277897,1.40780078877688,0.177363486766369,1.15686605476017,0.158836366661363
26.03,100.77,"PICRITE [28821]",5.30756093104782,12.518508707992,1.7839077771692,8.43882760580259,2.35147417561709,0.786786252609403,2.78635866096465,0.440032044392958,2.71310445448838,0.537614763750457,1.55128505503766,0.201113759051186,1.26112890566379,0.178338745240593
26.03,100.77,"PICRITE [28821]",6.81804342553693,16.3779247652528,2.33393274404481,11.2874133356892,3.24436076647622,1.08196276508423,3.81784298547743,0.58240799384731,3.7970722950436,0.736238564554987,2.11918584845125,0.28018237857288,1.75933530175456,0.24145872832251
26.03,100.77,"PICRITE [28821]",7.43286090655337,17.3648494304709,2.41670521950614,11.3209308104264,3.02926562078472,1.00119382333446,3.49897733751298,0.546106869093827,3.4285657839348,0.66530233002044,1.89863956938183,0.253662534289051,1.59066848369725,0.217162588262613
26.03,100.77,"PICRITE [28821]",7.01745276705815,16.2545409990272,2.23647970063651,10.6113436439092,2.88993953089144,0.931069162452358,3.29892077677945,0.507847800293112,3.15250706610651,0.628874854206971,1.77612992176687,0.233289838795383,1.48562475838554,0.199157232069326
26.03,100.77,"PICRITE [28821]",5.67924641571525,13.4226201775013,1.91683032041789,8.98370260878154,2.5896205611085,0.823250044409249,2.89304779931872,0.460144371643755,2.92351493623825,0.573804777893163,1.62697726230747,0.215474855428187,1.31633313415305,0.19041594140643
19.91,-155.07,"PICRITE [92]",5.76,12.97,1.94,9.76,2.79,1.02,3.19,0.5,2.89,0.53,1.53,0.2,1.32,0.17
-20,13.5,"PICRITE [1702]",21.23,46,6,24.7,4.94,1.49,4.58,0.63,3.32,0.59,1.47,0.21,1.17,0.17
-20,13.5,"PICRITE [1702]",17.13,36.6,4.9,21.1,5.06,1.77,5.48,0.81,4.28,0.76,1.76,0.25,1.3,0.18
-20,13.5,"PICRITE [1702]",14.01,31.3,4.3,18.5,4.26,1.38,4.41,0.64,3.5,0.63,1.54,0.22,1.19,0.17
-20,13.5,"PICRITE [1702]",25.5,52.4,6.9,29.2,6.3,2.11,5.82,0.81,4.07,0.68,1.51,0.21,1.1,0.16
-20.7283,14.22,"DOLERITE [4586]",10.3,24.4,3.55,16.3,3.75,1.22,3.96,0.61,3.5,0.68,1.79,0.27,1.6,0.24
54.58,-102.25,"PICRITE [6087]",1.71,4.49,0.67,3.38,1.06,0.4,1.35,0.23,1.48,0.32,0.92,0.12,0.8,0.12
54.58,-102.25,"PICRITE [6087]",2.46,7,1.06,5.35,1.64,0.62,2.12,0.34,2.26,0.47,1.35,0.18,1.14,0.17
54.58,-102.25,"PICRITE [6087]",2,5.02,0.76,3.9,1.19,0.44,1.43,0.22,1.56,0.32,0.91,0.13,0.8,0.12
54.58,-102.25,"PICRITE [6087]",1.46,5.21,0.87,4.52,1.37,0.48,1.6,0.23,1.69,0.33,0.96,0.13,0.74,0.12
-1.408,29.2,"PICRITE [29194]",40.2167976657308,78.1649333331632,9.40974240149781,38.0714235957175,6.92156769647388,2.10882565180948,6.28951367278599,0.800619187877459,4.07957841013589,0.746845324598334,1.97072279291476,0.252855291346391,1.56476829897104,0.23052601128395
25.7,100.18,"PICRITE [14603]",7.32,15.9,2.15,9.51,2.52,0.815,2.82,0.473,2.73,0.526,1.48,0.204,1.26,0.19
25.7,100.18,"PICRITE [14603]",11.2,21.1,3,12.8,3.12,1.1,3.5,0.567,3.25,0.629,1.69,0.24,1.47,0.219
25.7,100.18,"PICRITE [14603]",11.7,22,3.15,13.3,3.25,1.15,3.57,0.597,3.43,0.659,1.78,0.253,1.52,0.233
18.95,-155.25,"ALKALI BASALT [91] / PICRITE [13124]",14.2,33,4.53,19.9,4.8,1.7,4.6,0.72,4.11,0.74,1.92,0.29,1.6,0.22
20.8142,105.3313,"PICRITE [10626]",5.94,13.8,1.81,8.81,2.39,0.51,2.09,0.43,2.89,0.63,1.75,0.25,1.73,0.26
21.4873,103.7828,"PICRITE [10626]",0.76,2.5,0.49,3.09,1.48,0.64,1.81,0.4,2.9,0.64,1.78,0.25,1.7,0.24
21.4873,103.7828,"PICRITE [10626]",0.87,2.82,0.56,4.4,2.07,0.7,1.97,0.45,3.22,0.71,1.97,0.27,1.84,0.26
21.221,104.1802,"PICRITE [10626]",1.05,2.83,0.47,2.67,1.1,0.53,1.5,0.34,2.62,0.61,1.71,0.24,1.69,0.24
49,92.6,"PICRITE [15551]",4.8,12.2,1.7,9.92,2.69,0.81,2.59,0.47,2.69,0.59,1.69,0.25,1.45,0.23
19.334,-71.1,"PICRITE [10156]",9.9,24.1,3.45,17.6,4.6,1.65,5.03,0.82,4.51,0.85,2.17,0.28,1.64,0.24
19.212,-70.674,"PICRITE [10156]",7.2,20.6,2.92,15.7,4,1.48,4.64,0.64,3.8,0.73,1.78,0.24,1.54,0.21
19.334,-71.078,"PICRITE [10156]",6.9,18.5,2.55,11.8,3.4,1.16,3.73,0.58,3.18,0.65,1.6,0.23,1.52,0.2
18.7433,-155.19,"PICRITE [24741] / THOLEIITIC BASALT [24015]",14.14875,35.025375,4.556475,21.638925,5.4285,1.763685,5.34765,0.7640325,4.810575,0.87318,2.32617,0.30723,1.976205,0.26212725
-15.28111,167.97689,"SCORIA [18740] / PICRITE [15662]",12.2,25.1,3.292,15,3.4,1.047,2.9,0.4,2.4,0.5,1.2,0.186,1.2,0.2
-15.27619,167.98833,"SCORIA [18740] / PICRITE [15662]",9.6,20.4,2.757,12.3,2.9,0.908,2.5,0.4,2.2,0.4,1.2,0.179,1.2,0.2
-15.37789,167.93058,"SCORIA [18740] / PICRITE [15662]",11.5,24.2,3.189,14.6,3.4,1.061,3,0.4,2.6,0.5,1.4,0.209,1.4,0.2
-15.45058,167.67853,"SCORIA [18740] / PICRITE [15662]",12.6,26.5,3.43,15.4,3.6,1.133,3.2,0.5,2.7,0.5,1.5,0.224,1.5,0.2
19.4,-155.27,"PICRITE [15723] / THOLEIITIC BASALT [19973]",10.9,25.9,3.69,17,4.3,1.41,4.29,0.65,3.68,0.68,1.79,0.23,1.37,0.2
64.748,-49.896,"PICRITE [11427]",3.24,7.78,1.01,4.39,1.15,0.3,1.43,0.27,1.78,0.38,1.24,0.18,1.28,0.21
64.748,-49.896,"PICRITE [11427]",3.3,8.26,0.94,3.98,1.08,0.31,1.37,0.24,1.66,0.36,1.1,0.16,1.1,0.17
25.75,100.4,"PICRITE [16336]",17.8,38.8,4.7,23.04,4.51,1.22,3.71,0.5,2.73,0.51,1.35,0.17,1.12,0.16
25.75,100.4,"PICRITE [16336]",33.6,61.3,6.4,24.2,3.92,1.16,4.37,0.7,2.79,0.55,1.68,0.2,1.15,0.18
25.75,100.4,"PICRITE [16336]",14.5,27.5,3.1,12,2.27,0.72,2.75,0.47,2.22,0.45,1.32,0.15,1.01,0.15
25.75,100.4,"PICRITE [16336]",13.3,27,3.23,14.52,2.98,0.89,2.96,0.43,2.51,0.5,1.35,0.19,1.21,0.17
25.75,100.4,"PICRITE [16336]",27.6,60.6,7.7,40.01,8.45,1.97,6.37,0.76,4.45,0.78,1.93,0.24,1.53,0.21
27,101,"PICRITE [16336]",26.7,56.6,7.04,39.54,8.37,1.82,5.06,0.77,3.83,0.67,1.66,0.23,1.31,0.22
27,101,"PICRITE [16336]",16.3,34.8,4.43,27.51,6.51,1.41,4.18,0.67,3.67,0.62,1.72,0.23,1.39,0.21
27,101,"PICRITE [16336]",24.25,51.44,6.44,35.96,7.59,1.82,4.83,0.71,3.91,0.75,1.84,0.23,1.3,0.18
69.4,90,"PICRITE [2065]",5.94,16.24,2.31,11.51,3.25,1.09,3.37,0.51,3.07,0.59,1.38,0.2,1.18,0.17
69.4,90,"PICRITE [2065]",4.91,11.27,1.51,7.33,2.21,0.86,2.73,0.43,2.92,0.63,1.68,0.25,1.66,0.23
69.4,90,"PICRITE [2065]",5.9,13.19,1.63,7.99,2.15,0.86,2.59,0.42,2.83,0.57,1.65,0.25,1.52,0.23
69.4,90,"PICRITE [2065] / BASALT [2068]",4.54,10.34,1.34,5.97,1.667,0.71,2.02,0.32,2.13,0.46,1.29,0.18,1.17,0.18
22,99.7,"PICRITE [11854]",1.169,3.316,0.574,3.113,1.158,0.48,1.662,0.3,2.043,0.434,1.25,0.185,1.147,0.175
22,99.7,"PICRITE [11854]",1.121,3.112,0.559,3.055,1.162,0.473,1.652,0.299,2.03,0.435,1.254,0.181,1.14,0.177
22,99.7,"PICRITE [11854]",0.987,2.971,0.545,3.045,1.159,0.474,1.589,0.287,1.913,0.404,1.146,0.167,1.046,0.161
22,99.7,"PICRITE [11854]",7.619,17.7,2.413,10.1,2.449,0.843,2.483,0.379,2.215,0.415,1.073,0.143,0.849,0.121
22,99.7,"PICRITE [11854]",5.843,13.95,1.955,8.449,2.14,0.759,2.262,0.347,2.024,0.383,1,0.135,0.804,0.116
22,99.7,"PICRITE [11854]",5.132,11.98,1.651,7.02,1.696,0.598,1.761,0.272,1.605,0.299,0.781,0.105,0.614,0.088
26.5,100.9,"PICRITE [1557]",7.04760038519382,12.7326999511968,1.47717776071941,6.18189631665145,1.5332472070198,0.512069955979486,1.78599934011231,0.32095990678067,1.95141240361928,0.412292970931976,1.15889021425323,0.165618335421394,1.08318228906494,0.159385264834061
26.5,100.9,"PICRITE [1557]",32.441512766269,67.5614704596707,8.52422071454355,34.4055577422106,6.79513594221952,2.15078314388173,5.9958315261264,0.883896295288277,4.49235670226974,0.81789801923744,2.0657719640531,0.261283368994895,1.4584152071698,0.205988239908726
26.5,100.9,"PICRITE [1557]",26.6654985057699,56.5350629203029,7.15694999765031,29.0969581343674,6.10030206625233,1.88453150839776,5.28286495343297,0.776999559128804,3.96102139778248,0.739224773696306,1.83933126455712,0.234488383744498,1.28694879095097,0.192990135239217
-21.83,15.13,"PICRITE [10395]",10.2,22.3,3.16,14.2,3.46,1.08,4.11,0.68,4.24,0.88,2.45,0.38,2.45,0.39
-21.83,15.13,"PICRITE [10395]",45.9,94.7,12.33,47.6,9.55,1.39,8.76,1.32,7.54,1.48,4.05,0.62,3.83,0.61
-21.83,15.13,"PICRITE [10395]",7.8,16.7,2.36,10.6,2.69,0.86,3.29,0.57,3.4,0.71,1.95,0.3,1.85,0.3
-21.83,15.13,"PICRITE [10395]",10.2,22.8,3.37,15.3,3.69,1.19,4.25,0.69,4.2,0.86,2.35,0.37,2.34,0.39
-21.83,15.13,"PICRITE [10395]",15.9,33.3,4.5,19.1,4.32,1.27,4.84,0.81,4.87,1,2.73,0.42,2.65,0.42
-21.83,15.13,"PICRITE [10395]",28.7,57.1,7.4,29.7,6.04,1.73,6.23,1.02,6.22,1.29,3.61,0.57,3.62,0.59
-21.83,15.13,"PICRITE [10395]",54.4,108.6,14.07,56,10.75,2.56,10.25,1.59,9.24,1.86,5.05,0.78,4.96,0.8
-21.83,15.13,"PICRITE [10395]",27.4,56.1,7.43,30.1,6.22,1.53,6.26,0.98,5.84,1.19,3.24,0.5,3.19,0.51
-21.83,15.13,"PICRITE [10395]",84.5,169.9,22.38,89.6,16.75,4.13,15.37,2.28,12.85,2.53,6.76,1.03,6.51,1.04
-21.83,15.13,"PICRITE [10395]",81,162.6,21.49,86.6,16.34,4.02,14.81,2.19,12.48,2.47,6.57,0.99,6.25,1.01
-21.83,15.13,"PICRITE [10395]",3.7,8,1.15,5.3,1.6,0.56,2.38,0.43,2.81,0.61,1.74,0.27,1.74,0.29
-21.83,15.13,"PICRITE [10395]",90.8,185.5,24.92,101.4,19.7,4.45,18.51,2.81,15.84,3.13,8.48,1.29,8.06,1.28
-21.83,15.13,"PICRITE [10395]",17.8,37,4.98,20.5,4.59,1.26,4.89,0.82,4.91,1.01,2.7,0.42,2.66,0.43
-21.83,15.13,"PICRITE [10395]",31.4,63.8,8.4,34.2,7.13,1.78,7.31,1.17,6.96,1.43,3.88,0.6,3.76,0.61
-21.83,15.13,"PICRITE [10395]",32.1,65.3,8.59,34.8,7.27,1.82,7.55,1.21,7.1,1.43,3.88,0.59,3.69,0.58
-21.83,15.13,"PICRITE [10395]",244.4,476.1,61.29,229.7,40.03,4.41,32.88,5.1,28.58,5.49,14.63,2.27,14.21,2.21
-21.83,15.13,"PICRITE [10395]",4.3,9.4,1.38,6.4,1.91,0.67,2.79,0.53,3.43,0.74,2.15,0.34,2.15,0.35
-21.83,15.13,"PICRITE [10395]",6.9,15.5,2.29,10.7,2.82,0.94,3.64,0.62,3.86,0.82,2.28,0.36,2.25,0.36
-21.83,15.13,"PICRITE [10395]",11.3,24.9,3.62,16.1,3.97,1.37,4.55,0.74,4.41,0.89,2.45,0.38,2.36,0.38
-21.83,15.13,"PICRITE [10395]",33.1,66.5,8.8,36.4,7.42,1.55,7.16,1.12,6.46,1.32,3.57,0.56,3.54,0.58
-21.83,15.13,"PICRITE [10395]",44,90.3,11.97,48.1,9.9,2.04,9.62,1.51,8.82,1.8,4.92,0.76,4.78,0.78
-21.83,15.13,"PICRITE [10395]",32.4,66.1,8.53,35.6,7.38,1.78,7.22,1.15,6.74,1.4,3.79,0.59,3.71,0.6
-21.83,15.13,"PICRITE [10395]",7.6,17.4,2.57,12.2,3.21,1.23,3.65,0.63,3.83,0.8,2.15,0.34,2.14,0.35
-21.83,15.13,"PICRITE [10395]",7.6,16.5,2.36,10.5,2.66,0.85,3.33,0.58,3.63,0.76,2.16,0.34,2.18,0.34
-21.83,15.13,"PICRITE [10395]",9.1,20.9,3.03,14.2,3.52,1.1,3.92,0.65,3.9,0.8,2.21,0.34,2.19,0.34
-21.83,15.13,"PICRITE [10395]",254.5,493,63.41,237.1,41.06,4.27,33.21,5.04,27.84,5.24,13.52,2.02,12.25,1.82
-21.83,15.13,"PICRITE [10395]",34.9,70.7,9.29,37.7,7.71,1.82,7.71,1.23,7.31,1.47,3.99,0.6,3.79,0.6
-21.83,15.13,"PICRITE [10395]",236.3,512.3,59.59,231.6,42.08,1.7,37.02,5.62,32.15,6.54,17.58,2.72,17.14,2.68
-21.83,15.13,"PICRITE [10395]",3.4,7.51,1.11,5.19,1.52,0.52,2.22,0.41,2.67,0.58,1.65,0.26,1.66,0.27
70.2203,-53.5512,"NOT GIVEN [13654] / PICRITE [2417]",1.66,5.08,0.95139,4.83,1.91,0.75854,2.64195,0.47405,3.1305,0.664,1.7895,0.26772,1.674,0.2457
70.267655,-53.9916449,"NOT GIVEN [13654] / PICRITE [2417]",2.5398313027179,8.0003408025901,1.36506254838841,7.5,2.53,0.945099393281705,3.09839845511106,0.527541328901729,3.27539396515908,0.692491929605332,1.89170476062965,0.27189305539821,1.65506789766496,0.245115709033235
70.0694,-53.5147,"THOLEIITIC BASALT [5941] / PICRITE [4154]",3.7,10,1.59,8.5,2.62,0.96,3.3,0.55,3.32,0.66,1.73,0.24,1.55,0.24
70.1925551,-53.3986939,"THOLEIITIC BASALT [5941] / PICRITE [4154]",3.43,9.3,1.62,7.58,2.59,0.94,2.89,0.51,3.26,0.7,1.9,0.27,1.66,0.24
70.2305398,-53.6834826,"NOT GIVEN [13654] / PICRITE [2417]",4.19,11.128,1.71399,8.4483,2.689325,0.99231,3.25945,0.54245,3.3005,0.658,1.7195,0.24656,1.521,0.2169
70.1123345,-53.6861781,"NOT GIVEN [13654] / BASALT [2417] / PICRITE [3068]",3.30577689243028,9.79918709002374,1.6921444656158,9.13235945108455,3.0810822643492,1.16691130215978,3.94997349865265,0.674621103216002,4.39376514560315,0.930721558211598,2.56744450768355,0.362287115275163,2.26540645926931,0.323978810034587
70.4995491,-53.6467687,"NOT GIVEN [13654] / PICRITE [23516]",5.257,13.13,1.90743,8.7363,2.474955,0.87203,2.69135,0.437,2.615,0.508,1.307,0.18492,1.1345,0.162
70.5194,-54.1742,"NOT GIVEN [13654] / PICRITE [13267]",1.955,6.044,0.992845366358652,5.535,2.014205,0.76921,2.63055,0.416969312504956,2.91,0.537517747858017,1.6,0.23368,1.4565,0.2088
19,-70,"PICRITE [12407]",4,11.1,1.73,9.9,3,1.24,3.91,0.74,4.24,0.88,2.73,0.4,2.48,0.41
18.88244,-70.5003,"PICRITE [12407]",4.8,10.9,1.67,8.5,2.3,0.83,2.93,0.6,3.21,0.7,2.19,0.31,1.92,0.3
18,-70,"PICRITE [12407]",2.5,5.9,0.88,4.5,1.6,0.6,2.01,0.41,2.52,0.58,1.63,0.25,1.66,0.26
18.35783,-71.54385,"PICRITE [12407]",2.8,7.5,1.1,6.2,2,0.71,2.8,0.56,2.95,0.72,2.13,0.32,2.06,0.33
19.23364,-71.58451,"PICRITE [12407]",19.7,47.3,6.25,29.9,7.2,2.48,7.64,1.28,6.44,1.11,3.08,0.39,2.29,0.31
19.23364,-71.58489,"PICRITE [12407]",18.1,34.6,4.27,19.2,4.4,1.4,3.87,0.63,3.53,0.69,1.89,0.26,1.49,0.26
-73.0294,-13.4194,"PICRITE [12564]",21.17,46.07,6.01,32.1,8.12,2.91,8.05,1.23,6.59,1.15,2.53,0.31,1.58,0.22
-73.0358,-13.4183,"PICRITE [12564]",18.06,38.84,5.08,23.84,7.12,2.62,7.67,1.19,6.46,1.13,2.5,0.31,1.59,0.22
-73.0169,-13.3972,"PICRITE [12564]",18.15,40.34,5.31,25.2,7.58,2.75,8.25,1.25,6.98,1.18,2.69,0.33,1.7,0.23
-73.0217,-13.3631,"PICRITE [12564]",12.62,34.3,5.15,24.08,6.11,2.32,6.13,0.94,5.3,0.95,2.23,0.29,1.56,0.22
-73.0217,-13.3631,"PICRITE [12564]",10.96,28.68,4.11,19.71,5.43,1.98,5.36,0.84,4.66,0.83,1.98,0.25,1.35,0.2
-73.7303,-13.2694,"PICRITE [12564]",9.08,23.07,3.32,16.67,4.91,1.72,5.05,0.78,4.39,0.77,1.74,0.23,1.19,0.17
-73.7303,-13.2694,"PICRITE [12564]",8.32,22.57,3.5,16.71,4.64,1.63,4.64,0.71,3.99,0.7,1.63,0.2,1.13,0.16
-73.7303,-13.2694,"PICRITE [12564]",7.91,21.48,3.33,16.01,4.3,1.55,4.59,0.69,3.81,0.67,1.56,0.2,1.06,0.14
-73.7303,-13.2694,"PICRITE [12564]",8.02,21.75,3.4,16.36,4.44,1.55,4.62,0.7,3.88,0.69,1.6,0.2,1.08,0.15
-73.7893,-14.8728,"PICRITE [12564]",12.13,29.54,4.2,22.17,5.68,2.17,5.85,0.91,5.05,0.91,2.09,0.28,1.56,0.22
-73.7917,-14.8417,"PICRITE [12564]",11.67,29.87,4.47,21.4,5.6,2.03,5.7,0.86,4.8,0.85,2.08,0.27,1.49,0.22
-73.7278,-15.0406,"PICRITE [12564]",7.53,16.69,2.4,12.15,3.67,1.33,3.91,0.63,3.69,0.69,1.58,0.22,1.26,0.19
-73.9175,-15.5622,"PICRITE [12564]",21.45,53.02,7.59,39.43,9.84,3.34,10.21,1.58,8.78,1.59,3.73,0.48,2.79,0.39
-73.9236,-15.6358,"PICRITE [12564]",11.53,28.04,4.08,20.83,5.27,1.95,5.62,0.89,4.81,0.87,2.09,0.28,1.52,0.21
-73.7286,-15.0358,"PICRITE [12564]",10.78,26.7,3.91,21.22,5.44,1.88,5.42,0.84,4.7,0.86,2.05,0.28,1.49,0.22
-73.0417,-13.4,"PICRITE [12564]",10.18,28.22,4.38,20.89,5.51,1.89,5.7,0.88,4.93,0.89,2.14,0.28,1.55,0.22
-73.0417,-13.4,"PICRITE [12564]",7.11,19.04,2.83,13.06,3.43,1.19,3.47,0.55,3.14,0.58,1.42,0.18,1.01,0.15
69.4,30,"PICRITE [11620]",23.12,57.19,6.941,30.44,6.953,2.092,6.259,0.904,4.822,0.825,2.094,0.279,1.686,0.238
20.88,-156.88,"THOLEIITIC BASALT [57] / PICRITE [13124]",4.52,10.88,1.91,8.3,2.34,0.99,2.86,0.404,2.5,0.444,1.3,0.172,1.05,0.152
22,71,"PICRITE [1966]",26.5,50,5.7,19.99,4.463,1.64,4.74,0.78,4.26,0.81,2.14,0.27,1.55,0.23
22,71,"PICRITE [1966]",24.7,46.2,5.3,16.45,3.967,1.68,5.03,0.79,4.46,0.84,2.23,0.29,1.66,0.25
22,71,"PICRITE [1966]",15,29.5,3.69,15.51,3.883,1.42,3.86,0.67,3.85,0.74,1.87,0.24,1.43,0.21
-20,13.5,"PICRITE [1702]",14.51,33.2,4.07,19.7,4.53,1.52,4.8,0.71,3.78,0.66,1.58,0.23,1.22,0.18
-20,13.5,"PICRITE [1702]",19.74,45.2,6,26.5,6.07,2.05,5.6,0.86,4.67,0.86,2.41,0.36,2.11,0.32
57,-5.7,"PICRITE [1702]",5.79,17,2.77,14,3.76,1.29,4.15,0.64,3.71,0.73,1.94,0.29,1.7,0.25
57,-5.7,"PICRITE [1702]",2.73,8.3,1.47,7.8,2.3,0.84,2.73,0.43,2.56,0.51,1.35,0.21,1.2,0.18
15,73,"PICRITE [1702]",9.4,22.7,3.34,16,4.12,1.35,4.58,0.7,3.98,0.74,1.97,0.29,1.63,0.24
-18.03,-47.87,"PICRITE, PHLOGOPITE [21228]",323,674,78.3,230,37.6,9.93,25.5,2.8,10.6,1.5,3.4,0.39,1.9,0.21
-18.03,-47.87,"PICRITE, PHLOGOPITE [21228]",307,584,69.1,246,34.2,9.29,23.5,2.6,10.8,1.7,3.9,0.45,2.3,0.26
-18.03,-47.87,"PICRITE, PHLOGOPITE [21228]",308,611,71.4,202,32.7,8.55,22,2,8.2,1.1,2.5,0.28,1.4,0.16
-18.03,-47.87,"PICRITE, PHLOGOPITE [21228]",272,518,57.9,200,27.1,7.15,18.6,1.9,8,1.2,3,0.36,1.8,0.2
29.65,91.4,"PICRITE [12600]",7.5,14.8,2.24,10.1,2.66,0.86,3.21,0.5,3.29,0.68,1.84,0.26,1.72,0.25
29.65,91.4,"PICRITE [12600]",9.58,18.2,2.71,11.9,2.99,1.05,3.55,0.58,3.58,0.76,2.07,0.3,1.93,0.29
50.5,-127,"PICRITE [13234]",1.06,2.6,0.41,2.6,0.92,0.38,1.4,0.3,2.16,0.49,1.53,0.24,1.58,0.23
50.5,-127,"PICRITE [13234]",0.96,2.5,0.38,2.3,0.84,0.37,1.42,0.3,2.17,0.5,1.54,0.23,1.52,0.23
50.5,-127,"PICRITE [13234]",1.08,2.6,0.43,2.5,0.87,0.405,1.45,0.3,2.11,0.47,1.54,0.242,1.62,0.244
50.5,-127,"PICRITE [13234]",1.8,4.5,1.19107429658984,5.91,2.09,0.51,3.0836135077813,0.606629409639758,2.6,0.982522800505932,2.86686060741618,0.29,1.85,0.28
50.5,-127,"PICRITE [13234]",1.78,4.5,1.11625597339079,5.9,2.14,0.877377366736847,2.16,0.42,4.04906744159827,0.6,1.79,0.26,2.402220918296,0.25
50.5,-127,"PICRITE [13234]",1.4,3.4,0.52,3,1,0.46,1.71,0.36,2.54,0.59,1.89,0.29,1.89,0.29
50.5,-127,"PICRITE [13234]",1.36,3.4,0.51,2.9,1.01,0.44,1.69,0.35,2.5,0.56,1.79,0.28,1.84,0.28
50.5,-127,"PICRITE [13234]",1.79,4.3,0.65,3.4,1.11,0.501,1.74,0.37,2.67,0.6,1.87,0.297,2.01,0.308
50.5,-127,"PICRITE [13234]",1.02,2.6,0.41,2.4,0.85,0.361,1.35,0.3,2.12,0.46,1.46,0.236,1.58,0.245
50.5,-127,"PICRITE [13234]",1.73,4.7,0.77,4.4,1.47,0.607,2.13,0.42,2.78,0.59,1.78,0.267,1.75,0.269
50.5,-127,"PICRITE [13234]",1.52,3.6,0.55,3,1.02,0.454,1.57,0.34,2.44,0.55,1.73,0.268,1.77,0.277
50.5,-127,"PICRITE [13234]",1.4,3.6,0.56,2.9,1.23,0.47,2.1,0.32,2.38,0.64,2.11,0.297,1.97,0.282
50.5,-127,"PICRITE [13234]",1.29486113532578,3.48595187027198,0.509627384819272,2.7,1.07,0.441164423342053,1.73159691187553,0.352395938676383,2.53169222646404,0.609925380190629,1.87760050359335,0.274994150637138,1.83090536769403,0.287695433636457
50.5,-127,"PICRITE [13234]",1.24955593275867,3.06906712574067,0.471108001451149,2.48,0.97,0.41005106795748,1.64020802177229,0.333890735155658,2.43142679732287,0.558803884956325,1.76610023112453,0.264743326476274,1.79211393713137,0.28684498679345
50.5,-127,"PICRITE [13234]",1.83448408773998,4.72023949698126,0.698579399990334,3.54,1.33,0.552455726720545,2.08764053311664,0.432060081014094,3.0263206141489,0.733684655045008,2.2582213158748,0.336775625264182,2.18879660110156,0.35
67.17,-62.44,"PICRITE [13267]",1.874,5.587,0.941,5.127,1.682,0.594,2.149,0.382,2.544,0.53,1.563,0.244,1.473,0.22
67.17,-62.44,"PICRITE [13267]",1.12885071946159,3.529584792687,0.608626050732723,3.46466165413534,1.22131274131274,0.446632032437912,1.68594315812575,0.304001422728081,2.04583777426587,0.433481481481482,1.30058823529412,0.201744706936389,1.22743234125497,0.187078029621918
67.17,-62.44,"PICRITE [13267]",1.67479886931942,5.16754039497307,0.879865976694836,4.8152380952381,1.66777692307692,0.607080090384133,2.23688743169399,0.40108547483213,2.64626894078032,0.561478873239437,1.66304149897737,0.257973105936373,1.58207419522712,0.242845461978741
67.17,-62.44,"PICRITE [13267]",1.09,3.14,0.53,3.02,1.26,0.49,1.91,0.37,2.67,0.61,1.85,0.29,1.82,0.28
67.17,-62.44,"PICRITE [13267]",3.85,9.63,1.46,7.49,2.38,0.85,3.05,0.54,3.48,0.76,2.15,0.34,2.04,0.31
67.17,-62.44,"PICRITE [13267]",5.3,12.2,1.67,7.94,2.34,0.83,2.93,0.53,3.36,0.73,2.08,0.32,1.93,0.3
67.17,-62.44,"PICRITE [13267]",5.23,12.1,1.66,7.9,2.28,0.81,2.87,0.5,3.27,0.7,1.99,0.32,1.91,0.3
67.17,-62.44,"PICRITE [13267]",4.9,11.3,1.58,7.41,2.2,0.79,2.75,0.49,3.13,0.68,1.93,0.3,1.82,0.27
67.17,-62.44,"PICRITE [13267]",5.24,12.1,1.67,7.97,2.33,0.81,2.93,0.51,3.29,0.7,1.99,0.32,1.91,0.29
67.17,-62.44,"PICRITE [13267]",2,5.8,0.98,5.32,1.87,0.72,2.58,0.47,3.14,0.69,1.95,0.31,1.96,0.29
67.17,-62.44,"PICRITE [13267]",2,5.69,0.98,5.46,1.93,0.71,2.6,0.47,3.2,0.7,1.98,0.31,1.9,0.29
67.17,-62.44,"PICRITE [13267]",2.44,6.78,1.08,5.63,1.88,0.69,2.48,0.41,2.85,0.62,1.77,0.28,1.73,0.26
67.17,-62.44,"PICRITE [13267]",1.36,3.9,0.69,3.75,1.36,0.49,1.87,0.32,2.24,0.5,1.43,0.23,1.4,0.21
67.17,-62.44,"PICRITE [13267]",2.99,8.27,1.33,7.03,2.44,0.89,3.18,0.55,3.82,0.85,2.41,0.37,2.26,0.35
67.17,-62.44,"PICRITE [13267]",1.51,4.49,0.76,4.13,1.51,0.54,2.01,0.35,2.44,0.53,1.55,0.24,1.49,0.23
67.17,-62.44,"PICRITE [13267]",1.79,5.02,0.84,4.37,1.48,0.53,1.93,0.33,2.29,0.51,1.43,0.22,1.36,0.21
67.17,-62.44,"PICRITE [13267]",1.39,4.1,0.69,3.66,1.27,0.45,1.7,0.31,2.03,0.46,1.29,0.21,1.28,0.2
67.17,-62.44,"PICRITE [13267]",1.34,4.04,0.67,3.58,1.23,0.44,1.64,0.3,2,0.44,1.27,0.2,1.23,0.19
67.17,-62.44,"PICRITE [13267]",1.61,4.05,0.62,3.23,1.06,0.43,1.42,0.26,1.73,0.38,1.07,0.17,1.07,0.16
67.17,-62.44,"PICRITE [13267]",0.98,2.93,0.48,2.7,0.96,0.34,1.29,0.23,1.54,0.35,1,0.16,0.96,0.15
67.17,-62.44,"PICRITE [13267]",1.18,3.55,0.59,3.22,1.11,0.4,1.49,0.27,1.81,0.4,1.17,0.18,1.13,0.18
67.17,-62.44,"PICRITE [13267]",1.12,3.56,0.62,3.42,1.18,0.44,1.62,0.29,1.91,0.42,1.2,0.19,1.17,0.18
67.17,-62.44,"PICRITE [13267]",1.16,3.61,0.63,3.43,1.18,0.47,1.61,0.29,1.91,0.42,1.2,0.19,1.16,0.17
67.17,-62.44,"PICRITE [13267]",1.44,4.64,0.76,4.24,1.55,0.55,2.03,0.37,2.46,0.54,1.56,0.25,1.5,0.22
67.07,-62.16,"PICRITE [13267]",3.14798300827881,8.5371724047777,1.353978942669,7.07368421052632,2.35953899346907,0.858292866082603,3.14747598253275,0.555288207961823,3.71589959985449,0.774961403508772,2.29697626760098,0.358706892506921,2.17838358396918,0.331910900473934
67.07,-62.16,"PICRITE [13267]",1.16543747279398,3.25367697361079,0.575794580876316,3.23208443271768,1.15179762361058,0.434363659116506,1.65891713508613,0.297163896905165,2.02010936930368,0.427063895902117,1.351,0.1993347848242,1.20953677667604,0.183334914161055
67.07,-62.16,"PICRITE [13267]",3.92492439872255,9.35861280892905,1.31204746174071,6.33089443996777,1.90324909747292,0.683578341013825,2.42645506951509,0.41351081530782,2.78656742742248,0.575920559029055,1.68161816891412,0.264304707150557,1.59125366057733,0.241273194929267
67.07,-62.16,"PICRITE [13267]",3.73,9.88,1.53,7.98,2.62,0.96,3.33,0.59,3.82,0.83,2.41,0.37,2.25,0.33
67.07,-62.16,"PICRITE [13267]",2.01,5.72,0.97,5.32,1.78,0.64,2.36,0.42,2.76,0.61,1.76,0.27,1.64,0.25
67.07,-62.16,"PICRITE [13267]",1.49,4.46,0.75,4.14,1.39,0.49,1.84,0.33,2.15,0.46,1.34,0.21,1.27,0.19
67.07,-62.16,"PICRITE [13267]",1.52,4.03,0.72,3.88,1.33,0.46,1.77,0.31,2.07,0.46,1.28,0.2,1.2,0.18
67.07,-62.16,"PICRITE [13267]",1.45,4.41,0.76,4.15,1.4,0.5,1.9,0.34,2.27,0.49,1.41,0.22,1.34,0.21
67.07,-62.16,"PICRITE [13267]",1.56,4.51,0.76,4.15,1.38,0.51,1.85,0.33,2.22,0.48,1.38,0.21,1.29,0.2
67.07,-62.16,"PICRITE [13267]",1.7,4.79,0.8,4.31,1.41,0.5,1.84,0.33,2.18,0.48,1.36,0.22,1.31,0.2
67.07,-62.16,"PICRITE [13267]",3.36,8.52,1.3,6.75,2.25,0.83,3,0.54,3.61,0.77,2.23,0.35,2.13,0.32
67.07,-62.16,"PICRITE [13267]",5.86,11.8,1.74,8.25,2.35,0.82,2.99,0.52,3.39,0.72,2.09,0.32,1.95,0.3
67.07,-62.16,"PICRITE [13267]",4.75,10.1,1.47,7.07,2.05,0.73,2.63,0.47,3.02,0.65,1.88,0.29,1.75,0.26
67.07,-62.16,"PICRITE [13267]",1.84,5.34,0.93,5.17,1.82,0.67,2.45,0.45,3.09,0.67,1.95,0.3,1.86,0.28
67.07,-62.16,"PICRITE [13267]",1.64,4.77,0.84,4.68,1.63,0.6,2.21,0.4,2.61,0.58,1.66,0.26,1.56,0.24
67.07,-62.16,"PICRITE [13267]",1.39,4.63,0.78,4.39,1.61,0.56,2.09,0.39,2.54,0.57,1.59,0.25,1.53,0.23
67.22,-62.53,"PICRITE [13267]",1.15,3.22,0.54,3.22,1.37,0.52,2.07,0.4,2.84,0.66,1.91,0.31,1.96,0.3
67.22,-62.53,"PICRITE [13267]",1.07,3.14,0.54,3.17,1.35,0.53,2.08,0.41,2.83,0.65,1.92,0.31,1.94,0.3
67.22,-62.53,"PICRITE [13267]",1.32,3.96,0.67,3.52,1.48,0.57,2.18,0.44,3.08,0.71,2.1,0.34,2.12,0.32
67.22,-62.53,"PICRITE [13267]",1.18,3.31,0.56,3.23,1.35,0.53,2.07,0.4,2.84,0.67,1.97,0.31,1.93,0.3
67.22,-62.53,"PICRITE [13267]",2.11,6.02,1.02,5.65,2.01,0.77,2.72,0.5,3.31,0.72,2.06,0.33,1.97,0.3
67.22,-62.53,"PICRITE [13267]",0.98,2.87,0.48,2.68,0.95,0.36,1.33,0.24,1.63,0.36,1.02,0.16,1,0.16
67.22,-62.53,"PICRITE [13267]",1.58,4.44,0.73,4.04,1.39,0.53,1.91,0.35,2.3,0.51,1.44,0.22,1.4,0.21
67.22,-62.53,"PICRITE [13267]",1.74,4.86,0.81,4.39,1.55,0.56,2.14,0.39,2.54,0.56,1.61,0.25,1.52,0.24
67.22,-62.53,"PICRITE [13267]",3.76,9.55,1.43,7,2.21,0.76,2.79,0.49,3.17,0.68,1.92,0.29,1.8,0.28
67.22,-62.53,"PICRITE [13267]",4.81,11.67,1.67,8.11,2.39,0.84,2.95,0.51,3.28,0.71,1.97,0.29,1.87,0.28
67.22,-62.53,"PICRITE [13267]",3.62,8.26,1.15,5.52,1.68,0.65,2.15,0.38,2.47,0.55,1.54,0.24,1.51,0.23
67.22,-62.53,"PICRITE [13267]",3.35,8.09,1.17,5.81,1.84,0.68,2.42,0.44,2.85,0.63,1.79,0.28,1.76,0.26
67.22,-62.53,"PICRITE [13267]",3.56,8.52,1.21,6.07,1.87,0.68,2.46,0.44,2.86,0.64,1.75,0.27,1.75,0.26
67.22,-62.53,"PICRITE [13267]",3.23,7.88,1.12,5.6,1.8,0.64,2.29,0.42,2.73,0.61,1.74,0.27,1.66,0.25
67.22,-62.53,"PICRITE [13267]",3.12,7.61,1.1,5.48,1.74,0.64,2.29,0.41,2.66,0.59,1.68,0.26,1.63,0.25
67.22,-62.53,"PICRITE [13267]",3.19,7.62,1.11,5.45,1.76,0.63,2.28,0.41,2.66,0.58,1.71,0.26,1.66,0.25
67.22,-62.53,"PICRITE [13267]",3.26,7.81,1.14,5.58,1.81,0.66,2.31,0.41,2.7,0.59,1.71,0.26,1.65,0.24
67.22,-62.53,"PICRITE [13267]",3.43,8.29,1.19,5.97,1.89,0.69,2.49,0.45,2.91,0.63,1.82,0.29,1.7,0.26
67.22,-62.53,"PICRITE [13267]",3.5,8.48,1.22,6.15,1.85,0.69,2.45,0.45,2.92,0.64,1.84,0.29,1.77,0.27
67.22,-62.53,"PICRITE [13267]",3.41,8.08,1.19,5.92,1.85,0.66,2.38,0.44,2.85,0.62,1.77,0.28,1.71,0.26
67.22,-62.53,"PICRITE [13267]",3.26,7.94,1.14,5.67,1.76,0.65,2.29,0.41,2.74,0.59,1.7,0.26,1.6,0.24
67.22,-62.53,"PICRITE [13267]",3.69,9.24,1.35,6.56,2.04,0.7,2.5,0.43,2.8,0.6,1.67,0.25,1.58,0.24
67.22,-62.53,"PICRITE [13267]",3.08,7.81,1.15,5.72,1.87,0.65,2.35,0.42,2.75,0.62,1.71,0.27,1.62,0.25
67.22,-62.53,"PICRITE [13267]",3,7.74,1.13,5.75,1.83,0.66,2.35,0.42,2.77,0.61,1.74,0.27,1.65,0.25
67.22,-62.53,"PICRITE [13267]",3.23,8.16,1.18,5.74,1.86,0.65,2.4,0.43,2.8,0.63,1.75,0.27,1.69,0.26
67.22,-62.53,"PICRITE [13267]",3.19,8.25,1.24,6.29,2.02,0.72,2.61,0.47,3.09,0.67,1.93,0.3,1.84,0.28
57,-6,"PICRITE [13238]",1.47,4.37,0.74,3.87,1.16,0.4,1.31,0.23,1.37,0.27,0.76,0.11,0.65,0.1
48.4472,-81.729,"PICRITE [12751]",8.97,24.11,3.36,14.76,3.26,1.05,3.13,0.43,2.32,0.43,1.29,0.15,0.98,0.165
48.4472,-81.7309,"PICRITE [12751]",5.08332481291633,17.9955135088268,3.16416581937679,16.5874053520938,4.38742580109463,1.16889287141926,3.97967247385535,0.54910781401556,2.87058342376451,0.505614125776704,1.43,0.163101330895711,1.00035482949369,0.141354486776283
48.4364,-81.7194,"PICRITE [12751]",9.03666792377316,26.62239471033,4.05457534409764,19.32,4.61,1.20842245549577,4.1790923245996,0.572410636813784,2.93095446442614,0.519409651923619,1.35682521318823,0.169603151648529,1.03351920535822,0.148402757692463
48.4168,-81.8191,"PICRITE [12751]",19.980105277012,49.1456774901945,6.67410435052024,29.1814001286383,6.11485133774937,1.71996681286134,5.51268708752062,0.722808139147251,3.59821278028048,0.643668561868355,1.82,0.216314844562316,1.32954489828545,0.209
48.4234,-81.8172,"PICRITE [12751]",11.8382437313351,27.8686494967064,3.75448977136329,16.3626148322195,3.48028546221878,0.943895602632063,3.2338531279748,0.448218582255449,2.34655610710206,0.432399102881727,1.18118779323789,0.152921633945977,0.975534561379506,0.147648474154736
48.4224,-81.8164,"PICRITE [12751]",13.1,30,3.90433933854527,17.0185113909977,3.56,1.21748215933132,3.46303704090719,0.46705134560555,2.4402120865908,0.456555809749245,1.37,0.157433037844567,1.17,0.161
48.4234,-81.8164,"PICRITE [12751]",6.59,19.7,2.94427107327029,13.6517138153881,3.12,0.838069668796036,3.1763575596202,0.463143764334652,2.53074985511435,0.47417099681881,1.43,0.187462952230692,1.26,0.185
48.4273,-81.8189,"PICRITE [12751]",8.19100578599332,22.7073177921891,3.44436842915228,15.68,3.59,1.13749204296079,3.35988926932616,0.467753737292286,2.42381482051457,0.446492203779,1.20659202687896,0.159461501349643,0.999292075124428,0.148830734593
48.4176,-81.7925,"PICRITE [12751]",11.061308668681,26.8337196431912,3.72763987161573,16.4174777324352,3.68005297963765,1.00461216398154,3.47172814142253,0.486443784664747,2.50095554506984,0.475868919780731,1.41,0.174485270586268,1.1050733803797,0.158622973260244
48.8082,-79.6474,"PICRITE [12751]",10.2,27.4,3.95,17.7,3.8,1.06,3.17,0.44,2.22,0.38,1,0.138,0.85,0.118
48.808,-79.6474,"PICRITE [12751]",15.5,36,4.53,17.25,3.61,1.22,3.53,0.49,2.51,0.44,1.16,0.156,0.95,0.131
48.8069,-79.6474,"PICRITE [12751]",10.7,25.6,3.34,13.97,3.83,1.51,3.99,0.61,2.93,0.47,1.19,0.155,0.92,0.125
48.8079,-79.6477,"PICRITE [12751]",14.041200801004,32.2121665434798,4.26831189434694,18.5013469377935,3.83668484885119,1.0018010438667,3.43560918270739,0.458270690279447,2.30733963826745,0.420969587582283,1.14034799674188,0.143875681831919,0.932527567429108,0.133218223918444
49.0593,-79.0378,"PICRITE [12751]",2.35,4.87,0.67,3.96,1.93,1.03,3.29,0.59,3.42,0.63,1.68,0.24,1.48,0.211
49.0592,-79.0377,"PICRITE [12751]",16.6,38.1,4.76,19.8,3.92,1.03,2.79,0.35,1.64,0.29,0.82,0.126,0.88,0.139
49.059,-79.0374,"PICRITE [12751]",15.1322110076832,34.7960505153664,4.37,18.9621334397163,3.52995647931442,0.986,2.88995769304965,0.35,1.73551729787234,0.34,0.94,0.11784376713948,0.74991488179669,0.127
32.6389,-16.9361,"PICRITE [3348]",33.5,70.9,9.17,37.9,8.39,2.56,7.18,1.01,5.33,0.92,2.25,0.28,1.68,0.23
32.5122,-16.5047,"PICRITE [3348]",24.1,50.7,6.63,26.9,6.07,1.87,5.71,0.81,4.4,0.78,2.05,0.26,1.6,0.22
32.5772,-16.5408,"PICRITE [3348]",72.5,120,16.8,67.4,13.8,4.29,13.9,1.92,10.3,1.82,4.6,0.57,3.38,0.45
32.5,-16.4956,"PICRITE [3348]",35.3,76,9.86,41.5,9.21,2.85,8.09,1.17,6.36,1.12,2.8,0.36,2.13,0.3
-8.3367,157.605,"PICRITE [13436]",4.62530634278003,8.82542645074224,1.34079892037787,6.49252631578947,1.75878623481781,0.596840903466127,2.0610216585695,0.330025506072875,2.08183778677463,0.440933873144399,1.22545871794872,0.18042294197031,1.19412091767881,0.178240769230769
-8.2811,157.5556,"PICRITE [13436]",4.33553786586769,10.548801346117,1.64424448523969,7.80779519677852,2.17634106080058,0.750669635666347,2.32834654611495,0.372516164621285,2.27312075020134,0.453022291466922,1.24244288111218,0.180422279482263,1.19201953005944,0.175452533669223
12.0058,39.0511,"PICRITE [13519]",22.8,53,6.84,33.3,6.51,2.24,6.04,1,4.83,0.73,2,0.26,1.43,0.2
18.7433,-155.19,"PICRITE [13537]",7.92,19.2,2.68,12.3,3.09,1.08,3.37,0.51,2.9,0.56,1.48,0.196,1.16,0.169
18.745,-155.19,"PICRITE [13537]",7.82,19.1,2.67,12.4,3.18,1.07,3.4,0.527,3.01,0.562,1.48,0.201,1.18,0.175
18.7533,-155.1883,"PICRITE [13537]",5.79,14.4,2.01,9.48,2.45,0.861,2.7,0.426,2.39,0.458,1.22,0.161,0.94,0.139
18.7683,-155.1733,"PICRITE [13537]",11.8,28.5,3.88,17.8,4.48,1.53,4.82,0.748,4.25,0.817,2.18,0.295,1.72,0.256
18.77,-155.1783,"PICRITE [13537]",8.11,19.6,2.71,12.3,3.14,1.06,3.4,0.523,3,0.568,1.53,0.198,1.23,0.181
18.8867,-155.1667,"PICRITE [13537]",6.55,16.2,2.29,10.7,2.76,0.963,3.01,0.459,2.64,0.498,1.31,0.174,1.06,0.157
19.8,-154.3183,"PICRITE [13537]",8.76,22.2,3.21,15.4,4.04,1.45,4.66,0.706,4,0.754,2,0.257,1.57,0.224
19.7967,-154.32,"PICRITE [13537]",8.96,22.6,3.28,15.7,4.16,1.46,4.72,0.719,4.06,0.77,2.04,0.264,1.6,0.227
19.7967,-154.3233,"PICRITE [13537]",8.53,21.6,3.15,15,4.02,1.46,4.64,0.692,3.97,0.757,2,0.258,1.53,0.216
19.3553,-154.5565,"PICRITE [13537]",9.21,23.3,3.42,16.7,4.5,1.57,5.12,0.759,4.3,0.794,2.06,0.261,1.59,0.222
19.3562,-154.5567,"PICRITE [13537]",8.55,21.7,3.16,15.3,4.11,1.46,4.68,0.7,3.89,0.722,1.87,0.236,1.43,0.198
18.931,-155.4593,"PICRITE [13537]",5.27,13.7,2.05,10.1,2.88,1.07,3.46,0.543,3.19,0.603,1.64,0.207,1.3,0.185
21.8467,-157.77,"PICRITE [13537]",8.8,22.2,3.19,15.3,4.05,1.38,4.46,0.667,3.73,0.697,1.86,0.238,1.45,0.205
12,-68.75,"PICRITE [2906]",1.576,3.97,0.607,2.93,0.948,0.337,1.215,0.218,1.449,0.304,0.859,0.129,0.866,0.13
12,-68.75,"PICRITE [2906]",1.803,3.16,0.685,4.12,1.21,0.381,1.373,0.254,1.71,0.365,1.022,0.154,0.5,0.157
69.7,88,"PICRITE [13381]",7.7,21,3.09,15,4.2,1.63,4.54,0.69,4,0.76,1.96,0.26,1.57,0.23
69.7,88,"PICRITE [13381]",8.3,21,2.94,14,3.8,1.45,4.12,0.62,3.49,0.66,1.64,0.22,1.28,0.18
69.7,88,"PICRITE [13381]",5,12,1.65,8,2,0.75,2.25,0.35,2,0.38,0.98,0.13,0.8,0.12
69.7,88,"PICRITE [13381]",4.5,9,1.23,6,1.6,0.58,1.93,0.33,2.13,0.44,1.23,0.18,1.16,0.17
69.7,88,"PICRITE [13381]",10.8,23,2.79,12,2.6,0.7,2.6,0.43,2.61,0.58,1.52,0.22,1.43,0.21
20.16,-156.42,"THOLEIITIC BASALT [14399] / PICRITE [225]",12.7,30,4.18,20.9,6.41,2.23,7.08,1.17,6.75,1.31,3.2,0.44,2.46,0.35
20.16,-156.42,"THOLEIITIC BASALT [14399] / PICRITE [225]",5.4,13,1.85,9.3,2.89,1.07,3.23,0.55,3.15,0.61,1.53,0.2,1.16,0.16
20.16,-156.42,"THOLEIITIC BASALT [14399] / PICRITE [225]",5.9,13.4,1.92,9.5,2.94,1.06,3.27,0.54,3.26,0.62,1.56,0.21,1.18,0.18
64.8437,-50.2101,"PICRITE [13799]",0.75,2.41,0.36,2.1,0.73,0.19,1.08,0.2,1.35,0.31,0.92,0.13,0.94,0.14
63,-147,"PICRITE [12942]",5.18,12.4,1.48,6.61,1.69,0.51,1.84,0.4,2.62,0.56,1.76,0.23,1.69,0.27
63.25,-145,"PICRITE [12942]",5.99,15.32,1.96,9.85,2.69,0.94,2.77,0.51,3.25,0.66,1.79,0.21,1.48,0.22
63.25,-145,"PICRITE [12942]",6.52,18.08,2.33,11.57,3.01,1.09,3.02,0.54,3.23,0.63,1.79,0.22,1.45,0.25
70,-52,"TRANSITIONAL BASALT [2426] / BASALT [14569] / PICRITE [3508]",4.81,11.75,1.59,8.23,2.26,0.77,2.22,0.39,2.44,0.47,1.29,0.19,1.22,0.18
-21.5,29.5,"PICRITE [19720]",36.59,85.32,11.11,50.44,10.32,3,8.95,1.14,6.16,1.02,2.76,0.33,2.07,0.28
-21.5,29.5,"PICRITE [19720]",35.52,82.24,10.68,48.41,9.98,2.9,8.73,1.11,5.92,0.99,2.66,0.33,2.03,0.27
-21.5,29.5,"PICRITE [19720]",36.78,85.59,11.12,50.6,10.35,3.02,9.01,1.15,6.16,1.04,2.76,0.34,2.09,0.28
-21.2497,14.442,"PICRITE [19722]",3.54,8.54,1.22,5.93,1.71,0.58,1.87,0.32,1.97,0.41,1.14,0.16,1,0.15
-21.2497,14.442,"PICRITE [19722]",10.61,24.2,3.24,14.49,3.61,1.03,3.34,0.55,3.32,0.68,1.88,0.26,1.68,0.25
-20.17,14.15,"PICRITE [19722]",8.07,18.85,2.45,11.24,2.89,0.85,3.08,0.49,3.08,0.6,1.72,0.23,1.48,0.21
-21.09,14.01,"PICRITE [19722]",6.43,14.67,2,9.64,2.81,1.08,3.54,0.6,3.91,0.79,2.28,0.31,2.02,0.29
-20.17,14.15,"PICRITE [19722]",5.03,13.61,2.04,9.89,2.52,0.84,2.57,0.4,2.42,0.46,1.27,0.17,1.05,0.15
-21.25,14.4,"PICRITE [19722]",6.85,16.57,2.22,10.51,2.79,0.87,3.05,0.48,3.09,0.6,1.73,0.23,1.51,0.21
69,-52,"THOLEIITIC BASALT [2426] / PICROBASALT [14569] / PICRITE [3508]",12.9,29.23,3.61,16.81,4.06,1.25,3.98,0.61,3.8,0.76,2.14,0.3,1.71,0.25
70,-52,"THOLEIITIC BASALT [2426] / PICROBASALT [14569] / PICRITE [3508]",19.94,42.52,4.83,21.9,4.69,1.44,4.76,0.74,4.7,0.93,2.36,0.36,2.29,0.32
70,-52,"PICRITE [2426] / PICROBASALT [14569]",9.22,19.56,2.4,11.55,2.86,1.02,3.02,0.52,3.2,0.64,1.74,0.24,1.48,0.2
70,-52,"PICRITE [2426] / PICROBASALT [14569]",17.08,39.59,5.07,24.81,6.24,1.87,6.36,1,5.95,1.17,3.07,0.46,2.85,0.41
70,-52,"PICRITE [2426] / BASALT [14569]",5.53,12.88,1.68,8.76,2.45,0.85,2.75,0.49,2.95,0.62,1.6,0.24,1.39,0.2
70,-52,"PICRITE [2426] / PICROBASALT [14569]",3.59,9.6,1.43,8.32,2.66,0.98,3.31,0.55,3.72,0.73,1.96,0.28,1.83,0.27
70,-52,"PICRITE [2426] / PICROBASALT [14569]",16.29,33.51,3.88,17.5,3.79,1.23,3.85,0.6,3.65,0.72,1.94,0.28,1.82,0.25
69,-52,"PICRITE [2426] / PICROBASALT [14569]",6.42,15.71,2.21,11.77,3.43,1.23,3.84,0.62,4.12,0.82,2.19,0.33,2.11,0.27
69,-52,"PICRITE [2426] / PICROBASALT [14569]",4,10.21,1.43,7.52,2.33,0.85,2.74,0.5,3.14,0.65,1.73,0.28,1.74,0.26
69,-52,"PICRITE [2426] / BASALT [14569]",3.19,8.65,1.29,7.3,2.31,0.88,2.8,0.46,3.14,0.64,1.64,0.27,1.64,0.25
69,-52,"PICRITE [2426] / BASALT [14569]",3.12,7.92,1.15,6.41,2.25,0.83,2.75,0.47,3.35,0.69,1.95,0.28,1.72,0.27
9.5,-84.5,"PICRITE [2918]",5.39,13.08,1.89,8.44,2.29,0.77,2.48,0.39,2.35,0.44,1.14,0.16,0.99,0.14
70.4066599,-53.8746122,"NOT GIVEN [13654] / PICRITE [3068]",2.75,7.89,1.40367860600194,7.05,2.60204461559737,0.962959188872472,3.39444519412058,0.581830520653487,3.64866618097624,0.801333763579649,2.20977142066894,0.326585321745051,2.01334678997343,0.297862834164867
70.4089474,-53.8808993,"NOT GIVEN [13654] / PICRITE [3068]",2.94742063492063,8.66301907968575,1.37163561076605,7.68187830687831,2.55102040816326,0.968045112781955,3.47422268707483,0.588078874161348,3.79745540828015,0.803571428571428,2.24036281179138,0.329234257805686,2.05061634582911,0.300889586603872
70.2675154,-53.9887024,"NOT GIVEN [13654] / PICRITE [3068]",2.19,6.29,1.13305741097406,5.47,2.08697993806382,0.781784810754502,2.66182319880322,0.461536966681889,2.86638747728752,0.614724054874856,1.66335186289407,0.246501848763866,1.4598832895502,0.217501631262234
70.2677454,-53.9932254,"NOT GIVEN [13654] / PICRITE [3068]",2.76251226692836,8.11649369058594,1.36642915048854,7.75269872423945,2.40593557570986,0.906977945354062,3.10882526217422,0.515969770241696,3.22127009499914,0.66077854105332,1.82668081953095,0.251269829287494,1.55450692167958,0.231858426166571
70.3833,-53.6889,"PICRITE [13267]",1.68185946191395,5.4624121059808,0.958516801853998,5.36488946684005,1.91014492753623,0.687201401050788,2.47939068344101,0.43291696238467,2.83772489924654,0.578477732793522,1.65599534492791,0.255441222326162,1.50138022840328,0.225517896737409
70.0909991,-53.1006152,"NOT GIVEN [13654] / PICRITE [3068]",3.46,9.65,1.69496949268251,8.11,2.85239784749108,1.03920252053096,3.41463768472931,0.558461398379248,3.54299242232632,0.724021371715189,1.9506118443452,0.279308522684381,1.65681832418099,0.240485716442537
70.0268052,-53.4122473,"NOT GIVEN [13654] / PICRITE [3068]",2.901,8.255,1.34199,7.0389,2.331395,0.87882,2.9355,0.4921,3.0525,0.623,1.638,0.2346,1.4515,0.207
12,-68.75,"PICRITE [1606]",1.37,3.53,0.53,2.93,0.925,0.3,1.08,0.19,1.2,0.26,0.71,0.12,0.75,0.11
12,-68.75,"PICRITE [1606]",1.41,3.71,0.56,2.81,0.88,0.33,1.18,0.21,1.33,0.29,0.81,0.13,0.83,0.13
12,-68.75,"PICRITE [1606]",1.77,4.49,0.66,2.34,0.735,0.39,1.39,0.25,1.56,0.34,0.91,0.15,0.94,0.14
12,-68.75,"PICRITE [1606]",1.72,4.39,0.63,3.36,1.03,0.39,1.37,0.24,1.54,0.34,0.94,0.15,0.94,0.15
12,-68.75,"PICRITE [1606]",1.67,4.57,0.69,3.47,1.1,0.32,1.45,0.25,1.6,0.35,0.94,0.15,1,0.14
63.8,-22.3,"PICRITE [1606]",1.2,3.22,0.53,2.95,1.16,0.5,1.75,0.34,2.28,0.52,1.43,0.23,1.48,0.23
63.8,-22.3,"PICRITE [1606]",0.72,1.83,0.3,1.33,0.715,0.35,1.31,0.25,1.76,0.4,1.15,0.18,1.19,0.18
26.9,100.24,"PICRITE [25750]",9.12,21.35,2.99,13.2,3.03,0.98,2.91,0.41,2.42,0.44,1.15,0.15,0.93,0.13
26.9,100.24,"PICRITE [25750]",22.96,48.56,6.16,24.69,4.71,1.45,4.1,0.59,3.42,0.63,1.68,0.23,1.38,0.19
26.9,100.24,"PICRITE [25750]",23.06,48.39,6.1,24.12,4.59,1.42,4.09,0.58,3.38,0.62,1.65,0.23,1.37,0.2
26.9,100.24,"PICRITE [25750]",22.9,48.43,6.13,24.69,4.77,1.46,4.11,0.6,3.41,0.63,1.69,0.23,1.38,0.19
26.9,100.24,"PICRITE [25750]",21.18,45.04,5.73,22.76,4.39,1.35,3.8,0.54,3.23,0.58,1.58,0.21,1.28,0.18
26.9,100.24,"PICRITE [25750]",8.87,21.8,3.18,14.49,3.35,1.11,3.27,0.48,2.82,0.52,1.39,0.18,1.11,0.15
26.9,100.24,"PICRITE [25750]",11.32,26.38,3.55,15.56,3.5,1.1,3.42,0.52,3,0.55,1.48,0.2,1.22,0.18
26.9,100.24,"PICRITE [25750]",10.6,24.36,3.33,14.61,3.26,1.05,3.13,0.47,2.78,0.52,1.38,0.19,1.12,0.16
26.5,100,"PICRITE [25750]",16.3,36.79,5,21.21,4.68,1.53,4.51,0.66,3.9,0.71,1.89,0.25,1.5,0.22
26.5,100,"PICRITE [25750]",16.28,34.63,4.51,18.34,3.78,1.2,3.54,0.52,3.15,0.58,1.6,0.22,1.35,0.19
26.5,100,"PICRITE [25750]",13.77,29.72,3.87,15.72,3.3,1.07,3.03,0.46,2.75,0.52,1.44,0.19,1.16,0.17
26.5,100,"PICRITE [25750]",16.59,37.62,5.04,21.23,4.68,1.51,4.48,0.66,3.8,0.7,1.92,0.25,1.47,0.21
26.5,100,"PICRITE [25750]",17.18,39.92,5.47,23.76,5.13,1.72,5,0.73,4.25,0.78,2.09,0.28,1.65,0.24
26.5,100,"PICRITE [25750]",12.66,30.19,4.23,18.71,4.28,1.39,4.16,0.62,3.55,0.65,1.73,0.22,1.37,0.19
26.5,100,"PICRITE [25750]",16.67,37.61,5.11,21.91,4.81,1.51,4.44,0.66,3.86,0.7,1.9,0.25,1.48,0.21
26,100,"PICRITE [25750]",4.64,11.02,1.73,8.42,2.61,0.93,3.25,0.52,3.3,0.64,1.82,0.25,1.53,0.22
26,100,"PICRITE [25750]",4.61,11.03,1.69,8.47,2.64,0.94,3.27,0.53,3.33,0.65,1.8,0.25,1.54,0.22
26,100,"PICRITE [25750]",5.17,12.23,1.89,9.14,2.85,1.03,3.44,0.56,3.58,0.7,1.93,0.27,1.62,0.23
26,100,"PICRITE [25750]",4.6,10.97,1.71,8.43,2.66,0.95,3.2,0.52,3.29,0.65,1.82,0.25,1.55,0.23
26,100,"PICRITE [25750]",16.1,31.61,3.92,15.4,3.12,1.03,3.08,0.47,2.81,0.56,1.53,0.21,1.3,0.19
26,100,"PICRITE [25750]",14.05,27.97,3.48,13.67,2.82,0.93,2.76,0.43,2.6,0.49,1.39,0.19,1.19,0.17
26,100,"PICRITE [25750]",15.29,30.35,3.72,14.7,3.06,0.99,3.03,0.47,2.81,0.54,1.53,0.21,1.32,0.19
26,100,"PICRITE [25750]",19.05,37.41,4.7,18.62,3.8,1.22,3.67,0.58,3.46,0.69,1.9,0.26,1.62,0.24
26,100,"PICRITE [25750]",14.88,29,3.66,14.72,3.06,0.98,2.95,0.45,2.76,0.53,1.48,0.2,1.24,0.19
69.4,90,"PICRITE [2065]",6.16,14.48,1.76,8.04,2.32,0.88,2.67,0.39,2.74,0.6,1.61,0.24,1.56,0.26
69.4,90,"PICRITE [2065]",2.63,6.06,0.83,3.94,1.12,0.5,1.4,0.21,1.47,0.3,0.85,0.11,0.81,0.12
18.7,-70.22,"PICRITE [13048]",8.9,23.6,3.55,18.3,5.06,1.87,5.92,0.89,5.23,0.97,2.28,0.28,1.58,0.2
18.7,-70.22,"PICRITE [13048]",8.9,21.8,3,14.9,4.05,1.37,4.74,0.74,4.45,0.85,2.07,0.27,1.54,0.22
18.7,-70.22,"PICRITE [13048]",8.18,23.21,3.58,17.79,5.44,1.94,6.54,1.06,6.09,1.12,2.8,0.34,1.9,0.24
18.7,-70.22,"PICRITE [13048]",7.9,20.2,3,14.9,3.88,1.34,4.51,0.68,4.1,0.75,1.86,0.24,1.4,0.19
19.28,-70.77,"PICRITE [13048]",11.76,29.15,4.09,19.1,4.79,1.67,5.11,0.77,4.37,0.81,1.96,0.25,1.39,0.16
28,101.4,"PICRITE [14605]",7.55,20.65,3.24,15.5,3.91,1.27,4,0.62,3.61,0.64,1.69,0.25,1.33,0.2
28,101.4,"PICRITE [14605]",9.12,25.09,3.85,17,4.09,1.36,4,0.64,3.39,0.67,1.67,0.23,1.41,0.22
28,101.4,"PICRITE [14605]",8.62,21.14,3.04,13.9,3.64,1.24,3.82,0.6,3.41,0.66,1.68,0.24,1.44,0.21
28,101.4,"PICRITE [14605]",3.56,5.96,1.69,8.9,3.02,1.1,3.65,0.64,3.75,0.74,2,0.29,1.54,0.24
28,101.4,"PICRITE [14605]",2.72,8.27,1.65,8.7,2.6,0.97,2.95,0.51,2.91,0.55,1.43,0.2,1.16,0.18
28,101.4,"PICRITE [14605]",1.91,6.19,1.21,6.7,2.3,0.87,2.8,0.46,2.67,0.53,1.34,0.18,1.13,0.18
28,101.4,"PICRITE [14605]",1.5,6.43,1.38,7.7,2.52,0.84,2.99,0.48,2.86,0.55,1.42,0.2,1.27,0.18
28,101.4,"PICRITE [14605]",3.49,9.42,1.79,10,3.36,1.27,3.94,0.65,3.75,0.72,1.74,0.24,1.44,0.21
28,101.4,"PICRITE [14605]",6.79,17.32,2.84,13.8,4,1.4,4.47,0.75,4.45,0.84,2.16,0.31,1.8,0.26
28,101.4,"PICRITE [14605]",9.59,22.51,3.3,15.1,3.7,1.28,3.86,0.66,3.8,0.7,1.87,0.28,1.53,0.23
28,101.4,"PICRITE [14605]",11.63,25.51,3.44,30.8,2.82,0.89,2.87,0.44,2.52,0.48,1.24,0.18,1.07,0.17
28,101.4,"PICRITE [14605]",9.36,21.15,2.82,41.1,8.5,0.95,3.06,0.48,2.67,0.55,1.38,0.19,1.19,0.18
28,101.4,"PICRITE [14605]",17.05,34.96,4.37,14.5,3.81,1.03,3.67,0.59,3.39,0.67,1.74,0.26,1.67,0.26
25.7,100.18,"PICRITE [14603]",7.31,15.8,2.14,9.5,2.47,0.806,2.78,0.473,2.7,0.521,1.45,0.203,1.26,0.186
25.7,100.18,"PICRITE [14603]",10.7,20.5,2.89,12.3,3.02,1.13,3.37,0.552,3.18,0.615,1.67,0.235,1.41,0.216
25.7,100.18,"PICRITE [14603]",10.8,20.7,2.91,12.4,3.02,1.08,3.36,0.551,3.17,0.621,1.63,0.236,1.44,0.215
25.7,100.18,"PICRITE [14603]",10.8,20.3,2.87,12.3,3.03,1.15,3.33,0.555,3.17,0.618,1.66,0.237,1.44,0.216
25.7,100.18,"PICRITE [14603]",10.4,19.7,2.78,11.9,2.91,1.13,3.28,0.545,3.05,0.606,1.6,0.233,1.37,0.212
25.7,100.18,"PICRITE [14603]",9.99,19.6,2.84,12.3,3.06,1,3.39,0.56,3.2,0.62,1.65,0.24,1.42,0.214
26.8,100.27,"PICRITE [14603]",25.4,50.7,6.81,26.3,4.71,1.54,4.06,0.604,3.29,0.608,1.55,0.219,1.28,0.195
26.8,100.27,"PICRITE [14603]",10.3,22.2,3.29,14.2,3,1.04,2.86,0.426,2.29,0.417,1.05,0.143,0.845,0.127
26.8,100.27,"PICRITE [14603]",24.1,48.3,6.46,25.1,4.51,1.49,3.96,0.591,3.19,0.596,1.51,0.215,1.26,0.191
26.8,100.27,"PICRITE [14603]",11.4,23.6,3.56,15.2,3.22,1.12,3.03,0.463,2.46,0.46,1.14,0.166,0.914,0.143
26.8,100.27,"PICRITE [14603]",24.3,48.7,6.66,25.7,4.64,1.51,3.97,0.596,3.26,0.604,1.52,0.216,1.27,0.19
26.8,100.27,"PICRITE [14603]",26.6,52.7,7.04,27.4,4.95,1.63,4.19,0.618,3.31,0.615,1.57,0.219,1.27,0.195
26.8,100.27,"PICRITE [14603]",8.5,20.3,2.88,12.9,2.87,0.935,2.75,0.419,2.24,0.404,1.08,0.14,0.84,0.123
26.8,100.27,"PICRITE [14603]",8.7,20.7,2.9,13,2.95,0.934,2.8,0.424,2.24,0.407,1.07,0.141,0.849,0.123
38.0123,117.6803,"PICRITE [20725] / NEPHELINITE [24902]",70.8,130,16.7,59.2,12.9,3.69,10.7,1.46,6.9,1.19,2.58,0.33,1.82,0.21
38.0123,117.6803,"PICRITE [20725] / NEPHELINITE [24902]",69,128,15.7,58.8,12,3.65,10.4,1.34,6.74,1.16,2.4,0.29,1.62,0.19
38.0123,117.6803,"PICRITE [20725] / NEPHELINITE [24902]",69.3,128,15.7,59.5,12,3.72,10.5,1.36,6.75,1.15,2.46,0.31,1.54,0.19
38.0123,117.6803,"PICRITE [20725] / NEPHELINITE [24902]",68.6,127,15.5,59,11.8,3.67,10.5,1.35,6.81,1.17,2.54,0.31,1.64,0.21
38.0123,117.6803,"PICRITE [20725] / NEPHELINITE [24902]",63.2,117,14.3,54.8,11,3.42,9.84,1.28,6.52,1.14,2.44,0.3,1.66,0.22
38.0123,117.6803,"PICRITE [20725] / NEPHELINITE [24902]",67.4,124,15.2,57.6,11.5,3.6,10.1,1.3,6.51,1.11,2.41,0.28,1.54,0.2
38.0123,117.6803,"PICRITE [20725] / NEPHELINITE [24902]",68.7,126,15.5,59,11.6,3.63,10.4,1.33,6.78,1.16,2.49,0.31,1.57,0.2
38.0123,117.6803,"PICRITE [20725] / NEPHELINITE [24902]",71,131,15.9,60.2,12,3.71,10.7,1.37,6.96,1.17,2.5,0.29,1.62,0.2
27,101.5,"PICRITE [14586]",13.2,29.3,4.03,17.97,4.252,1.31,3.84,0.607,3.12,0.622,1.56,0.183,1.14,0.159
27,101.5,"PICRITE [14586]",13.5,29.9,4.1,20.96,5.154,1.36,4.1,0.608,3.31,0.643,1.57,0.192,1.18,0.169
27,101.5,"PICRITE [14586]",13.5,29.9,4.1,18.1,4.2,1.37,3.97,0.622,3.28,0.664,1.59,0.199,1.25,0.157
27,101.5,"PICRITE [14586]",13.5,30.2,4.12,18.3,4.23,1.39,4.09,0.622,3.34,0.658,1.54,0.198,1.16,0.153
27,101.5,"PICRITE [14586]",11.5,25.6,3.53,17.86,4.251,1.2,3.54,0.545,2.79,0.574,1.35,0.163,1.03,0.146
27,101.5,"PICRITE [14586]",18,39.9,5.47,26.9,6.737,1.94,5.44,0.851,4.61,0.926,2.12,0.267,1.6,0.225
27,101.5,"PICRITE [14586]",12.5,27.3,3.79,18.52,4.395,1.42,3.5,0.57,3.32,0.61,1.48,0.198,1.19,0.152
27,101.5,"PICRITE [14586]",12.3,27.2,3.74,19.1,4.516,1.35,3.55,0.569,3.29,0.609,1.49,0.211,1.13,0.146
27,101.5,"PICRITE [14586]",13.2,29.2,4.06,17.7,4.4,1.49,3.7,0.622,3.57,0.639,1.61,0.222,1.24,0.161
27,101.5,"PICRITE [14586]",13.6,29.7,4.1,19.34,4.586,1.57,3.94,0.631,3.67,0.665,1.68,0.221,1.24,0.166
27,101.5,"PICRITE [14586]",13.1,29.6,3.99,18,4.29,1.47,3.76,0.62,3.54,0.648,1.63,0.231,1.26,0.159
27,101.5,"PICRITE [14586]",9.82,22.2,3.03,13.4,3,1.08,3.17,0.472,2.6,0.496,1.32,0.154,0.938,0.133
27,101.5,"PICRITE [14586]",10.3,23,3.2,15.09,3.544,1.1,3.16,0.505,2.51,0.505,1.32,0.166,0.973,0.146
27,101.5,"PICRITE [14586]",8.49,19.5,2.72,11.85,2.773,0.949,2.72,0.433,2.16,0.438,1.1,0.138,0.858,0.112
27,101.5,"PICRITE [14586]",9.06,20.3,2.78,12.4,2.89,0.979,2.83,0.432,2.4,0.476,1.1,0.149,0.883,0.123
27,101.5,"PICRITE [14586]",8.99,20,2.69,12.6,2.97,0.992,2.92,0.45,2.39,0.484,1.2,0.145,0.93,0.123
27,101.5,"PICRITE [14586]",9.63,22,2.98,12.9,3.1,1,3.23,0.474,2.52,0.508,1.28,0.152,0.964,0.134
27,101.5,"PICRITE [14586]",8.98,20.1,2.77,12,2.9,0.906,2.99,0.449,2.27,0.469,1.16,0.142,0.897,0.119
27,101.5,"PICRITE [14586]",9.71,21.8,2.99,13.3,3.16,1.01,3.18,0.484,2.56,0.489,1.23,0.161,0.95,0.141
65.82,-16.9,"BASALT [4593] / THOLEIITIC BASALT, OLIVINE [6174] / NOT GIVEN [4016]",1.77,5.09,0.83,4.44,1.57,0.67,2.26,0.41,2.65,0.57,1.67,0.25,1.62,0.25
65.82,-16.9,"BASALT [4593] / THOLEIITIC BASALT, OLIVINE [6174] / NOT GIVEN [4016]",1.98,5.72,0.93,4.97,1.76,0.73,2.54,0.46,2.97,0.64,1.87,0.28,1.83,0.28
65.82,-16.9,"BASALT [4593] / THOLEIITIC BASALT, OLIVINE [6174] / NOT GIVEN [4016] / THOLEIITIC BASALT [16172]",1.8,5.2,0.85,4.53,1.61,0.68,2.32,0.41,2.71,0.59,1.72,0.26,1.69,0.26
65.8,-16.97,"BASALT [4593] / PICRITE [6174] / NOT GIVEN [4016] / THOLEIITIC BASALT [16172]",1.81,5.2,0.86,4.67,1.71,0.71,2.55,0.46,3.05,0.67,1.96,0.29,1.93,0.3
65.8,-16.97,"BASALT [4593] / PICRITE [6174] / NOT GIVEN [4016]",1.55,4.35,0.71,3.84,1.41,0.6,2.11,0.38,2.56,0.56,1.65,0.25,1.62,0.25
65.8,-16.97,"BASALT [4593] / PICRITE [6174] / NOT GIVEN [4016]",1.47,4.13,0.68,3.66,1.34,0.57,2.01,0.37,2.45,0.54,1.58,0.24,1.56,0.24
65.8,-16.97,"BASALT [4593] / PICRITE [6174] / NOT GIVEN [4016]",1.63,4.64,0.76,4.18,1.56,0.66,2.35,0.43,2.86,0.63,1.87,0.28,1.84,0.28
65.8,-16.97,"BASALT [4593] / PICRITE [6174] / NOT GIVEN [4016]",1.48,4.08,0.66,3.55,1.31,0.56,1.98,0.36,2.41,0.53,1.57,0.24,1.57,0.24
65.8,-16.97,"BASALT [4593] / PICRITE [6174] / NOT GIVEN [4016]",1.39,3.97,0.66,3.63,1.37,0.58,2.07,0.38,2.57,0.57,1.65,0.25,1.65,0.25
65.8,-16.97,"BASALT [4593] / PICRITE [6174] / NOT GIVEN [4016]",1.42,4.13,0.68,3.76,1.41,0.6,2.15,0.39,2.59,0.56,1.65,0.25,1.64,0.25
65.8,-16.97,"BASALT [4593] / PICRITE [6174] / NOT GIVEN [4016]",0.88,2.53,0.43,2.47,1,0.44,1.55,0.29,1.99,0.44,1.29,0.2,1.28,0.2
65.8,-16.97,"BASALT [4593] / PICRITE [6174] / NOT GIVEN [4016]",1.39,3.95,0.67,3.64,1.36,0.58,1.99,0.36,2.43,0.53,1.55,0.23,1.52,0.23
65.8,-16.97,"BASALT [4593] / PICRITE [6174] / NOT GIVEN [4016]",1.63,4.71,0.79,4.27,1.62,0.67,2.4,0.44,2.94,0.64,1.88,0.28,1.86,0.28
65.8,-16.97,"BASALT [4593] / PICRITE [6174] / NOT GIVEN [4016]",3.21,8.53,1.3,6.7,2.19,0.9,3.11,0.54,3.53,0.77,2.23,0.33,2.19,0.34
65.8,-16.97,"BASALT [4593] / PICRITE [6174] / NOT GIVEN [4016]",2.17,5.69,0.87,4.45,1.51,0.63,2.18,0.39,2.55,0.56,1.64,0.25,1.61,0.25
65.8,-16.97,"BASALT [4593] / PICRITE [6174] / NOT GIVEN [4016]",2.1,5.5,0.84,4.29,1.46,0.62,2.15,0.38,2.49,0.54,1.59,0.24,1.57,0.24
65.8,-16.97,"BASALT [4593] / PICRITE [6174] / NOT GIVEN [4016]",2.1,5.5,0.84,4.31,1.46,0.62,2.12,0.38,2.5,0.55,1.59,0.24,1.59,0.25
65.8,-16.97,"BASALT [4593] / PICRITE [6174] / NOT GIVEN [4016]",1.36,4.1,0.72,4.03,1.57,0.66,2.35,0.43,2.86,0.62,1.84,0.28,1.8,0.27
65.88,-16.84,"BASALT [4593] / PICRITE [6174]",2.42,6.81,1.1,5.87,2.1,0.83,3.07,0.55,3.63,0.79,2.3,0.35,2.26,0.34
65.88,-16.84,"BASALT [4593] / PICRITE [6174] / NOT GIVEN [4016]",1.42,4.25,0.74,4.16,1.61,0.66,2.43,0.44,2.95,0.64,1.88,0.28,1.84,0.28
65.88,-16.84,"BASALT [4593] / PICRITE [6174] / NOT GIVEN [4016]",1.36,4.1,0.71,4.01,1.57,0.65,2.38,0.44,2.88,0.63,1.84,0.27,1.81,0.28
65.8,-16.97,"BASALT [4593] / PICRITE [6174] / NOT GIVEN [4016]",0.56,1.95,0.38,2.31,1.03,0.44,1.64,0.31,2.17,0.49,1.46,0.22,1.45,0.22
65.8,-16.97,"BASALT [4593] / PICRITE [6174] / NOT GIVEN [4016] / THOLEIITIC BASALT [16172]",0.52,1.81,0.35,2.17,0.96,0.41,1.54,0.3,2.05,0.46,1.36,0.21,1.36,0.21
65.8,-16.97,"BASALT [4593] / PICRITE [6174] / NOT GIVEN [4016]",0.45,1.6,0.32,1.99,0.9,0.4,1.45,0.28,1.97,0.44,1.31,0.2,1.3,0.2
54,156,"PICRITE [14974]",0.36,1.5,0.17,1.2,0.71,0.32,1.6,0.33,2.8,0.53,2,0.31,2,0.28
54,156,"PICRITE [14974]",0.26,4.7,0.1,0.6,0.37,0.18,1,0.21,1.8,0.44,1.5,0.24,1.5,0.22
54,156,"PICRITE [14974]",0.75,1.7,0.25,1.4,0.64,0.33,1.4,0.25,2.4,0.59,1.8,0.27,1.8,0.27
54,156,"PICRITE [14974]",0.42,0.93,0.13,0.8,0.37,0.21,0.9,0.2,1.8,0.36,1.5,0.24,1.6,0.25
54,156,"PICRITE [14974]",0.46,0.8,0.11,0.65,0.39,0.2,1,0.2,2.1,0.39,1.7,0.26,1.8,0.28
54,156,"PICRITE [14974]",0.54,2,0.21,1.2,0.56,0.23,1.4,0.27,2.3,0.45,1.6,0.24,1.6,0.22
54,156,"PICRITE [14974]",0.24,1.1,0.14,0.94,0.52,0.27,1.1,0.22,1.8,0.44,1.2,0.18,1.2,0.16
54,156,"PICRITE [14974]",0.23,0.49,0.1,0.72,0.47,0.23,1.1,0.22,2.1,0.55,1.5,0.23,1.5,0.21
26,100,"PICRITE [21284]",4.6,11.3,1.68,8.2,2.55,0.9,3.12,0.53,3.13,0.64,1.72,0.25,1.5,0.21
26,100,"PICRITE [21284]",4.5,11,1.64,8,2.49,0.88,3.07,0.51,3.08,0.63,1.69,0.25,1.47,0.21
26,100,"PICRITE [21284]",4.6,11.3,1.67,8.2,2.54,0.91,3.12,0.53,3.18,0.65,1.74,0.25,1.51,0.22
26,100,"PICRITE [21284]",4.6,11.3,1.68,8.2,2.58,0.91,3.12,0.52,3.17,0.65,1.74,0.25,1.5,0.22
26,100,"PICRITE [21284]",4.6,11.2,1.66,8.1,2.53,0.9,3.09,0.52,3.13,0.63,1.74,0.25,1.49,0.21
26,100,"PICRITE [21284]",4.4,10.9,1.63,7.9,2.53,0.89,3.07,0.51,3.11,0.64,1.72,0.24,1.47,0.21
26.5,100,"PICRITE [21284]",16.5,37.8,4.83,20.2,4.4,1.44,4.28,0.63,3.56,0.67,1.77,0.24,1.45,0.2
26.5,100,"PICRITE [21284]",16.9,38.4,4.97,20.8,4.65,1.45,4.38,0.66,3.67,0.71,1.84,0.25,1.46,0.2
26.5,100,"PICRITE [21284]",17.4,39.6,5.18,21.5,4.84,1.51,4.56,0.69,3.85,0.73,1.92,0.26,1.52,0.21
26.5,100,"PICRITE [21284]",15.6,37.3,4.51,19.6,4.25,1.45,3.85,0.62,3.36,0.64,1.64,0.22,1.37,0.18
26.5,100,"PICRITE [21284]",16,36.6,4.79,19.9,4.45,1.4,4.21,0.63,3.54,0.67,1.77,0.24,1.41,0.2
26.5,100,"PICRITE [21284]",16,37.7,4.44,19,3.88,1.36,3.73,0.57,3.28,0.6,1.65,0.22,1.33,0.18
27,100,"PICRITE [21284]",21.5,46.1,5.11,20.6,3.7,1.24,3.39,0.51,2.82,0.54,1.39,0.18,1.13,0.16
27,100,"PICRITE [21284]",22.2,47.3,5.79,22.5,4.38,1.32,3.77,0.56,3.12,0.59,1.58,0.22,1.28,0.18
27,100,"PICRITE [21284]",21.9,46.5,5.73,22.4,4.31,1.29,3.74,0.56,3.05,0.58,1.57,0.21,1.26,0.18
27,100,"PICRITE [21284]",9.2,22.5,3.22,14.3,3.39,1.08,3.24,0.48,2.7,0.52,1.36,0.19,1.09,0.15
27,100,"PICRITE [21284]",22.8,48.4,5.98,23.1,4.47,1.35,3.91,0.57,3.17,0.61,1.61,0.22,1.3,0.18
27,100,"PICRITE [21284]",20.9,41.7,5,19.4,4.37,1.34,4.03,0.58,3.15,0.61,1.57,0.21,1.29,0.19
27,100,"PICRITE [21284]",20.4,40.9,4.89,19.1,4.25,1.31,3.92,0.57,3.08,0.59,1.53,0.21,1.26,0.19
27,100,"PICRITE [21284]",7.5,17.4,2.47,12.1,2.88,0.89,2.77,0.42,2.38,0.45,1.17,0.16,0.95,0.14
27,100,"PICRITE [21284]",8.8,20.3,2.86,13.3,3.31,1.02,3.18,0.48,2.68,0.52,1.33,0.18,1.08,0.16
27,100,"PICRITE [21284]",10.2,22.6,3.1,13.9,3.33,1.03,3.18,0.48,2.61,0.49,1.27,0.17,1.02,0.15
27,100,"PICRITE [21284]",9.2,20.7,2.83,12.8,3.06,0.95,2.91,0.44,2.41,0.46,1.17,0.16,0.95,0.14
27,100,"PICRITE [21284]",10.9,24.1,3.3,14.7,3.54,1.09,3.37,0.5,2.76,0.53,1.34,0.18,1.07,0.16
27,100,"PICRITE [21284]",10.4,22.9,3.14,14,3.38,1.09,3.23,0.48,2.64,0.5,1.28,0.17,1.03,0.15
27,100,"PICRITE [21284]",10.2,22.7,3.1,13.9,3.34,1.03,3.17,0.48,2.63,0.5,1.28,0.17,1.03,0.15
26,100.5,"PICRITE [21284]",34.1,68.7,8.71,33,7.05,2.07,6.31,0.89,4.68,0.88,2.24,0.3,1.79,0.27
26,100.5,"PICRITE [21284]",32.8,65.6,8.4,33.1,7.02,2.03,6.07,0.86,4.53,0.85,2.17,0.29,1.74,0.26
26,100.5,"PICRITE [21284]",35.7,71.2,9.19,33.6,7.1,2.15,6.53,0.91,4.81,0.9,2.31,0.31,1.85,0.27
26,100.5,"PICRITE [21284]",34.4,68.8,8.8,32.9,6.99,2.04,6.28,0.88,4.67,0.87,2.23,0.3,1.8,0.27
26,100.5,"PICRITE [21284]",35.1,70.7,8.98,33.8,7.25,2.12,6.55,0.92,4.85,0.9,2.33,0.31,1.86,0.28
26,100.5,"PICRITE [21284]",23.6,46.4,5.5,21.8,5,1.49,4.34,0.67,3.69,0.7,1.83,0.25,1.52,0.23
26,100.5,"PICRITE [21284]",18.2,36.8,4.65,19.9,4.53,1.33,4.24,0.64,3.63,0.71,1.89,0.26,1.58,0.24
26,100.5,"PICRITE [21284]",24,45.9,5.29,22,4.86,1.34,4.22,0.59,3.22,0.62,1.61,0.22,1.34,0.2
26,100.5,"PICRITE [21284]",19.3,38.5,4.9,20.4,4.54,1.38,4.4,0.66,3.73,0.72,1.91,0.27,1.61,0.24
26,100.5,"PICRITE [21284]",25.9,50,6,22.4,4.94,1.47,4.55,0.65,3.5,0.67,1.75,0.24,1.45,0.22
42.4,76,"PICRITE [15069]",44.15,89.5,9.85,41.77,8.24,2.84,7.19,1.02,5.05,0.83,2.07,0.23,1.5,0.24
42.4,76,"PICRITE [15069]",40.69,84.71,9.4,38.71,6.93,2.65,6.66,1.01,5.04,0.9,1.96,0.24,1.54,0.2
42.4,76,"PICRITE [15069]",46.17,93.1,10.15,42.44,8.68,2.86,7.33,1.07,5.42,0.85,2.28,0.28,1.74,0.25
42.4,76,"PICRITE [15069]",43.56,89.95,10.24,40.9,8.14,2.69,7.85,1.07,5.19,0.8,2.24,0.23,1.71,0.25
42.4,76,"PICRITE [15069]",44.77,89.82,10.37,41.16,8.35,2.91,7.64,1.16,5.39,0.88,2.06,0.24,1.67,0.25
75.5,135.84,"PICRITE, OLIVINE [15096]",21.8,41.6,5.5,21.5,4.83,1.5,4.36,0.73,3.97,0.76,2.1,0.29,1.7,0.26
65.88,-16.84,"BASALT [4593] / PICRITE [6174] / NOT GIVEN [4016]",1.16,3.6,0.65,3.73,1.49,0.62,2.22,0.41,2.78,0.61,1.79,0.27,1.73,0.26
65.8,-16.97,"BASALT [4593] / PICRITE [6174] / NOT GIVEN [4016]",1.29,3.99,0.7,3.99,1.56,0.66,2.4,0.44,2.94,0.64,1.89,0.29,1.85,0.29
65.8,-16.97,"BASALT [4593] / PICRITE [6174] / NOT GIVEN [4016]",1.93,5.14,0.79,4.04,1.41,0.6,2.13,0.38,2.56,0.56,1.64,0.25,1.63,0.25
65.82,-16.9,"BASALT [4010] / PICRITE [6174] / NOT GIVEN [4016]",2.75,7.1,1.06,5.33,1.77,0.73,2.59,0.46,2.96,0.64,1.89,0.28,1.86,0.28
65.82,-16.9,"BASALT [4593] / PICRITE [6174] / NOT GIVEN [4016]",1.92,5,0.78,3.98,1.43,0.59,2.07,0.38,2.53,0.56,1.67,0.25,1.66,0.25
65.82,-16.9,"BASALT [4593] / PICRITE [6174] / NOT GIVEN [4016]",1.76,4.71,0.72,3.71,1.33,0.58,2.03,0.37,2.47,0.55,1.63,0.25,1.62,0.25
65.8,-16.97,"BASALT [4593] / PICRITE [6174] / NOT GIVEN [4016]",0.49,1.74,0.34,2.1,0.94,0.4,1.53,0.29,2.02,0.45,1.34,0.2,1.34,0.21
63.8167,-22.6333,"PICRITE [4692]",0.57,1.83,0.35,2.12,0.97,0.42,1.61,0.31,2.09,0.47,1.37,0.22,1.42,0.22
63.8389,-22.3942,"PICRITE [4692]",1.11,2.96,0.49,2.68,1.04,0.46,1.64,0.31,2.08,0.46,1.33,0.2,1.37,0.22
63.8811,-22.5394,"PICRITE [4692] / NOT GIVEN [13015]",0.32,1.05,0.2,1.3,0.56,0.25,0.89,0.17,1.19,0.26,0.77,0.12,0.79,0.13
65.9353,-17.0778,"PICRITE [4692] / NOT GIVEN [14498]",0.47,1.54,0.29,1.87,0.8,0.35,1.4,0.26,1.72,0.39,1.12,0.17,1.15,0.18
65.9369,-17.08,"PICRITE [4692] / NOT GIVEN [14498]",0.36,1.25,0.26,1.65,0.71,0.33,1.17,0.23,1.55,0.35,1.02,0.16,1.03,0.16
65.9467,-17.1419,"THOLEIITIC BASALT, OLIVINE [4692] / NOT GIVEN [14498] / PICRITE [1812]",1,3.38,0.64,3.94,1.51,0.6,2.4,0.45,2.99,0.67,1.94,0.3,2.01,0.32
65.9611,-17.0756,"THOLEIITIC BASALT, OLIVINE [4692] / NOT GIVEN [14498] / PICRITE [1812]",1.37,4.06,0.73,4.32,1.64,0.68,2.54,0.46,3.04,0.66,1.9,0.29,1.92,0.3
65.9625,-16.9039,"PICRITE [4692] / NOT GIVEN [14498]",1.08,3.05,0.53,3.13,1.19,0.51,1.83,0.34,2.33,0.52,1.48,0.23,1.49,0.24
65.27,41.73,"PICRITE [14069]",53.5,87.7,16.71,63.9,9.85,2.47,6.97,0.92,4.8,0.88,2.36,0.37,2.14,0.32
64.9,41.08,"PICRITE [14069]",41.6,75.6,8.4,31.2,5.51,1.57,4.45,0.64,3.36,0.62,1.59,0.23,1.32,0.19
49.8,90.8,"PICRITE [15130]",1.89,4.39,0.61,2.38,0.64,0.23,0.74,0.14,0.92,0.18,0.51,0.08,0.52,0.09
49.8,90.8,"PICRITE [15130]",1.09,2.91,0.47,1.94,0.65,0.18,0.64,0.12,0.92,0.2,0.57,0.09,0.56,0.1
49.8,90.8,"PICRITE [15130]",2.73,5.34,0.67,2.93,0.8,0.28,0.84,0.15,1,0.22,0.66,0.1,0.64,0.11
49.8,90.8,"PICRITE [15130]",1.29,3.38,0.52,2.12,0.65,0.24,0.88,0.15,0.98,0.21,0.58,0.09,0.56,0.1
49.8,90.8,"PICRITE, BIOTITE [15130]",1.53,3.87,0.5,2.38,0.62,0.22,0.65,0.13,0.93,0.18,0.53,0.08,0.49,0.08
49.8,90.8,"PICRITE, BIOTITE [15130]",1.75,4.12,0.58,2.53,0.73,0.24,0.78,0.15,0.97,0.21,0.57,0.09,0.58,0.09
7.4674758,-80.9021339,"PICRITE [15261]",9.41,22.15,2.88,14.13,3.39,1.13,3.04,0.5,2.88,0.51,1.34,0.17,1.2,0.15
7.3209645,-80.917369,"PICRITE [15261]",16.2,38.38,5.02,22.4,5.58,1.73,5.37,0.74,4.73,0.91,2.14,0.31,1.83,0.24
7.4120858,-80.8581777,"PICRITE [15261]",5.35,12.37,1.69,7.82,1.76,0.6,2.19,0.28,1.65,0.3,0.74,0.1,0.69,0.09
7.3440103,-80.7425421,"PICRITE [15261]",14.45,33.99,4.29,20.68,4.96,1.45,4.87,0.72,4.25,0.83,1.95,0.27,1.61,0.24
7.4083586,-80.7888288,"PICRITE [15261]",15.16,35.09,4.81,20.44,5.16,1.59,5.14,0.7,4.44,0.88,2.08,0.27,1.88,0.25
7.2713826,-80.8424957,"PICRITE [15261]",11.49,27.54,3.72,16.22,3.88,1.15,3.62,0.54,3.29,0.6,1.61,0.18,1.21,0.17
67.17,-62.44,"PICRITE [13299] / NOT GIVEN [19194]",6.69,15.5,2.46,12.1,3.52,1.29,4.33,0.55,4.98,0.73,3.08,0.33,2.77,0.34
67.17,-62.44,"PICRITE [13299] / NOT GIVEN [19194]",4.15,10.8,1.68,8.42,2.72,1.06,3.3,0.58,3.99,0.61,2.35,0.33,2.26,0.34
67.17,-62.44,"PICRITE [13299] / BASALT [19126] / NOT GIVEN [19194]",5.2,13,1.86,9.11,3,1.17,3.34,0.57,4.32,0.83,2.5,0.31,2.4,0.33
67.17,-62.44,"PICRITE [13299] / BASALT [19126] / NOT GIVEN [19194]",5.36,12.3,1.87,9.2,2.93,1.12,3.65,0.55,4.59,0.63,2.81,0.33,2.45,0.32
67.17,-62.44,"PICRITE [13299]",5.44,12.1,1.88,9.67,2.79,1.1,3.43,0.38,4.5,0.55,2.82,0.23,2.63,0.23
67.17,-62.44,"PICRITE [13299] / NOT GIVEN [19194]",2.74,8.59,1.43,7.33,2.48,1,2.87,0.37,3.6,0.51,2.15,0.32,2.15,0.32
67.17,-62.44,"PICRITE [13299] / NOT GIVEN [19194]",2.74,7.83,1.46,7.38,2.53,1,3.42,0.36,4.27,0.5,2.6,0.32,2.36,0.34
67.17,-62.44,"PICRITE [13299] / NOT GIVEN [19194]",2.53,7.28,1.32,7.16,2.57,1,3.4,0.55,4.17,0.76,2.58,0.31,2.41,0.31
70.5869,-53.9861,"NOT GIVEN [13654] / PICRITE [4154]",2.31,6.886,1.15785,6.1461,2.1728,0.83032,2.78635,0.48165,3.0795,0.646,1.7005,0.25208,1.5705,0.2268
70.18861,-53.43,"ALKALI BASALT [5941] / PICRITE [3496]",98,169,17.7,61,83,2.27,4.91,0.79,3.89,0.7,1.7,0.24,1.39,0.23
18.74,-155.19,"PICRITE [24741]",17.46679,42.130495,5.286985,24.16755,5.585745,1.843776,5.35634,0.75757,4.604105,0.839729,2.1569405,0.2875565,1.7877585,0.2434894
19.536223,-155.440101,"PICRITE [24741]",10.551475,27.64642,3.78505,18.7697,5.12278,1.7167535,5.013895,0.7575285,4.713165,0.8736725,2.318732,0.312137,2.0651855,0.2805085
-26.0455,-174.9585,"PICRITE [15670]",20.4768694550063,42.3597908745247,6.41238910012674,27.8833967046895,6.56091571609633,2.39318599493029,6.8564037181439,1.01136723700887,1.01136723700887,1.01136723700887,1.01136723700887,1.01136723700887,1.01136723700887,1.01136723700887
-33.7368,-171.4317,"PICRITE [15670]",51.1533238027162,113.933309506791,14.4206504646176,58.6518227305218,12.1651179413867,4.14005686919228,10.8945158663416,1.50348892065761,7.86145818441744,1.33736526090064,3.21318656182988,0.407232308791994,2.44299499642602,0.332646175839886
-37.6363,-169.1633,"PICRITE [15670]",25.3293592604399,56.53016018489,7.63087025820848,31.5815428753586,6.67300366592286,2.22665267261715,5.93519127119987,0.805169030921262,4.07193496971629,0.66249099458081,1.51782778729678,0.189268827701626,1.11056415364998,0.149230805706089
-37.6363,-169.1633,"PICRITE [15670]",26.9264610584423,60.0744149765991,8.09394215768631,33.5880595223809,7.0456906276251,2.34595011544462,6.33105584279945,0.850804152166087,4.28102724108964,0.700968198727949,1.60778579143166,0.197567406696268,1.18148349933997,0.159378243129725
21.48,103.77,"PICRITE [15658]",0.79,2.1,0.42,2.73,1.3,0.52,1.91,0.41,2.69,0.61,1.71,0.24,1.58,0.24
21.22,104.3,"PICRITE [15658]",4.33,8.92,1.18,5.47,1.66,0.43,2.02,0.4,2.67,0.59,1.67,0.25,1.58,0.23
21.22,104.3,"PICRITE [15658]",0.81,2.2,0.41,2.4,0.98,0.3,1.27,0.26,1.7,0.37,1.03,0.15,0.97,0.14
21.22,104.3,"PICRITE [15658]",1.8,3.6,0.48,2.19,0.65,0.23,0.81,0.16,1.06,0.24,0.71,0.1,0.71,0.11
21.22,104.3,"PICRITE [15658]",9.4,18.4,2.21,9.15,2.25,0.46,2.5,0.46,2.88,0.63,1.75,0.25,1.55,0.21
19.4,-155.27,"PICRITE [15723]",11.7,27.9,3.99,18.3,4.42,1.54,4.49,0.69,3.98,0.72,1.87,0.24,1.48,0.2
19.4,-155.27,"PICRITE [15723]",10.9,25.9,3.7,17,4.19,1.47,4.3,0.64,3.66,0.68,1.73,0.22,1.4,0.19
69.6,90,"PICRITE [15971]",4.5427656501415,11.7154799259902,1.68156904884624,7.93066600547251,2.17465048187949,0.790013197730113,2.41776349261147,0.389021908989298,2.30066944098983,0.443147495944461,1.14949874261069,0.158519529420272,0.935734860596057,0.132075124909679
69.6,90,"PICRITE [15971]",4.16188625827078,10.6932011712034,1.49447742704731,7.01825077540318,1.93173042253569,0.695500236290326,2.2052662640969,0.343323768752558,2.05028951274319,0.397689860373577,1.02315956384957,0.140547487815539,0.82268123894786,0.119187637944566
69.6,90,"PICRITE [15971]",7.9413659283086,19.2622564304587,2.64296146542305,12.3076815487328,3.26474045244035,0.994655585683669,3.48422044286252,0.543294808522839,3.44771055295462,0.631250222606696,1.71535758327784,0.228666808625688,1.50028551153789,0.208995993593792
69.6,90,"PICRITE [15971]",10.0014515196779,22.5407233529215,3.16387332743399,14.2124433041228,3.6989498418976,1.23027226281371,4.47557479489303,0.717937216662498,4.27958469160343,0.85686725878346,2.39639847067001,0.325232289181108,2.05851210701614,0.311671596745871
69.6,90,"PICRITE [15971]",4.44322397575637,11.1906342980843,1.56938096993959,7.41575376241637,1.98603539061273,0.694044500855286,2.23662223401356,0.354901635997993,2.14784461288271,0.418384448082286,1.09915074935963,0.151249890348815,0.907112345882087,0.131216475857637
67.66,34.05,"PICRITE [12885]",139,288,36,133,21,5.4,12,1.5,6.7,1.1,2.3,0.3,1.5,0.2
25.75,100.4,"PICRITE [16336]",32.2,59.9,6.9,44.05,7.84,1.47,4.71,0.56,3.15,0.61,1.55,0.23,1.3,0.18
25.75,100.4,"PICRITE [16336]",15.6,31.1,3.7,13.87,2.89,0.99,3.16,0.45,2.64,0.55,1.49,0.21,1.28,0.19
25.75,100.4,"PICRITE [16336]",13.9,27.2,3.2,10.7,2.63,0.88,2.5,0.36,2.36,0.51,1.32,0.2,1.08,0.17
25.75,100.4,"PICRITE [16336]",32.7,60.6,6.78,24,4.37,1.42,4.3,0.61,3.67,0.72,1.94,0.27,1.58,0.24
26.5,100.9,"PICRITE [16336]",25.5,56,6.98,31.2,5.73,1.68,5.42,0.72,3.44,0.66,1.72,0.22,1.32,0.18
27,101,"PICRITE [16336]",27.7,59.7,7.39,31.9,6.04,1.91,5.66,0.8,3.99,0.75,1.85,0.23,1.44,0.17
70.5367,-54.2189,"PICRITE [13267]",1.7020018111117,5.51099903938521,0.968149707244269,5.37754952311078,1.8527382072577,0.654971935778619,2.40333231614281,0.419369784399926,2.69436424511407,0.556873619631902,1.60212079959877,0.245592347314202,1.49244712990937,0.221429726996967
70.1833,-53.3847,"THOLEIITIC BASALT [5941] / PICRITE [4154]",5.6,14.1,2.12,10.7,3.02,1.07,3.57,0.57,3.3,0.64,1.71,0.24,1.44,0.24
43.16,142,"PICRITE [16063]",0.52,1.5,0.27,1.7,0.75,0.31,1.18,0.22,1.43,0.3,0.89,0.12,0.81,0.12
43.16,142,"PICRITE [16063]",0.51,1.67,0.31,1.92,0.79,0.33,1.19,0.22,1.44,0.31,0.88,0.12,0.81,0.12
43.16,142,"PICRITE [16063]",0.55,1.79,0.34,2.18,0.96,0.4,1.44,0.26,1.7,0.35,1.01,0.14,0.9,0.13
43.35,142,"PICRITE [16063]",0.57,1.73,0.31,1.82,0.74,0.3,1.08,0.2,1.33,0.29,0.83,0.12,0.77,0.12
43.35,142,"PICRITE [16063]",0.62,1.87,0.33,2,0.81,0.33,1.2,0.22,1.47,0.31,0.92,0.13,0.86,0.13
43.35,142,"PICRITE [16063]",0.56,1.68,0.3,1.8,0.73,0.3,1.1,0.2,1.37,0.29,0.86,0.12,0.81,0.12
43.35,142,"PICRITE [16063]",0.64,1.93,0.35,2.05,0.83,0.34,1.25,0.23,1.54,0.33,0.97,0.14,0.9,0.14
43.35,142,"PICRITE [16063]",0.61,1.89,0.34,2.05,0.83,0.33,1.22,0.23,1.5,0.32,0.94,0.13,0.88,0.13
-21.2497,14.442,"DOLERITE [4586]",4.4,11.1,1.72,8.3,2.35,0.81,2.69,0.44,2.64,0.53,1.43,0.23,1.3,0.21
-21.2497,14.442,"DOLERITE [4586]",4.7,11.8,1.83,9,2.49,0.84,2.97,0.46,2.81,0.57,1.54,0.24,1.4,0.22
-21.2497,14.442,"DOLERITE [4586]",4.7,10.8,1.6,7.8,2.14,0.78,2.65,0.45,2.77,0.56,1.55,0.24,1.42,0.22
-21.2497,14.442,"DOLERITE [4586]",4.3,10.6,1.65,8,2.32,0.8,2.83,0.47,2.82,0.57,1.56,0.24,1.44,0.22
-20.7283,14.22,"DOLERITE [4586]",5.3,13.3,2.07,10.2,2.89,0.98,3.32,0.55,3.26,0.65,1.72,0.27,1.58,0.24
-21.3837,13.8805,"PICRITE [4586]",5.2,11.7,1.71,8.4,2.43,0.89,3.08,0.53,3.31,0.69,1.92,0.3,1.8,0.27
-20.7,14.1,"DOLERITE [4586]",3.6,9.1,1.45,7.6,2.52,0.92,3.18,0.56,3.44,0.7,1.9,0.29,1.75,0.26
-21.2497,14.442,"DOLERITE [4586]",3.8,10.4,1.71,8.8,2.68,0.92,3.23,0.54,3.27,0.67,1.8,0.28,1.63,0.25
-20.2912,14.33,"DOLERITE [4586]",15.3,36.4,5.03,22.3,4.91,1.53,4.73,0.7,3.8,0.68,1.76,0.26,1.5,0.22
26.58,101.67,"PICRITE [17186]",7.09,16.38,2.2,10.26,2.33,0.72,2.23,0.37,2.05,0.43,1.2,0.16,1.01,0.14
26.58,101.67,"PICRITE [17186]",7.14,16.42,2.25,10.55,2.37,0.75,2.26,0.39,2.08,0.45,1.22,0.17,1.05,0.15
26.58,101.67,"PICRITE [17186]",7.21,17.06,2.28,14.62,3.654,0.78,2.33,0.38,2.15,0.46,1.23,0.18,1.06,0.16
26.58,101.67,"PICRITE [17186]",7.18,16.73,2.26,11.27,2.607,0.76,2.29,0.41,2.1,0.47,1.24,0.19,1.08,0.17
26.58,101.67,"PICRITE [17186]",7.31,17.76,2.35,11.93,2.486,0.83,2.42,0.38,2.17,0.47,1.26,0.18,1.08,0.16
26.58,101.67,"PICRITE [17186]",8.05,18.76,2.41,12.09,2.351,0.92,2.51,0.41,2.3,0.51,1.31,0.2,1.12,0.17
26.58,101.67,"PICRITE [17186]",9.98,20.36,2.63,13.04,3.091,0.99,2.89,0.42,2.32,0.4,1.28,0.18,1.1,0.16
26.58,101.67,"PICRITE [17186]",10.97,22.1,2.78,13.38,3.23,1.07,3.05,0.44,2.45,0.5,1.3,0.19,1.1,0.17
26.58,101.67,"PICRITE [17186]",11.36,23.08,2.82,13.07,3.216,1.18,3.12,0.51,2.54,0.51,1.31,0.19,1.13,0.18
26.58,101.67,"PICRITE [17186]",11.12,22.87,2.85,13.65,3.31,1.09,3.1,0.49,2.5,0.5,1.31,0.17,1.1,0.16
13.63,25.35,"PICRITE [17156]",13.1,29.8,4.07,18.8,4.59,1.57,4.45,0.62,3.43,0.59,1.46,0.17,1.02,0.14
13.63,25.35,"PICRITE [17156]",28.6,65.1,8.5,36.1,7.92,2.65,6.97,0.98,5.36,0.92,2.32,0.3,1.67,0.24
13.63,25.35,"PICRITE [17156]",15,32,4.14,18.3,4.03,1.63,3.86,0.54,2.97,0.52,1.33,0.17,1.02,0.15
13.63,25.35,"PICRITE [17156]",15.07,30.51,3.36,12.99,4.05,1.8,3.61,0.54,3.05,0.1,1.54,0.17,1.1,0.15
13.63,25.35,"PICRITE [17156]",52.5,104,12.1,47.2,8.82,2.69,7.49,0.99,5.44,0.99,2.58,0.32,1.97,0.29
19.47,-155.58,"PICRITE [152] / THOLEIITIC BASALT [92] / BASALT, OLIVINE [154]",7.95,20.03,3.11,15.21,4.17,1.49,4.74,0.75,3.99,0.82,2.08,0.33,1.66,0.27
21,105,"PICRITE [28695] / KOMATIITE [29182]",10.66,22.095,2.809,12.076,2.852,0.972,2.645,0.411,2.481,0.49,1.24,0.175,1.092,0.161
59.49,10.3,"PICRITE [7665]",69,155,20,78,15,3.8,9.6,1.4,6.4,1,2.5,0.3,1.5,0.2
63.92,-21.48,"PICRITE [4692] / NOT GIVEN [11847]",0.63,1.95,0.38,2.37,1.07,0.48,1.86,0.35,2.5,0.55,1.63,0.25,1.69,0.27
66,-24,"PICRITE [3490]",19.36,48.01,6.87,32.07,8.11,2.58,7.85,1.18,6.36,1.18,2.75,0.37,2.19,0.3
66,-24,"PICRITE [3490]",14.34,34.82,4.87,21.9,5.16,1.63,5.03,0.74,3.78,0.7,1.58,0.24,1.28,0.17
66,-24,"PICRITE [3490]",18.1,46.66,6.87,32.13,7.59,2.44,7.05,1.12,5.63,1.03,2.46,0.35,1.89,0.29
66,-24,"PICRITE [3490]",7.55,20.29,3.1,14.9,4.02,1.34,4.44,0.75,3.96,0.76,1.86,0.27,1.61,0.22
66,-24,"PICRITE [3490]",7.69,20.99,3.22,15.7,4.3,1.36,4.57,0.75,4.02,0.77,1.88,0.27,1.52,0.22
66,-24,"PICRITE [3490]",4.22,11.91,1.89,9.17,2.51,0.85,2.83,0.45,2.47,0.48,1.15,0.17,0.98,0.14
66,-24,"PICRITE [3490]",12.85,32.21,4.74,22.39,6.18,2.01,6.59,1.1,6.02,1.17,2.82,0.4,2.33,0.3
66,-24,"PICRITE [3490]",5.93,16.04,2.48,12.3,3.53,1.23,4.17,0.66,3.97,0.77,1.88,0.28,1.64,0.23
66,-24,"PICRITE [3490]",11.54,29.47,4.32,20.4,5.7,1.95,6.19,1.02,5.79,1.13,2.75,0.41,2.39,0.34
-21,55.85,"PICRITE [1229]",4.55277291723705,10.564116627643,1.41168389619479,7,2,0.56937342291377,1.69057886641408,0.275171668217562,1.57819384431283,0.303677406562135,0.811060176175126,0.115038779559673,0.679233837380105,0.0882994748517564
69,86,"PICRITE [2981]",5.09,11.8,1.44,6.7,1.66,0.62,1.63,0.26,1.75,0.38,1.05,0.14,1.1,0.14
69,86,"PICRITE [2981]",6.04,14.5,1.8,8.5,2.22,0.75,2.2,0.38,2.51,0.5,1.48,0.21,1.49,0.21
67.2762,-115.2133,"PICRITE [18023]",3.99,9.25,1.33,6.23,1.65,0.57,2.02,0.34,2,0.41,1.09,0.17,1.03,0.16
67.2762,-115.2133,"PICRITE [18023]",3.5,8.39,1.23,5.96,1.63,0.57,1.96,0.32,1.93,0.4,1.06,0.17,1,0.16
67.2813,-115.2072,"PICRITE [18023]",3.77,9.03,1.28,6.29,1.65,0.57,2,0.33,1.96,0.4,1.09,0.17,1.01,0.16
67.0083,-115.2167,"PICRITE [18136]",4.93,10.8,1.48,6.54,1.56,0.47,1.66,0.28,1.57,0.32,0.87,0.13,0.83,0.13
58.2,57.8,"PICRITE [15426]",12.2,22.7,2.7,10.9,2.29,0.76,2.17,0.33,2.02,0.36,0.92,0.13,0.87,0.11
58.2,57.8,"PICRITE [15426]",10.3,20.1,2.3,10.4,2.08,0.75,1.82,0.33,1.61,0.31,0.76,0.14,0.76,0.08
58.2,57.8,"PICRITE [15426]",13,23.3,2.7,11,2.02,0.85,2.18,0.38,1.93,0.39,1.03,0.12,0.88,0.12
58.2,57.8,"PICRITE [15426]",10.6,22.2,2.6,11.5,2.38,0.75,2.64,0.5,2.11,0.4,1.14,0.16,0.87,0.14
37.73,15,"PICRITE [18113]",27.9,62.5,6.7,27.6,5.6,1.61,5.58,0.75,3.57,0.75,2.09,0.27,1.78,0.24
19.12,72.91,"PICRITE [18406]",13.5,29.4,3.94,16.8,4.03,1.27,4.05,0.62,3.64,0.74,1.9,0.27,1.66,0.24
19.12,72.91,"PICRITE [18406]",9.9,23,2.93,12.7,3.16,1.02,3.27,0.52,3.01,0.62,1.61,0.23,1.4,0.2
57.9,-5.15,"PICRITE [18547]",13.87,28.58,3.76,14.11,2.8,0.8,2.41,0.38,2.15,0.42,1.2,0.18,1.15,0.17
57.9,-5.15,"PICRITE [18547]",10.78,21.75,2.84,10.3,2,0.62,1.83,0.27,1.6,0.31,0.91,0.13,0.88,0.13
57.9,-5.15,"PICRITE [18547]",8.43,17.27,2.23,8.42,1.68,0.52,1.54,0.24,1.37,0.27,0.81,0.11,0.75,0.11
57.9,-5.15,"PICRITE [18547]",14.02,30.45,3.97,14.65,2.88,0.75,2.62,0.42,2.44,0.48,1.38,0.2,1.23,0.19
57.9,-5.15,"PICRITE [18547]",7.34,15.36,2.12,8.27,2,0.45,1.69,0.27,1.65,0.33,0.95,0.13,0.88,0.14
15,78.5,"PICRITE [7991]",8.11,17.83,1.81,7.13,1.63,0.5,2.08,0.32,2.1,0.46,1.3,0.21,1.27,0.18
15,78.5,"PICRITE [7991]",6.81,16.57,1.53,5.97,1.38,0.49,1.78,0.28,1.86,0.38,1.19,0.16,1.2,0.15
15.07,77.82,"PICRITE [7991]",4.98,13.13,1.11,4.39,0.98,0.37,1.34,0.21,1.36,0.29,0.91,0.13,0.94,0.12
14.37,78.32,"PICRITE [7991]",5.08,13.7,1.13,4.48,1,0.35,1.3,0.2,1.43,0.28,0.94,0.12,0.89,0.12
14.48,78.82,"PICRITE [7991]",7.79,18,1.75,6.81,1.51,0.55,2.04,0.32,2.11,0.45,1.31,0.2,1.38,0.18
14.42,78.22,"PICRITE [7991]",3.29,6.59,0.75,2.99,0.68,0.29,0.95,0.15,1.03,0.19,0.7,0.09,0.57,0.09
14.42,78.22,"PICRITE [7991]",8.06,16.13,1.79,6.72,1.72,0.63,2.11,0.35,2.17,0.5,1.4,0.22,1.37,0.21
14.42,78.22,"PICRITE [7991]",9.1,18.17,2.11,8.44,2,0.66,2.57,0.35,2.45,0.57,1.6,0.2,1.56,0.24
14.42,78.22,"PICRITE [7991]",6.4,15.4,1.4,5.83,1.3,0.42,1.64,0.27,1.75,0.36,1.06,0.17,1.11,0.16
14.42,78.22,"PICRITE [7991]",7.93,19.1,1.8,6.91,1.53,0.53,2.07,0.32,2.08,0.44,1.37,0.18,1.22,0.17
24.5161,82.8472,"PICRITE [10037]",30.5,75.5,9.2,40.6,8.6,2.5,8,1.1,5.5,0.9,2.3,0.3,1.7,0.2
24.5181,82.8542,"PICRITE [10037]",26.8,61.2,7.2,31.2,6.4,2.1,6.2,0.9,4.2,0.7,1.8,0.2,1.4,0.2
24.5083,82.7569,"PICRITE [10037]",24.8,58.8,7.3,33.1,7.2,2.2,7,1,4.8,0.8,1.9,0.2,1.5,0.2
24.5083,82.7583,"PICRITE [10037]",56.1,130,15.6,66.3,13.2,4.3,12.2,1.6,7.7,1.2,3.1,0.4,2.4,0.3
-22,47.8,"PICRITE [4281]",7.38,16.91,2.28,10.47,2.75,1.05,2.7,0.45,2.88,0.63,1.57,0.22,1.52,0.19
-22,47.8,"PICRITE [4281]",4.85,13.69,2.17,11.19,3.23,1.16,3.01,0.55,3.08,0.71,1.49,0.21,1.37,0.2
33,84,"PICRITE [19191]",8.31,21.1,2.69,12.5,3.23,1.06,3.41,0.54,3.2,0.58,1.62,0.21,1.33,0.18
55.8118,-94.2548,"PICRITE [19181]",2.74,6.78,1.07,5.34,1.7,0.78,2.17,0.45,2.76,0.53,1.58,0.25,1.6,0.26
55.8114,-94.2569,"PICRITE [19181]",2.15,5.78,0.96,4.89,1.6,0.46,1.94,0.42,2.49,0.48,1.44,0.23,1.43,0.23
55.8312,-94.1333,"PICRITE [19181]",1.55,4.32,0.73,3.86,1.35,0.44,1.69,0.36,2.16,0.41,1.22,0.2,1.24,0.2
55.8291,-94.1339,"PICRITE [19181]",2.11,5.71,0.95,4.86,1.63,0.54,2.02,0.43,2.62,0.51,1.53,0.25,1.53,0.24
55.826,-94.1344,"PICRITE [19181]",1.97,4.99,0.82,4.1,1.31,0.45,1.67,0.35,2.13,0.41,1.24,0.19,1.23,0.19
55.7981,-93.8304,"PICRITE [19181]",1.76,4.91,0.83,4.06,1.42,0.51,1.82,0.36,2.33,0.45,1.34,0.22,1.38,0.21
55.7976,-93.8319,"PICRITE [19181]",1.29,3.96,0.72,3.72,1.41,0.46,1.82,0.37,2.38,0.46,1.36,0.21,1.39,0.22
25.6,100,"PICRITE [19150]",14.56,32.77,4.028,16.57,3.534,1.181,3.464,0.524,2.917,0.563,1.526,0.211,1.268,0.187
25.6,100,"PICRITE [19150]",13.96,30.7,3.869,15.78,3.459,1.113,3.326,0.502,2.85,0.551,1.449,0.212,1.238,0.175
25.6,100,"PICRITE [19150]",9.328,20,2.571,10.87,2.872,0.996,3.197,0.517,3.149,0.637,1.775,0.254,1.554,0.225
25.6,100,"PICRITE [19150]",9.533,20.8,2.634,11.1,2.906,1.05,3.239,0.52,3.089,0.624,1.726,0.252,1.526,0.228
25.6,100,"PICRITE [19150]",9.169,20.13,2.602,10.99,2.882,0.992,3.221,0.528,3.113,0.642,1.764,0.253,1.563,0.241
25.6,100,"PICRITE [19150]",8.679,18.82,2.421,10.27,2.704,0.924,3.007,0.497,2.904,0.6,1.627,0.24,1.461,0.221
22,72,"PICRITE [19432]",9.21,18.8,2.35,10,2.55,0.9,3.11,0.53,3.4,0.75,2.14,0.32,1.99,0.3
22,72,"PICRITE [19432]",3.1,6.81,0.95,4.56,1.67,0.69,2.36,0.43,2.85,0.62,1.78,0.25,1.59,0.25
3,-78.32,"PICRITE [2784]",0.08,0.33,0.08,0.67,0.48,0.27,1.14,0.24,1.91,0.43,1.28,0.19,1.18,0.19
3,-78.32,"PICRITE [2784]",0.12,0.42,0.11,0.91,0.67,0.3,1.3,0.27,2.09,0.48,1.37,0.2,1.29,0.21
3,-78.32,"PICRITE [2784]",0.15,0.55,0.13,0.91,0.55,0.28,1.2,0.25,1.98,0.46,1.35,0.21,1.32,0.22
3,-78.32,"PICRITE [2784]",0.15,0.46,0.11,0.84,0.51,0.23,1,0.21,1.69,0.39,1.18,0.18,1.12,0.19
3,-78.32,"PICRITE [5242]",0.22,0.57,0.13,0.99,0.75,0.34,1.5,0.3,2.18,0.48,1.44,0.23,1.42,0.21
3,-78.32,"PICRITE [2784]",1,3.1,0.58,3.89,1.77,0.76,2.57,0.47,3.22,0.67,1.86,0.26,1.65,0.26
65.7043,-34.871,"PICRITE [4015]",3.32,8.09,1.39,7.57,2.59,1.06,3.6,0.62,4.16,0.83,2.49,0.31,2.14,0.3
65.7043,-34.871,"PICRITE [4015]",1.84,5.19,0.89,4.72,1.7,0.68,2.3,0.39,2.55,0.53,1.54,0.2,1.33,0.18
65.7043,-34.871,"PICRITE [4015]",2.41,5.79,1.09,6.33,2.45,1.02,3.29,0.6,3.89,0.78,2.24,0.3,2.06,0.31
65.7043,-34.871,"PICRITE [4015]",2.28,6.76,1.02,5.53,1.88,0.71,2.67,0.44,2.94,0.6,1.77,0.23,1.59,0.22
65.7043,-34.871,"PICRITE [4015]",2.9,8.25,1.44,7.8,2.5,0.89,3.07,0.5,3.35,0.67,1.95,0.24,1.66,0.24
65.7043,-34.871,"PICRITE [4015]",2.22,6.21,1.08,6.14,1.96,0.7,2.58,0.42,2.64,0.55,1.57,0.19,1.39,0.18
65.7043,-34.871,"PICRITE [4015]",5.78,14.6,2.36,12.9,4.09,1.47,5,0.81,5.37,1.03,3.02,0.38,2.64,0.35
65.7043,-34.871,"PICRITE [4015]",10.2,31.2,5.05,26.8,8.29,3.08,10.1,1.75,11.2,2.37,6.45,0.85,5.78,0.81
65.7043,-34.871,"PICRITE [4015]",5.22,15.9,2.6,13.6,4.39,1.56,5.49,0.92,5.88,1.15,3.19,0.43,2.86,0.4
65.7043,-34.871,"PICRITE [4015]",6.54,19.6,3.24,17.2,5.17,1.95,6.86,1.14,7.02,1.41,3.99,0.5,3.51,0.52
65.7043,-34.871,"PICRITE [4015]",4.98,13.7,2.28,12.4,3.96,1.44,5.04,0.82,5.27,0.99,3.03,0.38,2.8,0.38
65.7043,-34.871,"PICRITE [4015]",5.26,14,2.29,12.4,3.94,1.38,4.95,0.8,5.17,1,2.9,0.37,2.67,0.36
65.7043,-34.871,"PICRITE [4015]",1.67,5.24,0.94,4.93,1.64,0.63,2.28,0.37,2.25,0.48,1.34,0.18,1.18,0.16
65.7043,-34.871,"PICRITE [4015]",1.85,5.38,0.95,5.28,1.75,0.67,2.27,0.37,2.37,0.47,1.37,0.17,1.21,0.17
65.7043,-34.871,"PICRITE [4015]",8.33,19,2.48,10.6,2.45,0.77,2.72,0.43,2.87,0.53,1.58,0.22,1.47,0.19
65.7043,-34.871,"PICRITE [4015]",7.5,19.1,2.83,13.8,3.8,1.42,4.69,0.72,4.8,0.94,2.86,0.35,2.49,0.34
-21.3837,13.8805,"PICRITE [4586]",14,31.9,4.54,20.7,5.09,1.61,5.19,0.84,4.85,0.96,2.54,0.38,2.23,0.34
-21.3837,13.8805,"PICRITE [4586]",14.2,32.2,4.53,20.8,5.07,1.62,5.39,0.86,4.95,0.97,2.56,0.39,2.24,0.34
-21.3837,13.8805,"PICRITE [4586]",29.6,60.5,7.84,33.7,7.79,2.4,8.57,1.42,8.71,1.79,5,0.79,4.65,0.73
-21.3837,13.8805,"PICRITE [4586]",29.2,59.8,7.78,33.1,7.61,2.37,8.39,1.39,8.54,1.76,4.84,0.77,4.55,0.7
-22,30,"PICRITE [19645]",26.84,60.91,7.6,33.66,6.89,2.01,6.19,0.81,4.42,0.77,2.08,0.26,1.63,0.22
-22,30,"PICRITE [19645]",29.99,69.81,9.14,41.71,9.05,2.7,8.17,1.07,5.79,0.98,2.64,0.32,2.01,0.26
-21.5,29.5,"PICRITE [19645]",25.91,61.14,8.11,37.69,8.35,2.44,7.54,1,5.53,0.94,2.49,0.3,1.87,0.25
3,-78.32,"PICRITE [5242] / KOMATIITE [5308]",0.28,0.69,0.14,0.55,0.42,0.31,1.43,0.29,2.14,0.49,1.45,0.23,1.44,0.24
28.4,-16.5,"PICRITE [16914]",7.89,18.64,2.64,12.28,3.05,1.24,2.9,0.43,2.32,0.41,1.05,0.14,0.86,0.12
28.4,-16.5,"PICRITE [16914]",7.89,18.64,2.64,12.28,3.05,1.24,2.9,0.43,2.32,0.41,1.05,0.14,0.86,0.12
-25.17,-129.38,"ALKALI BASALT [25803] / PICRITE [6126]",27.32,56.26,7,28.79,6.36,1.99,5.88,0.86,4.87,0.9,2.27,0.3,1.84,0.25
-25.17,-129.38,"ALKALI BASALT [25803] / PICRITE [6126] / NOT GIVEN [12937]",29.56,60.59,7.57,31.02,6.77,2.08,6.1,0.9,5.03,0.93,2.36,0.32,1.95,0.27
-25.17,-129.38,"ALKALI BASALT [25803] / PICRITE [6126] / NOT GIVEN [12937]",19.8,45.06,5.88,26.2,6.5,2.11,6.34,0.92,5.12,0.93,2.35,0.3,1.87,0.26
-25.17,-129.38,"ALKALI BASALT [25803] / PICRITE [6126]",31.86,65.2,8.1,32.88,7.02,2.2,6.3,0.92,5.05,0.92,2.32,0.31,1.87,0.26
19.74,-155.05,"THOLEIITIC BASALT [7011] / BASALT [6966] / PICRITE [13124]",4.78,12.63,1.86,8.9,2.52,0.87,2.84,0.44,2.58,0.49,1.3,0.18,1.02,0.15
19.74,-155.05,"THOLEIITIC BASALT [7011] / BASALT [6966] / PICRITE [13124]",3.38,8.99,1.36,6.55,1.9,0.67,2.15,0.33,1.97,0.37,0.98,0.13,0.79,0.11
19.74,-155.05,"THOLEIITIC BASALT [7011] / BASALT [6966] / PICRITE [13124]",4.83,12.77,1.93,9.47,2.63,0.96,3.09,0.48,2.86,0.54,1.43,0.19,1.14,0.16
19.74,-155.05,"THOLEIITIC BASALT [7011] / BASALT [6966] / PICRITE [13124]",6.49,17.07,2.54,12.19,3.24,1.13,3.34,0.54,3.08,0.57,1.43,0.2,1.17,0.16
19.74,-155.05,"THOLEIITIC BASALT [7011] / BASALT [6966] / PICRITE [13124]",4.75,12.23,1.81,9.91,2.37,0.81,2.65,0.472,2.28,0.507,1.15,0.15,1.04,0.13
19.74,-155.05,"THOLEIITIC BASALT [7011] / BASALT [6966] / PICRITE [13124] / NOT GIVEN [15719]",6.12,15.6,2.24,11.7,3.19,1.07,3.34,0.55,3.1,0.574,1.41,0.198,1.18,0.166
19.74,-155.05,"THOLEIITIC BASALT [7011] / BASALT [6966] / PICRITE [13124]",5.89,14.9,2.31,10.5,2.99,1.02,3.14,0.51,2.87,0.534,1.34,0.193,1.12,0.157
19.74,-155.05,"THOLEIITIC BASALT [7011] / BASALT [6966] / PICRITE [13124]",6.88,18.32,2.73,13.24,3.56,1.23,4.08,0.61,3.59,0.66,1.73,0.22,1.33,0.2
19.74,-155.05,"THOLEIITIC BASALT [7011] / BASALT [6966] / PICRITE [13124]",6.12,15.5,2.4,12,3.21,1.07,3.39,0.563,3.13,0.69,1.53,0.209,1.28,0.183
19.74,-155.05,"THOLEIITIC BASALT [7011] / BASALT [6966] / PICRITE [13124]",7.64,19.3,2.95,13.7,3.67,1.23,3.94,0.646,3.64,0.7,1.75,0.251,1.46,0.218
19.74,-155.05,"THOLEIITIC BASALT [7011] / BASALT [6966] / PICRITE [13124]",7.95,19.3,2.95,14,3.64,1.24,3.88,0.634,3.54,0.71,1.77,0.251,1.51,0.207
19.74,-155.05,"THOLEIITIC BASALT [7011] / BASALT [6966] / PICRITE [13124]",8.08,20.5,3.18,14.9,4.14,1.38,4.42,0.71,3.91,0.751,1.88,0.269,1.58,0.219
19.74,-155.05,"THOLEIITIC BASALT [7011] / BASALT [6966] / PICRITE [13124]",4.13,11.1,1.65,7.68,2.22,0.745,2.42,0.386,2.18,0.416,1.09,0.148,0.884,0.127
19.74,-155.05,"PICRITE [154] / THOLEIITIC BASALT [92]",7.57,18.77,2.93,14.51,3.99,1.45,4.68,0.73,4.37,0.82,2.16,0.3,1.75,0.24
