"LATITUDE.MIN","LONGITUDE.MIN","ROCK.NAME","LA.PPM.","CE.PPM.","PR.PPM.","ND.PPM.","SM.PPM.","EU.PPM.","GD.PPM.","TB.PPM.","DY.PPM.","HO.PPM.","ER.PPM.","TM.PPM.","YB.PPM.","LU.PPM."
59,7.5,"GRANODIORITE [19967]",190,382,53.7,199,33.1,6.1,19.3,2.45,13.91,2.91,6.7,1.02,5.72,0.82
58,7,"GRANODIORITE [19967]",81,168,23.7,99,20,5.9,17.2,2.56,13.03,3.02,7.25,0.99,5.9,0.78
58,7,"GRANODIORITE [19967]",65,144,18,82,15.6,4.5,13,1.91,11.2,2.6,5.8,0.86,5.2,0.75
58,7,"GRANODIORITE [19968]",107,226,30,124,24.7,5.23,22,3,16,3.4,8.5,1.25,7.9,1
58,7,"GRANODIORITE [19968]",117,236,31,127,24.6,4.8,20,2.7,15,3.2,8,1.07,7.3,1
58,7,"GRANODIORITE [19968]",87,204,26.7,112,21.8,4.42,19,2.8,15,3.2,8,1.05,6.8,1
58,7,"GRANODIORITE [19968]",110,246,32,130,24.3,4.81,21,3.1,17,3.7,8.9,1.23,7.7,1.2
58,7,"GRANODIORITE [19968]",93,219,29,116,21.7,4.45,19,2.9,16,3.4,8.4,1.17,7.5,1.1
58,7,"GRANODIORITE [19968]",80,185,23.8,102,20.5,4.82,18,2.8,15,3.4,8.2,1.09,7.4,1.1
58,7,"GRANODIORITE [19968]",96,222,29,120,22.8,4.81,20,3,16,3.5,8.6,1.2,7.5,1.1
58,7,"GRANODIORITE [19968]",151,310,40,163,32,6.26,31,3.9,21,4.2,10.7,1.62,10.1,1.3
58,7,"GRANODIORITE [19968]",75,167,21.9,93,19.1,4.25,17,2.7,15,3.3,8.2,1.13,7.4,1.1
58,7,"GRANODIORITE [19968]",87,180,22.9,94,19.3,4.34,17,2.5,13,2.6,6.9,0.99,6.2,0.9
58,7,"GRANODIORITE [19968]",112,224,28,117,23.2,4.68,22,3.2,17,3.6,9.3,1.3,8.1,1.2
58,7,"GRANODIORITE [19968]",123,249,33,129,24.2,5.3,22,2.5,14,2.9,7.1,1.01,6.6,0.9
58,7,"GRANODIORITE [19968]",101,213,26.4,105,20.2,4.65,18,2.6,13,2.5,6.6,1.02,6.2,0.9
58,7,"GRANODIORITE [19968]",103,216,28,122,24.1,4.78,22,3.2,17,3.5,9.3,1.46,8.7,1.3
58,7,"GRANODIORITE [19968]",104,209,26.5,114,24.4,3.88,25,3.7,21,4.4,11.5,1.61,9.6,1.4
58,7,"GRANODIORITE [19968]",95,196,25.3,104,20.8,4.3,21,2.8,16,3.3,8.3,1.17,7.4,1.1
58,7,"GRANODIORITE [19968]",104,214,27,107,21.8,4.56,19,2.5,14,2.6,7,0.98,6.4,0.8
58,7,"GRANODIORITE [19968]",125,246,31,124,23,4.69,23,2.8,14,2.6,6.9,0.96,6.4,0.8
58,7,"GRANODIORITE [19968]",102,198,25.2,105,20.3,4.43,20,2.8,15,3.2,8.4,1.21,7.7,1
58,7,"GRANODIORITE [19968]",79,170,21.9,94,18.8,5.01,17,2.9,15,3.3,8.2,1.19,7.7,1.2
58,7,"GRANODIORITE [19968]",79,182,21.7,88,17.8,3.63,14,2.2,12,2.5,6.1,0.89,5.5,0.8
58,7,"GRANODIORITE [19968]",114,228,28,111,21,4.74,18,2.2,12,2.5,6.4,0.91,5.9,0.8
58,7,"GRANODIORITE [19968]",89,192,25.2,104,20.4,4.04,19,2.4,14,2.7,7.1,1.06,6.7,1
58,7,"GRANODIORITE [19968]",76,155,20,89,17.4,4.89,17,2.4,12,2.3,6.1,0.85,5,0.7
58,7,"GRANODIORITE [19968]",133,259,33,129,23.4,4.14,21,2.5,14,2.8,7.1,1.04,6.7,1
58,7,"GRANODIORITE [19968]",88,210,26.1,110,22.9,5.72,20,2.9,15,3.2,7.4,1.07,6.4,0.9
58,7,"GRANODIORITE [19968]",99,221,29,111,20.5,3.97,18,2.7,15,3.3,8.2,1.14,7.6,1.1
58,7,"GRANODIORITE [19968]",81,185,23.5,98,18.3,3.85,16,2.4,13,2.8,6.7,0.92,6.1,0.9
58,7,"GRANODIORITE [19968]",87,182,23.8,101,19.9,3.96,19,2.8,15,3.2,8.2,1.1,7,1
58,7,"GRANODIORITE [19968]",96,188,22.3,88,16.8,3.61,15,2.2,11,2.4,5.9,0.83,5.6,0.8
58,7,"GRANODIORITE [19968]",86,200,26,105,19.1,3.9,16,2.6,14,3,7.5,1.07,6.8,1
34.9689,132.4681,"GRANODIORITE, HORNBLENDE [19747]",16,34.8,3.94,15.2,3.29,0.858,3.35,0.55,3.35,0.7,2.04,0.324,2.34,0.329
35.0044,132.4236,"GRANODIORITE, BIOTITE-HORNBLENDE [19747]",18.3,40.3,4.98,19.6,4.49,0.919,4.42,0.73,4.49,0.94,2.73,0.431,3,0.427
35.7886,46.0936,"GRANODIORITE [20452]",11.9,25.6,3.37,13.6,3.51,1.09,4.41,0.68,4.53,0.89,3.04,0.44,2.88,0.45
35.7886,46.0936,"GRANODIORITE [20452]",20.3,41.8,4.76,17.4,3.97,1.08,5.11,0.82,5.9,1.17,3.87,0.61,3.9,0.64
35.7886,46.0936,"GRANODIORITE [20452]",10.6,26.6,3.44,13.9,3.94,1.14,4.98,0.84,5.77,1.17,3.87,0.57,3.73,0.61
35.7886,46.0936,"GRANODIORITE [20452]",16,34,4.25,16.7,4.33,1.18,5.22,0.83,5.49,1.06,3.5,0.51,3.37,0.52
30,96,"GRANODIORITE [16208]",37.2,73,8.38,28.1,5.4,0.84,4.81,0.81,4.87,0.98,3,0.45,3.09,0.44
30,96,"GRANODIORITE [16208]",33.7,63.7,7.41,26.3,4.92,1.05,4.62,0.73,4.36,0.9,2.63,0.42,2.64,0.43
49,121,"GRANODIORITE [18803]",10.14,23.28,2.79,11.26,2.243,0.6877,2.168,0.3048,1.696,0.3618,0.99,0.14,0.982,0.1632
49,121,"GRANODIORITE [18803]",10.27,24.89,3.217,13.39,2.893,0.8471,2.872,0.4405,2.593,0.5481,1.582,0.229,1.593,0.2501
49,121,"GRANODIORITE [18803]",10.03,21.81,2.618,10.8,2.251,0.6688,2.064,0.3052,1.734,0.3617,1.017,0.1492,1.03,0.1595
49,121,"GRANODIORITE [18803]",8.73,18.7,2.215,8.83,1.749,0.5798,1.612,0.2354,1.298,0.2744,0.748,0.1143,0.782,0.1291
-78.283186,162.79195,"GRANODIORITE, HORNBLENDE [20561]",16.8,29.1,3.51,12.6,3.07,0.72,2.98,0.61,4.1,0.93,2.93,0.54,3.13,0.39
-78.372389,163.066303,"GRANODIORITE [20561]",61.9,128.5,14.55,51.5,9.89,1.23,7.31,0.99,5.17,0.9,2.35,0.33,1.76,0.27
-80.449296,156.730319,"GRANODIORITE, HORNBLENDE [20561]",38.5,69.8,7.68,28.1,4.54,1.16,3.42,0.51,2.57,0.48,1.31,0.2,1.24,0.21
-80.418003,156.290648,"GRANODIORITE [20561]",80,150.5,16.65,64,10.35,1.36,7.66,0.95,4.57,0.8,2.05,0.24,1.53,0.21
43,24,"GRANODIORITE [20127]",30.27,57.86,6.47,26.61,4.96,1.14,4.47,0.67,3.82,0.81,2.36,0.3,2.18,0.32
43,24,"GRANODIORITE [20127]",23.29,39.75,3.89,14.14,2.58,0.67,2.18,0.33,1.78,0.41,1.18,0.21,1.64,0.27
43,24,"GRANODIORITE [20127]",70.47,119.95,12.63,45.81,7.88,1.63,6.21,0.77,3.44,0.8,1.96,0.35,2.79,0.46
43,24,"GRANODIORITE [20127]",59.26,104.2,10.03,40.08,6.39,1.61,5.29,0.68,4.14,0.76,2.31,0.37,4.33,0.57
42.3,8.7,"GRANODIORITE [20589]",27,61.8,8.33,35.5,8.49,2.59,8.52,1.33,7.93,1.6,4.44,0.64,3.88,0.55
42.3,8.7,"GRANODIORITE [20589]",26.2,56.4,6.99,27.7,6.37,1.46,6.39,1.01,6.17,1.24,3.51,0.5,3.21,0.45
25,99,"GRANODIORITE [20652]",36,73.1,8.26,31.3,6.14,1.08,6.03,0.9,5.46,1.1,3.18,0.48,3.2,0.47
32.33,84,"GRANODIORITE [20800]",50,98.4,11.2,42.4,7.59,1.88,5.92,0.79,4.29,0.78,2.14,0.3,2.03,0.3
32.33,84,"GRANODIORITE [20800]",46.8,92,10.6,40.4,7.34,1.89,6.01,0.79,4.26,0.77,2.05,0.29,1.91,0.28
32.33,84,"GRANODIORITE [20800]",42.3,84.5,9.8,37.3,7.02,1.81,5.71,0.79,4.11,0.74,1.97,0.28,1.83,0.28
32.33,84,"GRANODIORITE [20800]",54.1,107,12.2,45.9,8.25,1.94,6.4,0.85,4.43,0.79,2.08,0.3,1.98,0.29
32.33,84,"GRANODIORITE [20800]",39.7,78.1,9.02,34.3,6.59,1.62,5.48,0.79,4.49,0.85,2.43,0.37,2.56,0.39
32.33,84,"GRANODIORITE [20800]",63.9,126,14.3,53.8,9.65,2.12,8.34,1.24,7.18,1.37,3.79,0.55,3.67,0.54
32.33,84,"GRANODIORITE [20800]",46.4,91.6,10.6,40.4,7.52,1.92,6.02,0.8,4.22,0.75,2,0.28,1.78,0.26
32.33,84,"GRANODIORITE [20800]",59.2,116,13.2,50.1,9.17,2.18,7.24,0.97,5.2,0.95,2.55,0.36,2.31,0.33
32.33,84,"GRANODIORITE [20800]",29.5,60.7,6.91,27,5.74,1.18,5.67,0.91,5.49,1.1,3.17,0.47,3.22,0.48
32.33,84,"GRANODIORITE [20800]",44.1,89.9,10.7,41.5,8.5,1.61,8.13,1.27,7.48,1.46,4.06,0.57,3.74,0.54
32.33,84,"GRANODIORITE [20800]",32.3,64.1,7.56,29.4,6.03,1.25,5.93,0.95,5.82,1.17,3.33,0.49,3.34,0.5
32.33,84,"GRANODIORITE [20800]",29.3,57.8,6.74,26.2,5.43,1.22,5.33,0.86,5.13,1.02,2.93,0.42,2.93,0.44
32.33,84,"GRANODIORITE [20800]",27.6,54.9,6.46,25.1,5.36,1.28,5.32,0.84,5.14,1.04,3,0.44,3.01,0.44
32.33,84,"GRANODIORITE [20800]",29.8,60.2,7.17,28.5,6.17,1.18,6.15,1.03,6.22,1.23,3.55,0.53,3.59,0.53
32.33,84,"GRANODIORITE [20800]",29.8,59.5,6.92,27.2,5.69,1.19,5.74,0.9,5.47,1.08,3.15,0.46,3.09,0.46
32.33,84,"GRANODIORITE [20800]",27.2,55.4,6.42,25.1,5.44,1.12,5.42,0.88,5.36,1.06,3.09,0.44,3.02,0.45
32.33,84,"GRANODIORITE [20800]",26.5,54,6.23,24.6,5.28,1.17,5.21,0.84,5.08,1.01,2.9,0.42,2.82,0.43
32.33,84,"GRANODIORITE [20800]",29.9,61.1,7.2,28.4,6.08,1.19,5.88,0.94,5.68,1.13,3.19,0.47,3.14,0.46
32,91,"GRANODIORITE [20831]",75.6,134,14,49.6,7.71,1.34,7.31,1.02,5.15,0.98,2.46,0.47,2.67,0.4
32,91,"GRANODIORITE [20831]",27.3,61.8,5.84,21.9,3.93,0.85,3.75,0.53,2.85,0.56,1.44,0.28,1.53,0.21
32,91,"GRANODIORITE [20831]",53.6,101,11.3,42.3,7.73,1.97,7.28,1.04,5.86,1.16,2.96,0.55,2.96,0.44
32,91,"GRANODIORITE [20831]",51.9,100,11.1,42.2,7.4,1.89,7.06,1.09,5.77,1.1,2.83,0.52,3.11,0.48
32,91,"GRANODIORITE [20831]",52.4,97.4,10.8,41.3,7.3,1.89,6.96,1.02,5.56,1.06,2.64,0.52,2.95,0.44
32,91,"GRANODIORITE [20831]",43.2,84,8.23,29.5,5.06,1.1,5.26,0.76,4.16,0.85,2.08,0.41,2.17,0.32
32.1008,90.7454,"GRANODIORITE [20831]",31.3,57.7,5.89,21.2,3.7,0.87,3.55,0.52,2.74,0.51,1.28,0.23,1.33,0.21
9.357746,-79.325532,"GRANODIORITE [20839]",8.36,23.5,2.98,13.9,3.84,1.17,4.43,0.79,5.42,1.23,3.77,0.58,4.02,0.64
9.357746,-79.325532,"GRANODIORITE [20839]",7.68,20.8,2.52,11.5,3.25,1.05,4.05,0.74,5.14,1.15,3.41,0.52,3.48,0.56
9.35379,-79.466275,"GRANODIORITE [20839]",4.94,11,1.64,7.97,2.14,0.83,2.43,0.38,2.39,0.51,1.5,0.22,1.5,0.24
8.544287,-81.060383,"GRANODIORITE [20839]",15.58,29.47,3.9,15.78,3.38,0.78,3.35,0.56,3.76,0.8,2.41,0.36,2.4,0.37
8.868359,-82.558948,"GRANODIORITE [20839]",15.57,29.67,4.17,17.88,4.09,1.4,4.21,0.64,3.81,0.78,2.22,0.3,1.97,0.29
8.409409,-81.476729,"GRANODIORITE [20839]",24.48,46.38,5.6,21.02,4.06,0.9,3.79,0.53,3.13,0.63,1.78,0.26,1.78,0.26
8.4075,-81.52654,"GRANODIORITE [20839]",21.17,37.77,4.61,17.17,3.15,0.86,2.73,0.36,2.03,0.4,1.11,0.15,1.06,0.16
8.611976,-80.556501,"GRANODIORITE [20839]",6.45,11.59,1.36,5.2,1.02,0.43,1.07,0.15,0.89,0.19,0.57,0.08,0.56,0.09
9.0191,-82.30761,"GRANODIORITE [20839]",48.63,80.86,11.75,45.11,7.82,1.99,6.39,0.85,4.84,0.93,2.55,0.38,2.51,0.35
9.0191,-82.30761,"GRANODIORITE [20839]",42.41,78.18,9.4,34.53,5.74,1.54,4.65,0.57,3.05,0.58,1.6,0.23,1.54,0.23
8.982571,-82.23286,"GRANODIORITE [20839]",34.5,63.62,8.76,31.86,5.4,1.12,4.19,0.56,3.04,0.59,1.62,0.23,1.56,0.23
8.461582,-81.237172,"GRANODIORITE [20839]",20.96,42.18,5.52,21.83,4.72,0.84,4.64,0.74,4.59,0.96,2.9,0.41,2.85,0.43
42,81,"GRANODIORITE [20934]",15.7,29.5,3.38,13.4,2.57,0.706,2.02,0.341,1.93,0.415,1.15,0.187,1.3,0.204
12.417,78.533,"GRANODIORITE [21090]",29,49,4.2,13,1.5,1.7,1.3,0.13,0.64,0.14,0.43,0.06,0.43,0.08
29.058,57.5825,"GRANODIORITE [21091]",8.8,18.3,2.15,8.6,2.03,0.7,2.06,0.37,2.03,0.44,1.38,0.22,1.62,0.25
-10,-51.5,"GRANODIORITE [21156]",35.4,53.3,4.9,13.3,1.87,0.48,1.53,0.2,1.03,0.2,0.73,0.12,0.89,0.14
22,113,"GRANODIORITE [21159]",33.1,64.5,8.36,31.5,6.86,1.41,6.62,1.09,6.51,1.3,3.55,0.52,3.1,0.47
22,113,"GRANODIORITE [21159]",36.2,73.4,8.97,33.3,7.06,1.48,6.69,1.11,6.88,1.37,3.75,0.55,3.33,0.48
22,113,"GRANODIORITE [21159]",36.5,74.5,9.34,35.5,8.11,1.55,7.83,1.31,7.93,1.62,4.35,0.64,3.93,0.58
22,113,"GRANODIORITE [21159]",39.8,79.3,9.56,35.7,7.74,1.54,7.43,1.2,7.21,1.43,3.76,0.55,3.3,0.48
22,113,"GRANODIORITE [21159]",38.1,76.3,9.44,35.7,7.82,1.56,7.58,1.24,7.47,1.49,4.03,0.57,3.5,0.5
22,113,"GRANODIORITE [21159]",29.6,59.9,7.48,28.3,6.35,1.43,6.17,0.99,6.03,1.21,3.23,0.46,2.88,0.42
22,113,"GRANODIORITE [21159]",35.5,70.8,8.35,32.4,6.74,1.29,6.31,1.04,6.62,1.36,3.83,0.56,3.48,0.52
22,113,"GRANODIORITE [21159]",36.5,68.7,8.62,33.7,7.09,1.42,6.67,1.09,6.73,1.33,3.6,0.51,3.07,0.46
28.096,114.311,"GRANODIORITE [21167]",22.4,43,5.25,20.2,4.35,0.94,3.69,0.59,3.32,0.68,1.82,0.28,1.78,0.25
48.5,95.5,"GRANODIORITE, HORNBLENDE [21194]",20,38,4.4,14.32,2.64,0.94,2.7,0.4,2.1,0.4,1.16,0.19,1.15,0.18
48.5,95.5,"GRANODIORITE, HORNBLENDE [21194]",23,44,4.8,17.68,3.25,0.8,3.1,0.42,2.4,0.48,1.23,0.21,1.37,0.2
22.9537,103.0856,"GRANODIORITE [21224]",7.54,13.62,1.67,6.83,1.5,0.54,1.43,0.22,1.25,0.24,0.69,0.09,0.6,0.09
61,24,"GRANODIORITE [21225]",47.7,103,13.1,52.1,9.7,1.9,7.9,1.1,5.9,1.2,3.2,0.4,2.7,0.4
70,172,"GRANODIORITE [21226]",37.63,69.31,7.75,27.18,4.39,0.77,3.52,0.5,2.87,0.58,1.65,0.26,1.8,0.27
70,172,"GRANODIORITE [21226]",31.55,64.5,7.09,25.76,4.75,0.86,4.23,0.62,3.52,0.67,1.96,0.29,2.02,0.29
70,172,"GRANODIORITE [21226]",52.6,95.8,11.2,39.1,6.4,1.2,4.7,0.68,3.7,0.71,2.1,0.3,2.1,0.32
70,172,"GRANODIORITE [21226]",46.8,101,10.1,35,5.6,0.95,4.2,0.61,3.2,0.65,1.8,0.26,1.8,0.28
70,172,"GRANODIORITE [21226]",33.4,67.4,7.1,26,4.5,0.8,3.7,0.51,2.9,0.56,1.7,0.25,1.8,0.27
70,172,"GRANODIORITE [21226]",48.6,84.2,9.7,33.3,5.5,1,4,0.58,3.3,0.67,2,0.28,1.9,0.3
70,172,"GRANODIORITE [21226]",42.2,74,9.3,33.2,5.3,0.8,4.3,0.6,3.4,0.64,1.9,0.28,2,0.31
70,172,"GRANODIORITE [21226]",33.11,64.6,6.81,25.8,4.57,0.69,3.54,0.51,2.87,0.57,1.69,0.26,1.75,0.27
70,172,"GRANODIORITE [21226]",45.91,85.14,9.13,31.93,5.12,0.87,4.23,0.6,3.21,0.63,1.88,0.28,1.95,0.3
70,172,"GRANODIORITE [21226]",33.65,57.56,7.46,26.78,4.62,0.96,3.65,0.52,2.97,0.59,1.78,0.26,1.79,0.28
70,172,"GRANODIORITE [21226]",24.76,52.35,5.68,21.12,3.94,0.76,3.52,0.52,2.96,0.59,1.74,0.25,1.76,0.28
70,172,"GRANODIORITE [21226]",35.7,73.1,7.7,28.2,4.85,0.79,4,0.57,3.4,0.69,2,0.3,2.1,0.32
70,172,"GRANODIORITE [21226]",31.65,57.04,6.56,23.62,4.33,0.89,3.83,0.56,3.18,0.65,1.88,0.27,1.86,0.28
69,174,"GRANODIORITE [21226]",148.75,250.85,31.16,108,17.1,2.99,11.81,1.64,8.63,1.59,4.4,0.57,3.61,0.49
69,174,"GRANODIORITE [21226]",15.6,32.94,3.54,12.78,1.9,0.35,1.28,0.17,0.87,0.16,0.5,0.08,0.58,0.1
69,174,"GRANODIORITE [21226]",33.88,68.15,7.28,25.71,4.15,0.6,2.67,0.34,1.55,0.28,0.83,0.12,0.85,0.13
69,174,"GRANODIORITE [21226]",30.58,63.4,6.78,23.95,3.87,0.58,2.67,0.33,1.65,0.3,0.89,0.13,0.86,0.13
45.8651,130.1513,"GRANODIORITE [21227]",44.6,95.4,11,42.3,8.03,1.48,6.35,0.968,4.63,0.709,1.89,0.24,1.46,0.209
45.8651,130.1513,"GRANODIORITE [21227]",39.2,75.9,9.92,40.1,8.61,1.34,7.41,1.15,5.69,0.955,2.67,0.376,2.43,0.326
45.8652,130.2866,"GRANODIORITE [21227]",54.7,104,13.6,54,9.98,1.98,7.7,1.06,4.81,0.677,1.87,0.224,1.41,0.188
45.6971,130.0032,"GRANODIORITE [21227]",34.8,66.2,8.44,33.7,6.32,1.66,5.18,0.748,3.98,0.64,1.77,0.251,1.72,0.238
45.6971,130.0032,"GRANODIORITE [21227]",37.2,73.6,9.13,36,6.95,1.51,5.74,0.877,4.28,0.653,1.76,0.265,1.5,0.252
45.6971,130.0032,"GRANODIORITE [21227]",36.8,72.9,9.05,36.3,6.72,1.75,5.71,0.811,4.18,0.635,1.98,0.29,1.68,0.239
45.6971,130.0032,"GRANODIORITE [21227]",44.1,79.4,9.14,33.4,5.45,1.34,4.42,0.653,3.31,0.595,1.57,0.241,1.55,0.243
45.4195,130.1163,"GRANODIORITE [21227]",36.7,68.3,8.89,35.1,6.76,1.56,5.26,0.799,3.77,0.56,1.61,0.213,1.36,0.21
45.4195,130.1163,"GRANODIORITE [21227]",53.5,99.6,12.4,46.8,7.09,1.69,5.23,0.584,2.56,0.52,1.44,0.264,1.57,0.254
45.4195,130.1163,"GRANODIORITE [21227]",40.2,80.8,9.36,35,5.64,1.65,4.02,0.506,2.35,0.379,1.18,0.19,1.24,0.209
45.4195,130.1163,"GRANODIORITE [21227]",38.1,76.1,9.47,37,6.78,1.44,5.01,0.74,3.33,0.533,1.47,0.23,1.26,0.202
45.5093,130.6135,"GRANODIORITE [21227]",22,41.9,5.26,19.1,3.43,1.09,3.44,0.412,1.73,0.351,0.968,0.156,1.05,0.163
45.5093,130.6135,"GRANODIORITE [21227]",21.9,48.9,6.85,30.6,8.2,1.6,8.96,1.33,6.46,1.1,2.63,0.401,2.17,0.256
45.5093,130.6135,"GRANODIORITE [21227]",33.2,66.4,8.55,34.5,7.03,1.6,6.91,0.877,3.97,0.728,1.71,0.241,1.31,0.168
45.5093,130.6135,"GRANODIORITE [21227]",29.5,60.8,7.99,33.6,7.68,1.88,7.81,1.1,4.54,0.869,2.15,0.304,1.54,0.183
45.5093,130.6135,"GRANODIORITE [21227]",32.5,69.1,10.3,49.1,14.9,2.12,16.9,2.33,12.2,2.14,5.26,0.713,4.54,0.565
49.1351,16.5318,"GRANODIORITE, BIOTITE-AMPHIBOLE [21229]",60.4,103.2,10.47,31.3,3.67,1.19,2.28,0.3,1.58,0.27,0.68,0.11,0.92,0.13
31,119,"GRANODIORITE [21235]",21.9,48.5,5.35,22,4.38,1.22,3.98,0.65,3.98,0.79,2.17,0.34,2.32,0.32
31,119,"GRANODIORITE [21235]",23,50.5,5.59,23.1,4.74,1.21,4.17,0.7,4.27,0.86,2.32,0.37,2.55,0.35
31,119,"GRANODIORITE [21235]",25.1,56.1,6.2,25.3,5.15,1.31,4.61,0.74,4.5,0.9,2.46,0.4,2.67,0.37
31,119,"GRANODIORITE [21235]",19.7,46,5.31,22.5,4.72,1.29,4.21,0.71,4.29,0.86,2.32,0.36,2.44,0.33
31,119,"GRANODIORITE [21235]",22.3,51.2,5.76,24.2,4.91,1.24,4.3,0.71,4.4,0.9,2.41,0.38,2.64,0.36
31,119,"GRANODIORITE [21235]",25.8,56.9,6.23,25.6,4.96,1.28,4.48,0.72,4.43,0.9,2.4,0.38,2.46,0.36
38,102,"GRANODIORITE [21236]",42.5,89,8.2,28,4.39,1.1,3.27,0.41,2.2,0.41,1.12,0.17,1.14,0.18
38,102,"GRANODIORITE [21236]",51.7,104,9.3,31.5,4.54,1.14,3.4,0.42,2.23,0.43,1.16,0.19,1.15,0.18
38,102,"GRANODIORITE [21236]",41.7,89,8.8,30.8,4.85,1.23,3.6,0.46,2.42,0.47,1.28,0.2,1.32,0.19
38,102,"GRANODIORITE [21236]",36.6,78,7.3,25.4,4.02,1.04,2.98,0.39,1.97,0.38,0.99,0.17,1.04,0.17
38,102,"GRANODIORITE [21236]",43.54,84.1,8.43,28.86,4.61,1.13,3.32,0.42,2.26,0.42,1.14,0.19,1.16,0.18
38,102,"GRANODIORITE [21236]",9.25,18.4,2.11,8.3,1.65,0.55,1.48,0.2,1.04,0.21,0.62,0.09,0.61,0.1
38,102,"GRANODIORITE [21236]",7.5,15.4,1.84,7.59,1.7,0.57,1.51,0.23,1.26,0.26,0.73,0.1,0.71,0.11
38,102,"GRANODIORITE [21236]",9.19,18.2,2.18,8.49,1.69,0.56,1.6,0.25,1.28,0.25,0.77,0.12,0.81,0.14
38,102,"GRANODIORITE [21236]",8.05,16.6,2.01,8.3,1.77,0.59,1.75,0.26,1.44,0.3,0.91,0.13,0.96,0.14
38,102,"GRANODIORITE [21236]",15.37,30.4,3.42,12.72,2.24,0.64,2.09,0.28,1.48,0.31,0.84,0.12,0.84,0.13
38,102,"GRANODIORITE [21236]",7.22,15.4,1.93,8.31,1.94,0.65,1.87,0.29,1.74,0.32,0.94,0.15,0.93,0.15
38,102,"GRANODIORITE [21236]",61.68,149.4,16.53,63.15,10.34,2.12,7.5,1,5.32,0.89,2.23,0.3,1.9,0.28
38,102,"GRANODIORITE [21236]",72.3,171.5,18.13,64.7,9.65,2.24,7.05,0.9,4.66,0.83,2.11,0.3,1.94,0.28
38,102,"GRANODIORITE [21236]",69.3,159.7,17.57,59.3,8.98,1.74,5.97,0.89,4.74,0.88,2.41,0.35,2.55,0.35
38,102,"GRANODIORITE [21236]",53.6,146.5,16.28,57.6,8.68,1.62,6.77,0.9,4.8,0.83,2.42,0.36,2.41,0.36
27,33,"GRANODIORITE, BIOTITE [21247]",28.0825301819729,62.0438649819019,7.92810472657835,35.4054903916856,7.75610916036931,2.50134765868812,5.92483572225506,0.979121610978599,5.53990821455807,1.08908797076121,3.07101088327374,0.436914743750923,2.84577985547959,0.370538993582606
27,33,"GRANODIORITE, BIOTITE [21247]",41.7516689845713,73.7373015749239,7.42019885004509,27.4774149758512,3.9017361024373,0.836281289656078,3.40868657483544,0.418848186553172,2.20753883009252,0.473948297876996,1.32892231886146,0.175745601767509,0.850458154533233,0.158183623150474
27,33,"GRANODIORITE, BIOTITE [21247]",39.8508283628259,71.1714200405891,7.3798968297767,25.9652174467753,4.10058397547706,1.15327446987316,2.55713607788518,0.34544673203856,2.52178912955064,0.431548678826614,1.41979831041968,0.22925018015262,1.47565256825539,0.256081419482345
27,33,"GRANODIORITE, BIOTITE [21247]",36.5911526019919,83.8822399472957,9.76342905011398,39.0574067251717,7.36865976608239,1.90507443241834,5.2088702980004,0.754760981082067,4.53236610994864,0.899118428530782,2.81481608669934,0.391881484427521,2.28028310841967,0.423647076997754
27,33,"GRANODIORITE, BIOTITE [21247]",24.5304732048367,53.3362064569528,6.33140007170016,25.6399456509188,4.52081295512818,1.47421795068561,3.87456316331928,0.488000028255552,2.60473607968005,0.525566376077984,1.50321736273346,0.196254094408277,1.16441425981624,0.234789056148782
27,33,"GRANODIORITE, BIOTITE [21247]",30.1596289406219,65.3377135690349,7.61053992107807,30.9925591917633,6.59916480519366,1.72272200116064,5.08274683443646,0.674578485696554,4.08117812543177,0.825747693567225,2.38835284290059,0.311117786407087,2.04376846739234,0.357428982647546
27,33,"GRANODIORITE, BIOTITE [21247]",29.9701269692057,63.4581432463663,7.64275430967379,32.3714658190952,6.29623187282904,1.88299967648958,5.59441989968542,0.695825299976042,4.63586966815242,0.867741581033055,2.37331235001873,0.329328183565179,2.42977411576922,0.427653983677663
27,33,"GRANODIORITE, BIOTITE [21247]",30.9566180281051,67.190881032406,8.38150668484717,32.7489288913068,6.26266291300006,1.58362644319821,5.65241801582094,0.85510909836873,4.85032611456834,0.865107632946763,2.6823023866108,0.409448599418715,2.54160397947663,0.437939159034593
27,33,"GRANODIORITE [21247]",34.2247750436117,75.2306102130119,9.58022571659844,40.0925529008481,8.1213984006958,1.7954311803156,6.90896943913461,0.996344394086095,5.75034124918919,1.02093553432726,3.55380070839353,0.444621026362545,2.89878897887706,0.350732011567076
27,33,"GRANODIORITE [21247]",34.2646481610467,71.7808484317905,9.05092775555747,39.6810195674489,8.36053125380229,2.22182468583561,7.70259084762846,0.94529979985854,5.90285303606995,1.1559515873778,3.15376073362567,0.477413625168752,2.87375830899732,0.4040660061577
34,111,"GRANODIORITE [21248]",24.2,50.6,5.97,22.9,3.92,0.95,3.17,0.45,2.51,0.47,1.27,0.21,1.21,0.23
34,111,"GRANODIORITE [21248]",20.6,40.9,4.91,19.7,3.37,0.95,2.68,0.37,1.99,0.37,1.08,0.16,0.97,0.18
34,111,"GRANODIORITE [21248]",23.7,45.4,5.27,20.1,3.23,0.93,2.41,0.31,1.78,0.35,0.93,0.14,1.03,0.17
34,111,"GRANODIORITE [21248]",19.2,39.4,4.87,19.7,3.39,0.99,2.5,0.35,1.83,0.34,0.98,0.16,0.93,0.16
34,111,"GRANODIORITE [21248]",22.2,44.4,5.45,21.5,3.88,1.04,2.66,0.36,1.85,0.36,1.07,0.15,1.02,0.16
34,111,"GRANODIORITE [21248]",17.1,36.4,4.65,18.4,3.39,0.97,2.75,0.39,2.15,0.46,1.22,0.2,1.33,0.23
34,111,"GRANODIORITE [21248]",10.7,20.4,3.69,15.2,3.17,0.86,2.5,0.39,1.95,0.39,1.2,0.18,1.21,0.19
34,111,"GRANODIORITE [21248]",20.4,33.7,5.18,19.8,3.75,1.01,3.06,0.44,2.04,0.4,1.22,0.17,1.11,0.17
34,111,"GRANODIORITE [21248]",11.9,21.5,3.77,15.6,3,0.89,2.36,0.34,1.59,0.32,0.99,0.14,0.94,0.15
34,111,"GRANODIORITE [21248]",17.5,27.3,4.47,17.2,3.21,0.94,2.56,0.37,1.7,0.33,1.02,0.15,0.97,0.15
34,111,"GRANODIORITE [21248]",17.1,27.5,4.11,15.7,2.74,0.82,2.22,0.31,1.41,0.28,0.86,0.11,0.76,0.12
25.9719,98.712,"GRANODIORITE [21250]",38.2,73.4,7.55,26.3,4.85,1.11,4.73,0.68,4.05,0.8,2.35,0.32,2.15,0.31
25.9719,98.712,"GRANODIORITE [21250]",36.4,69.1,7.46,25,4.75,1.07,4.6,0.68,4.2,0.81,2.44,0.33,2.14,0.32
25.9719,98.712,"GRANODIORITE [21250]",34.9,67.9,7.01,24.6,4.72,1.05,4.26,0.63,3.92,0.74,2.19,0.31,1.97,0.3
25.9593,98.72,"GRANODIORITE [21250]",49.3,85.7,9.03,29.4,4.69,1.11,4.32,0.56,3.09,0.63,1.77,0.24,1.6,0.23
25.9593,98.72,"GRANODIORITE [21250]",43.1,82.9,8.95,31.5,6.32,1.37,6.15,0.83,4.67,0.94,2.67,0.37,2.41,0.33
25.9593,98.72,"GRANODIORITE [21250]",40.4,76.2,8.34,28.8,5.52,1.28,5.53,0.73,4.18,0.82,2.37,0.33,2.1,0.3
29.562,94.576,"GRANODIORITE [21277]",41.7406456216053,81.2346205139579,9.35913504753009,34.6359833758825,5.77556933718131,1.24503176530966,4.52386150307806,0.703576184283969,4.07396975343393,0.702649829557979,1.60573685918475,0.1767598678046,0.794165729346049,0.0836550344786092
29.562,94.576,"GRANODIORITE [21277]",45.2172123895675,88.1985723280671,10.2369017755554,38.7315461929133,6.52153176106683,1.13380589248451,5.36978844293071,0.806287675691937,4.23963218985115,0.622223763699693,1.16219115603438,0.111219263213601,0.561711068124728,0.0695056382653824
29.618,94.624,"GRANODIORITE [21277]",35.5647529480387,72.5998746007072,8.47934431899715,31.5062064333453,6.12952720570993,1.2012884328083,5.36242346475572,0.852101858032609,4.79331698836675,0.817248699609972,1.91495120084348,0.228413295408422,1.21201097719034,0.158231983097766
29.612,94.617,"GRANODIORITE [21277]",42.973024794346,80.2717695069602,9.42982286607549,34.0542416395322,4.86804237951245,1.26155179728586,3.15620982018977,0.347682371378316,1.47525566392405,0.236724698894111,0.616793115836586,0.0884045117227822,0.552325852598746,0.0845826511936387
29.612,94.617,"GRANODIORITE [21277]",33.731796614864,68.1840430338886,8.05518166863602,30.59611613361,5.68040495242125,1.37412273156075,4.40396368997917,0.521622600533789,2.34442481689145,0.363810714044045,0.864568976504402,0.11078896383364,0.646047498363003,0.0976348451142443
29.545,94.469,"GRANODIORITE [21277]",41.0451253147572,79.8742364470915,9.07188062137452,33.38000584754,5.12713522745576,1.03187320056667,3.24228311682376,0.356145344500112,1.64681434415978,0.24756680553747,0.63906277098204,0.085311348426624,0.514855884541791,0.0723008653770167
29.639,94.381,"GRANODIORITE [21277]",52.6586793552529,91.0749950980063,9.70773881172629,33.2497461507156,4.75745967131727,1.57530392996007,3.51483530989598,0.42196239266743,2.13462667891669,0.388083094116283,1.0650554359524,0.145442661689366,0.932903397792737,0.140753741150466
29.744,94.286,"GRANODIORITE [21277]",29.6532130756849,58.2986691377671,6.68200618516961,25.4351560262033,4.65780947666662,1.42355473019899,3.88116340932441,0.545881078733233,2.93829682680818,0.568468856042813,1.67120528267806,0.245126881593044,1.53335301651762,0.243039134324243
29,58,"GRANODIORITE [21311]",8.4,19,2.69,11.4,2.58,0.89,2.32,0.37,2.32,0.47,1.41,0.23,1.56,0.27
29,58,"GRANODIORITE [21311]",15.9,34.5,4.61,20.3,4.54,0.92,4.27,0.67,4.31,0.91,2.87,0.41,2.67,0.42
29,58,"GRANODIORITE [21311]",22,44.5,5.47,22.1,4.63,1.02,4.31,0.69,4.38,0.95,2.91,0.45,2.89,0.46
29,58,"GRANODIORITE [21311]",14.2,31.3,4.39,20.5,4.79,1.24,4.9,0.81,5.03,1.04,2.97,0.48,2.88,0.46
29,58,"GRANODIORITE [21311]",20.1,39.1,4.48,17.7,3.69,0.77,3.49,0.58,3.92,0.82,2.58,0.39,2.5,0.4
29,58,"GRANODIORITE [21311]",6.6,15.7,2.35,10.6,3.03,0.82,2.87,0.5,2.98,0.65,1.84,0.31,1.94,0.32
29,58,"GRANODIORITE [21311]",17.8,33.1,3.9,15.1,2.54,0.72,1.9,0.28,1.66,0.33,1,0.14,0.98,0.18
29,58,"GRANODIORITE [21311]",13.2,25,2.88,9.8,1.79,0.58,1.52,0.26,1.53,0.32,0.98,0.17,1.12,0.2
29,58,"GRANODIORITE [21311]",23.8,41.3,4.36,15.2,2.51,0.58,1.93,0.27,1.66,0.36,1.04,0.17,1.14,0.2
29,58,"GRANODIORITE [21311]",14.1,25.1,2.84,10.8,1.7,0.76,1.33,0.19,1.06,0.21,0.68,0.11,0.72,0.13
29,58,"GRANODIORITE [21311]",13.3,25.8,3.09,11.7,2.36,0.71,1.91,0.31,1.73,0.38,1.21,0.18,1.32,0.24
21.8494,78.75,"GRANODIORITE [21319]",45.27,82.13,8.11,28.54,5.33,0.71,4.66,0.78,5.24,0.62,2.2,0.3,3.3,0.55
31.37,-5.79,"GRANODIORITE [21321]",15.1,32.8,4.04,18.35,4.2,1.07,3.82,0.59,3.33,0.72,1.79,0.25,1.73,0.25
31.37,-5.79,"GRANODIORITE [21321]",19,38.3,4.57,18.09,3.83,0.9,3.5,0.5,3.02,0.59,1.78,0.22,1.37,0.22
31.37,-5.79,"GRANODIORITE [21321]",17.5,36.4,4.31,17.98,3.83,0.96,3.52,0.55,2.8,0.68,1.79,0.25,1.51,0.23
31.37,-5.79,"GRANODIORITE [21321]",17.8,34.4,3.87,14.59,3.3,0.89,2.87,0.42,2.68,0.56,1.5,0.2,1.4,0.19
31.37,-5.79,"GRANODIORITE [21321]",19.7,36.8,4.39,18.68,3.65,0.73,3.13,0.43,2.9,0.57,1.65,0.27,1.68,0.25
31.37,-5.79,"GRANODIORITE [21321]",19.1,35.1,4.1,17.2,3.63,0.89,3.73,0.47,2.88,0.61,1.6,0.26,1.91,0.25
31.37,-5.79,"GRANODIORITE [21321]",13.6,26.5,3.34,15.19,3.35,0.8,3.29,0.43,2.97,0.56,1.78,0.27,1.95,0.3
31.37,-5.79,"GRANODIORITE [21321]",12.6,24.6,3.1,12.96,2.79,0.69,2.44,0.42,2.07,0.49,1.35,0.25,1.37,0.23
33,117.5,"GRANODIORITE [21339]",44.6,71.3,6.29,20.6,2.87,0.99,2.57,0.24,1.1,0.2,0.55,0.09,0.54,0.09
33,117.5,"GRANODIORITE [21339]",36.3,58.8,5.59,18.4,2.36,0.79,1.88,0.2,0.91,0.18,0.48,0.07,0.46,0.08
33,117.5,"GRANODIORITE [21339]",36.3,58,5.48,18.4,2.4,0.79,1.93,0.21,0.99,0.2,0.55,0.08,0.52,0.09
32.9517,117.1848,"GRANODIORITE [21344]",42.2,67.8,6.78,23.2,3.31,0.86,2.02,0.25,1.44,0.24,0.58,0.09,0.63,0.09
32.9517,117.1848,"GRANODIORITE [21344]",31.2,50.6,4.97,17.86,2.71,0.72,2.03,0.24,1.13,0.21,0.53,0.08,0.51,0.08
32.9517,117.1848,"GRANODIORITE [21344]",30.3,47.5,4.83,14.52,2.25,0.63,1.44,0.18,1.05,0.17,0.43,0.06,0.41,0.06
32.9517,117.1848,"GRANODIORITE [21344]",33.2,52.2,5.17,13.6,2.15,0.64,1.47,0.19,1.1,0.17,0.46,0.06,0.43,0.06
32.9517,117.1848,"GRANODIORITE [21344]",31.8,52.5,4.99,17.1,2.49,0.71,1.89,0.21,1.03,0.17,0.45,0.07,0.43,0.07
32.9517,117.1848,"GRANODIORITE [21344]",30.7,49.7,4.86,16.7,2.45,0.7,1.87,0.21,1.06,0.17,0.49,0.07,0.47,0.07
32.9517,117.1848,"GRANODIORITE [21344]",31,50.6,4.88,16.8,2.45,0.71,1.87,0.22,1.05,0.17,0.47,0.07,0.45,0.07
32.9346,117.4542,"GRANODIORITE [21344]",28.2,46.4,4.49,13.14,1.89,0.75,1.32,0.16,0.9,0.16,0.42,0.07,0.44,0.07
32.9346,117.4542,"GRANODIORITE [21344]",33.9,55.5,5.3,13.43,1.92,0.77,1.48,0.18,0.98,0.18,0.45,0.07,0.48,0.08
32.9346,117.4542,"GRANODIORITE [21344]",43.2,70.2,6.6,15.3,2.22,0.83,2.34,0.27,1.38,0.24,0.71,0.1,0.72,0.11
32.9346,117.4542,"GRANODIORITE [21344]",38.2,61.9,5.79,19.2,2.57,0.81,2,0.22,1.13,0.2,0.57,0.08,0.55,0.08
32.9346,117.4542,"GRANODIORITE [21344]",47.2,75,7.05,18.85,2.48,0.85,2.24,0.24,1.15,0.2,0.57,0.08,0.58,0.09
32.9346,117.4542,"GRANODIORITE [21344]",36.6,59.3,5.54,18.6,2.48,0.86,1.93,0.21,1.05,0.18,0.51,0.07,0.51,0.08
32.9346,117.4542,"GRANODIORITE [21344]",27.1,44.7,4.45,14.7,2.07,0.61,1.61,0.18,0.92,0.16,0.47,0.07,0.49,0.08
37.65,120.33,"GRANODIORITE [21346]",26.6,47,5.74,20,3.27,0.88,2.85,0.31,1.42,0.26,0.62,0.09,0.54,0.08
37.65,120.33,"GRANODIORITE [21346]",31.9,56.9,6.76,25.7,4,0.95,3.06,0.32,1.43,0.24,0.61,0.08,0.52,0.08
37.65,120.33,"GRANODIORITE [21346]",26.3,47.2,5.58,20.1,3.21,0.95,2.71,0.32,1.49,0.26,0.68,0.1,0.64,0.1
37.65,120.33,"GRANODIORITE [21346]",82.6,145,17.4,58.2,8.5,2.02,6.36,0.61,2.52,0.39,0.9,0.12,0.73,0.11
37.65,120.33,"GRANODIORITE [21346]",109,183,20.9,67.7,8.77,2.15,7.05,0.64,2.48,0.41,1,0.14,0.86,0.13
37.65,120.33,"GRANODIORITE [21346]",109,183,19.9,63.5,9.38,2.05,7.08,0.67,2.73,0.46,1.12,0.16,0.95,0.14
37.65,120.33,"GRANODIORITE [21346]",84.2,147,16.1,89.6,8.4,1.78,5.85,0.54,2.11,0.34,0.85,0.12,0.75,0.11
37.65,120.33,"GRANODIORITE [21346]",14.6,26.6,3.11,10.5,1.9,0.64,1.92,0.23,1.12,0.2,0.5,0.07,0.44,0.07
37.65,120.33,"GRANODIORITE [21346]",15,24.6,2.64,8.8,1.42,0.45,1.05,0.11,0.51,0.09,0.22,0.03,0.19,0.03
37.65,120.33,"GRANODIORITE [21346]",49.4,79,8.36,21,3.4,0.91,2.91,0.27,1.04,0.16,0.38,0.05,0.29,0.04
37.65,120.33,"GRANODIORITE [21346]",21.2,34.9,3.83,11.7,1.9,0.63,1.53,0.14,0.54,0.09,0.21,0.03,0.17,0.03
37.65,120.33,"GRANODIORITE [21346]",34.4,58.7,6.57,23,3.3,0.95,2.6,0.28,1.14,0.18,0.42,0.06,0.34,0.05
30.5,116,"GRANODIORITE [21351]",32.48,53.55,6.58,24.79,3.97,1.19,2.67,0.36,1.76,0.3,0.71,0.1,0.6,0.09
30.5,116,"GRANODIORITE [21351]",24.24,44.99,5.04,17.57,2.77,0.76,1.98,0.3,1.38,0.28,0.72,0.12,0.73,0.11
30.5,116,"GRANODIORITE [21351]",35.35,60.75,7.03,23.74,4.25,0.6,3.72,0.63,4.09,0.86,2.64,0.44,2.85,0.48
40.1583,104.7692,"GRANODIORITE [21357]",20.4,40.1,4.94,18,3.44,0.99,3.21,0.48,2.75,0.58,1.62,0.25,1.62,0.26
40.1583,104.7692,"GRANODIORITE [21357]",29.9,55.3,6.4,22.3,3.86,1.08,3.56,0.52,2.95,0.64,1.75,0.25,1.69,0.27
40.1583,104.7692,"GRANODIORITE [21357]",24.4,47,5.7,20.2,3.71,1.01,3.42,0.51,2.92,0.62,1.74,0.26,1.79,0.28
40.1719,104.7114,"GRANODIORITE [21357]",28.1,50.6,5.72,20.1,3.48,1.15,3.13,0.45,2.53,0.5,1.36,0.2,1.32,0.2
40.1719,104.7114,"GRANODIORITE [21357]",45.6,77.6,7.68,23.2,2.86,1.2,2.41,0.26,1.21,0.23,0.63,0.1,0.68,0.12
40.1719,104.7114,"GRANODIORITE [21357]",35.2,64.2,7.18,24.2,3.98,1.28,3.58,0.49,2.63,0.54,1.43,0.21,1.38,0.21
23.5072,115.3039,"GRANODIORITE [21371]",48.4,95.1,10,36.4,7.27,1.02,5.88,0.9,5.42,1.08,2.74,0.47,3.19,0.48
23.5072,115.3039,"GRANODIORITE [21371]",27.3,55.8,6.28,24.5,6.25,1.03,5.62,0.98,6.26,1.28,3.3,0.57,3.97,0.59
23.6703,115.6928,"GRANODIORITE [21371]",73.3,144,17.3,57.9,10.9,1.14,7.73,1.07,5.72,1.07,2.81,0.41,2.47,0.35
23.4694,115.5631,"GRANODIORITE [21371]",88.4,173,18.2,63.3,12,1.01,9.02,1.32,7.78,1.54,3.91,0.63,4.24,0.65
23.4972,115.2997,"GRANODIORITE [21371]",28.1574844352119,55.6149191730781,6.49756289633648,23.8567743102197,5.37036302865647,0.624813798510388,4.07397249636257,0.583973217465631,3.12140678413668,0.597063735853023,1.60033127177263,0.25,1.66921574099916,0.255168685121107
23.4972,115.2997,"GRANODIORITE [21371]",30.8606188577385,62.7029820861347,6.90471108481583,26.4170538269391,6.23977023411353,0.698770282398351,5.14411238003746,0.828067495220516,4.96593821709738,0.99039201035416,2.47517716685948,0.416170582594798,2.73803343118338,0.412027181997394
23.4972,115.2997,"GRANODIORITE [21371]",28.9838992150748,58.1672859331223,6.57943809549831,24.9702790331078,5.95554024408475,0.677735916724093,4.77995196505093,0.758690307317339,4.43588574241521,0.85568041097282,2.16624471053584,0.359735056328666,2.44066715793261,0.366715796929833
23.5072,115.3039,"GRANODIORITE [21371]",25.0923356900672,49.0345279732101,5.59968273384124,20.0307754718349,4.62335764497117,0.728949431595453,3.54522287449423,0.54567989173018,2.86601895634368,0.547308424531938,1.46930999806025,0.22,1.48166341054982,0.217365916955017
23.4972,115.2997,"GRANODIORITE [21371]",29.8480821966411,59.6717520611049,6.52090484484143,23.9958200721581,5.30078692184092,0.850491594718459,3.98836719406994,0.581960006382866,3.29518882723587,0.609378091367644,1.49383834697862,0.242721262817674,1.6154919050688,0.243411004819052
22.0686,111.7519,"GRANODIORITE [21374]",33.5,61.7,6.96,23.9,4.55,1.06,4.02,0.59,3.51,0.71,2,0.3,1.99,0.32
22.0686,111.7519,"GRANODIORITE [21374]",43.2,83.9,9.82,34.7,7.11,1.26,6.31,0.97,5.9,1.21,3.34,0.5,3.33,0.53
22.0686,111.7519,"GRANODIORITE [21374]",30.9,57.3,6.43,22.1,4.16,1,3.64,0.53,3.24,0.67,1.88,0.3,1.97,0.32
22.0686,111.7519,"GRANODIORITE [21374]",37.9,60.5,6.32,21.1,3.9,0.91,3.41,0.49,3.02,0.62,1.74,0.28,1.82,0.3
22.0686,111.7519,"GRANODIORITE [21374]",34.2,65.6,7.56,26.2,5,1.11,4.39,0.65,3.93,0.8,2.2,0.35,2.26,0.35
28.4039,34.3692,"GRANODIORITE [21381]",37.8,82.5,9.84,36.2,6.9,1.46,5,0.74,3.85,0.8,2.1,0.3,2,0.26
28.3631,34.365,"GRANODIORITE [21381]",27.1,57.5,6.7,26.7,4.75,1.4,4.4,0.64,3.05,0.54,1.55,0.22,1.3,0.14
28.6614,34.4469,"GRANODIORITE [21381]",24.6,46.7,4.76,17.8,3.5,0.96,2.6,0.4,1.95,0.38,1.05,0.18,1.1,0.1
28.6614,34.4469,"GRANODIORITE [21381]",24,50,5.5,20.6,3.47,0.97,2.85,0.38,1.88,0.38,1.06,0.15,1.04,0.16
28.7792,34.6044,"GRANODIORITE [21381]",27.7,56.2,6.2,22.2,4.3,0.96,3.2,0.5,2.5,0.56,1.35,0.22,1.4,0.18
28.7714,34.4981,"GRANODIORITE [21381]",25.2,48.7,5.42,19.8,3.35,0.94,2.6,0.4,1.85,0.36,1,0.16,0.95,0.12
28.7356,33.7111,"GRANODIORITE [21381]",22.9,47.3,5.16,20.6,3.65,0.96,3.4,0.52,2.8,0.56,1.6,0.24,1.5,0.18
28.7756,33.7656,"GRANODIORITE [21381]",28,55.3,6.14,23,4,1.01,3.45,0.48,2.4,0.48,1.35,0.2,1.34,0.21
28.8092,33.8108,"GRANODIORITE [21381]",24.1,48.4,5.46,20.3,4,1.02,3.4,0.48,2.7,0.56,1.5,0.2,1.5,0.18
28.7606,33.7847,"GRANODIORITE [21381]",26.9,54.8,5.92,21.7,4.1,0.9,3.2,0.5,2.45,0.44,1.3,0.2,1.35,0.16
28.7272,33.7431,"GRANODIORITE [21381]",21.9,44.1,4.88,16.9,3.4,0.92,3,0.48,2.3,0.44,1.25,0.2,1.25,0.16
28.2183,33.8653,"GRANODIORITE [21381]",23.9,48.2,6.04,18.3,3.68,0.77,2.61,0.45,2.64,0.62,1.73,0.31,1.91,0.3
28.1594,34.2189,"GRANODIORITE [21381]",36.1,86.4,10.3,41.8,8.45,1.9,7.2,1.1,6.05,1.24,3.5,0.54,3.15,0.42
-21.92,-68.83,"GRANODIORITE [21391]",19.1,41,4.91,19.3,3.9,0.87,2.63,0.39,2.03,0.37,1.09,0.163,1.07,0.167
-21.92,-68.83,"GRANODIORITE [21391]",21,41.2,4.62,18.1,3.48,0.828,2.31,0.35,1.81,0.35,0.98,0.147,0.99,0.152
-21.92,-68.83,"GRANODIORITE [21391]",19.8,39.8,4.66,17.9,3.45,0.837,2.49,0.35,1.91,0.36,1.04,0.156,1.06,0.155
-21.92,-68.83,"GRANODIORITE [21391]",19.9,39.4,4.35,17.3,3.11,0.809,2.33,0.31,1.7,0.33,0.93,0.141,1.01,0.15
-21.92,-68.83,"GRANODIORITE [21391]",17.5,36.6,4.44,17.9,3.6,0.838,2.62,0.37,1.97,0.37,1.05,0.162,1.08,0.163
-21.92,-68.83,"GRANODIORITE [21391]",22.2,45.1,5.13,20.2,3.88,0.942,2.85,0.39,2.02,0.38,1.1,0.174,1.1,0.163
-21.92,-68.83,"GRANODIORITE [21391]",19.1,37.9,4.29,17.2,3.35,0.831,2.48,0.33,1.75,0.33,0.93,0.144,0.98,0.147
-21.92,-68.83,"GRANODIORITE [21391]",34.9,74.6,8.45,34.8,6.81,1.23,5.05,0.71,3.65,0.67,1.91,0.297,1.94,0.278
-21.92,-68.83,"GRANODIORITE [21391]",53.7,122,14.6,58,10.9,1.55,7.57,1.11,5.96,1.14,3.13,0.504,3.39,0.493
46,90,"GRANODIORITE [21397]",50.85,104.6,12.73,49.34,9.295,1.917,7.59,1.128,6.284,1.198,3.248,0.454,2.96,0.446
46,90,"GRANODIORITE [21397]",44.31,89.31,10.64,40.18,7.177,1.563,5.865,0.847,4.705,0.896,2.448,0.341,2.224,0.336
46,90,"GRANODIORITE [21397]",43.15,88.53,10.42,36.84,6.692,1.521,5.3,0.822,4.395,0.879,2.375,0.338,2.182,0.327
46,90,"GRANODIORITE [21397]",48.61,100.3,12.06,44.64,8.58,1.782,7.076,1.079,5.82,1.15,3.049,0.435,2.813,0.425
46,90,"GRANODIORITE [21397]",42.34,87.21,10.39,38.07,7.124,1.558,5.73,0.865,4.754,0.925,2.493,0.354,2.303,0.345
42,96,"GRANODIORITE [21426]",32.92,69.64,8.66,32.87,6.06,1.1,5.29,0.83,4.58,0.92,2.63,0.42,2.66,0.41
42,96,"GRANODIORITE [21426]",38,76.58,9.54,34.64,6.22,1.11,5.52,0.83,4.63,0.93,2.68,0.41,2.7,0.42
47.2508,129.9133,"GRANODIORITE [21429]",27.8,75.2,5.99,22.3,4.52,1.02,3.82,0.62,3.52,0.69,1.88,0.28,0.68,0.22
47,130,"GRANODIORITE [21429]",28.8,78.7,6.25,23,4.65,1.07,3.81,0.64,3.69,0.69,1.85,0.29,1.68,0.23
47,130,"GRANODIORITE [21429]",28.3,77.7,6.09,22.6,4.73,1.05,3.7,0.62,3.66,0.68,1.81,0.26,1.7,0.24
35.4233,137.1908,"GRANITE [7462] / GRANODIORITE, BIOTITE [4238]",30,60,7,26,4.5,0.96,4,0.6,3.7,0.6,2.2,0.4,2.4,0.4
35.4289,137.1683,"GRANITE [7462] / GRANODIORITE, BIOTITE [4238]",53,101,10.8,39,6,1.43,5.4,0.7,3.6,0.6,2.2,0.4,2.3,0.3
-14,-49,"GRANODIORITE [21459]",30.1,55.9,6.94,23.5,3.97,1.26,3.06,0.44,1.97,0.39,0.99,0.16,0.92,0.13
-14,-49,"GRANODIORITE [21459]",25.9,52.7,6.33,23.5,3.8,0.97,2.46,0.26,1.1,0.16,0.36,0.06,0.34,0.05
-14,-49,"GRANODIORITE [21459]",27,53.6,5.73,21.9,4,1,2.08,0.22,1.11,0.13,0.42,0.06,0.23,0.05
-14,-49,"GRANODIORITE [21459]",72.7,62.9,20.45,72.9,15.42,2.84,16.38,2.91,15.02,3.42,9.42,1.53,8.95,1.33
-14,-49,"GRANODIORITE [21459]",38,72.5,9.24,33.6,6.97,1.41,7.9,1.32,7.41,1.69,4.96,0.76,4.53,0.7
-14,-49,"GRANODIORITE [21459]",26,54.4,6.97,25.4,5.28,1.54,4.86,0.82,4.2,0.97,2.77,0.42,2.55,0.43
-21.3,-44.3,"GRANODIORITE [21460]",45.2,68.8,10.2,40.5,8.23,1.84,7.91,1.37,8.32,1.91,5.24,0.76,5.1,0.75
-21.3,-44.3,"GRANODIORITE [21460]",42.2,75.5,10.5,43.9,9.69,1.79,9.45,1.62,9.95,2.37,6.7,1,6.85,1.01
-21.3,-44.3,"GRANODIORITE [21460]",69.4,132,15.9,69.8,14.8,3.13,16.1,2.65,16.6,4.15,11.7,1.69,11.1,1.65
-21.3,-44.3,"GRANODIORITE [21460]",48.3,108,12.5,52.8,10.6,2.16,9.22,1.53,9.3,2.17,6.09,0.91,6.43,0.99
-11,-39,"GRANODIORITE [21468]",42.63,84.99,10.45,44.264,7.72,2.22,5.59,0.66,3.17,0.59,1.45,0.19,1.26,0.19
-11,-39,"GRANODIORITE [21468]",67.7,140.5,15.6,63.5,11.1,2.8,7.9,0.92,4.4,0.79,1.98,0.24,1.53,0.22
30,101.5,"GRANODIORITE [21479]",62.59,110.3,12.47,43.87,6.779,1.037,5.89,0.761,4.464,0.931,2.54,0.377,2.478,0.38
30,101.5,"GRANODIORITE [21479]",33.04,66.52,7.667,27.87,5.093,1.032,4.745,0.662,3.913,0.824,2.256,0.334,2.152,0.322
30,101.5,"GRANODIORITE [21479]",35.99,68.1,7.609,27.25,4.968,1.01,5.15,0.689,4.081,0.862,2.354,0.352,2.266,0.35
30,101.5,"GRANODIORITE [21479]",38,70.88,7.495,26.78,4.874,1.001,4.813,0.678,4.109,0.854,2.381,0.357,2.27,0.354
30,101.5,"GRANODIORITE [21479]",34.04,68.83,8.139,30.27,5.774,1.042,5.007,0.74,4.444,0.921,2.554,0.378,2.468,0.375
30,101.5,"GRANODIORITE [21479]",57.6,108.3,12.1,42.83,6.742,1.044,5.709,0.757,4.412,0.931,2.524,0.371,2.39,0.368
30,101.5,"GRANODIORITE [21479]",38.25,74.54,8.495,31.33,5.424,1.032,4.733,0.657,3.925,0.807,2.213,0.327,2.087,0.321
30,101.5,"GRANODIORITE [21479]",47.65,91.7,10.23,36.63,5.943,1.05,5.058,0.689,4.004,0.836,2.291,0.341,2.216,0.341
36,98,"GRANODIORITE [21496]",26.1,50.1,5.44,20.7,4.71,0.75,4.26,0.72,4.4,0.86,2.51,0.39,2.55,0.4
36,98,"GRANODIORITE [21496]",33.2,59.7,6.1,21.9,3.74,0.99,2.7,0.36,1.88,0.32,0.85,0.12,0.72,0.11
36,98,"GRANODIORITE [21496]",35.1,63.5,6.64,23.7,4.34,0.78,3.58,0.55,3.16,0.61,1.75,0.28,1.85,0.28
36,98,"GRANODIORITE [21496]",40.7,69.3,6.99,23.3,3.69,0.85,2.69,0.37,2.01,0.38,1.01,0.14,1.02,0.17
36,98,"GRANODIORITE [21496]",35.5,63.4,6.51,22.6,3.9,0.98,2.78,0.38,2.04,0.38,1,0.14,0.96,0.14
36,98,"GRANODIORITE [21496]",24.3,45.8,4.76,17.2,3.21,0.8,2.32,0.32,1.84,0.34,0.95,0.15,0.91,0.14
36,98,"GRANODIORITE [21496]",24.3,45.1,4.57,16.3,2.92,0.79,2.22,0.3,1.65,0.32,0.86,0.13,0.86,0.13
28.7667,113.965,"GRANODIORITE [21514]",9.89,20.6,2.74,12.1,2.94,0.89,3.26,0.56,3.95,0.84,2.4,0.36,2.44,0.38
28.8168,114.955,"GRANODIORITE [21514]",22.1,50.6,5.23,19.9,5.09,0.78,4.41,0.67,4.9,0.95,2.83,0.44,2.67,0.41
28.8168,114.955,"GRANODIORITE [21514]",21.7,50.7,5.35,20.3,5.13,0.8,4.64,0.76,5.07,1.04,2.91,0.44,2.8,0.41
28.8168,114.955,"GRANODIORITE [21514]",35.4,77.4,7.8,28.5,6.2,1.22,5.47,0.77,5.36,1.04,3.22,0.49,3.03,0.46
28.8168,114.955,"GRANODIORITE [21514]",35.9,72.8,8.31,30.9,6.53,1.27,5.59,0.8,5.54,1.12,3.15,0.46,3.17,0.49
28.7994,114.9334,"GRANODIORITE [21514]",24.2,51.9,5.36,19.6,4.53,0.93,3.82,0.59,3.58,0.7,2.24,0.3,2.06,0.3
28.7994,114.9334,"GRANODIORITE [21514]",24.5,53.5,5.44,20.7,4.29,0.99,3.81,0.59,3.77,0.73,2.06,0.31,2,0.31
28.7994,114.9334,"GRANODIORITE [21514]",24.1,52.4,5.43,20.8,4.64,1.03,4.08,0.58,3.96,0.78,2.15,0.33,2.24,0.34
29,115,"GRANODIORITE [21514]",26.8,58.3,6.38,23.6,5.23,1.03,4.66,0.7,4.64,0.92,2.85,0.42,2.75,0.42
42,94,"GRANODIORITE [21555]",15.15,31.23,3.59,13.34,2.8,0.83,2.79,0.46,2.71,0.55,1.67,0.24,1.74,0.24
42,94,"GRANODIORITE [21555]",13.7,30.5,3.54,13.2,2.78,0.79,2.78,0.45,2.73,0.57,1.72,0.25,1.75,0.27
42,94,"GRANODIORITE [21555]",17.9,39.4,4.21,15,3.02,0.91,2.94,0.47,2.81,0.57,1.66,0.24,1.68,0.25
37,91.98,"GRANODIORITE [21563]",45.23,91.71,10.19,37.95,6.81,1.32,5.34,0.85,5.09,0.98,2.94,0.47,2.87,0.43
37,91.98,"GRANODIORITE [21563]",35.71,70.84,7.88,28.75,5.06,1.15,3.8,0.56,3.51,0.67,1.98,0.3,2.12,0.31
37,91.98,"GRANODIORITE [21563]",36.01,79.16,9.39,35.43,6.7,0.66,5.63,0.93,5.58,1.12,3.36,0.57,3.78,0.58
-25,-67,"GRANODIORITE [21570]",44.2,94.4,10.8,44.9,8.6,1.8,8.4,1.4,7.8,1.6,4.6,0.7,4.4,0.7
-25,-67,"GRANODIORITE [21570]",52.9,102.6,12.1,47.1,8.8,1.7,7.5,1.1,5.7,1.2,3.1,0.5,3,0.5
41.6147,111.9338,"GRANODIORITE [21590]",25.85,43.28,4.1,13.69,2.12,0.78,1.73,0.22,1.25,0.24,0.71,0.1,0.68,0.1
41.4344,111.6114,"GRANODIORITE [21590]",25.4,35.66,4.24,15.12,2.06,1.05,1.55,0.17,0.8,0.14,0.37,0.05,0.29,0.04
41.4203,111.9078,"GRANODIORITE [21590]",30.7,45.8,4.36,15,2.26,0.78,1.97,0.24,1.34,0.27,0.77,0.12,0.8,0.13
41.5413,111.2552,"GRANODIORITE [21590]",15.64,19.02,1.61,4.82,0.51,0.82,0.44,0.04,0.21,0.04,0.14,0.02,0.18,0.03
41.5062,111.1196,"GRANODIORITE [21590]",16.24,26.95,3.25,12.47,1.97,0.84,1.51,0.16,0.78,0.14,0.37,0.05,0.31,0.05
29.4,87.7,"GRANODIORITE [21601]",24.19,46.77,5.09,17.88,3.48,0.63,3.35,0.51,3.14,0.67,1.93,0.3,2.07,0.33
29.4,87.7,"GRANODIORITE [21601]",29.22,56.22,5.88,19.47,3.42,0.59,3.27,0.47,2.91,0.62,1.79,0.28,1.98,0.32
29.4,87.7,"GRANODIORITE [21601]",23.59,43.5,4.64,15.92,2.94,0.55,2.76,0.45,2.68,0.55,1.63,0.26,1.82,0.3
45.5,130,"GRANODIORITE [21611]",133,260,31.3,117,18.2,1.9,13.8,1.75,7.8,1.16,3.13,0.369,1.91,0.285
50.5,125.5,"GRANODIORITE [21619]",24.8,51,5.88,22.3,4.34,1.09,3.93,0.54,3.05,0.59,1.75,0.24,1.51,0.29
50.5,125.5,"GRANODIORITE [21619]",24.7,48.6,5.43,19.8,3.64,0.91,3.06,0.45,2.45,0.53,1.48,0.32,1.51,0.34
50.5,125.5,"GRANODIORITE [21619]",23.2,49.6,5.68,20.8,4.13,0.99,3.58,0.49,2.84,0.54,1.68,0.28,1.58,0.29
50.5,125.5,"GRANODIORITE [21619]",24.9,52.2,5.8,21.2,3.89,1.07,3.27,0.48,2.54,0.55,1.66,0.25,1.61,0.29
50.5,125.5,"GRANODIORITE [21619]",22.9,47.6,4.96,18.2,3.27,0.82,2.59,0.38,2.11,0.39,1.28,0.19,1.24,0.22
33,86,"GRANODIORITE [21626]",10.3,21.6,2.42,9.6,2.11,0.71,2.08,0.3,1.77,0.34,0.96,0.13,0.9,0.13
33,86,"GRANODIORITE [21626]",11.9,22.6,2.73,10.6,2.27,0.76,2.18,0.32,1.85,0.36,1.02,0.14,0.93,0.14
33,86,"GRANODIORITE [21626]",9.8,18.3,2.16,8.5,1.79,0.6,1.73,0.25,1.46,0.28,0.79,0.11,0.75,0.11
33,86,"GRANODIORITE [21626]",14.5,26.7,3.09,12,2.41,0.73,2.3,0.32,1.86,0.36,1,0.14,0.94,0.14
33,86,"GRANODIORITE [21626]",11,20.5,2.51,9.8,2.08,0.7,2.04,0.29,1.73,0.34,0.94,0.13,0.86,0.13
33,86,"GRANODIORITE [21626]",10.5,20.5,2.48,9.7,2.13,0.77,2.14,0.31,1.83,0.35,0.99,0.14,0.92,0.14
33,86,"GRANODIORITE [21626]",10.4,19.9,2.43,9.6,2.17,0.81,2.19,0.32,1.86,0.36,1,0.14,0.93,0.14
33,86,"GRANODIORITE [21626]",11.1,22.5,2.55,10.1,2.2,0.72,2.23,0.32,1.9,0.37,1.05,0.15,1,0.15
33,86,"GRANODIORITE [21626]",11.7,23.5,2.72,10.7,2.2,0.72,2.13,0.3,1.75,0.34,0.94,0.13,0.88,0.13
33,86,"GRANODIORITE [21626]",11.4,21.1,2.59,10.1,2.09,0.73,2.03,0.29,1.64,0.32,0.89,0.12,0.82,0.12
37,75,"GRANODIORITE [21652]",34.7,67.3,7.08,26.9,4.72,1.47,4.61,0.64,3.45,0.72,2.12,0.32,2.22,0.35
37,75,"GRANODIORITE [21652]",19.8,43.8,5.18,21.5,3.99,1.38,3.81,0.56,3.31,0.69,2.03,0.3,2.01,0.3
37,75,"GRANODIORITE [21652]",19.4,43.3,5.25,22.3,4.15,1.34,4.04,0.57,3.38,0.67,1.98,0.27,1.97,0.3
37,75,"GRANODIORITE [21652]",24.5,49.4,5.62,22.4,3.89,1.28,3.74,0.52,3.02,0.58,1.79,0.28,1.75,0.27
37,75,"GRANODIORITE [21652]",31.6,62.4,6.8,26.2,4.43,1.47,4.17,0.58,3.4,0.68,2.08,0.3,1.97,0.3
37,75,"GRANODIORITE [21652]",23.4,48.7,5.48,22.5,4.18,1.32,3.9,0.56,3.19,0.65,2.02,0.28,1.94,0.31
37,75,"GRANODIORITE [21652]",21.4,47,5.59,23.1,4.31,1.39,4.25,0.59,3.49,0.72,2.14,0.32,2.12,0.3
37,75,"GRANODIORITE [21652]",28.4,56.5,6.37,25.1,4.33,1.38,4.31,0.58,3.57,0.7,2.07,0.31,2.01,0.3
37,75,"GRANODIORITE [21652]",27.5,57.7,6.61,25.6,4.87,1.46,4.64,0.65,3.72,0.74,2.24,0.34,2.15,0.32
30.5,118,"GRANODIORITE [21672]",29.23,57.16,6.44,24.3,4.65,1.06,3.4,0.46,2.53,0.43,1.21,0.19,1.11,0.17
52,40,"GRANODIORITE [21677]",31.1,59.9,7.51,28.7,5.34,1.06,4.66,0.71,3.97,0.811,2.47,0.337,2.3,0.341
52,40,"GRANODIORITE [21677]",37.6,76.5,9.12,35.2,6.07,1.04,4.98,0.737,4.43,0.904,2.59,0.368,2.42,0.381
52,40,"GRANODIORITE [21677]",40.4,78.5,10.06,37.7,6.83,1.19,5.78,0.862,4.89,0.954,2.88,0.393,2.67,0.402
-20,46,"GRANODIORITE [21678]",51.7,85.8,13.28,54.1,12.11,2.41,13.65,2.28,13.61,2.86,8.59,1.27,7.94,1.27
-20,46,"GRANODIORITE [21678]",25.1,60.5,7.64,34.2,9.07,2.41,9.98,1.73,9.78,2.12,5.87,0.92,6.03,0.9
-20,46,"GRANODIORITE [21678]",30.9,53.6,5.55,19.2,2.99,0.73,2.13,0.3,1.42,0.28,0.81,0.11,0.73,0.12
-20,46,"GRANODIORITE [21678]",59.2,101.7,10.6,37.4,6.06,1.41,4.48,0.6,3.13,0.52,1.51,0.21,1.49,0.21
40,28,"GRANODIORITE, BIOTITE-HORNBLENDE [21692]",47.2,75.8,9.57,28.5,4.61,1.08,3.57,0.53,3.12,0.56,1.75,0.31,1.94,0.33
40,28,"GRANODIORITE, BIOTITE-HORNBLENDE [21692]",52.2,89.2,8.87,29.5,5.18,1.2,4.49,0.6,3.77,0.63,1.83,0.26,1.88,0.3
40,28,"GRANODIORITE, BIOTITE-HORNBLENDE [21692]",44.3,78,8.2,29.6,5.23,1.34,4.99,0.63,3.72,0.75,2.21,0.29,2.22,0.34
40,28,"GRANODIORITE, BIOTITE-HORNBLENDE [21692]",34,62.3,6.36,23.2,4.09,1.01,3.63,0.56,3.21,0.65,2.03,0.31,2,0.32
40,28,"GRANODIORITE, BIOTITE-HORNBLENDE [21692]",47.4,86.8,8.45,29.2,4.72,1.08,4.06,0.53,3.2,0.59,1.56,0.25,1.61,0.29
40,28,"GRANODIORITE, BIOTITE-HORNBLENDE [21692]",59.5,99,10.22,33,5.64,1.46,4.71,0.66,4.52,0.8,2.1,0.3,2.33,0.35
40,28,"GRANODIORITE, BIOTITE-HORNBLENDE [21692]",39.4,66.5,6.68,23.6,3.95,0.91,3.76,0.56,2.79,0.6,1.85,0.26,1.72,0.29
40,28,"GRANODIORITE, BIOTITE-HORNBLENDE [21692]",34.8,63.7,6.34,23.6,4.16,1.05,3.36,0.54,2.8,0.56,1.62,0.27,1.76,0.3
39,27,"GRANODIORITE, BIOTITE [21692]",73.4,132,13.5,46.9,7.7,1.89,5.4,0.7,3.8,0.7,2,0.28,2,0.33
39,27,"GRANODIORITE, HORNBLENDE [21692]",28.4,59.1,6.7,25.4,5.12,1.19,4.86,0.77,4.44,0.97,2.79,0.46,2.88,0.44
39,27,"GRANODIORITE, BIOTITE-HORNBLENDE [21692]",35.6,55.9,5.25,19.5,3.62,0.98,3.63,0.56,3.47,0.7,2.08,0.32,2.17,0.35
39,27,"GRANODIORITE, HORNBLENDE [21692]",19.2,39.3,4.37,15.5,3.23,0.87,3.21,0.49,2.83,0.65,2.02,0.33,2.16,0.37
39,27,"GRANODIORITE, HORNBLENDE [21692]",30.6,54.6,5.5,19.1,3.77,1.01,3.65,0.56,3.26,0.74,2.25,0.35,2.4,0.38
39,27,"GRANODIORITE, BIOTITE [21692]",46.2,76.7,7.4,25.3,4.27,1.02,3.54,0.5,2.85,0.61,1.64,0.28,1.86,0.32
39,27,"GRANODIORITE, BIOTITE [21692]",30.09,48.99,6.67,22.65,4.38,0.71,2.96,0.51,2.5,0.51,1.45,0.21,1.37,0.24
39,27,"GRANODIORITE, BIOTITE-HORNBLENDE [21692]",24.91,43.72,5.19,18.6,3.73,0.63,3.42,0.58,3.26,0.72,2.05,0.31,1.91,0.34
39,27,"GRANODIORITE, BIOTITE-HORNBLENDE [21692]",22.26,43.91,4.77,17.15,3.34,0.8,3.52,0.51,2.9,0.71,1.91,0.32,2.11,0.38
39,27,"GRANODIORITE, BIOTITE-HORNBLENDE [21692]",20.26,42.66,5.3,19.97,4.69,1.08,4.96,0.93,5.16,1.17,3.31,0.52,3.03,0.52
39,27,"GRANODIORITE, BIOTITE-HORNBLENDE [21692]",21.8,41.8,4.52,17,3.08,0.74,2.91,0.47,2.97,0.6,1.97,0.3,2.05,0.35
39,27,"GRANODIORITE, BIOTITE-HORNBLENDE [21692]",11.39,25.68,3.33,12.74,3.18,0.66,2.99,0.5,3.04,0.68,1.97,0.32,1.97,0.37
39,27,"GRANODIORITE, BIOTITE-HORNBLENDE [21692]",15.3,31.5,3.79,16.2,3.24,0.98,3.7,0.59,3.65,0.81,2.32,0.42,2.68,0.44
39,27,"GRANODIORITE, BIOTITE-HORNBLENDE [21692]",15.13,32.51,3.89,13.8,3.33,0.7,3.09,0.51,2.83,0.62,1.86,0.3,1.9,0.34
-3,32,"GRANODIORITE [21695]",23.89333333,50.96333333,5.79,22.65666667,4.213333333,0.855333333,3.7,0.489666667,3.08,0.548,1.693333333,0.25969697,1.566666667,0.248333333
-3,32,"GRANODIORITE [21695]",23.69,50.99333333,5.886666667,22.87666667,4.363333333,1.048333333,3.63,0.521,2.463333333,0.617333333,1.714666667,0.292272727272727,1.61,0.236
-3,32,"GRANODIORITE [21695]",23.52,49.37,5.793333333,22.49333333,4.306666667,1.15,3.456666667,0.483666667,2.856666667,0.563666667,1.625333333,0.25,1.536666667,0.230333333
42,92,"GRANODIORITE [21702]",12.3,22.9,2.26,8.37,1.5,0.84,1.46,0.21,1.22,0.26,0.85,0.13,0.95,0.16
42,92,"GRANODIORITE [21702]",10.4,27.1,3.68,15.1,3.67,0.87,3.14,0.56,3.9,0.81,2.65,0.36,2.51,0.38
42,92,"GRANODIORITE [21702]",34.3,77.4,11.3,46.2,11.4,1.64,10.9,1.86,11.2,2.18,6.06,0.87,5.37,0.7
42,92,"GRANODIORITE [21702]",37.5,69,7.98,29.1,5.49,1.91,5.35,0.77,4.34,0.87,2.47,0.34,2.17,0.33
41.7,96.8,"GRANODIORITE [21710]",1.92,5.19,0.744,4.02,1.3,0.571,1.44,0.231,1.37,0.261,0.744,0.112,0.78,0.11
41.7,96.8,"GRANODIORITE [21710]",3.5,7.56,0.833,3.46,0.734,0.464,0.75,0.113,0.634,0.124,0.344,0.054,0.334,0.054
41.7,96.8,"GRANODIORITE [21710]",6.44,13.6,1.54,5.471,1.116,0.502,1.12,0.174,0.994,0.204,0.581,0.092,0.652,0.104
41.7,96.8,"GRANODIORITE [21710]",2.24,8.64,0.782,3.96,1.1,0.474,1.18,0.182,1.01,0.202,0.58,0.091,0.621,0.091
41.7,96.8,"GRANODIORITE [21710]",2.46,7.51,0.794,4.499,1.188,0.461,1.12,0.173,0.964,0.192,0.524,0.084,0.574,0.082
37,96,"GRANODIORITE [21718]",49,96.4,10.4,39.1,6.82,1.57,4.78,0.594,3.21,0.589,1.56,0.213,1.3,0.187
37,96,"GRANODIORITE [21718]",47.3,99.4,11.3,42.5,7.41,1.6,5.11,0.636,3.16,0.551,1.37,0.186,1.19,0.16
35.5,48.58,"GRANODIORITE [21728]",44,38.9,3.46,27,3.8,0.57,4.22,0.71,5.03,0.98,3.14,0.48,3.6,0.54
35.5,48.58,"GRANODIORITE [21728]",53.6,88.6,7.15,22,3.2,0.83,3.25,0.63,5.23,0.98,3.53,0.48,2.6,0.51
35.5,48.58,"GRANODIORITE [21728]",53.6,85.9,9.81,27,6.3,0.87,2.56,0.57,5.02,1.02,1.99,0.56,3.97,0.52
35.5,48.58,"GRANODIORITE [21728]",44.4,85.9,9.15,27,6.3,0.98,5.85,1.03,6.25,1.34,4.04,0.61,4.2,0.64
35.5,48.58,"GRANODIORITE [21728]",49.2,29.6,10.02,31,3.3,0.91,4.89,0.78,6.18,0.95,2.79,0.49,4.01,0.64
35.5,48.58,"GRANODIORITE [21728]",32.2,63.7,5.82,17,4.1,0.79,3.9,0.62,4.17,0.87,2.69,0.44,3.1,0.45
35.5,48.58,"GRANODIORITE [21728]",55.4,92.8,8.82,24,5.22,0.65,4.26,0.7,4.35,0.91,2.92,0.45,3,0.5
35.5,48.58,"GRANODIORITE [21728]",38.4,47.6,3.58,25,3.7,0.84,4.16,0.76,4.9,1.04,3.2,0.52,3.5,0.52
35.5,48.58,"GRANODIORITE [21728]",34.2,35.5,3.3,18,2.1,0.67,2.13,0.39,2.49,0.55,1.7,0.28,2,0.31
35.5,48.58,"GRANODIORITE [21728]",41.6,76.6,7.16,20,4.5,0.85,4.31,0.67,4.28,0.9,2.74,0.43,3.1,0.44
35.5,48.58,"GRANODIORITE [21728]",43.2,72.5,8.13,18,4,0.72,4.15,0.82,4.25,0.87,3.23,0.44,3.32,0.49
35.5,48.58,"GRANODIORITE [21728]",46.2,77.7,6.43,22,4.8,0.63,3.63,0.59,4.63,0.79,2.85,0.32,3.45,0.48
33,110,"GRANODIORITE [21760]",20.7,46.6,5.86,21.8,3.98,1.32,3.63,0.53,3.28,0.68,2.03,0.31,2.12,0.33
33,110,"GRANODIORITE [21760]",26.9,46.6,4.63,15.5,2.59,0.79,2.39,0.32,1.86,0.38,1.07,0.17,1.11,0.17
33,110,"GRANODIORITE [21760]",27,61.4,7.48,29.3,6.24,1.14,5.67,0.88,5.51,1.16,3.47,0.56,3.69,0.56
45.4514,133.5647,"GRANODIORITE [21768]",59.455,111.299,12.595,45.241,9.358,1.682,9.828,1.249,5.927,1.045,2.28,0.253,1.178,0.181
43.1692,133.2561,"GRANODIORITE [21768]",42.991,75.536,9.609,37.51,7.85,1.51,6.875,0.939,5.175,0.862,1.732,0.185,0.974,0.162
45.4514,133.5647,"GRANODIORITE [21768]",58.752,105.619,12.008,45.11,9.48,1.609,9.547,1.18,5.904,1.034,2.176,0.232,1.117,0.177
45.4514,133.5647,"GRANODIORITE [21768]",39.044,64.082,8.436,32.984,6.793,1.352,5.981,0.852,4.763,0.797,1.529,0.17,0.907,0.142
45,113,"GRANODIORITE [21785]",21.3,45.8,5.49,21.4,4.49,0.9,3.71,0.53,3.1,0.64,1.72,0.25,1.65,0.23
45,113,"GRANODIORITE [21785]",19.8,41.5,5.11,19.5,4.54,0.9,3.67,0.51,3.14,0.62,1.71,0.23,1.7,0.25
45,113,"GRANODIORITE [21785]",22.7,48.4,5.87,23,4.79,0.95,4.02,0.55,3.2,0.66,1.85,0.26,1.74,0.26
45,113,"GRANODIORITE [21785]",24.3,51.2,6.13,22.7,4.63,0.93,3.98,0.56,3.19,0.66,1.75,0.25,1.65,0.24
45,113,"GRANODIORITE [21785]",23.5,49.7,5.94,22.5,4.57,1.03,3.75,0.5,2.99,0.56,1.58,0.2,1.58,0.19
45,113,"GRANODIORITE [21785]",23.9,47.6,5.59,19.8,3.95,0.67,3.91,0.65,4.02,0.86,2.8,0.44,2.97,0.48
45,113,"GRANODIORITE [21785]",20,41.8,5.07,19.5,4.03,0.82,3.42,0.54,3.24,0.64,1.9,0.3,1.9,0.3
45,113,"GRANODIORITE [21785]",20.3,42.9,5.18,20,4.28,0.93,3.56,0.53,3.29,0.64,1.92,0.31,1.92,0.3
45,113,"GRANODIORITE [21785]",19.8,42,5.02,19.4,4.06,0.87,3.55,0.54,3.3,0.64,1.84,0.31,1.91,0.3
45,113,"GRANODIORITE [21785]",25.6,53.1,6.33,23.3,4.88,0.86,4.28,0.72,4.77,0.98,3.17,0.56,3.58,0.59
24.768828,118.085864,"GRANODIORITE, BIOTITE [21803]",31.5,57.5,6.61,24.9,4.02,1.1,3.91,0.5,2.02,0.36,1.27,0.16,1.04,0.17
24.777417,118.083428,"GRANODIORITE, BIOTITE [21803]",31.5,55.1,6.27,23.2,3.73,1.05,3.72,0.47,1.99,0.36,1.26,0.16,1.13,0.18
42.1912,97.037,"GRANODIORITE [21806]",20.5100979558532,37.3306561878519,3.77271142785582,13.2276413115902,2.62702193475126,0.683775514720089,2.42348264627403,0.399606815494594,2.4954085907902,0.534754006053117,1.63555624216815,0.277169969266512,1.99353117991178,0.303052305727511
46.9247,128.345,"GRANODIORITE [21808]",39.7,77.65,8.29,30.02,4.82,1.17,4.32,0.54,2.6,0.48,1.26,0.19,1.24,0.19
46.9247,128.345,"GRANODIORITE [21808]",39.85,79.71,8.52,30.25,4.98,1.17,4.42,0.55,2.65,0.49,1.28,0.19,1.22,0.19
46.9247,128.345,"GRANODIORITE [21808]",40.09,79.49,8.56,30.63,5.17,1.22,4.55,0.57,2.8,0.51,1.33,0.2,1.24,0.19
47.4086,129.7928,"GRANODIORITE [21808]",29.05,54.08,5.89,19.55,3.06,0.34,2.88,0.42,2.38,0.51,1.58,0.26,1.79,0.29
47.4086,129.7928,"GRANODIORITE [21808]",39.89,95.38,9.05,33.92,6,0.98,5.98,0.92,5.22,1.08,3.09,0.48,3.15,0.49
47.4086,129.7928,"GRANODIORITE [21808]",21.86,48.44,4.11,13.95,2.2,0.91,2.21,0.32,1.82,0.39,1.17,0.19,1.28,0.21
47.4086,129.7928,"GRANODIORITE [21808]",16.62,45.72,3.95,15.28,3.04,0.8,3.05,0.5,2.96,0.64,1.93,0.32,2.16,0.35
32.5528,80.2084,"GRANODIORITE [21823]",24.1,49.9,5.83,23.1,4.89,0.895,4.43,0.788,4.78,0.839,2.49,0.415,2.61,0.406
32.5382,80.5228,"GRANODIORITE [21823]",14.5,27.4,3.23,14.1,3.09,1.04,2.91,0.512,2.91,0.561,1.58,0.274,1.58,0.211
32.5077,80.8356,"GRANODIORITE [21823]",16.4,30.9,3.7,14.1,2.66,0.76,2.26,0.371,2.25,0.379,0.91,0.14,0.865,0.116
32.5233,80.9235,"GRANODIORITE [21823]",30,51.2,5.45,19.6,3.26,0.938,2.79,0.475,2.53,0.476,1.53,0.212,1.48,0.217
32.4215,81.4513,"GRANODIORITE [21823]",19.5,40.6,4.99,19.4,4.27,1.05,3.62,0.739,4.24,0.818,2.33,0.378,2.5,0.32
32.4215,81.4513,"GRANODIORITE [21823]",21,40.6,4.79,18.6,4,0.982,3.7,0.724,3.83,0.791,2.3,0.373,2.31,0.375
32.421,80.5022,"GRANODIORITE [21823]",18.6,39.4,4.67,18.9,3.94,0.915,3.63,0.71,4.09,0.79,2.3,0.396,2.36,0.391
32.409,81.5367,"GRANODIORITE [21823]",23.1,44.9,4.91,18.1,3.3,0.894,3.36,0.569,3.3,0.713,2.23,0.338,2.07,0.352
32.5553,81.2216,"GRANODIORITE [21823]",9.35,22.7,3.2,14,3.07,0.786,3.42,0.695,3.44,0.724,2.27,0.367,2.35,0.336
31.7887,83.9714,"GRANODIORITE [21823]",20.8,39.1,4.41,15.1,2.73,0.712,2.96,0.476,3.31,0.642,1.84,0.305,1.85,0.302
31.8519,84.0082,"GRANODIORITE [21823]",33.2,64.7,7.57,27.7,5.25,1.11,5.13,0.98,5.56,1.2,3.48,0.537,3.73,0.56
31.7263,83.9556,"GRANODIORITE [21823]",23.8,44.9,4.97,18.6,3.46,0.858,3.26,0.658,3.53,0.814,2.25,0.404,2.69,0.426
31.6855,83.937,"GRANODIORITE [21823]",33.5,56.4,5.55,17.3,2.49,0.606,2.09,0.455,2.33,0.473,1.4,0.248,1.51,0.231
23,111,"GRANODIORITE [21838]",17.7,39.5,5.28,22.2,5.76,1.18,6.48,1.2,7.64,1.69,4.7,0.7,4.54,0.69
23,111,"GRANODIORITE [21838]",24.5,52.6,6.59,26.6,5.65,1.45,5.66,0.93,5.62,1.19,3.3,0.5,3.33,0.54
23,111,"GRANODIORITE [21838]",22.7,49.4,6.43,26,5.76,1.44,5.77,0.97,5.56,1.2,3.37,0.5,3.32,0.53
23,111,"GRANODIORITE [21838]",22.2,48.1,6.22,26,7.29,1.04,8.75,1.74,11.1,2.37,6.72,0.99,6.31,0.94
22,112,"GRANODIORITE [21838]",32.6,66.3,8.16,31.6,6.72,1.35,6.22,1.01,6.32,1.29,3.54,0.52,3.35,0.5
22,112,"GRANODIORITE [21838]",31.8,62.5,7.44,27.9,5.63,1.29,5.14,0.82,5.09,1.04,2.93,0.44,2.78,0.44
22,112,"GRANODIORITE [21838]",32.7,63.7,7.54,27.9,5.53,1.25,5.07,0.82,5.01,1.03,2.88,0.43,2.73,0.42
22,112,"GRANODIORITE [21838]",37.8,72.7,8.37,30.7,5.78,1.36,5.3,0.82,5.02,1.01,2.88,0.43,2.67,0.41
22,112,"GRANODIORITE [21838]",31.3,62.1,7.33,27.5,5.47,1.27,5.04,0.8,5.02,1.02,2.9,0.44,2.87,0.43
22,112,"GRANODIORITE [21838]",30.5,60.1,7.18,27.2,5.51,1.24,5.09,0.82,5.12,1.03,2.92,0.43,2.84,0.43
22,112,"GRANODIORITE [21838]",33.6,67.7,8.17,31.4,6.49,1.33,5.99,0.96,5.82,1.18,3.28,0.47,3,0.46
22,112,"GRANODIORITE [21838]",31.4,61.7,7.34,27.5,5.62,1.3,5.09,0.84,5.19,1.06,3,0.45,2.94,0.45
22,112,"GRANODIORITE [21838]",35.1,71.1,8.6,33,6.96,1.36,6.32,1,6.24,1.23,3.4,0.48,3.08,0.47
22,112,"GRANODIORITE [21838]",30.4,59.8,7.09,26.8,5.39,1.26,4.98,0.8,4.97,1.01,2.82,0.42,2.73,0.43
22,112,"GRANODIORITE [21838]",31.3,61.8,7.27,27.4,5.52,1.27,5.02,0.82,5.09,1.06,2.98,0.44,2.89,0.45
28.4993,114.2914,"GRANODIORITE [21874]",32.6,62.2,7.38,27.5,4.9,1.36,3.91,0.5,3.15,0.64,1.86,0.27,1.67,0.26
28.5,114,"GRANODIORITE [21874]",24.6,47.8,5.66,22.1,4.61,0.99,3.85,0.6,3.19,0.61,1.85,0.28,2.13,0.34
28.5,114,"GRANODIORITE [21874]",19.8,34.8,4.51,16.6,3.29,0.86,2.56,0.39,2.13,0.39,1.24,0.19,1.49,0.24
28.5,114,"GRANODIORITE [21874]",15.9,31.9,3.67,13.7,2.95,0.76,2.7,0.43,2.4,0.47,1.43,0.22,1.6,0.25
28.5,114,"GRANODIORITE [21874]",29.4,56.4,6.47,23.3,4.25,0.93,3.37,0.48,2.4,0.43,1.24,0.18,1.27,0.19
28.5,114,"GRANODIORITE [21874]",22.8,46.7,5.31,21,4.93,1.25,4.5,0.74,4.19,0.81,2.38,0.35,2.31,0.33
28.5,114,"GRANODIORITE [21874]",28.5,52.6,5.94,22.6,4.41,1.03,3.82,0.58,3.11,0.6,1.74,0.26,1.75,0.26
50.3008,125.7008,"GRANODIORITE [21901]",14.7,27.7,3.34,12.7,2.23,0.68,1.62,0.22,1.34,0.23,0.6,0.1,0.61,0.09
50.3008,125.7008,"GRANODIORITE [21901]",12,24.2,2.85,10.3,1.91,0.54,1.37,0.18,1.01,0.17,0.44,0.07,0.44,0.06
50.3008,125.7008,"GRANODIORITE [21901]",12.6,24,2.84,10.6,1.89,0.59,1.31,0.17,0.94,0.17,0.41,0.06,0.42,0.07
50.3008,125.7008,"GRANODIORITE [21901]",14.2,27.1,3.21,12.3,2.12,0.65,1.48,0.19,1.01,0.19,0.53,0.08,0.48,0.08
50.3008,125.7008,"GRANODIORITE [21901]",11.8,22.8,2.71,10.2,1.84,0.62,1.32,0.19,1.02,0.18,0.5,0.08,0.47,0.07
50.2467,125.7869,"GRANODIORITE [21901]",34.9,73.2,8.19,29.3,4.65,1.32,3,0.43,2.51,0.49,1.43,0.23,1.63,0.26
46.5822,121.2919,"GRANODIORITE [21901]",13.3,27.8,3.28,12,2.37,0.56,2.05,0.33,1.96,0.39,1.16,0.18,1.24,0.18
46.5822,121.2919,"GRANODIORITE [21901]",15.3,33.2,3.78,13.8,2.78,0.6,2.34,0.37,2.28,0.42,1.22,0.2,1.32,0.19
46.5822,121.2919,"GRANODIORITE [21901]",14.4,31,3.48,13,2.6,0.58,2.26,0.36,2.09,0.4,1.2,0.19,1.31,0.19
46.5822,121.2919,"GRANODIORITE [21901]",13.1,27,3.19,11.5,2.28,0.54,1.88,0.3,1.73,0.34,0.97,0.16,1.12,0.16
48.2633,123.4422,"GRANODIORITE [21901]",13.1,27.2,3.3,11.6,2.51,0.43,2.04,0.39,2.31,0.45,1.26,0.22,1.46,0.2
48.2633,123.4422,"GRANODIORITE [21901]",13.8,26.8,3.5,12.4,2.67,0.43,2.17,0.38,2.21,0.44,1.28,0.2,1.42,0.2
50.3831,125.6533,"GRANODIORITE [21901]",17.4,36.3,4.3,16.8,3.29,0.94,2.64,0.41,2.39,0.44,1.28,0.18,1.33,0.2
50.3831,125.6533,"GRANODIORITE [21901]",17.3,34.9,4.11,15.8,3.07,0.94,2.52,0.37,2.16,0.42,1.19,0.17,1.25,0.19
31,85.5,"GRANODIORITE [21906]",26.92,49.19,5.41,19.93,4.21,0.99,3.98,0.68,4.42,0.84,2.68,0.45,3,0.47
31,85.5,"GRANODIORITE [21906]",25.58,45.45,4.89,17.77,3.68,0.92,3.26,0.53,3.29,0.68,1.99,0.33,2.2,0.33
31,85.5,"GRANODIORITE [21906]",27.84,49.64,5.28,18.55,3.77,0.94,3.23,0.53,3.25,0.68,2.05,0.3,2.18,0.35
31,85.5,"GRANODIORITE [21906]",16.77,43.43,5.61,22.19,4.8,1.36,4.22,0.69,4.15,0.84,2.56,0.4,2.62,0.39
42,92,"GRANODIORITE [21907]",13.5,24.4,2.77,9.93,1.98,0.62,2.13,0.37,2.32,0.51,1.51,0.24,1.64,0.27
42,92,"GRANODIORITE [21907]",15.5,28.9,3.33,12,2.36,0.56,2.5,0.44,2.74,0.6,1.79,0.28,1.94,0.32
42,92,"GRANODIORITE [21907]",13.4,24.4,2.76,9.92,1.91,0.5,2.05,0.36,2.23,0.49,1.45,0.23,1.56,0.25
42,92,"GRANODIORITE [21907]",12.4,22.4,2.38,8.41,1.81,0.61,1.87,0.31,1.99,0.45,1.34,0.21,1.48,0.25
42,92,"GRANODIORITE [21907]",15.1,27.8,3.03,10.7,2.21,0.59,2.22,0.37,2.34,0.51,1.52,0.24,1.66,0.28
24,116,"GRANODIORITE [21914]",37.5,68.9,8.84,31.9,6.55,1.36,7.7,1.56,7.72,1.55,3.96,0.69,5.01,0.64
24,116,"GRANODIORITE [21914]",34.9,60.1,8.51,29.8,6.8,1.64,7.69,1.54,8.15,1.62,4.22,0.58,4.95,0.62
24,116,"GRANODIORITE [21914]",36.1,64.7,8.23,33.4,6.63,1.53,7.7,1.3,7.95,1.56,4.87,0.74,5.18,0.78
24,116,"GRANODIORITE [21914]",49.2,70,9.66,38,7.15,1.7,8.32,1.39,8.4,1.64,5,0.75,5.23,0.78
24,116,"GRANODIORITE [21914]",32.9,59.3,7.85,32.5,6.65,1.65,8.23,1.44,8.79,1.74,5.39,0.8,5.48,0.83
24,116,"GRANODIORITE [21914]",42.7,82.9,9.1,33.7,5.84,1.08,4.83,0.75,4.17,0.74,2.19,0.32,2.07,0.31
24,116,"GRANODIORITE [21914]",45,84.2,9.36,35.9,5.96,1.06,4.86,0.75,4.17,0.75,2.22,0.33,2.14,0.32
24,116,"GRANODIORITE [21914]",50.2,89.2,10,38.2,6.01,1.06,4.88,0.75,4.1,0.75,2.17,0.31,2.01,0.32
24,116,"GRANODIORITE [21914]",37.1,73.2,8.29,29.6,5.52,1.39,4.62,0.68,3.71,0.72,2.11,0.38,2.15,0.33
24,116,"GRANODIORITE [21914]",36.9,73.7,8.27,31.1,5.58,1.45,4.56,0.69,3.76,0.69,2.02,0.3,2.01,0.31
24,116,"GRANODIORITE [21914]",37.3,72.7,8.32,30.7,5.42,1.45,4.68,0.69,3.78,0.69,2.04,0.29,1.96,0.31
34.9492,118.8006,"GRANODIORITE [21944]",37.6,70.2,8.7,34.7,6.27,1.81,5.69,0.75,4.08,0.72,2.05,0.3,1.9,0.27
34.9744,118.7461,"GRANODIORITE [21944]",61.7,110,12.6,47.1,7.45,2.05,6.5,0.8,4.31,0.77,2.24,0.32,1.99,0.28
-22.5,-69,"GRANODIORITE [21851]",24.5,45.6,4.34,15.1,2.44,0.8,1.56,0.21,1.12,0.21,0.63,0.1,0.64,0.11
-22.5,-69,"GRANODIORITE [21851]",24.6,41.7,4.48,15.2,2.49,0.79,1.82,0.24,1.21,0.23,0.66,0.1,0.64,0.09
-22.5,-69,"GRANODIORITE [21851]",17.4,33.3,3.22,11.8,2.09,0.4,1.72,0.28,1.57,0.31,0.91,0.15,1.04,0.18
-22.5,-69,"GRANODIORITE [21851]",31.9,60.3,6.5,22.5,3.65,0.99,2.71,0.35,1.79,0.33,0.9,0.13,0.83,0.13
-22.5,-69,"GRANODIORITE [21851]",17.3,32.2,3.15,11.5,1.88,0.58,1.36,0.2,1.1,0.22,0.63,0.1,0.65,0.11
-22.5,-69,"GRANODIORITE [21851]",17.1,32.4,3.16,11.9,2.14,0.62,1.64,0.26,1.45,0.29,0.85,0.13,0.91,0.16
-22.5,-69,"GRANODIORITE [21851]",19,35.4,3.35,11.6,2.01,0.5,1.66,0.24,1.46,0.28,0.83,0.13,0.9,0.15
-22.5,-69,"GRANODIORITE [21851]",12.6,24.9,2.47,8.94,1.48,0.33,1.24,0.2,1.21,0.25,0.76,0.12,0.81,0.14
-22.5,-69,"GRANODIORITE [21851]",20.7,40,3.9,14,2.56,0.63,1.75,0.23,1.3,0.27,0.89,0.15,1.06,0.19
-22.5,-69,"GRANODIORITE [21851]",25.7,47.7,4.69,16.5,2.65,0.67,1.76,0.24,1.27,0.24,0.7,0.11,0.79,0.13
38.8974,46.1947,"GRANODIORITE [21987]",19,33,3.5,13,2.8,0.6,2.7,0.4,2.8,0.6,1.9,0.3,2.3,0.4
38.8956,46.1963,"GRANODIORITE [21987]",22,36,4,15,3.2,0.8,3.2,0.5,3.6,0.7,2.3,0.4,2.9,0.5
39.1435,46.1386,"GRANODIORITE [21987]",40,59,6.4,24,4.2,1.2,3.2,0.4,2.6,0.5,1.2,0.2,1.4,0.2
-37,145,"GRANODIORITE [21992]",42,84,10,39,8.1,1.5,7.2,1,5,0.88,2.1,0.31,2,0.28
-37,145,"GRANODIORITE [21992]",45,93,11,43,8.8,1.6,7.4,1,5.2,0.94,2.4,0.32,2.2,0.32
-37,145,"GRANODIORITE [21992]",51,103,12,48,9.9,1.7,8.8,1.3,6.9,1.4,3.6,0.49,3.2,0.48
-33,18,"GRANODIORITE [21995]",103.913283293263,216.174136974535,25.5393888996982,100.337956250727,22.1176694122471,0.579767446746117,21.1829977723688,3.71646364188947,29.041529188814,6.82514949253198,24.2345261944846,4.07496826020275,29.757550183158,4.57637194089394
-33,18,"GRANODIORITE [21995]",38.9676385987569,73.684958716813,8.66660118635409,32.5783522195674,7.04224706733537,0.866173215715429,6.64036043068183,1.01890164826202,6.41009261015258,1.28046385970901,3.51990863201886,0.464387063887674,3.02582233963065,0.458792700842943
-33,18,"GRANODIORITE [21995]",51.8970838007935,107.078658989299,12.3790772370098,50.1017852891993,10.2330686895891,1.7929573107609,9.77398210402759,1.37512943034979,8.44477272904972,1.6405349662478,4.49452337634777,0.675985828441813,4.33234722386437,0.581302832362589
39,43,"GRANODIORITE [22007]",29.1,51.9,5.89,19.3,3.57,0.89,3.39,0.52,2.81,0.66,2.02,0.32,2.08,0.31
39,43,"GRANODIORITE [22007]",29.5,56.2,6.21,27.7,3.94,0.89,3.55,0.53,3.02,0.59,2.2,0.34,2.53,0.33
39,43,"GRANODIORITE [22007]",24.9,38.5,4.34,15.5,2.4,0.88,2.27,0.32,2.02,0.41,1.15,0.13,1.63,0.26
39,43,"GRANODIORITE [22007]",26.2,41.2,4.6,18.3,2.87,0.87,2.79,0.44,2.71,0.59,1.44,0.22,1.86,0.21
39,43,"GRANODIORITE [22007]",30.9,54.7,5.99,20.3,3.66,0.78,3.7,0.55,3.55,0.63,2.22,0.28,1.89,0.35
39,43,"GRANODIORITE [22007]",21.5,37.1,3.93,16.6,2.74,0.68,2.41,0.33,2.04,0.41,1.28,0.19,1.3,0.27
39,43,"GRANODIORITE [22007]",45.4,65.3,5.88,21.1,3.42,0.92,2.88,0.4,2.31,0.58,1.63,0.25,1.76,0.32
39,43,"GRANODIORITE [22007]",41.4,60.6,5.99,19.9,3.71,0.85,2.84,0.44,2.47,0.56,1.5,0.26,1.5,0.22
39,43,"GRANODIORITE [22007]",25.9,44.9,4.99,18.4,3.3,0.82,2.72,0.46,2.55,0.57,1.81,0.19,1.61,0.23
39,43,"GRANODIORITE [22007]",25,44,4.47,16.5,2.53,0.68,2.51,0.38,2.33,0.63,1.52,0.18,1.77,0.27
39,43,"GRANODIORITE [22007]",29.2,50.2,5.35,22.5,3.06,0.87,2.81,0.46,2.36,0.55,1.7,0.24,1.84,0.29
39,43,"GRANODIORITE [22007]",22.5,40.3,4.59,17.7,3.02,0.78,2.81,0.48,2.5,0.6,1.62,0.22,1.75,0.28
39,43,"GRANODIORITE [22007]",22.7,40.5,4.82,17.4,3.54,0.91,3.33,0.49,3.62,0.61,1.74,0.32,2.37,0.31
39,43,"GRANODIORITE [22007]",26.8,48.1,4.72,15.4,2.82,0.73,2.57,0.44,2.68,0.66,1.76,0.3,1.83,0.29
39,43,"GRANODIORITE [22007]",20.6,37.2,3.91,15.2,2.52,0.65,2.26,0.34,2.84,0.49,1.42,0.24,1.85,0.23
39,43,"GRANODIORITE [22007]",20.8,39,4.59,15.1,3.24,0.77,3.36,0.61,3.26,0.73,2.4,0.38,2.98,0.4
39,43,"GRANODIORITE [22007]",36.7,62.7,6.19,19.4,3.56,0.95,3.13,0.48,2.66,0.46,1.53,0.26,1.75,0.28
39,43,"GRANODIORITE [22007]",47.5,74.8,7.02,22,3.85,0.96,3.27,0.53,2.98,0.6,1.84,0.29,1.96,0.3
39,43,"GRANODIORITE [22007]",19.6,36.4,4,18.4,2.79,0.82,2.89,0.45,3.58,0.55,1.89,0.29,2.55,0.33
39,43,"GRANODIORITE [22007]",34.3,60.3,6.16,17,2.9,0.94,3.51,0.5,3.22,0.62,1.49,0.28,1.68,0.3
39,43,"GRANODIORITE [22007]",24.5,41,4.24,15.6,2.5,0.75,2.18,0.33,1.98,0.39,1.2,0.2,1.28,0.22
39,43,"GRANODIORITE [22007]",31,53.8,5.79,21.4,3.63,1.02,3.35,0.52,3.27,0.58,1.61,0.27,1.87,0.31
42.3711,124.6506,"GRANODIORITE [22011]",33.7,61.4,6.95,28,4.76,1.33,3.81,0.5,2.76,0.52,1.14,0.18,1.26,0.18
42.3711,124.6506,"GRANODIORITE [22011]",36.7,67.7,7.67,28.4,4.9,1.36,3.92,0.47,2.64,0.5,1.12,0.18,1.23,0.2
42.3711,124.6506,"GRANODIORITE [22011]",39.8,79.1,9.42,35.5,5.28,1.32,3.94,0.44,2.1,0.34,0.71,0.11,0.74,0.11
42.3711,124.6506,"GRANODIORITE [22011]",35.6,73.8,8.6,33.6,5.04,1.48,3.82,0.43,1.96,0.3,0.64,0.12,0.68,0.1
44,113,"GRANODIORITE [22037]",37.5,68.7,8.4,29.5,5.57,1.27,4.86,0.843,4.5,0.894,2.61,0.477,2.84,0.448
44,113,"GRANODIORITE [22037]",23.3,49.1,5.58,21.3,4.43,1.29,3.56,0.696,3.97,0.779,2.38,0.425,2.68,0.406
44,113,"GRANODIORITE [22037]",22,45.4,5.76,23.1,5,1.33,4.3,0.852,4.86,1.01,3.05,0.546,3.25,0.498
44,113,"GRANODIORITE [22037]",24.5,49.9,6.23,25.5,5.43,1.83,5.19,0.997,5.75,1.13,3.52,0.542,3.48,0.547
44,113,"GRANODIORITE [22037]",28.4,55.3,6.85,26.7,5.26,1.69,4.24,0.814,4.58,0.877,2.69,0.485,2.91,0.448
44,113,"GRANODIORITE [22037]",27,48.5,6.54,25.3,5.57,1.21,4.68,0.926,5.64,1.13,3.5,0.648,4.08,0.623
44,113,"GRANODIORITE [22037]",22.9,44.3,5.48,22,4.65,1.59,3.8,0.741,4.38,0.87,2.63,0.464,2.9,0.446
44,113,"GRANODIORITE [22037]",28.5,54.5,7.09,28.1,5.68,1.61,4.87,0.946,5.29,1.07,3.25,0.587,3.57,0.54
44,113,"GRANODIORITE [22037]",12.4,31.9,3.51,14.8,3.56,1.13,3.06,0.651,4.21,0.865,2.43,0.478,3.01,0.449
44,113,"GRANODIORITE [22037]",15,30.5,4.27,17.5,3.97,0.923,3.39,0.7,4.42,0.896,2.54,0.483,3.09,0.454
44,113,"GRANODIORITE [22037]",16.6,26.7,3.73,14.5,3.2,1,2.71,0.542,3.47,0.694,1.99,0.401,2.56,0.392
44,113,"GRANODIORITE [22037]",26.2,48.7,6.41,25.5,5.34,1.33,4.62,0.889,5.47,1.1,3.09,0.588,3.59,0.547
44,113,"GRANODIORITE [22037]",15.1,34.7,5.03,21.5,4.56,1.32,3.77,0.724,4.1,0.801,2.27,0.426,2.58,0.403
44,113,"GRANODIORITE [22037]",16,35.3,4.83,19.6,4.27,1.06,3.88,0.736,4.28,0.837,2.61,0.412,2.67,0.416
32.6,130.78,"GRANODIORITE [7292]",23.9,44.7,4.5,18.2,3.37,1.09,2.81,0.42,2.1,0.38,1,0.15,0.96,0.16
32.6,130.78,"GRANODIORITE [7292]",23.3,42.6,4.22,17.1,3.06,1.06,2.61,0.39,2,0.36,0.95,0.14,0.9,0.14
32.6,130.78,"GRANODIORITE [7292]",28.1,51.1,4.99,19.3,3.26,0.98,2.69,0.4,1.96,0.36,0.94,0.14,0.96,0.15
32.6,130.78,"GRANODIORITE [7292]",30.3,52,4.77,17.8,2.84,0.89,2.3,0.33,1.62,0.28,0.74,0.11,0.71,0.11
48.2167,-69.6742,"GRANODIORITE [22071]",14.4,28.3,3.32,11.77,2.42,0.582,2.33,0.35,1.96,0.39,1.19,0.177,1.07,0.161
48.2167,-69.6742,"GRANODIORITE [22071]",13,25.7,2.98,11.1,2.26,0.585,2.05,0.32,1.9,0.36,0.9,0.123,0.78,0.123
48.2122,-69.7466,"GRANODIORITE [22071]",31.6,69.8,6.52,23.9,3.72,0.907,2.71,0.4,2.19,0.4,1.14,0.169,1.14,0.183
48.1603,-69.7109,"GRANODIORITE [22071]",17.8,34.5,3.84,14,2.21,0.441,1.76,0.29,1.61,0.26,0.75,0.129,0.94,0.142
48.6168,-69.3171,"GRANODIORITE [22071]",18.3,37.3,4.34,17.6,3.35,1.14,2.87,0.47,2.83,0.54,1.63,0.265,1.65,0.256
48.6131,-69.3136,"GRANODIORITE [22071]",20.6,43.4,4.77,18.5,3.51,1.05,2.84,0.4,2.42,0.48,1.35,0.214,1.46,0.22
48.229,-69.6615,"GRANODIORITE [22071]",59.3,122,15.7,64.4,14.5,4.29,11.3,1.76,9.25,1.71,4.51,0.608,3.49,0.461
38,90,"GRANODIORITE [22084]",87.3,138,17.4,59.3,11.3,1.77,9.73,1.51,7.93,1.55,4.8,0.72,5.2,0.79
38,90,"GRANODIORITE [22084]",65.1,120,15.6,56.1,11,1.38,10,1.83,10.5,2.33,5.95,1.19,6.26,0.9
38,90,"GRANODIORITE [22084]",42.5,90.7,10.4,37.6,7.19,1.32,6.38,1.11,6.15,1.35,3.33,0.62,3.3,0.48
38,90,"GRANODIORITE [22084]",57.1,102,10.7,36,8.98,0.64,9.39,1.71,11.1,2.45,8.11,1.36,9.43,1.67
38,90,"GRANODIORITE [22084]",34,69.6,8.64,33.1,6.66,1.16,5.75,0.99,5.28,1.12,2.68,0.5,2.7,0.36
38,90,"GRANODIORITE [22084]",39.2,80,9.68,36.9,7.07,1.37,6.13,1.02,5.44,1.17,2.73,0.49,2.56,0.32
38,90,"GRANODIORITE [22084]",45.3,95.1,11.7,45,8.73,1.66,7.2,1.15,5.74,1.17,2.7,0.47,2.64,0.32
83,-32.5,"GRANODIORITE [22092]",2,4.4,0.5,2.1,0.47,0.23,0.46,0.08,0.42,0.08,0.28,0.05,0.38,0.068
32.6882,107.0053,"GRANODIORITE [22106]",20.9,45.9,5.81,21.6,4.13,0.99,3.34,0.49,2.82,0.54,1.47,0.21,1.44,0.23
32.6882,107.0053,"GRANODIORITE [22106]",25.9,48,5.46,19.5,3.42,0.93,2.93,0.42,2.44,0.45,1.27,0.18,1.3,0.21
32.6882,107.0053,"GRANODIORITE [22106]",28.1,55.8,6.67,23.8,4.13,1,3.47,0.47,2.73,0.54,1.5,0.21,1.48,0.24
32.6882,107.0053,"GRANODIORITE [22106]",19.6,42.6,5.48,20,3.7,0.97,3.08,0.45,2.65,0.51,1.47,0.21,1.48,0.24
-30.3226,18.0902,"GRANODIORITE [22153]",112,251.2,29.78,113,18.84,3.197,14.22,1.972,11.49,2.17,6.075,0.818,5.357,0.763
-30.3882,17.6887,"GRANODIORITE [22153]",81.75,184.2,20.57,77.49,13.93,1.989,11.38,1.742,10.75,2.108,6.274,0.949,6.44,0.927
-30.4108,18.5196,"GRANODIORITE [22153]",95.5,205.8,23.79,88.93,15.92,2.511,12.63,1.835,11.02,2.08,6.044,0.853,5.516,0.763
40.3678,118.9023,"GRANODIORITE [22209]",39.8,73.6,8.47,30.7,4.33,1.26,3.42,0.462,1.99,0.346,0.974,0.146,0.861,0.122
40.2423,118.8139,"GRANODIORITE [22209]",19.3,35.5,4.1,15.7,2.71,0.822,2.32,0.374,2.01,0.395,1.13,0.195,1.27,0.186
48,-69,"GRANODIORITE [22214]",98,220,28.7,123,24.2,5.72,20.2,2.94,16.8,3.08,8.63,1.19,7.31,1.12
-64.7722,-64.0872,"GRANODIORITE [22217]",6.26,16.9,2.04,11.1,2.44,0.75,3.08,0.56,3.44,0.82,2.36,0.4,2.59,0.46
-64.7698,-64.0896,"GRANODIORITE [22217]",8.5,21,2.81,14.6,3.08,0.82,3.93,0.68,4.35,1.01,2.84,0.5,3,0.53
-64.7711,-64.0877,"GRANODIORITE [22217]",7.42,18.3,2.32,12.2,2.71,0.75,3.39,0.62,3.81,0.88,2.49,0.44,2.71,0.48
-65.0649,-64.0353,"GRANODIORITE [22217]",31.6,61.2,7.46,27.5,5,0.97,4.84,0.76,4.51,0.94,2.37,0.44,2.87,0.45
44.6748,129.5732,"GRANODIORITE [22224]",25.9,43.9,5.2,18.2,3.16,0.866,2.56,0.368,1.84,0.331,0.931,0.166,0.998,0.148
44.6748,129.5732,"GRANODIORITE [22224]",26.1,43.5,5.01,18.3,3.2,0.749,2.52,0.375,1.85,0.33,0.93,0.162,1.01,0.155
44.6748,129.5732,"GRANODIORITE [22224]",28.6,49.6,5.63,20,3.34,0.85,2.72,0.411,2.05,0.379,1.04,0.168,1.11,0.166
44.6748,129.5732,"GRANODIORITE [22224]",27.9,49.7,5.7,20.4,3.39,0.897,2.89,0.4,2.14,0.357,1.02,0.194,1.12,0.18
44.6768,129.5791,"GRANODIORITE [22224]",26.5,42.6,5.27,18.6,3.25,0.827,2.62,0.379,1.97,0.341,0.955,0.164,1.11,0.164
44.6408,129.3776,"GRANODIORITE [22224]",21,36.2,4.54,15.8,2.84,0.919,2.54,0.429,2.4,0.453,1.34,0.236,1.62,0.245
44.6408,129.3776,"GRANODIORITE [22224]",18.8,34.3,4.49,16.5,3.21,0.927,2.76,0.464,2.64,0.507,1.51,0.294,1.89,0.262
44.6408,129.3776,"GRANODIORITE [22224]",23.9,43.4,5.27,19.2,3.64,0.972,3.08,0.537,3.21,0.592,1.73,0.315,2.02,0.301
39.5,31.5,"GRANODIORITE [22231]",17,34.9,4.18,16.2,3.82,0.97,3.82,0.68,4.15,0.89,2.66,0.43,2.9,0.45
39.5,31.5,"GRANODIORITE [22231]",16.6,35.4,4.07,16,3.65,0.96,3.77,0.67,4.04,0.87,2.79,0.43,2.93,0.45
39.5,31.5,"GRANODIORITE [22231]",16.9,34.8,4.28,17,3.92,0.98,3.98,0.69,4.32,0.92,2.79,0.44,3.02,0.47
39.5,31.5,"GRANODIORITE [22231]",16.2,33.2,4.12,16.8,3.68,0.95,3.76,0.69,4.05,0.92,2.78,0.43,2.8,0.45
39.5,31.5,"GRANODIORITE [22231]",20,36,3.93,13.5,2.69,0.83,2.49,0.43,2.44,0.52,1.64,0.25,1.7,0.27
39.5,31.5,"GRANODIORITE [22231]",26.2,44.3,4.25,15.1,2.63,0.75,2.23,0.38,2.07,0.46,1.34,0.22,1.59,0.25
39.5,31.5,"GRANODIORITE [22231]",24.3,43.5,4.56,16.4,3.19,0.84,2.79,0.48,2.77,0.57,1.77,0.27,1.85,0.29
39.5,31.5,"GRANODIORITE [22231]",24.2,42.4,4.55,17.3,3.18,0.89,2.98,0.5,2.76,0.59,1.76,0.29,1.95,0.29
39.5,31.5,"GRANODIORITE [22231]",25.4,43.3,4.35,15.3,2.87,0.78,2.43,0.41,2.34,0.52,1.56,0.25,1.59,0.28
39.5,31.5,"GRANODIORITE [22231]",23,41.6,4.58,17.2,3.2,0.91,2.92,0.51,3.06,0.66,1.93,0.3,2.11,0.32
39.5,31.5,"GRANODIORITE [22231]",32.8,48.2,4.39,13.8,2.49,0.71,2.14,0.35,2.01,0.44,1.34,0.23,1.54,0.25
39.5,31.5,"GRANODIORITE [22231]",24.2,42.3,4.49,15.4,3.11,0.86,2.86,0.48,2.93,0.58,1.78,0.27,1.83,0.29
39.5,31.5,"GRANODIORITE [22231]",21.4,39.9,4.37,16.3,3.21,0.95,3.06,0.52,3.01,0.64,1.89,0.3,1.86,0.3
39.5,31.5,"GRANODIORITE [22231]",26.9,46.9,4.8,16.6,3.15,0.85,2.73,0.46,2.7,0.58,1.63,0.27,1.81,0.28
39.5,31.5,"GRANODIORITE [22231]",37.8,75.3,8.08,27.2,4.67,1.15,3.37,0.51,2.77,0.55,1.57,0.22,1.76,0.27
39.5,31.5,"GRANODIORITE [22231]",32.4,62.7,7.03,26.5,4.41,1.16,3.62,0.51,2.94,0.56,1.65,0.21,1.76,0.26
39.5,31.5,"GRANODIORITE [22231]",32.2,62.1,6.77,24.8,3.67,1,2.88,0.42,2.21,0.4,1.31,0.18,1.39,0.23
39.5,31.5,"GRANODIORITE [22231]",34.3,66,7.29,27.8,4.23,1.1,3.26,0.47,2.62,0.55,1.43,0.21,1.54,0.25
39.5,31.5,"GRANODIORITE [22231]",34.7,67,7.34,27.2,4.19,1.13,3.27,0.47,2.42,0.52,1.54,0.21,1.67,0.25
39.5,31.5,"GRANODIORITE [22231]",32.5,63.5,7.09,27.3,4.42,1.09,3.29,0.47,2.3,0.51,1.32,0.19,1.4,0.22
39.5,31.5,"GRANODIORITE [22231]",37.8,76.8,8.12,29.1,4.74,1.24,3.61,0.51,2.77,0.52,1.46,0.2,1.54,0.26
39.5,31.5,"GRANODIORITE [22231]",36.5,71.8,7.87,30.2,4.64,1.17,3.27,0.48,2.56,0.51,1.39,0.18,1.62,0.23
39.5,31.5,"GRANODIORITE [22231]",42.3,82.6,8.79,32.5,5.14,1.28,3.51,0.52,2.73,0.52,1.56,0.2,1.63,0.24
39.5,31.5,"GRANODIORITE [22231]",36.7,70.8,7.54,29.6,4.67,1.17,3.52,0.53,2.98,0.58,1.76,0.23,1.81,0.25
39.5,31.5,"GRANODIORITE [22231]",38.8,76.6,8.28,32,4.99,1.28,3.74,0.53,2.68,0.54,1.56,0.23,1.59,0.24
39.5,31.5,"GRANODIORITE [22231]",40,77.1,8.23,30.9,4.6,1.15,3.58,0.48,2.45,0.48,1.46,0.18,1.54,0.25
39.5,31.5,"GRANODIORITE [22231]",67.6,139.5,14.72,54.7,8.17,2.04,5.5,0.71,3.65,0.64,1.83,0.23,1.83,0.26
39.5,31.5,"GRANODIORITE [22231]",24.1,45.4,4.99,19.3,3.13,0.82,2.34,0.35,1.95,0.36,1.08,0.14,1.22,0.18
39.5,31.5,"GRANODIORITE [22231]",33.8,65.2,6.86,24.4,4.11,1.02,3.05,0.46,2.52,0.46,1.4,0.18,1.49,0.22
39.5,31.5,"GRANODIORITE [22231]",23.1,45.5,4.9,17.1,2.78,0.73,2.09,0.28,1.31,0.25,0.74,0.11,0.81,0.12
39.5,31.5,"GRANODIORITE [22231]",71.5,138.1,14.86,53.4,8,1.96,5.87,0.76,3.64,0.66,1.88,0.31,2.01,0.3
39.5,31.5,"GRANODIORITE [22231]",37.2,72.5,7.88,28.7,4.64,1.14,3.54,0.5,2.59,0.51,1.35,0.22,1.49,0.22
39.5,31.5,"GRANODIORITE [22231]",27.8,54.6,6.02,22.1,3.37,0.89,2.48,0.33,1.7,0.28,0.76,0.11,0.91,0.13
39.5,31.5,"GRANODIORITE [22231]",58.2,113.3,12.27,43.8,6.44,1.71,4.47,0.57,2.76,0.47,1.35,0.19,1.29,0.18
39.5,31.5,"GRANODIORITE [22231]",71.5,138.2,14.79,53.3,7.95,1.99,5.59,0.71,3.46,0.6,1.67,0.24,1.68,0.23
39.5,31.5,"GRANODIORITE [22231]",75.1,137.5,15.15,53.7,7.8,1.89,5.68,0.68,3.12,0.55,1.56,0.22,1.51,0.22
39.5,31.5,"GRANODIORITE [22231]",2.5,6.3,0.81,3.5,0.92,0.27,1.16,0.21,1.38,0.3,1.02,0.19,1.54,0.27
39.5,31.5,"GRANODIORITE [22231]",39.4,78.6,8.7,30.9,5.02,1.29,3.97,0.55,2.69,0.54,1.59,0.25,1.91,0.26
39.5,31.5,"GRANODIORITE [22231]",40.9,79.1,8.99,33.6,5.43,1.34,4.12,0.56,2.87,0.55,1.73,0.27,2.11,0.34
39.5,31.5,"GRANODIORITE [22231]",28.8,58.2,6.94,26.6,5.06,1.28,4.21,0.6,3.05,0.57,1.71,0.24,1.63,0.23
39.5,31.5,"GRANODIORITE [22231]",43.3,83.6,9.3,34.1,5.42,1.33,4.14,0.53,2.69,0.5,1.4,0.22,1.48,0.22
39.5,31.5,"GRANODIORITE [22231]",49.6,96.7,16.64,39.3,5.75,1.42,4.45,0.56,2.84,0.51,1.47,0.23,1.49,0.22
39.5,31.5,"GRANODIORITE [22231]",17.7,38,4.48,17.2,3.39,0.89,3.13,0.52,3.14,0.62,1.99,0.3,2.22,0.36
39.5,31.5,"GRANODIORITE [22231]",20.8,43.7,5.35,21.6,4.03,1.07,3.64,0.59,3.28,0.7,2.13,0.34,2.37,0.37
39.5,31.5,"GRANODIORITE [22231]",20.2,42.9,5.46,21.7,3.99,1.06,3.46,0.6,3.23,0.72,2.23,0.37,2.46,0.41
39.5,31.5,"GRANODIORITE [22231]",25.6,49.5,5.25,19.7,3.15,0.84,2.8,0.47,2.69,0.53,1.75,0.28,1.96,0.3
39.5,31.5,"GRANODIORITE [22231]",15.7,36.2,4.5,18.7,3.5,0.96,3.29,0.56,3.23,0.65,2.06,0.33,2.25,0.37
39.5,31.5,"GRANODIORITE [22231]",11.1,22,2.34,9,1.67,0.4,1.5,0.25,1.36,0.28,0.83,0.13,0.89,0.16
39.5,31.5,"GRANODIORITE [22231]",4.9,9.5,1.06,4.2,1.03,0.52,1.03,0.2,1.2,0.25,0.83,0.12,0.9,0.14
39.5,31.5,"GRANODIORITE [22231]",19.4,37.4,4.04,15,2.53,0.63,2.24,0.36,2.09,0.43,1.34,0.23,1.66,0.27
39.5,31.5,"GRANODIORITE [22231]",12.9,25.1,2.9,11.1,2.12,0.79,2.01,0.36,1.97,0.44,1.33,0.22,1.61,0.26
39.5,31.5,"GRANODIORITE [22231]",36.1,69.4,7.14,25.6,3.85,0.99,3.1,0.53,2.84,0.59,1.88,0.32,2.07,0.34
35,50,"GRANODIORITE [22241]",8.43,19.6,2.33,10.5,2.75,0.95,3.31,0.605,4.1,0.914,2.79,0.412,2.81,0.198
35,50,"GRANODIORITE [22241]",5.23,10.3,1.24,5.07,1.31,0.905,1.84,0.325,2.22,0.507,1.56,0.258,1.67,0.198
35,50,"GRANODIORITE [22241]",10.8,28.2,4.3,21.3,6.22,1.1,7.86,1.45,9.64,2.07,6.11,0.901,5.7,0.198
34,106,"GRANODIORITE [22245]",31.9,59.8,6.6,23.8,3.7,1.11,2.86,0.37,1.63,0.31,0.74,0.1,0.57,0.1
34,106,"GRANODIORITE [22245]",31.8,59.1,6.37,22.7,3.44,1.07,2.97,0.37,1.53,0.31,0.77,0.1,0.61,0.1
34,106,"GRANODIORITE [22245]",31.6,57.1,5.95,21.3,3.51,0.95,2.39,0.32,1.41,0.27,0.64,0.09,0.59,0.1
34,106,"GRANODIORITE [22245]",29.8,55.3,5.84,20.8,3.53,1.04,2.71,0.38,1.62,0.32,0.78,0.11,0.68,0.11
29.3889,89.0394,"GRANODIORITE [22246]",14.2,27.48,3.05,12,2.23,0.88,2.16,0.36,2.04,0.44,1.29,0.23,1.41,0.21
29.3889,89.0394,"GRANODIORITE [22246]",12.28,24.04,2.75,11.07,2.19,0.88,2.2,0.39,2.14,0.47,1.34,0.24,1.43,0.21
29.3889,89.0394,"GRANODIORITE [22246]",13.87,27.08,3.09,12.33,2.34,0.93,2.41,0.41,2.28,0.49,1.44,0.25,1.56,0.23
29.3889,89.0394,"GRANODIORITE [22246]",10.68,20.57,2.35,9.47,1.85,0.71,1.85,0.32,1.81,0.39,1.16,0.21,1.31,0.19
29.3889,89.0394,"GRANODIORITE [22246]",12.21,24.12,2.74,11.02,2.12,0.8,2.14,0.37,2.15,0.49,1.46,0.27,1.63,0.24
29.3731,88.0483,"GRANODIORITE [22246]",19.3,31.99,4.07,18.62,3.43,1.17,3.17,0.46,2.21,0.5,1.44,0.24,1.68,0.26
29.3731,88.0483,"GRANODIORITE [22246]",20.1,29.59,3.45,15.12,2.77,0.99,2.55,0.37,1.73,0.41,1.18,0.22,1.54,0.26
29.3731,88.0483,"GRANODIORITE [22246]",22.28,33.38,4.07,17.94,3.3,1.11,3.07,0.44,2.09,0.46,1.32,0.22,1.51,0.23
29.3731,88.0483,"GRANODIORITE [22246]",18.6,30.15,3.71,16.91,3.14,1.07,2.9,0.41,1.99,0.43,1.27,0.21,1.53,0.22
29.3731,88.0483,"GRANODIORITE [22246]",19.55,30.85,3.73,16.61,2.98,1.01,2.8,0.38,1.88,0.42,1.22,0.2,1.46,0.21
29.3731,88.0483,"GRANODIORITE [22246]",19.44,32.54,4.02,18.19,3.31,1.1,3.11,0.43,2.12,0.47,1.4,0.22,1.62,0.22
29.3731,88.0483,"GRANODIORITE [22246]",22.89,32.52,3.77,16.46,2.92,0.89,2.71,0.36,1.88,0.4,1.21,0.18,1.46,0.2
29.3731,88.0483,"GRANODIORITE [22246]",19.4,30.83,3.77,16.98,3.05,1.01,2.82,0.37,1.86,0.4,1.2,0.18,1.39,0.18
29.3731,88.0483,"GRANODIORITE [22246]",23.26,35.2,4.18,18.85,3.27,1.11,3.06,0.41,2.12,0.45,1.32,0.2,1.58,0.21
29.3731,88.0483,"GRANODIORITE [22246]",28.72,35.59,3.82,16.1,2.78,0.87,2.64,0.34,1.75,0.38,1.13,0.18,1.33,0.18
49.7,89.1,"GRANODIORITE [22268]",61,132,17.5,67,12.3,2,10.5,1.57,9.6,1.78,5.2,0.75,4.7,0.64
-28.33,116.68,"GRANODIORITE [22277]",22.11,40.24,4.34,15.64,2.42,0.79,1.86,0.19,0.8,0.12,0.32,0.04,0.26,0.04
-28.33,116.68,"GRANODIORITE [22277]",17.69,31.55,3.52,13.3,2.21,0.79,1.65,0.18,0.89,0.16,0.44,0.06,0.38,0.06
-28.33,116.68,"GRANODIORITE [22277]",33.19,61.11,6.46,22.99,3.38,0.97,2.5,0.23,0.84,0.1,0.27,0.03,0.2,0.03
-28.33,116.68,"GRANODIORITE [22277]",17.75,30.85,3.14,11.18,1.74,0.65,1.46,0.16,0.76,0.13,0.37,0.05,0.38,0.06
-28.33,116.68,"GRANODIORITE [22277]",22.91,44.67,4.26,15.77,2.63,0.88,1.94,0.2,0.9,0.15,0.39,0.05,0.35,0.05
-28.33,116.68,"GRANODIORITE [22277]",39.44,62.26,7.08,26.39,3.82,1.17,2.89,0.3,1.4,0.25,0.67,0.09,0.53,0.08
-28.33,116.68,"GRANODIORITE [22277]",26.8,40.96,4.91,17.79,2.72,0.83,2.36,0.26,1.24,0.23,0.62,0.08,0.57,0.09
-28.33,116.68,"GRANODIORITE [22277]",23.96,41.11,4.57,16.02,2.38,0.79,1.91,0.2,0.88,0.14,0.39,0.05,0.34,0.06
-28.33,116.68,"GRANODIORITE [22277]",24.24,42.52,4.65,17.37,2.76,0.85,2.03,0.22,1.09,0.2,0.55,0.08,0.5,0.07
-28.33,116.68,"GRANODIORITE [22277]",26.9,48.83,5.23,19.28,3.1,0.95,2.2,0.22,0.98,0.16,0.41,0.05,0.34,0.05
-28.33,116.68,"GRANODIORITE [22277]",28.01,51.14,5.35,18.85,2.84,0.87,2.05,0.21,0.96,0.16,0.41,0.05,0.34,0.05
52.8,-90.75,"GRANODIORITE [22286]",9.79836634040639,17.0613622286394,2.0367072961787,7.796793587081,1.89115382520223,0.614066605173747,1.8687081349841,0.333994370670782,1.92549578877735,0.394910072959128,1.14631095264393,0.189799467158188,1.15755391711739,0.10155102579063
35.2467,137.2508,"NOT GIVEN [7462]",28,56,6.9,24,4.7,0.96,4.2,0.9,5.4,0.9,2.9,0.6,5,0.6
28.5,99,"GRANODIORITE [22307]",37.07,72.77,8.472,32.08,5.932,1.468,4.794,0.641,3.484,0.68,1.761,0.247,1.628,0.238
28.5,99,"GRANODIORITE [22307]",28.63,56.96,7.06,27.58,5.604,1.393,4.541,0.626,3.449,0.68,1.746,0.246,1.577,0.242
28.5,99,"GRANODIORITE [22307]",28.33,54.36,6.324,23.29,4.54,1.157,4.194,0.636,3.763,0.772,2.098,0.306,1.99,0.299
28.5,99,"GRANODIORITE [22307]",41.07,78.99,9.041,33.86,6.591,1.53,5.378,0.742,3.968,0.778,2.038,0.281,1.814,0.276
28.5,99,"GRANODIORITE [22307]",18.96,38,4.501,17.9,4.224,1.11,3.959,0.642,3.857,0.798,2.214,0.319,2.062,0.323
28.5,99,"GRANODIORITE [22307]",31.44,63.48,7.579,29.61,6.097,1.492,4.968,0.711,3.866,0.75,1.951,0.28,1.752,0.275
28.5,99,"GRANODIORITE [22307]",34.93,69.25,8.315,31.96,6.505,1.507,5.336,0.754,4.126,0.811,2.1,0.301,1.903,0.296
29.33,91.68,"GRANODIORITE [22309]",22.6,48.33,5.55,20.79,4.11,0.94,3.86,0.56,3.39,0.67,1.95,0.29,1.92,0.29
29.44,91.88,"GRANODIORITE [22309]",20.68,38.98,4.22,15.1,2.8,0.91,2.79,0.4,2.47,0.5,1.49,0.22,1.49,0.23
36,98,"GRANODIORITE [22311]",39.6,68.4,7.2,25,4.34,1.15,3.88,0.72,4.07,0.8,2.66,0.39,2.66,0.42
36,98,"GRANODIORITE [22311]",28.8,49.6,5.52,20.2,3.76,1.14,3.52,0.7,4.07,0.83,2.46,0.4,2.59,0.42
36,98,"GRANODIORITE [22311]",33,59.4,6.41,23.3,4.42,1.22,4.17,0.81,4.87,0.96,2.92,0.46,3.11,0.48
36,98,"GRANODIORITE [22311]",37,63.9,6.8,24,4.11,1.13,3.84,0.64,4.16,0.81,2.59,0.41,2.81,0.43
36,98,"GRANODIORITE [22311]",23.5,43,4.88,18.8,3.61,1.01,3.64,0.69,4.1,0.84,2.61,0.39,2.7,0.44
36,98,"GRANODIORITE [22311]",31.7,56.4,5.95,20.9,3.91,1.09,3.69,0.66,4.32,0.81,2.56,0.42,2.72,0.41
36,98,"GRANODIORITE [22311]",18.8,36.5,4.17,16.2,3.45,0.99,3.27,0.62,3.92,0.79,2.42,0.41,2.67,0.42
36,98,"GRANODIORITE [22311]",30.9,54,6,21.1,3.9,1.03,3.74,0.67,4.15,0.81,2.68,0.43,2.78,0.45
36,98,"GRANODIORITE [22311]",16.9,31.3,3.7,14.6,3.2,0.98,3.23,0.62,4.07,0.81,2.58,0.46,2.82,0.47
36,98,"GRANODIORITE [22311]",46.1,80.7,8.51,28.5,4.43,1.17,4.2,0.69,4.4,0.85,2.71,0.44,3.05,0.47
35.9518,45.7663,"GRANODIORITE [22312]",19.6,34,3.4,11.8,2.41,0.46,1.76,0.28,2.15,0.42,1.36,0.19,1.6,0.22
35.0983,47.2888,"GRANODIORITE [22312]",35.3,81.8,9.38,36.4,7.97,1.76,8.34,1.55,9.59,2.04,6,0.93,6.46,0.99
35.0983,47.2888,"GRANODIORITE [22312]",35.5,80.5,9.44,35.7,8.09,1.77,8.82,1.6,9.64,2.15,6.2,0.95,6.19,1.06
34.0558,48.7323,"GRANODIORITE [22312]",15.2,43.3,6.51,28.4,6.67,1.49,6.11,1,5.88,1.19,3.29,0.48,2.88,0.41
34.0558,48.7323,"GRANODIORITE [22312]",31.3,74.5,9.48,38.6,7.95,1.57,7.19,1.2,6.26,1.33,3.63,0.56,3.44,0.47
33.49,49.6639,"GRANODIORITE [22312]",32.9,69.5,7.47,29.2,6.39,0.96,5.52,0.76,4.89,0.82,2.41,0.37,2.27,0.29
33.4361,49.6866,"GRANODIORITE [22312]",60.5,122,13.1,51.5,11.95,1.08,8.77,1.3,7.93,1.43,4.14,0.52,3.81,0.47
33.4361,49.6866,"GRANODIORITE [22312]",29,61.9,6.99,26.4,6.18,0.87,4.83,0.74,4.44,0.84,2.68,0.36,2.64,0.33
39,112,"GRANODIORITE [22315]",33,57.5,6.23,21.4,3.34,0.92,2.8,0.35,1.84,0.35,0.89,0.12,0.78,0.11
39,112,"GRANODIORITE [22315]",37.1,67.4,7.19,25,4.09,0.96,3.49,0.44,2.27,0.42,1.09,0.16,1,0.15
39,112,"GRANODIORITE [22315]",44.8,78.2,8.5,28.5,4.45,0.98,3.76,0.46,2.32,0.43,1.13,0.16,1.01,0.15
39,112,"GRANODIORITE [22315]",32.5,54.5,5.82,19.5,3.06,0.79,2.64,0.32,1.57,0.28,0.69,0.09,0.53,0.08
39,112,"GRANODIORITE [22315]",37.9,64.5,6.57,21.8,3.26,0.82,2.81,0.3,1.43,0.25,0.59,0.08,0.49,0.07
39,112,"GRANODIORITE [22315]",51.4,88.7,9.33,31.2,4.62,1.02,4.01,0.45,2.28,0.42,1.07,0.15,0.96,0.14
46.5448,90.2552,"GRANODIORITE [22316]",20.56,50.34,6.8,30.89,7.19,1.29,7.22,1.08,6.79,1.38,3.93,0.58,3.64,0.52
46.5448,90.2552,"GRANODIORITE [22316]",11.2,27.69,3.85,18.69,4.74,1.29,4.82,0.72,4.55,0.93,2.56,0.36,2.28,0.33
46.5448,90.2552,"GRANODIORITE [22316]",12.57,30.68,4.19,19.84,4.92,1.24,4.92,0.73,4.64,0.94,2.64,0.38,2.4,0.35
46.5466,90.2567,"GRANODIORITE [22316]",26.14,53.7,6.02,24.03,5.05,1.24,4.93,0.73,4.53,0.93,2.73,0.41,2.72,0.42
46.5466,90.2567,"GRANODIORITE [22316]",26.39,54.82,6.2,24.94,5.41,1.13,5.38,0.8,5.03,1.02,2.96,0.44,2.85,0.44
25.8462,100.1023,"GRANODIORITE [22327]",26.3,51.5,5.57,20.8,3.685,1.065,3.275,0.5525,2.905,0.5705,1.65,0.2665,1.715,0.247
26,100,"GRANODIORITE [22327]",134,216,22.9,79.9,9.06,1.71,6.07,0.718,2.97,0.481,1.25,0.167,1.03,0.157
26,100,"GRANODIORITE [22327]",57.8,99,11,35.3,5.63,1.29,4.18,0.53,2.3,0.415,0.982,0.141,0.987,0.118
25.846,100.0873,"GRANODIORITE [22327]",80.4,164,14.9,50.8,7.43,1.29,5.9,0.813,4.41,0.778,1.79,0.32,1.76,0.279
26,100,"GRANODIORITE [22327]",68.7,129,13.2,46.1,7.41,1.28,6.27,0.877,4.92,0.97,2.35,0.42,2.22,0.344
26,100,"GRANODIORITE [22327]",75.8,148,14.2,51.4,7.25,1.26,5.94,0.85,5.15,0.899,2.36,0.421,2.14,0.353
25.8454,100.0827,"GRANODIORITE [22327]",101,167,18.7,66.9,8.14,1.78,6.4,0.803,3.55,0.594,1.67,0.24,1.61,0.237
30.5,118,"GRANODIORITE [22334]",27.8469748209814,56.8989447449585,6.61144220113897,24.1505522213115,4.45485973416924,1.04288798111114,3.55010430392356,0.500526298129138,2.77151179588491,0.498038024973985,1.43398220241417,0.202297139782423,1.33586400099871,0.204547674712961
30.5,118,"GRANODIORITE [22334]",34.728225577392,69.0665754507646,7.78387151709518,29.0217978639401,5.3000067698939,1.23886660051207,4.23939985464563,0.588871921647507,3.22809190537553,0.575121289567292,1.64898678249302,0.24083248083802,1.54785541121009,0.24834100109214
30.5,118,"GRANODIORITE [22334]",34.9638549083274,69.9051656742028,7.94899048355223,28.9930999377711,5.1903982000136,1.28862462864261,4.145202095746,0.619314378122272,3.22495851670144,0.583982204844383,1.63337757233852,0.256578249985134,1.53349965340527,0.255097152457852
30.5,118,"GRANODIORITE [22334]",30.8401950509583,61.9424618977877,7.1796071210457,26.9598002134889,4.87720364872054,1.19541545328365,3.85613843294973,0.549225090177108,2.99005241704272,0.534404581860009,1.49216569074404,0.229186940752266,1.47160873368328,0.222022233618158
30.5,118,"GRANODIORITE [22334]",36.6481245313666,72.7499252517526,8.24915268165179,30.2186268549985,5.41206156776948,1.30167575266051,4.09928926600455,0.595613226111755,3.2451724216469,0.559324937323506,1.65261116954423,0.233959407824087,1.55554159583362,0.228098754439179
10.302367324,-74.047654859,"GRANODIORITE [22303]",12,30,3.6,18,4.1,1.3,4.2,0.79,3.8,0.75,2.4,0.51,2.4,0.37
10.939255268,-73.032542073,"GRANODIORITE [22303]",22.8,48.1,5.97,23.5,3.94,1.01,3.08,0.49,2.66,0.55,1.53,0.24,1.6,0.23
10.937577532,-73.033572394,"GRANODIORITE [22303]",24.3,49.7,5.91,17,3.3,1.02,3.6,0.54,3.04,0.54,1.54,0.29,1.7,0.25
10.426693809,-74.031130656,"GRANODIORITE [22303]",13,35,4.1,20,4.6,1.3,4.4,0.87,4.2,0.8,2.6,0.52,2.8,0.43
10.429132626,-74.017987842,"GRANODIORITE [22303]",20,32,2.2,13,1.6,0.76,1.3,0.17,0.83,0.13,0.58,0.16,0.71,0.14
11.039747902,-72.936572468,"GRANODIORITE [22303]",42.1,70.5,7.95,27.2,4.42,1.13,3.46,0.56,3.05,0.6,1.84,0.29,1.97,0.3
11.05072799,-72.936063405,"GRANODIORITE [22303]",29.1,51.2,6.3,19,3.4,1.09,3.08,0.48,2.6,0.53,1.58,0.24,1.53,0.24
11.061614932,-72.930055247,"GRANODIORITE [22303]",29,54,4.7,24,3.6,1.1,3.1,0.46,2.4,0.39,1.4,0.29,1.5,0.25
11.129576568,-73.421019125,"GRANODIORITE [22303]",10.3,23.6,3.53,15,3.8,1.28,4.01,0.67,3.65,0.73,2.14,0.33,2,0.29
11.129576568,-73.421019125,"GRANODIORITE [22303]",8.3,23,3.7,17,5,1.6,5.2,0.92,5.2,1,3.1,0.52,2.9,0.42
10.127609538,-73.905558949,"GRANODIORITE [22303]",41.5,75.5,9.07,34.2,5.82,1.22,5.09,0.83,4.74,0.95,2.81,0.43,2.72,0.39
10.445118852,-73.988748442,"GRANODIORITE [22303]",20.5,37.6,4.63,18.2,3.11,0.83,2.65,0.46,2.63,0.54,1.64,0.28,1.87,0.28
10.462172091,-73.967707994,"GRANODIORITE [22303]",17.7,34.9,4.63,18.9,3.75,1.06,3.32,0.55,3.23,0.69,1.97,0.33,2.08,0.31
65.66092,-37.7429,"GRANODIORITE, BIOTITE-GARNET [22339]",22.2,36.1,3.56,11.22,1.4,1.72,0.62,0.08,0.38,0.07,0.22,0.038,0.33,0.056
39,39,"GRANODIORITE [22350]",5.7,65.8,9.481,37.7,7.35,1.776,4.83,0.633,3.14,0.559,1.43,0.1965,1.32,0.189
39,39,"GRANODIORITE [22350]",6.4,130.9,14.92,48.68,6.97,1.607,3.99,0.529,2.52,0.462,1.21,0.1782,1.17,0.171
39,39,"GRANODIORITE [22350]",11.4,20.9,2.2,8.3,1.6,0.59,1.68,0.27,1.74,0.4,1.17,0.2,1.47,0.23
39,39,"GRANODIORITE [22350]",7.7,16.8,2.1,9.3,2.2,0.65,2.49,0.44,2.88,0.67,1.98,0.32,2.35,0.37
39,39,"GRANODIORITE [22350]",13.7,22,2.5,8.8,1.62,0.58,2.12,0.37,2.13,0.52,1.59,0.27,1.72,0.3
46,85,"GRANODIORITE [22380]",31.3,70.6,8.85,36.9,7.76,1.35,8.06,1.3,7.53,1.62,4.73,0.75,4.91,0.73
46,85,"GRANODIORITE [22380]",22.8,52.9,6.68,29.5,6.36,1.32,6.67,1.1,6.47,1.39,4.07,0.65,4.24,0.63
46,85,"GRANODIORITE [22380]",25.2,59.3,7.37,32.3,7.02,1.62,7.35,1.19,6.98,1.5,4.34,0.67,4.36,0.64
46,85,"GRANODIORITE [22380]",24.4,54.6,6.82,29.9,6.45,1.28,6.63,1.08,6.3,1.33,3.84,0.61,3.93,0.59
46,85,"GRANODIORITE [22380]",26.4,61.6,7.93,37.6,8.1,1.72,8.52,1.37,8.01,1.69,4.77,0.76,4.86,0.72
29.997,92.633,"GRANODIORITE [22396]",42.86,68.32,6.4,20.58,3.59,0.93,2.98,0.4,2.29,0.45,1.33,0.19,1.33,0.2
29.997,92.633,"GRANODIORITE [22396]",19.56,42.54,5.38,21,4.64,1.08,4.12,0.58,3.36,0.68,2.03,0.3,2.02,0.32
29.997,92.633,"GRANODIORITE [22396]",37.2,62.42,6.29,21.04,3.84,0.98,3.23,0.44,2.54,0.5,1.49,0.22,1.46,0.22
29.9997,92.4433,"GRANODIORITE [22396]",23.4,49.24,5.61,20.72,4.23,1.08,3.59,0.51,2.93,0.58,1.7,0.24,1.61,0.24
29.9997,92.4433,"GRANODIORITE [22396]",26.72,52.96,5.89,21.12,4.12,1.06,3.5,0.5,2.83,0.56,1.64,0.23,1.57,0.23
29.9997,92.4433,"GRANODIORITE [22396]",23.74,47.08,5.41,19.88,4,1.03,3.43,0.49,2.8,0.56,1.62,0.23,1.56,0.23
29.98,92.45,"GRANODIORITE [22396]",32.92,59.96,6.31,21.62,4,0.98,3.39,0.48,2.79,0.55,1.65,0.24,1.62,0.24
29.98,92.45,"GRANODIORITE [22396]",29.2,59.08,6.33,22.62,4.35,1.09,3.73,0.54,3.22,0.65,1.93,0.28,1.97,0.29
29.98,92.45,"GRANODIORITE [22396]",19.23,41.76,5.09,19.73,4.25,1.15,3.78,0.55,3.27,0.65,1.96,0.28,1.9,0.28
29.985,92.5233,"GRANODIORITE [22396]",26.82,50.14,5.39,19.25,3.81,1.03,3.3,0.46,2.67,0.53,1.59,0.23,1.56,0.23
29.985,92.5233,"GRANODIORITE [22396]",25.32,47.52,5.18,18.5,3.65,0.98,3.12,0.44,2.54,0.51,1.5,0.22,1.48,0.22
29.985,92.5233,"GRANODIORITE [22396]",24.32,48.3,5.37,19.66,3.97,1.09,3.46,0.48,2.82,0.56,1.64,0.23,1.59,0.24
29.952,92.5242,"GRANODIORITE [22396]",28.52,55.2,6.26,22.48,4.43,1.12,3.88,0.56,3.36,0.68,2.03,0.3,1.99,0.29
29.952,92.5242,"GRANODIORITE [22396]",28.96,56.2,6.33,22.74,4.52,1.12,3.96,0.58,3.44,0.69,2.08,0.3,2.03,0.3
29.952,92.5242,"GRANODIORITE [22396]",27.7,53.6,6.03,21.86,4.29,1.13,3.78,0.54,3.29,0.67,1.96,0.29,1.91,0.29
29.9562,92.4908,"GRANODIORITE [22396]",26.58,49.86,5.94,21.68,4.31,1.11,3.72,0.52,3.04,0.61,1.77,0.26,1.72,0.26
29.9562,92.4908,"GRANODIORITE [22396]",25.78,50.3,5.86,21.36,4.28,1.1,3.65,0.52,3.01,0.6,1.77,0.26,1.72,0.26
29.9562,92.4908,"GRANODIORITE [22396]",29.66,54.8,6.58,23.72,4.68,1.21,4.07,0.57,3.26,0.65,1.88,0.27,1.81,0.27
44.4257,21.9197,"GRANODIORITE [17005]",8.75,20.05,2.55,11.55,2.6,0.68,2.41,0.41,2.13,0.53,1.59,0.23,1.52,0.24
44.2011,21.9292,"GRANODIORITE [17005]",9.49,19.01,2.17,9.02,1.87,0.59,1.72,0.26,1.89,0.41,1.19,0.17,1.37,0.24
44.2011,21.9292,"GRANODIORITE [17005]",15.7,33.01,3.77,16.12,3.5,0.88,2.74,0.33,2.54,0.5,1.48,0.22,1.55,0.26
44,127,"GRANODIORITE [22441]",26.58,53.6,6.36,21.53,3.683,1.17,3.11,0.41,1.91,0.33,0.83,0.12,0.8,0.13
44,127,"GRANODIORITE [22441]",27.41,43.75,6.32,21.36,3.833,1.15,3.12,0.4,1.92,0.35,0.88,0.13,0.82,0.13
44,127,"GRANODIORITE [22441]",20.45,32.14,5.31,21.35,3.903,1.01,2.88,0.38,1.87,0.33,0.82,0.11,0.72,0.12
44,127,"GRANODIORITE [22441]",22.42,34.22,6.09,22.61,4.377,1.11,3.41,0.47,2.25,0.39,0.95,0.13,0.85,0.13
7.78,12.75,"GRANODIORITE [22443]",114.3,153,19.36,64.76,9.181,1.96,5.26,0.61,2.82,0.44,1.12,0.14,0.89,0.13
33.5231,107.6722,"GRANODIORITE  [22455]",30.2,58.3,6.6,21.4,4.13,1.02,3.65,0.46,2.12,0.37,0.9,0.11,0.65,0.1
33.5789,107.5497,"GRANODIORITE  [22455]",55.5,98.5,10.3,35.5,4.94,1.38,4.27,0.51,2.35,0.44,1.1,0.15,0.89,0.14
46.6813,143.4982,"GRANODIORITE [22491]",21.8,50.3,6.01,26,6.4,1.27,6.79,1.12,7,1.47,4.24,0.66,4.28,0.64
46.1041,143.4656,"GRANODIORITE, CORDIERITE-BIOTITE [22491]",21.1,47.8,5.55,21,4.5,0.79,4.63,0.76,4.59,0.931,2.72,0.42,2.64,0.39
46.1057,143.4645,"GRANODIORITE, BIOTITE [22491]",21.4,48.3,5.64,24,5.2,0.76,4.75,0.78,4.68,0.96,2.76,0.42,2.73,0.4
46.1104,143.4611,"GRANODIORITE [22491]",22.6,49.9,5.79,24,5.1,0.89,4.65,0.72,4.36,0.88,2.45,0.38,2.4,0.35
46.1185,143.4591,"GRANODIORITE [22491]",23.1,52.2,6.14,22,4.8,0.77,5.15,0.85,5.2,1.07,3.08,0.47,3.02,0.44
33.3342,87.6414,"GRANODIORITE [22492]",21.98,44.04,5.55,24.53,5.06,1.76,4.75,0.6,3.59,0.67,1.99,0.26,1.77,0.25
33.5,87.5,"GRANODIORITE [22492]",21.86,43.66,5.53,25.35,5.16,1.75,4.7,0.61,3.62,0.67,1.98,0.27,1.71,0.23
33.5,87.5,"GRANODIORITE [22492]",20.36,40.96,5.21,24.91,5.19,1.65,4.46,0.57,3.44,0.64,1.9,0.25,1.66,0.23
33.5,87.5,"GRANODIORITE [22492]",38.4,59.8,8.24,30.9,6.29,1.54,5.95,0.88,4.62,1.08,2.66,0.47,2.87,0.47
33.5,87.5,"GRANODIORITE [22492]",36.9,56,7.76,29.9,5.92,1.62,5.42,0.8,4.32,1.04,2.51,0.44,2.6,0.43
33.3344,87.6033,"GRANODIORITE [22492]",37,68.2,8.24,31.9,6.71,1.57,5.2,0.81,4.43,0.93,2.63,0.39,2.69,0.41
33.3603,87.6069,"GRANODIORITE [22492]",37.7,73.8,8.98,34.1,7.15,1.65,5.4,0.81,4.89,0.92,2.86,0.42,3.04,0.46
33.5,87.5,"GRANODIORITE [22492]",34.7,53.8,8.27,33.8,6.92,2.39,7,0.93,4.7,1.14,2.71,0.45,2.66,0.43
33.5,87.5,"GRANODIORITE [22492]",38.3,63.8,8.13,34.9,6.9,1.77,6.56,0.89,4.93,1.16,2.84,0.5,3.34,0.46
33.5,87.5,"GRANODIORITE [22492]",35.9,60.6,7.53,33.6,6.23,1.64,5.69,0.83,4.22,1.01,2.59,0.46,3.03,0.46
33.5,87.5,"GRANODIORITE [22492]",34.6,61.5,7.98,32.6,6.66,1.96,6.56,0.91,4.74,1.12,2.69,0.49,3.09,0.46
33.5,87.5,"GRANODIORITE [22492]",36.8,63.9,8.04,33.5,6.92,1.81,6.29,0.89,4.61,1.12,2.81,0.49,3.18,0.49
33.5,87.5,"GRANODIORITE [22492]",34.1,57.8,7.28,31.3,6.49,1.64,6.01,0.83,4.55,1.08,2.64,0.49,3.05,0.47
33.5,87.5,"GRANODIORITE [22492]",29.2,53.5,7.12,32.4,6.66,2.17,6.69,0.95,4.78,1.07,2.59,0.43,2.82,0.43
30.5,118,"GRANODIORITE [22494]",27.5,57.7,6.56,25.3,4.44,1.14,4.16,0.53,2.82,0.49,1.32,0.19,1.23,0.18
48.3628,121.1175,"GRANODIORITE [22525]",58.5,83.2,13.3,48.9,8.31,1.91,5.66,1,4.37,0.772,2.23,0.339,2.23,0.316
48.3628,121.1175,"GRANODIORITE [22525]",27.4,61.4,6.2,22,3.69,0.914,2.89,0.465,2.38,0.44,1.24,0.21,1.33,0.197
48.0652,120.6132,"GRANODIORITE [22525]",23,41.4,4.73,17.8,3.12,0.913,2.32,0.343,1.57,0.27,0.724,0.114,0.745,0.107
48.0652,120.6132,"GRANODIORITE [22525]",22.6,42.9,5.05,19.6,3.24,0.929,2.54,0.36,1.67,0.293,0.843,0.136,0.82,0.127
48.0652,120.6132,"GRANODIORITE [22525]",19.956,36.54,4.108,15.092,2.596,0.7244,1.8252,0.21819,1.1048,0.2046,0.57038,0.075482,0.54487,0.078683
48.0652,120.6132,"GRANODIORITE [22525]",21.9,40.8,4.676,17.238,2.966,0.7748,2.06,0.24822,1.2504,0.23232,0.66308,0.08877,0.60122,0.088619
48.0648,120.6014,"GRANODIORITE [22525]",18.7,39.9,5.46,23.6,5.39,1.94,4.49,0.986,5.38,1.21,3.56,0.553,3.98,0.546
48.0648,120.6014,"GRANODIORITE [22525]",26.3,60.2,8.58,37.1,7.78,2.08,7.15,1.37,7.34,1.42,4.3,0.644,3.79,0.518
48.0648,120.6014,"GRANODIORITE [22525]",23.52,54.06,7.584,32.3,7.108,1.8138,6.456,1.00212,6.112,1.3002,3.8258,0.51766,3.2568,0.44942
48.0648,120.6014,"GRANODIORITE [22525]",22.3,52.1,6.99,29.7,6.63,1.78,6.23,1.15,6.11,1.2,3.48,0.591,3.39,0.486
48.0648,120.6014,"GRANODIORITE [22525]",27.5,63,7.97,30.9,6.52,1.47,5.36,0.979,5.12,1,2.86,0.482,2.78,0.4
37,121,"GRANODIORITE [22532]",8.179,15.98,1.88,7.16835,1.186,0.677,0.936,0.109,0.516,0.085,0.236,0.0306,0.1935,0.0279
37,121,"GRANODIORITE [22532]",17.28,32.12,3.642,13.4085,2.02,0.676,1.419,0.161,0.687,0.102,0.288,0.0324,0.2124,0.0297
37,121,"GRANODIORITE [22532]",18.05,33.61,3.8,14.2275,2.162,0.732,1.515,0.163,0.652,0.104,0.26,0.0297,0.1611,0.0243
37,121,"GRANODIORITE [22532]",50.63,89.69,9.413,32.697,4.281,1.216,3.025,0.313,1.232,0.185,0.514,0.0567,0.3195,0.0459
37,121,"GRANODIORITE [22532]",19.4,34.66,3.749,13.398,1.773,0.721,1.272,0.149,0.685,0.116,0.308,0.0342,0.1863,0.0279
37,121,"GRANODIORITE [22532]",67.63,133.1,14.81,55.7445,8.249,2.086,5.92,0.683,2.978,0.475,1.281,0.1521,0.8424,0.1125
37,121,"GRANODIORITE [22532]",33,58.74,6.539,23.7825,3.725,1.09,2.646,0.304,1.278,0.196,0.529,0.0648,0.3564,0.0441
37,121,"GRANODIORITE [22532]",53.14,92.29,9.581,33.054,4.118,1.111,3.053,0.311,1.209,0.187,0.528,0.0558,0.3258,0.0459
37,121,"GRANODIORITE [22532]",24.47,44.21,4.992,19.194,3.093,0.934,2.258,0.256,1.096,0.171,0.439,0.054,0.2934,0.0369
37,121,"GRANODIORITE [22532]",89.901,155.9,17.38,63.0945,9.1581,2.3394,6.36825,0.67935,2.647,0.421,1.148,0.142,0.86165,0.1161
30.61,118.21,"GRANODIORITE [22534]",39.0990810509504,71.7967337078239,7.72955375869634,25.6617371752002,4.79750412111721,1.16480238751357,3.96035282698626,0.579456329060097,3.21863719914989,0.668914084430621,1.89580105345533,0.301434190007028,1.92892784234389,0.301109696238701
31.77,115.23,"GRANODIORITE [22534]",44.1480830037896,80.1319195519403,8.51184554781296,27.3705184131824,4.37253675054095,1.12705670368105,2.59420101729038,0.293475332752946,1.28853038630166,0.207343533961996,0.511351079184745,0.0714315887048327,0.444397352704142,0.0666492329943001
33.98,111.86,"GRANODIORITE [22534]",101.06875591254,181.055745704609,18.2243767815966,53.9611908879157,7.92266324744097,1.41795275909917,4.73034234262834,0.610105910657312,2.96580712356936,0.536044319219865,1.37450983168523,0.202760970560362,1.23710004892162,0.186988432522747
29.4385,88.5566,"GRANODIORITE, HORNBLENDE [22540]",26.8,54,5.68,22.2,3.99,0.92,3.2,0.47,2.65,0.52,1.48,0.23,1.56,0.24
29.4385,88.5566,"GRANODIORITE, HORNBLENDE [22540]",31,63,6.49,24.9,4.28,1.04,3.6,0.5,2.87,0.58,1.69,0.27,1.84,0.29
29.4385,88.5566,"GRANODIORITE, HORNBLENDE [22540]",33,68,7.63,28.1,5.04,1.1,4.2,0.59,3.35,0.67,1.87,0.29,1.93,0.29
29.4385,88.5566,"GRANODIORITE, HORNBLENDE [22540]",35,74,8.21,30,5.33,1.12,4.42,0.63,3.59,0.71,2.03,0.33,2.16,0.33
29.4385,88.5566,"GRANODIORITE, HORNBLENDE [22540]",35,73,7.8,28.2,4.8,1.12,4.02,0.56,3.23,0.65,1.88,0.29,2.03,0.32
29.4385,88.5566,"GRANODIORITE, HORNBLENDE [22540]",27.1,53,5.41,20.6,3.5,0.93,2.9,0.4,2.34,0.47,1.39,0.22,1.51,0.23
29.4385,88.5566,"GRANODIORITE, HORNBLENDE [22540]",26.3,52,5.31,20.7,3.67,0.91,3.03,0.44,2.48,0.49,1.42,0.22,1.52,0.24
29.4067,88.5769,"GRANODIORITE [22540]",37,70,7.25,26.7,4.84,1.01,4.34,0.65,3.9,0.8,2.3,0.35,2.34,0.36
29.4067,88.5769,"GRANODIORITE [22540]",24.2,50,5.48,22.1,4.28,1.02,3.9,0.58,3.47,0.71,2.02,0.31,2.05,0.31
29.4067,88.5769,"GRANODIORITE [22540]",27.9,57,6.11,24.5,4.67,1.04,4.23,0.63,3.83,0.78,2.23,0.33,2.19,0.34
29.4067,88.5769,"GRANODIORITE [22540]",26.7,56.2,6.2,25,4.77,1.02,4.33,0.65,3.89,0.8,2.24,0.35,2.29,0.35
29.4067,88.5769,"GRANODIORITE [22540]",28.4,57.5,6.15,24.4,4.65,0.99,4.21,0.62,3.78,0.78,2.22,0.34,2.24,0.34
41.4592,91.061,"GRANODIORITE [22543]",11.1,26.9,3.25,12.9,3.05,0.725563660619927,3.43037780634333,0.55,3.48,0.78,2.35,0.37,2.56,0.38
41.9677,91.4857,"GRANODIORITE [22543]",10.9,26.9,3.38,14,3.38,0.743708216601304,3.67011605002675,0.58,3.8,0.84,2.49,0.38,2.56,0.38
46.7642,121.7763,"GRANODIORITE [22659]",22.2,52.5,5.27,18.2,3.4,0.91,3.05,0.37,1.79,0.32,0.89,0.13,0.99,0.14
46.76,121.76,"GRANODIORITE [22659]",15.1,38.2,3.86,13.7,2.66,0.8,2.4,0.3,1.54,0.28,0.82,0.13,0.89,0.14
46.76,121.76,"GRANODIORITE [22659]",11.1,31.6,3.7,13.9,2.75,0.84,2.46,0.35,1.81,0.34,1.02,0.16,1.1,0.17
46.7638,121.7654,"GRANODIORITE [22659]",5.3,17.8,2.35,10.2,2.36,0.64,2.05,0.29,1.51,0.28,0.79,0.12,0.84,0.13
46.76,121.76,"GRANODIORITE [22659]",10.3,37,5.03,19.8,4.01,1.24,3.49,0.44,2.14,0.37,1.03,0.15,0.94,0.14
46.76,121.76,"GRANODIORITE [22659]",12.2,29.9,2.81,10.9,2.12,0.73,2.17,0.27,1.43,0.28,0.8,0.11,0.8,0.14
46.76,121.76,"GRANODIORITE [22659]",15.9,29.6,3.44,13.2,2.5,0.9,2.37,0.28,1.44,0.26,0.78,0.11,0.77,0.12
46.76,121.76,"GRANODIORITE [22659]",14.1,27.1,3.13,11.9,2.29,0.88,2.12,0.26,1.31,0.24,0.7,0.1,0.72,0.11
46.76,121.76,"GRANODIORITE [22659]",18.1,33.4,3.58,12.9,2.3,0.84,2.29,0.27,1.39,0.27,0.82,0.12,0.86,0.14
46.76,121.76,"GRANODIORITE [22659]",13.7,25.4,2.9,11,2.12,0.86,2.08,0.25,1.28,0.24,0.7,0.1,0.72,0.11
46.76,121.76,"GRANODIORITE [22659]",18.9,35.8,4.22,15.8,2.93,0.97,2.72,0.31,1.47,0.26,0.77,0.11,0.73,0.11
46.76,121.76,"GRANODIORITE [22659]",21.1,45.8,5.51,21.4,4.14,1.33,4.21,0.55,3.04,0.59,1.74,0.25,1.71,0.26
46.76,121.76,"GRANODIORITE [22659]",29.4,57.6,6.15,22.1,3.48,1.27,3.43,0.38,1.95,0.38,1.16,0.17,1.2,0.19
42.3,113.5,"GRANODIORITE [22661]",38.1,69.7,7.99,31.8,5.89,1.01,5.15,1,4.9,0.88,2.37,0.46,2.78,0.42
42.3,113.5,"GRANODIORITE [22661]",36.4,67.3,7.79,30.1,5.61,1.04,5.43,0.9,5.04,1.01,2.38,0.48,2.47,0.43
42.3,113.5,"GRANODIORITE [22661]",32.7,62.1,7.42,28.6,5.46,1.07,5.08,0.92,5.11,0.89,2.25,0.45,2.71,0.45
42.3,113.5,"GRANODIORITE [22661]",36.3,66.7,7.6,29.3,5.5,0.94,4.64,0.86,4.13,0.84,2.51,0.5,2.89,0.4
-7,-50,"GRANODIORITE [22686]",42.6,110.5,12.66,50.2,9.71,2.07,8.63,1.32,7.34,1.5,4.3,0.66,3.99,0.62
-7,-50,"GRANODIORITE [22686]",53.5,108.5,14.9,55.8,10.29,2.65,8.73,1.29,6.89,1.32,3.52,0.54,3.43,0.52
-7,-50,"GRANODIORITE [22686]",49.1,94.9,10.71,41.1,7.41,2.43,6.28,0.92,5.23,1.04,2.98,0.5,3.1,0.47
-7,-50,"GRANODIORITE [22686]",37.6,80.7,9.93,40.4,7.23,2.32,6.34,0.87,5.05,1.02,3.06,0.42,2.77,0.45
-7,-50,"GRANODIORITE [22686]",28,79.7,7.77,33.8,6.89,3.27,6.12,0.82,5.62,0.96,2.77,0.41,2.41,0.41
-7,-50,"GRANODIORITE [22686]",61.4,105.9,14.71,53.4,8.69,2.74,7.51,1.12,6.34,1.33,4.18,0.63,4.15,0.62
-7,-50,"GRANODIORITE [22686]",26.6,65.7,6.57,24.9,5.5,2,5.07,0.8,4.33,0.86,2.47,0.39,2.48,0.4
-7,-50,"GRANODIORITE [22686]",22,51.6,6.81,29,6.05,1.92,5.53,0.79,4.87,0.96,2.65,0.4,2.72,0.43
-7,-50,"GRANODIORITE [22686]",36,88.3,10.65,44.7,9.14,1.76,8.64,1.21,6.68,1.26,3.57,0.5,3.01,0.48
-7,-50,"GRANODIORITE [22686]",111.9,220.7,29.76,113.5,18.95,2.2,16.23,2.23,12.76,2.51,6.94,0.99,6.39,0.89
-7,-50,"GRANODIORITE [22686]",44.7,90.1,10.59,40.8,7.47,2.25,6.39,0.85,5.07,0.92,2.68,0.36,2.36,0.34
-7,-50,"GRANODIORITE [22686]",52.9,110.6,13.76,52.9,9.42,1.9,7.98,1.19,5.91,1.24,3.57,0.53,3.25,0.52
-7,-50,"GRANODIORITE [22686]",36.6,91.6,12.86,53.9,10.8,2.19,9.61,1.39,8,1.57,4.57,0.64,3.99,0.57
-7,-50,"GRANODIORITE [22686]",73.5,142.8,16.21,59,10.21,2,8.33,1.11,6.5,1.2,3.43,0.5,2.53,0.45
-7,-50,"GRANODIORITE [22686]",51.5,119.8,16.53,67.8,12.13,1.96,10.78,1.61,8.48,1.7,4.76,0.65,3.86,0.56
-7,-50,"GRANODIORITE [22686]",39.5,83.9,10.11,39.5,7.42,1.32,6.65,0.96,5.47,1.01,2.83,0.42,2.69,0.4
-7,-50,"GRANODIORITE [22686]",69.8,137.2,16.06,60.3,10.7,1.33,7.98,1.09,6.36,1.15,3.17,0.44,3.29,0.41
4.7373,-75.1406,"GRANODIORITE [22693]",27.6,52.07,6.52,25,4.86,1.38,4,0.597,3.38,0.64,1.61,0.227,1.44,0.22
4.7285,-75.1409,"GRANODIORITE [22693]",19.4,38.3,4.85,19,3.83,1.16,3.18,0.462,2.59,0.491,1.27,0.18,1.16,0.178
5.1489,-74.9898,"GRANODIORITE [22693]",19.2,38.4,4.76,15.74,4.04,1.16,3.36,0.499,2.8,0.524,1.39,0.197,1.23,0.187
5.1671,-74.9917,"GRANODIORITE [22693]",22,43.25,5.43,21,4.19,1.22,3.59,0.518,2.86,0.543,1.41,0.2,1.25,0.2
5.1684,-75.0017,"GRANODIORITE [22693]",20.2,40.25,5.11,20.3,4.29,1.27,3.53,0.544,3.11,0.601,1.54,0.224,1.39,0.209
5.1859,-74.9895,"GRANODIORITE [22693]",24.3,47.25,5.72,22,4.09,1.19,3.25,0.489,2.71,0.515,1.37,0.205,1.27,0.195
5.2735,-74.9992,"GRANODIORITE [22693]",22.6,43.22,5.2,19.4,3.64,1.08,2.96,0.432,2.38,0.446,1.14,0.17,1.05,0.169
5.198,-75.0023,"GRANODIORITE [22693]",17,34.23,4.46,18.5,4.18,1.25,3.56,0.53,3.02,0.572,1.5,0.219,1.35,0.213
5.2771,-75.0068,"GRANODIORITE [22693]",25.3,50.4,5.7,21.7,4.12,1.07,3.31,0.4,2.27,0.4,1,0.13,0.86,0.14
5.2968,-75.0038,"GRANODIORITE [22693]",16.9,32.6,4.08,17.41,3.35,0.93,2.72,0.37,2.05,0.39,1.01,0.16,0.88,0.14
5.2196,-74.9938,"GRANODIORITE [22693]",22.4,45.2,5.23,18.34,4.07,0.98,3.39,0.5,2.69,0.57,1.49,0.21,1.47,0.2
5.2073,-74.9956,"GRANODIORITE [22693]",19.5,38.5,4.83,16.4,3.55,1.08,3.06,0.44,2.87,0.48,1.27,0.18,1.22,0.19
5.1765,-74.9913,"GRANODIORITE [22693]",40.8,71.6,8.67,31.4,5.46,1.22,4.45,0.61,2.52,0.44,1.13,0.12,0.97,0.14
5.171,-74.9838,"GRANODIORITE [22693]",25.6,46.4,5.82,21.4,4.19,1.16,3.24,0.446,2.1,0.343,0.81,0.103,0.65,0.096
42,83,"GRANODIORITE [22708]",40.8,78.7,9.86,39.7,2.4,1.89,6.52,0.95,5.68,1.23,3.75,0.61,4.22,0.67
42,83,"GRANODIORITE [22708]",20.5,40,4.73,18.9,3.73,0.98,2.75,0.33,1.76,0.3,0.81,0.11,0.7,0.11
38,-7,"GRANODIORITE [22721]",22.8330001831055,47.7480010986328,4.87099981307983,16.7649993896484,3.36700010299683,0.660000026226044,2.7720000743866,0.448000013828278,2.62299990653992,0.559000015258789,1.62000000476837,0.272000014781952,1.81400001049042,0.300999999046326
38,-7,"GRANODIORITE [22721]",30.94700050354,59.4059982299805,6.06300020217896,19.6849994659424,3.16899991035461,0.679000020027161,1.89699995517731,0.24600000679493,1.04999995231628,0.202999994158745,0.493000000715256,0.0850000008940697,0.5,0.0879999995231628
38,-7,"GRANODIORITE [22721]",28.882,81.175,15.009,72.677,19.317,2.789,18.666,2.925,19.74,3.697,9.622,1.561,10.379,1.379
38,-7,"GRANODIORITE [22721]",28.2019996643066,62.064998626709,6.95599985122681,26.3610000610352,5.74700021743774,1.15400004386902,5.00799989700317,0.781000018119812,4.6729998588562,0.930999994277954,2.5699999332428,0.412999987602234,2.41199994087219,0.381999999284744
38,-7,"GRANODIORITE [22721]",34.7039985656738,71.9899978637695,7.30700016021729,25.742000579834,4.75400018692017,0.950999975204468,3.97900009155273,0.59799998998642,3.46499991416931,0.730000019073486,2.00200009346008,0.330000013113022,2.08800005912781,0.324999988079071
50.0284,143.0837,"GRANODIORITE [22722]",14.8,34.6,3.8,15.1,3.3,0.6,2.9,0.47,2.7,0.52,1.5,0.22,1.5,0.22
50.0277,143.0814,"GRANODIORITE [22722]",19.9,41.2,4.8,18.3,3.8,0.9,3.6,0.56,3.4,0.67,1.9,0.3,2,0.3
50.0366,143.0779,"GRANODIORITE [22722]",23,50.9,6,23.6,5.1,0.7,4.6,0.71,4.1,0.81,2.3,0.34,2.2,0.32
50.2303,143.0322,"GRANODIORITE [22722]",13.8,28.3,3.4,13.1,2.8,0.7,2.7,0.44,2.6,0.52,1.5,0.22,1.5,0.22
50.2511,142.9845,"GRANODIORITE [22722]",21.9,43.9,5.3,20.3,4.3,0.8,3.9,0.62,3.6,0.7,2,0.3,1.9,0.29
50.2523,142.9849,"GRANODIORITE [22722]",20.5,41.7,5,19.2,4.1,0.8,3.7,0.59,3.5,0.68,1.9,0.3,1.9,0.28
50.2523,142.9849,"GRANODIORITE [22722]",19.2,40.3,4.7,18.1,3.8,0.7,3.5,0.54,3.3,0.64,1.9,0.29,1.9,0.28
50.2511,142.9744,"GRANODIORITE [22722]",16.2,33.9,4,15.2,3.3,0.7,3.2,0.51,3.1,0.61,1.7,0.27,1.7,0.25
29.8822,118.4819,"GRANODIORITE [22734]",28.5,60,6.81,27.5,5.68,1.23,5.3,0.8,4.81,0.97,2.81,0.43,2.72,0.4
41.5542,125.8219,"GRANODIORITE [22745]",29.5,51.2,5.52,18.1,2.84,0.94,2.12,0.27,1.42,0.24,0.71,0.09,0.59,0.09
41.5542,125.8219,"GRANODIORITE [22745]",25.4,47.3,5.13,17.8,2.85,0.89,2.14,0.27,1.5,0.27,0.72,0.1,0.68,0.09
41.6067,125.9613,"GRANODIORITE [22745]",28.3,49.4,4.91,15.5,2.38,0.66,1.88,0.26,1.51,0.28,0.78,0.11,0.78,0.13
41.6067,125.9613,"GRANODIORITE [22745]",16.5,31,3.5,12.4,2.33,0.72,2,0.32,1.86,0.36,0.95,0.15,0.93,0.15
36.5632,99.3344,"GRANODIORITE [22747]",15.1,31.9,3.57,14,3.24,0.82,3.12,0.52,3.14,0.64,2.04,0.31,2.13,0.34
36.5632,99.3344,"GRANODIORITE [22747]",20.5,40.1,4.4,15.1,3.41,1.12,3.16,0.6,3.23,0.62,2.01,0.32,2.24,0.4
37.2628,98.3953,"GRANODIORITE [22747]",19,35.9,3.87,14.6,3.04,0.81,2.96,0.5,2.97,0.61,1.86,0.28,1.89,0.3
37.2628,98.3953,"GRANODIORITE [22747]",40.2,4.72,17.1,3.49,1.1,3.6,0.63,3.75,0.7,2.24,0.34,2.24,0.37,101.78
35.2412,117.2232,"GRANODIORITE [22751]",32,61,6.7,25,4.36,1.3,3.85,0.48,2.47,0.47,1.28,0.18,1.17,0.18
35.4003,117.2336,"GRANODIORITE [22751]",53,105,11.6,41,6.66,1.55,5.59,0.64,2.93,0.54,1.5,0.22,1.41,0.21
35.4003,117.2336,"GRANODIORITE [22751]",32,69,8.1,29,5,1.31,4.13,0.47,2.11,0.4,1.07,0.15,1.01,0.16
35.3373,117.0241,"GRANODIORITE [22751]",42,87,9.91,36,5.83,1.41,4.7,0.54,2.52,0.46,1.24,0.18,1.16,0.18
35.3231,117.0156,"GRANODIORITE [22751]",37,88,10.3,43,7.17,1.72,6.63,0.66,3.16,0.55,1.64,0.21,1.44,0.2
35.2604,117.4676,"GRANODIORITE [22751]",33,64,6.95,25,4.01,1.33,3.38,0.4,1.9,0.36,0.99,0.14,0.92,0.14
35.2647,117.4649,"GRANODIORITE [22751]",38,76,8.65,32,5.3,1.69,5.09,0.53,2.48,0.45,1.42,0.17,1.24,0.18
41.9268,126.2799,"GRANODIORITE [22752]",24.2,43.1,4.98,18.5,3.25,0.97,2.76,0.34,1.9,0.33,0.85,0.132,0.84,0.134
41.9604,126.3429,"GRANODIORITE [22752]",22.1,36.6,4.69,18.1,3.42,1.14,2.85,0.39,2.03,0.38,1.11,0.16,0.97,0.14
41.903,126.3106,"GRANODIORITE [22752]",18,33.9,3.83,13.4,2.71,0.885,2.3,0.32,1.67,0.31,0.85,0.122,0.74,0.116
41.9957,126.3943,"GRANODIORITE [22752]",24.8,44.7,5.74,21.8,4.4,1.16,3.21,0.36,1.76,0.31,0.8,0.105,0.64,0.103
41.9907,126.3769,"GRANODIORITE [22752]",24.7,48.2,5.73,21.5,4,1.13,2.9,0.36,1.7,0.3,0.79,0.103,0.62,0.098
41.7075,126.7874,"GRANODIORITE [22752]",28.1,58.3,7.07,26.8,5.14,1,3.69,0.53,2.81,0.52,1.46,0.21,1.3,0.192
4.5,11,"GRANODIORITE [22757]",56.1,87.3,9.1,26.504,4.2505,1.03,3.82,0.58,3.25,0.66,2.07,0.28,2.1,0.34
4.5,11,"GRANODIORITE [22757]",53.5,99.9,10.05,25.678,4.2213,1.24,4.27,0.6,3.81,0.8,2.3,0.34,2.64,0.43
4.5,11,"GRANODIORITE [22757]",52.7,99.5,10.1,35.6,5.58,1.22,3.98,0.59,3.45,0.77,2.1,0.29,2.44,0.39
4.5,11,"GRANODIORITE [22757]",50.1,73.7,6.22,13.455,2.1132,0.64,1.73,0.28,1.71,0.39,1.02,0.16,1.44,0.26
4.5,11,"GRANODIORITE [22757]",32.5,46.6,4.32,13.636,2.1431,0.63,2,0.29,1.81,0.36,0.17,0.16,1.2,0.21
51.6916,-176.6235,"GRANODIORITE [22767]",12.6149916006493,27.6800167319367,3.95083583250561,17.4561716416946,4.25883028396264,1.37070033254105,4.03185460946889,0.623094288038192,3.77479645491568,0.754676627505429,2.01916121624953,0.296509738885999,1.78531075221724,0.28502323329378
51.6843,-176.6896,"GRANODIORITE [22767]",17.9155993316225,42.5562467847718,6.22832530339755,27.5381125007997,6.59236251029846,1.48855937239678,5.92526255804853,0.877631676371934,5.14033772509324,1.00722023987549,2.69690370986707,0.378046315927751,2.33643757042883,0.363420396292544
51.7154,-176.6533,"GRANODIORITE [22767]",22.1644736286167,46.2822071920549,6.22884686344962,25.9637464909333,5.87084999877996,1.5198186421194,5.21589572329188,0.793171296219309,4.6440208337877,0.923301694687423,2.41979208068793,0.351277774773717,2.23679987003652,0.347869925030366
51.7165,-176.7957,"GRANODIORITE [22767]",19.6906311826468,46.238128173581,6.64392731173311,28.6897007191633,6.97405445716605,1.54710942730026,6.2688980302244,0.994821731396961,6.05985317137712,1.22239027725275,3.32575414820403,0.478771784961608,3.03091465555546,0.476601160985332
51.7259,-176.663,"GRANODIORITE [22767]",18.8961931850658,36.4418207621545,4.64625036746458,18.2197421825201,3.8811602695423,1.0636770169786,3.19438578622416,0.482231465269263,2.75328561374287,0.554176861457973,1.5282244088751,0.236940627671984,1.54409294843439,0.249122991683483
51.7133,-176.679,"GRANODIORITE [22767]",15.3775011702433,30.9195292043376,3.98014281019485,15.2942733279232,3.02885674339814,0.856448798928912,2.43302796137333,0.368612265924165,2.21770193346754,0.437904609734602,1.2180469639899,0.190812546048256,1.24495520793206,0.206234258442405
51.8102,-176.3959,"GRANODIORITE [22767]",13.61,29.5,3.85,15.35,3.21,0.92,2.84,0.42,2.44229719211348,0.49,1.37142520135635,0.201382857584886,1.324,0.221305673750637
51.8158,-176.4467,"GRANODIORITE [22767]",11.94310656,23.57972352,2.91,10.57379328,2.37583296,0.6501888,2.58097915559373,0.367,1.987,0.4,0.99,0.14,0.86296896,0.1204416
40,118.9,"GRANODIORITE [22779]",36.9,69.7,8.53,32.9,5.85,1.25,4.82,0.58,2.83,0.51,1.39,0.19,1.27,0.19
40,118.9,"GRANODIORITE [22779]",24.2,45.1,5.42,20.2,3.62,0.82,3.21,0.46,2.56,0.51,1.47,0.21,1.33,0.2
50.7,122,"GRANODIORITE [22811]",49,90.6,9.54,33.4,4.29,0.96,2.44,0.25,1.19,0.18,0.43,0.06,0.34,0.05
50.7,122,"GRANODIORITE [22811]",45.7,88.3,9.31,33.2,4.35,0.89,2.47,0.28,1.21,0.19,0.45,0.07,0.39,0.06
50.7,122,"GRANODIORITE [22811]",30.3,60.2,6.45,23,3.32,0.79,1.94,0.24,1.35,0.21,0.54,0.07,0.5,0.08
47,89,"GRANODIORITE [22812]",17.3,31.9,3.34,13.4,2.57,0.84,2.38,0.34,2.06,0.43,1.22,0.19,1.34,0.22
47,89,"GRANODIORITE [22812]",15.8,32,3.57,14.4,2.76,0.83,2.49,0.36,2.14,0.44,1.25,0.2,1.36,0.21
47,89,"GRANODIORITE [22812]",12,23.5,2.55,10.4,2.07,0.77,1.93,0.28,1.66,0.35,0.97,0.15,1.08,0.17
43,131,"GRANODIORITE [22813]",44,83.6,9.51,36,5.74,1.22,4.03,0.51,2.81,0.52,1.5,0.25,1.6,0.28
43,131,"GRANODIORITE [22813]",36.5,70.3,7.61,28.1,4.2,1.14,2.73,0.27,1.31,0.22,0.63,0.09,0.68,0.12
43,131,"GRANODIORITE [22813]",43.3,82.1,9.13,33,4.83,1.02,3.13,0.37,1.85,0.31,0.85,0.13,0.8,0.13
43,131,"GRANODIORITE [22813]",45.3,84.5,9.45,34.2,5.26,1.1,3.85,0.44,2.35,0.4,1.21,0.2,1.29,0.22
43,131,"GRANODIORITE [22813]",40.4,80.2,8.74,31.6,4.91,1.05,3.48,0.42,2.18,0.39,1.15,0.2,1.26,0.22
24.5969,97.7177,"GRANODIORITE [22814]",22.7764000452545,54.0599899305487,6.87638542293196,27.106820333742,5.2600610536415,1.29022287575187,4.60141530115111,0.670015956532266,3.86836763578881,0.757562997506085,2.15431772966812,0.311449727203806,2.03635238605292,0.300144876831336
24.64,97.7637,"GRANODIORITE [22814]",44.4755195855151,81.2316580267741,8.89519093238212,31.134583525636,5.05243169361396,1.42366943870316,4.20622295004778,0.566799440857401,3.23760700785293,0.631340844241105,1.9437893132301,0.304819903736593,2.0960807629083,0.328678402067896
24.6789,97.7494,"GRANODIORITE [22814]",52.9675500266713,95.9001636622666,10.5603651924457,37.4795613876417,6.52622084635616,1.42405736263505,5.55965661335637,0.773527970930214,4.3863441626102,0.840810135161103,2.33689841747556,0.321258600086718,1.96440184934344,0.290813876296315
24.7492,97.7303,"GRANODIORITE [22814]",24.6727235665436,56.4880683237009,7.25176393080421,28.7720973149038,5.91578118973784,1.16343598908097,4.97635207458019,0.717535540436409,4.30109247598156,0.857715603545116,2.5224377428023,0.36870103413386,2.39030588453784,0.3529393433555
24.6101,97.7337,"GRANODIORITE [22814]",34.1854914508323,63.2474955533915,7.00196816575255,25.1489500780447,4.39168696975653,1.42080363257275,3.71753656623153,0.50045573695575,2.74946436154142,0.533822383760212,1.4798730263364,0.20880589767298,1.30971296299493,0.198343991447804
39.2305,114.7478,"GRANODIORITE [22817]",44.6,74.1,7.97,27.4,4.22,1.17,3.2,0.38,1.88,0.32,0.97,0.14,0.87,0.14
39.2304,114.7508,"GRANODIORITE [22817]",42.1,60.9,6.32,18.7,2.66,0.73,1.95,0.24,1.17,0.2,0.68,0.1,0.76,0.13
43.5,118,"GRANODIORITE [22819]",12.3,26.2,3.05,12.4,2.96,0.93,2.87,0.49,2.77,0.54,1.57,0.24,1.56,0.23
43.5,118,"GRANODIORITE [22819]",12.6,24.5,3.08,12,2.78,0.9,2.77,0.43,2.47,0.48,1.38,0.2,1.38,0.21
34.9,117.5,"GRANODIORITE [22821]",13.3,31.8,4.09,16.6,3.19,0.81,2.03,0.28,1,0.19,0.52,0.05,0.4,0.07
34.9,117.5,"GRANODIORITE [22821]",13,27.9,3.4,13.8,2.81,0.69,1.77,0.26,1.33,0.22,0.73,0.09,0.67,0.09
34.9,117.5,"GRANODIORITE [22821]",8.3,19.2,2.51,10.2,2.21,0.56,1.69,0.19,0.91,0.17,0.5,0.07,0.37,0.07
34.9,117.5,"GRANODIORITE [22821]",9.4,23.4,3.01,12,2.41,0.61,1.77,0.21,1.07,0.17,0.55,0.07,0.51,0.08
34.9,117.5,"GRANODIORITE [22821]",8.1,19.4,2.45,9.6,1.98,0.53,1.45,0.17,0.89,0.16,0.38,0.07,0.41,0.07
35.6236,127.777,"GRANODIORITE [22829]",81,151,16.2,56,10.6,1.3,9.9,1.9,12.3,2.5,6.7,0.84,4.8,0.62
40.3,-5,"GRANODIORITE [22831]",22.22,52.01,6.24,23.87,5.18,0.7,3.78,0.54,2.67,0.49,1.18,0.18,1.11,0.16
40.3,-5,"GRANODIORITE [22831]",25.7,57.21,7.1,27.18,5.87,0.72,4.35,0.62,3.15,0.56,1.35,0.21,1.21,0.18
-14.0401,-75.35352,"GRANODIORITE [22835]",19.1,43.7,5.97,22.252812,7.07254,1.12,3.97,0.56,3.27,0.64,1.81,0.29,2,0.3
-13.7249,-75.78855,"GRANODIORITE [22835]",30.8,62,8.09,26.657135,5.631607,1.19,6.33,0.94,5.69,1.17,3.5,0.54,3.6,0.53
-13.99355,-75.78896,"GRANODIORITE [22835]",20.4,40.8,4.92,16.044718,3.136061,1.01,3.24,0.48,2.8,0.53,1.48,0.23,1.5,0.18
-13.62511,-75.67106,"GRANODIORITE [22835]",19.6,34.5,3.98,13.960417,2.390268,0.79,1.99,0.27,1.74,0.29,0.88,0.15,0.9,0.15
-13.63994,-75.72009,"GRANODIORITE [22835]",20.1,37,4.58,19.947869,4.113239,0.93,2.28,0.38,1.94,0.4,1.29,0.19,1.3,0.23
-13.74009,-75.47334,"GRANODIORITE [22835]",24.6,41,4.53,12.843951,2.253141,0.58,1.98,0.28,1.53,0.3,0.89,0.13,0.9,0.12
25.5,50,"GRANODIORITE [22841]",6.75,14.34,1.82,7.53,2,0.5,2.48,0.46,2.91,0.64,1.94,0.31,2.03,0.33
25.5,50,"GRANODIORITE [22841]",7.29,13.9,1.85,7.43,1.82,0.45,2.27,0.43,2.76,0.6,1.81,0.27,1.79,0.28
25.5,50,"GRANODIORITE [22841]",33.25,47.94,4.32,13.84,2.58,0.56,3.06,0.49,2.93,0.63,1.86,0.28,1.86,0.3
25.5,50,"GRANODIORITE [22841]",4.79,9.77,1.4,6.05,1.6,0.52,1.93,0.35,2.21,0.49,1.48,0.23,1.5,0.24
25.5,50,"GRANODIORITE [22841]",8.54,17.06,2.23,8.79,1.99,0.53,2.3,0.4,2.43,0.54,1.62,0.25,1.63,0.28
25.5,50,"GRANODIORITE [22841]",9.22,19.11,2.36,9.1,2.07,0.52,2.35,0.42,2.52,0.56,1.68,0.26,1.73,0.28
25.5,50,"GRANODIORITE [22841]",10.39,18.98,2.33,8.86,1.97,0.53,2.2,0.38,2.3,0.51,1.53,0.24,1.59,0.26
25.5,50,"GRANODIORITE [22841]",9.14,18.89,2.34,9.07,2.08,0.51,2.38,0.41,2.54,0.56,1.68,0.26,1.71,0.28
32,53,"GRANODIORITE [22842]",7.51,16.1,2.14,9.22,2.23,0.64,2.51,0.44,2.66,0.54,1.58,0.23,1.45,0.21
32,53,"GRANODIORITE [22842]",7.37,15.7,2.11,9.17,2.27,0.72,2.52,0.41,2.64,0.55,1.66,0.25,1.59,0.25
31.9641,53.41,"GRANODIORITE [22842]",9.61,17.8,2.01,7.96,1.65,0.59,1.85,0.3,1.83,0.39,1.21,0.18,1.19,0.19
42.5,91.9,"GRANODIORITE [22868]",18,34,4.21,17.7,3.55,0.68,2.95,0.56,3.08,0.69,2.14,0.36,2.61,0.36
42.5,91.9,"GRANODIORITE [22868]",18.7,32.6,3.95,14.7,3.06,0.62,2.76,0.47,2.8,0.6,1.86,0.27,1.98,0.31
19,104,"GRANODIORITE [22881]",40.5,81.4,9.55,36,7.01,1.18,6.84,1.11,6.94,1.45,4.08,0.65,4.24,0.62
19,104,"GRANODIORITE [22881]",27.8,53.6,6.59,25.6,4.77,1.01,4.43,0.69,3.97,0.83,2.21,0.34,2.17,0.33
19,104,"GRANODIORITE [22881]",49.7,83.5,8.22,27,4.04,0.94,3.65,0.48,2.77,0.58,1.57,0.25,1.69,0.27
19,104,"GRANODIORITE [22881]",64.5,106,10.9,36.4,5.36,1.18,4.72,0.62,3.64,0.75,2.03,0.31,2.05,0.33
24.6336,98.5208,"GRANODIORITE [22892]",36.3,54.3,6.08,22.9,3.17,0.83,2.59,0.31,1.62,0.34,0.94,0.14,0.9,0.14
24.6336,98.5208,"GRANODIORITE [22892]",43.7,73.9,9.23,38.7,7.04,1.23,6.2,0.84,4.72,0.91,2.46,0.32,2.09,0.29
24.6336,98.5208,"GRANODIORITE [22892]",28.1,46.8,6,27.2,4.56,1.08,3.94,0.55,3.29,0.69,1.91,0.28,1.83,0.28
24.6336,98.5208,"GRANODIORITE [22892]",21.3,41.7,5.87,25.9,5.11,1.14,4.61,0.66,3.82,0.77,2.29,0.32,2.13,0.32
24.6336,98.5208,"GRANODIORITE [22892]",46.8,72.2,7.98,31,5.01,1.14,4.22,0.59,3.18,0.66,1.89,0.27,1.82,0.28
24.2447,98.0092,"GRANODIORITE [22892]",30.2,65.5,7.2,26.8,5.1,1.2,4.77,0.86,4.6,0.88,2.43,0.37,2.24,0.32
24.2447,98.0092,"GRANODIORITE [22892]",39.5,80.7,8.33,31.8,5.95,1.3,5.26,0.93,5.14,0.99,2.75,0.44,2.68,0.38
24.2447,98.0092,"GRANODIORITE [22892]",87.4,163,16.1,55.7,8.04,1.28,5.78,1.05,5.09,0.92,2.7,0.37,2.33,0.32
24.2447,98.0092,"GRANODIORITE [22892]",94.7,196,18.7,69.2,11.8,1.76,9.5,1.63,8.41,1.53,4.22,0.56,3.59,0.5
24.2447,98.0092,"GRANODIORITE [22892]",36.5,77.3,8.48,34.6,6.44,1.26,5.91,1.03,5.79,1.1,3.31,0.46,2.84,0.39
24.5183,98.2861,"GRANODIORITE [22892]",11.7,24.5,2.68,12.2,2.52,0.98,2.53,0.48,2.54,0.51,1.33,0.16,0.88,0.14
24.5183,98.2861,"GRANODIORITE [22892]",29.2,60.1,5.96,21.8,4.21,1.09,4.07,0.6,3.27,0.55,1.45,0.18,1.01,0.16
24.5183,98.2861,"GRANODIORITE [22892]",21.2,44,4.35,16.7,3.46,0.92,3.15,0.5,2.95,0.53,1.47,0.19,1.12,0.16
24.5183,98.2861,"GRANODIORITE [22892]",17.1,32.9,3.46,13.6,3,1.02,2.93,0.49,2.42,0.46,1.12,0.12,0.73,0.1
24.5183,98.2861,"GRANODIORITE [22892]",39.2,79.1,7.54,28.1,5.16,0.83,4.69,0.76,4.23,0.77,2,0.27,1.67,0.24
47.5,122.5,"GRANODIORITE [22902]",26.24,52.68,5.7,19.82,3.69,0.78,2.76,0.44,2.44,0.54,1.41,0.28,1.84,0.25
47.5,122.5,"GRANODIORITE [22902]",20.86,43,5.17,20,4.09,0.67,3.07,0.53,2.94,0.66,1.94,0.39,2.59,0.4
47.5,122.5,"GRANODIORITE [22902]",16.39,34.57,4.39,18.63,3.85,0.96,3.06,0.5,2.65,0.6,1.67,0.29,1.83,0.28
35.42497,-117.94674,"GRANODIORITE [22942]",22.1,40.5,4.46,16,3.3,0.95,2.9,0.4,2.7,0.6,1.6,0.27,1.9,0.3
35.38472,-117.85184,"GRANODIORITE [22942]",25.2,44.5,4.46,15.1,2.5,0.73,2,0.3,2,0.4,1.3,0.21,1.6,0.26
35.17856,-117.47048,"GRANODIORITE [22942]",17,37,4.66,19,4.3,1.23,4.1,0.6,3.7,0.7,2.2,0.33,2.1,0.31
-26.5,-71,"GRANODIORITE [22953]",26.4,59.6,8,30.3,5.6,1.2,5.4,0.8,4.5,1,2.8,0.4,2.5,0.43
-26.5,-71,"GRANODIORITE [22953]",16.1,32.6,4.1,15.8,2.9,0.9,2.7,0.4,2.4,0.5,1.5,0.2,1.3,0.25
-26.5,-71,"GRANODIORITE [22953]",16,32.9,4.1,16.2,2.8,0.9,2.8,0.4,2.2,0.5,1.6,0.2,1.4,0.25
-26.5,-71,"GRANODIORITE [22953]",20.6,41.4,5.2,19.4,3.8,1,4,0.6,3.7,0.9,2.4,0.4,2.3,0.47
39.1,9.2,"GRANODIORITE, AMPHIBOLE [22966]",33.3,55.5,7.5,27.6,6,1.2,5.3,0.8,4.8,0.9,2.7,0.38,2.5,0.4
39.1,9.2,"GRANODIORITE, BIOTITE [22966]",38,57.4,8,30,6.6,1.1,5.9,0.9,5.3,1,2.8,0.4,2.6,0.43
39.1,9.2,"GRANODIORITE, BIOTITE [22966]",30,41.1,5.6,18.6,2.9,1.1,2,0.2,1.1,0.2,0.6,0.09,0.7,0.12
33.9094,95.4558,"GRANODIORITE [22971]",30.9,60.8,6.88,25.3,4.81,1.11,4.49,0.77,4.07,0.82,2.29,0.35,2.21,0.33
33.9094,95.4558,"GRANODIORITE [22971]",25,48.3,5.87,22.3,4.49,1.09,4.31,0.76,4.13,0.84,2.37,0.37,2.33,0.35
33.9094,95.4558,"GRANODIORITE [22971]",25.9,52.1,6.16,23.3,4.7,1.13,4.49,0.79,4.26,0.85,2.43,0.37,2.33,0.35
33.9094,95.4558,"GRANODIORITE [22971]",27.7,55.2,6.37,23.8,4.78,1.12,4.46,0.78,4.16,0.83,2.32,0.36,2.27,0.34
33.4208,96.9012,"GRANODIORITE [22971]",40.7,78.8,9.2,33.3,5.94,1.25,5.14,0.78,3.77,0.71,1.88,0.29,1.75,0.26
33.4208,96.9012,"GRANODIORITE [22971]",32,70.3,7.24,25.8,4.92,1.16,4.39,0.69,3.37,0.63,1.67,0.26,1.58,0.24
33.4208,96.9012,"GRANODIORITE [22971]",27,54.2,6.52,24.9,4.92,1.25,4.43,0.74,3.83,0.76,2.09,0.32,2.01,0.3
33.4208,96.9012,"GRANODIORITE [22971]",36.9,72.5,8.5,31,5.67,1.23,4.83,0.74,3.58,0.68,1.83,0.28,1.72,0.26
33.5584,96.6855,"GRANODIORITE [22971]",35,66.3,7.57,27.6,5.41,1.06,4.72,0.74,3.57,0.65,1.75,0.26,1.65,0.24
33.5584,96.6855,"GRANODIORITE [22971]",30.9,58.6,6.83,24.5,5.01,1.01,4.37,0.72,3.46,0.64,1.71,0.27,1.67,0.24
33.5584,96.6855,"GRANODIORITE [22971]",38.9,73.5,8.35,29.7,5.53,1.1,4.75,0.74,3.48,0.64,1.7,0.26,1.6,0.24
33.5584,96.6855,"GRANODIORITE [22971]",35.1,66.3,7.55,27.3,5.29,1.04,4.68,0.75,3.56,0.66,1.73,0.26,1.59,0.24
29.1885,96.5241,"GRANODIORITE [22975]",49,89.8,9.37,32.1,4.97,1.02,4.38,0.66,3.9,0.81,2.22,0.33,2.19,0.34
29.8085,96.7085,"GRANODIORITE [22975]",36.5,67.9,7.49,26,4.43,0.91,3.81,0.51,2.65,0.45,1.13,0.17,1.22,0.2
29.8978,96.6846,"GRANODIORITE [22975]",38.4,74.1,8.23,29.4,5.22,1.08,4.7,0.69,4.14,0.83,2.33,0.34,2.19,0.35
-10,-48.7,"GRANODIORITE [22984]",53.3,96.5,9.92,18.35,2.47,1.26,3.4,0.4,1.7,0.3,0.7,0.09,0.6,0.13
-10,-48.7,"GRANODIORITE [22984]",44.5,80.7,8.23,15.99,4.12,0.96,2.8,0.3,1.4,0.3,0.7,0.1,0.6,0.11
-10,-48.7,"GRANODIORITE [22984]",56.6,110,10.8,35.9,5.81,1.09,4.45,0.7,3.64,0.68,2,0.31,1.91,0.31
42.84434,0.16007,"GRANODIORITE [23002]",26.9,53.8,5.9,21.5,4.5,1,3.7,0.6,3.2,0.6,1.5,0.2,1.5,0.2
42.84434,0.16007,"GRANODIORITE [23002]",21.4,45.4,5.4,21.5,4.8,1,4.4,0.7,4.4,0.9,2.5,0.4,2.4,0.4
33,110,"GRANODIORITE [23006]",27.2789925282501,55.4667839874827,6.24894264876143,23.1870523355043,4.43682998594751,0.855246320034315,3.69272475443636,0.609997549151703,3.46317168606254,0.68423794876819,2.00243581097375,0.298195954257913,2.01606571066437,0.32448207580348
33,110,"GRANODIORITE [23006]",23.6879644609767,49.4549195913424,5.70397445535911,21.2820457710095,4.07103259510143,0.875393172171212,3.49369809137334,0.567289208274638,3.36316729796167,0.677691651284096,2.01058771114873,0.296131570661178,1.96162621316449,0.302213517399842
36.0113,117.3322,"GRANODIORITE [23009]",55.1,130,14.9,54,9.32,2.28,7.42,0.91,4.62,0.83,2.22,0.29,1.85,0.26
40.7925,97.3214,"GRANODIORITE [23012]",40.3592590046817,77.5792290719512,8.30696935588011,28.8543597834761,5.89257902204128,0.449060051352302,4.88087145815433,0.759148697452635,4.12598532395374,0.753156910779497,1.97653711675283,0.279677126418437,1.76805993013769,0.25449026646003
40.7875,97.3219,"GRANODIORITE [23012]",33.4919116268429,64.8978005577802,6.97058908258126,24.475569121197,5.25630234995108,0.577701847176499,4.41380246245746,0.631728753535822,3.46846174527338,0.626876154167706,1.56702532447306,0.220629808735852,1.30064036144285,0.190529806101822
30.0393,96.7715,"GRANODIORITE [23044]",35.9,70.2,7.51,27,4.93,0.9,4.44,0.67,4.04,0.83,2.52,0.38,2.64,0.4
30.0393,96.7715,"GRANODIORITE [23044]",30,60.1,6.73,25.3,4.9,1,4.49,0.67,4.12,0.84,2.48,0.36,2.48,0.36
30.0393,96.7715,"GRANODIORITE [23044]",24.5,56,6.61,25.6,4.97,0.97,4.49,0.68,4.17,0.86,2.55,0.38,2.58,0.38
30.0393,96.7715,"GRANODIORITE [23044]",34.2,67.2,7.33,27,5.17,0.97,4.7,0.71,4.29,0.87,2.6,0.39,2.59,0.39
30.0393,96.7715,"GRANODIORITE [23044]",29.5,57.1,5.97,21.4,3.91,0.89,3.58,0.54,3.25,0.66,1.98,0.3,2.04,0.31
30.0393,96.7715,"GRANODIORITE [23044]",31.1,59.7,6.26,22.3,4.07,0.92,3.67,0.55,3.3,0.68,2.03,0.3,2.04,0.31
30.0393,96.7715,"GRANODIORITE [23044]",22.9,48.9,5.57,21.5,4.45,0.85,4.08,0.65,4.03,0.85,2.56,0.4,2.76,0.42
30.0393,96.7715,"GRANODIORITE [23044]",27.3,53.8,5.86,21.6,4.18,0.85,3.8,0.59,3.66,0.76,2.34,0.36,2.55,0.38
30.0393,96.7715,"GRANODIORITE [23044]",21.9,45,5.05,19.5,3.97,0.91,3.73,0.58,3.66,0.76,2.31,0.35,2.47,0.37
30.0393,96.7715,"GRANODIORITE [23044]",21.7,44,4.83,18.3,3.79,0.82,3.6,0.57,3.65,0.75,2.33,0.36,2.59,0.4
30.0393,96.7715,"GRANODIORITE [23044]",31.6,62.7,6.88,26,5.05,1.04,4.66,0.72,4.45,0.9,2.7,0.4,2.79,0.42
39,27,"GRANODIORITE [23053]",21.3,42.3,5,19.5,3.84,1.07,3.61,0.57,3.41,0.76,2.48,0.36,2.61,0.44
39,27,"GRANODIORITE [23053]",22.8,41.7,4.68,18,3.52,0.9,3.41,0.52,3.28,0.7,2.18,0.32,2.23,0.35
39,27,"GRANODIORITE [23053]",22,40.3,4.57,17.4,3.35,0.87,3.39,0.53,3.38,0.74,2.16,0.34,2.28,0.39
39,27,"GRANODIORITE [23053]",22.8,38.9,4.16,15.3,2.65,0.77,2.69,0.42,2.59,0.57,1.82,0.27,1.97,0.31
39,27,"GRANODIORITE [23053]",17.9,35.2,4.22,15.8,3.13,0.97,3.16,0.51,3.25,0.74,2.16,0.33,2.2,0.39
26.6,93.5,"GRANODIORITE [23059]",36.86,81.91,3.64,49.7,3.89,0.6,5.81,0.84,6.51,0.82,2.91,0.73,2.78,1.88
26.6,93.5,"GRANODIORITE [23059]",33.98,76.89,4.94,42.81,5.77,0.21,6.14,0.7,6.92,0.81,2.15,0.26,3.68,1.82
26.6,93.5,"GRANODIORITE [23059]",27.93,66.05,6.7,41.06,2.11,1.02,5.66,0.54,6.72,0.84,2.9,1.16,4.53,1.91
26.6,93.5,"GRANODIORITE [23059]",37.59,84,5.37,41.78,3.74,0.58,5.38,0.59,5.72,0.94,2.49,0.96,3.41,1.79
26.6,93.5,"GRANODIORITE [23059]",44.77,99.26,5.34,44.31,5.81,0.24,6.23,1.17,5.17,1.1,2.65,0.55,2.22,1.86
27.7908,98.5265,"GRANODIORITE [23109]",49.3,89.1,9.2,30.2,5.18,0.93,4.29,0.62,3.63,0.7,2.13,0.32,1.96,0.3
27.7908,98.5265,"GRANODIORITE [23109]",46.5,85.4,8.67,28.8,5.06,0.96,4.54,0.65,3.61,0.71,2.21,0.32,2.1,0.31
27.7908,98.5265,"GRANODIORITE [23109]",44.2,80.5,8.29,27.9,4.73,0.95,4.31,0.64,3.7,0.73,2.22,0.31,2.11,0.31
27.7976,98.5055,"GRANODIORITE [23109]",58.7,93.5,9.76,30,4.69,0.85,3.78,0.55,3.04,0.61,1.95,0.28,1.79,0.28
27.7976,98.5055,"GRANODIORITE [23109]",46.7,79.3,7.91,24.2,3.87,0.84,3.33,0.48,2.73,0.52,1.6,0.22,1.51,0.21
27.8195,98.4526,"GRANODIORITE [23109]",19.9,38.3,4.3,15.5,3.33,0.8,3.01,0.49,2.93,0.61,1.83,0.27,1.74,0.28
27.8195,98.4526,"GRANODIORITE [23109]",29.8,54.7,5.63,19.3,3.51,0.84,3.3,0.47,2.65,0.56,1.62,0.24,1.59,0.25
27.8195,98.4526,"GRANODIORITE [23109]",24,49,5.68,21.1,4.26,0.95,4.24,0.61,3.57,0.73,2.19,0.31,2.03,0.3
27.8699,98.4333,"GRANODIORITE [23109]",40.9,75,7.32,24.6,3.79,0.86,3.29,0.49,2.77,0.57,1.69,0.25,1.66,0.24
27.8699,98.4333,"GRANODIORITE [23109]",19.1,37.6,4.13,15.4,2.94,0.77,2.82,0.44,2.61,0.55,1.6,0.25,1.55,0.23
27.8699,98.4333,"GRANODIORITE [23109]",30.2,56.4,5.55,19.5,3.69,0.84,3.46,0.53,3.07,0.63,1.93,0.28,1.87,0.27
29.5,86.5,"GRANODIORITE [23149]",36.26,70.17,7.79,27.57,4.97,0.95,4.51,0.68,4,0.81,2.41,0.36,2.46,0.4
29.5,86.5,"GRANODIORITE [23149]",37.53,72.5,7.96,28.41,5.01,1.03,4.45,0.64,3.72,0.75,2.09,0.31,2.08,0.32
29.5,86.5,"GRANODIORITE [23149]",58.19,107.7,10.83,36.74,6.06,1.17,5.25,0.77,4.28,0.86,2.39,0.35,2.32,0.36
29.5,86.5,"GRANODIORITE [23149]",64.61,115.7,11.93,39.2,6.139,1.184,5.349,0.738,4.321,0.806,2.336,0.359,2.362,0.37
30.9357,110.9734,"GRANODIORITE [23192]",115.66311045461,219.326874062728,23.5575110229198,83.6194401373886,13.8526445072923,2.15224420556487,9.8870281621236,1.44391633116175,8.31202464840826,1.53480324741779,4.29914698958177,0.676321118934304,4.1061478702447,0.581619694377377
30.9357,110.9734,"GRANODIORITE [23192]",129,249,28.3,93.7,15.75,2.62,10.75,1.61,8.05,1.79,4.57,0.85,4.6,0.76
30.9357,110.9734,"GRANODIORITE [23192]",124,239,26.1,85.9,14.75,2.42,10,1.54,7.58,1.64,4.32,0.75,4.32,0.67
30.9357,110.9734,"GRANODIORITE [23192]",118,228,25.7,85.2,13.75,2.33,10.2,1.56,7.66,1.64,4.41,0.69,4.25,0.7
30.9357,110.9734,"GRANODIORITE [23192]",116,225,24.6,82.1,13.65,2.2,9.49,1.43,7.19,1.58,4.3,0.67,3.98,0.62
-22.0889,-45.8952,"GRANODIORITE [21198]",41.5357421908718,86.6749245219345,11.000224810931,46.5814643575888,8.71975252840826,2.75498112870486,7.91049085358407,1.07105091359737,5.92335609837206,1.19984189545503,3.23498764136265,0.473302161019827,3.09494395380288,0.479974761131509
31.72,86,"GRANODIORITE [23210]",11.5,23,2.71,10.22,1.63,0.43,1.35,0.17,1,0.19,0.57,0.08,0.56,0.08
31.72,86,"GRANODIORITE [23210]",11.3,22,2.67,10.2,1.63,0.43,1.34,0.17,1.02,0.19,0.57,0.08,0.56,0.08
31.72,86,"GRANODIORITE [23210]",12.1,22.3,2.77,10.4,1.65,0.43,1.38,0.17,1.01,0.19,0.57,0.08,0.56,0.08
31.72,86,"GRANODIORITE [23210]",11.5,22.4,2.67,9.84,1.49,0.42,1.18,0.15,0.88,0.17,0.52,0.07,0.53,0.08
31.72,86,"GRANODIORITE [23210]",12.5,24.2,2.85,10.7,1.69,0.45,1.39,0.17,1.02,0.19,0.56,0.08,0.56,0.08
31.72,86,"GRANODIORITE [23210]",11.1,23.5,2.7,9.92,1.53,0.43,1.2,0.15,0.94,0.18,0.54,0.08,0.57,0.08
31.72,86,"GRANODIORITE [23210]",11.4,23.5,2.71,9.95,1.54,0.42,1.22,0.15,0.93,0.18,0.53,0.08,0.56,0.08
31.72,86,"GRANODIORITE [23210]",11,21.1,2.51,9.5,1.51,0.4,1.23,0.16,0.93,0.18,0.52,0.07,0.52,0.08
31.72,86,"GRANODIORITE [23210]",4.43,9.09,1.1,3.95,0.83,0.19,0.72,0.11,0.67,0.14,0.39,0.05,0.35,0.05
31.72,86,"GRANODIORITE [23210]",4.32,8.65,1.04,3.74,0.78,0.19,0.68,0.1,0.64,0.13,0.37,0.05,0.34,0.05
31.72,86,"GRANODIORITE [23210]",4.21,8.46,1.04,3.77,0.78,0.18,0.69,0.1,0.64,0.13,0.37,0.05,0.35,0.05
31.72,86,"GRANODIORITE [23210]",4.41,9.04,1.1,3.95,0.85,0.2,0.73,0.11,0.68,0.14,0.4,0.06,0.37,0.05
31.72,86,"GRANODIORITE [23210]",4.15,8.49,1.04,3.69,0.79,0.19,0.67,0.1,0.64,0.13,0.37,0.05,0.34,0.05
41.9277,91.958,"GRANODIORITE [23222]",20.5,46.2,4.99,17.5,2.92,0.82,2.14,0.24,1.09,0.18,0.54,0.07,0.42,0.06
41.9277,91.958,"GRANODIORITE [23222]",24.5,51.7,6.2,21.6,3.48,1.04,2.43,0.27,1.39,0.24,0.64,0.1,0.63,0.1
41.9277,91.958,"GRANODIORITE [23222]",24.4,51.6,6.01,21.7,3.57,0.99,2.19,0.28,1.32,0.22,0.59,0.09,0.58,0.09
35.8,101.2,"GRANODIORITE [23227]",28.15,56.59,6.31,21.4,4.58,0.78,4.02,0.58,3.2,0.66,1.87,0.29,1.93,0.3
35.8,101.2,"GRANODIORITE [23227]",33.69,65.61,7.41,25.06,5.18,1.08,4.62,0.65,3.61,0.73,2.04,0.32,2.05,0.32
35.8,101.2,"GRANODIORITE [23227]",23.18,52.19,5.07,16.94,3.71,0.92,3.39,0.49,2.81,0.58,1.69,0.27,1.84,0.3
35.8,101.2,"GRANODIORITE [23227]",32.18,65.83,6.94,22.77,4.79,0.75,4.23,0.63,3.69,0.78,2.31,0.38,2.53,0.4
35.8,101.2,"GRANODIORITE [23227]",34.78,72.79,7.41,24.7,4.93,1.06,4.31,0.6,3.37,0.68,1.94,0.29,1.86,0.29
35.8,101.2,"GRANODIORITE [23227]",29.85,65.73,6.31,20.91,4.18,0.87,3.79,0.51,2.85,0.59,1.67,0.25,1.68,0.27
35.8,101.2,"GRANODIORITE [23227]",28.68,58.85,6.31,21.49,4.49,1.06,3.93,0.56,3.13,0.64,1.84,0.28,1.85,0.29
35.8,101.2,"GRANODIORITE [23227]",34.08,65.48,7.03,22.47,4.37,0.79,3.7,0.51,2.87,0.6,1.72,0.26,1.79,0.29
35.8,101.2,"GRANODIORITE [23227]",40.88,81.16,8.37,27.15,5.02,0.92,4.39,0.56,3.13,0.64,1.8,0.28,1.81,0.29
35.8,101.2,"GRANODIORITE [23227]",30.75,65.04,6.64,21.71,4.41,0.94,3.77,0.54,3.05,0.63,1.78,0.27,1.73,0.27
35.8,101.2,"GRANODIORITE [23227]",27.82,67.94,6.28,21.38,4.52,0.92,3.97,0.55,3.19,0.64,1.81,0.28,1.91,0.3
35.8,101.2,"GRANODIORITE [23227]",34.32,66.83,7.58,25.74,5.29,1.1,4.6,0.66,3.74,0.75,2.12,0.33,2.13,0.34
35.8,101.2,"GRANODIORITE [23227]",48.24,94.33,9.73,30.71,5.39,0.96,4.29,0.58,3.13,0.62,1.74,0.27,1.78,0.29
6.0728,116.557,"GRANODIORITE [23245]",24.34,53.38,5.97,24.07,4.59,0.98,4.2,0.6,3.55,0.73,1.96,0.28,2.12,0.34
6.0784,116.5513,"GRANODIORITE [23245]",21,49.06,5.52,22.08,4.36,1.01,4.11,0.62,3.6,0.74,1.94,0.28,2.09,0.36
6.0763,116.5502,"GRANODIORITE [23245]",20.17,40.01,4.16,19.01,3.91,0.96,3.63,0.56,3.29,0.67,1.85,0.31,1.92,0.31
6.0756,116.5537,"GRANODIORITE [23245]",21.33,44.14,4.6,20.75,4.14,0.97,3.86,0.6,3.47,0.71,1.94,0.34,2,0.32
6.079,116.55,"GRANODIORITE [23245]",20.53,42.32,4.39,19.73,4.01,0.93,3.74,0.59,3.35,0.67,1.83,0.31,1.91,0.32
6.0818,116.5492,"GRANODIORITE [23245]",21.73,53.3,5.82,23.51,4.44,0.99,3.67,0.55,3.09,0.62,1.67,0.26,1.75,0.28
6.0767,116.549,"GRANODIORITE [23245]",19.17,42.83,5.27,19.03,4.28,1.03,4.17,0.61,3.6,0.75,2.05,0.24,2.14,0.35
6.0712,116.5533,"GRANODIORITE [23245]",19.94,45.92,5.1,21.24,4.2,1.03,3.88,0.6,3.52,0.71,1.95,0.31,2.05,0.34
-24,-66.5,"GRANODIORITE [23250]",33.5,74.9,8.6,28.8,6.6,0.9,6.7,1.1,7.5,1.5,4.5,0.7,4.1,0.7
-24,-66.5,"GRANODIORITE [23250]",30.6,65.1,8.2,28.5,6.5,0.9,6.1,1,6.6,1.4,4.1,0.7,3.4,0.6
-13.92279,-75.6786,"GRANODIORITE [23254]",28.7,59.9,7.75,31,6.3,0.81,5.89,0.99,5.87,1.27,3.71,0.55,3.8,0.58
-13.81248,-75.51926,"GRANODIORITE [23254]",19.8,37.1,4.21,15,2.3,0.59,1.76,0.25,1.48,0.28,0.77,0.12,0.8,0.13
-13.61453,-75.42432,"GRANODIORITE [23254]",21.7,44.4,5.59,22.2,4.7,1.19,4.09,0.67,4.05,0.86,2.58,0.37,2.4,0.39
-13.60759,-75.34368,"GRANODIORITE [23254]",26.8,54.4,6.6,25.5,4.9,0.97,4.11,0.67,3.78,0.85,2.57,0.37,2.5,0.39
-14.41117,-75.64642,"GRANODIORITE [23254]",20.8,43,5.08,19.9,4.3,0.94,4.71,0.76,4.62,1.04,3.05,0.44,2.7,0.46
-13.78103,-75.50333,"GRANODIORITE [23254]",16.5,31.9,3.83,14.5,2.6,0.74,1.81,0.24,1.36,0.22,0.71,0.12,0.7,0.17
-13.75882,-75.48713,"GRANODIORITE [23254]",17.3,29,3.17,11.7,2.1,0.62,1.65,0.24,1.21,0.23,0.66,0.11,0.7,0.17
-13.75105,-75.48374,"GRANODIORITE [23254]",19,33.6,3.74,13.9,2.6,0.65,1.86,0.26,1.52,0.25,0.71,0.11,0.8,0.17
-13.81709,-75.52772,"GRANODIORITE [23254]",20.1,35.9,4.26,15.4,2.6,0.72,1.93,0.27,1.42,0.27,0.85,0.12,0.8,0.11
-13.90717,-75.34074,"GRANODIORITE [23254]",14.8,35,4.56,17.1,3.3,0.8,3.18,0.49,2.68,0.56,1.94,0.3,2.1,0.27
-14.26018,-75.11012,"GRANODIORITE [23254]",17,31.9,4.05,15,2.8,0.81,2.22,0.27,1.29,0.26,0.76,0.1,0.8,0.1
-13.8732,-75.30364,"GRANODIORITE [23254]",36.6,64.3,7.71,26.5,4.4,0.77,3.3,0.47,2.46,0.49,1.46,0.21,1.5,0.2
-13.67616,-75.32376,"GRANODIORITE [23254]",25.4,50.1,6.64,26,5.6,1.01,5.3,0.82,4.49,0.93,2.9,0.41,2.7,0.38
-13.92374,-75.66132,"GRANODIORITE [23254]",26.2,56.3,7.83,33.8,8.6,2.13,8.61,1.34,8.19,1.59,4.4,0.72,4.4,0.7
-14.17889,-75.36224,"GRANODIORITE [23254]",17.6,34.4,4.27,15.5,3.1,1.25,2.83,0.38,2.25,0.39,1.3,0.22,1.4,0.22
-13.64153,-75.72137,"GRANODIORITE [23254]",20.9,40,4.91,18.1,3.3,1,2.65,0.35,2.05,0.38,1.08,0.17,1.2,0.2
-13.61499,-75.42549,"GRANODIORITE [23254]",22.3,46.9,6.08,23,5.4,1.21,4.87,0.73,4.39,0.84,2.54,0.42,2.6,0.4
-13.47854,-75.47002,"GRANODIORITE [23254]",50.2,90.2,9.61,29.1,4.7,0.72,3.34,0.5,3,0.54,1.48,0.23,1.5,0.25
-13.48695,-75.47243,"GRANODIORITE [23254]",23.4,44.9,5.42,18.8,3.9,0.74,3.25,0.49,3.07,0.55,1.64,0.27,1.8,0.27
-13.60741,-75.34363,"GRANODIORITE [23254]",20.8,47.3,6.56,24.7,5.5,1.02,5.39,0.84,5.11,0.96,2.76,0.44,2.8,0.44
-13.99534,-75.56479,"GRANODIORITE [23254]",49,109,14.6,55.6,12.4,1.25,11.5,1.73,10.6,1.92,5.6,0.91,5.6,0.86
-13.96205,-75.23788,"GRANODIORITE [23254]",28.5,58.7,7.44,27.1,5.2,1.04,4.33,0.64,3.76,0.68,1.97,0.34,2,0.32
-13.91656,-75.19213,"GRANODIORITE [23254]",30.9,63.2,8.1,29.6,6.1,1.29,5.48,0.83,4.66,0.85,2.5,0.43,2.6,0.42
-13.87002,-75.18557,"GRANODIORITE [23254]",21.2,42.9,5.62,22.2,4.9,1.43,4.46,0.67,3.84,0.73,1.95,0.32,2,0.34
-13.8376,-75.22997,"GRANODIORITE [23254]",26.2,54.8,7.09,27.6,5.5,1.21,4.51,0.68,4.13,0.73,2.03,0.37,2.1,0.36
-13.83105,-75.23584,"GRANODIORITE [23254]",23.9,51.5,6.95,26.8,5.5,1.28,4.69,0.69,4.1,0.78,2.23,0.37,2.2,0.35
-13.78803,-75.3707,"GRANODIORITE [23254]",36.4,76.3,9.79,35.2,6.9,1.11,5.56,0.83,4.71,0.87,2.4,0.42,2.6,0.42
-13.79288,-75.34314,"GRANODIORITE [23254]",22.8,47.8,6.3,23.7,4.9,1.09,3.69,0.53,3.39,0.58,1.72,0.22,1.6,0.27
-13.80357,-75.31348,"GRANODIORITE [23254]",28.9,62.2,8.22,30.6,6.2,1.19,5.26,0.78,4.17,0.8,2.2,0.37,2.3,0.36
-13.80322,-75.27238,"GRANODIORITE [23254]",19.3,37.7,4.67,17.7,3.9,0.9,3.55,0.57,3.43,0.62,1.91,0.33,2.1,0.32
-13.99737,-75.62933,"GRANODIORITE [23254]",18.3,48.5,7.32,28.8,6.8,1.16,6.13,0.98,6.31,1.23,3.61,0.65,3.9,0.64
-13.44192,-75.97067,"GRANODIORITE [23254]",23.4,39.6,4.4,14.4,2.8,0.74,2.61,0.44,2.66,0.57,1.97,0.31,2.2,0.3
-13.66991,-75.78868,"GRANODIORITE [23254]",37.5,68.7,8.49,29.2,6.3,0.95,5.41,0.83,5.33,1.14,3.9,0.64,4.3,0.65
-13.54816,-75.68507,"GRANODIORITE [23254]",14.4,27,3.28,11.5,2,0.89,1.45,0.18,0.9,0.14,0.4,0.05,0.4,0.025
-13.95086,-75.62944,"GRANODIORITE [23254]",28.8,62.5,8.62,32.8,7.5,1.35,7.02,1.12,6.45,1.31,4.12,0.62,4.1,0.59
-13.88234,-75.63713,"GRANODIORITE [23254]",38.2,85,11.9,46.6,10.7,1.77,10.3,1.56,8.95,1.76,5.14,0.77,4.5,0.72
-13.66029,-75.76186,"GRANODIORITE [23254]",20,43.6,5.45,23.6,5.1,1,4.87,0.71,4.61,0.96,3.01,0.43,3.1,0.43
40.221,105.5189,"GRANODIORITE [23266]",30.9,67.6,7.91,32.2,5.72,0.83,5.3,0.95,5.37,1.08,3.4,0.5,3.28,0.5
40.221,105.5189,"GRANODIORITE [23266]",13.6,28.3,3.24,11.7,2.44,0.96,2.19,0.37,1.99,0.41,1.18,0.19,1.19,0.19
42.4947,123.1792,"GRANODIORITE, BIOTITE [23273]",19.94,38.91,4.63,17.65,3.8,0.78,3.16,0.59,3.98,0.77,2.25,0.39,2.75,0.4
42.4947,123.1792,"GRANODIORITE, BIOTITE [23273]",22.54,43.86,5.16,20.69,4.34,0.7,3.71,0.7,4.29,0.87,2.34,0.41,2.9,0.39
42.4947,123.1792,"GRANODIORITE, BIOTITE [23273]",19.66,39.17,4.72,18.47,4.1,0.87,3.4,0.65,4.38,0.88,2.55,0.45,3.12,0.45
42.4947,123.1792,"GRANODIORITE, BIOTITE [23273]",22.32,45.4,5.28,20.45,4.47,0.75,3.6,0.67,4.27,0.83,2.4,0.43,3,0.44
42.4947,123.1792,"GRANODIORITE, BIOTITE [23273]",26.84,53.99,6.38,24.67,5.23,0.89,4.36,0.81,5.18,1,2.83,0.49,3.4,0.5
42.4947,123.1792,"GRANODIORITE, BIOTITE [23273]",23.06,47.55,5.71,22.51,5.18,0.93,4.23,0.84,5.59,1.1,3.23,0.58,4.03,0.57
42.4947,123.1792,"GRANODIORITE, BIOTITE [23273]",17.01,34.17,4.24,17.05,3.83,0.87,3.08,0.64,4.31,0.87,2.5,0.45,3.13,0.44
42.4975,123.2469,"GRANODIORITE, BIOTITE [23273]",14.6,29.03,3.79,15.5,3.62,1.16,2.82,0.53,3.47,0.67,1.93,0.33,2.31,0.33
42.4975,123.2469,"GRANODIORITE, BIOTITE [23273]",14.9,29.7,3.88,15.79,3.66,1.16,2.91,0.54,3.53,0.68,1.95,0.33,2.32,0.33
42.4975,123.2469,"GRANODIORITE, BIOTITE [23273]",13.25,26.27,3.49,14.52,3.44,1.07,2.76,0.53,3.39,0.66,1.9,0.33,2.24,0.33
42.4975,123.2469,"GRANODIORITE, BIOTITE [23273]",13.52,29.2,3.74,14.43,3.55,1.12,2.87,0.51,3.26,0.69,1.9,0.32,2.34,0.32
42.4975,123.2469,"GRANODIORITE, BIOTITE [23273]",13.27,26.74,3.46,14.25,3.31,1.08,2.62,0.5,3.31,0.65,1.9,0.32,2.27,0.33
42.4975,123.2469,"GRANODIORITE, BIOTITE [23273]",12.56,25.18,3.22,13.38,3.07,0.94,2.39,0.45,2.96,0.57,1.59,0.27,1.88,0.27
42.4975,123.2469,"GRANODIORITE, BIOTITE [23273]",14.21,28.71,3.66,15.09,3.45,1.14,2.71,0.5,3.19,0.63,1.77,0.31,2.16,0.31
42.5725,123.1933,"GRANODIORITE [23273]",25.6,46.15,6.97,27.74,5.45,1.91,4.57,0.75,4.36,0.9,2.49,0.39,2.5,0.38
42.5725,123.1933,"GRANODIORITE [23273]",25.21,43.44,6.29,24.18,4.58,1.63,3.95,0.61,3.49,0.69,1.95,0.31,2.05,0.31
42.5725,123.1933,"GRANODIORITE [23273]",20.6,36.16,5.48,21.85,4.32,1.56,3.7,0.63,3.48,0.73,2.08,0.33,2.18,0.32
42.5725,123.1933,"GRANODIORITE [23273]",21.09,38.18,5.69,22.68,4.46,1.67,3.79,0.62,3.62,0.73,2.06,0.33,2.23,0.34
42.5725,123.1933,"GRANODIORITE [23273]",24.88,42.87,6.14,23.66,4.48,1.69,3.82,0.61,3.52,0.72,1.98,0.32,2.12,0.32
42.5725,123.1933,"GRANODIORITE [23273]",26.26,48.93,7.06,28.22,5.47,1.88,4.71,0.77,4.36,0.89,2.44,0.38,2.57,0.38
42.5725,123.1933,"GRANODIORITE [23273]",26.22,49.86,6.63,25.14,4.74,1.85,4.05,0.64,3.59,0.71,2,0.32,2.08,0.31
42.3017,123.2328,"GRANODIORITE, BIOTITE [23273]",18.58,22.37,3.59,10.27,2.03,1.31,1.58,0.57,1.21,0.49,0.77,0.44,0.88,0.42
42.3017,123.2328,"GRANODIORITE, BIOTITE [23273]",39.09,55.2,6.16,20.54,2.77,1.04,2.36,0.31,1.29,0.26,0.66,0.15,0.77,0.16
42.3017,123.2328,"GRANODIORITE, BIOTITE [23273]",46.77,78.63,8.81,30.91,4.34,0.98,3.63,0.48,2.37,0.44,1.28,0.24,1.48,0.25
42.3017,123.2328,"GRANODIORITE, BIOTITE [23273]",14.4,15.79,3.93,15.91,2.78,1,1.77,0.27,1.4,0.25,0.69,0.13,0.8,0.13
42.3017,123.2328,"GRANODIORITE, BIOTITE [23273]",18.77,41.24,3.36,11.1,1.68,0.52,1.52,0.2,1.07,0.2,0.58,0.12,0.83,0.14
42.3017,123.2328,"GRANODIORITE, BIOTITE [23273]",21.32,40.74,4.8,18.79,3.38,1.14,2.64,0.41,2.22,0.42,1.11,0.2,1.27,0.19
36.15,96.05,"GRANODIORITE [23276]",23.67,50.67,5.873,31.82,6.65,1,4.147,0.6101,3.641,0.7423,2.263,0.3241,2.237,0.346
36.15,96.05,"GRANODIORITE [23276]",45.2,83.37,8.376,21.74,4.85,1.127,4.572,0.6336,3.758,0.743,2.225,0.3401,2.265,0.3405
36.15,96.05,"GRANODIORITE [23276]",31.83,62.74,6.75,28.1,4.85,1.021,4.27,0.6291,3.699,0.7431,2.246,0.3333,2.166,0.3321
36.15,96.05,"GRANODIORITE [23276]",22.68,47.91,5.667,24.37,4.647,0.9785,4.136,0.6122,3.666,0.7548,2.209,0.33,2.244,0.3372
39.2867,-120.4722,"GRANODIORITE [23289]",14.89,30.86,3.76,16.08,3.33,0.9,2.97,0.45,2.88,0.55,1.6,0.25,1.63,0.24
39.2822,-120.4744,"GRANODIORITE [23289]",20.2,39.18,4.26,16.28,3.06,0.84,2.68,0.4,2.69,0.53,1.45,0.22,1.58,0.23
29.624,91.6189,"GRANODIORITE [23291]",19.6,42.2,5.09,20.6,3.58,0.92,2.57,0.29,1.57,0.29,0.81,0.11,0.71,0.1
29.624,91.6186,"GRANODIORITE [23291]",19.7,42.1,5.06,20.4,3.257,0.93,2.54,0.28,1.45,0.26,0.69,0.09,0.59,0.09
29.624,91.6185,"GRANODIORITE [23291]",19.1,40.8,4.95,20.1,3.53,0.9,2.42,0.28,1.49,0.26,0.7,0.09,0.61,0.09
29.6233,91.6189,"GRANODIORITE [23291]",20.3,43.3,5.22,20.438,3.702,0.94,2.57,0.3,1.54,0.28,0.7,0.09,0.65,0.09
40.0124,141.9067,"GRANODIORITE [23299]",20.6,41,4.5,17.3,3.4,0.78,3.23,0.48,2.83,0.62,1.74,0.28,1.93,0.3
39.3309,141.9917,"GRANODIORITE [23299]",10.1,26,3.3,14.5,3.3,0.79,3.14,0.49,3.01,0.64,1.76,0.27,1.76,0.26
40,142,"GRANODIORITE [23299]",29.5,52.2,4.8,16.4,2.7,0.78,2.41,0.31,1.76,0.37,1.06,0.17,1.15,0.18
39.6842,141.977,"GRANODIORITE [23299]",24.4,49.4,5.4,21.4,4.4,1.25,4.13,0.64,3.9,0.85,2.38,0.38,2.5,0.39
40,142,"GRANODIORITE [23299]",29.1,61.1,6.5,24.3,4.6,1.08,4.42,0.67,4.1,0.9,2.56,0.41,2.69,0.42
39,141,"GRANODIORITE [23299]",24.5,46.3,4.8,17.6,3.3,0.84,3,0.43,2.5,0.53,1.51,0.23,1.54,0.23
40,142,"GRANODIORITE [23299]",27,51.8,5.5,21,4,1.11,3.45,0.46,2.52,0.51,1.39,0.21,1.42,0.21
39,141,"GRANODIORITE [23299]",20,43.4,4.9,19.5,4.2,0.84,3.96,0.63,3.79,0.83,2.3,0.36,2.3,0.34
40,142,"GRANODIORITE [23299]",18.7,41.7,5,20.5,4.6,1.09,4.27,0.67,4.05,0.86,2.38,0.36,2.39,0.35
39,141,"GRANODIORITE [23299]",29,60.2,6.4,24.2,4.8,1.03,4.44,0.66,4,0.85,2.4,0.38,2.47,0.38
40,142,"GRANODIORITE [23299]",14.77,24.54,2.88,9.47,1.51,0.55,1.69,0.19,1.01,0.15,0.41,0.07,0.42,0.08
40,142,"GRANODIORITE [23299]",26.73,43.14,5.18,17.76,3.29,0.83,3.26,0.49,2.99,0.65,1.89,0.31,2.27,0.35
39,142,"GRANODIORITE [23299]",18.88,34.86,4.08,14.53,2.7,0.82,3.03,0.46,2.77,0.59,1.65,0.26,1.71,0.27
40,142,"GRANODIORITE [23299]",12.22,24.77,3.01,10.77,2.07,0.63,2.23,0.29,1.64,0.29,0.77,0.12,0.76,0.13
37,140.5,"GRANODIORITE [23299]",29.3,61.1,6.19,22,4.22,1.002,3.8,0.583,3.44,0.715,1.93,0.288,1.85,0.272
37,140.5,"GRANODIORITE [23299]",24.9,49.6,5.54,20.8,4.44,1.101,4.24,0.653,3.94,0.821,2.23,0.337,2.12,0.298
37,140.5,"GRANODIORITE [23299]",17.9,41,4.55,17.6,3.84,0.971,3.19,0.459,2.5,0.465,1.17,0.162,1.03,0.146
37,140.5,"GRANODIORITE [23299]",21.2,43.3,4.18,14.5,2.84,0.778,2.61,0.419,2.58,0.553,1.55,0.2512,1.72,0.26
37,140.5,"GRANODIORITE [23299]",22.6,45.2,4.442,15.4,2.81,0.84,2.43,0.365,2.12,0.435,1.19,0.181,1.2,0.179
38,149.5,"GRANODIORITE [23299]",20.5,38.3,3.62,11.87,2,0.667,1.64,0.253,1.46,0.291,0.78,0.118,0.78,0.112
35.0214,103.1223,"GRANODIORITE [23301]",32.6,61.9,6.82,24.4,4.48,0.98,3.38,0.46,2.46,0.45,1.21,0.18,1.17,0.17
35.0023,103.1188,"GRANODIORITE [23301]",24.3,57.6,5.71,21.2,4.39,1.04,3.71,0.52,2.94,0.56,1.56,0.22,1.52,0.23
35.028,103.1259,"GRANODIORITE [23301]",28.7,55.8,6.08,21.7,4.11,0.87,3.12,0.43,2.24,0.42,1.09,0.17,1.09,0.16
35.0557,103.171,"GRANODIORITE [23301]",41,80.7,8.57,30.5,5.54,1.16,4.31,0.58,3.07,0.61,1.66,0.23,1.63,0.23
34.955,103.6092,"GRANODIORITE [23301]",38.4,75.3,8.02,29.8,5.37,1.18,4.53,0.61,3.31,0.59,1.61,0.24,1.41,0.21
35.0494,103.1936,"GRANODIORITE [23301]",42.9,82.8,8.67,31.1,5.59,1.24,4.28,0.58,2.86,0.55,1.5,0.22,1.3,0.2
35.0561,103.1567,"GRANODIORITE [23301]",23.3,46.4,5.07,18.9,3.81,1.07,3.16,0.44,2.37,0.42,1.21,0.17,1.05,0.14
-30.62305,-67.64755,"GRANODIORITE [23308]",14.2486284144107,24.975510913021,2.82949055921694,10.9582263261506,2.12239508999071,1.04474833640545,1.88833071394534,0.2683061460726,1.52054196018341,0.308666059580505,0.824827891929173,0.117902586402934,0.759746683341489,0.13416128609267
-30.5740833333333,-67.5535666666667,"GRANODIORITE [23308]",51.7221709857954,108.785806879644,11.2424128227429,39.1746615669931,6.65155878774024,1.28549248537743,4.50040636912233,0.57687215315303,2.69368177925503,0.404183480919941,0.857961428940573,0.103583374109722,0.621015110817939,0.0983908307166846
29.37,88.43,"GRANODIORITE [23319]",22.7,41.6,4.74,18,3.6,1.17,3.92,0.54,3.14,0.64,1.93,0.24,1.94,0.29
29.38,88.41,"GRANODIORITE [23319]",23.9,48.8,5.6,20.8,3.93,1.1,3.85,0.52,2.91,0.58,1.75,0.22,1.81,0.27
29.37,88.43,"GRANODIORITE [23319]",24.4,43.7,5.02,19.1,3.67,1.1,3.79,0.52,3.08,0.62,1.91,0.23,1.85,0.28
29.38,88.41,"GRANODIORITE [23319]",20.5,36.7,4.11,15.9,3.13,1.01,2.92,0.44,2.51,0.53,1.64,0.25,1.68,0.29
29.36,88.76,"GRANODIORITE [23319]",15,26.4,2.84,10.1,1.94,0.65,2.17,0.31,2.02,0.42,1.32,0.17,1.43,0.22
29.37,88.43,"GRANODIORITE [23319]",16.8,31.2,3.4,12.3,2.31,0.96,2.48,0.34,1.93,0.39,1.1,0.17,1.09,0.2
29.36,88.5,"GRANODIORITE [23319]",32,67.7,8.34,33.5,7.04,1.92,6.68,1.05,6.08,1.31,3.78,0.59,3.68,0.6
-28,-70,"GRANODIORITE [23339]",71.8,120,11.4,33.2,3.69,0.891,1.85,0.26,1.47,0.28,0.88,0.152,0.94,0.146
-28,-70,"GRANODIORITE [23339]",18.2,34.2,3.91,13.8,2.65,0.655,2.12,0.36,2.05,0.44,1.26,0.19,1.22,0.163
-28,-70,"GRANODIORITE [23339]",22,44.8,5.06,17.3,2.92,0.974,2.39,0.4,2.3,0.51,1.59,0.273,1.8,0.264
-28.117,-69.7624,"GRANODIORITE, BIOTITE-HORNBLENDE [23339]",45.1,84.8,8.87,30,4.99,1.09,3.99,0.61,3.44,0.69,1.98,0.304,2.07,0.291
-22.0967,16.351,"GRANODIORITE, BIOTITE [23369]",64.235,133.175,15.575,48.71,8.55,1.292,7.985,1.04,5.915,1.012,2.79,0.359,2.305,0.338
-22.3945,16.2397,"GRANODIORITE [23369]",73.675,146.8,16.38,58.35,10.2,2.34,8.02,1.026,5.695,1.107,3.05,0.4045,2.795,0.424
-38,145.5,"GRANODIORITE [23375]",14.397976391231,28.9364328564836,3.389,11.6917464660283,3.0162344458658,1.32854710556186,3.13949104618285,0.670871080139373,4.10792957951404,0.927534246575342,2.57688552599463,0.425939613146721,2.805,0.4125
-38,145.5,"GRANODIORITE [23375]",8.85227655986509,17.9927318874019,2.144,7.6297309621523,2.02639841842075,1.11146424517594,2.14608859566447,0.460557491289199,2.85917357776808,0.655684931506849,1.84535025628509,0.306856423966032,1.995,0.2925
-38,145.5,"GRANODIORITE [23375]",38.1753794266442,73.1833179510844,7.602,23.8030095759234,4.51624607512501,1.16356413166856,4.18944392082941,0.722404181184669,4.09525680197876,0.909041095890411,2.45879912130827,0.389550243749017,2.538,0.3895
-38,145.5,"GRANODIORITE [23375]",67.98,120.87,11.825,39.83,6.085,2.07,5.37,0.7245,4.615,0.952,3.21,0.468,3.915,0.622
33.2767,111.1408,"GRANODIORITE [23397]",20.3,41.7,5.12,19.4,3.89,0.92,3.46,0.54,3.21,0.61,1.75,0.27,1.8,0.27
33.2761,111.1411,"GRANODIORITE [23397]",24.1,53.7,6.23,23.5,4.66,0.99,4.21,0.64,3.74,0.71,2.07,0.31,2.1,0.31
42.26,118.89,"GRANODIORITE [23405]",43.16,95.95,12.56,46.92,7.79,1.63,6.06,0.89,4.326,0.79,2.09,0.34,2.3,0.28
42.26,118.89,"GRANODIORITE [23405]",43.17,104.1,13.42,47.83,7.69,1.46,6.46,0.89,4.411,0.81,2.2,0.36,2.69,0.32
42.26,118.89,"GRANODIORITE [23405]",50.25,115.1,14.84,56.23,9.69,2.11,7.31,1.07,5.188,0.92,2.46,0.4,2.7,0.32
42.26,118.89,"GRANODIORITE [23405]",46.49,106.1,13.64,51.48,8.76,1.88,6.57,0.98,4.643,0.84,2.28,0.38,2.57,0.32
42.26,118.89,"GRANODIORITE [23405]",38.11,84.56,10.13,35.49,5.98,1.45,4.63,0.68,3.24,0.6,1.97,0.29,1.96,0.26
42.26,118.89,"GRANODIORITE [23405]",50.69,114.2,14.82,55.92,9.41,2.03,7.14,1.06,5.101,0.94,2.46,0.39,2.76,0.32
42.26,118.89,"GRANODIORITE [23405]",49.7,94.4,11.4,42.5,8.14,1.26,8.51,1.17,6.03,1.24,3.46,0.51,3.5,0.48
42.26,118.89,"GRANODIORITE [23405]",41.2,79.6,9.37,34.6,6.38,1,6.75,0.9,4.89,1.05,2.83,0.42,2.78,0.36
42.26,118.89,"GRANODIORITE [23405]",36.3,74.4,8.71,33,6.61,1.05,6.58,1.02,5.37,1.16,2.92,0.42,2.71,0.37
42.26,118.89,"GRANODIORITE [23405]",40.1,84.1,9.55,35.7,6.96,1.05,7.14,1.04,5.73,1.16,3.16,0.43,3.04,0.4
42.26,118.89,"GRANODIORITE [23405]",28.4,60.1,7.39,29.1,5.65,1.16,5.72,0.79,4.3,0.9,2.37,0.38,2.29,0.3
-20.5078,47.2487,"GRANODIORITE [23417]",148,288.8,30.5,104.5,15.5,2.8,11,1.4,6.9,1.1,2.7,0.4,2.3,0.3
-27,120,"GRANODIORITE [5748]",23,43,6.4,18,3.6,1.1,2.7,0.3,1.1,0.2,0.6,0.1,0.5,0.1
13,105,"GRANODIORITE [23423]",20.6,41.7,4.78,17.9,3.5,0.93,2.9,0.4,2.5,0.5,1.5,0.22,1.5,0.26
13,105,"GRANODIORITE [23423]",27.9,59,7.05,26.9,5.4,1.29,4.4,0.6,3.9,0.7,2.3,0.34,2.3,0.36
13,105,"GRANODIORITE [23423]",23.7,47.1,5.25,19.7,3.7,1.18,3,0.4,2.5,0.5,1.5,0.21,1.6,0.25
13,105,"GRANODIORITE [23423]",38.2,73,7.87,29.4,5.1,1.33,3.8,0.5,3,0.6,1.8,0.28,1.9,0.33
13,105,"GRANODIORITE [23423]",25.4,53.4,6.38,23.9,4.6,1.19,3.9,0.6,3.4,0.7,2,0.3,2.1,0.35
13,105,"GRANODIORITE [23423]",24.8,44.8,4.81,18.3,3.5,1.02,3,0.4,2.5,0.5,1.5,0.23,1.6,0.26
13,105,"GRANODIORITE [23423]",32.3,60.7,6.72,24.9,4.9,1.17,3.9,0.6,3.4,0.7,2,0.31,2.1,0.36
13,105,"GRANODIORITE [23423]",13.8,29.4,3.7,14.4,3.3,1.01,3.4,0.6,3.5,0.7,2.1,0.33,2.2,0.37
13,105,"GRANODIORITE [23423]",18.1,39,4.72,18.8,4.3,0.96,4.1,0.7,4.1,0.8,2.4,0.34,2.3,0.36
13,105,"GRANODIORITE [23423]",17.4,37.9,4.71,18.9,4.4,0.9,4.2,0.7,4.2,0.8,2.4,0.36,2.4,0.38
13,105,"GRANODIORITE [23423]",21.3,43.7,4.77,15.9,3.5,0.34,3.2,0.6,3.2,0.6,1.8,0.26,1.8,0.27
19,109.5,"GRANODIORITE [23453]",37.8,76,8.81,34.7,6.4,0.95,5.95,0.95,5.45,1.07,3.07,0.43,2.63,0.4
19,109.5,"GRANODIORITE [23453]",42.1,81.8,9.19,35.9,6.56,1.26,5.94,0.9,4.69,0.88,2.4,0.33,1.93,0.29
19,109.5,"GRANODIORITE [23453]",33.7,66.1,7.84,29.4,5.35,0.88,4.95,0.71,3.65,0.67,1.99,0.27,1.8,0.28
19,109.5,"GRANODIORITE [23453]",25,51.3,6.19,24.1,5,1.06,4.82,0.77,4.49,0.91,2.73,0.42,2.76,0.42
35,102,"GRANODIORITE [23485]",33,68,6.54,23,3.88,1.13,3.4,0.51,2.92,0.59,1.83,0.33,2.08,0.34
35,102,"GRANODIORITE [23485]",34,67,6.08,20,2.99,1.09,2.7,0.36,1.81,0.34,1.02,0.16,0.9,0.15
35,102,"GRANODIORITE [23485]",22,43,4.27,15,2.93,1.1,2.56,0.4,2.35,0.48,1.45,0.26,1.57,0.26
35,102,"GRANODIORITE [23485]",42,79,7.54,26,4.29,1.47,3.74,0.53,2.86,0.57,1.73,0.3,1.85,0.3
35,102,"GRANODIORITE [23485]",24,48,4.62,16,2.6,1.11,2.37,0.34,1.91,0.38,1.11,0.19,1.14,0.18
35,102,"GRANODIORITE [23485]",25,50,4.89,17,3.24,0.92,2.8,0.41,2.16,0.4,1.13,0.19,1.14,0.18
35,102,"GRANODIORITE [23485]",50,90,9.15,31,4.8,1.2,4.17,0.57,2.96,0.59,1.79,0.31,1.88,0.31
35,102,"GRANODIORITE [23485]",38,84,7.38,25,4.24,1.19,3.74,0.52,2.81,0.54,1.69,0.29,1.84,0.31
43.0419,128.9906,"GRANODIORITE [23494]",15.045,32.025,3.75,14.5,2.79,0.72943,2.493,0.41,2.09,0.4,1.134,0.18,1.2,0.17
43.3981,129.6547,"GRANODIORITE [23494]",11.73,30.525,3.68,15.1,3.35,0.72625,2.7576,0.49,2.53,0.48,1.323,0.22,1.46,0.23
43.5972,129.9381,"GRANODIORITE [23494]",27.115,66.9,6.51,23.8,4.72,0.85584,3.9642,0.71,3.86,0.79,2.187,0.34,2.29,0.33
43.0358,129.6458,"GRANODIORITE [23494]",18.02,34.5,5.15,20.2,4.03,0.93707,3.681,0.6,3.14,0.6,1.611,0.24,1.59,0.23
23.6,95.5,"GRANODIORITE [23498]",22.4900398406374,38.7649402390438,3.73505976095618,12.8864541832669,2.08167330677291,0.718003242259059,2.09561752988048,0.254980079681275,1.34262948207171,0.270916334661355,0.796812749003984,0.119521912350598,0.828685258964143,0.133466135458167
23.6,95.5,"GRANODIORITE [23498]",23.1349206349206,43.2738095238095,4.0952380952381,14.1071428571429,2.18055555555556,0.6951092916949,2.13293650793651,0.246031746031746,1.20238095238095,0.232142857142857,0.662698412698413,0.0952380952380952,0.654761904761905,0.103174603174603
23.6,95.5,"GRANODIORITE [23498]",23.8418530351438,40.7547923322684,3.79792332268371,12.7935303514377,1.93490415335463,0.714712460429319,1.95287539936102,0.225638977635783,1.12020766773163,0.223642172523962,0.650958466453674,0.0958466453674121,0.670926517571885,0.107827476038339
23.6,95.5,"GRANODIORITE [23498]",25.0546393800914,44.0492747864097,4.04132724021458,13.3220743095569,1.98887343532684,0.67448192702697,2.01271607391218,0.228491953109477,1.1325253328035,0.222531293463143,0.663620107291874,0.0993443274389032,0.699384065169879,0.11325253328035
23.6,95.5,"GRANODIORITE [23498]",35.92,65.04,6.745,23.08,3.661,0.898,2.787,0.332,1.819,0.348,0.925,0.138,0.878,0.141
23.6,95.5,"GRANODIORITE [23498]",38.92,69.66,7.189,24.53,3.825,1.009,3.05,0.353,1.97,0.366,0.989,0.143,0.92,0.139
23.6,95.5,"GRANODIORITE [23498]",36.29,63.91,6.556,22.46,3.543,0.891,2.739,0.346,1.845,0.368,0.999,0.146,0.973,0.145
23.6,95.5,"GRANODIORITE [23498]",13.98493259318,33.9413164155432,4.03053132434576,15.4916732751784,2.72997620935765,0.865758247531228,2.53370340999207,0.337034099920698,1.76050753370341,0.350911974623315,1.01903251387787,0.148691514670896,0.999206978588422,0.148691514670896
46.43416667,128.5375,"GRANODIORITE [23510]",30.0006432766608,56.7199859877631,6.30216330708661,21.7368483484492,3.3639971496063,1.12410025634888,3.14968790057324,0.445424448294901,2.41180159699504,0.506645313674257,1.499962660417,0.244438386693838,1.68192820823228,0.282085442768686
46.43416667,128.5375,"GRANODIORITE [23510]",41.7527542926725,84.1746654899524,9.70118493884683,33.3939699551569,5.18617921020147,1.32670441700688,4.81868074710221,0.677913522193381,3.68326838938367,0.769265033659426,2.26913897711978,0.364194536857234,2.47626111937405,0.398154794960212
39,39,"GRANODIORITE [23529]",13.7,22,2.51,8.9,1.63,0.59,2.11,0.36,2.14,0.53,1.58,0.27,1.73,0.29
39,39,"GRANODIORITE [23529]",21.7,40.2,4.43,16,2.84,0.55,2.51,0.39,2.24,0.46,1.59,0.27,1.85,0.28
39,39,"GRANODIORITE [23529]",8.6,17.2,2.35,9.4,2.04,0.64,2.54,0.49,3.04,0.7,2.26,0.36,2.51,0.43
39,39,"GRANODIORITE [23529]",8,14.5,1.84,7.7,1.68,0.5,2.03,0.36,2.27,0.54,1.63,0.28,2,0.32
39,39,"GRANODIORITE [23529]",53.7,74.8,7.09,24.4,4.33,0.73,4.23,0.69,3.73,0.77,2.56,0.4,2.61,0.41
42,92,"GRANODIORITE [23532]",11,22.5,2.74,11.3,2.03,0.61,1.73,0.24,1.41,0.28,0.84,0.12,0.84,0.14
42,92,"GRANODIORITE [23532]",11,22.5,2.79,11,2.03,0.63,1.8,0.25,1.44,0.29,0.83,0.13,0.86,0.15
42,92,"GRANODIORITE [23532]",12.9,26,3.22,13,2.31,0.69,1.97,0.28,1.58,0.32,0.92,0.13,0.94,0.16
42,92,"GRANODIORITE [23532]",11.6,23.9,2.95,11.7,2.15,0.66,1.8,0.26,1.47,0.31,0.85,0.13,0.88,0.15
42,92,"GRANODIORITE [23532]",11.4,22.9,2.95,11.8,2.2,0.66,1.89,0.27,1.57,0.31,0.89,0.13,0.89,0.15
42,92,"GRANODIORITE [23532]",12.7,25.7,3.26,12.8,2.36,0.66,1.95,0.28,1.56,0.32,0.91,0.14,0.97,0.16
42,92,"GRANODIORITE [23532]",12.6,27.2,3.57,15.2,2.98,0.86,2.51,0.36,2,0.4,1.07,0.15,1.01,0.16
42,92,"GRANODIORITE [23532]",12.4,27,3.64,15.4,3.1,0.87,2.65,0.39,2.1,0.42,1.11,0.17,1.05,0.17
42,92,"GRANODIORITE [23532]",11.9,25.9,3.45,15,3.08,0.83,2.63,0.38,2.1,0.41,1.11,0.16,1.03,0.17
42,92,"GRANODIORITE [23532]",11.9,26.2,3.44,14.7,2.87,0.83,2.49,0.36,1.95,0.39,1.07,0.16,1.03,0.16
42,92,"GRANODIORITE [23532]",2.8,6.88,0.98,4.57,1.06,0.32,0.95,0.16,0.89,0.18,0.49,0.07,0.5,0.08
42,92,"GRANODIORITE [23532]",12,27.1,3.6,15.7,3.11,0.86,2.67,0.38,2.17,0.43,1.14,0.17,1.1,0.18
42,92,"GRANODIORITE [23532]",3.87,10.4,1.6,7.61,1.98,0.58,1.93,0.3,1.72,0.35,0.95,0.14,0.97,0.15
42,92,"GRANODIORITE [23532]",4.88,12.3,1.79,8.02,1.83,0.51,1.59,0.26,1.4,0.28,0.75,0.11,0.72,0.11
42,92,"GRANODIORITE [23532]",2.52,6.33,0.93,4.12,1.01,0.29,0.93,0.16,0.9,0.19,0.51,0.08,0.54,0.09
42,92,"GRANODIORITE [23532]",4.69,10.9,1.49,6.36,1.4,0.39,1.29,0.2,1.14,0.23,0.65,0.1,0.67,0.11
42,92,"GRANODIORITE [23532]",12.1,25,3.3,14.1,2.76,0.77,2.38,0.34,1.89,0.37,0.97,0.14,0.93,0.15
42,92,"GRANODIORITE [23532]",10.9,22.3,3,12.8,2.59,0.75,2.27,0.32,1.78,0.35,0.93,0.13,0.88,0.14
32.2,87,"GRANODIORITE [23536]",47.9,91.2,9.84,34.9,6.55,1.3,5.75,0.85,4.95,0.99,2.75,0.41,2.58,0.41
32.2,87,"GRANODIORITE [23536]",33.3,61.3,7.12,24.8,4.89,0.7,4.43,0.67,4.01,0.84,2.4,0.37,2.49,0.39
32.2,87,"GRANODIORITE [23536]",36.7,70.6,7.74,26.9,5.21,0.67,4.49,0.68,4.12,0.85,2.37,0.37,2.44,0.39
32.2,87,"GRANODIORITE [23536]",59.9,112,13,44,8.44,1.06,7.74,1.24,7.6,1.57,4.53,0.7,4.66,0.7
34.7,50.1,"GRANODIORITE [23544]",11.96,20.09,2.24,8.48,2,0.71,1.97,0.31,1.89,0.43,1.25,0.19,1.37,0.23
34.7,50.1,"GRANODIORITE [23544]",14.71,25.37,2.81,10.44,2.24,0.83,2.3,0.34,2.02,0.46,1.36,0.2,1.45,0.24
34.7,50.1,"GRANODIORITE [23544]",12.77,22.68,2.59,9.91,2.25,0.78,2.19,0.33,2.03,0.47,1.31,0.21,1.47,0.24
-35.911021,-70.802303,"GRANODIORITE [22188]",23.0583307855925,47.872425711946,5.58470222242626,21.0553339175809,4.2421786611502,1.06936189515526,3.56533772033563,0.55597950370477,3.32914610218217,0.661995293572138,1.7925915616068,0.264122818427673,1.67827280619184,0.261451215012374
34,113,"GRANODIORITE [23547]",48.9976311167262,96.8282521552816,10.5135707343544,39.0548800284086,4.83792548096302,1.32926394404364,3.10271018402684,0.251965396397355,1.03867322011295,0.15568785362525,0.429651386467808,0.0561515565219147,0.36635361743982,0.0548858213821707
34,113,"GRANODIORITE [23547]",49.4592126918568,98.744245689893,11.1579256399065,40.9738219217129,5.48688747696293,1.36190502658748,3.41437636145933,0.294500863294183,1.21755509457545,0.180921349373332,0.492125897642233,0.063679716104967,0.415911752871316,0.0651071771435578
34,113,"GRANODIORITE [23547]",38.3144228252055,77.6221434113656,8.65294222232931,31.3744429811683,4.18919895362525,1.17261145491314,2.71277540445358,0.224383995492155,0.937858621693018,0.138288584947649,0.386447960223982,0.0511175089435637,0.330889129008521,0.0533341513313987
34,113,"GRANODIORITE [23547]",47.1948628039158,90.6082560312011,10.2573661875766,37.0181108711373,4.98820471507536,1.30489507039265,3.16608094877185,0.268398246892517,1.12370449325344,0.168834229354958,0.452738166041139,0.0619384693142428,0.396095866185147,0.0632236904722523
-40.5887405,-68.3466733,"GRANODIORITE, BIOTITE-HORNBLENDE [23551]",50.3,99.1,10.1,34.8,6,1.13,4.2,0.6,3.3,0.6,1.8,0.28,1.9,0.3
23.84,102.1303,"GRANODIORITE [23556]",23.49,37.58,5.45,19.51,3.69,0.67,2.45,0.39,2.13,0.38,1.07,0.15,0.91,0.14
23.84,102.1303,"GRANODIORITE [23556]",28.24,50.08,6.05,21.38,3.84,0.62,2.48,0.4,2.27,0.41,1.1,0.15,0.88,0.13
23.84,102.1303,"GRANODIORITE [23556]",21.54,35.2,4.87,17.56,3.28,0.6,2.13,0.35,1.89,0.35,1.01,0.15,0.95,0.14
23.84,102.1303,"GRANODIORITE [23556]",25.09,46.6,5.77,21.35,4.02,0.74,2.66,0.44,2.43,0.45,1.33,0.19,1.24,0.17
10.4693,-1.23805,"GRANODIORITE [23577]",58.73,99.67,10.78,34.18,4.44,0.64,2.99,0.31,1.13,0.18,0.44,0.06,0.38,0.06
10.4691,-1.23833,"GRANODIORITE [23577]",76.49,137,14.46,47.39,6.96,0.69,4.89,0.54,2.04,0.32,0.74,0.1,0.59,0.08
10.608,-0.930283333,"GRANODIORITE [23577]",19.55,36.83,4.94,17.87,3.22,0.81,2.15,0.26,1.16,0.2,0.56,0.09,0.66,0.12
10.6891225,-0.8065905,"GRANODIORITE [23577]",43.95,89.59,10.71,36.56,5.83,1.41,4.16,0.44,1.87,0.3,0.78,0.11,0.66,0.1
10.05964503,-2.054406982,"GRANODIORITE [23577]",36.13,71.55,8.75,30.69,5.41,1.25,3.66,0.44,1.89,0.34,0.92,0.14,0.92,0.15
10.05878,-2.05185,"GRANODIORITE [23577]",43.79,85.93,10.01,34.79,5.51,1.16,3.92,0.46,1.94,0.35,0.93,0.14,0.9,0.14
10.87071402,-0.856643999,"GRANODIORITE [23577]",77.05,158,18.67,64.67,9.25,1.95,5.8,0.57,2.17,0.36,0.93,0.13,0.81,0.12
10.87066667,-0.857138888,"GRANODIORITE [23577]",76.95,148,18.28,64.29,10,2.18,6.11,0.59,2.19,0.35,0.81,0.11,0.63,0.09
10.87066667,-0.857611111,"GRANODIORITE [23577]",63.54,129,15.3,52.57,7.98,1.75,4.63,0.45,1.59,0.24,0.6,0.09,0.54,0.08
9.885916667,-1.96345,"GRANODIORITE [23577]",47.43,98.46,12.26,44.3,7.57,1.9,4.9,0.52,1.99,0.33,0.77,0.1,0.6,0.08
10.6911776,-0.8070875,"GRANODIORITE [23577]",32.19,69.22,8.85,31.18,5.4,1.19,3.48,0.39,1.66,0.26,0.66,0.09,0.6,0.09
20.318,-105.4489,"GRANODIORITE [23624]",41.3,80.7,9.67,33.0983934611872,6.49638183053516,1.9,6.45,0.88,4.6,0.8,1.99,0.259,1.54,0.206
12.5330555555556,78.3952777777778,"GRANODIORITE [23634]",5.81,11.23,1.42,6.47,1.53,0.66,1.42,0.19,1.02,0.16,0.58,0.08,0.42,0.07
40.22,73.0294,"GRANODIORITE [23652]",37.8817399992863,93.2451914498805,7.99236341576562,39.8,7.68,1.73772234635463,5.2512470552514,0.794884180728392,5.07076687007101,1.01880598080148,3.05873746565321,0.399314848517289,2.86833850765443,0.398065874460265
40.3131,72.6311,"GRANODIORITE [23652]",16.0398487492728,37.4567335660268,4.33973240255963,18.3692553810355,4.11812827225131,0.869902717771083,3.79319737173362,0.581524449108343,3.72448007562536,0.808973240255963,2.5841695753345,0.356675392670157,2.71467604712042,0.39466986620128
40.3131,72.6311,"GRANODIORITE [23652]",16.2782888012849,36.0822747846401,4.23857497444882,18.2226602423711,4.00843188786684,0.878889212845791,3.82353875562346,0.561170149430322,3.63622791648416,0.754124689735728,2.43666958680099,0.355891371003066,2.71387976346912,0.402796028617316
40.3131,72.6311,"GRANODIORITE [23652]",15.8216712344322,36.5652603236934,4.47951074793087,17.7949226574906,3.84449725165426,0.803947817399814,3.5500520737197,0.553886372590567,3.56508042833896,0.740392063299782,2.36944901699266,0.342120927212343,2.60073189962681,0.382436915744659
40.3131,72.6311,"GRANODIORITE [23652]",16.5114470258023,37.2226167528998,4.21798383551452,17.5468533360387,3.86425890230293,0.767768443299584,3.52790086501081,0.532023910308212,3.46160427445808,0.725034662338102,2.35382638395726,0.323627878664908,2.48180480876534,0.373169659463664
40.22,73.0294,"GRANODIORITE [23652]",29.7064233163554,62.2669071873231,6.64756649688738,25.7596915676287,5.15439303904924,1.01574796213499,4.27467523590836,0.581795492189177,3.33839487832484,0.624646293152236,1.78445104697227,0.224957555178268,1.49492253820034,0.205680531975099
40.22,73.0294,"GRANODIORITE [23652]",29.1093532556947,59.1082545960595,5.9642569398667,22.6718669889402,4.48033399252911,1.09953642551221,3.73659021994333,0.546131887775075,3.10108034864132,0.599501940965356,1.75968651578408,0.23071852340145,1.63130630630631,0.218450157474548
40.22,73.0294,"GRANODIORITE [23652]",7.20428934932752,14.1552162849873,1.52417302798982,5.99338422391858,1.35823336968375,0.389831534050088,1.39656910551431,0.220539731633638,1.47339512904398,0.326790258087968,1.09287531806616,0.158124318429662,1.20590512540894,0.190657942566339
24.83,99.75,"GRANODIORITE [23655]",49.6,106,12.4,47.4,8.99,2.15,7.01,0.969,4.83,0.849,2.15,0.278,1.7,0.225
30.5,118.5,"GRANODIORITE [23657]",42.1,75.5,7.58,28,5.12,1.24,4.54,0.73,4.2,0.91,2.61,0.41,2.66,0.41
42,113,"GRANODIORITE [23670]",13.28,25.94,2.8,9.93,1.5,0.55,1.43,0.19,1.08,0.21,0.64,0.11,0.75,0.12
36.1059,117.041,"GRANODIORITE [23677]",22.7459439195101,40.1219788267707,4.81686328584655,16.7335635448137,2.84535574506284,1.11592921676779,2.65944010775039,0.322126008796973,1.61984788736475,0.312640796870857,0.863968050401711,0.127470874029044,0.837269370325693,0.130352898552173
27.5,-114.5,"GRANODIORITE [23678]",15.2,30.3,3.45,12,2.1,0.56,1.8,0.3,2.1,0.4,1.4,0.24,1.8,0.29
23.8628,95.5908,"GRANODIORITE [23697]",13.41,32.24,4.524,20.42,5.471,1.372,5.9,1.055,6.921,1.497,4.403,0.661,4.274,0.665
23.8628,95.5908,"GRANODIORITE [23697]",11.902,28.54,4.034,19.57,5.712,1.46,6.187,1.142,7.427,1.595,4.564,0.7,4.299,0.656
23.9494,95.5158,"GRANODIORITE [23697]",6.011,14.46,2.074,9.482,2.477,0.729,2.293,0.373,2.196,0.443,1.259,0.189,1.223,0.199
24.1933,95.4881,"GRANODIORITE [23697]",16.34,35.46,4.237,16.62,3.808,0.861,3.49,0.563,3.498,0.74,2.129,0.334,2.189,0.349
23.7061,95.5267,"GRANODIORITE [23697]",16.78,36.94,4.907,21.38,5.648,1.445,5.96,1.064,6.892,1.48,4.241,0.653,4.085,0.637
23.7197,95.5133,"GRANODIORITE [23697]",4.16235575009948,12.0911261440509,2.0433744528452,11.2156784719459,3.88181456426582,1.37192621663887,4.99005173099881,0.939116593712694,6.12216474333466,1.35495423796259,4.17628332670115,0.626740947075209,4.19816951850378,0.650616792678074
23.7197,95.5133,"GRANODIORITE [23697]",4.18827283605904,12.2277622656562,1.9206222576785,9.93817311527722,3.28081372157958,1.25137724127064,4.24012764260072,0.801755085759873,5.24132429198245,1.16673314718787,3.58197048264858,0.5364978061428,3.62185879537296,0.56441962504986
24.63,95.7731,"GRANODIORITE [23697]",16.514,37.38,4.49,18.742,4.42,1.03472257067653,4.698,0.72,4.424,0.916,2.906,0.428,2.998,0.45
24.63,95.7731,"GRANODIORITE [23697]",15.5134281200632,35.347551342812,4.2654028436019,17.9107424960506,4.30094786729858,1.06844692905868,4.63270142180095,0.720774091627172,4.40955766192733,0.932069510268562,2.94431279620853,0.436413902053713,3.07464454976303,0.464060031595577
24.63,95.7731,"GRANODIORITE [23697]",15.6684062625452,34.885588117222,4.17703733440385,17.3524688879968,4.05459654757126,1.03508391640372,4.32155760738659,0.660377358490566,4.05660377358491,0.847049377759936,2.68968285828984,0.397430750702529,2.78000802890405,0.41951023685267
24.63,95.7731,"GRANODIORITE [23697]",15.155107686228,34.2027267338471,4.11578739379569,17.3878680102746,4.12764275834815,1.03511606109852,4.46156885990911,0.697490614503063,4.24026872159652,0.895080023710729,2.78008298755187,0.4149377593361,2.88875716261608,0.43272080616479
36.6,104.1,"GRANODIORITE [23698]",14.7,25.6,2.58,8.63,1.58,0.46,1.14,0.16,0.76,0.15,0.36,0.061,0.37,0.05
36.6,104.1,"GRANODIORITE [23698]",15.9,27.9,2.82,9.36,1.63,0.44,1.17,0.16,0.86,0.15,0.4,0.062,0.41,0.058
36.6,104.1,"GRANODIORITE [23698]",15.8,27.4,2.76,9.22,1.54,0.43,1.04,0.15,0.72,0.14,0.33,0.059,0.32,0.042
36.6,104.1,"GRANODIORITE [23698]",14.9,26.2,2.64,8.92,1.52,0.48,1.03,0.15,0.75,0.14,0.33,0.057,0.35,0.049
36.6,104.1,"GRANODIORITE [23698]",21.5,37,3.71,12.2,1.94,0.52,1.3,0.2,0.99,0.19,0.48,0.074,0.48,0.064
36.6,104.1,"GRANODIORITE [23698]",18.3,31.3,3.07,10.6,1.69,0.49,1.21,0.16,0.84,0.15,0.39,0.054,0.38,0.053
36.6,104.1,"GRANODIORITE [23698]",23.7,40.5,3.9,12.8,1.87,0.55,1.35,0.19,0.9,0.16,0.44,0.059,0.43,0.055
36.6,104.1,"GRANODIORITE [23698]",17.4,30.3,3.04,9.71,1.66,0.47,1.13,0.16,0.82,0.16,0.44,0.064,0.41,0.065
25,98.5,"GRANODIORITE [23699]",25.5,53.2,6.35,23.8,5.26,0.57,5.68,0.97,6.59,1.59,5.37,0.99,7.57,1.27
25,98.5,"GRANODIORITE [23699]",37,69.9,7.14,25.3,4.47,0.89,4.26,0.67,3.97,0.84,2.4,0.37,2.34,0.35
25,98.5,"GRANODIORITE [23699]",35.3,66.2,6.78,23.6,3.99,0.85,3.97,0.61,3.82,0.82,2.56,0.44,3.13,0.51
25,98.5,"GRANODIORITE [23699]",35.3,66.8,6.91,25.1,4.35,0.91,4.09,0.65,3.97,0.84,2.48,0.4,2.71,0.43
43,89,"GRANODIORITE [23705]",21.1,45.7,5.48,21.9,3.8,1.11,3.05,0.44,2.52,0.5,1.47,0.24,1.64,0.26
43,89,"GRANODIORITE [23705]",21.5,45.6,5.28,21.3,3.83,1.11,3,0.43,2.5,0.5,1.41,0.22,1.64,0.27
43,89,"GRANODIORITE [23705]",23.2,49.7,5.75,22.5,4.01,1.15,3.09,0.43,2.43,0.5,1.46,0.22,1.56,0.28
43,89,"GRANODIORITE [23705]",21.5,45.7,5.36,21.1,3.86,1.13,2.93,0.41,2.43,0.5,1.44,0.23,1.57,0.27
43,89,"GRANODIORITE [23705]",22.2,48.4,5.53,22,3.8,1.08,3.04,0.42,2.41,0.5,1.46,0.23,1.58,0.26
-33.5,-70.5,"GRANODIORITE, HORNBLENDE [23709]",14.5,27.4,3.19,12.6,2.7,0.58,2.3,0.4,2.4,0.5,1.5,0.26,1.9,0.32
-13.57,-71.12,"GRANODIORITE [20392]",38.7,61.2,5.9,21.1,4.2,0.8,3.6,0.6,4,0.9,2.5,0.4,3,0.5
-13.75,-72.92,"GRANODIORITE [20392]",36.3,64.2,6.3,22.2,3.3,0.9,2,0.3,1.5,0.3,0.7,0.1,0.7,0.1
-13.51,-71.14,"GRANODIORITE [20392]",34.5,57.2,5.8,22.6,4.4,0.9,3.8,0.7,4.1,0.9,2.6,0.4,3,0.4
-13.88,-70.18,"GRANODIORITE [20392]",35.9,63.5,6.8,26.5,5.5,1.2,5.5,0.9,5.5,1.2,3.3,0.5,3.6,0.5
12.7122,76.3069,"GRANODIORITE [23746]",27.8,49.9,5.06,17.7,2.77,1.06,2.62,0.303,1.57,0.303,0.924,0.138,1.1,0.191
12.8583,75.6955,"GRANODIORITE [23746]",35.9,65.8,6.88,24.5,4.07,1.22,3.71,0.428,1.94,0.302,0.769,0.089,0.581,0.088
12.8465,75.6871,"GRANODIORITE [23746]",21.5,42.4,4.65,17.6,2.94,1.11,2.56,0.281,1.22,0.191,0.498,0.057,0.385,0.06
12.0278,77.1118,"GRANODIORITE [23746]",19,41.4,4.4,15.7,2.7,0.822,2.46,0.315,1.67,0.312,0.949,0.145,1.12,0.182
-20.4672,-70.0342,"GRANODIORITE [11776]",33,74,9.3,36,7.2,1,5.7,0.85,5.1,1,3,0.46,3.2,0.5
-22.0919,-70.1353,"GRANODIORITE [11776]",8,18,2.5,11,2.9,1,2.8,0.45,2.8,0.6,1.7,0.26,1.8,0.28
25.5,112.5,"GRANODIORITE [23755]",21.2,41.2,4.88,17.4,3.26,0.89,2.87,0.46,2.79,0.58,1.82,0.3,2.22,0.35
25.5,112.5,"GRANODIORITE [23755]",21.6,43.3,4.95,17.6,3.31,0.96,2.9,0.47,2.79,0.6,1.84,0.31,2.23,0.37
25.5,112.5,"GRANODIORITE [23755]",18.5,36.3,4.4,15.7,3.04,0.86,2.7,0.44,2.68,0.58,1.79,0.3,2.22,0.36
25.5,112.5,"GRANODIORITE [23755]",24.6,46.4,5.44,19.2,3.46,0.86,2.84,0.45,2.54,0.53,1.67,0.29,2.13,0.34
26.5,112.5,"GRANODIORITE [23755]",32,61.9,7.38,27.5,5.04,1.19,4.46,0.63,3.4,0.64,1.86,0.27,1.76,0.27
26.5,112.5,"GRANODIORITE [23755]",54.4,105,12.4,46.6,7.71,1.67,6.24,0.79,4.06,0.78,2.24,0.33,2.14,0.32
26.5,112.5,"GRANODIORITE [23755]",37.6,75.7,9.04,33.1,5.93,1.32,5.06,0.71,3.79,0.72,2.06,0.31,2.15,0.34
23,116,"GRANODIORITE [23756]",43,81.8,9.97,41.6,7.88,0.92,7.78,1.23,7,1.24,3.57,0.48,3.04,0.45
23,116,"GRANODIORITE [23756]",43.5,87.3,10.4,41.3,8.04,0.89,7.23,1.13,6.45,1.14,3.32,0.46,2.9,0.44
23,116,"GRANODIORITE [23756]",45.7,90.3,10.6,42.5,8.12,0.87,7.21,1.15,6.35,1.16,3.3,0.46,2.85,0.43
23,116,"GRANODIORITE [23756]",47.2,89.9,10.7,42.5,8.17,0.93,7.45,1.17,6.5,1.15,3.33,0.46,2.88,0.43
23,116,"GRANODIORITE [23756]",43.1,80.7,9.84,40.7,7.85,0.88,7.34,1.16,6.45,1.15,3.3,0.45,2.84,0.42
62.0584,-42.1267,"GRANODIORITE [23761]",62.805,143.04,19.245,83.785,13.635,3.6,9,1.02,5.2,0.895,2.15,0.2855,1.7,0.2335
62.0584,-42.1267,"GRANODIORITE [23761]",38.905,77.13,8.89,33.93,5.16,1.36,3.09,0.3665,1.855,0.3495,0.925,0.1335,0.925,0.154
23.5,101.75,"GRANODIORITE [23773]",66,132,12.53,46.72,8.48,1.74,7.51,1.02,6.82,1.48,4.18,0.61,4.02,0.65
23.5,101.75,"GRANODIORITE [23773]",67,133,12.39,46.77,8.62,1.88,7.46,1.01,6.64,1.47,4.28,0.63,4.13,0.65
25.8,100,"GRANODIORITE [23773]",36,79,7.75,29.33,4.95,1.15,4.2,0.6,3.97,0.83,2.44,0.36,2.4,0.37
41.8108,124.1186,"GRANODIORITE [23779]",34,63,6.68,25,4.09,1.11,3.91,0.42,1.96,0.33,0.92,0.11,0.66,0.09
41.8108,124.1186,"GRANODIORITE [23779]",43,80,8.76,32,5.26,1.33,4.81,0.54,2.73,0.51,1.58,0.2,1.32,0.18
41.8108,124.1186,"GRANODIORITE [23779]",26,52,5.99,24,4.64,1.38,4.64,0.63,3.73,0.75,2.4,0.34,2.26,0.32
41.8108,124.1186,"GRANODIORITE [23779]",18.1,37,4.5,17.3,2.96,1.11,2.61,0.38,2.1,0.46,1.33,0.22,1.52,0.25
41.8108,124.1186,"GRANODIORITE [23779]",14.2,36,5,21,4.01,0.96,3.46,0.4,2.09,0.38,1.22,0.16,1.17,0.17
41.8108,124.1186,"GRANODIORITE [23779]",38,81,9.2,35,6.63,1.44,5.15,0.65,3.14,0.59,1.55,0.21,1.29,0.19
41.8108,124.1186,"GRANODIORITE [23779]",16.4,47,6.58,28,4.45,1.57,3.41,0.39,1.69,0.3,0.79,0.11,0.72,0.11
41.8108,124.1186,"GRANODIORITE [23779]",32,70,7.6,28,3.98,1.03,3.57,0.45,2.29,0.45,1.27,0.19,1.24,0.19
41.8108,124.1186,"GRANODIORITE [23779]",49,89,8.6,28,3.62,1.13,3.3,0.38,1.8,0.35,0.99,0.15,0.94,0.15
41.8108,124.1186,"GRANODIORITE [23779]",34,64,7.05,26,4.58,1.12,4.3,0.6,3.19,0.65,1.89,0.28,1.76,0.27
41.8108,124.1186,"GRANODIORITE [23779]",32,58,6.67,25,4.41,1.56,3.89,0.57,3.13,0.6,1.69,0.24,1.58,0.24
41.8108,124.1186,"GRANODIORITE [23779]",45,110,14.4,57,10.1,2.35,8.1,0.92,4.04,0.71,1.8,0.24,1.52,0.22
41.8108,124.1186,"GRANODIORITE [23779]",69,129,13.1,41,5.14,0.96,4.78,0.46,1.89,0.36,0.96,0.13,0.89,0.14
41.8108,124.1186,"GRANODIORITE [23779]",49,91,9.72,34,5.16,1.68,4.8,0.55,2.65,0.51,1.38,0.2,1.27,0.19
41.8108,124.1186,"GRANODIORITE [23779]",32,67,8.37,34,6.77,1.84,6.42,0.89,4.66,0.91,2.41,0.32,2,0.28
41.8108,124.1186,"GRANODIORITE [23779]",47,95,10.5,38,6.54,1.42,4.89,0.57,2.87,0.5,1.41,0.2,1.32,0.21
23,100,"GRANODIORITE [23788]",47.1,94.6,10.9,41,8.05,1.29,6.76,1.04,6,1.18,3.17,0.439,2.72,0.387
23,100,"GRANODIORITE [23788]",28.1,59.4,6.35,24.2,4.68,1.29,3.83,0.551,2.85,0.504,1.26,0.162,1.04,0.144
23,100,"GRANODIORITE [23788]",21.8,47.9,5.45,22.4,5.51,1.52,5.08,0.869,5.5,1.15,3.26,0.476,3.22,0.485
23,100,"GRANODIORITE [23788]",36.6,73.4,8.71,34,7.09,1.53,5.9,0.94,5.5,1.12,3.02,0.419,2.7,0.396
23,100,"GRANODIORITE [23788]",94.1,195,21,75,12,1.49,9.48,1.29,6.89,1.36,3.67,0.497,3.19,0.473
43.5,88,"GRANODIORITE [23790]",10.8,26.6,3.96,18.9,5.67,1.75,6.36,1.08,6.91,1.39,4.2,0.656,4.5,0.725
43.5,88,"GRANODIORITE [23790]",10.9,26.7,3.86,18.9,5.5,1.8,6.35,1.1,6.81,1.44,4.36,0.646,4.39,0.709
-36,137,"GRANODIORITE [23794]",26,53.9,6.27,22.5,5.6,0.52,6.28,1.14,7.3,1.63,4.81,0.74,4.88,0.71
-1,119,"GRANODIORITE [23795]",36,67.7,7.04,25,4.73,1.4,3.8,0.55,3.16,0.65,1.98,0.296,1.97,0.338
-33.5525,149.1583,"GRANODIORITE [23798]",10.6,22.8,2.65,11.5,2.3,0.69,2.12,0.33,2.18,0.43,1.28,0.2,1.37,0.2
-33.5266,149.1541,"GRANODIORITE [23798]",39.7,180.5,10,40.7,8.06,0.41,7.53,1.17,7.84,1.75,5.3,0.85,5.57,0.83
30.5,117.5,"GRANODIORITE [23813]",17.8,35.3,3.92,14.9,2.73,0.61,1.73,0.21,1.06,0.2,0.52,0.08,0.53,0.09
30.5,117.5,"GRANODIORITE [23813]",34.9,56.7,6.06,21,3.78,0.89,2.52,0.35,1.65,0.27,0.68,0.1,0.65,0.1
30.5,117.5,"GRANODIORITE [23813]",20.6,38.3,3.95,13.9,2.45,0.62,1.75,0.28,1.76,0.37,1.06,0.17,1.17,0.19
37.4333,120.5,"GRANODIORITE [23857]",50,86.2,8.89,28.5,3.91,0.77,2.73,0.31,1.29,0.22,0.56,0.08,0.51,0.08
37.4333,120.5,"GRANODIORITE [23857]",50.9,89.2,9.14,29.2,3.9,0.76,2.78,0.31,1.31,0.21,0.57,0.09,0.5,0.08
37.4333,120.5,"GRANODIORITE [23857]",49.9,85.7,8.82,27.9,3.73,0.75,2.69,0.3,1.24,0.21,0.56,0.08,0.46,0.08
37.4333,120.5,"GRANODIORITE [23857]",27.8,49.3,5.23,17.3,2.5,0.67,1.83,0.22,0.96,0.15,0.4,0.06,0.38,0.06
-28.9287,-69.1464,"GRANODIORITE [23868]",36,73.9,8.5,31,6.38,1.51,5.36,0.87,5.21,1.04,2.82,0.41,2.61,0.4
-28.9336,-69.1414,"GRANODIORITE [23868]",38.6,75.1,8.4,31.2,5.77,1.25,5.38,0.85,4.68,0.99,2.98,0.41,2.74,0.45
-29.1443,-69.3529,"GRANODIORITE [23868]",30.5,60.3,7,27.4,5.34,1.07,5.14,0.77,4.63,1.02,2.92,0.42,3.06,0.47
-29.1443,-69.3529,"GRANODIORITE [23868]",32,65.1,7.4,27.4,5.12,1.09,4.68,0.72,4.04,0.83,2.44,0.35,2.36,0.37
-29.1186,-69.3074,"GRANODIORITE [23868]",33.2,64.8,7.2,30.2,5.43,1.13,4.84,0.72,4.16,0.81,2.4,0.36,2.38,0.34
13,-86,"GRANODIORITE [23869]",10.4383333333333,21.128,2.74766666666667,12.4183333333333,2.97433333333333,0.805,2.80966666666667,0.469,3.21866666666667,0.674666666666667,2.02,0.302333333333333,2.16,0.341666666666667
33,96,"GRANODIORITE [23870]",11.16,23.8,2.4,8.9,2.33,0.58,2.65,0.49,3.13,0.65,1.88,0.29,1.99,0.3
33,96,"GRANODIORITE [23870]",17.05,33.4,3.8,14.6,3.07,0.87,2.9,0.49,3.07,0.63,1.79,0.28,1.68,0.26
33,96,"GRANODIORITE [23870]",9.64,23.8,3.24,13.3,3.28,0.81,3.21,0.55,3.38,0.67,2.03,0.31,1.96,0.3
33,96,"GRANODIORITE [23870]",11.5,28,3.87,16.6,4.02,0.86,3.92,0.67,4.34,0.86,2.55,0.37,2.56,0.37
33,96,"GRANODIORITE [23870]",22.9,40.4,4.06,14.5,2.89,0.79,2.78,0.46,2.75,0.56,1.58,0.23,1.52,0.23
33,96,"GRANODIORITE [23870]",21.43,40.3,4.43,16.1,3.14,0.81,3,0.49,3.01,0.59,1.78,0.27,1.83,0.29
33,96,"GRANODIORITE [23870]",15.3,30.6,3.31,11.6,2.49,0.63,2.06,0.32,1.99,0.45,1.34,0.22,1.52,0.25
33,96,"GRANODIORITE [23870]",26.3,48.4,5.05,16.8,3.27,0.71,2.8,0.43,2.5,0.53,1.58,0.24,1.65,0.27
33,96,"GRANODIORITE [23870]",17.8,34.5,3.52,12,2.65,0.74,2.36,0.38,2.32,0.49,1.45,0.22,1.49,0.23
33,96,"GRANODIORITE [23870]",15.8,30.2,3.33,11.7,2.72,0.73,2.53,0.39,2.46,0.5,1.52,0.23,1.56,0.23
33,96,"GRANODIORITE [23870]",18.8,34.9,3.79,13.8,3.19,0.74,2.79,0.46,2.73,0.58,1.8,0.27,1.78,0.28
33,96,"GRANODIORITE [23870]",24.5,44.8,4.51,14.6,2.89,0.7,2.52,0.4,2.43,0.5,1.54,0.23,1.6,0.25
33,96,"GRANODIORITE [23870]",20.5,40.6,3.9,12.5,2.76,0.7,2.44,0.39,2.35,0.5,1.52,0.23,1.48,0.23
33,96,"GRANODIORITE [23870]",10.7,24.2,2.34,8.3,2.09,0.63,1.88,0.32,1.97,0.42,1.24,0.19,1.33,0.2
33,96,"GRANODIORITE [23870]",19.6,37.3,3.82,12.9,2.64,0.66,2.31,0.37,2.18,0.45,1.4,0.21,1.47,0.23
33,96,"GRANODIORITE [23870]",6.46,13.2,1.66,6.6,2.06,0.63,2.02,0.35,2.23,0.47,1.45,0.21,1.53,0.24
-6.75,-51.15,"GRANODIORITE [23877]",37,69.3,7.73,27,4.48,0.94,2.28,0.26,1.27,0.21,0.53,0.08,0.47,0.07
-6.75,-51.15,"GRANODIORITE [23877]",24.1,44,4.79,17.2,2.8,0.65,1.8,0.19,0.91,0.16,0.4,0.05,0.34,0.06
-6.75,-51.15,"GRANODIORITE [23877]",28.1,50.2,5.3,19,3.49,0.87,2.93,0.44,2.61,0.49,1.35,0.2,1.24,0.19
-6.75,-51.15,"GRANODIORITE [23877]",40,75.6,8.43,30.6,4.96,1.05,3,0.36,1.86,0.31,0.74,0.11,0.54,0.09
-6.75,-51.15,"GRANODIORITE [23877]",35.6,62.4,6.35,21.2,2.88,0.61,2.04,0.28,1.59,0.29,0.83,0.12,0.78,0.12
-6.75,-51.15,"GRANODIORITE [23877]",19.8,33.4,4.03,13,2.22,0.56,1.74,0.28,1.71,0.31,0.83,0.13,0.98,0.18
-6.75,-51.15,"GRANODIORITE [23877]",32.7,62.5,6.46,22,3.28,0.75,1.57,0.15,0.66,0.11,0.34,0.05,0.29,0.04
-6.75,-51.15,"GRANODIORITE [23877]",12.4,22.1,2.38,7.8,1.28,0.56,0.89,0.15,1.03,0.22,0.71,0.12,0.72,0.09
47.3997,122.3322,"GRANODIORITE, BIOTITE [23887]",22.03,43.49,5.93,24.4,4.72,1.5,3.67,0.68,3.87,0.75,2.14,0.36,2.31,0.34
47.3997,122.3322,"GRANODIORITE, BIOTITE [23887]",21.4,42.11,5.65,23.98,4.68,1.38,3.61,0.67,3.81,0.69,2.06,0.34,2.14,0.33
47.3997,122.3322,"GRANODIORITE, BIOTITE [23887]",21.42,41.6,5.64,23.25,4.49,1.45,3.56,0.66,3.67,0.7,2.09,0.33,2.08,0.32
47.3997,122.3322,"GRANODIORITE [23887]",20.58,40.76,5.7,24.02,5.02,1.35,3.92,0.75,4.41,0.83,2.5,0.41,2.54,0.38
47.3997,122.3322,"GRANODIORITE [23887]",24.05,47.21,6.28,25.46,4.9,1.13,3.94,0.72,4.21,0.79,2.36,0.38,2.44,0.37
47.3997,122.3322,"GRANODIORITE [23887]",34.24,60.92,6.63,23.31,3.61,1.39,2.81,0.39,1.77,0.35,0.91,0.16,1.13,0.17
47.3997,122.3322,"GRANODIORITE [23887]",28.88,48.73,5.64,19.14,2.92,1.33,2.27,0.33,1.63,0.33,0.91,0.17,1.2,0.2
47.3997,122.3322,"GRANODIORITE [23887]",34.29,58.57,6.61,22.96,3.39,1.65,2.72,0.36,1.63,0.31,0.79,0.13,0.98,0.16
47.3997,122.3322,"GRANODIORITE [23887]",37.94,64.01,7.18,25.02,3.64,2.68,3.03,0.4,1.8,0.34,0.86,0.16,1.05,0.18
47.3997,122.3322,"GRANODIORITE [23887]",29.2,49.43,5.69,20.17,2.99,1.45,2.55,0.34,1.41,0.27,0.71,0.12,0.83,0.13
38.68,35.52,"GRANODIORITE [23889]",7.8,17.8,2.01,8.6,1.92,0.84,2.02,0.35,2.14,0.44,1.31,0.2,1.25,0.21
38.68,35.52,"GRANODIORITE [23889]",17.6,34.6,3.7,13.6,2.67,0.71,2.49,0.38,2.2,0.47,1.31,0.21,1.3,0.19
38.68,35.52,"GRANODIORITE [23889]",18.3,34.2,3.7,13.6,2.81,0.72,2.58,0.36,2.02,0.39,1.13,0.17,1.1,0.17
38.68,35.52,"GRANODIORITE [23889]",11.7,20.9,2.21,8.9,1.74,0.58,1.85,0.29,1.73,0.38,1.2,0.18,1.21,0.18
38.68,35.52,"GRANODIORITE [23889]",5.2,9.2,0.93,3.1,0.66,0.3,0.71,0.12,0.71,0.17,0.5,0.07,0.55,0.1
38.68,35.52,"GRANODIORITE [23889]",9.5,23.8,3.04,12.4,2.75,0.67,2.69,0.35,1.7,0.27,0.71,0.1,0.63,0.08
38.68,35.52,"GRANODIORITE [23889]",10.6,27.4,3.3,12.9,2.37,0.63,1.94,0.25,1.25,0.22,0.55,0.07,0.46,0.07
22.5458,112.2969,"GRANODIORITE [23894]",88,173,20.3,77,12.32,2.74,11.25,1.38,6.49,1.19,3.62,0.49,3.16,0.48
37.3,94.5,"GRANODIORITE [23899]",98.3,200,22.9,85.6,15.2,1.27,10.8,1.39,8.02,1.34,3.55,0.52,3.48,0.51
37.3,94.5,"GRANODIORITE [23899]",119.5,254,28.5,103.5,16.6,1.99,10.9,1.38,7.65,1.39,3.97,0.57,3.55,0.49
37.3,94.5,"GRANODIORITE [23899]",34,75.8,9.12,35.4,7.44,0.68,5.37,0.72,4.49,0.84,2.28,0.32,2.11,0.31
37.3,94.5,"GRANODIORITE [23899]",62.4,129.5,14.7,57.2,10.5,2.37,6.91,0.86,4.92,0.89,2.49,0.37,2.45,0.38
37.3,94.5,"GRANODIORITE [23899]",100.5,188,19.6,69.8,11,2.03,7.03,0.81,4.15,0.72,2.01,0.26,1.8,0.26
32.5,118.5,"GRANODIORITE [23905]",30.7,55.6,6.16,20.4,3.72,1.16,2.93,0.35,1.76,0.32,0.96,0.14,0.9,0.13
32.5,118.5,"GRANODIORITE [23905]",34.7,61.2,6.76,23.6,4.23,1.23,3.39,0.4,1.9,0.36,1.01,0.14,1,0.15
32.5,118.5,"GRANODIORITE [23905]",34.1,61.2,6.85,22.9,4.22,1.35,3.5,0.41,2.11,0.38,1.11,0.16,1.1,0.16
32.5,118.5,"GRANODIORITE [23905]",32.8,55.7,6.23,21.8,4.04,1.25,3.15,0.36,1.75,0.31,0.92,0.14,0.9,0.13
32.5,118.5,"GRANODIORITE [23905]",35.5,59.8,6.13,20,3.62,1.12,2.92,0.33,1.6,0.29,0.8,0.13,0.8,0.11
37.0885,74.9935,"GRANODIORITE [23906]",42.7,83.9,9.46,35.6,6.82,1.4,6.04,0.819,4.56,0.903,2.5,0.357,2.35,0.35
37.0885,74.9935,"GRANODIORITE [23906]",52.7,100,10.8,39.1,6.68,1.5,5.79,0.742,3.97,0.772,2.12,0.289,1.87,0.28
37.0885,74.9935,"GRANODIORITE [23906]",59,115,12.6,46,8.05,1.5,6.99,0.918,4.96,0.965,2.66,0.374,2.43,0.361
37.0885,74.9935,"GRANODIORITE [23906]",58,110,12,42.6,7.3,1.42,6.21,0.806,4.28,0.828,2.27,0.314,1.99,0.29
37.0885,74.9935,"GRANODIORITE [23906]",40.9,80.5,9.12,34.7,6.57,1.51,5.89,0.785,4.34,0.848,2.27,0.314,2.04,0.297
37.0885,74.9935,"GRANODIORITE [23906]",57.1,109,11.8,42.2,7.02,1.51,5.86,0.742,3.88,0.735,2.01,0.27,1.76,0.265
37.0928,74.9945,"GRANODIORITE [23906]",56.8,109,12,44.3,7.8,1.57,6.84,0.89,4.76,0.914,2.47,0.338,2.17,0.316
37.0928,74.9945,"GRANODIORITE [23906]",45.1,88.6,9.99,37.5,6.92,1.4,6.16,0.808,4.39,0.85,2.34,0.332,2.17,0.324
37.0928,74.9945,"GRANODIORITE [23906]",38.5,74.4,8.52,32.8,6.49,1.44,5.8,0.792,4.4,0.858,2.29,0.317,2.01,0.297
37.0928,74.9945,"GRANODIORITE [23906]",56.8,109,11.8,43.4,7.43,1.42,6.16,0.809,4.27,0.82,2.26,0.313,2.04,0.305
37.0928,74.9945,"GRANODIORITE [23906]",46.5,89.8,9.8,36,6.36,1.46,5.38,0.718,3.83,0.748,2.02,0.277,1.78,0.267
37.0928,74.9945,"GRANODIORITE [23906]",43.1,82.8,9.2,33.7,6.42,1.3,5.53,0.772,4.24,0.82,2.25,0.323,2.13,0.322
37.1238,75.04,"GRANODIORITE [23906]",45.6,88.4,9.7,35.8,6.61,1.18,5.64,0.774,4.23,0.825,2.26,0.32,2.09,0.312
37.1238,75.04,"GRANODIORITE [23906]",43.6,85.1,9.4,34.8,6.5,1.16,5.49,0.761,4.1,0.796,2.18,0.304,2,0.297
37.1238,75.04,"GRANODIORITE [23906]",39,72.8,8.1,30.2,5.85,1.17,5.16,0.73,4.06,0.798,2.18,0.309,2.02,0.298
37.1238,75.04,"GRANODIORITE [23906]",46.2,90,10,36.6,6.96,1.25,5.87,0.816,4.45,0.864,2.38,0.337,2.23,0.332
37.1238,75.04,"GRANODIORITE [23906]",39.5,74.9,8.3,31.1,5.88,1.25,5.17,0.712,4.01,0.793,2.2,0.314,2.05,0.306
37.1238,75.04,"GRANODIORITE [23906]",40.1,75.2,8.4,31.1,5.85,1.22,4.7,0.708,3.97,0.791,2.17,0.31,2.04,0.31
37.1238,75.04,"GRANODIORITE [23906]",65.3,129,14,50.9,8.96,1.38,6.98,1.03,5.61,1.1,3.01,0.417,2.73,0.4
37,75,"GRANODIORITE [23906]",49.8,95.3,10.5,38.2,7.09,1.3,5.65,0.843,4.73,0.942,2.65,0.377,2.52,0.378
36.9087,75.5377,"GRANODIORITE [23906]",49.2,99.9,11.2,41.3,7.84,1.25,6.29,0.91,4.88,0.894,2.33,0.315,2.04,0.298
36.8487,75.5127,"GRANODIORITE [23906]",36.7,75.4,8.54,32.1,6.29,1.24,5.16,0.763,4.21,0.788,2.1,0.29,1.92,0.282
36.8487,75.5127,"GRANODIORITE [23906]",37.8,76.4,8.72,32.8,6.4,1.21,5.19,0.773,4.23,0.807,2.15,0.304,1.96,0.284
36.8487,75.5127,"GRANODIORITE [23906]",34.9,67.8,7.66,28.9,5.78,1.23,4.87,0.739,4.18,0.81,2.16,0.306,1.99,0.294
36.8487,75.5127,"GRANODIORITE [23906]",36.7,70.4,7.81,28.6,5.5,0.884,4.43,0.696,3.87,0.735,1.99,0.285,1.88,0.275
41.6086,118.3014,"GRANODIORITE [23911]",290.017240881949,527.488728362537,54.2744571696928,181.551068625223,27.6882348869173,2.25961422359272,20.8929321800969,2.72525952847686,13.821315678512,2.62029175253966,6.23301649612702,0.867603558724241,5.03121276288186,0.70548223558503
39.3411,121.9083,"GRANODIORITE [23917]",43,102,9.48,36,5.55,1.72,4.8,0.54,2.5,0.45,1.23,0.18,1.19,0.18
39.2797,121.9014,"GRANODIORITE [23917]",67,132,16.1,58,8.19,2.42,6.27,0.62,2.43,0.39,0.99,0.14,0.89,0.13
39.9911,123.2508,"GRANODIORITE [23917]",61,109,11.2,36,5.72,1.58,4.56,0.54,2.52,0.45,1.14,0.16,0.94,0.14
39.9292,123.0767,"GRANODIORITE [23917]",65,120,11.9,37,5.9,1.26,4.92,0.62,3.12,0.61,1.69,0.25,1.63,0.25
47.9081,122.5269,"GRANODIORITE [23934]",36.8736153636251,67.908473092746,6.9935878930314,24.4024512022992,4.16987094790732,0.757672028768979,3.31953973447652,0.526964641983644,3.1226693562871,0.632402264181367,1.97522430691055,0.32336913753248,2.24763336136799,0.367497908415775
47.9081,122.5269,"GRANODIORITE [23934]",34.5764715404274,64.4896029630929,6.80031012232439,24.212619492887,4.31763636303876,0.839954214533863,3.45770865078908,0.502571703055349,3.36496005352147,0.658693426286751,2.11447395262674,0.34431763493583,2.34327425456241,0.394269469261657
47.9081,122.5269,"GRANODIORITE [23934]",29.631465177384,56.9854798203001,6.09125555239716,22.0332082147413,4.02416038744573,0.818912604050331,3.12174245298073,0.52096021378817,3.08000155601691,0.634791091109753,1.86824000606822,0.320198278697967,2.1231614515542,0.345884374894505
47.9694,122.5997,"GRANODIORITE [23934]",40.3392096116258,87.9835227384275,10.4927750044902,41.3690237340044,8.1195035804992,1.54134538435073,6.44283010309865,0.97114383724025,5.65801024662883,1.08266426565253,3.2236659768446,0.472639480400271,3.08361498538982,0.443556306673192
47.9694,122.5997,"GRANODIORITE [23934]",35.4135999356597,87.3050726720272,10.8882436231155,43.3994130837251,8.54734483839655,1.59853760192893,6.83559425539785,1.07844959799603,5.86537194221444,1.14292941237708,3.4193261125785,0.518673581933401,3.21125016911496,0.468857225687892
47.9694,122.5997,"GRANODIORITE [23934]",35.2017430787713,79.5850332065178,9.44623516413613,37.0987915024228,7.20626598095913,1.42956723463231,5.3998020298179,0.857126665902504,4.81884011696081,0.913553691389924,2.92237602556863,0.419278914058627,2.68906553857025,0.389766083564671
65,-110,"GRANODIORITE [5839]",86,179,23.7,95,20.1,2.94,21.2,3.74,23.6,4.93,12.8,1.91,12.8,1.82
65,-110,"GRANODIORITE, BIOTITE [5839]",21.7,38,4.43,15.9,2.68,0.44,1.92,0.25,1.3,0.22,0.58,0.07,0.51,0.07
-35.0592,-71.8495,"GRANODIORITE [23943]",8.34,19.51,3.18,12.13,3.96,1.1,3.06,0.44,2.53,0.53,1.48,0.19,1.38,0.2
35.8097,97.4072,"GRANODIORITE [23954]",31.8,64.7,7.29,28,5.35,1.37,4.85,0.68,4.01,0.81,2.45,0.34,2.25,0.33
36.3564,95.4903,"GRANODIORITE [23954]",21.4,39.4,4.19,15,2.7,0.81,2.39,0.32,1.86,0.38,1.12,0.16,1.09,0.17
35.9777,97.4756,"GRANODIORITE [23954]",31.9,63.5,6.83,24.5,4.28,1.09,3.63,0.48,2.63,0.5,1.43,0.2,1.29,0.19
40.681,123.256,"GRANODIORITE [23955]",3.33902293350734,6.2326553611388,1.10737447414561,4.66584329738203,1.0885871184252,0.58693899571429,1.19650962365986,0.198986470670315,1.19655700769388,0.266608943290725,0.837343486626133,0.141971868690852,1.06280776978839,0.183535799268318
40.681,123.256,"GRANODIORITE [23955]",8.52889768990616,18.3733804555757,2.2629157470429,8.89535501283528,1.96396482442905,0.471783127136,1.6949275251248,0.330350192297112,2.25948982074718,0.450652479721733,1.29521513230679,0.201353753885352,1.26012995894854,0.172821257746037
25,98.5,"GRANODIORITE [23963]",65.0161329367988,112.387540653577,12.8520104752195,44.5634305265264,8.46163801270746,1.27970337770484,6.83759918292167,1.11131973465169,6.77778285871263,1.36957108773477,3.54513578619673,0.533046156633062,3.27669952521488,0.485548324919888
25,98.5,"GRANODIORITE [23963]",58.5939979954641,110.117894519956,12.4923081918677,43.8276637169869,8.65099389117163,1.2156440028135,7.11738256350514,1.19644154911844,7.24323467072599,1.51499512148235,4.00520873686068,0.62364269121447,3.92672142732451,0.557737690771222
25,98.5,"GRANODIORITE [23963]",59.77540182336,110.732392432515,12.6031795953461,44.825082651723,9.3693695439105,1.21583283161693,7.80690954645066,1.29088536631204,7.7763671031779,1.56631542444215,3.92347770606538,0.56593069137852,3.41742456356794,0.486335613830397
25,98.5,"GRANODIORITE [23963]",60.7635730321312,101.053145006569,12.3915338784283,43.6574420731734,8.87918208714538,1.24167476426971,7.41886899143236,1.24969284850421,7.51639603509653,1.51211375643141,3.79271080288558,0.549509430129502,3.39874997630044,0.46725508350689
25,98.5,"GRANODIORITE [23963]",54.9161973883438,95.8338168730369,10.9745115833395,38.0050558546071,7.67099671298839,1.2372696139624,6.17777109111993,1.02229539055232,6.1317769490024,1.23265445532241,3.08088058541869,0.453423997712262,2.82350387223962,0.395822519535073
25,98.5,"GRANODIORITE [23963]",63.4422614001195,123.903162707206,12.1777992643936,41.1443402772168,7.24058717370141,1.099059540499,5.67943786739049,0.904785430327113,5.26729452694523,1.02642233491074,2.88934267488084,0.439682176015771,2.91354247413801,0.437935535817458
25,98.5,"GRANODIORITE [23963]",59.6245695778222,117.267660158591,11.9961143179231,42.346746135233,8.16401115682579,1.28793601205922,7.70126133046994,1.23223252534903,7.20859499494056,1.42078787715764,3.85843102543314,0.543404653754185,3.52878970164141,0.510450816698612
36,98.5,"GRANODIORITE [23967]",28.5,50.3,5.78,22.4,3.71,1.13,2.7,0.46,2.41,0.4,1.14,0.17,1.05,0.15
36,98.5,"GRANODIORITE [23967]",23.6,42.6,4.99,19.3,3.82,1.44,2.95,0.49,2.6,0.46,1.45,0.21,1.26,0.19
36,98.5,"GRANODIORITE [23967]",30.9,56.4,6.61,25.3,4.57,1.44,3.6,0.55,2.78,0.51,1.5,0.22,1.32,0.21
36,98.5,"GRANODIORITE [23967]",29.6,54,6.4,24,4.69,1.32,3.26,0.55,2.73,0.52,1.49,0.23,1.45,0.22
36,98.5,"GRANODIORITE [23967]",20.3,36.5,4.36,17.9,3.42,1.29,2.89,0.48,2.68,0.47,1.33,0.22,1.34,0.21
36,98.5,"GRANODIORITE [23967]",28.7,51.1,5.85,22.4,4.04,1.35,3.15,0.55,2.58,0.44,1.29,0.2,1.2,0.19
30.0033,93.9117,"GRANODIORITE [23980]",22.2,43.9,5.51,21.9,4.84,1.22,4.17,0.68,3.77,0.82,2.28,0.32,2.06,0.31
30.0017,93.9417,"GRANODIORITE [23980]",35.4,68.5,8.03,29.4,6.13,1.53,4.82,0.78,4.2,0.89,2.42,0.35,2.28,0.36
30.0033,93.9117,"GRANODIORITE [23980]",49.40723990592,96.8681156406868,10.4583173505613,39.5830184466895,7.49352206406822,1.67068732248105,6.00465033855783,0.874446233016451,4.76541168896515,0.902193558732677,2.49314442446737,0.355178316664762,2.16345872034797,0.337973084028928
30.0033,93.9117,"GRANODIORITE [23980]",46.1560632936888,89.7329052797366,9.76864269329252,38.0745428702236,6.92579813675207,1.55862712851587,5.42624703729659,0.802767209679214,4.55799496029107,0.857951693165309,2.43365718264222,0.345555013042641,2.14233194663197,0.343278463620272
30.0033,93.9117,"GRANODIORITE [23980]",33.4262788685846,64.4830373653402,7.49793879566123,28.9850448190939,5.92895679138547,1.38463494279791,4.86792942835302,0.736359555671354,4.08827176447272,0.809655131068806,2.24833648145373,0.318620295029375,2.12585319495622,0.298197434672257
30.0064,93.9114,"GRANODIORITE [23980]",28.7,69.2,7.72,31.9,6.04,1.24,4.94,0.72,3.89,0.74,2,0.29,1.88,0.29
30.0064,93.9114,"GRANODIORITE [23980]",32.7,73.9,7.76,28.9,5.98,1.31,4.8,0.68,3.76,0.73,1.94,0.29,1.86,0.29
30.0203,92.045,"GRANODIORITE [23980]",50.7,84.1,8.85,32.6,6.5,1.39,5.69,1.01,5.61,1.13,3.22,0.46,3.04,0.43
35,99,"GRANODIORITE [23990]",35.7,63.3,6.6,24.9,5,1.15,4.22,0.7,4.07,0.81,2.27,0.35,2.24,0.33
35,99,"GRANODIORITE [23990]",38.1,66.9,6.91,25.3,4.8,1.11,4.23,0.69,3.96,0.79,2.24,0.33,2.26,0.36
35,99,"GRANODIORITE [23990]",40.7,72.1,7.54,28,5.31,1.11,4.68,0.76,4.38,0.84,2.41,0.36,2.38,0.36
35,99,"GRANODIORITE [23990]",26.9,53.2,5.95,23.6,5.02,1.08,4.44,0.77,4.43,0.87,2.44,0.36,2.35,0.36
35,99,"GRANODIORITE [23990]",27.5,54.1,5.97,23.2,5.26,1.13,4.5,0.74,4.43,0.87,2.49,0.36,2.46,0.36
35,99,"GRANODIORITE [23990]",25.3,49.2,5.65,22.6,4.95,1.19,4.28,0.72,3.96,0.79,2.24,0.33,2.13,0.34
35,99,"GRANODIORITE [23990]",24.9,50.4,5.61,22.3,4.63,1.18,4.06,0.66,3.96,0.78,2.29,0.33,2.26,0.34
35,99,"GRANODIORITE [23990]",29,55.3,5.84,22.5,4.61,1.19,4.06,0.65,3.84,0.76,2.19,0.31,2.15,0.33
35,101,"GRANODIORITE [23991]",34.7,71.4,8.54,30.4,6.41,1.38,5.3,0.74,3.94,0.76,1.99,0.29,1.8,0.28
35,101,"GRANODIORITE [23991]",28.4,57.6,6.52,22.9,4.67,1.07,3.93,0.56,2.98,0.57,1.53,0.22,1.39,0.22
35,101,"GRANODIORITE [23991]",30,57.4,6.49,22.3,4.5,1.06,3.73,0.52,2.83,0.53,1.43,0.21,1.32,0.2
35,101,"GRANODIORITE [23991]",35.4,71.6,8.26,28.8,5.95,1.25,4.78,0.65,3.27,0.59,1.54,0.23,1.39,0.21
35,101,"GRANODIORITE [23991]",28.2,57.8,6.78,23.8,4.88,1.12,4.01,0.54,2.76,0.51,1.31,0.19,1.2,0.19
35,101,"GRANODIORITE [23991]",35.4,70.4,7.85,27.1,5.52,1.22,4.61,0.62,3.12,0.58,1.47,0.21,1.32,0.2
35,101,"GRANODIORITE [23991]",29.2,58.4,6.62,22.6,4.6,1.04,3.9,0.51,2.6,0.48,1.31,0.19,1.22,0.19
35,101,"GRANODIORITE [23991]",39.6,73.4,7.66,25.3,4.87,1.11,4.16,0.56,3,0.58,1.57,0.23,1.46,0.23
35,101,"GRANODIORITE [23991]",36.2,67.2,7.07,23.5,4.49,1.08,3.91,0.52,2.83,0.54,1.46,0.22,1.39,0.22
35,101,"GRANODIORITE [23991]",43.3,80.1,8.59,28.4,5.49,1.17,4.54,0.6,3.08,0.58,1.54,0.22,1.39,0.21
35,101,"GRANODIORITE [23991]",31.6,63.6,7.3,25.6,5.29,1.17,4.58,0.61,3.14,0.59,1.58,0.24,1.46,0.22
35,101,"GRANODIORITE [23991]",34.6,65.8,7.34,25,4.99,1.14,4.33,0.56,2.91,0.54,1.45,0.21,1.3,0.2
35,101,"GRANODIORITE [23991]",39.1,77.4,8.41,28.6,5.67,1.23,4.78,0.63,3.14,0.58,1.52,0.22,1.38,0.21
35,101,"GRANODIORITE [23991]",42.3,85.4,9.07,30.9,6.13,1.29,5.01,0.69,3.69,0.69,1.88,0.27,1.7,0.25
35,101,"GRANODIORITE [23991]",41.6,79.4,8.85,30.3,5.96,1.21,4.97,0.68,3.53,0.67,1.77,0.26,1.59,0.24
-21.25,119.25,"GRANODIORITE, BIOTITE [7146]",36.2,69,7.7,28.065,4.275,1.34,3.35,0.36,1.67,0.32,0.94,0.15,0.86,0.15
-21.25,119.25,"GRANODIORITE, BIOTITE [7146]",38.9,75.2,8.8,35.327,5.43,1.54,3.69,0.42,1.92,0.36,0.99,0.13,0.93,0.13
-21.25,119.25,"GRANODIORITE, BIOTITE [7146]",38.6,76.1,8.9,32.428,4.983,1.4,3.7,0.42,2.03,0.37,1.06,0.14,1.02,0.15
-11.6,-47,"GRANODIORITE, BIOTITE [24023]",11.1,21.8,2.69,10.9,3.1,1.05,3.1,0.5,2.8,0.5,1.1,0.13,0.7,0.1
-11.6,-47,"GRANODIORITE [24023]",31.7,62.7,7.02,25.4,4.1,0.96,2,0.2,0.7,0.1,0.2,0.03,0.2,0.03
-11.6,-47,"GRANODIORITE [24023]",24.9,43.6,4.58,15.5,2.5,0.67,1.9,0.3,1.2,0.2,0.5,0.08,0.5,0.07
-11.6,-47,"GRANODIORITE [24023]",31.9,50.8,5.24,17.2,2.4,0.73,1.4,0.2,0.9,0.2,0.5,0.07,0.4,0.07
-11.6,-47,"GRANODIORITE [24023]",32.1,53,5.52,18.8,2.6,0.71,1.6,0.2,0.9,0.2,0.4,0.06,0.3,0.05
-11.6,-47,"GRANODIORITE [24023]",35.6,23.1,5.4,19.1,2.9,1.04,2.1,0.2,1.1,0.2,0.4,0.05,0.3,0.04
-11.6,-47,"GRANODIORITE [24023]",13.3,23.8,2.25,8.1,1.3,0.28,0.7,0.1,0.5,0.07,0.2,0.05,0.3,0.04
-11.6,-47,"GRANODIORITE [24023]",16.7,28,2.86,10.2,1.6,0.55,1.2,0.2,0.8,0.1,0.3,0.04,0.3,0.05
-11.6,-47,"GRANODIORITE [24023]",19.2,35.6,3.16,10.3,1.5,0.51,1,0.1,0.5,0.1,0.3,0.02,0.2,0.03
29.4453,90.15,"GRANODIORITE [24033]",30.9,60.1,6.97,26.6,4.37,1.04,2.54,0.33,1.68,0.26,0.75,0.1,0.64,0.09
29.5197,90.045,"GRANODIORITE [24033]",31.2,57.5,6.38,24,3.82,0.91,2.34,0.28,1.42,0.24,0.69,0.09,0.6,0.09
29.5197,90.045,"GRANODIORITE [24033]",31.6,60,6.74,25.1,4.2,0.99,2.5,0.3,1.49,0.24,0.71,0.1,0.6,0.09
29.5197,90.045,"GRANODIORITE [24033]",34.8,69.4,8.05,29.5,4.78,1.17,2.76,0.36,1.73,0.31,0.83,0.13,0.74,0.1
29.5731,90.0125,"GRANODIORITE [24033]",34.1,68.6,7.84,29.1,4.95,1.04,2.9,0.36,1.73,0.29,0.81,0.11,0.73,0.11
29.5258,90.0275,"GRANODIORITE [24033]",28.5,54.1,5.92,22.2,3.6,0.81,2.23,0.26,1.29,0.23,0.62,0.09,0.54,0.08
-10,-55,"GRANODIORITE [24045]",46.4,75.7,9.75,35.8,5.7,1.4,3.83,0.54,2.91,0.52,1.52,0.22,1.3,0.2
-10,-55,"GRANODIORITE [24045]",48.2,84.8,9.52,31.9,4.5,1.27,2.56,0.35,1.93,0.37,1.18,0.2,1.2,0.2
39.5,141.5,"GRANODIORITE [7241]",17.64,35.29,4.01,14.75,2.59,0.83,2.24,0.29,1.57,0.31,0.89,0.11,0.91,0.17
-38.7,176.1,"GRANODIORITE [7263]",11.7,20.4,2.5,8.4,1.4,0.7,1.4,0.2,1.4,0.3,1,0.2,1.3,0.2
21.9,35,"GRANODIORITE [24102]",14.41,28.57,3.21,11.95,2.12,0.59,1.48,0.2,0.89,0.16,0.41,0.05,0.35,0.05
21.9,35,"GRANODIORITE [24102]",13.81,27.87,3.19,12.05,2.09,0.55,1.47,0.2,0.85,0.17,0.42,0.06,0.34,0.05
21.9,35,"GRANODIORITE [24102]",14.56,28.27,3.2,12.55,2.1,0.6,1.49,0.2,0.87,0.18,0.4,0.06,0.37,0.05
25.3,109,"GRANODIORITE [24103]",22.3,46.3,5.3,19.9,4.39,0.77,3.98,0.7,3.97,0.85,2.18,0.33,2.05,0.3
25.3,109,"GRANODIORITE [24103]",24.2,49.7,5.65,20.8,4.62,0.84,4.14,0.72,4.05,0.87,2.24,0.32,2.11,0.3
25.3,109,"GRANODIORITE [24103]",21.9,45.2,5.23,19.2,4.44,0.71,3.89,0.64,3.7,0.82,2.09,0.29,2.14,0.29
25.3,109,"GRANODIORITE [24103]",30.6,60.8,7,26.3,5.68,0.99,5.1,0.79,4.44,0.91,2.29,0.32,1.94,0.3
25.3,109,"GRANODIORITE [24103]",37,77,8.75,32.3,6.89,1.17,5.76,0.95,5.01,1.04,2.77,0.35,2.36,0.33
25.3,109,"GRANODIORITE [24103]",28.2,58.5,6.57,24.7,5.39,0.92,4.52,0.77,4.41,0.9,2.38,0.32,2.15,0.32
25.3,109,"GRANODIORITE [24103]",31.3,62.7,7.38,27.6,5.69,1.16,5.03,0.88,4.83,1.03,2.69,0.38,2.43,0.34
25.3,109,"GRANODIORITE [24103]",33.2,66.3,7.99,29.9,6.17,1.21,5.37,0.92,5.01,1.06,2.92,0.4,2.53,0.36
25.3,109,"GRANODIORITE [24103]",33.7,68.8,8.03,30.2,6.24,1.17,5.5,0.9,5.01,1.06,2.83,0.39,2.48,0.35
25.3,109,"GRANODIORITE [24103]",33.7,68.8,8.15,30.5,6.37,1.17,5.66,0.92,5.1,1.09,2.97,0.42,2.54,0.36
25.3,109,"GRANODIORITE [24103]",27.1,61.3,6.51,24.3,5.37,1.11,4.79,0.8,4.55,0.97,2.56,0.38,2.41,0.36
25.3,109,"GRANODIORITE [24103]",34.8,69.4,8.37,31.7,6.41,1.24,5.74,0.91,4.92,1.03,2.78,0.39,2.53,0.36
7,-6,"GRANODIORITE [24106]",20.3,40.9,4.7,18,3.31,0.93,2.77,0.35,1.89,0.35,0.99,0.14,0.84,0.13
7,-6,"GRANODIORITE [24106]",22.4,46.7,5.37,20.4,3.65,0.99,3,0.36,2.03,0.36,1.07,0.16,0.92,0.14
7,-6,"GRANODIORITE [24106]",16.5,35.5,4.41,17.3,3.2,0.91,2.57,0.32,1.78,0.33,0.89,0.12,0.8,0.12
7,-6,"GRANODIORITE [24106]",20.3,42.1,5.1,19.8,3.6,1.01,2.73,0.33,1.75,0.32,0.86,0.12,0.8,0.12
7,-6,"GRANODIORITE [24106]",30.6,54,5.5,19.2,3.26,0.9,2.86,0.34,1.97,0.36,1.07,0.15,0.92,0.14
41.8,102.8,"GRANODIORITE [24118]",13.5,28.03,3.31,13.48,2.95,1.01,2.97,0.51,3.17,0.67,1.96,0.31,2.01,0.32
41.8,102.8,"GRANODIORITE [24118]",13.66,28.51,3.36,13.73,3,1.02,3.06,0.52,3.24,0.69,2.02,0.31,2.08,0.33
41.8,102.8,"GRANODIORITE [24118]",13.52,28.47,3.36,13.67,3,1.01,3.04,0.52,3.22,0.68,2.02,0.31,2.09,0.33
41.8,102.8,"GRANODIORITE [24118]",13.65,29.5,3.14,12.85,2.95,0.97,3.03,0.5,3.19,0.64,1.84,0.3,1.93,0.31
41.8,102.8,"GRANODIORITE [24118]",14.05,30.97,2.98,13.5,3.11,0.97,3.02,0.54,3.22,0.7,1.9,0.33,2.02,0.31
42.4378,112.1756,"GRANODIORITE [24119]",29.6,55.9,6.55,25,4.14,1.34,3.47,0.581,3.13,0.601,1.82,0.314,2.16,0.352
42.4,112.2,"GRANODIORITE [24119]",44.2,83.4,9.67,35.8,5.58,1.45,4.33,0.652,2.86,0.457,1.18,0.147,0.885,0.144
42.4,112.2,"GRANODIORITE [24119]",54.4,103,12.2,42.9,7,1.45,5.19,0.777,3.5,0.535,1.43,0.195,1.15,0.176
42.4,112.2,"GRANODIORITE [24119]",57,106,12.5,45.2,7.47,1.77,6.43,1.04,5.13,0.852,2.41,0.378,2.08,0.325
42.4,112.2,"GRANODIORITE [24119]",61.4,114,13.3,48,8.11,1.74,6.8,1.06,5.22,0.924,2.45,0.353,2.07,0.318
42.4,112.2,"GRANODIORITE [24119]",31.6,65.2,7.69,28.5,5.06,1.29,4.18,0.727,3.96,0.675,2.02,0.323,2.01,0.31
42.4,112.2,"GRANODIORITE [24119]",35.4,77.7,9.38,35.5,6.09,1.44,5.26,0.896,4.62,0.869,2.6,0.426,2.52,0.418
42.4,112.2,"GRANODIORITE [24119]",31.1,56.6,6.01,20.3,3.37,1.16,3.01,0.472,2.43,0.404,1.25,0.192,1.17,0.188
42.4,112.2,"GRANODIORITE [24119]",41.5,80.1,8.42,29.6,4.74,1.31,3.95,0.665,3.34,0.598,1.63,0.262,1.53,0.214
60.4825,16.9625,"GRANODIORITE [24125]",56.3,110,11.83,42,5.97,1.29,4.77,0.71,4.15,0.8,2.48,0.33,1.99,0.33
60.4169,17.56,"GRANODIORITE [24125]",61.2,127.7,14.54,53.4,8.04,1.61,6.19,0.89,5.13,1,2.98,0.43,2.8,0.38
19,110,"GRANODIORITE [24133]",23.9,44.9,5.41,20.8,4.23,0.94,4.1,0.69,3.93,0.87,2.39,0.39,2.5,0.37
19,110,"GRANODIORITE [24133]",29.6,66.9,8.67,33.7,8.14,1.36,7.54,1.44,7.94,1.69,4.36,0.62,3.81,0.53
19,110,"GRANODIORITE [24133]",42.2,75.7,8.23,27.9,4.91,0.98,4,0.55,2.41,0.44,1.13,0.16,0.98,0.13
19,110,"GRANODIORITE [24133]",48.4,90.4,9.73,33.3,6.2,1.27,5.13,0.76,3.69,0.76,2,0.26,1.8,0.27
19,110,"GRANODIORITE [24133]",16.1,31.1,2.99,10.8,2.31,0.62,1.72,0.34,2.38,0.52,1.57,0.29,2.13,0.27
19,110,"GRANODIORITE [24133]",112,217,24.7,86.2,12.7,1.74,9.07,1.3,7.1,1.32,3.46,0.49,3.07,0.46
19,110,"GRANODIORITE [24133]",94.8,183,20,72,11.5,1.18,8.28,1.2,6.08,1.17,3,0.43,2.82,0.43
30.155,89.0899,"GRANODIORITE [24144]",48.47,100.39,10.5,37.48,7.21,1.25,6.28,0.99,5.9,1.13,3.32,0.5,3.02,0.44
30.152,89.0888,"GRANODIORITE [24144]",56.64,117.41,12.05,43.38,8.01,1.35,7.24,1.1,6.59,1.28,3.77,0.55,3.23,0.49
30.1442,89.0875,"GRANODIORITE [24144]",68.04,136.98,13.97,48.56,8.41,1.24,7.04,1.04,6.23,1.19,3.43,0.51,3.01,0.45
44.5,117,"GRANODIORITE [24147]",15.9,31.5,3.82,15.2,3.52,0.88,3.36,0.6,3.74,0.8,2.33,0.36,2.41,0.36
44.5,117,"GRANODIORITE [24147]",16.9,36,4.69,19.4,4.69,0.98,4.63,0.86,5.38,1.13,3.23,0.5,3.3,0.51
44.5,117,"GRANODIORITE [24147]",19,38,4.43,17.1,3.8,0.86,3.72,0.63,4.08,0.87,2.54,0.38,2.68,0.43
44.5,117,"GRANODIORITE [24147]",11,20.8,3.23,13.8,3.48,0.98,3.7,0.59,3.81,0.79,2.36,0.35,2.22,0.35
44.5,117,"GRANODIORITE [24147]",11.9,22.7,3.55,14.8,3.55,0.89,3.89,0.61,4.03,0.81,2.51,0.36,2.31,0.36
-3,120,"GRANODIORITE [24152]",45.9,85.1,9.01,32.2,5.33,1.13,3.98,0.55,2.94,0.55,1.5,0.22,1.42,0.21
-3,120,"GRANODIORITE [24152]",36.3,70.2,7.77,28.63,5.06,1.08,3.84,0.54,2.96,0.55,1.49,0.22,1.43,0.21
-3,120,"GRANODIORITE [24152]",40.5,78.3,8.51,30.07,4.91,0.96,3.42,0.48,2.45,0.45,1.22,0.17,1.13,0.17
-3,120,"GRANODIORITE [24152]",34.2,67.3,7.67,29.01,5.26,1.11,4.12,0.59,3.25,0.62,1.69,0.25,1.59,0.24
-3,120,"GRANODIORITE [24152]",38.6,74.4,8.11,29.1,4.86,0.92,3.65,0.53,3.01,0.58,1.63,0.25,1.57,0.24
-3,120,"GRANODIORITE [24152]",38.2,74.9,8.21,29.6,5.15,1,3.94,0.58,3.19,0.6,1.63,0.24,1.53,0.22
-3,120,"GRANODIORITE [24152]",35.1,67.3,7.35,25,4.47,0.98,3.55,0.48,2.56,0.47,1.31,0.19,1.21,0.17
39.2001,-6.0658,"GRANODIORITE [24158]",17.839,39.272,4.737,19.057,4.364,0.84,4.061,0.641,3.842,0.814,2.21,0.359,2.257,0.335
39,-6,"GRANODIORITE [24158]",23.3220242932156,49.2817942972977,5.6653448471588,21.5475430581633,4.32198999870512,0.885826421024828,4.11615862539388,0.472893742756493,2.15089812046266,0.364514048773288,0.98812229409665,0.147493327403127,1.02532444469014,0.17139764392218
42.5,119.2,"GRANODIORITE [24165]",13.8,27,3.1,11.7,2.51,0.67,1.84,0.26,1.43,0.26,0.63,0.1,0.6,0.08
42.5,119.2,"GRANODIORITE [24165]",13.6,26,3,11.2,2.26,0.63,1.89,0.26,1.44,0.25,0.65,0.1,0.59,0.08
42.5,119.2,"GRANODIORITE [24165]",13.7,27.2,3.1,11.9,2.55,0.65,2,0.28,1.54,0.26,0.68,0.1,0.63,0.09
42.5,119.2,"GRANODIORITE [24165]",48,91,10.3,38.7,7.09,1.74,6.1,0.92,4.95,0.96,2.72,0.38,2.46,0.35
42.5,119.2,"GRANODIORITE [24165]",13.5,26.7,3,11.3,2.22,0.65,1.82,0.26,1.27,0.23,0.65,0.09,0.56,0.07
42.5,119.2,"GRANODIORITE [24165]",13.1,25.8,2.9,11.2,2.24,0.69,1.89,0.26,1.39,0.26,0.68,0.09,0.57,0.08
42.5,119.2,"GRANODIORITE [24165]",13.9,27.2,3.1,11.7,2.41,0.73,1.98,0.28,1.51,0.25,0.7,0.1,0.62,0.09
4.7823,95.5949,"GRANODIORITE [24168]",14.7,29.5,3.485,12.84,2.4,0.709,1.87,0.266,1.49,0.29,0.77,0.1176,0.79,0.118
0.6664,99.4344,"GRANODIORITE [24168]",12.2,25.7,3.23,13.6,3.17,0.79,3.42,0.58,3.66,0.78,2.39,0.39,2.54,0.41
0.8496,99.5762,"GRANODIORITE [24168]",72,140,14.4,51,8.99,1.68,7.11,1.06,5.92,1.16,3.31,0.5,3.17,0.48
22.6803611111111,103.362055555556,"GRANODIORITE [24172]",23.5,41.9,4.2,16.3,2.7,0.9,2.4,0.3,1.9,0.4,1,0.2,1,0.2
22.7208333333333,103.529722222222,"GRANODIORITE [24172]",32,67.4,7.3,29.6,5.5,1.5,4.2,0.6,3.3,0.6,1.7,0.3,1.7,0.2
36,100,"GRANODIORITE [24216]",32.6290535522696,61.2853466269103,6.41089632773981,23.8581304368904,3.88646054647001,1.3334330830393,3.19974546613085,0.37987455930056,1.89273567509254,0.327463227642141,0.980624544529562,0.133864506225023,0.883742540488432,0.134235421181229
36,100,"GRANODIORITE [24216]",30.696,46.085,4.883,18.767,2.467,0.818,1.803,0.255,1.348,0.243,0.718,0.109,0.722,0.119
36,100,"GRANODIORITE [24216]",32.075816940337,59.7171832836378,6.13837040967477,22.123913046113,3.55507568308752,1.33704135379913,2.95693183266357,0.3343431991257,1.58616959386568,0.274329034552677,0.823530680661953,0.107830632781278,0.72292817561054,0.107044276476536
33.5,55.5,"GRANODIORITE [24217]",21.5,54.6,7.81,35.2,10.3,2.87,11.1,2.1,12.9,2.6,7.9,1.14,7.8,1.2
33.5,55.5,"GRANODIORITE [24217]",3.8,4.8,0.33,1.2,0.2,0.16,0.2,0,0.2,0,0.2,0,0.3,0.07
38.7,45,"GRANODIORITE [24218]",30.7,64.4,7.615,28.73,5.692,0.922,5.052,0.825,4.739,0.929,2.456,0.377,2.329,0.353
38.7,45,"GRANODIORITE [24218]",36.7,76.66,9.085,6.714,34.27,0.992,5.81,0.898,4.819,0.906,2.31,0.349,2.147,0.319
47.734,88.518,"GRANODIORITE [24236]",7.25,17.62,2.51,12.96,3.61,1.46,3.82,0.62,3.57,0.68,1.66,0.2,1.1,0.16
34.4703,112.8126,"GRANODIORITE [24258]",16.4,30,3.93,14.4,2.44,0.7,1.67,0.2,0.99,0.17,0.48,0.06,0.37,0.05
34.4597,112.8037,"GRANODIORITE [24258]",8.9,23.1,3.36,15.4,3.63,1.14,3.17,0.42,2.2,0.41,1.09,0.14,0.92,0.14
-10.5,-45,"GRANODIORITE [24271]",34.1,56.1,8.48,34.7,7.3,2.15,7.59,1.12,7.1,1.32,3.92,0.51,3.5,0.52
-10.5,-45,"GRANODIORITE [24271]",58.7,108.6,15.26,64.5,13.3,3.51,12.82,1.84,10.91,2.15,6.53,0.88,5.9,0.86
-10.5,-45,"GRANODIORITE [24271]",47,98.3,11.27,44.4,8.9,2.49,8.1,1.11,6.56,1.22,3.65,0.5,3.3,0.47
-10.5,-45,"GRANODIORITE [24271]",113.9,195.8,24.13,87.2,13.7,2.57,11.24,1.54,8.75,1.66,4.56,0.64,3.9,0.61
-10.5,-45,"GRANODIORITE [24271]",33.9,124.1,9.92,40.4,8.7,2.14,7.84,1.19,7,1.34,4.03,0.54,3.6,0.55
-10.5,-45,"GRANODIORITE [24271]",61.7,64.1,12.81,50.4,9.8,2,9.09,1.29,7.86,1.53,4.7,0.62,4.1,0.59
-10.5,-45,"GRANODIORITE [24271]",94.8,200.1,23.18,89.5,15.2,4.3,11.82,1.53,8.26,1.63,4.58,0.59,3.8,0.56
-10.5,-45,"GRANODIORITE [24271]",56,99.1,13.24,52,10.1,2.35,9.33,1.34,7.66,1.45,4.31,0.57,3.9,0.57
-15,-50,"GRANODIORITE [24280]",9.8,19,2.08,7.7,1.9,1.03,2.45,0.33,1.73,0.48,1.37,0.28,1.3,0.2
-15,-50,"GRANODIORITE [24280]",28.6,68.3,5.57,19.2,3,0.77,2.13,0.26,1.24,0.24,0.6,0.09,0.5,0.07
-15,-50,"GRANODIORITE [24280]",14,16.2,2.27,8.2,1.8,0.51,1.84,0.35,1.28,0.33,0.63,0.19,0.6,0.19
36.6396,127.5147,"GRANODIORITE [24283]",33.1,66.9,6.93,24.8,4,1.47,3.1,0.5,2.7,0.5,1.4,0.2,1.3,0.22
36.8201,128.8517,"GRANODIORITE [24283]",36.3,69.9,7.53,26.7,4.5,1.11,3.3,0.4,2.2,0.4,1.1,0.18,1.2,0.19
36.9259,128.8219,"GRANODIORITE [24283]",36.1,70.6,7.56,27.4,4.6,1.16,3.4,0.5,2.3,0.4,1.2,0.17,1.1,0.18
36.7622,128.6834,"GRANODIORITE [24283]",39.6,76.7,8.22,30.7,5.8,1.75,5,0.7,3.6,0.6,1.7,0.24,1.5,0.23
36.5749,128.7332,"GRANODIORITE [24283]",20.1,60.3,8.15,32.9,5.6,1.48,3.7,0.4,2.1,0.4,1,0.15,0.9,0.14
36.6081,128.7597,"GRANODIORITE [24283]",43.5,87.5,9.73,35.7,5.7,1.44,3.5,0.4,2,0.3,0.9,0.13,0.8,0.13
35.9818,128.0677,"GRANODIORITE [24283]",19.5,41.8,4.86,19.7,3.6,1,2.5,0.3,1.7,0.3,0.9,0.13,0.9,0.13
36.0471,128.0533,"GRANODIORITE [24283]",24.3,47.1,5.21,17.9,3.3,0.97,2.4,0.4,1.8,0.3,0.9,0.14,1,0.15
35.5,127,"GRANODIORITE [24283]",86.2,162,16.7,58,7.8,1.3,3.9,0.4,1.9,0.3,0.8,0.11,0.7,0.12
35.5,127,"GRANODIORITE [24283]",20.8,36.2,3.81,13.9,2.1,0.72,1.6,0.2,1.2,0.2,0.6,0.09,0.6,0.1
35.5,127,"GRANODIORITE [24283]",18.1,40.8,4.68,17.4,3.6,0.95,2.6,0.4,2,0.4,1,0.15,1,0.15
35.5,127,"GRANODIORITE [24283]",24.5,49.6,5.45,19,3.4,0.99,2.5,0.4,1.8,0.3,0.9,0.12,0.9,0.13
37.5,76,"GRANODIORITE [24287]",3.2,7.5,1,5,1.6,0.4,2.2,0.4,2.7,0.6,1.8,0.3,1.8,0.3
37.5,76,"GRANODIORITE [24287]",3.6,8.6,1.3,6.5,2.3,0.6,3.4,0.6,4.1,0.9,2.7,0.4,2.6,0.4
37.5,76,"GRANODIORITE [24287]",3.3,7.6,1.1,5.1,1.7,0.4,2.4,0.4,2.9,0.6,1.9,0.3,1.9,0.3
37.5,76,"GRANODIORITE [24287]",3.1,7.2,1,5,1.6,0.4,2.3,0.4,2.8,0.6,1.8,0.3,1.8,0.3
37.5,76,"GRANODIORITE [24287]",5.5,12.5,1.6,7.3,1.8,1.2,2.2,0.4,2.5,0.5,1.8,0.3,2.2,0.4
37.5,76,"GRANODIORITE [24287]",4.2,10.1,1.4,7.2,2.4,0.5,3.4,0.6,4.1,0.9,2.8,0.4,2.8,0.4
37.5,76,"GRANODIORITE [24287]",3.8,9,1.3,6.5,2.2,0.6,3.1,0.6,3.8,0.8,2.5,0.4,2.5,0.4
36.15,96.05,"GRANODIORITE [24307]",20.6,44.1,4.78,17.7,4.02,0.9,3.98,0.68,4.23,0.85,2.45,0.36,2.27,0.32
36.15,96.05,"GRANODIORITE [24307]",42.2,83.6,8.56,29.7,4.95,0.88,3.64,0.48,2.52,0.43,1.16,0.16,0.97,0.14
36.9,91.7,"GRANODIORITE [24307]",25.1,54,6.52,26,5.62,1.13,4.75,0.81,4.75,0.95,2.79,0.42,2.7,0.4
36.9,91.7,"GRANODIORITE [24307]",25.4,53.9,6.63,25.7,5.41,1.14,4.73,0.79,4.88,0.97,2.78,0.42,2.76,0.39
36.9,91.7,"GRANODIORITE [24307]",25.7,54.9,6.58,26.7,5.69,1.16,4.84,0.84,4.88,0.98,2.93,0.43,2.73,0.4
-22.3,15.5,"GRANODIORITE [24329]",48.8,92.6,9.74,34.4,6.21,1.23,4.7,0.64,3.39,0.6,1.74,0.251,1.72,0.264
-22.3,15.5,"GRANODIORITE [24329]",50.7,97.4,10.5,37.6,7.03,1.38,5.22,0.74,3.86,0.71,2.04,0.29,1.94,0.305
-22.3,15.5,"GRANODIORITE [24329]",48.6,93.3,9.9,35.3,6.89,1.31,5.15,0.72,3.71,0.69,1.92,0.298,2.16,0.348
-22.3,15.5,"GRANODIORITE [24329]",56.7,103,10.6,36.6,6.22,1.33,4.41,0.56,2.81,0.5,1.39,0.182,1.17,0.183
-22.3,15.5,"GRANODIORITE [24329]",50.2,90.6,9.06,30.7,5.17,1.31,3.49,0.44,2.22,0.39,1.11,0.153,0.99,0.156
-22.3,15.5,"GRANODIORITE [24329]",49.5,88.4,8.88,30.9,5.12,1.28,3.41,0.4,2.07,0.37,1.01,0.142,0.9,0.139
-22.3,15.5,"GRANODIORITE [24329]",46.2,88.1,9.13,31.6,5.76,1.17,4.42,0.61,3.12,0.58,1.7,0.261,1.8,0.283
-12,-47,"GRANODIORITE [24353]",21.2,22.9,2.68,7.5,1.9,0.94,1.68,0.2,1.17,0.26,0.78,0.12,0.8,0.12
-12,-47,"GRANODIORITE [24353]",35.5,67.7,8.01,28,5.5,1.42,3.48,0.41,1.68,0.24,0.57,0.08,0.6,0.08
-12,-47,"GRANODIORITE [24353]",43.1,80.4,8.61,29.5,5.1,1.31,3.31,0.41,1.9,0.26,0.49,0.05,0.3,0
-12,-47,"GRANODIORITE [24353]",36.5,70.8,8.11,29.9,5.6,1.41,4.27,0.59,3.2,0.62,1.63,0.24,1.6,0.24
-12,-47,"GRANODIORITE [24353]",30.1,68.6,7.41,24.8,4.8,0.64,3.92,0.57,3.18,0.68,1.82,0.31,2,0.28
-12,-47,"GRANODIORITE [24353]",34.7,35.2,4.4,14.2,3.3,0.89,2.95,0.36,1.77,0.28,0.57,0.07,0.4,0.05
-12,-47,"GRANODIORITE [24353]",90.8,109.8,14.06,47.2,6.3,1.53,3.8,0.38,1.55,0.29,0.7,0.1,0.6,0.08
-12,-47,"GRANODIORITE [24353]",27.5,53.9,6.02,21.4,3.6,0.96,2.42,0.29,1.37,0.27,0.67,0.09,0.6,0.1
-12,-47,"GRANODIORITE [24353]",68.7,132.2,14.36,49.2,6.9,1.62,4.48,0.53,2.31,0.46,1.15,0.2,1,0.22
-12,-47,"GRANODIORITE [24353]",31,54.3,5.54,19.9,2.7,1.29,1.64,0.11,0.42,0.05,0.14,0.07,0.1,0.03
-12,-47,"GRANODIORITE [24353]",17.9,34.1,3.92,13.6,2.4,0.86,2.12,0.31,1.27,0.25,0.5,0.15,0.5,0.03
-12,-47,"GRANODIORITE [24353]",18.5,36.8,3.75,16.3,2.6,0.95,2.11,0.51,1.98,0.54,1.07,0.31,1,0.33
-12,-47,"GRANODIORITE [24353]",24.9,37.7,4.38,15.5,2.3,0.5,1.57,0.18,0.72,0.12,0.34,0.03,0.2,0.03
-12,-47,"GRANODIORITE [24353]",40.5,79.5,7.92,31.6,4.3,1.28,3.01,0.5,1.75,0.41,0.88,0.23,0.8,0.23
-12,-47,"GRANODIORITE [24353]",23.7,39.9,3.79,15.1,2,0.81,1.3,0.23,0.73,0.22,0.35,0.14,0.3,0.09
-12,-47,"GRANODIORITE [24353]",12.3,22.2,2.42,8.1,1.4,0.82,0.92,0.15,0.33,0.09,0.15,0.06,0.2,0.03
-34.3477,-71.3265,"GRANODIORITE [24360]",15.7407622200584,25.597746835443,4.16231450827653,16.5264356377799,3.31425511197663,0.868880354031938,2.94466851025517,0.431048120740019,2.42525491723466,0.465555365141188,1.25700923369036,0.184194601752678,1.20989807205453,0.179613131450828
-33.6268,-71.6028,"GRANODIORITE [24360]",19.6153676919943,28.1562257078835,3.95167928294968,14.0249878997759,2.31297877368099,0.888375029457405,1.9434879611625,0.262355542880424,1.44315981258912,0.277475722143003,0.769841883886739,0.111521538398859,0.760095498064779,0.119898935017315
-33.5822,-70.4635,"GRANODIORITE [24360]",15.8400118902439,30.6178655487805,5.31540923780488,23.5214170731707,5.88343298780488,1.36498844414518,6.01127832714453,0.983496948170732,6.20977725609756,1.27489775,3.59017179115854,0.542008570121951,3.67906981707317,0.552784088414634
1,-51,"GRANODIORITE [24362]",45.8,65.1,7.36,23.9,2.96,0.9,2.18,0.24,0.98,0.19,0.48,0.07,0.47,0.08
1.7657,-50.8793,"GRANODIORITE [24362]",62.5,98.7,10.55,37.08,5.66,1.26,3.99,0.46,2.09,0.37,0.81,0.13,0.87,0.11
1.3874,-51.0075,"GRANODIORITE [24362]",52.2,92.4,10.55,44.94,9.15,1.76,6.05,0.95,5.23,1.04,3.49,0.6,4.36,0.73
1,-51,"GRANODIORITE [24362]",44.3,83.9,8.72,29.4,4.42,1.16,3.29,0.43,2.15,0.39,0.98,0.17,1.02,0.15
1,-51,"GRANODIORITE [24362]",47.9,66.5,9.22,32.4,5.4,1.07,4.78,0.68,3.67,0.65,1.92,0.32,1.67,0.26
1,-51,"GRANODIORITE [24362]",20.3,36.3,4.12,14,2.51,0.73,1.88,0.26,1.23,0.22,0.58,0.07,0.48,0.07
1.3569,-50.9544,"GRANODIORITE [24362]",28.1,47.1,5.48,19.61,3.64,0.74,3.16,0.55,3.13,0.69,2.23,0.34,2.56,0.38
-20.5,-41.5,"GRANODIORITE [24363]",52.9,100.7,11.48,43.7,6.8,1.7,5.26,0.66,2.92,0.51,1.34,0.17,1.1,0.16
45.629726,8.169582,"GRANODIORITE [24411]",142.9,150.1,30.09,113.6,23.41,1.03,20.76,3.17,16.16,2.87,7.34,0.93,5.45,0.84
45.629726,8.169582,"GRANODIORITE [24411]",115.7,138,25.75,96.2,19.56,0.92,17.55,2.77,13.68,2.55,6.59,0.79,5.15,0.71
45.609262,8.178037,"GRANODIORITE [24411]",55.1,113.5,12.87,48.8,9.21,0.62,8.55,1.23,6.34,1.28,3.47,0.46,2.64,0.39
45.633388,8.144045,"GRANODIORITE [24411]",36.8,77,8.67,33.2,6.7,1.41,6.2,0.92,4.59,0.82,2.12,0.29,1.78,0.29
45.629336,8.166118,"GRANODIORITE [24411]",30.1,35.3,7.75,27.8,6.72,0.86,5.81,0.91,5.53,0.84,2.27,0.31,1.87,0.26
45.63723,8.143531,"GRANODIORITE [24411]",74.2,95.2,17.57,64.8,12.54,1.21,10.57,1.42,8.09,1.42,3.46,0.48,2.67,0.39
45.628189,8.1786,"GRANODIORITE [24411]",44.6,94.3,11.85,47.3,10.33,0.69,9.28,1.47,8.41,1.63,4.51,0.65,3.81,0.62
35.5,117,"GRANODIORITE [24424]",28.54,54.92,6.24,21.97,3.6,0.97,2.38,0.32,1.48,0.26,0.68,0.1,0.6,0.09
-2,-60,"GRANODIORITE, HORNBLENDE [24457]",49.1,95.5,10.1,36,3.9,0.8,3,0.5,2.3,0.5,1.5,0.3,1.8,0.3
-2,-60,"GRANODIORITE, HORNBLENDE [24457]",63.8,122.8,12.9,43.9,3.9,0.9,2.7,0.5,2.2,0.5,1.3,0.2,1.4,0.2
-2,-60,"GRANODIORITE, HORNBLENDE [24457]",33,64.5,6.3,22.1,3.1,0.7,2.3,0.4,2.2,0.4,1.5,0.2,1.9,0.3
-2,-60,"GRANODIORITE, BIOTITE-HORNBLENDE [24457]",16.1,82.3,7.7,25.6,5.5,1.1,2.9,0.5,2.6,0.5,1.6,0.3,2,0.3
-2,-60,"GRANODIORITE, HORNBLENDE [24457]",44.2,90.5,9.6,36.5,4.3,0.9,3,0.4,2.4,0.5,1.3,0.2,1.5,0.3
41.4077666666667,44.52015,"GRANODIORITE [24458]",10.258,17.1776666666667,1.64366666666667,5.925,0.947666666666667,0.339,0.784333333333333,0.124,0.758666666666667,0.141666666666667,0.413,0.0596666666666667,0.435666666666667,0.0696666666666667
41.3418466666667,44.525195,"GRANODIORITE [24458]",8.18233333333333,14.204,1.41666666666667,5.21833333333333,0.939666666666667,0.360666666666667,0.877666666666667,0.121,0.727666666666667,0.145,0.413,0.0576666666666667,0.472333333333333,0.0733333333333333
41.3413633333333,44.5254,"GRANODIORITE [24458]",7.87033333333333,13.6003333333333,1.401,5.105,0.910666666666667,0.342,0.876666666666667,0.119333333333333,0.674,0.14,0.388,0.05,0.431333333333333,0.0663333333333333
41.3412866666667,44.5260183333333,"GRANODIORITE [24458]",7.931,13.981,1.42966666666667,4.99733333333333,0.949,0.344666666666667,0.808666666666667,0.111333333333333,0.752,0.150333333333333,0.396,0.069,0.407333333333333,0.0653333333333333
25.1,116.3,"GRANODIORITE [24469]",23.7,46.9,5.8,22.4,4.2,1.19,3.63,0.5,2.77,0.55,1.59,0.23,1.58,0.26
25.1,116.3,"GRANODIORITE [24469]",28,54.2,6.33,23.4,4,1.04,3.01,0.46,2.47,0.52,1.42,0.21,1.39,0.24
25.1,116.3,"GRANODIORITE [24469]",24.6,49.9,5.74,21.4,4,1.11,3.55,0.5,2.68,0.54,1.58,0.24,1.75,0.28
25.1,116.3,"GRANODIORITE [24469]",17.4,38.8,4.81,19.9,4.3,1.14,3.75,0.56,3.1,0.6,1.76,0.28,1.91,0.31
25.1,116.3,"GRANODIORITE [24469]",21.4,42.9,5.24,19.6,3.48,0.99,3.04,0.42,2.28,0.46,1.31,0.2,1.41,0.23
25.1,116.3,"GRANODIORITE [24469]",44.4,82.2,9.4,33.6,5.31,1.42,4.7,0.59,2.98,0.56,1.53,0.22,1.5,0.24
25.1,116.3,"GRANODIORITE [24469]",24.5,48.1,5.88,22.2,3.92,1.1,3.47,0.47,2.54,0.51,1.42,0.21,1.55,0.25
25.1,116.3,"GRANODIORITE [24469]",38.9,70.1,7.65,25.8,3.7,0.92,3.32,0.41,2,0.39,1.12,0.18,1.25,0.21
25.1,116.3,"GRANODIORITE [24469]",24.1,47.6,5.9,22.1,3.96,1.07,3.39,0.48,2.55,0.5,1.42,0.21,1.49,0.24
30.42,86.5,"GRANODIORITE [24480]",26.91,49.89,5.58,20,4.17,0.95,3.64,0.61,3.82,0.78,2.28,0.34,2.34,0.36
30.42,86.5,"GRANODIORITE [24480]",44.61,94.98,9.38,31.84,5.34,1.12,4.76,0.73,4.48,0.87,2.46,0.36,2.24,0.34
30.42,86.5,"GRANODIORITE [24480]",54.55,104.48,9.51,30.96,4.79,1.05,4.25,0.61,3.64,0.72,1.95,0.3,1.99,0.29
38,112,"GRANODIORITE, GARNET-HORNBLENDE [24485]",35.6953856031198,77.4286549293361,9.43838751199947,39.9546999268811,8.60969755242793,2.66603759229242,8.45620149644984,1.33811552902703,8.15900880586948,1.62166070067554,4.53121270528308,0.71427937894015,4.46402606920298,0.705984396010619
27.74,113.2853,"GRANODIORITE [24494]",49,92,9.2,30,4.3,1.04,3.4,0.45,2.3,0.41,1.2,0.16,1.11,0.17
27.8106,113.2194,"GRANODIORITE [24494]",40,77,8.8,31,5,1.25,3.8,0.56,2.9,0.53,1.5,0.24,1.68,0.21
27.7111,113.2353,"GRANODIORITE [24494]",32,61,7.4,25,4.3,0.94,3.4,0.46,2.4,0.47,1.4,0.2,1.36,0.2
27.7633,113.2169,"GRANODIORITE [24494]",30,59,6.9,24,4.2,0.95,3.1,0.43,2.5,0.51,1.4,0.2,1.29,0.19
27.7639,113.2153,"GRANODIORITE [24494]",41,80,9.5,33,5.6,1.17,3.9,0.55,3.1,0.6,1.7,0.25,1.56,0.24
27.7492,113.2222,"GRANODIORITE [24494]",41,78,9.6,33,5.2,1.15,4,0.57,3,0.6,1.6,0.24,1.58,0.24
25.1458,111.9011,"GRANODIORITE [24494]",39,78,9.9,35,6.9,1.15,5.8,0.89,5.2,1.09,3.1,0.45,2.83,0.42
25.145,111.9017,"GRANODIORITE [24494]",39,78,9.5,32,6.2,0.84,4.9,0.81,4.6,0.99,3,0.48,3.04,0.48
25.1553,111.9086,"GRANODIORITE [24494]",25,52,6.4,22,4.5,0.72,4.2,0.68,4.2,0.89,2.8,0.42,2.82,0.44
25.1508,111.9,"GRANODIORITE [24494]",71,134,14.9,52,8,1.12,6.6,0.93,5.1,0.94,2.7,0.46,2.73,0.38
25.3156,111.8328,"GRANODIORITE [24494]",35,70,8,30,5.7,0.87,5.2,0.84,4.9,0.99,3,0.5,3.49,0.54
27.6231,110.2278,"GRANODIORITE [24494]",32,68,6.6,22,4.1,0.94,3.2,0.5,2.7,0.47,1.4,0.23,1.44,0.18
27.6861,110.0636,"GRANODIORITE [24494]",34,64,6.9,23,4.4,0.79,3.7,0.59,2.8,0.47,1.3,0.2,1.29,0.16
34.45591,76.07023,"GRANODIORITE [24501]",6.7,15.15,2.06,9.2,2.16,0.71,2.44,0.4,2.76,0.56,1.85,0.27,1.97,0.28
34.50611,76.12524,"GRANODIORITE [24501]",13.2,25.7,2.85,10.5,1.66,0.41,1.27,0.17,0.95,0.16,0.44,0.04,0.34,0.03
28.8481,115.6711,"GRANODIORITE [24532]",32.1838,65.5004,7.8225,31.1903,6.583,1.1795,6.097,0.8757,6.3161,1.4712,4.2683,0.6079,3.9234,0.6074
28.8366,115.7027,"GRANODIORITE [24532]",29.9763,62.4648,7.592,29.3852,6.0438,1.0571,5.4872,0.7574,5.0004,1.1146,3.1811,0.4568,2.846,0.4457
28.8366,115.7027,"GRANODIORITE [24532]",28.0362,54.5649,6.5475,25.5079,5.4197,1.0843,5.01,0.7367,5.1668,1.1784,3.495,0.4758,3.1493,0.4839
28.7734,115.7583,"GRANODIORITE [24532]",19.2188,37.1287,4.6103,17.9493,3.9207,0.7992,3.7063,0.561,3.9285,0.8954,2.7051,0.3822,2.4327,0.376
28.6351,115.0204,"GRANODIORITE [24532]",11.6,23.5,2.99,11.7,2.54,0.329015824536355,2.61710689348257,0.420479843922217,2.3,0.495,1.42,0.194,1.27,0.198
28.7313,114.9791,"GRANODIORITE [24532]",19.6,42.7,5.27,20.8,4.85,1.04752826606833,4.55889074207679,0.664186528971013,3.36,0.639,1.78,0.245,1.67,0.228
28.4304,114.5635,"GRANODIORITE [24532]",31.9597,67.6098,8.0554,31.5078,6.2612,1.0873,5.9133,0.8655,6.1938,1.4322,4.2703,0.6055,3.8597,0.6117
28.4437,114.5596,"GRANODIORITE [24532]",31.7814,69.5111,7.826,31.068,6.2946,1.0842,5.6396,0.7686,5.1872,1.1122,3.1721,0.4242,2.849,0.446
28.4874,114.3104,"GRANODIORITE [24532]",29.552,60.4783,7.2909,27.7961,5.56,1.3375,4.8834,0.6733,4.6058,1.032,2.8369,0.4151,2.6598,0.3973
28.8318,114.9193,"GRANODIORITE [24532]",24.776,48.7681,6.0784,23.1574,4.8259,1.1039,4.2195,0.5884,3.9807,0.9163,2.6912,0.3954,2.4937,0.3878
28.7519,114.6604,"GRANODIORITE [24532]",16.258,30.2051,3.7226,14.2493,3.1669,0.6272,2.8488,0.4375,3.0243,0.6857,1.961,0.2805,1.8819,0.2842
28.8616,114.7646,"GRANODIORITE [24532]",28.255,52.4041,6.5563,25.8366,5.0807,1.1683,4.6446,0.6614,4.4926,1.0224,2.8557,0.3913,2.5123,0.3957
28.4874,114.3104,"GRANODIORITE [24532]",18.6071,33.6231,4.4051,17.1107,3.8198,0.545,3.519,0.5419,3.8107,0.8381,2.3627,0.3578,2.3134,0.3433
28.4874,114.3104,"GRANODIORITE [24532]",31.8985,65.3239,7.898,30.8727,6.3471,1.1604,5.4674,0.7358,4.6212,0.9678,2.7607,0.3844,2.4697,0.3914
28.8318,114.9193,"GRANODIORITE [24532]",34.6957,74.6205,8.8208,34.2263,7.1092,1.1349,6.0385,0.7907,4.9749,1.0062,2.7509,0.3865,2.4933,0.3752
28.8763,115.0131,"GRANODIORITE [24532]",21.8033,43.8287,5.3685,20.7635,4.581,0.9365,4.193,0.6357,4.1691,0.9069,2.6714,0.3706,2.3998,0.3564
28.9961,115.1231,"GRANODIORITE [24532]",31.704,67.205,8.0289,31.6908,6.7309,1.2685,5.9945,0.8236,5.3953,1.1834,3.3854,0.4717,2.9605,0.4635
28.9574,115.1792,"GRANODIORITE [24532]",24.2197,46.2326,5.6465,22.0206,4.5361,0.9791,3.9799,0.5618,3.7434,0.8154,2.3419,0.3254,2.0842,0.3287
28.5588,114.7183,"GRANODIORITE [24532]",13.4,25.6,3.07,11.3,2.59,0.941210193359528,2.47286120720815,0.412756744748136,2.12,0.398,1.1,0.128,0.897,0.116
28.5602,114.7154,"GRANODIORITE [24532]",23.8,50.2,6.04,23,4.9,0.895247008722255,4.66573710893097,0.627287277361512,2.86,0.512,1.44,0.177,1.18,0.18
28.5602,114.7154,"GRANODIORITE [24532]",18.9,41.3,4.84,18.5,4.05,0.773465337015095,3.87876019957225,0.608408590491535,3.09,0.663,1.9,0.233,1.63,0.227
28.5584,114.6982,"GRANODIORITE [24532]",20.9,39.9,5.07,19,4.28,0.650343512511271,4.70052449334083,0.76887742888634,5.04,1.18,3.62,0.492,3.25,0.493
36,136.7,"GRANODIORITE [7462]",44,82,9.3,30,5.4,1.08,4.2,0.6,4.1,0.7,2.4,0.4,2.5,0.5
36,136.7,"GRANODIORITE [7462]",29,54,6.3,21,3.6,1.04,3.2,0.5,2.6,0.5,1.5,0.3,1.8,0.3
36,136.7,"GRANODIORITE [7462]",42,81,9.7,35,6,1.41,5.2,0.9,4.7,0.7,2.8,0.4,2.7,0.5
36,136.7,"GRANODIORITE [7462]",36,72,8.8,30,5.7,1.78,5.6,0.8,4.4,0.7,2.7,0.4,2.8,0.4
44.184694,82.440916,"GRANODIORITE [24538]",24.4,47.4,5.79,22.2,4.39,0.69,4.24,0.715,4.26,0.885,2.75,0.41,2.64,0.402
44.184694,82.440916,"GRANODIORITE [24538]",25.3,46,5.22,20.2,3.68,0.9,3.38,0.592,3.3,0.685,1.99,0.293,1.99,0.287
44.184694,82.440916,"GRANODIORITE [24538]",27.5,50,5.53,21.1,3.45,0.81,3.2,0.519,2.91,0.589,1.76,0.277,1.81,0.283
44.184694,82.440916,"GRANODIORITE [24538]",25.5,49.3,5.4,21.4,3.75,0.91,3.35,0.571,3.13,0.643,1.84,0.292,1.86,0.29
44.184694,82.440916,"GRANODIORITE [24538]",28.8,49.9,6,21.9,3.96,0.94,3.66,0.625,3.56,0.715,2.1,0.326,2.09,0.32
36.1625,136.8908,"GRANODIORITE [7462]",35,71,8.2,29,4.6,1.43,4.8,0.7,3.9,0.6,2.6,0.5,2.4,0.4
36,136.7,"GRANODIORITE [7462]",37,74,8.5,30,5.1,1.33,4.8,0.7,4.3,0.8,3,0.6,2.1,0.4
36,136.7,"GRANODIORITE [7462]",31,61,7.3,25,4.3,1.33,4.1,0.6,3.8,0.6,2.5,0.4,2.2,0.3
50.3586,124.8572,"GRANODIORITE [24543]",29.7,62.6,7.86,30,5.69,1.23,3.7,0.51,2.65,0.48,1.2,0.19,1.25,0.17
50.3586,124.8572,"GRANODIORITE [24543]",31.8,65.9,8.22,32.2,6.03,1.36,3.82,0.52,2.67,0.48,1.18,0.18,1.16,0.15
50.3586,124.8572,"GRANODIORITE [24543]",33.1,59.1,8.38,31.7,5.89,1.37,3.85,0.54,2.78,0.52,1.26,0.2,1.3,0.17
50.3586,124.8572,"GRANODIORITE [24543]",29.9,59.9,7.57,28.6,5.34,1.23,3.47,0.46,2.4,0.43,1.06,0.17,1.11,0.14
19.1758,-98.8128,"GRANODIORITE [7520]",13.56,30.5,3.28,14.99,3.2,1.05,3.31,0.55,2.69,0.47,1.42,0.15,1.38,0.194
19.087,-98.6437,"GRANODIORITE [7520]",17.67,36.71,3.71,17.26,3.87,1.16,4.39,0.68,3.51,0.56,1.85,0.29,1.96,0.243
19.0928,-98.6238,"GRANODIORITE, PYROXENE [7520]",15.2,31.66,3.25,15.16,3.35,1.03,3.28,0.56,2.58,0.45,1.51,0.18,1.27,0.229
-17.1,-70.6,"GRANODIORITE [24568]",23.6,41.7,4.13,13.7,1.8,0.58,1.23,0.21,0.89,0.16,0.44,0.06,0.37,0.06
-17.1,-70.6,"GRANODIORITE [24568]",24.8,52.9,6.18,23.7,4.09,0.95,3.29,0.63,2.95,0.61,1.63,0.27,1.62,0.29
-17.1,-70.6,"GRANODIORITE [24568]",39.6,84.1,9.45,32.8,4.9,0.43,3.67,0.73,3.32,0.68,2.03,0.38,2.25,0.39
-17.1,-70.6,"GRANODIORITE [24568]",21.3,43,5.07,19.2,3.23,1,2.55,0.39,1.81,0.37,0.96,0.18,0.95,0.17
-17.1,-70.6,"GRANODIORITE [24568]",18,32,3.58,13,2.1,0.64,1.63,0.21,1.21,0.21,0.68,0.1,0.66,0.11
-17.1,-70.6,"GRANODIORITE [24568]",17.5,34.1,3.85,15.6,2.3,0.66,1.92,0.24,1.23,0.23,0.66,0.1,0.67,0.09
-17.1,-70.6,"GRANODIORITE [24568]",18.3,35.5,4.12,15.9,2.59,0.82,2.05,0.27,1.35,0.25,0.77,0.12,0.8,0.12
-17.1,-70.6,"GRANODIORITE [24568]",23.1,42.7,4.63,17.1,2.86,0.84,2.08,0.26,1.39,0.27,0.67,0.11,0.68,0.11
-17.1,-70.6,"GRANODIORITE [24568]",22.1,42.8,4.8,18.1,2.77,0.85,2.12,0.27,1.41,0.24,0.75,0.1,0.68,0.11
-17.1,-70.6,"GRANODIORITE [24568]",18.9,36.6,4.09,15.4,2.79,0.81,2.05,0.25,1.5,0.25,0.84,0.11,0.7,0.11
-17.1,-70.6,"GRANODIORITE [24568]",19.3,38,4.16,14.9,2.47,0.76,1.88,0.24,1.21,0.23,0.58,0.09,0.64,0.09
-17.1,-70.6,"GRANODIORITE [24568]",22.8,42.2,4.65,16.7,2.65,0.81,2.07,0.25,1.41,0.24,0.7,0.09,0.67,0.1
-17.1,-70.6,"GRANODIORITE [24568]",33,72,8.7,33.9,6.9,1.39,6.33,0.95,5.63,1.12,3.48,0.48,3.29,0.5
-17.1,-70.6,"GRANODIORITE [24568]",18.3,46.3,5.64,21.4,4.07,0.91,3.41,0.49,2.82,0.58,1.64,0.22,1.46,0.24
-17.1,-70.6,"GRANODIORITE [24568]",17.4,33.7,3.84,15.6,3.11,0.8,2.84,0.43,2.31,0.48,1.41,0.2,1.38,0.22
-17.1,-70.6,"GRANODIORITE [24568]",28,49.1,5.44,20.6,3.36,0.92,2.47,0.32,1.59,0.3,0.86,0.12,0.89,0.13
-20.0091,148.1309,"GRANODIORITE [24571]",48.98,106.09,13,50.55,9.64,2.71,8.18,1.24,6.88,1.34,3.59,0.51,3.21,0.46
-20.0091,148.1309,"GRANODIORITE, BIOTITE-HORNBLENDE [24571]",31.3,64.68,7.52,26.95,4.97,1.33,4.15,0.64,3.7,0.77,2.2,0.34,2.27,0.34
-20.0091,148.1309,"GRANODIORITE, BIOTITE-HORNBLENDE [24571]",24.95,48.42,5.29,18.24,3.26,0.82,2.64,0.4,2.22,0.45,1.28,0.2,1.31,0.2
-20.0091,148.1309,"GRANODIORITE, BIOTITE-HORNBLENDE [24571]",31.67,64.64,7.67,29.1,5.84,2.39,5.45,0.88,5.41,1.18,3.47,0.56,3.78,0.61
-20.0091,148.1309,"GRANODIORITE, BIOTITE-HORNBLENDE [24571]",23.59,44.97,4.91,17.13,2.99,0.75,2.6,0.41,2.45,0.54,1.59,0.26,1.77,0.28
-20.0091,148.1309,"GRANODIORITE, BIOTITE-RIEBECKITE [24571]",21.13,45.95,6.08,25.1,5.78,1.45,5.99,0.99,6.3,1.38,4.12,0.65,4.26,0.65
-20.0091,148.1309,"GRANODIORITE, BIOTITE-RIEBECKITE [24571]",18.51,39.29,4.92,19.9,4.75,1.1,5.07,0.87,5.73,1.29,3.81,0.61,4.13,0.64
-20.0091,148.1309,"GRANODIORITE, BIOTITE [24571]",17.7,39.13,5.38,22.93,5.59,1.09,5.73,0.96,6.07,1.35,3.93,0.6,4.07,0.62
-20.0091,148.1309,"GRANODIORITE, BIOTITE [24571]",42.6,80.11,8.67,29.38,5.28,0.91,4.3,0.68,3.95,0.82,2.4,0.37,2.48,0.38
51,117,"GRANODIORITE [24583]",31,66,6.9,26,4.5,1.2,3.4,0.45,2.1,0.39,1.2,0.16,0.98,0.16
51,117,"GRANODIORITE [24583]",56,101,11,37,5.4,1.4,4.3,0.52,2.1,0.42,0.99,0.14,1,0.16
51,117,"GRANODIORITE [24583]",46,79,8.1,29,4.3,1.1,3.3,0.39,1.7,0.34,0.93,0.13,0.81,0.15
28.3275,119.1745,"GRANODIORITE, BIOTITE [24592]",77.36,161.1,19.44,75.28,13.16,1.69,9.44,1.19,6.27,1.16,3.06,0.43,2.66,0.42
28.5265,119.1317,"GRANODIORITE, BIOTITE [24592]",64.08,127.1,15.86,63.05,12.34,2.28,10.74,1.66,8.62,1.63,4.14,0.62,3.79,0.62
36.3185,129.374333333333,"GRANODIORITE [24603]",32,63.4,7.28,26.7,4.8,1.13,3.8,0.6,3.4,0.7,2,0.29,2,0.31
36.4706666666667,129.257666666667,"GRANODIORITE [24603]",18.9,32.9,3.48,12.6,2,0.66,1.4,0.2,0.9,0.2,0.4,0.06,0.4,0.06
36.4568333333333,129.267166666667,"GRANODIORITE [24603]",27.1,56.1,6.34,22.5,3.8,0.93,2.2,0.3,1.1,0.2,0.5,0.07,0.4,0.07
36.5181666666667,129.269833333333,"GRANODIORITE [24603]",16.1,26.9,2.78,10,1.6,0.51,1.2,0.1,0.7,0.1,0.4,0.06,0.4,0.06
36.5193333333333,129.271333333333,"GRANODIORITE [24603]",18.4,36.8,4.19,15.5,2.7,0.76,1.8,0.2,1.1,0.2,0.5,0.08,0.5,0.08
41.4176666666667,107.439883333333,"GRANODIORITE [24619]",26.3,48.5,5.34,18.7,2.91,0.89,2.29,0.29,1.53,0.28,0.81,0.12,0.88,0.13
41.4177833333333,107.439633333333,"GRANODIORITE [24619]",20,37.8,4.12,15.2,2.37,0.85,2.01,0.27,1.54,0.27,0.81,0.13,0.81,0.15
40.7218166666667,106.321583333333,"GRANODIORITE [24619]",27.6,48.7,5.17,18.1,3,0.78,2.57,0.36,1.93,0.39,1.07,0.18,1.14,0.17
40.7230833333333,106.3188,"GRANODIORITE [24619]",31.4,57.8,6.06,20.5,3.19,0.81,2.67,0.36,2,0.37,1.08,0.17,1.13,0.17
20.8989,100.6083,"GRANODIORITE [24631]",91.9,172,20.1,73,13.9,2.13,9.46,1.34,6.56,1.22,3.35,0.442,2.98,0.442
20.8989,100.6083,"GRANODIORITE [24631]",84.3,168,19.2,69.9,12.9,1.82,9.16,1.28,6.38,1.17,3.26,0.422,2.91,0.434
20.8989,100.6083,"GRANODIORITE [24631]",68.2,131,13.8,54.1,10,1.72,8.04,1.18,6.45,1.22,3.33,0.447,2.78,0.391
20.8989,100.6083,"GRANODIORITE [24631]",43.2,82.1,8.73,34.3,6.72,1.25,5.96,0.935,5.41,1.02,2.68,0.372,2.41,0.351
20.8989,100.6083,"GRANODIORITE [24631]",19.4,37.2,4.3,16.6,3.63,0.923,3.56,0.675,4.77,1.06,3.19,0.546,3.72,0.572
20.8989,100.6083,"GRANODIORITE [24631]",34.6,70.3,7.41,28.6,6.03,1.09,5.46,0.848,5.34,1.12,3.16,0.471,3.09,0.494
40.1544,95.1528,"GRANODIORITE [24640]",28.4,57,6.28,24,4.38,1.11,3.71,0.53,3.1,0.61,1.78,0.26,1.66,0.23
40.1544,95.1528,"GRANODIORITE [24640]",27.4,54.3,5.99,23,4.25,1.06,3.57,0.51,3.01,0.59,1.73,0.25,1.61,0.23
40.94,104.3275,"GRANODIORITE [24645]",12,30,2.9,11,2.2,1,2.2,0.35,1.9,0.35,1,0.15,0.9,0.12
40.9325,104.3311,"GRANODIORITE [24645]",3,6,0.7,3,0.8,0.57,0.8,0.16,1.1,0.21,0.56,0.09,0.53,0.07
40.8486,104.4633,"GRANODIORITE [24645]",32,60,7.2,25,4.3,1.25,4.5,0.62,3.1,0.58,1.82,0.28,1.8,0.26
40.835,104.4728,"GRANODIORITE [24645]",26,48,5.6,20,3.4,0.87,3.3,0.47,2.4,0.44,1.37,0.2,1.32,0.19
40.8061,104.4719,"GRANODIORITE [24645]",17,31,3.8,14,2.8,0.83,2.7,0.42,2.3,0.44,1.35,0.22,1.41,0.2
40.24,-6.76,"GRANODIORITE [24672]",62,135.025,16.275,62.225,10.97,1.26,6.7275,0.885,4.7125,0.79,2.225,0.31225,1.925,0.2885
-26.5,-69,"GRANODIORITE [24690]",15.86,32.31,3.91,15.04,3.06,0.96,3,0.49,3.01,0.62,1.76,0.26,1.68,0.27
-26.5,-69,"GRANODIORITE [24690]",14.38,32.61,4.35,17.78,4.25,1,4.23,0.72,4.58,0.97,2.81,0.44,2.84,0.46
-26.5,-69,"GRANODIORITE [24690]",17.13,37.07,4.73,18.12,3.81,0.92,3.33,0.53,3.21,0.64,1.77,0.26,1.68,0.27
-26.5,-69,"GRANODIORITE [24690]",17.35,37.3,4.67,19.26,4.55,1.4,4.65,0.79,5,1.03,2.91,0.43,2.76,0.45
-26.5,-69,"GRANODIORITE [24690]",6.72,10.9,1.25,4.7,1.01,1.06,1.02,0.17,1.07,0.24,0.74,0.11,0.79,0.13
-26.5,-69,"GRANODIORITE [24690]",8.19,22.6,3.52,15.84,4.2,1.01,4.47,0.75,4.95,1.03,2.95,0.45,2.88,0.48
-26.5,-69,"GRANODIORITE [24690]",15.92,31.82,4.02,15.93,3.36,1.1,3.04,0.47,2.86,0.59,1.67,0.26,1.69,0.27
27.0169,99.0356,"GRANODIORITE [24701]",41.2,95.5,11,43,8.07,1.3,6.96,0.9,4.7,0.84,2.29,0.3,2.03,0.3
62.5,36,"GRANODIORITE [24708]",26.91,45.93,7.18,25.16,4.55,1.21,2.89,0.42,1.81,0.34,0.87,0.11,0.76,0.13
62.5,36,"GRANODIORITE [24708]",33.67,61.27,9.13,31.9,5.5,1.42,3.61,0.41,1.96,0.36,0.95,0.13,0.84,0.13
62.5,36,"GRANODIORITE [24708]",21.4,46.34,5.06,24.28,4.39,1.12,2.8,0.38,1.66,0.26,0.78,0.12,0.71,0.12
62.5,36,"GRANODIORITE [24708]",27.02,76.01,6.28,22.79,4.13,1.16,3.24,0.42,2,0.31,0.92,0.14,0.82,0.11
46.9583333333333,128.851388888889,"GRANODIORITE [24737]",55.0909734995572,114.546426661914,14.6268096383177,56.5875709651257,10.7238362267629,1.39983944230885,9.48544750879552,1.38712315294268,7.52875736683489,1.38903944595002,3.88710999478495,0.528768456147513,3.38096268177963,0.513128765117043
46.9583333333333,128.851388888889,"GRANODIORITE [24737]",43.6627216347873,81.9844972054973,8.91849282707152,32.4789958723742,5.09291654870292,1.40409218304008,3.40237189910991,0.542855145317016,3.41832179985654,0.780677688216378,2.51692871306341,0.382940688576055,2.64611953391909,0.38349332033329
35.20251,126.70211,"GRANODIORITE [24740]",64.9,129,13.6,47.5,8.8,1.28,5.7,0.8,4.5,0.8,2.3,0.29,2,0.32
35.21791,126.70939,"GRANODIORITE [24740]",33.1,122,8.68,34.2,7.4,1.26,6,0.9,5.5,1,2.9,0.47,3.1,0.47
30.15,111.083,"GRANODIORITE [24686]",7.88,14.38,1.83,7.2,1.36,0.938,1.12,0.14,0.83,0.146,0.4,0.06,0.31,0.041
30.15,111.083,"GRANODIORITE [24686]",6.5,11.14,1.36,5.5,1.15,0.909,1.06,0.141,0.8,0.134,0.38,0.06,0.39,0.058
30.15,111.083,"GRANODIORITE [24686]",6.99,13.62,1.86,8.4,1.75,1.067,1.62,0.237,1.24,0.204,0.55,0.08,0.42,0.053
30.15,111.083,"GRANODIORITE [24686]",8.77,18.39,2.55,11.8,2.63,1.306,2.27,0.288,1.7,0.274,0.72,0.1,0.51,0.061
30.15,111.083,"GRANODIORITE [24686]",6.25,9.88,1.15,4.5,0.78,0.854,0.67,0.085,0.46,0.073,0.21,0.02,0.15,0.022
30.15,111.083,"GRANODIORITE [24686]",5.59,8.15,0.9,3.3,0.52,0.742,0.49,0.062,0.32,0.059,0.14,0.02,0.14,0.015
30.15,111.083,"GRANODIORITE [24686]",22.65,44.87,5.01,18.1,2.89,1.025,2.03,0.271,1.41,0.237,0.64,0.11,0.55,0.079
34.3718,79.5227,"GRANODIORITE [24750]",60.09,84.03,8.15,24.79,4.11,0.92,3.06,0.37,1.84,0.34,0.83,0.11,0.69,0.1
34.3718,79.5227,"GRANODIORITE [24750]",68.01,95.26,9.21,29.25,4.45,0.95,3.4,0.4,1.93,0.31,0.8,0.11,0.71,0.11
34.3718,79.5227,"GRANODIORITE [24750]",60.46,86.69,8.35,26.52,4.03,0.93,3.1,0.36,1.6,0.29,0.74,0.11,0.71,0.1
34.5113,80.3986,"GRANODIORITE [24750]",73.87,119.24,12.65,43.47,6.45,1.4,5.11,0.64,3.1,0.61,1.57,0.23,1.52,0.22
34.5113,80.3986,"GRANODIORITE [24750]",67.73,115.39,11.45,39.29,6.06,1.21,4.73,0.61,2.97,0.57,1.52,0.23,1.44,0.21
32,119.3,"GRANODIORITE [24766]",42.5,65.2,6.36,21.6,3.37,1.15,2.9,0.4,1.98,0.39,1.03,0.14,0.96,0.15
32,119.3,"GRANODIORITE [24766]",47.4,74.2,7.25,24.5,3.96,1.32,3.34,0.45,2.33,0.45,1.21,0.17,1.12,0.18
32,119.3,"GRANODIORITE [24766]",38.8,63.4,6.35,22.4,3.8,1.26,3.12,0.43,2.29,0.43,1.16,0.17,1.06,0.17
32,119.3,"GRANODIORITE [24766]",44.2,69.8,6.85,23.2,3.77,1.28,3.07,0.42,2.11,0.41,1.09,0.16,0.95,0.15
32,119.3,"GRANODIORITE [24766]",41.4,69.3,6.88,23.8,3.92,1.16,3.03,0.41,2.15,0.41,1.12,0.17,1.02,0.15
42.2148,112.119,"GRANODIORITE [24790]",29.2,51.9,5.99,21.7,3.83,1.29,3.54,0.5,2.9,0.53,1.71,0.22,1.65,0.26
42.2148,112.119,"GRANODIORITE [24790]",27.9,52.8,5.88,21.9,3.8,1.27,3.22,0.47,2.88,0.61,1.57,0.21,1.21,0.27
42.0369,112.075,"GRANODIORITE [24790]",25,43.5,5.14,19.6,3.66,1.41,3.46,0.59,3.15,0.63,1.48,0.26,1.3,0.21
25,99,"GRANODIORITE [24848]",28.58,55.72,6.11,23.66,4.65,1.45,4.09,0.59,3.22,0.62,1.67,0.25,1.43,0.23
25,99,"GRANODIORITE [24848]",32.13,60.85,6.59,24.6,4.7,1.43,3.78,0.56,3.14,0.6,1.68,0.24,1.46,0.21
25,99,"GRANODIORITE [24848]",44.61,86.72,9.79,37.24,7.78,1.52,6.78,1.06,6.34,1.32,3.63,0.46,3.05,0.46
25,99,"GRANODIORITE [24848]",45.8,90.49,10.08,36.61,7.17,1.43,6.12,1.03,6.38,1.3,3.75,0.56,3.96,0.6
25,99,"GRANODIORITE [24848]",36.57,70.35,8.2,30.54,6.67,1.44,6.06,0.96,6.21,1.17,3.55,0.5,3.24,0.48
25,99,"GRANODIORITE [24848]",53.95,97.14,9.92,35.2,6,1.33,4.77,0.72,4.34,0.83,2.35,0.31,2.15,0.31
25,99,"GRANODIORITE [24848]",52.48,95.25,10.22,36.05,6.67,1.29,5.69,0.94,5.55,1.13,3.18,0.47,3.15,0.47
25,99,"GRANODIORITE [24848]",29.2,59.94,7.3,28.05,6.76,1.26,6.36,1.17,7.42,1.52,4.31,0.6,3.89,0.59
25,99,"GRANODIORITE [24848]",30.93,62.5,7.04,25.83,4.99,1.29,4.17,0.68,4.11,0.8,2.32,0.32,2.26,0.37
25,99,"GRANODIORITE [24848]",52.19,93.04,9.6,33.5,5.7,1.36,4.75,0.69,3.79,0.71,2,0.26,1.62,0.25
25,99,"GRANODIORITE [24848]",46.05,86.54,9.1,31.75,6.05,1.31,4.91,0.78,4.5,0.89,2.48,0.33,2.33,0.33
40,124,"GRANODIORITE [24872]",35.14,66.6,7.51,25.18,3.96,0.98,3.29,0.45,2.42,0.51,1.44,0.23,1.43,0.24
40,124,"GRANODIORITE [24872]",42.48,82.57,9.19,31.38,5.19,1.11,4.37,0.61,3.34,0.67,1.91,0.29,1.76,0.28
40,124,"GRANODIORITE [24872]",42.37,78.43,8.84,29.91,4.88,1.06,4.05,0.55,3.01,0.62,1.81,0.27,1.71,0.27
40,124,"GRANODIORITE [24872]",47.31,87.58,9.75,32.83,5.22,1.13,4.3,0.59,3.19,0.64,1.85,0.27,1.73,0.27
38.61221,74.78722,"GRANODIORITE [24878]",7.07,16.4,2.36,11.2,3.43,1.05,3.53,0.64,3.84,0.81,2.28,0.34,2.24,0.37
38.61316,74.78815,"GRANODIORITE [24878]",28.1,57.6,6.67,25.8,5.55,1.1,5.17,0.8,4.62,0.98,2.71,0.41,2.67,0.41
38.61384,74.78881,"GRANODIORITE [24878]",13.1,30.7,3.9,16.9,4.93,1.07,4.96,0.85,5.25,1.07,3.06,0.46,2.99,0.47
38.61453,74.789,"GRANODIORITE [24878]",28.5,59.7,6.37,23.1,5.02,1.08,4.74,0.76,4.43,0.93,2.53,0.36,2.35,0.37
38.62023,74.7971,"GRANODIORITE [24878]",42.8,89.2,9.98,36.6,7.62,1.05,6.85,1.08,6.27,1.35,3.77,0.57,3.86,0.61
38.64446,74.83703,"GRANODIORITE [24878]",16.5,36.4,4.44,17.6,4.62,1.14,4.91,0.9,5.93,1.26,3.5,0.51,3.11,0.46
38.63445,74.83809,"GRANODIORITE [24878]",21.3,44.2,5,19.1,3.96,1.07,3.94,0.65,3.87,0.8,2.19,0.31,1.92,0.29
38.64444,74.83996,"GRANODIORITE [24878]",33.2,67.8,7.64,27.8,5.7,1.11,5.43,0.86,4.95,0.97,2.42,0.31,1.78,0.25
46.4357,130.5071,"GRANODIORITE [24885]",57.8,105,11.2,39.3,6.31,1.38,5.52,0.874,3.68,0.756,2.11,0.356,1.91,0.245
46.4357,130.5071,"GRANODIORITE [24885]",67.8,121,12.8,45.3,6.84,1.41,5.63,0.933,4.21,0.806,2.22,0.359,2.17,0.274
46.4357,130.5071,"GRANODIORITE [24885]",54.4,101,10.4,37.2,5.93,1.2,5.12,0.815,3.78,0.785,2.19,0.285,2.12,0.262
46.4357,130.5071,"GRANODIORITE [24885]",67.8,123,12.6,43.1,6.18,1.31,5.99,0.936,3.59,0.698,1.87,0.305,2.16,0.25
52.88955,132.633983333333,"GRANODIORITE [24887]",23.7,48.6,5.18,18.5,3.37,0.67,2.86,0.39,2.3,0.46,1.39,0.19,1.25,0.2
53.1191833333333,133.121766666667,"GRANODIORITE [24887]",14.1,32.4,3.35,12,2.13,0.5,2.06,0.31,1.95,0.38,1.12,0.17,1.2,0.16
53.1191833333333,133.121766666667,"GRANODIORITE [24887]",25.4,47.1,5.25,19,3.36,0.75,2.81,0.37,2.19,0.4,1.08,0.17,1.11,0.15
53.0546833333333,132.266683333333,"GRANODIORITE [24887]",36.59,60.31,7.36,26.18,4.77,0.98,4.59,0.76,4.16,0.87,2.59,0.44,2.4,0.37
53.0546833333333,132.266683333333,"GRANODIORITE [24887]",36.8878237177873,61.5037064554756,7.94100476111507,29.3781958993037,5.06086048229946,1.12239543923738,5.03834469933582,0.823812732101428,4.7898681824328,1.01439106353834,2.75805660819409,0.275330300139538,2.76926704758471,0.427332587442407
42.9061,86.9014,"GRANODIORITE [24909]",36.8,64.3,6.41,20.9,3.39,0.925682854758296,2.99261523171879,0.429116832849309,2.45,0.5,1.32,0.198,1.31,0.212
42.9061,86.9014,"GRANODIORITE [24909]",36.3,65.4,6.62,22.3,3.98,0.991936611098943,3.23756055483401,0.522790985550302,2.81,0.552,1.52,0.231,1.45,0.241
42.9061,86.9014,"GRANODIORITE [24909]",37.4,67.1,6.97,24,4.23,1.08561946838578,3.37110062827585,0.532604468214215,2.9,0.606,1.59,0.225,1.3,0.192
42.9061,86.9014,"GRANODIORITE [24909]",29.9,53.9,5.48,18.5,3.22,0.917807918895647,2.74140641977956,0.399676384857569,2.42,0.495,1.36,0.193,1.25,0.198
42.9061,86.9014,"GRANODIORITE [24909]",43.1,76.5,7.35,24.1,4.22688479024916,1.04009254919641,3.29640649105871,0.508,2.24,0.505,1.34,0.193,1.21,0.194
42.9061,86.9014,"GRANODIORITE [24909]",35.5,62,6.15,20.9,3.9847195158078,1.09129618664843,3.26457786012121,0.484,2.27,0.522,1.36,0.205,1.26,0.216
42.8692,86.9017,"GRANODIORITE [24909]",63.5,114,12.9,43.3,6.76,1.67372136376632,5.0849934501006,0.740471873731656,3.88,0.772,2.21,0.312,2.04,0.302
42.8692,86.9017,"GRANODIORITE [24909]",62.7,118,14.1,49.2,8.15,1.88591051303961,6.19600499348483,0.909977483381072,4.89,1.01,2.79,0.392,2.51,0.394
42.8692,86.9017,"GRANODIORITE [24909]",62.1,110,12.6,42,6.58,1.65014439993765,4.74565872422672,0.687835921261575,3.52,0.74,2.12,0.296,1.85,0.3
42.8692,86.9017,"GRANODIORITE [24909]",39.3,73.9,8.18,28.7,4.73,1.41569292751811,3.62595943727618,0.561152781418328,2.86,0.628,1.71,0.253,1.55,0.249
42.8692,86.9017,"GRANODIORITE [24909]",46,88.5,9.58,34,5.81196658659259,1.67105961859534,4.98079957481945,0.688,3.06,0.643,1.84,0.262,1.49,0.255
42.8692,86.9017,"GRANODIORITE [24909]",58.5,104,11.1,37.4,5.98808678618631,1.58934275516548,4.17988598326968,0.633,2.75,0.589,1.75,0.236,1.47,0.265
36.5,126.5,"GRANODIORITE [24910]",40.8,84.9,7.4,25.8,4.8,1.4,4.2,0.6,3.4,0.7,1.9,0.3,1.9,0.3
36.5,126.5,"GRANODIORITE [24910]",12.8,24.2,3.2,12.9,2.3,0.7,2.3,0.3,1.9,0.4,1.2,0.2,1.2,0.2
36.468744,126.66077,"GRANODIORITE [24910]",37.9,67.1,7.4,27.3,5,1.3,3.4,0.5,2.8,0.5,1.6,0.2,1.5,0.2
36.5,126.5,"GRANODIORITE [24910]",30.8,66.5,8.1,33.7,7.1,1.5,5.5,0.8,3.8,0.7,1.7,0.2,1.3,0.2
36.5,126.5,"GRANODIORITE [24910]",30.2,60.3,6.6,25.9,4.7,1.5,3.7,0.5,2.8,0.6,1.5,0.2,1.5,0.2
36.5,126.5,"GRANODIORITE [24910]",21.1,39.5,4.2,15.9,2.8,1,2.2,0.3,1.6,0.3,0.8,0.1,0.7,0.1
36.5,126.5,"GRANODIORITE [24910]",32,63.3,7.2,27.6,5.4,1.3,4.3,0.7,3.7,0.7,1.9,0.3,1.8,0.3
-41,148,"GRANODIORITE [24911]",38.5,81,9.21,33.2,6.89,0.87,6.62,1.11,6.49,1.46,4.05,0.61,3.83,0.56
-41,148,"GRANODIORITE [24911]",34,84.9,9.07,34,6.49,0.71,5.48,0.91,5.26,1.1,3.21,0.49,3.37,0.51
-41,148,"GRANODIORITE [24911]",38.5,83.1,9.42,36.7,6.91,1.28,6.36,1.04,6.14,1.33,3.72,0.59,3.51,0.52
-41,148,"GRANODIORITE [24911]",19.3,36.6,4.37,16.7,4.01,1.03,5.1,1.11,7.27,1.62,4.97,0.76,4.71,0.7
-41,148,"GRANODIORITE [24911]",97.8,213,23.3,86.7,16.04,0.75,14.31,2.08,10.9,2.09,5.75,0.84,4.9,0.71
43.1029,83.9701,"GRANODIORITE [24913]",27.6404968937686,35.6060226220892,3.82550743390845,13.3934129869678,2.27585875043453,0.478467552409586,2.38005934080481,0.338346295384664,1.86645619854305,0.361661369426641,1.1146791393285,0.158499426999296,1.07838030138635,0.17198965921678
43.1029,83.9701,"GRANODIORITE [24913]",46.6500425763251,88.7682154087746,9.84014814174858,34.5828627374319,6.76185399653582,0.680634477353813,6.38322671934823,0.923688734391071,4.67450987018483,0.854080456005012,2.54424351880964,0.350570886541044,2.31406666209967,0.369862372006018
46.659,85.6167,"GRANODIORITE [24915]",21.4,39.8,4.51,16.8,3.38,0.84,2.88,0.46,2.58,0.56,1.71,0.25,1.75,0.29
46.659,85.6167,"GRANODIORITE [24915]",21.4,40.4,4.57,16.9,3.26,0.87,2.93,0.45,2.63,0.53,1.6,0.25,1.77,0.28
46.659,85.6167,"GRANODIORITE [24915]",19.6,36.3,4.14,15.8,2.87,0.8,2.47,0.39,2.25,0.47,1.42,0.21,1.53,0.27
46.659,85.6167,"GRANODIORITE [24915]",21.9,40.1,4.54,16.9,3.2,0.84,2.69,0.43,2.48,0.54,1.55,0.25,1.73,0.29
46.7066,85.1152,"GRANODIORITE [24915]",17.99,36.14,4.226,15.41,2.951,0.783,2.671,0.395,2.395,0.515,1.515,0.237,1.651,0.272
46.7066,85.1152,"GRANODIORITE [24915]",19.11,37.85,4.415,16.07,3.065,0.781,2.769,0.414,2.441,0.527,1.514,0.236,1.618,0.262
46.7066,85.1152,"GRANODIORITE [24915]",18.54,35.92,4.145,14.94,2.813,0.737,2.572,0.381,2.268,0.496,1.44,0.222,1.56,0.252
46.7066,85.1152,"GRANODIORITE [24915]",19.25,38.02,4.452,16.29,3.099,0.772,2.781,0.417,2.506,0.536,1.565,0.247,1.721,0.285
46.7066,85.1152,"GRANODIORITE [24915]",19.69,37.16,4.251,15.19,2.9,0.757,2.666,0.39,2.298,0.501,1.463,0.228,1.592,0.267
30.5,83,"GRANODIORITE [24917]",28.63,63.09,7.46,30.49,4.96,1.4,3.2,0.37,2.02,0.37,1.11,0.15,0.87,0.14
30.5,83,"GRANODIORITE [24917]",31.25,64.76,8.09,33.15,5.39,1.33,3.7,0.43,2.64,0.52,1.44,0.2,1.19,0.18
30.5,83,"GRANODIORITE [24917]",29.35,56.4,7.09,28.86,4.69,1.3,3.22,0.37,2.1,0.39,1.15,0.15,0.89,0.14
30.5,83,"GRANODIORITE [24917]",30.13,61.04,7.76,31.06,5.19,1.34,3.39,0.39,2.44,0.43,1.17,0.16,0.99,0.15
30.5,83,"GRANODIORITE [24917]",30.26,67.55,7.79,31.49,5.78,1.49,3.48,0.38,2.15,0.43,1.15,0.17,0.99,0.16
32.8958,84.0798,"GRANODIORITE [24918]",39.36,85.45,9.31,36.74,6.94,1.91,5.16,0.58,2.54,0.37,0.85,0.1,0.59,0.08
-10,-55,"GRANODIORITE [24936]",26.3,54.7,6.34,23.7,3.89,0.99,3.56,0.48,2.35,0.45,1.35,0.18,1.13,0.17
-10,-55,"GRANODIORITE [24936]",33.3,62.7,6.61,22,3.35,0.93,2.7,0.38,2,0.34,1.08,0.16,1.03,0.14
-10,-55,"GRANODIORITE [24936]",50.5,81.7,10.1,32.1,5.05,1.27,4.83,0.66,3.37,0.69,1.8,0.3,1.99,0.25
-10,-55,"GRANODIORITE [24936]",38.7,78.8,8.07,27.5,4.7,0.86,3.59,0.49,2.49,0.47,1.62,0.23,1.53,0.23
-10,-55,"GRANODIORITE [24936]",37.8,61.4,6.35,23.6,3.75,0.96,3.23,0.42,2.09,0.42,1.13,0.17,1.16,0.16
-10,-55,"GRANODIORITE [24936]",35.5,67.9,6.76,23.3,3.83,0.76,2.73,0.37,2.3,0.4,1.2,0.19,1.27,0.19
-10,-55,"GRANODIORITE [24936]",35.1,68.5,7.27,26.2,4.53,0.8,3.06,0.44,2.59,0.5,1.37,0.22,1.44,0.2
30.3628,119.2089,"GRANODIORITE [24939]",30.1,58.4,6.58,25.5,5.09,1.33,4.45,0.59,2.77,0.47,1.09,0.15,0.94,0.15
30.3628,119.2089,"GRANODIORITE [24939]",20.7,47.3,5.88,24.3,5.61,1.31,4.71,0.61,3.01,0.5,1.19,0.16,0.9,0.13
30.3628,119.2089,"GRANODIORITE [24939]",27.3,58.2,6.98,27.9,5.78,1.42,4.89,0.62,2.97,0.47,1.16,0.15,0.87,0.13
30.3628,119.2089,"GRANODIORITE [24939]",23.5,47.6,5.58,21.6,4.71,1.33,3.75,0.55,2.69,0.48,1.18,0.15,0.93,0.14
30.3628,119.2089,"GRANODIORITE [24939]",38.8,73.7,7.98,28.6,5.54,1.37,4.51,0.6,2.8,0.43,1.05,0.14,0.79,0.12
29.2,92.2,"GRANODIORITE [24966]",37.4,66.9,6.82,23,3.5,0.73,2.82,0.39,2.18,0.44,1.2,0.17,1.23,0.19
29.3,91.8,"GRANODIORITE [24970]",27.3,51.8,5.85,21.5,3.32,0.85,2.06,0.3,1.51,0.28,0.75,0.11,0.74,0.12
29.3,91.8,"GRANODIORITE [24970]",26.7,51.3,5.66,20.6,3.12,0.82,1.96,0.28,1.4,0.27,0.74,0.11,0.76,0.12
29.3,91.8,"GRANODIORITE [24970]",24.7,46.5,5.39,19.9,3.22,0.83,2.22,0.3,1.6,0.31,0.81,0.11,0.77,0.13
29.3,91.8,"GRANODIORITE [24970]",24.9,49.5,5.67,21.2,3.44,0.87,2.47,0.34,1.73,0.33,0.88,0.13,0.84,0.14
29.3,91.8,"GRANODIORITE [24970]",25.8,49,5.69,20.5,3.34,0.88,2.26,0.32,1.65,0.32,0.84,0.12,0.79,0.13
43.9,129,"GRANODIORITE, BIOTITE [24991]",26.6,57.8,5.7,21.6,3.8,1,2.3,0.3,1.5,0.3,0.7,0.1,0.6,0.1
43.9,129,"GRANODIORITE, BIOTITE [24991]",20.7,40.3,4.3,16.4,2.7,0.5,1.8,0.2,1,0.2,0.5,0.1,0.5,0.1
29.3588333333333,88.5196666666667,"GRANODIORITE [24996]",31.9873311157677,61.8490716638642,6.81606419389116,4.82031974463567,4.82031974463567,0.952093143900818,3.92686887926543,0.616478905354774,3.7825273924101,0.763612045922059,2.21152107578517,0.344693247312656,2.40615251416736,0.342637482905845
29.3575,88.5433333333333,"GRANODIORITE [24996]",29.5710748325265,56.4942067272076,6.43815053349616,23.9476822205045,4.61671297207496,0.938062592842233,3.95839045076795,0.625954307468408,3.81293680900909,0.768493834887048,2.25901646617242,0.341726176157839,2.34911709293112,0.339510789724795
29.3576666666667,88.5583333333333,"GRANODIORITE [24996]",31.8132307892434,63.2229741212289,7.06256897467429,26.2103298871284,4.93500646718292,0.91340263266159,4.14839541337115,0.688432728070247,4.15506006507813,0.868128646071819,2.48875891106403,0.388354049164898,2.61522045127532,0.377060500939132
29.4085,88.571,"GRANODIORITE [24996]",27.5601167439519,57.3621558051747,6.56947198639247,4.95337331650453,4.95337331650453,0.957248898954598,4.33114652900848,0.683695040588762,4.05137261594626,0.813696095070791,2.32982683899966,0.344055838053203,2.40334082989035,0.351765924668533
29.3756666666667,88.558,"GRANODIORITE [24996]",30.6812880493385,61.2876139348471,6.82849733245983,24.4476369768857,4.72398065364787,0.976823116726378,4.12076087012541,0.646633616744191,4.11809655264016,0.785047147224933,2.35483992029962,0.354000179340339,2.507486325627,0.36609567087312
29.4043333333333,88.5556666666667,"GRANODIORITE [24996]",27.858239832026,58.067172124449,6.61007980001437,25.1283410034767,5.14808728661488,0.966230555636224,4.44877033192869,0.670852850741291,4.18450111913016,0.831214203819217,2.31352719248391,0.344578725843342,2.40792877417354,0.354440968126167
41.73,94.22,"GRANODIORITE [24997]",27,48.2,5.86,23.2,4.39,0.93,3.5,0.58,2.96,0.63,1.76,0.36,1.87,0.25
41.73,94.22,"GRANODIORITE [24997]",47.3,102,10.1,39,6.7,1.31,5.35,0.92,4.54,0.95,2.82,0.51,3.23,0.44
41.73,94.22,"GRANODIORITE [24997]",33.2,65.6,7.95,29,5.46,1.06,4.93,0.71,3.86,0.76,2.4,0.44,2.43,0.36
41.73,94.22,"GRANODIORITE [24997]",37.3,71.1,8.08,30.3,5.26,1.09,3.93,0.7,3.64,0.72,2.04,0.36,2.2,0.29
4.5,10.8,"GRANODIORITE [25011]",34.3,61.3,6.54,22.7,3.88,0.82,2.49,0.3,1.77,0.31,0.87,0.12,0.81,0.11
4.5,10.8,"GRANODIORITE [25011]",47.3,95.6,9.2,29.7,4.4,0.9,3.2,0.4,2.5,0.5,1.3,0.2,1.3,0.2
4.5,10.8,"GRANODIORITE [25011]",19.4,37.5,3.99,14.1,2.39,1.07,1.93,0.28,1.51,0.29,0.88,0.15,1.01,0.17
4.5,10.8,"GRANODIORITE [25011]",35.1,74.3,9,35.7,7.3,2,5.7,0.8,4.5,0.9,2.2,0.3,2.1,0.3
42.9469,95.8397,"GRANODIORITE [25012]",18.53,35.66,4.47,16.75,3.22,1.18,3.02,0.49,2.65,0.51,1.55,0.23,1.52,0.24
42.9469,95.8397,"GRANODIORITE [25012]",15.56,29.63,3.61,13.5,2.6,1.04,2.47,0.39,2.09,0.4,1.23,0.18,1.23,0.19
42.3625,91.9233,"GRANODIORITE [25012]",18.1,33,3.95,14.1,2.65,0.86,2.19,0.34,1.83,0.34,0.99,0.15,1.01,0.16
42.3625,91.9233,"GRANODIORITE [25012]",19.8,37.1,4.69,17.4,3.32,0.94,2.71,0.42,2.31,0.42,1.25,0.18,1.21,0.18
42.4256,92.8983,"GRANODIORITE [25012]",5.87,13.91,2.03,9.61,2.3,0.83,2.05,0.32,1.77,0.35,1.02,0.13,0.91,0.13
42.4256,92.8983,"GRANODIORITE [25012]",6.51,15.61,2.23,10.59,2.34,0.92,2.23,0.34,1.84,0.35,1.07,0.14,0.96,0.14
42.4256,92.8983,"GRANODIORITE [25012]",6.42,15.56,2.15,10.21,2.4,0.98,2.16,0.34,1.86,0.36,1.08,0.13,0.95,0.14
42.4256,92.8983,"GRANODIORITE [25012]",5.94,13.57,2.05,9.71,2.22,0.89,2.12,0.33,1.83,0.36,1.05,0.14,0.92,0.14
42.4256,92.8983,"GRANODIORITE [25012]",6.58,15.27,2.25,10.65,2.38,0.85,2.14,0.32,1.79,0.34,1,0.14,0.93,0.13
42.4256,92.8983,"GRANODIORITE [25012]",5.95,13.34,1.95,9.11,1.99,0.94,1.95,0.29,1.57,0.3,0.86,0.12,0.82,0.12
42.4256,92.8983,"GRANODIORITE [25012]",6.04,14.26,1.95,9.41,2.11,0.91,1.9,0.28,1.48,0.29,0.87,0.11,0.78,0.11
42.4256,92.8983,"GRANODIORITE [25012]",6.4,14.46,2.09,9.9,2.23,0.94,2.1,0.31,1.69,0.32,0.97,0.13,0.86,0.13
42.4256,92.8983,"GRANODIORITE [25012]",6.09,14.48,2,9.49,2.1,0.94,1.97,0.29,1.57,0.3,0.91,0.11,0.77,0.11
42.4256,92.8983,"GRANODIORITE [25012]",5.61,12.6,1.83,8.55,1.95,0.85,1.83,0.26,1.44,0.26,0.86,0.11,0.71,0.1
42.4256,92.8983,"GRANODIORITE [25012]",5.77,12.86,1.91,8.98,1.93,0.84,1.76,0.27,1.45,0.26,0.76,0.1,0.68,0.1
42.4256,92.8983,"GRANODIORITE [25012]",5.59,12.39,1.83,8.72,1.96,0.81,1.78,0.27,1.4,0.27,0.76,0.1,0.65,0.09
42.1925,91.7175,"GRANODIORITE [25012]",10.92,22.06,3.22,13.87,3.03,1.15,2.58,0.46,2.57,0.5,1.51,0.22,1.5,0.23
42.1925,91.7175,"GRANODIORITE [25012]",8.93,18.76,2.19,8.64,1.63,1.05,1.53,0.23,1.28,0.25,0.89,0.13,0.9,0.16
47.2314,18.5831,"GRANODIORITE, BIOTITE [25013]",53.98,109.87,13.14,48.79,9.42,0.87,7.86,1.21,7.68,1.5,4.33,0.63,4.03,0.62
33.2,-81.5,"GRANODIORITE [7957]",25.8,63.7,8.6,32.6,7.6,1.77,7.2,1.25,6.9,1.34,4,0.57,3.1,0.48
33.2,-81.5,"GRANODIORITE [7957]",29.8,69.4,8.6,34.2,9,2.54,7.9,1.48,8,1.8,4.6,0.68,3.6,0.59
33.2,-81.5,"GRANODIORITE [7957]",22.2,51.1,5.8,22.7,5.4,1.3,5.5,1.19,6.4,1.52,4.2,0.66,3.4,0.58
33.2,-81.5,"GRANODIORITE [7957]",11.3,28.3,3.9,15.1,4.3,1.05,3.6,0.62,3.4,0.69,2.2,0.36,1.7,0.31
40.7,39.7,"GRANODIORITE [25022]",44.5,85.5,8.71,23,5.96,1.28,4.58,0.81,4.81,0.95,2.43,0.4,2.58,0.41
40.7,39.3,"GRANODIORITE [25022]",42.7,77.5,7.58,24.2,4.34,0.91,3.83,0.66,3.65,0.8,2.42,0.38,2.35,0.43
25.7264,116.9589,"GRANODIORITE [25036]",39.1,87.3,10.3,39.3,5.8,1.27,3.49,0.44,2.35,0.46,1.31,0.21,1.41,0.23
25.7264,116.9589,"GRANODIORITE [25036]",37.6,68.4,7.35,28,4.71,1.2,3.6,0.43,2.86,0.59,1.67,0.25,1.53,0.28
25.7264,116.9589,"GRANODIORITE [25036]",22.7,45.4,5.31,21.7,4.07,1.06,3.16,0.4,2.6,0.54,1.54,0.23,1.46,0.26
25.7264,116.9589,"GRANODIORITE [25036]",45.2,81.6,8.69,29.7,4.61,1.09,3.36,0.47,2.74,0.54,1.64,0.23,1.64,0.24
25.7281,116.9589,"GRANODIORITE [25036]",34.2,64.5,6.97,25.8,4.36,1.21,3.27,0.4,2.47,0.5,1.4,0.2,1.31,0.21
25.7281,116.9589,"GRANODIORITE [25036]",34.8,64.2,7.23,26.5,4.4,1.12,3.09,0.39,2.15,0.47,1.24,0.17,1.29,0.2
25.7281,116.9589,"GRANODIORITE [25036]",38.3,72.2,7.3,27,4.54,1.24,3.5,0.42,2.65,0.51,1.49,0.21,1.32,0.22
25.7281,116.9589,"GRANODIORITE [25036]",30.1,56.6,6.26,22.6,3.92,1.11,3.12,0.37,2.49,0.51,1.39,0.19,1.3,0.21
25.7281,116.9589,"GRANODIORITE [25036]",33.5,65,7.09,26.9,4.56,1.36,3.39,0.41,2.6,0.53,1.49,0.21,1.32,0.22
36,100,"GRANODIORITE [25042]",22.32,40.14,4.33,15.48,3.01,0.76,2.63,0.43,2.77,0.59,1.69,0.26,1.8,0.31
36,100,"GRANODIORITE [25042]",56.18,105.68,11.99,41.4,7.28,1.38,5.6,0.84,4.81,0.92,2.36,0.33,1.97,0.3
36,100,"GRANODIORITE [25042]",35.99,69.59,7.72,26.92,5.25,1.14,4.25,0.66,3.85,0.77,2.2,0.32,2.03,0.31
36,100,"GRANODIORITE [25042]",63.14,114.33,11.87,39.25,5.66,1.57,3.36,0.41,1.91,0.36,0.92,0.14,1,0.18
36,100,"GRANODIORITE [25042]",57.67,114.14,12.97,46.49,9.22,1.29,7.18,1.08,5.88,1.09,2.74,0.36,2.2,0.32
36,100,"GRANODIORITE [25042]",33.35,62.32,6.92,24.65,4.53,1.18,3.48,0.5,2.74,0.52,1.32,0.19,1.19,0.19
36,100,"GRANODIORITE [25042]",26.6,54.4,6.07,22.02,4.01,1.17,3.32,0.48,2.54,0.51,1.36,0.2,1.31,0.19
36,100,"GRANODIORITE [25042]",33.02,64.27,7.19,26.2,5.39,1.45,4.45,0.73,4.46,0.88,2.32,0.35,2.16,0.33
36,100,"GRANODIORITE [25042]",37.59,67.38,6.81,22.58,3.73,1.1,2.73,0.36,1.99,0.37,0.93,0.13,0.86,0.13
36,100,"GRANODIORITE [25042]",6.89,15.78,2.12,9.15,2.49,0.94,2.59,0.43,2.57,0.51,1.37,0.21,1.32,0.22
34.9119,110.9339,"GRANODIORITE [25043]",52.9,89.6,9.97,36.6,6.07,1.65,4.88,0.61,3.08,0.57,1.6,0.23,1.52,0.24
34.9119,110.9339,"GRANODIORITE [25043]",49.7,82.9,8.89,31.8,5.21,1.46,4.1,0.52,2.61,0.5,1.38,0.2,1.28,0.21
34.9119,110.9339,"GRANODIORITE [25043]",44.2,75.7,8.28,30.8,4.96,1.52,4.02,0.5,2.56,0.46,1.31,0.19,1.24,0.19
34.9119,110.9339,"GRANODIORITE [25043]",53,91.6,9.97,36.7,5.59,1.76,4.19,0.47,2.01,0.33,0.85,0.12,0.67,0.11
49.9839,119.1339,"GRANODIORITE [25048]",20.2,41.3,4.62,17.5,3.18,0.93,2.51,0.35,2.02,0.36,1.01,0.14,0.88,0.14
49.9839,119.1339,"GRANODIORITE [25048]",22,45.4,5.19,20.3,3.72,0.98,2.86,0.41,2.21,0.41,1.13,0.16,1.03,0.15
49.9839,119.1339,"GRANODIORITE [25048]",29.5,59.9,6.56,24.6,4.26,1.06,3.14,0.43,2.3,0.41,1.14,0.18,1.1,0.15
51.5786,121.7508,"GRANODIORITE [25048]",41.6,75,7.02,22.9,3.03,1.09,1.89,0.26,1.42,0.27,0.78,0.13,0.85,0.14
51.5786,121.7508,"GRANODIORITE [25048]",51.8,92.9,8.94,28.2,3.71,1.23,2.35,0.33,1.79,0.35,1,0.16,1.13,0.18
51.5786,121.7508,"GRANODIORITE [25048]",45.1,82,7.91,26,3.77,1.21,2.52,0.34,1.88,0.37,1.09,0.16,1.25,0.19
51.5786,121.7508,"GRANODIORITE [25048]",41.1,72.5,7.12,24.2,3.28,1.17,2.22,0.33,1.82,0.39,1.18,0.18,1.34,0.21
51.3117,120.9661,"GRANODIORITE [25048]",60.4,111,10.8,36.6,5.32,1.41,3.81,0.47,2.48,0.49,1.31,0.19,1.32,0.23
33.4447,106.3433,"GRANODIORITE [25054]",48,99,10.9,43,7.28,1.62,7.14,0.76,3.59,0.65,1.96,0.25,1.67,0.25
33.4447,106.3433,"GRANODIORITE [25054]",43,85,8.11,29,4.12,1.54,4.46,0.38,1.43,0.22,0.64,0.07,0.44,0.07
33.4311,106.3325,"GRANODIORITE [25054]",39,82,7.77,29,5.31,1.76,5.78,0.69,3.61,0.68,2.01,0.26,1.74,0.25
33.5231,106.2303,"GRANODIORITE [25054]",17,34,4.25,17,3.67,1.32,3.66,0.55,2.8,0.59,1.62,0.24,1.74,0.26
33.5039,106.2128,"GRANODIORITE [25054]",22,43,5.14,20,3.88,1.16,3.91,0.56,2.93,0.6,1.74,0.27,1.96,0.3
33.5017,106.21,"GRANODIORITE [25054]",18,35,4.36,17,3.77,1.35,3.88,0.58,3.05,0.6,1.63,0.23,1.57,0.22
33.4997,106.2075,"GRANODIORITE [25054]",19,37,4.49,17,3.47,1.37,3.5,0.48,2.44,0.48,1.38,0.19,1.29,0.18
33.4644,106.1797,"GRANODIORITE [25054]",31,60,7,26,4.44,1.38,4.3,0.52,2.31,0.43,1.12,0.15,1.02,0.14
33.4644,106.1797,"GRANODIORITE [25054]",21,44,5.46,21,3.8,1.1,3.81,0.51,2.54,0.5,1.35,0.19,1.31,0.2
33.4558,106.1767,"GRANODIORITE [25054]",41,80,9.31,35,5.98,1.77,5.79,0.69,2.98,0.54,1.45,0.18,1.16,0.16
33.3131,106.6378,"GRANODIORITE [25054]",49,98,11.31,46,8.58,2.45,8.28,0.79,2.93,0.38,0.97,0.09,0.58,0.07
33.2503,106.6203,"GRANODIORITE [25054]",18,33,3.48,13,2.21,1.12,2.46,0.27,1.37,0.25,0.8,0.1,0.79,0.11
33.5406,106.9153,"GRANODIORITE [25054]",37,72,8.19,30,4.87,1.3,4.83,0.57,2.6,0.51,1.36,0.18,1.23,0.18
29.67,34.95,"SYENITE, QUARTZ [11396] / GRANODIORITE [11237]",38,95,11,47.1,9.7,3.7,7.9,1.1,6.1,1.4,3.7,0.6,4,0.6
29.67,34.95,"SYENITE, QUARTZ [11396] / GRANODIORITE [11237]",39,94,10.7,47.9,9.9,3.1,7,1.1,6.2,1.3,3.8,0.5,3.8,0.6
43.8,117.5,"GRANODIORITE [25056]",28.4,54.3,7.8,30.3,7.06,1.19,7.75,1.64,10.8,2.26,6.88,0.99,6.63,1.04
43.8,117.5,"GRANODIORITE [25056]",22.8,50,6.9,28.5,6.83,0.83,6.5,1.3,7.97,1.7,4.82,0.78,4.95,0.89
43.8,117.5,"GRANODIORITE [25056]",26.8,55.4,7.6,30.9,6.97,0.84,7.17,1.6,8.91,1.79,5.48,0.8,5.69,0.94
43.8,117.5,"GRANODIORITE [25056]",35.4,80.5,9.4,38.5,8.41,0.86,8.67,1.59,10.8,2.17,6.69,0.94,6.82,0.97
43.8,117.5,"GRANODIORITE [25056]",25.3,64.1,7.4,31.1,6.74,0.76,6.19,1.3,8.53,1.64,5.35,0.79,5.61,0.81
43.8,117.5,"GRANODIORITE [25056]",23.7,49.5,6.5,26.9,5.89,0.67,5.44,1.07,7.45,1.66,4.92,0.79,5.77,0.85
43.8,117.5,"GRANODIORITE [25056]",38.2,78.4,9.9,41.3,9.2,0.77,8.57,1.62,10.1,2.16,6.25,0.96,6.7,1
38.3,-6.5,"GRANODIORITE [25063]",44.5,89,10.6,40.4,7.97,1.63,6.93,1.04,5.39,1.13,2.91,0.44,2.74,0.39
45.5,131.5,"GRANODIORITE [25075]",16.9,27.9,3.24,13,2.03,0.69,1.93,0.23,1.23,0.2,0.6,0.08,0.39,0.07
45.5,131.5,"GRANODIORITE [25075]",22.1,31.2,3.87,13.6,1.71,1.2,1.9,0.18,0.85,0.13,0.34,0.04,0.37,0.04
45.5,131.5,"GRANODIORITE [25075]",15.2,29.8,3.3,12.4,2.07,0.57,1.53,0.27,1.25,0.22,0.66,0.1,0.66,0.1
45.5,131.5,"GRANODIORITE [25075]",28.2,66.2,8.36,32.2,5.25,1.5,3.63,0.63,2.68,0.44,1.31,0.19,1.2,0.18
-27,-66,"GRANODIORITE [25078]",49.61,93.93,12.05,43.53,7.93,1.95,6.99,1.03,5.46,1.1,2.83,0.4,2.3,0.36
-27,-66,"GRANODIORITE [25078]",39.53,91.31,10.81,42.63,9.49,1.46,8.06,1.23,7.71,1.63,4.22,0.56,3.49,0.51
-27,-66,"GRANODIORITE [25078]",45.8,87.33,9.74,30.7,4.21,1.39,3.38,0.47,2.54,0.57,1.67,0.3,2.25,0.44
-27,-66,"GRANODIORITE [25078]",27.48,57.15,7.45,27.25,5.14,1.22,4.53,0.68,3.69,0.78,2.09,0.29,1.61,0.25
-27,-66,"GRANODIORITE [25078]",45.57,78.83,9.08,29.13,4.13,1.35,3.11,0.4,2.03,0.43,1.26,0.21,1.41,0.25
36.6,77,"GRANODIORITE [25079]",39.42,68.54,7.06,23.05,3.75,0.98,3.22,0.42,2.99,0.61,1.81,0.26,1.73,0.3
36.6,77,"GRANODIORITE [25079]",42,72.33,7.08,23.34,3.58,1.15,3.04,0.4,2.77,0.54,1.64,0.24,1.49,0.25
36.6,77,"GRANODIORITE [25079]",29.2,49.84,5.64,19.57,3.34,0.82,2.78,0.38,2.8,0.57,1.77,0.25,1.63,0.27
36.5,77,"GRANODIORITE [25079]",29.37,59.11,6.05,24.44,4.86,1.12,4.48,0.62,4.08,0.88,2.62,0.37,2.32,0.39
36.5,77,"GRANODIORITE [25079]",27.19,53.4,5.53,21.79,4.29,1.01,3.7,0.46,3.01,0.61,1.75,0.23,1.54,0.26
40.6867,41.1273,"GRANODIORITE [25053]",31.3,53.2,5.09,16.7,2.8,0.75,2.33,0.39,2.33,0.46,1.27,0.22,1.5,0.25
40.6566,41.1368,"GRANODIORITE [25053]",19.8,37,4.08,15.3,2.94,0.83,2.67,0.41,2.43,0.48,1.4,0.22,1.51,0.24
40.6476,41.1496,"GRANODIORITE [25053]",45.8,73.8,6.87,21.4,3.24,0.74,2.45,0.37,2.25,0.44,1.33,0.22,1.43,0.25
40.6182,41.1823,"GRANODIORITE [25053]",23.4,42.3,4.25,14.8,2.63,0.81,2.3,0.37,2.2,0.44,1.24,0.24,1.35,0.26
-20.5,-41.5,"GRANODIORITE [25087]",33.5,67.7,7.67,27.6,5.4,1.17,4.48,0.55,2.73,0.34,0.75,0.09,0.55,0.06
-20.5,-41.5,"GRANODIORITE [25087]",79.5,141.8,15.16,49.1,7.3,1.36,4.74,0.6,3.01,0.43,0.84,0.14,0.96,0.11
-20.5,-41.5,"GRANODIORITE [25087]",31,63.2,7.6,28.9,5.6,1.3,4.65,0.59,3.02,0.45,1.05,0.12,0.82,0.09
-20.5,-41.5,"GRANODIORITE [25087]",43.3,82.7,9.46,31.5,5.6,1.16,4.55,0.65,3.94,0.69,2,0.3,1.76,0.26
-18,-43.25,"GRANODIORITE [25083]",38.3,62.1,7.4,27,4.4,1.05,3.28,0.37,2.15,0.43,1.03,0.14,1,0.13
-18,-43.25,"GRANODIORITE [25083]",26.1,51.7,6.63,25.4,4.9,1.21,3.47,0.44,2.33,0.43,1.06,0.16,1,0.2
-18,-43.25,"GRANODIORITE [25083]",26.9,48.5,6.19,21.3,3.9,1.07,2.82,0.37,1.97,0.34,0.91,0.14,0.9,0.13
-21.171595,119.790342,"GRANODIORITE, BIOTITE [25090]",48.6627538769008,90.9069382749663,9.84639158517425,32.02,5.42267227604388,1.27790059603531,3.59250982626075,0.482920039242822,2.55706042240897,0.464364923821055,1.20111463447921,0.174314028119109,1.16382217717135,0.182003943596424
-21.217753,120.324045,"GRANODIORITE, BIOTITE [25090]",31.6197146975348,47.4954032116268,5.77970048727968,19.49,3.12,0.811104869332041,2.47080676074301,0.30024859243444,1.52011297703625,0.277954341526213,0.753920133341788,0.102849393442589,0.678095325316466,0.103
-21.319744,120.014133,"GRANODIORITE, BIOTITE [25090]",28.0951534963459,49.1151645066925,5.3496445156013,25.31,4.01,0.880300553692345,2.48533699254041,0.352907127061569,1.8434070553321,0.343320572256086,0.854445080072381,0.123373331194461,0.738692774737306,0.139
-20.952094,120.142252,"GRANODIORITE, BIOTITE-HORNBLENDE [25090]",34.3168087113899,61.9864532538894,6.49292219380132,21.5501145032012,3.43,0.860766299878282,2.36401389056568,0.322656442851732,1.79507561654949,0.345938712530388,0.904949660125817,0.126066236347152,0.813108504142293,0.121982757496593
-21.25486,120.000028,"GRANODIORITE, BIOTITE [25090]",68.5993195826341,129.647006783422,14.7831722920011,52.3198952806033,8.8605949043818,2.0471693413335,6.0247485233058,0.807156449640466,4.25545196098657,0.802217635772397,2.03417558239391,0.30216542308849,1.76897999544208,0.256701334083473
35.3,101.3,"GRANODIORITE [25110]",22.71,42.23,4.715,17.09,3.22,0.919,3.06,0.476,2.835,0.596,1.69,0.267,1.814,0.293
35.3,101.3,"GRANODIORITE [25110]",30.22,55.71,6.12,21.67,3.927,1.004,3.54,0.552,3.197,0.665,1.898,0.291,1.973,0.323
35.3,101.3,"GRANODIORITE [25110]",29.91,55.4,5.958,21.32,3.876,1.014,3.591,0.551,3.256,0.68,1.93,0.3,2.009,0.328
35.3,101.3,"GRANODIORITE [25110]",28.81,55.75,5.795,20.69,3.765,0.949,3.375,0.535,3.132,0.663,1.817,0.28,1.9,0.304
35.3,101.3,"GRANODIORITE [25110]",25.17,46.07,5.162,18.44,3.535,0.899,3.238,0.52,3.044,0.643,1.769,0.268,1.804,0.291
35.3,101.3,"GRANODIORITE [25110]",29.53,53.66,5.888,20.85,3.683,0.973,3.315,0.52,3.061,0.65,1.805,0.278,1.906,0.303
35.3,101.3,"GRANODIORITE [25110]",61.25,110.6,12.27,41.99,6.71,1.268,5.424,0.707,3.756,0.732,1.952,0.293,1.953,0.311
35.3,101.3,"GRANODIORITE [25110]",53.59,99.92,11.27,39.88,6.635,1.249,5.182,0.712,3.785,0.738,1.962,0.289,1.936,0.303
35.3,101.3,"GRANODIORITE [25110]",54.44,101,11.41,39.93,6.696,1.246,5.309,0.721,3.816,0.746,1.971,0.294,1.96,0.312
35.3,101.3,"GRANODIORITE [25110]",55.51,102.1,11.6,40.19,6.654,1.208,5.364,0.72,3.834,0.753,1.984,0.3,1.991,0.315
35.3,101.3,"GRANODIORITE [25110]",60.71,110.7,12.19,42.25,6.755,1.261,5.41,0.713,3.766,0.737,1.943,0.289,1.939,0.306
35.3,101.3,"GRANODIORITE [25110]",49.4,93.76,10.41,36.71,6.137,1.193,5.015,0.685,3.65,0.714,1.895,0.287,1.893,0.298
35.3,101.3,"GRANODIORITE [25110]",56.36,104,11.76,40.89,6.753,1.292,5.442,0.724,3.845,0.743,1.981,0.292,1.972,0.314
35.3,101.3,"GRANODIORITE [25110]",56.96,102.8,11.81,41.85,7.027,1.325,5.516,0.758,4.008,0.778,2.045,0.302,1.996,0.31
35.3,101.3,"GRANODIORITE [25110]",57.53,106.7,11.85,41.62,6.919,1.295,5.547,0.742,3.971,0.768,2.062,0.304,2.034,0.326
35.3,101.3,"GRANODIORITE [25110]",33.27,59.51,6.608,23.31,4.133,1.02,3.614,0.549,3.113,0.648,1.796,0.267,1.82,0.296
35.3,101.3,"GRANODIORITE [25110]",35.78,63.92,7.01,24.42,4.141,1.001,3.649,0.541,3.099,0.641,1.8,0.271,1.824,0.3
35.3,101.3,"GRANODIORITE [25110]",31.95,57.18,6.289,22.39,3.845,0.956,3.463,0.517,3.034,0.647,1.825,0.288,2.011,0.33
35.3,101.3,"GRANODIORITE [25110]",30.25,55.94,6.006,21.21,3.696,0.944,3.197,0.473,2.655,0.539,1.456,0.213,1.38,0.216
35.3,101.3,"GRANODIORITE [25110]",40.75,78.32,9.083,32.97,5.973,1.064,4.815,0.686,3.74,0.738,1.977,0.298,2.004,0.32
35.3,101.3,"GRANODIORITE [25110]",47.39,88.26,10.05,35.43,6.079,1.058,4.84,0.679,3.659,0.713,1.937,0.287,1.942,0.308
35.3,101.3,"GRANODIORITE [25110]",47.66,91.39,10.38,36.3,6.349,1.072,5.029,0.709,3.834,0.746,2.031,0.306,2.041,0.32
35.3,101.3,"GRANODIORITE [25110]",55.05,106.1,11.76,41.14,7.024,1.009,5.598,0.761,4.12,0.809,2.194,0.332,2.237,0.351
35.3,101.3,"GRANODIORITE [25110]",36.47,71.49,8.036,28.79,5.175,0.953,4.006,0.577,3.12,0.617,1.66,0.252,1.692,0.268
35.3,101.3,"GRANODIORITE [25110]",32.25,70.49,8.145,30.8,6.442,1.072,5.311,0.818,4.566,0.889,2.407,0.364,2.417,0.374
35.3,101.3,"GRANODIORITE [25110]",49.89,97.73,11.21,39.73,7.161,0.797,5.643,0.821,4.498,0.878,2.438,0.379,2.666,0.431
35.3,101.3,"GRANODIORITE [25110]",28.25,58.04,6.515,24.62,4.648,0.879,4.38,0.674,3.971,0.812,2.318,0.332,2.041,0.326
35.3,101.3,"GRANODIORITE [25110]",24.05,49.21,5.706,22.57,4.287,0.783,4.001,0.614,3.626,0.758,2.085,0.315,1.96,0.296
35.3,101.3,"GRANODIORITE [25110]",28.19,56.1,6.407,24.06,4.65,0.828,4.091,0.646,3.815,0.797,2.201,0.316,2.003,0.312
35.3,101.3,"GRANODIORITE [25110]",27.5,58.22,6.845,26.05,5.287,0.887,4.827,0.767,4.518,0.946,2.513,0.403,2.332,0.386
35.3,101.3,"GRANODIORITE [25110]",28.54,58.65,6.234,24.17,4.343,0.831,4.068,0.608,3.587,0.722,2.064,0.295,1.847,0.294
35.3,101.3,"GRANODIORITE [25110]",21.6,46.13,5.27,20.56,4.064,0.807,3.691,0.584,3.415,0.699,1.933,0.28,1.822,0.282
35.3,101.3,"GRANODIORITE [25110]",29.19,60.66,6.684,25.2,4.661,0.799,4.387,0.643,3.947,0.802,2.25,0.318,2.001,0.313
35.3,101.3,"GRANODIORITE [25110]",32.73,65.02,7.242,25.49,4.37,0.758,3.801,0.582,3.138,0.681,1.882,0.268,1.749,0.274
35.3,101.3,"GRANODIORITE [25110]",33,61.48,6.844,25.36,4.48,0.771,3.976,0.596,3.535,0.727,1.954,0.294,1.907,0.299
35.3,101.3,"GRANODIORITE [25110]",21.91,45.28,5.15,19.54,3.651,0.7,3.284,0.508,2.941,0.618,1.735,0.255,1.665,0.246
30.2133,92.6967,"GRANODIORITE [25125]",32.1,60.4,5.79,20.6,3.02,0.71,2.06,0.28,1.21,0.2,0.63,0.08,0.62,0.11
39.9288,94.3213,"GRANODIORITE [25132]",37.8,68.7,7.5,27.1,4.39,1.27,3.5,0.42,2.17,0.39,1.06,0.14,0.9,0.13
39.9288,94.3213,"GRANODIORITE [25132]",34.7,63.2,6.8,24.8,4.01,1.22,3.22,0.39,2.07,0.37,1.02,0.14,0.87,0.13
40.1488,95.852,"GRANODIORITE [25132]",9.91,18.4,2.07,7.91,1.54,0.52,1.4,0.19,1.06,0.21,0.58,0.091,0.6,0.094
40.1488,95.852,"GRANODIORITE [25132]",9.98,18.5,2.09,7.95,1.52,0.51,1.38,0.19,1.06,0.2,0.59,0.089,0.6,0.094
40.1533,95.8523,"GRANODIORITE [25132]",5.45,11.2,1.23,5.03,1.14,0.46,1.06,0.14,0.78,0.14,0.4,0.056,0.36,0.053
40.1533,95.8523,"GRANODIORITE [25132]",4.94,10.6,1.29,5.66,1.3,0.54,1.22,0.16,0.89,0.17,0.45,0.063,0.39,0.056
23.5,111,"GRANODIORITE [25135]",16.51,36.43,4.9,20.14,4.18,0.97,3.85,0.67,4.2,0.9,2.57,0.39,2.5,0.39
23.5,111,"GRANODIORITE [25135]",23.81,49.57,6,22.52,4.17,0.99,3.86,0.63,3.89,0.84,2.42,0.37,2.43,0.39
23.5,111,"GRANODIORITE [25135]",9.15,22.07,3.31,14.77,3.64,0.84,3.56,0.67,4.13,0.93,2.71,0.42,2.79,0.46
23.5,111,"GRANODIORITE [25135]",17.51,34.24,4.1,15.72,3.13,0.78,3.03,0.51,3.22,0.7,2.01,0.3,2,0.32
23.5,111,"GRANODIORITE [25135]",12.3,26.39,3.53,14.69,3.49,0.76,3.46,0.67,4.1,0.92,2.75,0.43,2.84,0.49
23.5,111,"GRANODIORITE [25135]",10.43,18.52,2,6.86,1.32,0.33,1.38,0.27,1.74,0.41,1.29,0.21,1.5,0.26
23.5,111,"GRANODIORITE [25135]",14.34,25.38,2.7,8.93,1.47,0.51,1.33,0.21,1.21,0.28,0.82,0.13,0.91,0.17
23.5,111,"GRANODIORITE [25135]",36.61,71,8.16,29.73,5.47,1.12,4.79,0.75,4.45,0.93,2.64,0.41,2.65,0.42
23.5,111,"GRANODIORITE [25135]",24.19,43.24,4.62,15.25,2.34,0.62,1.99,0.28,1.5,0.32,0.94,0.15,1.07,0.19
23.5,111,"GRANODIORITE [25135]",22.23,41.57,4.67,16.57,2.99,0.73,2.73,0.45,2.79,0.6,1.82,0.29,1.97,0.31
23.5,111,"GRANODIORITE [25135]",26.74,50.23,5.4,18.45,2.96,0.67,2.43,0.36,2.1,0.45,1.29,0.2,1.4,0.24
42.9,82.2,"GRANODIORITE [25141]",9.87,22.8,3.08,13.5,2.88,0.95,3.02,0.42,2.88,0.62,1.75,0.28,1.81,0.31
42.9,82.2,"GRANODIORITE [25141]",11.1,25,3.07,12.7,2.8,0.91,2.84,0.41,2.45,0.55,1.66,0.25,1.63,0.26
42.9,82.2,"GRANODIORITE [25141]",9.47,21.8,2.76,11.4,2.77,0.92,2.66,0.38,2.58,0.56,1.63,0.25,1.71,0.26
42.9,82.2,"GRANODIORITE [25141]",7.91,18,2.38,10.1,2.29,0.79,2.27,0.33,2.13,0.49,1.38,0.22,1.45,0.22
42.9,82.2,"GRANODIORITE [25141]",11,25,2.91,12.2,2.75,0.85,2.65,0.42,2.2,0.52,1.53,0.23,1.46,0.25
42.9,82.2,"GRANODIORITE [25141]",7.97,17.8,2.25,9.36,2.34,0.78,2.19,0.38,1.96,0.45,1.27,0.22,1.34,0.23
42.9,82.2,"GRANODIORITE [25141]",20,37.4,4.16,15,2.98,0.83,2.72,0.41,2.55,0.58,1.73,0.28,1.78,0.28
42.9,82.2,"GRANODIORITE [25141]",12.8,23.2,3,11.8,2.52,0.76,2.58,0.38,2.29,0.53,1.58,0.26,1.77,0.29
42.9,82.2,"GRANODIORITE [25141]",11.6,22.9,2.68,10.6,2.34,0.71,2.41,0.36,2.29,0.5,1.45,0.24,1.58,0.28
42.9,82.2,"GRANODIORITE [25141]",43.4,76.3,7.34,23,3.46,0.91,3.1,0.43,2.55,0.56,1.71,0.27,1.76,0.29
42.9,82.2,"GRANODIORITE [25141]",44.4,77.2,7.4,23.7,3.83,0.96,3.35,0.52,2.41,0.57,1.63,0.29,1.75,0.28
42.9,82.2,"GRANODIORITE [25141]",14.3,26.5,3.1,12.4,2.94,0.9,2.6,0.47,2.45,0.55,1.77,0.29,1.71,0.27
25.563137,100.124558,"GRANODIORITE [25140]",25.71,43.32,4.42,15.41,2.84,0.61,2.22,0.33,1.74,0.33,0.92,0.11,0.81,0.12
24.457629,101.220765,"GRANODIORITE [25140]",31.55,53.92,5.4,18.97,3.73,0.68,2.69,0.49,2.62,0.5,1.36,0.19,1.34,0.19
24.382431,101.299593,"GRANODIORITE [25140]",17.9,32.09,3.25,10.95,2.06,0.49,1.72,0.26,1.59,0.31,1,0.16,1,0.16
23.074303,102.981502,"GRANODIORITE [25140]",27.57,48.82,5.15,18.27,3.03,1,2.06,0.25,1.21,0.2,0.52,0.07,0.42,0.06
24.382431,101.299593,"GRANODIORITE [25140]",16.22,29.28,3,10.25,2.11,0.5,1.68,0.28,1.64,0.31,0.99,0.15,1.01,0.14
-9.58,-37.33,"GRANODIORITE [25148]",81.9,175.8,23.78,94.3,19,2.3,14.54,1.71,8.69,1.44,3.29,0.48,2.8,0.53
-9.58,-37.33,"GRANODIORITE [25148]",161.7,313.4,37.85,65.701,13.007,2.57,24.56,3.07,16.39,2.98,6.65,1.01,6.4,1.07
-9.58,-37.33,"GRANODIORITE [25148]",75.2,144,16.85,48.665,6.825,1.21,5.03,0.56,3.02,0.54,1.33,0.19,1.3,0.23
-9.58,-37.33,"GRANODIORITE [25148]",133,235.4,26.54,88.3,13.3,1.58,8.41,1.03,5.89,1.13,2.99,0.43,3.1,0.43
-9.58,-37.33,"GRANODIORITE [25148]",71.2,139.6,15.59,51.3,6.2,0.8,2.88,0.27,1.39,0.27,0.53,0.14,0.8,0.27
-9.58,-37.33,"GRANODIORITE [25148]",145.9,265.6,31.6,112.1,17.6,3,12.91,1.45,7.84,1.43,3.12,0.47,3,0.45
23,113.5,"GRANODIORITE, BIOTITE [25160]",38.2,76.5,8.8,31.2,5.73,0.72,4.79,0.71,3.77,0.7,1.8,0.24,1.43,0.21
23,113.5,"GRANODIORITE, BIOTITE [25160]",48.5,93.6,10.7,39.2,7.11,1.22,6.54,1.03,5.91,1.25,3.47,0.53,3.48,0.57
26.5,112.5,"GRANODIORITE [25164]",43,79.1,9.3,34,6.38,1.66,4.82,0.87,4.39,0.94,2.5,0.35,2.3,0.34
26.5,112.5,"GRANODIORITE [25164]",44.3,78.9,8.92,31.7,5.94,1.58,4.54,0.81,4.08,0.92,2.43,0.35,2.34,0.34
26.5,112.5,"GRANODIORITE [25164]",40.2,72.1,8.14,29.6,5.56,1.41,4.09,0.74,3.75,0.81,2.16,0.31,2.11,0.31
26.5,112.5,"GRANODIORITE [25164]",36.6,68.5,8.09,30,5.74,1.51,4.29,0.79,4.06,0.87,2.33,0.34,2.24,0.34
26.5,112.5,"GRANODIORITE [25164]",37.2,68.7,8.15,29.8,5.83,1.53,4.41,0.8,4.01,0.84,2.27,0.31,2.02,0.3
26.5,112.5,"GRANODIORITE [25164]",36.6,69.3,8.49,32.5,6.44,1.62,4.69,0.85,4.27,0.92,2.45,0.34,2.19,0.33
26.5,112.5,"GRANODIORITE [25164]",38.8,71.6,8.54,31.6,6.16,1.36,4.5,0.86,4.42,0.95,2.57,0.35,2.26,0.33
26.5,112.5,"GRANODIORITE [25164]",35.2,62.5,7.58,28.1,5.49,1.43,4,0.73,3.72,0.8,2.09,0.29,1.92,0.28
26.5,112.5,"GRANODIORITE [25164]",38.3,70.9,8.35,30.5,5.63,1.46,4.05,0.76,3.73,0.82,2.15,0.3,1.97,0.29
26.5,112.5,"GRANODIORITE [25164]",39.2,72.2,8.62,31.9,6.13,1.48,4.21,0.83,4.17,0.92,2.43,0.35,2.28,0.33
26.5,112.5,"GRANODIORITE [25164]",37.4,70.1,8.44,30.6,5.99,1.49,4.23,0.84,4.45,0.94,2.49,0.36,2.39,0.36
26.5,112.5,"GRANODIORITE [25164]",43,81.7,9.5,34.6,6.49,1.63,4.7,0.9,4.45,0.96,2.51,0.35,2.38,0.35
26.5,112.5,"GRANODIORITE [25164]",45.5,88.7,10.7,40.9,7.96,2.25,6.6,1.06,5.23,1.05,2.89,0.43,2.65,0.39
26.5,112.5,"GRANODIORITE [25164]",46.3,93.4,11,40.4,7.05,1.82,5.81,0.88,4.62,0.94,2.85,0.41,2.66,0.4
26.5,112.5,"GRANODIORITE [25164]",47.5,92.5,10.8,43.2,7.87,1.72,6.69,0.94,4.71,0.9,2.44,0.35,2.09,0.29
38.5,102,"GRANODIORITE [25165]",21.6,43.6,4.83,16.9,2.89,0.9,2.33,0.31,1.52,0.27,0.69,0.11,0.49,0.08
38.5,102,"GRANODIORITE [25165]",22.9,46.4,5.06,17.3,3.1,0.82,2.38,0.28,1.5,0.25,0.62,0.11,0.52,0.08
38.5,102,"GRANODIORITE [25165]",23,45.1,4.91,16.9,3.38,0.95,2.6,0.34,1.54,0.28,0.65,0.11,0.61,0.09
38.5,102,"GRANODIORITE [25165]",20.2,40.3,4.32,15.4,2.73,0.78,2.22,0.29,1.45,0.24,0.68,0.08,0.52,0.08
38.5,102,"GRANODIORITE [25165]",20.9,41.2,4.43,15,2.8,0.81,1.99,0.28,1.42,0.24,0.59,0.1,0.5,0.08
38.5,102,"GRANODIORITE [25165]",23.4,46.8,5.1,17.7,3.02,0.98,2.53,0.31,1.56,0.26,0.71,0.1,0.52,0.08
61,102,"GRANODIORITE [25180]",50.6,94.5,9.84,41.7,5.71,1.44,3.21,0.41,1.44,0.221,0.546,0.076,0.421,0.06
61,102,"GRANODIORITE [25180]",45,81.2,7.53,26.7,3.61,1.21,2.6,0.36,1.3,0.231,0.595,0.079,0.541,0.075
61,102,"GRANODIORITE [25180]",44.6,78.6,7.46,26.5,3.56,1.18,2.68,0.361,1.44,0.263,0.695,0.094,0.634,0.093
46.07,1.76,"GRANODIORITE [25181]",34.1918,71.027,8.0178,29.574,5.462,1.1312,4.085,0.5901,3.3879,0.6393,1.6182,0.2415,1.5472,0.2282
46.07,1.76,"GRANODIORITE [25181]",44.1881,89.541,10.0403,36.9857,6.841,1.9855,5.3598,0.7958,4.6434,0.8994,2.2898,0.3307,2.0514,0.3066
46.07,1.76,"GRANODIORITE [25181]",42.2226,85.9886,9.7605,35.795,6.792,2.0602,5.2755,0.7718,4.3615,0.8046,1.9544,0.2742,1.6963,0.2478
36.7,77,"GRANODIORITE [25186]",44.3,78.5,7.56,25.8,4.39,1.13,3.44,0.53,3.08,0.62,1.68,0.27,1.73,0.29
36.7,77,"GRANODIORITE [25186]",44.8,78.4,7.61,25.4,4.07,1.17,3.1,0.5,3.03,0.59,1.75,0.28,1.74,0.29
36.7,77,"GRANODIORITE [25186]",41.7,75.1,7.5,26,4.27,1.11,3.63,0.55,3.21,0.63,1.75,0.28,1.82,0.29
36.7,77,"GRANODIORITE [25186]",44.6,78.8,7.63,26.3,4.41,1.14,3.52,0.54,3.15,0.65,1.77,0.28,1.75,0.28
36.7,77,"GRANODIORITE [25186]",45.2,79.1,7.68,26.1,4.47,1.16,3.57,0.57,3.16,0.66,1.78,0.29,1.79,0.29
48.5,123.5,"GRANODIORITE [25169]",26.4,53.7,6.5,26,4.97,1.4,4.01,0.718,3.88,0.759,2.38,0.398,2.59,0.393
48.5,123.5,"GRANODIORITE [25169]",16.4,33.7,4.35,19.3,3.85,1.27,3.48,0.65,3.53,0.701,2.14,0.354,2.29,0.329
48.5,123.5,"GRANODIORITE [25169]",15.6,32.7,4.39,19.1,4.13,1.16,3.27,0.681,3.95,0.708,2.48,0.365,2.72,0.356
48.5,123.5,"GRANODIORITE [25169]",18.3,40.3,5.21,20.2,4.12,0.99,3.52,0.688,3.83,0.706,2.26,0.365,2.45,0.361
48.5,123.5,"GRANODIORITE [25169]",28.7,50.9,5.86,22.4,4.21,1.12,3.41,0.655,3.49,0.625,1.98,0.326,2.4,0.296
48.5,123.5,"GRANODIORITE [25169]",23.2,52.9,6.77,27.2,6.02,1.01,5.01,0.899,4.83,0.925,2.71,0.436,2.76,0.38
48.5,123.5,"GRANODIORITE [25169]",25.2,53,6.77,26.5,5.05,0.758,3.32,0.599,3.05,0.602,1.74,0.299,1.82,0.238
43.6424,113.5972,"GRANODIORITE [25193]",25.5,49.3,4.58,15.8,2.19,0.61,2.09,0.23,1.32,0.26,0.78,0.12,0.95,0.15
43.6574,113.601,"GRANODIORITE [25193]",19.3,37.9,4.23,16.2,3.09,0.81,2.81,0.4,2.31,0.48,1.29,0.2,1.42,0.24
30.5758,54.9725,"GRANODIORITE [25195]",27.3,69.9,5.3,12.4,1.5,0.5,2.7,0.3,1.9,0.5,0.2,0.1,2.3,0.2
30.5758,54.9725,"GRANODIORITE [25195]",18.4,28,4,10.6,2.5,0.6,2,0.4,0.6,0.3,0.7,0.2,1.9,0.1
30.5758,54.9725,"GRANODIORITE [25195]",21.1,26.3,3.7,12,3.6,0.8,1.8,0.5,0.5,0.2,0.9,0.2,1.7,0.1
30.5758,54.9725,"GRANODIORITE [25195]",16.7,28.1,4.1,12.8,4.1,0.7,2.1,0.4,0.9,0.2,0.7,0.1,1.3,0.1
30.5758,54.9725,"GRANODIORITE [25195]",20.6,35.9,3.48,10.2,2.2,0.6,1.6,0.5,1,0.1,0.8,0.1,1.2,0.2
30.5758,54.9725,"GRANODIORITE [25195]",17.4,32.6,4.5,13,2.7,0.9,1.6,0.4,0.8,0.1,1.1,0.2,1.8,0.2
23.33,111.17,"GRANODIORITE [25199]",26.4270800456406,45.4445770306992,4.48737049870565,14.323927320714,2.75149854101273,0.619061949714401,2.57711823659466,0.45666932032767,3.02020526811202,0.617541136489631,1.8187962683863,0.292033464863588,1.97782793363444,0.314204307086948
23.33,111.17,"GRANODIORITE [25199]",29.6803261604199,55.5771342360821,5.67605324651846,18.4236285170535,3.5815327736533,0.71976444275377,3.2799395380256,0.562525115710163,3.69213080066083,0.749580682321534,2.20963549151028,0.351789220170191,2.37279436134028,0.380100090124503
23.33,111.17,"GRANODIORITE [25199]",26.6420346654079,48.3328878106409,4.57092152622712,15.8839357319261,2.97423118055802,0.675753850987495,2.74232929647682,0.409296990228543,2.54647752544504,0.50658474127182,1.4789447087443,0.239342959664552,1.66704680125725,0.276203657424131
23.33,111.17,"GRANODIORITE [25199]",31.8132893044762,54.7504885910435,5.28117917109548,16.7175344196301,3.03764299119989,0.641114971244068,2.92379944456843,0.478865514726192,3.04006006520466,0.638132279125261,1.89522023679208,0.296680500293838,2.05979755254282,0.330063121341954
23.33,111.17,"GRANODIORITE [25199]",30.3702950969757,55.0444345023379,5.75010652093321,18.9207147744234,3.73649410979278,0.679411043312344,3.79458486358958,0.630406554645751,4.07953386144852,0.860839671507966,2.53832032129591,0.393361491879653,2.72052673121543,0.422981208923821
23.33,111.17,"GRANODIORITE [25199]",36.2125804665916,62.8379369843528,6.18031985400725,19.1847107517702,3.39878735325243,0.690430196861413,3.23329189429906,0.515148998084045,3.23101586917256,0.678390053647196,2.01634306012921,0.316638889918014,2.16687591287971,0.342510027550895
23.33,111.17,"GRANODIORITE [25199]",32.015230869232,56.3226886867945,5.7072444370942,18.0809484639556,3.34932638937151,0.669067046476451,3.25989248149647,0.528637932136418,3.37761145206144,0.712136085706063,2.09822324354499,0.330276929358789,2.26250534804088,0.361212802816485
23.33,111.17,"GRANODIORITE [25199]",26.3207137640026,47.3909776038756,4.64753131044048,16.183716326028,3.17043388661913,0.648981658180556,3.07448994677685,0.512101101176597,3.30029611050883,0.691228436881987,2.06615404259056,0.322475802750575,2.22304636858825,0.356059569986315
23.33,111.17,"GRANODIORITE [25199]",22.5507753439608,41.2516306971077,4.13314223542679,14.7627374446695,3.14226843878504,0.774678109677099,3.18613649212243,0.530597231363129,3.65113591216354,0.741683968207207,2.20253258412661,0.36412725809949,2.4365736959233,0.389805350048273
23.33,111.17,"GRANODIORITE [25199]",28.5448763025379,48.6084005750357,4.61468756332892,15.3187709939269,2.87816200869383,0.652649811407574,2.80698555475958,0.467655590272612,3.03916424119643,0.640686888840056,1.92551628870636,0.299739195762878,2.05146153746098,0.329978080327336
23.33,111.17,"GRANODIORITE [25199]",21.66945638831,38.9222878611825,3.78236115707709,13.4004493070936,2.6884391078385,0.654043173653282,2.71682747448461,0.447997932375046,2.93769385177136,0.620014046461846,1.87616254831503,0.29446672201269,2.01141141115431,0.320859256309471
23.33,111.17,"GRANODIORITE [25199]",22.0381384519565,38.9708578893919,3.61630049117172,12.7752727774144,2.57667875618168,0.671079592822132,2.6636107175111,0.438353524963961,2.8153586115124,0.59659712750021,1.76491668099282,0.271445295274202,1.85421271322981,0.294129068153547
23.33,111.17,"GRANODIORITE [25199]",33.559073868379,57.8958315844928,5.64541991106829,16.9577906308856,2.92281565783564,0.632263980640948,2.66298139804544,0.438691165160819,2.7707285111456,0.586125744424129,1.78168867649801,0.282584040220245,1.96799344392478,0.317740111905803
23.33,111.17,"GRANODIORITE [25199]",23.4045191243409,39.765576297099,3.83636298112099,13.4186488367575,2.67799292930122,0.65717059066549,2.69732633694177,0.435075851520958,2.84519693335218,0.59157177548957,1.8208271077711,0.283489229050149,1.93352637286461,0.312547653078826
23.33,111.17,"GRANODIORITE [25199]",50.3284009817004,85.7130226285347,8.10727960648167,23.9264327850485,3.91376491430193,0.738288684236447,3.57677345539557,0.566814279364321,3.60753871158922,0.742578564134217,2.21163757618853,0.36636566676809,2.49483671342264,0.397645967899234
23.33,111.17,"GRANODIORITE [25199]",22.0974176783331,36.5432478650163,3.97144465068021,13.4946838751623,2.48461448238358,0.712369677971065,2.31670816128838,0.373577971802333,2.3570744359588,0.496266032218052,1.45217432522602,0.219814162757592,1.44011662229202,0.228403845477254
58.4890383333333,6.17048166666667,"GRANODIORITE [25204]",22.4,37.6,4.1,13,1.99,0.91,1.34,0.16,0.79,0.17,0.44,0.07,0.46,0.07
58.4890383333333,6.17048166666667,"GRANODIORITE [25204]",3.8,4.8,0.6,1.7,0.31,2.54,0.29,0.04,0.33,0.07,0.22,0.04,0.28,0.05
58.4890383333333,6.17048166666667,"GRANODIORITE [25204]",21.5,24.5,2.4,5.4,0.58,1.53,0.4,0.04,0.12,0.03,0.05,0.01,0.05,0.01
34.1517083333333,129.207221666667,"GRANODIORITE [25215]",20.6,51.7,7.02,30,7.8,1.32,8.1,1.4,8.6,1.8,5,0.77,4.9,0.76
50.0269,76.7272,"GRANODIORITE [25214]",18.2,29.6,3.25,12.6,2.55,0.38,2.14,0.36,2.2,0.5,1.59,0.27,1.69,0.31
50.0269,76.7272,"GRANODIORITE [25214]",15.7,27.4,2.87,11.8,2.54,0.56,1.77,0.31,1.6,0.34,1,0.15,1.09,0.2
50.0269,76.7272,"GRANODIORITE [25214]",43,62.3,5.4,21.1,3.73,0.52,3.1,0.4,2.6,0.51,1.69,0.29,1.92,0.35
42.5,80.5,"GRANODIORITE [25218]",25.84,49.87,5.26,22.21,4.63,1.45,4.57,0.65,3.63,0.73,2.07,0.31,2.03,0.31
29.83,114.75,"GRANODIORITE [25229]",60.27,115.67,12.869,46.64,7.763,1.851,5.093,0.6377,3.313,0.5626,1.606,0.2239,1.5,0.2169
29.83,114.75,"GRANODIORITE [25229]",35.27,69.35,7.647,28.41,5.22,1.21,4.182,0.6009,3.534,0.6339,1.846,0.2643,1.809,0.2658
29.83,114.75,"GRANODIORITE [25229]",45.97,88.91,9.454,30.48,5.04,1.287,3.63,0.4528,2.428,0.4281,1.255,0.1672,1.07,0.1604
29.83,114.75,"GRANODIORITE [25229]",26.08,53.95,5.945,23.31,4.497,1.112,3.818,0.5701,3.234,0.6192,1.678,0.2725,1.705,0.2502
29.83,114.75,"GRANODIORITE [25229]",36.45,71.23,7.698,28.98,5.18,1.217,4.068,0.5929,3.308,0.6633,1.807,0.2596,1.709,0.2582
29.83,114.75,"GRANODIORITE [25229]",20.41,44.19,5.024,19.31,4.09,0.926,3.26,0.4663,2.852,0.5538,1.484,0.2267,1.509,0.214
29.83,114.75,"GRANODIORITE [25229]",29.15,61.18,6.968,26.98,5.03,1.316,4.002,0.5273,2.868,0.5125,1.284,0.1985,1.253,0.1645
29.83,114.75,"GRANODIORITE [25229]",30.07,61.67,6.855,25.61,4.94,1.228,3.882,0.5645,3.185,0.6318,1.674,0.2709,1.556,0.2348
44,106,"GRANODIORITE [25230]",11.1,24.1,2.77,10.8,2.37,0.61,1.71,0.19,1.39,0.19,0.53,0.08,0.48,0.08
44,106,"GRANODIORITE [25230]",11.4,23.7,2.95,13.2,2.26,0.64,1.67,0.22,1.17,0.25,0.43,0.08,0.39,0.07
29,114,"GRANODIORITE, BIOTITE [25233]",34.7,62,7.96,29.3,5.21,1.23,4.28,0.59,2.9,0.55,1.35,0.19,1.21,0.19
43.1814,129.1536,"GRANODIORITE [25237]",23.4,46.1,5.19,19.4,3.7,0.95,3.06,0.46,2.61,0.48,1.35,0.21,1.41,0.21
43.1814,129.1536,"GRANODIORITE [25237]",25.3,48.9,5.45,19.6,3.67,0.94,3.02,0.45,2.6,0.48,1.33,0.19,1.34,0.21
43.1814,129.1536,"GRANODIORITE [25237]",22.7,45.8,5.08,18.5,3.71,0.94,2.99,0.44,2.61,0.5,1.35,0.2,1.4,0.22
52,121,"GRANODIORITE [25239]",19.03,38.69,4.92,16.86,3.41,1.05,3.35,0.5,2.71,0.62,1.81,0.26,1.59,0.28
52,121,"GRANODIORITE [25239]",18.96,40.92,5.51,18.36,3.65,1.05,3.52,0.54,2.93,0.64,1.83,0.27,1.75,0.3
52,121,"GRANODIORITE [25239]",17.79,36.03,4.51,14.7,2.74,0.86,2.76,0.44,2.29,0.5,1.5,0.23,1.53,0.26
52,121,"GRANODIORITE [25239]",16.01,32.71,3.91,13.8,2.68,0.85,2.65,0.41,2.15,0.48,1.4,0.21,1.38,0.24
52,121,"GRANODIORITE [25239]",16.98,38.26,4.8,16.95,3.32,0.96,3.26,0.52,2.76,0.6,1.8,0.27,1.71,0.29
52,121,"GRANODIORITE [25239]",24.04,52.72,6.1,22.84,4.42,1.15,4.6,0.61,3.58,0.77,2.31,0.35,2.39,0.39
41.4,108,"GRANODIORITE [25240]",29.9,55.1,5.55,19.3,3.31,0.9,2.78,0.38,2.25,0.49,1.27,0.2,1.21,0.19
41.4,108,"GRANODIORITE [25240]",35.5,63.8,6.06,20.5,3.4,0.94,2.8,0.4,2.11,0.45,1.22,0.2,1.16,0.19
41.4,108,"GRANODIORITE [25240]",28.4,52.4,5.22,18.5,3.15,0.91,2.57,0.39,2.07,0.46,1.19,0.19,1.29,0.22
41.4,108,"GRANODIORITE [25240]",23.1,44,4.64,17,3.12,0.97,2.89,0.4,2.15,0.47,1.28,0.19,1.29,0.19
41.4,108,"GRANODIORITE [25240]",24.5,46.2,4.97,17.7,3.15,0.96,2.83,0.44,2.05,0.51,1.29,0.2,1.33,0.2
-16.36,-51.6,"GRANODIORITE [25255]",70.6,147.5,17.75,117.543,19.934,2.69,8.14,1.07,5.55,0.88,2.63,0.35,2.2,0.36
-16.36,-51.6,"GRANODIORITE [25255]",58.7,120.5,13.95,52.8,10.05,2.18,6.72,0.93,4.73,0.76,1.99,0.32,1.75,0.24
-16.36,-51.6,"GRANODIORITE [25255]",45.3,91.6,10.7,39.7,7.86,1.68,5.96,0.91,5.08,0.88,2.8,0.36,2.47,0.35
-16.36,-51.6,"GRANODIORITE [25255]",46.6,93.6,10.35,39.9,7.47,1.66,5.06,0.75,4,0.74,2.19,0.29,1.73,0.28
-16.36,-51.6,"GRANODIORITE [25255]",59.9,124.5,14.1,52.6,9.96,2.22,6.77,0.9,5.07,0.88,2.47,0.33,2.07,0.3
-16.36,-51.6,"GRANODIORITE [25255]",81.5,163,18.45,69.7,11.45,2.65,7.84,0.98,5.25,0.86,2.33,0.37,1.99,0.32
-16.36,-51.6,"GRANODIORITE [25255]",77.2,148.5,16.7,62.2,10.7,2.46,6.72,0.89,4.97,0.74,2.4,0.33,2.06,0.34
-16.36,-51.6,"GRANODIORITE [25255]",52.7,107.5,12.15,46.6,8.61,2.03,5.76,0.8,4.71,0.83,2.22,0.36,2.06,0.33
-16.36,-51.6,"GRANODIORITE [25255]",53.9,109,12,48,8.97,2.1,5.83,0.81,7.73,0.87,2.66,0.37,2.06,0.32
43.4369,124.9503,"GRANODIORITE [25257]",28.7,63.4,7.03,26.2,5.37,0.94,4.82,0.84,5.13,1.15,3.43,0.55,3.28,0.55
43.4369,124.9503,"GRANODIORITE [25257]",38,82.7,9.19,34.5,6.89,1.27,5.89,0.98,5.67,1.2,3.61,0.55,3.53,0.6
43.4369,124.9503,"GRANODIORITE [25257]",39,85.8,9.55,35.8,7.32,1.36,6.13,1.01,6,1.3,3.89,0.6,3.78,0.64
43.4369,124.9503,"GRANODIORITE [25257]",45.1,98.6,10.6,38.1,6.9,1.26,6.45,1.14,6.58,1.47,4.43,0.67,4.47,0.68
43.4369,124.9503,"GRANODIORITE [25257]",58.5,126,14.25,51.5,9.7,1.63,8.95,1.43,8.33,1.78,4.96,0.77,4.89,0.75
43.4369,124.9503,"GRANODIORITE [25257]",54.5,120.5,13.75,49.3,9.66,1.12,8.49,1.34,8.1,1.74,5.14,0.82,5.25,0.84
49.6536,119.7625,"GRANODIORITE [25266]",18.1,35.3,3.93,14.7,2.52,0.81,2,0.27,1.56,0.29,0.79,0.12,0.74,0.11
49.6536,119.7625,"GRANODIORITE [25266]",20.9,42.1,4.68,17.4,3.11,0.94,2.35,0.35,1.85,0.34,0.93,0.14,0.9,0.13
49.6536,119.7625,"GRANODIORITE [25266]",21.7,43.8,4.78,17.3,3.07,0.91,2.39,0.33,1.8,0.35,0.97,0.13,0.93,0.13
49.6536,119.7625,"GRANODIORITE [25266]",25,58.6,7.21,29.1,5.89,1.52,4.6,0.66,3.71,0.7,1.91,0.26,1.73,0.24
49.6536,119.7625,"GRANODIORITE [25266]",20.6,51.2,6.64,27.2,5.26,1.46,4.15,0.59,3.39,0.62,1.7,0.24,1.52,0.22
53.1497,121.8717,"GRANODIORITE [25266]",32.4,56,5.98,22.3,4.64,1.03,3.63,0.53,2.91,0.55,1.46,0.22,1.41,0.21
53.1497,121.8717,"GRANODIORITE [25266]",26.7,46.4,5.03,18.8,4.1,0.97,3.39,0.49,2.81,0.48,1.34,0.2,1.3,0.18
53.1497,121.8717,"GRANODIORITE [25266]",28.7,53.8,6.36,25.9,6.12,1.14,5.66,0.91,5.52,1.09,3.13,0.46,2.94,0.43
53.1497,121.8717,"GRANODIORITE [25266]",19.7,36.6,4.17,16.6,3.85,0.95,3.35,0.49,2.76,0.51,1.37,0.21,1.24,0.19
40.67,125.13,"GRANODIORITE [25267]",20.1,38.4,4.12,15,2.56,0.75,2.28,0.31,1.77,0.38,1.05,0.16,1.08,0.16
40.67,125.13,"GRANODIORITE [25267]",41.6,78.5,7.24,24.8,3.87,0.98,3.09,0.45,2.55,0.49,1.36,0.21,1.46,0.26
40.67,125.13,"GRANODIORITE [25267]",30.9,52.9,5.46,18.5,2.91,0.84,2.41,0.34,1.74,0.36,1.01,0.14,0.87,0.14
40.67,125.13,"GRANODIORITE [25267]",36.9,62.6,6.34,21.7,3.23,0.94,2.69,0.36,2.04,0.43,1.15,0.18,1.09,0.17
40.67,125.13,"GRANODIORITE [25267]",32.5,56.8,5.59,18.8,2.93,0.85,2.32,0.32,1.86,0.39,1.06,0.16,0.98,0.16
40.67,125.13,"GRANODIORITE [25267]",34.6,62.7,6.7,23.5,3.85,0.86,3.17,0.45,2.63,0.52,1.52,0.23,1.52,0.24
40.67,125.13,"GRANODIORITE [25267]",34.5,61.4,6.3,21.4,3.68,0.84,2.93,0.41,2.24,0.45,1.33,0.19,1.32,0.2
50.0396,13.5413,"GRANODIORITE [25274]",12.5,37.6,2.4,8.1,1.4,0.55,1.1,0.2,1,0.2,0.66,0.1,0.7,0.09
50.047,13.5473,"GRANODIORITE [25274]",24.2,38.4,3.6,11.8,1.6,0.53,1.3,0.17,0.8,0.16,0.42,0.06,0.4,0.06
50.047,13.5473,"GRANODIORITE [25274]",21.3,34,2.99,9.7,1.5,0.49,1.1,0.15,0.7,0.13,0.42,0.06,0.5,0.07
50.043,13.4633,"GRANODIORITE [25274]",23,42,4.15,14.4,2.3,0.76,1.9,0.27,1.4,0.27,0.79,0.12,0.8,0.1
26.5923,101.7274,"GRANODIORITE [25279]",40.2,71.1,7.2,22.2,2.97,0.96,2.08,0.29,1.59,0.33,0.99,0.16,1.07,0.19
26.5923,101.7274,"GRANODIORITE [25279]",60.9,112.5,11.4,34.4,4.49,1.37,3.32,0.45,2.27,0.49,1.56,0.25,1.93,0.37
26.5923,101.7274,"GRANODIORITE [25279]",70.6,130,14.05,45.6,7.25,1.39,5.74,0.77,4.4,0.86,2.46,0.37,2.5,0.39
26.5923,101.7274,"GRANODIORITE [25279]",47.9,93.8,10.3,34.5,5.63,1.17,4.75,0.64,3.81,0.75,2.28,0.37,2.47,0.38
26.5923,101.7274,"GRANODIORITE [25279]",61.8,112,12.1,38,5.74,1.32,4.57,0.61,3.44,0.69,1.98,0.3,2.15,0.36
26.5923,101.7274,"GRANODIORITE [25279]",50,97.7,11.2,37.2,6.21,1.27,5.04,0.7,4.1,0.88,2.5,0.4,2.64,0.44
26.5923,101.7274,"GRANODIORITE [25279]",53.7,105,12.1,39.6,6.65,1.38,5.52,0.75,4.77,0.98,2.78,0.43,2.88,0.46
26.5923,101.7274,"GRANODIORITE [25279]",35.5,63.6,6.75,20.7,2.74,0.97,2.05,0.31,1.73,0.36,1.02,0.15,1.01,0.17
33.4139,112.9436,"GRANODIORITE, BIOTITE [25282]",44.3,85.1,9.46,35.9,5.79,1.21,4.88,0.73,3.75,0.7,1.83,0.29,1.69,0.25
33.4139,112.9436,"GRANODIORITE, BIOTITE [25282]",72.2,138,14.9,53,7.96,1.66,6.24,0.86,4.3,0.76,2.02,0.28,1.75,0.24
33.4139,112.9436,"GRANODIORITE, BIOTITE [25282]",65.1,127,13.9,50.6,7.98,1.78,6.87,1.05,5.09,0.92,2.25,0.35,1.91,0.32
33.4139,112.9436,"GRANODIORITE, BIOTITE [25282]",81.8,157,16.7,54.7,8.35,1.59,5.26,0.82,4.31,0.82,2.39,0.34,2.19,0.34
33.4139,112.9436,"GRANODIORITE, BIOTITE [25282]",83.6,162,17.2,55.3,8.54,1.62,5.35,0.84,4.29,0.82,2.35,0.34,2.21,0.35
33.4225,112.9544,"GRANODIORITE [25282]",19.7,35.3,3.07,8.26,1.1,0.12,0.83,0.13,0.8,0.19,0.82,0.17,1.65,0.34
33.4225,112.9544,"GRANODIORITE [25282]",23.8,42.5,3.64,10.2,1.32,0.12,0.93,0.15,0.85,0.19,0.73,0.16,1.5,0.29
33.4225,112.9544,"GRANODIORITE [25282]",18,32.3,2.8,7.81,1.1,0.11,0.74,0.14,0.87,0.21,0.79,0.17,1.5,0.31
33.4225,112.9544,"GRANODIORITE [25282]",14.4,29.2,2.91,8.86,1.56,0.13,1.15,0.2,1.29,0.29,1.07,0.23,1.97,0.36
36,97,"GRANODIORITE [25292]",33.4,63.7,5.9,0.51207,3.2,0.7,2.6,0.5,2.5,0.5,1.6,0.2,1.7,0.3
36,97,"GRANODIORITE [25292]",37,70.8,6.7,0.51209,3.8,0.9,3.1,0.5,2.6,0.5,1.5,0.2,1.6,0.2
36,97,"GRANODIORITE [25292]",36.8,73.5,7.2,25,4.4,1.2,3.6,0.6,2.9,0.6,1.7,0.2,1.6,0.3
36,97,"GRANODIORITE [25292]",51.4,93.7,10.6,0.51208,0.1101,1.3,4.9,0.7,4,0.8,2.4,0.3,2.1,0.3
36,97,"GRANODIORITE [25292]",58.3,107,10,0.51206,3.9,1,2.4,0.3,1.5,0.3,0.8,0.1,0.8,0.1
36,97,"GRANODIORITE [25292]",36.6,77.8,7.5,0.51201,0.1028,1.1,3.2,0.4,2,0.4,1,0.1,0.9,0.1
36,97,"GRANODIORITE [25292]",49.1,96.1,9,0.51211,4.6,1.1,3.8,0.5,2.7,0.5,1.6,0.2,1.6,0.3
36,97,"GRANODIORITE [25292]",35.6,76.2,7.5,0.51208,0.1155,0.9,4.4,0.7,3.9,0.8,2.7,0.4,2.6,0.4
41,124,"GRANODIORITE [25300]",42,64,6.88,21,2.44,1.12,2.07,0.19,0.79,0.14,0.36,0.05,0.31,0.05
41,124,"GRANODIORITE [25300]",29,60,5.96,21,3.64,1.25,3.71,0.39,1.94,0.35,1.14,0.14,1,0.15
41,124,"GRANODIORITE [25300]",31,65,7.53,29,5.45,1.37,5.01,0.57,2.91,0.51,1.58,0.2,1.32,0.18
41,124,"GRANODIORITE [25300]",31,60,6.46,23,3.53,1.1,3.18,0.38,1.8,0.35,0.91,0.13,0.88,0.14
41,124,"GRANODIORITE [25300]",33,62,6.79,25,4.33,1.48,3.07,0.32,1.35,0.23,0.57,0.07,0.41,0.06
41,124,"GRANODIORITE [25300]",41,70,6.38,22,3.3,1.41,3.64,0.34,1.58,0.28,0.84,0.1,0.72,0.11
41,124,"GRANODIORITE [25300]",19.9,40,3.6,11.9,1.41,0.68,1.6,0.12,0.45,0.08,0.26,0.03,0.24,0.04
41,124,"GRANODIORITE [25300]",16.4,47,6.58,28,4.45,1.57,3.41,0.39,1.69,0.3,0.79,0.11,0.72,0.11
41,124,"GRANODIORITE [25300]",52,100,11.1,39,6.76,1.69,6.15,0.8,4.17,0.82,2.25,0.31,1.9,0.28
41,124,"GRANODIORITE [25300]",14.2,36,5,21,4.01,0.96,3.46,0.4,2.09,0.38,1.22,0.16,1.17,0.17
41,124,"GRANODIORITE [25300]",34,73,8.23,32,5.61,1.46,5.55,0.61,3.18,0.57,1.78,0.23,1.61,0.23
41,124,"GRANODIORITE [25300]",53,95,9.37,34,5.52,1.81,5.72,0.57,2.71,0.47,1.4,0.16,1.11,0.16
41,124,"GRANODIORITE [25300]",32,70,7.6,28,3.98,1.03,3.57,0.45,2.29,0.45,1.27,0.19,1.24,0.19
41,124,"GRANODIORITE [25300]",62,127,14.8,52,7.48,2.06,6.11,0.7,3.14,0.57,1.46,0.21,1.3,0.2
41,124,"GRANODIORITE [25300]",25,48,5.23,18.9,2.94,0.95,2.64,0.35,1.76,0.35,0.97,0.15,0.96,0.14
28.4,114.6,"GRANODIORITE, BIOTITE [25301]",30.5,64.8,7.77,30.7,7.03,1.19,6.47,1,5.98,1.19,3.29,0.47,3.02,0.43
28.4,114.6,"GRANODIORITE, BIOTITE [25301]",31.7,68.1,8.08,31.1,7.15,1.16,6.69,1.08,6.39,1.32,3.76,0.55,3.5,0.52
28.4,114.6,"GRANODIORITE [25301]",31.2,68.8,7.88,30.4,6.56,1.01,5.62,0.81,4.37,0.85,2.33,0.34,2.32,0.36
28.4,114.6,"GRANODIORITE [25301]",25.8,56.9,6.75,26.1,5.82,0.95,5.01,0.75,4.06,0.8,2.24,0.33,2.19,0.33
28.4,114.6,"GRANODIORITE [25301]",30.5,65.6,7.68,30.8,7.08,1.18,7.13,1.25,7.91,1.64,4.7,0.68,4.35,0.65
28.4,114.6,"GRANODIORITE [25301]",28.4,64.6,7.13,28.7,6.46,0.97,6.18,1.04,6.17,1.25,3.57,0.52,3.29,0.49
28.4,114.6,"GRANODIORITE [25301]",28,60.2,7.18,28,6.27,1.19,5.47,0.85,4.77,0.95,2.71,0.39,2.52,0.38
28.4,114.6,"GRANODIORITE [25301]",30.7,63.1,7.64,30.3,6.71,1.12,6.13,0.94,5.51,1.11,3.23,0.47,3.11,0.47
28.4,114.6,"GRANODIORITE [25301]",29.8,62.5,7.16,28,6.53,1.16,6.18,1.02,6.2,1.28,3.74,0.56,3.58,0.52
28.4,114.6,"GRANODIORITE, BIOTITE [25301]",30.4,65,7.65,30,6.56,1.03,6.07,0.95,5.46,1.07,3.09,0.46,2.99,0.45
28.4,114.6,"GRANODIORITE, BIOTITE [25301]",33.5,74,8.49,33.8,7.5,1.17,6.66,1.03,5.83,1.21,3.42,0.5,3.33,0.5
28.4,114.6,"GRANODIORITE, BIOTITE [25301]",21.7,46.3,5.53,21.5,5.04,0.99,4.71,0.82,4.9,1,2.88,0.42,2.65,0.39
28.4,114.6,"GRANODIORITE [25301]",35.3,78.7,8.97,34.8,7.86,1.22,6.79,1.03,5.75,1.13,3.24,0.48,3.1,0.46
28.4,114.6,"GRANODIORITE [25301]",31.7,68.6,8.04,32.2,7.18,1.15,6.22,0.92,5.24,1.05,2.97,0.44,2.86,0.44
28.4,114.6,"GRANODIORITE [25301]",31,66,7.91,31.3,6.95,1.2,6.27,0.97,5.76,1.2,3.45,0.49,3.25,0.47
28.827,113.599,"GRANODIORITE [25301]",18.38,38.2,4.45,17.1,3.54,0.92,3.35,0.52,2.96,0.57,1.74,0.25,1.7,0.25
28.827,113.599,"GRANODIORITE [25301]",17.8,36.5,4.14,15.28,2.94,0.64,2.63,0.36,1.91,0.36,1.01,0.14,0.92,0.13
28.827,113.599,"GRANODIORITE [25301]",27.46,57.13,6.55,24.59,4.45,1.03,3.71,0.53,2.71,0.5,1.39,0.17,1.07,0.15
35.3778,57.8461,"GRANODIORITE [25339]",36.3,77.2,8.74,36.2,7.86,1.39,7.29,1.36,7.84,1.73,5.18,0.71,4.63,0.74
35.3872,57.85,"GRANODIORITE [25339]",39.1,81.1,9.57,39.2,9.27,1.18,9.29,1.76,9.62,2.07,6.27,0.86,5.64,0.85
35.3869,57.8489,"GRANODIORITE [25339]",36,77.5,9.61,39,9.36,1.12,9.31,1.74,9.87,2.07,5.9,0.79,5.84,0.86
35.4003,57.8586,"GRANODIORITE [25339]",48.9,103.6,11.31,44.7,9.18,1.16,8.66,1.62,9.51,2.05,6.09,0.86,6.35,0.91
35.3669,57.7619,"GRANODIORITE [25339]",43.7,94.6,10.4,38.8,7.01,1.37,5.7,0.93,5.13,1,2.92,0.37,2.99,0.45
35.3661,57.7658,"GRANODIORITE [25339]",36.1,79.2,9.48,35.2,8.24,0.92,8.89,1.81,11.71,2.45,7.37,0.94,6.98,0.96
35.3694,57.7797,"GRANODIORITE [25339]",44.7,99.1,12,45.3,10.05,0.97,10.15,1.88,11.18,2.2,6.42,0.85,6.16,0.85
35.3692,57.7767,"GRANODIORITE [25339]",34.3,77.9,9.21,34,7.54,0.56,7.4,1.42,8.66,1.77,5.18,0.68,5.23,0.74
35.3661,57.7658,"GRANODIORITE [25339]",36.1,79.2,9.48,35.2,8.24,0.92,8.89,1.81,11.71,2.45,7.37,0.94,6.98,0.96
10.8538,-0.1703,"GRANODIORITE [25347]",16.8,35.1,4.88,20.5,3.78,1.17,2.69,0.32,1.47,0.26,0.6,0.1,0.51,0.08
10.8302,-1.0719,"GRANODIORITE [25347]",17,32.2,3.78,14,2.37,0.85,1.94,0.26,1.39,0.27,0.7,0.11,0.66,0.11
9.7971,-2.165,"GRANODIORITE [25347]",23,39.8,4.28,14.5,2.31,0.67,1.87,0.26,1.5,0.31,0.84,0.13,0.82,0.13
9.5075,-2.4655,"GRANODIORITE [25347]",18.5,35,3.86,14.2,2.57,0.68,2.08,0.33,1.87,0.37,0.99,0.14,0.92,0.14
10.67,-0.862,"GRANODIORITE [25347]",31.5,59.3,7.03,26.8,4.61,1.2,3.35,0.47,2.67,0.53,1.49,0.23,1.58,0.28
10.8674,-1.9281,"GRANODIORITE [25347]",30,54.4,5.97,20,3.26,0.8,2.42,0.34,1.78,0.34,0.87,0.13,0.77,0.12
10.7653,-2.8434,"GRANODIORITE [25347]",23.4,44.4,4.92,18.1,3.22,0.99,2.21,0.31,1.62,0.31,0.84,0.13,0.87,0.14
8.4819,-2.1834,"GRANODIORITE [25347]",23.4,49.2,6.13,23.9,4.42,1.17,3.07,0.4,2,0.39,1.01,0.14,0.92,0.16
9.7507,-2.1162,"GRANODIORITE [25347]",10.1,18.1,2.2,8.2,1.57,0.47,1.27,0.18,0.99,0.21,0.59,0.11,0.64,0.1
10.9867,-0.53,"GRANODIORITE [25347]",23,46.7,5.93,22.9,3.98,1.1,3.11,0.39,2.07,0.41,1.11,0.17,1,0.16
11.0403,-0.2785,"GRANODIORITE [25347]",27.7,51.3,6.03,21.9,4.23,1.13,3.96,0.59,3.14,0.6,1.56,0.22,1.26,0.17
10.653,-1.2717,"GRANODIORITE [25347]",22.5,42.5,5.1,19.2,3.52,0.91,2.89,0.38,2.06,0.4,1.04,0.16,0.99,0.15
10.1886,-1.9013,"GRANODIORITE [25347]",38.6,74.6,8.6,31.7,5.12,1.35,3.1,0.41,2.04,0.39,1.03,0.14,0.9,0.15
10.0939,-2.0927,"GRANODIORITE [25347]",16.8,37.3,4.69,20.4,4.22,0.9,3.86,0.58,3.58,0.73,2.14,0.35,2.4,0.38
52,39,"GRANODIORITE [25348]",70.4917874396135,110.184161030596,11.6289855072464,36.479569726248,5.44186795491143,0.885270708240216,3.87471819645733,0.53816425120773,2.58872785829308,0.496135265700483,1.36199677938808,0.180354267310789,1.18872785829308,0.184219001610306
52,39,"GRANODIORITE [25348]",39.1165048543689,71.915804648426,7.49338040600176,25.6587419829362,4.20020594292439,0.88963270115948,3.06031185642836,0.430714916151809,2.14857310973816,0.411738746690203,1.23050897322742,0.173580464842601,1.20329508679023,0.175345689908797
52,39,"GRANODIORITE [25348]",4.51670473911309,10.5,1.1537291718512,4.56696205443849,1.0729819156396,0.335079996313863,0.952757623037637,0.141988207355425,0.719463153105676,0.140542493881085,0.408750879627951,0.0589401294122277,0.404914036963898,0.0604344127602766
52,39,"GRANODIORITE [25348]",12.5571955719557,31.2,2.98130957872079,10.876722728321,1.97309348093481,0.521084011677957,1.57894757072571,0.224967327798278,1.07452827106396,0.208813806888069,0.592952413899139,0.0827375461254612,0.57059357702952,0.088962561500615
52,39,"GRANODIORITE [25348]",12.4066689388775,30.3898640460501,3.7931909414527,15.2227265962281,2.72417253654472,0.639030170642967,2.20192948572294,0.285692645610846,1.28224371354995,0.233677951980611,0.649407331667045,0.091996137241536,0.620973926380368,0.0911421646595471
52,39,"GRANODIORITE [25348]",13.2116442363956,30.7699921981666,3.24273454261752,11.8180736688122,1.94064267602887,0.532400152192361,1.45367271308758,0.189925882582407,0.88417895455432,0.167534620635849,0.478213380144334,0.0659742539496782,0.509501170275015,0.0806885118002731
52,39,"GRANODIORITE [25348]",13.85,34.11,3.76,13.99,2.31,0.57,1.59,0.2,0.97,0.18,0.47,0.07,0.46,0.07
52,39,"GRANODIORITE [25348]",10.5559525181514,26.0610906227191,2.73506588298567,10.6849936037801,1.87331931159003,0.510116710291852,1.32406169567055,0.171679920095271,0.686447985094695,0.122459759517498,0.315009027697745,0.041344934885329,0.274353175060505,0.0404786600591602
52,39,"GRANODIORITE [25348]",10.4972279378144,21.5494493979576,2.27582495046487,8.34334299268404,1.78136907483615,0.396573938297316,1.56757354061881,0.206609129705838,1.03238559289742,0.174192196311538,0.460671963115379,0.0597565157750343,0.416245141746685,0.0577255753696083
52,39,"GRANODIORITE [25348]",3.62462099943852,8.5011884708965,0.961501029384241,3.79639971925884,0.879777278682388,0.177825676304582,1.07952086842598,0.183398839603219,1.14885560546509,0.266657308628112,0.84505427662362,0.131218416619876,0.877379281302639,0.132676399026764
52,39,"GRANODIORITE [25348]",3.84360628154795,8.86417087306039,1.00066367545336,9.34,2.22,0.240144554378694,0.939190502897738,0.154449429799963,0.98890175733782,0.208870816975136,0.668769863525893,0.108076275939428,0.773492708917555,0.124479341933072
52,39,"GRANODIORITE [25348]",7.85647461494581,14.958880015212,1.71593458832478,4.75,1.09,0.370669942267131,1.97967864613044,0.319642517588895,1.870029568359,0.394875451606769,1.20587088800152,0.174244152880776,1.18374928693668,0.164031184635862
52,39,"GRANODIORITE [25348]",3.95786072729772,8.89407437959717,1.10243005430673,4.55346463188286,1.02416305767512,0.257481732834704,0.999614805985848,0.135079397813982,0.83797346531931,0.171513026740909,0.547879287825669,0.0749295387365092,0.558018835498728,0.0865126830274283
37.2735,114.1678,"GRANODIORITE [25351]",28.1,52.4,6.3,26.7,5.9,1.4,4.7,0.7,3.8,0.8,2.2,0.3,2,0.3
34.7667,99.3833,"GRANODIORITE [25357]",38.4,73.7,8.3,30.5,5.4,1.17,4.01,0.52,2.5,0.46,1.22,0.15,1.06,0.18
34.7667,99.3833,"GRANODIORITE [25357]",51.1,96,10,35.7,6.01,1.59,4.56,0.6,3.07,0.6,1.62,0.24,1.58,0.26
43.9267,135.4669,"GRANODIORITE [25364]",38.7,80.1,8.56,30.9,5.99,1.39,5.24,0.81,4.73,0.96,2.61,0.386,2.46,0.355
43.9172,135.4694,"GRANODIORITE [25364]",26.6,56.1,5.57,18.8,3.53,0.75,3.13,0.51,3.14,0.68,1.99,0.327,2.25,0.347
43.6706,135.2264,"GRANODIORITE [25364]",36.3,81.3,8.99,33.9,7.11,1.72,6.46,0.99,5.93,1.21,3.26,0.479,3.04,0.442
42.6844,133.0383,"GRANODIORITE [25364]",31.7,60.9,6.08,21.1,3.5,0.89,2.75,0.45,2.38,0.48,1.36,0.205,1.3,0.196
46.5008,135.8967,"GRANODIORITE [25364]",27.8,57.7,5.92,21.7,3.89,0.88,3.02,0.48,2.52,0.51,1.4,0.205,1.3,0.193
46.4036,135.8272,"GRANODIORITE [25364]",32.6,56.9,5.37,18.5,3.18,0.89,2.69,0.45,2.55,0.54,1.53,0.237,1.49,0.226
27,112,"GRANODIORITE, BIOTITE [25365]",21.9,37.1,4.77,18,3.71,0.8,3.56,0.56,3.12,0.63,1.83,0.26,1.9,0.27
27,112,"GRANODIORITE, BIOTITE [25365]",16.6,26.8,3.76,13.9,3.11,0.66,2.94,0.48,2.71,0.55,1.61,0.22,1.58,0.24
27,112,"GRANODIORITE, BIOTITE [25365]",33.5,58.8,6.65,23.4,4.31,1,3.7,0.54,2.93,0.55,1.65,0.22,1.46,0.21
27,112,"GRANODIORITE, BIOTITE [25365]",41.7,64.4,8.78,32.3,5.71,1.24,4.86,0.73,3.94,0.76,2.19,0.29,1.82,0.27
27,112,"GRANODIORITE, BIOTITE [25365]",29.1,57.6,6.79,25.4,5.66,1.06,5.1,0.85,4.73,0.93,2.9,0.4,2.67,0.38
40.5,40,"GRANODIORITE [25369]",32.6,57.2,5.47,18.4,3.63,0.82,3.32,0.53,2.56,0.61,1.75,0.26,1.93,0.29
40.5,40,"GRANODIORITE [25369]",32.2,55.2,5.34,18.3,3.52,0.81,3.21,0.51,2.51,0.6,1.71,0.25,1.91,0.28
40.5,40,"GRANODIORITE [25369]",31.7,53.9,5.12,18.2,3.21,0.78,2.98,0.46,2.48,0.47,1.56,0.23,1.49,0.26
40.5,40,"GRANODIORITE [25369]",31.5,51.9,5.07,18.4,3.01,0.79,2.82,0.4,2.47,0.45,1.5,0.24,1.37,0.27
36.5,105,"GRANODIORITE [25375]",28.3,67.2,6.13,22.8,3.74,1.02,3.03,0.39,2.1,0.39,1.05,0.13,0.89,0.13
36.5,105,"GRANODIORITE [25375]",20.6,48.7,4.65,20.3,3.45,0.91,2.51,0.29,1.43,0.27,0.74,0.11,0.63,0.1
37.5,102.5,"GRANODIORITE [25375]",31.2,60.2,6.86,24.3,3.5,0.93,3.04,0.36,1.91,0.37,0.96,0.15,0.93,0.15
37.5,102.5,"GRANODIORITE [25375]",20.8,50.5,5.51,21.5,3.28,0.9,2.43,0.29,1.56,0.28,0.72,0.1,0.66,0.1
36.5,105,"GRANODIORITE [25375]",24.3,53.8,5.92,21.8,3.47,0.88,2.87,0.38,2.05,0.39,1.08,0.15,0.98,0.15
36.5,105,"GRANODIORITE [25375]",40.5,80.4,8.35,30.2,4.92,1.25,3.16,0.42,2.45,0.49,1.38,0.21,1.33,0.21
36.5,105,"GRANODIORITE [25375]",13.6,25.5,2.82,10.5,1.91,0.52,1.36,0.18,0.99,0.19,0.51,0.07,0.48,0.08
36.5,105,"GRANODIORITE [25375]",15.9,24.8,3.03,10.62,1.95,0.62,1.68,0.23,1.09,0.2,0.51,0.08,0.49,0.07
29,57,"GRANODIORITE [25376]",20.3,40,4.58,17.2,3.69,0.7,3.38,0.6,3.33,0.74,2.22,11.15,2.32,0.36
26,101,"GRANODIORITE [25386]",17.7,37.1,4.49,17.6,3.44,1.13,3.05,0.45,2.65,0.55,1.52,0.23,1.42,0.22
27,101.5,"GRANODIORITE [25386]",27.5,53.4,6.17,22.5,3.93,0.98,2.96,0.41,2.23,0.43,1.17,0.17,1.03,0.15
27,101.5,"GRANODIORITE [25386]",26.9,53.3,6.1,22.3,4.02,1.01,3.05,0.43,2.26,0.44,1.18,0.17,1.04,0.15
32,103,"GRANODIORITE [25386]",2.1,4.5,0.83,4.51,1.48,0.59,1.51,0.22,1.29,0.26,0.71,0.11,0.66,0.1
24.4306,41.9609,"GRANODIORITE [25400]",37.2,74.2,8.06,30,5.2,1.15,4.68,0.68,3.88,0.78,2.28,0.33,1.91,0.32
24.4306,41.9609,"GRANODIORITE [25400]",31.8,70.6,7.47,29.3,5.84,1.21,5.23,0.84,4.61,0.97,2.83,0.42,2.95,0.45
40,27.5,"GRANODIORITE [25404]",51,96.4,10.99,40.1,6.33,1.38,4.85,0.77,4.11,0.76,2.47,0.37,2.34,0.36
40,27.5,"GRANODIORITE [25404]",49.8,96,11.05,40.7,6.42,1.41,5.24,0.81,4.24,0.81,2.41,0.39,2.49,0.39
40,27.5,"GRANODIORITE [25404]",46.8,90.3,10.49,37.7,6.41,1.43,5.23,0.83,4.66,0.78,2.57,0.38,2.44,0.39
40,27.5,"GRANODIORITE [25404]",47.7,91.4,10.09,35.7,5.73,1.34,4.56,0.73,3.76,0.76,2.11,0.33,2.19,0.34
40,27.5,"GRANODIORITE [25404]",46,93.2,10.72,39.6,6.54,1.41,5.05,0.79,4.31,0.81,2.36,0.38,2.5,0.39
40,27.5,"GRANODIORITE [25404]",52.5,101.5,11.63,41,6.77,1.45,5.61,0.87,4.69,0.84,2.58,0.39,2.62,0.4
40,27.5,"GRANODIORITE [25404]",44.8,89.2,10.59,38.9,6.48,1.41,5.33,0.85,4.3,0.82,2.51,0.39,2.49,0.37
40,27.5,"GRANODIORITE [25404]",46.6,80.8,9.92,35.6,5.99,1.53,5,0.73,3.72,0.74,2.03,0.35,2.02,0.35
40,27.5,"GRANODIORITE [25404]",70.7,130.2,14.13,47.6,7.64,1.46,5.81,0.81,3.91,0.78,2.35,0.37,2.38,0.39
40,27.5,"GRANODIORITE [25404]",50.5,97.1,10.95,37.6,7,1.4,5.45,0.8,4.45,0.84,2.59,0.43,2.65,0.42
40,27.5,"GRANODIORITE [25404]",44.7,87.1,10.03,37.2,6.4,1.45,5.11,0.75,4.13,0.73,2.34,0.37,2.46,0.36
40,27.5,"GRANODIORITE [25404]",57.1,109.4,12.97,49.8,8.3,1.5,6.75,1.03,5.21,1.02,3.09,0.5,3.16,0.48
40,27.5,"GRANODIORITE [25404]",46.7,79.2,9,34.4,5.33,1.33,4.04,0.62,3.15,0.62,1.79,0.29,1.74,0.27
40,27.5,"GRANODIORITE [25404]",51.9,88.1,10.15,36.2,5.93,1.35,4.7,0.69,3.51,0.71,2.06,0.33,2.04,0.33
40,27.5,"GRANODIORITE [25404]",48,77.1,9.07,30.8,5.15,1.11,3.75,0.53,2.7,0.51,1.46,0.23,1.41,0.23
40,27.5,"GRANODIORITE [25404]",53.2,88.3,10.22,34.9,6.17,1.4,4.73,0.71,3.73,0.72,2.13,0.33,2.1,0.33
40,27.5,"GRANODIORITE [25404]",51.3,89.3,10.78,36.3,6.5,1.38,5.14,0.79,4.2,0.78,2.4,0.37,2.53,0.39
40,27.5,"GRANODIORITE [25404]",58.7,98.6,11.93,37.9,6.82,1.44,5.18,0.8,4.24,0.8,2.23,0.36,2.45,0.38
40,27.5,"GRANODIORITE [25404]",55,93.6,11.05,39.2,6.5,1.42,5.39,0.75,4.09,0.83,2.23,0.39,2.39,0.4
40,27.5,"GRANODIORITE [25404]",51.3,95.9,11.09,40.9,6.76,1.39,5.4,0.81,4.27,0.84,2.45,0.41,2.5,0.41
40,27.5,"GRANODIORITE [25404]",52.8,101.7,11.83,42.7,6.91,1.48,5.41,0.85,4.12,0.8,2.32,0.36,2.31,0.36
40,27.5,"GRANODIORITE [25404]",58.5,108.5,12.46,45.4,7.11,1.45,5.78,0.89,4.45,0.88,2.55,0.41,2.62,0.41
40,27.5,"GRANODIORITE [25404]",57.4,107.8,12.75,44.7,7.83,1.39,6.24,0.97,4.94,0.99,2.61,0.44,2.68,0.42
40,27.5,"GRANODIORITE [25404]",42.9,78.8,9.56,33.7,5.61,1.37,4.77,0.72,3.78,0.74,2.17,0.36,2.17,0.36
40,27.5,"GRANODIORITE [25404]",45.3,80.2,9.24,31.6,5.19,1.24,4.55,0.69,3.75,0.74,1.98,0.33,2.05,0.35
40,27.5,"GRANODIORITE [25404]",52.9,92.3,10.47,34.1,5.37,1.32,4.43,0.63,3.46,0.65,1.87,0.32,2.15,0.34
40,27.5,"GRANODIORITE [25404]",54.1,96.6,12.03,41.6,7.01,1.66,5.91,0.88,4.75,0.85,2.4,0.4,2.34,0.34
40,27.5,"GRANODIORITE [25404]",56.8,86.3,10.35,34.3,5.84,1.54,4.88,0.71,3.85,0.7,1.93,0.3,1.98,0.3
40,27.5,"GRANODIORITE [25404]",46.3,80.9,9.05,32.7,5.21,1.25,4.08,0.61,3.14,0.6,1.78,0.28,1.78,0.3
40,27.5,"GRANODIORITE [25404]",48,94.6,11.08,41.9,6.57,1.36,5.34,0.77,4.08,0.79,2.25,0.36,2.34,0.36
40,27.5,"GRANODIORITE [25404]",44.4,97.6,12.07,47.1,7.5,1.42,6.14,0.94,4.89,0.95,2.87,0.46,2.89,0.49
40,27.5,"GRANODIORITE [25404]",58.1,117.7,13.83,51.7,8.72,1.52,6.84,1.03,5.49,1.07,3.04,0.5,3.31,0.52
40,27.5,"GRANODIORITE [25404]",52.4,96.6,10.55,38.6,5.86,1.38,4.78,0.69,3.56,0.72,2.06,0.32,2.1,0.33
40,27.5,"GRANODIORITE [25404]",50.9,81.4,8.91,32.3,5.52,2.41,4.66,0.71,3.75,0.75,2.19,0.35,2.35,0.33
40,27.5,"GRANODIORITE [25404]",36.6,65.5,7.77,30.3,4.92,0.85,3.99,0.58,3.13,0.6,1.72,0.28,1.87,0.29
40,27.5,"GRANODIORITE [25404]",48.8,87.5,10.02,36,6.16,1.33,4.78,0.73,3.96,0.72,2.13,0.35,2.35,0.35
39.5,27,"GRANODIORITE [25404]",21.2,43.6,5.04,20.7,4.26,1.23,4.2,0.69,4.09,0.87,2.23,0.43,2.47,0.39
39.5,27,"GRANODIORITE [25404]",30.8,52.8,5,18.4,2.59,0.81,2.09,0.33,1.75,0.33,1.12,0.18,1.39,0.23
39.5,27,"GRANODIORITE [25404]",32.6,57.2,5.63,19,3.06,0.87,2.78,0.37,2.06,0.43,1.33,0.2,1.38,0.24
39.5,27,"GRANODIORITE [25404]",28.8,55.5,6.1,23.7,3.82,1.09,3.18,0.51,3.09,0.55,1.64,0.26,1.73,0.3
39.5,27,"GRANODIORITE [25404]",32.9,65.7,7.27,28.8,5.44,1.29,4.28,0.7,3.85,0.73,2.19,0.36,1.88,0.31
39.5,27,"GRANODIORITE [25404]",13.2,32.2,3.94,16.1,3.39,0.92,3.13,0.47,3.1,0.6,1.62,0.28,1.76,0.27
39.5,27,"GRANODIORITE [25404]",41.7,72,7.08,25.3,4.36,1.28,3.75,0.6,3.23,0.65,2.03,0.29,1.91,0.32
39.5,27,"GRANODIORITE [25404]",51.1,86.6,8.67,29.5,5.26,1.28,3.94,0.58,3.01,0.66,1.9,0.31,1.95,0.28
0.2314,109.1279,"GRANODIORITE [25417]",24.7,47.1,6.33,23.7,4.55,1.01,3.8,0.61,3.51,0.728,2.15,0.347,2.3,0.375
0.83,109.7,"GRANODIORITE [25417]",9.03,18.6,2.67,11.7,2.87,0.882,2.96,0.541,3.48,0.747,2.24,0.354,2.31,0.374
0.83,109.7,"GRANODIORITE [25417]",9.64,18.9,2.85,12.7,3.16,1,3.34,0.639,4.19,0.906,2.75,0.416,2.74,0.438
0.7025,109.4189,"GRANODIORITE [25417]",9.58,20,2.83,12.3,3.08,0.938,3.04,0.581,3.68,0.791,2.39,0.377,2.5,0.4
0.3862,109.873,"GRANODIORITE [25417]",17.6,33.7,4.34,17.1,3.59,0.97,3.34,0.585,3.51,0.733,2.2,0.341,2.25,0.368
0.83,109.7,"GRANODIORITE [25417]",15.7,30.3,3.94,16,3.54,0.887,3.31,0.58,3.61,0.744,2.19,0.345,2.25,0.359
0.069,110.069,"GRANODIORITE [25417]",10.6,21.9,2.99,12.3,2.61,0.814,2.45,0.428,2.61,0.552,1.7,0.267,1.77,0.296
0.83,109.7,"GRANODIORITE [25417]",13.4,26.3,3.42,13.5,2.87,0.807,2.69,0.461,2.82,0.588,1.79,0.277,1.95,0.32
0.83,109.7,"GRANODIORITE [25417]",15.8,29.2,3.57,13.6,2.73,0.805,2.59,0.428,2.63,0.542,1.67,0.259,1.76,0.291
61,60,"GRANODIORITE [25425]",11.4,31.4,5.27,25.7,7.63,2.28,8.34,1.57,9.99,2.14,6.78,0.92,6.72,0.96
74.548167,85.043333,"GRANODIORITE [25431]",31.3,57.7,6.12,25.6905970285967,3.94940540628968,0.84,2.23,0.29,1.51,0.3,0.88,0.12,0.92,0.14
74.508667,85.193333,"GRANODIORITE [25431]",26.5,50.2,5.27,21.7458344961081,2.77,0.79,2,0.27,1.38,0.26,0.74,0.12,0.74,0.12
74.992694,89.599139,"GRANODIORITE [25431]",10.3,21.7,2.64,10.4,2.08,0.62,1.12,0.18,0.91,0.15,0.4,0.066,0.44,0.048
33.3547,88.7094,"GRANODIORITE [25439]",31.6,62.3,7.62,29,5.41,1.14,4.65,0.79,4.67,0.88,2.66,0.42,2.75,0.42
33.3572,88.7119,"GRANODIORITE [25439]",43.7,83.9,9.45,35.6,6.26,1.37,4.78,0.77,4.22,0.81,2.35,0.35,2.33,0.36
33.3589,88.7111,"GRANODIORITE [25439]",38.5,75.6,8.48,32.8,5.93,1.29,4.66,0.77,4.17,0.79,2.28,0.33,2.11,0.34
33.3553,88.6908,"GRANODIORITE [25439]",53.4,99.8,11.8,43.2,7.31,1.4,5.7,0.86,4.67,0.89,2.5,0.39,2.4,0.39
33.2764,88.5614,"GRANODIORITE [25439]",34.4,69.5,7.82,30.6,5.69,1.31,4.5,0.7,4.01,0.74,2.12,0.34,2.21,0.33
33.3156,88.5428,"GRANODIORITE [25439]",46.5,85.4,8.98,32.9,5.95,1.35,4.39,0.72,3.98,0.79,2.26,0.35,2.36,0.37
33.3783,88.48,"GRANODIORITE [25439]",45.6,88.2,9,33.7,5.78,1.36,4.82,0.85,4.5,0.81,2.39,0.4,2.62,0.44
33.5,109.5,"GRANODIORITE [25441]",26.5,54.9,6.68,26,4.73,1.16,4.02,0.54,2.96,0.56,1.68,0.22,1.71,0.28
33.5,109.5,"GRANODIORITE [25441]",25.9,51.5,6.37,24.2,4.3,1.05,3.55,0.45,2.36,0.44,1.38,0.16,1.31,0.21
33.5,109.5,"GRANODIORITE [25441]",26.3,51,6.29,23.5,4.08,1.07,3.49,0.47,2.54,0.45,1.4,0.17,1.35,0.21
21.4772,103.0703,"GRANODIORITE [25443]",43.8,83.5,8.66,30.8,6.11,1.07,6.06,0.84,4.85,0.91,2.29,0.29,1.99,0.27
21.4772,103.0703,"GRANODIORITE [25443]",48.6,89,10,36.4,7.79,1.33,6.06,1.02,5.47,1.04,2.85,0.35,2.13,0.31
21.4772,103.0703,"GRANODIORITE [25443]",44.9,83,9.28,33.6,7.27,1.3,5.67,0.96,5.23,0.97,2.75,0.32,2,0.28
43.5,113.5,"GRANODIORITE [25449]",10.72,22.02,2.47,9.89,2.19,0.68,2.07,0.38,2.17,0.5,1.46,0.19,1.57,0.26
43.5,113.5,"GRANODIORITE [25449]",11.31,22.03,2.45,10.08,2.13,0.74,2.04,0.36,2.3,0.5,1.52,0.23,1.58,0.26
41.3028,106.6604,"GRANODIORITE [25452]",11.1,21.3,2.47,8.3,2.28,0.59,2.08,0.32,2.1,0.34,0.82,0.13,0.74,0.11
41.3028,106.6604,"GRANODIORITE [25452]",9.6,20,2.21,8.2,1.83,0.5,1.73,0.27,1.78,0.32,0.93,0.12,0.8,0.12
41.3028,106.6604,"GRANODIORITE [25452]",13.8,30.6,3.03,9.6,2.26,0.56,2.43,0.33,2.02,0.38,1,0.14,0.9,0.13
41.2529,106.856,"GRANODIORITE [25452]",33.6,71.4,7.88,31.3,5.55,1.37,5.06,0.77,4.34,0.92,2.66,0.37,2.52,0.39
41.2529,106.856,"GRANODIORITE [25452]",20.8,44.4,5.42,18.4,4.92,1.4,4.81,0.79,5.13,0.98,2.47,0.39,2.68,0.4
41.2529,106.856,"GRANODIORITE [25452]",17.1,38.4,4.64,16.3,4.53,1.29,4.68,0.76,4.59,0.86,2.52,0.4,2.55,0.4
41.2529,106.856,"GRANODIORITE [25452]",32.2,66.8,7.51,26.5,5.89,1.41,5.39,0.78,4.9,0.87,2.35,0.38,2.13,0.34
35.5,101.75,"GRANODIORITE [25456]",35,67.9,7.83,27.8,4.87,0.843,3.85,0.531,2.81,0.556,1.48,0.219,1.46,0.224
35.5,101.75,"GRANODIORITE [25456]",27.5,53.7,6.34,23.7,4.82,0.899,3.98,0.611,3.4,0.672,1.87,0.282,1.88,0.297
35.5,101.75,"GRANODIORITE [25456]",36.3,71.2,8.32,29.9,5.42,0.741,4.24,0.592,3.24,0.641,1.72,0.259,1.71,0.269
35.5,101.75,"GRANODIORITE [25456]",27.3,54.2,6.42,23.2,4.54,0.782,3.88,0.598,3.51,0.731,2.07,0.321,2.2,0.352
35.5,101.75,"GRANODIORITE [25456]",30.2,62,7.51,27.7,5.53,0.815,4.51,0.682,3.85,0.775,2.13,0.321,2.09,0.319
35.5,101.75,"GRANODIORITE [25456]",28.8,56.8,6.62,24.2,4.73,0.824,4,0.611,3.53,0.729,2.06,0.318,2.15,0.339
35.5,101.75,"GRANODIORITE [25456]",32.2,61.5,7.1,25.8,4.86,0.83,4.01,0.587,3.25,0.648,1.77,0.266,1.77,0.28
35.5,101.75,"GRANODIORITE [25456]",24.4,49.2,6.08,23.5,5.13,0.903,4.49,0.723,4.19,0.863,2.41,0.372,2.5,0.398
35.5,101.75,"GRANODIORITE [25456]",40.8,79.4,9.05,32,5.58,0.796,4.53,0.634,3.57,0.711,1.96,0.291,1.96,0.309
35.5,101.75,"GRANODIORITE [25456]",33.2,65.4,7.61,27.1,5.15,0.764,4.42,0.699,4.09,0.863,2.47,0.392,2.71,0.437
32,85,"GRANODIORITE [25458]",25.1,46,5.13,18.7,3.36,0.99,2.9,0.38,2.18,0.41,1.21,0.17,1.15,0.17
32,85,"GRANODIORITE [25458]",39.3,66.2,6.53,21.6,3.4,1.01,2.81,0.37,2.01,0.38,1.12,0.16,1.08,0.16
32,85,"GRANODIORITE [25458]",30.9,53.9,5.65,19.7,3.37,1,2.88,0.37,2.11,0.4,1.18,0.16,1.13,0.17
32,85,"GRANODIORITE [25458]",29.1,52.6,5.58,19.6,3.52,1.04,3.01,0.41,2.3,0.45,1.29,0.19,1.27,0.19
32,85,"GRANODIORITE [25458]",25.5,48.2,5.49,20.5,3.85,1.08,3.24,0.43,2.48,0.47,1.38,0.19,1.31,0.2
32,85,"GRANODIORITE [25458]",21.9,43.3,5.16,19.7,3.76,1.04,3.21,0.43,2.47,0.46,1.34,0.19,1.27,0.18
32,85,"GRANODIORITE [25458]",39.4,68.2,7.13,24.7,4.19,1.1,3.51,0.45,2.55,0.48,1.41,0.2,1.37,0.2
32,85,"GRANODIORITE [25458]",26.3,43.3,4.92,17.2,2.86,0.91,2.49,0.33,1.88,0.37,1.04,0.15,0.98,0.15
32,85,"GRANODIORITE [25458]",22.8,40.8,4.42,15.4,2.62,0.86,2.23,0.29,1.67,0.32,0.91,0.13,0.88,0.14
32,85,"GRANODIORITE [25458]",23,41.6,4.46,15.7,2.66,0.85,2.32,0.31,1.76,0.34,0.98,0.14,0.92,0.14
32,85,"GRANODIORITE [25458]",26.9,44.6,5.08,17.7,2.86,0.92,2.33,0.29,1.57,0.3,0.86,0.12,0.86,0.14
32,85,"GRANODIORITE [25458]",24.4,43.2,4.71,16.4,2.68,0.85,2.18,0.28,1.47,0.28,0.78,0.12,0.79,0.13
32,85,"GRANODIORITE [25458]",25.2,45.7,4.93,17.3,3,0.96,2.63,0.36,2.02,0.4,1.12,0.16,1.06,0.16
32,85,"GRANODIORITE [25458]",22.2,41.1,4.33,15.1,2.59,0.86,2.25,0.3,1.7,0.33,0.93,0.13,0.89,0.13
32,85,"GRANODIORITE [25458]",23.9,42.4,4.64,16.2,2.66,0.85,2.16,0.27,1.42,0.27,0.77,0.11,0.8,0.13
32,85,"GRANODIORITE [25458]",23.9,42.4,4.64,16.3,2.74,0.89,2.26,0.28,1.51,0.28,0.8,0.12,0.8,0.13
41.6,94.5,"GRANODIORITE [25480]",40.8,71.5,8.14,28,4.73,1.02,4.19,0.53,3.39,0.72,2.08,0.32,1.92,0.28
41.6,94.5,"GRANODIORITE [25480]",35.8,56.4,6.63,23.3,4.04,0.95,3.72,0.46,2.98,0.6,1.75,0.27,1.69,0.27
41.6,94.5,"GRANODIORITE [25480]",36.6,65.3,7.1,24.9,4.54,0.97,4.06,0.53,3.5,0.74,2.05,0.31,2.06,0.31
-27,-48.5,"GRANODIORITE [25482]",81.3,146.1,15.45,57.1,9.47,1.95,8.43,1.11,6.18,1.18,3.32,0.48,2.98,0.43
-27,-48.5,"GRANODIORITE [25482]",43.2,89.8,9.16,33.8,5.86,1.12,4.55,0.68,3.22,0.62,1.78,0.26,1.43,0.2
-27,-48.5,"GRANODIORITE [25482]",39,56.7,6.49,25.8,4.78,1.04,4.07,0.53,2.6,0.48,1.44,0.19,1.06,0.17
-27,-48.5,"GRANODIORITE [25482]",37.8,54.2,5.58,25,4.83,1,3.34,0.45,2.13,0.32,0.89,0.11,0.68,0.1
-27,-48.5,"GRANODIORITE [25482]",59.2,115.4,12.22,45.6,7.82,1.57,6.33,0.88,4.23,0.92,2.6,0.36,2.35,0.32
-27,-48.5,"GRANODIORITE [25482]",36.4,81.5,8.5,34.1,5.85,1.04,4.13,0.55,2.63,0.48,1.3,0.21,1.37,0.19
-27,-48.5,"GRANODIORITE [25482]",50.5,103.8,11.03,41.9,7.29,1.42,5.61,0.76,3.8,0.7,1.88,0.28,1.73,0.23
-27,-48.5,"GRANODIORITE [25482]",29.9,61.8,7.16,26.1,5.4,1.11,4.63,0.73,3.85,0.77,2.65,0.44,2.92,0.42
-27,-48.5,"GRANODIORITE [25482]",39.1,76.1,8.29,30.3,5.29,1.05,4.04,0.55,2.83,0.46,1.41,0.19,1.48,0.2
-27,-48.5,"GRANODIORITE [25482]",46.5,96.6,10.43,40.9,8.02,1.33,7.16,1.08,5.31,1,2.64,0.38,2.18,0.28
-27,-48.5,"GRANODIORITE [25482]",39.1,82,8.42,30.5,5.42,1.19,4.29,0.59,3,0.5,1.52,0.23,1.63,0.25
43.4745,83.421,"GRANODIORITE [25492]",32.4,67.4,7.52,30.2,5.33,1.15,4.78,0.928,5.09,1.08,3.05,0.592,3.82,0.49
43.4745,83.421,"GRANODIORITE [25492]",37.5,74.9,9.27,35.6,7.2,1.67,6.63,1.2,6.65,1.33,3.73,0.71,4.58,0.534
43.4745,83.421,"GRANODIORITE [25492]",39.3,81.6,10,38.6,7.52,1.81,6.94,1.33,7.15,1.42,3.87,0.723,4.48,0.558
43.4745,83.421,"GRANODIORITE [25492]",39.3,78.9,9.01,34,6.06,1.49,5.54,1.08,5.8,1.23,3.26,0.601,4.01,0.513
43.4745,83.421,"GRANODIORITE [25492]",34.4,72.2,8.49,31.6,5.91,1.41,5.8,1.1,5.78,1.18,3.25,0.642,4.12,0.49
43.4745,83.421,"GRANODIORITE [25492]",32.5,71.9,8.88,35.3,6.9,1.7,6.94,1.3,7.24,1.58,4.3,0.872,5.65,0.683
31.4863,113.0708,"GRANODIORITE [25505]",20.1,44.5,5.34,19.1,3.63,0.91,3.21,0.44,2.52,0.49,1.23,0.18,1.28,0.19
31.4899,13.0706,"GRANODIORITE [25505]",28.4,56.4,6.54,22.5,4.43,1.04,3.56,0.48,2.91,0.55,1.5,0.23,1.65,0.25
31.4885,113.0685,"GRANODIORITE [25505]",22.4,49.8,6.03,22.2,4.57,1.27,3.81,0.49,3.16,0.55,1.5,0.21,1.5,0.24
31.4862,113.0648,"GRANODIORITE [25505]",20.9,43.2,5.22,20.3,4.28,1.21,3.79,0.49,3.13,0.57,1.49,0.22,1.37,0.22
31.4969,13.0636,"GRANODIORITE [25505]",20,42.2,5.27,19.8,4.16,1.19,3.38,0.45,2.79,0.5,1.33,0.2,1.27,0.19
31.4927,13.0592,"GRANODIORITE [25505]",19,39.1,5.02,19.2,4.36,1.2,3.52,0.49,3.07,0.53,1.4,0.2,1.3,0.18
31.4923,113.066,"GRANODIORITE [25505]",30.5,62.6,8.58,32.8,6.02,1.06,4.97,0.74,3.79,0.69,1.96,0.29,1.82,0.23
31.493,113.0595,"GRANODIORITE [25505]",19.8,37.1,5.11,19.6,3.86,1.05,3.35,0.49,2.4,0.46,1.26,0.2,1.19,0.18
31.4962,13.0552,"GRANODIORITE [25505]",19.8,41.7,5.68,21.8,4.35,1.1,3.64,0.56,2.76,0.54,1.47,0.22,1.47,0.23
50,41,"GRANODIORITE [25520]",28.15,58.2,6.76,25.24,4.64,0.98,3.42,0.49,2.76,0.55,1.53,0.25,1.49,0.23
50,41,"GRANODIORITE [25520]",28.6,56.4,6.85,25.8,4.53,1.06,3.55,0.494,2.81,0.557,1.5,0.231,1.44,0.22
50,41,"GRANODIORITE [25520]",23.2,48.9,5.71,21.6,3.88,0.948,2.9,0.42,2.42,0.497,1.33,0.211,1.27,0.192
50,41,"GRANODIORITE [25520]",24.2,48.6,5.95,23,4.13,0.899,3.24,0.448,2.66,0.52,1.41,0.212,1.39,0.207
50,41,"GRANODIORITE [25520]",26.8,55.2,6.43,24.7,4.49,0.982,3.6,0.523,2.95,0.588,1.65,0.247,1.52,0.229
50,41,"GRANODIORITE [25520]",32.9,62.6,7.42,27.1,4.46,1.02,3.34,0.445,2.62,0.508,1.37,0.213,1.35,0.21
50,41,"GRANODIORITE [25520]",26.5,50.9,6.3,23.4,4.07,0.941,3.15,0.422,2.49,0.49,1.31,0.199,1.26,0.193
50,41,"GRANODIORITE [25520]",28.6,54.2,6.56,24,4.22,0.883,3.17,0.433,2.53,0.494,1.4,0.202,1.3,0.193
50,41,"GRANODIORITE [25520]",28.1,54.4,6.59,24.2,4.14,0.909,3.13,0.437,2.55,0.52,1.41,0.208,1.34,0.208
51.8188,125.1672,"GRANODIORITE [25562]",28.89,65.34,7.53,29.3,5.21,1.09,3.93,0.55,3.08,0.6,1.58,0.25,1.55,0.34
51.8188,125.1672,"GRANODIORITE [25562]",31.67,68.27,9.45,36.54,7.03,1.57,5.84,1.03,5.93,1.12,3.45,0.59,3.66,0.48
51.8188,125.1672,"GRANODIORITE [25562]",74.86,163.9,20.46,76.62,12.34,2.9,9.82,1.48,7.25,1.3,3.74,0.55,3.05,0.36
51.8188,125.1672,"GRANODIORITE [25562]",90.6,172,17.8,58.4,8.25,2.19,7.06,0.99,5.19,1.03,3.01,0.46,3.3,0.5
51.8188,125.1672,"GRANODIORITE [25562]",35.52,76.47,9.14,33.99,5.75,1.27,4.54,0.7,3.7,0.67,2.03,0.32,1.92,0.28
9.2,104.8,"GRANODIORITE [25564]",45.8,98.7,11.1,39.6,7.36,1.07,6.14,0.79,4.03,0.74,2.04,0.28,1.9,0.27
9.2,104.8,"GRANODIORITE [25564]",22.8,52.1,5.91,23.5,5.43,0.93,5.51,0.86,5.14,1.03,2.94,0.41,2.75,0.39
9.2,104.8,"GRANODIORITE [25564]",29,60.4,7.14,26.6,5.36,1.05,4.55,0.63,3.31,0.61,1.64,0.23,1.46,0.2
29.3235666666667,92.7391833333333,"GRANODIORITE [25572]",63.3,117,13.1,47.3,6.65,1.66,6.04,0.66,2.78,0.5,1.6,0.21,1.45,0.23
29.2205666666667,92.6931333333333,"GRANODIORITE [25572]",13,30,3.72,14.9,3.13,0.75,2.76,0.42,2.45,0.48,1.42,0.22,1.48,0.23
29.3,92.7,"GRANODIORITE [25572]",44.9,82.6,8.26,28,4.37,0.81,2.99,0.43,2.18,0.41,1.22,0.19,1.32,0.2
29.3,92.7,"GRANODIORITE [25572]",31.2,60.5,6.53,23.1,3.83,0.78,2.7,0.37,2.07,0.39,1.1,0.16,1.21,0.19
23.533,35.133,"GRANODIORITE [25590]",34.41243318,75.55814093,9.110758784,38.086979127,10.470701928,2.4167205132,9.782827463,1.6202902707,9.553772112,1.9010852406,5.47045936,0.7851998596,5.164897388,0.7679151252
23.533,35.133,"GRANODIORITE [25590]",39.77051733,81.26468053,10.348812864,44.460076283,11.679026172,2.793008657,11.112207959,1.8237958621,10.275321846,2.1791650608,6.1575392,0.8678775768,4.846114973,0.6822284544
23.533,35.133,"GRANODIORITE [25590]",43.1652603,93.15160873,12.190928128,51.42938158,14.662933352,3.6036634053,12.170994225,1.9794719498,11.555362674,2.4506329302,6.74423792,0.9082832694,5.504649731,0.8110145466
23.533,35.133,"GRANODIORITE [25590]",43.95816039,102.02722347,13.231524224,55.31359367,13.387366936,3.0870989134,13.951297179,2.148436267,12.888857088,2.7584280906,7.51568304,1.0506605408,6.029140075,0.8802413328
23.533,35.133,"GRANODIORITE [25590]",47.27810379,105.71365222,14.101907488,61.69680972,15.77035312,3.8059198041,15.280595687,2.4626971638,14.507674602,2.9938827828,7.86558992,1.1187554027,6.603604658,0.9729264822
23.533,35.133,"GRANODIORITE [25590]",50.38810785,115.78619237,15.85864304,68.81665036,19.79956432,5.3297236685,17.04398384,2.9275870795,16.629773922,3.3091240728,8.69379824,1.2592691085,7.031594178,1.0743926508
29.49,90.27,"GRANODIORITE [25600]",25.4424246190822,49.4870289020758,5.34897564737592,18.8023257611918,3.15663669867028,0.763876473071465,2.40430404483131,0.34316469859278,2.0019773009728,0.37842645221004,1.12469808561615,0.17369303810273,1.16993781641441,0.180906291254297
36.5,46.68,"GRANODIORITE [25603]",12.5510041975471,20.9339101879275,2.22709360396136,7.82285736111499,1.40632776727962,0.57945226023445,0.967795989658778,0.125259848659107,0.719995966868082,0.143566556635342,0.407804919135176,0.0513757161321818,0.336309659423345,0.046531976718995
36.5,46.68,"GRANODIORITE [25603]",19.3926412138529,31.5507840676816,3.0966670464983,10.9297528728957,1.87369142663336,0.609184960069525,1.30726926636374,0.15913532455174,0.790653764176247,0.129897203481021,0.320965332044052,0.0438608553006566,0.293866748449537,0.0468978529221206
36.5,46.68,"GRANODIORITE [25603]",16.3626106468517,28.1114755522518,2.80529970056892,9.86275642096051,1.39891759767166,0.60187545698826,1.07172359501598,0.124104556720229,0.693556853437924,0.132110177877437,0.322069038781909,0.0557432463629067,0.246856533410399,0.045010808216814
36.5,46.68,"GRANODIORITE [25603]",20.7777256728152,35.4031493800148,3.55662928501654,12.0110214518202,1.69875483543459,0.443853802833968,1.08580571827788,0.127972836217191,0.654382036136605,0.120676775495515,0.294443897487619,0.0356112542030535,0.21314768797993,0.037732101369771
36.5,46.68,"GRANODIORITE [25603]",21.6697155177943,37.1699491212745,3.85339123926037,13.5309364061174,2.05535345508763,0.655925796565999,1.49346429134272,0.175173377817742,0.857532532663822,0.150971583783145,0.413577663532238,0.0539849140994691,0.373798629230939,0.0408164264063504
36.5,46.68,"GRANODIORITE [25603]",16.9081614452786,26.528008525305,2.54185552515085,8.71994526153602,1.30381361656487,0.612269563191333,1.02260258331028,0.115148228482884,0.563735268954303,0.104549939209474,0.308541108499537,0.0508205897998269,0.20390542674638,0.0316777658837149
36.5,46.68,"GRANODIORITE [25603]",18.6352805187342,29.010268624181,2.79986557420215,9.25263959118417,1.30145330443624,0.570296487277664,0.839771371098583,0.0987767478438034,0.564643084594167,0.0942083736088831,0.221152210875614,0.0324747954514958,0.219405815210419,0.0259553137542729
46.14611,104.99583,"GRANODIORITE [25607]",28,54,6.5,26.9091862412774,4.27006692250318,0.92,2.7,0.36,1.63,0.29,0.76,0.12,0.75,0.11
46.16278,105.00028,"GRANODIORITE [25607]",35.8,65.1,7.58,25.6,4.19,1,2.73,0.38,1.91,0.31,0.89,0.128,0.78,0.117
46.17944,104.99833,"GRANODIORITE [25607]",29.2,59.1,6.65,23.7,4.46,1.02,3.54,0.56,3.24,0.66,1.93,0.265,1.87,0.326
46.90383,104.54139,"GRANODIORITE [25607]",16.474,29.538,3.671,13.566,2.616,0.773,2.215,0.335,1.806,0.354,0.973,0.15,0.978,0.155
46.93911,104.50844,"GRANODIORITE [25607]",37.272,74.8,8.432,29.553,4.855,1.079,3.916,0.558,2.75,0.527,1.499,0.234,1.522,0.24
46.97219,104.46247,"GRANODIORITE [25607]",24.679,42.31,5.116,17.883,2.771,0.844,2.145,0.293,1.4,0.267,0.749,0.115,0.766,0.125
46.98722,104.49553,"GRANODIORITE [25607]",23.514,49.203,6.44,24.602,4.709,1.164,3.606,0.519,2.452,0.474,1.38,0.21,1.382,0.217
46.74483,104.55986,"GRANODIORITE [25607]",29.99,55.486,6.333,23.412,4.001,0.665,3.18,0.476,2.762,0.572,1.722,0.269,1.925,0.318
46.73469,104.56978,"GRANODIORITE [25607]",55.167,97.285,10.638,35.815,4.868,0.85,3.392,0.401,1.986,0.389,1.082,0.157,1.091,0.17
46.72194,104.58061,"GRANODIORITE [25607]",24.973,48.996,5.307,18.957,3.14,0.562,2.343,0.302,1.552,0.297,0.807,0.111,0.735,0.117
46.64194,104.55217,"GRANODIORITE [25607]",32.937,59.854,6.437,22.354,3.586,0.855,2.77,0.366,1.985,0.371,1.022,0.164,1.102,0.18
46.77197,104.56,"GRANODIORITE [25607]",25.23,39.641,4.563,15.994,2.363,0.711,1.944,0.243,1.144,0.224,0.597,0.093,0.634,0.099
46.93847,104.33722,"GRANODIORITE [25607]",36,74,8.6,19.6203980586525,4.9265332598323,1.27,4.7,0.68,3.5,0.68,2,0.31,1.85,0.27
49.6,8.58,"GRANODIORITE [25610]",29,55,5.4,20,3.5,0.94,3.2,0.48,2.9,0.6,1.9,0.26,1.8,0.29
39.33,116.33,"GRANODIORITE [25618]",23.6,45.4,5.67,22.1,4.68,1.13,4.5,0.69,4.09,0.73,2.15,0.32,2.02,0.31
39.33,116.33,"GRANODIORITE [25618]",28.8,56.1,6.52,25.7,5.12,1.12,4.85,0.67,3.72,0.67,1.91,0.28,1.8,0.27
39.33,116.33,"GRANODIORITE [25618]",24,45.2,5.62,21.5,4.32,1.05,4.08,0.56,3.44,0.58,1.67,0.26,1.61,0.26
39.33,116.33,"GRANODIORITE [25618]",26,49.2,5.8,22.8,4.47,1.08,4.37,0.57,3.16,0.58,1.57,0.24,1.44,0.24
39.33,116.33,"GRANODIORITE [25618]",28,54.5,6.46,25,5.33,1.16,4.75,0.78,4.38,0.83,2.29,0.36,2.18,0.32
39.33,116.33,"GRANODIORITE [25618]",22.1,43.2,5.29,20.9,4.54,1.09,4.21,0.66,3.68,0.68,2,0.28,1.72,0.25
47.3,73.7,"GRANODIORITE [25619]",20.7,41.8,5.35,22.2,4.13,1.19,3.37,0.564,2.79,0.534,1.53,0.25,1.66,0.246
47.3,73.7,"GRANODIORITE [25619]",31.2,60.3,7.11,28.1,4.87,1.18,3.83,0.642,3.25,0.603,1.73,0.297,2.01,0.307
25,99,"GRANODIORITE [25620]",30.4,56.3,5.46,17.9,2.63,0.71,2.26,0.3,1.49,0.3,0.93,0.14,0.95,0.15
25,99,"GRANODIORITE [25620]",32,58.7,5.88,19.4,3.22,0.86,2.81,0.4,1.99,0.37,1.05,0.13,0.84,0.13
25,99,"GRANODIORITE [25620]",30,56.1,5.43,18.5,3.28,0.92,2.97,0.43,2.2,0.42,1.2,0.15,0.95,0.14
25,99,"GRANODIORITE [25620]",32.2,57.4,6.07,20.6,3.35,0.89,3.07,0.41,2.11,0.39,1.12,0.15,0.89,0.13
25,99,"GRANODIORITE [25620]",33.5,66.2,7.16,25.1,4.65,1.17,4.39,0.68,3.98,0.78,2.27,0.3,1.94,0.29
25,99,"GRANODIORITE [25620]",34.4,67.9,7.2,25.7,4.78,1.14,4.37,0.68,3.95,0.77,2.27,0.3,1.97,0.28
25,99,"GRANODIORITE [25620]",25.1,54.1,5.97,22.2,4.74,1.2,4.39,0.71,4.2,0.81,2.46,0.34,2.11,0.32
25,99,"GRANODIORITE [25620]",43.6,83.8,8.75,30.5,5.54,1.28,5.04,0.77,4.54,0.87,2.62,0.35,2.24,0.33
25,99,"GRANODIORITE [25620]",34.2,66.1,6.91,23.9,4.39,1.04,4.32,0.65,3.84,0.75,2.34,0.33,2.18,0.32
25,99,"GRANODIORITE [25620]",36.6,69.3,7.38,24.8,4.44,1.1,4.63,0.65,3.81,0.75,2.33,0.33,2.21,0.33
25,99,"GRANODIORITE [25620]",36.7,70.4,7.48,25,4.69,1.06,4.64,0.68,3.99,0.8,2.47,0.35,2.32,0.34
-27.07,-70.82,"GRANODIORITE [25628]",14.2,32.1,4.32,18.8,5,0.93,5.1,0.9,5.2,1,2.8,0.4,2.4,0.33
33.7708,109.8311,"GRANODIORITE [25644]",37.2,68.9,7.44,28.6,5.76,1.31,4.23,0.54,3.37,0.58,1.56,0.2,1.69,0.23
33.7575,109.8106,"GRANODIORITE [25644]",33.6,60,6.5,24.3,4.52,1.15,3.72,0.41,2.81,0.45,1.37,0.17,1.21,0.18
33.7575,109.8106,"GRANODIORITE [25644]",32.6,57.3,6.16,22.9,4.42,1.15,3.52,0.4,2.48,0.46,1.43,0.16,1.15,0.19
33.7578,109.8006,"GRANODIORITE [25644]",32.6,59.3,6.43,24.7,4.96,1.08,3.47,0.47,2.75,0.45,1.4,0.17,1.29,0.19
33.7869,109.7839,"GRANODIORITE [25644]",38.8,71.4,7.82,28.9,5.46,1.31,4.37,0.51,3.23,0.52,1.7,0.2,1.52,0.19
33.815,109.5594,"GRANODIORITE [25644]",33.9,59,6.31,24.2,4.73,1.24,4.04,0.51,3.45,0.56,1.82,0.22,1.57,0.21
33.815,109.5594,"GRANODIORITE [25644]",34.2,63.6,7.09,26.1,5.37,1.32,4.49,0.61,3.84,0.67,2.22,0.26,2.01,0.26
33.8106,109.5572,"GRANODIORITE [25644]",32,60.1,6.64,25.2,5.47,1.41,4.38,0.6,3.7,0.63,2.11,0.23,1.82,0.25
33.815,109.5594,"GRANODIORITE [25644]",39,75.5,8.25,29.9,6.12,1.25,4.54,0.69,3.65,0.72,2.07,0.34,2.01,0.27
43.63,115.95,"GRANODIORITE [25661]",15.37,32.05,3.66,14.61,2.96,0.72,2.73,0.4,2.51,0.47,1.4,0.19,1.26,0.17
43.63,115.95,"GRANODIORITE [25661]",16.52,33.45,3.76,14.83,2.87,0.77,2.61,0.37,2.2,0.4,1.18,0.16,1.06,0.15
43.63,115.95,"GRANODIORITE [25661]",16.82,34.21,3.86,15.31,2.98,0.7,2.63,0.37,2.19,0.4,1.16,0.16,1.04,0.15
43.63,115.95,"GRANODIORITE [25661]",15.59,31.94,3.6,14.21,2.69,0.77,2.37,0.33,1.99,0.37,1.09,0.15,1.02,0.14
43.63,115.95,"GRANODIORITE [25661]",17.14,35.81,4,15.91,3.15,0.81,2.75,0.42,2.59,0.49,1.45,0.19,1.33,0.19
36.28634999,137.628263,"GRANODIORITE [25665]",25.69,50.41,5.38,20.37,3.79,1.01,3.33,0.48,3.18,0.64,1.92,0.3,2,0.31
36.2688309699296,137.621989985927,"GRANODIORITE [25665]",30.8753333333333,60.5046666666667,6.34033333333333,23.41,4.29833333333333,0.943666666666667,3.75533333333333,0.535666666666667,3.47166666666667,0.685,2.09266666666667,0.310666666666667,2.288,0.354666666666667
36.29,137.63,"GRANODIORITE [25665]",36.98,72.35,7.49,27.14,4.89,0.97,4.32,0.62,4.16,0.87,2.46,0.42,2.96,0.45
36.29203401,137.62222,"GRANODIORITE, HORNBLENDE-BIOTITE [25665]",28.18,54.96,5.84,21.37,3.78,1.08,3.33,0.49,3.14,0.6,1.74,0.26,1.92,0.28
36.31023103,137.637135,"GRANODIORITE, HORNBLENDE-BIOTITE [25665]",24.06,47.43,5.09,19.28,3.51,1.02,3.18,0.47,3.06,0.63,1.82,0.29,1.95,0.29
36.31029801,137.636255,"GRANODIORITE, HORNBLENDE-BIOTITE [25665]",28.02,52.56,5.28,18.92,3.32,0.89,2.94,0.43,2.72,0.54,1.59,0.27,1.86,0.29
36.31053102,137.635061,"GRANODIORITE, HORNBLENDE-BIOTITE [25665]",21.72,41.56,4.28,15.95,2.91,0.85,2.69,0.41,2.63,0.54,1.58,0.24,1.68,0.27
36.31104198,137.633381,"GRANODIORITE, HORNBLENDE-BIOTITE [25665]",21.92,43.06,4.65,17.14,3.22,0.94,2.91,0.44,2.93,0.58,2.41,0.27,1.98,0.3
36.31144096,137.633096,"GRANODIORITE, HORNBLENDE-BIOTITE [25665]",25.37,48.65,4.97,18.19,3.39,0.92,2.94,0.44,2.72,0.54,1.65,0.25,1.8,0.29
36.28768262,137.6077601,"GRANODIORITE [25665]",26.28,53.2,5.83,21.78,4.33,0.94,3.76,0.56,3.73,0.74,2.19,0.33,2.45,0.35
36.28758498,137.607931,"GRANODIORITE [25665]",29.73,58.27,6.04,22.12,3.91,0.92,3.59,0.5,3.27,0.68,1.93,0.31,2.16,0.38
36.286827,137.609197,"GRANODIORITE [25665]",25.12,48.91,5.18,19.25,3.66,0.95,3.26,0.48,3.15,0.63,1.87,0.29,2.07,0.31
36.28667101,137.60942,"GRANODIORITE [25665]",20.07,40.9,4.59,17.39,3.53,0.94,3.33,0.5,3.25,0.66,1.97,0.3,2.11,0.33
36.28659097,137.609768,"GRANODIORITE [25665]",25.84,51.14,5.48,20.94,3.67,0.93,3.39,0.49,3.29,0.65,2.11,0.3,2.12,0.31
45.25,94.7,"GRANODIORITE [25678]",5.83,12.25,1.54,6.34,1.26,0.58,1.04,0.15,0.63,0.13,0.42,0.07,0.47,0.08
45.25,94.7,"GRANODIORITE [25678]",34.6,66.2,7.14,26.1,4.37,1.19,3.61,0.51,2.98,0.58,1.71,0.25,1.57,0.26
45.25,94.7,"GRANODIORITE [25678]",45.6,87.5,9.31,34,5.97,1.35,4.03,0.46,2.33,0.39,1,0.14,0.86,0.15
45.25,94.7,"GRANODIORITE [25678]",49.5,87.9,9.88,36.1,5.53,1.53,3.74,0.53,2.16,0.37,0.93,0.13,0.82,0.14
45.25,94.7,"GRANODIORITE [25678]",9.9,22.7,2.78,12.2,2.59,0.88,2.16,0.29,1.81,0.34,1,0.15,0.96,0.15
45.25,94.7,"GRANODIORITE [25678]",11.6,25.9,3.31,14,2.54,0.9,2.03,0.25,1.41,0.28,0.75,0.1,0.61,0.09
45.2192833333333,90.1238833333333,"GRANODIORITE [25680]",17.37,41.52,4.71,18.81,4.15,0.92,3.97,0.66,4.15,0.86,2.53,0.41,2.71,0.42
45.2192833333333,90.1238833333333,"GRANODIORITE [25680]",19.47,42.76,4.89,19.42,4.29,0.94,3.89,0.64,3.96,0.83,2.39,0.38,2.57,0.39
45.2192833333333,90.1238833333333,"GRANODIORITE [25680]",19.3,43,4.98,20.07,4.54,0.93,4.35,0.72,4.61,0.98,2.88,0.48,3.16,0.49
45.2252833333333,90.1262,"GRANODIORITE [25680]",18.31,40.32,4.57,18.17,3.97,0.85,3.68,0.61,3.85,0.82,2.41,0.4,2.69,0.41
45.2252833333333,90.1262,"GRANODIORITE [25680]",22.21,46.96,5.26,19.75,4.13,0.86,3.79,0.62,3.91,0.81,2.38,0.39,2.61,0.4
43.5399833333333,93.78745,"GRANODIORITE [25680]",30.3,74.95,10.47,47.76,15.28,1.59,17.1,3.11,20.44,4.13,11.46,1.79,11.41,1.66
43.6057166666667,93.66965,"GRANODIORITE [25680]",63.48,136.42,16.24,65.03,13.49,1.56,12.5,2.03,12.4,2.48,6.7,0.97,5.81,0.84
43.6057166666667,93.66965,"GRANODIORITE [25680]",52.69,117.96,14.63,61.72,14.82,1.39,15.21,2.5,15.63,3.11,8.33,1.21,7.46,1.05
43.6038,93.64215,"GRANODIORITE [25680]",27.69,63.5,8.13,34.67,9.68,1.4,10.12,1.8,11.48,2.33,6.58,1.05,6.53,0.94
43.6038,93.64215,"GRANODIORITE [25680]",52.75,115.2,14.05,56.5,12.15,1.41,11.3,1.9,11.9,2.4,6.69,1.02,6.46,0.94
43.6038,93.64215,"GRANODIORITE [25680]",20.92,48.89,6.4,27.48,7.45,1.78,7.59,1.24,7.76,1.56,4.19,0.62,3.65,0.54
43.6007,93.6208166666667,"GRANODIORITE [25680]",52.31,120.3,14.65,58.06,13.32,1.06,12.27,2.09,12.91,2.62,7.2,1.09,6.79,0.98
4.87,13.4,"GRANODIORITE [25700]",63,111.3,12.07,40.9,6.72,1.18,5.17,0.67,3.29,0.59,1.43,0.18,1.09,0.16
4.87,13.4,"GRANODIORITE [25700]",54.5,92.5,10.32,36,5.48,1.09,4.24,0.53,2.65,0.42,1.14,0.14,0.93,0.12
4.87,13.4,"GRANODIORITE [25700]",31.8,61,7.29,27.4,5.36,1.31,4.58,0.58,2.79,0.5,1.31,0.19,1.14,0.19
4.87,13.4,"GRANODIORITE [25700]",36.1,67.9,7.67,29.6,5.29,1.24,4.49,0.54,2.75,0.45,1.22,0.16,1.12,0.18
4.87,13.4,"GRANODIORITE [25700]",29.8,59.3,7.01,26.5,5.86,1.27,3.75,0.5,2.62,0.5,1.06,0.14,1,0.16
4.87,13.4,"GRANODIORITE [25700]",34.7,69,7.88,30.2,6.12,1.34,4.06,0.54,2.68,0.44,1.07,0.17,0.96,0.16
4.87,13.4,"GRANODIORITE [25700]",30.9,62.8,7.1,27,5.77,1.22,4.09,0.51,2.5,0.44,1.22,0.15,1.01,0.16
4.87,13.4,"GRANODIORITE [25700]",33.9,67.9,7.82,29.4,6.01,1.29,4.08,0.58,2.82,0.43,1.15,0.16,1.06,0.17
4.87,13.4,"GRANODIORITE [25700]",34.5,69.5,7.77,30,6.18,1.16,4.11,0.54,2.61,0.46,1.11,0.15,1.1,0.15
37,120,"GRANODIORITE [25706]",101.5,177.5,19,61.4,8.1,2.17,4.81,0.51,2.41,0.37,0.91,0.12,0.69,0.11
37,120,"GRANODIORITE [25706]",108,185,20.4,66,8.75,2.29,5.25,0.54,2.45,0.39,0.95,0.12,0.69,0.11
37,120,"GRANODIORITE [25706]",95,164,18.55,61.3,8.42,2.37,4.95,0.54,2.4,0.37,0.87,0.12,0.71,0.1
31.3,53.3,"GRANODIORITE [25713]",25.67,52.46,6.26,24.43,4.2,0.93,3.58,0.41,2.12,0.4,1.15,0.15,0.96,0.13
31.3,53.3,"GRANODIORITE [25713]",28.88,59.11,6.78,25.4,4.23,0.98,3.42,0.36,1.72,0.31,0.9,0.12,0.76,0.11
31.3,53.3,"GRANODIORITE [25713]",44.2,85.03,9.46,35.11,5.68,1.38,4.71,0.52,2.55,0.47,1.36,0.18,1.11,0.15
31.3,53.3,"GRANODIORITE [25713]",19.97,35.86,3.94,14.46,2.31,0.74,1.97,0.22,1.06,0.19,0.54,0.07,0.43,0.06
31.3,53.3,"GRANODIORITE [25713]",22.36,40.15,4.45,16.38,2.58,0.69,2.2,0.24,1.23,0.23,0.64,0.08,0.55,0.08
31.3,53.3,"GRANODIORITE [25713]",19.36,36.04,4.23,16.18,2.76,0.87,2.22,0.25,1.2,0.22,0.6,0.08,0.55,0.08
31.3,53.3,"GRANODIORITE [25713]",44.97,84.6,9.82,38.36,6.24,1.74,5.27,0.58,2.74,0.49,1.39,0.17,1.1,0.15
31.3,53.3,"GRANODIORITE [25713]",39.41,77.51,9.24,35.4,5.68,1.39,4.72,0.51,2.47,0.45,1.32,0.17,1.09,0.16
31.3,53.3,"GRANODIORITE [25713]",19.08,37.45,4.54,17.7,3.12,0.92,2.58,0.3,1.5,0.28,0.76,0.1,0.58,0.08
31.3,53.3,"GRANODIORITE [25713]",8.01,16.88,2,7.63,1.22,0.3,0.86,0.09,0.45,0.08,0.26,0.04,0.22,0.03
31.3,53.3,"GRANODIORITE [25713]",2.61,4.94,0.59,2.4,0.53,0.12,0.53,0.08,0.43,0.08,0.23,0.03,0.21,0.03
31.3,53.3,"GRANODIORITE [25713]",24.42,52.16,6.51,25.8,4.57,1.15,3.89,0.45,2.22,0.41,1.16,0.15,0.93,0.13
31.3,53.3,"GRANODIORITE [25713]",8.5,18.14,2.43,10.33,2.61,0.76,2.96,0.49,3.16,0.66,1.94,0.28,1.86,0.27
31.3,53.3,"GRANODIORITE [25713]",27.27,51.31,5.23,17.41,2.92,0.37,2.64,0.36,2.16,0.45,1.5,0.24,1.73,0.27
31.3,53.3,"GRANODIORITE [25713]",25.19,47.28,4.98,17.97,3.35,0.79,3.43,0.49,2.97,0.61,1.87,0.28,1.85,0.27
31.3,53.3,"GRANODIORITE [25713]",20.75,41.68,4.78,18.68,3.93,0.93,4.11,0.64,3.86,0.8,2.4,0.34,2.23,0.33
31.3,53.3,"GRANODIORITE [25713]",29.4,53.72,5.76,19.86,3.51,0.65,3.26,0.46,2.79,0.59,1.87,0.29,2.04,0.32
31.3,53.3,"GRANODIORITE [25713]",32.13,61.62,6.98,25.77,5.04,1.05,5.08,0.72,4.25,0.86,2.6,0.38,2.5,0.37
31.3,53.3,"GRANODIORITE [25713]",24.02,49.74,6.07,23.78,4.86,1.07,4.71,0.69,4.06,0.81,2.4,0.35,2.27,0.33
31.3,53.3,"GRANODIORITE [25713]",32.59,63.98,7.47,28.21,5.69,1.16,5.49,0.78,4.6,0.92,2.74,0.38,2.53,0.37
31.3,53.3,"GRANODIORITE [25713]",24.57,48.9,6.11,25.11,4.83,1.41,4.56,0.6,3.44,0.67,1.96,0.28,1.76,0.26
31.3,53.3,"GRANODIORITE [25713]",30.09,57.32,7.02,28.11,5.26,1.53,5.02,0.64,3.61,0.72,2.11,0.3,1.94,0.29
31.3,53.3,"GRANODIORITE [25713]",22.48,41.32,4.84,18.24,3.14,0.94,2.83,0.33,1.72,0.32,0.92,0.13,0.82,0.12
49.172167,18.884573,"GRANODIORITE [25714]",28.5,56.3,6.63,23.6,4.21,0.93,3.24,0.45,2.38,0.47,1.47,0.22,1.38,0.19
49.140947,18.816546,"GRANODIORITE [25714]",24.4,46.2,5.55,22.7,3.8,0.86,2.93,0.33,1.75,0.26,0.65,0.09,0.66,0.09
49.17708,19.07885,"GRANODIORITE [25714]",27.6,55.1,6.2,22.2,3.3,1.13,2.5,0.43,1.69,0.28,0.91,0.09,0.87,0.09
49.18033,19.12518,"GRANODIORITE [25714]",36.3,75.1,8.56,32.7,5.9,1.13,3.7,0.57,2.54,0.36,0.88,0.15,0.84,0.13
49.09102,18.8413,"GRANODIORITE [25714]",32.2,68.1,7.68,29.7,5.2,1.8,3.23,0.46,1.33,0.28,0.69,0.09,0.59,0.07
49.17202,18.88452,"GRANODIORITE [25714]",27,56,6.5,23.3,3.7,0.96,2.76,0.5,2.34,0.44,1.29,0.21,1.58,0.22
49.14668,18.9312,"GRANODIORITE [25714]",42.1,81.8,9.8,36.8,6.7,1.3,5,0.64,2.44,0.4,1.11,0.13,0.96,0.13
49.04352,18.75123,"GRANODIORITE [25714]",23.3,48.5,5.69,23.5,4,1.04,2.35,0.4,1.46,0.2,0.57,0.06,0.39,0.04
49.15573,19.13693,"GRANODIORITE [25714]",18.2,36.01,4.17,16.21,3.52,0.98,2.82,0.37,2.21,0.39,0.92,0.11,0.62,0.1
49.16691,19.13369,"GRANODIORITE [25714]",29.34,59.91,6.87,25.68,4.67,1.11,3.21,0.39,1.91,0.31,0.83,0.11,0.75,0.13
49.13664,18.94688,"GRANODIORITE [25714]",51.7,106.32,12.49,48.8,9.2,2.09,6.18,0.83,4.37,0.73,2,0.28,1.83,0.29
49.16426,18.88539,"GRANODIORITE [25714]",36.12,74.17,8.47,31.91,5.29,1.21,3.85,0.48,2.6,0.47,1.37,0.19,1.18,0.19
49.19071,19.08332,"GRANODIORITE [25714]",23.05,46.84,5.35,20.18,3.53,0.83,2.47,0.3,1.63,0.3,0.74,0.11,0.7,0.1
49.17815,19.08137,"GRANODIORITE [25714]",15.83,32.33,3.78,13.78,3.22,0.77,2.85,0.47,2.98,0.63,1.75,0.26,1.84,0.26
49.16724,19.07708,"GRANODIORITE [25714]",29.03,57.69,6.66,24.92,4.22,1.01,2.79,0.31,1.55,0.28,0.71,0.09,0.62,0.09
49.14418,18.98336,"GRANODIORITE [25714]",30.63,59.69,6.65,25.39,4.28,1.09,3.1,0.39,1.91,0.34,0.86,0.12,0.74,0.09
25.8,89.2,"GRANODIORITE [25744]",22.12,43,5.81,20.27,4.46,1.06,3.46,0.59,3.65,0.78,2.07,0.33,2.34,0.39
25.8,89.2,"GRANODIORITE [25744]",33.65,58,7.25,23.12,4.42,1.02,3.3,0.54,3.15,0.68,1.8,0.29,2.06,0.34
52.6319,122.1653,"GRANODIORITE [25761]",29.2,61.58,7.2,26.23,4.26,1.18,3.05,0.35,1.62,0.28,0.71,0.1,0.6,0.08
52.6319,122.1653,"GRANODIORITE [25761]",28.06,60.79,7.19,26.17,4.26,1.18,3.1,0.35,1.61,0.28,0.75,0.1,0.6,0.09
52.6319,122.1653,"GRANODIORITE [25761]",27.49,58.22,6.88,24.93,3.91,1.16,2.87,0.32,1.49,0.27,0.7,0.1,0.59,0.09
52.6319,122.1653,"GRANODIORITE [25761]",28.95,62.24,7.41,26.95,4.27,1.22,3.04,0.34,1.51,0.27,0.69,0.09,0.57,0.08
52.6319,122.1653,"GRANODIORITE [25761]",18.85,41.3,4.81,17.33,2.76,0.85,2.06,0.22,1.04,0.19,0.47,0.07,0.41,0.06
52.6319,122.1653,"GRANODIORITE [25761]",22.17,48.2,5.63,20.93,3.37,0.99,2.41,0.28,1.29,0.22,0.58,0.08,0.48,0.07
29.8,-6.5,"GRANODIORITE [25763]",9.093,16.71,2.049,7.787,1.569,0.585,1.438,0.231,1.369,0.284,0.849,0.136,1.022,0.173
29.8,-6.5,"GRANODIORITE [25763]",41.91,85.12,9.701,34.64,5.678,1.13,4.212,0.606,3.385,0.635,1.787,0.255,1.671,0.249
29.461467,89.1027888888889,"GRANODIORITE [25814]",26.1921395663433,50.8085008512293,6.06542096770708,23.3798102462063,4.63790052331261,1.21107092520282,3.83114431097416,0.554078269684489,3.081681727726,0.558791457734082,1.57942017164412,0.220526697497462,1.40836265339804,0.213797801322694
30,100,"GRANODIORITE [25823]",31.4049598252612,62.2096770751674,6.8519625188699,25.7010694725764,5.52308988637246,1.0224073045118,4.9279218058934,0.854505543390403,4.9950720734802,0.988192302617163,2.90509983515773,0.422172356670492,2.84852815660004,0.413017734975863
30,100,"GRANODIORITE [25823]",32.1884213360757,62.7904800716711,6.64056683994025,24.4666080708139,5.16396319719941,0.655630235207392,4.85587342525197,0.849370026436656,5.19281143252757,1.08695438826323,3.24929243268905,0.498792552392654,3.2769320238683,0.498222901637066
30,100,"GRANODIORITE [25823]",30.491025592631,59.8397875971477,6.240274392116,21.8859720956017,4.42526980409716,0.629609381843985,3.92860827623444,0.669262059262535,4.23430473906286,0.837008649258805,2.56158140893703,0.401587907691792,2.81347137927822,0.436348093959958
30,100,"GRANODIORITE [25823]",48.711363458158,94.3630186572456,9.90242309950751,33.8101331570187,6.19282592363473,0.971713258609996,5.0783552898962,0.851716354314821,5.10166282255625,1.02177993386418,2.89404757534154,0.465385399844822,2.98674926786224,0.46207370043494
30,100,"GRANODIORITE [25823]",33.2634294546861,63.0439175008262,6.45441309424935,22.0895246181007,4.4839838942128,0.605327872328967,4.19071410334385,0.78518870828536,5.01289058018074,1.00908548891952,3.13060259024095,0.480910827551918,3.26255627917358,0.504925957246268
30,100,"GRANODIORITE [25823]",33.1088491900998,63.5000934710971,6.76276564661257,24.1673063802324,4.57571223441012,0.97276299212115,4.1409610666135,0.745069671872853,4.43229451148977,0.876144233291385,2.61254092110698,0.385237911707004,2.54642932078842,0.395434452720805
30,100,"GRANODIORITE [25823]",35.6867123021247,68.6681120092156,7.21301995361253,25.5447823020721,4.80984188818754,0.908394992843556,4.39669787157008,0.748578735953172,4.51069502286776,0.903480843326611,2.61047361505317,0.399136930691923,2.62624037237735,0.403640669028154
27.7006,102.1008,"GRANODIORITE [25824]",26.4,51.8,5.9,22.3,4.03,1.07,3.43,0.47,2.66,0.51,1.44,0.21,1.36,0.2
27.7006,102.1008,"GRANODIORITE [25824]",25.1,49.1,5.63,21.5,3.93,1.06,3.42,0.46,2.65,0.51,1.45,0.21,1.37,0.2
27.7006,102.1008,"GRANODIORITE [25824]",21.5,42.4,4.88,18.9,3.53,1,3.03,0.42,2.4,0.46,1.3,0.19,1.25,0.19
27.7006,102.1008,"GRANODIORITE [25824]",34.8,66.2,7.32,26.3,4.09,1.02,3.3,0.42,2.32,0.44,1.26,0.18,1.17,0.18
27.7122,102.1319,"GRANODIORITE [25824]",31.1,61.1,6.79,25.1,4.19,1.04,3.45,0.44,2.43,0.45,1.25,0.17,1.12,0.17
27.7122,102.1319,"GRANODIORITE [25824]",30.5,59.9,6.65,24.7,4.15,1.04,3.4,0.44,2.41,0.44,1.24,0.17,1.11,0.17
27.7122,102.1319,"GRANODIORITE [25824]",29.5,57.8,6.49,24.2,4.12,1.03,3.42,0.44,2.41,0.45,1.23,0.17,1.11,0.17
22.242992921696,35.2520044735357,"GRANODIORITE [25831]",9.67,17.53,2.45,9.53,1.25,0.3,1.57,0.27,1.91,0.41,1.3,0.21,1.47,0.24
22.2879727220883,35.2536064891212,"GRANODIORITE [25831]",7.25,18.87,1.84,7.15,0.93,0.23,1.17,0.21,1.43,0.31,0.97,0.16,1.11,0.18
22.184761258885,35.2663415366891,"GRANODIORITE [25831]",9.88,19.3,2.76,9.73,1.3,0.32,1.66,0.29,1.99,0.42,1.36,0.22,1.54,0.26
39.7,115.9,"GRANODIORITE [25838]",53.2,104.5,12.6,44.3,7.42,1.88,4.72,0.6,2.96,0.59,1.51,0.21,1.32,0.22
39.7,115.9,"GRANODIORITE [25838]",93.3,169,17.7,59.1,9.94,2.14,5.83,0.74,3.46,0.68,1.78,0.25,1.65,0.26
39.7,115.9,"GRANODIORITE [25838]",59.7,129,14.8,53.4,9.76,2.68,6.74,0.77,3.93,0.75,2.02,0.29,1.87,0.3
39.7,115.9,"GRANODIORITE [25838]",62.7,128.5,13.85,45.3,8.12,1.89,4.44,0.61,3.02,0.59,1.39,0.2,1.25,0.2
39.7,115.9,"GRANODIORITE [25838]",81.5,154,15,47.9,7.91,1.84,4.91,0.59,2.9,0.54,1.42,0.2,1.29,0.21
39.7,115.9,"GRANODIORITE [25838]",63.9,131.5,14.5,47.3,8.09,2.05,5.32,0.65,3.27,0.64,1.54,0.22,1.44,0.25
39.7,115.9,"GRANODIORITE [25838]",59.1,113.5,12.35,40.8,6.76,1.76,4.42,0.53,2.79,0.51,1.34,0.19,1.21,0.19
39.7,115.9,"GRANODIORITE [25838]",68.4,127,13.05,43.4,7.22,1.93,4.73,0.59,3.03,0.56,1.48,0.21,1.35,0.22
39.7,115.9,"GRANODIORITE [25838]",78.6,144.5,14.3,48.9,8.03,2.04,5.12,0.62,3.12,0.58,1.55,0.23,1.45,0.22
39.7,115.9,"GRANODIORITE [25838]",54.6,107,12.15,38.9,6.64,1.71,4.64,0.54,2.74,0.53,1.34,0.19,1.27,0.2
39.7,115.9,"GRANODIORITE [25838]",42.5,84.9,9.92,36,6.31,1.55,3.2,0.36,1.61,0.24,0.54,0.07,0.43,0.07
39.7,115.9,"GRANODIORITE [25838]",47.4,98.7,11.45,44.5,6.39,1.64,3.48,0.36,1.72,0.25,0.53,0.08,0.35,0.06
39.7,115.9,"GRANODIORITE [25838]",60,114.5,11.95,40.7,6.94,1.76,4.19,0.47,2,0.36,0.85,0.11,0.71,0.11
39.7,115.9,"GRANODIORITE [25838]",56,110,11.6,40.3,7.32,1.81,3.99,0.43,1.92,0.33,0.74,0.1,0.64,0.1
39.7,115.9,"GRANODIORITE [25838]",54.3,106.3,11.15,37.6,6.36,1.52,3.98,0.42,1.9,0.31,0.76,0.1,0.63,0.1
39.7,115.9,"GRANODIORITE [25838]",60.1,113.8,11.88,40.9,7.08,1.64,4.02,0.44,1.94,0.33,0.83,0.11,0.69,0.11
39.7,115.9,"GRANODIORITE [25838]",45.6,90.9,9.58,33.3,5.99,1.44,3.45,0.35,1.62,0.26,0.63,0.09,0.59,0.1
39.5,26,"GRANODIORITE [25857]",26.9,47.6,5.3,21.8,3.97,1.07,3.62,0.53,3.25,0.65,1.84,0.28,1.87,0.32
39.5,26,"GRANODIORITE [25857]",28.2,52.1,6.51,24.2,4.9,1.22,4.14,0.61,3.59,0.75,2.23,0.3,2.12,0.35
39.5,26,"GRANODIORITE [25857]",29.7,55.1,6.61,23.9,4.87,1.17,3.99,0.58,3.47,0.7,2.1,0.3,2.12,0.32
43,86.5,"GRANODIORITE [25869]",22.1,47.82,5.462,20.15,4.183,0.74,3.9,0.64,3.805,0.75,2.137,0.33,2.13,0.334
43,86.5,"GRANODIORITE [25869]",35.98,73.48,8.048,27.73,4.968,0.88,4.15,0.68,4.047,0.79,2.204,0.34,2.188,0.345
43,86.5,"GRANODIORITE [25869]",25.11,50.65,5.896,21,3.946,0.76,3.43,0.57,3.217,0.65,1.708,0.27,1.675,0.25
43,86.5,"GRANODIORITE [25869]",26.98,52.31,6.157,21.61,4.218,0.81,3.68,0.6,3.601,0.73,2.049,0.32,1.988,0.314
43,86.5,"GRANODIORITE [25869]",27.42,53.86,6.436,23.21,4.377,0.64,3.76,0.62,3.659,0.7,1.955,0.29,1.95,0.288
38.75,39.45,"GRANODIORITE [25878]",9.9,22.9,3.39,15.3,3.88,1.02,4.53,0.76,4.78,1.1,3.32,0.51,3.64,0.58
38.9,39.1,"GRANODIORITE [25878]",14.1,32.5,3.99,16,3.48,1.12,3.73,0.58,3.71,0.75,2.45,0.4,2.7,0.46
38.4,38.6,"GRANODIORITE [25878]",10.5,15.5,2.23,7.8,2.02,0.53,1.79,0.27,1.5,0.36,1.04,0.19,1.4,0.26
28.808,33.707,"GRANODIORITE [25884]",30.75,56.45,6.06,17.46,5.07,1.18,3.09,0.49,2.14,0.46,1.28,0.19,1.31,0.22
28.7566666666667,33.7025,"GRANODIORITE [25884]",35.74,62.8,6.6,22.11,5.07,2.11,5.63,0.61,3.74,0.66,1.58,0.26,1.56,0.27
28.7216666666667,33.7383333333333,"GRANODIORITE [25884]",41.47,69.88,8.01,25.66,6.57,1.7,4.08,0.67,3.36,0.71,1.92,0.26,2.06,0.3
28.7261666666667,33.7736666666667,"GRANODIORITE [25884]",46.21,76.13,8.91,29.82,7.47,1.73,4.84,0.86,4.07,0.81,2.23,0.3,2.29,0.35
28.7703333333333,33.8398333333333,"GRANODIORITE [25884]",51.42,102.84,11.29,36.98,8.86,2.02,5.75,1.04,4.84,0.96,2.48,0.36,2.55,0.37
28.795,33.8716666666667,"GRANODIORITE [25884]",58.52,84.84,12.56,25.66,9.88,1.77,6.68,0.79,6.25,0.74,2.71,0.29,2.06,0.41
61,-131,"GRANODIORITE, HORNBLENDE [8922]",27,53,5.6,18.53,3.35,0.6,3,0.47,2.8,0.61,1.7,0.27,1.9,0.32
61,-131,"GRANODIORITE [8922]",64,100,11,38,6.2,1.2,5,0.78,4.3,0.84,2.3,0.37,2.5,0.41
61,-131,"GRANODIORITE [8922]",3,7.3,1,4.6,1.2,0,1.2,0.21,1.4,0.3,1,0.16,1.2,0.22
40.2942,119.3156,"GRANODIORITE [25893]",47.96,108.18,13.75,53.6,9.5,2.934,6.962,0.7644,3.454,0.578,1.4782,0.18392,1.1306,0.16692
33.2,106,"GRANODIORITE [25895]",31.9536917183394,52.1571136254598,5.21522118918188,17.2740647292872,2.69861730800626,0.829869508600033,2.56119281215896,0.352253056190833,2.1084779328284,0.425810662664392,1.27172117316095,0.196641008061233,1.37341966211268,0.222111147730075
33.2,106,"GRANODIORITE [25895]",32.2950200730032,54.0645569205863,5.24037369319934,17.0043733475723,2.39225080165628,0.699737429566403,2.19905891353712,0.284873505377143,1.6417880985548,0.336347148067913,1.03856773043785,0.162334070021082,1.14804079270138,0.192708976393746
33.2,106,"GRANODIORITE [25895]",35.8944693583077,59.5267697366837,5.81537167308445,19.0020382698942,2.7204337605488,0.848009420242228,2.50637349497904,0.317421894869849,1.83686795065262,0.369123151032913,1.10619395177096,0.170244171593199,1.2031643104388,0.197501524126403
33.2,106,"GRANODIORITE [25895]",36.3362051208953,60.1201283868784,5.87541378009409,19.1734856441172,2.76001591085612,0.852995918325268,2.53148976358041,0.323798653801501,1.86579053130152,0.379944147760655,1.1435498320876,0.175454480680268,1.25054041265367,0.204625492549768
40.8,110.3,"GRANODIORITE [25900]",53.9,115,15.5,65.6,11.7,7.6,9.92,1.35,6.97,1.31,4.29,0.5,3.75,0.56
-34.15,135.2667,"GRANODIORITE [8701]",10.5,23.5,3.4,12.5,2.8,0.53,2.1,0.37,3.1,0.65,2.1,0.35,2.5,0.38
-34.15,135.2667,"GRANODIORITE [8701]",19.5,38.5,7.5,27.89,5.83,0.95,4.8,0.76,5.5,1.1,3.2,0.5,3.4,0.49
-34.15,135.2667,"GRANODIORITE [8701]",18,36,7,26.08,5.86,0.91,4.9,0.78,6,1.15,3.3,0.55,3.5,0.5
-34.15,135.2667,"GRANODIORITE [8701]",17.5,33,6,23.5,5,0.7,3.6,0.59,4.5,0.87,2.6,0.45,2.8,0.43
-34.15,135.2667,"GRANODIORITE [8701]",24.5,48,9,30.71,6.64,1.05,5.5,0.91,7,1.3,3.8,0.6,4.1,0.58
30,89,"GRANODIORITE [25914]",53.4560396241454,108.558433862693,12.0889976511992,44.3948987486174,7.86895933250991,1.35415012066433,6.78746552251182,1.04361626822358,6.04689587408929,1.16842849661825,3.16680405239082,0.455256184382604,2.85936689312105,0.417444585475609
30,89,"GRANODIORITE [25914]",54.1724449857742,108.529851997822,11.9749769579404,43.3902173327351,7.47425416476054,1.37776307508445,6.13907926289981,0.933618921582921,5.25808091566302,1.00607906623706,2.7861808858482,0.403283547762613,2.52870600720666,0.368090142507056
30,89,"GRANODIORITE [25914]",65.1822115268726,130.393767273343,14.3239037527738,51.6499194053016,8.51997741318583,1.38731477902687,6.97248640111075,1.04304296877806,5.83844659726843,1.10235344233886,3.00851528626937,0.441944586762874,2.7198382458329,0.395118341236901
30,89,"GRANODIORITE [25914]",43.7403151950751,88.8739575643528,9.70291117829089,33.6557678686092,6.07880595793358,1.20287640018781,5.00159812111459,0.748844136531707,4.1260087731058,0.796451578925903,2.15576670843746,0.30894060547379,1.9173379928921,0.283748209111231
30,89,"GRANODIORITE [25914]",51.6998324074337,103.61253753436,11.3909605252942,40.8923220902985,6.98444697599136,1.37163200975143,5.75715403155765,0.866361633662392,4.81464628442204,0.93057311765455,2.53358476643474,0.368576710196494,2.31486092693237,0.340998802293771
28.25,58.5,"GRANODIORITE [25924]",25.2,50.4,5.98,23.6,4.9,0.88,4.82,0.78,5.27,1.14,3.43,0.49,3.54,0.55
41.8791,26.2726,"GRANODIORITE [25929]",25.9,49.4,5.52,20.6,3.97,0.96,3.64,0.52,3.21,0.56,1.68,0.24,1.65,0.24
50.67,-61.1,"GRANODIORITE [8900]",17.8,36.8,4.17,14.56,2.47,0.61,1.96,0.27,1.51,0.29,0.84,0.12,0.71,0.11
50.67,-61.1,"GRANODIORITE [8900]",17.8,36.1,4.09,14.27,2.34,0.65,1.78,0.23,1.32,0.25,0.75,0.1,0.65,0.1
50.67,-61.1,"GRANODIORITE [8900]",21,40.5,4.36,15.85,2.57,0.67,1.91,0.22,1.33,0.25,0.67,0.1,0.56,0.09
50.2,-60.6,"GRANODIORITE [8900]",18.6,36.9,4,13.8,2.4,0.52,1.81,0.25,1.45,0.27,0.73,0.1,0.64,0.1
50.2,-60.6,"GRANODIORITE [8900]",39.5,90.3,11.5,48.9,10.9,2.87,10.88,1.61,10.85,2.19,6.33,0.89,5.63,0.83
50.2,-60.6,"GRANODIORITE [8900]",46.7,83.3,7.86,27.8,3.98,1.01,2.87,0.31,1.69,0.29,0.74,0.09,0.53,0.08
50.2,-60.6,"GRANODIORITE [8900]",33.5,67.7,7.72,28.61,5.01,1.02,3.22,0.43,2.49,0.48,1.39,0.22,1.48,0.23
50.67,-61.1,"GRANODIORITE [8900]",35.8,76.8,8.12,28.9,4.53,0.88,3.33,0.41,2.33,0.43,1.23,0.18,1.2,0.2
50.67,-61.1,"GRANODIORITE [8900]",18,35.8,3.88,13.93,2.09,0.63,1.52,0.17,1.04,0.2,0.62,0.09,0.66,0.11
50.67,-61.1,"GRANODIORITE [8900]",35.1,71.8,7.73,27.96,4.61,0.94,3.52,0.44,2.74,0.52,1.53,0.22,1.34,0.2
50.67,-61.1,"GRANODIORITE [8900]",20.3,40.9,4.33,15.36,2.47,0.59,1.84,0.24,1.53,0.3,0.92,0.14,0.9,0.15
50.67,-61.1,"GRANODIORITE [8900]",19.8,40.1,4.26,15.47,2.56,0.6,1.97,0.26,1.58,0.32,0.93,0.15,0.95,0.15
50.2,-60.6,"GRANODIORITE [8900]",32.1,63,7.23,26.24,4.19,0.87,2.91,0.36,2.1,0.4,1.04,0.16,1,0.14
50.67,-61.1,"GRANODIORITE [8900]",59.5,126.1,13.76,52.17,9.28,1.73,8.68,1.28,8.6,1.77,5.35,0.76,4.61,0.7
5,14,"GRANODIORITE, QUARTZ [25947]",41,75.5,8.07,26.7,3.82,1.19,2.35,0.3,1.48,0.25,0.61,0.07,0.48,0.08
5,14,"GRANODIORITE [25947]",45.2,75.5,10.41,30.4,4.54,1.29,2.97,0.38,1.48,0.29,0.78,0.09,0.62,0.12
5,14,"GRANODIORITE [25947]",47.7,92.4,9.67,48.6,5.77,1.04,2.76,0.36,1.59,0.25,0.61,0.08,0.5,0.08
5,14,"GRANODIORITE [25947]",59.9,106.3,12.01,41.1,5.55,1.03,3.22,0.35,1.64,0.21,0.59,0.06,0.45,0.07
5,14,"GRANODIORITE [25947]",48.1,95.9,10.1,36.5,6.7,1.32,5.65,0.86,4.66,0.91,2.42,0.36,2.21,0.36
5.5796,11.8582,"GRANODIORITE [25954]",25.62,47.66,5.55,23.29,5.51,1.75,4.93,0.8,4.83,1.01,2.64,0.41,2.54,0.38
0.5079,123.059,"GRANODIORITE [25977]",9.4,19.6,2.5,10.4,2.6,1.1,3.1,0.5,3.4,0.8,2.3,0.4,2.6,0.4
0.6303,123.09,"GRANODIORITE [25977]",3.8,9.3,1.4,6.9,2.1,1,2.8,0.5,3,0.7,1.9,0.3,1.9,0.3
0.6176,122.5092,"GRANODIORITE [25977]",24.5,43.1,4.6,16,2.8,0.8,2.6,0.4,2.5,0.5,1.6,0.3,1.9,0.3
0.8946,123.3971,"GRANODIORITE [25977]",18.7,36.6,4.5,17.5,3.6,1.1,3.6,0.6,3.4,0.7,2.1,0.3,2.2,0.4
39.3172,121.9147,"GRANODIORITE [25983]",52.5980688814019,99.390973526422,11.0129847628306,38.7751645634666,6.0732133747643,1.79346995931319,3.76556154184015,0.465067803592256,2.4001453872777,0.402784050044258,1.15999172430379,0.163603722474455,0.946339868495396,0.135236556399534
39.3172,121.9147,"GRANODIORITE [25983]",61.6192845220969,117.785718537781,13.0020113727972,46.887186499812,6.91744443520452,2.1326049587458,4.07217240212325,0.482159320073741,2.36744337387217,0.414870952949831,1.19522595113527,0.146997396153317,0.977306775818392,0.147486015569452
40.4367,124.4581,"GRANODIORITE [25983]",27.4188265843475,48.8882731694547,5.06707474562926,16.8752643408177,2.97983203313673,0.427420346829962,2.18056891628286,0.376161552747725,2.32048416319739,0.46862264265641,1.29468148540607,0.185731979722612,1.13993791491853,0.158051583775599
40.4367,124.4581,"GRANODIORITE [25983]",23.0909720522502,42.0376269853035,4.36891179754347,14.6522476636161,2.80151559181281,0.405737329279182,2.64232603324461,0.53433608826311,3.70204528918287,0.799860169962154,2.29763498239732,0.326519310016319,1.82619732914925,0.254004432143716
40.4367,124.4581,"GRANODIORITE [25983]",23.5481994005545,42.9247640582145,4.49464927688439,15.0661322048248,2.82372035434672,0.402123344628094,2.38860332668047,0.435157844282299,2.95546104550995,0.578259540234467,1.62987862585218,0.23004029001029,1.37814279871783,0.181628923361483
40.4367,124.4581,"GRANODIORITE [25983]",21.0111780182323,37.3720996649376,3.86719696429014,13.0020621431107,2.25688436543184,0.454442739153639,1.83329989035722,0.341494397670005,2.33810356995689,0.50319981708666,1.4553472292469,0.209384854097164,1.16858295797062,0.152348809543705
40.7225,123.0133,"GRANODIORITE [25983]",40.1105942902312,78.2996570948911,8.00669577490225,28.6813130186204,4.74865985557473,1.25237415515047,3.29469541817777,0.416556011867961,2.1378829012506,0.400287492581503,1.12958588166473,0.150232630511129,1.03589570965638,0.147671845047788
40.7225,123.0133,"GRANODIORITE [25983]",44.1931659943642,89.4856923095743,8.91424827478673,32.899440085388,5.76439019396626,1.40569886693587,4.13860631676383,0.499540410843623,2.7066398872744,0.478785657253531,1.33590563490977,0.18179009561306,1.17869439652097,0.18402130015331
40.7225,123.0133,"GRANODIORITE [25983]",42.6,85.3,8.45,30.6,5.07,1.35,3.69,0.46,2.45,0.46,1.25,0.165,1.09,0.17
40.7797,123.0642,"GRANODIORITE [25983]",16.8579873733255,32.4093622237013,3.3225548120685,11.7265148098304,2.21146182871602,0.479697145825672,1.65459210257561,0.191235126102196,0.891187875704681,0.143568216332082,0.378467727505114,0.0560705423587959,0.360360482741759,0.0598684614281078
40.7797,123.0642,"GRANODIORITE [25983]",17.4265106656208,33.1601731020733,3.67889268266071,12.9867051904203,2.66768531008015,0.410471276603383,2.336310662237,0.337465102366546,1.95123396708723,0.389857280263318,1.09102292773082,0.159396757872092,1.03331084466578,0.148540679034216
40.7797,123.0642,"GRANODIORITE [25983]",16.3751900344836,32.3362494543737,3.39831518473504,12.1476144731468,2.59063351467172,0.447311907830955,2.26105443980987,0.369827034956417,2.33688214062272,0.518713032242258,1.34016217350438,0.203757037490875,1.22410858376095,0.175578391133813
40.7797,123.0642,"GRANODIORITE [25983]",16.7498997808359,33.2352636188216,3.45262509414618,12.295636858864,2.57911766571613,0.442486441654422,2.26738642560904,0.409540038002158,2.28982447004406,0.476525267090751,1.32676361704298,0.192059784141291,1.23323554198123,0.171253360662455
40.7797,123.0642,"GRANODIORITE [25983]",16.8401834806999,33.200808444238,3.51800301920066,12.711792835479,2.61943046062967,0.385716650151537,2.4594305257781,0.353872181864968,2.15938781649077,0.441246542653507,1.23660202669781,0.174077645316173,1.1234873187903,0.163374640188139
54.5,-125.5,"GRANODIORITE [8934]",12,24,2.9,12,2.1,0.48,1.5,0.21,1,0.21,0.5,0.1,0.6,0.1
54.5,-125.5,"GRANODIORITE [8934]",12,24,2.9,12,2.4,0.58,1.9,0.26,1.4,0.26,0.74,0.13,0.82,0.14
29.6,91.6,"GRANODIORITE [25996]",22,44,5.3,21,3.7,0.9,2.4,0.37,1.6,0.28,0.88,0.1,0.67,0.09
29.6,91.6,"GRANODIORITE [25996]",16.3,31,3.5,14.7,2.6,0.72,2,0.25,1.1,0.16,0.62,0.07,0.48,0.06
29.6,91.6,"GRANODIORITE [25996]",25,55,6.7,27,4.6,1.1,3,0.46,2,0.37,1.1,0.13,0.81,0.13
29.6,91.6,"GRANODIORITE [25996]",33,71,8.7,35,5.6,1.3,3.3,0.45,1.6,0.27,0.95,0.08,0.64,0.09
29.6,91.6,"GRANODIORITE [25996]",24,48,5.7,22,3.9,1,2.9,0.4,1.7,0.28,0.87,0.1,0.72,0.12
29.6,91.6,"GRANODIORITE [25996]",24,51,6.1,24,4.2,1,3.1,0.42,1.7,0.33,0.98,0.11,0.82,0.12
29.6,91.6,"GRANODIORITE [25996]",21,45,5.5,23,3.6,0.99,2.7,0.39,1.7,0.29,0.86,0.1,0.73,0.11
29.6,91.6,"GRANODIORITE [25996]",25,55,6.7,27,4.3,1,3,0.44,1.8,0.36,1.1,0.12,0.77,0.12
29.6,91.6,"GRANODIORITE [25996]",17.7,38,4.7,19,3.4,0.79,2.4,0.37,1.7,0.27,0.89,0.12,0.8,0.12
29.6,91.6,"GRANODIORITE [25996]",21,42,5.3,21.1,3.6,1,2.4,0.3,1.5,0.25,0.69,0.1,0.6,0.09
29.6,91.6,"GRANODIORITE [25996]",21,48,6,22.9,3.9,1.1,2.7,0.32,1.6,0.3,0.78,0.11,0.69,0.12
47,-65.75,"GRANODIORITE [8953]",31.74,65.98,7.72,31.07,6.69,1.53,6.72,1.15,7.51,1.61,4.32,0.61,4.16,0.6
47,-65.75,"GRANODIORITE [8953]",34.25,60.98,7.05,23.83,4.18,0.72,3.85,0.57,3.55,0.76,2.05,0.3,2.06,0.33
47,-65.75,"GRANODIORITE [8953]",12.74,27.11,2.99,11.15,2.22,0.46,2.37,0.34,2.28,0.5,1.4,0.21,1.5,0.24
40.7,115,"GRANODIORITE [26015]",29,50,5.62,16.48,2.47,1.31,2.72,0.31,1.22,0.24,0.67,0.09,0.51,0.09
40.7,115,"GRANODIORITE [26015]",21,44,5.48,18.86,3.66,1.49,4.12,0.51,2.19,0.44,1.13,0.16,0.93,0.14
37,98.75,"GRANODIORITE [26020]",60.11,107,11.72,40.41,6.931,1.259,5.861,0.847,4.454,0.832,2.127,0.288,1.774,0.254
37,98.75,"GRANODIORITE [26020]",59.59,113.6,11.61,40.11,6.786,1.194,5.588,0.764,4.012,0.749,1.903,0.26,1.603,0.237
37,98.75,"GRANODIORITE [26020]",60.31,113.1,11.86,39.99,6.622,1.302,5.554,0.765,4.149,0.772,2.038,0.273,1.703,0.256
-27.80498,-67.99106,"GRANODIORITE [26025]",36.6574046098579,81.0672363512287,8.80652011280858,33.8996828711582,6.91422384745134,0.97427158829012,6.25471381112017,0.928641482483761,6.00995147960697,1.12721334046928,3.48291508782163,0.504122564114493,2.9232586645676,0.4640773671553
-27.481526,-67.592464,"GRANODIORITE [26025]",27.840508890123,64.0431371694492,7.15527591976314,26.5151871957762,5.37239026444954,0.753079340507795,4.36033542957616,0.681466110138891,4.35622864185623,0.879790367853298,2.63637460219151,0.367131827544265,2.40841971739423,0.352882687183762
-27.80361,-67.99203,"GRANODIORITE [26025]",34.8034610512657,77.3045026826806,8.58156612615266,30.8494626262883,6.60996852111971,1.16658684108773,6.03857163078974,0.895148037181649,5.35439222147049,1.07900622782283,3.4247041561782,0.479335353409307,3.07662163564606,0.474377493624628
-27.421259,-67.570946,"GRANODIORITE [26025]",54.5570471375637,116.285774629853,13.2251643714271,49.9845291315847,9.14128433960775,1.71814770707194,7.46083731783321,1.05517372790991,5.92090146650895,1.23304103891033,3.22982801697517,0.505871357175155,2.97857900943,0.455852064971501
-27.7711,-67.98179,"GRANODIORITE [26025]",40.223783407552,89.9998051525325,10.1408709661986,36.9460608351884,7.16769472913176,1.08481462800897,6.58280344094231,0.99816864630284,6.3739600745836,1.26238258220874,3.61172331929002,0.498037627664226,3.41145344230644,0.518742113526769
-27.77343,-67.97938,"GRANODIORITE [26025]",38.8200056183414,79.4785751487665,9.15202240204584,34.6107058604837,7.09754137088809,0.955413938387783,6.46718223226229,0.946372737259804,6.37923125195256,1.32722396880767,3.77908175922903,0.513433710780532,3.51482097575061,0.486222025062758
-27.76748,-67.99959,"GRANODIORITE [26025]",29.1536193909927,64.8066972410906,7.38923739521595,26.0379318697299,6.32506556082078,0.833882442072889,4.96457663710124,0.784300882755561,4.92234505575216,1.03953119256324,3.30177901134683,0.437831012472694,2.74818741062819,0.412577279912323
-27.7269,-67.9554,"GRANODIORITE [26025]",47.6610817332509,107.809953882115,11.9162205256222,42.4555825386424,7.60425477697889,1.2318119017277,5.84642178231866,0.72626036592037,4.16445150869671,0.805930966467124,2.17026678119687,0.294829063542253,1.93648914472328,0.323653482070569
-27.6601,-67.9667,"GRANODIORITE [26025]",36.8212757064487,68.2864444392545,7.90761132421149,28.688400558146,6.2576085171499,0.7407181416618,6.3043744298286,0.90739306143578,6.71646284080826,1.3771640569115,4.41385951155462,0.659041246121389,4.88333945587962,0.729493401561607
-29.2702,-67.5024,"GRANODIORITE [26025]",12.8158504620946,26.6115927422678,3.1658196957345,11.944949490696,2.81318491904208,0.864557448567584,2.65775768030862,0.440473885623096,2.70412104439207,0.545593772490972,1.67297519041975,0.207105785450984,1.48293059908956,0.230245630536498
-29.3285,-67.6477,"GRANODIORITE [26025]",28.7168072225081,61.3021230230969,6.61085774700613,24.3613902252742,4.72984612985741,1.03440410078079,3.8504352388391,0.534200146906077,3.58518856898593,0.685382155344594,2.07459401050725,0.283360361143545,2.17198498364314,0.300058589665616
-29.1053,-67.6155,"GRANODIORITE [26025]",24.31381199652,49.819139731015,5.81950468709604,21.7937845934914,4.70871826197064,0.959015595601709,4.35357310871533,0.736918818994271,4.34197778596252,0.896025897981909,2.62648435341647,0.412183692649463,2.78569365084991,0.408959506365124
-28.74440667,-67.96269167,"GRANODIORITE [26025]",22.3781758115937,47.933020950797,5.57378476408348,20.7704157533913,4.5632440941042,0.446682174209511,0.446682174209511,4.33057809567813,0.712858387715477,0.900851207888312,2.47082762253352,0.376256774971691,2.84582892716461,0.420579189926026
-28.74574167,-67.96382,"GRANODIORITE [26025]",38.8632431230773,75.4203971725748,7.69036712878732,26.0165485660144,4.1332108702196,1.13628311324359,3.36096954048282,0.440853791205672,2.67863282240477,0.502725354866978,1.45564691721277,0.181276839930753,1.35272755396876,0.228619416282115
-28.75303333,-67.977105,"GRANODIORITE [26025]",25.7357995342265,55.1746275984757,5.80050648223654,20.1134231399891,3.73587229155262,0.844782153839945,0.844782153839945,3.15493163839208,0.514277065071089,0.607952710366673,2.00798242578895,0.232637044454008,1.86498020679679,0.276347719100998
-28.4123,-67.5831,"GRANODIORITE [26025]",25.0325485018602,49.1798429944837,5.43326559590971,20.6242637798411,4.5071059695936,0.977947909765815,4.35951682561056,0.677258508968322,4.53351486192971,0.912176727612073,2.85275841224758,0.423080973770352,2.84133183045838,0.449160873038669
-28.97622833,-68.14692167,"GRANODIORITE [26025]",19.1309343607773,35.685789894711,3.56942504125424,11.7190404530121,1.48591366369898,0.615800283801748,0.897534400959788,0.0903304526240902,0.605288478316081,0.127474612318815,0.408990418199921,0.0704318073777048,0.597545906249704,0.0910003226006448
-28.855428,-67.923368,"GRANODIORITE [26025]",26.9982499777435,54.0675366887582,5.92785030093106,22.1697974258501,4.44403675001604,0.91791291838267,4.11948492531626,0.593914084612089,4.03996642665387,0.836777214895619,2.39923274729492,0.337156991630812,2.48585886739784,0.363014380890463
-28.856441,-67.927218,"GRANODIORITE [26025]",21.7319326673322,44.6614697400387,4.87847076095133,18.1012031674834,3.54380789447641,0.810860521553416,0.810860521553416,3.13304250827439,0.469402711268652,0.715424057231252,2.31559044177322,0.336540196115937,2.33397153216758,0.346489970522723
-28.859205,-67.932683,"GRANODIORITE [26025]",18.099282324557,38.5777041388961,4.19042064721557,15.9125414225804,3.23089256469883,0.790171898739043,0.790171898739043,3.11427951298622,0.499282431435037,0.698847932553675,2.1660877801856,0.266892407393812,2.30387629165037,0.338626289595911
37.4892,120.3928,"GRANODIORITE [26037]",79.524797180693,137.340356045417,14.4403828896389,52.0177603782319,8.17133007824447,2.05931261266076,5.0283799269609,0.535957080533673,2.43534884952576,0.39527243147591,0.992296537689849,0.135841007266074,0.793306433219377,0.11441585419837
37.565,120.3881,"GRANODIORITE [26037]",49.4470966689098,82.5626456580779,8.04906482802821,26.2932445923355,3.45455069794111,0.905894052515251,1.89702149610026,0.184039236240284,0.845967357531474,0.139855615525838,0.352599174456989,0.0477132397130561,0.325467975256079,0.0463018007543355
37.5347,120.4025,"GRANODIORITE [26037]",185.652648425984,313.174215863711,31.6249667316194,107.649010033239,15.6280569554002,3.56543013493381,9.34373434727126,0.987272034810833,4.35628591091518,0.671567816921909,1.63088318511243,0.223411663189661,1.30559723285028,0.196313799302912
37.575,120.8956,"GRANODIORITE [26037]",122.742947089848,211.904111084837,22.2083616792154,80.4209506368153,12.2435338797903,2.91259927846891,7.30298461313269,0.742649922999756,3.19376323021007,0.493111193825896,1.20395759830969,0.164306519628651,0.955494702708684,0.130179280137662
37.575,120.8956,"GRANODIORITE [26037]",14.3429004043026,34.8037534636937,4.83434871795259,20.6895702321239,3.943503370487,1.15240488700695,2.26069754458187,0.26752512339917,1.19727484516913,0.201152378459772,0.52042701373225,0.0758265823718112,0.493594008957833,0.0759527940565682
37.575,120.8956,"GRANODIORITE [26037]",140.862040739025,242.789373184812,25.0431282873752,88.2531921308888,14.2416670005806,3.27420510550985,9.094805528634,1.09880519769531,5.29374667955652,0.883536206072548,2.24728780429837,0.278855652746611,1.70723664866214,0.226976036548988
37.5381,120.8864,"GRANODIORITE [26037]",122.968631186647,208.080164137738,21.8754417171757,78.5611501038474,11.694668995544,2.76154979416335,7.06916412173561,0.70960006670405,3.06258140101451,0.465941140990214,1.12586434591314,0.144709262947995,0.918549731961539,0.115585682493496
-0.566,110.42,"GRANODIORITE [26038]",14.99,31.63,3.99,16.29,3.76,1.01,3.57,0.58,3.46,0.71,1.98,0.29,1.85,0.3
-1.592,110.62,"GRANODIORITE [26038]",32.03,60.93,7,25.71,4.84,1.35,3.84,0.54,3.17,0.62,1.68,0.25,1.63,0.26
-0.634,110.44,"GRANODIORITE [26038]",14.77,28.15,3.16,11.61,2.23,0.74,2.05,0.32,1.9,0.39,1.08,0.17,1.14,0.2
1.616,109.65,"GRANODIORITE [26038]",17.85,36.47,4.29,16.92,4.27,0.88,4.47,0.77,5.02,1.04,2.9,0.43,2.78,0.43
0,110,"GRANODIORITE [26038]",32.11,62.83,7.1,25.68,5.17,1.32,4.36,0.7,4.17,0.86,2.37,0.35,2.25,0.36
-0.634,110.44,"GRANODIORITE [26038]",12.98,22.99,2.45,8.55,1.52,0.47,1.07,0.15,0.83,0.15,0.4,0.06,0.39,0.06
41.5306,92.6786,"GRANODIORITE [26044]",19.7,43.3,4.52,16.4,3.22,0.7,3.07,0.47,2.71,0.55,1.63,0.24,1.63,0.23
41.5,92.7,"GRANODIORITE [26044]",15.1,31.4,3.26,11.7,2.43,0.67,2.36,0.36,2.18,0.44,1.36,0.21,1.45,0.22
41.5,92.7,"GRANODIORITE [26044]",23.3,45,4.74,17.2,3.3,0.84,3.14,0.5,2.88,0.56,1.69,0.25,1.71,0.24
41.5308,92.6775,"GRANODIORITE [26044]",18,40.4,4.39,16.3,3.57,0.7,3.59,0.56,3.27,0.67,1.9,0.28,1.86,0.31
41.5,92.7,"GRANODIORITE [26044]",15,30.1,3.39,12.2,2.29,0.39,2.21,0.35,2.06,0.42,1.17,0.17,1.13,0.18
41.5,92.7,"GRANODIORITE [26044]",11.7,28.1,3.14,12.3,2.72,0.61,2.87,0.46,2.68,0.54,1.61,0.23,1.64,0.24
24.6944,112.1965,"GRANODIORITE, HORNBLENDE [26045]",49.41,103,9.56,32.41,6.06,1.26,5.52,0.77,4.25,0.83,2.4,0.35,2.41,0.38
5.1839,103.1053,"GRANODIORITE [26047]",61,99.5,12.9,47.4,8.11,1.83,7.2,0.984,5.19,1.01,2.76,0.41,2.55,0.395
5.1839,103.1053,"GRANODIORITE [26047]",95.9,173,18.5,62.9,9.1,2.15,7.11,0.885,4.39,0.842,2.31,0.342,2.18,0.346
4.3247,103.4711,"GRANODIORITE [26047]",64.7,124,15.1,59.4,12,2.39,12.1,1.86,10.8,2.25,6.45,0.997,6.37,0.994
4.3247,103.4711,"GRANODIORITE [26047]",49.9,103,12.9,51.2,10.6,2.25,10.5,1.64,9.51,1.97,5.62,0.872,5.49,0.865
4.3247,103.4711,"GRANODIORITE [26047]",41.3,80.8,9.66,38.6,7.77,2.22,7.45,1.2,7.11,1.47,4.31,0.659,4.31,0.674
28.4078,98.985,"GRANODIORITE [26081]",43.5,82.5,8.89,32.9,5.73,1.44,4.87,0.64,3.26,0.64,1.77,0.25,1.55,0.25
28.4056,98.9881,"GRANODIORITE [26081]",58.6,107,11.1,40.4,6.64,1.52,5.58,0.75,3.85,0.75,2.14,0.28,1.85,0.28
28.4058,98.9872,"GRANODIORITE [26081]",41.3,80,8.64,32.8,5.96,1.38,5.16,0.71,3.74,0.74,2.08,0.27,1.88,0.3
28.4014,98.9869,"GRANODIORITE [26081]",37,71.6,8.03,31.4,5.89,1.42,5.06,0.69,3.6,0.71,1.92,0.25,1.69,0.27
28.4011,98.9867,"GRANODIORITE [26081]",41.2,79.8,8.64,31.8,5.49,1.35,5.03,0.64,3.33,0.64,1.9,0.27,1.77,0.25
29.3392,99.07,"GRANODIORITE [26081]",9.2,19.5,2.23,9.23,2.13,0.58,2.01,0.31,1.83,0.34,1.11,0.15,1.06,0.15
29.3397,99.07,"GRANODIORITE [26081]",13.6,27.1,2.82,10.6,1.6,0.66,1.42,0.18,1,0.2,0.57,0.09,0.6,0.08
29.3403,99.07,"GRANODIORITE [26081]",11.6,22.7,2.51,9.54,1.6,0.66,1.43,0.19,0.93,0.17,0.52,0.07,0.55,0.08
29.345,99.0703,"GRANODIORITE [26081]",9.9,19.7,2.25,9.03,1.99,0.64,1.82,0.26,1.49,0.26,0.83,0.1,0.67,0.1
29.3431,99.07,"GRANODIORITE [26081]",13.7,26.2,2.92,11.4,1.96,0.64,1.83,0.22,1.24,0.24,0.64,0.09,0.66,0.1
28.7367,99.1319,"GRANODIORITE [26081]",5.07,11,1.29,5.71,1.44,0.58,1.22,0.23,1.21,0.23,0.65,0.09,0.65,0.08
28.7389,99.1292,"GRANODIORITE [26081]",9.73,18.3,1.85,6.72,1.32,0.54,1.09,0.16,0.81,0.17,0.44,0.06,0.44,0.07
28.7483,99.1244,"GRANODIORITE [26081]",9.24,17.8,1.92,7.29,1.59,0.59,1.34,0.24,1.18,0.26,0.72,0.12,0.78,0.12
28.7528,99.1222,"GRANODIORITE [26081]",4.5,8.9,1.05,4.72,1.15,0.66,1.09,0.17,0.92,0.18,0.51,0.08,0.49,0.08
45.1,141.27,"GRANODIORITE [7760]",10.9,25.8,3.31,13.2,2.68,0.81,2.56,0.42,2.62,0.58,1.73,0.27,2.23,0.33
45.26,118.95,"GRANODIORITE [26105]",9.49,21.4,2.76,10.87,2.23,0.65,1.9,0.31,1.61,0.3,0.87,0.14,0.86,0.14
45.26,118.95,"GRANODIORITE [26105]",9.02,19.06,2.48,9.88,2.01,0.61,1.63,0.26,1.39,0.27,0.72,0.12,0.81,0.13
45.26,118.95,"GRANODIORITE [26105]",9.49,20.53,2.66,10.35,2.17,0.66,1.79,0.28,1.55,0.29,0.83,0.12,0.79,0.13
45.26,118.95,"GRANODIORITE [26105]",8.21,18.22,2.33,9.32,1.9,0.56,1.62,0.24,1.31,0.25,0.73,0.12,0.71,0.12
45.26,118.95,"GRANODIORITE [26105]",13.39,27.83,3.54,13.88,2.72,0.75,2.26,0.33,1.77,0.34,0.91,0.15,0.89,0.14
45.26,118.95,"GRANODIORITE [26105]",9.84,21.72,2.77,10.91,2.18,0.6,1.79,0.28,1.46,0.29,0.77,0.13,0.81,0.12
45.26,118.95,"GRANODIORITE [26105]",8.99,19.95,2.57,9.73,1.94,0.61,1.79,0.28,1.52,0.3,0.77,0.13,0.82,0.12
45.26,118.95,"GRANODIORITE [26105]",8.48,19.29,2.53,10.06,2.09,0.61,1.74,0.28,1.42,0.28,0.8,0.14,0.83,0.12
45.26,118.95,"GRANODIORITE [26105]",8.41,18.72,2.42,9.89,1.95,0.6,1.78,0.27,1.41,0.28,0.79,0.13,0.84,0.13
36.5,80,"GRANODIORITE [26145]",104.550971933717,200.447723315738,22.0107684319327,83.0423870625831,13.4248124844564,2.86600807244891,10.0575898824646,1.16781429880913,5.50082356564549,0.937541655753192,2.46238742207682,0.339176828687315,2.09454225794487,0.308695413085777
36.5,80,"GRANODIORITE [26145]",67.5517087903089,127.222645679118,13.6710488703091,50.0723372355793,7.88713634651219,1.90528266171464,5.90020794510817,0.679184135095238,3.16328653572011,0.540135706742726,1.45178421121439,0.201720237691136,1.2513164336917,0.186133751867122
36.5,80,"GRANODIORITE [26145]",76.7453857025266,148.190546786878,16.6958078083937,56.6000764835231,9.17625551127345,2.12469484753174,6.91798118226052,0.789063749031209,3.80336255019214,0.6357266242663,1.70693824825711,0.231845528562664,1.50878689290308,0.222000059315351
29.5,60.5083,"GRANODIORITE [26193]",39.1,69.8,6.8,24.1,4,1,3.8,0.4,2.3,0.4,1.2,0.1,1,0.1
29.5,60.5083,"GRANODIORITE [26193]",35.1,64.7,6.6,24.3,4.3,1.1,3.9,0.5,2.6,0.5,1.3,0.1,1.2,0.1
29.5,60.5083,"GRANODIORITE [26193]",27.5,52.5,5.5,19.6,3.7,0.9,3.2,0.4,2.2,0.4,1.2,0.1,1,0.1
29.5,60.5083,"GRANODIORITE [26193]",25.3,49.2,5.1,19,3.5,0.9,3.2,0.4,2,0.4,1.1,0.1,1,0.1
29.5,60.5083,"GRANODIORITE [26193]",35.1,62.2,6.1,21.5,3.6,0.9,3.5,0.4,2.1,0.4,1.1,0.1,1,0.1
29.5,60.5083,"GRANODIORITE [26193]",36.2,65.4,6.5,22.5,3.7,0.9,3.3,0.3,1.8,0.3,0.8,0.1,0.8,0.1
17.2405,73.8328,"GRANODIORITE [26196]",25.36,45.85,5.27,16.78,2.5,0.89,1.83,0.25,1.54,0.32,0.82,0.11,1,0.17
17.2405,73.8328,"GRANODIORITE [26196]",14.69,28.85,4.05,16.9,4.19,1.01,4.07,0.61,3.75,0.75,1.71,0.25,1.51,0.23
17.2405,73.8328,"GRANODIORITE [26196]",30.32,71.87,10.76,43.66,8.04,1.66,6.09,0.9,5.47,1.11,2.92,0.51,3.49,0.54
17.2405,73.8328,"GRANODIORITE [26196]",14.76,34.37,5.48,22.81,5.1,1.3,4.27,0.69,4.46,0.94,2.46,0.38,2.76,0.43
17.2405,73.8328,"GRANODIORITE [26196]",45.47,88.22,9.13,36.18,6.42,1.2,3.97,0.63,4.03,0.74,1.75,0.26,2.21,0.34
17.2405,73.8328,"GRANODIORITE [26196]",30.47,66.58,9.79,38.89,8.4,1.78,7.52,1.16,7.36,1.47,3.85,0.82,4.22,0.59
37.5907,126.4614,"GRANODIORITE [26221]",46.1,83.2,8.45,30.1,4.8,1.25,3.7,0.5,2.4,0.4,1.2,0.19,1.3,0.2
37.5956,126.4374,"GRANODIORITE [26221]",39.3,71.6,7.2,25.8,4.2,1.11,3.2,0.4,2.2,0.4,1.2,0.17,1.2,0.18
37.6797,126.3996,"GRANODIORITE [26221]",38.8,73.8,7.83,28.1,5,1.13,4,0.6,3,0.6,1.6,0.24,1.6,0.26
33.5,112.3,"GRANODIORITE [26238]",17.1,28.7,4.42,16.8,3.06,0.976052263506958,2.25258088298139,0.29,1.17,0.217152315513284,0.67,0.08,0.6,0.09
29.33,89.74,"GRANODIORITE [26240]",23.1,42.8,4.26,15.4,2.85,0.74,2.72,0.36,1.88,0.36,1.02,0.16,1.14,0.2
42,93.2,"GRANODIORITE [26261]",21.9,51.3,5.36,21.1,4.82,1.07,5.13,0.8,4.85,1.03,2.86,0.44,2.95,0.46
42,93.2,"GRANODIORITE [26261]",25.7,52.8,5.8,22.7,4.84,0.99,4.82,0.79,4.81,1.06,3,0.47,3.14,0.49
42,93.2,"GRANODIORITE [26261]",22.8,48.5,5.35,21,4.66,1.02,4.72,0.79,4.61,0.96,2.69,0.41,2.72,0.44
42,93.2,"GRANODIORITE [26261]",24.4,52,6.07,23.4,5.41,1,5.19,0.84,5.12,1.12,3.14,0.49,3.28,0.5
42,93.2,"GRANODIORITE [26261]",23.5,50.4,5.85,22.8,5.15,1.09,5,0.82,4.88,1.05,2.95,0.45,2.9,0.44
-9.78842,160.085215,"GRANODIORITE [26260]",13.29,28.69,4.093,18.97,4.943,1.319,5.644,0.9359,6.292,1.305,3.85478,0.5668,3.804,0.5545
49.9220561666667,14.704342,"GRANODIORITE, BIOTITE-AMPHIBOLE [26290]",34.1,55.9,5.4,16.9,3.1,0.87,2.54,0.45,2.68,0.52,1.56,0.241,1.58,0.255
49.3735913333333,14.0227241666667,"GRANODIORITE, BIOTITE [26290]",29.2,56.5,6.92,25.2,5.1,0.988,4.29,0.67,3.65,0.7,2.01,0.304,1.96,0.286
49.5507403333333,14.1071803333333,"GRANODIORITE, AMPHIBOLE-BIOTITE [26290]",53.3,102,12,41.3,6.8,1.15,5.38,0.71,3.73,0.68,2.05,0.297,1.9,0.276
49.5527686666667,14.0986521666667,"GRANODIORITE, AMPHIBOLE-BIOTITE [26290]",41.2,78.1,8.7,30.7,5.9,1.26,4.5,0.67,3.6,0.65,1.95,0.299,2.02,0.287
49.4414995,14.0114366666667,"GRANODIORITE, BIOTITE-AMPHIBOLE [26290]",42.9,84.8,10.5,38.9,7.8,1.27,6.62,1.01,5.32,1.01,2.9,0.418,2.61,0.392
41.47296,102.220737,"GRANODIORITE [26315]",29.2,55.7,5.57,19.5,3.46,1,2.95,0.45,2.66,0.51,1.43,0.21,1.29,0.2
41.471377,102.222305,"GRANODIORITE [26315]",36.4,72.6,7.68,28.4,5.63,1.02,5.23,0.8,4.94,1.02,2.89,0.42,2.74,0.42
41.622872,102.620065,"GRANODIORITE [26315]",10.7,20,2.07,7.1,1.5,0.94,1.9,0.39,2.45,0.56,1.71,0.28,1.98,0.33
41.470668,102.117303,"GRANODIORITE [26315]",17.7,37.3,4.62,18.3,4.09,1.65,4.15,0.69,4.42,0.98,2.91,0.46,3.09,0.5
14.0051,76.2811,"GRANODIORITE [26319]",15.03,27.69,2.75,7.98,1.56,0.5,1.34,0.2,1.17,0.25,0.67,0.09,0.38,0.06
69.2058,177.2198,"GRANODIORITE [26331]",95,195.4,19.69,61.29,10.43,1.42,12.3,1.45,7.62,1.39,4.37,0.61,4.35,0.61
29.78,95.64,"GRANODIORITE [26354]",13,26,3.74,16,3.29,0.91,2.87,0.45,2.67,0.52,1.49,0.21,1.37,0.22
29.78,95.64,"GRANODIORITE [26354]",88,151,16.99,66,9.33,1.58,6.52,0.91,5.05,0.95,2.57,0.36,2.25,0.35
29.78,95.64,"GRANODIORITE [26354]",77,182,21.2,69,13.8,2.61,10.4,1.51,7.64,1.35,3.65,0.49,2.91,0.42
29.34,95.32,"GRANODIORITE [26354]",31,63,7.12,27,6.03,1.05,5.37,0.75,4.27,0.76,1.83,0.21,1.24,0.17
27.2,102.25,"GRANODIORITE [26376]",41.5,84.2,9.46,36.7,7.27,1.45,6.26,1.01,6.35,1.23,3.56,0.53,3.5,0.53
27.2,102.25,"GRANODIORITE [26376]",66.6,129,13.9,53.7,10,1.8,8.69,1.35,8.49,1.65,4.76,0.65,4.21,0.62
27.2,102.25,"GRANODIORITE [26376]",52.6,102,12.3,52.2,8.06,1.27,7.04,1.16,8.09,1.22,4.68,0.61,4.76,0.62
27.2,102.25,"GRANODIORITE [26376]",64.9,135,11.4,47.2,8.61,1.09,7.66,1.23,7.51,1.3,4.9,0.63,3.9,0.64
27.2,102.25,"GRANODIORITE [26376]",59.2,109,11.9,49.8,9.47,1.58,8.31,1.31,8.12,1.59,4.51,0.68,4.31,0.67
27.2,102.25,"GRANODIORITE [26376]",53.7,109,12.1,45.7,9.02,1.51,8.02,1.3,8.09,1.6,4.64,0.67,4.56,0.64
27.2,102.25,"GRANODIORITE [26376]",55.9,115,12.2,46.8,9.28,1.61,8.49,1.32,8.62,1.63,4.82,0.72,4.71,0.72
27.2,102.25,"GRANODIORITE [26376]",61.2,118,12.8,49.7,9.81,1.69,8.47,1.37,8.36,1.69,4.59,0.73,4.62,0.7
27.2,102.25,"GRANODIORITE [26376]",53,103,11.7,43.2,8.62,1.45,7.69,1.21,7.61,1.51,4.12,0.65,4.06,0.62
27.2,102.25,"GRANODIORITE [26376]",32.1,66.7,7.59,29.6,5.83,1.12,5.17,0.93,5.57,1.16,3.21,0.53,3.32,0.53
46.2526666666667,90.6537,"GRANODIORITE [26387]",27.03,56.2,6.621,24.02,4.597,1.277,3.918,0.58,3.231,0.66,1.81,0.274,1.842,0.289
46.2526666666667,90.6537,"GRANODIORITE [26387]",26.35,55.85,7.034,27.36,5.574,1.238,4.624,0.698,3.865,0.769,2.067,0.303,1.995,0.291
46.2526666666667,90.6537,"GRANODIORITE [26387]",25.07,52.28,6.412,24.5,4.82,1.213,3.971,0.6,3.37,0.676,1.807,0.27,1.788,0.267
46.2526666666667,90.6537,"GRANODIORITE [26387]",20.64,41.8,4.953,19.05,3.796,1.03,3.165,0.474,2.667,0.534,1.442,0.215,1.419,0.219
46.2526666666667,90.6537,"GRANODIORITE [26387]",23.61,46.15,5.489,21.1,4.155,1.08,3.566,0.526,2.89,0.583,1.575,0.235,1.528,0.239
46.1703833333333,90.1828333333333,"GRANODIORITE [26387]",44.09,87.91,10.39,37.68,6.778,1.539,5.427,0.809,4.496,0.897,2.397,0.352,2.297,0.353
46.1703833333333,90.1828333333333,"GRANODIORITE [26387]",46.47,92.76,11,39.82,7.159,1.608,5.91,0.865,4.78,0.955,2.515,0.371,2.399,0.369
46.1703833333333,90.1828333333333,"GRANODIORITE [26387]",43.6,85.67,10.17,36.55,6.687,1.507,5.505,0.811,4.464,0.892,2.387,0.35,2.305,0.358
46.1703833333333,90.1828333333333,"GRANODIORITE [26387]",43.93,86.59,10.31,37.72,6.866,1.531,5.667,0.825,4.598,0.902,2.395,0.353,2.292,0.347
46.1703833333333,90.1828333333333,"GRANODIORITE [26387]",46.07,93.33,11.16,40.19,7.246,1.65,5.941,0.868,4.796,0.949,2.553,0.378,2.489,0.383
43.15,83.38,"GRANODIORITE [26390]",25.1,41.8,4.78,17.8,3.28,0.83,2.88,0.47,2.52,0.53,1.5,0.26,1.63,0.25
43.15,83.38,"GRANODIORITE [26390]",24.2,42.3,4.6,16.6,3.22,0.75,2.79,0.53,2.77,0.59,1.76,0.3,1.9,0.28
43.15,83.38,"GRANODIORITE [26390]",18.6,33.9,3.83,14.3,2.71,0.64,2.3,0.43,2.47,0.51,1.48,0.27,1.72,0.26
43.15,83.38,"GRANODIORITE [26390]",27.6,48.6,5.29,19.3,3.43,0.78,3,0.53,3.05,0.61,1.85,0.29,1.94,0.27
38.8,92,"GRANODIORITE [26395]",15.4,32.7,3.81,15,2.95,0.976575250693071,2.94593508526981,0.446,2.5,0.532,1.49,0.198,1.24,0.178
38.8,92,"GRANODIORITE [26395]",10.7,26.1,3.41,15.1,3.3,0.9439191461175,3.33952730510819,0.527,3.06,0.632,1.79,0.247,1.62,0.239
38.8,92,"GRANODIORITE [26395]",14,30.5,3.55,14.6,3.15,0.980214903226679,3.10401095917965,0.461,2.47,0.525,1.45,0.206,1.39,0.198
38.8,92,"GRANODIORITE [26395]",13.3,30.5,3.67,15.2,3.41,1.03827657471209,3.35334604611404,0.488,2.64,0.575,1.62,0.21,1.43,0.207
38.8,92,"GRANODIORITE [26395]",15,34,4.06,16.4,3.53,0.970533093422233,3.47431602861921,0.537,3.03,0.648,1.84,0.252,1.65,0.228
6.7998,-6.4414,"GRANODIORITE [26411]",105.7,183.3,23.82,94.2,15.87,3.96,11.65,1.26,5.15,0.79,1.89,0.25,1.45,0.23
24.75,114.87,"GRANODIORITE [26426]",30.5,63.6,7.12,24.3,4.96,0.37,4.34,0.71,3.61,0.61,1.62,0.24,1.48,0.22
24.75,114.87,"GRANODIORITE [26426]",31.7,65,7.57,27.2,5.3,0.39,4.55,0.68,3.5,0.6,1.51,0.23,1.38,0.19
24.75,114.87,"GRANODIORITE [26426]",38.8,80.8,9.71,37,7.55,0.6,7.06,0.87,4.05,0.65,1.64,0.23,1.53,0.21
24.75,114.87,"GRANODIORITE [26426]",39.8,81.5,9.67,34.5,7.41,0.6,5.88,0.8,4.03,0.64,1.52,0.21,1.23,0.18
24.75,114.87,"GRANODIORITE [26426]",43.7,88.9,10.9,43.5,8.97,0.77,10.9,1.83,11.4,2.2,6.33,0.95,5.69,0.82
24.75,114.87,"GRANODIORITE [26426]",29.2,61.8,7.07,25.6,5.43,0.43,5.01,0.74,3.79,0.62,1.73,0.24,1.43,0.2
-34.507,-55.3935,"GRANODIORITE [26450]",29,56,5.4,20,2.7,0.9,1.8,0.18,1,0.2,0.5,0.06,0.5,0.07
-34.507,-55.3935,"GRANODIORITE [26450]",76,151,14.8,59,8.4,2.4,5.6,0.52,2.7,0.44,1.1,0.14,0.9,0.1
6.42,8.77,"GRANODIORITE [26491]",22.9,47,6.25,24.3,5.93,1.38,5.83,0.93,5.37,1.21,3.3,0.55,1.08,0.45
6.42,8.77,"GRANODIORITE [26491]",14.4,26.6,3.26,10.8,2.42,0.42,1.51,0.24,1.2,0.21,0.6,0.06,3.39,0.05
6.42,8.77,"GRANODIORITE [26491]",32,64.8,8.31,31.1,7.85,1.48,6.12,1.02,6.33,1.4,3.46,0.53,3.48,0.36
-39.89,-73.48,"GRANODIORITE [26511]",23.2,47.1,5.65,19.2,4.58,1.01,4.44,0.7,3.95,0.85,2.45,0.34,2.26,0.36
-39.89,-73.48,"GRANODIORITE [26511]",20.1,40.6,4.93,17.7,4.46,1.22,4.38,0.72,4.08,0.92,2.6,0.35,2.29,0.35
-39.89,-73.48,"GRANODIORITE [26511]",22.2,45.4,4.92,18.9,3.75,0.46,3.67,0.62,3.93,0.86,2.41,0.36,2.37,0.36
-39.89,-73.48,"GRANODIORITE [26511]",21.7,44.3,4.62,16.9,3.17,0.5,2.9,0.47,2.91,0.63,1.84,0.29,2.03,0.31
-39.89,-73.48,"GRANODIORITE [26511]",25,51.9,5.48,20.2,3.87,0.17,3.48,0.59,3.77,0.83,2.49,0.39,2.76,0.42
-39.89,-73.48,"GRANODIORITE [26511]",22.9,45.9,4.81,18.2,3.33,0.67,2.94,0.45,2.76,0.58,1.64,0.24,1.66,0.26
-39.89,-73.48,"GRANODIORITE [26511]",17.2,35.8,4.01,16.4,3.3,0.89,2.94,0.44,2.63,0.54,1.43,0.2,1.3,0.19
-39.89,-73.48,"GRANODIORITE [26511]",20.9,43.6,4.66,17.9,3.5,0.71,3.17,0.5,3.1,0.66,1.82,0.27,1.85,0.28
-39.89,-73.48,"GRANODIORITE [26511]",22,45.2,4.83,18.3,3.5,0.55,3.15,0.52,3.24,0.7,1.99,0.3,2.07,0.31
-39.89,-73.48,"GRANODIORITE [26511]",17.4,33.6,3.69,15,3.13,0.85,2.98,0.48,2.91,0.6,1.65,0.23,1.54,0.23
-39.89,-73.48,"GRANODIORITE [26511]",15,30.7,3.44,13.8,2.99,0.77,2.84,0.47,2.85,0.6,1.65,0.23,1.54,0.23
-38.8,-71.4,"GRANODIORITE [26511]",19.4,44.3,5.75,22,5.31,1.32,4.88,0.8,4.59,0.99,2.93,0.43,2.7,0.44
37.7058,128.823,"GRANODIORITE [26513]",35.3,62.5,6.73,24,3.6,1.22,2.6,0.4,1.9,0.3,1,0.13,0.9,0.14
37.6899,128.8843,"GRANODIORITE [26513]",27.9,48.6,5.36,19.4,3.1,1.03,2.2,0.3,1.6,0.3,0.9,0.12,0.8,0.13
37.6899,128.8845,"GRANODIORITE [26513]",37.3,65.4,7.07,25.9,3.9,1.16,2.8,0.4,2.1,0.4,1.2,0.16,1.1,0.17
32.6314,86.3869,"GRANODIORITE [26522]",26.9,43.8,4.39,15.5,2.75,0.8,2.27,0.4,1.96,0.39,1.16,0.18,1.36,0.19
32.6314,86.3869,"GRANODIORITE [26522]",22.9,37.8,3.89,14.9,2.92,0.79,2.08,0.4,1.89,0.36,1.17,0.19,1.21,0.19
32.6314,86.3869,"GRANODIORITE [26522]",42.5,65.3,6.27,20.9,3.03,0.74,2.45,0.37,1.67,0.32,0.88,0.15,0.92,0.16
32.6314,86.3869,"GRANODIORITE [26522]",25.5,41.4,4.37,16.1,2.83,0.85,2.35,0.41,2.2,0.44,1.29,0.2,1.25,0.21
32.6314,86.3869,"GRANODIORITE [26522]",23.6,38.3,3.99,14.6,2.65,0.8,2.17,0.36,1.87,0.39,1.05,0.18,1.12,0.19
32.6314,86.3869,"GRANODIORITE [26522]",34.1,52.1,4.85,15.7,2.31,0.69,1.77,0.27,1.43,0.28,0.83,0.12,0.89,0.14
32.6314,86.3869,"GRANODIORITE [26522]",24,37.6,3.79,13.8,2.25,0.78,1.94,0.33,1.69,0.33,0.98,0.16,1.03,0.17
32.6314,86.3869,"GRANODIORITE [26522]",20.7,34,3.35,12.3,2.41,0.76,1.95,0.35,1.67,0.35,0.98,0.15,1.07,0.18
32.6314,86.3869,"GRANODIORITE [26522]",28.9,45.9,4.45,14.9,2.33,0.75,1.94,0.27,1.26,0.25,0.72,0.12,0.82,0.14
32.6314,86.3869,"GRANODIORITE [26522]",25.5,41.1,4.04,14.1,2.46,0.77,2.01,0.33,1.7,0.34,0.97,0.16,1.1,0.18
32.6314,86.3869,"GRANODIORITE [26522]",28.3,46.7,4.81,17.6,3.06,1,2.51,0.42,2.11,0.4,1.2,0.2,1.17,0.22
32.6314,86.3869,"GRANODIORITE [26522]",28.4,47.9,5.12,19.4,3.59,1.07,2.85,0.47,2.52,0.48,1.41,0.23,1.37,0.25
32.6314,86.3869,"GRANODIORITE [26522]",30.4,47.7,4.93,18.1,3.14,0.93,2.46,0.41,2.12,0.42,1.27,0.2,1.26,0.21
32.6314,86.3869,"GRANODIORITE [26522]",28,46.7,4.76,17.8,3.31,0.91,2.52,0.43,2.26,0.44,1.32,0.23,1.24,0.22
32.6314,86.3869,"GRANODIORITE [26522]",27.4,45.5,4.64,17.5,3.2,1,2.48,0.41,2.19,0.42,1.18,0.19,1.22,0.19
32.6,107,"GRANODIORITE [26540]",30,60.4,5.64,19.9,3.09,1.18,2.94,0.42,2.44,0.46,1.35,0.21,1.34,0.22
32.6,105.1,"GRANODIORITE [26540]",27.1,50.4,6.09,22.8,4.25,1.15,4.06,0.75,5.13,1.07,3.1,0.47,2.82,0.41
32.6,107,"GRANODIORITE [26540]",31.2,52.9,5.24,18.2,3.16,0.83,2.41,0.33,1.91,0.38,1.12,0.17,1.12,0.19
32.6,107,"GRANODIORITE [26540]",32.3,54.9,5.45,18.5,3.12,0.81,2.45,0.35,1.87,0.38,1.12,0.17,1.09,0.19
32.6,107,"GRANODIORITE [26540]",28.4,48.4,4.84,16.3,2.79,0.76,2.3,0.32,1.78,0.36,1.03,0.16,1.11,0.19
32.6,107,"GRANODIORITE [26540]",32.8,56.1,5.57,18.4,3.28,0.8,2.52,0.37,2.07,0.43,1.19,0.18,1.21,0.2
31.4,103.6,"GRANODIORITE [26540]",34.6,70.3,7.67,30.2,6.29,3.76,5.57,0.93,5.96,1.39,4.19,0.68,4.71,0.81
31.4,103.6,"GRANODIORITE [26540]",23.4,52,6.43,28.5,7.25,3.61,7.67,1.3,8.5,1.92,5.54,0.86,5.58,0.93
31.4,103.6,"GRANODIORITE [26540]",25,59.6,7.88,36.4,9.19,3.8,9.77,1.65,10.6,2.28,6.8,1.02,6.64,1.11
31.4,103.6,"GRANODIORITE [26540]",19.1,46.7,5.74,25.3,6.52,3.63,6.86,1.06,6.78,1.57,4.61,0.72,4.79,0.8
31.4,103.6,"GRANODIORITE [26540]",26,52,6.1,25.3,5.64,3.43,5.82,0.97,6.39,1.48,4.35,0.68,4.67,0.78
31.4,103.6,"GRANODIORITE [26540]",27.6,55.3,6.3,25.7,5.3,3.75,5.01,0.81,5.1,1.15,3.57,0.59,4.03,0.71
-28.2012153949673,-71.1511605744766,"GRANODIORITE [26546]",11.5,38.9,3.2,15.7,3.9,0.5,4.2,0.8,4.7,1,3,0.5,3.3,0.5
-24.8174166666667,-68.1001666666667,"GRANODIORITE [26562]",17.9,34.5,3.72,13.6,2.6,0.69,2.4,0.4,2.2,0.4,1.1,0.18,1.2,0.17
-24.8688,-68.08995,"GRANODIORITE [26562]",33.3,67.9,8.19,29.9,6.01,1.21,4.85,0.81,4.36,0.89,2.69,0.41,2.68,0.39
-24.90245,-68.0837333333333,"GRANODIORITE [26562]",11.8,24.7,3.06,12,2.53,0.74,2.23,0.32,1.68,0.32,0.94,0.14,0.91,0.13
-24.81925,-68.0923833333333,"GRANODIORITE [26562]",18.8,36.6,3.88,15.6,2.91,0.8,2.79,0.38,2.16,0.41,1.23,0.19,1.22,0.18
-24.81925,-68.0923833333333,"GRANODIORITE [26562]",18.5,37.4,4.19,16.6,3.31,0.92,3.09,0.43,2.4,0.47,1.38,0.2,1.39,0.2
-24.6247,-67.7569,"GRANODIORITE [26562]",33.2,61.5,6.06,21.8,3.65,0.94,3.59,0.49,2.84,0.59,1.83,0.29,2.01,0.31
-24.6206333333333,-67.7532333333333,"GRANODIORITE [26562]",34.3,65.6,6.53,24.4,4.31,1.07,4.6,0.65,3.78,0.79,2.37,0.37,2.43,0.38
-24.9201,-68.0903333333333,"GRANODIORITE [26562]",35,79.7,7.78,29,5.15,1.21,3.7,0.62,3.29,0.61,1.78,0.25,1.58,0.24
45.3075,129.3917,"GRANODIORITE [26565]",28.1,61.1,7.23,28.2,6.56,1.37,5.25,0.9,5.27,1.06,3,0.47,2.96,0.43
45.3075,129.3917,"GRANODIORITE [26565]",35.3,77.6,8.97,34.6,7.76,1.54,6.23,1.01,6.1,1.22,3.48,0.53,3.37,0.51
45.3075,129.3917,"GRANODIORITE [26565]",38.7,84.1,10.1,39.8,8.65,1.62,7.13,1.12,6.8,1.36,3.89,0.6,3.82,0.56
45.3075,129.3917,"GRANODIORITE [26565]",24.5,54.3,6.38,25.1,6.25,1.14,5.09,0.87,4.85,0.94,2.62,0.4,2.47,0.37
2,14.5,"GRANODIORITE, BIOTITE [26575]",36.4,73,7.05,22.6,2.76,0.92,1.57,0.15,0.79,0.15,0.47,0.07,0.57,0.1
2,14.5,"GRANODIORITE, BIOTITE [26575]",47.3,103,11.4,40.4,6.83,1.52,5.16,0.79,4.91,1.08,3.22,0.55,3.91,0.63
2,14.5,"GRANODIORITE, BIOTITE [26575]",34.4,67.3,7.38,27.2,5.39,1.42,5.02,0.79,5.04,1.1,3.02,0.46,3.07,0.47
2,14.5,"GRANODIORITE, BIOTITE [26575]",75.9,151,15.5,52,7.09,1.37,4.95,0.63,3.64,0.76,1.97,0.27,1.71,0.25
2,14.5,"GRANODIORITE, BIOTITE [26575]",21.8,41.3,4.65,16.6,2.78,0.76,1.97,0.27,1.52,0.31,0.87,0.14,0.93,0.14
2,14.5,"GRANODIORITE, BIOTITE [26575]",17,35.2,3.91,14,2.51,0.69,1.9,0.28,1.74,0.36,1.01,0.16,1.11,0.17
2,14.5,"GRANODIORITE, BIOTITE [26575]",9.72,21,2.5,9.04,1.66,0.54,1.36,0.2,1.18,0.25,0.74,0.12,0.84,0.13
2,14.5,"GRANODIORITE, BIOTITE [26575]",15,29.1,3.35,12,2,0.54,1.48,0.2,1.24,0.27,0.8,0.13,0.97,0.15
2,14.5,"GRANODIORITE, BIOTITE [26575]",9.54,27.3,2.11,7.92,1.52,0.53,1.18,0.16,0.86,0.18,0.5,0.08,0.56,0.09
2,14.5,"GRANODIORITE, BIOTITE [26575]",13.7,25.9,2.9,10.2,1.62,0.46,1.25,0.18,1.09,0.22,0.63,0.09,0.59,0.09
2,14.5,"GRANODIORITE, BIOTITE [26575]",5,10.4,1.21,4.51,0.91,0.33,0.73,0.1,0.65,0.14,0.41,0.06,0.45,0.08
-18.3344,12.1004,"GRANODIORITE, AMPHIBOLE-BIOTITE [26580]",6.6,15,2.47,11.9,3.43,1.15,3.97,0.65,4.01,0.78,2.31,0.32,2.04,0.3
36,96,"GRANODIORITE [26584]",26.65,50.76,5.37,19.24,3.42,0.84,2.76,0.36,1.99,0.38,1.07,0.15,0.99,0.16
36,96,"GRANODIORITE [26584]",12.17,23.18,3.44,14.49,3.45,0.83,2.91,0.44,2.45,0.46,1.29,0.18,1.22,0.19
36,96,"GRANODIORITE [26584]",26.53,52.45,5.43,19.51,3.47,0.93,2.93,0.4,2.17,0.43,1.13,0.16,0.99,0.16
36,96,"GRANODIORITE [26584]",28.29,55.97,5.78,20.94,3.57,0.85,2.89,0.4,2.13,0.37,1.13,0.15,1.02,0.15
36,96,"GRANODIORITE [26584]",27.86,52.66,5.85,21.54,4.05,1.07,3.44,0.48,2.61,0.49,1.32,0.18,1.26,0.18
36,96,"GRANODIORITE [26584]",27.27,54.83,5.32,17.82,2.97,0.64,2.32,0.35,1.98,0.4,1.17,0.18,1.28,0.19
41,109.8,"GRANODIORITE [26593]",16.3,29.7,3.06,11.4,1.78,0.93,1.43,0.19,0.907,0.17,0.5,0.07,0.48,0.07
41,109.8,"GRANODIORITE [26593]",20.5,43.9,5.26,22.2,4.49,1.23,3.94,0.53,2.9,0.54,1.5,0.2,1.28,0.18
41,109.8,"GRANODIORITE [26593]",19.9,38.1,4.08,15.3,2.65,0.98,2.25,0.31,1.64,0.31,0.9,0.12,0.81,0.12
41,109.8,"GRANODIORITE [26593]",21.4,40,5.02,20.2,3.76,1.24,3.21,0.45,2.36,0.45,1.26,0.16,1.04,0.16
41,109.8,"GRANODIORITE [26593]",18.5,36.9,3.84,14.7,2.49,1.05,1.98,0.28,1.47,0.28,0.79,0.1,0.69,0.1
41,109.8,"GRANODIORITE [26593]",19.7,38.8,3.78,14.9,2.3,1.05,1.81,0.25,1.2,0.23,0.72,0.1,0.68,0.1
21.1211,85.8872,"GRANODIORITE [26597]",20.5,36.4,3.6,11.4,1.7,0.6,1.5,0.1,0.6,0.1,0.3,0,0.2,0
33.9,104.7,"GRANODIORITE [26602]",24.22,47.63,5.367,20.62,3.589,0.938,3.113,0.439,2.322,0.466,1.201,0.179,1.136,0.176
33.9,104.7,"GRANODIORITE [26602]",25.52,50.75,5.607,21.6,3.743,0.957,3.276,0.438,2.544,0.472,1.262,0.183,1.155,0.181
33.9,104.7,"GRANODIORITE [26602]",23.16,44.37,5.081,19.16,3.425,0.883,2.905,0.397,2.19,0.436,1.09,0.174,1.034,0.165
33.9,104.7,"GRANODIORITE [26602]",34.37,68.36,7.559,29.77,5.003,1.291,4.052,0.533,2.74,0.541,1.361,0.199,1.236,0.189
33.9,104.7,"GRANODIORITE [26602]",30.52,57.75,6.952,25.74,4.267,1.138,3.582,0.463,2.47,0.476,1.178,0.174,1.094,0.165
33.9,104.7,"GRANODIORITE [26602]",27.98,54.7,6.276,23.9,4.078,1.032,3.449,0.467,2.594,0.501,1.293,0.191,1.181,0.183
33.9,104.7,"GRANODIORITE [26602]",33.13,63.51,7.049,26.91,4.681,1.118,3.71,0.489,2.582,0.491,1.282,0.186,1.11,0.182
33.9,104.7,"GRANODIORITE [26602]",27.5,54.57,5.798,21.61,3.815,0.921,3.102,0.437,2.346,0.45,1.151,0.178,1.096,0.169
33.9,104.7,"GRANODIORITE [26602]",24.72,48.12,5.202,20.58,3.554,0.905,3.135,0.434,2.417,0.482,1.246,0.189,1.141,0.177
33.9,104.7,"GRANODIORITE [26602]",27.99,52.89,5.835,21.99,3.833,0.899,3.286,0.441,2.343,0.468,1.159,0.179,1.095,0.171
33.9,104.7,"GRANODIORITE [26602]",27.05,53.83,5.997,22.4,3.898,0.999,3.366,0.445,2.427,0.485,1.235,0.179,1.113,0.179
33.9,104.7,"GRANODIORITE [26602]",27.26,53.49,6.003,22.68,3.995,0.975,3.453,0.462,2.418,0.486,1.244,0.182,1.078,0.178
33.9,104.7,"GRANODIORITE [26602]",28.12,56.32,6.245,24.51,3.98,1.026,3.451,0.471,2.481,0.509,1.234,0.185,1.159,0.178
33.9,104.7,"GRANODIORITE [26602]",29.46,55.07,6.134,23.72,3.957,0.955,3.231,0.443,2.296,0.471,1.261,0.169,1.106,0.168
33.9,104.7,"GRANODIORITE [26602]",28.25,52.84,5.995,22.33,3.981,0.95,3.407,0.447,2.361,0.48,1.267,0.181,1.121,0.174
33.9,104.7,"GRANODIORITE [26602]",28.2,53.87,6.018,22.28,3.88,1.005,3.256,0.42,2.338,0.45,1.244,0.167,1.05,0.162
33.9,104.7,"GRANODIORITE [26602]",28.14,54.9,6.145,22.93,4.013,1.052,3.353,0.467,2.474,0.493,1.332,0.185,1.142,0.178
33.9,104.7,"GRANODIORITE [26602]",25.37,48.42,5.43,20.08,3.812,0.93,2.995,0.439,2.38,0.464,1.163,0.177,1.153,0.167
6.2282,-5.3741,"GRANODIORITE [26603]",22.63,43.24,5,20.35,3.31,0.92,2.33,0.26,1.24,0.19,0.46,0.06,0.4,0.06
6.2282,-5.3741,"GRANODIORITE [26603]",32.93,58.36,6.57,26.27,4.25,1.12,2.75,0.31,1.46,0.23,0.57,0.07,0.49,0.07
6.2282,-5.3741,"GRANODIORITE [26603]",54.32,86.29,9.06,33.62,4.71,1.15,2.94,0.31,1.42,0.21,0.53,0.07,0.46,0.06
6.6307,-5.1086,"GRANODIORITE [26603]",23,38.5,3.97,14.4,2.26,0.62,1.67,0.21,1.38,0.27,0.83,0.12,0.96,0.15
37.2042,136.6805,"GRANODIORITE [26616]",40.1,72.5,7.98,28.7,5,1.36,3.8,0.6,3.4,0.7,2,0.3,2,0.33
35.341,133.4523,"GRANODIORITE [26616]",12.2,29.8,4.07,17.7,4.2,0.97,3.2,0.5,3,0.6,1.6,0.25,1.7,0.26
35.3231,133.4484,"GRANODIORITE [26616]",15.2,30,3.44,12.6,2.7,0.6,2.2,0.4,2.3,0.5,1.5,0.24,1.7,0.28
36.379,129.4039,"GRANODIORITE [26616]",7.8,17.1,2.36,10.2,2.5,0.69,2.3,0.4,2.5,0.5,1.5,0.24,1.7,0.26
36.3989,129.4182,"GRANODIORITE [26616]",15.8,28.9,3.2,11.7,2.2,0.69,1.8,0.3,1.7,0.3,1,0.16,1.1,0.2
36.4347,129.4339,"GRANODIORITE [26616]",9.5,21.4,2.96,12.9,3.2,0.83,2.9,0.4,2.8,0.6,1.8,0.27,1.9,0.3
36.835,129.4417,"GRANODIORITE [26616]",17.3,32.8,3.88,15.2,3.1,0.99,2.3,0.3,1.5,0.3,0.8,0.12,0.8,0.12
36.8353,129.4419,"GRANODIORITE [26616]",29.7,55,6.47,24.5,4.2,1.33,2.8,0.3,1.7,0.3,0.7,0.1,0.7,0.1
36.911,129.4164,"GRANODIORITE [26616]",30.2,52.9,5.82,20.6,3.4,0.98,2.2,0.2,1.2,0.2,0.5,0.07,0.4,0.08
36.9128,129.416,"GRANODIORITE [26616]",28.1,48.5,5.49,19.6,3.1,0.88,1.7,0.2,1.1,0.2,0.4,0.06,0.4,0.07
36.9386,129.4207,"GRANODIORITE [26616]",32.8,60.2,6.57,23.9,3.9,1,2.1,0.3,1.3,0.2,0.6,0.08,0.5,0.07
36.9386,129.4207,"GRANODIORITE [26616]",37.1,66.6,7.3,26.4,4.2,1.07,2.4,0.3,1.3,0.2,0.6,0.08,0.5,0.07
37.641,128.7817,"GRANODIORITE [26616]",63,106,11,37,5.1,1.42,2.4,0.2,1.1,0.2,0.4,0.06,0.4,0.07
37.6411,128.7085,"GRANODIORITE [26616]",45,90.5,8.59,29.4,5,1.17,3.8,0.6,3.1,0.6,1.5,0.22,1.4,0.22
37.7254,128.9952,"GRANODIORITE [26616]",41.6,73.6,8.61,30.7,5.7,1.21,4.1,0.6,3.3,0.6,1.8,0.25,1.7,0.27
38.1791,128.6091,"GRANODIORITE [26616]",37.3,64.1,6.63,22.5,3.5,1.04,2.3,0.3,1.8,0.3,0.9,0.13,0.8,0.14
38.4842,128.4388,"GRANODIORITE [26616]",24.3,46.5,5.89,24.6,5.3,1.48,4.6,0.7,4.2,0.8,2.2,0.33,2,0.31
38.4968,128.4291,"GRANODIORITE [26616]",47.4,82.9,9.03,32,5.2,1.29,3.2,0.4,2,0.3,0.9,0.13,0.8,0.13
-4.66666666666667,-79.1366666666667,"GRANODIORITE [26615]",34.6023333333333,67.145,7.506,29.1766666666667,5.62733333333333,1.15266666666667,4.64766666666667,0.795,4.18533333333333,0.903,2.386,0.365333333333333,2.50833333333333,0.330333333333333
-3.95866666666667,-78.8563333333333,"GRANODIORITE [26615]",14.279,23.0603333333333,2.38633333333333,8.93966666666667,1.511,0.708,1.36766666666667,0.220666666666667,1.24266666666667,0.311666666666667,0.863666666666667,0.139,0.891333333333333,0.151666666666667
-1.4035,-78.273,"GRANODIORITE [26615]",29.297,46.1946666666667,4.55966666666667,14.5563333333333,2.938,0.254,1.87933333333333,0.313333333333333,1.85166666666667,0.443333333333333,1.42366666666667,0.255,1.98133333333333,0.277666666666667
-0.675833333333333,-77.8083333333333,"GRANODIORITE [26615]",19.2476666666667,27.7456666666667,2.59266666666667,8.82133333333333,1.34466666666667,2.118,0.763,0.118333333333333,0.636666666666667,0.129333333333333,0.426333333333333,0.075,0.733333333333333,0.114666666666667
4.40683333333333,-75.2698333333333,"GRANODIORITE [26615]",17.125,29.2543333333333,3.32,13.2173333333333,2.37166666666667,0.927,1.957,0.275666666666667,1.495,0.324666666666667,0.837666666666667,0.111,0.932666666666667,0.135666666666667
26.0226,74.208,"GRANODIORITE [26617]",58.3,113,11.6,39.7,7.4,0.96,7,1.2,7.2,1.5,4.3,0.67,4.4,0.74
35,111.5,"GRANODIORITE [26630]",40.8987177341666,81.9675889247138,9.59175461993853,35.7399948640961,6.38640673743156,1.50020134774147,5.70302658179975,0.806716497010426,4.81177073600672,0.969222717685038,2.8270072029525,0.433084406426343,2.81322549255979,0.451270724032721
35,111.5,"GRANODIORITE [26630]",48.7442355823244,89.2255585484053,10.040192993004,35.0885375191606,5.57328477404148,1.42187547255414,5.07309946327706,0.614667682147627,3.44587031233074,0.665032302481151,1.93521061475005,0.288903279799531,1.86824081454654,0.307994232456936
35,111.5,"GRANODIORITE [26630]",45.4040556918308,86.4553200541772,9.421938846784,33.4355743155561,5.50491039529256,1.41970555232087,5.04833026077579,0.648119064723323,3.71190912964176,0.733680496560433,2.16710225488773,0.32635065933514,2.12957811513749,0.340320072687979
35,111.5,"GRANODIORITE [26630]",48.9825672762836,91.6394995335699,10.143902817967,35.8443431141578,5.74510114035901,1.4951782696515,5.20722875204417,0.65410726110392,3.70889045382362,0.713146738092776,2.08782740343342,0.310155931257966,2.02188186045243,0.329901997482595
35,111.5,"GRANODIORITE [26630]",43.2121266766873,82.4880864958869,9.00146668466029,32.0950804877765,5.3487776650539,1.43459174641902,4.86961136668471,0.646734380290176,3.78744481359234,0.753381273586912,2.22703629241757,0.336948340123774,2.19940767466452,0.34944221032799
35,111.5,"GRANODIORITE [26630]",43.6724126020328,82.3516711019154,8.99034591164151,31.9746423047099,5.38607476991552,1.43981708176076,4.89987422961125,0.649229671798517,3.79750591521365,0.754575473301906,2.23356786928204,0.339500727796775,2.18079838679729,0.348115718759906
35,111.5,"GRANODIORITE [26630]",54.1031927252009,98.431836442949,10.7340103691254,37.158266975941,6.0651703743354,1.37182924102095,5.49483072131093,0.704400891331659,4.07288282060191,0.802209336379112,2.3630155600065,0.365862072400109,2.43393425094423,0.398049105943478
35,111.5,"GRANODIORITE [26630]",43.5950814253732,85.6878320000128,9.58962935448617,34.6811801779574,6.02310970612604,1.51091237967518,5.53218949882616,0.748209811293274,4.33905545727399,0.8813875099613,2.61063832841969,0.396925219625676,2.61047207741841,0.421162737573765
-29,-70,"GRANODIORITE [26655]",24.5,50.2,5.7,21.9,4.3,1.06,3.4,0.47,2.7,0.533,1.5,0.22,1.5,0.23
-29,-70,"GRANODIORITE [26655]",29.2,57.7,6.6,24,4.2,0.96,3.5,0.5,3.1,0.604,1.7,0.27,1.8,0.26
30.5555,118.8392,"GRANODIORITE [26664]",26.9,55.8,6.26,23.3,4.93,1.13,4.55,0.66,3.85,0.75,2.02,0.3,1.97,0.31
30.5555,118.8392,"GRANODIORITE [26664]",30.5,63.3,6.98,25.3,4.85,0.99,4.25,0.62,3.79,0.77,2.09,0.31,2.04,0.33
30.5822,118.8214,"GRANODIORITE [26664]",28.4,57.4,6.41,23.6,4.64,1.15,4.23,0.65,3.54,0.74,2.07,0.29,1.86,0.3
30.5822,118.8214,"GRANODIORITE [26664]",28,55.2,6.22,23.1,4.29,1.12,4.05,0.64,3.6,0.73,1.99,0.29,1.94,0.32
30.4698,118.6322,"GRANODIORITE [26664]",28.5,55.8,6.13,22.9,3.98,1.12,3.52,0.5,2.52,0.51,1.35,0.2,1.28,0.19
30.4528,118.637,"GRANODIORITE [26664]",22.3,45.8,5.4,21,4.07,1.18,3.87,0.59,2.94,0.54,1.4,0.19,1.18,0.18
-30.25,-71.09,"GRANODIORITE [26672]",18.8,36,4.26,16.1,3.16,0.84,2.43,0.35,1.91,0.36,1.08,0.161,1.02,0.163
-30.25,-71.09,"GRANODIORITE [26672]",16.3,31.9,3.86,15.4,3.09,1.03,2.55,0.38,2.06,0.39,1.09,0.163,1.07,0.17
-30.25,-71.09,"GRANODIORITE [26672]",15.9,35.3,4.75,19.6,4.06,1.19,3.28,0.44,2.45,0.46,1.29,0.201,1.33,0.21
-29.1421534876211,-70.9540411132392,"GRANODIORITE [26672]",11.8,23.1,2.87,11.4,2.54,0.836,2.38,0.39,2.4,0.5,1.5,0.237,1.7,0.28
-28.691451428133,-70.8052223886492,"GRANODIORITE [26672]",10.9,27.2,3.88,18.2,4.96,1.2,5.29,0.88,5.5,1.12,3.2,0.473,3.12,0.506
-28.7,-70.85,"GRANODIORITE [26672]",6.9,15.7,2.24,9.13,2.06,0.794,2.17,0.38,2.37,0.49,1.51,0.236,1.67,0.284
-28.5,-70.78,"GRANODIORITE [26672]",12.5,25.5,3.14,12.5,2.68,0.896,2.6,0.43,2.67,0.56,1.75,0.27,1.86,0.307
-28.721653108879,-70.7656941476383,"GRANODIORITE [26672]",14.6,30.8,3.72,14.3,2.99,0.918,2.58,0.41,2.48,0.5,1.5,0.242,1.68,0.285
-28.6951845519846,-70.9447565289184,"GRANODIORITE [26672]",11.8,29.8,4.37,20.4,5.24,1.24,5.54,0.97,6.09,1.26,3.62,0.534,3.59,0.576
-25.7558615867996,-69.9627409979238,"GRANODIORITE [26672]",9.72,19.2,2.16,7.83,1.28,0.628,1.07,0.15,0.89,0.17,0.46,0.068,0.45,0.073
-25.7630680846712,-70.145841533083,"GRANODIORITE [26672]",22.1,50.4,6.53,26.9,6.45,1.09,5.57,0.92,5.57,1.12,3.24,0.477,3.23,0.516
-28.9855287388774,-70.8775684675095,"GRANODIORITE [26672]",5.81,12.3,1.68,7.18,1.8,0.567,1.83,0.31,1.92,0.4,1.2,0.192,1.35,0.229
-28.9545631514894,-70.8793075788631,"GRANODIORITE [26672]",13.4,26.9,3.13,12.7,2.75,0.868,2.21,0.38,2.46,0.52,1.61,0.261,1.85,0.31
-28.9545631514894,-70.8793075788631,"GRANODIORITE [26672]",10.8,21.6,2.64,10.3,2.31,0.753,2.03,0.34,2.14,0.45,1.37,0.218,1.55,0.268
-32.2428333333333,-69.4353333333333,"GRANODIORITE [26679]",5.5,14.7,1.92,9.8,2.17,0.59,2.12,0.32,1.52,0.36,0.86,0.12,0.73,0.13
-32.2428,-69.4352,"GRANODIORITE [26679]",10,29.9,4.04,18,4.2,0.94,3.56,0.5,2.7,0.5,1.44,0.2,1.4,0.2
-32.2422,-69.4363,"GRANODIORITE [26679]",6.7,14.4,1.74,7.4,1.5,0.38,1.54,0.2,1.2,0.2,0.5,0.1,0.6,0.1
-32.2413333333333,-69.4363333333333,"GRANODIORITE [26679]",21,42.1,4.54,17.4,2.99,0.45,2.48,0.31,1.43,0.3,0.82,0.12,0.66,0.13
-32.2413333333333,-69.4363333333333,"GRANODIORITE [26679]",3.8,8.6,1.15,5.1,1.27,0.61,1.49,0.23,1.28,0.21,0.71,0.11,0.63,0.14
-34.0696341864196,-70.3200040297742,"GRANODIORITE [26689]",10.4,23.6,3.34,15,2.85,0.95,2.26,0.33,1.69,0.3,0.81,0.14,0.85,0.13
-34.0696341864196,-70.3200040297742,"GRANODIORITE [26689]",14.1,27.6,3.47,13.6,2.31,0.7,1.68,0.22,1.01,0.2,0.48,0.08,0.53,0.08
-34.0696341864196,-70.3200040297742,"GRANODIORITE [26689]",15.3,31.2,3.98,16.4,2.75,0.75,1.93,0.27,1.26,0.24,0.61,0.09,0.64,0.1
-34.0696341864196,-70.3200040297742,"GRANODIORITE [26689]",15.9,32.9,4.2,16.4,2.73,0.74,1.9,0.26,1.33,0.24,0.65,0.1,0.67,0.1
-34.0696341864196,-70.3200040297742,"GRANODIORITE [26689]",15.2,31.2,4.09,17.5,2.99,0.86,2.21,0.31,1.53,0.3,0.75,0.12,0.76,0.11
-34.0652900875223,-70.311343825172,"GRANODIORITE [26689]",28.5,50.9,5.57,19.3,2.84,0.69,1.72,0.21,1.04,0.18,0.48,0.07,0.48,0.07
-34.0652900875223,-70.311343825172,"GRANODIORITE [26689]",16.8,34.9,4.41,18.1,2.94,0.77,2.08,0.28,1.35,0.26,0.69,0.11,0.76,0.11
-34.0652900875223,-70.311343825172,"GRANODIORITE [26689]",14.9,37.2,5.06,19.6,3.65,0.89,2.4,0.33,1.63,0.28,0.81,0.12,0.82,0.12
-34.0652900875223,-70.311343825172,"GRANODIORITE [26689]",14,29.6,3.78,14.5,2.71,0.7,1.86,0.25,1.19,0.23,0.66,0.1,0.66,0.09
-34.0652900875223,-70.311343825172,"GRANODIORITE [26689]",16.9,34.2,4.3,17.6,2.77,0.73,1.98,0.27,1.37,0.24,0.71,0.11,0.71,0.1
58.98222,24.431606,"GRANODIORITE, BIOTITE [26717]",133,282,33.8,153,22.3,4.3,16.2,2,13,2.43,7,1,6.2,0.95
36.4,45.9,"GRANODIORITE [26742]",54.2,103.5,12.26,40.2,8.12,1.85,6.98,0.94,5.3,1.2,3.14,0.51,3.03,0.49
33.6394,109.0614,"GRANODIORITE [26784]",24.9,47.5,5.43,19.2,3.46,0.82,2.85,0.43,2.44,0.46,1.33,0.22,1.41,0.21
33.6394,109.0614,"GRANODIORITE [26784]",35.4,70.1,8.05,29.4,5.36,1.08,4.05,0.56,2.63,0.46,1.32,0.19,1.26,0.18
-7.625,-39.219,"GRANODIORITE [26794]",32.3,70.9,8.59,34.0215840164261,7.1114799044364,1.43,5.4,0.8,4.15,0.64,1.55,0.24,0.15,1.22
-7.608,-39.159,"GRANODIORITE [26794]",39.5,79.6,8.94,32,5.28,1.36,3.43,0.34,1.35,0.21,0.44,0.09,0.04,0.35
-7.597,-39.118,"GRANODIORITE [26794]",56.1,84,12.25,42.5,7.27,1.6,4.67,0.52,1.72,0.27,0.54,0.1,0.06,0.44
-7.603,-39.03,"GRANODIORITE [26794]",63.2,132.5,15.45,55.5,9.98,1.96,7.15,0.81,3.42,0.41,1.16,0.17,0.12,0.82
35.4736,127.5111,"GRANODIORITE [26817]",40.7,71.8,7.38,25.8,4.3,1.09,2.8,0.4,2.6,0.5,1.5,0.22,1.4,0.22
35.4294,127.3614,"GRANODIORITE [26817]",32.9,59.5,6.28,22,3.3,0.84,1.9,0.2,1.2,0.2,0.6,0.07,0.5,0.08
29.25,91.7,"GRANODIORITE, BIOTITE [26837]",26.6106099116839,51.3211738905362,5.80663616117649,21.1366469453746,3.86176055177154,0.907743144938557,2.57948006949856,0.343651394302968,1.82025875772816,0.361727805063632,0.970749269123467,0.160329653629575,0.894544313090332,0.130154856501051
29.25,91.7,"GRANODIORITE, BIOTITE [26837]",25.9152834699592,49.4589784725839,5.42786624361834,19.8230363746092,3.74333965801765,0.969097181009938,2.66536095387144,0.332333932340288,1.7845192682331,0.327127841579337,0.895529986949994,0.13279264548456,0.775974251293516,0.114316805393309
29.25,91.7,"GRANODIORITE, BIOTITE [26837]",26.4083603257587,50.6646557963068,5.680645004017,20.2266686952158,3.82110081318253,0.936983247611777,2.74460422510721,0.345056765054779,1.82094495039186,0.334144806973161,1.01141375890776,0.139795461862086,0.921610205372138,0.123708681314515
31.49696111,113.064125,"GRANODIORITE [26907]",12.6428934192325,31.337041387336,3.72883173623037,16.0588022509591,3.40849125616872,0.915304145208849,2.88059869755262,0.415919945114564,2.32217464222535,0.425199052247694,1.18003901265307,0.169078758492036,1.09797946045459,0.16264022979885
-39.4104,-70.8039,"GRANODIORITE [26945]",22.5,46.7,5.73,20.5,4.34,1.14,3.22,0.46,2.46,0.5,1.41,0.19,1.43,0.2
47,130,"GRANODIORITE [26953]",33.3,62.8,7.18,25.6,4.5,1.25,4.04,0.57,3.24,0.61,1.91,0.3,1.88,0.32
47,130,"GRANODIORITE [26953]",22.1,40.5,4.48,16.1,2.74,1.08,2.51,0.35,1.97,0.38,1.17,0.19,1.19,0.2
47,130,"GRANODIORITE [26953]",28.4,71.4,5.82,21,3.5,1.14,3.28,0.44,2.51,0.47,1.51,0.23,1.62,0.28
47,130,"GRANODIORITE [26953]",26.7,48,5.5,19.3,3.34,1.02,2.88,0.42,2.32,0.44,1.38,0.21,1.39,0.23
47,130,"GRANODIORITE [26953]",26.5,46.9,5.42,19.4,3.41,1.03,3.01,0.43,2.49,0.44,1.37,0.21,1.38,0.25
47,130,"GRANODIORITE [26953]",30.6,74.9,7.47,25.5,4.62,0.88,4.09,0.6,3.58,0.66,2.09,0.33,2.27,0.37
47,130,"GRANODIORITE [26953]",31.9,76.4,7.43,25.3,4.61,0.89,4.05,0.63,3.58,0.64,2.09,0.33,2.26,0.37
29.6558,88.8883,"GRANODIORITE [26957]",24.9,47.7,4.84,16.4,2.79,0.74,2.19,0.34,1.77,0.36,1.11,0.175,1.22,0.221
29.3303,91.7928,"GRANODIORITE [26957]",23,45.2,5.19,19.2,3.27,0.978,2.63,0.38,1.84,0.34,0.95,0.139,0.95,0.154
29.2547,91.815,"GRANODIORITE [26957]",18.3,34.6,3.78,13.4,2.63,0.674,2.23,0.37,2.16,0.45,1.32,0.21,1.44,0.247
29.7083,92.1458,"GRANODIORITE [26957]",41.2,9,381,2.81,107,1702,2.33,0.36,2.12,0.44,1.32,0.212,1.44,0.222
29.6558,88.8883,"GRANODIORITE [26957]",20.5,40.3,4.55,16.2,2.91,0.646,1.81,0.24,1.15,0.19,0.55,0.079,0.48,0.078
34.6,48.4,"GRANODIORITE [26965]",18.2,37,4.6,17.87,4.3,1.07,4.8,0.87,4.41,0.92,2.8,0.4,2.9,0.39
34.6,48.4,"GRANODIORITE [26965]",33,111.5,0,36,6,1,0,0,0,0,0,0,3,0
34.6,48.4,"GRANODIORITE [26965]",46,64,0,42,7,1,0,0,0,0,0,0,2,0
34.6,48.4,"GRANODIORITE [26965]",37,80.5,0,35,6,1,0,0,0,0,0,0,4,0
34.6,48.4,"GRANODIORITE [26965]",42,105,0,32,6,1,0,0,0,0,0,0,4,0
34.6,48.4,"GRANODIORITE [26965]",50.4,81,0,37,6,1,0,0,0,0,0,0,4,0
35.7354,98.1177,"GRANODIORITE [26979]",20.92,38.46,4.1,14.468,2.836,0.8368,2.8,0.4204,2.632,0.5454,1.6346,0.2348,1.6512,0.2484
35.7797,98.1457,"GRANODIORITE [26979]",19.976,38.36,4.188,15.114,2.994,0.833,2.938,0.4436,2.78,0.5794,1.754,0.2522,1.7838,0.2712
35.7969,98.1501,"GRANODIORITE [26979]",18.744,36.04,4.086,15.252,3.282,0.8562,3.256,0.5084,3.214,0.6704,2.014,0.2942,2.026,0.2998
35.8314,98.1567,"GRANODIORITE [26979]",32.78,60.98,6.258,21.24,3.624,0.997,3.156,0.4392,2.596,0.5262,1.566,0.2232,1.5496,0.2374
35.9142,97.9887,"GRANODIORITE [26979]",21.72,43.12,4.902,17.952,3.234,0.9268,2.53,0.3154,1.6512,0.2972,0.8054,0.10828,0.7184,0.1034
35.8466,98.2453,"GRANODIORITE [26979]",30.88,62.32,6.982,25.64,4.844,1.1216,4.192,0.5794,3.36,0.6488,1.8308,0.2516,1.6796,0.2406
36.0286,98.5548,"GRANODIORITE [26979]",108.98,190.72,18.532,58.08,7.758,1.6504,5.766,0.683,3.6,0.676,1.8934,0.2506,1.6732,0.2538
36.021,98.5768,"GRANODIORITE [26979]",55.88,110.62,10.842,36.08,5.83,1.2362,4.714,0.633,3.53,0.6896,1.949,0.2782,1.848,0.2776
36.0563,98.4746,"GRANODIORITE [26979]",28.14,54.7,5.92,21.08,3.638,1.0642,2.868,0.3624,1.9198,0.3514,0.967,0.13106,0.891,0.12898
36.0902,98.4454,"GRANODIORITE [26979]",26.42,49.86,5.306,18.544,3.248,0.9168,2.748,0.363,2.026,0.383,1.0868,0.1484,1.004,0.15106
36.1231,98.404,"GRANODIORITE [26979]",47.64,96.82,9.314,30.4,4.79,0.9064,3.854,0.524,2.924,0.5706,1.6626,0.2456,1.6056,0.2376
36.1602,98.3381,"GRANODIORITE [26979]",43.96,90.22,9.068,30.68,5.198,0.923,4.318,0.606,3.466,0.6878,2.022,0.3014,1.9948,0.3058
36.2506,98.6707,"GRANODIORITE [26979]",26.46,53.8,6.114,22.94,4.918,1.0218,4.86,0.7608,4.624,0.9606,2.854,0.4222,2.846,0.436
36.1788,98.7361,"GRANODIORITE [26979]",35.24,66.26,6.712,22.02,3.784,0.8106,3.324,0.4856,2.866,0.5926,1.7808,0.272,1.8672,0.2896
-19,-41.5,"GRANODIORITE, BIOTITE-GARNET [26982]",27.9,63,6.51,24.3,4.28,1.03,3.89,0.5,2.79,0.52,1.42,0.19,1.48,0.22
-19,-41.5,"GRANODIORITE, BIOTITE-AMPHIBOLE-GARNET [26982]",39.5,79.8,8.75,31.7,5.56,1.12,5.01,0.71,4.53,0.85,2.25,0.3,2.18,0.33
-19,-41.5,"GRANODIORITE, BIOTITE-AMPHIBOLE [26982]",22.2,46.9,5.53,23.1,5.13,1.18,4.41,0.71,4.54,0.86,2.63,0.36,2.48,0.37
-19,-41.5,"GRANODIORITE, BIOTITE-AMPHIBOLE-GARNET [26982]",32.2,61.8,7.32,27.8,4.99,1.33,3.77,0.52,2.88,0.52,1.37,0.17,1.11,0.14
-19,-41.5,"GRANODIORITE, BIOTITE-AMPHIBOLE-GARNET [26982]",29.6,60.1,6.77,26.3,5.6,1.2,4.95,0.78,4.84,0.9,2.77,0.4,2.64,0.38
-19,-41.5,"GRANODIORITE, BIOTITE [26982]",32.4,65.3,8.02,31.5,6.67,1.24,6.83,1.09,6.49,1.36,4.24,0.58,3.98,0.6
-19,-41.5,"GRANODIORITE, BIOTITE-GARNET [26982]",44.2,88.6,10.2,37,6.94,1.48,5.76,0.77,4.21,0.86,2.11,0.29,1.95,0.28
-19,-41.5,"GRANODIORITE, BIOTITE-GARNET [26982]",40.5,91.8,9.87,34.3,6.46,1.27,4.87,0.67,3.47,0.63,1.68,0.27,1.58,0.26
-19,-41.5,"GRANODIORITE, BIOTITE-GARNET [26982]",31.5,64.7,7.42,27.3,5.3,1.47,4.61,0.7,4.45,0.9,3.19,0.4,2.77,0.41
-19,-41.5,"GRANODIORITE, BIOTITE-GARNET [26982]",50.3,104,11.1,40.8,7.16,1.28,6.07,0.73,4.39,0.7,1.82,0.25,1.46,0.29
32.5,113.6,"GRANODIORITE [26987]",26.3,42.4,5.96,22.5,5.1,1.2,5.15,0.87,4.91,1.02,2.99,0.43,2.72,0.4
32.5,113.6,"GRANODIORITE [26987]",39.7,62,8.61,31.3,6.32,1.36,5.92,1,5.36,1.1,3.25,0.46,2.94,0.43
32.5,113.6,"GRANODIORITE [26987]",40.3,62.3,8.6,30.8,6.08,1.36,5.86,0.98,5.32,1.09,3.2,0.45,2.81,0.41
32.5,113.6,"GRANODIORITE [26987]",19.1,35.9,5.63,23.6,5.76,1.41,5.75,1.02,5.83,1.21,3.53,0.49,3.1,0.44
29.3,91,"GRANODIORITE [26992]",17.6,37.1,4.35,16.4,3.46,0.95,2.94,0.4,2.57,0.51,1.63,0.23,1.43,0.22
29.3,91,"GRANODIORITE [26992]",20.5,39.9,4.45,16.9,3.35,1.11,3.04,0.44,2.39,0.48,1.36,0.22,1.34,0.23
29.3,91,"GRANODIORITE [26992]",17.8,35.8,4.32,16.1,3.3,0.95,2.82,0.45,2.41,0.54,1.47,0.25,1.47,0.27
29.3,91,"GRANODIORITE [26992]",15.3,31.8,4,15.2,3.16,0.88,2.57,0.44,2.22,0.45,1.49,0.22,1.34,0.22
29.3,91,"GRANODIORITE [26992]",18.4,38.9,4.65,17.8,3.57,0.95,3.49,0.51,3.24,0.64,1.96,0.33,1.94,0.31
29.3,91,"GRANODIORITE [26992]",17.6,36.7,4.22,15.8,3.1,0.86,2.72,0.38,2.42,0.53,1.69,0.24,1.73,0.25
33.6922,108.8722,"GRANODIORITE [26996]",35.5,63.5,6.67,21.5,3.49,1.01,3.23,0.42,2.15,0.43,1.21,0.18,1.2,0.2
33.6989,108.9456,"GRANODIORITE [26996]",35.6,65.1,7.14,23.5,4,1.05,3.6,0.48,2.47,0.49,1.4,0.21,1.4,0.22
33.7436,108.9731,"GRANODIORITE [26996]",36.1,65.2,7.23,23.9,4.07,1.06,3.61,0.49,2.53,0.5,1.4,0.21,1.39,0.21
33.7586,109.0025,"GRANODIORITE [26996]",37.3,72.3,7.97,27,4.74,1.16,4.23,0.58,3.02,0.59,1.68,0.25,1.66,0.26
33.7664,109.0158,"GRANODIORITE [26996]",32.9,60.8,6.62,22.5,3.83,1.07,3.42,0.46,2.4,0.46,1.31,0.2,1.31,0.2
33.64,108.7711,"GRANODIORITE [26996]",29.3,59.4,7,25.5,4.87,1.28,4.26,0.57,3.01,0.59,1.64,0.24,1.53,0.23
33.6331,108.7703,"GRANODIORITE [26996]",32,57,6.01,20.3,3.31,1.03,3.02,0.39,2,0.4,1.1,0.16,1.07,0.17
33.6289,108.7669,"GRANODIORITE [26996]",31.5,62,7.16,25.4,4.49,1.27,3.98,0.54,2.79,0.55,1.54,0.23,1.5,0.23
33.6236,108.7653,"GRANODIORITE [26996]",31,55.1,5.8,19.1,3.16,0.96,2.93,0.39,1.99,0.39,1.09,0.16,1.08,0.17
33.6111,108.765,"GRANODIORITE [26996]",23.4,48.3,6.1,21.9,3.96,1.16,3.51,0.48,2.53,0.51,1.4,0.21,1.35,0.21
33.7839,109.0314,"GRANODIORITE [26996]",31.5,59.7,6.99,25.9,4.49,1.17,3.79,0.518,2.73,0.581,1.76,0.238,1.58,0.2
33.7703,109.0483,"GRANODIORITE [26996]",28,51,5.72,20.2,3.86,1.15,3.13,0.377,2.31,0.417,1.3,0.183,1.2,0.176
35.2875,99.7875,"GRANODIORITE [26998]",32.93,62.72,6.87,24.21,4.28,1,3.51,0.54,2.98,0.59,1.62,0.23,1.75,0.27
35.2875,99.7875,"GRANODIORITE [26998]",50.86,101.93,10.62,35.49,6.15,1.06,4.26,0.61,3.42,0.66,1.77,0.25,1.74,0.26
35.2875,99.7875,"GRANODIORITE [26998]",20.19,40.11,4.83,17.53,3.46,0.8,2.82,0.43,2.47,0.48,1.18,0.2,1.27,0.2
35.2875,99.7875,"GRANODIORITE [26998]",38.34,70.88,7.29,23.79,3.84,0.96,2.91,0.39,2.21,0.41,1.12,0.16,1.12,0.16
35.2875,99.7875,"GRANODIORITE [26998]",28.48,54.88,5.9,21.57,4.25,0.95,3.5,0.52,2.81,0.54,1.5,0.21,1.52,0.19
35.2875,99.7875,"GRANODIORITE [26998]",28.73,54.09,5.72,20.32,3.87,0.9,3.05,0.43,2.45,0.44,1.22,0.17,1.18,0.19
35.2875,99.7875,"GRANODIORITE [26998]",24.27,46.25,5.11,18.47,3.78,0.83,2.97,0.42,2.4,0.46,1.26,0.17,1.31,0.19
35.2875,99.7875,"GRANODIORITE [26998]",24.46,51.57,5.74,20.22,4.04,0.84,3.11,0.49,2.54,0.51,1.31,0.21,1.37,0.22
45.4786,132.2031,"GRANODIORITE [27014]",20.9,47.7,5.7,20.4,3.95,0.94,2.75,0.24,1.29,0.25,0.89,0.08,0.61,0.12
45.4786,132.2031,"GRANODIORITE [27014]",17.7,39.6,4.49,15.8,2.38,0.93,2.09,0.27,1.12,0.3,0.71,0.09,0.8,0.1
45.4786,132.2031,"GRANODIORITE [27014]",17.8,41.2,4.96,15.2,3.39,0.84,2.47,0.32,0.75,0.25,0.57,0.08,0.56,0.1
45.4786,132.2031,"GRANODIORITE [27014]",26,53.6,6.27,23.1,3.69,1.31,3.36,0.34,1.69,0.23,0.89,0.14,0.85,0.13
45.4786,132.2031,"GRANODIORITE [27014]",21.7,46.7,6.2,24.1,4.12,1.14,2.59,0.38,1.54,0.39,0.95,0.16,0.72,0.14
35.5,98,"GRANODIORITE [27021]",34.6,67.4,7.5,25.3,5.1,1.03,4.57,0.69,3.73,0.78,2.02,0.3,1.83,0.26
35.5,98,"GRANODIORITE [27021]",37.6,73.8,8.39,29.2,6.06,0.95,5.47,0.86,4.81,0.99,2.77,0.42,2.62,0.38
38.7,-5.7,"GRANODIORITE [27045]",29.9325268172347,54.7750224413543,6.4788546054102,23.5855223383472,4.44394067060092,0.971721363862304,4.57078225065834,0.503885147563099,2.44580726711592,0.437802573822019,1.30323080024525,0.176945015715013,1.13386129966431,0.175958693918449
38.7,-5.7,"GRANODIORITE [27045]",31.9957482441077,57.7850212973912,6.87168477828542,24.764019646578,4.57356235312317,0.997356361968287,4.67222462173792,0.508091416473671,2.44584421292161,0.427803291132408,1.24012984506409,0.17266915892817,1.09565006534649,0.17230525998864
38.7,-5.7,"GRANODIORITE [27045]",28.1053231820127,53.0730773651972,6.33796987789555,24.0030629999657,4.538388502486,1.23358998828659,4.61499359024248,0.5013309259779,2.49737969824275,0.458861675065686,1.31952947129184,0.182394153416858,1.18081626983329,0.189749367138799
38.7,-5.7,"GRANODIORITE [27045]",34.0712811378756,62.3528269542046,7.36542440637818,26.5959188782007,4.86411063427861,1.20544829579206,5.07192532643746,0.607666215025914,2.8109939197254,0.548151486179161,1.51680776108136,0.248172010557236,1.3800565574938,0.238477511783107
38.7,-5.7,"GRANODIORITE [27045]",28.3990474467849,52.0600754097562,6.42128957219051,21.40637,4.392501,1.31793999527861,4.707258635246,0.532144383423243,2.62649876368608,0.477870358085421,1.35253488530199,0.182545152814106,1.07533614774059,0.168673638777788
38.7,-5.7,"GRANODIORITE [27045]",32.13,66.91,7.02,25.88,4.67,1.13,3.61,0.48,2.34,0.45,1.17,0.18,1.12,0.17
42.1081,92.5147,"GRANODIORITE [27046]",14.1,31,4.09,16.7,3.96,0.83,3.62,0.59,3.65,0.8,2.32,0.35,2.37,0.36
42.1081,92.5147,"GRANODIORITE [27046]",15,32.6,4.16,17.8,4.11,0.84,4.09,0.61,3.82,0.82,2.39,0.39,2.61,0.4
42.1081,92.5147,"GRANODIORITE [27046]",15.9,34.9,4.56,18.8,4.06,1.01,3.93,0.56,3.34,0.71,2.04,0.32,2.17,0.35
42.1081,92.5147,"GRANODIORITE [27046]",16.9,37.7,4.83,19,4.18,1.06,3.91,0.57,3.5,0.74,2.12,0.33,2.09,0.36
26.72,33.57,"GRANODIORITE [27075]",17.61,37.75,4.67,18.18,3.78,0.8,2.73,0.4,2.39,0.46,1.26,0.18,1.24,0.18
26.72,33.57,"GRANODIORITE [27075]",19.72,41.69,5.29,20.02,4.25,0.99,3,0.43,2.54,0.5,1.36,0.2,1.33,0.19
26.72,33.57,"GRANODIORITE [27075]",13.59,28.78,3.58,13.79,2.76,0.78,2.02,0.31,1.77,0.36,0.97,0.14,0.95,0.14
26.72,33.57,"GRANODIORITE [27075]",14.11,30.76,3.75,15.11,2.84,0.82,2.17,0.34,1.92,0.38,1.01,0.15,1,0.15
26.72,33.57,"GRANODIORITE [27075]",14.54,31.61,3.99,16.05,3.04,0.95,2.37,0.35,1.99,0.4,1.1,0.16,1.05,0.16
26.72,33.57,"GRANODIORITE [27075]",16.38,34.6,4.34,16.79,3.34,0.97,2.48,0.38,2.16,0.44,1.18,0.17,1.15,0.17
38.932,96.2145,"GRANODIORITE [27081]",40.64,77.78,8.19,28.94,4.83,1.14,4.05,0.54,3.04,0.57,1.66,0.25,1.65,0.25
38.932,96.2145,"GRANODIORITE [27081]",44.41,85.43,9.07,32.27,5.59,1.16,4.88,0.68,4.02,0.78,2.29,0.34,2.24,0.33
38.932,96.2145,"GRANODIORITE [27081]",19.36,38.6,4.3,16.48,3.15,1.12,2.74,0.38,2.16,0.42,1.21,0.18,1.23,0.19
38.9292,96.2144,"GRANODIORITE [27081]",44.08,83.41,8.88,32.19,5.61,1.14,4.83,0.7,4.03,0.78,2.31,0.34,2.29,0.35
38.9224,96.2163,"GRANODIORITE [27081]",25.82,46.89,6.06,23.12,4.41,1.08,3.75,0.54,3.08,0.59,1.69,0.26,1.68,0.26
39,96.2,"GRANODIORITE [27081]",29.83,58.49,6.86,26.04,5.02,1.12,4.34,0.63,3.57,0.69,1.96,0.3,1.93,0.3
38.918,96.1853,"GRANODIORITE [27081]",33.37,60.05,6.37,22.96,3.85,1.05,3.11,0.4,2.19,0.4,1.11,0.16,0.99,0.15
38.9193,96.1813,"GRANODIORITE [27081]",20.11,37.48,3.96,14.43,2.55,0.75,2.18,0.3,1.74,0.34,1,0.15,1.02,0.16
38.9193,96.1813,"GRANODIORITE [27081]",24.83,44.81,4.66,16.52,2.84,0.76,2.42,0.33,1.92,0.38,1.11,0.17,1.15,0.18
38.9193,96.1813,"GRANODIORITE [27081]",29.3,50.93,5.27,18.35,3.1,0.83,2.65,0.36,2.09,0.41,1.22,0.19,1.25,0.2
-21.14404,116.87093,"GRANODIORITE [27088]",14.9,27.9,3.11,11.2,1.97,0.55,1.4,0.17,0.81,0.12,0.36,0.05,0.29,0.05
-20.81451,120.56749,"GRANODIORITE [27088]",85,153.5,15.85,51.8,7.4,1.47,5.04,0.61,3.45,0.66,1.73,0.24,1.41,0.22
-21.38986,119.79425,"GRANODIORITE [27088]",28.6,54.9,6.25,21.8,4.31,0.93,3.79,0.6,3.37,0.65,2.01,0.3,1.88,0.29
-3.5423,-51.4121,"GRANODIORITE [27090]",12.7,24.2,2.66,10,1.64,0.57,1.28,0.18,0.98,0.2,0.55,0.09,0.6,0.09
-3.7381,-51.1454,"GRANODIORITE [27090]",15.1,33.4,3.77,14.4,3.09,0.56,2.98,0.5,2.74,0.58,1.67,0.25,1.51,0.21
-3.5923,-51.2714,"GRANODIORITE [27090]",20.9,40.2,4.16,14.9,2.5,0.64,1.92,0.28,1.17,0.2,0.48,0.07,0.42,0.06
-3.595,-51.3483,"GRANODIORITE [27090]",20.1,43.6,4.48,16.7,2.91,0.51,2.2,0.3,1.34,0.24,0.63,0.09,0.55,0.09
16.813,120.7796,"GRANODIORITE [27097]",14.3,36.1,4.27,19.5,3.95,0.77,3.43,0.48,2.86,0.54,1.59,0.24,1.53,0.24
16.8,120.8,"GRANODIORITE [27097]",7.7,21.5,3.11,15.5,4.61,0.46,5.91,1.09,7.77,1.71,5.73,0.9,6.37,0.97
47.7069,106.9528,"GRANODIORITE [27098]",18.3,38.8,4.59,17.6,3.45,0.947,2.69,0.36,1.81,0.34,0.98,0.139,0.92,0.137
47.7069,106.9528,"GRANODIORITE [27098]",20.3,37.4,4.27,16,3.1,0.889,2.28,0.33,1.65,0.29,0.84,0.127,0.78,0.11
47.7069,106.9528,"GRANODIORITE [27098]",14.6,27.4,3.12,11.6,2.11,0.58,1.62,0.23,1.24,0.25,0.66,0.11,0.7,0.11
47.7069,106.9528,"GRANODIORITE [27098]",11.9,22.9,2.68,10,1.9,0.49,1.31,0.19,0.95,0.19,0.5,0.07,0.48,0.08
47.7069,106.9528,"GRANODIORITE [27098]",12.4,25.1,2.89,11.1,1.99,0.53,1.46,0.2,1.03,0.2,0.55,0.08,0.52,0.08
47.7069,106.9528,"GRANODIORITE [27098]",17.8,32.2,3.63,13.6,2.42,0.71,1.66,0.22,1.08,0.21,0.52,0.08,0.49,0.09
47.7069,106.9528,"GRANODIORITE [27098]",16.6,32.9,3.82,14.2,2.46,0.67,1.79,0.24,1.21,0.22,0.57,0.08,0.53,0.08
-10.0539,-36.9743,"GRANODIORITE [27114]",69.8,124,12.8,39.8,6.79,1.35,4.34,0.49,1.9,0.28,0.56,0.06,0.3,0.04
-10.1848,-37.7077,"GRANODIORITE [27114]",39.9,75.1,8.71,29.8,5.43,1.41,3.79,0.48,2.53,0.51,1.24,0.16,1.06,0.16
29.9601,118.3385,"GRANODIORITE [27124]",31.5,65.7,7.77,30.8,6.26,1.13,5.49,0.883,4.23,0.745,1.95,0.29,1.93,0.271
29.9596,118.3387,"GRANODIORITE [27124]",28,58.6,7.19,28,5.8,0.985,4.86,0.796,3.65,0.6,1.62,0.245,1.77,0.248
29.9612,118.3394,"GRANODIORITE [27124]",30.6,62.4,7.48,29.7,5.86,1.16,5.19,0.847,3.96,0.668,1.74,0.247,1.66,0.234
29.9609,118.3382,"GRANODIORITE [27124]",32.1,65.2,7.97,30.7,6.4,1.14,5.8,0.94,4.33,0.762,1.94,0.281,1.74,0.254
29.9603,118.3394,"GRANODIORITE [27124]",27.6,56.6,6.92,27,5.72,0.938,4.95,0.824,3.97,0.685,1.83,0.266,1.8,0.249
29.9607,118.3385,"GRANODIORITE [27124]",32,65.5,8.24,32.8,6.68,1.06,5.51,0.827,3.74,0.59,1.55,0.216,1.4,0.193
29.9582,118.3468,"GRANODIORITE [27124]",30.2,61.2,7.32,30.5,6.23,1.04,5.3,0.843,3.82,0.627,1.52,0.224,1.46,0.194
29.9585,118.3476,"GRANODIORITE [27124]",34.4,71.7,8.69,35.5,7.3,1.16,6.29,1.12,5.56,1.06,2.88,0.475,2.97,0.432
29.9578,118.347,"GRANODIORITE [27124]",31.6,65.8,7.95,31.5,6.43,1.15,5.66,0.906,4.42,0.782,2.09,0.319,2.08,0.285
29.9582,118.3468,"GRANODIORITE [27124]",35.3,72.1,8.42,34.1,7.07,1.28,6.39,1.06,5.49,0.981,2.62,0.406,2.72,0.383
52,125.5,"GRANODIORITE [27132]",22.8,41.3,5.33,21.2,3.99,1.21,3.5,0.56,3.31,0.64,1.9,0.35,2.15,0.31
52,125.5,"GRANODIORITE [27132]",26.1,52.9,6.27,22.6,3.85,1.16,3.29,0.48,2.57,0.55,1.66,0.27,1.74,0.29
52,125.5,"GRANODIORITE [27132]",30.2,59.1,6.83,24.3,4.05,1.28,3.51,0.49,2.71,0.57,1.71,0.27,1.8,0.3
52,125.5,"GRANODIORITE [27132]",26.3,53,6.2,22.4,3.88,1.22,3.33,0.46,2.54,0.54,1.64,0.26,1.79,0.29
52,125.5,"GRANODIORITE [27132]",26.4,52.2,6.21,22.2,3.8,1.14,3.29,0.47,2.58,0.56,1.62,0.25,1.75,0.28
52,125.5,"GRANODIORITE [27132]",29.8,54,5.94,22.7,3.69,1.07,3.33,0.43,2.22,0.41,1.17,0.18,1.05,0.16
52,125.5,"GRANODIORITE [27132]",29.3,53.1,5.97,22.2,3.63,1.09,3.36,0.46,2.4,0.4,1.21,0.18,1.13,0.17
13,-11,"GRANODIORITE [27146]",73.16,140.48,17.16,60.6,10.16,1.95,6.86,0.84,4.41,0.8,2.1,0.28,1.91,0.27
13,-11,"GRANODIORITE [27146]",54.09,107.05,12.5,46.55,8.09,1.45,5.4,0.69,3.73,0.67,1.76,0.25,1.75,0.22
37.606848,126.457858,"GRANODIORITE [27170]",46.8,85.2,8.99,29.4,4.8,1.22,3.2,0.4,2.3,0.4,1.2,0.17,1.1,0.17
37.7,126.25,"GRANODIORITE [27170]",51.5,91.4,9.28,30.4,4.9,1.15,3,0.4,2.3,0.4,1.2,0.18,1.2,0.18
37.7,126.25,"GRANODIORITE [27170]",39.6,72.6,7.78,26.6,4.6,1.21,3,0.4,2.6,0.5,1.4,0.19,1.2,0.2
37.7,126.25,"GRANODIORITE [27170]",55.7,91.9,8.66,27,3.9,1.09,2.4,0.3,1.9,0.4,1,0.14,0.9,0.15
50.24,127.49,"GRANODIORITE [27175]",40.2,88.2,10.4,39,7.8,1.25,6.24,0.96,5.41,1.03,2.74,0.4,2.58,0.35
50.24,127.49,"GRANODIORITE [27175]",39.8,77.8,8.82,32.5,6.33,1.07,4.98,0.75,4.31,0.81,2.21,0.34,2.14,0.3
50.24,127.49,"GRANODIORITE [27175]",41.2,86.6,9.99,37,7.13,1.22,5.54,0.83,4.79,0.88,2.39,0.36,2.31,0.31
50.24,127.49,"GRANODIORITE [27175]",35.6,71.8,7.91,28.1,5.13,0.98,4.44,0.66,3.63,0.71,1.96,0.3,2.15,0.31
50.24,127.49,"GRANODIORITE [27175]",65.7,120.3,11.5,36.8,5.95,0.96,4.78,0.73,4.14,0.79,2.33,0.35,2.44,0.37
50.24,127.49,"GRANODIORITE [27175]",36.9,78.1,8.7,31.8,5.72,1.05,4.66,0.73,4.1,0.78,2.16,0.33,2.3,0.34
40.1,124.2,"GRANODIORITE [27177]",56.34,109,10.57,35.89,5.4,0.98,3.63,0.64,3.09,0.61,1.66,0.27,1.47,0.27
40.1,124.2,"GRANODIORITE [27177]",60.84,120.1,11.62,39.5,5.94,0.96,4.19,0.64,3.34,0.66,1.84,0.29,1.67,0.27
40.1,124.2,"GRANODIORITE [27177]",57.26,114.5,11.4,39.15,6.16,1.03,4.34,0.73,3.67,0.73,2.04,0.32,1.88,0.31
40.1,124.2,"GRANODIORITE [27177]",64.63,130.6,12.68,44.23,7.2,1.07,5.15,0.78,4.35,0.82,2.34,0.34,2.09,0.33
40.1,124.2,"GRANODIORITE [27177]",62.76,124.6,12.25,41.65,6.41,1.04,4.47,0.72,3.79,0.73,2.08,0.32,1.96,0.31
40.1,124.2,"GRANODIORITE [27177]",64.46,125.7,12.03,40.96,6.21,0.88,4.04,0.68,3.48,0.68,1.85,0.29,1.79,0.29
26.8,101.6,"GRANODIORITE [27184]",4.37,10.3,1.22,4.68,0.99,0.46,1.06,0.18,1.12,0.23,0.75,0.12,0.91,0.15
26.8,101.6,"GRANODIORITE [27184]",4.47,10.8,1.25,4.58,1.03,0.46,1.13,0.19,1.13,0.23,0.77,0.12,0.87,0.15
26.8,101.6,"GRANODIORITE [27184]",4.06,10.6,1.17,4.43,0.98,0.41,1.12,0.18,1.11,0.22,0.78,0.11,0.83,0.15
26.8,101.6,"GRANODIORITE [27184]",3.92,10.2,1.13,4.32,1.01,0.43,1.13,0.19,1.13,0.22,0.75,0.12,0.93,0.16
26.8,101.6,"GRANODIORITE [27184]",4.42,10.8,1.21,4.72,0.97,0.45,1.1,0.18,1.16,0.22,0.75,0.12,0.87,0.15
26.8,101.6,"GRANODIORITE [27184]",4.42,10.5,1.23,4.63,1.01,0.46,1.09,0.18,1.12,0.23,0.76,0.12,0.88,0.15
26.8,101.6,"GRANODIORITE [27184]",4.38,10.5,1.21,4.7,0.98,0.45,1.08,0.18,1.14,0.22,0.75,0.12,0.75,0.15
39.1,92.9,"GRANODIORITE [27189]",12.9,22.9,2.78,10.3,1.91,0.49,1.58,0.25,1.16,0.21,0.56,0.1,0.63,0.1
39.1,92.9,"GRANODIORITE [27189]",13.5,23,2.9,10.7,2.05,0.52,1.73,0.28,1.35,0.25,0.67,0.13,0.79,0.12
39.1,92.9,"GRANODIORITE [27189]",13.9,25.1,3.13,11.5,1.96,0.48,1.61,0.23,1.06,0.19,0.52,0.085,0.57,0.082
39.1,92.9,"GRANODIORITE [27189]",10.3,18,2.28,8.5,1.58,0.44,1.34,0.2,1.06,0.19,0.53,0.094,0.6,0.089
39.1,92.9,"GRANODIORITE [27189]",14.2,24.7,3.27,11.1,2.06,0.52,1.7,0.27,1.32,0.25,0.65,0.12,0.75,0.12
39.1,92.9,"GRANODIORITE [27189]",7.91,16.1,2.05,7.9,1.62,0.78,1.58,0.25,1.34,0.26,0.74,0.13,0.78,0.12
39.1,92.9,"GRANODIORITE [27189]",14.3,26.4,3.49,13.3,2.44,1.03,2.09,0.33,1.62,0.3,0.84,0.15,0.92,0.14
39.1,92.9,"GRANODIORITE [27189]",10,18.2,2.47,9.39,1.86,0.84,1.74,0.29,1.55,0.31,0.88,0.15,0.96,0.15
39.1,92.9,"GRANODIORITE [27189]",11.2,19.7,2.68,10.1,2.04,0.94,1.98,0.34,1.84,0.35,1,0.17,1.04,0.16
39.1,92.9,"GRANODIORITE [27189]",13.2,24.2,3.21,11.8,2.22,0.88,1.88,0.31,1.53,0.3,0.86,0.15,0.96,0.14
39.1,92.9,"GRANODIORITE [27189]",13.3,24.7,3.33,12.6,2.4,0.99,2.19,0.34,1.68,0.32,0.89,0.15,0.94,0.15
42.3864,129.0914,"GRANODIORITE [27192]",13.8961203839869,30.6157479463912,3.55628497578948,13.0012003412507,2.29401052594094,0.621430219876038,1.40233737404766,0.227914915024453,1.11159236773522,0.211226616372754,0.540964678546888,0.0739635336206158,0.452242387701547,0.0751752553942329
42.3864,129.0914,"GRANODIORITE [27192]",13.0178981932513,28.4210049170169,3.21689780070564,12.0160111491623,2.28901325679542,0.529633248403709,1.28875212358186,0.202050886746271,0.98668970148837,0.193926813146687,0.500837786907948,0.0685421777380679,0.481451295849982,0.0733737976505008
42.3864,129.0914,"GRANODIORITE [27192]",18.4655508890698,32.386194041398,3.42969446205419,12.4392755348615,2.23892203065053,0.569319101781588,1.39080987810816,0.19126166030637,1.03847888911876,0.207932911216034,0.549315729272327,0.0854390908806385,0.479771302886994,0.0774140896169753
42.3864,129.0914,"GRANODIORITE [27192]",16.4336412638681,32.0150161553016,3.5193328618728,12.669996273467,2.2445469528924,0.599221062427287,1.57033063628988,0.226443350918386,1.04379697700092,0.212764968588315,0.571241497982804,0.0741089166626214,0.462008434185314,0.0874539275319855
42.4519,129.3997,"GRANODIORITE [27192]",19.8159728424056,38.5550451264477,4.24006438570356,15.0895279802054,2.72331383698794,0.69632473532955,1.83405413486664,0.218271043211548,1.18057206009055,0.203954711545589,0.548311333942084,0.0796316630477034,0.520285359056761,0.0884083500720525
42.4519,129.3997,"GRANODIORITE [27192]",25.0821670711091,48.934102739,5.32672730449068,19.9387653621328,3.66058884075067,0.974143508828517,2.43561192504548,0.300541716344923,1.59853075677191,0.272170692401206,0.757649749141475,0.0873591912850903,0.702058126991988,0.0895184235635024
42.4519,129.3997,"GRANODIORITE [27192]",22.6998971731205,41.4463963960687,4.36575101652917,15.3041614662219,2.60311862314063,0.609206213605685,1.64915325674465,0.210685281681295,1.06384701978668,0.18883399998782,0.544872167464272,0.0712841529527751,0.508178193005288,0.0781094556738632
42.4519,129.3997,"GRANODIORITE [27192]",16.9850569839534,30.3982473412382,3.11122530114974,10.5921571662045,1.72129123912725,0.477252843955115,0.997160492160588,0.146549511304876,0.683778743351157,0.12986588060351,0.362934683953873,0.0539179873029079,0.390004237472475,0.0530488572242831
42.4614,129.6197,"GRANODIORITE [27192]",15.883038075369,31.8443043498571,3.50896649006512,13.1852210218702,2.6497693709098,0.713551867024127,1.99283676752133,0.29293691076654,1.73268141207209,0.349125876309242,0.961246720646208,0.164263226624027,0.9960117826321,0.157921790817373
42.4614,129.6197,"GRANODIORITE [27192]",13.1911857492833,27.476907292773,3.08448183448218,11.6222820267661,2.4680509386324,0.690892251772567,1.90373395704299,0.283874542427749,1.56667483571856,0.32561847972708,0.841259141409547,0.136564939713068,0.921930918662478,0.152038874770453
42.4614,129.6197,"GRANODIORITE [27192]",12.9366493614288,28.5755576818658,3.24102216569256,12.5558439983276,2.50878734498256,0.720269414742666,1.82775477731208,0.309788560977064,1.70073081957401,0.337515497315903,0.988814346834217,0.145916034786637,0.964825660653179,0.153044037222821
42.4614,129.6197,"GRANODIORITE [27192]",17.7391141079524,34.7290276894858,3.76546873823785,13.7763602366911,2.78057599447973,0.77823058452057,2.12096162237313,0.33724046879115,1.82594011242664,0.363929568734228,1.12940234255056,0.148699607184256,1.06221048361904,0.164256943509878
24.8507,107.5834,"GRANODIORITE [27217]",41.8971518147619,74.7945012199327,7.66480608180779,26.544148775088,4.71974659655016,0.990499298507226,4.17076091460038,0.597740604635981,3.35070451951716,0.634647839835227,1.72355594305873,0.262001697646474,1.69484186087862,0.250828523438794
24.8507,107.5834,"GRANODIORITE [27217]",56.6306330486942,105.68901922487,11.143064532277,39.6740773283863,7.29322868954666,1.27208251703683,6.23085983928338,0.901056409367148,5.1605941828567,0.963737381747807,2.57208285440328,0.366582472222049,2.30845862240569,0.346730443705123
24.8507,107.5834,"GRANODIORITE [27217]",52.6562717997567,96.6464917636368,10.4234447370939,37.1613159110314,7.29580325174792,1.18870349044425,6.19843485586034,0.91162847625444,5.14033816576953,1.02323973766627,2.61679431855704,0.386974069969633,2.44746614419959,0.370473909954105
24.8507,107.5834,"GRANODIORITE [27217]",53.0352972762973,97.9780197683539,10.4083059119141,37.3919863325704,7.15269053085806,1.30256669863823,6.08143947753921,0.834977424399469,4.99512295429602,0.953592280285235,2.42691928485271,0.35893313625079,2.29225789821129,0.336972680308735
34.6,106.7,"GRANODIORITE [27251]",23.4,42,4.9,18.2,3.2,0.92,2.45,0.28,1.51,0.27,0.76,0.1,0.58,0.09
34.6,106.7,"GRANODIORITE [27251]",27.7,44,5.4,19.7,3.2,0.99,2.2,0.26,1.37,0.24,0.7,0.09,0.59,0.09
34,106,"GRANODIORITE [27251]",43.6,82,9.3,33,5.5,1.23,4.88,0.69,4.2,0.91,2.64,0.38,2.43,0.38
44,116,"GRANODIORITE [27260]",14.4503847684008,33.084638061989,3.92947118487626,16.4162151502599,4.02061230393471,0.935598955942544,3.86937864024396,0.641469522084834,3.97639910123897,0.829613831879275,2.2978255389129,0.360073773044977,2.23693394299904,0.317288839111723
44,116,"GRANODIORITE [27260]",10.4492089024792,22.1546386680869,2.96078707556824,11.8733674340935,2.89714743223624,0.879003141843526,3.09899027802802,0.519735735136023,3.07411809327037,0.650212305276763,1.81588890093374,0.273882638772416,1.82453771799829,0.242991514349614
44,116,"GRANODIORITE [27260]",45.9095799551267,88.940253781543,10.6985902813512,40.524146654828,7.94638624832482,1.54983572891522,6.82929586276063,1.01604490145281,5.67354644787027,1.1370798269485,3.28059058063966,0.527428711795437,3.49900692921744,0.530091533317848
-28.0337502383482,123.916879853444,"GRANODIORITE [27266]",34.4,64.1,6.81,23.4,3.44,0.91,2.28,0.3,1.49,0.26,0.74,0.1,0.6,0.1
29.39527778,90.83388889,"GRANODIORITE [27294]",20.2624108522997,46.0640651280268,5.77499766826522,23.15707103472,4.82685543984503,1.2205229461609,4.25205342758461,0.642994767933446,3.79887171289016,0.798895311617207,2.29080760605284,0.367642406200616,2.59393512848071,0.424912619698323
29.52305556,90.9775,"GRANODIORITE [27294]",18.7763054193445,50.212440907035,6.96301499871922,32.8939360362467,8.1029626023591,1.70825075054863,7.75490538257183,1.27443464212157,7.90484367782862,1.71784229235459,4.95152112857325,0.759726234692933,5.04104333106647,0.776850992106041
29.37527778,90.77888889,"GRANODIORITE [27294]",51.8698694623064,95.1039929728039,9.38900165681081,29.4740794657882,4.45766429526347,0.746833537548578,4.40067879874241,0.480201937293055,2.11955692156218,0.409557027769398,1.33089206795894,0.190555369361039,1.39220765825039,0.22963858890683
29.35777778,90.79888889,"GRANODIORITE [27294]",44.1242810664526,84.8530787446742,8.99154942655133,32.336369240979,5.55268337468843,1.49450016703173,4.57884910040885,0.579492071870349,3.08757382068418,0.632204989610459,1.80564262921113,0.288258285539518,2.05032910972718,0.355595574702196
29.38333333,90.78944444,"GRANODIORITE [27294]",42.2315590388235,69.4969792695248,6.71541136262294,24.0470894520195,3.88535382787108,0.712720705913304,3.67501890558462,0.441030693681569,2.1092048939956,0.406726507376029,1.26997865071564,0.175390036793525,1.25450858031494,0.203979584367403
29.36111111,90.84027778,"GRANODIORITE [27294]",34.1660822728348,54.8815044941221,5.36832162466873,16.637053465168,2.43308886269134,0.632195561126966,2.0151472051221,0.229011996379436,1.16099898650995,0.249833858242309,0.785900290542006,0.141788283094433,1.21664874401121,0.250659317176108
29.38277778,90.86972222,"GRANODIORITE [27294]",56.9445427423105,105.974628457362,10.1218717759972,33.9033874181406,4.80688608329384,1.01743250781762,2.96434946569135,0.368364641368144,1.55280045743885,0.265706285804534,0.742633402801742,0.0968275389326959,0.596586837387498,0.0916223020046281
28.68,57.74,"GRANODIORITE [27296]",14.42,33.18,5.34,19.63,3.75,1.18,3.84,0.86,4.89,0.93,2.96,0.38,3.12,0.45
28.68,57.74,"GRANODIORITE [27296]",14.93,29.86,4.86,20.95,4.34,1.13,4.29,0.77,5.15,1.15,3.19,0.46,3.29,0.55
28.68,57.74,"GRANODIORITE [27296]",13.73,42.19,5.03,21.74,3.87,1.22,4.45,0.94,5.34,0.98,3.37,0.52,3.44,0.44
28.68,57.74,"GRANODIORITE [27296]",14.6,30.28,5.22,21.52,4.11,1,4.27,0.9,5.1,1.21,3.05,0.43,2.84,0.41
28.68,57.74,"GRANODIORITE [27296]",14.76,38.14,4.75,19.82,3.52,1.02,3.91,0.81,4.49,0.87,2.88,0.4,3.61,0.38
28.68,57.74,"GRANODIORITE [27296]",14.12,35.97,5.18,21.66,3.66,1.14,4.16,0.78,5.26,1.04,2.93,0.56,3.13,0.47
44.0792,128.7894,"GRANODIORITE [27299]",26.1683878122426,52.8352709457302,6.61303424158284,25.3824905727605,4.99982340578056,1.29404015478,4.76681452498254,0.758916453116035,4.20796613528157,0.870225395625086,2.44688780169109,0.38694108002757,2.48612697646104,0.382401841986208
44.0792,128.7894,"GRANODIORITE [27299]",31.0566740833197,64.6534558902289,7.65626188733574,29.6588746672396,5.76865064448766,1.41451937252819,5.22127783887664,0.880595321108525,5.05469745789251,1.06948528134025,2.98030632969794,0.47369955183149,2.99301600204419,0.462174830472406
44.0792,128.7894,"GRANODIORITE [27299]",30.3560829057414,56.9133838028747,7.31044534661797,27.9080817789314,5.31502057259404,1.39255771677943,4.82274964155393,0.80471440249646,4.60523469066109,0.976088391994332,2.76466120121634,0.445455002504058,2.81745036856641,0.432654333917593
33.6392,111.7106,"GRANODIORITE [27303]",11.3236648312935,23.4389349809296,2.58934183232926,9.84808775802107,2.19274970152528,0.609205113548528,2.02713595687735,0.350594518114306,2.26909680481018,0.495456317787413,1.55852634102094,0.247514860777284,1.74291951297682,0.287022981736385
33.6392,111.7106,"GRANODIORITE [27303]",10.6457055310429,22.5407343675829,2.31379884052847,8.37780895414448,1.74826800708557,0.475531067316458,1.61803409126727,0.272597102270364,1.84652667648026,0.377803053586432,1.22128425074094,0.179753878094559,1.33007188870152,0.205279310039611
33.6392,111.7106,"GRANODIORITE [27303]",20.9698297919947,41.199392352201,4.11846984192492,14.7232112909892,2.76589415057686,0.560425971132507,2.06009981362442,0.324414830482858,2.04770170104478,0.425098105893359,1.37691644084613,0.205610555326473,1.54008209471915,0.244738277532921
33.5419,111.6747,"GRANODIORITE [27303]",46.39,80.4,6.79,22.3,3.56,0.95,2.63,0.39,2.39,0.51,1.53,0.25,1.89,0.29
33.5419,111.6747,"GRANODIORITE [27303]",37.6550314997768,59.2004912335213,5.47588337617025,17.6818362623054,2.87726493949902,0.694462270209837,2.226083005221,0.328864899174529,2.01389151175861,0.407431424830279,1.29182437337035,0.200225823647585,1.51256314824213,0.259529693675438
33.5419,111.6747,"GRANODIORITE [27303]",56.7313271306206,88.06425826792,8.1403151054928,25.4118976525656,3.63287539170303,0.980143478645197,2.70290946440125,0.36068590574899,2.19524564882337,0.449242980697895,1.47131822932638,0.232762203984587,1.70634704438374,0.277517776923096
33.5419,111.6747,"GRANODIORITE [27303]",64.2798341741493,99.704894887765,9.09477624910907,28.6321939432934,3.94785217747456,1.08434972868178,2.84956476111407,0.398243829387099,2.36643411445325,0.496708074903577,1.60469118166948,0.257406514537022,1.91580566022728,0.297524584980455
33.3119,112.1817,"GRANODIORITE [27303]",27.7051154991848,48.8403745449464,4.96767421978924,16.9119549227652,2.77753020354328,0.668529023583459,1.87381270117547,0.22788441731868,1.22172773268734,0.220217107990068,0.613808583861997,0.0797384913757112,0.567573487105718,0.0789214240853204
45.7,130.1,"GRANODIORITE [27305]",35.76,75.1,8.67,33.13,5.88,1.44,4.54,0.62,3.1,0.48,1.31,0.18,1.2,0.17
45.7,130.1,"GRANODIORITE [27305]",33.92,71.27,7.96,29.97,5.6,1.46,4.36,0.65,3.32,0.55,1.53,0.25,1.69,0.25
45.7,130.1,"GRANODIORITE [27305]",50.88,106.6,12.73,48.43,8.76,1.55,6.6,0.88,4.08,0.61,1.51,0.21,1.32,0.18
45.7,130.1,"GRANODIORITE [27305]",49.48,109.6,11.98,45.27,8.26,1.59,5.87,0.77,3.43,0.51,1.29,0.19,1.12,0.15
45.7,130.1,"GRANODIORITE [27305]",38.55,79.62,9.47,36.55,6.64,1.5,5.06,0.68,3.19,0.47,1.22,0.16,1,0.13
45.7,130.1,"GRANODIORITE [27305]",39.87,85.26,9.74,37.38,6.8,1.63,5.13,0.7,3.21,0.49,1.26,0.16,1.01,0.15
30.0069,102.175,"GRANODIORITE [27306]",17.939827554081,38.5111290686686,4.43905530244135,19.1545915638713,3.97838206786719,1.11368389354165,3.64964986578799,0.564684711112918,3.37195595297458,0.684701112177077,1.94914165536618,0.286334648782565,1.89836106320918,0.28509852284699
30,102.2,"GRANODIORITE [27306]",16.243875708233,34.5393992815449,4.01098237051197,17.3503661014367,3.58291458591164,1.09734844588697,3.32383254352041,0.508095721152983,3.08700017532329,0.630852388961365,1.82013899984089,0.269189080185716,1.81161020250538,0.282967637321246
30,102.2,"GRANODIORITE [27306]",21.9314046913897,41.2195950115005,4.37072650990079,17.7886983085066,3.40868648292116,1.08039175980365,3.10071354355278,0.471862136417673,2.81905005714751,0.567171117221923,1.64414050093872,0.243071148412203,1.60169089008742,0.2494489423959
30,102.2,"GRANODIORITE [27306]",16.2563081057113,33.8923349275264,3.85281246787859,16.3520934154677,3.31063080266923,1.04224742747362,3.03538476501037,0.464522564938093,2.7946854113653,0.559740236159135,1.61849041555105,0.237644773799465,1.57061698994802,0.239886125801755
30,102.2,"GRANODIORITE [27306]",15.9434344202705,32.6461265276838,3.68770119038383,15.664095050871,3.16425404246755,1.00924085457184,2.89301754923905,0.445906290311326,2.66737672946756,0.545489005889952,1.57627444517929,0.233331957395763,1.56205684621488,0.246351616220428
33.4453,51.9171,"GRANODIORITE [27308]",25.53,48.1,5.37,22.32,4.33,0.97,4.64,0.78,6.17,1.1,3.2,0.41,3.51,0.47
33.5021,51.9005,"GRANODIORITE [27308]",22.7,55.4,4.97,21.41,3.84,1.08,4.37,0.83,5.3,0.98,3.06,0.37,2.74,0.41
33.5141,51.8717,"GRANODIORITE [27308]",25.42,49.2,5.28,22.26,4.36,1.11,3.81,0.74,5.91,1.2,4.2,0.41,3.64,0.46
33.5031,51.8649,"GRANODIORITE [27308]",26.6,60.2,4.99,20.32,3.79,1.03,5.48,0.66,6.13,1.16,3.69,0.45,4.11,0.52
33.5179,51.8461,"GRANODIORITE [27308]",29.02,51.3,5.88,26.64,5.91,1.14,5.71,1.08,6.01,1.42,4.33,0.69,3.84,0.63
29.004,93.3158,"GRANODIORITE [27312]",16.6,34.4,4.05,15.8,2.73,0.74,2.23,0.3,1.57,0.29,0.76,0.11,0.73,0.12
29.004,93.3158,"GRANODIORITE [27312]",20.8,39.4,4.16,14.4,2.46,0.65,2.11,0.27,1.46,0.27,0.75,0.13,0.88,0.15
29.004,93.3158,"GRANODIORITE [27312]",15.8,30.8,4.03,16.2,3.02,0.83,2.61,0.37,2.05,0.36,1.06,0.15,1.03,0.16
29.004,93.3158,"GRANODIORITE [27312]",20.6,39.2,4.71,17.7,2.96,0.75,2.15,0.28,1.47,0.26,0.69,0.1,0.67,0.11
29.004,93.3158,"GRANODIORITE [27312]",15.5,29.6,3.45,12.8,2.3,0.6,2,0.28,1.58,0.31,0.91,0.14,1,0.16
29.004,93.3158,"GRANODIORITE [27312]",16.1,29.7,3.31,11.9,2.04,0.57,1.77,0.25,1.47,0.28,0.78,0.13,0.92,0.14
29.0053,93.3154,"GRANODIORITE [27312]",12.8,25.5,3.2,13.2,2.59,0.79,2.36,0.31,1.75,0.34,0.99,0.14,1.03,0.14
29.0053,93.3154,"GRANODIORITE [27312]",33,51.9,5.47,19.4,3.2,0.82,2.54,0.32,1.92,0.34,1.05,0.15,0.94,0.15
29.0053,93.3154,"GRANODIORITE [27312]",15,24.4,3.62,14.7,2.73,0.81,2.26,0.33,1.86,0.36,1.07,0.16,1.08,0.17
29.0053,93.3154,"GRANODIORITE [27312]",10.6,19.8,2.79,11.2,2.21,0.75,1.98,0.29,1.55,0.31,0.95,0.14,1,0.16
29.1439,93.6432,"GRANODIORITE [27312]",16.8,24.5,3.23,11.7,1.81,0.61,1.5,0.17,0.94,0.19,0.58,0.08,0.53,0.08
29.1439,93.6432,"GRANODIORITE [27312]",19.4,32,3.91,14.2,2.21,0.64,1.67,0.2,1.06,0.2,0.64,0.09,0.6,0.09
29.126,93.7432,"GRANODIORITE [27312]",28.9,51.2,5.92,20,2.87,0.9,1.94,0.25,1.26,0.22,0.54,0.09,0.51,0.08
29.1327,93.7516,"GRANODIORITE [27312]",3.84,6.98,0.81,3.38,0.75,0.47,0.79,0.12,0.71,0.13,0.4,0.05,0.42,0.06
29.1327,93.7516,"GRANODIORITE [27312]",30.4,56.4,6.31,22.5,3.42,0.97,2.07,0.3,1.27,0.23,0.57,0.07,0.51,0.08
39.9,96.5,"GRANODIORITE [27334]",33.3,63.4,5.97,20.7,3.53,0.84,2.84,0.43,2.36,0.48,1.33,0.23,1.48,0.22
39.9,96.5,"GRANODIORITE [27334]",32.4,61,6.07,21.6,3.71,0.8,3.01,0.46,2.55,0.52,1.44,0.23,1.43,0.22
39.9,96.5,"GRANODIORITE [27334]",32.1,58.1,5.36,18.1,3.03,0.75,2.28,0.37,2.01,0.41,1.19,0.18,1.21,0.19
39.9,96.5,"GRANODIORITE [27334]",35.1,63.9,5.96,20.7,3.54,0.83,2.72,0.43,2.27,0.48,1.34,0.22,1.37,0.2
39.9,96.5,"GRANODIORITE [27334]",32.3,60.1,5.83,20.2,3.56,0.86,2.86,0.47,2.45,0.48,1.36,0.21,1.33,0.2
39.9,96.5,"GRANODIORITE [27334]",33.4,61.9,5.98,21.5,3.73,0.87,2.86,0.46,2.56,0.52,1.45,0.22,1.42,0.22
39.9,96.5,"GRANODIORITE [27334]",32.5,61.8,5.99,21.3,3.6,0.84,3.01,0.44,2.47,0.51,1.4,0.21,1.37,0.22
42.5,123.1,"GRANODIORITE [27338]",18.925728451051,33.5750725554695,4.0758713754663,14.9233062493056,2.62227936881622,0.873997177054899,2.2805917549792,0.313239612103665,1.85195066904886,0.341247204163774,1.05807413944498,0.160987662459023,1.07910456677968,0.163206686668742
42.5,123.1,"GRANODIORITE [27338]",29.3112022757714,50.9552162421217,5.59466571356449,21.51767028598,3.81859007425055,1.05137865991341,3.29337670056222,0.438393609888277,2.45656522995753,0.459508500573999,1.30489904471488,0.182147242215932,1.22835938598769,0.179574881188842
42.5,123.1,"GRANODIORITE [27338]",19.9135845378433,38.9137124153787,4.6708218701707,17.2822859942569,3.16979379192595,0.920607684092969,2.57222832040901,0.371506844849825,2.12681921325636,0.398638847646699,1.16398264755807,0.177206922686435,1.18873646373317,0.186699558757728
-13.34,-44.64,"GRANODIORITE, HORNBLENDE [27378]",9.3,22.7,3.03,16.6297744836815,2.31781975703415,0.93,2.66,0.39,2.24,0.42,1.15,0.15,0.9,0.09
-13.34,-44.64,"GRANODIORITE, HORNBLENDE [27378]",47.3,90.9,10.47,34.2,5.8,2.22,4.49,0.5,2.74,0.49,1.3,0.17,1,0.12
-13.34,-44.64,"GRANODIORITE, BIOTITE-CHLORITE [27378]",45.7,90.9,11.06,36.3,6.5,1.55,5.14,0.67,4.08,0.81,2.26,0.34,2.1,0.28
-13.34,-44.64,"GRANODIORITE, HORNBLENDE-BIOTITE [27378]",26.7,55.5,6.99,27.1680959455147,4.8779363510746,1.26,4.1,0.57,3.33,0.67,1.88,0.27,1.7,0.21
-30.8391,-57.6981,"GRANODIORITE [28399]",87.3,127.3,11.68,34.9,3.84,1.11,2.92,0.28,1.29,0.23,0.75,0.11,0.63,0.11
-31.5148,-56.4378,"GRANODIORITE [28399]",31.8,54.6,6.18,22.3,4.82,1.24,4.97,0.78,4.7,0.95,2.86,0.36,2.62,0.37
-10.4395,-37.0752,"GRANODIORITE, BIOTITE [28405]",32.7,64.5,7.12,33.56,5.49,1.12,3.78,0.42,1.91,0.34,0.89,0.11,0.6,0.12
-10.4412,-37.0677,"GRANODIORITE, BIOTITE [28405]",36.5,69.1,7.81,35.37,5.31,1.06,3.54,0.4,1.64,0.29,0.83,0.12,0.6,0.11
29.6108,91.6148,"GRANODIORITE [28422]",23.1879689579285,51.4239695954279,6.31891025684927,24.7442466763461,4.3548545423095,1.00527071368476,2.71436714947542,0.332707360418558,1.62116760427974,0.301017067484156,0.751335999489694,0.110671211739033,0.707406002025568,0.0934178463078457
29.6135,91.616,"GRANODIORITE [28422]",20.8954123316634,44.594769822008,5.32631445272305,20.6511228458402,3.52453817980306,0.933622719523242,2.2704543314467,0.281708774164711,1.35980528264615,0.257424715743987,0.661284241989112,0.101481776127668,0.637623779683448,0.088396005659422
29.6135,91.616,"GRANODIORITE [28422]",18.0290353679386,36.2238144622968,4.20318237767184,16.3138290434308,2.75716112273536,0.776238178759153,1.81706675026789,0.2176199302547,1.06569134990374,0.198181883295058,0.514417162025966,0.0753681088465164,0.49550957975364,0.0704376995484073
29.6131,91.6158,"GRANODIORITE [28422]",20.7593713299953,44.1156876412295,5.31222867382163,21.0948947574904,3.69532886307954,0.858304815444645,2.27828115542003,0.281825151828895,1.38777048508372,0.254759236696191,0.668040749418017,0.093636984063535,0.597394063882603,0.0838109646608947
29.6131,91.6158,"GRANODIORITE [28422]",19.0219206723412,38.1702332587233,4.49876208953625,17.5650437780688,3.10309769600872,0.858255821721975,1.96650482821151,0.236338781396381,1.1170157953044,0.210986623740516,0.545717424212512,0.0785615189665709,0.521539693642098,0.0730076733529453
29.6122,91.6154,"GRANODIORITE [28422]",20.7158303279874,42.8793148272097,5.13907502270544,20.234697253538,3.53995736821649,0.887781521512243,2.20309489627209,0.278071179689053,1.31955767717691,0.248155044366657,0.612328709217535,0.0916313112426776,0.577216138433174,0.0824475216227289
29.6122,91.6154,"GRANODIORITE [28422]",18.6228220460948,42.2852600817785,5.29793553632785,21.6193389406832,3.82153606390641,0.94113854440252,2.40453458374779,0.298289693239538,1.44137033421241,0.270097324474832,0.667712221502163,0.0939039650556895,0.616628588070297,0.0811111410050061
23.5,99.8,"GRANODIORITE [28428]",31.8,59.5,7.26,26.7,5.54,1.08,5.02,0.74,4.57,0.89,2.51,0.37,2.44,0.35
41.5,97.8,"GRANODIORITE [28433]",15.1037299051119,32.3986392456122,4.13130242209276,15.8403513152213,3.23030793848051,0.827010649295945,3.00926524374276,0.488047306972566,3.04033833931852,0.63004547458728,1.92257008755173,0.315352094257319,2.16400688473986,0.339084985614424
41.5411,97.8347,"GRANODIORITE [28433]",12.5714537229657,27.2650881957281,3.37876394558169,12.8360649990806,2.38998021544591,0.897907158661328,1.992317544687,0.286798881575462,1.56457648345922,0.298436450725786,0.85833844829396,0.13170358879707,0.895275614989894,0.138637359569263
41.5,97.8,"GRANODIORITE [28433]",16.6958872530257,35.8022277268092,4.33778117965894,15.8462940732628,2.72631167011946,0.929429826685277,2.2288343766582,0.315720667665188,1.70509015376671,0.331763895390692,0.926460552818567,0.136098610855839,0.962245286883746,0.144933758764019
41.5,97.8,"GRANODIORITE [28433]",10.9555781964037,28.0713744697167,4.07011405702233,17.1527402975799,3.75959042508044,1.12727135867419,3.20438210115255,0.486978448194653,2.67855379872046,0.519672169738781,1.47040043540674,0.221016770500596,1.48499611233746,0.22228529829059
41.5,97.8,"GRANODIORITE [28433]",18.8644427369798,38.6560710656757,4.73400599578725,16.9257790488449,2.82559324275135,0.875462296754099,2.28406794481533,0.317822269746562,1.69843000839682,0.329526840140339,0.927007193974133,0.135463626870997,0.940608839606538,0.13740114479828
41.5,97.8,"GRANODIORITE [28433]",8.44988657272715,20.9534802719006,2.95736592435215,12.4949327607111,2.75043960948709,0.957231450978064,2.32217967704175,0.35296963407824,1.99849560338155,0.391497298050863,1.07523322956371,0.166853286150993,1.10445434955291,0.16942170607818
41.5458,97.8047,"GRANODIORITE [28433]",14.1431116854766,28.0691871553379,2.8889790555752,9.43004847728494,1.20460493481341,0.52608336614478,0.823909416548183,0.114324839615965,0.619315574625729,0.124960322487129,0.428348183796613,0.0772451712846368,0.630488454400601,0.116368647854975
41.5,97.8,"GRANODIORITE [28433]",7.43104790865113,16.1785242669776,1.62385603019627,5.55308372605249,0.852485102707031,0.502875740916932,0.681970593208264,0.103152078345441,0.586258625541509,0.126206549103135,0.421815229449912,0.0758123318166854,0.616212386264311,0.111878870427645
46.1431,10.6912,"GRANODIORITE, 2-MICA [28438]",32.5,55.1,4.965,15.99,2.34,0.665,1.865,0.245,1.87,0.3675,1.19,0.1635,1.475,0.205
46.1394,10.6941,"GRANODIORITE, 2-MICA [28438]",35.05,60.75,5.505,18.505,3.09,0.7655,2.25,0.324,2.4,0.472,1.415,0.1845,1.545,0.2135
46.1394,10.6941,"GRANODIORITE, 2-MICA [28438]",46.35,80.4,7.405,25.6,3.72,0.895,2.775,0.392,2.47,0.498,1.34,0.233,1.555,0.222
46.1446,10.6999,"GRANODIORITE, 2-MICA [28438]",36.8,62.2,5.535,19.06,2.92,0.7,2.065,0.253,1.55,0.3155,1,0.15,1.085,0.1625
46.1349,10.7095,"GRANODIORITE, 2-MICA [28438]",44.5,77.4,7.155,24.8,3.65,0.96,2.515,0.359,2.085,0.379,1.235,0.1725,1.155,0.1895
46.1359,10.7159,"GRANODIORITE, 2-MICA [28438]",38.35,67.9,6.275,20.65,3.095,0.785,2.405,0.335,1.845,0.339,1.08,0.1535,0.995,0.1635
46.1359,10.7159,"GRANODIORITE, 2-MICA [28438]",49.8,86.25,7.955,27.95,3.905,1.035,3.14,0.413,2.99,0.5325,1.775,0.233,1.565,0.2105
46.1372,10.7227,"GRANODIORITE, 2-MICA [28438]",39.85,69.35,6.54,22.15,3.48,0.886,2.565,0.351,2.43,0.4495,1.41,0.236,1.665,0.2265
46.1366,10.7252,"GRANODIORITE, 2-MICA [28438]",40.45,70.75,6.485,21.68,3.43,0.83,2.41,0.3295,2.11,0.4245,1.17,0.1865,1.32,0.173
46.1533,10.7442,"GRANODIORITE [28438]",46.6,78.8,7.28,25.35,3.9,0.9,2.37,0.305,1.975,0.3325,0.97,0.1345,1.03,0.1545
46.1042,10.7179,"GRANODIORITE [28438]",33.7,57.8,5.455,19.2,2.845,0.8135,1.98,0.2955,1.725,0.3015,1.02,0.13,1.075,0.1815
46.1042,10.7179,"GRANODIORITE [28438]",35.45,60.55,5.51,19.95,3.095,0.834,2.02,0.2745,1.76,0.376,1.035,0.144,1.005,0.172
46.1042,10.7179,"GRANODIORITE [28438]",33.25,56.7,5.495,19.905,3.41,0.743,2.335,0.2905,1.745,0.329,1.05,0.1495,1.09,0.1745
31.8503333333333,80.0489166666667,"GRANODIORITE [28452]",21.7054315247633,41.9372694357033,4.56775128870102,16.2724996860861,3.63598114924085,0.861214493841257,2.94512380050438,0.463867497400132,2.68586180489297,0.522057459375894,1.55811425838011,0.241623538509718,1.63175231615991,0.252309834391696
31.8501777777778,80.0488805555556,"GRANODIORITE [28452]",16.6028429406544,35.7412439678322,4.09129283976726,15.9813828713136,3.26890253400166,0.899103773154165,2.93581665509694,0.492691863531915,3.00128095453938,0.601441829749121,1.90660248358593,0.264507265663878,1.87894003119143,0.305892803815866
31.8501777777778,80.0488805555556,"GRANODIORITE [28452]",15.4410424475711,33.8450655126479,4.00574397572367,16.2089633147732,3.29663564525255,0.87005087429923,3.23817728938862,0.524108898873473,3.23532479565567,0.656663119978495,1.93335436681917,0.289589387731911,2.00542545937333,0.3186280353231
31.8501777777778,80.0488805555556,"GRANODIORITE [28452]",35.5762930328528,65.8115443620692,6.78367983551343,22.9150342347468,3.77468632894273,0.863812726865928,3.38522165916856,0.51813052769984,3.07394290346687,0.618463750066498,1.89647888356026,0.271568217858773,1.91938637968708,0.303897625527093
31.9100833333333,80.1050611111111,"GRANODIORITE [28452]",33.463800335054,63.3412431645453,6.70716052158823,23.1680885758187,3.97440698030208,0.841297873376552,3.62165461452477,0.573469856267992,3.81962233540356,0.752637085143405,2.26776129757113,0.345810244158601,2.29172190905375,0.382006863351261
44.5542777777778,119.017361111111,"GRANODIORITE [28486]",19.4,41.4,4.81,17.8,3.73,0.53,3.61,0.56,3.06,0.63,1.77,0.3,1.91,0.28
44.5542777777778,119.017361111111,"GRANODIORITE [28486]",31.7,60.5,6.35,22.7,3.9,0.58,3.06,0.43,2.21,0.46,1.25,0.18,1.22,0.18
44.5542777777778,119.017361111111,"GRANODIORITE [28486]",30.6,59.3,6.77,24.1,4.5,0.59,3.64,0.51,2.74,0.53,1.61,0.24,1.59,0.22
44.5542777777778,119.017361111111,"GRANODIORITE [28486]",45.1,83.9,8.48,30.6,4.48,1.04,3.69,0.5,2.72,0.55,1.55,0.25,1.6,0.23
44.5375,118.976667,"GRANODIORITE [28486]",40.6,66.7,9.05,32.2,5.76,0.63,3.91,0.58,3.11,0.54,1.82,0.23,1.59,0.26
44.539722,118.980556,"GRANODIORITE [28486]",13.2,33,3.14,11.5,2.23,0.59,1.83,0.25,1.55,0.31,0.87,0.13,0.83,0.13
44.515556,118.962778,"GRANODIORITE [28486]",19.2,42.1,4.72,18,3.55,0.48,3.24,0.48,2.55,0.49,1.51,0.23,1.41,0.22
44.514722,118.961667,"GRANODIORITE [28486]",17.3,51.7,4.12,16.2,3.45,0.7,3.12,0.46,2.48,0.46,1.4,0.2,1.24,0.19
44.5651561,118.8563072,"GRANODIORITE [28486]",19.6,45.4,5.12,20.4,4.5,0.35,4.72,0.86,5.76,1.19,3.81,0.62,4.26,0.59
29.1892,94.0644,"GRANODIORITE [28490]",6.48667586598057,12.795835038196,1.48382091427979,6.20280916705292,1.19846186277875,0.594347822720599,1.01160750631597,0.160869419257634,0.848033861008203,0.163094730487402,0.419819057018171,0.063646617636466,0.49342161641337,0.0679671794263338
29.2074,93.8914,"GRANODIORITE [28490]",15.6956402663829,30.3893417392555,3.30823546606324,12.8310773768291,2.29195623455361,0.73809592725368,1.70609550528513,0.233393002410619,1.24450279320914,0.239035537457925,0.613387970035668,0.0835349301341398,0.5262862618817,0.0793395371151069
29.2074,93.8914,"GRANODIORITE [28490]",14.9097687817709,29.7371164430257,3.19502724354237,11.4392715081779,1.46977472115902,0.531457640658824,0.994487757194738,0.126849613849639,0.69228683674592,0.145827933186274,0.434657898220699,0.0676200314046676,0.474285137782538,0.0826559080615997
4.9,14.3,"GRANODIORITE [28506]",53.79,125.92,9.18,31.24,5.43,0.82,4.18,0.58,2.97,0.59,1.64,0.25,1.49,0.21
4.9,14.3,"GRANODIORITE [28506]",62.09,117.44,12.54,38.57,5.73,0.94,4.12,0.52,2.73,0.5,1.35,0.19,1.21,0.17
4.9,14.3,"GRANODIORITE [28506]",62.01,137.12,11.2,35.13,5.33,0.82,4.15,0.52,2.45,0.5,1.39,0.21,1.28,0.19
4.9,14.3,"GRANODIORITE [28506]",28.37,87.27,6.69,27,4.33,0.94,2.67,0.26,0.83,0.13,0.32,0.05,0.31,0.06
4.9,14.3,"GRANODIORITE [28506]",24.39,64.86,5.32,19.93,3.45,0.83,2.23,0.2,0.76,0.11,0.3,0.04,0.3,0.05
4.9,14.3,"GRANODIORITE [28506]",20.79,76.43,4.84,17.95,3.28,0.71,2.13,0.19,0.73,0.11,0.26,0.04,0.26,0.05
4.9,14.3,"GRANODIORITE [28506]",22.82,79.17,5.06,19,3.38,0.71,2.25,0.21,0.75,0.12,0.28,0.04,0.26,0.05
31.2497222222222,90.0747222222222,"GRANODIORITE [28516]",15.79,30.58,3.476,13.01,2.699,0.85,2.676,0.423,2.588,0.546,1.551,0.237,1.612,0.257
31.2497222222222,90.0747222222222,"GRANODIORITE [28516]",19.2,36.7,4.131,15.1,2.887,0.886,2.7,0.398,2.357,0.492,1.415,0.223,1.559,0.253
31.2497222222222,90.0747222222222,"GRANODIORITE [28516]",18.04,35.32,3.964,15.18,3.197,0.903,3.021,0.455,2.67,0.537,1.5,0.222,1.459,0.222
31.2497222222222,90.0747222222222,"GRANODIORITE [28516]",21.4,41.25,4.18,14.8,2.742,0.841,2.613,0.389,2.272,0.465,1.324,0.195,1.32,0.206
31.2497222222222,90.0747222222222,"GRANODIORITE [28516]",18.88,35.77,3.749,13.91,2.735,0.871,2.576,0.388,2.271,0.464,1.305,0.193,1.3,0.204
31.2497222222222,90.0747222222222,"GRANODIORITE [28516]",16.02,32.1,3.502,13.55,2.83,0.926,2.694,0.421,2.487,0.506,1.422,0.213,1.395,0.218
31.2497222222222,90.0747222222222,"GRANODIORITE [28516]",19.28,37.38,4.157,16.11,3.381,0.931,3.163,0.481,2.797,0.563,1.56,0.232,1.511,0.234
31.4894444444444,89.9338888888888,"GRANODIORITE [28516]",25.04,48.17,5.625,20.3,3.851,1.044,3.202,0.432,2.248,0.409,1.069,0.152,1.017,0.15
31.4894444444444,89.9338888888888,"GRANODIORITE [28516]",24.24,47.61,5.255,19.39,3.748,1.089,3.15,0.424,2.196,0.384,1.007,0.145,0.949,0.143
31.4858333333333,89.9341666666666,"GRANODIORITE [28516]",25.97,50.97,5.495,20.24,3.788,1.068,3.274,0.448,2.373,0.435,1.136,0.164,1.046,0.156
31.2497222222222,90.0747222222222,"GRANODIORITE [28516]",20.95,39.58,4.46,16.26,3.336,0.888,3.28,0.523,3.206,0.676,1.958,0.306,2.092,0.337
31.2497222222222,90.0747222222222,"GRANODIORITE [28516]",18.91,36.29,3.997,14.83,3.131,0.808,3.221,0.488,2.908,0.595,1.677,0.247,1.634,0.254
31.2497222222222,90.0747222222222,"GRANODIORITE [28516]",21.05,39.87,4.215,15.05,2.919,0.823,2.872,0.426,2.535,0.521,1.5,0.225,1.519,0.249
31.2497222222222,90.0747222222222,"GRANODIORITE [28516]",23.14,47.31,5.029,19.04,3.914,0.993,3.63,0.551,3.249,0.67,1.874,0.28,1.879,0.288
31.2497222222222,90.0747222222222,"GRANODIORITE [28516]",25.32,46.53,4.695,16.06,2.898,0.976,2.769,0.384,2.243,0.442,1.253,0.192,1.298,0.216
31.2497222222222,90.0747222222222,"GRANODIORITE [28516]",19.15,37.24,4.179,15.75,3.257,0.902,3.089,0.473,2.811,0.583,1.654,0.256,1.686,0.27
31.5,90.2,"GRANODIORITE [28523]",51.2,91.4,9.33,32.1,5.16,1.02,4.55,0.64,3.68,0.749,2.18,0.32,2.17,0.347
31.5,90.2,"GRANODIORITE [28523]",40.9,75.2,7.8,27.3,4.55,0.956,3.97,0.582,3.31,0.685,1.96,0.291,1.99,0.315
31.5,90.2,"GRANODIORITE [28523]",50,88.4,9.14,31.6,5.09,1.04,4.48,0.641,3.75,0.771,2.24,0.335,2.27,0.355
31.5,90.2,"GRANODIORITE [28523]",47.4,85.9,8.92,30.8,4.98,1.1,4.29,0.602,3.42,0.714,2.06,0.299,2.03,0.323
31.5,90.2,"GRANODIORITE [28523]",28.1,53.3,5.78,21,3.77,1.01,3.48,0.543,3.38,0.742,2.22,0.349,2.44,0.405
31.5,90.2,"GRANODIORITE [28523]",38.6,72.8,7.78,27.4,4.81,1,4.31,0.674,4.15,0.921,2.69,0.414,2.93,0.447
31.5,90.2,"GRANODIORITE [28523]",45.3,84.9,9.03,32.9,5.46,1.09,4.81,0.692,4.11,0.867,2.44,0.362,2.43,0.387
31.5,90.2,"GRANODIORITE [28523]",50.5,92.9,10.13,34.2,5.76,1.01,5.06,0.74,4.43,0.888,2.53,0.383,2.59,0.41
31.5,90.2,"GRANODIORITE [28523]",42.8,79.2,8.51,30.4,5.37,1.08,4.68,0.703,4.12,0.841,2.48,0.366,2.45,0.391
31.5,90.2,"GRANODIORITE [28523]",54.4,96.1,9.65,32.7,5.39,0.966,4.66,0.668,3.82,0.771,2.23,0.328,2.19,0.346
31.5,90.2,"GRANODIORITE [28523]",53.06,94.06,9.708,32.15,5.288,0.913,4.638,0.674,3.843,0.782,2.23,0.336,2.234,0.355
36.2,78.5,"GRANODIORITE [28534]",60.4,128.86,14.46,48.27,8.75,1.29,8.78,1.24,4.11,0.74,2.83,0.27,1.97,0.27
36.2,78.5,"GRANODIORITE [28534]",31.55,66.39,7.58,28.95,5.92,1.26,5.95,0.87,4.02,0.75,2.4,0.29,1.97,0.27
36.2,78.5,"GRANODIORITE [28534]",29.93,62.75,6.98,27.08,5.81,1.21,5.68,0.86,4.03,0.79,2.45,0.31,2.03,0.29
36.2,78.5,"GRANODIORITE [28534]",23.71,47.2,5.58,21.98,5.07,1.31,4.64,0.67,3.98,0.78,2.18,0.31,2.01,0.31
68.974,27.7614,"GRANODIORITE [28562]",20.5,55.9,5.53,22.2,4.73,0.97,5.4,0.79,4.58,0.89,2.62,0.37,2.4,0.36
69.1621,28.3183,"GRANODIORITE [28562]",20.8,52.2,6.41,25.8,5.29,1.16,5.56,0.89,5.04,1.08,3.12,0.47,3.03,0.51
68.978,27.7015,"GRANODIORITE [28562]",26.3,67.3,8.1,31.6,6.81,1.61,7.29,1.06,5.86,1.18,3.59,0.48,3.08,0.45
68.9836,27.9049,"GRANODIORITE [28562]",37.6,88.4,10.8,44.6,8.11,1.77,8.2,1.13,5.7,1.04,2.5,0.34,2.35,0.36
69.0932,28.1197,"GRANODIORITE [28562]",22.2,56.8,4.97,16.6,2.41,0.62,2.26,0.29,1.15,0.18,0.41,0.1,0.26,0.1
69.0615,28.166,"GRANODIORITE [28562]",32.4,67.7,6.37,20,2.73,0.78,2.47,0.26,1.14,0.19,0.52,0.1,0.36,0.1
69.3683,28.3445,"GRANODIORITE [28562]",48.1,114,12.1,46.6,7.99,0.87,6.44,0.79,3.38,0.47,1.09,0.14,0.92,0.13
69.2322,27.8251,"GRANODIORITE [28562]",67.6,135,15.8,55.5,8.62,0.67,7.34,0.96,4.28,0.7,1.8,0.22,1.3,0.2
52.90041,22.87877,"GRANODIORITE [28577]",67,137,15.6,60,10,1.8,7.4,0.9,4.8,0.9,2.4,0.3,2,0.3
52.90041,22.87877,"GRANODIORITE [28577]",51,108,12.6,80.08,13.2,1.7,6.4,0.8,4.3,0.8,2.3,0.3,2,0.3
52.90041,22.87877,"GRANODIORITE [28577]",65,124,14.3,83.12,14.46,1.9,6.6,0.9,4.5,0.8,2.3,0.3,1.8,0.3
35.6,94.3,"GRANODIORITE [28606]",49.5,91.8,9.38,30.9,4.62,1.01,2.77,0.38,1.7,0.31,0.77,0.11,0.66,0.1
35.6,94.3,"GRANODIORITE [28606]",54.9,98.4,10.3,33.4,4.92,1.06,2.86,0.38,1.83,0.33,0.86,0.12,0.75,0.12
35.6,94.3,"GRANODIORITE [28606]",55.8,101,10.65,34.7,5.09,1.11,3.24,0.43,1.97,0.36,0.97,0.13,0.79,0.12
35.8,94.6,"GRANODIORITE [28606]",32.9,62.6,6.43,22.5,3.66,1.26,2.56,0.33,1.67,0.3,0.79,0.11,0.68,0.1
35.8,94.6,"GRANODIORITE [28606]",33.6,66.2,6.84,23.8,4.13,1.12,2.63,0.37,1.7,0.32,0.81,0.11,0.7,0.11
35.8,94.6,"GRANODIORITE [28606]",31.3,61.3,6.45,22.6,3.89,1.12,2.6,0.35,1.61,0.31,0.74,0.1,0.64,0.1
35.8,94.6,"GRANODIORITE [28606]",32.1,63.8,6.82,24.5,4.45,1.14,2.97,0.42,2.01,0.38,0.92,0.12,0.72,0.11
35.8,94.6,"GRANODIORITE [28606]",25.1,51.2,5.67,21.4,4.07,1.17,2.93,0.4,1.98,0.37,0.92,0.13,0.8,0.12
35.8,94.6,"GRANODIORITE [28606]",26.1,52.1,5.84,21.5,3.96,1.15,2.85,0.4,1.87,0.36,0.92,0.12,0.74,0.11
-21.1161833333333,119.373483333333,"GRANODIORITE [28610]",27.6736438630609,42.4751157044626,5.2020878292899,18.6591654291085,3.11870273730054,0.741558544636964,2.40880465551134,0.317044919933885,1.61588111709548,0.292693643680562,0.798509082966963,0.11649476621902,0.764890980885617,0.117277485812877
-21.17405,119.7606,"GRANODIORITE [28610]",64.7635658705242,90.1669852349145,16.7994659496058,64.0592193177922,11.8599598817278,1.63580387573397,10.176599370989,1.53630644454919,9.04289782739115,1.84802700977031,5.3483445258399,0.817248139355502,5.53979326362701,0.850692711690092
36.0877,99.0432,"GRANODIORITE [28616]",51.0657641429916,101.117226568597,11.0414183079528,42.8382055193043,7.31895769065093,1.63308700575574,6.03610716333206,0.873512967775204,4.68008959702689,0.873509355116728,2.41979883150214,0.37692534153292,2.47436824679921,0.369746936569286
36.1139,98.9798,"GRANODIORITE [28616]",60.1906259494462,110.073655052514,11.3764539895412,41.3633761885016,6.52864469339465,1.51578567496323,5.51797910444798,0.769912656949336,4.06430172716954,0.754454977313439,2.07175690916962,0.329678745872162,2.18088912706611,0.327891765076523
36.0408,99.1453,"GRANODIORITE [28616]",54.6922726202188,100.103419933756,9.75509198343331,35.2476476892238,5.61390416691182,1.18822879606304,5.0936493931606,0.773601698604462,4.41556265509008,0.870388791066524,2.53137916553574,0.425632564048643,2.90820943581543,0.435994768835952
36.0877,98.9681,"GRANODIORITE [28616]",38.2415896054903,74.509122190999,7.6537002792792,29.5372793138124,5.3771573520728,1.14377357125842,4.97266219936727,0.849854714935095,5.24820144315608,1.0660518385171,3.06864195325634,0.517316855238876,3.42891944776198,0.529395656335537
36.0797,99.0395,"GRANODIORITE [28616]",50.9672920012692,94.6210502646946,9.6080469797228,35.0003485072892,5.80460118123943,1.05333177307377,5.42431206532468,0.881488910028936,5.45857634290001,1.09800217500544,3.20937873107853,0.543626527959531,3.75703242905873,0.574698321124103
36,97.5,"GRANODIORITE [28617]",11.6985604379588,27.8558904829266,3.16801038579042,13.6490223806307,2.71587551301276,0.741249808836611,2.38367029213506,0.337749724973775,1.94513263631906,0.372623345009651,1.07271728098544,0.149788476256189,0.81,0.13
36,97.5,"GRANODIORITE [28617]",24.2308161036499,44.4628877276586,4.75298240449484,18.8142719170426,3.27365554129075,0.815991469124037,2.81843420844237,0.391115218946515,2.19986498788749,0.43458036808286,1.2508043367823,0.19,1.03,0.176635596268863
35.9562,97.4918,"GRANODIORITE [28617]",13.2319787329881,30.5280037277154,3.52555671547204,15.2996659775797,2.99855351985079,0.812071439334848,2.68230333518422,0.374611651864,2.18469586775969,0.420257490161076,1.22299026251805,0.18,0.98,0.16138713995544
36,97.5,"GRANODIORITE [28617]",25.3220973812877,45.865123925551,4.63703258851627,18.0180083862838,3.21380248855388,0.782178846085589,2.66186586421787,0.372558963519533,2.12080474722731,0.412058771337901,1.19444477182053,0.19,1,0.17
35.9578,97.4911,"GRANODIORITE [28617]",12.8971304350425,29.4392078178523,3.2266558856108,13.7648366676797,2.62126505001193,0.701708563394088,2.2857201280596,0.328411744973004,1.84807230474114,0.356873932453798,1.03324678133188,0.16,0.85,0.140703272344032
42.6,123.2,"GRANODIORITE [28629]",18.56,36.46,4.26,16.67,3.4,0.99,2.79,0.48,2.93,0.55,1.45,0.21,1.42,1.42
42.6,123.2,"GRANODIORITE [28629]",27.8,53.98,5.58,20.76,3.97,1.39,3.11,0.5,2.81,0.52,1.41,0.21,1.38,1.38
42.6,123.2,"GRANODIORITE [28629]",14.62,29.62,3.53,14.19,2.81,0.85,2.35,0.39,2.41,0.5,1.23,0.2,1.22,1.22
42.6,123.2,"GRANODIORITE [28629]",19.65,36.59,4.25,16.41,3.23,0.91,2.42,0.4,2.36,0.42,1.13,0.17,1.1,1.1
42.6,123.25,"GRANODIORITE [28629]",18.7,35.7,4.33,16.9,3.19,1.17,2.52,0.42,2.25,0.46,1.2,0.22,1.36,0.22
42.6,123.25,"GRANODIORITE [28629]",27.6,51.5,6.49,25.8,4.42,1.31,3.55,0.56,2.97,0.59,1.77,0.26,1.63,0.24
42.6,123.25,"GRANODIORITE [28629]",24,45.8,5.25,20.2,3.65,1.08,2.85,0.48,2.49,0.5,1.3,0.24,1.45,0.23
42.6,123.25,"GRANODIORITE [28629]",25.1,47,5.31,20.4,3.65,1.04,2.93,0.47,2.38,0.48,1.31,0.23,1.41,0.22
42.6,123.25,"GRANODIORITE [28629]",21.4,40,4.79,18.5,3.39,1,2.69,0.45,2.32,0.47,1.33,0.22,1.4,0.21
63.204458858,23.032709378,"GRANODIORITE [28640]",79.7,166,19.6,72,11.7,1.67,10.5,0.99,3.61,0.56,1.4,0.15,0.99,0.14
63.450318992,21.770808873,"GRANODIORITE [28640]",51,108,13.1,50.5,9.78,1.27,8.87,1.04,3.96,0.58,1.43,0.17,0.94,0.12
62.2410833333333,25.8151166666667,"GRANODIORITE, BIOTITE [28652]",40.9,69.5,8.01,28.8,5.26,0.986,4.67,0.671,3.98,0.783,2.37,0.336,2.52,0.346
62.3549333333333,25.8169833333333,"GRANODIORITE [28652]",23.7,47.4,5.48,22.1,4.89,1.18,5.04,0.801,5.14,0.989,2.89,0.381,2.42,0.362
44.736,127.6004,"GRANODIORITE [28667]",19.3035323033708,39.3344093567252,4.82940918835009,18.9207759502924,3.89749177631579,1.13355011047378,3.66826158697266,0.585752345861216,3.32699565540414,0.692306876061121,1.99641061898846,0.297503802134967,2.05348094875586,0.304674057439271
44.736,127.6004,"GRANODIORITE [28667]",22.6657588076506,44.9278802646589,5.3586381191888,20.5347014373717,3.99001131644992,1.13378259461996,3.69135828550871,0.569048117790098,3.22574746351626,0.670600428341172,1.89375537837166,0.284236764128249,1.92181635171168,0.280413599747275
44.736,127.6004,"GRANODIORITE [28667]",23.794119454055,46.8960766314109,5.54094520145567,20.9934153750637,4.10113040200448,1.15742665590801,3.72540864451416,0.582079578999813,3.34164240725109,0.684022033247286,1.9717400289032,0.298910607069822,2.05970701986264,0.303813917074743
44.736,127.6004,"GRANODIORITE [28667]",23.7120897593866,46.6849797526838,5.56686176523129,21.2461269194184,4.1381500203832,1.1673055321487,3.84279653272366,0.596883724919591,3.39803779214184,0.696340491563983,1.96441737039469,0.292710025945482,1.98264733795737,0.289375254790053
38.2,73.5,"GRANODIORITE [28682]",57.1,113.5,12.15,44,7.53,1.31,5.46,0.79,4.5,0.84,2.29,0.31,1.94,0.28
41.965,110.8269,"GRANODIORITE [28686]",16.3720217908986,35.0938850582548,2.988562799908,10.4693260604048,1.94545853108755,0.546994256919178,1.37509628400755,0.184592930767629,0.989239263508192,0.17956216558907,0.537690240105239,0.0697655238851537,0.444217959037982,0.0686327900094936
41.965,110.8269,"GRANODIORITE [28686]",18.0788354061895,35.3100643203607,3.24971847564334,11.4837840163273,2.10189709202183,0.587146315615017,1.45241109459701,0.199032208568822,1.00699910877712,0.184144252309387,0.50306851780628,0.0716899271403877,0.449481778949631,0.0668167269652681
41.965,110.8269,"GRANODIORITE [28686]",21.0605935314974,38.6905672392591,3.67075103036344,12.8212180291927,2.22490386464384,0.57722337830799,1.53412777155571,0.197334202006542,1.05357533339292,0.177411002538209,0.489156075732283,0.0676254692504945,0.448327546808623,0.0652314376123414
41.965,110.8269,"GRANODIORITE [28686]",19.3826345469923,39.0907653123314,3.50419875828671,12.0744445223234,2.20340253325467,0.568505630278737,1.45219435751655,0.196456789187657,1.0595126289036,0.184392591469553,0.480067935438385,0.0730001066939792,0.454047803757043,0.0681050099979384
33.5,105,"GRANODIORITE, BIOTITE [28688]",36.4,65.3,7.03,24.7,4.41,0.99,3.65,0.51,2.88,0.58,1.57,0.27,1.49,0.24
33.5,105,"GRANODIORITE, BIOTITE [28688]",32.2,58.7,6.34,22.3,4.02,0.99,3.34,0.48,2.65,0.52,1.38,0.24,1.38,0.22
33.5,105,"GRANODIORITE, BIOTITE [28688]",33.2,59.6,6.57,22.5,4.08,1,3.34,0.48,2.76,0.54,1.43,0.22,1.39,0.22
33.5,105,"GRANODIORITE, BIOTITE [28688]",34,62.2,6.72,23.5,4.27,1.02,3.44,0.5,2.84,0.56,1.47,0.26,1.45,0.22
33.5,105,"GRANODIORITE, BIOTITE [28688]",32.4,58.7,6.49,23,4.21,0.97,3.3,0.5,2.69,0.54,1.36,0.22,1.36,0.21
-10,-51,"GRANODIORITE, BIOTITE [28690]",39.9,53.6,5.92,22.8,3.8,0.87,3.23,0.38,1.81,0.37,1.1,0.14,0.9,0.14
-10,-51,"GRANODIORITE, BIOTITE [28690]",36.2,59.6,6.78,22.5,3.6,0.54,2.06,0.28,1.08,0.26,0.44,0.05,0.5,0.12
-10,-51,"GRANODIORITE, BIOTITE [28690]",55.8,94.8,10.72,38.4,6.1,1.31,4.71,0.6,2.86,0.58,1.14,0.08,1.1,0.2
-10,-51,"GRANODIORITE, HORNBLENDE-BIOTITE [28690]",49.7,82.5,9.31,32.5,4.8,0.67,3.56,0.43,2.51,0.45,1.18,0.18,1.1,0.17
-10,-51,"GRANODIORITE, BIOTITE [28690]",29.1,55.5,6.94,26.7,4.3,0.68,3.92,0.39,2.75,0.5,1.44,0.2,1.4,0.18
-10,-51,"GRANODIORITE, BIOTITE [28690]",31.2,56.6,10.08,35.8,4,0.61,3.85,0.35,3.2,0.48,1.36,0.22,1.4,0.18
-10,-51,"GRANODIORITE, BIOTITE [28690]",29,57.2,7.23,28.2,5.2,0.72,4.87,0.63,3.8,0.8,2.42,0.39,2.7,0.35
-10,-51,"GRANODIORITE, HORNBLENDE-BIOTITE [28690]",38.1,66.4,8,28.1,4.8,0.64,3.97,0.54,3.23,0.66,1.64,0.29,2.1,0.3
32.6,52.5,"GRANODIORITE [28697]",22.26,41.23,4.54,16.39,3.11,0.78,3.7,0.61,3.95,0.85,2.52,0.39,2.64,0.46
32.6,52.5,"GRANODIORITE [28697]",10.09,20.07,2.48,10.29,2.49,0.66,3.25,0.52,3.82,0.85,2.32,0.34,2.37,0.39
32.6,52.5,"GRANODIORITE [28697]",13.23,28.76,3.66,14.95,3.66,0.81,3.51,0.6,3.82,0.87,2.42,0.36,2.58,0.39
32.6,52.5,"GRANODIORITE [28697]",18.38,37.21,4.53,17.96,4.13,0.97,4.07,0.66,4.31,0.97,2.72,0.4,2.86,0.45
32.6,52.5,"GRANODIORITE [28697]",13.48,27.13,3.27,13.19,3.23,0.73,3.33,0.58,3.83,0.87,2.4,0.37,2.55,0.39
32.6,52.5,"GRANODIORITE [28697]",19.79,41.77,5.39,22.36,5.51,1.16,5.64,0.95,6.34,1.43,3.96,0.6,4.17,0.63
32.6,52.5,"GRANODIORITE [28697]",21.29,45.3,5.74,23.46,5.74,1.08,5.79,1,6.72,1.53,4.3,0.68,4.62,0.71
32.6,52.5,"GRANODIORITE [28697]",23.15,47.58,5.9,23.71,5.6,1.1,5.46,0.92,6.08,1.38,3.87,0.59,4.08,0.64
32.6,52.5,"GRANODIORITE [28697]",19.22,41.09,5.16,21.68,5.43,1.13,5.46,0.94,6.36,1.42,3.92,0.59,4.08,0.64
32.6,52.5,"GRANODIORITE [28697]",29.27,60.77,7.49,29.69,6.81,1.12,6.62,1.13,7.45,1.68,4.75,0.73,5,0.78
40.8863,31.6826,"GRANODIORITE [28702]",12.5,23.9,3.05,11.9,2.68,0.6,3.09,0.57,3.56,0.76,2.25,0.35,2.77,0.43
41.0999,31.9772,"GRANODIORITE [28702]",9.10759368061695,22.0620511411383,2.83831772713755,11.977208261913,3.1843420026585,0.614558360816481,3.61972532640658,0.6206490375156,4.17422140100688,0.913107932496629,2.80410730915393,0.460428792998759,3.3124508170284,0.525036166497159
40.955,31.8016,"GRANODIORITE [28702]",14.3855447201428,30.9297356807984,3.98539141674941,15.9381780903364,4.2198974789193,0.751119939541079,4.51300830953686,0.79548115709492,5.45752012690802,1.21515574002086,3.65881436311488,0.563174261034284,3.94126350987989,0.59447838247704
26.9,102.35,"GRANODIORITE [28707]",42.8317324967752,70.5085780866769,8.1500214082849,30.696437984316,6.23028744744879,1.50937243522326,5.90463436425523,0.96229653898173,4.75763802960828,1.01891341317563,2.42432288331914,0.352005826694219,2.20901757262497,0.344126641887916
26.9,102.35,"GRANODIORITE [28707]",36.2917190134812,60.6585684754054,7.14507579803499,26.4701385418963,5.43460697128961,1.42629457424465,5.07079677862046,0.79998907982383,3.90446917015609,0.831491961949198,1.9716688650401,0.270996614398129,1.64471360945597,0.25857686772666
26.9,102.35,"GRANODIORITE [28707]",41.5924711022132,71.9272911300047,8.25832384280338,31.4170151132148,6.29942835085818,1.72722401496919,5.8271612810989,0.922017122430497,4.56440720761667,0.937640090489038,2.22871800596154,0.316711684412411,1.87572174033909,0.286255960021681
26.9,102.35,"GRANODIORITE [28707]",49.3028315128737,84.2103951319557,9.78472605845708,36.6128118886912,7.29331858149162,1.54693595837676,6.53537304526592,1.02053129497111,4.86438576658077,1.02227385050002,2.37162713804338,0.329042482757111,2.00876052898655,0.309706417538974
26.9,102.35,"GRANODIORITE [28707]",45.6191399708229,77.5645579541658,9.12209125937412,33.7846277682302,6.84299631733559,1.6590853878785,6.21379244962743,0.941942364793441,4.68786989932259,0.965886562284303,2.26780473375233,0.313458151658255,1.93825534421955,0.298207581652762
26.9,102.35,"GRANODIORITE [28707]",45.8383442151186,78.2846517822537,9.16400247204327,34.4885362588246,6.79637526531317,1.58460657300145,6.22412795569329,0.944796179143176,4.60336801212372,1.01343913094782,2.40779518136028,0.341709814834664,2.12252435625444,0.352928344289825
58,-4.2,"GRANODIORITE [28719]",49.99,99.75,11.63,44.34,7.12,1.88,5.69,0.65,3.1,0.55,1.56,0.21,1.37,0.2
40.3,120.8,"GRANODIORITE [28725]",38.26,68.36,7,23.18,3.4,1.13,2.64,0.29,1.4,0.25,0.67,0.09,0.55,0.09
40.3,120.8,"GRANODIORITE [28725]",35.4,67.5,7.35,26.2,4.67,1.2,3.97,0.54,3.12,0.62,1.82,0.27,1.82,0.28
40.3,120.8,"GRANODIORITE [28725]",32.85,65.72,7.54,28.19,5.3,1.19,4.63,0.66,3.85,0.78,2.3,0.34,2.32,0.35
40.3,120.8,"GRANODIORITE [28725]",28.74,56.34,6.27,22.64,4.01,1.13,3.38,0.46,2.69,0.54,1.6,0.24,1.62,0.24
40.3,120.8,"GRANODIORITE [28725]",34.6,69.1,7.8,28.72,5.29,1.4,4.5,0.62,3.58,0.73,2.14,0.32,2.22,0.34
40.3,120.8,"GRANODIORITE [28725]",29.44,60.36,6.98,26.36,4.98,1.19,4.31,0.61,3.58,0.75,2.28,0.36,2.54,0.4
40.3,120.8,"GRANODIORITE [28725]",42.4,79.48,8.6,30.66,5.4,1.13,4.68,0.64,3.71,0.75,2.17,0.33,2.27,0.35
40.3,120.8,"GRANODIORITE [28725]",33.96,67.06,7.61,28.22,5.25,1.26,4.55,0.64,3.71,0.75,2.22,0.33,2.27,0.34
40.3,120.8,"GRANODIORITE [28725]",25.44,36.52,4.73,16.35,2.78,1.15,2.59,0.32,1.7,0.31,0.77,0.09,0.57,0.09
40.3,120.8,"GRANODIORITE [28725]",30.92,60.68,6.83,24.72,4.53,1.11,4.11,0.52,2.78,0.52,1.35,0.17,0.97,0.14
40.3,120.8,"GRANODIORITE [28725]",56.08,103.36,10.64,35.16,5.02,1.29,4,0.45,2.21,0.39,1.01,0.13,0.84,0.14
40.3,120.8,"GRANODIORITE [28725]",34.34,70.18,7.42,26.34,4.62,1.08,4.04,0.51,2.7,0.51,1.33,0.17,1.01,0.15
35.5,97.5,"GRANODIORITE [28756]",12.4,22.8,2.65,10.1,2.28,1.1,2.42,0.38,2.27,0.46,1.2,0.15,0.99,0.15
35.5,97.5,"GRANODIORITE [28756]",7,12.6,1.54,6.3,1.82,0.96,2.13,0.34,1.78,0.36,0.98,0.14,0.86,0.15
35.5,97.5,"GRANODIORITE [28756]",44.5,86.1,9.71,32.9,5.15,1.05,4.89,0.53,2.15,0.37,0.98,0.11,0.8,0.13
35.5,97.5,"GRANODIORITE [28756]",13.5,26.6,2.86,10.3,2.04,1.03,2.15,0.29,1.51,0.28,0.76,0.11,0.77,0.13
35.5,97.5,"GRANODIORITE [28756]",6.2,11.6,1.35,5.5,1.52,1,1.66,0.28,1.63,0.3,0.79,0.11,0.77,0.13
35.5,97.5,"GRANODIORITE [28756]",30.2,58.2,6.35,21,3.08,1.27,2.79,0.32,1.37,0.26,0.87,0.11,0.71,0.11
35.5,97.5,"GRANODIORITE [28756]",32.8,64.4,7.16,24,3.74,1.06,3.46,0.39,1.74,0.3,0.82,0.11,0.75,0.12
35.5,97.5,"GRANODIORITE [28756]",18.9,35.6,3.99,13.8,2.54,1.26,2.6,0.37,2.04,0.41,1.23,0.17,1.05,0.16
37.7889,71.574,"GRANODIORITE [28766]",63.446848636452,116.150674966856,12.0791288932712,44.0287738067141,7.97300282914541,1.31394090083636,5.70110780577683,0.798024115518987,4.51353760504311,0.818810281824204,2.5235699264561,0.365021778476532,2.50837181891031,0.381297556287115
37.7889,71.574,"GRANODIORITE [28766]",7.6148700887028,18.71971705708,2.36471736018324,9.58970869327307,2.50876123281122,0.31834027302247,3.10772023152576,0.624159244278168,4.41015385105351,0.926593235445628,2.52962513124731,0.351402229577637,2.17756763257463,0.286012290240265
37.7889,71.574,"GRANODIORITE [28766]",36.064540879718,72.4684069379243,7.87234296624813,29.4287639546224,5.91675277678872,1.06875193684165,4.91202649444255,0.751582183341554,4.40637338397716,0.823781186113987,2.56987728001718,0.385840960834044,2.51418806848592,0.374572326041993
37.7889,71.574,"GRANODIORITE [28766]",36.4886136137114,71.0790402089844,8.12656008111714,28.8531699462521,5.9641216761053,1.10143876026494,5.13640440054032,0.846316363935107,4.93381703459514,0.959354585120949,2.78370572210878,0.417127410590071,2.86100232899196,0.424746968614325
37.7619,71.5337,"GRANODIORITE [28766]",49.9867282536791,98.5320310570171,11.313161386616,39.6873874965992,7.43632865829766,1.24662533926746,5.71510152746145,0.768228649492454,3.83201723551533,0.671411608070461,1.77575421628108,0.254199911685348,1.84078668068902,0.282882994032518
37.7464,71.5463,"GRANODIORITE [28766]",31.2423490376607,62.0573234145655,7.06585519116725,25.8999070027828,6.1098146844535,0.938728992561909,5.41512171372092,0.926226411641354,5.77688003780123,1.09619981894075,3.23640568090326,0.519954625638959,3.64537226061419,0.537010337178349
37.7464,71.5463,"GRANODIORITE [28766]",36.193809954834,70.4112485332223,8.03416951045953,29.4953199669715,5.89057638214919,1.22444186034029,5.07542989151405,0.808895142220127,4.70128272541646,0.922122124932499,2.59436631891999,0.371016582215372,2.5811763968206,0.375946690644169
37.7464,71.5463,"GRANODIORITE [28766]",36.3229244246529,74.9783949720168,8.61543639175445,30.8798333453268,6.34010939207734,1.30141991906428,5.55512189823008,0.913418391503941,5.41101455284759,1.07305130732788,3.0454041737549,0.442889591619596,2.9893170831486,0.421468127497703
37.7464,71.5463,"GRANODIORITE [28766]",44.0358215165379,88.5477541948557,10.2528116397466,37.3014682583418,7.66293986340835,1.10543722086285,6.26922917731028,0.93312087334369,5.18434154398176,0.979741392171183,2.65552568507832,0.40525969132868,2.59892594050538,0.390521541231677
44.3368,91.8568,"GRANODIORITE [28772]",10.272929964077,17.7755928397519,2.04874050129365,8.91083333239052,1.8830885908381,0.643165162543159,1.63304119268139,0.240538411114778,1.36049183875288,0.266017026298727,0.750244587393366,0.117127173719835,0.786279063337918,0.132494136555242
44.3368,91.8568,"GRANODIORITE [28772]",9.98805104878598,18.3951724272416,2.13615811427473,9.13658294691513,1.92459872266711,0.642980382807146,1.59908934924496,0.234494616621011,1.34780644614677,0.267655031104749,0.760059967268558,0.12068808876048,0.840914142659914,0.143792118214614
44.3368,91.8568,"GRANODIORITE [28772]",9.41132055263145,17.5570300351021,2.04109624179706,8.84112669245931,1.87214999555862,0.641966155306486,1.57916287407307,0.2329061051226,1.31010901344473,0.263573207993541,0.743010351734733,0.113905956032738,0.7973959342285,0.134427137333131
44.3368,91.8568,"GRANODIORITE [28772]",8.21781825397703,15.5843465795408,1.90357971276007,8.32198273696258,1.78483090844715,0.605875611848423,1.51918870869639,0.219820833042886,1.26886952932868,0.252491684639835,0.728383172154336,0.111145118172558,0.758233566100067,0.127227159257253
44.3368,91.8568,"GRANODIORITE [28772]",11.0432757192107,26.6061149986214,2.96351641654923,12.5405109085302,2.6265083234512,0.732734407086585,2.29822928190635,0.34723020678965,2.01821875861353,0.411947679034849,1.1857660163815,0.186649477643475,1.25337754193571,0.202814154558844
44.3368,91.8568,"GRANODIORITE [28772]",9.53142734217943,21.213068111178,2.50044491562093,10.6884064780885,2.26943776450853,0.62335956339564,1.86878329153278,0.272346883904631,1.56581862246835,0.314596512274753,0.87889869481669,0.136730476446012,0.899466004570192,0.141437084152092
44.3368,91.8568,"GRANODIORITE [28772]",8.19461288649241,19.5562312996833,2.41488476319397,10.8302962094405,2.41048394202716,0.752540435050448,1.99627648970256,0.299548989726907,1.74289890957157,0.349324665383459,0.971680604613176,0.154123556858854,0.994197111262521,0.153269071210144
29.3086,113.6433,"GRANODIORITE [28776]",31.4185940254856,61.5858012466305,6.82179362695622,25.0225613579503,4.31144502210331,1.058760887126,3.09010037605511,0.40128092697756,1.89979625928989,0.335202512294829,0.833055371312552,0.117203752767331,0.71886775218485,0.098943186987914
29.2875,113.6756,"GRANODIORITE [28776]",31.0999756472395,64.4513899920166,7.17819829463201,27.1045029949158,5.18588469716596,1.20196618085607,3.7872840956919,0.460154079096502,2.18565721473194,0.36645365300219,0.907587398702094,0.134972055836112,0.77505978042411,0.118684772880844
29.2808,113.6114,"GRANODIORITE [28776]",28.6,52.1,6.59,25.7,4.61,1.13,3.35,0.4,1.83,0.29,0.7,0.094,0.52,0.061
29.2,113.7,"GRANODIORITE [28776]",46.3768651443786,91.2005592730515,9.33243658998154,33.4435386732898,5.26187195519215,1.14761778535535,3.0889624667128,0.340974726754377,1.48232089226691,0.222252402946435,0.549368735513415,0.0725434004178912,0.457543752355939,0.0578820804904852
29.2,113.7,"GRANODIORITE [28776]",19.7185634304903,41.6260589117821,3.8569363970335,13.9953600917577,2.42439733026099,0.816436730562999,1.75245037217563,0.223781320310623,1.06416697736536,0.179381956255861,0.451879885274783,0.0676835187212179,0.373931631550337,0.0640113732599128
29.2,113.7,"GRANODIORITE [28776]",23.5243692008469,74.3410416646692,4.88989170116138,17.8552521711744,3.17757189056689,0.879663466262858,2.02590347250873,0.267386380808999,1.20902981811055,0.20618415904503,0.565373568643737,0.0820917277595411,0.458914835713041,0.0736346186620483
32.25,52,"GRANODIORITE [28788]",25.45,52.88,6.08,23.44,5.16,1.1,4.85,0.8,4.88,1.02,2.86,0.44,2.84,0.43
32.25,52,"GRANODIORITE [28788]",37.45,76.19,8.76,33.3,6.86,1.03,6.06,0.94,5.51,1.1,2.93,0.43,2.67,0.4
32.25,52,"GRANODIORITE [28788]",32.61,67.96,7.7,29.41,6.26,1.04,5.6,0.89,5.32,1.07,2.89,0.44,2.78,0.42
32.25,52,"GRANODIORITE [28788]",31.19,64.39,7.33,28.04,5.93,1.01,5.37,0.85,5.07,1.03,2.8,0.43,2.75,0.42
32.25,52,"GRANODIORITE [28788]",28.14,58.55,6.79,25.97,5.67,0.93,5.19,0.85,4.97,1,2.69,0.41,2.55,0.38
32.25,52,"GRANODIORITE [28788]",27.5,56.94,6.51,24.9,5.46,0.94,5.13,0.87,5.52,1.21,3.4,0.54,3.46,0.52
32.25,52,"GRANODIORITE [28788]",26.06,54.13,6.18,23.53,5.14,0.93,4.55,0.71,4.11,0.79,2.14,0.33,2.08,0.31
32.25,52,"GRANODIORITE [28788]",28.2,57.7,6.67,25.3,5.52,0.99,5.07,0.83,4.87,1,2.67,0.39,2.28,0.33
32.25,52,"GRANODIORITE [28788]",34.6,72.6,8.23,31.5,6.66,1.08,5.88,0.91,5.4,1.06,2.87,0.43,2.75,0.41
33.5,49.75,"GRANODIORITE [28788]",32.2797656162884,68.1632238087606,7.35357302092162,28.3642719449173,5.68325146812105,1.00428554885579,4.89576615651359,0.743597327383927,4.27083757961829,0.809338506732966,2.14694019545107,0.31302155374238,1.98529961815808,0.283573204684706
33.5,49.75,"GRANODIORITE [28788]",36.0072753242009,76.4772457568372,8.22311241293832,31.8605005398509,6.44471658693403,0.942307351854912,5.57917135809354,0.89330883230419,5.17910220131064,0.993904702792651,2.66019658812906,0.391427935988022,2.45317761737978,0.348785944492492
33.5,49.75,"GRANODIORITE [28788]",36.019930139438,76.6477743306557,8.18905843237541,31.1609645750014,6.18427599338007,1.05668528943891,5.11074866706091,0.76480012142087,4.10588044875499,0.758703199852911,1.9387021024401,0.273626513843755,1.73311239831443,0.236949785526618
33.5,49.75,"GRANODIORITE [28788]",33.3530330746746,71.7388670208952,7.72659541930303,29.7449538003151,6.0724800149026,0.934594838986795,5.38422045356195,0.87126903519343,5.19014903523696,1.04094132606087,2.86581114770577,0.421164522157164,2.66188967284717,0.384014516683099
33.5,49.75,"GRANODIORITE [28788]",44.6609319922879,93.8730720826551,10.0005042614637,38.1857779271522,7.49741836410274,1.07045978939906,6.33163711909936,0.980237248709351,5.61079356072035,1.10814272033773,2.95971266346185,0.421155407706385,2.63914361296228,0.37633014151911
33.5,49.75,"GRANODIORITE [28788]",32.0907098386419,68.3241253696797,7.38720826103321,28.410849437501,5.70679545599415,0.957589305854429,5.09651245918763,0.829886070915388,5.00516140032534,1.00387695592978,2.77983877731319,0.412566100352717,2.58382988220056,0.371093352050132
-41.8087,-70.3599,"GRANODIORITE [28790]",43.5,92.4,13.45,54.2,12.5,2.94,11.15,1.7,9.31,1.77,4.27,0.71,3.41,0.47
-41.837,-70.2829,"GRANODIORITE [28790]",50.5,112,14.2,50.8,8.9,2.33,6.77,0.86,4.61,0.84,1.92,0.27,1.97,0.31
-41.7952,-70.1157,"GRANODIORITE [28790]",74.1,153.5,19.65,73.5,14.9,1.67,8.97,1.05,4.76,0.73,1.69,0.22,1.27,0.2
-41.8025,-70.1922,"GRANODIORITE [28790]",29.5,74.3,7.47,23.9,4.87,1.09,3.4,0.57,2.86,0.54,1.48,0.2,1.13,0.2
36.5,98.5,"GRANODIORITE [28796]",25.2946200478801,47.6148182198539,5.27872241989221,18.4895608645451,3.1738010007479,1.27287227055427,3.16832297135205,0.38020774005285,1.73256753883015,0.317304661157614,0.898074989987232,0.117589482193202,0.757649873222356,0.11821204871446
36.5,98.5,"GRANODIORITE [28796]",32.0515579038778,58.120608032404,6.06337049285997,20.3638967252183,3.16791901003496,1.20174696171361,3.26941466861843,0.370181016052497,1.61133379541941,0.299036309439512,0.860873007608227,0.112537514564996,0.743832647830604,0.118321874411728
36.5,98.5,"GRANODIORITE [28796]",27.0205493162008,51.6739100079784,5.48356299576842,19.1232709973324,3.20483267641185,1.3129695580086,3.21323289742061,0.384562654154533,1.6854518818357,0.313569102275912,0.879292665163998,0.114346800129974,0.736376343409235,0.114109187228028
36.5,98.5,"GRANODIORITE [28796]",27.7199056004356,51.3950498262593,5.62361229895373,19.6292340204833,3.28160953286694,1.22463169485419,3.24459071123291,0.392047957308575,1.7748024011195,0.329751436739741,0.972472576533921,0.12936898225138,0.868274888328922,0.133562117756492
36.5,98.5,"GRANODIORITE [28796]",26.6709104583112,50.5111428156802,5.48942745095445,19.2044994441315,3.25169924364458,1.15363054883176,3.25468854472137,0.397936881167641,1.76874572495921,0.336692425221686,0.984086193433374,0.13520285843267,0.913964502889468,0.145673887125265
36.5,98.5,"GRANODIORITE [28796]",27.8258198579524,52.1561198069323,5.64763403415763,19.6759632593103,3.32517513755389,1.20070094075603,3.27947274766202,0.395409606470193,1.74927620715588,0.326938391693736,0.953650143940539,0.125922942048695,0.836812103715111,0.134892786319807
36.5,98.5,"GRANODIORITE [28796]",32.1692361821322,59.5499186484526,6.23211945992466,20.8911308055597,3.33867265611712,1.20950860025536,3.46384528507695,0.39372901700873,1.72778862859474,0.316807616196365,0.916070500373058,0.1229502032013,0.820380573487584,0.129451286472867
36.5,98.5,"GRANODIORITE [28796]",28.7441114984934,54.7774554179574,5.92268465237831,20.4960090599685,3.40640212371997,1.16272045403913,3.47890195554734,0.412721434169057,1.8037043221766,0.34134924967896,0.970655775724965,0.129898455228252,0.821518149174755,0.127222719483902
36.5,98.5,"GRANODIORITE [28796]",25.4832315901884,50.1231328151044,5.70247059237986,20.4450640652794,3.68544944422372,1.22386984929189,3.59777690544749,0.443064448407328,2.01132861732085,0.369482519500147,1.04022289146873,0.136987986610243,0.88474083658725,0.138168266300644
36.5,98.5,"GRANODIORITE [28796]",29.3802580227948,54.7793006029918,5.79975220704025,19.8198162021616,3.26874487164928,1.174359379367,3.33748702283772,0.385180087251197,1.70213010810965,0.309431478046599,0.8985129347791,0.116524002190552,0.761299483685583,0.117618461391563
36.5,98.5,"GRANODIORITE [28796]",24.4202440451717,47.6081497818703,5.48447084611107,19.9279287062965,3.59221229658188,1.21149082252051,3.48842187155665,0.429458336134206,1.97618426443503,0.362958566209362,1.01802384579209,0.135532705824027,0.877480665500053,0.130003679992958
36.5,98.5,"GRANODIORITE [28796]",25.5076109016922,48.0977887958849,5.23244954969692,18.1992759585279,3.1194016578705,1.14137395762036,3.10793726728006,0.370933175152124,1.65560765728692,0.306512491769795,0.871771546988321,0.117640863675663,0.76452812995051,0.118914688928115
36.5,98.5,"GRANODIORITE [28796]",18.5650202170011,36.5149581861433,4.20643905131847,15.4042335743178,2.94208356672133,1.11358017760678,2.94897141588861,0.399557504064055,1.99898348166496,0.390819205147172,1.14235802732785,0.16261254493659,1.09673836713353,0.174928921623314
36.5,98.5,"GRANODIORITE [28796]",17.620717226064,34.7783166328933,4.01364955241205,14.6566867862434,2.80949163858273,1.09737216580388,2.78543904801238,0.38101330803837,1.87170910526089,0.367123222230746,1.07998861453643,0.155911553457478,1.07011063810672,0.176670159288397
36.5,98.5,"GRANODIORITE [28796]",22.9605840071367,43.7069487110582,4.83468491623567,17.043289940888,3.08824003833272,1.15111708938272,3.10843147064446,0.406616827607141,1.96171127783154,0.378327410313986,1.1205642196633,0.159276372304244,1.12491576986919,0.178766383164982
35.45,102.15,"GRANODIORITE [28797]",44.2,85.3,9.16,31.4,5.87,1.12,4.46,0.65,3.47,0.64,1.74,0.27,1.72,0.25
35.45,102.15,"GRANODIORITE [28797]",59.2,112,12.3,42.6,7.83,1.26,5.7,0.83,4.37,0.83,2.27,0.34,2.29,0.34
35.2,101,"GRANODIORITE [28797]",36.8,75.4,8.06,29.2,5.74,1.1,4.43,0.6,2.96,0.5,1.3,0.18,1.17,0.17
35.2,101,"GRANODIORITE [28797]",35.2,68.3,7.4,26.5,4.76,1.08,3.31,0.44,2,0.33,0.85,0.12,0.76,0.11
35.2,101,"GRANODIORITE [28797]",35.6,69.4,7.64,27.5,5.05,1.02,3.25,0.4,1.69,0.26,0.68,0.09,0.57,0.09
35.45,99.4,"GRANODIORITE [28797]",51.8,99.4,10.7,37.3,6.96,1.22,6.14,0.97,5.7,1.17,3.26,0.52,3.41,0.52
36.23,95.9,"GRANODIORITE [28798]",20.0386412179778,40.4606792214284,5.03092053789719,20.0636196253806,4.65089473006901,1.14605741898886,4.52920005491703,0.756560514521877,4.74663851277996,0.987547070328526,2.89788418906948,0.45627815539453,2.82082329998621,0.456188323018519
36.23,95.9,"GRANODIORITE [28798]",30.9798246081859,64.667237218386,6.85023496484506,24.7803597959393,4.92257704570163,0.916902127237158,4.47893365183394,0.780624272005017,4.77116773807217,0.980002181660447,2.81666540644572,0.430158033734754,2.74460870787682,0.437063510299104
36.23,95.9,"GRANODIORITE [28798]",13.8454805183483,28.7000406423487,3.44777244530676,13.9563728655093,3.16757109074858,0.879709376632808,3.2248780934777,0.517665596930672,3.20742479287971,0.626986851592996,1.87116310198982,0.291291334485926,1.76850606580303,0.26326877284968
35.9,97.9,"GRANODIORITE [28798]",41.2800292695509,79.5433540237499,7.44131580632815,25.717627762801,4.26801589284094,1.06614896948506,3.36223380955561,0.50682046965299,2.64664743551776,0.493193372563953,1.34797571885671,0.211787722833839,1.39142452364231,0.211780615614816
35.9,97.9,"GRANODIORITE [28798]",28.0922442726431,57.7939467452835,6.63157630798957,25.4414561249511,4.95515925858617,1.27368379550216,4.12760268803754,0.601227121219005,3.34648951983551,0.564785103333001,1.4962877888264,0.216906700178693,1.40843623997218,0.194252857721836
-33.17,-69.5,"GRANODIORITE [28806]",26.5,54.4,6.41,24,4.48,1.21,3.71,0.55,2.84,0.57,1.58,0.26,1.8,0.29
7.33,-72.87,"GRANODIORITE [28842]",44.4,84.9,8.88,28.6757467533643,4.37,1.03,2.92,0.39,2.13,0.41,1.27,0.21,1.48,0.23
7.33,-72.87,"GRANODIORITE [28842]",25.5,56.2,6.69,26.5926391719745,5.12,1.21,4.17,0.61,3.5,0.66,1.8,0.27,1.84,0.27
7.33,-72.87,"GRANODIORITE [28842]",31.5,65.6,7.1,25.3672319475481,4.49,1.11,3.56,0.53,3.19,0.58,1.69,0.26,1.85,0.27
7.33,-72.87,"GRANODIORITE [28842]",30.6,62.7,7.22,24.6,4.67,1.2,3.63,0.55,2.88,0.61,1.93,0.3,2.03,0.32
7.33,-72.87,"GRANODIORITE [28842]",29.9,59.2,6.29,24,3.85,0.99,3.09,0.44,2.55,0.47,1.47,0.22,1.58,0.23
7.33,-72.87,"GRANODIORITE [28842]",33.2,65.6,7.2,27.2,4.63,1.12,3.63,0.54,2.9,0.59,1.69,0.28,1.72,0.28
7.33,-72.87,"GRANODIORITE [28842]",29.4,60.3,6.64,25,4.08,1.03,3,0.43,2.31,0.45,1.37,0.22,1.59,0.23
7.33,-72.87,"GRANODIORITE [28842]",41,81.6,8.99,35,5.52,1.3,4.05,0.54,2.87,0.53,1.53,0.23,1.69,0.25
7.33,-72.87,"GRANODIORITE [28842]",43.4834294693977,74.6441490255584,7.93711482048982,28.6757467533643,4.18037745478215,1.0186936319912,2.76092302883656,0.410225155125129,2.17326749832506,0.438382722158439,1.23143709417077,0.198176457018927,1.38245093817105,0.231215064935065
7.33,-72.87,"GRANODIORITE [28842]",27.7379206305939,54.7212680053978,6.4468830243089,26.5926391719745,5.20099685129238,1.25238083477561,4.31002803681416,0.596737953804348,3.47501293944499,0.693438883857306,1.83880137214476,0.281677374100719,1.80449899550337,0.299069004255319
7.33,-72.87,"GRANODIORITE [28842]",31.3837247024335,59.9451864003176,6.64450903509979,25.3672319475481,4.54568606623691,1.13165625873651,3.49640071682351,0.531570913748933,3.02311231300102,0.642583327932599,1.78107117647059,0.284187809542984,1.73552171030338,0.272877223974763
-33.0100336448064,-71.0033173829446,"GRANODIORITE [28859]",5.4,9,0.91,2.9,0.5,0.43,0.6,0,0.6,0.1,0.4,0.06,0.5,0.11
-33.0100336448064,-71.0033173829446,"GRANODIORITE [28859]",16.5,37.3,4.57,18.9,4.3,1.02,4,0.7,3.9,0.8,2.3,0.36,2.5,0.43
-33.0109088512213,-71.0038509440778,"GRANODIORITE [28859]",14.3,32.6,3.86,16.3,3.8,0.93,3.5,0.6,3.4,0.7,2,0.31,2.1,0.36
-33.010008595929,-71.0065599307981,"GRANODIORITE [28859]",13.6,31.7,3.8,15.8,3.6,0.93,3.5,0.6,3.4,0.7,2,0.3,2.1,0.35
-33.0103714437389,-71.009789869006,"GRANODIORITE [28859]",15.2,34.6,4.27,18,4.3,1.03,4.2,0.7,4,0.8,2.5,0.38,2.7,0.47
-33.0105090473988,-71.0135605846974,"GRANODIORITE [28859]",16.7,38.8,4.69,19.5,4.4,1.1,4.6,0.7,4.4,0.9,2.7,0.43,3,0.51
-33.0079825306784,-71.018116177093,"GRANODIORITE [28859]",17.3,39.7,4.72,19.7,4.4,1.1,4.2,0.7,3.9,0.8,2.3,0.36,2.5,0.42
-33.0057585418715,-71.0229138765613,"GRANODIORITE [28859]",14.8,35.2,4.23,17.8,4.1,0.94,4,0.7,4.1,0.8,2.4,0.36,2.4,0.4
-33.0005635430481,-71.0268406786594,"GRANODIORITE [28859]",17.1,38.7,5.19,20.6,4.9,1.04,4.2,0.7,4.3,0.9,2.5,0.38,2.6,0.44
-32.9990034301971,-71.0279501024382,"GRANODIORITE [28859]",14.2,33.5,4.57,18.6,4.7,1.05,4.5,0.8,4.6,0.9,2.7,0.41,2.8,0.46
19.246,-70.9601,"GRANODIORITE [28857]",7.5,14.7,1.92,7.2,1.42,0.57,1.63,0.25,1.75,0.33,1.1,0.16,1.09,0.18
19.245,-70.9512,"GRANODIORITE [28857]",8.9,15.3,1.77,6.8,1.41,0.49,1.49,0.22,1.36,0.32,0.91,0.13,0.97,0.15
8.48027777777778,-71.5702777777778,"GRANODIORITE [28874]",60.584,116.814666666667,12.7296666666667,49.468,9.737,1.55533333333333,7.86466666666667,1.12033333333333,6.49766666666667,1.34766666666667,3.80833333333333,0.564333333333333,3.86466666666667,0.582666666666667
8.75194444444444,-70.9591666666667,"GRANODIORITE [28874]",38.1086666666667,72.2923333333333,7.86933333333333,29.618,5.98366666666667,1.42633333333333,4.36933333333333,0.748,4.725,1.052,2.73166666666667,0.463333333333333,2.92933333333333,0.420333333333333
8.83,-70.5297222222222,"GRANODIORITE [28874]",40.2216666666667,78.2,8.63833333333333,33.056,7.06466666666667,1.139,5.68933333333333,1.01333333333333,5.737,1.126,2.92733333333333,0.429333333333333,3.11133333333333,0.438666666666667
8.88722222222222,-70.3927777777778,"GRANODIORITE [28874]",14.7026666666667,32.9646666666667,4.22333333333333,18.2326666666667,4.15733333333333,0.992,4.024,0.682333333333333,4.12833333333333,0.951666666666667,2.692,0.405333333333333,2.96766666666667,0.434
8.8075,-71.0011111111111,"GRANODIORITE [28874]",33.4166666666667,62.8463333333333,7.026,27.735,5.36766666666667,1.14566666666667,3.253,0.421333333333333,2.24833333333333,0.426666666666667,1.09033333333333,0.136666666666667,0.945,0.129
9.17833333333333,-70.6355555555556,"GRANODIORITE [28874]",50.2873333333333,97.7246666666667,11.006,42.4906666666667,8.45166666666667,1.095,6.87866666666667,1.20633333333333,5.84733333333333,1.131,2.59733333333333,0.374666666666667,2.401,0.389333333333333
9.18638888888889,-70.6308333333333,"GRANODIORITE [28874]",43.5646666666667,84.0783333333333,9.30866666666667,36.6966666666667,6.89466666666667,1.611,5.99066666666667,0.888,4.68,0.909333333333333,2.14433333333333,0.325,2.05666666666667,0.343
9.11972222222222,-70.7108333333333,"GRANODIORITE [28874]",33.3573333333333,66.7193333333333,7.01933333333333,26.4213333333333,5.09166666666667,0.918666666666667,4.52,0.646666666666667,3.13433333333333,0.647,1.404,0.236666666666667,1.341,0.214
10.9563888888889,-71.6291666666667,"GRANODIORITE [28874]",18.157,25.661,2.492,9.12566666666667,1.774,0.547,1.208,0.148666666666667,0.832,0.164666666666667,0.482666666666667,0.0846666666666667,0.422666666666667,0.0853333333333333
7.10083333333333,-73.01,"GRANODIORITE [28874]",78.6286666666667,138.252666666667,14.6473333333333,54.0063333333333,9.15733333333333,1.75966666666667,7.017,1.14033333333333,6.212,1.26833333333333,3.49333333333333,0.488666666666667,3.297,0.523333333333333
6.83,-72.9908333333333,"GRANODIORITE [28874]",56.697,94.8236666666667,9.36433333333333,32.1313333333333,5.25833333333333,0.948666666666667,3.73366666666667,0.551333333333333,3.54666666666667,0.728666666666667,2.11533333333333,0.324,2.538,0.380333333333333
6.37527777777778,-72.8183333333333,"GRANODIORITE [28874]",60.5046666666667,104.748666666667,10.7946666666667,39.2666666666667,6.01066666666667,1.373,4.305,0.608666666666667,3.487,0.716666666666667,1.90866666666667,0.27,1.88633333333333,0.303
6.40777777777778,-72.8188888888889,"GRANODIORITE [28874]",59.6213333333333,105.699333333333,11.078,40.3116666666667,7.16133333333333,1.37466666666667,5.29533333333333,0.789333333333333,4.721,0.961666666666667,2.61233333333333,0.384666666666667,2.74266666666667,0.384333333333333
6.42277777777778,-72.8247222222222,"GRANODIORITE [28874]",47.437,81.0823333333333,8.26633333333333,29.685,4.56366666666667,1.102,3.15233333333333,0.440333333333333,2.879,0.554666666666667,1.61533333333333,0.229,1.77233333333333,0.293666666666667
8.05277777777778,-73.0752777777778,"GRANODIORITE [28874]",61.3516666666667,114.534,12.3183333333333,48.6406666666667,8.64366666666667,1.883,6.003,0.942333333333333,5.58166666666667,1.12866666666667,2.882,0.440666666666667,3.058,0.415666666666667
7.16638888888889,-73.0880555555556,"GRANODIORITE [28874]",48.0926666666667,86.977,9.61933333333333,39.7873333333333,7.928,2.536,6.294,1.09933333333333,6.73933333333333,1.49466666666667,3.88033333333333,0.586333333333333,3.87366666666667,0.586
-28.3817576412346,-70.9969018278096,"GRANODIORITE [28881]",7.52,17.62,2.61,12.17,3.78,1.07,4.18,0.75,4.78,1.01,2.89,0.43,2.74,0.44
-28.3772684112389,-70.9873289447541,"GRANODIORITE [28881]",7.97,12.11,1.81,8.37,2.72,1.06,3.06,0.56,3.74,0.82,2.35,0.38,2.49,0.39
-28.4421915090534,-70.9893787291279,"GRANODIORITE [28881]",20.84,40.36,4.67,17.48,3.85,1.02,3.88,0.67,4.17,0.9,2.5,0.38,2.46,0.41
-28.2271220150076,-70.8267237420497,"GRANODIORITE [28881]",20.99,41.54,4.7,16.98,3.62,0.87,3.63,0.62,4.02,0.86,2.47,0.39,2.6,0.44
-28.3184932175251,-70.7047441176625,"GRANODIORITE [28881]",7.5,16.88,2.5,10.38,2.67,0.45,2.79,0.52,3.6,0.8,2.5,0.4,2.67,0.43
-28.7284374229877,-70.769278745884,"GRANODIORITE [28881]",17.21,36.18,4.61,18.08,3.8,1.11,3.21,0.5,3.12,0.65,1.77,0.28,1.81,0.3
-28.5861861655413,-70.6389275294151,"GRANODIORITE [28881]",11.51,25.41,3.41,13.99,3.17,0.98,2.76,0.42,2.7,0.55,1.6,0.24,1.62,0.27
-41.5280555555556,-71.4580555555556,"GRANODIORITE, HORNBLENDE [28887]",11.8,28.2,4.2,19.97,5.26,1.63,5.45,0.98,5.83,1.19,3.51,0.54,3.23,0.51
-41.8286111111111,-71.4186111111111,"GRANODIORITE [28887]",21.2,45,5.89,22.19,4.96,1.56,4.63,0.74,4.09,0.81,2.38,0.36,2.18,0.35
-42.7075,-69.5980555555556,"GRANODIORITE, BIOTITE-HORNBLENDE [28887]",43,87.9,10.2,21.49,4.33,1.62,4.77,0.59,2.69,0.51,1.64,0.24,1.4,0.19
-42.3561111111111,-69.8630555555556,"GRANODIORITE, BIOTITE [28887]",31.5,64.5,8.02,31.58,5.64,1.48,5,0.75,3.67,0.69,1.87,0.25,1.4,0.18
-40.5925,-66.565,"GRANODIORITE [28887]",9.33,18.5,2.25,12.02,2.49,0.58,1.62,0.26,1.42,0.3,0.9,0.13,0.83,0.13
-41.7758333333333,-70.2988888888889,"GRANODIORITE [28887]",24.4,50.6,5.58,28.88,5.15,0.97,3.19,0.48,2.38,0.46,1.29,0.19,1.22,0.19
-40.4841666666667,-66.0930555555556,"GRANODIORITE [28887]",26.4,53.9,6.49,24.25,4.78,0.98,3.45,0.48,2.44,0.46,1.32,0.18,1.1,0.15
-43.4422222222222,-65.9425,"GRANODIORITE, BIOTITE-HORNBLENDE [28887]",20,55.8,7.06,27.55,5.47,1.25,3.95,0.57,3.04,0.57,1.65,0.24,1.53,0.2
-16.9,-70.76,"GRANODIORITE [28889]",23.9,50,6.2,25,5,0.8,4.7,0.65,4.1,0.81,2.51,0.38,2.5,0.38
-17.2309,-71.6281166666667,"GRANODIORITE [28889]",22,46,5.1,19.9,3.7,0.7,3.6,0.51,3.2,0.63,1.85,0.29,2.39,0.33
-16.9,-70.76,"GRANODIORITE [28889]",30.5,3.6,14.6,3.2,0.8,3.1,0.5,3.6,0.8,2.36,0.37,2.63,0.4,2.89
-17.6116166666667,-71.2416333333333,"GRANODIORITE [28889]",7.3,15.5,2,9,1.8,0.7,1.9,0.27,1.8,0.4,1.09,0.16,1.15,0.16
-17.6404333333333,-71.2079,"GRANODIORITE [28889]",23.2,46.4,5.1,18.8,3.1,0.7,2.4,0.29,1.9,0.33,0.97,0.14,1.08,0.19
-40.7474666666667,-71.8503666666667,"GRANODIORITE, BIOTITE [28894]",52.9,97.8,10.8,39.9,6.14,1.8,4.55,0.58,3.26,0.58,1.42,0.2,1.18,0.17
-12.5,-74.6,"GRANODIORITE [28909]",35.6,60.7,7.1,29,5.2,1.4,4.5,0.5,3.7,0.6,2.1,0.2,1.6,0.2
-12.5,-74.6,"GRANODIORITE [28909]",36.8,63.2,7.1,28.4,4.7,1.5,4.5,0.4,2.8,0.6,1.3,0.2,1.5,0.2
-14,-70.1,"GRANODIORITE [28909]",33.6,64.6,6.9,26.4,5.9,0.9,5.6,0.8,5.4,1.3,3.7,0.6,4,0.6
-14.2,-69.9,"GRANODIORITE [28909]",14.2,27,3.1,14.2,3.6,1,4.6,0.8,5.2,1.2,3.1,0.5,3.8,0.6
-13.8,-70.4,"GRANODIORITE [28909]",49.6,95.2,10,37.6,6.6,1.5,6.2,1,5.1,0.8,2.6,0.4,3,0.3
-13.8,-70.6,"GRANODIORITE [28909]",46.2,83,8.6,35.1,6.1,1.9,6.4,0.9,5.2,1,2.5,0.3,2.1,0.4
-13.7,-70.5,"GRANODIORITE [28909]",69.9,135.1,14.5,52.9,8.9,2.1,6.9,0.8,4.6,0.7,2.1,0.3,2,0.3
-11.3,-75.3,"GRANODIORITE [28909]",15.6,34.4,5.4,26.6,9.7,0.9,9.4,1.7,11.1,2.3,6.8,1,6.6,0.9
-8,-77.5,"GRANODIORITE [28909]",37.6,70.2,7.7,29.2,6.2,1.3,5,0.8,4.8,1,2.3,0.4,3.3,0.7
-7.8,-77.5,"GRANODIORITE [28909]",39,75.4,8.1,30.7,6.5,1.4,5.5,0.8,5.7,1.1,3.6,0.5,3.7,0.5
-8.1,-77.4,"GRANODIORITE [28909]",30.3,62.1,7.5,33.2,7.3,1.2,7.1,1.1,7.8,1.6,4.2,0.6,3.9,0.4
-8.1,-77.4,"GRANODIORITE [28909]",36.7,72.4,8.2,29.5,5.5,1.1,4.4,0.7,5,1.1,3.2,0.3,3.8,0.4
-7.7,-77.7,"GRANODIORITE [28909]",27.1,59.1,7.2,28.8,4.8,1.2,5.8,0.6,5.4,0.9,3.1,0.5,2.6,0.5
-7.7,-77.7,"GRANODIORITE [28909]",37.4,74.5,8,34.3,6.7,1.2,6,1.2,6.9,1.1,3.1,0.5,3,0.7
-7.7,-77.6,"GRANODIORITE [28909]",60.8,114.2,11.7,48.9,8.5,1.8,7.2,1,6.8,1.3,3.8,0.5,3.1,0.5
-11.2,-75.5,"GRANODIORITE [28909]",27,55.8,5.7,24.7,4.6,1,4,0.6,4.1,0.9,2.7,0.4,3.1,0.4
-10.8,-75.8,"GRANODIORITE [28909]",32.8,17.4,6.8,13.6,5,2.4,6.5,0.5,7.8,1.5,1.7,0.4,1.8,0.2
-6.9,-78,"GRANODIORITE [28909]",20.6,41.5,5.7,26,5.5,1.5,6,0.9,6.4,1.3,3.5,0.5,3.8,0.5
-6.8,-78,"GRANODIORITE [28909]",23.8,44.6,5.2,21.6,3.9,1.2,3.8,0.5,3.9,0.7,2.2,0.3,2,0.3
-7,-78,"GRANODIORITE [28909]",28,43,3.9,14.9,2.7,1,2.4,0.3,1.4,0.3,0.8,0.3,1.4,0.2
-13.2,-72.5,"GRANODIORITE [28909]",26.1,45.6,4.9,17.5,3.5,1.6,3.2,0.5,3,0.7,1.6,0.2,1.6,0.3
-29.103607816663,-71.4172104076429,"GRANODIORITE [28910]",28.46,57,5.29,27.02,5.72,1.22,5.46,0.85,4.77,0.97,2.86,0.4,2.74,0.4
-29.480200983325,-70.40782884591,"GRANODIORITE [28910]",26.67,60.1,7.17,28.17,5.9,1.56,5.1,0.76,4.4,0.9,2.45,0.35,2.36,0.35
-29.4912000216773,-70.3549332409373,"GRANODIORITE [28910]",24.16,58.21,6.95,26.98,5.85,1.36,5.11,0.78,4.62,0.96,2.64,0.39,2.65,0.39
-29.2109993179338,-70.3849079141132,"GRANODIORITE [28910]",25.55,50.7,5.3,18.87,3.91,0.94,3.44,0.56,3.34,0.75,2.08,0.32,2.17,0.33
50,41,"GRANODIORITE [28912]",878,44.3,95.7,39.76,6.85,7.95,1.51,5.93,0.865,4.92,0.984,2.81,0.43,2.7
50,41,"GRANODIORITE [28912]",983,31.2,72.2,8.73,34.4,6.86,1.18,5.12,0.744,4.07,0.826,2.28,0.329,2.1
50,41,"GRANODIORITE [28912]",728,42.6,97,11.1,42.7,7.28,1.02,5.53,0.758,4.06,0.829,2.24,0.322,1.93
50,41,"GRANODIORITE [28912]",666,25.9,62.3,7.51,29.7,6.19,1.01,4.73,0.697,3.85,0.791,2.09,0.337,2.05
50,41,"GRANODIORITE [28912]",892,16.6,37.2,4.92,21.9,5.52,1.43,4.48,0.677,4.03,0.824,2.3,0.337,2.18
50,41,"GRANODIORITE [28912]",819,23,56.5,6.89,29.2,5.85,1.34,5.06,0.716,4.19,0.833,2.32,0.357,2.16
50,41,"GRANODIORITE [28912]",736,21,49.1,5.72,24.4,5.14,1.14,4.5,0.639,3.63,0.734,1.99,0.302,1.84
50,41,"GRANODIORITE [28912]",814,23.3,56.5,7.03,29.6,6.19,1.09,5.43,0.816,4.69,0.949,2.68,0.413,2.44
50,41,"GRANODIORITE [28912]",717,25.3,59.2,7.37,30.9,6.44,1.44,5.35,0.765,4.54,0.905,2.53,0.382,2.3
50,41,"GRANODIORITE [28912]",891,21.2,51.9,6.19,25.4,5.96,1.08,4.4,0.67,3.84,0.773,2.2,0.307,1.91
50,41,"GRANODIORITE [28912]",817,28.9,65,7.65,30.8,9.16,1.16,5.18,0.722,4.22,0.845,2.37,0.362,2.18
50,41,"GRANODIORITE [28912]",730,27.3,64.9,28.72,5.02,5.24,1.35,4.11,0.569,3.31,0.65,1.79,0.273,1.64
50,41,"GRANODIORITE [28912]",672,27.6,64.1,28.72,5.93,5.9,0.885,4.22,0.623,3.46,0.721,2.05,0.306,2.05
50,41,"GRANODIORITE [28912]",689,25.5,54.1,6.53,26.8,5.73,1.4,4.89,0.722,4.24,0.875,2.43,0.361,2.23
50,41,"GRANODIORITE [28912]",887,16,35.4,4.63,20.4,5.75,1.52,5.17,0.82,4.85,1.02,2.84,0.418,2.56
50,41,"GRANODIORITE [28912]",543,25.2,39.4,27.64,4.94,4.66,1.06,4.08,0.585,2.89,0.588,1.59,0.232,1.47
50,41,"GRANODIORITE [28912]",559,18.6,43,4.97,21.3,4.1,0.789,4.17,0.604,2.7,0.548,1.58,0.226,1.48
50,41,"GRANODIORITE [28912]",425,24,53.3,35.1,7.79,7.78,0.789,3.68,0.502,2.9,0.57,1.57,0.243,1.55
50,41,"GRANODIORITE [28912]",353,18.9,42.2,5.14,20.8,4.03,0.874,3.28,0.48,2.67,0.526,1.49,0.23,1.47
-22.1,15.1,"GRANODIORITE [28914]",36.4,64.3,7.78,28.3,4.89,1.37,3.77,0.51,2.68,0.501,1.35,0.2,1.31,0.203
-22.1,15.1,"GRANODIORITE [28914]",30.5,55.3,6.77,25.2,4.58,1.33,3.69,0.516,2.76,0.524,1.44,0.215,1.41,0.222
-22.1,15.1,"GRANODIORITE [28914]",37.7,65.8,8.11,29.4,4.96,1.3,3.69,0.491,2.47,0.454,1.23,0.182,1.2,0.19
-22.1,15.1,"GRANODIORITE [28914]",28.3,52.1,6.24,22.9,4.24,1.3,3.46,0.495,2.73,0.528,1.47,0.223,1.5,0.233
-22.1,15.1,"GRANODIORITE [28914]",40.1,78.4,9.32,34.5,6.24,1.76,5.1,0.736,4,0.754,2.05,0.298,1.94,0.297
-22.1,15.1,"GRANODIORITE [28914]",5.4,11.9,1.4,5.45,1.42,0.52,1.36,0.249,1.56,0.311,0.897,0.146,0.96,0.142
-22.1,15.1,"GRANODIORITE [28914]",1.2,2.5,0.18,0.7,0.47,0.05,1.18,0.311,2.48,0.553,1.68,0.288,2,0.298
-22.1,15.1,"GRANODIORITE [28914]",42.8,75.9,8.98,32.5,5.54,1.5,4.28,0.574,2.96,0.552,1.49,0.219,1.44,0.221
-22.1,15.1,"GRANODIORITE [28914]",1.1,2.5,0.23,0.99,0.8,0.08,2.43,0.652,5.32,1.27,3.64,0.518,3.01,0.418
46.4709,90.0974,"GRANODIORITE [28915]",9.62,16.7,2.17,9.04,2.35,0.83,2.3,0.38,2.4,0.52,1.52,0.25,1.76,0.3
46.4712,90.0978,"GRANODIORITE [28915]",43.2,91.2,11.4,45.7,8.85,1.93,7.97,1.18,6.57,1.35,3.64,0.56,3.73,0.58
46.4712,90.0978,"GRANODIORITE [28915]",32.9,78.1,8.66,33.4,7.36,1.95,6.88,1.07,6.18,1.29,3.56,0.55,3.47,0.52
46.4713,90.0981,"GRANODIORITE [28915]",6.39,12.4,1.71,7.65,1.97,0.63,1.89,0.31,1.86,0.39,1.14,0.18,1.2,0.21
46.4713,90.0981,"GRANODIORITE [28915]",7.89,14.1,1.86,7.65,1.95,0.82,2.19,0.38,2.59,0.58,1.67,0.26,1.83,0.31
46.4714,90.0982,"GRANODIORITE [28915]",12.9,26.2,7.92,16.8,3.9,1.7,7.56,1.32,8.09,1.73,5.06,0.81,2.71,0.44
46.4714,90.0984,"GRANODIORITE [28915]",72.4,121,15.3,56.8,9.64,0.96,7.62,1.19,6.92,1.45,4.11,0.66,4.61,0.78
46.6073,90.0636,"GRANODIORITE [28915]",18.6,37.6,5.11,19.7,4.85,0.36,4.58,0.8,5.28,1.1,3.2,0.49,3.11,0.46
46.6073,90.0636,"GRANODIORITE [28915]",23,38.6,4.31,14.8,2.54,0.5,2.09,0.35,2.01,0.42,1.31,0.22,1.6,0.26
46.6073,90.0636,"GRANODIORITE [28915]",42.5,73.2,7.91,27.6,4.27,0.46,2.9,0.35,1.61,0.31,0.89,0.15,1.1,0.19
46.6073,90.0637,"GRANODIORITE [28915]",13.4,22.7,2.57,9.13,1.67,0.33,1.44,0.26,1.49,0.31,0.94,0.16,1.15,0.18
46.6073,90.0641,"GRANODIORITE [28915]",14.2,26.1,3.28,12.4,2.73,0.31,2.56,0.45,2.82,0.61,1.75,0.28,1.93,0.28
37.5,114.25,"GRANODIORITE [28924]",47.1,87.3,9.93,34.8,6.44,1.49,4.34,0.56,2.79,0.55,1.36,0.22,1.35,0.18
37.5,114.25,"GRANODIORITE [28924]",25.12,58.11,6.13,21.61,3.98,1.07,3.02,0.46,2.63,0.49,1.48,0.23,1.43,0.22
37.5,114.25,"GRANODIORITE [28924]",48.8,101,11.1,39,5.79,1.33,4.09,0.54,2.65,0.52,1.57,0.19,1.24,0.16
37.5,114.25,"GRANODIORITE [28924]",27.6,53,6.13,20.4,3.66,0.9,2.61,0.35,1.91,0.4,1.06,0.18,1.09,0.15
37.5,114.25,"GRANODIORITE [28924]",25.2,52.5,6.15,21,4.07,1.08,3.31,0.47,2.6,0.58,1.67,0.28,1.82,0.23
37.5,114.25,"GRANODIORITE [28924]",47.9,76,7.9,25.6,4.44,1.09,3.56,0.47,2.69,0.57,1.59,0.27,1.61,0.24
37.5,114.25,"GRANODIORITE [28924]",44.7,78.8,8.74,29.7,5.19,1.19,3.64,0.49,2.75,0.56,1.56,0.24,1.57,0.26
37.5,114.25,"GRANODIORITE [28924]",53.1,95.7,9.86,32.1,5.51,1.39,4.27,0.56,3.14,0.68,1.93,0.31,1.78,0.25
37.5,114.25,"GRANODIORITE [28924]",28.4,57.2,6.24,23,3.36,0.86,2.66,0.37,1.79,0.38,0.99,0.15,1.01,0.13
39.1,91.7,"GRANODIORITE [28936]",68.4,122,13.5,49.4,8.76,2.1,7.63,0.97,5.4,0.97,2.76,0.36,2.41,0.35
39.1,91.7,"GRANODIORITE [28936]",60.3,111,12.7,45.1,8.12,1.88,6,0.77,4.45,0.85,2.42,0.33,2.2,0.32
39.1,91.7,"GRANODIORITE [28936]",68.1,107,12.2,41.4,7.09,2.02,5.73,1.04,4.58,0.76,2.45,0.27,1.85,0.28
39.1,91.7,"GRANODIORITE [28936]",54.8,105,10.1,36.4,6.03,1.46,4.45,0.64,3.06,0.59,1.74,0.22,1.5,0.23
39.1,91.7,"GRANODIORITE [28936]",35.9,66.6,6.75,23.7,3.74,0.77,2.82,0.39,1.93,0.35,1.12,0.15,1.12,0.19
46.1082,132.6704,"GRANODIORITE [28941]",48,77.4,8.07,27.2,3.82,0.89,2.96,0.43,2,0.36,1,0.17,1.01,0.16
46.1082,132.6704,"GRANODIORITE [28941]",33.1,85.2,6.5,24.5,4.03,0.77,3.84,0.7,4,0.8,2.59,0.45,3.13,0.45
46.0511,132.6217,"GRANODIORITE [28941]",38.8,61.4,7.76,28.9,5.05,0.46,4.28,0.73,3.91,0.76,2.3,0.37,2.37,0.36
46.0511,132.6217,"GRANODIORITE [28941]",56.6,100,10.6,37.4,5.62,1.23,4.54,0.71,3.62,0.7,2.14,0.35,2.58,0.38
46.0513,132.9255,"GRANODIORITE [28941]",43,76.9,8.23,29,4.49,0.89,3.73,0.63,3.26,0.64,1.87,0.34,2.28,0.34
46.0513,132.9255,"GRANODIORITE [28941]",48.9,89.5,10.2,36.2,5.81,0.36,5.17,0.93,5.12,1.02,3.24,0.54,3.37,0.51
24.3395,97.8427,"GRANODIORITE [28946]",77.8,145,15.2,51.6,8.46,1.38,7.08,0.98,5.39,1.06,3.03,0.43,2.74,0.39
24.3395,97.8427,"GRANODIORITE [28946]",80.4,148,15.5,52.3,8.29,1.36,6.96,0.93,5.16,1,2.84,0.4,2.62,0.37
24.3395,97.8427,"GRANODIORITE [28946]",102,180,22.2,79.2,16.1,1.68,16.7,2.68,16.2,3.18,8.88,1.25,7.67,1.05
24.3395,97.8427,"GRANODIORITE [28946]",93.9,178,19.9,70.7,12.2,1.65,11,1.48,8.38,1.63,4.67,0.67,4.29,0.64
24.3395,97.8427,"GRANODIORITE [28946]",81,158,16.9,58.6,10.3,1.27,8.93,1.22,6.98,1.38,4,0.58,3.72,0.55
24.3395,97.8427,"GRANODIORITE [28946]",92.8,184,20,71,12.5,1.32,10.8,1.47,8.09,1.52,4.29,0.62,3.96,0.57
24.3395,97.8427,"GRANODIORITE [28946]",96.3,188,20,69.2,11.5,1.33,9.83,1.31,7.14,1.34,3.8,0.55,3.62,0.53
32,91.7,"GRANODIORITE [28952]",60.7,116,13.7,47.8,9.36,1.57,9.1,1.53,9.25,1.91,5.07,0.67,3.86,0.57
32,91.7,"GRANODIORITE [28952]",21.8,40.8,4.61,16.4,3.03,1.28,2.73,0.4,2.27,0.47,1.31,0.2,1.31,0.21
32,91.7,"GRANODIORITE [28952]",52.5,98.8,11.15,39.4,7.12,1.27,6.1,0.85,3.96,0.68,1.58,0.2,1.26,0.2
32,91.7,"GRANODIORITE [28952]",67.9,130,15.4,54,10.2,1.56,9.21,1.36,6.95,1.3,3.27,0.43,2.69,0.41
26.6792,116.9625,"GRANODIORITE [28955]",107,165,15.6,46.1,5.75,1.29,4.08,0.49,3.05,0.6,1.72,0.23,1.54,0.26
26.6792,116.9625,"GRANODIORITE [28955]",30.1,59.4,6.68,23.1,4.27,1.09,3.26,0.4,2.61,0.56,1.53,0.21,1.55,0.26
26.6792,116.9625,"GRANODIORITE [28955]",39.7,68.3,6.83,24.9,4.24,1.11,3.2,0.39,2.58,0.53,1.55,0.21,1.5,0.27
26.6792,116.9625,"GRANODIORITE [28955]",26.2,54.9,6.36,24.8,4.52,1.2,3.48,0.43,2.82,0.61,1.77,0.24,1.66,0.25
26.6792,116.9625,"GRANODIORITE [28955]",23.8,48.7,5.81,22.4,4.16,1.06,3.08,0.41,2.32,0.5,1.42,0.22,1.53,0.26
26.6792,116.9625,"GRANODIORITE [28955]",23.6,49.7,5.87,23.1,4.25,1.1,3.1,0.41,2.54,0.52,1.52,0.21,1.46,0.25
62,23.3,"GRANODIORITE [28963]",26.2,47.8,5,18.6,2.33,1.43,2.1,0.34,1.39,0.28,0.69,0,0.62,0
62,23.3,"GRANODIORITE [28963]",64.8,118,12.4,43.4,6.15,1.24,5.28,0.67,2.93,0.59,1.54,0.24,1.51,0.25
62,23.3,"GRANODIORITE [28963]",63.9,112,11.5,40.5,5.41,1.38,4.3,0.52,1.72,0.34,1.03,0.13,1.14,0.18
62,23.3,"GRANODIORITE [28963]",45.9,86.6,9.81,34,5.57,0.756,4.18,0.543,2.4,0.52,1.45,0.227,1.25,0.193
62,23.3,"GRANODIORITE [28963]",39.5,75.4,8.05,28.7,4.87,0.919,4.08,0.55,2.5,0.53,1.37,0.183,1.39,0.182
62,23.3,"GRANODIORITE [28963]",43.7,75.3,8.43,28.4,3.42,0.909,2.54,0.315,1.06,0.19,0.57,0.0651,0.52,0.0795
62,23.3,"GRANODIORITE [28963]",39.5,67.8,7.28,23.8,3.43,0.86,2.79,0.377,1.67,0.29,0.93,0.113,0.8,0.154
62,23.3,"GRANODIORITE [28963]",45.3,82,8.74,29.2,4.25,0.912,3.73,0.421,2.19,0.4,1.01,0.119,0.89,0.165
62,23.3,"GRANODIORITE [28963]",76.7,134,13.9,46.4,5.84,0.733,4.9,0.552,2.32,0.45,1.18,0.147,1.05,0.16
62,23.3,"GRANODIORITE [28963]",27.3,48.6,5.51,20.9,2.56,1.29,2.61,0.33,1.81,0.32,0.65,0,0.68,0.11
62,23.3,"GRANODIORITE [28963]",27.6,58.2,6.5,27.6,4.03,1.46,3.75,0.43,1.87,0.34,0.76,0.1,0.58,0
62,23.3,"GRANODIORITE [28963]",62.8,125,14.1,53.8,9.72,1.38,9.07,1.31,6.35,1.23,3.67,0.531,3.54,0.49
62,23.3,"GRANODIORITE [28963]",67.5,126,14.1,49.1,6.63,1.42,4.77,0.557,2.17,0.38,0.9,0.151,0.81,0.12
62,23.3,"GRANODIORITE [28963]",40.8,83.6,10.7,42.2,9.06,1.66,9.24,1.44,8.43,1.65,4.46,0.666,4.05,0.617
62,23.3,"GRANODIORITE [28963]",48.6,89.8,10.3,38.8,6.76,2.49,6.62,0.934,5.12,1.01,2.99,0.436,3.38,0.492
62,23.3,"GRANODIORITE [28963]",60.4,119,13.5,47.8,8.72,1.61,7.19,1.04,5.28,0.95,2.53,0.344,2.2,0.282
62,23.3,"GRANODIORITE [28963]",32.2,63.9,7.82,33.4,6.89,1.83,6.21,0.802,4.52,0.98,2.77,0.354,2.59,0.374
62,23.3,"GRANODIORITE [28963]",58.3,119,13.9,49.9,9.04,1.2,8.2,1.14,6.58,1.28,3.5,0.469,3.11,0.454
62,23.3,"GRANODIORITE [28963]",24.8,48.2,6,22.7,4.31,1.04,4.74,0.668,3.56,0.87,2.2,0.276,1.91,0.261
62,23.3,"GRANODIORITE [28963]",23.2,46,5.7,21.5,4.28,1.21,4.5,0.546,2.8,0.61,1.86,0.269,1.71,0.236
62,23.3,"GRANODIORITE [28963]",21.4,42,4.77,18,3.49,0.926,3.42,0.595,2.98,0.61,1.79,0.275,1.66,0.254
62,23.3,"GRANODIORITE [28963]",22.4,50.4,5.7,23.9,3.99,0.92,3.95,0.64,3.9,0.77,1.98,0.33,2.2,0.35
62,23.3,"GRANODIORITE [28963]",22.6,46.4,5.27,18.5,3.44,0.66,3.46,0.53,2.96,0.61,1.9,0.29,2.16,0.33
62,23.3,"GRANODIORITE [28963]",26.7,46.8,4.62,15.5,1.93,0.6,1.74,0.18,0.76,0.14,0.41,0.06,0.44,0.05
62,23.3,"GRANODIORITE [28963]",17.2,31.7,3.55,13.1,2.65,0.65,2.57,0.37,2.09,0.41,1.06,0.15,0.98,0.12
62,23.3,"GRANODIORITE [28963]",27.9,52.1,5.18,18,2.63,0.67,2.03,0.36,1.34,0.3,0.84,0.11,0.78,0.1
62,23.3,"GRANODIORITE [28963]",9.93,17.9,2.03,7.38,1.45,0.58,1.5,0.2,1.04,0.23,0.63,0.09,0.65,0.11
62,23.3,"GRANODIORITE [28963]",19,34.7,3.66,13,2.31,0.54,2.08,0.31,1.65,0.34,1,0.17,1.05,0.18
62,23.3,"GRANODIORITE [28963]",19,36,3.77,13.7,2.07,0.73,1.84,0.29,1.37,0.24,0.74,0.12,0.82,0.12
62,23.3,"GRANODIORITE [28963]",13.6,26.9,3.08,11.5,2.21,0.59,2.03,0.33,1.77,0.34,0.95,0.14,1.07,0.17
62,23.3,"GRANODIORITE [28963]",14.8,27.5,3.08,11.4,2.13,0.66,2.19,0.3,1.77,0.36,0.97,0.15,1.03,0.15
62,23.3,"GRANODIORITE [28963]",77.8,138,13.6,46.9,6.43,1.63,5.39,0.791,3.87,0.81,2.14,0.311,2.3,0.326
62,23.3,"GRANODIORITE [28963]",49.2,94.2,10.5,40.1,7.68,2.06,7.39,1.09,6.35,1.25,3.45,0.516,3.5,0.502
62,23.3,"GRANODIORITE [28963]",24.1,51.5,7.05,30.3,6.33,1.68,5.77,0.81,3.97,0.76,2.09,0.26,1.68,0.22
62,23.3,"GRANODIORITE [28963]",51.9,111,14,60.1,12.7,2.45,12.9,1.9,11.4,2.26,6.69,0.94,6.26,0.93
62,23.3,"GRANODIORITE [28963]",83.6,147,16.6,55.8,8.51,1.05,7.8,1.07,4.54,0.9,2.78,0.38,2.64,0.36
62,23.3,"GRANODIORITE [28963]",65.4,140,17.2,66.1,13.1,1.34,13.2,2.12,12.8,2.57,7.45,1.11,7.36,1.03
62,23.3,"GRANODIORITE [28963]",32.7,63.5,7.68,27.8,5.73,0.974,5.42,0.829,4.87,1.05,3.1,0.474,3.12,0.483
62,23.3,"GRANODIORITE [28963]",21.6,40.5,4.58,17.7,3.09,0.91,2.72,0.36,1.66,0.35,1.02,0.15,0.98,0.15
62,23.3,"GRANODIORITE [28963]",40.2,75.4,9.17,33.2,6.48,1.07,6.06,0.872,4.88,1.01,2.93,0.447,2.81,0.411
62,23.3,"GRANODIORITE [28963]",39.6,76,9.46,35,6.74,1.17,6.11,0.972,5.19,1.03,2.89,0.472,2.82,0.424
62,23.3,"GRANODIORITE [28963]",29.9,57.6,6.63,22.7,4.34,0.732,4.08,0.562,2.93,0.63,1.83,0.306,1.99,0.325
62,23.3,"GRANODIORITE [28963]",31.5,58,6.43,24.6,4.81,1.01,4.66,0.698,3.72,0.83,2.42,0.4,2.45,0.399
62,23.3,"GRANODIORITE [28963]",32.7,63.5,7.68,27.8,5.73,0.974,5.42,0.829,4.87,1.05,3.1,0.474,3.12,0.483
62,23.3,"GRANODIORITE [28963]",33.8,58.1,6.3,23,3.68,0.88,2.98,0.37,1.82,0.3,0.83,0.1,0.66,0.1
62,23.3,"GRANODIORITE [28963]",30.7,59.7,6.91,26.8,5.29,0.93,5.18,0.75,4.48,0.86,2.57,0.38,2.63,0.37
62,23.3,"GRANODIORITE [28963]",23.8,45.6,5.28,20.2,4.04,1.02,4.25,0.64,4.04,0.83,2.5,0.41,2.56,0.4
62,23.3,"GRANODIORITE [28963]",30.4,55.4,6.43,24.9,4.49,1.07,4.31,0.563,3.12,0.6,1.6,0.203,1.73,0.231
62,23.3,"GRANODIORITE [28963]",22.5,44.2,5.11,21,3.56,1.11,3.89,0.61,3.36,0.72,1.91,0.24,2.14,0.31
62,23.3,"GRANODIORITE [28963]",39.3,74.4,8.34,30.3,5.18,1.29,4.73,0.686,3.55,0.73,2.05,0.356,1.99,0.301
62,23.3,"GRANODIORITE [28963]",24.1,45.8,5.39,19.6,3.36,1.07,3.32,0.494,3.02,0.49,1.62,0.231,1.38,0.243
62,23.3,"GRANODIORITE [28963]",39.2,78.6,9.34,35.3,7.04,1.2,6.16,0.951,5.21,1.03,2.85,0.42,2.85,0.43
62,23.3,"GRANODIORITE [28963]",21.8,36.4,3.73,12.5,1.97,0.972,1.9,0.226,1.42,0.24,0.82,0.156,0.97,0.177
62,23.3,"GRANODIORITE [28963]",24.5,49,5.9,21.8,4.21,1.05,4.3,0.579,3.29,0.58,1.8,0.267,1.81,0.232
62,23.3,"GRANODIORITE [28963]",21.3,44.2,5.4,20.9,3.97,1.06,3.96,0.59,3.3,0.68,2.03,0.3,2.03,0.33
62,23.3,"GRANODIORITE [28963]",14.4,28.3,3.39,13.9,2.33,0.84,2.2,0.3,1.45,0.28,0.85,0.14,0.81,0.13
62,23.3,"GRANODIORITE [28963]",18.6,38.9,4.86,20.1,3.88,0.99,3.3,0.47,2.77,0.52,1.5,0.2,1.49,0.22
62,23.3,"GRANODIORITE [28963]",19.3,39.6,4.82,19.3,3.64,0.84,3.29,0.46,2.45,0.49,1.31,0.2,1.3,0.2
35.2013,128.3762,"GRANODIORITE [28975]",11.7,26.6,3.72,14.6,3.1,0.74,2.9,0.5,2.9,0.6,1.8,0.28,2,0.34
12.8,-11.5,"GRANODIORITE [9820]",27.9,49.2,5.91,20.89,3.78,1.13,3.51,0.47,2.92,0.58,1.68,0.24,1.71,0.27
12.8,-11.5,"GRANODIORITE [9820]",22.3,36.9,4.37,15.94,3.01,0.94,2.93,0.4,2.59,0.51,1.45,0.21,1.61,0.23
12.8,-11.5,"GRANODIORITE [9820]",29.5,55.6,6.65,24.92,4.42,1.3,3.67,0.47,2.59,0.47,1.35,0.2,1.28,0.19
8.0108,-4.5078,"GRANODIORITE, BIOTITE [9831]",23.4,49.2,6,24.9,4.4,1.2,3.3,0.4,2.1,0.4,1,0.1,1,0.1
8.0108,-4.5078,"GRANODIORITE, BIOTITE [9831]",14.6,23.1,2.3,7.8,1.1,0.6,0.8,0.1,0.5,0.1,0.2,0,0.3,0
8.4689,-4.2356,"GRANODIORITE, BIOTITE [9831]",33.7,77.1,8,30.2,5,1.2,2.6,0.3,1.8,0.3,0.8,0.1,0.8,0.1
51.7038,-176.6523,"GRANODIORITE [22767]",14.1884223300971,30.2897087378641,4.08,16.0480825242718,3.75927184466019,1.04533980582524,3.5,0.52,2.87,0.56,1.66,0.27,1.77468446601942,0.260033980582524
53,125,"GRANODIORITE [16935]",15.5,37,4.1,17.15,3.47,0.81,2.1,0.37,1.9,0.33,1.03,0.18,1,0.15
48.3,92,"GRANODIORITE [15551]",14.4,31.6,3.5,15.9,3.01,0.69,2.48,0.39,1.96,0.44,1.21,0.22,1.4,0.21
35.5,137.5,"GRANODIORITE [10923]",49,92,10,36,6.9,0.8,7,1,5.6,1.2,3.3,0.5,3,0.4
35.8,137,"GRANODIORITE [10923]",48,80,9.4,34,6.4,1.2,6.4,0.8,4.9,1,2.9,0.4,2.7,0.4
36,137,"GRANODIORITE [10923]",41,81,8.4,30,5.6,1.1,5.4,0.7,3.7,0.8,2.3,0.3,2.2,0.3
36,137,"GRANODIORITE [10923]",41,83,8.4,30,5.8,1.1,5.7,0.7,4.2,0.8,2.5,0.3,2.4,0.4
35.2173,73.1488,"GRANODIORITE [13235] / GRANITE [16435]",8.35,17.3,1.94,7.61,1.62,0.35,1.7,0.26,1.79,0.35,1.01,0.16,1.11,0.19
35.2187,73.1504,"GRANODIORITE [13235] / GRANITE [16435]",6.95,14.6,1.67,6.56,1.69,0.28,1.98,0.35,2.41,0.45,1.28,0.2,1.37,0.22
35.2182,73.1508,"GRANODIORITE [13235] / GRANITE [16435]",6.38,13.3,1.53,6.17,1.46,0.29,1.67,0.25,1.54,0.27,0.74,0.11,0.83,0.14
28.46,113.95,"GRANODIORITE [8688]",28.7,61.5,7.21,27,5.75,1.14,5.81,0.78,5.24,1.16,3.23,0.47,2.91,0.44
28.46,114.01,"GRANODIORITE [8688]",33.9,70.4,8.75,31.6,7,1.29,8.14,1.43,11.5,3.04,10.2,1.59,11.5,1.66
28.46,114.01,"GRANODIORITE [8688]",33,63.6,7.99,30.5,5.64,0.99,6.76,0.84,5.73,1.25,3.68,0.53,3,0.48
28.46,114.01,"GRANODIORITE [8688]",36.5,68,8.24,30.3,6.48,1.07,6.38,0.92,5.77,1.17,2.9,0.44,3.08,0.45
44.8,81,"GRANODIORITE [11845]",15.19,32.28,4.34,15.14,3.47,0.7,3.21,0.56,3.32,0.7,2.21,0.35,2.43,0.37
44.8,81,"GRANODIORITE [11845]",16.28,35.14,4.53,16.58,3.72,0.74,3.32,0.58,3.5,0.77,2.39,0.39,2.55,0.39
37.5,140.5,"GRANODIORITE, 2-MICA [11815]",25,48.6,4.99,17.9,3.08,0.73,2.03,0.3,1.54,0.27,0.71,0.09,0.65,0.1
37.5,140.5,"GRANODIORITE, 2-MICA [11815]",26.7,50.5,5.28,18.5,3.11,0.76,2.11,0.29,1.52,0.26,0.71,0.1,0.63,0.1
37.5,140.5,"GRANODIORITE, 2-MICA [11815]",23.6,45.6,4.59,16.2,2.67,0.66,1.77,0.24,1.27,0.21,0.62,0.09,0.59,0.1
37.5,140.5,"GRANODIORITE, BIOTITE [11815]",19,32.9,3.14,10.3,1.53,0.69,1.02,0.17,0.92,0.19,0.57,0.08,0.57,0.1
37.5,140.5,"GRANODIORITE, BIOTITE [11815]",26.7,46.6,4.13,13.6,2.2,0.69,1.66,0.28,1.62,0.32,0.95,0.14,0.93,0.16
37.5,140.5,"GRANODIORITE, BIOTITE [11815]",11,22.3,2.59,10.5,2.24,0.98,2.16,0.36,2.16,0.45,1.28,0.18,1.28,0.2
37.5,140.5,"GRANODIORITE, BIOTITE [11815]",11,21.7,2.01,7.3,1.74,0.76,1.7,0.33,2.08,0.46,1.47,0.25,1.7,0.26
37.5,140.5,"GRANODIORITE, BIOTITE-HORNBLENDE [11815]",24.1,50.2,5.25,22.3,4.8,1.19,4.69,0.85,5.22,1.08,3.01,0.44,2.82,0.42
37.5,140.5,"GRANODIORITE, BIOTITE-HORNBLENDE [11815]",26.9,56.4,5.42,22.2,4.59,1.15,4.16,0.78,4.66,0.95,2.75,0.41,2.65,0.4
37.5,140.5,"GRANODIORITE, BIOTITE-HORNBLENDE [11815]",20.3,42.3,4.36,18.4,3.91,1.21,3.58,0.65,3.86,0.8,2.32,0.34,2.27,0.33
37.5,140.5,"GRANODIORITE, BIOTITE-HORNBLENDE [11815]",16,33.5,3.42,14.1,3.11,0.83,2.9,0.53,3.32,0.68,2.05,0.28,1.97,0.31
37.5,140.5,"GRANODIORITE, BIOTITE-HORNBLENDE [11815]",15.6,39.1,3.81,16.8,4.17,1.18,4.19,0.78,4.95,1.05,3.07,0.49,3.17,0.49
-36.72,-70.6,"GRANODIORITE [12552]",14.2,24.9,3.66,13.5,3,0.93,3,0.47,2.67,0.59,1.66,0.25,1.66,0.25
-36.72,-70.6,"GRANODIORITE [12552]",17.6,30.7,3.35,16.3,3.6,0.96,3.6,0.54,3.03,0.62,1.9,0.25,2.04,0.25
-36.72,-70.6,"GRANODIORITE [12552]",12.6,24.7,3.64,14.4,3.3,0.91,3.3,0.6,3.53,0.7,2.08,0.3,2.21,0.3
-36.72,-70.6,"GRANODIORITE [12552]",9.3,19.6,2.45,9.7,2.6,0.77,2.6,0.44,2.75,0.55,1.73,0.26,1.74,0.26
-36.77,-70.45,"GRANODIORITE [12793]",27,50,5.8,20,4.24,1.11,5.04,0.63,2.86,0.62,2.08,0.27,2.17,0.26
-36.77,-70.45,"GRANODIORITE [12793]",11,23,2.96,11,2.87,0.99,3.48,0.47,2.26,0.5,1.73,0.23,1.97,0.24
-35.3,-69.9,"GRANODIORITE [12799]",15.3,34.4,4.36,18.9,3.6,1.13,3.9,0.52,2.91,0.57,1.94,0.25,1.69,0.27
-35.3,-69.9,"GRANODIORITE [12799]",33.5,76,8.61,32.1,6.1,1.08,5.58,0.89,5.42,1.06,2.98,0.46,2.81,0.48
-35.3,-69.9,"GRANODIORITE [12799]",23.4,52.5,6.14,24.7,4.9,1.05,4.54,0.74,4.06,0.84,2.22,0.38,2.14,0.38
38,-4.8,"GRANODIORITE [12833]",33,81.1,9.6,33.3,5.7,1.2,3.9,0.4,2.1,0.4,1.5,0.12,1,0.1
57,-152.5,"GRANODIORITE [12881]",17.78,32.65,4.39,16.43,3.69,0.751,3.58,0.586,3.3,0.65,1.95,0.273,1.69,0.243
57,-152.5,"GRANODIORITE [12881]",15.63,30.29,4.03,15.37,3.4,0.703,3.29,0.52,3.12,0.64,1.93,0.281,1.71,0.256
57,-152.5,"GRANODIORITE [12881]",17.18,33.67,4.29,16.68,3.75,0.622,2.93,0.519,3.01,0.59,1.75,0.268,1.66,0.236
57,-152.5,"GRANODIORITE [12881]",19.48,35.54,4.75,17.64,3.77,0.707,3.41,0.528,2.99,0.59,1.83,0.261,1.56,0.238
57,-152.5,"GRANODIORITE [12881]",19.12,36,4.42,17.2,3.64,0.789,2.98,0.444,2.51,0.51,1.5,0.23,1.42,0.214
57,-152.5,"GRANODIORITE [12881]",18.28,35.04,4.27,16.72,3.54,0.776,2.85,0.388,2.2,0.41,1.19,0.177,1.15,0.176
57,-152.5,"GRANODIORITE [12881]",16.82,33.2,4.52,17.32,4.38,0.614,4.15,0.704,4.28,0.89,2.67,0.392,2.4,0.351
57,-152.5,"GRANODIORITE [12881]",21.23,40.16,5.42,20.89,4.56,0.979,4.46,0.755,4.47,0.9,2.8,0.402,2.49,0.371
57,-152.5,"GRANODIORITE [12881]",20.11,37.31,5.11,19.77,4.46,1.081,4.5,0.757,4.39,0.9,2.72,0.389,2.4,0.349
57,-152.5,"GRANODIORITE [12881]",14.51,28.64,3.78,15.63,3.97,0.96,3.76,0.707,4.48,0.92,2.81,0.419,2.55,0.368
57,-152.5,"GRANODIORITE [12881]",19.3,38.48,5.28,20.27,4.46,0.915,4.4,0.698,4.17,0.87,2.59,0.371,2.31,0.343
57,-152.5,"GRANODIORITE [12881]",19.3,38.48,5.28,20.23,4.46,1.915,5.4,0.698,4.17,0.87,2.59,0.371,2.31,0.343
57,-152.5,"GRANODIORITE [12881]",17.54,34.21,4.64,18.26,4.06,0.912,4.08,0.648,3.8,0.79,2.37,0.347,2.15,0.317
57,-152.5,"GRANODIORITE [12881]",30.12,59.25,7.39,29.07,6.41,1.136,6.19,1.037,6.73,1.42,4.3,0.686,4.07,0.63
57,-152.5,"GRANODIORITE [12881]",35.77,69.31,8.62,33.97,7.28,1.412,6.37,1.01,6.17,1.22,3.61,0.542,3.29,0.492
59,161,"GRANODIORITE [12740]",19.89,42.1,5.01,19.54,4.07,1.12,3.71,0.54,3.13,0.64,1.78,0.26,1.72,0.28
59,161,"GRANODIORITE [12740]",17.27,35.53,3.99,15.37,3.07,1.03,2.76,0.39,2.36,0.47,1.29,0.19,1.31,0.2
37.5,140.5,"GRANODIORITE, HORNBLENDE-BIOTITE [13114]",28.8,63.5,6.14,23.7,4.96,1,4.8,0.84,4.86,0.93,2.81,0.44,2.71,0.41
37.5,140.5,"GRANODIORITE, HORNBLENDE-BIOTITE [13114]",15.2,40.1,4.34,18.3,4.34,1.04,4.38,0.76,4.38,0.85,2.56,0.41,2.58,0.4
37.5,140.5,"GRANODIORITE, HORNBLENDE-BIOTITE [13114]",22.3,58.1,5.81,21.4,4.23,0.77,4.11,0.66,3.79,0.78,2.29,0.36,2.27,0.37
37.5,140.5,"GRANODIORITE, HORNBLENDE-BIOTITE [13114]",32.2,71.1,6.63,24.1,4.78,1.07,4.4,0.74,4.31,0.86,2.5,0.38,2.41,0.37
37.5,140.5,"GRANODIORITE, HORNBLENDE-BIOTITE [13114]",27.3,69.6,6.74,24.1,4.8,0.79,4.6,0.74,4.39,0.9,2.67,0.44,2.82,0.45
37.5,140.5,"GRANODIORITE, HORNBLENDE-BIOTITE [13114]",27.6,60.1,5.67,20.3,4.05,0.89,3.75,0.65,3.71,0.75,2.31,0.36,2.26,0.36
37.5,140.5,"GRANODIORITE, HORNBLENDE-BIOTITE [13114]",15.8,47.1,5.08,20.1,4.62,1.25,4.41,0.75,4.62,0.93,2.64,0.43,2.66,0.44
-16.3425,-71.8733,"GRANODIORITE [13695]",28,59,7.1,27,5.6,1.4,5.1,0.7,4.1,0.78,2.1,0.31,1.8,0.28
-15.1433,-70.4536,"GRANODIORITE [13695]",18.0815876515987,37.8169790518192,4.94195688225539,20.9251101321586,4.61962513781698,1.12956810631229,4.68577728776185,0.707103825136612,4.56310679611651,0.939784946236559,2.77070063694268,0.393810032017076,2.64674493062967,0.407746100053792
51.8078,-176.4366,"GRANODIORITE [22767]",10.0497832121701,20.2151063829787,2.53286155939089,9.57855685627388,2.12923728813559,0.57,2.46,0.36,2.03736915001646,0.41,1.09942378394307,0.158125150650776,0.975509932475824,0.131575496688742
64.2369,29.0862,"GRANODIORITE [13590]",12,26.5,3.2,11.6,2.8,0.7,2.8,0.3,1.8,0.3,0.9,0.1,0.7,0.1
64.2407,29.0801,"GRANODIORITE [13590]",24,52,6.6,24.5,5.2,1.6,6.2,0.9,4.9,0.9,2.7,0.4,2.4,0.3
59.37,-132.78,"GRANODIORITE [4249]",7.64,17.08,2.49,11.22,2.33,0.62,2.7,0.43,2.73,0.56,1.78,0.27,1.65,0.24
59,-134,"GRANODIORITE, MUSCOVITE [4249]",27.82,53.11,6.24,24.07,4.57,1.36,4.14,0.64,3.84,0.77,2.24,0.32,2.18,0.35
59.62,-135.13,"GRANODIORITE, BIOTITE [4249]",40.66,73.22,7.61,26.7,4.56,1.1,3.59,0.51,2.98,0.58,1.71,0.24,1.62,0.26
30.761,85.5308,"GRANODIORITE [13808]",31,57.4,5.92,21.3,4.08,1.07,4.11,0.58,3.64,0.81,2.35,0.34,2.39,0.36
30.7593,85.5375,"GRANODIORITE [13808]",31.6,56.5,5.66,20.5,3.95,0.79,3.48,0.56,3.3,0.69,2.1,0.34,2.25,0.35
29.5547,86.3183,"GRANODIORITE [19373]",30.9,60.3,5.98,23.21,4.22,0.983,3.27,0.5,2.7,0.55,1.59,0.237,1.57,0.249
8.5,-3.5,"GRANODIORITE [9992]",25.6,46.4,6.44,25.4,4.7,1.28,4.14,0.6,3.45,0.68,1.88,0.28,1.78,0.27
-8.97,116.87,"GRANODIORITE [14434]",12.1,27,3.338,14,3.37,0.728,3.57,0.61,3.68,0.76,2.45,0.39,2.59,0.405
-33.5687,147.4593,"GRANODIORITE [11052]",0.67,1.48,0.18,0.72,0.15,0.04,0.15,0.02,0.15,0.04,0.11,0.02,0.17,0.03
-33.735,147.4807,"GRANODIORITE [11052]",16.07,38.28,5.45,24.8,5.96,1.53,5.14,0.78,4.4,0.91,2.6,0.38,2.61,0.37
-33.7413,147.4779,"GRANODIORITE [11052]",8.94,20.84,2.86,12.97,3.21,0.82,3.02,0.49,3.09,0.67,2.02,0.3,2.1,0.33
-33.6816,147.4173,"GRANODIORITE [11052]",9.5,18.94,2.31,9.18,1.89,0.56,1.59,0.26,1.52,0.34,1.02,0.18,1.13,0.19
7.58936,-80.339,"GRANODIORITE [14525]",19.2,40.33,5.26,23.88,6.29,1.52,7.39,1.31,8.32,1.99,4.89,0.92,5.26,0.74
7.61542,-80.35127,"GRANODIORITE [14525]",3.15,6.48,0.83,3.71,0.78,0.29,0.97,0.15,1.11,0.22,0.72,0.1,0.71,0.11
7.64399,-80.6464,"GRANODIORITE [14525]",2.29,4.6,0.59,3.04,0.66,0.2,1,0.14,0.82,0.2,0.68,0.13,0.95,0.16
-30.55025,-69.46478,"GRANODIORITE [20547]",31.5,63.5,7,24.8,4.5,1,4.1,0.6,3.7,0.7,2.1,0.3,2.1,0.3
-30.2525,-70.65028,"GRANODIORITE [20547]",17.4,36.9,4.7,18.6,3.7,1.1,3.4,0.5,2.9,0.6,1.8,0.3,1.8,0.3
-30.84111,-70.77167,"GRANODIORITE [20547]",32.2,64.4,7.3,25.3,4,0.8,3.4,0.4,2.4,0.5,1.4,0.2,1.4,0.2
-29.77164,-69.22322,"GRANODIORITE [20547]",34.3,67.1,7.5,27.7,4.9,1.4,4,0.5,2.7,0.5,1.4,0.2,1.3,0.2
44.67,80.97,"GRANODIORITE [14733]",17.79,37.7,4.58,16.37,3.061,0.517,2.355,0.403,2.267,0.49,1.386,0.205,1.417,0.225
44.67,80.97,"GRANODIORITE [14733]",9.948,22.24,2.831,10.6,2.082,0.435,1.935,0.326,1.914,0.388,1.122,0.175,1.207,0.184
44.67,80.97,"GRANODIORITE [14733]",18.05,38.11,4.845,17.64,3.071,0.611,2.585,0.401,2.293,0.499,1.398,0.227,1.478,0.239
9.28427,-79.132584,"GRANODIORITE [20839]",6.46,12.51,1.62,6.63,1.52,0.47,1.66,0.24,1.68,0.36,1.12,0.17,1.21,0.2
9.198428,-78.387192,"GRANODIORITE [20839]",7.8,15.15,2.22,9.56,2.23,0.7,2.3,0.39,2.57,0.55,1.71,0.26,1.83,0.3
40.07,38.77,"GRANODIORITE [14916]",21.4,41.2,4.54,16.5,2.48,0.75,1.99,0.32,1.57,0.3,0.92,0.1,0.82,0.13
40.07,38.77,"GRANODIORITE [14916]",20.5,40,4.21,15,2.37,0.73,1.83,0.31,1.47,0.28,0.82,0.11,0.77,0.12
40.07,38.77,"GRANODIORITE [14916]",26.6,50.9,5.66,20.4,3.25,0.99,2.7,0.42,2.03,0.42,1.14,0.16,1.09,0.16
40.07,38.77,"GRANODIORITE [14916]",26.6,50.4,5.61,20.9,3.21,0.99,2.82,0.43,2.08,0.42,1.17,0.16,1.1,0.16
40.07,38.77,"GRANODIORITE [14916]",25.7,48.5,5.39,19.4,3.38,0.95,2.72,0.39,2,0.39,1.06,0.15,1,0.15
40.07,38.77,"GRANODIORITE [14916]",25.5,51.8,5.79,21.4,2.99,0.87,2.07,0.29,1.39,0.25,0.68,0.09,0.68,0.11
40.07,38.77,"GRANODIORITE [14916]",36,69.1,7.36,25.6,3.62,0.98,2.52,0.34,1.71,0.3,0.84,0.11,0.84,0.12
40.98,35.17,"GRANODIORITE [15021]",43.6,72,6.78,21,2.56,0.73,1.88,0.23,1.1,0.19,0.51,0.08,0.6,0.09
40.07,38.77,"GRANODIORITE [15021]",44.9,87.8,9.52,34.5,4.89,1.35,3.49,0.48,2.32,0.42,1.09,0.15,1.08,0.15
-54.8,-68.3,"GRANODIORITE [15049]",23.9,50.5,5.24,18.5,3.5,1.14,2.94,0.51,2.44,0.5,1.45,0.25,1.59,0.24
23.1317,-109.8167,"GRANODIORITE [15039]",27.84,55.98,6.26,17.7,3.5,0.88,3.89,0.45,2.33,0.43,0.98,0.12,0.77,0.1
23.7417,-109.8247,"GRANODIORITE [15039]",23.56,47.5,5.44,17.5,3.7,1.11,3.59,0.51,2.8,0.54,1.35,0.19,1.24,0.18
23.7417,-110.05,"GRANODIORITE [15039]",16.4,32.36,3.59,12.9,2.6,0.75,2.27,0.31,1.7,0.36,0.88,0.14,1.04,0.15
23.1356,-109.8158,"GRANODIORITE [15039]",25.76,49.84,5.5,19.4,3.4,1.13,2.84,0.33,1.83,0.34,0.77,0.1,0.64,0.08
23.1317,-109.8167,"GRANODIORITE [15039]",14.36,32.19,3.9,26.9,5.9,0.38,3.64,0.43,1.82,0.28,0.56,0.07,0.47,0.07
41.6147,111.9338,"GRANODIORITE [21590]",34.28,57.91,5.87,20.15,3.34,0.88,2.73,0.37,2.13,0.41,1.18,0.17,1.12,0.16
41.536,111.3929,"GRANODIORITE [21590]",23.45,34.54,2.97,9.74,1.18,1.03,0.96,0.1,0.47,0.09,0.24,0.03,0.24,0.04
41.5062,111.1196,"GRANODIORITE [21590]",30.22,60.81,5.32,18.28,2.45,1,1.86,0.19,0.92,0.16,0.44,0.06,0.38,0.06
41.4755,111.0419,"MONZOGRANITE [21590]",8.38,11.15,0.98,2.92,0.32,0.67,0.27,0.02,0.1,0.02,0.05,0.01,0.04,0.01
53,134,"GRANODIORITE [13921]",22.91,52.34,5.73,21.45,4.36,0.74,4.04,0.7,3.76,0.72,1.99,0.31,1.86,0.28
53,134,"GRANODIORITE [13921]",14.35,30.73,3.39,13.43,2.5,0.6,2.88,0.3,1.79,0.29,0.89,0.08,0.76,0.07
67.5,178,"GRANODIORITE [12565]",50,105,12.8,52,10.5,1.66,9.9,1.48,8.3,1.71,4.3,0.64,4.3,0.62
67.5,178,"GRANODIORITE [12565]",53,113,13.6,56,11.1,1.81,10.4,1.52,8.5,1.73,4.4,0.64,4.3,0.62
50.5,125.5,"GRANODIORITE [21619]",25.3,48.1,5.29,19.7,3.49,0.97,3.14,0.42,2.35,0.47,1.32,0.22,1.34,0.25
50.5,125.5,"GRANODIORITE [21619]",24.6,51.7,6.03,23,4.35,1.04,3.8,0.54,2.97,0.59,1.82,0.26,1.58,0.29
50.5,125.5,"GRANODIORITE [21619]",23.6,51.2,5.73,20.7,4.06,1.02,3.19,0.47,2.58,0.49,1.65,0.23,1.59,0.25
30.5,118,"GRANODIORITE [21672] / GRANITE [25999]",26.38,53.31,6.15,23.52,4.52,1.1,3.64,0.5,2.69,0.46,1.28,0.18,1.15,0.17
30.5,118,"GRANODIORITE [21672] / GRANITE [25999]",27.27,52.22,5.85,21.55,4.06,1.03,2.96,0.42,2.12,0.36,0.94,0.14,0.91,0.15
30.5,118,"GRANODIORITE [21672] / GRANITE [25999]",41.49,69.7,7.15,25.89,4.74,1.1,3.1,0.4,2.03,0.31,0.86,0.12,0.77,0.12
30.5,118,"GRANODIORITE [21672] / GRANITE [25999]",26.7399195231758,50.9804343352593,5.7090778368334,21.0626768844503,3.88806432886929,0.890544051211737,2.76926837762267,0.407431225772974,2.19050425039523,0.37883981256817,1.09077871606891,0.166226606143414,1.06891508113331,0.171762415518996
36.04712,74.14084,"NOT GIVEN [21685] / GRANODIORITE [21686]",19.4,49.5,4.37,17.7,3.32,0.98,3.43,0.49,2.83,0.56,1.73,0.23,1.61,0.27
36.15672,73.7356,"NOT GIVEN [21685] / GRANODIORITE [21686]",17.5,33.8,3.19,14.7,3.39,0.85,3.15,0.5,3.17,0.56,2.03,0.23,1.96,0.3
36.19211,73.24538,"NOT GIVEN [21685] / GRANODIORITE [21686]",14.2,29.8,2.51,9.9,1.77,0.45,1.6,0.17,1.2,0.16,0.66,0.06,0.57,0.05
36.16456,73.16376,"NOT GIVEN [21685] / GRANODIORITE [21686]",17.6,33.4,3.68,14,2.69,0.6,2.66,0.44,2.67,0.56,1.73,0.26,2.06,0.39
52,87,"GRANODIORITE, AMPHIBOLE-BIOTITE [12738]",18.63,33.42,4.61,19.39,4.02,1.03,3.94,0.64,3.69,0.81,2.25,0.36,2.16,0.31
36.2936099711805,137.631005980074,"GRANODIORITE [21884]",23.5,44.9,5.2,19.5,3.8,1,3.4,0.5,3.3,0.7,2,0.3,2.1,0.3
36.293597985059,137.630123030394,"GRANODIORITE [21884]",22.9,41.7,4.2,15.2,2.7,0.7,2.5,0.4,2.3,0.5,1.4,0.2,1.6,0.2
36.2935099750757,137.629956984892,"GRANODIORITE [21884]",29.1,52.5,5.2,18.3,3.1,0.8,2.7,0.4,2.7,0.5,1.7,0.3,2,0.3
36.2938579916954,137.629218036308,"GRANODIORITE [21884]",28.6,51.6,5,17.4,3.1,0.8,2.6,0.4,2.5,0.5,1.5,0.2,1.8,0.3
36.2937200255692,137.629003962501,"GRANODIORITE [21884]",27.8,50.5,5.1,17.9,3,0.8,2.7,0.4,2.5,0.5,1.5,0.2,1.8,0.3
36.2925380095839,137.628066027536,"GRANODIORITE [21884]",25.8,46.5,4.7,16.4,2.9,0.7,2.7,0.4,2.4,0.5,1.5,0.2,1.8,0.3
36.2928310409188,137.627498991787,"GRANODIORITE [21884]",31.6,59.9,6.1,22.5,4,0.9,3.6,0.5,3.3,0.7,2,0.3,2.3,0.4
36.3000750169157,137.613868005573,"GRANITE, HORNBLENDE-BIOTITE [21884]",26.9,51.4,5.4,19.5,3.5,0.9,3.1,0.5,3,0.6,1.8,0.3,2,0.3
36.2937239650636,137.623816989362,"GRANODIORITE, HORNBLENDE-BIOTITE [21884]",23.1,46.5,5.1,19.5,3.8,1,3.4,0.5,3.2,0.6,1.9,0.3,2.1,0.3
36.2936819717288,137.624248992651,"GRANODIORITE, HORNBLENDE-BIOTITE [21884]",28.7,56,6.1,22.8,4.3,1.1,3.8,0.5,3.6,0.7,2,0.3,2.2,0.3
36.2933460250496,137.624812005087,"GRANODIORITE, HORNBLENDE-BIOTITE [21884]",29.5,56.6,5.2,20.3,3.7,1,3.4,0.5,3.2,0.6,1.9,0.3,2,0.3
36.2930929753929,137.625289019197,"GRANODIORITE, HORNBLENDE-BIOTITE [21884]",37.6,70.1,7.1,26,4.5,1.1,4,0.6,3.7,0.7,2.1,0.3,2.2,0.3
36.2930819950997,137.625692021101,"GRANODIORITE, HORNBLENDE-BIOTITE [21884]",25,49.1,5.3,20.2,3.8,1,3.4,0.5,3.3,0.6,1.9,0.3,2.1,0.3
36.2933140061795,137.626198036596,"GRANODIORITE, HORNBLENDE-BIOTITE [21884]",23.4,46.4,5.2,20.1,3.9,1,3.5,0.5,3.5,0.7,2.1,0.3,2.2,0.3
36.2931140139698,137.626610007137,"GRANODIORITE, HORNBLENDE-BIOTITE [21884]",25.1,49.2,5.4,20.8,4,1,3.5,0.5,3.5,0.7,2,0.3,2.2,0.3
36.2907000258564,137.629909040406,"GRANODIORITE [21884]",37.5,69.3,7,25.1,4.1,1,3.4,0.5,3.3,0.6,1.9,0.3,2,0.3
36.2901110295206,137.630122024565,"GRANODIORITE [21884]",28.5,55.6,5.9,21.6,3.9,0.9,3.5,0.5,4.4,0.7,2,0.3,2.1,0.3
43.2,107.2,"GRANODIORITE [15272]",18.4,40.3,4.54,18.3,3.4,0.89,3.19,0.44,2.02,0.36,1.09,0.14,0.85,0.14
43.2,107.2,"GRANODIORITE [15272]",19.1,41.6,4.59,18.6,3.63,1.12,3.38,0.5,2.57,0.47,1.26,0.17,1.15,0.16
47.3671,100.6972,"GRANITE [22230]",29.3,61.3,6.72,24.8,4.53,1.12,3.74,0.55,3.13,0.61,1.68,0.24,1.75,0.26
47.7929,99.3674,"GRANITE [22230]",42.5,74.3,7.64,31.3,5.13,0.95,3.78,0.44,2.39,0.42,1.21,0.2,1.16,0.21
12.5264,75.0712,"GRANODIORITE [22351]",21.25,33.28,3.13,10.54,1.68,0.86,1.55,0.19,0.94,0.17,0.41,0.05,0.32,0.05
40,9,"NOT GIVEN [22333]",39.7,71.1,7.49,27.7,4.41,1.11,4.09,0.5,2.93,0.55,1.53,0.26,1.73,0.28
40,9,"NOT GIVEN [22333]",52.2,89.2,8.87,29.5,5.18,1.2,4.49,0.6,3.77,0.63,1.83,0.26,1.88,0.3
40,9,"NOT GIVEN [22333]",47.2,75.8,9.57,28.5,4.61,1.08,3.57,0.53,3.12,0.56,1.75,0.31,1.94,0.33
40,9,"NOT GIVEN [22333]",44.3,78,8.2,29.6,5.23,1.34,4.99,0.63,3.72,0.75,2.21,0.29,2.22,0.34
40,9,"NOT GIVEN [22333]",59.5,99,10.22,33,5.64,1.46,4.71,0.66,4.52,0.8,2.1,0.3,2.33,0.35
40,9,"NOT GIVEN [22333]",49.4,100.5,10.38,40.3,6.98,1.38,6,0.78,4.16,0.8,2.36,0.34,2.42,0.41
-29.52,-64,"GRANODIORITE [12866]",51.1,109,9.4,34.4,5.8,1.21,5.3,0.8,3.7,0.85,1.9,0.4,2.2,0.36
-29.52,-64,"GRANODIORITE [12866]",32.1,69,7.1,29.9,6.4,1.37,6.5,1.1,5.6,1.44,3.2,0.6,3.7,0.61
4.4086,-75.6901,"GRANODIORITE [15581]",15.42,29.17,3.24,14.41,2.2,1.1,2.27,0.31,2.07,0.49,1.49,0.23,1.26,0.26
4.4086,-75.6901,"GRANODIORITE [15581]",15.42,29.17,3.24,14.41,2.2,1.1,2.27,0.31,2.07,0.49,1.49,0.23,1.26,0.26
3.9029,-76.1807,"GRANODIORITE [15581]",4.54,10.23,1.36,5.82,2.59,0.48,1.84,0.31,2.05,0.5,1.46,0.26,1.23,0.27
5.7709,-76.2475,"GRANODIORITE [15581]",19.64,43.79,6.29,26.86,6.21,1.26,6.03,0.95,5.75,1.24,3.52,0.52,3.32,0.55
41.5542,125.8219,"GRANODIORITE [22745]",31.8,55.8,5.87,19.4,2.97,0.93,2.21,0.27,1.5,0.25,0.7,0.1,0.61,0.1
42.1034,26.0182,"GRANODIORITE [13759]",26.3126666666667,48.1203333333333,5.277,21.461,3.95833333333333,0.874333333333333,2.95333333333333,0.528,2.744,0.601666666666667,1.54866666666667,0.277333333333333,1.602,0.325666666666667
42.2337,26.2447,"GRANODIORITE [13759]",20.636,36.6406666666667,4.01533333333333,13.5365,3.177,0.8725,2.609,0.2895,2.0575,0.4675,1.166,0.283,1.389,0.2395
42.1515,26.1337,"GRANODIORITE [13759]",16.8436666666667,30.893,3.57666666666667,14.2696666666667,2.53166666666667,0.771666666666667,2.227,0.372666666666667,2.01966666666667,0.382333333333333,1.092,0.203,1.46533333333333,0.199666666666667
57.993611,-4.197395,"GRANODIORITE [28719]",66.9,131,14.1,54.43,8.45,2.07,6.36,0.74,3.68,0.64,1.76,0.23,1.45,0.2
58.010645,-4.250916,"GRANODIORITE [28719]",50.8,91.9,9.66,34.42,5.18,1.39,3.84,0.43,2.06,0.35,0.97,0.13,0.83,0.11
56.689443,-5.602272,"GRANITE [28722] / GRANODIORITE [28719]",53.7,108.1,11.47,40.4,6.27,1.81,4.97,0.58,2.91,0.5,1.37,0.19,1.17,0.17
56.6851,-5.627994,"GRANITE [28722] / GRANODIORITE [28719]",45.3,84.4,9.19,32.4,5.25,1.7,4.61,0.53,2.63,0.47,1.29,0.17,1.09,0.16
56.730766,-5.540805,"GRANITE [28722] / GRANODIORITE [28719]",46.4,88.9,9.34,32.7,5.41,1.51,4.41,0.56,2.94,0.54,1.46,0.21,1.34,0.19
36.4705,117.3522,"GRANODIORITE [23677]",25.5152306354861,50.0082871210316,5.61180170409591,19.2637924617197,3.3702529013579,1.10232568500506,3.03071847768487,0.379807057525404,1.92210457428148,0.372162393520365,1.01730113837379,0.147427417132006,0.927459830612283,0.137520154062598
70,87,"GRANODIORITE [5561]",99.1,192,19,69.1,10,2.41,5.6,0.68,3.52,0.61,1.45,0.2,1.26,0.18
29.6,91.6142,"GRANODIORITE [23291] / NOT GIVEN [26954]",19.6,42.2,5.06,20.5,3.6,0.94,2.47,0.27,1.48,0.25,0.71,0.09,0.59,0.08
29.37,88.59,"GRANODIORITE [23319]",13.7,25.7,2.98,11.4,2.22,0.76,2.49,0.36,2.32,0.48,1.51,0.19,1.58,0.24
29.5233,90.0306,"GRANODIORITE [24033]",28.1,55.6,6.34,23.7,3.92,0.9,2.4,0.28,1.33,0.24,0.64,0.09,0.57,0.09
29.6056,89.9844,"GRANODIORITE [24033]",33.7,68.8,7.8,29.1,4.91,1.05,2.97,0.35,1.69,0.29,0.85,0.11,0.72,0.1
29.5958,89.9903,"GRANODIORITE [24033]",30.7,57.5,6.38,23.8,4.07,0.9,2.43,0.27,1.45,0.23,0.67,0.09,0.58,0.09
2.9621,12.1505,"GRANODIORITE [24160]",33.9,55.9,5.29,1.186,0.187,0.57,1.76,0.2,0.91,0.19,0.49,0.06,0.39,0.003
2.9631,12.1521,"GRANODIORITE [24160]",55.5,94.7,9.07,0.667,0.121,0.73,2.49,0.26,1.26,0.2,0.59,0.05,0.42,0.002
2.9459,12.2005,"GRANODIORITE [24160]",53,88.5,8.39,1.319,0.184,0.57,2.08,0.25,1.45,0.37,1.2,0.18,1.32,0.005
14.72,-91.62,"GRANODIORITE [16047]",9.88,20.8,3.15,14.4,3.84,1.26,4.2,0.71,4.47,0.93,2.59,0.4,2.65,0.4
14.72,-91.62,"GRANODIORITE [16047]",20.6,45.7,6.42,27.8,6.19,1.83,5.91,0.88,5.09,1,2.67,0.38,2.38,0.34
30.13,115.55,"GRANODIORITE [16101]",46.52,80.04,8.6,30.32,4.64,1.37,3.76,0.44,2.14,0.39,1.04,0.14,0.9,0.13
30.13,115.55,"GRANODIORITE [16101]",38.7,67.43,7.12,24.09,3.92,1.17,3.18,0.37,1.8,0.32,0.9,0.13,0.78,0.11
30.13,115.55,"GRANODIORITE [16101]",41.26,72.61,7.97,27.89,4.47,1.21,3.42,0.41,2.04,0.39,1.07,0.16,0.97,0.14
30.13,115.55,"GRANODIORITE [16101]",35.06,67.82,8.16,30.19,4.9,1.42,3.68,0.44,2.06,0.39,1.05,0.15,0.88,0.13
30.13,115.55,"GRANODIORITE [16101]",57.01,103.25,11.22,39.86,6.29,1.62,4.79,0.55,2.63,0.49,1.32,0.19,1.14,0.17
30.13,115.55,"GRANODIORITE [16101]",30.08,58.75,6.74,24.35,4.1,1.31,3.51,0.44,2.2,0.42,1.15,0.17,0.97,0.14
-10,-55,"GRANODIORITE [24936]",33.4,53.2,6.05,20.683,3.182,0.78,2.4,0.33,1.64,0.33,0.82,0.17,0.82,0.18
57.75,-102.5,"GRANODIORITE [14914]",60.3,107.04,11.55,39.75,5.48,1.24,3.34,0.4,1.9,0.33,1,0.15,1.02,0.15
50,41,"GRANODIORITE [28912] / NOT GIVEN [25520]",592,31.6,65.6,7.63,28.8,4.78,1.11,3.44,0.46,2.54,0.495,1.3,0.183,1.17
50,41,"GRANODIORITE [28912] / NOT GIVEN [25520]",814,18.8,45.4,23.15,3.26,5.64,1.215,4.69,0.655,3.74,0.782,2.14,0.318,1.98
50,41,"GRANODIORITE [28912] / NOT GIVEN [25520]",664,23.7,53,6.69,28.3,5.78,1.317,4.68,0.646,3.83,0.782,2.15,0.317,1.98
50,41,"GRANODIORITE [28912] / NOT GIVEN [25520]",481,27.7,55.3,6.15,23,3.93,0.972,2.95,0.388,2.26,0.457,1.27,0.19,1.2
50,41,"GRANODIORITE [28912] / NOT GIVEN [25520]",688,18.4,43.4,5.86,24.6,4.82,1.144,3.93,0.583,3.32,0.65,1.93,0.297,1.9
50,41,"GRANODIORITE [28912] / NOT GIVEN [25520]",560,27.5,61.8,6.87,26.7,4.81,1.24,3.87,0.534,3.06,0.598,1.68,0.244,1.59
50,41,"GRANODIORITE [28912] / NOT GIVEN [25520]",541,27,56,6.52,23.9,4.17,1.218,3.24,0.431,2.45,0.493,1.39,0.205,1.27
50,41,"GRANODIORITE [28912] / NOT GIVEN [25520]",542,26.3,56.5,6.73,25.6,4.37,1.182,3.4,0.46,2.66,0.523,1.42,0.21,1.3
50,41,"GRANODIORITE [28912] / NOT GIVEN [25520]",692,27,60.6,7.67,30.3,6.23,1.254,4.45,0.613,3.5,0.688,1.9,0.28,1.72
50,41,"GRANODIORITE [28912] / NOT GIVEN [25520]",495,19.2,43.5,5.6,22.6,4.39,1.212,3.57,0.474,2.76,0.544,1.54,0.235,1.5
50,41,"GRANODIORITE [28912] / NOT GIVEN [25520]",506,19,44.1,5.52,22.2,4.22,1.14,3.37,0.48,2.77,0.56,1.51,0.23,1.51
50,41,"GRANODIORITE [28912] / NOT GIVEN [25520]",594,24.9,52.2,6.15,24,4.38,1.205,3.57,0.512,2.88,0.601,1.61,0.243,1.53
50,41,"GRANODIORITE [28912] / NOT GIVEN [25520]",624,25.2,53.5,6.42,25.5,4.74,1.214,3.96,0.549,3.19,0.632,1.8,0.279,1.81
50,41,"GRANODIORITE [28912] / NOT GIVEN [25520]",784,26,51.1,5.74,21.3,3.61,0.684,3.65,0.527,2.1,0.447,1.21,0.178,1.17
39.3172,121.9147,"GRANODIORITE [25983]",46.7689850766797,89.9017936081816,10.1514711829555,36.6706705218884,5.71412425855821,1.56267160051291,3.41938308582361,0.420531452596715,2.07894638919193,0.36429236035868,0.968396631524687,0.130822960552305,0.806411819950864,0.122405756819826
40.7225,123.0133,"GRANODIORITE [25983]",41.7132948031441,86.0024328180201,8.4926376102678,30.8070813242806,4.88740900341188,1.22796089121785,3.57642058223959,0.418987475480068,2.25921584150243,0.42018454591042,1.15522316929004,0.152736829696292,1.03938268395682,0.153531458846533
-20.665,118.79393,"GRANODIORITE [27088]",42.6,65.4,8.04,26.5,3.81,0.87,2.77,0.35,1.91,0.38,1.4,0.19,1.26,0.2
-20.66482,118.79423,"GRANODIORITE [27088]",99.7,207,25,97.1,21.8,2.5,16.3,2.26,12.5,2.32,6.51,0.93,5.54,0.68
-20.74643,118.8151,"GRANODIORITE [27088]",69.6,121.5,12.95,44,7.14,1.71,5.13,0.65,3.39,0.61,1.82,0.26,1.57,0.25
-21.13096,119.89177,"GRANODIORITE [27088]",35.4,59.1,6.48,22.5,3.9,1.05,2.94,0.42,2.19,0.44,1.18,0.16,0.98,0.14
-21.19966,120.15594,"GRANODIORITE [27088]",49.9,88.7,9.19,30.6,4.22,1.01,2.48,0.25,1.33,0.24,0.58,0.08,0.52,0.07
-20.82585,120.5258,"GRANODIORITE [27088]",21.6,37.8,3.98,14.6,2.67,0.91,2.53,0.37,2.08,0.39,1.32,0.2,1.15,0.2
-20.82576,120.5257,"GRANODIORITE [27088]",77.5,145.5,15.3,52.2,8.92,1.28,7.8,1.21,6.85,1.28,3.8,0.48,2.9,0.43
-20.91388,120.55534,"GRANODIORITE [27088] / DIORITE [27086]",53.5,104.5,11.8,43,7.64,1.49,6.79,1.01,5.73,1.16,3.42,0.5,3.2,0.48
-21.19357,120.10202,"GRANODIORITE [27088]",116,203,17.7,52.3,6.04,0.93,3.5,0.41,1.98,0.35,1.18,0.15,1.08,0.17
-21.44549,120.03649,"GRANODIORITE [27088]",48.6,90.8,9.78,34.2,5.89,1.05,4.55,0.74,4.51,0.91,2.64,0.41,2.63,0.41
-20.74614,117.69573,"GRANODIORITE [27088]",42.2,72.8,7.65,27.5,4.76,1.05,3.64,0.53,3.17,0.61,1.66,0.25,1.5,0.23
-20.82914,116.85296,"GRANODIORITE [27088]",21.8,43.2,5.09,18.7,3.24,0.95,2.41,0.3,1.72,0.32,0.88,0.14,0.88,0.14
-21.14404,116.87093,"GRANODIORITE [27088]",16,29.9,3.28,11.6,1.91,0.56,1.29,0.15,0.66,0.12,0.33,0.04,0.25,0.05
33.6392,111.7106,"GRANODIORITE [27303]",17.8107835669173,34.5063826832001,3.61560120724476,12.8555143048149,2.40059745424281,0.573647257328863,2.08790615528033,0.284080910249735,1.81270685518298,0.357385286578351,1.17514939661024,0.188852693295868,1.40138011692339,0.210567834720751
33.5419,111.6747,"GRANODIORITE [27303]",45.0721053792511,70.6191908626612,6.47070315741894,20.774653073971,3.41363865866573,0.856693060437107,2.58022579862293,0.382755668073762,2.36489581235365,0.483593084329086,1.51458882916401,0.238937803600756,1.82451325463974,0.29503401870104
33.3119,112.1817,"GRANODIORITE [27303]",17.6555219173845,30.4959548964974,3.30206050513036,10.8755337168194,1.75468723667548,0.630335136818529,1.44652027969863,0.184699006924122,1.02345463972267,0.196408225400158,0.580872429805607,0.0857863045736879,0.520088866454573,0.0715511267138125
69.3755555,-50.7382131,"GRANODIORITE [13654]",39.2978586526974,72.5766381766382,8.14271393901023,26.2307692307692,4.29292929292929,0.651771879842055,3.25506762288371,0.445143650271855,2.37723248475937,0.422548737155479,1.17521367521368,0.169822914920954,1.00127998678723,0.140733875673635
69.0127,27.659,"GRANODIORITE [28562]",17.6,34.4,3.92,13.1,1.67,0.73,1.62,0.18,0.56,0.1,0.26,0.1,0.2,0.1
41.9,91.2,"GRANODIORITE [17394]",20,45.9,6.79,28.7,6.69,1.71,6.2,1.1,6.34,1.29,3.53,0.61,4.05,0.59
41.9,91.2,"GRANODIORITE [17394]",33.83,56.19,6.11,20.4,3.39,0.87,2.77,0.39,2.12,0.42,1.19,0.2,1.28,0.21
70,87,"GRANODIORITE [2981]",94,187,18.6,66.5,9.4,2.26,5.27,0.63,3.22,0.53,1.32,0.18,1.17,0.15
70,87,"GRANODIORITE [2981]",77.9,155,15.8,57,8.47,2.07,4.41,0.5,2.71,0.48,1.19,0.15,1.05,0.13
46.7663,-121.7318,"GRANODIORITE [18114]",31.3,63,7.81,30.5,5.7,1.28,5.54,0.87,4.52,0.92,2.91,0.35,2.2,0.34
46.7774,-121.7343,"GRANODIORITE [18114]",24.4,48,5.97,22.1,4.3,0.99,4.21,0.64,3.09,0.63,1.66,0.26,1.6,0.26
46.7954,-121.8093,"GRANODIORITE [18114]",19.2,40.4,5.17,20.8,4.5,1.19,4.54,0.65,4.01,0.75,2.26,0.29,2,0.26
46.7633,-121.7195,"GRANODIORITE [18114]",26.7,48.3,5.71,21.8,4.1,1,3.92,0.52,3.17,0.58,1.83,0.24,1.7,0.21
46.6469,-121.1461,"GRANODIORITE [18114]",8.1,17.7,2.5,10.7,2.62,0.91,2.64,0.44,2.83,0.6,1.68,0.26,1.77,0.29
53.8421,-94.7387,"GRANODIORITE [18456]",16.89103,28.291101,2.951687,10.92789,1.9189929,0.559197,1.578761,0.23481,1.111376,0.2159487,0.553149,0.0765099,0.503315,0.077525
41.2358,87.9236,"GRANODIORITE [18139]",30.62,50.63,5.67,21.73,3.43,1.33,2.81,0.32,1.42,0.22,0.48,0.07,0.47,0.06
41.2358,87.9236,"GRANODIORITE [18139]",28.05,42.98,4.54,17.02,2.34,0.88,1.72,0.21,0.99,0.19,0.46,0.08,0.55,0.07
41.2358,87.9236,"GRANODIORITE [18139]",30.86,54.14,6.01,23.65,3.82,1.57,3.06,0.33,1.58,0.23,0.54,0.09,0.53,0.08
41.2358,87.9236,"GRANODIORITE [18139]",36.16,61.8,7.05,27.97,4.58,1.58,3.8,0.41,1.7,0.23,0.55,0.08,0.48,0.06
41.2358,87.9236,"GRANODIORITE [18139]",40.11,70.27,7.86,30.88,5.02,1.49,3.76,0.44,1.71,0.27,0.53,0.08,0.49,0.07
41.2358,87.9236,"GRANODIORITE [18139]",44.19,78.25,8.66,34.07,5.57,1.92,4.01,0.46,1.8,0.25,0.55,0.08,0.52,0.07
41.2358,87.9236,"GRANODIORITE [18139]",42.04,70.85,7.08,25.99,3.4,1.12,2.61,0.26,1.11,0.15,0.39,0.06,0.3,0.04
41.2358,87.9236,"GRANODIORITE [18139]",17.49,30.51,3.29,12.62,2.14,0.71,1.88,0.24,1.24,0.21,0.58,0.08,0.48,0.08
41.2358,87.9236,"GRANODIORITE [18139]",22.18,41,4.71,19.05,3.28,1.12,2.5,0.27,1.45,0.26,0.64,0.09,0.58,0.09
31.5668,91.4302,"GRANODIORITE [17279]",42.2,81.9,9.26,33,6.65,1.15,5.65,0.87,4.87,0.96,2.65,0.39,2.42,0.36
31.5668,91.4302,"GRANODIORITE [17279]",43.3,83.1,9.38,33.8,6.81,1.22,5.67,0.86,5,0.97,2.65,0.39,2.59,0.35
31.5668,91.4302,"GRANODIORITE [17279]",40.7,77.4,8.75,31,6.01,0.94,5,0.75,4.14,0.82,2.22,0.33,2.14,0.31
31.5668,91.4302,"GRANODIORITE [17279]",44.1,85.3,9.42,34.1,6.55,1.12,5.49,0.84,4.62,0.9,2.53,0.38,2.44,0.35
31.5668,91.4302,"GRANODIORITE [17279]",43.2,80.8,9.27,33.8,6.31,1.08,5.2,0.78,4.25,0.85,2.37,0.35,2.26,0.32
31.5668,91.4302,"GRANODIORITE [17279]",41.2,78.4,8.73,38.8,5.86,1.01,5.02,0.75,4.15,0.78,2.12,0.33,1.94,0.27
22.3208,86.2471,"GRANODIORITE, BIOTITE [19037]",36,58,5.8,21.1,3.5,0.77,2.8,0.34,1.5,0.3,0.8,0.09,0.6,0.09
22.2339,86.1642,"GRANODIORITE, BIOTITE [19037]",33,57,5.2,19.9,3.4,0.81,2.6,0.33,1.5,0.27,0.7,0.07,0.4,0.06
21.7187,85.7173,"GRANODIORITE, BIOTITE [19037]",68,118,10.8,39,5.7,0.95,4.5,0.54,2.4,0.45,1.1,0.12,0.7,0.11
36.3194,136.8981,"GRANITE [7462] / MONZODIORITE, HORNBLENDE-BIOTITE-QUARTZ [4477] / GRANODIORITE, BIOTITE-HORNBLENDE [4238]",32,63,8.1,32,6.5,1.22,5.5,0.9,4.9,1,2.2,0.6,2,0.3
50.2,125.7,"GRANODIORITE [18994]",14.9,29.3,3.79,14,2.64,1.05,2.38,0.5,2.37,0.46,1.37,0.22,1.66,0.24
50.2,125.7,"GRANODIORITE [18994]",15.1,29.9,3.96,15,2.94,0.92,2.44,0.48,2.29,0.45,1.37,0.22,1.61,0.23
50.2,125.7,"GRANODIORITE [18994]",15.1,29.2,3.79,16.1,3.09,1,2.86,0.5,2.74,0.5,1.49,0.29,1.86,0.27
50.2,125.7,"GRANODIORITE [18994]",15.5,29.2,3.97,13.5,2.57,1.23,2.69,0.45,2.8,0.5,1.35,0.24,1.63,0.27
50.2,125.7,"GRANODIORITE [18994]",14.2,26.7,3.65,16,2.82,1.07,2.75,0.44,2.48,0.47,1.4,0.22,1.49,0.19
50.2,125.7,"GRANODIORITE [18994]",14.7,28.1,3.75,15.1,2.99,1.13,2.43,0.41,2.29,0.43,1.29,0.18,1.42,0.24
50.2,125.7,"GRANODIORITE [18994]",15.1,30.1,3.92,15.5,3.22,1.15,2.69,0.46,2.76,0.52,1.42,0.24,1.6,0.26
50.2,125.7,"GRANODIORITE [18994]",13.6,27.1,3.03,12.4,2.32,1.07,1.97,0.34,2.18,0.41,1.01,0.17,1.37,0.16
50.2,125.7,"GRANODIORITE [18994]",14.1,27.7,3.7,15.7,2.67,1.11,2.4,0.42,2.16,0.42,1.22,0.17,1.29,0.22
50.2,125.7,"GRANODIORITE [18994]",12.6,24.3,3.22,13.3,2.52,1.15,2.43,0.36,2.15,0.49,1.16,0.21,1.42,0.19
50.2,125.7,"GRANODIORITE [18994]",16,30.6,4.06,16.2,3.15,1.12,3,0.41,2.45,0.51,1.44,0.26,1.66,0.25
50.2,125.7,"GRANODIORITE [18994]",15.6,30.7,3.9,14,2.66,0.8,2.68,0.38,2.32,0.5,1.4,0.27,1.58,0.22
46.5,11.15,"GRANODIORITE [14181]",56.71,113.67,12.92,47.57,8.28,1.29,6.38,0.97,5.59,1.07,2.93,0.42,2.91,0.44
22.13,103.03,"GRANODIORITE [11428]",32.47,55.21,5.8,20.4,3.34,0.71,3.25,0.53,2.98,0.65,1.81,0.37,2.06,0.36
22.13,103.03,"GRANODIORITE [11428]",19.98,40.61,4.76,19.06,3.88,0.9,3.92,0.68,3.76,0.88,2.44,0.37,2.67,0.45
22.53,105.45,"GRANODIORITE [11428]",19.92,41.87,5.04,19.59,3.9,0.99,3.98,0.65,3.93,0.79,2.32,0.37,2.5,0.42
17.3656,-100.8157,"GRANODIORITE [18776]",20.1,36.4,4.21,17.1,2.67,0.67,2.24,0.36,1.97,0.4,1.16,0.17,1.15,0.19
17.2767,-100.6211,"GRANODIORITE [18776]",39.1,72.8,7.43,23.9,2.72,0.75,1.53,0.18,0.77,0.14,0.36,0.05,0.32,0.06
31.8536,80.19,"GRANODIORITE [19373]",13.7,23.9,2.27,8.2,1.39,0.912,1.31,0.18,1.08,0.22,0.71,0.116,0.85,0.148
29.25,91.4,"GRANODIORITE [19443]",26.1,48.9,5.11,18.1,3.17,0.84,2.78,0.41,2.29,0.52,1.39,0.22,1.47,0.23
29.25,91.4,"GRANODIORITE [19443]",10.1,22.1,2.75,11.1,2.34,0.76,2.24,0.36,2.05,0.43,1.2,0.19,1.29,0.2
29.25,91.4,"GRANODIORITE [19443]",15.1,30.1,3.51,13,2.59,0.77,2.43,0.39,2.27,0.46,1.25,0.22,1.39,0.21
29.25,91.4,"GRANODIORITE [19443]",18.7,37,4.18,15.7,2.91,0.82,2.58,0.39,2.39,0.46,1.42,0.23,1.52,0.23
29.25,91.4,"GRANODIORITE [19443]",26,46.7,4.87,16.3,2.73,0.78,2.52,0.35,2.07,0.42,1.2,0.19,1.3,0.21
-11,27,"GRANODIORITE [9499]",23.2,67.9,8.09,33.6,7.95,1.14,6.86,1.39,7,1.17,3.27,0.63,4.01,0.76
26,-3,"GRANODIORITE [8695]",22.27,44.92,5.81,21.61,4.01,0.88,2.75,0.351,2.024,0.356,0.982,0.143,1.011,0.168
2.5,119,"GRANODIORITE [4650]",48.3,100.4,11.6,42,8.21,1.04,6.76,1.06,5.9,1.19,3.34,0.49,2.96,0.44
2.5,119,"GRANODIORITE [4650]",42.1,87.6,10.17,37.2,7.4,1.02,6.32,1,5.78,1.17,3.31,0.49,2.96,0.44
2.5,119,"GRANODIORITE [4650]",67.5,124.8,14.3,50.3,9.34,1.53,7.58,1.16,6.36,1.28,3.52,0.5,3.07,0.45
30.6028,82.4425,"GRANODIORITE [19878]",33.89,63.28,7.99,4.88,5.36,1.23,4.06,0.49,2.53,0.46,1.24,0.17,1.12,0.17
30.8317,85.0842,"GRANODIORITE [19878]",33.5,58.72,7.74,29.65,5.21,1.2,3.69,0.42,2.17,0.36,0.99,0.13,0.83,0.13
45.04523,22.24733,"GRANODIORITE [19893]",20.68,40.96,4.8,19.37,4.35,1.1,3.06,0.5,3.24,0.61,2.14,0.27,1.82,0.31
45.14223,22.26425,"GRANODIORITE [19893]",22.07,46.44,5.2,20.73,4.33,1.05,2.7,0.56,3.1,0.59,1.77,0.22,1.28,0.38
44.98033,22.0993,"GRANODIORITE [19893]",17.89,33.68,3.73,14.53,3.03,0.91,1.75,0.32,2.59,0.56,1.31,0.21,1.48,0.28
44.70908,21.91625,"GRANODIORITE [19893]",18.6,34.98,3.83,14.16,3.51,0.8,1.4,0.26,2.25,0.32,1.21,0.13,1.1,0.26
44.71462,21.91753,"GRANODIORITE [19893]",16.31,32.14,3.32,14.11,2.7,0.77,1.98,0.34,1.94,0.46,1.52,0.15,0.87,0.21
45.39073,21.77433,"GRANODIORITE [19893]",29.46,54.55,5.94,21.76,4.73,1.01,3.34,0.46,3.03,0.55,1.57,0.26,1.46,0.17
45.38485,21.75597,"GRANODIORITE [19893]",28.21,56.17,6.15,22.84,4.22,0.9,3.47,0.46,2.56,0.59,1.63,0.25,1.45,0.18
45.42353,21.88387,"GRANODIORITE [19893]",25.94,43.74,4.18,15.21,2.02,1.08,1.9,0.25,2.17,0.28,1.49,0.12,1.93,0.12
45.28318,21.74907,"GRANODIORITE [19893]",30.37,59.13,6.22,24.19,3.48,1.14,3.73,0.46,2.76,0.57,1.83,0.22,2.13,0.27
45.25503,21.58283,"GRANODIORITE [19893]",34.39,68.53,7.56,28.71,5.63,1.28,4.27,0.51,3.79,0.64,2.12,0.28,2.27,0.31
45.06473,21.72152,"GRANODIORITE [19893]",25.54,48.27,4.93,18.48,3.5,0.79,3.14,0.41,2.52,0.46,1.34,0.17,1.42,0.21
45.05822,21.72255,"GRANODIORITE [19893]",28.42,57.32,6.54,25.84,4.7,1.33,4.58,0.6,3.63,0.85,1.98,0.23,1.95,0.25
44.86438,21.73062,"GRANODIORITE [19893]",21.52,41.47,4.29,15.6,2.58,0.81,2.39,0.32,1.87,0.41,0.59,0.16,1.38,0.19
44.72872,21.70613,"GRANODIORITE [19893]",21.24,42.06,4.46,16.89,3.23,0.88,3.02,0.48,2.54,0.47,1.18,0.17,1.41,0.27
45.60933,22.33803,"GRANODIORITE [19893]",38.63,67.91,6.79,24.94,3.74,1.14,3.96,0.52,2.54,0.39,1.48,0.09,0.91,0.22
45.6125,22.35858,"GRANODIORITE [19893]",28.46,52.56,5.72,22.55,4.09,1.02,3.73,0.48,2.8,0.31,1.88,0.12,1.21,0.23
45.52905,22.3243,"GRANODIORITE [19893]",26.39,48.05,4.75,18.31,2.38,0.91,3.32,0.52,2.18,0.42,1.44,0.1,0.75,0.2
45.58887,22.14705,"GRANODIORITE [19893]",30.97,57.87,5.95,23.36,3.66,0.94,2.86,0.55,2.45,0.36,1.5,0.06,0.87,0.18
45.74475,22.18503,"GRANODIORITE [19893]",25.03,49.18,5.18,19.46,3.27,0.88,2.8,0.3,2.14,0.45,1.25,0.14,1.31,0.22
45.92713,22.74107,"GRANODIORITE [19893]",39.6,77.55,8.41,32.56,5.66,1.36,4.78,0.57,2.84,0.55,1.58,0.24,1.59,0.29
46.58778,22.56492,"GRANODIORITE [19893]",26.8,53.49,5.58,20.93,4.49,0.92,3.62,0.55,4.22,0.78,2.51,0.42,2.5,0.44
46.74418,23.37145,"GRANODIORITE [19893]",24.98,45.01,4.89,18.82,3.73,0.98,3.25,0.51,3.16,0.63,1.7,0.28,1.91,0.33
46.6471,23.19155,"GRANODIORITE [19893]",30.37,53.96,5.75,20.33,3.47,0.6,3.86,0.52,3.17,0.69,1.64,0.36,2.24,0.34
46.57568,23.45433,"GRANODIORITE [19893]",27.49,50.12,5.33,21.71,4.87,1.05,2.85,0.55,3.23,0.56,1.94,0.1,2.57,0.4
46.88542,22.87755,"GRANODIORITE [19893]",27.86,55.02,5.92,22.69,4.91,1.11,4.53,0.66,4.13,0.75,2.6,0.39,2.22,0.4
46.8128,22.8936,"GRANODIORITE [19893]",31.39,55.79,6.48,23.96,5.06,0.75,4.93,0.74,5.32,0.94,2.76,0.34,3.31,0.46
46.91063,22.8643,"GRANODIORITE [19893]",27.75,53.54,5.75,20.45,4.29,0.88,3.93,0.61,3.94,0.85,2.29,0.33,2.39,0.4
46.14723,22.6997,"GRANODIORITE [19893]",13.88,26.42,2.9,13.06,2.92,0.73,2.61,0.33,2.42,0.47,1.71,0,1.98,0.27
46.22072,23.4644,"GRANODIORITE [19893]",23.6,45.4,4.97,19.41,3.34,0.89,3.22,0.47,2.96,0.41,1.54,0.28,0.92,0.24
32.4158,60.5686,"GRANODIORITE, BIOTITE [19924]",28.8,47.5,4.38,16.2,2.39,0.64,2,0.2,1.39,0.23,0.9,0.12,0.73,0.11
