"LATITUDE.MIN","LONGITUDE.MIN","ROCK.NAME","LA.PPM.","CE.PPM.","PR.PPM.","ND.PPM.","SM.PPM.","EU.PPM.","GD.PPM.","TB.PPM.","DY.PPM.","HO.PPM.","ER.PPM.","TM.PPM.","YB.PPM.","LU.PPM."
39.0523,121.9282,"DOLERITE [19978]",11.4,28.2,3.95,18.4,5.08,1.79,5.24,0.88,5.58,1.1,2.96,0.44,2.68,0.39
39.0592,121.5892,"DOLERITE [19978]",14,34.9,4.83,22.3,5.8,1.97,6.49,1.08,6.54,1.28,3.56,0.51,3.11,0.47
39.0538,121.586,"DOLERITE [19978]",16.3,38.2,5.25,24.2,6.47,2.33,7.01,1.16,6.87,1.4,3.85,0.56,3.33,0.5
39.0402,121.5337,"DOLERITE [19978]",32.5,68.3,9.25,40.6,9.84,3.22,10.2,1.57,9.47,1.82,4.97,0.7,4.37,0.63
39.046,121.5282,"DOLERITE [19978]",22.1,48.9,6.9,30.9,7.69,2.73,8.42,1.38,8.42,1.65,4.61,0.65,3.96,0.58
39.0292,121.5185,"DOLERITE [19978]",41.9,88.2,12.3,53.6,12.5,3.78,13.1,2.1,12.6,2.47,6.57,0.93,5.81,0.85
39.032,121.5777,"DOLERITE [19978]",24.8,57.2,7.78,35.4,9.27,3.05,10,1.59,9.94,1.95,5.3,0.78,4.66,0.69
39.0118,121.5117,"DOLERITE [19978]",24.3,55.1,7.15,30.9,7.12,2.08,6.97,1.11,6.64,1.27,3.33,0.47,2.85,0.41
39.0432,121.8878,"DOLERITE [19978]",20.2,44.3,5.69,24.6,5.85,2.13,5.9,0.97,5.73,1.1,3.01,0.43,2.66,0.39
39.0313,121.8917,"DOLERITE [19978]",7.04,16.5,2.45,11.3,3.1,1.33,3.6,0.59,3.66,0.76,2.05,0.31,1.86,0.27
39.033,121.8895,"DOLERITE [19978]",9.42,23.4,3.24,14.7,3.96,1.64,4.39,0.74,4.53,0.93,2.65,0.35,2.23,0.32
38.9952,121.828,"DOLERITE [19978]",25.4,56.2,7.41,32.8,7.93,2.83,8.29,1.36,8.11,1.64,4.45,0.64,3.95,0.59
38.9042,121.6745,"DOLERITE [19978]",14.9,32.6,4.85,22,5.7,1.99,6.27,1.02,6.22,1.24,3.39,0.47,2.84,0.43
38.9032,121.6818,"DOLERITE [19978]",12.3,29.5,4.19,19.3,5.02,1.76,5.65,0.9,5.4,1.07,3.03,0.42,2.62,0.37
38.9617,121.4817,"DOLERITE [19978]",19.7,43.3,5.75,25.5,6.26,2.25,6.61,1.1,6.5,1.29,3.57,0.51,3.05,0.46
39.435,121.7958,"DOLERITE [19978]",22.5,64.7,7.19,32.8,8.53,2.43,9.63,1.59,9.65,1.97,5.4,0.77,4.69,0.71
39.437,121.8008,"DOLERITE [19978]",14.9,37,4.98,22.7,5.94,2.19,6.26,1.04,6.46,1.27,3.44,0.48,3.08,0.44
39.45,121.7833,"DOLERITE [19978]",29.7,66.4,9.16,41.1,10.4,3.41,11.1,1.75,10.7,2.14,5.91,0.84,5.38,0.8
35.52972,135.80583,"DOLERITE [19928]",28.8,62.3,8.2,36.8,8.1,2.8,8.2,1.2,6,1.1,3.2,0.4,2.8,0.3
35.52972,135.80611,"DOLERITE [19928]",33,68.4,8.6,39.2,8.9,2.9,7.5,1.3,6.8,1.1,3.4,0.4,2.6,0.4
35.69417,136.65722,"DOLERITE [19928]",9.8,24.8,3.5,18.7,5.3,2,6.2,1.1,7,1.4,3.9,0.5,3.4,0.5
35.69417,136.65778,"DOLERITE [19928]",8.7,19.9,2.9,15.4,4.6,1.7,5.5,1.1,5.7,1.1,3.3,0.4,2.7,0.3
33.51981,133.76097,"DOLERITE [19928]",12.4,28.9,3.9,19.4,4.9,1.8,5.9,0.9,5.8,1.1,3.4,0.5,2.9,0.4
33.51978,133.76092,"DOLERITE [19928]",15.2,35.2,4.5,22,5.5,2,6.7,1.1,5.7,1.2,3.5,0.4,3,0.5
55,-4,"DOLERITE, OLIVINE [20039]",18.46,38.86,5.07,21.33,4.52,1.51,4.58,0.72,3.72,0.69,1.91,0.28,1.73,0.26
55,-4,"DOLERITE, OLIVINE [20039]",19.2,39.82,5.27,21.58,4.65,1.49,4.64,0.7,3.68,0.72,2.01,0.28,1.72,0.27
37.5835,89.7873,"DOLERITE [20048]",35.16,70.8,8.04,30.14,5.71,1.63,5.17,0.7,4.05,0.79,2.19,0.29,1.91,0.27
37.5835,89.7873,"DOLERITE [20048]",37.96,79.12,8.6,32.44,6.11,1.84,5.47,0.73,4.22,0.81,2.27,0.3,1.96,0.28
37.5835,89.7873,"DOLERITE [20048]",40.86,84.64,9.4,35.68,6.72,1.97,6.06,0.81,4.62,0.88,2.47,0.32,2.11,0.3
37.5835,89.7873,"DOLERITE [20048]",49.66,97.6,10.2,37.32,6.73,1.97,5.96,0.78,4.45,0.85,2.36,0.31,2.05,0.29
37.5835,89.7873,"DOLERITE [20048]",49.92,99.34,10.38,38.18,6.94,2.03,6.1,0.8,4.58,0.87,2.41,0.32,2.11,0.3
37.5835,89.7873,"DOLERITE [20048]",46.46,96.8,10.57,39.68,7.31,2.14,6.44,0.85,4.76,0.9,2.51,0.33,2.16,0.31
37.5835,89.7873,"DOLERITE [20048]",45.3,94.88,10.34,38.94,7.2,2.15,6.35,0.83,4.67,0.89,2.46,0.33,2.11,0.3
37.0186,90.9466,"DOLERITE [20048]",40.44,82.14,8.71,31.3,5.58,1.37,4.77,0.64,3.62,0.7,1.97,0.27,1.76,0.25
20.9896,82.774,"DOLERITE [20199]",5.1,11.3,1.34,6.9,1.7,0.6,2,0.4,2.1,0.4,1.2,0.19,1.3,0.22
40.8108,75.2869,"DOLERITE [20222]",17.6,40.5,5.3,27.6,7.2,2.9,8.2,1.3,7.5,1.5,4.4,0.6,4.2,0.5
40.8108,75.2869,"DOLERITE [20222]",18.2,41.5,5.6,26.8,7.1,2.3,8.8,1.3,8.2,1.5,4.2,0.6,3.1,0.5
40.8108,75.2869,"DOLERITE [20222]",9.7,21.8,3.1,15.1,4,1.3,4.3,0.7,4.5,0.9,2.3,0.3,2,0.3
40.8108,75.2869,"DOLERITE [20222]",10,22.4,3.1,14.2,4.2,1.5,4.5,0.7,4.6,0.8,2.6,0.3,2.5,0.3
41.1506,76.4506,"DOLERITE [20222]",39.9,90.4,11.4,53.2,11.6,3.8,11.8,1.8,9.9,1.8,4.7,0.6,4.2,0.5
37.408,120.1443,"DOLERITE [20271]",29.1,75.7,6.87,29.6,6.18,2.1,5.28,0.84,5.36,0.91,2.56,0.37,1.81,0.29
37.398,120.1338,"DOLERITE [20271]",27.6,74.7,6.95,29.31,5.78,2.1,5.82,0.88,5.35,0.9,2.42,0.34,1.81,0.28
37.3981,120.1339,"DOLERITE [20271]",32.2,70.8,8.7,34.93,7.56,2.41,7.04,0.91,5.35,1.06,2.55,0.34,2.04,0.3
37.4076,120.1443,"DOLERITE [20271]",31.6,87.5,8.1,33.91,6.59,2.23,6.44,0.94,5.66,0.94,2.49,0.39,2.01,0.31
37.4003,120.1357,"DOLERITE [20271]",31.9,63.3,8.39,35.46,7.07,2.23,6.55,0.83,5.14,0.96,2.5,0.31,1.93,0.28
37.408,120.1443,"DOLERITE [20271]",36.7,76.6,9.23,38.81,7.68,2.41,7.12,0.94,5.63,1.06,2.57,0.34,2.08,0.31
37.408,120.1443,"DOLERITE [20271]",36.6,80.8,9.5,39.36,7.64,2.38,6.99,0.94,5.5,1.02,2.53,0.34,2.1,0.3
37.408,120.1443,"DOLERITE [20271]",38.4,82.5,9.37,38.13,8.15,2.39,6.97,0.94,5.67,1.13,2.72,0.34,2.14,0.31
37.398,120.1338,"DOLERITE [20271]",33.6,74.1,8.91,38.79,7.66,2.48,7.34,0.95,5.89,1.07,2.62,0.35,2.1,0.3
37.398,120.1338,"DOLERITE [20271]",33.4,67.7,8.23,30.81,6.95,2.06,6.41,0.85,4.46,0.86,2.24,0.31,1.97,0.23
36.76,139,"DOLERITE, OLIVINE [20281]",11.05,24.4,3.15,12.91,3.12,1.08,3.61,0.62,3.99,0.87,2.5,0.39,2.35,0.35
36.76,139,"DOLERITE, OLIVINE [20281]",10.1,21.47,3.11,13.82,3.21,1.07,3.89,0.66,4.07,0.85,2.57,0.4,2.33,0.37
36.76,139.001,"DOLERITE, OLIVINE [20281]",8.63,17.38,2.2,9.57,2.27,0.69,2.56,0.41,2.6,0.54,1.63,0.25,1.45,0.23
38.32,138.461,"DOLERITE, 2-PYROXENE [20281]",37.78,76.06,10.24,40.59,8.34,1.92,8.1,1.28,7.5,1.57,4.59,0.69,4.22,0.65
38.32,138.463,"DOLERITE, 2-PYROXENE [20281]",32.71,66.41,8.84,34.16,6.86,1.84,6.21,0.97,5.69,1.17,3.28,0.51,3.12,0.47
38.33,138.484,"DOLERITE, 2-PYROXENE [20281]",30.41,64.52,9.27,37.74,7.72,1.98,7.98,1.11,6.55,1.33,3.76,0.57,3.61,0.54
38.33,138.484,"DOLERITE, 2-PYROXENE [20281]",36.18,70.41,10.09,40.93,8.42,2.1,8.65,1.21,7.09,1.43,4.04,0.61,3.87,0.58
38.28,138.508,"DOLERITE, CLINOPYROXENE-OLIVINE [20281]",5.5,15.26,2.29,11.07,3.22,1.33,4.01,0.69,4.4,0.94,2.78,0.41,2.52,0.38
38.28,138.508,"DOLERITE, 2-PYROXENE-OLIVINE [20281]",4.63,13.03,2.04,10.14,2.93,1.12,3.29,0.57,3.83,0.81,2.32,0.35,2.17,0.32
38.28,138.508,"DOLERITE, 2-PYROXENE-OLIVINE [20281]",5.43,15,2.3,11.23,3.16,1.21,3.55,0.62,4.15,0.89,2.58,0.39,2.46,0.36
39,140.053,"DOLERITE, OLIVINE-CLINOPYROXENE [20281]",5.79,14.54,2.13,10.39,2.95,1.04,3.34,0.57,3.82,0.81,2.37,0.36,2.24,0.33
69.54482,109.1316,"DOLERITE [20382]",18.5,43.3,6,26,5.98,1.97,6.17,0.99,5.37,1.04,2.93,0.41,2.49,0.37
69.76283,110.84697,"DOLERITE [20382]",17.4,40.2,5.56,23.2,5.8,1.84,5.65,0.97,5.27,1.17,3.16,0.47,3.1,0.41
69.59717,109.91635,"DOLERITE [20382]",15.8,37.7,5.25,23,5.53,1.82,5.72,0.83,4.78,1.03,2.87,0.39,2.47,0.33
70.67778,105.38333,"DOLERITE [20382]",15.7,37.4,5.26,22.6,5.55,1.93,5.99,0.94,5.47,1.13,2.98,0.41,2.77,0.37
70.60694,104.85833,"DOLERITE [20382]",17.9,43,5.98,26,6.4,2.2,6.75,1.13,6.46,1.28,3.5,0.52,3.43,0.44
70.51806,106.125,"DOLERITE [20382]",13.1,31.3,4.3,19.4,4.81,1.67,5.02,0.86,4.78,0.97,2.78,0.4,2.36,0.31
71.36361,106.80556,"DOLERITE [20382]",15.6,36.8,5.28,22.4,5.36,1.73,5.67,0.96,5.27,1.02,2.86,0.41,2.39,0.35
71.34222,106.92444,"DOLERITE [20382]",16.4,39,5.48,23.3,5.81,1.95,5.74,0.92,5.45,1.1,3.1,0.44,2.65,0.41
70.51942,103.85536,"DOLERITE [20382]",16.4,35.5,4.83,21.8,5.31,1.71,5.41,0.9,5.21,1.14,2.89,0.43,2.76,0.42
70.33783,103.53692,"DOLERITE [20382]",21.8,46.7,6.32,28.5,7.03,2.08,7.23,1.12,6.86,1.4,3.85,0.55,3.52,0.53
69.9061,112.59757,"DOLERITE [20382]",42.3,101,13.95,59.6,13.85,4.53,12.45,1.86,9.75,1.86,4.89,0.66,4.12,0.51
69.8966,112.80077,"DOLERITE [20382]",40.8,96.6,13.35,56.3,12.7,4.17,11.35,1.79,9.41,1.81,4.58,0.58,3.74,0.55
69.61638,110.30357,"DOLERITE [20382]",30.2,72.3,10.1,42.6,9.92,3.33,9.14,1.35,7.15,1.39,3.51,0.48,3.02,0.45
71.64039,107.77389,"DOLERITE [20382]",31.5,72.7,9.83,42.3,9.68,3.21,10.05,1.58,8.61,1.7,4.88,0.67,4.12,0.59
71.40917,106.39056,"DOLERITE [20382]",30.9,72.3,9.95,43.2,9.91,3.05,9.92,1.57,9.01,1.8,4.77,0.67,4.48,0.59
71,124,"DOLERITE [20383]",17.95,39.14,5.14,21.81,5.53,1.77,4.68,0.71,3.9,0.77,2.18,0.33,2.05,0.28
71,124,"DOLERITE [20383]",17.36,38.81,4.94,21.96,5.78,1.85,5.08,0.73,4.1,0.81,2.34,0.34,1.95,0.3
71,124,"DOLERITE [20383]",18.92,41.44,5.34,24.08,5.88,1.76,4.98,0.8,4.41,0.92,2.54,0.37,2.09,0.34
71,124,"DOLERITE [20383]",15.96,35.44,4.78,20.85,5.29,1.26,4.69,0.67,4.05,0.81,2.17,0.32,1.98,0.29
71,124,"DOLERITE [20383]",16.56,37.19,5.01,21.41,5.04,1.52,4.6,0.7,4.08,0.83,2.27,0.32,2,0.31
71,124,"DOLERITE [20383]",16.75,37.36,4.69,21.16,5.27,1.5,4.45,0.68,3.87,0.79,2.14,0.32,2.1,0.3
71,124,"DOLERITE [20383]",20.31,44.12,5.68,24.85,6.16,1.79,5.23,0.8,4.51,0.94,2.7,0.38,2.32,0.33
71,124,"DOLERITE [20383]",15.7,35.59,4.6,22.78,5.37,1.57,5.01,0.76,4.15,0.8,2.33,0.32,2.07,0.32
71,124,"DOLERITE [20383]",15,32.8,4.21,20.2,4.77,1.44,4.18,0.69,3.82,0.73,2.12,0.29,1.85,0.3
71,124,"DOLERITE [20383]",18.93,41.96,5.31,22.61,5.15,1.64,5.02,0.8,4.58,0.86,2.38,0.36,2.17,0.34
71,124,"DOLERITE [20383]",18.78,40.97,5.16,22.55,5.49,1.73,5.21,0.83,4.8,0.88,2.42,0.34,2.08,0.35
71,124,"DOLERITE [20383]",17.79,39.03,5,22.84,5.33,1.61,5.02,0.76,4.38,0.84,2.5,0.3,2.1,0.31
71,124,"DOLERITE [20383]",19.64,42.62,5.45,22.89,5.3,1.77,5.16,0.85,4.55,0.9,2.5,0.34,2.12,0.35
71,124,"DOLERITE [20383]",17.99,40.23,5.01,21.54,5.36,1.61,5.06,0.8,4.39,0.81,2.43,0.3,2.04,0.31
71,124,"DOLERITE [20383]",42.4,90.36,11.19,46.69,10.77,3.15,9.79,1.51,7.71,1.48,4.07,0.55,3.38,0.53
71,124,"DOLERITE [20383]",41.97,90.97,11.25,45.82,10.4,3.19,9.55,1.47,7.51,1.47,3.83,0.54,3.46,0.51
71,124,"DOLERITE [20383]",40.05,93.56,11.47,49.77,10.6,3.04,9.58,1.48,7.61,1.61,4.04,0.56,3.5,0.5
71,124,"DOLERITE [20383]",36.5,85.7,10.59,44.95,9.42,2.84,8.23,1.2,6.87,1.47,3.86,0.51,3.31,0.45
71,124,"DOLERITE [20383]",18.28,43.83,5.48,24.6,5.7,1.77,5.36,0.84,5.01,1.07,2.75,0.38,2.4,0.37
71,124,"DOLERITE [20383]",17.59,42.1,5.24,23.29,5.34,1.77,5.02,0.78,4.64,1.03,2.46,0.37,2.13,0.33
71,124,"DOLERITE [20383]",40.16,91.8,11.43,48.81,10.35,3.03,9.11,1.45,7.62,1.65,3.93,0.55,3.43,0.47
71,124,"DOLERITE [20383]",18.03,43.22,5.56,25.03,5.43,1.71,5.27,0.83,5.14,1.07,2.69,0.36,2.34,0.35
71,124,"DOLERITE [20383]",35.42,81.95,10.15,45.23,9.12,2.75,8.52,1.29,6.87,1.4,3.5,0.46,3.14,0.42
71,124,"DOLERITE [20383]",16.55,39.1,5.18,21.96,5.34,1.7,5.18,0.79,4.55,0.98,2.43,0.34,2.18,0.31
80.3,46,"DOLERITE [20385]",8.22,20.93,3.08,14.27,4.14,1.41,4.68,0.83,5.28,1.11,3.14,0.46,2.76,0.46
80.3,46,"DOLERITE [20385]",8.26,20.72,2.96,13.88,4,1.37,4.56,0.81,5.1,1.07,3.12,0.45,2.74,0.46
80.3,46,"DOLERITE [20385]",11.2,28.43,4.04,19.69,5.82,1.9,6.67,1.14,7.22,1.49,4.1,0.6,3.61,0.61
80.3,46,"DOLERITE [20385]",12.79,33.07,4.81,22.98,6.85,2.24,7.78,1.38,8.59,1.77,4.67,0.66,4.18,0.74
80.3,46,"DOLERITE [20385]",10.89,28.61,4.18,19.56,5.63,1.89,6.62,1.14,7.21,1.53,4.22,0.61,3.7,0.64
80.3,46,"DOLERITE [20385]",12.69,32.32,4.71,23.17,6.45,2.14,7.26,1.27,8.09,1.67,4.48,0.64,4.04,0.72
80.3,46,"DOLERITE [20385]",10,26.12,3.8,17.8,5.43,1.87,6.09,1.06,6.46,1.34,3.62,0.53,3.19,0.54
80.3,46,"DOLERITE [20385]",10.28,25.95,3.83,17.92,5.4,1.78,6.07,1.08,6.82,1.41,3.84,0.57,3.51,0.61
53,90,"DOLERITE [20388]",25.7,53.7,6.7,29.1,6.22,1.77,6.6,0.99,5.74,1.31,3.46,0.51,2.95,0.42
53,90,"DOLERITE [20388]",21.7,48.7,6.2,28.2,5.44,1.58,4.8,0.67,4,0.8,2.27,0.31,2.03,0.31
53,90,"DOLERITE [20388]",17.8,41.4,5.2,22.8,5.15,1.47,5.1,0.73,4.13,0.96,2.61,0.37,2.32,0.35
53,90,"DOLERITE [20388]",31.4,65.5,9.1,39.6,7.82,2.11,8.5,1.12,6.35,1.48,3.9,0.58,3.45,0.52
53,90,"DOLERITE [20388]",37.4,83.4,9.6,40.9,8,2.3,7.6,1.03,6.15,1.23,3.49,0.49,3.17,0.5
53,90,"DOLERITE [20388]",29.1,67.6,7.5,32.5,6.51,2.27,6.3,0.83,5.02,0.96,2.74,0.41,2.69,0.42
53,90,"DOLERITE [20388]",25.9,59.4,7.4,32.3,6.6,2.02,6.2,0.88,5.22,1.04,3.15,0.39,2.5,0.39
50,81,"DOLERITE [20389]",12,27,3.7,15,3,1,2.9,0.4,2.2,0.5,1.2,0.2,1.2,0.2
50,81,"DOLERITE [20389]",18,39,5.5,22,4.7,1.6,3.9,0.6,3.2,0.7,1.7,0.3,1.6,0.3
50,81,"DOLERITE [20389]",15,31,4.5,18.27,3.6,1.3,3.3,0.4,2.7,0.5,1.4,0.2,1.3,0.2
34.4658,84.9772,"DOLERITE [20474]",32.7,71.3,10.6,47.3,9.93,2.69,9.25,1.48,7.69,1.39,3.84,0.46,2.79,0.4
34.4658,84.9772,"DOLERITE [20474]",32.2,70,10.5,47.6,9.96,2.73,9.64,1.48,7.69,1.37,3.7,0.44,2.8,0.4
34.4658,84.9772,"DOLERITE [20474]",31.6,69.7,10.5,47.7,10.1,2.75,9.68,1.5,7.57,1.39,3.79,0.46,2.83,0.4
34.4658,84.9772,"DOLERITE [20474]",32.6,70.1,10.6,48.7,10.1,2.78,9.69,1.45,7.76,1.41,3.84,0.45,2.87,0.4
34.4658,84.9772,"DOLERITE [20474]",31.9,69.8,10.3,47.3,9.86,2.77,9.74,1.46,7.63,1.37,3.83,0.45,2.81,0.39
34.4658,84.9772,"DOLERITE [20474]",32.9,72.5,10.8,48.3,10.3,2.8,9.67,1.49,7.77,1.38,3.84,0.47,2.88,0.4
34.4658,84.9772,"DOLERITE [20474]",30,65.9,9.75,44.4,9.26,2.62,8.75,1.42,7.35,1.29,3.65,0.42,2.65,0.39
34.4658,84.9772,"DOLERITE [20474]",33.3,72,10.8,48.9,10.1,2.79,9.77,1.5,8.07,1.4,3.94,0.46,2.9,0.41
34.4658,84.9772,"DOLERITE [20474]",32.2,68.9,10.3,47.3,9.84,2.68,9.35,1.46,7.61,1.36,3.82,0.44,2.76,0.39
34.0653,84.9342,"DOLERITE [20474]",31.3,68.3,10.2,46.5,10.2,2.7,10.4,1.64,9.08,1.67,4.68,0.59,3.72,0.54
34.0653,84.9342,"DOLERITE [20474]",29.4,64.9,9.33,41.1,9.1,2.71,9.65,1.52,8.49,1.58,4.42,0.56,3.54,0.51
34.0653,84.9342,"DOLERITE [20474]",29.7,65.7,9.59,43.4,9.36,2.61,9.79,1.52,8.51,1.61,4.62,0.56,3.56,0.54
34.0653,84.9342,"DOLERITE [20474]",27.2,58.8,8.63,39.6,8.54,2.54,9.03,1.4,7.52,1.41,4.14,0.52,3.28,0.48
34.0653,84.9342,"DOLERITE [20474]",32.8,67.8,9.79,44.6,9.73,2.67,10.4,1.65,9.09,1.67,4.72,0.57,3.65,0.53
34.0653,84.9342,"DOLERITE [20474]",27.5,59.8,8.73,39.9,8.6,2.47,9.11,1.44,7.82,1.5,4.15,0.52,3.31,0.49
42.4,0.1,"DOLERITE [18666]",7.8,17.2,2.3,10.2,2.9,1.03,3.2,0.5,3.3,0.67,1.9,0.3,1.7,0.25
42.4,0.1,"DOLERITE [18666]",8.1,18.2,2.4,11.1,3.2,1.09,3.3,0.6,3.6,0.74,2.1,0.3,1.9,0.29
42.4,0.1,"DOLERITE [18666]",8.4,18.8,2.5,11.4,3.2,1.15,3,0.6,3.6,0.72,2,0.3,1.9,0.28
42.4,0.1,"DOLERITE [18666]",7.1,16.3,2.2,10,2.8,1,3,0.5,3.2,0.63,1.8,0.2,1.6,0.24
42.4,0.1,"DOLERITE [18666]",8.1,18.1,2.5,11.1,3.2,1.11,3.5,0.6,3.6,0.74,2.1,0.3,1.9,0.29
42.4,0.1,"DOLERITE [18666]",8,17.9,2.4,10.8,3.2,1.12,3.4,0.6,3.6,0.71,2,0.3,1.9,0.28
42.4,0.1,"DOLERITE [18666]",7.8,17.6,2.4,10.7,3,1.05,3.2,0.5,3.4,0.68,1.9,0.3,1.8,0.27
42.4,0.1,"DOLERITE [18666]",10.5,23.6,3.3,14.4,4.1,1.46,4.7,0.8,4.7,0.94,2.6,0.3,2.1,0.3
54,13,"DOLERITE [10179]",4.9,13,1.8,10,3,1.2,2,0.6,4.4,0.9,2.6,0.37,2.5,0.38
54,13,"DOLERITE [10179]",2.4,5.8,0.91,4.1,1.3,0.57,4.6,0.43,2.8,0.61,2,0.34,2,0.32
38,94,"DOLERITE [20495]",3.8,10.1,1.55,7.5,2.41,0.94,3.17,0.573,3.73,0.799,2.32,0.337,2.19,0.334
38,94,"DOLERITE [20495]",4,10.6,1.64,8,2.54,1.01,3.37,0.61,3.92,0.841,2.44,0.354,2.31,0.35
38,94,"DOLERITE [20495]",3.5,9.8,1.55,7.6,2.41,0.93,3.04,0.526,3.23,0.697,1.91,0.279,1.74,0.27
38,94,"DOLERITE [20495]",14.9,35.3,4.71,19.5,4.88,1.73,5.39,0.898,5.38,1.141,3.12,0.455,2.81,0.42
38,94,"DOLERITE [20495]",4.8,11.8,1.71,7.9,2.35,0.83,2.97,0.522,3.31,0.692,1.98,0.285,1.82,0.269
38,94,"DOLERITE [20495]",3.9,10.4,1.62,7.9,2.54,1.09,3.3,0.585,3.73,0.791,2.26,0.324,2.11,0.318
38,94,"DOLERITE [20495]",5.2,13.5,1.97,9.1,2.77,1.06,3.46,0.613,3.84,0.834,2.31,0.338,2.12,0.316
38,94,"DOLERITE [20495]",8.6,21.9,3.12,14,4.02,1.43,4.7,0.802,4.88,1.033,2.82,0.405,2.5,0.371
38,94,"DOLERITE [20495]",3.9,10.5,1.62,7.9,2.6,1.03,3.44,0.631,4.02,0.891,2.52,0.373,2.37,0.355
38,94,"DOLERITE [20495]",5.7,13.9,2,9.1,2.65,1.02,3.32,0.582,3.68,0.77,2.21,0.316,2.01,0.299
43.52,118,"DOLERITE [20501]",6.35,17.3,2.62,12.4,3.18,1.19,3.79,0.63,3.81,0.8,2.18,0.33,2.09,0.34
43.52,118,"DOLERITE [20501]",6.82,19,2.87,13.4,3.49,1.21,3.98,0.69,4.17,0.89,2.4,0.36,2.33,0.36
43.52,118,"DOLERITE [20501]",7.27,21,3.24,15.6,4.14,1.44,4.8,0.85,5.08,1.05,2.81,0.42,2.67,0.42
43.52,118,"DOLERITE [20501]",8.72,22.7,3.53,16.7,4.28,1.26,4.74,0.88,5.03,1.07,2.99,0.47,2.99,0.45
43.52,118,"DOLERITE [20501]",6.87,19,2.91,13.9,3.56,1.28,4.08,0.71,4.3,0.91,2.41,0.37,2.33,0.37
43.52,118,"DOLERITE [20501]",6.22,17.3,2.62,12.4,3.16,1.1,3.63,0.63,3.79,0.8,2.11,0.32,2.11,0.32
43.52,118,"DOLERITE [20501]",6.94,18.8,2.91,13.8,3.58,1.28,4.06,0.68,4.18,0.89,2.39,0.36,2.31,0.36
43.52,118,"DOLERITE [20501]",5.95,15.9,2.25,10.5,2.83,1.12,3.47,0.61,3.48,0.74,2.13,0.29,1.96,0.28
43.52,118,"DOLERITE [20501]",7.08,19.3,2.6,12.1,3.12,1.18,3.62,0.64,3.87,0.79,2.33,0.33,2.13,0.31
43.52,118,"DOLERITE [20501]",6.3,16.5,2.45,11.6,3.25,1.21,3.53,0.62,3.87,0.78,2.29,0.34,2.09,0.31
43.52,118,"DOLERITE [20501]",6.56,16.7,2.42,11.4,3.13,1.2,3.54,0.61,3.77,0.73,2.24,0.32,2.14,0.29
36,118.5,"DOLERITE [19237]",20.8,33.5,3.92,14.1,3.21,0.97,2.5,0.36,1.83,0.39,0.99,0.13,0.89,0.13
36,118.5,"DOLERITE [19237]",25.7,45.5,5.5,20.3,4.19,1.19,3.13,0.49,2.45,0.53,1.41,0.19,1.25,0.18
36,118.5,"DOLERITE [19237]",27.4,41.6,5.15,19.9,4.36,1.28,3.47,0.52,2.66,0.56,1.44,0.19,1.26,0.18
36,118.5,"DOLERITE [19237]",27.2,44.5,5.33,20.1,4.62,1.24,3.69,0.49,2.52,0.53,1.42,0.19,1.24,0.18
36,118.5,"DOLERITE [19237]",24.4,42.5,5.05,19.4,4.46,1.21,3.36,0.49,2.48,0.53,1.43,0.18,1.19,0.18
36,118.5,"DOLERITE [19237]",23.8,39.2,4.34,16.2,3.43,0.96,2.57,0.39,2.04,0.42,1.11,0.15,1.03,0.15
36,118.5,"DOLERITE [19237]",27.2,44.6,5.04,18.7,3.83,1.08,2.97,0.44,2.26,0.46,1.25,0.17,1.13,0.17
36,118.5,"DOLERITE [19237]",28.9,46.5,5.82,20.3,4.72,1.22,3.59,0.57,2.89,0.62,1.61,0.22,1.42,0.21
36,118.5,"DOLERITE [19237]",25.2,49.2,5.99,22.4,4.46,1.21,3.27,0.55,2.48,0.52,1.37,0.19,1.26,0.19
36,118.5,"DOLERITE [19237]",26.9,47.3,5.84,20.5,4.58,1.34,3.48,0.53,2.68,0.55,1.47,0.2,1.34,0.21
36,118,"DOLERITE [19237]",23.5,33.1,4.15,16.5,3.41,1.2,2.76,0.41,2.11,0.45,1.18,0.16,1.09,0.16
36,118,"DOLERITE [19237]",21.9,28.6,3.76,15.1,3.49,1.07,2.94,0.44,2.28,0.48,1.28,0.17,1.17,0.17
36,118,"DOLERITE [19237]",22.1,35.4,4.78,19.9,4.5,1.19,3.65,0.53,2.78,0.57,1.44,0.19,1.23,0.17
36,118,"DOLERITE [19237]",23,32.9,4.07,15.6,3.3,1.16,2.71,0.39,2.08,0.45,1.19,0.16,1.07,0.16
36,118,"DOLERITE [19237]",23.7,37.1,4.91,19.5,4.13,1.14,3.24,0.49,2.58,0.55,1.45,0.19,1.33,0.19
36,118.5,"DOLERITE [19237]",21.6,34.8,3.99,15.2,3.2,0.95,2.41,0.35,1.78,0.37,0.98,0.13,0.86,0.12
36,118.5,"DOLERITE [19237]",21.1,32.4,4.08,16.2,3.56,1.04,2.83,0.45,2.02,0.42,1.12,0.15,0.98,0.15
36,118.5,"DOLERITE [19237]",24.4,38.7,4.6,17.3,4.18,1.18,3.34,0.48,2.55,0.54,1.41,0.19,1.21,0.17
36,118.5,"DOLERITE [19237]",23,36.4,4.44,17.3,3.59,1.07,2.69,0.46,1.96,0.42,1.09,0.14,0.94,0.14
36,118.5,"DOLERITE [19237]",25.7,39.7,4.66,17.3,3.6,1.07,2.65,0.39,1.98,0.43,1.08,0.14,0.97,0.14
36,118.5,"DOLERITE [19237]",24.2,48.2,6.02,20.2,4.46,1.3,3.49,0.51,2.57,0.54,1.42,0.19,1.28,0.19
36,118.5,"DOLERITE [19237]",17.4,32.5,4.87,19.3,4.22,1.1,3.42,0.52,2.59,0.52,1.35,0.18,1.26,0.18
36,118.5,"DOLERITE [19237]",26.4,48.3,5.96,22.1,4.77,1.34,4.01,0.59,2.99,0.63,1.62,0.22,1.42,0.21
36,118.5,"DOLERITE [19237]",24.2,45.9,5.78,21.6,4.4,1.26,3.56,0.51,2.61,0.53,1.42,0.19,1.32,0.19
35,111.5,"DOLERITE [18806]",70.4,142,17.7,67.6,12.7,3.16,10.7,1.56,8.57,1.75,5.01,0.69,4.49,0.66
35,111.5,"DOLERITE [18806]",82.7,87.8,19.8,82.76,14.47,3.28,12.1,1.74,9.48,1.96,5.55,0.76,5.03,0.74
35,111.5,"DOLERITE [18806]",78.7,158,18.9,74.1,13.7,3.11,11.4,1.63,9.01,1.78,5.09,0.68,4.34,0.63
35,111.5,"DOLERITE [18806]",48.9,96.7,11.7,45.6,8.48,2.25,7.59,1.15,6.59,1.43,4.11,0.58,3.8,0.56
35,111.5,"DOLERITE [18806]",77.9,149,19.3,79.62,14.36,2.94,11.1,1.67,9.16,1.87,5.31,0.76,4.87,0.7
35,111.5,"DOLERITE [18806]",49.5,98.3,11.9,50.95,9.594,2.31,8.06,1.19,6.79,1.4,4.09,0.51,3.12,0.56
35,111.5,"DOLERITE [18806]",48,97.6,11.6,50.26,9.498,2.29,7.56,1.13,6.78,1.36,3.79,0.57,3.62,0.53
35,111.5,"DOLERITE [18806]",48.6,97.9,12,48.1,8.7,2.02,9.74,1.4,8.79,1.65,4.43,0.68,4.2,0.67
35,111.5,"DOLERITE [18806]",47.7,97.4,12,48.4,8.69,1.88,9.21,1.36,8.76,1.6,4.63,0.68,4.14,0.68
35,111.5,"DOLERITE [18806]",42.3,76.5,9.64,39.2,6.85,1.72,7.93,1.1,6.59,1.21,3.38,0.42,2.8,0.44
35,111.5,"DOLERITE [18806]",26.4,54.9,6.69,28.82,5.733,1.74,5.16,0.84,5.08,1.08,3.2,0.46,3.05,0.45
35,111.5,"DOLERITE [18806]",29.8,62.1,7.43,31.66,6.204,1.67,5.53,0.89,5.23,1.12,3.29,0.46,3.13,0.47
35,111.5,"DOLERITE [18806]",48,96.9,11.1,42.2,7.72,1.89,6.9,1.05,6.03,1.25,3.6,0.51,3.33,0.5
35,111.5,"DOLERITE [18806]",37.2,76.1,8.89,37.75,7.017,1.68,5.82,0.87,5.19,1.07,3.05,0.44,2.86,0.42
35,111.5,"DOLERITE [18806]",29.2,60.1,7.13,28.7,5.8,1.68,5.23,0.82,4.86,1.06,3.12,0.44,2.98,0.46
35,111.5,"DOLERITE [18806]",41.5,83.8,10.1,40.85,7.686,1.95,6.69,1.04,6.28,1.29,3.77,0.53,3.58,0.52
35,111.5,"DOLERITE [18806]",42.8,87,10.8,40.6,7.65,1.83,6.44,1,5.79,1.18,3.49,0.48,3.25,0.49
35,111.5,"DOLERITE [18806]",36,72.4,8.49,33,6.06,1.66,5.2,0.79,4.28,0.89,2.55,0.37,2.34,0.35
35,110,"DOLERITE [18802]",3.49,7.41,0.94,4.12,0.98,0.46,1.37,0.26,1.99,0.47,1.56,0.24,1.71,0.27
35,110,"DOLERITE [18802]",4.37,9.27,1.16,5.09,1.23,0.56,1.7,0.33,2.49,0.6,1.98,0.31,2.13,0.33
35,110,"DOLERITE [18802]",19.1,51.6,5.48,24.1,4.93,1.18,5.33,0.82,5.26,1.11,3.38,0.49,3.21,0.48
35,110,"DOLERITE [18802]",26.6,57.3,7.02,30.2,5.81,1.4,6.07,0.9,5.51,1.15,3.48,0.5,3.32,0.51
35,110,"DOLERITE [18802]",26.2,56.3,6.9,29.9,5.89,1.75,6.15,0.91,5.49,1.14,3.45,0.49,3.29,0.49
35,110,"DOLERITE [18802]",26.9,57.9,7.12,31,6.11,1.9,6.46,0.96,5.85,1.21,3.64,0.52,3.48,0.52
35,110,"DOLERITE [18802]",27.4,59.2,7.28,31.6,6.22,1.92,6.53,0.97,5.9,1.22,3.65,0.52,3.52,0.53
35,110,"DOLERITE [18802]",36.9,79,9.56,40.9,7.71,2.19,7.93,1.14,6.8,1.39,4.11,0.59,3.92,0.59
35,110,"DOLERITE [18802]",37.3,79.2,9.53,40.5,7.67,2.21,7.84,1.13,6.75,1.37,4.1,0.58,3.89,0.59
35,110,"DOLERITE [18802]",40.6,86,10.4,43.6,8.1,2.32,8.25,1.18,6.95,1.41,4.17,0.59,3.92,0.59
35,110,"DOLERITE [18802]",43.4,92.5,11.1,46.5,8.69,2.47,8.83,1.26,7.44,1.5,4.45,0.63,4.2,0.62
35,110,"DOLERITE [18802]",45.4,93.1,11,45.7,8.64,2.4,8.77,1.27,7.56,1.54,4.57,0.67,4.47,0.67
35,110,"DOLERITE [18802]",43.6,89.3,10.5,43.8,8.24,2.26,8.39,1.22,7.3,1.49,4.46,0.64,4.32,0.65
35,110,"DOLERITE [18802]",58.3,117,12.5,47.6,7.92,1.29,7.56,0.97,5.45,1.1,3.4,0.5,3.41,0.53
35,110,"DOLERITE [18802]",58.3,111,12.1,45.5,7.2,1.13,6.66,0.79,4.3,0.9,2.88,0.45,3.23,0.52
6.31,-2.38,"DOLERITE [20546]",51.4,116.5,14.4,59.2,9.23,2.65,6.86,0.86,4.49,0.78,2.04,0.28,2.04,0.29
6.31,-2.38,"DOLERITE [20546]",7.8,17.9,2.22,9.8,2.4,0.74,2.98,0.52,3.27,0.7,2.27,0.36,2.23,0.37
6.31,-2.38,"DOLERITE [20546]",13,27.7,3.47,13.9,3.32,1.02,4.4,0.78,5,1.1,3.56,0.53,3.53,0.57
6.31,-2.38,"DOLERITE [20546]",7.6,16.9,2.17,9.6,2.36,0.78,3.16,0.6,3.78,0.85,2.47,0.43,2.72,0.41
6.31,-2.38,"DOLERITE [20546]",9,18.4,2.18,8.8,2.25,0.71,2.7,0.52,3.68,0.83,2.36,0.41,2.39,0.4
6.31,-2.38,"DOLERITE [20546]",9.1,19,2.26,9.5,2.03,0.72,2.82,0.49,3.23,0.68,2.22,0.37,2.26,0.37
6.31,-2.38,"DOLERITE [20546]",16.8,32.6,3.66,13.1,2.35,0.73,2.5,0.41,2.29,0.51,1.53,0.22,1.36,0.25
6.31,-2.38,"DOLERITE [20546]",10.2,21.8,2.75,11.6,2.62,0.74,2.91,0.48,3.1,0.63,1.97,0.35,1.96,0.31
6.31,-2.38,"DOLERITE [20546]",6.2,14.2,1.88,8.7,2.31,0.84,2.88,0.52,3.33,0.72,2.24,0.35,2.17,0.35
6.31,-2.38,"DOLERITE [20546]",5.7,12.9,1.68,7.5,1.83,0.75,2.5,0.41,2.82,0.64,1.87,0.3,1.97,0.3
32.8386,84.4324,"DOLERITE [20557]",32.6,64.6,7.979,31.51,6.87,2.281,6.54,0.959,5.65,1.133,2.89,0.3983,2.38,0.351
32.8386,84.4324,"DOLERITE [20557]",36.2,72.3,8.956,35.28,7.74,2.541,7.24,1.048,6.19,1.205,3.04,0.4163,2.58,0.367
24.5,114.3,"DOLERITE [20134]",28.35,113.42,8.077,33.42,6.19,1.595,5.058,0.185,3.802,0.711,2.043,0.3,1.869,0.297
24.5,114.3,"DOLERITE [20134]",25.17,55.33,7.177,35.98,6.82,1.425,4.541,0.819,3.426,0.664,1.785,0.262,1.669,0.266
24.5,114.3,"DOLERITE [20134]",24.51,63.04,7.706,31.19,5.72,1.502,4.199,0.632,3.655,0.674,1.904,0.289,1.78,0.288
24.5,114.3,"DOLERITE [20134]",27.83,59.75,7.5,28.49,5.33,1.352,4.726,0.8,3.253,0.584,1.755,0.263,1.587,0.259
24.5,114.3,"DOLERITE [20134]",27.54,59.4,7.719,33.48,5.99,1.597,4.506,0.583,3.253,0.149,1.708,0.258,1.666,0.288
24.5,114.3,"DOLERITE [20134]",25.36,52.1,7.714,27.85,5.34,1.322,4.327,0.6,3.288,0.623,1.843,0.249,1.593,0.251
33.7905,95.7822,"DOLERITE [20617]",13.7,30.6,3.8,16.7,3.99,1.49,3.97,0.63,3.55,0.69,1.94,0.26,1.65,0.24
33.7905,95.7822,"DOLERITE [20617]",24.9,55.5,7.1,30.2,6.84,2.17,6.63,1.05,5.94,1.12,3.11,0.45,2.78,0.38
33.7905,95.7822,"DOLERITE [20617]",15.6,34.2,4.4,19,4.24,1.51,4.24,0.67,3.99,0.76,2.15,0.3,1.85,0.24
-19.3453,12.7255,"DOLERITE [20668]",27.33,50.73,6.65,28.68,7.04,2.12,7.04,1.12,7.57,1.48,4.26,0.61,4.4,0.59
-19.3453,12.7255,"DOLERITE [20668]",26.38,49.45,6.37,28.28,6.91,2.03,6.51,1.03,6.78,1.34,3.66,0.55,3.85,0.55
-19.3453,12.7255,"DOLERITE [20668]",31.78,58.13,7.57,32.93,7.84,2.31,7.93,1.26,8.21,1.67,4.65,0.69,4.88,0.66
-19.398,12.7329,"DOLERITE [20668]",32.68,60.4,7.66,33.9,8.09,2.39,8.13,1.22,8.28,1.63,4.55,0.67,4.47,0.63
-19.4551,12.7484,"DOLERITE [20668]",23.11,50.76,6.72,28.52,6.7,1.83,6.75,1.08,6.85,1.4,3.92,0.56,3.62,0.53
-19.3544,12.7222,"DOLERITE [20668]",23.75,52.63,6.71,28.25,6.62,1.89,7.08,1.1,7,1.4,4.01,0.57,3.68,0.54
-19.3544,12.7222,"DOLERITE [20668]",23.57,51.1,6.4,27.42,6.37,1.83,6.89,1.08,6.97,1.38,3.95,0.55,3.61,0.54
-19.3868,12.7318,"DOLERITE [20668]",23.87,52.45,6.76,28.44,6.86,1.85,6.89,1.1,6.97,1.4,4.02,0.56,3.7,0.55
-19.3869,12.7294,"DOLERITE [20668]",23.64,51.35,6.49,27.55,6.43,1.82,6.98,1.09,6.97,1.4,3.95,0.56,3.61,0.53
-19.4022,12.7332,"DOLERITE [20668]",24.38,54.13,7.03,29.87,7.08,1.84,7.14,1.11,7.03,1.38,3.91,0.54,3.56,0.52
-19.4184,12.7376,"DOLERITE [20668]",26.12,56.56,7.1,30.08,6.88,1.88,7.4,1.14,7.38,1.47,4.16,0.59,3.8,0.56
-19.4184,12.7376,"DOLERITE [20668]",23.69,52.51,6.49,27.63,6.44,1.77,6.68,1.07,6.75,1.35,3.89,0.55,3.52,0.52
-19.4308,12.7444,"DOLERITE [20668]",23.37,51.48,6.65,28.24,6.82,1.77,6.75,1.05,6.82,1.37,3.91,0.55,3.65,0.54
-19.5046,12.7977,"DOLERITE [20668]",15.81,34.47,4.22,17.71,4.05,1.16,4.31,0.68,4.33,0.86,2.45,0.35,2.24,0.33
-19.5066,12.7992,"DOLERITE [20668]",15.37,33.48,4.24,17.98,4.09,1.13,4.11,0.65,4.27,0.84,2.41,0.34,2.26,0.33
-19,13,"DOLERITE [20668]",16.03,34.75,4.22,17.75,4.16,1.17,4.36,0.68,4.34,0.87,2.49,0.35,2.28,0.33
-19.5058,12.7954,"DOLERITE [20668]",16.13,35.13,4.44,18.6,4.26,1.19,4.35,0.69,4.34,0.86,2.49,0.36,2.3,0.35
-19.5219,12.8008,"DOLERITE [20668]",16.58,36.94,4.88,21.54,5.51,1.54,6.11,1.01,6.78,1.39,4.05,0.59,3.82,0.57
-19.5217,12.804,"DOLERITE [20668]",16.11,36.12,4.59,20.03,5.19,1.54,6.11,1.01,6.68,1.37,3.97,0.56,3.67,0.55
-19.5211,12.8067,"DOLERITE [20668]",16.13,35.82,4.65,20.31,5.23,1.58,6.13,1.07,6.65,1.41,4.04,0.64,3.73,0.63
-19.3719,12.7156,"DOLERITE [20668]",13.63,27.65,3.77,17.88,4.92,1.65,5.62,0.93,6.34,1.32,3.74,0.55,3.78,0.52
-19.3488,12.7086,"DOLERITE [20668]",13.88,27.83,3.74,17.98,4.89,1.62,5.82,0.95,6.5,1.3,3.63,0.54,3.55,0.52
-19.3483,12.7102,"DOLERITE [20668]",10.68,22.45,3.16,15.18,4.33,1.45,5.04,0.84,5.62,1.14,3.28,0.46,3.36,0.47
-19.3483,12.7102,"DOLERITE [20668]",10.9,22.53,3.1,14.55,4.27,1.45,4.8,0.82,5.7,1.1,3.26,0.47,3.16,0.48
-19.3483,12.7102,"DOLERITE [20668]",11.08,23.15,3.2,15.03,4.38,1.49,5.04,0.84,5.69,1.15,3.24,0.47,3.24,0.44
-19.3483,12.7102,"DOLERITE [20668]",11.28,22.58,3.12,14.8,4.23,1.47,5.21,0.86,5.83,1.17,3.29,0.51,3.47,0.48
-19,13,"DOLERITE [20668]",9.41,21.86,3.11,14.61,4.13,1.23,4.84,0.82,5.34,1.11,3.22,0.44,2.96,0.42
-19.3584,12.7108,"DOLERITE [20668]",9.58,22.23,3.03,13.88,3.99,1.28,4.87,0.81,5.42,1.11,3.16,0.45,2.94,0.42
-19.3291,12.7116,"DOLERITE [20668]",9.77,22.41,2.98,13.48,3.59,1.15,4.35,0.72,4.72,0.94,2.72,0.38,2.52,0.37
-19.369,12.7147,"DOLERITE [20668]",10.01,23.35,3.26,14.87,4.24,1.29,5.03,0.85,5.63,1.15,3.34,0.48,3.03,0.46
-19,13,"DOLERITE [20668]",9.92,22.7,3.09,14.26,4.01,1.29,5.04,0.83,5.58,1.14,3.3,0.47,3,0.44
-19.3703,12.7094,"DOLERITE [20668]",10.03,23.52,3.14,14.57,4.14,1.3,5.13,0.86,5.61,1.15,3.36,0.47,3,0.45
-19.3703,12.7094,"DOLERITE [20668]",9.74,22.73,3.14,14.54,4.06,1.24,4.83,0.82,5.43,1.08,3.23,0.45,2.95,0.44
-19.3731,12.7068,"DOLERITE [20668]",9.34,21.8,3.02,13.92,4,1.16,4.65,0.77,5.2,1.05,3.06,0.43,2.82,0.42
-19.5215,12.8116,"DOLERITE [20668]",9.63,22.4,3,13.61,3.66,1.21,4.47,0.75,4.75,0.98,2.78,0.41,2.54,0.39
-19.3181,12.7149,"DOLERITE [20668]",7.63,14.35,2.21,11.4,3.61,1.38,4.51,0.74,4.94,0.95,2.65,0.37,2.56,0.35
-19.398,12.7329,"DOLERITE [20668]",6.56,14.1,1.99,9.54,2.66,1.05,3.29,0.5,3.47,0.66,1.92,0.27,1.83,0.24
-19.3923,12.7448,"DOLERITE [20668]",4.8,11.57,1.67,8.19,2.38,0.82,2.71,0.44,2.94,0.58,1.66,0.23,1.46,0.22
-19.3953,12.7304,"DOLERITE [20668]",5.1,12.15,1.73,8.38,2.39,0.86,3.01,0.47,3.09,0.62,1.75,0.24,1.55,0.23
-19.4335,12.8007,"DOLERITE [20668]",7.04,17.41,2.58,12.65,3.97,1.31,4.88,0.8,5.44,1.09,3.13,0.44,2.81,0.41
-19.4335,12.8007,"DOLERITE [20668]",6.74,16.48,2.35,11.62,3.61,1.24,4.61,0,5.08,0,2.95,0,2.62,0
-19.5261,12.8056,"DOLERITE [20668]",7.79,19.09,2.65,12.92,3.92,1.29,5,0,5.53,0,3.23,0,2.95,0
-19.3508,12.7084,"DOLERITE [20668]",29,57.25,7.64,34.28,8.26,2.54,7.69,1.12,6.99,1.36,3.53,0.5,3.29,0.47
-19.3608,12.7113,"DOLERITE [20668]",18.57,41.77,5.61,24.4,5.75,1.75,5.82,0.9,5.56,1.1,3.04,0.43,2.65,0.39
-19.3522,12.7094,"DOLERITE [20668]",18.58,42.11,5.52,24.57,5.85,1.78,5.73,0.86,5.24,0.98,2.68,0.35,2.28,0.32
-19.3522,12.7094,"DOLERITE [20668]",19.68,44.7,6.09,27.11,6.5,1.9,6.03,0.92,5.41,1.07,2.89,0.39,2.43,0.35
-19.3514,12.7088,"DOLERITE [20668]",18.58,41.78,5.77,25.52,6.06,1.78,5.74,0.86,5.17,0.99,2.73,0.35,2.34,0.33
-19.3586,12.718,"DOLERITE [20668]",18.56,42.07,5.77,25.53,5.99,1.81,5.88,0.87,5.22,1.01,2.75,0.36,2.36,0.32
-19.497,12.7919,"DOLERITE [20668]",17.18,39.6,5.37,24.13,5.86,1.76,5.54,0.85,5.14,0.95,2.58,0.34,2.15,0.31
-19.5,12.7945,"DOLERITE [20668]",17.72,41.15,5.35,24.28,5.87,1.83,5.96,0.89,5.34,0.99,2.7,0.36,2.24,0.32
-19.5026,12.7963,"DOLERITE [20668]",17.83,41.16,5.55,24.98,6.04,1.81,6.01,0.87,5.26,1.01,2.71,0.36,2.25,0.31
-19.5206,12.8141,"DOLERITE [20668]",15.89,36.85,4.82,21.8,5.31,1.68,5.43,0,4.8,0,2.43,0,2.03,0
-19.5248,12.8068,"DOLERITE [20668]",12.99,30.08,3.95,18.17,4.64,1.51,5.05,0,4.82,0,2.58,0,2.25,0
-19.5746,12.8198,"DOLERITE [20668]",19.67,45.21,5.96,26.16,6.2,1.83,6.09,0.93,5.84,1.16,3.23,0.44,2.84,0.4
64,-23,"DOLERITE [20696]",1.07,2.98,0.49,2.67,1.07,0.47,1.56,0.31,2.18,0.47,1.38,0.2,1.29,0.2
64,-23,"DOLERITE [20696]",7.34,17.79,2.6,12.3,3.59,1.36,4.46,0.81,5.22,1.11,3.1,0.44,2.72,0.41
64,-23,"DOLERITE [20696]",0.95,2.57,0.44,2.42,1,0.46,1.59,0.32,2.29,0.5,1.4,0.21,1.37,0.21
64,-23,"DOLERITE [20696]",7.7,18.55,2.68,12.83,3.83,1.41,4.57,0.83,5.41,1.13,3.16,0.44,2.75,0.44
64,-23,"DOLERITE [20696]",8.17,19.89,2.89,13.47,4.03,1.49,4.85,0.88,5.59,1.19,3.3,0.49,2.98,0.46
64,-23,"DOLERITE [20696]",1.2,3.28,0.54,3.11,1.18,0.56,1.93,0.39,2.74,0.61,1.76,0.26,1.64,0.26
64,-23,"DOLERITE [20696]",7.34,17.76,2.56,12.26,3.6,1.37,4.48,0.8,5.25,1.12,3.04,0.43,2.74,0.42
61,123,"DOLERITE [20706]",30.07,67.31,8.65,37.71,8.72,2.71,8.43,1.23,6.87,1.33,3.53,0.48,2.91,0.44
61,123,"DOLERITE [20706]",21.72,48.06,5.86,24.85,5.36,1.82,5.16,0.74,4.1,0.81,2.12,0.3,1.83,0.29
61,123,"DOLERITE [20706]",34.48,77.56,9.86,42.87,9.54,2.82,9,1.31,7.31,1.45,3.85,0.54,3.27,0.5
61,123,"DOLERITE [20706]",23.59,55.71,7.46,34.21,8.73,2.59,9.01,1.41,8.26,1.67,4.55,0.65,3.89,0.61
61,123,"DOLERITE [20706]",56.67,127.31,15.83,65,14.48,3.51,13.2,1.99,11.18,2.1,5.43,0.77,4.39,0.66
61,123,"DOLERITE [20706]",10.63,26.66,3.69,17.63,4.8,1.58,5.57,0.92,5.7,1.15,3.13,0.45,2.69,0.42
61,123,"DOLERITE [20706]",30.3,66.9,8.37,33.8,9.26,2.65,9.65,1.45,8.54,1.66,4.28,0.62,3.49,0.55
61,123,"DOLERITE [20706]",18.7,42.2,5.25,20.15,5.55,1.8,5.98,0.94,5.71,1.13,3.04,0.44,2.63,0.42
61,123,"DOLERITE [20706]",17.14,39.62,5.11,20.1,5.31,1.71,5.29,0.87,5.19,0.99,2.63,0.39,2.29,0.37
61,123,"DOLERITE [20706]",17.87,39.62,4.89,18.78,5.01,1.66,5.43,0.86,5.12,1.02,2.71,0.39,2.38,0.36
21.2539,81.6018,"DOLERITE [10864]",12.4,30.6,3.5,21.3,5.4,1.8,7,1.1,5.8,1.1,3.3,0.5,2.7,0.3
21.2522,81.598,"DOLERITE [10864]",13.15,32.83,3.81,22.46,5.85,2.04,7.56,1.19,6.36,1.24,3.74,0.58,3.02,0.43
14.32,78.28,"DOLERITE [10866]",4.62,9.4,0.79,5.13,1.85,0.81,1.06,0.11,1.05,36,0.65,0.15,0.83,0.15
14.63,78.52,"DOLERITE [10866]",10.04,24.67,2.6,16.8,8.65,3.75,5.68,1.08,5.64,1.39,4.05,0.57,2.7,0.45
15.28,78,"DOLERITE [10866]",10.88,25.57,2.5,13.48,5.65,2.71,4,0.8,4.42,0.89,3.03,0.49,2.94,0.5
14.33,78.17,"DOLERITE [10866]",14.99,33.14,3.59,16.78,8.15,3.05,4.96,0.93,5.38,1.23,3.76,0.62,2.92,0.39
14.42,78.22,"DOLERITE, OLIVINE [10866]",15.08,35.51,3.76,19.52,6.7,3.28,5.75,1.04,5.33,1.39,3.54,0.64,4.09,0.6
14.33,78.32,"DOLERITE [10866]",9.57,19.57,1.72,8.38,2.41,1.77,2.23,0.48,2.76,0.44,1.23,0.19,1.48,0.24
14.33,78.32,"DOLERITE [10866]",12.62,28.57,1.69,8.68,2.35,1.68,2.21,0.47,2.66,0.43,1.19,0.18,1.46,0.23
14.33,78.32,"DOLERITE [10866]",7.71,16.91,1.68,6.69,3.68,1.58,2.11,0.48,2.14,0.36,1.37,0.16,1.08,0.15
14.55,78.03,"DOLERITE [10866]",15.06,34.52,3.1,19.4,6.68,3.13,5.14,0.78,4.63,1.07,3.44,0.54,2.49,0.39
-15,-60,"DOLERITE [17324]",8.55,18.4,2.53,11.9,2.89,0.99,2.89,0.54,3.54,0.85,2.31,0.36,2.42,0.41
-15,-60,"DOLERITE [17324]",7.8,16.1,2.14,10.1,2.51,0.79,2.79,0.51,3.4,0.84,2.3,0.37,2.48,0.42
-15,-60,"DOLERITE [17324]",12.7,27.9,4.03,17.77,4.42,1.55,4.5,0.82,5.09,1.19,3.17,0.5,3.21,0.55
-15,-60,"DOLERITE [17324]",11.5,23.8,3.74,16.75,4.22,1.15,4.38,0.74,4.62,1.05,2.9,0.45,2.89,0.43
-15,-60,"DOLERITE [17324]",6.7,14.9,2.29,13.48,4.1,1.23,4.04,0.64,4.07,0.87,2.27,0.34,2.2,0.32
-15,-60,"DOLERITE [17324]",13.1,29.1,4.19,18.7,5.1,1.75,5.26,0.97,5.97,1.36,3.59,0.54,3.46,0.59
-15,-60,"DOLERITE [17324]",12.2,26.3,3.87,18.31,4.99,1.65,4.6,0.87,5.36,1.25,3.22,0.51,3.15,0.53
-15,-60,"DOLERITE [17324]",11.7,26.4,3.75,16.54,4.12,1.44,4.14,0.74,4.67,1.08,2.92,0.44,2.91,0.49
-15,-60,"DOLERITE [17324]",10.2,21.6,3.11,14.3,3.39,1.18,3.09,0.59,3.7,0.88,2.34,0.37,2.4,0.41
-15,-60,"DOLERITE [17324]",12,25.4,3.66,16.9,4.12,1.31,4.06,0.75,4.57,1.1,2.93,0.47,3.01,0.51
-15,-60,"DOLERITE [17324]",9.88,20.2,2.96,13.41,3.43,1.11,3.37,0.67,4.33,1.09,2.94,0.49,3.11,0.56
-15,-60,"DOLERITE [17324]",14.5,314,4.61,20.9,4.99,1.63,4.68,0.88,5.46,1.29,3.4,0.54,3.5,0.59
-15,-60,"DOLERITE [17324]",10.6,22.7,3.27,15.24,3.83,1.4,3.57,0.66,4.1,0.96,2.55,0.4,2.6,0.44
-15,-60,"DOLERITE [17324]",16.7,34.3,5.39,24.98,6.18,2.09,6.08,0.99,5.97,1.33,3.61,0.55,3.52,0.52
70,32,"DOLERITE [20859]",9.05,22.5,3.43,16,4.52,1.37,4.65,0.76,4.95,1.02,2.76,0.38,2.39,0.36
70,32,"DOLERITE [20859]",8.92,22,3.25,15.2,4.34,1.51,4.92,0.81,4.98,0.99,2.68,0.34,2.43,0.36
70,33,"DOLERITE [20859]",8.79,24.3,2.74,12.5,3.35,1.05,3.78,0.66,4.19,0.9,2.54,0.32,2.21,0.33
70,33,"DOLERITE [20859]",15.1,34,4.81,21.8,6.06,1.85,6.91,1.2,7.91,1.63,4.28,0.56,3.97,0.57
69.64,31.34,"DOLERITE [20859]",12.7,27.2,3.71,16,3.9,1.27,3.95,0.63,3.92,0.81,2.09,0.28,1.94,0.29
69.64,31.34,"DOLERITE [20859]",12.4,28,3.65,15.6,3.85,1.48,4.02,0.68,4.48,0.86,2.62,0.37,2.47,0.39
69.64,31.34,"DOLERITE [20859]",7.94,17.8,2.42,10.9,2.64,0.93,2.64,0.42,2.93,0.65,1.67,0.22,1.52,0.22
70,31,"DOLERITE [20859]",8.63,19.1,2.7,11.2,2.64,1.01,2.63,0.48,2.94,0.62,1.7,0.23,1.51,0.24
70,31,"DOLERITE [20859]",6.24,13.2,1.77,7.6,2.17,0.75,2.39,0.41,2.67,0.58,1.57,0.21,1.49,0.22
70,31,"DOLERITE [20859]",8.62,19.7,2.82,12.5,2.95,1,3.25,0.54,3.34,0.7,1.92,0.25,1.69,0.26
70,31,"DOLERITE [20859]",9.05,20.1,2.73,11.7,2.87,0.99,3.02,0.52,3.24,0.68,1.76,0.24,1.78,0.27
69,28,"DOLERITE [20859]",10.5,22.4,3.03,13.2,3.01,1.06,3.42,0.6,3.86,0.79,2.19,0.29,2.05,0.29
69,35,"DOLERITE [20859]",17,40.6,5.83,32.2,8.57,2,7.24,1.38,7.93,1.57,4.17,0.63,4.37,0.58
69,35,"DOLERITE [20859]",17.5,43.2,5.77,27.9,7.69,2.08,7.57,1.39,8.08,1.53,4.83,0.66,4.52,0.62
69,36,"DOLERITE [20859]",11,26.8,3.93,19.1,5.12,1.76,5.53,0.93,5.72,1.23,3.24,0.78,2.95,0.44
69,36,"DOLERITE [20859]",17,40.6,5.83,38.6,10.5,2,7.24,1.38,7.93,1.57,4.17,0.63,4.37,0.58
69,36,"DOLERITE [20859]",11.8,28.9,3.9,19.9,5.24,1.64,5.34,1,5.86,1.21,3.41,0.44,3.34,0.47
68,39,"DOLERITE [20859]",14.8,35.6,4.82,23.8,6.18,2.06,6.37,1.16,6.82,1.34,3.77,0.47,3.27,0.41
68,39,"DOLERITE [20859]",17.1,40.2,5.76,26.7,7.38,2.23,6.7,1.09,6.61,1.23,3.24,0.39,2.51,0.36
68,39,"DOLERITE [20859]",16.1,37.9,5.69,25.6,7.4,2.21,7.39,1.16,6.94,1.31,3.49,0.44,2.74,0.4
68,39,"DOLERITE [20859]",59.5,137,19.1,82.3,16.9,4.68,12.5,1.79,9.34,1.72,4.19,0.5,3.3,0.46
68,39,"DOLERITE [20859]",10.8,25.3,3.77,17.2,5.21,1.78,6.22,1.01,6.38,1.27,3.23,0.42,2.89,0.4
68,39,"DOLERITE [20859]",10.3,29,4.19,24.4,6.95,1.94,6.19,1.11,6.33,1.17,3.19,0.39,2.51,0.36
67,36,"DOLERITE [20859]",19.9,48.8,7.09,33.6,8.65,2.7,8.49,1.4,8.45,1.68,4.24,0.53,3.68,0.49
67,38,"DOLERITE [20859]",7.44,18.2,2.7,12.6,3.71,1.37,4.72,0.83,5.08,1.05,2.85,0.36,2.53,0.33
40.0553,115.8592,"DOLERITE [20874]",13.65,31.52,4.46,19.67,4.79,1.49,4.87,0.82,5.21,1.07,2.85,0.4,2.52,0.4
40.0702,115.8555,"DOLERITE [20874]",11.76,28.06,3.78,16.49,4.37,1.41,4.56,0.75,4.75,0.94,2.59,0.38,2.31,0.34
41.0652,115.8578,"DOLERITE [20874]",17.14,38.4,5.11,22.35,5.81,1.8,6.16,1.01,6.04,1.21,3.33,0.49,3.06,0.45
40.1075,115.853,"DOLERITE [20874]",12.39,29.67,4.02,18.08,4.77,1.55,4.99,0.8,4.95,0.96,2.74,0.39,2.41,0.34
40.4725,115.4478,"DOLERITE [20874]",12.91,30.21,4.28,18.98,4.64,1.54,4.77,0.8,5.04,1.04,2.76,0.39,2.4,0.37
40.492,115.449,"DOLERITE [20874]",13.61,31.63,4.46,20.25,4.92,1.6,5.12,0.86,5.45,1.14,3.03,0.43,2.68,0.42
40.468,115.4073,"DOLERITE [20874]",12.67,29.27,4.19,18.72,4.57,1.47,4.69,0.8,4.96,1.02,2.66,0.37,2.35,0.37
40.4708,115.4058,"DOLERITE [20874]",14.92,36.49,4.96,22,5.8,1.74,6.17,1.01,6.34,1.24,3.43,0.49,3.02,0.45
40.4797,115.4403,"DOLERITE [20874]",14.28,34.84,4.59,20.51,5.26,1.69,5.64,0.93,5.7,1.13,3.11,0.44,2.76,0.41
40.4782,115.3893,"DOLERITE [20874]",13.97,33.45,4.47,19.78,5.15,1.59,5.53,0.93,5.63,1.16,3.22,0.47,2.89,0.42
40.6838,116.1345,"DOLERITE [20874]",12.07,27.46,3.95,17.46,4.26,1.39,4.36,0.73,4.67,0.96,2.57,0.36,2.25,0.35
40.7007,116.1133,"DOLERITE [20874]",17.54,40.37,5.41,23.58,5.52,1.87,5.49,0.9,5.71,1.17,3.1,0.44,2.73,0.43
40.7067,116.115,"DOLERITE [20874]",15.52,36.68,5.09,22.61,5.44,1.61,5.61,0.94,5.97,1.23,3.32,0.47,2.97,0.46
40.496,117.5148,"DOLERITE [20874]",12.98,29.14,4.16,18.59,4.66,1.54,4.85,0.83,5.29,1.11,2.95,0.42,2.65,0.41
40.6025,118.3698,"DOLERITE [20874]",17.13,40.23,5.52,24.36,5.93,1.86,6.09,1.04,6.6,1.37,3.66,0.52,3.26,0.51
40.6195,118.3093,"DOLERITE [20874]",23.47,55.79,7.57,33.71,7.98,2.33,8.09,1.36,8.67,1.8,4.85,0.68,4.32,0.68
40.7067,118.143,"DOLERITE [20874]",13.77,30.44,4.23,18.44,4.34,1.48,4.35,0.73,4.49,0.94,2.47,0.35,2.2,0.35
40.7108,118.1418,"DOLERITE [20874]",16.46,38.95,5.36,23.8,5.75,1.88,5.94,1,6.34,1.32,3.54,0.5,3.16,0.5
40.7133,118.1413,"DOLERITE [20874]",10.19,23.36,3.27,14.58,3.56,1.14,3.71,0.62,3.91,0.82,2.17,0.31,2,0.32
40.9017,118.934,"DOLERITE [20874]",18.92,41.18,5.55,24.2,6.16,1.89,6.67,1.1,6.75,1.33,3.72,0.54,3.24,0.5
40.9925,118.9297,"DOLERITE [20874]",14.13,33.14,4.54,20.46,5.3,1.7,5.88,0.98,6.23,1.2,3.41,0.49,3.07,0.46
40.9908,118.9298,"DOLERITE [20874]",49.43,105.62,14.57,63.89,15.32,4.15,16.74,2.64,15.72,3.09,8.13,1.14,7.07,1.04
40.9557,118.7038,"DOLERITE [20874]",14.17,33.51,4.59,20.19,5.28,1.69,5.52,0.92,5.56,1.13,3.09,0.46,2.75,0.42
41.2238,119.514,"DOLERITE [20874]",15.58,36.41,5.05,22.45,5.41,1.68,5.61,0.95,6.04,1.25,3.32,0.47,2.97,0.47
41.2613,119.5312,"DOLERITE [20874]",14.2,30.77,4.26,18.6,4.38,1.45,4.47,0.75,4.78,1,2.67,0.39,2.41,0.37
41.2075,119.5532,"DOLERITE [20874]",13.23,30.35,4.36,19.35,4.66,1.5,4.8,0.8,5.14,1.06,2.81,0.41,2.53,0.4
41.0418,119.6762,"DOLERITE [20874]",17.11,40.26,5.64,25.21,6.1,1.88,6.21,1.05,6.69,1.4,3.77,0.55,3.39,0.53
41.0577,119.3022,"DOLERITE [20874]",11.36,27.24,3.62,16.24,4.14,1.43,4.6,0.72,4.62,0.9,2.47,0.35,2.22,0.33
41.0677,119.4422,"DOLERITE [20874]",15.82,35.69,4.87,21.41,5.32,1.75,5.99,0.98,6.21,1.22,3.4,0.5,3.02,0.43
41.0932,119.4607,"DOLERITE [20874]",10.83,26.36,3.52,15.74,4.08,1.36,4.55,0.74,4.52,0.9,2.43,0.36,2.34,0.34
41.1853,119.4383,"DOLERITE [20874]",8.5,20.14,2.69,12.05,3.1,1.15,3.37,0.56,3.38,0.66,1.8,0.26,1.69,0.24
41.1912,119.4377,"DOLERITE [20874]",13.39,32.01,4.3,19.58,4.88,1.62,5.51,0.88,5.58,1.1,3.06,0.43,2.72,0.39
41.1338,119.4363,"DOLERITE [20874]",20.58,40.3,5.64,24.56,5.82,2.05,6.08,0.95,5.76,1.14,3.08,0.45,2.76,0.39
41.165,119.4038,"DOLERITE [20874]",9.41,22.48,2.99,13.36,3.42,1.2,3.64,0.61,3.71,0.74,2.08,0.28,1.78,0.28
41.4867,119.8612,"DOLERITE [20874]",15.09,35.31,4.89,21.9,5.27,1.63,5.37,0.9,5.76,1.21,3.17,0.45,2.83,0.44
41.3958,120.3123,"DOLERITE [20874]",10.44,24.01,3.28,14.21,3.8,1.25,3.87,0.67,3.93,0.8,2.18,0.35,2.03,0.3
41.5527,120.4837,"DOLERITE [20874]",12.88,29.49,4.08,17.5,4.14,1.42,4.13,0.68,4.31,0.89,2.32,0.33,2.07,0.32
41.6425,120.5207,"DOLERITE [20874]",20.75,51.3,6.89,30.82,7.46,2.22,7.45,1.22,7.69,1.58,4.13,0.59,3.65,0.57
41.6627,120.53,"DOLERITE [20874]",47.58,114.3,15.14,66.09,15.52,3.97,15.44,2.61,16.53,3.38,8.99,1.27,8.08,1.29
41.5512,120.5025,"DOLERITE [20874]",14.05,33.55,4.39,18.88,4.71,1.53,5,0.79,4.91,0.97,2.64,0.37,2.37,0.34
41.5628,120.5025,"DOLERITE [20874]",12.81,30.2,3.91,16.81,4.17,1.43,4.27,0.7,4.23,0.84,2.33,0.34,2.05,0.31
41.6622,121.1893,"DOLERITE [20874]",27.95,60.6,7.76,32.4,7.96,2.12,8.34,1.31,8.07,1.57,4.33,0.63,3.89,0.58
41.6645,121.1913,"DOLERITE [20874]",22.86,49.22,6.76,29.32,7.53,2.3,7.76,1.21,7.08,1.33,3.54,0.49,2.9,0.41
31.0195,-3.9487,"DOLERITE [20904]",111.6,214.8,23.53,87.2,12.95,3.81,9.75,1.18,5.57,0.88,2.05,0.27,1.63,0.22
31.0238,-3.9495,"DOLERITE [20904]",97.2,186.9,20.21,76.3,12.16,3.57,8.85,1.17,5.48,0.88,2.02,0.3,1.5,0.21
31.0251,-3.9325,"DOLERITE [20904]",120.9,239.3,25.52,95.8,14.23,4.09,10.03,1.26,5.78,0.93,2.19,0.29,1.6,0.23
31.023,-3.9305,"DOLERITE [20904]",113.4,229.3,24.51,90.1,13.28,4.04,9.15,1.16,5.48,0.84,1.95,0.28,1.46,0.22
31.0226,-3.9344,"DOLERITE [20904]",117.6,235.2,25.77,94.6,13.95,4.38,9.61,1.25,5.68,0.89,2.1,0.3,1.58,0.22
31.0309,-3.9233,"DOLERITE [20904]",104.5,216,23.49,84.3,12.62,3.53,8.76,1.18,5.58,0.92,2.16,0.32,1.67,0.23
31.0146,-3.9526,"DOLERITE [20904]",118.2,239.9,25.32,90.7,13.73,4.03,9.52,1.24,5.86,0.93,2.21,0.31,1.64,0.22
31.0146,-3.9526,"DOLERITE [20904]",107.9,207.9,22.64,84.4,12.83,3.74,9.36,1.16,5.63,0.98,2.2,0.31,1.92,0.23
31.0112,-3.9438,"DOLERITE [20904]",117,228.2,25.26,93.2,14.41,4.05,10.6,1.29,6.24,0.98,2.23,0.3,1.8,0.24
30.9459,-3.9626,"DOLERITE [20904]",93,194.8,20.75,79.8,12.55,3.66,9.43,1.29,6.12,1.01,2.53,0.34,1.9,0.25
30.9461,-3.9625,"DOLERITE [20904]",84,182.2,20.02,77.6,12.11,3.63,9.53,1.27,5.74,0.98,2.43,0.35,1.77,0.24
30.9461,-3.9625,"DOLERITE [20904]",110,219.8,23.67,88.1,13.81,4.12,10.29,1.4,6.2,1.07,2.72,0.32,2,0.26
30.9461,-3.9625,"DOLERITE [20904]",112.2,219.2,23.43,85,14.48,4.02,10.76,1.42,6.74,1.11,2.6,0.34,1.74,0.27
30.9497,-3.9587,"DOLERITE [20904]",82.8,168.1,17.48,64.9,10.06,3.17,7.97,1.03,4.7,0.77,1.98,0.28,1.45,0.2
30.9499,-3.9582,"DOLERITE [20904]",81,173.4,17.11,63.9,9.82,3.05,7.38,1,4.75,0.76,1.97,0.26,1.39,0.2
30.9499,-3.9582,"DOLERITE [20904]",97.3,184.9,18.78,68.3,10.44,3.18,7.94,1.02,5.36,0.88,2,0.26,1.58,0.23
30.9658,-3.9528,"DOLERITE [20904]",87.6,175.4,17.84,63.6,9.31,2.97,6.82,0.93,4.52,0.77,1.82,0.26,1.45,0.2
30.9658,-3.9528,"DOLERITE [20904]",91.9,170.1,17.49,69.5,9.45,3.03,7.21,0.95,4.83,0.76,1.95,0.26,1.44,0.2
30.9658,-3.9528,"DOLERITE [20904]",92.8,172.8,17.93,63.7,9.99,3.26,8.25,1.01,4.97,0.82,1.96,0.24,1.51,0.19
31.0362,-3.8955,"DOLERITE [20904]",83.8,162,17.39,64.5,9.81,2.87,7.59,0.94,4.87,0.76,1.76,0.24,1.5,0.2
31.0378,-3.8954,"DOLERITE [20904]",85.3,162.3,17.27,63.8,10.12,2.84,7.87,0.96,4.76,0.75,1.87,0.25,1.49,0.2
31.0376,-3.8951,"DOLERITE [20904]",86.8,161.8,17.55,64.4,9.91,2.94,7.62,0.97,4.72,0.77,1.95,0.25,1.54,0.21
31.1891,-3.783,"DOLERITE [20904]",129.1,242,26.21,102.9,14.78,3.92,10.48,1.23,5.88,0.96,2.24,0.3,1.85,0.25
31.19,-3.7846,"DOLERITE [20904]",127.9,242.2,26.21,98.1,14.4,4.05,10.67,1.28,6.07,0.96,2.36,0.31,1.8,0.25
31.2337,-3.8306,"DOLERITE [20904]",127.2,238.8,25.15,92.4,13.82,3.92,10.37,1.24,6.1,0.91,2.18,0.28,1.74,0.22
31.2306,-3.8271,"DOLERITE [20904]",121.5,231.8,24.53,91,13.39,3.76,9.84,1.17,5.75,0.91,2.29,0.29,1.78,0.24
31.2306,-3.8271,"DOLERITE [20904]",121.3,230.1,23.09,86.9,13.46,3.45,9.88,1.15,6.03,0.98,2.29,0.28,1.47,0.22
31.2464,-3.9787,"DOLERITE [20904]",78.5,164.7,18.41,69.7,11.15,3.24,8.14,1.06,5.08,0.81,1.98,0.26,1.41,0.19
31.2397,-3.9626,"DOLERITE [20904]",80.1,166.7,18.88,71,11.24,3.3,8.11,1.08,5.17,0.82,1.9,0.26,1.49,0.21
31.2334,-3.9576,"DOLERITE [20904]",76.9,161,18.12,69.3,10.73,3.26,7.63,1,4.76,0.78,1.91,0.25,1.38,0.18
31.2334,-3.9576,"DOLERITE [20904]",83.7,161.3,18.48,69.8,11.1,3.21,8.31,1.02,4.77,0.78,1.85,0.25,1.39,0.21
31.1007,-4.1372,"DOLERITE [20904]",104.4,204.1,21.78,77.9,13.1,3.75,10.07,1.26,5.72,1.02,2.2,0.27,1.79,0.21
31.1007,-4.1372,"DOLERITE [20904]",71.7,143.9,15.49,56.4,9.72,2.84,7.84,1.01,4.93,0.9,1.93,0.28,1.56,0.22
31.1007,-4.1372,"DOLERITE [20904]",103.8,203.6,22.11,77.8,13.38,3.74,10.33,1.27,5.78,0.98,2.21,0.3,1.68,0.26
31.1007,-4.1372,"DOLERITE [20904]",116.2,222.2,24.12,89.6,13.35,3.83,9.46,1.24,6.15,0.93,2.18,0.32,1.91,0.25
31.1007,-4.1372,"DOLERITE [20904]",85.2,163.5,17.39,65.5,11.13,3.31,8.85,1.18,5.21,1.06,2.49,0.34,1.8,0.25
31.1007,-4.1372,"DOLERITE [20904]",111.2,203.6,21.83,83.4,12.73,3.54,9.04,1.07,5.23,0.79,1.72,0.23,1.17,0.2
31.1007,-4.1372,"DOLERITE [20904]",107.6,194.8,21.89,79.1,13.21,3.67,9.42,1.14,5.2,0.8,1.75,0.24,1.29,0.17
31.1007,-4.1372,"DOLERITE [20904]",109.4,200.5,21.84,80.1,12.97,3.78,9.27,1.13,5.59,0.82,1.63,0.22,1.24,0.18
31.1007,-4.1372,"DOLERITE [20904]",121,227.3,24.67,84,13.84,4.02,9.93,1.23,5.86,0.87,1.78,0.27,1.32,0.19
30.9947,-4.0492,"DOLERITE [20904]",91.1,181.2,21.13,82.3,12.88,3.58,9.95,1.19,5.65,0.93,2.3,0.27,1.41,0.23
30.9947,-4.0492,"DOLERITE [20904]",87.9,183.1,21.1,82.6,12.78,3.56,9.52,1.16,5.64,0.89,2.13,0.28,1.64,0.21
31,-4,"DOLERITE [20904]",88.5,168.2,17.31,62.1,8.67,2.63,6.57,0.84,3.62,0.63,1.76,0.22,1.2,0.2
31,-4,"DOLERITE [20904]",93.2,174.6,18.16,59,8.93,2.79,6.82,0.9,3.85,0.65,1.79,0.2,1.29,0.19
31,-4,"DOLERITE [20904]",91.2,170.7,17.62,62.9,9.06,2.71,6.84,0.86,4.31,0.7,1.63,0.24,1.19,0.17
31,-4,"DOLERITE [20904]",70.2,144,15.86,59.7,9.98,2.9,7.76,1.04,5.04,0.83,2.26,0.31,1.56,0.23
31,-4,"DOLERITE [20904]",108.4,211.9,22.55,80.6,13.33,3.81,9.25,1.23,6.03,0.91,2.23,0.31,1.72,0.24
31,-4,"DOLERITE [20904]",107.1,203.7,21.65,76.2,12.76,3.87,9.59,1.24,5.55,1.09,2.33,0.28,2.09,0.25
31,-4,"DOLERITE [20904]",109.9,207.4,22.35,85.3,13.26,3.86,9.64,1.3,6.01,1,2.33,0.28,1.94,0.23
31,-4,"DOLERITE [20904]",106.2,212.6,22.08,81.2,12.89,4.05,10.23,1.28,6.24,1.1,2.49,0.31,1.81,0.28
31,-4,"DOLERITE [20904]",105,201,21.6,79.9,13.08,3.53,9.58,1.23,6.05,0.97,2.39,0.28,1.73,0.21
31.2332,-4.3518,"DOLERITE [20904]",133.1,235,24.68,88.9,13.5,3.72,9.75,1.17,5.29,0.8,1.8,0.24,1.49,0.21
31.234,-4.3555,"DOLERITE [20904]",131.4,232.9,25.18,93.2,13.26,3.84,9.96,1.18,5.61,0.81,1.88,0.24,1.47,0.19
31.2729,-4.3695,"DOLERITE [20904]",130.2,247.1,27.09,100.6,15.48,4.44,11.16,1.31,5.86,0.89,2.04,0.25,1.5,0.2
31.2729,-4.3695,"DOLERITE [20904]",126.1,211.2,22.32,78.7,12.08,3.44,8.42,1.05,4.6,0.73,1.7,0.2,1.13,0.17
31.2729,-4.3695,"DOLERITE [20904]",118.5,206,21.64,75.1,11.68,3.3,8.26,1,4.67,0.73,1.57,0.2,1.14,0.17
31.0985,-4.1662,"DOLERITE [20904]",116.9,231.7,26.89,104.5,16.51,4.49,12.17,1.45,6.92,1.07,2.59,0.33,1.77,0.27
31.0985,-4.1662,"DOLERITE [20904]",118.2,229.4,26.46,101,16.58,4.61,11.72,1.44,6.8,1.09,2.57,0.33,1.87,0.26
31.0985,-4.1662,"DOLERITE [20904]",113.9,226.6,25.94,96.2,15.98,4.5,11.45,1.47,7.31,1.15,2.44,0.33,2.13,0.25
31.0985,-4.1662,"DOLERITE [20904]",110.3,216.2,25.06,95.8,15.91,4.29,11.84,1.46,6.98,1.12,2.59,0.33,1.67,0.25
31.0985,-4.1662,"DOLERITE [20904]",130.6,266.8,29.91,112.8,18.3,5.14,13.58,1.72,8.29,1.28,3.27,0.39,2.09,0.33
31,-4,"DOLERITE [20904]",101.6,192.5,20.66,69.4,11.65,2.92,8.38,1.02,4.74,0.74,2.04,0.26,1.55,0.2
31,-4,"DOLERITE [20904]",98.3,187.5,20.23,71.1,10.91,2.96,8.05,0.99,4.81,0.74,1.82,0.27,1.4,0.21
31,-4,"DOLERITE [20904]",102.7,193,20.64,78.7,11.41,3.15,8.26,0.99,4.75,0.78,1.84,0.28,1.43,0.21
31,-4,"DOLERITE [20904]",96.3,177.5,19.15,67.5,10.14,2.92,7.75,0.94,4.17,0.74,1.8,0.26,1.29,0.19
31,-4,"DOLERITE [20904]",96.6,182.6,19.72,69.8,11,2.9,7.82,0.93,4.72,0.72,1.91,0.24,1.52,0.2
31,-4,"DOLERITE [20904]",96.5,177.5,19.37,68.2,10.21,2.9,7.08,0.94,4.31,0.76,1.73,0.24,1.24,0.18
31,-4,"DOLERITE [20904]",90.4,168,18.06,68.8,11.09,3.3,8.04,1.02,5.13,0.86,1.93,0.3,1.59,0.24
31,-4,"DOLERITE [20904]",91.7,178.6,19.53,72.5,11.43,3.41,8.74,1.11,5.16,0.89,2.06,0.3,1.6,0.24
31,-4,"DOLERITE [20904]",97.3,181.7,19.89,76.3,11.9,3.44,8.66,1.09,5.3,0.9,2.08,0.29,1.62,0.23
31,-4,"DOLERITE [20904]",84.3,162.2,17.79,65.9,10.39,3.21,8.01,1.02,4.77,0.79,1.83,0.27,1.5,0.21
31,-4,"DOLERITE [20904]",91,172.2,18.85,67.9,11.12,3.14,8.03,1.03,4.96,0.81,1.99,0.28,1.73,0.23
31,-4,"DOLERITE [20904]",80.6,152.7,17.02,63.4,10.01,3.06,7.69,0.96,4.55,0.71,1.82,0.25,1.41,0.17
31,-4,"DOLERITE [20904]",89.3,179.7,21.13,79.9,13.14,3.51,9.37,1.14,5.52,0.92,2.4,0.3,1.42,0.26
31,-4,"DOLERITE [20904]",93.9,181,20.07,78.6,11.97,3.37,9.09,1.16,5.41,0.89,2.21,0.3,1.75,0.23
31,-4,"DOLERITE [20904]",88,169.4,19.15,73.6,11.29,3.35,8.47,1.06,5.31,0.81,2,0.25,1.57,0.21
31,-4,"DOLERITE [20904]",34.6,72,8.48,32.7,6.22,2.16,5.62,0.81,4.14,0.73,1.88,0.26,1.49,0.25
31,-4,"DOLERITE [20904]",35.3,72.4,8.44,36.1,6.82,2.16,5.79,0.8,3.92,0.73,2.1,0.27,1.51,0.23
31,-4,"DOLERITE [20904]",34.6,71.8,8.24,32,6.15,2.09,5.44,0.8,3.98,0.77,1.91,0.27,1.32,0.21
31,-4,"DOLERITE [20904]",34.4,71.2,8.57,36,6.33,2.01,5.87,0.8,4.37,0.76,1.88,0.24,1.58,0.23
31,-4,"DOLERITE [20904]",82.6,159.9,17.44,65.9,10.04,3.01,7.7,1,4.32,0.73,2.1,0.24,1.43,0.23
31,-4,"DOLERITE [20904]",81.5,162.3,17.31,58.1,10.03,2.94,7.28,0.99,4.61,0.83,2.13,0.22,1.53,0.2
31,-4,"DOLERITE [20904]",91.3,176.5,18.79,69.2,10.36,3.15,7.92,1.01,4.73,0.79,1.97,0.27,1.59,0.23
40.1894,138.2324,"DOLERITE [6784] / THOLEIITIC BASALT [8973]",7.7,17.7,2.3,10.3,2.8,1.1,3.3,0.5,3.3,0.7,1.9,0.3,1.6,0.2
40.1894,138.2324,"DOLERITE [6784] / THOLEIITIC BASALT [8973]",8.5,18.4,2.4,10.3,2.9,1.1,3.5,0.6,3.6,0.7,2,0.3,1.7,0.2
40.1894,138.2324,"DOLERITE [6784] / BASALT [8973]",4.4,11.4,1.7,9.2,3.2,1.2,4.2,0.7,5,1,2.9,0.4,2.5,0.3
41,97,"DOLERITE [20925]",1.26,4.74,1.09,6.82,2.34,1.02,3.38,0.57,3.64,0.78,2.1,0.31,1.94,0.3
41,97,"DOLERITE [20925]",1.42,5.4,1.21,7.74,2.68,1.12,3.71,0.66,4.16,0.9,2.43,0.35,2.11,0.34
41,97,"DOLERITE [20925]",1.56,6.14,1.31,7.61,2.84,1.07,3.3,0.66,4.03,0.91,2.56,0.35,2.12,0.35
41,97,"DOLERITE [20925]",3.1,8.88,1.63,9.05,2.85,1.17,4.05,0.68,4.43,0.93,2.65,0.37,2.28,0.37
41,97,"DOLERITE [20925]",2.42,8.07,1.52,8.1,2.82,1.16,3.24,0.66,4.09,0.91,2.58,0.35,2.17,0.35
41,97,"DOLERITE [20925]",2.86,9.04,1.67,8.77,3.03,1.2,3.54,0.72,4.4,1,2.76,0.38,2.35,0.39
41,97,"DOLERITE [20925]",2.07,6.96,1.31,7.75,2.53,1.08,3.54,0.62,3.93,0.84,2.31,0.33,2.07,0.33
40.5,95,"DOLERITE [20925]",6.11,17.4,3.1,16.4,5.02,1.88,7.26,1.27,8.09,1.68,4.93,0.68,4.45,0.71
40.5,95,"DOLERITE [20925]",6.93,19.6,3.47,18.3,5.62,2,7.82,1.39,8.72,1.83,5.22,0.75,4.88,0.76
40.5,95,"DOLERITE [20925]",4.39,13,2.15,11.8,3.84,1.4,5.33,0.92,6.04,1.36,3.77,0.58,3.56,0.53
40.5,95,"DOLERITE [20925]",6.69,19,3.29,17,5.41,1.9,7.57,1.25,8.55,1.88,5.34,0.79,4.93,0.73
40.5,95,"DOLERITE [20925]",4.22,12.2,2.22,11.8,3.81,1.38,5.36,0.98,6.15,1.3,3.77,0.54,3.49,0.53
40.5,95,"DOLERITE [20925]",5.66,16.1,2.79,15,4.78,1.76,6.88,1.13,7.74,1.65,4.8,0.73,4.47,0.67
40.5,95,"DOLERITE [20925]",5.16,15.2,2.68,14.4,4.67,1.74,6.64,1.16,7.38,1.58,4.37,0.65,4.06,0.63
40.5,95,"DOLERITE [20925]",5.41,16,2.73,14.5,4.68,1.58,6.61,1.11,7.48,1.66,4.71,0.72,4.33,0.64
40.5,95,"DOLERITE [20925]",11.7,32.3,5.41,28.2,8.42,2.68,11.6,2.02,12.5,2.68,7.72,1.11,7.12,1.13
40.5,95,"DOLERITE [20925]",11.8,32.8,5.59,28.9,8.67,2.71,11.8,2.02,12.8,2.68,7.77,1.12,7.17,1.13
40.5,95,"DOLERITE [20925]",13.9,38.1,6.6,34.2,10.4,3.21,14.3,2.43,15.3,3.3,9.43,1.33,8.69,1.35
40.5,95,"DOLERITE [20925]",13.3,36.5,6.15,32,9.62,3.02,13.2,2.27,14.2,3.01,8.69,1.24,7.94,1.26
40.5,95,"DOLERITE [20925]",11.7,32.1,5.3,27.3,8.41,2.61,11.4,1.84,12.6,2.77,7.98,1.2,7.4,1.13
40.5,95,"DOLERITE [20925]",8.37,24.3,4.15,21.8,7.07,2.38,10,1.67,11.4,2.52,7.15,1.1,6.6,1.02
40.5,95,"DOLERITE [20925]",6.09,17.6,2.97,16,5.14,1.81,7.2,1.22,8.33,1.86,5.35,0.8,5,0.74
56,-6,"DOLERITE [20929]",19.8157557166074,46.8584242869692,6.95397617398208,30.5465739612131,7.04355405218096,2.18446817842229,6.63146956670556,0.945679238431903,5.48590489909617,0.970730866882834,2.6624257159455,0.417666401955672,2.50483468761873,0.372786403677888
56,-6,"DOLERITE [20929]",22.3481984780329,63.5985078096253,10.4115411156747,47.2319255831181,11.0537332211914,3.32728224183601,8.59414871075981,0.997289165983542,4.06900310300383,0.503951783383614,1.04485798800372,0.13123530039592,0.637199660921983,0.0834492894280762
56,-6,"DOLERITE [20929]",6.52841098567994,16.1925636716225,2.58780167896687,12.6139578817517,3.78303391857832,1.28747820227545,4.12881309974547,0.679291090358675,4.23852117525711,0.801542241587993,2.22243711329486,0.362684357809595,2.11805988315939,0.33263220439691
56,-6,"DOLERITE [20929]",9.32994054158928,20.1174697424713,2.76305410889363,11.8822072209411,3.15794684875793,1.13739235461056,3.01544453275475,0.478149887406843,2.70255832178632,0.468743139032689,1.26739656028487,0.20568711398817,1.15511968980737,0.173306755366245
56,-6,"DOLERITE [20929]",4.01070825189963,11.6507562161289,2.10601213279075,10.7783534173663,3.42975183691242,1.20751928166796,3.7689776111135,0.59660460573661,3.67340021366175,0.680745096695339,1.85934511994964,0.295645846868785,1.73421905067157,0.266145921848276
56,-6,"DOLERITE [20929]",3.85716904559644,11.0801842222633,1.93636161887694,10.3579181619752,3.21005982567257,1.12346413218115,3.37100416436752,0.543068395401935,3.34707725274381,0.616566467440598,1.73075758672629,0.272355083613645,1.57759655536848,0.242037865887721
56,-6,"DOLERITE [20929]",7.50605447527568,17.9837357243659,2.83677184441861,13.7212490937892,4.05374319622586,1.36610285102174,4.16236994658978,0.678076751781253,4.0641768035871,0.738407293748775,2.03387705011241,0.325196172248804,1.93595088997002,0.295064854864434
56,-6,"DOLERITE [20929]",6.29001908210181,14.1064311146484,2.01133662258648,8.84871297294244,2.64411071464199,0.911362105819468,3.04839101559829,0.550328573228037,3.80066706899043,0.77228451925044,2.29331786928373,0.390337393864345,2.33356470683351,0.368406301876361
56,-6,"DOLERITE [20929]",9.69486302054572,21.8026191605569,3.09304468890514,13.5406875683884,3.82227373028349,1.24056323269126,4.58352066839917,0.807424805383457,5.50319750593035,1.12720940100422,3.32600156413476,0.578322975517891,3.56315723503443,0.555109577455259
56,-6,"DOLERITE [20929]",7.63996558608883,24.0906688198758,4.3952230322822,21.9892451552631,6.0610606462875,2.02911349073083,5.6585329993791,0.801642574878098,4.33939940936664,0.733656109364483,1.92518168549591,0.303055930978792,1.72217786887113,0.266431831357049
56,-6,"DOLERITE [20929]",5.9870718347718,15.1549708927398,2.42614084204299,12.2121066552683,4.19446156914477,1.4746558622774,5.0614031139037,0.906894132121275,5.81540475324839,1.11391724353551,3.27518927212754,0.541869180479873,3.26631045588103,0.518362424494897
65,30,"DOLERITE [20951]",14,30.4,3.99,17.2,4.99,1.54,5.02,0.799,5.79,1.24,3.61,0.515,3.6,0.526
65,30,"DOLERITE [20951]",13.7,29.3,3.82,16.5,4.8,1.48,4.75,0.756,5.47,1.16,3.44,0.493,3.44,0.49
65,30,"DOLERITE [20951]",15,34.4,4.44,18.6,4.82,1.46,5.19,0.784,4.6,1.05,3.38,0.496,3.37,0.496
65,30,"DOLERITE [20951]",11.3,24.2,3.12,13.5,3.95,1.27,3.9,0.648,4.56,0.95,2.9,0.418,2.91,0.414
65,30,"DOLERITE [20951]",16.3,34.1,4.75,21.2,5.52,1.51,5.92,0.954,6.05,1.15,3.61,0.484,3.53,0.502
65,30,"DOLERITE [20951]",28.3,60.5,8.75,37.5,9.35,2.52,10.3,1.64,10.4,1.98,6.15,0.832,5.97,0.833
65,30,"DOLERITE [20951]",19.21,37.89,5.61,24.07,5.84,1.96,6.34,1.03,6.31,1.18,3.51,0.48,3.17,0.45
65,30,"DOLERITE [20951]",27,51.86,7.31,33.45,8.01,2.81,8.43,1.36,7.89,1.56,4.45,0.59,3.92,0.58
19.4,-155.27,"DOLERITE [20998]",109.6,228.375,19.8425,96.725,26.675,6.3325,23.475,2.5825,18.5175,2.75,10.0625,1.37875,7.355,1.10825
19.4,-155.27,"DOLERITE [20998]",81.975,174.75,22.3,52.625,19.325,5.54,18.8,2.8275,15.3275,3.05,7.7175,1.08425,6.8425,0.99575
19.4,-155.27,"DOLERITE [20998]",81.475,177.85,21.7975,79.95,25.3333333333333,5.2575,18.925,2.825,15.66,3.0525,7.695,1.082,7.37,0.9855
19.4,-155.27,"DOLERITE [20998]",89.45,195.65,21.2,70.65,20.1,2.3455,14.165,2.3975,13.405,2.785,7.82,1.074,7.0175,1.07875
43.5,111,"DOLERITE [21004]",22.1,47,5.95,24.4,5.35,1.25,4.38,0.62,3.55,0.69,1.98,0.29,1.82,0.27
43.5,111,"DOLERITE [21004]",14.1,33.1,3.96,15.9,3.67,1,3.62,0.56,3.42,0.67,2.1,0.28,1.81,0.3
43.5,111,"DOLERITE [21004]",23.1,48.7,6.28,25.2,5.09,1.3,4.87,0.69,3.44,0.72,2.19,0.29,1.95,0.26
43.5,111,"DOLERITE [21004]",23.1,46.9,5.92,23.7,4.61,1.32,4.44,0.56,3.28,0.68,1.94,0.3,1.99,0.28
43.5,111,"DOLERITE [21004]",19.5,41.4,5.61,23.7,5.19,1.5,5.12,0.67,3.82,0.71,2.17,0.32,1.88,0.26
43.5,111,"DOLERITE [21004]",17.6,37.4,5.15,21.3,4.62,1.52,4.8,0.68,3.78,0.77,2.43,0.34,2.3,0.3
43.5,111,"DOLERITE [21004]",23.9,51.3,6.63,27.4,5.8,1.44,5.29,0.76,4.32,0.87,2.55,0.39,2.46,0.33
43.5,111,"DOLERITE [21004]",11.6,26.9,3.9,17.6,4.34,1.36,4.9,0.74,4.38,0.98,2.94,0.46,2.88,0.38
43.5,111,"DOLERITE [21004]",22.5,47.1,6.15,24.6,5.27,1.43,4.73,0.65,3.72,0.81,2.25,0.35,2.12,0.29
42.9061,124.7833,"DOLERITE [21005]",15.4,35.6,4.83,22.2,3.99,1.4,4.26,0.63,3.61,0.73,2.01,0.32,2.01,0.31
42.9061,124.7833,"DOLERITE [21005]",14.8,34.5,4.71,22.1,3.91,1.37,4.18,0.61,3.56,0.72,1.97,0.32,1.97,0.3
42.9061,124.7833,"DOLERITE [21005]",15.3,35.5,4.86,22.3,3.97,1.39,4.29,0.63,3.64,0.73,2.02,0.32,2.01,0.31
42.9061,124.7833,"DOLERITE [21005]",15.7,36.6,4.63,21.7,4.04,1.42,4.27,0.63,3.58,0.73,2,0.32,2,0.31
42.9061,124.7833,"DOLERITE [21005]",15.4,35.8,4.91,22.6,3.98,1.39,4.27,0.63,3.62,0.73,2.01,0.32,2.03,0.31
62.7,-126.7,"DOLERITE [21038]",16.4,39.3,5.38,25,6.88,2.1,8.36,1.28,8.28,1.7,4.86,0.7,4.4,0.68
29.6808,83.6733,"DOLERITE [21046]",25,58,8,32,6,2,7,1,5,1,3,0,2,0
29.6808,83.6733,"DOLERITE [21046]",27,61,8,33,7,2,7,1,6,1,3,0,3,0
29.6808,83.6733,"DOLERITE [21046]",22,49,7,32,7,2,7,1,6,1,3,0,3,0
29.6808,83.6733,"DOLERITE [21046]",28,60,8,35,7,2,7,1,6,1,3,0,3,0
29.6808,83.6733,"DOLERITE [21046]",28,63,8,35,7,2,7,1,6,1,3,0,3,0
29.6808,83.6733,"DOLERITE [21046]",29,63,9,36,7,2,7,1,6,1,3,0,3,0
29.6808,83.6733,"DOLERITE [21046]",27,57,8,32,7,2,6,1,5,1,3,0,3,0
29.6808,83.6733,"DOLERITE [21046]",26,59,7,31,7,2,6,1,5,1,3,0,2,0
29.6808,83.6733,"DOLERITE [21046]",24,54,8,32,6,2,7,1,6,1,3,0,3,0
29.6808,83.6733,"DOLERITE [21046]",23,51,7,30,6,2,6,1,6,1,3,0,2,0
29.6808,83.6733,"DOLERITE [21046]",22,48,7,29,6,2,6,1,5,1,3,0,2,0
29.6808,83.6733,"DOLERITE [21046]",26,58,8,32,7,2,7,1,6,1,3,0,3,0
-30,-52,"DOLERITE [21075]",10.1,23.6,3.1,14.1,3.4,1.22,3.75,0.62,3.59,0.67,2.02,0.28,1.6,0.25
-30,-52,"DOLERITE [21075]",10.6,26.5,3.4,15.2,3.7,1.25,4,0.64,3.71,0.71,1.88,0.29,1.71,0.26
-30,-52,"DOLERITE [21075]",12.3,27.2,3.6,15.4,3.77,1.43,4.31,0.67,3.8,0.78,2.14,0.29,1.93,0.29
-30,-52,"DOLERITE [21075]",21.3,45.2,5.3,21.1,5.1,1.34,5.38,0.9,5.35,1.13,2.98,0.46,2.83,0.43
-30,-52,"DOLERITE [21075]",19.8,42,4.9,20.2,4.8,1.3,5.55,0.89,5.17,1.09,2.88,0.45,2.96,0.43
-30,-52,"DOLERITE [21075]",22.6,47.1,5.6,22.7,5.5,1.48,5.81,0.96,5.66,1.2,3.22,0.5,3.05,0.46
-30,-52,"DOLERITE [21075]",22.7,48.1,5.7,23,5.3,1.5,5.8,0.96,5.8,1.27,3.32,0.51,3.31,0.49
-30,-52,"DOLERITE [21075]",15.8,34.3,4.2,18.3,4.2,1.35,4.98,0.88,5.22,1.1,3.19,0.48,2.93,0.44
-30,-52,"DOLERITE [21075]",21.5,44.2,5.4,22.2,5.4,1.56,6.12,1.02,5.89,1.24,3.48,0.54,3.5,0.52
-30,-52,"DOLERITE [21075]",23.6,48.3,5.56,22.5,4.64,1.2,4.81,0.75,4.2,0.9,2.64,0.4,2.41,0.38
-30,-52,"DOLERITE [21075]",21.6,43.4,5.6,24.9,5.5,1.55,5.78,0.98,6.14,1.2,3.58,0.5,3.27,0.48
-30,-52,"DOLERITE [21075]",10.7,24.7,3.5,16.3,4.2,1.39,5.22,0.97,6.11,1.27,3.49,0.52,3.18,0.48
-30,-52,"DOLERITE [21075]",21.5,44.7,5.93,24.6,6.5,1.81,7.08,1.22,7.43,1.46,4.12,0.61,3.69,0.62
-30,-52,"DOLERITE [21075]",17.9,35.6,4.71,18.1,4.6,1.26,4.57,0.77,4.58,0.91,2.64,0.39,2.44,0.38
-30,-52,"DOLERITE [21075]",18.7,37.6,4.8,20.5,4.9,1.53,5.58,0.99,5.6,1.2,3.65,0.51,3.48,0.48
-30,-52,"DOLERITE [21075]",21.5,44.6,5.4,22,4.6,1.38,4.86,0.78,4.6,0.98,2.86,0.42,2.55,0.38
-30,-52,"DOLERITE [21075]",38.4,62.9,9.9,42.1,10.1,2.78,11.14,1.86,10.92,2.2,6.46,0.96,6.19,0.86
-30,-52,"DOLERITE [21075]",24.1,48.3,6.1,23.7,5,1.39,5.22,0.85,4.81,0.96,2.78,0.44,2.53,0.42
-30,-52,"DOLERITE [21075]",22.6,46,6.1,26.1,6.4,1.65,7.09,1.17,6.93,1.49,4.26,0.64,4.06,0.6
-30,-52,"DOLERITE [21075]",22.8,44.8,5.85,23.5,5.5,1.54,5.91,0.97,5.52,1.09,3.31,0.47,3.22,0.48
-30,-52,"DOLERITE [21075]",19.3,39.9,5.1,20,4.5,1.29,4.53,0.76,4.47,0.8,2.48,0.35,2.25,0.37
-30,-52,"DOLERITE [21075]",23.4,46.6,5.9,24.5,5.2,1.35,4.74,0.79,4.69,0.88,2.43,0.38,2.36,0.36
-30,-52,"DOLERITE [21075]",17.8,36.8,4.8,18.8,4.28,1.23,4.74,0.77,4.51,0.91,2.63,0.39,2.49,0.38
-30,-52,"DOLERITE [21075]",26.3,51.1,6.63,25.3,5.48,1.5,5.71,0.88,4.89,1.05,2.95,0.45,2.98,0.4
-30,-52,"DOLERITE [21075]",30,57.2,7.33,26.8,5.91,1.47,5.46,0.86,4.8,0.96,2.69,0.4,2.47,0.37
-30,-52,"DOLERITE [21075]",23,46.3,5.94,24.7,5.83,1.68,6.87,1.18,7,1.53,4.26,0.62,4.04,0.62
-30,-52,"DOLERITE [21075]",22.7,45.7,5.96,24.5,6.27,1.67,6.94,1.17,6.97,1.48,4.23,0.59,3.98,0.6
-30,-52,"DOLERITE [21075]",27.8,59.7,7.3,31.2,6.3,1.62,6.38,1.08,6.27,1.27,3.71,0.8,3.35,0.52
-30,-52,"DOLERITE [21075]",25.5,52.1,6.84,27.8,6.12,1.53,6.2,1.05,5.73,1.17,3.45,0.52,3.2,0.48
-30,-52,"DOLERITE [21075]",16,36.3,4.4,18.4,4.2,1.17,4.32,0.74,4.31,0.89,2.54,0.32,2.3,0.35
48.2326,86.5927,"DOLERITE [21147]",2.09,4.12,0.53,2.42,0.69,0.32,0.9,0.18,1.31,0.29,0.88,0.14,0.92,0.15
48.2326,86.5927,"DOLERITE [21147]",1.99,3.94,0.49,2.21,0.67,0.31,0.84,0.17,1.23,0.27,0.82,0.12,0.82,0.14
48.2326,86.5927,"DOLERITE [21147]",2.33,4.44,0.51,2.11,0.58,0.27,0.79,0.15,1.04,0.25,0.74,0.11,0.74,0.13
48.2326,86.5927,"DOLERITE [21147]",1.24,2.64,0.35,1.65,0.52,0.24,0.68,0.14,0.96,0.21,0.63,0.1,0.64,0.11
48.2326,86.5927,"DOLERITE [21147]",1.54,3.37,0.44,1.96,0.59,0.27,0.77,0.16,1.14,0.25,0.73,0.11,0.75,0.12
48.2326,86.5927,"DOLERITE [21147]",1.37,2.9,0.36,1.7,0.53,0.25,0.71,0.14,0.98,0.21,0.63,0.09,0.66,0.1
48.2326,86.5927,"DOLERITE [21147]",1.71,3.88,0.52,2.37,0.63,0.27,0.78,0.15,1.04,0.23,0.75,0.12,0.77,0.13
48.2326,86.5927,"DOLERITE [21147]",1.58,3.58,0.49,2.33,0.65,0.28,0.73,0.14,0.93,0.21,0.64,0.1,0.69,0.11
48.2326,86.5927,"DOLERITE [21147]",2.14,4.89,0.63,2.84,0.74,0.37,0.86,0.15,1.01,0.21,0.66,0.1,0.67,0.11
48.5,95.5,"DOLERITE [21151]",1.25,3.41,0.6,3.87,1.61,0.55,2,0.45,3.34,0.73,2.45,0.28,1.87,0.32
48.5,95.5,"DOLERITE [21151]",2.01,5.42,0.9,5.86,2.38,0.95,2.68,0.63,4.81,1.13,3.55,0.4,2.83,0.39
48.5,95.5,"DOLERITE [21151]",3.16,8.07,1.47,8.3,3.15,1.14,4.14,0.79,5.42,1.25,3.53,0.54,3.46,0.5
48.5,95.5,"DOLERITE [21151]",1.32,3.73,0.74,3.93,1.78,0.76,2.37,0.51,3.49,0.79,2.25,0.37,2.21,0.3
43.8154,3.0544,"DOLERITE [21178]",76,134.7,15.26,56.7,9.74,2.95,8.55,1.23,6.07,1.07,3.14,0.4,2.4,0.35
61,24,"DOLERITE [21225]",35.5,83.1,10.5,45.87,8.66,2.4,7.1,1,5.1,0.9,2.5,0.3,2.1,0.3
32,109.5,"DOLERITE [21281]",18,40.4,5.33,23.3,5.22,1.85,5.3,0.74,3.7,0.69,1.88,0.21,1.24,0.18
32,109.5,"DOLERITE [21281]",32.9,71.7,8.91,38,8.2,2.86,7.82,1.17,6.16,1.13,3.08,0.38,2.37,0.32
32,109.5,"DOLERITE [21281]",19,41.5,5.34,23.7,5.1,1.98,4.9,0.72,3.67,0.67,1.82,0.2,1.16,0.17
33.15,-8.12,"DOLERITE [21331]",24.92,53.28,6.27,26.19,5.61,1.77,4.71,0.71,3.9,0.65,1.74,0.23,1.45,0.23
33.15,-8.12,"DOLERITE [21331]",29.66,62.96,7.55,31.96,6.71,2.17,5.55,0.84,4.8,0.82,2.03,0.29,1.86,0.27
33.15,-8.12,"DOLERITE [21331]",12.45,28.06,3.59,16.75,4.3,1.45,4.09,0.59,3.51,0.67,1.72,0.23,1.62,0.22
29.5,119,"DOLERITE [21343]",22.3,54,7,31.1,7.2,2.29,7.08,0.99,6.31,1.38,3.68,0.49,3.2,0.47
33,117.5,"DOLERITE [21344]",1179,56,114,52.55,9.18,10,2.94,8.23,1.06,5.65,1.11,2.87,0.39,2.59
33,117.5,"DOLERITE [21344]",1204,56,116,58.2,10.3,10.22,2.83,8.48,1.09,5.84,1.14,2.96,0.4,2.63
33,117.5,"DOLERITE [21344]",1230,56.9,119,46.68,8,9.84,2.75,7.61,1.02,5.33,1.02,2.82,0.39,2.58
33,117.5,"DOLERITE [21344]",839,50.8,108,45.46,7.71,9.51,2.55,7.28,0.96,4.98,0.93,2.56,0.35,2.24
33,117.5,"DOLERITE [21344]",788,52,110,44.63,7.83,9.55,2.5,7.31,0.97,5.01,0.93,2.56,0.35,2.26
33,117.5,"DOLERITE [21344]",1186,58.7,124,46.8,7.96,10.6,2.9,8.32,1.1,5.87,1.07,2.94,0.42,2.67
33,117.5,"DOLERITE [21344]",711,50.9,107,48.78,8.3,9.74,2.62,7.96,1.03,5.42,1.04,2.61,0.36,2.33
33,117.5,"DOLERITE [21344]",1169,53.7,113,53.16,9.4,9.69,2.69,7.49,1.01,5.26,1,2.73,0.38,2.49
33,117.5,"DOLERITE [21344]",1101,56.2,118,43.02,7.31,9.99,2.71,7.87,1.04,5.59,1.03,2.83,0.4,2.62
42,95,"DOLERITE [21390]",11.1,28.2,4.07,17.4,4.28,1.32,4.67,0.68,3.96,0.8,2.17,0.3,1.96,0.28
42,95,"DOLERITE [21390]",13.2,33.7,4.84,20.7,5.08,1.52,5.26,0.76,4.41,0.89,2.44,0.33,2.18,0.31
42,95,"DOLERITE [21390]",12.5,31.3,4.53,19.5,4.71,1.48,5.13,0.75,4.29,0.87,2.33,0.32,2.13,0.31
46,90,"DOLERITE [21397]",23.87,57.63,8.065,35.82,8.062,2.507,8.144,1.243,7.104,1.449,3.919,0.562,3.6,0.543
46,90,"DOLERITE [21397]",27.15,61.82,8.332,35.84,7.651,2.459,7.441,1.129,6.402,1.287,3.466,0.49,3.204,0.48
46,90,"DOLERITE [21397]",29.08,68.97,9.225,38.06,7.487,2.285,6.144,0.914,4.914,0.952,2.548,0.348,2.17,0.329
46,90,"DOLERITE [21397]",33.9,78.04,10.42,43.6,9.638,2.804,8.964,1.423,8.001,1.592,4.318,0.621,3.888,0.587
46,90,"DOLERITE [21397]",29.51,71.06,9.73,41.83,9.503,3.768,9.132,1.411,8.076,1.604,4.244,0.594,3.775,0.571
12.157,143.8119,"DOLERITE [21502]",4.57970104114659,12.0457527589913,1.88849007336729,9.04767403872842,2.63312677398061,0.982369980486881,3.36450761589031,0.578357303902287,3.66604149070049,0.793939835802595,2.21749766337639,0.324340311605948,2.1791947503673,0.336254777584999
-20.8,117.8,"GABBRO [7195] / DOLERITE [7293]",8.73,17.5,1.99,8.13,1.78,0.58,2.14,0.37,2.38,0.53,1.47,0.23,1.65,0.24
-20.8,117.8,"GABBRO [7195] / DOLERITE [7293]",13,25.14,2.72,11.09,2.4,0.77,3.87,0.45,2.94,0.65,1.81,0.28,1.97,0.29
-20.8,117.8,"GABBRO [7195] / DOLERITE [7293]",12.64,24.48,2.83,11.19,2.48,0.72,3.71,0.44,2.93,0.63,1.73,0.27,1.9,0.28
28.62,92.22,"DOLERITE [21632]",15.6,34.3,4.37,18.6,4.75,1.55,5.47,0.9,4.99,0.95,2.68,0.34,2.28,0.31
28.62,92.22,"DOLERITE [21632]",15.6,35.6,4.52,19.4,4.82,1.44,4.78,0.8,4.4,0.83,2.31,0.3,1.96,0.27
28.62,92.22,"DOLERITE [21632]",14.6,33.3,4.22,18.1,4.43,1.4,4.67,0.75,4.21,0.81,2.3,0.29,1.92,0.27
28.62,92.22,"DOLERITE [21632]",14.9,33.5,4.26,18.3,4.42,1.37,4.77,0.75,4.23,0.79,2.24,0.3,1.86,0.27
28.62,92.22,"DOLERITE [21632]",19.7,44.6,5.68,24.5,5.71,1.68,5.97,0.98,5.54,1.03,2.91,0.37,2.41,0.33
28.62,92.22,"DOLERITE [21632]",17.6,39.5,5.05,21.6,5.24,1.59,5.23,0.85,4.83,0.94,2.61,0.35,2.12,0.32
28.62,92.22,"DOLERITE [21632]",19.3,42.2,5.48,23.5,5.82,1.78,6.43,1.02,5.86,1.09,3.34,0.43,2.65,0.36
28.62,92.22,"DOLERITE [21632]",22.2,50.8,6.42,27.5,6.47,1.97,6.29,1.05,6.01,1.15,3.19,0.4,2.56,0.37
28.62,92.22,"DOLERITE [21632]",22.6,51.4,6.58,28.4,6.75,1.98,6.8,1.08,6.37,1.2,3.26,0.41,2.67,0.37
28.62,92.22,"DOLERITE [21632]",22.1,50.7,6.49,27.8,6.65,2.18,6.84,1.11,6.15,1.19,3.35,0.43,2.64,0.39
28.62,92.22,"DOLERITE [21632]",25.5,57.5,7.15,31,7.24,2.33,7.2,1.14,6.61,1.3,3.46,0.44,2.81,0.4
28.62,92.22,"DOLERITE [21632]",26.5,60.7,7.68,32,7.71,2.41,7.78,1.25,7.26,1.36,3.77,0.49,3.04,0.44
28.62,92.22,"DOLERITE [21632]",25.9,59.4,7.56,31.8,7.57,2.35,7.78,1.25,7.14,1.31,3.78,0.47,2.98,0.44
28.62,92.22,"DOLERITE [21632]",29,66,8.2,34.7,8.42,2.52,8.31,1.34,7.58,1.48,4.05,0.52,3.26,0.48
28.62,92.22,"DOLERITE [21632]",28.5,64.6,7.89,34.6,8.14,2.46,8.4,1.33,7.47,1.42,4.02,0.52,3.34,0.47
28.62,92.22,"DOLERITE [21632]",39.4,90.5,11.3,47.9,11.2,3.37,11.3,1.8,10.3,1.98,5.72,0.73,4.58,0.69
28.62,92.22,"DOLERITE [21632]",33.2,74.4,9.31,39.5,9.16,2.68,9.09,1.46,8.29,1.61,4.41,0.54,3.59,0.51
28.62,92.22,"DOLERITE [21632]",25.2,56.6,7.01,29.6,7.06,2.2,7.48,1.15,6.63,1.24,3.41,0.47,2.85,0.42
30.5,118,"DOLERITE [21672]",31.64,71.32,9.59,43.08,10.18,2.74,9.77,1.58,9.61,1.91,5.14,0.77,4.64,0.74
30.5,118,"DOLERITE [21672]",14.91,36.55,5.27,24.85,6.69,2.14,7.23,1.18,7.43,1.43,3.9,0.59,3.61,0.54
42,92,"DOLERITE [21702]",9.9,26.5,3.99,18,5.15,1.46,5.46,0.92,5.45,1.09,3.26,0.4,2.61,0.4
42,92,"DOLERITE [21702]",14.6,36,5.46,25,5.97,1.95,6.11,0.97,6.05,1.12,3.35,0.45,2.88,0.43
42,92,"DOLERITE [21702]",10.9,28.9,4.39,20.5,5.35,1.76,5.4,0.91,5.31,1.05,3.25,0.44,2.65,0.4
37,113,"DOLERITE [21764]",17.3,35.3,4.42,19.1,3.66,1.16,3.68,0.51,3.51,0.78,2.21,0.33,2.08,0.32
37,113,"DOLERITE [21764]",15.3,32.3,4.18,17.5,3.79,1.11,3.82,0.56,3.49,0.77,2.14,0.33,2.09,0.31
37,113,"DOLERITE [21764]",15.1,32.2,4.19,17.9,3.72,1.12,3.75,0.57,3.56,0.77,2.24,0.33,2.17,0.33
37,113,"DOLERITE [21764]",14.2,30.5,4.15,17.1,3.91,1.09,3.74,0.55,3.51,0.76,2.18,0.34,2.15,0.33
37,113,"DOLERITE [21764]",14.5,30.6,4.11,17.8,3.72,1.17,3.67,0.54,3.42,0.74,2.22,0.32,2.09,0.31
37,113,"DOLERITE [21764]",11.6,24.6,3.42,14.6,3.23,1.04,3.29,0.49,3.12,0.67,1.99,0.31,1.91,0.32
37,113,"DOLERITE [21764]",14.3,30.2,3.88,16.6,3.98,1.06,3.52,0.52,3.41,0.72,2.21,0.31,2.04,0.32
37,113,"DOLERITE [21764]",7.81,16.9,2.28,10.5,2.42,0.78,2.51,0.35,2.21,0.49,1.45,0.22,1.48,0.23
37,113,"DOLERITE [21764]",10.5,14.4,1.89,8.04,1.95,0.63,2.03,0.27,1.81,0.4,1.17,0.17,1.43,0.18
37,113,"DOLERITE [21764]",9.16,17.1,2.19,9.91,2.22,0.66,2.3,0.32,2.16,0.47,1.29,0.2,1.35,0.21
37,113,"DOLERITE [21764]",8.71,14.9,2.21,10.3,2.55,0.86,3.41,0.56,3.43,0.77,2.23,0.34,2.18,0.35
37,113,"DOLERITE [21764]",8.53,14.4,2.17,10.2,2.69,0.88,3.51,0.57,3.76,0.84,2.39,0.36,2.38,0.36
37,113,"DOLERITE [21764]",8.62,15.3,2.22,9.85,2.54,0.88,3.34,0.55,3.64,0.79,2.21,0.33,2.15,0.33
37,113,"DOLERITE [21764]",13.1,22.4,2.76,14.2,3.62,1.33,5.12,0.77,4.82,1.06,3.05,0.43,2.77,0.43
37,113,"DOLERITE [21764]",11.2,21.2,2.83,14.3,3.8,1.21,4.62,0.76,5.1,1.12,3.1,0.46,3.01,0.46
37,113,"DOLERITE [21764]",11.6,22.5,3.15,13.4,3.73,1.24,4.52,0.75,5.05,1.11,3.13,0.46,2.96,0.47
37,113,"DOLERITE [21764]",10.4,20.6,3.04,14.2,3.98,1.24,4.77,0.77,4.89,1.08,3.16,0.47,3.06,0.46
37,113,"DOLERITE [21764]",10.8,21.3,3.13,13.7,3.69,1.19,4.32,0.72,4.77,1.06,3.09,0.44,2.89,0.44
37,113,"DOLERITE [21764]",12.1,23.5,3.23,14.6,3.89,1.31,4.94,0.78,4.83,1.12,3.21,0.47,2.98,0.48
37,113,"DOLERITE [21764]",11.3,23.3,3.19,14.6,3.78,1.26,4.87,0.81,4.99,1.14,3.22,0.49,3.04,0.46
37,113,"DOLERITE [21764]",11.4,22.2,3.06,14.2,3.8,1.26,4.62,0.71,4.82,1.06,3.13,0.47,2.84,0.46
37,113,"DOLERITE [21764]",11.4,21.6,3.03,14.4,3.67,1.22,4.55,0.75,4.84,1.11,3.16,0.46,2.93,0.47
37,113,"DOLERITE [21764]",10.4,20.6,2.93,13.3,3.59,1.17,4.15,0.69,4.36,0.98,2.82,0.42,2.71,0.43
37,113,"DOLERITE [21764]",10.9,22.1,3.12,13.8,3.57,1.16,4.44,0.73,4.71,1.05,2.94,0.43,2.73,0.43
37,113,"DOLERITE [21764]",12.3,25.2,3.25,16.1,4.25,1.51,5.41,0.89,5.61,1.32,3.71,0.53,3.45,0.54
37,113,"DOLERITE [21764]",14.1,29.9,4.13,18,4.49,1.46,4.84,0.7,4.31,0.94,2.68,0.4,2.52,0.36
37,113,"DOLERITE [21764]",13.7,30.3,3.82,17.6,4.52,1.36,4.52,0.68,4.32,0.94,2.63,0.39,2.48,0.39
37,113,"DOLERITE [21764]",14.2,31.7,3.96,18,4.54,1.46,5.01,0.75,4.54,1.01,2.8,0.43,2.72,0.39
37,113,"DOLERITE [21764]",13.1,29.4,3.83,17.7,4.46,1.35,4.69,0.67,4.16,0.95,2.63,0.34,2.38,0.34
37,113,"DOLERITE [21764]",16.8,34.8,4.4,19.2,4.53,1.58,4.84,0.72,4.39,0.97,2.65,0.34,2.26,0.31
37,113,"DOLERITE [21764]",8.62,16.5,2.24,9.33,2.38,0.84,2.87,0.43,2.78,0.59,1.75,0.26,1.74,0.26
37,113,"DOLERITE [21764]",104,226,27.4,117,27.3,7.09,24.9,3.37,19.6,3.79,9.47,1.28,7.48,1.14
37,113,"DOLERITE [21764]",88.6,201,24.3,107,23.6,6.25,20.9,2.78,15.6,3.15,7.89,1.09,6.78,1.04
37,113,"DOLERITE [21764]",9.14,19.7,2.63,11.7,3.51,1.07,4.56,0.73,4.63,1.06,3.02,0.45,2.91,0.45
37,113,"DOLERITE [21764]",9.39,22.3,3.03,14.2,3.86,1.42,4.65,0.69,4.21,0.95,2.56,0.39,2.37,0.37
37,113,"DOLERITE [21764]",8.15,18.4,2.51,11.4,3.33,1.15,4.08,0.68,4.33,0.98,2.99,0.43,2.69,0.42
37,113,"DOLERITE [21764]",8.93,20.2,2.81,12.4,3.71,1.32,4.57,0.76,4.86,1.11,3.17,0.48,3.02,0.45
56.2625,109.7174,"DOLERITE [21826]",2.1,4.1,0.49,16,3.08,0.19,0.46,0.09,0.54,0.11,0.33,0.05,0.35,0.06
56.3639,109.956,"DOLERITE [21826]",13,26,3.14,18.2,3.63,1.09,3.03,0.54,3.33,0.7,2.01,0.3,1.97,0.3
10.5,-85,"DOLERITE [5873]",3.2,8.5,1.43,7.13,2.33,0.87,3.19,0.6,3.71,0.82,1.92,0.32,1.81,0.31
10.5,-85,"DOLERITE [5873]",2.43,6.44,1.07,5.3,1.77,0.68,2.3,0.46,2.82,0.62,1.56,0.26,1.54,0.26
25,109,"DOLERITE [21859]",19.9,39.2,4.77,17.79,3.64,0.98,3.94,0.59,4.22,0.94,2.85,0.43,2.6,0.358
25,109,"DOLERITE [21859]",21.4,40.8,4.86,17,3.66,0.98,3.87,0.56,4.55,0.97,2.93,0.44,2.92,0.43
25,109,"DOLERITE [21859]",19.4,35.3,4.77,19.2,4.03,1.17,4.62,0.71,5.11,1.13,3.39,0.5,2.88,0.362
25,109,"DOLERITE [21859]",48.4,109,12.8,46.91,9.02,2.19,7.24,0.86,5.07,0.98,2.76,0.4,2.53,0.385
26,110,"DOLERITE [21859]",17.8,39.4,4.93,20.4,4.9,1.14,3.89,0.42,2.19,0.4,1.07,0.14,0.87,0.313
26,110,"DOLERITE [21859]",12.6,26.7,3.38,14.08,3.35,0.98,3.26,0.46,3.01,0.64,1.71,0.23,1.29,0.182
26,110,"DOLERITE [21859]",20.8,48.1,6.47,27.19,6.09,1.87,5.77,0.8,5.31,1.09,2.81,0.38,2.04,0.337
26,110,"DOLERITE [21859]",15.1,33.3,4.28,18.25,4.72,1.41,4.88,0.69,4.82,1.04,2.73,0.38,2.16,0.336
26,110,"DOLERITE [21859]",33.7,83.1,10.7,42.64,9.49,2.8,8.85,1.18,7.45,1.53,3.91,0.49,2.48,0.31
30,120,"DOLERITE [21860]",8.82,24.24,2.73,13.87,3.83,1.39,3.88,0.77,4.99,1.02,2.76,0.53,3.19,0.46
30,120,"DOLERITE [21860]",14.6,32.88,3.23,14.91,3.53,1.2,3.41,0.63,4.02,0.84,2.3,0.44,2.75,0.4
30,120,"DOLERITE [21860]",14.39,33.11,3.24,14.95,3.56,1.37,3.53,0.66,4.21,0.87,2.41,0.46,2.86,0.42
30,120,"DOLERITE [21860]",12.1,27.01,2.67,12.37,2.93,1.02,2.84,0.53,3.36,0.69,1.9,0.36,2.25,0.33
30,120,"DOLERITE [21860]",14.82,33.56,3.34,15.28,3.59,1.24,3.47,0.64,4.12,0.85,2.35,0.45,2.79,0.41
30,120,"DOLERITE [21860]",10.74,24.74,2.45,11.23,2.64,0.93,2.58,0.48,3.03,0.63,1.74,0.33,2.06,0.3
30,120,"DOLERITE [21860]",11.49,26.19,2.57,11.86,2.84,1.06,2.77,0.52,3.37,0.69,1.9,0.36,2.19,0.32
30,120,"DOLERITE [21860]",12.13,27.62,2.71,12.44,2.93,1.02,2.85,0.53,3.35,0.7,1.93,0.37,2.25,0.33
30,120,"DOLERITE [21860]",21.09,35.46,5,23.83,5.74,2.08,5.49,0.98,5.99,1.19,3.18,0.59,3.52,0.51
30,120,"DOLERITE [21860]",16.65,39.18,4.27,20.62,5.12,1.88,4.93,0.91,5.61,1.12,3,0.56,3.36,0.48
30,120,"DOLERITE [21860]",7.59,17.3,2.26,9.88,2.52,0.89,2.75,0.44,2.82,0.6,1.75,0.25,1.67,0.25
30,120,"DOLERITE [21860]",11.9,27.3,3.44,14.1,3.29,1.1,3.44,0.52,3.04,0.63,1.78,0.27,1.74,0.25
30,120,"DOLERITE [21860]",13,34,4.57,20.3,5.3,1.7,5.78,0.92,5.48,1.13,3.22,0.48,2.96,0.45
30,120,"DOLERITE [21860]",24.5,54.8,7.47,33.5,8.06,2.53,8.25,1.36,8.03,1.68,4.67,0.63,4.21,0.64
30,120,"DOLERITE [21860]",11.9,28.3,3.81,17.8,4.54,1.66,5.11,0.83,4.8,1.03,2.73,0.37,2.57,0.39
30,120,"DOLERITE [21860]",11.3,26.1,3.31,14.1,3.5,1.19,3.97,0.67,4.26,0.97,2.62,0.36,2.5,0.38
30,120,"DOLERITE [21860]",8.22,18.8,2.38,10.2,2.54,0.99,2.86,0.47,2.93,0.66,1.79,0.25,1.72,0.27
30,120,"DOLERITE [21860]",7.74,16.9,2.34,10.4,2.66,0.85,2.93,0.5,3.24,0.72,2.03,0.28,1.97,0.29
30,120,"DOLERITE [21860]",21.88,50.18,7.17,34.06,8.85,2.79,9.29,1.51,9.31,1.92,5.42,0.76,4.77,0.71
30,120,"DOLERITE [21860]",10.64,26.24,3.66,17.46,4.53,1.59,4.7,0.8,4.87,1.01,2.85,0.41,2.65,0.4
30,120,"DOLERITE [21860]",11.15,27.37,3.86,18.53,4.91,1.77,5.1,0.85,5.2,1.07,3.05,0.44,2.79,0.42
30,120,"DOLERITE [21860]",27.71,61.47,8.06,35.92,8.49,3.09,9.14,1.49,9.14,1.89,5.42,0.77,4.9,0.74
8,-13,"DOLERITE [21875]",30.95,65.17,9.84,38.05,8.44,2.96,8.56,1.51,7.48,1.76,4.64,0.65,3.33,0.54
36.8503,99.2755,"DOLERITE [21954]",12.73,27.48,3.553,15.35,3.582,0.99,3.678,0.684,4.167,0.892,2.495,0.37,2.378,0.359
36.8543,99.2812,"DOLERITE [21954]",13.83,29.45,3.77,15.95,3.628,0.99,3.685,0.675,4.186,0.881,2.483,0.366,2.392,0.362
36.8583,99.2866,"DOLERITE [21954]",14.09,29.58,3.885,16.45,3.771,1.046,3.874,0.703,4.331,0.924,2.62,0.383,2.478,0.379
36.8315,99.2651,"DOLERITE [21954]",14.31,29.64,3.862,16.31,3.671,1.008,3.77,0.686,4.206,0.885,2.524,0.371,2.391,0.364
36.8361,99.2718,"DOLERITE [21954]",13.66,28.39,3.722,15.74,3.632,0.985,3.641,0.668,4.107,0.87,2.475,0.363,2.362,0.355
36.8417,99.2775,"DOLERITE [21954]",12.88,27.15,3.603,15.44,3.615,0.989,3.604,0.675,4.124,0.865,2.458,0.361,2.363,0.354
-21,165,"DOLERITE [21999]",2.55,8.73,1.2,5.66,1.66,0.54,1.74,0.3,1.82,0.37,1.01,0.14,0.89,0.13
-21,165,"DOLERITE [21999]",3.76,9.79,1.6,7.63,2.47,0.97,3.28,0.6,3.97,0.87,2.42,0.36,2.37,0.37
-21,165,"DOLERITE [21999]",4.12,10.9,1.72,8.34,2.75,1.01,3.47,0.64,4.13,0.93,2.64,0.39,2.59,0.41
-21,165,"DOLERITE [21999]",3.16,7.88,1.25,5.76,1.85,0.73,2.28,0.42,2.75,0.61,1.66,0.25,1.66,0.26
-21,165,"DOLERITE [21999]",3.06,8.5,1.36,6.73,2.23,0.79,2.81,0.52,3.35,0.75,2.1,0.32,2.07,0.32
-21,165,"DOLERITE [21999]",6.19,15.973,2.347,11.178,3.336,1.192,4.269,0.77,5.019,1.096,3.107,2.138,2.93,0.449
-21,165,"DOLERITE [21999]",3.173,8.971,1.429,7.327,2.354,0.967,3.021,0.542,3.476,0.749,2.091,1.876,1.941,0.289
-21.5077,165.4552,"DOLERITE [21999]",3.3377,8.8615,1.3402,6.8161,2.3215,0.9446,2.8262,0.5325,3.5852,0.8136,2.1884,0.3196,2.1753,0.3377
-21.4674,165.3943,"DOLERITE [21999]",5.012,12.1098,1.7841,8.7328,2.8051,1.079,3.3565,0.615,4.211,0.937,2.4657,0.3586,2.4395,0.3808
-21,165,"DOLERITE [21999]",4.2857,10.7141,1.5825,7.7106,2.5182,0.9704,3.035,0.5588,3.7619,0.8406,2.3262,0.3352,2.3178,0.3465
-21.762,165.1134,"DOLERITE [21999]",3.3117,8.4288,1.2551,6.3835,2.0916,0.8189,2.6261,0.496,3.4057,0.7518,2.0558,0.3001,2.0211,0.3121
-21,165,"DOLERITE [21999]",4.71,12,1.89,9.04,2.86,1.04,3.44,0.65,4.12,0.91,2.57,0.39,2.5,0.4
-21,165,"DOLERITE [21999]",4.3289,12.064,1.9146,9.9933,3.3,1.2427,3.9186,0.7111,4.7901,1.0499,2.8255,0.4053,2.7513,0.4033
-21.4898,165.3306,"DOLERITE [21999]",4.0265,10.1174,1.4906,7.3373,2.3857,0.9225,2.8329,0.5241,3.5176,0.7787,2.1074,0.3048,2.0507,0.3193
-21.762,165.1134,"DOLERITE [21999]",5.0966,13.0202,1.9303,9.4882,3.0943,1.1385,3.7483,0.6677,4.5386,1.0052,2.7629,0.4015,2.7018,0.42
-21,165,"DOLERITE [21999]",4.6271,11.6993,1.735,8.5846,2.741,1.0417,3.3765,0.6105,4.1832,0.9274,2.5837,0.3658,2.5197,0.3828
-21.504,165.339,"DOLERITE [21999]",5.252,13.3666,1.9699,9.7125,3.083,1.1322,3.7805,0.6929,4.6912,1.0463,2.8689,0.4166,2.8215,0.4364
-21.486,165.507,"DOLERITE [21999]",3.9388,9.8692,1.4613,7.2866,2.3509,0.9027,2.9254,0.5333,3.6455,0.8109,2.2227,0.3234,2.1954,0.3342
-21.0701,164.868,"DOLERITE [21999]",3.6606,9.3606,1.418,7.0595,2.4137,0.9192,2.944,0.5459,3.7508,0.835,2.3078,0.3412,2.2949,0.3518
-21,165,"DOLERITE [21999]",4.3837,10.9403,1.6146,7.9122,2.5561,0.9452,3.0798,0.5623,3.8138,0.8441,2.2969,0.3335,2.2567,0.3529
-21,165,"DOLERITE [21999]",3.6461,9.7504,1.5166,7.7986,2.5754,0.9933,3.0563,0.5558,3.774,0.8146,2.2467,0.3189,2.1581,0.3286
-21.0517,164.8892,"DOLERITE [21999]",21.2145,49.6631,6.6698,29.9718,8.4321,2.6607,9.6275,1.8428,13.4404,3.277,9.6664,1.4959,10.5969,1.7043
24.9917,85.2667,"DOLERITE [22054]",14.8,34.7,4.9,20.8,5.09,1.82,5.37,0.88,5.12,1.06,2.84,0.42,2.7,0.41
24.9917,85.2667,"DOLERITE [22054]",3.8,9.3,1.5,6.6,2,1.02,2.36,0.43,2.61,0.56,1.49,0.23,1.48,0.22
24.9917,85.2667,"DOLERITE [22054]",5.8,12.4,1.7,7.5,2.11,1.11,2.48,0.43,2.63,0.56,1.47,0.22,1.45,0.22
24.9917,85.2667,"DOLERITE [22054]",16.1,37.8,5.3,22.8,5.88,2.13,6.59,1.11,6.59,1.41,3.7,0.56,3.59,0.52
24.9917,85.2667,"DOLERITE [22054]",7.5,19.9,2.8,12.4,3.29,1.09,3.84,0.68,4.11,0.88,2.35,0.37,2.47,0.38
24.9917,85.2667,"DOLERITE [22054]",16.2,39.3,5.5,24.2,6.25,2.14,7.06,1.17,7.03,1.48,3.89,0.58,3.75,0.56
24.9917,85.2667,"DOLERITE [22054]",12.2,28.9,4.1,17.9,4.38,1.52,4.74,0.75,4.51,0.92,2.42,0.36,2.25,0.34
24.9917,85.2667,"DOLERITE [22054]",5.1,11,1.5,6.4,1.8,0.75,2.27,0.4,2.58,0.55,1.48,0.22,1.46,0.22
25.5,72.5,"DOLERITE [22083]",16.6,49.2,7.1,33.8,8.6,3.4,8.7,1.3,7.8,1.5,4.2,0.6,3.7,0.5
25.5,72.5,"DOLERITE [22083]",54,118.8,16.7,79.6,18.8,5.8,18.5,2.6,16.3,3.2,8.4,1.1,7.3,1.1
25.5,72.5,"DOLERITE [22083]",23.6,51.3,7.1,32.9,7.9,3,7.9,1.2,7.5,1.4,3.8,0.5,3.4,0.5
25.5,72.5,"DOLERITE [22083]",14.2,34.8,5.2,23.6,6.8,2.3,7.8,1.3,8.3,1.8,4.7,0.7,4.5,0.7
25.5,72.5,"DOLERITE [22083]",13.6,30,4.3,21.1,6,2.2,7,1.2,8.3,1.7,4.9,0.7,5,0.7
25.5,72.5,"DOLERITE [22083]",13,30.8,4.3,21.4,6.2,2.2,7.4,1.3,8.2,1.7,5,0.7,4.8,0
36,117,"DOLERITE [22090]",17.5,36.2,4.07,16.6,3.77,1.14,3.43,0.44,2.47,0.47,1.24,0.17,1.05,0.16
36,117,"DOLERITE [22090]",27.7,56.6,5.55,21,4.01,1.2,3.42,0.47,2.49,0.48,1.21,0.17,1.01,0.15
36,117,"DOLERITE [22090]",10.5,24.6,3.14,13.8,3.38,1.03,3.29,0.45,2.49,0.46,1.23,0.17,1.04,0.16
36,117,"DOLERITE [22090]",9.3,23.6,2.95,13.1,3.19,0.98,3.11,0.44,2.34,0.45,1.24,0.17,1,0.15
36,117,"DOLERITE [22090]",11.2,20.6,2.48,10.3,2.68,0.7,3.29,0.53,3.35,0.71,2.01,0.3,1.9,0.29
36,117,"DOLERITE [22090]",32.9,66.6,7.15,28,5.22,1.5,4.43,0.61,3.24,0.59,1.5,0.21,1.14,0.16
36,117,"DOLERITE [22090]",31.9,63.4,6.89,26,4.97,1.41,4.11,0.55,2.97,0.54,1.39,0.19,1.12,0.16
36,117,"DOLERITE [22090]",20.7,43,4.7,18.4,3.86,1.17,3.67,0.5,2.73,0.54,1.53,0.22,1.35,0.21
36,117,"DOLERITE [22090]",24.5,47,5,19.4,4.12,1.22,3.57,0.5,2.76,0.55,1.51,0.22,1.39,0.22
36,117,"DOLERITE [22090]",21,44,4.8,19,3.9,1.22,3.7,0.47,2.5,0.49,1.34,0.19,1.17,0.18
36,117,"DOLERITE [22090]",18,36.6,4.05,16.5,3.75,1.23,3.56,0.47,2.73,0.52,1.43,0.21,1.38,0.21
36,117,"DOLERITE [22090]",32.2,68.2,6.86,25.5,4.76,1.28,3.66,0.48,2.64,0.52,1.46,0.21,1.36,0.21
36,117,"DOLERITE [22090]",21.7,45.5,5.1,19.7,3.86,1.22,3.35,0.45,2.66,0.55,1.55,0.23,1.47,0.23
36,117,"DOLERITE [22090]",19.6,42.6,4.7,19.1,3.97,1.17,3.65,0.49,2.83,0.55,1.57,0.23,1.48,0.22
69.6662,31.666,"DOLERITE [22112]",14.9,31,3.8,15.1,3.17,0.99,3.39,0.52,3.09,0.64,1.88,0.26,1.73,0.26
69.6662,31.666,"DOLERITE [22112]",12,25,3.2,12.9,2.76,0.84,2.84,0.46,2.84,0.59,1.74,0.24,1.59,0.25
69.6662,31.666,"DOLERITE [22112]",12.7,26,3.4,14,3.04,0.9,3.28,0.51,3.17,0.66,1.95,0.28,1.63,0.27
69.6662,31.666,"DOLERITE [22112]",14.9,30,3.8,15.3,3.2,0.93,3.32,0.52,3.15,0.67,1.88,0.29,1.85,0.28
69.6662,31.666,"DOLERITE [22112]",20,42,5.5,22,4.17,1.19,3.98,0.55,3.25,0.59,1.53,0.21,1.4,0.2
69.6662,31.666,"DOLERITE [22112]",18.8,40,5.4,20,4.04,1.17,3.78,0.53,3.02,0.62,1.51,0.22,1.41,0.2
69.6662,31.666,"DOLERITE [22112]",15.9,32,4.2,16.7,3.53,1,3.62,0.55,3.66,0.74,2.04,0.31,2.03,0.3
69.6662,31.666,"DOLERITE [22112]",10.6,22,2.9,11.9,2.49,0.78,2.52,0.4,2.62,0.55,1.57,0.24,1.6,0.24
69.6662,31.666,"DOLERITE [22112]",14.6,31,4.1,15.9,3.21,0.94,3.15,0.49,3.01,0.65,1.85,0.28,1.82,0.26
51.2011,167.7767,"DOLERITE [7524]",8.75,23.6,3.75,18.2,5.26,1.87,6.26,1.07,6.34,1.33,3.6,0.545,3.32,0.495
50,82.5,"DOLERITE, OLIVINE [22183]",15.9,43,6.1,28,6.5,2.5,6.5,1.12,6.8,1.29,3.6,0.53,3.5,0.52
50,82.5,"DOLERITE, OLIVINE [22183]",17.9,47,7.3,27.1,7,2.3,8,1.21,7.4,1.56,4.2,0.59,3.9,0.54
-6.0775,-164.692,"DOLERITE [22191]",4.35450727070482,10.7952543229851,1.68325066235211,8.64125978359794,2.69805513196481,1.04005125960368,3.3092012746909,0.587544989382142,3.78971574476691,0.786764202649408,2.15581481646274,0.315868635858024,2.02606951157852,0.301862615026797
-6.0757,-164.6913,"DOLERITE [22191]",4.67616739736947,10.8828074930251,1.68451701873256,8.41510721402949,2.63271215623754,1.00733344008928,3.21467280587018,0.567820326823436,3.6816094061379,0.762743722598645,2.09899096054205,0.308188345954564,1.96219561578318,0.294080079713033
-6.0733,-164.69,"DOLERITE [22191]",3.98479687968797,10.1120222022202,1.57581513151315,8.05661116111611,2.54350865086509,1.02246994554175,3.11335958176694,0.557611511151115,3.58071607160716,0.74014801480148,2.02580512051205,0.300410076007601,1.89487893789379,0.283406675667567
-6.0717,-164.6895,"DOLERITE [22191]",3.11510995762712,7.78651412429378,1.22193806497175,6.27863347457627,2.02126610169492,0.776921910642938,2.48243442774664,0.445606468926554,2.91540402542373,0.60365656779661,1.64185004590395,0.245850105932203,1.54419081920904,0.233696285310734
-6.0703,-164.6888,"DOLERITE, OLIVINE [22191]",3.2448136634664,8.57435189489641,1.36573206670035,7.21013562405255,2.32472557857504,0.849279067903224,2.82791939718277,0.498393677614957,3.18266603335018,0.656844871147044,1.77408747043962,0.261020046488125,1.63807005558363,0.245356822637696
-6.0703,-64.689,"DOLERITE [22191]",3.23847799879445,8.76146373317259,1.4013321076954,7.30540385774563,2.38392147880249,0.959942205426241,2.96915112973063,0.533219168173599,3.49554788024915,0.725519489652401,1.99141292445248,0.295931617440225,1.85923783403657,0.278057227245329
-75,-137,"DOLERITE [22205]",14,30.9,4.17,19,4.25,1.27,3.47,0.56,3.25,0.58,1.67,0.21,1.56,0.2
-75,-137,"DOLERITE [22205]",14.8,35,5.09,22.55,4.97,1.47,4.51,0.74,3.72,0.77,2.14,0.26,1.44,0.31
39.5,31.5,"DOLERITE [22231]",18.2,35.5,4.18,17,3.35,1.02,3.3,0.56,3.27,0.68,1.91,0.25,1.93,0.31
29.6182,121.0547,"DOLERITE [22243]",33.7,69.3,7.98,31.5,5.32,1.89223335006259,4.79887060067664,0.609,2.85,0.517,1.55,0.211,1.28,0.18
36.5,104,"DOLERITE [22251]",16.5,36,3.87,16.2,3.41,1.14,3.13,0.47,2.59,0.5,1.38,0.2,1.33,0.2
36.5,104,"DOLERITE [22251]",16.8,37.4,3.97,16.7,3.52,1.3,3.2,0.48,2.6,0.49,1.35,0.2,1.33,0.19
36.5,104,"DOLERITE [22251]",16.6,36.4,3.9,16.4,3.46,1.2,3.1,0.47,2.58,0.5,1.38,0.2,1.35,0.2
36.5,104,"DOLERITE [22251]",14,29.4,3.78,15.6,3.27,0.96,3,0.46,2.54,0.51,1.4,0.21,1.35,0.2
40.6,91.56,"DOLERITE [22253]",9.75,21.2,3.27,15.1,3.95,1.28,4.42,0.77,4.88,1.02,2.77,0.41,2.61,0.39
40.6,91.56,"DOLERITE [22253]",5.64,12.8,2,9.16,2.51,0.89,2.79,0.48,3.05,0.64,1.77,0.27,1.71,0.25
40.6,91.56,"DOLERITE [22253]",10.2,21.7,3.33,15.1,3.98,1.28,4.41,0.78,4.81,0.99,2.71,0.41,2.54,0.38
26.5,99.7,"DOLERITE [22306]",13,28.5,3.6,16.8,4.04,1.25,4.7,0.81,4.99,1.08,3.13,0.45,2.92,0.45
26.5,99.7,"DOLERITE [22306]",12.1,26.5,3.32,15.6,4.2,1.44,4.19,0.7,4.66,0.96,2.92,0.43,2.71,0.41
26.445,99.672,"DOLERITE [22306]",12,26.6,3.34,15.5,3.7,1.27,4.19,0.76,4.93,1,2.81,0.44,2.76,0.42
81.78,-29.49,"DOLERITE [9397]",10.1,21.5,3.06,12.1,3.03,0.95,3.94,0.67,4.1,0.89,2.51,0.38,2.39,0.355
-32.5807,116.9174,"DOLERITE [22364]",16.9,36.5,4.64,18.86,4.29,1.43,4.71,0.782,4.83,1.03,2.85,0.426,2.69,0.398
-32.5807,116.9174,"DOLERITE [22364]",17.5,37.7,4.78,19.07,4.52,1.48,4.8,0.8,4.89,1.04,2.91,0.431,2.72,0.401
-32.5872,116.7776,"DOLERITE [22364]",14.4,31.1,3.94,16.12,3.62,1.28,3.89,0.641,3.95,0.829,2.3,0.342,2.15,0.319
-32.6678,116.8121,"DOLERITE [22364]",13.8,29.7,3.81,15.34,3.51,1.3,4.01,0.661,4.12,0.866,2.38,0.354,2.2,0.325
-31,150,"DOLERITE [22381]",14.3,32,5.01,23.4,6.29,1.99,7.44,1.17,7.26,1.52,4.45,0.63,3.96,0.62
-31,150,"DOLERITE [22381]",20.4,45.9,7.16,32.2,8.18,2.61,9.13,1.45,9.32,1.91,5.68,0.82,5.08,0.79
-31,150,"DOLERITE [22381]",20,54.4,8.2,40.9,12.3,3.8,13.3,2,12.2,2.5,6.9,0.9,5.9,0.9
-31,150,"DOLERITE [22381]",7.7,21.3,3.3,16.2,5.3,1.8,6,1,6.1,1.3,3.4,0.5,3,0.5
-31,150,"DOLERITE [22381]",8.9,23.2,3.6,17.1,5.5,1.9,6.2,1,6.5,1.4,3.8,0.6,3.6,0.5
-31,150,"DOLERITE [22381]",9.2,24.1,3.6,17.2,5.1,1.8,5.6,0.9,5.8,1.2,3.4,0.5,3.2,0.5
-31,150,"DOLERITE [22381]",7.6,20.7,3.2,15.7,4.9,1.8,5.5,0.9,5.9,1.2,3.4,0.5,3.3,0.5
-31,150,"DOLERITE [22381]",2.9,6.3,0.48,2.8,0.74,2.8,0.78,0.12,0.8,0.17,0.54,0.07,0.53,0.04
-31,150,"DOLERITE [22381]",10.1,27.9,4.44,23.3,7.91,23.3,9.11,1.51,9.49,2.26,6.77,0.96,6.65,0.99
-31,150,"DOLERITE [22381]",6.4,15.4,2.26,12.5,3.93,12.5,4.57,0.76,4.7,1.06,3.17,0.45,3.16,0.43
-31,150,"DOLERITE [22381]",13.6,34.2,5.09,25.8,8.15,25.8,8.74,1.45,8.98,2.08,6.35,0.88,6.26,0.93
-31,150,"DOLERITE [22381]",6.4,16.7,2.42,13.1,4.35,13.1,4.99,0.81,5.04,1.11,3.31,0.48,3.27,0.44
-31,150,"DOLERITE [22381]",8.7,19.6,2.45,11.6,3.6,11.6,3.6,0.61,3.95,0.94,2.85,0.45,3,0.4
29,33,"DOLERITE, OLIVINE [22388]",21.2,48.48,6.56,28.44,6.67,2.29,6.88,1.04,6.08,1.16,3.05,0.43,2.75,0.4
29,33,"DOLERITE, OLIVINE [22388]",19.57,44.33,5.96,25.87,6.1,2.12,6.32,0.94,5.55,1.06,2.77,0.39,2.5,0.36
29,33,"DOLERITE, OLIVINE [22388]",21.22,47.94,6.47,28.77,7.23,2.56,7.43,1.21,7.13,1.36,3.49,0.47,2.73,0.43
29,33,"DOLERITE, OLIVINE [22388]",21.37,48.32,6.5,28.09,6.49,2.15,6.59,1.01,5.87,1.11,2.91,0.41,2.65,0.37
29,33,"DOLERITE, OLIVINE [22388]",20.56,46.18,6.25,28.02,6.97,2.52,7.26,1.12,6.53,1.26,3.13,0.42,2.46,0.37
29,33,"DOLERITE, OLIVINE [22388]",20.71,47.04,6.34,27.47,6.42,2.19,6.6,1,5.84,1.11,2.91,0.41,2.63,0.38
61,-72,"DOLERITE [22422]",20.9,50.5,6.98,32.98,7.67,2.55,7.23,1.12,5.93,1.3,3.26,0.46,3,0.45
38.4526,39.6368,"DOLERITE [22439]",11,23.9,3.04,13.19,3.02,0.95,3.25,0.52,3.26,0.68,1.98,0.3,1.95,0.3
38.4712,39.6429,"DOLERITE [22439]",13.4,29.4,3.92,17.5,4.15,1.35,4.34,0.73,4.61,0.98,2.83,0.43,2.81,0.43
38.4736,39.6448,"DOLERITE [22439]",13.7,31.4,4.26,19.09,4.64,1.49,5.01,0.84,5.42,1.16,3.39,0.52,3.43,0.51
38.4252,39.6479,"DOLERITE [22439]",10.3,23.3,3.21,14.24,3.39,1.12,3.5,0.55,3.38,0.7,2.04,0.31,1.96,0.31
38.3825,39.5634,"DOLERITE [22439]",7.1,15.7,2.13,9.83,2.76,0.97,3.31,0.59,3.81,0.81,2.32,0.35,2.21,0.33
38.3471,39.6515,"DOLERITE [22439]",4.4,10.1,1.43,6.86,1.99,0.71,2.51,0.43,2.87,0.62,1.87,0.29,1.85,0.29
38.3088,39.6535,"DOLERITE [22439]",6.3,14.8,2.08,9.73,2.72,0.97,3.37,0.57,3.72,0.81,2.44,0.38,2.4,0.38
38.2591,38.5734,"DOLERITE [22439]",6.7,15.5,2.12,9.96,2.71,0.96,3.23,0.54,3.47,0.73,2.19,0.32,2.05,0.31
38.2604,38.6225,"DOLERITE [22439]",36.3,65.2,6.87,25.62,4.75,1.48,4.5,0.72,4.32,0.89,2.56,0.37,2.4,0.36
55,98,"DOLERITE [9435]",13.9,29.9,3.66,14.7,3.5,0.96,3.35,0.53,3.22,0.68,1.95,0.28,1.78,0.24
55,98,"DOLERITE [9435]",15.1,31.2,4.16,16.6,3.57,1.08,3.41,0.55,3.22,0.71,1.78,0.29,1.75,0.26
55,98,"DOLERITE [9435]",14.5,30.3,4,16.4,3.46,0.96,3.49,0.55,3.23,0.7,1.83,0.3,1.73,0.25
55,98,"DOLERITE [9435]",16.8,34.7,4.68,18.5,4.14,1.18,3.89,0.62,3.73,0.78,2.11,0.36,1.95,0.29
55,98,"DOLERITE [9435]",15.7,33,4.09,16.3,3.96,1.05,3.49,0.59,3.48,0.68,2.04,0.31,1.77,0.25
55,98,"DOLERITE [9435]",13.1,27.7,3.8,15.5,3.24,1.02,3.51,0.54,3.27,0.72,1.83,0.32,1.85,0.28
55,98,"DOLERITE [9435]",15.4,33.2,4.12,16.4,3.91,1.03,3.63,0.58,3.6,0.74,2.1,0.32,1.86,0.28
55,98,"DOLERITE [9435]",14.7,29.6,3.42,15.8,3.98,1.02,3.4,0.6,3,0.62,1.88,0.27,1.84,0.26
55,98,"DOLERITE [9435]",26.6,53.1,6.18,24.5,4.92,1.53,5.41,0.98,4.96,0.98,3.06,0.49,2.78,0.42
55,98,"DOLERITE [9435]",20.3,39.2,4.57,18.3,3.82,1.22,3.83,0.7,3.66,0.72,2.24,0.35,2.06,0.3
55,98,"DOLERITE [9435]",19.4,42.7,5.48,23.1,5.49,1.75,5.23,0.84,4.92,0.94,2.79,0.4,2.22,0.34
55,98,"DOLERITE [9435]",18,40.1,5.24,22.1,5.65,1.68,4.87,0.8,4.5,0.91,2.52,0.38,2.16,0.3
55,98,"DOLERITE [9435]",16,34.5,4.79,20.4,4.5,1.53,4.55,0.67,3.94,0.86,2.17,0.35,2.07,0.31
55,98,"DOLERITE [9435]",16.7,37.2,4.84,20.6,5.02,1.61,4.69,0.77,4.21,0.86,2.35,0.35,2.06,0.3
55,98,"DOLERITE [9435]",18.3,38.1,4.57,21.8,5.6,1.63,4.7,0.81,3.92,0.75,2.25,0.31,2.04,0.3
55,98,"DOLERITE [9435]",34.4,70.4,8.74,36.5,8.28,2.47,9.21,1.69,8.83,1.81,5.54,0.85,4.84,0.73
55,98,"DOLERITE [9435]",32.7,68,8.46,35.8,8.06,2.39,9.24,1.66,8.91,1.83,5.7,0.86,4.71,0.74
55,98,"DOLERITE [9435]",18.4,39.4,5.34,21.1,4.75,1.56,4.49,0.7,4.21,0.64,2.08,0.27,1.87,0.3
55,98,"DOLERITE [9435]",45.4,91.6,11.4,47.4,10.8,3.22,12,2.2,11.5,2.35,7.2,1.1,6.2,0.95
55,98,"DOLERITE [9435]",27.9,57.9,7.02,30.2,7.21,2.14,8.19,1.56,8.4,1.73,5.35,0.82,4.96,0.74
23,111,"DOLERITE [22535]",16.6,34.9,3.85,13.5,2.82,0.58,3.25,0.49,3.36,0.78,2.2,0.34,2.25,0.31
23,111,"DOLERITE [22535]",18.6,38.7,4.32,14.6,3.2,0.68,3.47,0.57,3.78,0.85,2.53,0.42,2.44,0.36
23.1017,111.1686,"DOLERITE [22535]",10.91,24.26,2.92,11.11,2.44,0.51,2.54,0.45,2.89,0.62,1.84,0.28,1.92,0.29
23,111,"DOLERITE [22535]",8.83,18.12,2.3,9.03,2.09,0.5,2.31,0.45,2.83,0.61,1.85,0.28,1.87,0.3
23,111,"DOLERITE [22535]",3.81,9.98,1.65,8.85,3.05,1.03,4.4,0.85,5.93,1.29,3.85,0.57,3.77,0.57
23,111,"DOLERITE [22535]",4.11,9.36,1.69,8.53,2.82,0.99,4,0.79,5.44,1.17,3.56,0.51,3.41,0.53
23.0814,111.0461,"DOLERITE [22535]",3.28,8.62,1.38,7.48,2.55,0.9,3.41,0.69,4.66,0.96,3,0.43,2.95,0.45
23,111,"DOLERITE [22535]",4.4,10.5,1.7,8.3,2.7,1.04,4.11,0.8,5.48,1.15,3.66,0.5,3.31,0.48
23,111,"DOLERITE [22535]",3.2,8.2,1.33,6.4,2.21,0.91,3.45,0.67,4.26,0.93,2.92,0.41,2.64,0.4
23,111,"DOLERITE [22535]",3.2,7.9,1.26,6.2,2.09,0.91,3.58,0.66,4.35,0.97,3.03,0.42,2.72,0.41
23,111,"DOLERITE [22535]",3.2,9,1.3,6.3,2.5,0.88,3.6,0.7,4.51,0.98,2.99,0.45,2.77,0.45
23,111,"DOLERITE [22535]",2.2,6.4,1.05,5.3,2.07,0.74,3.25,0.6,4.19,0.93,2.68,0.46,2.64,0.41
23.0836,111.0422,"DOLERITE [22535]",3.3,8.58,1.4,7.32,2.58,0.9,3.64,0.69,4.74,1.02,3.08,0.44,3.12,0.43
63.575,-110.8667,"DOLERITE [22616]",145,238.1,22.8,70.5,9.37,2.4,6.91,0.63,2.77,0.42,0.69,0.11,0.76,0.12
63.575,-110.8667,"DOLERITE [22616]",29.8,51.9,5.49,20,3.32,0.79,2.09,0.24,1.26,0.19,0.4,0.06,0.41,0.08
63.575,-110.8667,"DOLERITE [22616]",22.5,41.1,4.3,15.2,2.19,0.65,1.69,0.21,1.1,0.21,0.61,0.08,0.46,0.07
-26.3333,131.1,"NOT GIVEN [8380]",7.86,20.05,2.92,13.96,3.99,1.38,4.63,0.83,4.79,0.99,2.71,0.38,2.4,0.35
-26.5333,131.0833,"NOT GIVEN [8380]",10.29,24.48,3.43,15.99,4.37,1.5,5.08,0.85,5.11,1.01,2.88,0.38,2.47,0.356
43.1689,111.1719,"DOLERITE [22729]",47.1,107,13.7,54.9,10.1,2.88,8.11,1.14,6.08,1.09,2.79,0.37,2.13,0.322
43.1689,111.1719,"DOLERITE [22729]",44.1,99.6,13.2,52.61,9.583,2.73,7.69,1.02,5.55,0.97,2.48,0.339,1.96,0.287
43.1689,111.1719,"DOLERITE [22729]",44.2,100,13.1,51.7,9.7,2.78,7.75,1.03,5.6,0.99,2.52,0.34,1.83,0.271
29.8368,118.4233,"DOLERITE [22734]",10.71,23.4,2.81,12.25,3.15,0.96,3.55,0.61,3.95,0.83,2.36,0.35,2.3,0.34
29.8368,118.4233,"DOLERITE [22734]",4.03,10.13,1.38,6.73,2.1,0.73,2.74,0.51,3.41,0.73,2.08,0.31,2.03,0.3
29.8368,118.4233,"DOLERITE [22734]",6.92,17.89,2.41,11.75,3.62,1.15,4.6,0.85,5.55,1.18,3.38,0.51,3.32,0.49
26.3945,102.409,"DOLERITE [22735]",2.79660968570991,7.37974316881136,1.05304368000396,5.31067677235723,1.65048467443772,0.496301457521103,1.92385453070052,0.331911289917353,2.25263631639241,0.48955003171795,1.45798314661056,0.232028640048583,1.50812538293357,0.231753342975933
26,102,"DOLERITE [22735]",7.94627181749279,18.9965186799993,2.5450177738926,11.7869220567811,3.05630798698747,1.08867933930417,3.29471465320784,0.506130868688365,3.24778949242611,0.657236648394679,1.84057177779635,0.267691434792929,1.69749257915258,0.243538693732593
26,102,"DOLERITE [22735]",6.81416699370779,15.473880755489,2.05343687878281,9.82526823737537,2.79856616191269,1.20061268376159,3.06694288172915,0.48557694501243,2.98683507625757,0.585150514251838,1.58521414486342,0.228229726490289,1.38178659919584,0.207233142582327
26,102,"DOLERITE [22735]",11.4787057291896,25.3959630851593,3.27242954886289,15.0056836041034,4.0505856770174,1.97979391104275,4.50844655092773,0.690763271895933,4.51526785104142,0.881257766599143,2.39872518456403,0.325068241474985,1.99370486701371,0.277187502887932
26,102,"DOLERITE [22735]",5.64191832110979,14.3605670747091,2.0890044201465,9.83415954494328,2.59024488385935,1.16437609044211,2.96396289127945,0.55159512193935,3.23290046777036,0.596447980449251,1.75525437385686,0.233054067070747,1.56476428561544,0.245049585640096
26,102,"DOLERITE [22735]",7.6583277695,17.7819879233451,2.55902715637852,11.8703835100435,3.13322989074851,1.27709419078611,3.44249403601788,0.574658109114902,3.47692602660513,0.709439504828578,1.97008638612391,0.288832916123542,1.81153188174271,0.265881097520193
26,102,"DOLERITE [22735]",8.62570413302642,18.8367396832573,2.44592814476786,11.2259420833831,2.95308613762406,1.29041755108561,3.25188844463863,0.486086241586834,3.11743825217725,0.633142648933079,1.7343464407447,0.245814407422735,1.51496399605554,0.219184928717899
26,102,"DOLERITE [22735]",8.8817806815,19.4301545894633,2.74162696378028,12.6546718666147,3.37768751208448,1.43348591438869,3.79065858488013,0.619116054671446,3.6730996423455,0.743072519734426,2.01222287465633,0.287758746792363,1.79786961865935,0.270229968993238
26,102,"DOLERITE [22735]",12.4190944165,25.7905386058661,3.45571345278083,14.6339906368516,3.42084092580898,1.55034722490213,3.60575717408563,0.583839698156377,3.4919075956436,0.721010875116269,1.9938506639521,0.290254607064803,1.83198906533697,0.269521030484394
26.3945,102.409,"DOLERITE [22735]",5.39397216762356,12.1752642295173,1.68757901452345,8.09474287514128,2.21114290772348,0.8408086897844,2.54670458899921,0.422077644829295,2.52094886254265,0.517285700666003,1.41791589133958,0.191475605945474,1.20618326116287,0.18277209729873
26,102,"DOLERITE [22735]",5.34167485304581,13.1064666733986,1.88349975905359,9.17069165435447,2.53413759296127,0.980184012133431,2.94545502072479,0.484248365746894,2.90429607468621,0.582602687140341,1.57313230651319,0.213007524648237,1.35637049831126,0.203715732119582
26,102,"DOLERITE [22735]",4.74632856007467,8.6352699347013,1.51116888280033,7.02663964383436,1.92863326047072,0.67749552438781,2.2037283261103,0.368585994032103,2.21766951806639,0.446966751948642,1.23917400550889,0.1673412713106,1.0872482012272,0.166873941930983
26,102,"DOLERITE [22735]",5.54895632233225,13.3603527145057,1.9377823600702,9.32252723180439,2.64458078611978,0.922333134767847,3.16914064049398,0.529461239233449,3.17651339504303,0.643296095510669,1.75278820040823,0.239161859021138,1.5505504871217,0.223768099858923
26,102,"DOLERITE [22735]",9.94059262008192,24.5039262782227,3.3454020511708,14.9830946414461,3.74317260623609,1.19357605050114,4.11402118478114,0.637242515332591,3.64104199105787,0.6968920693571,1.84998143816625,0.240339680758583,1.53581342495519,0.220799830425334
26,102,"DOLERITE [22735]",8.38931673177161,20.1241117957377,2.7106557035619,12.2022321610542,2.94564191308528,1.0473044239867,3.22471316101019,0.50058914883103,2.87916927351486,0.5696999943838,1.57280980885086,0.211314679329858,1.36045555875321,0.203087333211408
26,102,"DOLERITE [22735]",7.13210471077692,16.6789659700833,2.24782426736924,10.225689225083,2.55443183017783,0.839788922561288,2.80328218416434,0.442973532880672,2.52174160098807,0.512027031265945,1.42959259505677,0.191422734797677,1.26497326808623,0.190495698701949
26,102,"DOLERITE [22735]",14.8556387103477,31.6836457239016,3.79310015459035,15.6150871259012,3.48934969035492,1.10429890288743,3.88501409460321,0.608265126867984,3.51889115534748,0.708229180634994,1.99144485588304,0.276334871308321,1.80630443844721,0.273374300063687
34,117,"DOLERITE [22746]",7.8,17.2,2.53,11.7,3,1.29,3.61,0.59,3.78,0.75,2.23,0.31,2,0.3
34,117,"DOLERITE [22746]",8.7,18.9,2.76,12.8,3.29,1.29,3.6,0.61,3.83,0.77,2.27,0.31,2.02,0.29
34,117,"DOLERITE [22746]",11.5,24.5,3.49,15.4,3.75,1.4,4.19,0.65,4.12,0.81,2.34,0.32,1.97,0.3
34,117,"DOLERITE [22746]",24.6,54.9,6.91,30.7,6.98,2.65,6.67,1.01,6.11,1.28,3.33,0.45,2.81,0.42
34,117,"DOLERITE [22746]",10.5,23.7,3,13.6,3.48,1.4,3.78,0.57,3.56,0.72,1.92,0.28,1.78,0.27
34,117,"DOLERITE [22746]",12,27.2,3.55,15.6,3.9,1.57,4.24,0.63,3.92,0.81,2.18,0.32,1.97,0.3
34,117,"DOLERITE [22746]",10.3,24.6,3.11,14.2,3.4,1.19,3.81,0.58,3.53,0.74,2.06,0.29,1.76,0.27
34,117,"DOLERITE [22746]",23.3,51.9,6.4,28.3,6.79,2.23,6.56,0.99,5.8,1.18,3.19,0.44,2.67,0.4
34,117,"DOLERITE [22746]",22,47.6,6.03,25.7,5.72,2.11,5.79,0.94,5.18,1.07,2.75,0.38,2.49,0.35
34,117,"DOLERITE [22746]",9.5,22,2.94,13.4,3.54,1.49,3.7,0.61,3.55,0.74,1.99,0.27,1.72,0.26
34,117,"DOLERITE [22746]",11.7,26.5,3.45,15.2,3.86,1.57,4.08,0.69,3.89,0.82,2.18,0.31,1.91,0.29
34,117,"DOLERITE [22746]",9.2,20.1,3.02,14,3.6,1.39,4.36,0.72,4.54,0.92,2.68,0.38,2.41,0.35
34,117,"DOLERITE [22746]",24.7,50.3,7.02,30.8,6.88,2.63,6.88,1.05,6.19,1.21,3.34,0.45,2.86,0.41
34,117,"DOLERITE [22746]",25.6,52.5,7.26,31.9,7.03,2.65,7.2,1.07,6.35,1.21,3.45,0.47,2.88,0.43
34,117,"DOLERITE [22746]",18.8,39.6,5.61,25,5.84,2.06,6.24,0.98,6.23,1.22,3.53,0.49,3.15,0.45
34,117,"DOLERITE [22746]",15.7,33.1,4.7,21.5,5.09,1.8,5.34,0.85,5.27,1.04,2.96,0.4,2.61,0.38
34,117,"DOLERITE [22746]",7.9,17.9,2.41,11.2,3.06,1.34,3.63,0.62,3.79,0.8,2.05,0.3,1.95,0.29
34,117,"DOLERITE [22746]",6.5,15.1,2.06,9.8,2.51,0.95,3.02,0.52,3,0.66,1.79,0.25,1.62,0.25
34,117,"DOLERITE [22746]",14.5,31.1,4.03,18.7,4.21,1.65,5.01,0.85,5.07,1.02,2.82,0.4,2.37,0.37
34,117,"DOLERITE [22746]",26.8,57.5,7.26,31.3,7.09,2.68,7.19,1.04,6.54,1.29,3.51,0.48,2.94,0.44
-25.7744147,133.6573109,"DOLERITE [22765]",3.83,8.69,1.19,5.46,1.32,0.664,1.94,0.34,2.27,0.485,1.46,0.208,1.36,0.203
-25.7839542,133.6657398,"DOLERITE [22765]",3.84,8.47,1.16,5.68,1.4,0.711,2,0.364,2.43,0.517,1.52,0.213,1.45,0.216
-25.7656732,133.6502702,"DOLERITE [22765]",3.44,7.56,1.08,4.98,1.22,0.637,1.77,0.326,2.24,0.465,1.41,0.196,1.3,0.192
-25.7698219,133.7115361,"DOLERITE [22765]",10.3,21.7,2.77,11.34,2.76,0.99,3.25,0.6,4.09,0.877,2.7,0.386,2.61,0.396
-25.7733345,133.7044682,"DOLERITE [22765]",3.37,7.61,1.07,5.37,1.34,0.694,1.92,0.364,2.35,0.485,1.44,0.211,1.43,0.215
-25.8569985,133.7451085,"DOLERITE [22765]",17.9,37.2,4.69,18.93,4.19,1.37,4.45,0.7,4.61,0.959,2.91,0.388,2.59,0.38
-25.83146,133.8344093,"DOLERITE [22765]",9.73,20.9,2.7,10.98,2.57,0.819,2.95,0.511,3.11,0.651,1.9,0.264,1.86,0.277
-25.8145177,133.7597312,"DOLERITE [22765]",14.4,29.8,3.84,15.9,3.44,1.19,3.68,0.623,4.05,0.84,2.53,0.354,2.36,0.35
-25.8195838,133.7535135,"DOLERITE [22765]",15.8,32.8,4.19,16.8,3.62,1.25,3.98,0.663,4.27,0.905,2.74,0.373,2.5,0.369
-25.9017182,133.7317185,"DOLERITE [22765]",4.94,10.7,1.43,6.18,1.7,0.643,2.14,0.4,2.87,0.608,1.92,0.263,1.74,0.26
-25.7686186,133.4417588,"DOLERITE [22765]",4.53,10,1.38,6.07,1.47,0.672,2.13,0.387,2.56,0.534,1.62,0.229,1.49,0.222
-25.8003239,133.4886969,"DOLERITE [22765]",3.75,8.19,1.18,5.55,1.35,0.706,1.88,0.331,2.36,0.498,1.5,0.212,1.4,0.208
-25.8003239,133.4886969,"DOLERITE [22765]",3.65,8.2,1.15,5.52,1.35,0.652,1.88,0.347,2.27,0.489,1.48,0.206,1.41,0.211
-25.7838725,133.4347089,"DOLERITE [22765]",3.44,7.53,1.03,4.7,1.14,0.617,1.64,0.307,2.12,0.459,1.34,0.186,1.26,0.188
-25.7918942,133.3470374,"DOLERITE [22765]",3.9,8.83,1.19,5.19,1.22,0.525,1.6,0.31,2.02,0.413,1.28,0.187,1.2,0.18
-25.7920766,133.3471944,"DOLERITE [22765]",3.89,8.9,1.25,5.5,1.31,0.594,1.85,0.329,2.14,0.491,1.42,0.201,1.28,0.191
-25.9666903,133.1188386,"DOLERITE [22765]",3.17,7.08,1.02,5.08,1.26,0.69,1.89,0.325,2.25,0.452,1.45,0.195,1.28,0.189
-25.9770362,133.0641859,"DOLERITE [22765]",2.91,6.69,1.02,5.2,1.31,0.684,1.91,0.344,2.39,0.511,1.52,0.216,1.44,0.216
-25.9330735,132.9453812,"DOLERITE [22765]",3.39,7.35,1.07,4.78,1.17,0.619,1.75,0.326,2.14,0.466,1.43,0.193,1.28,0.19
-25.9406046,132.9140432,"DOLERITE [22765]",3.86,8.92,1.24,5.63,1.36,0.587,1.91,0.351,2.32,0.486,1.46,0.204,1.33,0.196
-25.9449364,132.9430088,"DOLERITE [22765]",2.1,4.7,0.68,3.15,1,0.48,1.49,0.26,1.63,0.37,1.15,0.2,1.09,0.15
13.5,75,"DOLERITE [22780]",7.5,17.25,2.36,11.9,2.88,1.07,3.14,0.49,2.81,0.53,1.49,0.2,1.29,0.17
13.5,75,"DOLERITE [22780]",4.74,10.03,1.27,6.82,1.46,0.45,1.6,0.29,1.89,0.45,1.3,0.18,1.27,0.16
13.5,75,"DOLERITE [22780]",4.78,10.05,1.29,6.67,1.42,0.47,1.71,0.3,1.97,0.42,1.3,0.18,1.22,0.18
13.5,75,"DOLERITE [22780]",5.03,10.52,1.32,6.88,1.55,0.5,1.8,0.3,2.07,0.46,1.3,0.19,1.31,0.18
39.2305,114.7478,"DOLERITE [22817]",113,220,24.3,118,12.8,3.44,7.77,0.9,4.32,0.73,1.98,0.27,1.71,0.26
39.4793,114.9515,"DOLERITE [22817]",59.2,130,16.2,64.8,11.2,3.13,7.63,1.03,4.76,0.8,1.95,0.25,1.52,0.22
39.5269,114.9973,"DOLERITE [22817]",61.6,132,16,64,10.5,2.82,7.14,0.97,4.4,0.74,1.88,0.24,1.44,0.21
39.5269,114.9973,"DOLERITE [22817]",59.6,127,15.6,61.3,10.3,2.81,6.94,0.97,4.68,0.8,2.03,0.26,1.6,0.24
39.5098,114.9957,"DOLERITE [22817]",85.6,170,20,94.6,11.8,2.9,6.68,0.89,4.03,0.67,1.58,0.21,1.28,0.18
39.5098,114.9957,"DOLERITE [22817]",81.1,171,20,91.8,11.9,2.94,6.73,0.86,4.02,0.66,1.58,0.21,1.27,0.18
39.2584,114.7872,"DOLERITE [22817]",83.3,168,20.4,103,12.3,3.29,8.35,0.91,4.59,0.75,1.97,0.27,1.62,0.24
39.4873,114.9752,"DOLERITE [22817]",111,212,22.6,100,11.2,2.74,6.02,0.76,3.37,0.56,1.3,0.18,1.08,0.15
39.2289,114.78,"DOLERITE [22817]",124,233,25.4,111,12.8,3.07,7,0.84,3.6,0.6,1.36,0.19,1.12,0.17
39.2289,114.78,"DOLERITE [22817]",120,228,24.6,111,12.5,3.01,6.57,0.81,3.56,0.58,1.36,0.19,1.12,0.16
39.4064,114.9742,"DOLERITE [22817]",65.9,141,16.8,65.1,10.3,2.66,6.66,0.88,4.25,0.73,1.92,0.26,1.6,0.23
46.5,84.9,"DOLERITE [22845]",42.5,89,12.75,57.3,12.1,4.2,10.75,1.53,8.01,1.63,4.34,0.64,3.99,0.65
46.5,84.9,"DOLERITE [22845]",40.8,86,12.35,55.9,11.6,4.32,10.75,1.51,7.87,1.59,4.32,0.62,3.83,0.63
46.5,84.9,"DOLERITE [22845]",40.5,85.4,12.2,55.1,11.6,4.01,10.4,1.47,7.62,1.56,4.27,0.62,3.77,0.61
46.5,84.9,"DOLERITE [22845]",43.7,92.7,13.05,58.5,12.45,4.45,11.2,1.59,8.08,1.66,4.47,0.65,3.99,0.65
46.5,84.9,"DOLERITE [22845]",42.4,89.7,12.7,57.8,12.05,4.46,11,1.59,8.09,1.64,4.51,0.63,4.1,0.67
46.5,84.9,"DOLERITE [22845]",42.7,90,12.9,57.9,12.2,4.33,11.1,1.55,8.03,1.66,4.51,0.64,4.08,0.67
46.5,84.9,"DOLERITE [22845]",43.9,91.8,13.05,59.8,12.55,4.57,11.1,1.54,8,1.63,4.4,0.64,3.98,0.64
46.5,84.9,"DOLERITE [22845]",44.1,92.7,13.2,59.4,12.65,4.57,11.3,1.53,8.01,1.64,4.36,0.64,3.88,0.63
46.5,84.9,"DOLERITE [22845]",43.4,90.5,13,58.5,12.2,4.36,10.65,1.5,7.88,1.6,4.29,0.61,3.78,0.61
46.5,84.9,"DOLERITE [22845]",45.2,94.4,13.5,60.4,12.5,4.55,10.9,1.55,7.98,1.64,4.45,0.63,3.88,0.65
46.5,84.9,"DOLERITE [22845]",43.4,91.5,13.1,59.4,12.45,4.56,11.15,1.54,7.95,1.61,4.33,0.63,3.87,0.62
46.5,84.9,"DOLERITE [22845]",45.4,94.7,13.4,61.5,12.7,4.72,11.4,1.63,8.29,1.72,4.58,0.66,4,0.65
23.73,105.55,"DOLERITE [8506]",29.9,64.1,8.27,35.7,7.67,2.43,7.04,1.18,6.53,1.37,3.56,0.47,3.07,0.46
23.73,105.55,"DOLERITE [8506]",30.9,66.4,8.78,34.27,7.3,2.89,6.58,1.01,5.45,1.11,2.84,0.36,2.26,0.34
23.73,105.55,"DOLERITE [8506]",35,76.3,10,44.4,9.04,3.14,7.62,1.21,6.48,1.33,3.41,0.43,2.77,0.42
23.73,105.55,"DOLERITE [8506]",29.2,63.2,8.31,33.78,7.23,2.75,6.32,0.98,5.3,1.06,2.74,0.35,2.21,0.33
23.73,105.55,"DOLERITE [8506]",12.5,27.7,3.68,16.9,3.6,1.5,3.2,0.51,2.69,0.55,1.34,0.17,1.09,0.17
23.73,105.55,"DOLERITE [8506]",16,35,4.63,18.94,4.19,1.76,3.83,0.6,3.19,0.65,1.63,0.21,1.33,0.2
23.55,105.6,"DOLERITE [8506]",29.1,62.9,8.12,35.6,7.61,2.3,6.83,1.15,6.45,1.35,3.52,0.47,3,0.45
23.55,105.6,"DOLERITE [8506]",15.8,34.4,4.53,20.3,4.18,1.9,3.64,0.55,3.03,0.62,1.53,0.2,1.21,0.18
23.55,105.6,"DOLERITE [8506]",17.1,37.1,4.82,21.4,4.21,1.72,3.66,0.58,3.06,0.62,1.61,0.2,1.3,0.2
23.55,105.6,"DOLERITE [8506]",29.2,63.1,8.22,36.6,7.45,2.79,6.25,0.97,5.17,1.05,2.67,0.35,2.12,0.32
23.55,105.6,"DOLERITE [8506]",29.7,63.7,8.2,31.23,7.13,2.39,6.92,1.15,6.54,1.35,3.51,0.47,2.98,0.45
23.55,105.6,"DOLERITE [8506]",19.1,41.2,5.44,24.1,4.92,2.16,4.18,0.66,3.49,0.7,1.83,0.23,1.49,0.23
23.52,105.75,"DOLERITE [8506]",52.1,112,14.55,57.39,11.99,4.11,10.52,1.63,8.58,1.75,4.46,0.59,3.68,0.54
23.52,105.75,"DOLERITE [8506]",31.1,66.6,8.66,38.1,7.51,2.86,6.49,1,5.17,1.07,2.7,0.34,2.18,0.33
23.52,105.75,"DOLERITE [8506]",35.2,75.5,9.79,42.8,8.47,3.24,7.2,1.1,5.97,1.22,3.02,0.4,2.53,0.38
23.52,105.75,"DOLERITE [8506]",37,80.1,10.42,40.59,8.72,3.24,7.74,1.18,6.29,1.28,3.35,0.42,2.67,0.41
23.52,105.75,"DOLERITE [8506]",30.1,65.1,8.44,37.8,7.47,2.69,6.39,0.99,5.23,1.08,2.7,0.34,2.14,0.32
20.4658,81.3822,"DOLERITE [22886]",23,66.8,9.83,42,7.91,1.34,5.9,0.88,4.45,0.88,2.41,0.35,2.28,0.35
20.4153,81.0834,"DOLERITE [22886]",9.3,18.9,2.2,8.6,2.03,0.65,2.34,0.42,2.6,0.59,1.75,0.26,1.72,0.26
20.3913,81.0813,"DOLERITE [22886]",16.8,34.2,3.91,15,3.25,0.89,3.33,0.58,3.48,0.77,2.25,0.34,2.19,0.34
20.3866,81.0801,"DOLERITE [22886]",8.71,18,2.13,8.36,1.87,0.64,2,0.35,2,0.43,1.24,0.18,1.18,0.18
20.3771,81.0779,"DOLERITE [22886]",11.5,24.8,3.03,12.25,2.72,0.89,2.74,0.46,2.58,0.54,1.51,0.21,1.36,0.2
20.3688,81.0742,"DOLERITE [22886]",21.2,41.1,4.55,16.7,3.31,0.93,3.11,0.51,2.86,0.59,1.63,0.23,1.47,0.22
20.3642,81.0717,"DOLERITE [22886]",9,19.1,2.33,9.43,2.2,0.71,2.47,0.42,2.52,0.54,1.57,0.23,1.5,0.23
20.3055,81.1359,"DOLERITE [22886]",2.81,6,0.74,3.06,0.81,0.29,1.03,0.19,1.19,0.27,0.82,0.12,0.81,0.13
20.3223,81.1803,"DOLERITE [22886]",9.07,18.45,2.15,8.46,1.93,0.58,2.13,0.37,2.25,0.49,1.43,0.21,1.36,0.21
20.3255,81.1842,"DOLERITE [22886]",7.88,16.2,1.95,7.82,1.84,0.62,2.2,0.39,2.43,0.53,1.57,0.23,1.51,0.23
20.3258,81.2356,"DOLERITE [22886]",9.62,19.5,2.27,9.06,2.14,0.65,2.52,0.44,2.79,0.62,1.81,0.28,1.78,0.27
18.7393,78.917,"DOLERITE [22886]",6.06,12.99,1.62,6.78,1.74,0.6,2.14,0.39,2.39,0.54,1.58,0.23,1.54,0.23
18.7362,78.9123,"DOLERITE [22886]",5.54,11.96,1.48,6.35,1.61,0.56,1.98,0.36,2.27,0.5,1.49,0.22,1.46,0.22
18.7691,78.9526,"DOLERITE [22886]",6.25,13.58,1.69,7.07,1.78,0.62,2.21,0.4,2.48,0.56,1.65,0.25,1.59,0.24
18.7768,78.9659,"DOLERITE [22886]",6.21,13.44,1.67,7.01,1.78,0.62,2.22,0.4,2.45,0.55,1.62,0.24,1.58,0.23
18.7781,78.9674,"DOLERITE [22886]",6.24,13.6,1.69,7.19,1.84,0.63,2.2,0.41,2.52,0.56,1.67,0.25,1.62,0.24
18.7777,78.9672,"DOLERITE [22886]",5.93,12.88,1.59,6.7,1.72,0.6,2.1,0.38,2.36,0.53,1.57,0.23,1.53,0.23
25,86,"DOLERITE [22901]",15.8,38.2,5.36,24.3,6.71,2.18,7.79,1.23,7.52,1.57,4.13,0.6,3.75,0.53
25,86,"DOLERITE [22901]",8.69,20.2,3.06,14.5,4.7,1.71,5.33,0.88,5.41,1.13,2.99,0.44,2.78,0.39
37.0485,103.9009,"DOLERITE [22944]",115.16095213022,218.19868434568,22.7136797511419,81.3783982141697,11.5901728700174,2.86008117355248,7.26044071239749,0.800892681642012,3.6120572812079,0.61248287856008,1.42491393477524,0.193898794321256,1.0819299983799,0.159176584243528
37,104,"DOLERITE [22944]",79.6682473301734,152.269672126245,15.8345671324499,57.0416165117156,8.68881418808725,2.10833930932785,5.61242637622656,0.667578987541773,3.32715517223213,0.557743742068583,1.33416774112597,0.178504074003924,1.09806026181424,0.15583334954214
69.72,30.05,"DOLERITE, QUARTZ [22980]",12.3,24.3,3.32,14.6,3.19,1.19,4.01,0.623,3.92,0.791,2.37,0.324,2.27,0.327
69.72,30.05,"DOLERITE, QUARTZ [22980]",15,29.5,4.27,18.5,4.01,1.22,4.94,0.787,4.75,0.943,2.83,0.409,2.68,0.385
69.72,30.05,"DOLERITE, QUARTZ [22980]",16.1,30.7,4.36,17.6,3.07,1.04,3.92,0.621,3.63,0.779,2.23,0.313,2.12,0.315
69.72,30.05,"DOLERITE [22980]",9.51,18.1,2.5,10.7,2.15,0.79,2.73,0.469,2.59,0.56,1.68,0.231,1.61,0.249
69.63,31.25,"DOLERITE, QUARTZ [22980]",9.5,17.9,2.58,11.7,2.05,0.86,2.77,0.493,2.97,0.637,1.89,0.261,1.81,0.259
69.63,31.25,"DOLERITE, QUARTZ [22980]",9.01,20.1,2.54,10.6,2.37,0.886,2.92,0.46,2.96,0.643,1.86,0.253,1.67,0.269
69.63,31.25,"DOLERITE [22980]",8.77,19.7,2.45,10.4,2.47,0.865,2.9,0.441,2.85,0.598,1.68,0.256,1.61,0.246
69.63,31.25,"DOLERITE [22980]",10.5,19.9,2.73,11.6,2.06,0.81,2.61,0.44,2.77,0.577,1.66,0.211,1.56,0.218
69.63,31.25,"DOLERITE [22980]",7.62,17,2.15,9.04,2.23,0.734,2.44,0.404,2.61,0.56,1.58,0.224,1.48,0.211
69.63,31.25,"DOLERITE [22980]",8.74,19.3,2.35,10.1,2.27,0.788,2.57,0.428,2.77,0.578,1.81,0.243,1.61,0.217
69.63,31.25,"DOLERITE [22980]",14.5,32.3,3.96,16.1,3.69,1.16,3.95,0.638,3.69,0.8,2.4,0.358,2.14,0.315
69.63,31.25,"DOLERITE [22980]",10.8,24.2,2.92,12.1,2.83,0.867,3.02,0.499,2.76,0.63,1.82,0.249,1.66,0.256
69.63,31.25,"DOLERITE [22980]",11.4,25.2,3.08,12.8,2.95,0.901,3.12,0.475,3.01,0.61,1.82,0.258,1.69,0.257
69.63,31.25,"DOLERITE, OLIVINE [22980]",10.7,23.8,2.88,11.8,2.58,0.916,2.95,0.444,2.94,0.6,1.77,0.251,1.61,0.223
69.63,31.25,"DOLERITE, OLIVINE [22980]",10.6,23.6,2.9,12,2.62,0.831,2.93,0.477,2.81,0.589,1.82,0.257,1.64,0.258
69.63,31.25,"DOLERITE, OLIVINE [22980]",9.83,20.9,2.61,10.8,2.67,0.769,2.52,0.417,2.44,0.566,1.54,0.225,1.46,0.217
-29.45378898,117.30576536,"DOLERITE [23005]",4.14682428371068,10.114205570026,1.30473251853336,6.06852334201563,1.7093007413344,0.76867962332198,2.19478260869565,0.374225606090964,2.47798036465638,0.495596072931276,1.68907233019435,0.222512522540573,1.63850130234422,0.242740933680625
63.15086,-41.47075,"DOLERITE [23096]",4.7,11.44,1.71,9.68,3.02,1.03,3.74,0.63,4.57,0.91,2.5,0.37,2.4,0.38
63.1509,-41.47048,"DOLERITE [23096]",4.4,10.93,1.72,8.84,2.94,0.96,3.73,0.57,3.74,0.87,2.42,0.37,2.35,0.35
63.37094,-41.44084,"DOLERITE [23096]",5.4,13.09,2.05,10.79,3.44,1.18,4.68,0.83,5.03,1.11,3.38,0.41,3.28,0.46
63.39841,-41.4848,"DOLERITE [23096]",3.98,10.08,1.6,8.23,2.53,0.92,3.5,0.58,4.06,0.8,2.26,0.36,2.34,0.36
63.43021,-41.73286,"DOLERITE [23096]",4.32,11.32,1.73,9.63,2.85,1.02,3.56,0.65,4.29,0.96,2.42,0.38,2.49,0.37
63.52977,-41.38869,"DOLERITE [23096]",4.77,11.6,1.77,9.02,2.94,1.02,3.76,0.69,4.51,1,2.87,0.42,2.85,0.41
63.52565,-41.37968,"DOLERITE [23096]",4.92,11.95,1.79,9.37,2.85,1.06,3.97,0.69,4.51,1.03,2.95,0.43,2.76,0.42
63.52357,-41.37495,"DOLERITE [23096]",4.97,12.18,1.78,9.7,2.96,1.07,3.94,0.69,4.47,1.01,2.85,0.41,2.81,0.39
63.48987,-41.31038,"DOLERITE [23096]",3.89,9.42,1.38,7.17,2.31,0.84,2.86,0.51,3.26,0.72,2.06,0.3,1.95,0.29
63.47452,-41.28916,"DOLERITE [23096]",3.94,9.26,1.32,6.7,2.29,0.84,2.76,0.48,3.18,0.69,2.01,0.29,1.96,0.3
63.46112,-41.28215,"DOLERITE [23096]",4.46,10.72,1.65,8.13,2.85,0.95,3.38,0.6,3.95,0.9,2.56,0.37,2.44,0.35
63.45687,-41.27331,"DOLERITE [23096]",4.29,9.79,1.44,7.22,2.25,0.83,3.05,0.5,3.3,0.74,2.16,0.31,2.1,0.31
63.41154,-41.20161,"DOLERITE [23096]",4.78,11.59,1.74,8.97,2.81,0.98,3.64,0.64,4.3,0.93,2.69,0.39,2.61,0.4
63.26894,-41.0256,"DOLERITE [23096]",4.71,11.3,1.69,8.61,2.88,0.94,3.33,0.58,3.71,0.79,2.31,0.31,2.17,0.32
62.62423,-42.65645,"DOLERITE [23096]",3.91,9.4,1.33,6.59,2.03,0.69,2.55,0.44,2.97,0.65,1.94,0.28,1.87,0.27
62.61758,-42.52798,"DOLERITE [23096]",4.08,10.23,1.42,7.1,2.04,0.74,2.65,0.49,3.11,0.69,1.97,0.29,1.94,0.29
65.10772,-40.83187,"DOLERITE [23097]",22.465,49.075,6.625,26.925,6.09,2.135,5.925,1.013,5.51,1.2175,3.215,0.4745,2.985,0.478
65.09406,-40.79173,"DOLERITE [23097]",25.49,56.58,7.545,30.785,7.015,2.385,6.545,1.128,6.14,1.358,3.48,0.5055,3.275,0.5105
64.93662,-40.74964,"DOLERITE [23097]",24.55,53.735,7.095,28.585,6.505,2.23,6.33,1.0515,5.76,1.24,3.215,0.4815,2.855,0.497
64.32395,-41.26974,"DOLERITE [23097]",23.47,51.625,6.77,30.155,6.545,1.895,6.16,0.884,5.47,1.131,3.48,0.449,2.925,0.445
64.32365,-41.27458,"DOLERITE [23097]",16.635,36,4.73,20.105,4.455,1.279,4.37,0.6465,4.035,0.809,2.37,0.3285,2.12,0.3365
64.30476,-41.1276,"DOLERITE [23097]",18.63,41.18,5.41,24.5,5.58,1.855,5.415,0.789,5.065,1.051,2.805,0.4105,2.775,0.3795
64.30437,-41.12666,"DOLERITE [23097]",19.36,42.625,5.5,24.315,5.415,1.895,5.565,0.761,5.045,0.964,2.775,0.3855,2.695,0.3845
64.30352,-41.10951,"DOLERITE [23097]",17.22,38.08,5.115,22.68,5.19,1.71,5.015,0.734,4.61,0.9135,2.565,0.3615,2.465,0.3575
64.28293,-40.98955,"DOLERITE [23097]",21.26,46.16,6.06,27.245,6.06,1.84,5.935,0.8775,5.5,1.172,3.19,0.446,2.945,0.431
64.28273,-40.98547,"DOLERITE [23097]",18.595,40.215,5.215,22.785,5.295,1.66,5.17,0.767,4.755,0.991,2.69,0.3875,2.515,0.3815
63.59275,-42.235,"DOLERITE [23097]",22.1733333333333,44.5366666666667,6.26333333333333,29.4733333333333,6.68,2.39333333333333,7.13,1.107,6.47,1.33666666666667,3.75666666666667,0.539,3.69333333333333,0.556666666666667
63.47537,-41.29696,"DOLERITE [23097]",23.18,50.045,6.665,28.945,6.705,2.255,6.575,0.9695,5.99,1.247,3.3,0.4625,3.2,0.458
63.4496,-41.26839,"DOLERITE [23097]",22.865,51.525,7.2,33.525,7.64,2.52,7.905,1.15,7.145,1.3695,3.87,0.5205,3.7,0.5
63.44295,-41.23907,"DOLERITE [23097]",18.015,38.45,5.165,23.305,5.2,1.885,5.385,0.8325,5.105,1.066,2.9,0.397,2.885,0.4335
63.39815,-41.02556,"DOLERITE [23097]",18.73,41.11,5.49,25,5.83,2.055,5.905,0.888,5.645,1.118,3.155,0.42,2.88,0.436
63.39589,-41.04185,"DOLERITE [23097]",21.35,46.22,6.11,26.975,6.385,2.14,6.195,0.9615,5.74,1.179,3.19,0.4765,3.085,0.441
63.3944,-41.06533,"DOLERITE [23097]",22.955,49.695,6.545,29.465,6.73,2.285,6.585,0.986,6.11,1.255,3.4,0.4675,3.24,0.4675
63.38393,-41.11804,"DOLERITE [23097]",10.005,21.635,2.935,13.615,3.4,1.455,3.61,0.537,3.425,0.734,1.99,0.278,1.935,0.271
63.38393,-41.11804,"DOLERITE [23097]",15.86,33.955,4.61,21.3,5.055,1.77,5.045,0.785,4.76,0.972,2.78,0.3975,2.505,0.373
63.38393,-41.11804,"DOLERITE [23097]",13.325,28.64,3.91,18.11,4.415,1.635,4.645,0.717,4.445,0.91,2.605,0.3545,2.37,0.3625
63.25924,-41.32244,"DOLERITE [23097]",27.9466666666667,54.8966666666667,7.73333333333333,34.37,7.64333333333333,2.69333333333333,8.06,1.164,7.41333333333333,1.47,4.21666666666667,0.603,3.90666666666667,0.639333333333333
62.63937,-42.75352,"DOLERITE [23097]",14.95,33.18,4.485,20.165,4.65,1.615,4.58,0.705,4.49,0.925,2.525,0.346,2.48,0.3395
62.63937,-42.75352,"DOLERITE [23097]",17.56,38.54,5.175,23.155,5.4,2.025,5.495,0.8295,4.985,1.0355,2.885,0.3995,2.68,0.4005
62.63573,-42.75457,"DOLERITE [23097]",16.6,37.015,4.93,22.635,5.275,1.855,5.48,0.825,4.985,1.07,2.98,0.42,2.825,0.439
62.63467,-42.73243,"DOLERITE [23097]",15.875,35.505,4.855,22.22,5.305,1.63,5.31,0.805,4.995,1.03,2.905,0.3935,2.735,0.3925
62.63115,-42.70195,"DOLERITE [23097]",18.91,41.68,5.625,25.7,6.01,1.99,5.985,0.855,5.375,1.11,3.135,0.4295,2.875,0.415
62.62427,-42.65705,"DOLERITE [23097]",20.13,43.66,5.82,26.205,5.95,1.93,5.985,0.89,5.66,1.125,3.25,0.4425,3.03,0.437
62.62396,-42.66648,"DOLERITE [23097]",15.63,34.205,4.615,20.625,4.685,1.665,4.7,0.7345,4.62,0.94,2.69,0.387,2.49,0.363
62.45804,-42.37496,"DOLERITE [23097]",25.265,56.765,7.735,34.67,7.595,2.57,7.775,1.045,6.415,1.35,3.48,0.465,3.41,0.513
-32.6557,116.9522,"DOLERITE [23100]",4.92,11.9,1.75,7.93,2.43,0.96,3.27,0.58,3.79,0.83,2.37,0.35,2.25,0.34
-32.6557,116.9522,"DOLERITE [23100]",6.04,15,2.2,10.37,3.18,1.12,4.09,0.73,4.73,1.05,2.94,0.45,2.85,0.42
-32.4123,116.8133,"DOLERITE [23100]",5.42,13.1,2,9.54,2.96,1.05,3.8,0.68,4.45,0.98,2.77,0.42,2.62,0.39
54.4,-124,"DOLERITE [8932]",0.82,2.41,0.41,2.08,0.83,0.34,1.19,0.25,1.77,0.42,1.28,0.2,1.33,0.22
54.4,-124,"DOLERITE [8932]",3.909,12.666,2.241,11.884,4.215,1.504,5.394,0.993,6.448,1.428,4.01,1.898,3.875,0.579
54.4,-124,"DOLERITE [7709]",2.6,8.7,1.47,8.3,2.85,1.18,4.05,0.7,5.1,1.05,2.98,0.44,2.85,0.451
36,97.5,"DOLERITE [23125]",20.7,47.6,5.79,24.5,5.14,1.54,5.08,0.76,4.71,0.91,2.58,0.37,2.39,0.35
36,97.5,"DOLERITE [23125]",22.2,50.6,6.17,25.8,5.33,1.64,5.35,0.78,4.84,0.95,2.62,0.38,2.49,0.37
36,97.5,"DOLERITE [23125]",13.9,29.3,3.77,16.2,3.8,1.17,4,0.67,3.96,0.82,2.38,0.38,2.25,0.34
36,97.5,"DOLERITE [23125]",23.4,47,5.79,23.4,5.24,1.46,4.89,0.79,4.89,0.95,2.8,0.45,2.62,0.44
36,97.5,"DOLERITE [23125]",23.3,46.8,5.6,22.8,4.78,1.42,4.33,0.7,4.26,0.86,2.46,0.37,2.23,0.35
36,97.5,"DOLERITE [23125]",48.7,82.8,9.06,33,5.58,1.61,4.83,0.72,4.08,0.79,2.22,0.34,2.16,0.35
-30.8666,134.9969,"DOLERITE [23127]",8.22,19,2.77,11.7,3.26,1.2,4.12,0.73,4.97,1.14,3.18,0.55,3.2,0.43
-3.6667,-42.8036,"DOLERITE [23171]",8.63,24,3.7,17.9,5.34,1.91,6,1.06,6.23,1.21,3.32,0.463,2.76,0.416
-3.6667,-42.8036,"DOLERITE [23171]",8.93,24.2,3.69,18,5.44,1.89,6.06,1.05,6.34,1.2,3.43,0.49,3.09,0.463
-3.6667,-42.8036,"DOLERITE [23171]",7.94,21.6,3.23,15.8,5.1,1.67,5.46,0.94,5.65,1.08,3.04,0.431,2.61,0.395
-3.6667,-42.8036,"DOLERITE [23171]",8.98,24.1,3.67,17.8,5.22,1.82,5.96,1.03,6.2,1.2,3.36,0.479,2.99,0.451
-3.6667,-42.8036,"DOLERITE [23171]",11.5,27,3.61,15.7,4.33,1.46,4.7,0.81,5.04,0.99,2.74,0.401,2.6,0.398
-3.6667,-42.8036,"DOLERITE [23171]",12.2,28.4,3.71,15.8,4.38,1.45,4.69,0.83,4.98,0.97,2.74,0.395,2.53,0.392
-3.6667,-42.8036,"DOLERITE [23171]",11.2,25.8,3.41,15.2,4.12,1.39,4.6,0.79,4.79,0.95,2.66,0.386,2.44,0.366
-3.6667,-42.8036,"DOLERITE [23171]",10.9,25.3,3.48,15,4.21,1.39,4.54,0.77,4.76,0.94,2.68,0.377,2.44,0.38
-3.6667,-42.8036,"DOLERITE [23171]",10.1,23.5,3.24,14.1,3.74,1.32,4.22,0.73,4.47,0.88,2.5,0.362,2.29,0.354
-3.6667,-42.8036,"DOLERITE [23171]",12.8,29.2,4.01,17.1,4.57,1.45,4.65,0.83,5.13,1.02,2.87,0.41,2.5,0.384
-3.6667,-42.8036,"DOLERITE [23171]",14.7,31.9,4.07,17.4,4.75,1.6,5.21,0.9,5.41,1.09,3.19,0.455,2.91,0.442
-3.6667,-42.8036,"DOLERITE [23171]",12.6,29.4,3.99,17.7,4.7,1.62,5.25,0.86,5.52,1.11,3.19,0.464,2.95,0.446
-3.6667,-42.8036,"DOLERITE [23171]",13,30.6,4.09,18.3,4.77,1.57,5.51,0.9,5.49,1.1,3.07,0.453,2.97,0.447
-3.6667,-42.8036,"DOLERITE [23171]",18.9,44.1,5.86,25,6.65,2.15,7.27,1.23,7.65,1.55,4.42,0.636,4.06,0.623
-3.6667,-42.8036,"DOLERITE [23171]",17.8,40.3,5.43,23.1,6.06,1.92,6.86,1.13,6.83,1.39,3.9,0.56,3.56,0.552
-3.6667,-42.8036,"DOLERITE [23171]",22.5,50.4,6.61,29.1,7.26,2.2,7.81,1.35,8.24,1.65,4.72,0.682,4.45,0.678
-3.6667,-42.8036,"DOLERITE [23171]",14.1,32.6,4.4,19.3,5.32,1.85,5.47,1,6.16,1.23,3.41,0.498,3.27,0.515
-3.6667,-42.8036,"DOLERITE [23171]",10.5,25.9,3.84,18.1,5.26,1.91,6,1.02,6.19,1.24,3.49,0.489,3.14,0.474
-3.6667,-42.8036,"DOLERITE [23171]",11.1,28,4.11,19.7,5.82,1.97,6.46,1.1,6.62,1.26,3.52,0.489,3.03,0.46
-3.6667,-42.8036,"DOLERITE [23171]",77.6,93.3,3.92,18.8,5.9,1.96,6.3,1.1,6.62,1.3,3.54,0.514,3.26,0.484
-3.6667,-42.8036,"DOLERITE [23171]",18.1,34.5,3.96,19.3,5.63,2.07,6.52,1.09,6.57,1.35,3.53,0.493,3.19,0.5
-3.6667,-42.8036,"DOLERITE [23171]",9.95,25.1,3.7,17.9,5.28,1.87,5.98,1.04,6.32,1.24,3.45,0.469,3.01,0.459
31,113,"DOLERITE [23193]",6.47,17.7,2.82,14.3,4.38,1.63,5.59,0.979,6.15,1.28,3.73,0.559,3.37,0.521
31,113,"DOLERITE [23193]",27.1,65.2,9.35,42.3,11.3,3.47,13.2,2.22,13.9,2.95,8.69,1.34,8.15,1.28
31,113,"DOLERITE [23193]",9.31,21.8,3.19,14.9,4.21,1.36,5.22,0.908,5.67,1.21,3.47,0.518,3.16,0.484
31,113,"DOLERITE [23193]",39.6,93.6,13.2,60.7,15.1,4.8,16.6,2.68,16,3.27,9.27,1.36,8.27,1.26
31,113,"DOLERITE [23193]",34.2,82.1,12,55.4,14.3,4.6,16,2.55,15.3,3.14,8.88,1.29,7.74,1.2
31,113,"DOLERITE [23193]",29.1,71,9.97,46.1,11.7,3.7,13.3,2.16,13,2.68,7.57,1.11,6.65,1.02
31,113,"DOLERITE [23193]",33.1,81.6,11.8,55.4,14.1,4.25,15.8,2.52,15,3.07,8.55,1.24,7.38,1.13
31,113,"DOLERITE [23193]",10.4,27.5,3.53,16.2,4.15,1.39,4.51,0.732,4.5,0.915,2.61,0.381,2.32,0.354
31,113,"DOLERITE [23193]",5.37,13.6,2.11,10.5,3.29,1.2,4.24,0.753,4.79,1.02,2.94,0.437,2.67,0.413
31,113,"DOLERITE [23193]",29.8,74.5,10.9,51.2,13.3,4.44,14.9,2.44,14.4,2.93,8.25,1.2,7.25,1.14
31,113,"DOLERITE [23193]",10.3,25.5,3.76,18,5.12,1.64,6.25,1.08,6.66,1.39,4.03,0.604,3.66,0.558
31,113,"DOLERITE [23193]",21.1,50.2,7.14,32.4,8.26,2.57,9.32,1.56,9.64,1.96,5.56,0.815,4.87,0.755
31,113,"DOLERITE [23193]",18.1,42.2,5.92,26.5,6.64,2.09,7.33,1.21,7.3,1.51,4.31,0.646,3.86,0.61
31,113,"DOLERITE [23193]",4.14,11.4,1.86,9.74,3.28,0.923,4.5,0.818,5.23,1.11,3.24,0.485,2.94,0.463
31,113,"DOLERITE [23193]",7.65,18.8,2.8,13.6,4.04,1.41,5.16,0.913,5.75,1.24,3.56,0.538,3.23,0.494
31,113,"DOLERITE [23193]",19.2,48.5,7.03,32.6,9.14,2.72,11,1.93,12.1,2.57,7.58,1.17,7.16,1.13
31,113,"DOLERITE [23193]",14.2,36.4,5.5,26.4,7.66,2.59,9.34,1.64,10.2,2.13,6.19,0.931,5.61,0.887
-32,-55,"DOLERITE [21308]",23.2,52.7,6.63,28.1,6.3,1.79,6.87,1.18,7.33,1.46,4.22,0.63,3.88,0.6
-32,-55,"DOLERITE [21308]",14.5,32.4,3.92,15.9,3.53,1.01,3.9,0.65,3.99,0.76,2.09,0.32,2.05,0.3
-32,-55,"DOLERITE [21308]",7.5,17.6,2.19,9.5,2.32,0.75,2.53,0.44,2.76,0.54,1.46,0.22,1.52,0.2
-32,-55,"DOLERITE [21308]",21.4,48.8,5.99,24.2,5.92,1.65,6.34,1.1,6.52,1.38,4,0.59,3.96,0.56
-32,-55,"DOLERITE [21308]",11.5,25.5,3.23,13.1,3.11,0.93,3.39,0.57,3.41,0.67,1.97,0.27,2.06,0.27
-32,-55,"DOLERITE [21308]",18.7,40.4,5.32,23.4,5.92,1.78,7.57,1.31,7.82,1.65,4.92,0.73,4.51,0.66
-32,-55,"DOLERITE [21308]",19.7,45.3,5.82,26,6.26,1.86,7.43,1.31,7.78,1.6,4.76,0.72,4.4,0.69
-32,-55,"DOLERITE [21308]",18,43.3,5.32,22.5,5.75,1.72,7.04,1.26,7.53,1.57,4.44,0.68,4.39,0.66
-32,-55,"DOLERITE [21308]",16.6,41.3,5,21.9,5.73,1.73,7.04,1.21,7.27,1.52,4.52,0.67,4.35,0.66
-32,-55,"DOLERITE [21308]",16.7,37.6,5.03,23.4,6.04,1.8,7.45,1.32,7.78,1.66,4.81,0.72,4.5,0.68
-32,-55,"DOLERITE [21308]",15.3,36.6,4.66,20.9,5.54,1.69,6.97,1.23,7.39,1.54,4.74,0.69,4.4,0.67
-32,-55,"DOLERITE [21308]",17.6,41.8,5.15,22.7,6.02,1.79,7.26,1.26,7.51,1.57,4.9,0.7,4.37,0.66
-32,-55,"DOLERITE [21308]",11.4,28,3.5,16.2,4.47,1.4,5.57,0.97,5.76,1.2,3.5,0.52,3.31,0.5
36.2608,120.0578,"DOLERITE [23229]",83.5371891522508,157.75503800194,17.4396328865342,67.3947178285113,12.6013350852427,3.94479059197896,10.3541063053185,1.31985898663631,6.35008668166962,0.976798905985769,2.11377587960761,0.230868063566957,1.25902195394799,0.155557710907746
36.2608,120.0578,"DOLERITE [23229]",82.0751050285527,153.339059994588,17.1661171272254,66.0806375556395,12.6473532760711,3.90216948745092,10.319389216367,1.30768389405589,6.15359974141983,0.998738852396306,2.19102427077621,0.230890302804689,1.29342969739008,0.15171200031119
36.2608,120.0578,"DOLERITE [23229]",83.1703809512704,158.973946799314,17.9019426878545,68.9155368185504,13.261669652334,4.09804050911517,10.8133549410401,1.38551182281673,6.7097181521144,1.00013427499366,2.10789446185616,0.243371455933831,1.22344301308224,0.125259424011584
36.2608,120.0578,"DOLERITE [23229]",82.7367360844767,155.416163010606,17.1763851719241,65.8607660789906,12.3731559954377,3.8553435318562,10.112979820903,1.30334403638652,6.12281873617707,0.97781415901136,2.11446115423255,0.231427247087454,1.28679842849894,0.147731461153941
36.2608,120.0578,"DOLERITE [23229]",74.9170193030713,143.418201369773,16.1040667028072,62.5082179705495,12.2933714195951,3.75956319910653,10.1528428833666,1.29692211276307,6.07859300399353,0.930013650236841,1.96368667443881,0.204433867454495,1.15508009215905,0.126761960404207
36.2608,120.0578,"DOLERITE [23229]",85.1260154452825,160.087064526645,17.8891312036404,68.9836999300463,12.9675922969569,4.00154627399368,10.568078885605,1.39555283039498,6.66459967378538,0.987651149585699,2.12658800344493,0.241335204436617,1.36797895948749,0.152778110133638
50.204,82.0811,"DOLERITE [23274]",3.4,8.2,1.14,5.5,1.59,0.66,2.4,0.52,3.5,0.74,2.3,0.38,2.4,0.37
50.199,82.0659,"DOLERITE [23274]",8.2,21,3,13.1,3.5,1.4,4.1,0.7,5.1,1.12,3.1,0.48,3.1,0.47
50.4004,81.2746,"DOLERITE [23274]",6.3,16.8,2.5,12.2,3.6,1.37,4.3,0.9,5.9,1.17,3.5,0.57,3.5,0.51
49.7736,83.0584,"DOLERITE [23274]",4.9,10.2,1.26,5.6,1.46,1.01,1.75,0.27,1.87,0.4,1.18,0.17,1.08,0.15
49.7898,82.9869,"DOLERITE [23274]",2.3,4,0.48,1.82,0.48,0.99,0.43,0.081,0.6,0.14,0.46,0.077,0.51,0.08
49.7968,82.9716,"DOLERITE [23274]",2.3,4.7,0.59,2.7,0.69,0.99,0.91,0.16,1.08,0.24,0.75,0.11,0.7,0.11
49.7954,82.958,"DOLERITE [23274]",2.9,6.2,0.86,4,1.11,1.26,1.7,0.3,2,0.45,1.28,0.2,1.3,0.2
50.1558,82.3454,"DOLERITE [23274]",10.6,24,3.3,15.9,4.3,1.51,5.2,0.98,5.5,1.1,3.2,0.51,3,0.44
50.1498,82.3534,"DOLERITE [23274]",11,24,3.1,13.5,3.5,1.09,4.1,0.76,4.7,0.98,3,0.45,2.8,0.4
50.1461,82.3505,"DOLERITE [23274]",8.8,19.1,2.8,13.1,3.8,1.28,4.5,0.86,5.4,1.14,3.3,0.51,3,0.45
50.0631,82.3946,"DOLERITE [23274]",10.4,22,2.9,13,3.5,1.04,4.2,0.78,4.5,0.93,2.8,0.42,2.6,0.37
50.0652,82.4043,"DOLERITE [23274]",5.1,12.5,1.91,9.4,2.8,1.09,3.8,0.72,4.3,0.93,2.6,0.42,2.5,0.36
50.0563,82.4195,"DOLERITE [23274]",5,11.2,1.72,8.7,2.5,0.95,3.4,0.63,3.9,0.84,2.4,0.36,2.1,0.33
49.9209,82.54,"DOLERITE [23274]",8.5,20,3.1,14.9,4.2,1.02,5,0.9,6.1,1.28,3.7,0.53,3.4,0.49
49.9234,82.5509,"DOLERITE [23274]",7,15.8,2.2,10.6,3,0.95,3.6,0.66,4,0.79,2.3,0.36,2.3,0.33
49.9322,82.6835,"DOLERITE [23274]",7.2,16,2.3,10.6,3,1.08,3.4,0.64,3.9,0.78,2.2,0.33,2.1,0.31
49.9322,82.6835,"DOLERITE [23274]",4.1,9,1.32,6.5,2,0.91,2.8,0.5,3.2,0.72,2.2,0.33,2.1,0.3
-18,30,"DOLERITE [5747]",8.38,19.03,2.36,10.65,2.77,0.93,3.14,0.58,3.44,0.7,1.84,0.25,1.58,0.23
-18,30,"DOLERITE [5747]",19.1,42.21,5,22.39,5.65,1.67,6.53,1.16,7.15,1.55,4.31,0.6,4.05,0.62
43.5,115.5,"DOLERITE [23402]",6.97,18.2,2.79,13.5,3.76,1.43,4.71,0.81,4.91,1.07,2.98,0.43,2.68,0.37
43.5,115.5,"DOLERITE [23402]",5.43,14,2.21,10.9,3.35,1.45,4.07,0.72,4.3,0.92,2.54,0.36,2.33,0.34
43.5,115.5,"DOLERITE [23402]",7.68,17.1,2.48,11.4,3.39,1.15,4.06,0.7,4.29,0.93,2.63,0.38,2.4,0.35
43.5,115.5,"DOLERITE [23402]",11.23,29.2,4.17,19.4,5.17,1.63,5.86,0.99,6.03,1.29,3.55,0.52,3.26,0.48
43.5,115.5,"DOLERITE [23402]",3.45,9.26,1.69,8.87,2.95,1.08,3.87,0.66,4.22,0.91,2.53,0.35,2.31,0.33
43.5,115.5,"DOLERITE [23402]",4.81,12.5,1.99,9.58,2.9,1.07,3.9,0.65,4.19,0.93,2.65,0.4,2.46,0.34
43.5,115.5,"DOLERITE [23402]",1.3,4.74,1.01,6.29,2.56,1.02,3.68,0.62,4.16,0.85,2.43,0.36,2.31,0.32
43.5,115.5,"DOLERITE [23402]",15.9,41.8,5.89,29,8.14,3,9.41,1.53,9,1.92,5.16,0.76,4.52,0.64
43.5,115.5,"DOLERITE [23402]",14.9,39.3,5.51,26.4,7.57,2.73,8.67,1.44,8.53,1.8,4.8,0.71,4.3,0.6
28.9,92.5,"DOLERITE [23451]",5.31,10.9,1.48,7.02,1.94,0.688,2.1,0.464,2.85,0.568,1.62,0.28,1.66,0.245
28.9,92.5,"DOLERITE [23451]",5.69,11.6,1.54,7.43,2.09,0.702,2.18,0.473,2.88,0.551,1.6,0.268,1.67,0.246
28.9,92.5,"DOLERITE [23451]",5.91,11.9,1.61,7.67,2.15,0.728,2.15,0.455,2.7,0.541,1.55,0.257,1.64,0.223
28.9,92.5,"DOLERITE [23451]",5.55,11.4,1.55,7.34,2.06,0.665,2.07,0.448,2.56,0.545,1.4,0.237,1.51,0.208
28.9,92.5,"DOLERITE [23451]",5.69,11.7,1.57,7.5,2.1,0.721,2.25,0.504,2.85,0.569,1.53,0.295,1.71,0.229
34,117.7,"DOLERITE [23462]",18.72,41.57,6,26.56,7,2.27,7.25,1.2,7.63,1.52,4.03,0.57,3.59,0.55
34,117.7,"DOLERITE [23462]",22.15,49.37,7.19,31.61,8.1,2.64,8.88,1.47,8.96,1.84,4.85,0.69,4.23,0.64
34,117.7,"DOLERITE [23462]",19.84,44.17,6.4,27.86,7.29,2.36,7.81,1.29,7.93,1.6,4.35,0.62,3.95,0.58
34,117.7,"DOLERITE [23462]",19.54,43.58,6.25,27.34,7.07,2.3,7.7,1.29,7.94,1.59,4.33,0.62,3.85,0.59
34,117.7,"DOLERITE [23462]",19.74,44.4,6.39,27.61,7.11,2.33,7.66,1.28,8.03,1.62,4.39,0.63,3.88,0.59
37.1254,122.0131,"DOLERITE [23477]",18.5,39.5,4.96,20.8,4.15,1.26,3.6,0.52,2.67,0.55,1.49,0.22,1.29,0.19
36.8008,121.1338,"DOLERITE [23477]",17.1,38.8,5.09,22.1,4.74,1.48,4.24,0.6,3.17,0.66,1.73,0.26,1.59,0.23
36.2097,120.4282,"DOLERITE [23477]",24.2,49.5,5.95,24.1,4.81,1.32,4.22,0.59,3.06,0.64,1,0.25,1.52,0.22
36.2097,120.4282,"DOLERITE [23477]",21.7,46.4,5.76,23.9,4.68,1.4,4.14,0.58,3.03,0.64,1.73,0.25,1.55,0.23
36.2691,120.4817,"DOLERITE [23477]",24.1,47.9,5.73,22.5,4.2,1.38,3.93,0.55,3.01,0.63,1.57,0.24,1.42,0.22
36.2691,120.4817,"DOLERITE [23477]",41.7,82.8,9.77,38,6.75,1.99,5.21,0.7,3.55,0.7,1.88,0.26,1.6,0.23
35.4953,119.418,"DOLERITE [23477]",43.5,93.7,11.4,43.5,7.52,1.99,5.69,0.74,3.89,0.81,2.15,0.33,2.03,0.33
34.6828,118.6259,"DOLERITE [23477]",43,85.3,10.1,38.8,7.2,2.05,5.9,0.76,3.72,0.73,1.82,0.27,1.61,0.25
35.2412,119.0678,"DOLERITE [23477]",29.1,59.6,7.37,30.4,6.73,2.26,6.75,0.99,5.26,1.05,2.54,0.35,2,0.3
40.5027,115.8071,"DOLERITE [23477]",41.8,82.3,9.66,37.2,6.48,2,5.49,0.74,3.77,0.78,1.92,0.28,1.69,0.27
40.496,115.8112,"DOLERITE [23477]",59.2,119,14.2,53.3,9.03,2.65,7.14,0.93,4.54,0.9,2.17,0.31,1.87,0.3
40.496,115.8112,"DOLERITE [23477]",46.5,90.4,10.5,39.4,6.83,2.04,6.26,0.93,5.09,1.13,2.83,0.38,2.18,0.35
40.496,115.8112,"DOLERITE [23477]",73.6,138,15.4,54.5,8.88,2.19,6.73,0.93,4.77,0.97,2.45,0.36,2.28,0.36
40.4911,115.8152,"DOLERITE [23477]",71.1,138,15.6,56.2,9.24,2.31,6.78,0.89,4.22,0.83,1.94,0.29,1.73,0.27
40.4306,124.0453,"DOLERITE [23477]",41.3,80.6,9.39,36.2,6.56,1.99,5.9,0.85,4.35,0.9,2.31,0.32,2.02,0.32
40.8096,124.6579,"DOLERITE [23477]",52,113,14,55.4,9.48,2.04,6.68,0.81,3.87,0.72,1.81,0.25,1.51,0.21
36.2097,120.4282,"DOLERITE [23477]",60.5,117,13.2,46.9,7.54,2.03,5.67,0.77,3.91,0.82,2.11,0.32,2.03,0.33
37,75,"DOLERITE [23534]",14.6,30,3.51,15.7,3.6,1.49,4.26,0.62,3.64,0.73,2.04,0.28,1.75,0.23
37,75,"DOLERITE [23534]",13.2,27.9,3.55,15.6,3.58,1.33,4.31,0.64,3.74,0.71,1.95,0.28,1.82,0.25
41.8422,91.3558,"DOLERITE [23538]",11.7,28.7,3.87,18.1,4.55,1.58,4.98,0.74,4.61,0.96,2.63,0.41,2.51,0.39
41.8422,91.3558,"DOLERITE [23538]",12.2,30.3,4.09,19.3,4.81,1.59,5.14,0.77,4.9,1.01,2.81,0.42,2.65,0.4
41.8422,91.3558,"DOLERITE [23538]",12.7,31.7,4.23,19.8,4.92,1.59,5.17,0.8,5.1,1.06,2.93,0.45,2.79,0.42
41.8422,91.3558,"DOLERITE [23538]",12.4,30.7,4.07,19.1,4.82,1.61,5.03,0.76,4.81,1,2.79,0.42,2.61,0.39
41.8422,91.3558,"DOLERITE [23538]",12.3,29.8,3.96,18.6,4.68,1.53,4.97,0.72,4.63,0.97,2.66,0.4,2.51,0.37
41.8422,91.3558,"DOLERITE [23538]",9.42,23.8,3.2,15.4,3.96,1.44,4.39,0.66,4.22,0.88,2.46,0.37,2.32,0.34
41.8422,91.3558,"DOLERITE [23538]",9,22.7,3.08,14.7,3.77,1.41,4.11,0.62,4.01,0.84,2.33,0.35,2.25,0.33
41.8422,91.3558,"DOLERITE [23538]",10.8,26.8,3.66,17.3,4.42,1.71,4.91,0.75,4.76,1.01,2.77,0.44,2.62,0.41
31.3006,111.1297,"DOLERITE [23555]",27.6,67.8,7.58,29.8,6.55,2.23,5.9,1.02,6.08,1.24,3.24,0.5,3.08,0.42
31.3006,111.1297,"DOLERITE [23555]",24.3,59.6,6.66,26.2,5.92,2.04,5.27,0.92,5.61,1.12,2.9,0.46,2.77,0.37
31.3006,111.1297,"DOLERITE [23555]",23.7,57.8,6.48,25.2,5.67,2.01,5.13,0.91,5.37,1.09,2.82,0.44,2.65,0.36
31.3006,111.1297,"DOLERITE [23555]",23.1,56.9,6.33,24.6,5.45,1.95,5.02,0.88,5.17,1.04,2.77,0.41,2.59,0.35
31.3006,111.1297,"DOLERITE [23555]",23,55.8,6.28,24.6,5.52,1.95,5,0.87,5.19,1.06,2.76,0.42,2.6,0.35
31.3006,111.1297,"DOLERITE [23555]",24.2,58.6,6.63,25.9,5.66,2.01,5.18,0.91,5.45,1.11,2.86,0.45,2.73,0.39
31.3006,111.1297,"DOLERITE [23555]",26.1,63,7.04,27.9,6.2,2.21,5.66,0.98,5.94,1.2,3.09,0.48,3,0.4
31.3006,111.1297,"DOLERITE [23555]",23.7,58,6.73,26.6,6.03,2.15,5.39,0.96,5.77,1.16,3.03,0.46,2.82,0.38
31.3006,111.1297,"DOLERITE [23555]",23.4,56.8,6.48,25.4,5.74,1.99,5.13,0.9,5.37,1.09,2.85,0.43,2.73,0.36
31.3006,111.1297,"DOLERITE [23555]",26.6,64.4,7.35,28.7,6.3,2.14,5.8,1.01,6,1.22,3.18,0.48,3.02,0.4
31.3006,111.1297,"DOLERITE [23555]",23.7,55.2,6.49,25,5.57,2.02,5.03,0.88,5.23,1.07,2.78,0.43,2.69,0.36
6.4891,-75.8902,"DOLERITE [23561]",2.4,5.8,0.86,4.5,1.5,0.56,2.12,0.4,2.55,0.6,1.89,0.26,1.71,0.28
25.3,99.25,"DOLERITE [23569]",12.35,27.36,3.125,14.365,3.256,1.345,4.36,0.801,5.3245,1.02,2.98,0.4123,2.79,0.406
25.3,99.25,"DOLERITE [23569]",13.5021202218261,28.7406783521489,3.56127629233512,15.2490819964349,3.91593058031293,1.34284531590414,4.75047316300257,0.796656664686076,5.023041295306,1.02818171915231,2.9677302436126,0.416745098039216,2.74251950881363,0.405168845315904
25.3,99.25,"DOLERITE [23569]",14.3692010050251,31.3856311557789,3.82766673366834,16.3056954773869,4.17788381909548,1.40086834170854,4.99986391959799,0.837430854271357,5.27076713567839,1.0815527638191,3.2230272361809,0.453222110552764,2.94079346733668,0.425410753768844
25.2,99.25,"DOLERITE [23569]",13.4082872531418,28.6684907241173,3.54967851585877,15.2705493716338,4.02662453620586,1.35117462597247,4.80670544584081,0.821464512268103,5.19881508078995,1.03976301615799,3.04479856373429,0.4303894673848,2.77890891681628,0.415905206463196
25.2,99.25,"DOLERITE [23569]",13.9007134220073,30.9741676743249,3.67147742845627,15.6468621523579,4.04239137444579,1.32045364772269,4.87894498186215,0.796609028617493,5.15627448609432,1.03171140669085,3.01981015719468,0.417706166868198,2.7995443369609,0.399445787988714
25.2,99.25,"DOLERITE [23569]",13.1529707985697,28.2655744934446,3.51668903456496,15.1126036948748,3.91607073897497,1.28654159713945,4.76062991656734,0.78385315852205,4.83624618593564,1.00324684147795,2.94157938021454,0.401511740166865,2.68597508939213,0.397251668653158
25.2,99.25,"DOLERITE [23569]",14.0818727089627,29.8173774420947,3.72951222557905,16.1723131923464,4.20376140986908,1.33642588116818,5.03161744209466,0.814335770392749,5.31034283987916,1.05042034239678,3.11174026183283,0.425368237663646,2.85901536757301,0.420168136958711
25.2,99.25,"DOLERITE [23569]",11.5833819612591,24.6396735270379,3.0899539346247,13.1404578288943,3.38348377723971,1.20042132768362,4.07469921307506,0.700684140435835,4.36191658595642,0.886901997578693,2.68911210653753,0.356654539951574,2.35034289749798,0.350342070217918
25.2,99.25,"DOLERITE [23569]",12.6792450569203,27.1048571999201,3.33876452965848,14.4049450768923,3.6797711204314,1.29582504493709,4.44755262632315,0.731614140203715,4.69555741961254,0.953785100858798,2.76112003195526,0.390607549430797,2.54411583782704,0.3792406630717
25.2,99.25,"DOLERITE [23569]",13.9502533172497,29.5827430639324,3.65476121833534,15.7863528347406,3.97992521109771,1.32219680337756,4.75642092882991,0.787779010856454,5.07132738238842,1.03498570566948,2.98289240048251,0.424662123039807,2.76235530759952,0.413378829915561
25.9,99,"DOLERITE [23569]",13.6709611573524,29.4647423701942,3.74101545778835,16.6065180340864,4.35845283392786,1.41858292596996,4.39390055929889,0.853980182322632,5.30040730045486,1.11599682917162,2.98560843840273,0.454890011890606,3.09567816091954,0.44518569163694
25.9,99,"DOLERITE [23569]",11.9239334129829,25.7758781362007,3.26981943448825,14.2224348864994,3.77802469135802,1.11151562753514,3.84677286605602,0.76413596176822,4.60094927082741,0.981067702110713,2.58126592542363,0.415582716049383,2.75186443647949,0.4009581043409
25.9,99,"DOLERITE [23569]",12.4129237424547,26.593860362173,3.40710814889336,14.6720513078471,3.90558955734406,1.30054445189656,4.08422727819911,0.801744728370221,4.98130612244898,1.0522132193159,2.84271339750213,0.443231006036217,2.92704354124748,0.42604199195171
25.9,99,"DOLERITE [23569]",14.8080506227401,31.3191478505424,3.99430859783045,16.8130558457212,4.32525524306951,1.29171186554172,4.37298018975801,0.864809481719566,5.20404109510417,1.12570172760145,2.98911828260563,0.473471112896746,3.0751465648855,0.451730092406589
25.9,99,"DOLERITE [23569]",14.6843729903537,30.9386213826367,3.88242262861736,16.6044513665595,4.31715735530547,1.39097222222222,4.44539997114354,0.864639067524116,5.22946773082223,1.13876346463022,3.06142022247328,0.458886655948553,3.03710510450161,0.452848673633441
25.9,99,"DOLERITE [23569]",19.4674648648649,41.1020396396396,5.19132396396396,21.9145945945946,5.71240432432432,1.66614047380714,5.86678463078463,1.16269099099099,7.14601304161304,1.54376144144144,4.0703233503774,0.622130990990991,4.23925657657658,0.629435855855856
25.9,99,"DOLERITE [23569]",10.7275698881789,23.3020327476038,2.95622803514377,12.9642292332268,3.378375,1.03382476925808,3.62039403620873,0.715970846645367,4.29799520766773,0.933040734824281,2.40072316725671,0.372976437699681,2.49090694888179,0.364581469648562
35.5,118,"DOLERITE [23663]",32.41,73.03,8.45,38,7.81,2.16,7.83,1.12,5.99,1.15,3.1,0.44,2.47,0.4
35.5,118,"DOLERITE [23663]",33.38,77.31,8.97,39.93,7.9,2.16,7.91,1.15,6.28,1.29,3.76,0.59,3.57,0.65
-29,31,"DOLERITE [23666]",11.02,24.65,2.93,12.43,2.83,0.84,2.9,0.47,2.97,0.62,1.8,0.26,1.7,0.27
18.9,72.3,"DOLERITE [7060]",18.2,41.6,5.55,24.6,6.21,2.4,7.51,1.25,7.29,1.43,3.94,0.56,3.4,0.49
18.6,73.5,"DOLERITE [7060]",21.7,47.8,6.49,29.4,7.43,2.53,8.6,1.42,8.48,1.65,4.42,0.6,3.58,0.52
62.0584,-42.1267,"DOLERITE [23761]",9.63,21.8,3.15,14.4,3.51,1.44,3.69,0.64,3.73,0.69,2.09,0.328,2.03,0.305
41,120,"DOLERITE [23783]",10.4,23.8,3.1,14.2,3.66,1.22,4.08,0.7,4.15,0.85,2.4,0.36,2.29,0.35
41,120,"DOLERITE [23783]",9.71,22.4,2.9,14,3.61,1.13,4.04,0.69,4.09,0.85,2.35,0.35,2.18,0.33
41,120,"DOLERITE [23783]",10.5,24.8,3.2,15.2,3.86,1.24,4.16,0.71,4.24,0.88,2.45,0.35,2.29,0.34
41,120,"DOLERITE [23783]",9.26,21.2,2.9,13.5,3.51,1.12,4,0.68,4.09,0.85,2.33,0.35,2.16,0.33
41,120,"DOLERITE [23783]",10.1,23.3,3.1,14.6,3.73,1.2,4.11,0.7,4.28,0.88,2.44,0.36,2.31,0.34
41,120,"DOLERITE [23783]",8.92,20.7,2.8,13.1,3.36,1.08,3.76,0.64,3.88,0.81,2.25,0.34,2.1,0.32
41,120,"DOLERITE [23783]",9.63,22.3,3,13.7,3.58,1.15,3.92,0.68,4.04,0.85,2.31,0.34,2.17,0.32
41,120,"DOLERITE [23783]",10.3,23.2,2.9,13.5,3.45,1.21,3.77,0.64,3.84,0.79,2.21,0.34,2.13,0.32
41,120,"DOLERITE [23783]",10.2,26.1,3.3,15.5,3.5,1.14,3.47,0.53,3.04,0.63,1.74,0.26,1.6,0.25
41,120,"DOLERITE [23783]",9.75,24.9,3,14.4,3.64,1.16,4.08,0.69,4.16,0.86,2.36,0.36,2.24,0.35
41,120,"DOLERITE [23783]",14.2,32.5,4.2,19.5,4.97,1.45,5.57,0.92,5.47,1.18,3.23,0.47,3.01,0.46
41,120,"DOLERITE [23783]",9.89,22.7,3,14.2,3.61,1.25,4.07,0.7,4.08,0.89,2.45,0.36,2.31,0.35
41,120,"DOLERITE [23783]",10.9,25.2,3.3,15.3,3.92,1.25,4.44,0.75,4.45,0.93,2.58,0.39,2.36,0.37
41,120,"DOLERITE [23783]",11.9,27,3.4,16.3,4.13,1.33,4.63,0.79,4.59,0.96,2.64,0.39,2.5,0.39
41,120,"DOLERITE [23783]",10.2,23.8,3,14.5,3.79,1.15,4.17,0.72,4.3,0.9,2.51,0.36,2.29,0.35
41,120,"DOLERITE [23783]",13,29.9,3.9,17.9,4.57,1.35,4.97,0.85,5.09,1.04,2.91,0.42,2.74,0.42
41,120,"DOLERITE [23783]",11.3,26.4,3.6,16.6,4.2,1.37,4.24,0.73,4.47,0.96,2.57,0.36,2.41,0.37
41,120,"DOLERITE [23783]",11.4,26.5,3.5,16.5,4.13,1.34,4.17,0.71,4.4,0.94,2.53,0.36,2.38,0.36
41,120,"DOLERITE [23783]",11.2,26,3.5,16,4.02,1.32,4.07,0.7,4.29,0.92,2.48,0.35,2.32,0.35
41,120,"DOLERITE [23783]",11.8,27.6,3.6,16.9,4.22,1.38,4.5,0.78,4.64,0.96,2.47,0.37,2.53,0.4
41,120,"DOLERITE [23783]",12.1,27.5,3.5,16.3,4.11,1.3,4.41,0.74,4.35,0.89,2.5,0.37,2.4,0.36
41,120,"DOLERITE [23783]",26.6,61.4,7.6,35.5,7.38,3.2,6.58,0.95,4.83,0.88,2.3,0.3,1.87,0.28
41,120,"DOLERITE [23783]",11.2,25.7,3.3,15.2,3.83,1.21,4.2,0.7,4.16,0.86,2.4,0.36,2.29,0.35
41,120,"DOLERITE [23783]",12.1,27.3,3.5,16.5,4.14,1.32,4.46,0.75,4.42,0.93,2.61,0.38,2.38,0.36
41,120,"DOLERITE [23783]",16.4,36.1,4.5,20.6,5.17,1.5,5.45,0.92,5.36,1.1,3.09,0.45,2.83,0.44
41,120,"DOLERITE [23783]",14.5,34.1,4.3,20,4.85,1.51,5.27,0.91,5.33,1.1,3.06,0.44,2.87,0.42
41,120,"DOLERITE [23783]",8.71,21.7,2.7,12.5,3.1,1.03,3.33,0.56,3.37,0.7,1.95,0.28,1.77,0.27
41,120,"DOLERITE [23783]",11.5,25.7,3.4,15,3.78,1.23,4.03,0.68,3.96,0.82,2.29,0.34,2.12,0.32
41,120,"DOLERITE [23783]",9.88,22.9,2.9,13.5,3.37,1.13,3.63,0.62,3.57,0.76,2.08,0.31,1.94,0.3
41,120,"DOLERITE [23783]",9.5,19.5,2.9,13.3,3.31,1.09,3.44,0.62,3.64,0.76,1.97,0.3,1.99,0.32
41,120,"DOLERITE [23783]",12.2,28,3.6,17,4.14,1.31,4.33,0.75,4.46,0.93,2.38,0.36,2.44,0.38
41,120,"DOLERITE [23783]",24.2,55.3,7.2,33.2,8.14,2.26,8.31,1.44,8.53,1.75,4.46,0.67,4.43,0.71
41,120,"DOLERITE [23783]",19.3,44.7,5.8,27,6.64,1.92,6.9,1.2,7.06,1.48,3.78,0.57,3.76,0.59
41,120,"DOLERITE [23783]",15.7,36.4,4.7,22.2,5.54,1.67,5.79,1.03,6.06,1.27,3.27,0.49,3.32,0.53
41,120,"DOLERITE [23783]",14.2,32.4,4.3,19.4,4.83,1.52,5.02,0.82,5.14,1.05,2.71,0.41,2.77,0.43
41,120,"DOLERITE [23783]",14.6,32.7,4.3,19.7,4.86,1.49,5.12,0.83,5.24,1.06,2.79,0.43,2.88,0.45
41,120,"DOLERITE [23783]",13.4,30.1,4,17.9,4.43,1.39,4.63,0.76,4.65,0.97,2.6,0.39,2.58,0.4
41,120,"DOLERITE [23783]",8.98,20.5,2.6,12.5,3.18,1.07,3.3,0.57,3.29,0.7,1.76,0.27,1.76,0.27
41,120,"DOLERITE [23783]",9.66,22.1,2.9,13.5,3.56,1.19,3.74,0.65,3.75,0.8,2.03,0.31,2.04,0.31
41,120,"DOLERITE [23783]",9.2,21.4,2.8,13.6,3.45,1.16,3.61,0.62,3.62,0.77,1.93,0.3,1.95,0.3
43.5,88,"DOLERITE [23790]",13.2,35.7,5.36,25.5,7.66,2.48,9.15,1.61,10.1,2.04,5.79,0.871,5.84,0.895
43.5,88,"DOLERITE [23790]",6.14,18,2.89,14.3,4.57,1.48,5.68,0.97,6.16,1.25,3.71,0.551,3.57,0.556
-36,137,"DOLERITE [23794]",13.4,35.5,5.15,19.71,5.74,2.25,8.8,1.54,9.75,2.08,5.95,0.8,5.45,0.78
-36,137,"DOLERITE [23794]",12.4,30.4,4.4,22.5,6.9,1.9,8.2,1.42,8.95,2.02,5.7,0.8,5.25,0.74
-36,137,"DOLERITE [23794]",8.6,22.6,3.5,18.5,5.75,1.8,6.8,1.22,8.05,1.74,4.95,0.7,4.4,0.64
-36,137,"DOLERITE [23794]",9.1,25.9,3.95,20.6,6.55,1.9,7.4,1.26,7.9,1.76,4.95,0.7,4.4,0.64
-36,137,"DOLERITE [23794]",10.9,29.3,4.35,17.3,4.62,2,7.4,1.26,8.4,1.78,5,0.7,4.55,0.64
-36,137,"DOLERITE [23794]",11.7,28,4.5,23.9,7.45,2.15,8.8,1.46,9.6,2.1,5.95,0.8,5.35,0.78
-36,137,"DOLERITE [23794]",10.5,27.9,4.1,21.3,6.65,2.1,7.4,1.28,8.1,1.76,4.75,0.7,4.55,0.68
69.12,36.1,"DOLERITE [23832]",8.57,16.4,2.36,10.1,2.33,0.837,2.77,0.44,2.86,0.587,1.82,0.26,1.78,0.252
68.14,38.47,"DOLERITE [23832]",9,18.8,2.42,9.63,2.48,0.752,2.48,0.429,2.61,0.566,1.61,0.23,1.52,0.23
68.14,38.47,"DOLERITE [23832]",8.8,18.6,2.43,9.71,2.59,0.799,2.71,0.493,2.84,0.653,1.73,0.25,1.7,0.259
68.14,38.47,"DOLERITE [23832]",8.71,18.2,2.32,9.71,2.55,0.786,2.55,0.447,2.71,0.642,1.66,0.25,1.7,0.253
68.14,38.47,"DOLERITE [23832]",8.63,18.2,2.28,9.61,2.49,0.8,2.49,0.443,2.74,0.62,1.69,0.26,1.59,0.26
68.32,38.41,"DOLERITE [23832]",8.67,18.3,2.28,9.56,2.48,0.759,2.57,0.41,2.73,0.608,1.83,0.27,1.56,0.241
68.32,38.41,"DOLERITE [23832]",8.86,18.8,2.38,9.8,2.33,0.806,2.62,0.474,2.82,0.611,1.72,0.26,1.61,0.263
68.32,38.41,"DOLERITE [23832]",7.94,17.1,2.19,9.15,2.3,0.728,2.43,0.419,2.68,0.634,1.68,0.29,1.65,0.248
68.32,38.41,"DOLERITE [23832]",8.25,17.9,2.09,8.45,2.17,0.728,2.33,0.409,2.71,0.598,1.68,0.23,1.6,0.25
68.32,38.41,"DOLERITE [23832]",8.69,17.8,2.41,9.42,2.24,0.811,2.52,0.448,2.69,0.616,1.65,0.25,1.58,0.254
68.32,38.41,"DOLERITE [23832]",8.19,17.3,2.29,9.26,2.31,0.78,2.48,0.405,2.72,0.613,1.71,0.25,1.7,0.24
68.32,38.41,"DOLERITE [23832]",9.22,19.4,2.52,10.1,2.51,0.844,2.77,0.431,2.85,0.622,1.71,0.29,1.71,0.275
68.32,38.41,"DOLERITE [23832]",8.18,17.8,2.22,9.1,2.28,0.723,2.46,0.44,2.63,0.605,1.68,0.29,1.63,0.252
69.12,36.1,"DOLERITE [23832]",7.31,14,1.95,8.03,1.77,0.78,2.25,0.401,2.44,0.554,1.61,0.23,1.45,0.195
69.12,36.1,"DOLERITE [23832]",8.32,16.1,2.24,8.84,1.77,0.807,2.69,0.414,2.69,0.531,1.71,0.23,1.62,0.241
69.12,36.1,"DOLERITE [23832]",7.84,14.7,2.2,8.85,2.06,0.776,2.24,0.457,2.72,0.543,1.62,0.23,1.64,0.244
69.12,36.1,"DOLERITE [23832]",7.99,15.8,2.18,8.62,2.01,0.773,2.55,0.441,2.59,0.56,1.66,0.23,1.61,0.243
69.12,36.1,"DOLERITE [23832]",7.45,14.4,2.05,7.99,1.76,0.798,2.38,0.366,2.53,0.553,1.56,0.24,1.56,0.232
69.12,36.1,"DOLERITE [23832]",9.51,17.7,2.35,10.7,2.19,0.826,2.98,0.459,2.88,0.66,1.94,0.28,1.8,0.261
69.12,36.1,"DOLERITE [23832]",6.8,13,1.72,7.64,2.13,0.705,2.08,0.374,2.27,0.506,1.5,0.21,1.49,0.211
69.12,36.1,"DOLERITE [23832]",7.62,15,2.03,8.18,1.68,0.83,2.47,0.415,2.74,0.57,1.68,0.22,1.66,0.237
69.12,36.1,"DOLERITE [23832]",8.85,17.4,2.5,9.28,2.1,0.869,2.67,0.467,2.98,0.582,1.79,0.26,1.68,0.241
68.3,38.45,"DOLERITE [23832]",13.2,27.5,3.48,13.6,3.13,1.07,3.54,0.631,3.74,0.804,2.32,0.34,2.19,0.344
68.3,38.45,"DOLERITE [23832]",6,12.6,1.62,6.46,1.75,0.809,1.87,0.318,1.96,0.444,1.2,0.18,1.27,0.198
68.3,38.45,"DOLERITE [23832]",6.45,13.5,1.73,7.03,1.8,0.697,2.05,0.325,2.1,0.466,1.34,0.19,1.29,0.2
68.3,38.45,"DOLERITE [23832]",5.13,10.9,1.39,5.79,1.55,0.596,1.76,0.289,1.79,0.377,1.15,0.17,1.13,0.173
68.3,38.45,"DOLERITE [23832]",5.49,11.8,1.51,6.24,1.6,0.632,1.79,0.303,1.93,0.406,1.17,0.18,1.21,0.169
68.3,38.45,"DOLERITE [23832]",6.16,13.5,1.69,7.01,1.78,0.7,1.91,0.323,2.17,0.442,1.36,0.2,1.32,0.192
68.3,38.45,"DOLERITE [23832]",7.1,15.5,1.92,8.28,1.9,0.778,2.27,0.361,2.38,0.499,1.49,0.22,1.42,0.219
68.3,38.45,"DOLERITE [23832]",8.74,19.1,2.28,9.82,2.21,0.774,2.31,0.386,2.56,0.543,1.58,0.23,1.51,0.245
68.3,38.45,"DOLERITE [23832]",10.14,21.9,2.64,11,2.47,0.808,2.86,0.448,2.75,0.605,1.82,0.28,1.68,0.248
68.3,38.45,"DOLERITE [23832]",8.81,19.3,2.29,10.5,2.47,0.843,2.62,0.447,2.74,0.554,1.77,0.24,1.66,0.267
34.1177,117.6751,"DOLERITE [23847]",8.36,19.28,2.65,12.12,3.3,1.41,3.93,0.64,4.32,0.83,2.33,0.33,2.08,0.3
34.1177,117.6751,"DOLERITE [23847]",11.84,27.58,3.85,17.12,4.77,1.89,5.49,0.91,6.09,1.16,3.26,0.48,3.02,0.42
34.1177,117.6751,"DOLERITE [23847]",10.37,23.88,3.32,14.7,4.02,1.72,4.91,0.79,5.27,1.05,2.83,0.44,2.61,0.38
34.1177,117.6751,"DOLERITE [23847]",6.01,14.44,2.03,9.57,2.76,1.22,3.49,0.59,3.94,0.76,2.14,0.33,2,0.28
34.1177,117.6751,"DOLERITE [23847]",10.19,24.07,3.29,15.26,4.11,1.63,4.65,0.78,5.2,1,2.87,0.42,2.67,0.37
34.1177,117.6751,"DOLERITE [23847]",7.24,17.09,2.41,11.96,3.49,1.54,4.3,0.74,4.75,0.96,2.64,0.37,2.26,0.33
34.1177,117.6751,"DOLERITE [23847]",9.83,22.4,2.98,13.25,3.46,1.64,4.05,0.69,4.62,0.85,2.53,0.37,2.31,0.33
34.1177,117.6751,"DOLERITE [23847]",7.1,17.25,2.48,11.68,3.24,1.37,3.74,0.64,4.26,0.85,2.47,0.35,2.16,0.31
34.1177,117.6751,"DOLERITE [23847]",7.11,16.3,2.29,11.22,2.84,1.23,3.71,0.58,3.81,0.76,2.09,0.31,2.01,0.28
34.1177,117.6751,"DOLERITE [23847]",5.99,14.1,1.96,9.31,2.36,1.09,2.91,0.47,3.1,0.62,1.78,0.28,1.7,0.25
10.5,123.8,"DOLERITE [19607]",11.4,27.8,3.99,18.3,4.44,1.3,4.12,0.58,3.28,0.66,1.82,0.26,1.72,0.25
10.5,123.8,"DOLERITE [19607]",9.6,23.8,3.45,15.7,3.8,1,3.34,0.48,2.68,0.55,1.56,0.22,1.45,0.22
10.5,123.8,"DOLERITE [19607]",8.4,23,3.13,14.6,3.57,1.1,3.39,0.49,2.8,0.57,1.63,0.22,1.51,0.22
10.5,123.8,"DOLERITE [19607]",9.6,22.8,3.02,13.7,3.4,1.1,3.73,0.59,3.58,0.76,2.21,0.31,2.06,0.31
10.5,123.8,"DOLERITE [19607]",9.4,22.6,2.94,13.5,3.45,1.1,3.59,0.58,3.48,0.74,2.1,0.31,2.01,0.3
29.8,35.3,"DOLERITE [23875]",28.4,70,10.1,47.6,11.1,3.15,11.1,1.6,9.56,1.74,4.99,0.73,4.94,0.7
-10,-48.7,"DOLERITE [23881]",42,103,13.5,62.9,15.15,4.82,15.9,2.35,13.15,2.63,7.18,0.86,5.4,0.85
-10,-48.7,"DOLERITE [23881]",34.1,82,11.75,54.2,12.7,3.76,13.05,2,11.35,2.22,6.43,0.75,5.17,0.64
-10,-48.7,"DOLERITE [23881]",13.2,34.3,4.89,23.9,6.24,2.27,7.58,1.17,7.25,1.49,3.75,0.56,3.5,0.48
-10,-48.7,"DOLERITE [23881]",13.5,35.5,4.8,24.4,6.44,2.24,7.39,1.21,6.71,1.45,3.59,0.51,3.37,0.5
-10,-48.7,"DOLERITE [23881]",12.9,31.8,5.06,26.1,7.09,2.2,8.32,1.23,7.54,1.52,4.32,0.59,3.6,0.54
-10,-48.7,"DOLERITE [23881]",17.7,43,6.68,33.5,8.4,2.67,9.46,1.31,8.41,1.55,4.53,0.67,3.85,0.55
-10,-48.7,"DOLERITE [23881]",13.9,35.3,5.19,25.9,6.75,2.22,7.98,1.25,7.46,1.52,4.06,0.58,3.47,0.45
-10,-48.7,"DOLERITE [23881]",13.7,34.6,5.28,24.7,6.85,2.02,7.3,1.14,6.84,1.38,4.15,0.59,3.19,0.44
-3.75,-43,"DOLERITE [23888]",12.4,27.4,3.51,15.4,4.09,1.33,4.71,0.81,4.8,0.99,2.6,0.39,2.53,0.42
-3.75,-43,"DOLERITE [23888]",11.4,25.3,3.26,14.6,3.78,1.25,4.31,0.74,4.47,0.87,2.52,0.36,2.24,0.36
-3.75,-43,"DOLERITE [23888]",11.6,25.9,3.37,14.5,3.94,1.28,4.56,0.75,4.57,0.9,2.55,0.37,2.3,0.36
-3.75,-43,"DOLERITE [23888]",12.3,26.9,3.57,15.7,4.09,1.36,4.63,0.79,4.78,0.93,2.7,0.4,2.59,0.41
-3.75,-43,"DOLERITE [23888]",15.8,35.5,4.65,20.2,5.3,1.8,5.83,1,6.24,1.24,3.46,0.48,3.09,0.5
-3.75,-43,"DOLERITE [23888]",12.9,28.9,3.74,15.8,4.29,1.44,5.01,0.86,5.17,1,2.8,0.41,2.57,0.4
-3.75,-43,"DOLERITE [23888]",9.19,20.8,2.72,11.8,3.09,1.11,3.74,0.63,3.94,0.76,2.13,0.31,2.05,0.33
-3.75,-43,"DOLERITE [23888]",10.7,23.6,3.01,13.4,3.66,1.23,4.16,0.7,4.29,0.86,2.37,0.34,2.19,0.34
-3.75,-43,"DOLERITE [23888]",15.3,34.2,4.47,19.6,5.07,1.65,5.91,0.98,5.82,1.16,3.32,0.47,3.15,0.48
-3.75,-43,"DOLERITE [23888]",8.66,19.3,2.55,11.4,3.09,1.03,3.49,0.6,3.7,0.74,2.09,0.28,1.89,0.28
-3.75,-43,"DOLERITE [23888]",8.77,19.6,2.56,11.4,3.1,1.06,3.48,0.6,3.56,0.72,2,0.29,1.95,0.3
-3.75,-43,"DOLERITE [23888]",9.44,20.7,2.69,11.6,3.17,1.11,3.68,0.62,3.82,0.77,2.18,0.32,2.02,0.32
-3.75,-43,"DOLERITE [23888]",8.97,20.7,2.7,12.3,3.25,1.06,3.56,0.63,3.8,0.76,2.12,0.31,2.03,0.33
-3.75,-43,"DOLERITE [23888]",24.9,3.25,14,3.62,1.26,4.31,0.72,4.43,0.88,2.54,0.35,2.32,0.38,0.38
33.5,108,"DOLERITE [23900]",26.06,56.65,7.07,29.55,5.25,1.7,4.3,0.6,3.07,0.54,1.43,0.21,1.23,0.2
33.5,108,"DOLERITE [23900]",28.3,57.96,6.77,27.06,4.84,1.39,3.85,0.58,3.09,0.58,1.6,0.25,1.53,0.24
33.5,108,"DOLERITE [23900]",26.77,58.53,7.33,30.52,5.66,1.8,4.49,0.63,3.26,0.59,1.5,0.22,1.3,0.2
33.5,108,"DOLERITE [23900]",26.61,58.15,7.34,30.79,5.74,1.76,4.48,0.61,3.28,0.54,1.44,0.2,1.23,0.18
33.5,108,"DOLERITE [23900]",40.76,93.09,10.8,43.92,7.54,2.14,5.2,0.69,3.72,0.63,1.75,0.24,1.6,0.2
33.5,108,"DOLERITE [23900]",23.66,52.08,6.61,27.53,5.34,1.63,4.3,0.6,3.45,0.65,1.81,0.24,1.77,0.24
33.5,108,"DOLERITE [23900]",39.38,84.67,9.35,36.6,6.86,1.96,5.39,0.74,4.28,0.77,2.23,0.31,1.96,0.29
33.5,108,"DOLERITE [23900]",30.89,65.58,8.26,35.69,8.08,2.79,7.58,1.06,5.78,0.97,2.41,0.31,1.78,0.24
33.5,108,"DOLERITE [23900]",27.05,58.45,7.45,34.04,7.68,2.64,7.06,0.99,5.31,0.92,2.23,0.31,1.7,0.24
33.5,108,"DOLERITE [23900]",22.3,46.48,5.64,23.85,5.47,1.71,5.09,0.69,3.75,0.75,1.89,0.24,1.47,0.19
33.5,108,"DOLERITE [23900]",28.07,61.9,7.7,34.09,7.83,2.63,7.09,1.01,5.38,0.93,2.3,0.31,1.74,0.23
33.5,108,"DOLERITE [23900]",29.12,65.08,8.27,36.35,8.24,2.77,7.97,1.12,5.89,1.03,2.55,0.31,1.89,0.25
33.5,108,"DOLERITE [23900]",28.19,61.51,7.86,34.33,7.71,2.72,7.25,1.07,5.83,0.95,2.28,0.3,1.94,0.23
33.5,108,"DOLERITE [23900]",28.11,60.84,7.58,33.85,8.16,2.71,7.45,1.04,5.5,0.92,2.32,0.29,1.75,0.25
33.5,108,"DOLERITE [23900]",27.07,59.57,7.79,34.11,7.71,2.67,7.31,1.02,5.34,0.97,2.35,0.29,1.73,0.22
33.5,108,"DOLERITE [23900]",33.59,67.97,8.17,33.9,7.29,2.67,6.78,0.96,5.08,0.88,2.15,0.26,1.65,0.22
18.2368,105.1714,"DOLERITE [23910]",51.44,97.93,11.7,41.44,8.07,1.56,7.58,1.08,6.85,1.22,3.45,0.5,3.18,0.5
-35.1309,-71.8534,"DOLERITE [23943]",10,22.7,2.99,13.9,3.9,1.12,3.5,0.5,3.1,0.6,1.7,0.27,1.8,0.26
-35.145,-71.8882,"DOLERITE [23943]",13.6,30.9,4.05,18.1,4.3,1.43,4.4,0.7,4.2,0.8,2.4,0.36,2.5,0.37
-35.1399,-71.8935,"DOLERITE [23943]",10,22.9,3.12,14.7,3.9,1.2,3.7,0.6,3.2,0.6,1.8,0.27,1.8,0.26
3.8171,103.3762,"DOLERITE [23983]",8.88,18.3,2.56,12.2,3.37,1.29,4.08,0.651,4.17,0.839,2.19,0.293,1.8,0.269
39.0681,121.5989,"DOLERITE [24031]",13.3,31.7,4.41,20.2,5.37,1.88,5.97,0.99,6.05,1.18,3.35,0.47,2.9,0.42
39.0681,121.5989,"DOLERITE [24031]",13.8,32.1,4.44,20.6,5.56,1.81,6.05,0.97,6,1.2,3.35,0.46,2.85,0.42
39.0525,121.5411,"DOLERITE [24031]",18.4,42.8,5.74,25.8,6.69,2.22,7.33,1.15,7.07,1.39,3.84,0.53,3.31,0.49
39.0317,121.5064,"DOLERITE [24031]",19.5,44.4,6.02,26.6,6.91,2.32,7.63,1.2,7.28,1.45,4.1,0.56,3.65,0.53
39.0547,121.9233,"DOLERITE [24031]",12.8,29.9,4.12,19,5.01,1.81,5.76,0.92,5.66,1.14,3.13,0.44,2.8,0.4
39.0547,121.9233,"DOLERITE [24031]",11.8,28.1,3.83,17.9,4.87,1.74,5.43,0.9,5.41,1.09,2.97,0.42,2.72,0.37
39.0831,121.7961,"DOLERITE [24031]",19.7,43.5,5.82,25.7,6.35,2.26,6.76,1.08,6.51,1.34,3.64,0.52,3.21,0.47
39.0831,121.7961,"DOLERITE [24031]",18.8,42.7,5.68,24.8,5.97,2.15,6.53,1.02,6.38,1.28,3.48,0.49,3.15,0.45
39.0831,121.7961,"DOLERITE [24031]",18.6,41.4,5.48,24.1,5.9,2.16,6.39,1,6.3,1.27,3.5,0.48,3.05,0.46
39.0831,121.7961,"DOLERITE [24031]",18.6,41.7,5.48,24.1,5.87,2.17,6.47,0.99,6.25,1.25,3.49,0.47,2.99,0.44
32.7,97.2,"DOLERITE [24036]",17.59,39.32,4.97,21.47,5.21,1.79,5.25,0.87,5.3,1.07,2.84,0.43,2.74,0.4
32.7,97.2,"DOLERITE [24036]",18.99,43.07,5.5,23.67,5.81,1.76,6.19,0.98,5.96,1.17,3.25,0.46,2.9,0.42
32.7,97.2,"DOLERITE [24036]",7.14,17.66,2.46,11.51,3.32,1.18,3.73,0.66,4.37,0.83,2.32,0.35,2.11,0.32
32.7,97.2,"DOLERITE [24036]",7.72,18.66,2.61,12.08,3.5,1.32,3.95,0.68,4.38,0.87,2.36,0.35,2.24,0.31
32.7,97.2,"DOLERITE [24036]",10.82,26.59,3.71,17.01,4.54,1.53,5.93,1.01,6.5,1.33,4.11,0.61,3.87,0.59
32.3633,108.2836,"DOLERITE [24068]",25.66,57.62,7.78,35.91,7.92,3.18,7.71,1.06,5.79,1.04,2.59,0.33,1.94,0.27
32.435,108.4094,"DOLERITE [24068]",24.68,55.2,7.19,32.24,7.1,2.67,6.78,0.94,5.11,0.91,2.29,0.3,1.71,0.24
32.435,108.4094,"DOLERITE [24068]",24.34,54.28,7.13,31.88,7.01,2.62,6.71,0.93,5.06,0.91,2.25,0.29,1.7,0.23
32.4375,108.4125,"DOLERITE [24068]",52.71,119.03,15.75,69.72,14.39,5.19,13.5,1.84,9.83,1.76,4.4,0.57,3.28,0.45
32.4375,108.4125,"DOLERITE [24068]",51.68,117.16,15.53,68.57,14.18,5.05,13.29,1.82,9.71,1.74,4.34,0.56,3.22,0.45
32.5031,108.4444,"DOLERITE [24068]",30.42,69.89,9.72,43.59,9.56,3.45,9.05,1.22,6.47,1.15,2.86,0.37,2.13,0.3
32.5031,108.2053,"DOLERITE [24068]",30.19,69.82,9.61,43.64,9.59,3.35,9.08,1.24,6.61,1.16,2.92,0.37,2.14,0.3
32.5022,108.2072,"DOLERITE [24068]",26.59,61.12,8.41,37.86,8.27,2.88,7.88,1.07,5.7,1.01,2.53,0.32,1.87,0.26
32.5028,108.2094,"DOLERITE [24068]",22.47,49.87,6.38,28.73,6.4,2.32,6.2,0.88,4.83,0.87,2.21,0.29,1.66,0.23
32.5042,108.2111,"DOLERITE [24068]",39.26,92.42,12.8,60.13,12.64,4.62,11.85,1.58,8.3,1.43,3.55,0.45,2.52,0.35
32.5064,108.2097,"DOLERITE [24068]",41.34,100.86,14.41,70.46,15.06,5.52,14.31,1.87,9.63,1.65,4.02,0.49,2.69,0.37
32.5064,108.2097,"DOLERITE [24068]",42.55,103.21,14.72,71.97,15.32,5.66,14.57,1.89,9.73,1.66,3.98,0.48,2.69,0.36
32.5244,108.2311,"DOLERITE [24068]",51.19,121.29,16.76,79.11,16.61,6.33,15.62,2.11,11.17,1.96,4.84,0.61,3.49,0.48
32.5244,108.2311,"DOLERITE [24068]",51.91,122.66,16.87,79.2,16.65,6.35,15.52,2.1,11.1,1.94,4.83,0.61,3.45,0.47
32.3794,108.2975,"DOLERITE [24068]",51.37,121.48,16.86,78.85,16.59,6.35,15.51,2.11,11.12,1.96,4.83,0.61,3.48,0.47
32.3794,108.2975,"DOLERITE [24068]",23.43,52.29,6.92,31.28,7.01,2.61,6.78,0.94,5.11,0.92,2.29,0.3,1.7,0.24
32.3794,108.2975,"DOLERITE [24068]",21.12,47.4,6.32,28.84,6.41,2.46,6.2,0.85,4.53,0.81,2,0.25,1.44,0.2
32.3633,108.2833,"DOLERITE [24068]",37.26,87.7,12.26,56.48,12.31,4.41,11.81,1.58,8.38,1.46,3.55,0.44,2.46,0.34
32.3633,108.2833,"DOLERITE [24068]",38.29,90.41,12.65,58.42,12.72,4.5,12.19,1.63,8.58,1.5,3.67,0.45,2.55,0.34
-37.52,177.18,"DOLERITE [7263]",5.1,10.3,1.3,5.3,1.4,0.5,1.7,0.3,1.9,0.4,1.2,0.2,1.3,0.2
41.0744,79.9292,"DOLERITE [24092]",29.5,65.1,9.17,45.2,9.37,3.18,8.54,1.3,7.25,1.41,3.71,0.51,3.2,0.5
41.0744,79.9292,"DOLERITE [24092]",28.6,62.9,8.78,43.7,9.04,3.04,8.06,1.24,6.96,1.37,3.55,0.49,3.08,0.49
41.0744,79.9292,"DOLERITE [24092]",23,57.5,7.74,39.1,8.94,3.5,7.85,1.27,7.09,1.35,3.52,0.49,3.11,0.47
41.0744,79.9292,"DOLERITE [24092]",30,68.7,9.7,48,10.9,3.94,9.31,1.47,8,1.56,3.88,0.54,3.28,0.5
41.0744,79.9292,"DOLERITE [24092]",28.3,67.8,9.5,46.8,10.6,4.06,9.12,1.42,8.09,1.55,3.92,0.56,3.4,0.53
41.0744,79.9292,"DOLERITE [24092]",26.1,67.5,8.75,43.9,9.8,3.87,8.76,1.42,7.82,1.55,4.03,0.57,3.48,0.54
41.0855,79.94,"DOLERITE [24092]",27.3,73.2,9.61,48.4,11.3,5.49,9.73,1.5,8.45,1.58,4.04,0.56,3.31,0.51
41.0855,79.94,"DOLERITE [24092]",28.7,75.9,9.92,50.1,11.8,5.38,10.1,1.57,8.51,1.65,4.19,0.57,3.43,0.51
41.0855,79.94,"DOLERITE [24092]",27.8,73.4,9.7,50.5,11.4,5.37,9.71,1.49,8.34,1.6,4.04,0.54,3.36,0.51
41.0855,79.94,"DOLERITE [24092]",25.7,68.1,8.99,46.1,10.7,5.08,9.3,1.41,7.74,1.49,3.8,0.52,3.14,0.49
41.0855,79.94,"DOLERITE [24092]",25.2,67.8,8.95,46.8,11,5.14,9.17,1.43,7.88,1.49,3.9,0.52,3.2,0.48
41.0855,79.94,"DOLERITE [24092]",25.6,69.1,8.9,47.4,11,5.18,9.29,1.43,8.08,1.56,3.87,0.52,3.17,0.48
41.1745,80.059,"DOLERITE [24092]",44,96.9,12.2,57.6,13.2,5.86,10.9,1.69,9.51,1.82,4.74,0.66,4.08,0.64
41.1745,80.059,"DOLERITE [24092]",43.3,94.5,12.1,58.8,12.9,5.98,10.7,1.67,9.11,1.74,4.61,0.64,3.93,0.6
41.1745,80.059,"DOLERITE [24092]",35.1,92.2,11.5,58.1,12.7,5.97,11,1.69,9.39,1.81,4.76,0.67,4.04,0.63
41.1745,80.059,"DOLERITE [24092]",42.4,92.5,12,58.4,13.1,5.94,10.9,1.62,9.16,1.77,4.56,0.65,3.89,0.62
41.1745,80.059,"DOLERITE [24092]",34.5,92,11.7,56.7,12.9,6.13,10.9,1.67,9.39,1.78,4.62,0.67,4.05,0.62
41.1745,80.059,"DOLERITE [24092]",39.1,95.3,12.3,58.1,13.1,5.99,11.1,1.76,9.73,1.83,4.73,0.65,4.11,0.64
41.1757,80.09179,"DOLERITE [24092]",33.8,88.6,11.6,57.1,12.4,5.36,10.7,1.63,8.97,1.77,4.5,0.64,3.95,0.6
41.1757,80.09179,"DOLERITE [24092]",33,88.7,11.4,58.1,12.8,5.47,10.9,1.68,9.24,1.83,4.68,0.66,4.09,0.61
41.1757,80.09179,"DOLERITE [24092]",33.6,89.2,11.6,57.1,12.3,5.12,10.6,1.64,9.1,1.78,4.66,0.66,3.96,0.63
29.2164,102.3783,"DOLERITE [24101]",16.1,38,5.17,22.9,5.43,1.66,5.23,0.83,4.58,0.93,2.73,0.38,2.27,0.35
29.2164,102.3783,"DOLERITE [24101]",15,35.1,4.9,21.8,4.97,1.56,5.13,0.79,4.31,0.88,2.56,0.35,2.22,0.33
29.2164,102.3783,"DOLERITE [24101]",13.2,30.9,4.13,18.2,4.46,1.39,4.26,0.65,3.77,0.77,2.26,0.32,1.9,0.28
29.2164,102.3783,"DOLERITE [24101]",11.8,27.3,4.01,19.8,3.93,1.28,3.76,0.59,3.47,0.73,2.08,0.29,1.84,0.28
29.2164,102.3783,"DOLERITE [24101]",13.3,30.3,4.5,22.5,4.41,1.41,4.31,0.67,3.89,0.82,2.3,0.32,2.1,0.32
29.2164,102.3783,"DOLERITE [24101]",12.1,27.9,4.08,20.3,4.08,1.32,3.92,0.6,3.7,0.75,2.1,0.29,1.87,0.3
29.2164,102.3783,"DOLERITE [24101]",13.1,30.5,4.54,22.5,4.58,1.46,4.51,0.66,4.02,0.83,2.36,0.33,2.1,0.32
29.2164,102.3783,"DOLERITE [24101]",13.1,30.4,4.52,21.9,4.46,1.4,4.38,0.68,3.83,0.82,2.31,0.32,2.07,0.33
34.4403,110.199,"DOLERITE [24107]",15.1,27.9,3.7,15.6,4.16,1.6,4.02,0.64,3.74,0.71,1.95,0.27,1.68,0.24
34.4742,110.0839,"DOLERITE [24107]",35.9,78.1,9.45,37.7,7.19,1.11,6.02,0.95,5.72,1.19,3.68,0.59,3.97,0.61
34.4667,110.2495,"DOLERITE [24107]",38.7,78.5,10,42.2,8.46,2.24,7.98,1.2,7.21,1.46,4.19,0.62,3.94,0.59
-20.8,117.8,"DOLERITE [7293]",15.72,38.6,5.35,25.07,6.05,2.17,6.17,1.01,5.55,1.07,2.49,0.34,2.02,0.27
42,112.0868,"DOLERITE [24119]",6.7,14.5,1.82,7.76,2.33,1.07,2.74,0.606,3.77,0.741,2.27,0.377,2.35,0.345
42,112.0868,"DOLERITE [24119]",4.76,10.4,1.42,6.78,1.96,0.756,2.91,0.697,4.91,1.05,3.26,0.573,3.52,0.563
42,112.0868,"DOLERITE [24119]",4.3,9.11,1.28,6.07,1.8,0.943,2.3,0.482,2.97,0.637,1.84,0.314,1.95,0.305
42.1044,112.0868,"DOLERITE [24119]",4.63,10.2,1.34,6.3,1.58,0.846,1.97,0.457,2.7,0.548,1.66,0.265,1.7,0.267
42,112.0868,"DOLERITE [24119]",5.2,10.5,1.9,9.72,3.14,1.19,4.04,0.832,5.23,1.01,3.12,0.489,2.84,0.419
42,112.0868,"DOLERITE [24119]",5.04,9.76,1.86,9.5,3.03,1.14,3.83,0.835,5.23,0.989,2.91,0.463,2.92,0.421
42,112.0868,"DOLERITE [24119]",5.02,11,1.58,8.18,2.63,1.13,3.7,0.818,5.06,1.05,3.23,0.554,3.15,0.494
42,112.0868,"DOLERITE [24119]",5.14,11.3,1.63,8.5,2.83,1.16,3.7,0.851,5.32,1.1,3.43,0.554,3.52,0.489
42,112.0868,"DOLERITE [24119]",7.61,16.9,2.3,10.8,3.02,1.2,3.36,0.677,4.42,0.836,2.69,0.445,2.59,0.427
42,112.0868,"DOLERITE [24119]",7.81,17.4,2.39,11.1,3,1.24,3.42,0.722,4.36,0.854,2.76,0.457,2.65,0.394
43.37,91.7,"DOLERITE [24131]",17.8,43.5,6.13,27.6,6.66,2.03,6.18,0.97,5.52,1.12,3.01,0.44,2.69,0.41
43.37,91.7,"DOLERITE [24131]",17.1,41.8,5.93,26.6,6.36,2.01,5.93,0.94,5.4,1.08,2.84,0.41,2.52,0.39
43.37,91.7,"DOLERITE [24131]",19,47.8,6.63,30.1,7.2,2.22,6.64,1.06,6.04,1.21,3.21,0.47,2.83,0.44
43.37,91.7,"DOLERITE [24131]",14.5,36.3,5.2,23.6,5.75,1.85,5.48,0.9,5.21,1.06,2.81,0.41,2.47,0.38
43.37,91.7,"DOLERITE [24131]",24.7,60.1,8.01,34.8,7.77,2.23,7.04,1.1,6.25,1.26,3.3,0.48,2.96,0.45
43.37,91.7,"DOLERITE [24131]",10.8,27.4,3.91,17.8,4.36,1.73,4.15,0.7,4.13,0.85,2.31,0.35,2.19,0.35
43.37,91.7,"DOLERITE [24131]",9.8,23.6,3.19,14.4,3.67,1.67,3.53,0.62,3.74,0.78,2.2,0.34,2.2,0.35
43.37,91.7,"DOLERITE [24131]",9.2,22.6,3.01,13.8,3.55,1.68,3.4,0.6,3.66,0.76,2.17,0.34,2.23,0.35
43.37,91.7,"DOLERITE [24131]",5.88,14.1,1.93,8.87,2.36,1.25,2.34,0.41,2.45,0.51,1.43,0.23,1.48,0.24
43.37,91.7,"DOLERITE [24131]",9.42,21.1,2.71,11.6,2.86,1.45,2.76,0.48,2.93,0.6,1.72,0.26,1.76,0.27
43.37,91.7,"DOLERITE [24131]",5.34,13.3,1.92,9.02,2.38,1.39,2.39,0.42,2.58,0.55,1.56,0.25,1.63,0.27
43.37,91.7,"DOLERITE [24131]",5.26,13.4,1.95,9.16,2.47,1.4,2.49,0.45,2.81,0.59,1.68,0.27,1.73,0.28
43.37,91.7,"DOLERITE [24131]",5.72,14.5,2.08,9.74,2.58,1.42,2.6,0.46,2.88,0.6,1.73,0.27,1.74,0.28
3,12,"DOLERITE [24160]",15.4,32.2,4,16.3,3.59,1.22,3.86,0.64,3.55,0.68,1.94,0.26,1.51,0.24
24.5,114,"DOLERITE [24192]",15.9,37.3,5.15,22.5,5.61,2.05,5.97,0.9,5.44,1.07,2.89,0.39,2.3,0.36
24.5,114,"DOLERITE [24192]",16.7,39.4,5.35,23.3,5.75,1.99,6.08,0.95,5.37,1.1,2.88,0.41,2.39,0.37
24.5,114,"DOLERITE [24192]",15,36.1,4.91,22.1,5.47,1.99,6.08,0.91,5.21,1.07,2.83,0.41,2.36,0.36
24.5,114,"DOLERITE [24192]",16.2,38.1,5.18,22.5,5.47,1.95,5.86,0.86,5.12,1.01,2.81,0.4,2.29,0.36
24.5,114,"DOLERITE [24192]",16.8,38.1,5.24,22.8,5.66,2.06,6.18,0.92,5.33,1.1,2.93,0.41,2.43,0.38
24.5,114,"DOLERITE [24192]",10.1,24.5,3.47,15.6,4.24,1.52,5.46,0.89,5.39,1.16,3.17,0.46,2.81,0.43
24.5,114,"DOLERITE [24192]",10.3,24.9,3.5,16,4.44,1.56,5.49,0.89,5.58,1.16,3.24,0.46,2.85,0.46
24.5,114,"DOLERITE [24192]",10.8,24.9,3.52,15.9,4.4,1.56,5.3,0.92,5.55,1.19,3.28,0.46,2.88,0.45
24.5,114,"DOLERITE [24192]",10.4,25.3,3.5,16.1,4.4,1.51,5.68,0.89,5.54,1.18,3.22,0.46,2.82,0.44
24.5,114,"DOLERITE [24192]",10.3,24.1,3.42,15.5,4.35,1.52,5.47,0.85,5.42,1.15,3.22,0.47,2.81,0.44
68.15,38.35,"DOLERITE [24193]",5.5,14.7,2.15,10.9,3.38,1.23,4.19,0.68,4.24,0.86,2.25,0.32,1.98,0.28
68.15,38.35,"DOLERITE [24193]",13.7,34.1,5.04,24.5,6.7,2.08,7.38,1.15,6.82,1.35,3.496,0.47,2.88,0.41
68.15,38.35,"DOLERITE [24193]",12.2,31.3,4.65,22.8,6.37,2.07,6.89,1.11,6.58,1.26,3.31,0.45,2.76,0.39
68.15,38.35,"DOLERITE [24193]",9.6,25.4,3.85,19.5,6.02,1.9,7.12,1.13,6.84,1.35,3.47,0.48,2.9,0.4
68.15,38.35,"DOLERITE [24193]",13.7,34.6,5.05,24.4,6.78,2.09,7.29,1.15,7.01,1.39,3.6,0.49,2.94,0.41
68.15,38.35,"DOLERITE [24193]",12.5,31.8,4.69,22.6,6.23,1.97,6.84,1.1,6.68,1.39,3.56,0.52,3.16,0.45
68.15,38.35,"DOLERITE [24193]",14.9,37.6,5.39,25.8,7.16,2.29,7.64,1.21,7.41,1.48,3.87,0.55,3.3,0.46
68.15,38.35,"DOLERITE [24193]",16.7,41.1,5.89,28.1,7.49,2.4,8.09,1.26,7.44,1.44,3.74,0.52,3.1,0.45
68.15,38.35,"DOLERITE [24193]",24.6,56.5,7.72,35.8,9.21,2.75,9.78,1.47,8.5,1.64,4.16,0.57,3.29,0.45
68.15,38.35,"DOLERITE [24193]",18.9,46.1,6.36,29.4,7.49,2.31,7.79,1.18,6.94,1.38,3.54,0.49,2.92,0.41
68.15,38.35,"DOLERITE [24193]",19.4,48.2,6.83,32.7,8.87,2.68,9.47,1.44,8.4,1.62,4.08,0.56,3.24,0.44
68.15,38.35,"DOLERITE [24193]",17.4,42.5,5.84,26.8,6.95,2.1,7.45,1.16,6.95,1.37,3.57,0.5,2.99,0.42
68.15,38.35,"DOLERITE [24193]",16.3,38.9,5.3,24.2,6.2,1.95,6.58,1,5.88,1.13,2.87,0.39,2.28,0.31
68.15,38.35,"DOLERITE [24193]",14.4,37,5.4,26,7.5,2.4,8,1.3,7.9,1.6,4.2,0.57,3.35,0.49
68.15,38.35,"DOLERITE [24193]",9.2,22,3.4,16,4.5,1.55,5.55,0.88,5.34,1.07,2.98,0.41,2.54,0.38
68.15,38.35,"DOLERITE [24193]",12,26,3.7,15.5,3.49,1.17,3.9,0.57,3.55,0.75,2.01,0.3,1.89,0.28
25.407,102.0987,"DOLERITE [24214]",9.07,22.2,2.94,14.99,4.024,1.2648398006647,3.9839112409769,0.633,3.82,0.778,2.26,0.301,2.02,0.293
25.407,102.0987,"DOLERITE [24214]",11.1,24.8,3.37,15.3,3.75,1.3024659919743,4.334412885548,0.694,4.11,0.861,2.54,0.365,2.18,0.322
25.407,102.0987,"DOLERITE [24214]",9.47,21.9,2.99,14.2,3.67,1.30133911650851,3.917553936807,0.704,4.11,0.838,2.29,0.323,1.98,0.298
25.4063,102.0978,"DOLERITE [24214]",10.8,26.4,3.51,16.17,4.358,1.47640221080077,4.26677213652292,0.703,4.08,0.811,2.31,0.333,2.04,0.309
25.4063,102.0978,"DOLERITE [24214]",10.6,25.6,3.39,17.07,4.139,1.44077122053012,4.17913718470335,0.713,4.17,0.84,2.34,0.318,2.07,0.326
25.4071,102.0987,"DOLERITE [24214]",11.3089065238363,26.689209648772,3.54285363359467,15.508671541014,3.9546834823283,1.34165626829519,4.1626886647183,0.717413156930718,4.48004643524865,0.922681950794463,2.53656218485496,0.342459849251028,2.22676756125121,0.32109366655618
25.4071,102.0987,"DOLERITE [24214]",11.0156580059216,26.3289086880155,3.42824225326755,17.82,4.519,1.35130958275625,4.22112718409619,0.730463841611128,4.39469816332863,0.855868739474487,2.66906994627778,0.377875837953297,2.22429013980915,0.316776544713522
25.4071,102.0987,"DOLERITE [24214]",11.5013448170756,26.5978011322982,3.59651584161982,16.2686992733222,4.14997416126663,1.36182647603367,4.09223883987424,0.740642316050772,4.44508377171799,0.877795186334946,2.56217458938516,0.367569176461391,2.2693860676322,0.315117830451604
25.4071,102.0987,"DOLERITE [24214]",8.78219610551021,21.8019996299094,3.13618847317714,15.41,4.121,1.35484527921958,3.75792112254842,0.702692506195868,4.24588203013437,0.840976907412733,2.41761931772306,0.334412575979122,2.01374834838895,0.318128079720366
25.407,102.0987,"DOLERITE [24214]",10.3848051146828,24.8705444617911,3.30951590531528,14.9747183050772,3.83813510172602,1.35380357237133,3.98137405700536,0.769736406443064,4.26366113790485,0.832982727351931,2.44820523206905,0.331566671241766,2.16236400642953,0.34883197965807
25.407,102.0987,"DOLERITE [24214]",10.7475696374655,26.046216333402,3.58700960366637,16.45,4.269,1.48893818588456,4.27710129922912,0.731524190625986,4.82040894183927,0.936438500656118,2.57109094550167,0.346788109793159,2.19198712139326,0.353996595917887
25.407,102.0987,"DOLERITE [24214]",11.2694707852485,26.7063192170204,3.57533157446952,16.49,4.233,1.41653459365382,4.36535909762391,0.743523869018432,4.54490504238785,0.881251470889813,2.6027844122337,0.377719361683385,2.27834478744781,0.343517187842731
25.4069,102.0986,"DOLERITE [24214]",9.84868329064071,25.1071250763377,3.35802241590299,15.5598144985025,3.81947657288202,1.37751970001058,4.15317617272917,0.716918143619703,4.06448156450946,0.801714621121779,2.50996221639042,0.340851013391021,2.23666927808624,0.31037196325024
25.4069,102.0986,"DOLERITE [24214]",13.1082166412495,30.0451262955136,3.79481998136678,16.7556407785851,4.01223601652136,1.40037080212421,4.30604935548919,0.743454546840284,4.5211307617202,0.88502924259295,2.54912769195153,0.321941101000384,2.3080692339248,0.308076603063172
26.283,102.9666,"DOLERITE [24214]",3.67,8.67,1.25,7.233,2.14,0.753175617659045,2.12454883037264,0.398,2.47,0.491,1.53,0.217,1.43,0.206
26.2827,102.9667,"DOLERITE [24214]",4.77,11.2,1.49,8.724,2.516,1.00217851978974,2.67175248381087,0.452,2.95,0.617,1.72,0.225,1.54,0.238
26.284,102.9667,"DOLERITE [24214]",3.57,8.7,1.27,6.57,1.77,0.80028127006927,2.34402722628731,0.431,2.75,0.57,1.66,0.231,1.51,0.224
26.2836,102.9666,"DOLERITE [24214]",4.37,10,1.4,7.15,1.98,0.892586634332981,2.52831839042013,0.45,2.7,0.577,1.66,0.239,1.44,0.222
26.2822,102.9667,"DOLERITE [24214]",5.2,12.1,1.6,7.83,2.25,0.892291402475637,2.75369641425068,0.446,3,0.587,1.73,0.243,1.61,0.24
26.2814,102.9664,"DOLERITE [24214]",4.06,9.13,1.29,6.17,1.71,0.718660728641622,2.04783210307703,0.358,2.52,0.473,1.42,0.194,1.44,0.191
26.2809,102.9662,"DOLERITE [24214]",3.2,8.05,1.28,6.06,1.6,0.683166305570659,2.25364813200153,0.383,2.32,0.505,1.38,0.201,1.16,0.159
26.2806,102.9661,"DOLERITE [24214]",3.09,6.76,0.974,5.1,1.53,0.794480359234523,1.92494306632093,0.338,2.36,0.501,1.49,0.201,1.29,0.191
26.3177,102.3061,"DOLERITE [24214]",2.9,7.1,0.96,5.261,1.554,0.58,2.05,0.37,2.02,0.42,1.26,0.19,1.26,0.19
26.3177,102.3061,"DOLERITE [24214]",2.8,5.9,0.81,4.695,1.416,0.64,1.78,0.33,1.73,0.45,1.3,0.22,1.06,0.19
26.3177,102.3061,"DOLERITE [24214]",3,7.2,1.03,5.799,1.651,0.7,1.8,0.35,2.12,0.43,1.41,0.21,1.16,0.22
26.2941,102.3031,"DOLERITE [24214]",11.7,28.6,3.81,25.24,4.659,1.58025098307838,4.18106017899409,0.693,3.5,0.696,1.87,0.236,1.55,0.219
26.2941,102.3031,"DOLERITE [24214]",13.5,32.3,4.39,25.97,6.561,1.75410744023154,4.47996027422431,0.806,3.93,0.772,2.04,0.297,1.65,0.243
26.2943,102.3023,"DOLERITE [24214]",12.9,31.4,4.11,19.4,4.5,1.57624862877954,4.05584413873458,0.688,3.67,0.678,1.91,0.245,1.57,0.23
26.2941,102.307,"DOLERITE [24214]",14.7,35.4,4.76,19.95,5.678,1.73924422712219,4.81664627348982,0.783,4.16,0.806,2.22,0.294,1.73,0.253
26.2943,102.3022,"DOLERITE [24214]",11.7,28.2,3.87,17,4.45,1.5288267645802,4.45756174575471,0.643,3.83,0.712,1.87,0.247,1.55,0.223
26.2943,102.3022,"DOLERITE [24214]",12.3,29.5,3.99,17.7,4.28,1.57190570406626,4.19156758359519,0.676,3.45,0.713,1.84,0.268,1.51,0.2
26.2941,102.3031,"DOLERITE [24214]",15.8,38,4.91,21.8,5.26,1.89059660993262,4.84426637613637,0.831,4.35,0.825,2.22,0.288,1.79,0.216
26.2941,102.3031,"DOLERITE [24214]",12.8,31.9,4.28,19.5,4.81,1.75388715133554,4.40514514311105,0.803,4.26,0.712,2.09,0.264,1.64,0.214
26.2941,102.3031,"DOLERITE [24214]",12.8,32,4.47,20.3,5.2,1.6661623855695,4.79817518729329,0.756,4.41,0.836,2.43,0.301,1.85,0.284
26.2941,102.3031,"DOLERITE [24214]",16.5,40.9,5.37,24.9,5.93,1.73871350934768,5.80047670159725,0.885,4.96,0.924,2.74,0.358,2.12,0.304
26.341,102.9634,"DOLERITE [24214]",68.2,139,17.8,79.91,15.464,4.15293315341746,12.900645717777,1.88,10.6,2.01,5.87,0.797,5.17,0.798
26.341,102.9634,"DOLERITE [24214]",56.3,117,14.2,59.3,10.6,2.94401530549905,9.43590063008343,1.41,7.41,1.44,4.11,0.561,3.77,0.57
26.341,102.9634,"DOLERITE [24214]",64.8,130,16.4,73.65,13.36,3.22563522130461,10.4504520014885,1.44,7.27,1.34,4.12,0.576,3.87,0.613
-16.523,-172.3,"DOLERITE [16926]",2.961437,9.453552,1.567577,9.15561,3.242471,0.941298,4.486095,0.849076,5.423105,1.177836,3.321474,0.48888,3.264809,0.470753
-16.527,-172.458,"DOLERITE [16926]",1.92290149484598,6.43575602547194,1.22146794815716,7.08923656864853,2.69504141912818,1.08084920576518,3.83452966157805,0.73082221010697,4.64192439031451,0.972461411728151,2.9514353774231,0.424277075718951,2.77746639317837,0.424896812862227
-19.06,-173.042,"DOLERITE [16926]",8.378241,20.6668,2.954096,15.22937,4.530085,1.614336,5.633966,1.031314,6.415098,1.381824,3.841546,0.566784,3.666548,0.543306
28.71,91.61694,"DOLERITE, AMPHIBOLE [24262]",48.2,110,14.8,66.2,14.7,5.14,13.2,1.91,10.6,1.88,4.86,0.68,3.8,0.56
28.71,91.61694,"DOLERITE, AMPHIBOLE [24262]",50.7,118,15.7,70.8,15.8,5.46,14.1,2.04,11.1,1.97,5.09,0.71,4.07,0.59
28.70972,91.6175,"DOLERITE [24262]",49.5,112,14.9,66.7,14.7,5.08,13.7,1.8,10.2,1.93,4.87,0.61,3.67,0.55
28.70972,91.6175,"DOLERITE [24262]",34.78,85.3,11.61,54.75,12.46,4.79,12.46,1.62,9.09,1.73,4.29,0.54,3.21,0.49
28.66278,91.55083,"DOLERITE [24262]",27.6,60.9,8.04,35.9,8.28,2.75,7.59,1.12,6.23,1.16,2.92,0.38,2.28,0.31
28.66278,91.55083,"DOLERITE [24262]",26.6,60.4,8.02,35.4,8.27,2.7,7.61,1.14,6.29,1.14,2.86,0.39,2.28,0.33
28.58556,91.50639,"DOLERITE [24262]",33.3,74,9.89,42.9,10.3,3.21,9.34,1.37,7.63,1.38,3.54,0.49,2.9,0.39
28.60861,91.51694,"DOLERITE [24262]",43.4,98.5,13.3,59.8,13.6,3.99,12.6,1.84,10,1.76,4.61,0.64,3.55,0.49
28.58556,91.50639,"DOLERITE [24262]",36.5,82.4,11.2,50.9,12.2,3.67,11.3,1.76,9.94,1.82,4.78,0.68,3.95,0.55
28.58556,91.50639,"DOLERITE [24262]",32,73.9,9.91,44.2,10.6,3.2,10.4,1.54,8.73,1.6,4.13,0.58,3.34,0.47
36.15,96.05,"DOLERITE [24307]",16.8,42.8,5.65,24.6,5.97,1.54,6.13,1.02,6.32,1.23,3.55,0.52,3.36,0.47
36.15,96.05,"DOLERITE [24307]",14.7,33.1,4.35,19.9,5.25,2,5.16,0.9,5.71,1.17,3.18,0.46,2.92,0.44
36.15,96.05,"DOLERITE [24307]",8.3,21,3.06,14.9,4.09,1.68,4.58,0.82,5.42,1.05,2.88,0.42,2.7,0.39
33.25,35.58,"DOLERITE [7841]",10.1,22,2.8,12.9,3.39,1.31,4,0.64,3.77,0.72,1.84,0.24,1.5,0.22
35.5,98,"DOLERITE [24330]",42.74,92.06,11,43.32,8.964,2.652,9.212,1.3404,8.276,1.6946,4.606,0.6768,4.178,0.6394
35.5,98,"DOLERITE [24330]",41.48,91.4,10.78,41.08,8.44,2.322,7.94,1.1252,7.076,1.4224,4.008,0.5734,3.61,0.5452
35.5,98,"DOLERITE [24330]",42.6678606965174,91.0810171365395,10.8477611940299,42.587506909895,8.8630226644555,2.57333001658375,9.01167716970702,1.31157468214483,8.10568822553897,1.65830127142067,4.51588280818132,0.67155677169707,4.16634383637369,0.637205527915976
35.5,98,"DOLERITE [24330]",44.64,97.38,11.51,43.52,8.968,2.48,8.32,1.1836,7.412,1.4824,4.204,0.6002,3.772,0.5734
35.5,98,"DOLERITE [24330]",44.04,96.3,11.36,43.06,8.908,2.372,8.264,1.1684,7.374,1.4744,4.184,0.5954,3.748,0.5698
35.5,98,"DOLERITE [24330]",42.92,90.6,10.928,42.92,8.88,2.624,9.122,1.3242,8.206,1.6738,4.562,0.6752,4.154,0.6412
35.5,98,"DOLERITE [24330]",42.1,91.66,10.856,41.16,8.494,2.294,7.906,1.121,7.012,1.4106,3.986,0.566,3.594,0.5462
35.5,98,"DOLERITE [24330]",42.08,88.68,10.63,41.52,8.574,2.522,8.754,1.2734,7.846,1.5922,4.31,0.6362,3.92,0.6024
35.5,98,"DOLERITE [24330]",41.74,88.76,10.706,41.9,8.676,2.522,8.856,1.282,7.976,1.6214,4.424,0.653,4.032,0.6192
35.5,98,"DOLERITE [24330]",42.1,89.9,10.758,42.36,8.792,2.582,8.99,1.3036,8.122,1.6652,4.514,0.6664,4.102,0.6348
35.5,98,"DOLERITE [24330]",58.08,129.52,15.87,60.4,11.928,3.034,10.61,1.4472,8.754,1.7322,4.822,0.6754,4.172,0.6304
35.5,98,"DOLERITE [24330]",56.2,126.58,15.33,57.057,11.6424,3.0096,10.505,1.46671,8.6848,1.71465,4.5908,0.63503,3.841,0.4888
47.15,88.75,"DOLERITE [24376]",6.54,17.9,2.77,13.9,4.11,1.54,5.14,0.86,5.47,1.11,3.14,0.45,2.9,0.43
47.15,88.75,"DOLERITE [24376]",7.47,20.8,3.29,16.7,5,1.67,6.17,1.05,6.74,1.38,3.82,0.57,3.55,0.51
47.15,88.75,"DOLERITE [24376]",6.99,18.9,2.97,15,4.43,1.7,5.58,0.96,5.97,1.22,3.39,0.5,3.22,0.47
47.15,88.75,"DOLERITE [24376]",6.91,18.9,2.97,14.8,4.42,1.64,5.4,0.96,5.83,1.2,3.46,0.5,3.2,0.48
47.15,88.75,"DOLERITE [24376]",7.43,20.8,3.3,16.5,4.96,1.77,6,1.05,6.5,1.38,3.86,0.58,3.6,0.55
47.15,88.75,"DOLERITE [24376]",9.4,26.2,4.1,20.5,6.12,1.96,7.34,1.29,8,1.69,4.74,0.71,4.38,0.67
47.15,88.75,"DOLERITE [24376]",7.87,22.1,3.5,17.6,5.16,1.71,6.18,1.08,6.64,1.42,3.96,0.6,3.66,0.56
47.15,88.75,"DOLERITE [24376]",7.25,20.6,3.31,17.1,5.38,1.64,6.49,1.13,7.11,1.45,4.13,0.59,3.64,0.55
47.15,88.75,"DOLERITE [24376]",7.63,21.2,3.38,17.6,5.33,1.55,6.52,1.11,6.97,1.41,3.95,0.57,3.58,0.55
47.15,88.75,"DOLERITE [24376]",7.65,21.4,3.38,17,5.11,1.78,6.11,1.08,6.7,1.42,3.97,0.6,3.7,0.56
47.15,88.75,"DOLERITE [24376]",7.72,21.8,3.48,17.4,5.27,2,6.36,1.12,6.95,1.47,4.14,0.62,3.82,0.58
47.15,88.75,"DOLERITE [24376]",8.25,23.1,3.65,18.2,5.4,1.89,6.49,1.14,7,1.48,4.14,0.62,3.88,0.59
51.2011,167.7767,"DOLERITE [7524]",7.76,20.7,3.27,15.9,4.62,1.69,5.44,0.956,5.74,1.19,3.26,0.494,3,0.452
51.2011,167.7767,"DOLERITE [7524]",7.99,21.1,3.35,16.2,4.68,1.72,5.56,0.962,5.81,1.22,3.39,0.5,3.11,0.459
51.2011,167.7767,"DOLERITE [7524]",7.79,21.1,3.34,16.2,4.68,1.7,5.63,0.961,5.83,1.22,3.29,0.5,2.99,0.442
51.2011,167.7767,"DOLERITE [7524]",9.41,25.3,3.93,18.9,5.47,1.91,6.51,1.12,6.78,1.41,3.96,0.603,3.64,0.531
51.2011,167.7767,"DOLERITE [7524]",9.86,26.1,4.11,19.8,5.66,2,6.71,1.17,6.93,1.46,4.01,0.603,3.67,0.541
51.2011,167.7767,"DOLERITE [7524]",7.93,21,3.34,16,4.72,1.73,5.57,0.98,5.84,1.22,3.32,0.503,3.02,0.448
51.2011,167.7767,"DOLERITE [7524]",7.46,19.8,3.12,15.1,4.45,1.61,5.29,0.919,5.47,1.16,3.17,0.481,2.89,0.431
40.5142,113.0006,"DOLERITE [24467]",18.9,38.4,5.15,22.8,5.04,1.63,5.2,0.81,4.71,1.01,2.89,0.42,2.81,0.4
40.5142,113.0006,"DOLERITE [24467]",21.3,46.4,5.91,26.5,5.99,1.86,6.1,0.91,5.73,1.14,3.47,0.45,3.15,0.46
40.5917,112.9806,"DOLERITE [24467]",60.7,126.3,15.29,63.6,12.11,3.58,11.7,1.65,8.92,1.77,4.9,0.71,4.49,0.67
40.5917,112.9806,"DOLERITE [24467]",57.3,116,14.48,59.3,11.86,3.38,11.24,1.47,8.97,1.77,4.68,0.63,4.16,0.65
40.5719,112.9842,"DOLERITE [24467]",10.8,23.1,3.13,13.8,3.39,1.23,3.69,0.6,3.5,0.86,2.53,0.38,2.31,0.34
40.5719,112.9842,"DOLERITE [24467]",12.2,26.1,3.58,16.1,4.1,1.42,4.18,0.68,4.1,0.89,2.62,0.38,2.38,0.41
38.8619,114.3136,"DOLERITE [24467]",51.3,108.5,13.09,55.8,10.35,2.97,9.57,1.4,7.58,1.71,4.75,0.65,4.26,0.69
38.8619,114.3136,"DOLERITE [24467]",50.9,103.3,12.62,51.5,9.91,2.91,9.46,1.37,7.63,1.67,4.52,0.63,4.13,0.65
36.2797,117.8922,"DOLERITE [24467]",18.5,41.3,5.96,27.1,6.06,2.14,6.09,0.88,5.11,0.91,2.7,0.34,2.32,0.36
36.2797,117.8922,"DOLERITE [24467]",17.9,42.7,5.79,27.5,6.25,2.23,6.23,0.9,5.32,1.01,2.74,0.37,2.48,0.36
40.6861,118.1339,"DOLERITE [24467]",13.1,27.6,3.6,16.2,3.82,1.34,4.56,0.71,4.58,0.83,2.52,0.36,2.2,0.33
40.6861,118.1339,"DOLERITE [24467]",12.7,28.3,3.67,15.6,4.21,1.3,4.71,0.76,4.47,0.9,2.52,0.33,2.23,0.33
39.4797,113.3442,"DOLERITE [24467]",42.5,93.6,11.97,50.7,11.22,3.22,11.88,1.85,10.86,2.21,6.2,0.85,5.38,0.83
39.4797,113.3442,"DOLERITE [24467]",42.4,91.6,11.88,50.7,11.3,3.04,12.35,1.9,10.75,2.26,6.38,0.81,5.04,0.8
38,95.5,"DOLERITE [24476]",82.1,159,18.7,62.9,11.4,1.68,9.6,1.29,7.23,1.42,3.91,0.57,3.69,0.55
38,95.5,"DOLERITE [24476]",74,138,17,57.5,10.7,1.51,8.9,1.21,6.79,1.34,3.72,0.54,3.5,0.52
38,95.5,"DOLERITE [24476]",88.5,169,20.1,67.5,12.4,1.78,10.4,1.39,7.77,1.5,4.11,0.59,3.79,0.57
38,95.5,"DOLERITE [24476]",80.7,154,18.6,62.2,11.4,1.61,9.57,1.28,7.17,1.4,3.89,0.56,3.62,0.54
38,95.5,"DOLERITE [24476]",28,67.9,8.71,37,9.73,3.06,9.55,1.47,8.27,1.52,3.89,0.52,3.11,0.44
38,95.5,"DOLERITE [24476]",28.3,69.4,8.81,37.5,9.54,2.94,9.42,1.45,8.38,1.55,4.01,0.54,3.36,0.45
38,95.5,"DOLERITE [24476]",28.7,70.9,8.95,38.1,9.78,2.99,9.44,1.44,8.28,1.56,3.91,0.52,3.16,0.42
38,95.5,"DOLERITE [24476]",28.8,72.3,9.85,39.5,10.3,3.09,9.85,1.51,8.71,1.62,4.04,0.55,3.28,0.45
38,95.5,"DOLERITE [24476]",29.8,73.8,9.53,39.2,10.2,3.1,10.1,1.54,8.59,1.59,4.1,0.55,3.39,0.48
38,95.5,"DOLERITE [24476]",29.6,70.4,9.12,38.2,10.2,3.08,9.82,1.49,8.5,1.58,4.08,0.54,3.34,0.45
38,95.5,"DOLERITE [24476]",27.7,70,8.86,38.2,9.95,3.09,9.71,1.53,8.54,1.61,4.14,0.55,3.28,0.45
55,98,"DOLERITE [24508]",16.28,35.32,4.29,18.95,4.49,1.48,4.14,0.64,4,0.78,1.95,0.29,1.85,0.28
55,98,"DOLERITE [24508]",16.1,34.92,4.3,23.57,5.25,1.48,4.02,0.65,3.91,0.78,2.01,0.31,1.84,0.29
55,98,"DOLERITE [24508]",42.39,87.19,11.56,61.65,13.18,3.29,9.43,1.52,9.32,1.79,4.71,0.7,4.6,0.66
55,98,"DOLERITE [24508]",16.41,35.67,4.9,19.53,4.61,1.64,4.21,0.64,4.06,0.79,2.13,0.31,1.98,0.3
55,98,"DOLERITE [24508]",17.37,36.66,4.95,19.74,4.83,1.58,4.25,0.68,3.79,0.77,2.05,0.31,1.89,0.3
55,98,"DOLERITE [24508]",12.24,27.32,3.39,18.75,4.29,1.27,3.36,0.51,3.22,0.62,1.65,0.25,1.5,0.23
55,98,"DOLERITE [24508]",14.64,31.85,3.95,16.82,4.23,1.35,3.88,0.57,3.54,0.75,1.92,0.29,1.78,0.27
31.2544,111.0483,"DOLERITE [24510]",11.0435806943895,25.4714456621939,3.43739493756906,15.2708280335853,3.91789064746253,1.24127625631252,4.37112774240501,0.713090563778845,4.53467823396091,0.896119267602431,2.50155685023222,0.355695217821171,2.24451278451917,0.314726152034353
31.2544,111.0483,"DOLERITE [24510]",10.3609092087233,24.3658185198583,3.23760730377942,14.8394577492582,3.75234790690144,1.26194871163524,4.2993576555796,0.711695806539819,4.45105659857325,0.869268824760772,2.50637285305364,0.365067611514079,2.23443991087298,0.323133848625597
31.2544,111.0483,"DOLERITE [24510]",43.1301570673303,93.1509433620416,10.1904880552198,40.5287148384353,7.3894612566609,1.74467015431222,6.2214985066432,0.949907794116472,5.73749706162374,1.15218247073476,3.241696843619,0.490705072984189,3.17211464916028,0.456374804266387
31.2544,111.0483,"DOLERITE [24510]",42.9559514887293,91.9935678893631,10.271882383345,40.4020125679283,7.3656873794609,1.82727123037316,6.22929962605334,0.987636009119416,5.91768218549607,1.14429316439547,3.29243248531928,0.485470208479291,3.25177067752754,0.467133679331787
31.2544,111.0483,"DOLERITE [24510]",45.5564919882421,97.9517326481291,10.9017753231329,43.304565818235,8.01352741116765,1.84931250035723,6.55487962070397,1.00397697098291,6.13713309286516,1.20747959750752,3.44628051911712,0.494565003257188,3.28147740684908,0.485154554001395
31.2544,111.0483,"DOLERITE [24510]",28.4981665059869,58.7336052792926,7.27666999800967,29.7590784321763,6.17131284409254,1.78681455082444,5.38540880551645,0.867900116324537,5.12566432854576,1.02445954154979,2.92404908491617,0.42250074097215,2.7969303419946,0.395907343346424
31.2544,111.0483,"DOLERITE [24510]",47.9115127560477,102.619074886659,11.3982009475393,45.0884774534379,8.30945913690208,1.96148268962636,6.96305841439752,1.09139584558695,6.313069015376,1.28036233907014,3.64441323785432,0.558506747377848,3.61560820981984,0.521514625147598
31.2544,111.0483,"DOLERITE [24510]",42.3710146096951,82.5208558595728,9.57624797003345,38.40189631843,7.33690194090561,1.77795037691498,6.31159368482122,0.985255348549138,5.79931439161008,1.15865237244928,3.37214486639516,0.468534433583735,3.25025061872371,0.48357158390931
31.2544,111.0483,"DOLERITE [24510]",40.9146667349813,80.6198428484521,9.41556671197668,37.8205537507088,7.1714729930969,1.72559684478032,6.22461540427754,0.959980337956814,5.63948540494799,1.16220686288092,3.28533059728186,0.47476784040974,3.21082504838893,0.471449295304422
31.2544,111.0483,"DOLERITE [24510]",28.6734589227524,57.5599779466151,7.08679589361424,29.2854984230233,5.92914660160808,1.65724086813974,5.58877975715132,0.839415368533459,5.06959301778022,1.00858535695757,2.80369597565733,0.42946870102545,2.62832156093743,0.397282947487574
31.2544,111.0483,"DOLERITE [24510]",43.0752099911688,91.322282496799,10.223929079452,39.9483110671906,7.55808656011098,1.78586040650777,6.14199543709588,0.959571283315125,5.72979284071648,1.1550301373059,3.22083861006302,0.489179945520575,3.09550087414009,0.463805777035661
65.5,28,"DOLERITE [24526]",17.7,42.9,5.78,26.9,7.15,2.01,8.37,1.4,8.83,1.86,5.64,0.79,5.05,0.77
37.2,98.5,"DOLERITE [24553]",50.3,99.4,11.6,44.7,7.59,1.79,7.33,1.06,6.6,1.27,3.62,0.5,3.31,0.47
37.2,98.5,"DOLERITE [24553]",45.7,90,10.8,42.7,7.31,1.78,7.13,1.08,6.33,1.27,3.52,0.5,3.09,0.47
-1.3,-80.7,"DOLERITE [7990]",4.09,10.68,1.71,8.59,2.66,1.06,3.58,0.68,4.5,0.93,2.57,0.35,2.27,0.35
-2.3,-80.9,"DOLERITE [7990]",3.37,9.18,1.51,7.87,2.42,0.95,3.25,0.59,4.04,0.81,2.24,0.32,2.01,0.31
-1.3,-80.7,"DOLERITE [7990]",9.25,24.49,3.8,19.53,6.11,2.19,8.37,1.47,9.56,1.96,5.48,0.77,5.17,0.77
-2,-80,"DOLERITE [7990]",2.27,6.28,1.08,5.48,1.91,0.78,2.38,0.47,3.06,0.67,1.82,0.28,1.74,0.27
-1,-80.5,"DOLERITE [7990]",10.57,24.7,3.92,17.96,4.17,1.24,4.02,0.65,3.99,0.8,2.28,0.33,2.18,0.35
-28.4,121.15,"DOLERITE [24573]",5.3,13.16,1.838,9.35,2.78333333333333,0.994333333333333,3.40333333333333,0.587333333333333,3.83666666666667,0.819666666666667,2.36,0.342333333333333,2.45666666666667,0.355
-28.4,121.15,"DOLERITE [24573]",7.81333333333333,19.2833333333333,2.92833333333333,14.9466666666667,4.53,1.53066666666667,5.88333333333333,1.00633333333333,6.98666666666667,1.46033333333333,4.47333333333333,0.632666666666667,4.25666666666667,0.637
-28.4,121.15,"DOLERITE [24573]",3.58366666666667,9.14666666666667,1.442,7.39,2.38333333333333,0.852666666666667,3,0.530333333333333,3.71,0.776333333333333,2.41266666666667,0.330333333333333,2.21333333333333,0.338
-28.4,121.15,"DOLERITE [24573]",6.74,16.26,2.39433333333333,11.8233333333333,3.53666666666667,1.12333333333333,4.55,0.767,5.21666666666667,1.12733333333333,3.41,0.481,3.19,0.497333333333333
-28.4,121.15,"DOLERITE [24573]",6.45333333333333,15.8733333333333,2.394,11.7233333333333,3.47,1.253,4.33,0.751333333333333,5.17333333333333,1.08966666666667,3.22966666666667,0.456,3.14,0.490333333333333
-28.4,121.15,"DOLERITE [24573]",7.20333333333333,17.58,2.54533333333333,12.3366666666667,3.74666666666667,1.07766666666667,4.42333333333333,0.776666666666667,5.33333333333333,1.105,3.33166666666667,0.454,3.11333333333333,0.482666666666667
-28.4,121.15,"DOLERITE [24573]",6.3,15.5566666666667,2.33533333333333,11.6966666666667,3.58,1.08566666666667,4.37333333333333,0.742,4.98,1.05466666666667,3.23,0.454666666666667,3.06166666666667,0.466666666666667
-28.4,121.15,"DOLERITE [24573]",6.7429969161665,16.4565320388071,2.38267119166346,11.5482793089922,3.50723208411437,1.00879727116919,4.14065567225958,0.727032985408049,4.99250118735141,1.03438383975437,3.11875308547359,0.424986663573289,2.91437256811639,0.451821357455303
-28.4,121.15,"DOLERITE [24573]",5.335,13.7466666666667,2.09233333333333,10.7366666666667,3.19666666666667,1.09066666666667,4.11333333333333,0.723,4.91333333333333,1.03966666666667,3.19333333333333,0.462333333333333,2.97,0.473666666666667
-28.4,121.15,"DOLERITE [24573]",4.69088444444445,11.4336911111111,1.59207422222222,7.43584,2.33728888888889,0.623186444444444,3.23687333333333,0.594921555555555,4.10928,0.882190666666667,2.61586111111111,0.385652666666667,2.73136666666667,0.413374
-28.4,121.15,"DOLERITE [24573]",4.29352,10.61613,1.533441,7.59689,2.46246,0.463218,2.82121,0.46494,2.87574,0.638862,1.949878,0.297045,2.18981,0.328902
-1.5,-79,"DOLERITE [7683]",3.63,9.94,1.6,7.94,2.7,0.96,3.1,0.64,4.26,0.92,2.48,0.4,2.65,0.4
0.3,-79.5,"DOLERITE [7683]",2.28,6.05,0.98,4.94,1.69,0.64,2.3,0.43,2.78,0.63,1.88,2.21,1.69,0.25
-2.23,-80.85,"DOLERITE [7683]",1.88,5.35,0.89,4.81,1.71,0.72,2.46,0.44,2.85,0.6,1.81,2.72,1.56,0.24
-2.23,-80.85,"DOLERITE [7683]",2.52,7.03,1.14,5.98,2.08,0.79,2.73,0.5,3.23,0.71,2.03,2.1,1.83,0.28
22.5029,85.8678,"DOLERITE [24639]",26.5,50.7,5.42,18.18,3.524,0.99,4.02,0.68,4.37,0.93,2.79,0.41,2.66,0.406
22.583,85.9095333333333,"DOLERITE [24639]",24.4,47,5.14,17.9,3.81,0.84,3.94,0.67,4.17,0.9,2.62,0.389,2.59,0.4
22.5547833333333,85.8518833333333,"DOLERITE [24639]",14.6,30.9,3.77,15.6,3.76,1.21,4.11,0.72,4.28,0.87,2.44,0.351,2.28,0.38
22.5462,85.8222833333333,"DOLERITE [24639]",19.6,41.1,4.98,20.2,4.5,1.34,4.9,0.87,5.01,1.04,3.01,0.431,2.8,0.441
22.5206666666667,85.8714666666667,"DOLERITE [24639]",28.8,54.7,5.93,20.8,4.22,1.01,4.08,0.73,4.45,0.91,2.74,0.402,2.76,0.434
22.3650833333333,85.7882166666667,"DOLERITE [24639]",11.3,21.9,2.36,9,2.03,0.55,2.12,0.39,2.42,0.5,1.51,0.225,1.43,0.226
22.3876166666667,85.7890333333333,"DOLERITE [24639]",22.4,42,4.51,16,3.36,0.79,3.5,0.63,3.88,0.8,2.34,0.35,2.34,0.359
22.4826333333333,85.8983,"DOLERITE [24639]",5.4,12.8,1.81,8.4,2.37,1.03,2.94,0.49,3.01,0.61,1.76,0.254,1.58,0.249
21.7585166666667,85.5737666666667,"DOLERITE [24639]",12.2,23.7,2.6,10.65,2.308,0.57,2.27,0.41,2.56,0.54,1.61,0.247,1.67,0.256
21.7585166666667,85.5737666666667,"DOLERITE [24639]",9.8,18.7,2.12,8.981,1.85,0.49,1.98,0.36,2.42,0.51,1.58,0.234,1.55,0.243
22.0052666666667,85.6609666666667,"DOLERITE [24639]",23.7,49.1,6.05,25.48,5.458,1.46,4.88,0.73,4.07,0.75,2.02,0.282,1.76,0.252
22.30755,85.9936333333333,"DOLERITE [24639]",18.3,36.2,4.15,16,3.55,0.95,3.7,0.64,3.58,0.76,2.23,0.324,2.08,0.332
22.2843,85.8237,"DOLERITE [24639]",6.2,15.8,2.32,11.2,3.49,1.22,4.6,0.86,5.36,1.14,3.31,0.503,3.4,0.549
22.1128333333333,85.8568333333333,"DOLERITE [24639]",32.8,68.2,8.2,32.3,7.31,1.94,7.3,1.3,7.52,1.5,4.45,0.655,4.31,0.68
21.3170833333333,85.8166333333333,"DOLERITE [24639]",17.6,34.6,3.96,15.4,3.44,0.99,3.56,0.59,3.51,0.69,2.04,0.303,2.04,0.295
21.2702166666667,85.8848,"DOLERITE [24639]",11.6,24.2,2.86,11.8,2.82,0.89,3.13,0.54,3.39,0.67,1.97,0.291,1.9,0.291
21.83325,85.84775,"DOLERITE [24639]",13.6,28.2,3.34,14.1,3.38,1.22,3.78,0.66,3.93,0.8,2.17,0.326,2.08,0.31
21.7249666666667,85.72195,"DOLERITE [24639]",32.7,67.1,7.95,31.6,7.47,2.07,8.16,1.44,8.65,1.78,5.22,0.755,4.87,0.788
22.0284666666667,85.9967166666667,"DOLERITE [24639]",6.8,15.9,2.13,9.7,2.93,1.07,3.64,0.67,4.16,0.88,2.67,0.404,2.69,0.419
22.1628333333333,86.2389666666667,"DOLERITE [24639]",18.5,37.8,4.13,15.75,3.26,0.98,3.27,0.54,3.33,0.69,1.92,0.29,1.89,0.288
22.2141666666667,86.252,"DOLERITE [24639]",14.9,29.6,3.21,13.99,2.975,0.74,2.8,0.46,2.88,0.6,1.81,0.274,1.75,0.267
22.4822166666667,85.8988833333333,"DOLERITE [24639]",4.8,9.6,1.12,4.7,1.21,0.54,1.53,0.29,1.74,0.36,1.08,0.158,1.13,0.178
22.4333833333333,85.8177833333333,"DOLERITE [24639]",27.1,51.2,5.48,19.8,4.05,0.86,4.05,0.71,4.23,0.89,2.67,0.391,2.58,0.401
22.2041666666667,86.2638333333333,"DOLERITE [24639]",6.3,14.8,2.02,9.3,2.78,1.07,3.7,0.73,4.29,0.92,2.74,0.398,2.56,0.383
21.3393666666667,86.03895,"DOLERITE [24639]",11.5,23.6,2.74,11.2,2.67,0.95,3.05,0.54,3.2,0.67,1.91,0.28,1.91,0.285
21.4958,86.5666666666667,"DOLERITE [24639]",17.9,33.9,3.68,13.4,2.8,0.72,2.79,0.51,2.93,0.58,1.77,0.263,1.77,0.289
21.50545,86.5472,"DOLERITE [24639]",8.4,18.2,2.22,10,2.72,0.96,3.14,0.58,3.58,0.72,2.19,0.302,2.03,0.336
21.2472,86.06855,"DOLERITE [24639]",42.5,85.4,9.89,39.6,8.04,2.72,7.65,1.22,6.74,1.34,3.78,0.522,3.43,0.551
21.4661833333333,86.1595333333333,"DOLERITE [24639]",16.6,35.2,4.39,19.46,4.88,1.65,5,0.8,4.65,0.84,2.29,0.31,1.89,0.28
21.4376,86.16465,"DOLERITE [24639]",14,30,3.81,16.75,4.44,1.38,4.28,0.68,3.92,0.76,2,0.274,1.8,0.254
21.5742166666667,85.77235,"DOLERITE [24639]",21.5,42.3,4.89,19.65,4.42,1.44,4.34,0.68,3.8,0.68,1.81,0.257,1.63,0.243
21.5742166666667,85.77235,"DOLERITE [24639]",23.5,45.3,5.15,18.37,4.121,1.46,4.96,0.81,4.62,0.88,2.33,0.32,1.85,0.271
21.6872,85.6841666666667,"DOLERITE [24639]",15.4,33.4,4.13,18,4.53,1.46,4.89,0.82,4.35,0.8,2.14,0.299,1.74,0.268
21.5235,86.1166666666667,"DOLERITE [24639]",21.3,41.9,4.67,18,4.07,1.32,4.1,0.66,3.63,0.67,1.78,0.234,1.46,0.207
21.582,85.9084666666667,"DOLERITE [24639]",22,42.9,4.85,19,4.34,1.3,4.15,0.67,3.71,0.69,1.8,0.248,1.46,0.211
21.3903,86.1520333333333,"DOLERITE [24639]",20.9,43.6,5.35,22.4,5.64,1.87,5.77,0.91,5.14,0.94,2.48,0.33,1.97,0.296
21.4793666666667,85.8328666666667,"DOLERITE [24639]",7.5,14,1.52,5.7,1.21,0.37,1.14,0.21,1.44,0.31,0.97,0.149,0.99,0.161
21.3663333333333,85.8028,"DOLERITE [24639]",21.9,43.8,5.05,19.9,4.53,1.19,4.17,0.69,3.76,0.72,2.07,0.285,1.77,0.264
22.02645,85.994,"DOLERITE [24639]",15.5,33,4.06,17,4.48,1.45,4.89,0.8,4.39,0.8,2.15,0.297,1.78,0.253
21.4364166666667,86.1218833333333,"DOLERITE [24639]",17.4,37.2,4.7,20.2,5.23,1.68,5.23,0.84,4.84,0.89,2.45,0.319,1.96,0.285
34.1458,117.8079,"DOLERITE [24656]",17.96,40.06,5.89,24.52047,6.327114,2.2,7.21,1.23,7.42,1.55,4.09,0.59,3.67,0.55
34.1489,117.4734,"DOLERITE [24656]",36.9,78.76,10.59,40.6453,8.829216,2.93,8.97,1.43,8.2,1.66,4.26,0.6,3.72,0.56
34.4447,117.6087,"DOLERITE [24656]",11.52,28.66,4.49,19.74663,5.524542,1.82,6.37,1.11,6.71,1.36,3.75,0.54,3.35,0.52
33.9736,117.3907,"DOLERITE [24656]",18.92,41.96,6.09,25.09156,6.451133,2.23,7.25,1.2,7.42,1.5,4.09,0.59,3.68,0.55
33.9736,117.3907,"DOLERITE [24656]",12.32,28.41,4.02,19.80568,4.943205,1.35,4.65,0.76,4.46,0.89,2.39,0.35,2.2,0.33
33.9736,117.3907,"DOLERITE [24656]",11.74,25.19,3.48,14.76,3.67,1.41,4.1,0.66,3.92,0.81,2.12,0.31,1.94,0.29
33.9736,117.3907,"DOLERITE [24656]",14.35,30.25,4.15,17.76,4.59,1.61,4.56,0.74,4.56,0.91,2.49,0.36,2.3,0.34
33.9736,117.3907,"DOLERITE [24656]",26.04,54.3,7.22,31.17022,6.994452,2.16,6.85,1.14,6.65,1.36,3.72,0.54,3.28,0.5
33.9736,117.3907,"DOLERITE [24656]",15.47,33.2,4.58,19.16,5,1.73,5.02,0.85,5,1.03,2.84,0.41,2.6,0.39
33.9736,117.3907,"DOLERITE [24656]",16.32,34.92,4.73,20,5.18,1.75,5.22,0.88,5.23,1.13,2.96,0.43,2.69,0.41
33.9736,117.3907,"DOLERITE [24656]",18.56,39.75,5.43,22.85,5.86,1.97,5.89,0.96,5.91,1.19,3.32,0.48,3,0.47
33.9736,117.3907,"DOLERITE [24656]",12.32,28.41,4.02,16.5,4.13,1.35,4.65,0.76,4.46,0.89,2.39,0.35,2.2,0.33
33.9736,117.3907,"DOLERITE [24656]",11.74,25.19,3.48,14.76,3.67,1.41,4.1,0.66,3.92,0.81,2.12,0.31,1.94,0.29
33.9736,117.3907,"DOLERITE [24656]",14.35,30.25,4.15,17.76,4.59,1.61,4.56,0.74,4.56,0.91,2.49,0.36,2.3,0.34
9.5821832,-83.6430141,"DOLERITE [24679]",8.67179028530455,15.8495657620392,2.51083620146347,11.3714726492697,3.13255190183679,1.13021241371723,3.16360689205215,0.538426837015747,3.16579339830636,0.64442393048306,1.84363172636302,0.28679584865971,1.77109823608939,0.252240792620065
50.2,101.58,"DOLERITE [24691]",11.2,25.34,3.46,15.14,3.76,1.16,3.71,0.6,3.35,0.67,1.82,0.28,1.66,0.23
50.2,101.58,"DOLERITE [24691]",31.48,70.32,9.06,35.47,7.88,2.18,6.85,0.97,5.43,1.02,2.77,0.38,2.17,0.32
50.2832333333333,101.621033333333,"DOLERITE [24691]",10.71,23.24,2.93,14.28,3.53,0.96,3.55,0.54,3.21,0.66,1.81,0.25,1.66,0.25
22.8,115.05,"DOLERITE [24802]",41.1,93.7,13.23,58.6,13.73,4.05,12.96,1.87,10,1.86,4.36,0.56,3.35,0.47
22.8,115.05,"DOLERITE [24802]",25.2,57,8.17,36.42,8.74,2.78,8.55,1.3,7.03,1.32,3.2,0.41,2.45,0.35
22.8,115.05,"DOLERITE [24802]",39,89.7,12.49,55.4,13.01,3.74,12.15,1.77,9.5,1.79,4.23,0.55,3.22,0.47
22.8,115.05,"DOLERITE [24802]",39.4,90.3,12.71,57.14,13.26,3.93,12.62,1.84,9.74,1.81,4.26,0.56,3.19,0.48
22.8,115.05,"DOLERITE [24802]",23,52.2,7.4,33.2,8.23,2.61,8.03,1.23,6.67,1.27,3.04,0.4,2.37,0.35
34.7228333333333,81.4923333333333,"DOLERITE [24849]",265,401,36.8,119,16.9,4.82,14.9,1.68,8.44,1.46,3.38,0.439,2.45,0.348
34.7228333333333,81.4923333333333,"DOLERITE [24849]",266,400,36,115,16.2,4.6,14.4,1.64,8.28,1.43,3.36,0.429,2.42,0.348
34.7228333333333,81.4923333333333,"DOLERITE [24849]",244,367,33.6,107,15.1,4.33,13.4,1.49,7.55,1.31,3.05,0.385,2.19,0.311
34.7231666666667,81.4931666666667,"DOLERITE [24849]",311,467,43.2,138,19.4,5.59,17.7,1.97,9.81,1.71,4,0.509,2.85,0.401
34.7231666666667,81.4931666666667,"DOLERITE [24849]",264,420,41.8,141,20.6,5.82,18,1.95,9.41,1.57,3.45,0.417,2.37,0.34
34.7231666666667,81.4931666666667,"DOLERITE [24849]",275,430,42.1,142,20.3,5.73,17.9,1.95,9.43,1.58,3.54,0.425,2.4,0.344
28.6,110,"DOLERITE [24853]",62.5,128,13.9,31.8,9.43,2.53,6.03,0.96,4.05,0.96,2.73,0.32,2.22,0.32
28.6,110,"DOLERITE [24853]",95.4,196,20.3,34.2,12.6,2.84,6.76,1.03,4.02,0.85,2.35,0.32,1.85,0.28
28.6,110,"DOLERITE [24853]",86.7,178,18.3,35.9,11.3,2.6,6.2,0.92,3.93,0.75,2.1,0.28,1.69,0.24
28.6,110,"DOLERITE [24853]",61.5,126,13.9,35.3,7.83,2.51,6.11,0.95,4.03,0.94,2.71,0.31,2.21,0.31
28.6,110,"DOLERITE [24853]",74.2,134,14.3,38.7,8.42,1.51,3.91,0.65,3.62,0.68,2.15,0.31,2.12,0.31
28.3,109.7,"DOLERITE [24853]",85.4,172,19.1,39.1,11.6,2.74,5.63,0.96,4.84,0.76,2.22,0.26,1.74,0.23
28.3,109.7,"DOLERITE [24853]",62.5,126,14.1,35.4,9.39,2.49,5.93,0.94,4.83,0.84,2.71,0.31,2.19,0.31
28.3,109.7,"DOLERITE [24853]",61.8,127,14.1,35.2,9.43,2.51,5.83,0.94,4.81,0.95,2.72,0.32,2.21,0.32
28.3,109.7,"DOLERITE [24853]",63.2,125,13.6,32.4,8.34,1.88,5.94,0.76,4.31,0.83,2.33,0.32,1.98,0.29
28.3,109.7,"DOLERITE [24853]",62.7,124,14.1,32.6,8.33,1.82,5.88,0.74,4.31,0.81,2.35,0.31,2.04,0.31
28.5,110.4,"DOLERITE [24853]",60.5,116,12.9,34.9,8.01,1.37,4.84,0.71,4.33,0.77,2.23,0.26,1.93,0.26
28.5,110.4,"DOLERITE [24853]",60.3,118,13.3,35.3,8.15,1.41,4.63,0.75,4.27,0.79,2.29,0.31,1.94,0.26
28.5,110.4,"DOLERITE [24853]",60.6,120,13.4,50.1,8.14,1.42,4.72,0.74,4.23,0.81,2.21,0.29,2.03,0.26
28.5,110.4,"DOLERITE [24853]",60.8,123,13.6,36.4,8.16,1.43,4.71,0.75,3.84,0.82,2.31,0.3,1.96,0.31
28.5,110.4,"DOLERITE [24853]",60.5,123,13.6,41.6,9.75,1.45,4.62,0.74,4.03,0.82,2.28,0.29,2.01,0.29
24.5,107.4,"DOLERITE [24853]",60.9,122,13.5,18.2,4.53,1.51,4.83,0.74,4.01,0.81,2.31,0.31,2.03,0.28
24.5,107.4,"DOLERITE [24853]",56.3,108,11.5,18.2,4.56,1.36,4.61,0.56,3.41,0.61,1.74,0.23,1.51,0.21
24.5,107.4,"DOLERITE [24853]",56.4,108,11.4,23.6,7.02,1.39,4.23,0.54,3.41,0.59,1.73,0.21,1.49,0.21
24.5,107.4,"DOLERITE [24853]",86.2,166,18.1,32.6,8.21,2.61,6.21,0.89,4.43,0.73,2.11,0.26,1.71,0.21
24.5,107.4,"DOLERITE [24853]",86.6,174,19.3,38.5,11.8,2.74,6.62,0.94,4.36,0.74,2.23,0.26,1.76,0.22
23.9,106.6,"DOLERITE [24853]",86.4,171,18.3,71.2,11,2.61,6.21,0.91,4.44,0.74,2.11,0.24,1.64,0.19
23.9,106.6,"DOLERITE [24853]",95.4,196,20.6,93.2,12.3,2.83,6.74,1.01,4.43,0.84,2.34,0.29,1.82,0.25
23.9,106.6,"DOLERITE [24853]",62.8,126,14.1,96.4,9.41,2.51,6.13,0.93,5.21,0.93,2.72,0.31,2.21,0.29
23.9,106.6,"DOLERITE [24853]",62.7,125,13.8,126,9.34,2.49,6.08,0.92,5.18,0.94,2.71,0.31,2.19,0.3
23.9,106.6,"DOLERITE [24853]",62.2,124,14.1,113,9.43,2.51,6.09,0.93,5.21,0.93,2.66,0.31,2.21,0.31
43.1029,83.9701,"DOLERITE [24913]",46.8772429922845,79.6966879952591,10.8207763930636,45.5712958080717,9.1298274540449,2.10015954996457,7.83477274256794,1.32362640936687,7.74865778976208,1.50606152307321,3.68358977901931,0.684063231594585,3.81654030722162,0.536956563239269
43.1029,83.9701,"DOLERITE [24913]",53.9487350084976,87.976684868132,11.0799882970537,43.5285631431788,7.54395241807662,2.29685007539156,6.89176100552223,1.0265395888019,5.43382393681392,1.01260228210582,2.47412053717401,0.432732358608754,2.46112778924053,0.363812325918295
43.1029,83.9701,"DOLERITE [24913]",38.2617846339087,70.258368438921,9.86713282337546,42.9519110635222,8.7678361763553,1.76543692264072,7.42547413183651,1.25081426379345,7.26546467221824,1.38360727422647,3.2930846734669,0.592867072895601,3.32040179273036,0.464908626414653
43.1029,83.9701,"DOLERITE [24913]",36.787192953649,67.3435105098821,8.73116223501821,36.2360291530981,7.14705935360841,2.20319175327487,6.31063458973837,1.03298735164408,6.02834172790649,1.16693018675332,2.87173349486505,0.544079838635448,3.12268377321583,0.448496453183377
43.1029,83.9701,"DOLERITE [24913]",46.9496360279396,92.1507262953436,12.2972208266786,51.5396654864087,10.3007670415055,2.30782914049383,8.95794580368787,1.51417047789068,8.89451453712623,1.69106279761956,4.09121324480942,0.752318074722202,4.25115517673642,0.607788232332104
43.1029,83.9701,"DOLERITE [24913]",42.3489267026928,81.0665935851595,11.1113192893215,46.6840806468062,9.46202055779991,2.19199371220744,8.10957498733713,1.3655702802745,7.96117766993273,1.52153008370527,3.71526823472866,0.689087342200907,3.81804666796237,0.526666541632331
43.1006,83.973,"DOLERITE [24913]",40.8952515281181,81.2009469832406,9.94337616823723,39.0104963036782,7.26245989191734,1.85751090534954,6.30093223328923,0.967166910907079,5.36394739376827,1.03620432800504,2.62335327568609,0.5490618067658,3.03289908713732,0.463806604760158
12.92,76.33,"DOLERITE, OLIVINE [24943]",9.71,21.83,3.12,14.62,4.04,1.327,4.42,0.71,3.73,0.792,2.35,0.31,1.49,0.239
12.92,76.33,"DOLERITE, OLIVINE [24943]",4.02,10.21,1.49,7.3,2.19,0.95,2.93,0.55,3.19,0.672,1.88,0.27,1.39,0.213
12.92,76.33,"DOLERITE, OLIVINE [24943]",6.97,14.29,1.77,7.29,1.86,0.611,2.22,0.42,2.47,0.566,1.66,0.25,1.34,0.214
12.92,76.33,"DOLERITE, OLIVINE [24943]",7.08,14.39,1.78,7.46,1.94,0.622,2.45,0.44,2.43,0.617,1.74,0.23,1.27,0.207
12.92,76.33,"DOLERITE, OLIVINE [24943]",3.95,9.78,1.42,7.36,2.23,0.836,2.79,0.55,2.95,0.697,1.86,0.26,1.4,0.223
12.92,76.33,"DOLERITE, OLIVINE [24943]",6.75,13.74,1.72,7.2,1.79,0.586,2.34,0.43,2.5,0.552,1.76,0.25,1.4,0.214
12.92,76.33,"DOLERITE, OLIVINE [24943]",5.14,10.37,1.26,5.3,1.31,0.447,1.68,0.31,1.99,0.479,1.47,0.21,1.28,0.215
12.92,76.33,"DOLERITE [24943]",4.93,12.07,1.8,8.97,2.97,0.944,3.86,0.62,3.54,0.74,2.03,0.28,1.56,0.237
12.92,76.33,"DOLERITE [24943]",5.24,12.74,1.91,9.7,3.15,1.004,3.77,0.62,3.9,0.793,2.13,0.31,1.81,0.271
12.92,76.33,"DOLERITE [24943]",7.6,15.91,1.99,8.35,2.25,0.628,2.55,0.43,2.5,0.535,1.5,0.23,1.34,0.197
12.92,76.33,"DOLERITE [24943]",6.27,12.72,1.59,6.49,1.7,0.566,2.39,0.38,2.3,0.512,1.54,0.21,1.34,0.201
12.92,76.33,"DOLERITE [24943]",8.11,17.36,2.38,10.84,2.83,1.094,3.08,0.48,2.64,0.551,1.62,0.22,1.17,0.187
12.92,76.33,"DOLERITE [24943]",4.41,9.03,1.14,4.59,1.13,0.322,1.55,0.24,1.61,0.408,1.16,0.17,1.14,0.174
12.92,76.33,"DOLERITE [24943]",2.8,7.3,1.17,25.43,6.69,0.698,2.96,0.48,2.98,0.702,2.01,0.31,1.87,0.266
12.92,76.33,"DOLERITE [24943]",7.5,16.16,2.21,9.94,2.72,1.066,3.08,0.46,2.55,0.525,1.36,0.2,1.2,0.174
12.92,76.33,"DOLERITE [24943]",20.95,45.2,6.02,25.4,6.69,1.976,8.02,1.22,7.49,1.714,4.88,0.77,4.72,0.717
12.92,76.33,"DOLERITE [24943]",19.94,43.13,5.64,24.32,6.54,1.819,7.39,1.21,7.21,1.633,4.73,0.7,4.57,0.682
12.92,76.33,"DOLERITE [24943]",20.46,43.28,5.63,23.52,6.15,1.747,6.2,0.91,5.27,0.994,2.63,0.41,2.16,0.311
12.92,76.33,"DOLERITE [24943]",18.76,41.9,5.52,23.44,6.08,1.853,7.81,1.2,7.18,1.65,4.74,0.68,4.65,0.639
41,29,"DOLERITE [25008]",32.7,75.3,9.92,40,9.55,3.18,9.79,1.7,9.73,2.08,5.69,0.87,5.13,0.83
41,29,"DOLERITE [25008]",33.9,69.4,9.1,38,7.98,2.15,8.25,1.39,8.61,1.97,3.6,0.48,3.69,0.75
41,29,"DOLERITE [25008]",31.6,71.1,8.7,41,8.65,2.79,9.1,1.65,6.48,1.65,4.9,0.76,5.24,0.56
41,29,"DOLERITE [25008]",24.1,49.6,6.5,29.4,5.68,1.78,4.09,0.68,4.69,2.14,3.18,0.37,2.97,0.38
41,29,"DOLERITE [25008]",27.2,61.3,8.1,36.7,8.34,2.41,8.22,1.27,8.62,1.79,5.12,0.62,4.72,0.75
64,90,"DOLERITE [25018]",7.99,18.7,2.52,11.7,3.43,1.21,3.99,0.72,4.46,0.89,2.59,0.386,2.55,0.394
64,90,"DOLERITE [25018]",9.46,21.5,2.87,13,3.5,1.23,4.12,0.74,4.58,0.92,2.69,0.403,2.53,0.386
64,90,"DOLERITE [25018]",8.02,19.3,2.56,11.9,3.47,1.21,4.4,0.7,4.45,0.91,2.49,0.369,2.61,0.418
64,90,"DOLERITE [25018]",7.89,18.3,2.42,11.1,3.19,1.15,3.98,0.7,4.24,0.85,2.45,0.358,2.36,0.378
64,90,"DOLERITE [25018]",8.59,18.9,2.57,11.4,3.33,1.2,4.32,0.74,4.56,0.88,2.58,0.376,2.54,0.406
64,90,"DOLERITE [25018]",7.06,16.9,2.33,10.9,3.32,1.06,4.16,0.69,4.28,0.9,2.55,0.358,2.35,0.377
64,90,"DOLERITE [25018]",6.81,16.5,2.27,10.6,3.1,1.23,3.83,0.67,4.19,0.86,2.5,0.369,2.48,0.374
64,90,"DOLERITE [25018]",10.8,25,3.42,15.6,4.26,1.51,5.21,0.92,5.75,1.17,3.37,0.502,3.15,0.49
64,90,"DOLERITE [25018]",7.8,18.6,2.53,11.6,3.31,1.22,4.02,0.72,4.63,0.93,2.66,0.387,2.56,0.393
64,90,"DOLERITE [25018]",10.7,24.5,3.26,13.9,4.13,1.42,4.94,0.85,5.62,1.13,3.24,0.486,3.01,0.492
64,90,"DOLERITE [25018]",8.15,19.2,2.58,11.9,3.41,1.12,3.97,0.69,4.5,0.9,2.57,0.377,2.43,0.374
64,90,"DOLERITE [25018]",7.9,18.4,2.45,11.3,3.15,1.18,3.87,0.68,4.15,0.81,2.32,0.341,2.32,0.362
64,90,"DOLERITE [25018]",7.81,18.1,2.41,10.8,3.03,1.13,3.61,0.66,4.15,0.79,2.33,0.341,2.35,0.368
64,90,"DOLERITE [25018]",6.73,16,2.23,10.4,3.04,1.2,3.73,0.64,3.91,0.82,2.35,0.359,2.41,0.378
64,90,"DOLERITE [25018]",17.2,40.3,5.26,24.3,6.85,2.17,8.32,1.38,8.45,1.74,5.05,0.741,4.91,0.827
64,90,"DOLERITE [25018]",9.07,21.3,2.94,13.4,3.84,1.27,4.45,0.83,5.31,1.09,3.21,0.466,3.08,0.472
64,90,"DOLERITE [25018]",6.64,15.6,2.2,10.1,2.82,1.04,3.56,0.64,4.19,0.86,2.43,0.351,2.29,0.365
64,90,"DOLERITE [25018]",7.28,16.6,2.27,9.93,2.92,1.06,3.62,0.63,4,0.82,2.37,0.347,2.26,0.343
64,90,"DOLERITE [25018]",7.35,17.1,2.27,10.5,2.84,1.03,3.43,0.62,3.98,0.81,2.29,0.338,2.31,0.35
64,90,"DOLERITE [25018]",6.58,15.2,2.05,9.46,2.88,1.09,3.23,0.6,3.83,0.79,2.33,0.345,2.3,0.353
60,102,"DOLERITE [25018]",7.75,19.4,2.76,12.6,4.02,1.41,4.86,0.88,5.56,1.11,3.2,0.469,3.07,0.464
60,102,"DOLERITE [25018]",7.84,18.9,2.71,13,4.02,1.38,4.79,0.88,5.57,1.12,3.13,0.447,2.9,0.454
60,102,"DOLERITE [25018]",8.37,20.4,2.81,13.7,4.01,1.48,5.06,0.91,5.51,1.14,3.27,0.481,3.16,0.5
60,102,"DOLERITE [25018]",7.74,19.5,2.79,12.9,4,1.44,4.76,0.86,5.49,1.14,3.17,0.462,2.91,0.454
60,102,"DOLERITE [25018]",7.67,18.8,2.61,12.9,3.95,1.35,4.98,0.87,5.43,1.1,3,0.434,2.88,0.455
60,102,"DOLERITE [25018]",7.65,19.6,2.73,13.1,4.29,1.42,5.15,0.88,5.82,1.17,3.32,0.496,3.19,0.487
60,102,"DOLERITE [25018]",9.16,23.1,3.25,15.4,4.85,1.61,6.16,1.06,6.69,1.37,3.94,0.558,3.89,0.627
25.6,109.8,"DOLERITE [25038]",5.6,13.87,1.933,10.86,2.985,0.769,2.533,0.481,2.841,0.559,1.507,0.227,1.492,0.221
29.67,34.95,"DOLERITE [11396] / ALKALI BASALT [11237]",48,117,13.1,60.8,12.8,3.7,10.7,1.4,7.7,1.4,3.6,0.5,3.1,0.5
29.67,34.95,"DOLERITE [11396]",40,91,12,52,11,3.5,11,1.5,7.5,1.4,3.8,0.5,2.9,0.4
24.1567,115.561,"DOLERITE [25099]",29.9,60.1,7.5,30.3,6.25,1.71,6.19,1.04,5.59,1.04,2.87,0.5,2.79,0.44
24.1567,115.561,"DOLERITE [25099]",32.9,65.4,8.17,32.6,6.48,1.74,6.46,1.1,6.12,1.07,3.09,0.5,2.81,0.44
24.1567,115.561,"DOLERITE [25099]",14.2,32.7,4.7,21.8,5.71,1.86,6.86,1.31,7.71,1.59,4.44,0.73,4.15,0.63
24.1567,115.561,"DOLERITE [25099]",42.2,80.5,10.3,39.9,8.05,1.73,7.75,1.32,6.78,1.24,3.48,0.55,3.2,0.52
24.1567,115.561,"DOLERITE [25099]",32.6,66.8,8.18,33.5,6.94,1.82,6.82,1.14,6.42,1.1,3.28,0.53,3.03,0.48
24.1567,115.561,"DOLERITE [25099]",33.9,70.2,8.87,36.7,7.7,1.82,7.24,1.24,6.65,1.2,3.49,0.56,3.31,0.52
-30.8333,136.3667,"DOLERITE [8380]",6.5,16.5,2.4,11.43,3.28,1.18,3.95,0.7,4.09,0.83,2.35,0.32,2.09,0.3
-30.3167,136.0667,"DOLERITE [8380]",6.61,17.16,2.39,11.85,3.42,1.24,4.05,0.7,4.2,0.84,2.39,0.32,2.11,0.295
-31.43,137.1,"DOLERITE [8380]",9.41,24.43,3.29,16.89,4.77,1.64,5.58,0.91,5.62,1.12,3.18,0.42,2.8,0.361
-28.212481,-49.984575,"DOLERITE [25171]",41.6449221553895,89.9485039257655,11.4981069081109,47.352218636131,9.85570783270243,3.1399826874178,9.38290925586394,1.24705379470496,7.45433753037345,1.39884333607892,3.73698738855492,0.501847120697884,3.09428552529031,0.436032001209822
30.6526766666667,120.034843333333,"DOLERITE [25202]",27,51.3,5.86,24.2,4.9,1.69,4.67,0.68,3.95,0.79,2.18,0.32,2.04,0.31
30.6526766666667,120.034843333333,"DOLERITE [25202]",26.2,49.5,5.62,23,4.7,1.65,4.45,0.66,3.77,0.75,2.09,0.31,1.99,0.31
30.6526766666667,120.034843333333,"DOLERITE [25202]",26.4,50.1,5.83,24.2,4.89,1.71,4.76,0.68,4,0.8,2.21,0.32,2.03,0.31
30.6526766666667,120.034843333333,"DOLERITE [25202]",29,53.5,6.09,24.9,5.14,1.71,5.28,0.84,5.17,1.14,3.25,0.45,2.62,0.4
30.6526766666667,120.034843333333,"DOLERITE [25202]",29,54.2,6.12,24.7,5.13,1.8,5.17,0.85,5.59,1.26,3.73,0.54,3.19,0.45
30.6526766666667,120.034843333333,"DOLERITE [25202]",26.9,49.8,5.66,22.8,4.56,1.63,4.44,0.65,3.78,0.78,2.16,0.31,1.95,0.3
30.6526766666667,120.034843333333,"DOLERITE [25202]",28.5,53.1,5.98,23.8,4.96,1.7,5.09,0.78,4.82,1.03,2.95,0.43,2.64,0.39
30.6526766666667,120.034843333333,"DOLERITE [25202]",28.8,52.9,5.88,24.4,4.98,1.78,4.83,0.7,4.02,0.8,2.2,0.32,2.03,0.31
30.6526766666667,120.034843333333,"DOLERITE [25202]",29.8,53.6,5.97,24.3,4.85,1.84,4.79,0.7,4.15,0.85,2.36,0.34,2.11,0.32
30.6526766666667,120.034843333333,"DOLERITE [25202]",26.3,50.1,5.66,23.6,4.81,1.72,4.71,0.67,3.89,0.77,2.12,0.31,1.96,0.3
30.6526766666667,120.034843333333,"DOLERITE [25202]",26.3,49.4,5.61,23.5,4.75,1.72,4.7,0.65,3.82,0.76,2.08,0.31,1.94,0.3
30.6526766666667,120.034843333333,"DOLERITE [25202]",28.2,52.4,5.8,24.6,4.93,1.75,4.76,0.69,3.97,0.79,2.15,0.31,1.99,0.31
34.6420366666667,129.350883333333,"DOLERITE [25215]",12.1,27.1,3.51,14.8,3.7,1.33,4.1,0.6,4.1,0.8,2.5,0.33,2.4,0.35
34.65703,129.48404,"DOLERITE [25215]",13.3,28.7,3.56,15.1,3.6,1.12,3.8,0.6,3.9,0.8,2.3,0.34,2.2,0.34
34.6568766666667,129.483573333333,"DOLERITE [25215]",15.4,33.2,4.09,17.1,4.1,1.24,4.3,0.7,4.3,0.9,2.6,0.38,2.4,0.4
34.65645,129.476631666667,"DOLERITE [25215]",16.3,34.6,4.19,17.7,4.2,1.27,4.3,0.7,4.3,0.9,2.6,0.38,2.4,0.38
39.52,78.91,"DOLERITE [25308]",58.94,127.8,15.75,63.1,11.79,3.479,10.08,1.371,7.041,1.222,2.916,0.375,2.142,0.311
39.52,78.91,"DOLERITE [25308]",59.16,125.9,15.31,61.27,11.54,3.44,9.776,1.343,6.84,1.231,2.876,0.374,2.07,0.305
39.52,78.91,"DOLERITE [25308]",59.75,128.4,16.2,65.13,12.15,3.566,10.48,1.417,7.267,1.287,3.048,0.39,2.235,0.317
39.52,78.91,"DOLERITE [25308]",59.3,128.9,16.17,64.19,11.95,3.6,10.34,1.41,7.124,1.295,2.975,0.386,2.195,0.318
39.52,78.91,"DOLERITE [25308]",60.23,129.1,15.85,63.62,11.97,3.54,10.13,1.394,6.953,1.268,2.976,0.38,2.169,0.309
39.52,78.91,"DOLERITE [25308]",65.54,143.6,17.86,73.77,13.91,4.208,12.02,1.631,8.452,1.479,3.447,0.44,2.538,0.36
39.52,78.91,"DOLERITE [25308]",67.4,146.5,18.41,75.43,14.32,4.365,12.12,1.695,8.417,1.519,3.493,0.453,2.593,0.365
39.52,78.91,"DOLERITE [25308]",64.46,144.5,18.11,73.21,13.86,4.199,11.87,1.654,8.35,1.464,3.425,0.436,2.503,0.356
39.52,78.91,"DOLERITE [25308]",66.95,146,18.18,75.07,14.36,4.259,12.02,1.667,8.363,1.486,3.449,0.433,2.565,0.359
39.52,78.91,"DOLERITE [25308]",69.24,147,18.2,71.65,13.46,3.951,11.18,1.53,7.734,1.393,3.333,0.429,2.481,0.356
39.52,78.91,"DOLERITE [25308]",70.23,148.7,18.54,73.11,13.53,3.97,11.3,1.547,7.672,1.414,3.326,0.425,2.544,0.367
39.52,78.91,"DOLERITE [25308]",63.22,135.3,16.99,69.07,12.9,3.857,10.87,1.478,7.38,1.319,3.093,0.387,2.202,0.317
39.52,78.91,"DOLERITE [25308]",57.65,125.4,15.74,63.94,11.99,3.592,10.24,1.376,6.93,1.234,2.888,0.365,2.104,0.306
39.52,78.91,"DOLERITE [25308]",55.04,119.6,15.08,62.09,11.68,3.424,9.869,1.365,6.796,1.204,2.781,0.354,2.045,0.294
39.52,78.91,"DOLERITE [25308]",56.53,119.1,14.84,58.63,10.69,3.144,9.093,1.239,6.233,1.137,2.717,0.36,2.112,0.307
39.52,78.91,"DOLERITE [25308]",59.38,125.7,15.47,62.54,11.2,3.259,9.375,1.283,6.539,1.171,2.843,0.367,2.21,0.324
39.52,78.91,"DOLERITE [25308]",44.58,95.91,12.31,50.2,9.594,2.95,8.29,1.158,5.896,1.06,2.528,0.322,1.899,0.275
39.52,78.91,"DOLERITE [25308]",47.69,103.5,13.12,53.13,9.983,2.939,8.617,1.203,6.029,1.095,2.604,0.343,1.995,0.287
39.52,78.91,"DOLERITE [25308]",42.45,92.65,11.74,49.04,9.534,2.875,8.166,1.115,5.79,1.028,2.468,0.313,1.84,0.264
27.32,110.13,"DOLERITE [8688]",27.15,48.71,6.01,23.9,5.06,1.68,5.24,0.74,4.32,0.75,1.95,0.26,1.59,0.23
27.32,110.13,"DOLERITE [8688] / GABBRO [11651]",41.09,80.19,9.26,29.6,6.32,2.23,7.45,1.03,6.16,1.06,2.68,0.37,2.31,0.33
27.32,110.13,"DOLERITE [8688] / GABBRO [11651]",63.58,121.83,13.72,47.5,10,3.09,11.02,1.56,9.06,1.54,3.97,0.52,3.25,0.46
28.62,109.93,"DOLERITE [8688]",26.16,46,5.88,22.9,4.95,1.62,5.19,0.76,4.51,0.78,1.92,0.27,1.65,0.24
40,112.5,"TRACHYBASALT [11904] / DOLERITE [11703] / NOT GIVEN [25811]",51.1,106,15,61.38,11.57,3.68,10.2,1.27,6.63,1.29,3.56,0.49,2.9,0.45
40,112.5,"TRACHYBASALT [11904] / DOLERITE [11703] / NOT GIVEN [25811]",52.3,109,15.2,62.4,11.85,3.56,10.3,1.3,6.78,1.33,3.63,0.5,3.07,0.47
40,113.5,"BASALTIC-ANDESITE [11904] / DOLERITE [11703] / NOT GIVEN [25811]",24.9,48.8,6.3,23.4,4.74,1.57,4.67,0.66,3.74,0.79,2.31,0.33,2.17,0.32
40,113.5,"BASALTIC-TRACHYANDESITE [11904] / DOLERITE [11703] / NOT GIVEN [25811]",48.7,96.8,12.8,49.1,9.39,2.89,8.64,1.1,5.98,1.2,3.47,0.47,3.1,0.45
40,113.5,"TRACHYBASALT [11904] / DOLERITE [11703] / NOT GIVEN [25811]",59.1,123,16.8,67.82,12.82,4.1,11.6,1.39,7.1,1.36,3.76,0.49,3.12,0.45
40,112.5,"TRACHYBASALT [11904]",72.4,144,21.3,92.9,18.3,4.94,16.5,2.13,11.2,2.15,5.87,0.79,4.78,0.68
40,112.5,"BASALT [11904]",43.5,90,12.2,51.4,9.71,2.98,8.88,1.16,6.36,1.27,3.58,0.48,3.2,0.46
40,113.5,"BASALTIC-ANDESITE [11904]",37.3,70.9,9.1,38.7,7.28,2.29,6.7,1.04,6.32,1.25,3.6,0.55,3.57,0.49
40,113.5,"BASALTIC-ANDESITE [11904]",37.1,72.3,9.38,37.8,6.89,1.94,6.39,0.87,4.9,1.01,2.91,0.43,2.67,0.41
40,113.5,"BASALT [11904]",43,85.1,11.5,47.4,8.72,2.72,7.73,1.03,5.63,1.12,3.16,0.44,2.75,0.43
40,113.5,"BASALTIC-TRACHYANDESITE [11904]",62.3,131,18.1,76.6,15.2,5.21,14.1,1.82,9.72,1.89,5.25,0.69,4.36,0.64
65.89,33.74,"DOLERITE [25379]",11.38224,26.62848,4.11792,17.33832,4.6184,1.3892,3.89344,0.70288,3.94864,0.73968,1.95408,0.25024,1.84858666666667,0.21712
29.8322,120.0925,"DOLERITE [11868]",19.1,44.1,6.4,30,6.87,2.38,7.85,1.26,7.63,1.57,4.51,0.62,3.85,0.64
29.8322,120.0925,"DOLERITE [11868]",18.8,42.8,6.21,27.7,6.51,2.38,7.87,1.24,7.51,1.51,4.24,0.61,3.85,0.62
29.8322,120.0925,"DOLERITE [11868]",21.4,48.8,7.01,31.6,7.29,2.68,8.64,1.39,8.21,1.71,4.84,0.69,4.25,0.69
80.26526601,-88.36741966,"DOLERITE [25408]",21.4,50.8,6.92,30.8,8.12,2.55,9.03,1.57,9.57,1.85,5.19,0.761,4.97,0.729
80.26704601,-88.35115801,"DOLERITE [25408]",31.4,69.2,8.63,36.1,8.25,2.53,8.63,1.43,8.65,1.68,4.72,0.678,4.24,0.61
80.26970601,-88.32956302,"DOLERITE [25408]",18.6,43.7,5.93,27.3,7.45,2.13,7.86,1.34,8.23,1.61,4.46,0.641,4.14,0.615
80.27210101,-88.33222301,"DOLERITE [25408]",34.7,76.4,9.65,40.1,9.2,2.71,9.92,1.67,9.73,1.9,5.17,0.728,4.78,0.747
80.27194767,-88.33279301,"DOLERITE [25408]",14.6,35.7,4.93,21.9,6.02,2.09,6.72,1.11,6.8,1.33,3.66,0.516,3.33,0.492
80.27856601,-88.36601128,"DOLERITE [25408]",18.8,42.9,5.74,24.1,6.16,2.05,7.07,1.14,6.69,1.3,3.58,0.51,3.45,0.515
80.29171602,-88.40102953,"DOLERITE [25408]",31.3,77.6,10.8,48.6,12.5,3.55,12.5,1.97,11.4,2.09,5.51,0.713,4.4,0.661
80.284781,-88.27453136,"DOLERITE [25408]",26,59.4,7.56,31.1,7.72,2.03,7.87,1.38,8.21,1.61,4.6,0.655,4.26,0.636
79.73942088,-87.21551592,"DOLERITE [25408]",24.2,60.4,8.53,38.8,9.9,3.31,10.5,1.6,9.31,1.72,4.47,0.615,3.89,0.561
79.73942088,-87.21548592,"DOLERITE [25408]",10.6,25.9,3.66,16.9,4.89,1.78,6.08,1.05,6.9,1.4,3.91,0.575,3.71,0.563
79.73894588,-87.21595926,"DOLERITE [25408]",10.1,24.7,3.51,16.9,4.79,1.77,6,1.03,6.7,1.32,3.82,0.566,3.63,0.532
79.73300423,-87.31209085,"DOLERITE [25408]",23,52,6.79,28.9,7.42,2.28,7.85,1.29,7.96,1.56,4.43,0.64,4.07,0.613
79.72868923,-87.31466253,"DOLERITE [25408]",10.1,24.5,3.46,16.4,4.74,1.58,6.16,1.04,6.56,1.29,3.79,0.578,3.74,0.554
79.71534756,-87.34189754,"DOLERITE [25408]",42.8,95.7,12.4,52.6,12.8,3.56,13.3,2.14,13.1,2.56,6.98,0.991,6.43,0.962
79.64238935,-88.5425849,"DOLERITE [25408]",16.3,39.9,5.51,25.5,6.98,2.18,8.07,1.33,8.06,1.58,4.38,0.637,4.14,0.591
79.639736,-88.44340667,"DOLERITE [25408]",29.7,65.6,8.34,34.6,8.31,2.32,8.49,1.41,8.55,1.62,4.57,0.67,4.39,0.646
79.64057934,-88.42438669,"DOLERITE [25408]",19.6,46,6.01,25.4,6.67,2.11,7.17,1.13,6.92,1.36,3.7,0.514,3.43,0.511
79.64305767,-88.43767,"DOLERITE [25408]",17.3,39.6,5.4,23.9,6.35,2.15,7.56,1.26,7.46,1.47,4.11,0.579,3.93,0.586
79.64622767,-88.42186167,"DOLERITE [25408]",31.4,69.6,8.95,36.9,8.9,2.63,9.26,1.51,8.96,1.8,4.92,0.697,4.5,0.67
79.65701266,-88.37941501,"DOLERITE [25408]",15,35.2,4.86,21.7,6.03,1.91,6.8,1.17,7.25,1.43,4.01,0.562,3.89,0.572
80.68714412,-85.89845585,"DOLERITE [25408]",39.5,73.6,9.92,40.3,9.59,2.98,9.6,1.53,9.14,1.75,4.83,0.691,4.41,0.661
80.68131578,-85.83015429,"DOLERITE [25408]",26.7,60.1,7.63,32.8,8.4,2.35,8.42,1.38,8.37,1.62,4.62,0.638,3.93,0.605
80.6778241,-85.78275269,"DOLERITE [25408]",13.7,33.6,4.58,20.6,5.56,1.82,6.03,1.02,6.02,1.22,3.25,0.465,2.9,0.45
80.67279577,-85.75275607,"DOLERITE [25408]",15.5,36.5,4.87,21.9,5.93,2.04,6.29,1.06,6.41,1.22,3.43,0.483,3.08,0.469
80.67061077,-85.72261611,"DOLERITE [25408]",14,33.4,4.49,19.9,5.49,1.75,6.14,1.02,6.45,1.24,3.46,0.499,3.21,0.486
80.6688791,-85.70784614,"DOLERITE [25408]",14.5,35.3,5,22.7,6.38,2.08,7.41,1.18,7.47,1.52,3.98,0.574,3.72,0.555
80.6735791,-85.69174114,"DOLERITE [25408]",9.01,22.3,3.24,14.3,4.67,1.54,5.63,0.93,6.03,1.23,3.45,0.516,3.21,0.499
80.65773406,-85.33788159,"DOLERITE [25408]",25.3,56.6,7.07,30.8,7.34,2.28,7.56,1.21,7.34,1.44,3.92,0.562,3.62,0.573
81.05583074,-85.35081845,"DOLERITE [25408]",24.7,55.8,7.13,30.2,7.28,2.32,7.71,1.24,7.47,1.42,3.95,0.55,3.71,0.555
81.0081857,-84.96044909,"DOLERITE [25408]",49.1,109,14,57.5,13.6,4.12,13.2,2,12,2.21,6.3,0.831,5.51,0.81
81.0081407,-84.96038243,"DOLERITE [25408]",15.2,35.7,4.96,23.2,6.27,2.24,6.97,1.16,7.12,1.37,3.81,0.535,3.55,0.532
81.0076107,-84.95115411,"DOLERITE [25408]",15.9,37.3,5.16,24.2,6.42,2.24,7.67,1.27,7.75,1.53,4.25,0.601,3.71,0.564
81.00762904,-84.93563913,"DOLERITE [25408]",14.6,35.4,4.87,22.8,6.68,2.13,7.49,1.22,7.52,1.43,3.91,0.551,3.55,0.53
81.01612236,-84.84373087,"DOLERITE [25408]",14.6,36.1,4.84,23.1,6.36,2.2,7.85,1.27,7.31,1.46,4.01,0.552,3.5,0.524
81.01657403,-84.84887753,"DOLERITE [25408]",14.6,35.6,4.75,22.6,6.45,2.03,7.63,1.23,7.36,1.45,3.84,0.565,3.64,0.519
81.02725,-81.6271166666667,"DOLERITE [25408]",13.9,34.3,4.7,22.2,6.32,2.09,7.33,1.19,7.36,1.37,3.79,0.54,3.58,0.507
80.6860666666667,-86.0431833333333,"DOLERITE [25408]",14.6,36.1,4.9,23.3,6.68,2.1,7.42,1.19,7.33,1.43,3.88,0.564,3.56,0.515
80.63595,-85.92235,"DOLERITE [25408]",14.9,36.5,4.96,22.9,6.51,2.11,7.59,1.21,7.44,1.48,3.84,0.56,3.61,0.52
80.0352333333333,-86.5322333333333,"DOLERITE [25408]",14.7,36.3,4.88,23.4,6.45,2.14,7.46,1.23,7.57,1.43,3.91,0.558,3.57,0.52
80.0091,-86.4949166666667,"DOLERITE [25408]",14.6,35.9,4.92,23.2,6.67,2.06,7.62,1.26,7.6,1.49,3.96,0.567,3.51,0.515
81.2442666666667,-84.4106166666667,"DOLERITE [25408]",13.6,33.2,4.53,21.8,6.05,2.01,6.99,1.19,7.17,1.39,3.67,0.521,3.3,0.486
81.20475,-84.5702333333333,"DOLERITE [25408]",13.5,33.4,4.45,21.4,5.73,2.03,7.11,1.2,7.13,1.37,3.8,0.531,3.37,0.488
81.8358979839831,-82.2768180258572,"DOLERITE [25408]",13.7,33.8,4.63,22.4,6.01,2.08,7.38,1.22,7.23,1.39,3.75,0.533,3.42,0.499
82.1925249975174,-85.3646320290863,"DOLERITE [25408]",12.7,30.4,4.21,20.5,5.81,1.83,6.67,1.11,6.64,1.29,3.52,0.502,3.17,0.466
82.1885269973427,-85.3696019947528,"DOLERITE [25408]",14.7,35.7,4.9,23.2,6.48,2.18,7.55,1.25,7.42,1.47,3.98,0.558,3.51,0.529
82.1867849864065,-85.3734549880027,"DOLERITE [25408]",14.9,36.9,4.94,23.6,6.66,2.08,7.88,1.3,7.79,1.45,4,0.552,3.46,0.541
82.27745798,-85.06643099,"DOLERITE [25408]",15.1,37.2,5.12,24.6,6.67,2.16,7.86,1.28,7.52,1.48,4.07,0.581,3.58,0.534
82.27737601,-85.06940899,"DOLERITE [25408]",12.8,32.2,4.43,21.4,6.08,1.98,7.04,1.17,6.9,1.34,3.85,0.542,3.33,0.485
82.27783903,-85.06163604,"DOLERITE [25408]",14.5,35.8,4.84,23.2,6.55,2.15,7.51,1.25,7.44,1.44,3.97,0.56,3.52,0.516
81.98377797,-87.26182301,"DOLERITE [25408]",17.7,41.3,5.6,26.9,6.93,2.55,8.43,1.36,7.98,1.54,4.25,0.627,4.21,0.646
82.01001501,-87.390448,"DOLERITE [25408]",41.6,92.9,11.8,51.7,11.4,3.63,11.3,1.86,10.9,2.13,5.66,0.804,5.24,0.782
81.94753404,-87.78512601,"DOLERITE [25408]",43.8,97.1,12.5,53.8,12,3.63,11.5,1.87,11,2.11,5.92,0.828,5.28,0.759
81.94749003,-87.78173796,"DOLERITE [25408]",13.9,32.8,4.53,20,5.27,1.86,5.94,1.05,6.35,1.18,3.28,0.462,3.02,0.448
81.804583,-88,"DOLERITE [25408]",15.5,36.5,5.02,23.2,6.03,1.92,6.73,1.12,6.7,1.32,3.62,0.517,3.34,0.496
81.72925604,-88.20811003,"DOLERITE [25408]",11.9,29.2,4.04,19.4,5.15,1.8,6.11,1.07,6.43,1.26,3.45,0.491,3.04,0.457
81.72739299,-88.20152798,"DOLERITE [25408]",13,30.9,4.25,19.9,5.29,1.81,5.8,1.02,5.96,1.18,3.2,0.476,3.06,0.438
81.727292,-88,"DOLERITE [25408]",11.5,27.6,3.85,17.3,4.87,1.68,6.21,1.1,7.02,1.42,4.06,0.603,3.8,0.569
81.72435103,-88.20760402,"DOLERITE [25408]",11.4,26.9,3.76,16.9,4.85,1.68,5.9,1.03,6.74,1.4,3.87,0.601,3.7,0.553
81.83565198,-82.27188804,"DOLERITE [25408]",11.8,27.9,3.88,18,5.13,1.68,6.11,1.11,7.06,1.45,4.02,0.573,3.84,0.607
82.28440097,-84.26004899,"DOLERITE [25408]",11.1,26.6,3.66,17.3,4.92,1.56,6.06,1.04,6.85,1.39,3.8,0.564,3.82,0.553
82.28341701,-84.26215,"DOLERITE [25408]",11.2,26.4,3.69,17.2,4.76,1.64,6.03,1.03,6.78,1.36,3.92,0.594,3.8,0.562
82.27851,-84.26232501,"DOLERITE [25408]",11.3,26.8,3.71,17.5,4.9,1.53,5.86,1.05,6.91,1.35,3.88,0.574,3.83,0.558
82.27849198,-84.26255702,"DOLERITE [25408]",10.9,26.1,3.63,16.8,5.01,1.64,5.99,1.07,6.63,1.38,3.82,0.542,3.46,0.546
82.28094201,-84.26564299,"DOLERITE [25408]",11.1,26.7,3.71,17.2,4.87,1.64,5.88,1.06,6.82,1.37,3.98,0.577,3.72,0.577
82.29277398,-84.24868497,"DOLERITE [25408]",10.9,26,3.68,16.5,4.82,1.58,5.62,1.02,6.74,1.36,3.96,0.585,3.88,0.586
82.29332903,-84.24244498,"DOLERITE [25408]",11.4,26.8,3.73,17.1,4.74,1.61,5.96,1.04,6.72,1.39,3.86,0.57,3.64,0.543
82.29251004,-84.23412502,"DOLERITE [25408]",35.56,77.41,11.111,50.51,13.008,3.8809,15.271,2.4198,15.414,3.0874,8.941,1.2593,7.879,1.1656
79.64305767,-88.43767,"DOLERITE [25408]",36.8,86.54,12.001,51.95,12.316,3.6103,12.851,2.0322,12.64,2.4912,7.28,1.0453,6.745,0.9756
81.0081407,-84.96038243,"DOLERITE [25408]",7.87,19,2.808,13.43,3.837,1.3036,4.577,0.7483,4.835,0.9596,2.701,0.3831,2.371,0.3583
81.0081407,-84.96038243,"DOLERITE [25408]",13.7,28.1,4.51,19.6,5.49,1.87,6.43,1.12,7.44,1.54,4.23,0.652,3.86,0.589
81.0081407,-84.96038243,"DOLERITE [25408]",12.7,26.9,4.28,18.8,5.15,1.79,6.37,1.06,7.1,1.45,3.99,0.641,3.65,0.555
81.0081407,-84.96038243,"DOLERITE [25408]",10.3,22.5,3.69,16.6,4.68,1.75,5.54,0.93,5.84,1.18,3.1,0.461,2.67,0.404
81.0081407,-84.96038243,"DOLERITE [25408]",13.3,26.8,4.29,17.5,4.75,1.67,5.47,0.93,6.08,1.24,3.37,0.522,2.94,0.453
81.0081407,-84.96038243,"DOLERITE [25408]",14.5,37,5.53,26.9,7.48,2.45,8.48,1.28,7.6,1.46,3.92,0.5,3.06,0.43
81.0081407,-84.96038243,"DOLERITE [25408]",29.2,64.6,8.47,36.8,8.65,2.74,9.63,1.48,9.11,1.83,5.15,0.7,4.38,0.67
81.0081407,-84.96038243,"DOLERITE [25408]",9.8,21,2.73,12.4,3.15,1.19,3.73,0.62,4.25,0.89,2.7,0.36,2.4,0.36
81.0081407,-84.96038243,"DOLERITE [25408]",32.2,67.1,8.74,37.5,8.76,2.4,9.28,1.5,9.07,1.86,5.24,0.72,4.51,0.67
81.0081407,-84.96038243,"DOLERITE [25408]",100.3,205.1,24.31,94.2,18.24,5.42,15.83,2.35,13.49,2.5,6.8,0.93,5.97,0.9
81.0081407,-84.96038243,"DOLERITE [25408]",84.9,169.7,20.19,79.7,15.93,5.06,14.96,2.23,12.66,2.4,6.77,0.96,6.06,0.89
81.0081407,-84.96038243,"DOLERITE [25408]",108.1,216.3,25.74,100.1,18.95,5.37,16.59,2.39,13.22,2.45,6.79,0.93,6.1,0.9
81.0081407,-84.96038243,"DOLERITE [25408]",11.4,26.8,3.81,18.4,5.39,1.69,6.25,1,6.01,1.14,3.32,0.43,2.75,0.39
81.0081407,-84.96038243,"DOLERITE [25408]",33.2,72.2,9.28,39.2,8.71,2.54,8.87,1.35,7.73,1.5,4.14,0.56,3.37,0.53
81.0081407,-84.96038243,"DOLERITE [25408]",20.7,47.8,6.65,29.9,7.07,2.6,8,1.22,7.17,1.36,3.58,0.44,2.8,0.4
81.0081407,-84.96038243,"DOLERITE [25408]",14.4,32.6,4.52,21.1,5.99,1.9,7.29,1.2,8.3,1.63,4.84,0.68,4.22,0.64
81.0081407,-84.96038243,"DOLERITE [25408]",18.8,44.1,5.96,27.1,7.04,2.23,8.16,1.3,8.25,1.69,4.66,0.63,3.97,0.6
81.0081407,-84.96038243,"DOLERITE [25408]",26.2,62.4,8.88,40.5,10.37,3.3,10.94,1.69,9.48,1.83,4.78,0.66,3.8,0.57
81.0081407,-84.96038243,"DOLERITE [25408]",13,29.4,4.14,19.6,5.3,1.75,6.77,1.15,7.19,1.54,4.66,0.66,4.01,0.6
81.02725,-81.6271166666667,"DOLERITE [25408]",13.8,32.1,4.41,20.9,5.66,1.85,6.91,1.15,7.01,1.51,4.31,0.59,3.66,0.57
80.0352333333333,-86.5322333333333,"DOLERITE [25408]",21.2,47.7,6.26,27.6,7.34,2.12,8.43,1.43,8.88,1.88,5.37,0.76,4.93,0.74
80.0352333333333,-86.5322333333333,"DOLERITE [25408]",12.6,30.8,4.68,22.8,6.31,2.1,6.97,1.07,6.4,1.22,3.29,0.44,2.63,0.39
80.0352333333333,-86.5322333333333,"DOLERITE [25408]",30.8,66.3,8.7,37.1,8.33,2.44,9.36,1.45,9.14,1.76,5.15,0.65,4.2,0.64
80.0091,-86.4949166666667,"DOLERITE [25408]",31.5,66.7,8.61,36.3,8.3,2.33,8.76,1.41,8.72,1.71,5.08,0.65,4.1,0.63
80.0091,-86.4949166666667,"DOLERITE [25408]",34.7,71.2,9.26,38.4,8.9,2.5,9.57,1.48,9.13,1.87,5.39,0.69,4.49,0.7
81.2442666666667,-84.4106166666667,"DOLERITE [25408]",28.5,61.2,7.84,35.2,8.39,2.55,9.74,1.62,10.44,2.1,6.26,0.87,5.44,0.85
81.20475,-84.5702333333333,"DOLERITE [25408]",37.2,78.8,9.83,40.9,9.22,2.57,10.28,1.59,9.73,1.91,5.61,0.74,4.79,0.73
42.7917,132.9017,"DOLERITE [25421]",11.1,23.3,2.8,10.3,2.4,0.7,2.1,0.3,2,0.4,1.2,0.2,1.2,0.2
42.8788,132.9974,"DOLERITE [25421]",31.6,69.2,8.6,32.3,6.6,1.8,4.6,0.6,3,0.6,1.4,0.2,1.1,0.2
42.8395,132.5695,"DOLERITE [25421]",28.7,64.8,8.2,30.9,6.4,1.7,5,0.7,4.2,0.9,2.1,0.3,1.8,0.3
42.8737,132.712,"DOLERITE [25421]",19.2,35.5,3.8,12.4,2.6,0.9,2.3,0.4,2.2,0.5,1.3,0.2,1.2,0.2
42.9172,132.7437,"DOLERITE [25421]",27.5,43.9,5.2,20,4.5,1.1,3.9,0.6,3.7,0.8,2.1,0.3,2,0.3
42.9139,132.4708,"DOLERITE [25421]",33.1,73.3,9.7,39.8,8.8,2.6,7.5,1.1,6.5,1.3,3.5,0.5,2.9,0.4
42.8862,132.7243,"DOLERITE [25421]",25.8,47.3,5.4,19.5,3.8,1.1,3.5,0.5,3.1,0.7,1.8,0.2,1.5,0.2
42.8872,132.7161,"DOLERITE [25421]",13.1,26.8,3.1,11.6,2.7,0.9,2.4,0.4,2.5,0.5,1.3,0.2,1.2,0.2
42.8881,132.7351,"DOLERITE [25421]",16.1,33.5,4.3,16.9,4.2,1.4,4.1,0.7,4.4,0.9,2.5,0.4,2.2,0.3
42.9172,132.7437,"DOLERITE [25421]",16.8,29.9,3.5,13.3,2.9,0.9,2.6,0.4,2.5,0.5,1.4,0.2,1.2,0.2
42.886,132.7254,"DOLERITE [25421]",6.6,13.8,1.7,6.6,1.6,0.5,1.4,0.2,1.5,0.3,0.9,0.1,0.8,0.1
42.886,132.7254,"DOLERITE [25421]",4.1,8.6,1.2,5.5,1.7,0.6,1.9,0.3,2.2,0.5,1.3,0.2,1.1,0.2
42.8916,132.7345,"DOLERITE [25421]",6,14.3,2,9.1,2.5,0.6,2.6,0.5,3.1,0.7,2,0.3,1.8,0.3
42.8435,132.5675,"DOLERITE [25421]",4.5,10.7,1.6,7.6,2.5,1,2.9,0.5,3.4,0.7,2.1,0.3,1.8,0.3
42.9187,132.4312,"DOLERITE [25421]",15.2,36.3,5.1,21.9,5.2,1.6,4.8,0.8,5.1,1.1,3.2,0.5,3,0.5
42.9141,132.4695,"DOLERITE [25421]",7.4,18.8,2.9,14.3,4.2,1.5,4.2,0.7,4.7,1,2.6,0.4,2.3,0.3
42.9036,132.4278,"DOLERITE [25421]",8,17.4,2.4,10.7,2.9,0.9,2.9,0.5,3.2,0.7,1.9,0.3,1.7,0.3
5.1448,123.6685,"DOLERITE [8334]",5.45,15.2,2.39,12.3,3.88,1.42,5.14,0.89,5.83,1.24,3.53,0.5,3.23,0.49
5.1448,123.6685,"DOLERITE [8334]",3.34,9.75,1.59,8.8,3.08,1.15,4.19,0.71,4.64,0.98,2.71,0.39,2.5,0.36
39.0831,121.7963,"DOLERITE [10785]",18.6,42.1,5.45,24.1,5.81,2.09,6.21,1.07,6.19,1.25,3.17,0.47,3.13,0.51
61,60,"DOLERITE [25425]",5.3,16.4,2.55,13.3,4.22,1.64,5.03,0.91,5.85,1.3,3.92,0.5,3.58,0.51
61,60,"DOLERITE [25425]",5.6,17,2.8,14.1,4.72,1.74,5.33,0.98,6.46,1.36,4.26,0.54,3.89,0.55
61,60,"DOLERITE [25425]",3.35,9.74,1.65,9.02,2.77,1.15,3.52,0.68,3.87,0.85,2.68,0.34,2.1,0.34
61,60,"DOLERITE [25425]",4.33,11.9,2.08,12.2,3.96,1.58,4.59,0.8,4.93,1.07,3.21,0.39,2.65,0.36
45.7322,129.2892,"DOLERITE [25455]",13,29.4,3.94,18.5,4.56,1.37,4.61,0.74,4.56,0.98,2.61,0.39,2.42,0.36
22.55719,85.8913333333333,"DOLERITE [25470]",6.941,8.045,0.879,4.043,1.334,0.827,1.567,0.315,2.242,0.489,1.459,0.245,1.62,0.248
22.6010466666667,86.1864083333333,"DOLERITE [25470]",12.806,28.449,3.758,15.983,4.13,1.305,4.426,0.709,4.25,0.864,2.508,0.381,2.574,0.339
22.6056166666667,86.1904833333333,"DOLERITE [25470]",20.323,41.781,5.022,19.591,4.424,1.183,4.84,0.743,4.542,0.941,2.908,0.459,2.815,0.425
22.6091083333333,86.184525,"DOLERITE [25470]",12.096,24.634,2.963,11.441,2.742,0.813,3.091,0.512,3.194,0.676,2.033,0.324,1.957,0.296
22.6093333333333,86.1850366666667,"DOLERITE [25470]",15.814,33.063,4.152,16.741,3.975,1.284,4.162,0.645,3.684,0.724,2.107,0.309,1.845,0.266
22.6096866666667,86.1853833333333,"DOLERITE [25470]",33.097,65.568,7.579,27.441,5.792,1.294,6.336,0.991,6.034,1.262,3.934,0.616,3.784,0.566
22.6170283333333,86.1862166666667,"DOLERITE [25470]",12.161,16.292,2.086,9.441,2.864,0.973,3.495,0.634,4.188,0.894,2.793,0.441,2.784,0.415
-32,123,"DOLERITE [25497]",1.5,3.8,0.5,2.6,0.9,0.5,1.1,0.2,1.3,0.2,0.8,0.1,0.7,0
29.76,117.99,"DOLERITE [25512]",11.1,23.6,3.12,14.1,3.59,1.15,3.85,0.62,3.76,0.8,2.15,0.3,1.86,0.27
29.76,117.99,"DOLERITE [25512]",10.3,21.6,2.9,13,3.32,1.04,3.71,0.58,3.61,0.72,1.94,0.29,1.79,0.24
29.76,117.99,"DOLERITE [25512]",10.7,22.8,3.12,13.5,3.55,1.12,3.95,0.66,3.76,0.81,2.16,0.29,1.85,0.27
29.76,117.99,"DOLERITE [25512]",12.1,26.9,3.54,15.7,4.05,1.27,4.42,0.734,4.31,0.87,2.37,0.349,2.12,0.316
29.76,117.99,"DOLERITE [25512]",11.9,26.4,3.45,15.3,3.97,1.24,4.33,0.72,4.21,0.845,2.31,0.34,2.05,0.306
29.76,117.99,"DOLERITE [25512]",11.3,25,3.31,14.7,3.8,1.2,4.13,0.688,4.05,0.808,2.21,0.323,1.96,0.293
29.76,117.99,"DOLERITE [25512]",11.4,24.9,3.3,14.6,3.78,1.2,4.12,0.686,4.03,0.807,2.21,0.324,1.95,0.29
32.5,54.5,"DOLERITE [25536]",19.8,42.6,5.27,23,5.34,1.83,6.06,0.94,6.12,1.26,3.38,0.46,2.89,0.38
32.5,54.5,"DOLERITE [25536]",38.9,80.9,9.25,34.4,7.42,1.16,6.77,1,6.41,1.28,3.85,0.59,5.57,0.58
32.5,54.5,"DOLERITE [25536]",31.1,69.4,8.31,33.9,8.11,2.6,8.49,1.33,8.38,1.68,4.46,0.64,3.55,0.44
32.5,54.5,"DOLERITE [25536]",22.7,48,7.06,30.9,7.71,3.6,8.6,1.32,8.17,1.58,4.29,0.61,3.88,0.55
32.5,54.5,"DOLERITE [25536]",19.2,40.2,4.99,21.2,4.83,1.71,4.35,0.59,3.31,0.5,1.25,0.17,0.97,0.11
32.5,54.5,"DOLERITE [25536]",24.5,55,6.83,29.6,6.5,1.79,5.94,0.82,4.56,0.85,2.13,0.27,1.73,0.2
32.5,54.5,"DOLERITE [25536]",22.6,49.7,6.27,26.4,5.43,1.49,5.29,0.72,4.31,0.79,2.11,0.27,1.59,0.22
41.133,124.1388,"DOLERITE [25543]",23.4591511136046,45.3244997482509,5.19770672394739,20.0097818683546,3.94155867299682,1.66618944744123,3.33314965369766,0.583372261681971,3.55639694988805,0.659659250102339,1.90781741634816,0.254670903207928,1.61086371446577,0.259593398247032
41.133,124.1388,"DOLERITE [25543]",33.8173968587562,69.897327910615,8.4073805262281,34.2402368367885,6.96553143145691,2.46363024564567,5.49497536684932,0.796236515967441,4.26005270465521,0.733056176327536,1.92532704500914,0.250936843673457,1.70657193336341,0.265956431627634
41.133,124.1388,"DOLERITE [25543]",26.8355171773552,54.2404259144638,6.24043548821254,24.7614695208702,4.94870410000659,2.07322303909554,4.65611144574325,0.689947267005482,3.92744434005685,0.739212220908171,1.79870946925109,0.245487255188568,1.59349654711672,0.263012104824283
41.133,124.1388,"DOLERITE [25543]",33.5536575835987,72.1143713709205,8.81045292338265,36.5036304077884,7.11045056563932,2.29037197549252,5.98391603981312,0.862973734978713,4.58154882893953,0.855107162273724,2.20650773788003,0.279728893968515,1.67683692773186,0.264216402208188
41.133,124.1388,"DOLERITE [25543]",33.3553757106365,71.8731624538104,8.71532608229555,36.014261213271,6.89015047374211,2.37220097385963,5.88781321550417,0.827448599572662,4.50752612562018,0.826078490322245,2.00951170387558,0.265378137919923,1.62071750194976,0.272248962511131
41.133,124.1388,"DOLERITE [25543]",30.771915079589,63.1325738823736,7.25322753205786,28.8353705171429,5.17801348250074,1.66237098638227,4.47529147579894,0.668677546401061,3.73850968203273,0.748285165487976,2.18120256802271,0.318223397675446,1.97618895406332,0.329433001227463
41.133,124.1388,"DOLERITE [25543]",15.4971795441573,30.5295892590733,3.34444977722384,12.8277291622622,2.43923937964918,1.07974321190661,2.19740535119318,0.363362856324069,2.27802861347365,0.51278120504662,1.40506876347956,0.256979304745606,1.46251047023444,0.259420157184045
-9.8,151.7,"DOLERITE [6611]",4.37,11.6,1.81,9.28,3.08,1.17,4.23,0.71,4.62,0.98,2.72,0.42,2.66,0.4
-9.8,151.7,"DOLERITE [6611]",4.5,12.13,1.91,9.77,3.25,1.2,4.2,0.75,4.81,1.03,2.87,0.44,2.81,0.46
-9.8,151.7,"DOLERITE [6611]",3.92,10.63,1.71,8.81,3,1.18,4.12,0.7,4.47,0.95,2.69,0.4,2.56,0.4
14,78,"DOLERITE [25560]",19.6,42.5,5.53,24.1,5.6,1.86,5.8,1,5.5,1.1,3.2,0.47,3,0.44
14,78,"DOLERITE [25560]",7.6,17.3,2.36,11,2.8,1.22,3.2,0.6,3.4,0.8,2,0.3,2,0.3
14,78,"DOLERITE [25560]",8.6,19.6,2.72,12.3,3.4,1.31,4,0.7,4.5,0.9,2.8,0.4,2.7,0.4
14,78,"DOLERITE [25560]",9.1,19.6,2.51,10.5,2.8,1,3.6,0.7,4.4,0.9,2.9,0.46,3,0.44
14,78,"DOLERITE [25560]",14.5,32.8,4.51,19.9,4.9,1.82,5.5,0.9,5.5,1.1,3.2,0.45,2.8,0.42
23.73,105.55,"DOLERITE [8506]",30.3,65.3,8.51,37.8,7.58,2.87,6.44,1.01,5.36,1.09,2.78,0.36,2.24,0.33
23.73,105.55,"DOLERITE [8506]",19.5,41.9,5.49,24.6,4.88,2.04,4.26,0.67,3.53,0.71,1.82,0.24,1.46,0.22
23.73,105.55,"DOLERITE [8506]",30.6,66.1,8.57,38.3,7.62,2.89,6.57,1.01,5.29,1.1,2.82,0.35,2.21,0.33
23.73,105.55,"DOLERITE [8506]",22.8,49.3,6.48,28.5,5.71,2.22,4.94,0.76,4.05,0.84,2.15,0.28,1.66,0.25
23.73,105.55,"DOLERITE [8506]",28.4,61.4,8.07,35.7,7.27,2.64,6.13,0.94,4.98,1.03,2.64,0.34,2.1,0.31
23.55,105.6,"DOLERITE [8506]",28,61,7.93,34.8,7.03,2.78,5.98,0.94,5.03,1.02,2.61,0.34,2.11,0.32
23.55,105.6,"DOLERITE [8506]",20.3,43.7,5.78,25.3,5.13,2.2,4.44,0.69,3.59,0.75,1.87,0.24,1.48,0.23
23.55,105.6,"DOLERITE [8506]",41.6,88.8,11.53,49.8,9.9,3.59,8.33,1.28,6.86,1.4,3.59,0.45,2.86,0.43
23.55,105.6,"DOLERITE [8506]",18.4,39.9,5.24,23.4,4.74,2.11,4.12,0.65,3.37,0.71,1.8,0.23,1.45,0.22
23.55,105.6,"DOLERITE [8506]",21.9,47.2,6.08,27.1,5.38,2.3,4.61,0.71,3.8,0.78,1.96,0.25,1.62,0.24
23.52,105.75,"DOLERITE [8506]",30,64.1,8.31,36.5,7.35,2.85,6.27,0.98,5.17,1.07,2.7,0.35,2.18,0.32
23.52,105.75,"DOLERITE [8506]",27.6,59.9,7.86,34.5,6.82,2.57,5.94,0.92,4.81,0.99,2.54,0.32,2.01,0.31
28.5,89.25,"DOLERITE [25581]",32,67.7,8.768,38.44,8.946,2.66,7.45,1.29,6.7,1.28,3.1,0.47,2.67,0.359
28.5,89.25,"DOLERITE [25581]",33.3,69.4,9.024,39.94,9.331,2.99,7.65,1.36,6.91,1.28,2.9,0.443,2.46,0.309
28.5,89.25,"DOLERITE [25581]",42.1,90.9,12.012,52.92,12.236,3.28,10.05,1.69,8.64,1.55,3.6,0.542,3.23,0.405
28.5,89.25,"DOLERITE [25581]",43.3,88.8,11.682,50.59,10.584,3.49,9.54,1.66,8.7,1.47,3.8,0.595,3.56,0.486
28.5,89.25,"DOLERITE [25581]",37.9,79.4,10.431,46.66,10.113,3.23,9.16,1.6,8.18,1.37,3.5,0.516,2.98,0.385
28.5,89.25,"DOLERITE [25581]",46,95.6,12.837,57.22,12.359,3.8,11.42,1.98,10.24,1.71,4.4,0.656,3.72,0.493
28.5,89.25,"DOLERITE [25581]",37.7,80.2,10.684,47.47,10.317,3.42,9.27,1.68,8.66,1.45,3.8,0.566,3.26,0.464
43.5,90,"DOLERITE [25604]",6.27,16.4,2.76,14.8,4.42,1.61,4.31,0.92,5.38,1.11,3.22,0.51,3.04,0.45
43.5,90,"DOLERITE [25604]",6.76,17.4,2.92,15.4,4.72,1.97,4.66,0.97,6.04,1.18,3.44,0.52,3.27,0.48
56.5,119,"DOLERITE [25636]",25.6685259462293,52.2182883929053,5.82138440833889,22.740589370163,4.79612598139566,1.15831132568611,4.07278829115287,0.633187532641759,3.85372553155047,0.8104027625317,2.27490458221995,0.328036425972662,2.02747946685782,0.311977385883727
56.5,119,"DOLERITE [25636]",27.2280238014007,55.6770502231773,6.32576147444043,24.7899309750004,5.06391407550916,1.27601681815603,4.50240636268017,0.693337891469945,4.14875105623265,0.865759291792099,2.39794671340649,0.352733623573727,2.19029073666724,0.340202847151712
56.5,119,"DOLERITE [25636]",25.6150534859441,51.7055564820843,5.79268136756475,23.338729967935,4.94226471893726,1.24316056452878,4.30362510349722,0.676643397601182,4.01235541321021,0.844188945046889,2.33728523248592,0.355305232093335,2.19113387217977,0.333619329670156
56.5,119,"DOLERITE [25636]",28.2840075007074,55.3686960314157,6.30985470389029,24.1384430940846,5.17946668047827,1.20382422640095,4.31008782495628,0.662493082619615,4.16051866721103,0.870996278593643,2.41745977106653,0.349014177812003,2.15366994281806,0.334380753250276
56.5,119,"DOLERITE [25636]",25.9412064245161,53.7279032458136,6.00696152404754,23.4273238889769,5.08550202674744,1.22633814804442,4.20442777884884,0.630358472274889,4.03201073850329,0.818866323437862,2.32136368967996,0.357220920437018,2.22763889976225,0.319845369352685
56.5,119,"DOLERITE [25636]",15.9174113925437,31.7846434194883,3.80818038955589,15.9737392655917,3.50892798153157,1.01117888283069,3.11115617873551,0.464756828097382,2.82359125820934,0.561500824497341,1.56559215581213,0.213860293228091,1.34037458440728,0.214610964837937
56.5,119,"DOLERITE [25636]",18.3222133132476,37.4904947768361,4.41154016682717,18.3647966568031,4.02039892040594,1.10828969108733,3.4798624581395,0.504132913774452,3.07040474574332,0.610636790055644,1.67815279042299,0.227234125680277,1.3868949574677,0.189911631979233
56.5,119,"DOLERITE [25636]",21.1799545958785,44.1040037706267,5.18235208438571,20.837024851283,4.6956497919079,1.30277196595557,3.86570558662851,0.552345077755114,3.32263688949719,0.692496381010026,1.81444148592238,0.256556847491014,1.60353063437632,0.240874295112642
56.5,119,"DOLERITE [25636]",17.4855265988069,36.7701984093806,4.37293784038327,18.0300428449673,3.84769502009872,1.07046413242611,3.43611093225142,0.503026590236536,3.08126556321109,0.605731983165047,1.68726475811395,0.236514937479,1.25677923964261,0.201470890342398
56.5,119,"DOLERITE [25636]",13.5619810335189,27.9574026763281,3.28546399808374,13.2772673818919,3.3632516521144,0.870761328569031,3.07066968333802,0.496146405095875,3.28075412693929,0.685313296379223,1.92736615342915,0.28503864479207,1.73008817518001,0.26647487113356
56.5,119,"DOLERITE [25636]",20.7643202552075,43.9595246230555,5.30966096859337,21.0560222055884,4.53771660359072,1.22048330191775,3.90719374481904,0.572326600917979,3.4713437038966,0.710441044541612,1.86899996112295,0.276783720568947,1.63677203112399,0.256583809153365
56.5,119,"DOLERITE [25636]",16.0463906553797,32.5058056967423,3.97252145170153,15.4983648042659,3.46061360904939,0.965327875660877,3.05973182554784,0.446202535635772,2.71981091591475,0.552862980118346,1.5388149648299,0.218194931287151,1.25934290486092,0.180526514579843
56.5,119,"DOLERITE [25636]",26.2304523830178,52.5233648203628,6.07010558439752,23.045873136131,4.84562406139864,1.2589081125561,4.15317112027796,0.631494827225365,3.97637423062616,0.837648345910762,2.37674083304003,0.346699075965053,2.1686121675916,0.36503203345929
56.5,119,"DOLERITE [25636]",25.9844288205167,53.3596743369141,6.11101706664777,22.9361731416654,4.98396376059822,1.22682088590947,4.20148335635686,0.625137669038162,4.15098251644949,0.849612508483837,2.44931678533157,0.355027481395987,2.22871507663606,0.349317467125008
56.5,119,"DOLERITE [25636]",26.464515105315,54.3987128447397,6.24235648894695,23.8512738509631,5.27635984723619,1.25408260399518,4.2474044666294,0.619246543266347,4.06386577717143,0.868998551033667,2.50811226785142,0.366535203178366,2.26303008011583,0.36846085325414
56.5,119,"DOLERITE [25636]",24.5492312925695,50.8959476030866,5.81625149783151,22.2581512893428,4.96323228998819,1.12343227060715,4.21022633022729,0.621485154191822,3.96835854760242,0.827827257986819,2.34510131744019,0.34640461776907,2.21109198983774,0.341284584375003
56.5,119,"DOLERITE [25636]",62.3201866562653,131.491790419161,16.5589796194155,69.4588376276133,12.6615408435876,3.15499192015847,9.55730794606559,1.45120539820943,8.26598740156757,1.64217262189725,4.28277364976454,0.593255667979266,4.08709270052227,0.568282018188164
25.5,105.6,"DOLERITE [25637]",20.68,44.47,5.763,24.32,5.589,1.697,6.093,1.017,6.009,1.277,3.425,0.481,3.15,0.492
25.5,105.6,"DOLERITE [25637]",44.79,85.29,9.788,39.22,7.597,2.181,7.546,1.233,7.098,1.45,3.785,0.558,3.378,0.528
25.5,105.6,"DOLERITE [25637]",9.029,21.67,3.134,14.01,3.574,1.072,3.947,0.719,4.431,0.938,2.556,0.375,2.441,0.401
25.5,105.6,"DOLERITE [25637]",20.65,44.84,5.877,24.08,5.422,1.624,5.695,0.97,5.783,1.216,3.273,0.478,2.978,0.48
25.5,105.6,"DOLERITE [25637]",19.23,41.08,5.355,22.11,4.952,1.501,5.208,0.868,5.237,1.082,2.965,0.42,2.711,0.431
25.5,105.6,"DOLERITE [25637]",20.46,44.23,5.762,24.54,5.558,1.703,6.114,1.027,6.168,1.275,3.477,0.494,3.132,0.488
10,115,"DOLERITE [25684]",6.338,14.53,2.091,9.991,3.0213,1.166,3.451,0.617,3.944,0.894,2.416,0.365,2.439,0.368
10,115,"DOLERITE [25684]",9.16,21.5,3.03,14.1,4.07,1.41,5.01,0.901,5.68,1.23,3.53,0.535,3.37,0.506
10,115,"DOLERITE [25684]",8.724,20.04,2.925,14.02,3.815,1.306,4.63,0.85,5.246,1.165,3.075,0.459,2.943,0.44
10,115,"DOLERITE [25684]",6.401,15.44,2.335,11.23,3.14,1.228,3.804,0.691,4.319,0.934,2.455,0.367,2.288,0.355
10,115,"DOLERITE [25684]",8.921,21.03,2.938,13.89,3.612,1.349,4.216,0.762,4.63,1.005,2.667,0.397,2.537,0.383
10,115,"DOLERITE [25684]",8.394,19.86,2.838,12.99,3.527,1.301,4.154,0.762,4.549,1,2.615,0.395,2.479,0.376
10,115,"DOLERITE [25684]",6.505,15.55,2.381,11.48,3.205,1.162,3.93,0.704,4.356,0.956,2.516,0.38,2.366,0.354
10,115,"DOLERITE [25684]",5.37,13.87,2.035,9.927,2.833,1.043,3.472,0.635,3.911,0.845,2.235,0.331,2.105,0.319
10,115,"DOLERITE [25684]",5.9,14.6,2.18,10.6,3.2,1.2,3.9,0.703,4.42,0.952,2.69,0.4,2.51,0.381
10,115,"DOLERITE [25684]",8.57,20.5,2.9,13.5,3.69,1.38,4.32,0.745,4.5,0.943,2.61,0.383,2.37,0.352
10,115,"DOLERITE [25684]",5.62,14.1,2.1,10.3,3.07,1.14,3.78,0.685,4.31,0.927,2.61,0.392,2.47,0.374
42.2,123,"DOLERITE [25760]",12.8,29.5,3.8,16.7,3.9,1.3,4.3,0.7,4.4,0.8,2.4,0.4,2.2,0.4
42.2,123,"DOLERITE [25760]",11.5,26.9,3.7,16.2,3.9,1.3,4,0.7,4,0.8,2.3,0.3,2.2,0.3
42.2,123,"DOLERITE [25760]",11.9,28.6,3.8,16.7,4.1,1.5,4.1,0.7,4.3,0.9,2.4,0.3,2.3,0.3
42.2,123,"DOLERITE [25760]",11.8,28.4,3.8,16.2,4.1,1.4,3.9,0.7,4.4,0.8,2.3,0.3,2.2,0.3
42.2,123,"DOLERITE [25760]",31.7,63.8,7.6,31.5,6.3,1.7,5.8,0.8,5.2,1,2.6,0.4,2.4,0.3
42.2,123,"DOLERITE [25760]",31.6,63.9,7.7,31.1,6,1.8,5.9,0.9,5.2,1,2.6,0.4,2.4,0.4
42.2,123,"DOLERITE [25760]",31.5,63.5,7.5,31.8,6,1.7,5.9,0.8,5.1,1,2.6,0.4,2.4,0.3
43.1555,82.117,"DOLERITE [25770]",12.8,29.5,3.55,14.6,3.14,1.03,3.5,0.55,3.49,0.71,2.09,0.29,1.82,0.29
43,82,"DOLERITE [25770]",10.3,23.7,2.92,11.9,2.54,0.79,2.72,0.45,2.83,0.6,1.72,0.25,1.52,0.23
43,82,"DOLERITE [25770]",16.2,41.5,5.59,24.5,5.6,2.28,6.83,1.13,6.95,1.48,4.03,0.57,3.72,0.51
43,82,"DOLERITE [25770]",13.6,34.3,4.45,19.4,4.31,1.86,5.08,0.82,5.02,1,2.87,0.4,2.71,0.38
43.1537,82.116,"DOLERITE [25770]",33.5,81.2,10,41.8,9.24,3.09,10.55,1.64,10.1,2.02,5.7,0.79,5.06,0.73
43,82,"DOLERITE [25770]",13.1,34.3,4.58,20.7,4.85,1.92,5.86,1.01,6.2,1.28,3.73,0.53,3.39,0.48
43,82,"DOLERITE [25770]",12.7,34.1,4.76,21,4.95,2.1,6.32,1.03,6.48,1.37,3.79,0.55,3.61,0.52
43,82,"DOLERITE [25770]",24.1,60,7.6,33.1,7.64,2.81,8.72,1.35,8.31,1.75,4.71,0.69,4.35,0.61
43,82,"DOLERITE [25770]",20.5,50.2,6.78,28.3,5.99,2.16,6.52,1,6.01,1.24,3.37,0.48,3.05,0.43
43,82,"DOLERITE [25770]",22.8,54.7,7.01,32.9,8.53,2.89,9.01,1.49,8.87,1.9,5.39,0.78,4.79,0.71
43,82,"DOLERITE [25770]",15.4,38.9,5.23,23.4,6.28,2.09,6.4,1.03,6.34,1.41,3.98,0.56,3.44,0.51
23.6,86.9,"DOLERITE [8743]",8.5,19.23,2.41,14.11,4.05,1.43,4.24,0.68,4.54,0.91,2.34,0.27,1.6,0.36
25,98.2,"DOLERITE [25809]",56.06,114.5,14.09,53.25,9.44,2.352,7.895,1.007,5.363,0.997,2.559,0.347,2.15,0.334
25,98.2,"DOLERITE [25809]",57.59,123.2,15.12,56.55,10.04,2.392,8.128,1.069,5.652,1.059,2.724,0.372,2.329,0.355
1,111.8,"DOLERITE [25821]",2.39,8.03,1.59,8.8,3.47,1.44,4.95,0.95,6.11,1.33,3.84,0.59,3.73,0.56
1,111.8,"DOLERITE [25821]",3.44,11.9,2.24,12.8,4.94,1.63,6.7,1.32,8.93,1.86,5.39,0.79,5.26,0.76
1,111.8,"DOLERITE [25821]",1.87,6.39,1.19,6.87,2.71,1.09,3.79,0.73,4.75,1.04,2.89,0.42,2.74,0.41
1,111.8,"DOLERITE [25821]",2.92,10.1,1.84,10.9,4.09,1.58,5.82,1.08,7.56,1.57,4.48,0.65,4.27,0.66
1,111.8,"DOLERITE [25821]",3.55,13,2.43,14.3,5.53,1.81,7.36,1.38,9.5,2.01,5.79,0.87,5.48,0.82
1,111.8,"DOLERITE [25821]",2.96,9.48,1.64,9.33,3.47,1.25,4.88,0.9,6.12,1.3,3.84,0.57,3.54,0.56
1,111.8,"DOLERITE [25821]",3.05,9.43,1.62,9.12,3.5,1.2,4.77,0.88,5.98,1.28,3.69,0.56,3.67,0.55
1,111.8,"DOLERITE [25821]",2.9,9.08,1.57,8.96,3.47,1.21,4.78,0.89,6.1,1.26,3.7,0.56,3.55,0.55
1,111.8,"DOLERITE [25821]",3,9.21,1.58,8.86,3.35,1.22,4.68,0.88,5.9,1.26,3.64,0.56,3.52,0.51
1,111.8,"DOLERITE [25821]",4.51,12.2,1.89,9.47,3.2,1.19,3.96,0.77,5.04,1.08,3.06,0.46,2.84,0.44
1,111.8,"DOLERITE [25821]",0.83,2.93,0.55,3.24,1.27,0.48,2,0.39,2.69,0.62,1.89,0.28,1.82,0.29
1,111.8,"DOLERITE [25821]",3.57,9.55,1.5,8.16,2.91,1.11,4,0.72,5.04,1.07,3.23,0.47,2.92,0.46
1,111.8,"DOLERITE [25821]",3.25,8.69,1.4,7.37,2.69,1,3.58,0.68,4.67,1,3,0.44,2.7,0.42
1,111.8,"DOLERITE [25821]",2.7,6.61,1.08,5.8,1.88,0.69,2.79,0.48,3.33,0.74,2.17,0.32,1.94,0.32
1,111.8,"DOLERITE [25821]",2.64,7.31,1.18,6.49,2.34,0.74,3.14,0.57,4,0.87,2.56,0.38,2.34,0.37
1,111.8,"DOLERITE [25821]",1.07,3.24,0.59,3.14,1.2,0.58,1.76,0.34,2.56,0.57,1.75,0.27,1.71,0.28
1,111.8,"DOLERITE [25821]",0.7,2.44,0.47,2.89,1.08,0.5,1.66,0.33,2.32,0.5,1.57,0.24,1.54,0.26
47.128342,92.683636,"DOLERITE [25825]",3.67,10,1.58,7.83,2.57,0.956,3.46,0.63,3.87,0.8,2.31,0.343,2.24,0.371
34.5,113,"DOLERITE [25839]",9.11,21.4,2.85,13.05,3.15,1.25,3.32,0.55,3.41,0.7,1.93,0.3,1.88,0.27
34.5,113,"DOLERITE [25839]",8.75,19.32,2.51,11.34,2.75,1.05,2.91,0.47,2.99,0.62,1.72,0.27,1.68,0.26
34.5,113,"DOLERITE [25839]",7.41,17.75,2.37,10.78,2.62,0.89,2.64,0.44,2.8,0.57,1.62,0.25,1.6,0.24
34.5,113,"DOLERITE [25839]",9.06,20.5,2.66,12.21,2.98,1.14,3.08,0.51,3.24,0.66,1.87,0.29,1.8,0.27
34.5,113,"DOLERITE [25839]",9.13,20.6,2.72,12.45,3.04,1.16,3.13,0.52,3.31,0.69,1.92,0.3,1.86,0.28
34.5,113,"DOLERITE [25839]",8.23,19.12,2.56,11.94,2.89,0.84,2.93,0.47,2.98,0.6,1.65,0.25,1.55,0.23
34.5,113,"DOLERITE [25839]",7.83,18.78,2.51,11.59,2.87,1.13,2.97,0.48,3.05,0.64,1.8,0.28,1.75,0.26
34.5,113,"DOLERITE [25839]",8.25,18.96,2.52,11.77,2.93,1,2.98,0.49,3.12,0.63,1.75,0.26,1.59,0.24
34.5,113,"DOLERITE [25839]",7.92,18.84,2.49,11.62,2.86,1.02,2.96,0.48,3.13,0.64,1.79,0.27,1.63,0.24
34.5,113,"DOLERITE [25839]",8.79,19.9,2.61,11.79,2.89,1.04,2.99,0.5,3.16,0.67,1.9,0.29,1.84,0.27
34.5,113,"DOLERITE [25839]",9.81,22.3,2.94,13.47,3.32,1.2,3.41,0.57,3.67,0.76,2.18,0.33,2.08,0.32
35.5,119.5,"DOLERITE [25844]",124.08,242,25.8,101.66,17.022,4.294,13.22,1.547,8.246,1.448,3.812,0.531,3.328,0.483
35.5,119.5,"DOLERITE [25844]",72.42,135.38,13.502,51.38,8.32,2.032,6.442,0.773,4.212,0.748,2.012,0.29,1.834,0.268
35.5,119.5,"DOLERITE [25844]",51.42,100.28,10.858,44,8.334,2.25,7.232,0.898,4.936,0.864,2.286,0.323,2.044,0.298
28.9122,6.3842,"DOLERITE [25852]",31.79,67.3,8.5,35.79,9.32,2.47,10.32,1.85,12.6,2.8,7.68,1.2,7.83,1.17
28.9133,6.3867,"DOLERITE [25852]",25.85,57.74,7.71,34.9,10.18,2.95,12.33,2.32,15.94,3.61,10.03,1.56,10.07,1.52
28.9139,6.3864,"DOLERITE [25852]",28.68,64.68,8.6,38.75,11.37,3.36,13.91,2.61,18.12,4.1,11.41,1.78,11.36,1.71
29.0783,7.1953,"DOLERITE [25852]",33.57,70.28,8.83,35.94,8.94,2.21,9.24,1.63,10.87,2.42,6.67,1.02,6.62,0.99
29.0783,7.195,"DOLERITE [25852]",23.05,51.14,6.76,30.3,8.69,2.48,10.53,1.97,13.42,3.03,8.31,1.29,8.3,1.26
29.0789,7.1947,"DOLERITE [25852]",22.09,48.57,6.45,28.72,8.21,2.34,9.77,1.82,12.53,2.84,7.95,1.2,7.79,1.17
28.9547,5.6392,"DOLERITE [25852]",31.83,69.66,9.03,40.14,11.41,3.19,13.42,2.53,17.57,3.92,11.01,1.73,11.1,1.65
28.9189,6.3911,"DOLERITE [25852]",12.56,27.71,3.68,16.61,4.94,1.5,5.93,1.14,7.82,1.8,5.05,0.77,5.09,0.76
28.9189,6.4914,"DOLERITE [25852]",8.68,19.88,2.77,13.12,4.19,1.4,5.14,0.98,6.86,1.56,4.37,0.66,4.31,0.64
28.9189,6.3906,"DOLERITE [25852]",9.03,20.14,2.74,12.83,3.85,1.33,4.95,0.93,6.55,1.48,4.12,0.64,4.13,0.64
28.9181,6.3903,"DOLERITE [25852]",7.37,16.57,2.35,11.01,3.48,1.18,4.35,0.83,5.83,1.34,3.74,0.57,3.7,0.56
29.0808,7.2122,"DOLERITE [25852]",5.96,13.53,1.87,8.73,2.8,1,3.51,0.68,4.75,1.09,3.1,0.47,3.1,0.48
29.0831,7.1742,"DOLERITE [25852]",7.35,16.77,2.33,10.94,3.44,1.17,4.37,0.85,5.84,1.36,3.86,0.58,3.79,0.57
28.9414,5.6731,"DOLERITE [25852]",7.26,17.16,2.43,11.54,3.72,1.29,4.64,0.89,6.23,1.42,3.98,0.61,4,0.61
29.4528,6.2947,"DOLERITE [25852]",7.59,17.32,2.43,11.37,3.61,1.21,4.61,0.87,6.13,1.42,3.95,0.6,3.93,0.59
29.4503,6.2964,"DOLERITE [25852]",6.38,14.49,2.03,9.64,3.06,1.07,4.01,0.76,5.37,1.25,3.5,0.53,3.48,0.53
28.8631,5.7764,"DOLERITE [25852]",12.21,26.88,3.59,15.56,4.01,1.25,4.12,0.72,4.62,0.99,2.67,0.4,2.55,0.39
28.9153,6.3881,"DOLERITE [25852]",10.03,22.07,2.92,12.98,3.38,1.1,3.56,0.61,3.96,0.84,2.24,0.33,2.12,0.31
28.9083,6.3814,"DOLERITE [25852]",10.15,22.16,2.95,12.97,3.36,1.07,3.5,0.6,3.88,0.84,2.22,0.32,2.1,0.31
29.3572,6.6428,"DOLERITE [25852]",10.24,22.36,2.94,12.88,3.39,1.08,3.52,0.59,3.83,0.83,2.23,0.33,2.1,0.31
29.145,6.2339,"DOLERITE [25852]",5.64,12.92,1.76,7.97,2.22,0.76,2.47,0.44,2.87,0.62,1.65,0.24,1.58,0.24
31.98,141.68,"DOLERITE [12226]",2.56,8.19,1.44,8.4,3.58,1.29,5.03,1.01,6.88,1.5,4.63,0.65,3.98,0.61
31.97,141.93,"DOLERITE [12226]",0.95,2.73,0.55,3.05,1.41,0.6,2.06,0.43,2.95,0.66,2,0.28,1.7,0.27
31.97,141.93,"DOLERITE [12226]",1.81,5.84,1.05,6.16,2.66,1.01,3.59,0.76,5.33,1.15,3.52,0.49,3.17,0.48
26.2614,78.1939,"DOLERITE [25892]",15.1,32.5,4.05,17.6,4.33,1.33,4.25,0.68,4.35,0.83,2.27,0.31,1.93,0.32
26.2322,78.1347,"DOLERITE [25892]",12.6,26.4,3.3,13.7,3.28,1.11,3.41,0.56,3.35,0.66,1.83,0.25,1.71,0.27
26.2278,78.1367,"DOLERITE [25892]",11.2,23.1,2.97,12.8,3.28,0.97,3.12,0.51,3.02,0.59,1.57,0.22,1.39,0.22
26.2108,78.1569,"DOLERITE [25892]",14.6,30,3.67,15.8,3.97,1.23,3.71,0.61,3.7,0.71,1.98,0.27,1.71,0.28
26.1108,78.0811,"DOLERITE [25892]",20.3,43.3,5.4,22.29,5.25,1.65,4.99,0.89,5.33,0.99,2.77,0.4,2.38,0.38
26.2631,78.2317,"DOLERITE [25892]",15,31.2,4.1,18.5,4.3,1.36,4.25,0.71,4.39,0.83,2.23,0.31,1.9,0.31
26.2672,78.225,"DOLERITE [25892]",14.4,29.8,3.81,16.3,3.58,1.15,3.75,0.62,3.78,0.73,1.94,0.27,1.79,0.29
-21.39,15.51,"DOLERITE [12768]",15.5,35.9,4.9,21.7,5.1,1.6,5.1,0.77,4.6,0.9,2.5,0.33,2.1,0.3
-22.66,14.79,"DOLERITE [12768]",17,33,4.5,18,4.1,1.2,4.2,0.76,4.2,0.84,2.5,0.36,2.4,0.36
-21.376722,15.422861,"NOT GIVEN [18525] / DOLERITE [11025]",18,36,4.8,19,4.3,1.3,4.5,0.79,4.5,0.89,2.7,0.39,2.5,0.37
20.957317,16.14317,"DOLERITE [11025]",97,199,24,95,18,4.2,15,2.3,11,1.9,5.5,0.8,4.8,0.74
-21.29,13.9,"DOLERITE [12768]",9.1,21,3.1,13,3.4,1.2,3.8,0.72,3.9,0.73,2.2,0.3,2,0.29
21.952389,14.732194,"DOLERITE [11025]",8.1,19,2.8,12,3.2,1.1,3.7,0.7,4,0.8,2.5,0.34,2.4,0.36
-34.14,18.94,"DOLERITE [11025]",33,71,8.8,38,8.3,2.2,9.6,1.5,9.6,2,5.7,0.8,5.3,0.8
42.5384,88.5356,"DOLERITE [25936]",6.93039930484276,19.6695728315798,3.15259055000843,15.357569922482,4.27607033967296,1.56296841431663,5.28609442942998,0.877388799333277,5.43421265402282,1.13105504071481,3.06595269998618,0.449436011840002,2.90744309290037,0.425401709438728
42.5384,88.5356,"DOLERITE [25936]",8.39733415086798,23.3256558081733,3.66622773767764,18.0113011046306,4.97429869043196,1.77198554380699,5.87790477914844,1.02017747201846,6.15532824629952,1.29427643181004,3.52601262282923,0.506717244008397,3.23833720784047,0.452055935139567
42.5384,88.5356,"DOLERITE [25936]",6.9141329517843,19.4273385754492,3.11724389679374,15.5570071173813,4.24489926158773,1.55517416055023,5.11606100674096,0.89595456882426,5.5544925917345,1.11135906951001,3.11851776389272,0.459107657646762,2.90920179824405,0.424475117234651
42.5384,88.5356,"DOLERITE [25936]",7.24924348790901,20.29725052104,3.26334239473866,15.995528454761,4.49285324252163,1.57368550210291,5.38288060092053,0.924857233350318,5.6507457275431,1.18725726811419,3.21902638854316,0.461223037127574,3.0796334482,0.437408913962517
40.7,123.5,"DOLERITE [25943]",9.2,22.9,3.04,13.96,3.98,1.32,4.48,0.72,4.25,0.82,2.2,0.3,1.83,0.27
40.7,123.5,"DOLERITE [25943]",6.77,15.7,2.36,10.84,2.99,1.28,3.53,0.6,3.59,0.68,1.72,0.26,1.62,0.25
40.7,123.5,"DOLERITE [25943]",8.26,18.5,2.62,12.4,3.41,1.16,3.84,0.6,3.92,0.72,2.03,0.29,1.76,0.25
40.7,123.5,"DOLERITE [25943]",7.91,17.3,2.48,11.2,3.42,1.02,3.74,0.58,3.85,0.7,1.91,0.28,1.57,0.24
40.7,123.5,"DOLERITE [25943]",7.77,18.27,2.51,11.67,3.31,1.15,3.99,0.62,3.74,0.72,1.98,0.28,1.74,0.24
40.7,123.5,"DOLERITE [25943]",8.54,19.87,2.66,12.51,3.6,1.21,4.19,0.64,4,0.83,2.13,0.29,1.87,0.27
40.7,123.5,"DOLERITE [25943]",8.47,20.01,2.72,12.37,3.52,1.17,4.21,0.65,4.06,0.86,2.13,0.3,1.84,0.26
39.2481,92.2208,"DOLERITE [25944]",8.05,19.6,2.78,13.64,3.56,1.29,4.2,0.73,4.41,0.92,2.6,0.38,2.37,0.36
39.2481,92.2208,"DOLERITE [25944]",8.04,19.1,2.7,12.99,3.456,1.25,4.05,0.69,4.22,0.88,2.48,0.37,2.28,0.34
39.2481,92.2208,"DOLERITE [25944]",7.97,19,2.68,12.99,3.44,1.25,4.07,0.68,4.23,0.88,2.48,0.37,2.29,0.34
39.2481,92.2208,"DOLERITE [25944]",8.29,19.6,2.76,12.7,3.43,1.26,4.08,0.7,4.22,0.88,2.5,0.37,2.31,0.34
39.2481,92.2208,"DOLERITE [25944]",5.16,12.5,1.78,8.69,2.27,0.89,2.74,0.48,2.9,0.6,1.72,0.25,1.56,0.23
39.2481,92.2208,"DOLERITE [25944]",6.22,15,2.14,10.25,2.715,1.02,3.34,0.58,3.52,0.73,2.04,0.3,1.87,0.28
39.2481,92.2208,"DOLERITE [25944]",6.88,16.5,2.32,11.53,2.904,1.1,3.42,0.59,3.55,0.74,2.08,0.31,1.93,0.29
69.630852,25.384443,"DOLERITE [25964]",7.1,16.5,2.38,11.2,3.06,1.17,3.75,0.66,3.77,0.97,2.52,0.37,2.45,0.42
69.630852,25.384443,"DOLERITE [25964]",7.6,16.8,2.49,11.3,3.01,0.99,3.52,0.66,4.2,0.9,2.65,0.35,2.38,0.32
69.630852,25.384443,"DOLERITE [25964]",7.4,17,2.53,12.2,3.46,1.15,3.77,0.69,4.22,0.95,2.39,0.37,2.21,0.38
69.630852,25.384443,"DOLERITE [25964]",7.3,17.7,2.65,13,3.26,1.38,4.21,0.69,4.27,0.95,2.88,0.43,2.44,0.42
69.630859,25.38228,"DOLERITE [25964]",7.2,16,2.36,11.7,3.06,0.95,3.41,0.6,3.83,0.89,2.3,0.33,2.25,0.32
69.630859,25.38228,"DOLERITE [25964]",7.5,17.2,2.46,11.9,3.36,1.17,4.2,0.66,4.54,0.96,2.7,0.4,2.48,0.38
69.630859,25.38228,"DOLERITE [25964]",7.2,16.1,2.45,12.5,3.13,1.06,3.81,0.75,4.17,0.92,2.48,0.37,2.21,0.35
69.630859,25.38228,"DOLERITE [25964]",7.3,16.9,2.47,12.1,3.24,1.09,3.92,0.67,4.07,0.85,2.64,0.35,2.39,0.36
69.630859,25.38228,"DOLERITE [25964]",7.4,17.1,2.51,11.7,3.3,1.11,3.54,0.66,4.15,0.91,2.55,0.36,2.33,0.38
69.630859,25.38228,"DOLERITE [25964]",6.6,15.3,2.36,11.2,2.95,1.09,3.59,0.61,3.95,0.91,2.55,0.4,2.17,0.38
69.630859,25.38228,"DOLERITE [25964]",7.1,16.7,2.47,12,3.5,1.19,4.12,0.69,4.09,0.95,2.52,0.38,2.31,0.39
47,-90,"DOLERITE [8907]",56.4,121,15.4,67.9,17.9,4.32,17.6,2.97,18.1,3.55,9.32,1.32,7.96,1.23
47,-90,"DOLERITE [8907]",57.8,124,15.4,67.7,17.6,4.31,17.3,2.9,17.6,3.49,9.33,1.33,8.15,1.27
47,-90,"DOLERITE [8907]",61,131,16.4,72.7,18.9,4.59,18.6,3.08,18.7,3.69,9.78,1.38,8.32,1.29
47,-90,"DOLERITE [8907]",58.1,124,15.5,67.8,17.4,4.47,16.9,2.79,16.9,3.32,8.84,1.25,7.79,1.23
47,-90,"DOLERITE [8907]",74.2,160,19.9,86.1,21.8,5.41,20.9,3.58,22.2,4.35,11.7,1.7,10.2,1.58
47,-90,"DOLERITE [8907]",63.3,136,17.1,75.2,19.2,4.55,19.6,3.2,19.3,3.83,10.2,1.44,8.67,1.37
47,-90,"DOLERITE [8907]",61.9,132,16.4,71.7,18.2,4.2,18.1,2.97,18.2,3.6,9.5,1.33,8.01,1.24
47,-90,"DOLERITE [8907]",59.1,127,15.9,70.6,18.3,4.34,18.2,3.02,18.3,3.65,9.68,1.36,8.13,1.26
47,-90,"DOLERITE [8907]",63.9,137,17.1,75.1,19.1,4.06,18.7,3.14,19.3,3.86,10.1,1.46,8.99,1.4
39.2,-6.6,"DOLERITE [12872]",27.8,70.8,10,52.1,14,4.52,15.6,2.44,13.7,2.53,6.82,0.86,5.01,0.67
39.2,-6.6,"DOLERITE [12872]",22.1,56.6,8.07,42.2,11.4,3.9,12.8,1.95,10.9,2.03,5.5,0.68,4.06,0.55
39.2,-6.6,"DOLERITE [12872]",19.3,44.6,5.71,27.8,7.33,2.97,8.47,1.37,8.04,1.56,4.44,0.62,3.66,0.52
39.2,-6.6,"DOLERITE [12872]",19.1,46.5,6.24,31.4,8.29,2.61,9.68,1.58,9.32,1.78,5.09,0.7,4.19,0.59
39.2,-6.6,"DOLERITE [12872]",7.06,17.2,2.34,12,3.33,1.29,3.93,0.67,4.01,0.76,2.19,0.29,1.79,0.27
39.2,-6.6,"DOLERITE [12872]",7.55,18.5,2.51,13,3.74,1.41,4.19,0.73,4.34,0.83,2.38,0.33,1.92,0.29
39.2,-6.6,"DOLERITE [12872]",14.6,35.3,4.68,23.3,6.26,2.06,7.11,1.19,6.94,1.33,3.84,0.53,3.22,0.48
39.2,-6.6,"DOLERITE [12872]",13.6,32.8,4.35,42.77,9.94,2.03,6.75,1.12,6.55,1.25,3.6,0.5,3.01,0.44
58,157.5,"DOLERITE, ILMENITE [12935]",3.87,11.88,1.97,7.37,2.37,1.1,3.18,0.48,2.88,0.68,1.93,0.27,1.76,0.27
58,157.5,"DOLERITE, ILMENITE [12935]",7.91,19.42,2.87,13.07,3.14,1.17,3.62,0.59,4.13,0.88,2.24,0.37,2.08,0.32
58,157.5,"DOLERITE, TITANOMAGNETITE [12935]",9.19,23.09,3.4,17.79,4.79,2.03,5.35,0.92,5.99,1.29,3.3,0.48,3.07,0.43
58,157.5,"DOLERITE, TITANOMAGNETITE [12935]",11.09,29.51,4.26,18.43,5.33,1.69,6.33,1.1,6.54,1.48,4.22,0.61,3.84,0.59
33.68,91,"DOLERITE [26120]",16.14,40.13,5.976,26.59,7.342,2.384,8.095,1.536,9.908,2.13,5.977,0.884,5.632,0.823
33.68,91,"DOLERITE [26120]",15.75,38.15,5.669,24.96,7.031,2.209,7.843,1.471,9.605,2.096,5.915,0.895,5.725,0.861
33.68,91,"DOLERITE [26120]",25.73,63.53,8.898,37.52,10.07,1.993,11.06,2.162,14.52,3.231,9.522,1.444,9.324,1.395
33.68,91,"DOLERITE [26120]",5.407,12.73,1.872,8.49,2.321,0.884,2.557,0.452,2.833,0.599,1.648,0.24,1.532,0.242
33.68,91,"DOLERITE [26120]",5.485,12.98,1.919,8.677,2.408,0.918,2.599,0.466,2.908,0.617,1.719,0.248,1.583,0.247
33.68,91,"DOLERITE [26120]",5.558,13.1,1.939,8.715,2.429,0.922,2.637,0.462,2.951,0.624,1.717,0.252,1.599,0.251
33.68,91,"DOLERITE [26120]",6.013,14.18,2.1,9.528,2.592,0.978,2.824,0.506,3.195,0.672,1.868,0.267,1.75,0.268
33.68,91,"DOLERITE [26120]",4.615,11.84,1.857,8.778,2.603,0.976,3.029,0.545,3.479,0.745,2.048,0.299,1.92,0.297
33.68,91,"DOLERITE [26120]",4.987,12.84,2.006,9.477,2.812,1.046,3.265,0.592,3.718,0.796,2.222,0.324,2.086,0.314
33.68,91,"DOLERITE [26120]",5.67,14.64,2.328,11.03,3.285,1.174,3.777,0.691,4.344,0.927,2.538,0.366,2.327,0.361
33.68,91,"DOLERITE [26120]",5.402,13.26,2.048,9.667,2.95,1.097,3.299,0.624,4.013,0.856,2.367,0.346,2.213,0.346
33.68,91,"DOLERITE [26120]",5.459,13.46,2.084,9.811,2.914,1.099,3.334,0.621,4,0.855,2.377,0.341,2.21,0.346
33.68,91,"DOLERITE [26120]",3.937,11.05,1.874,9.432,2.933,1.083,3.443,0.634,4.138,0.886,2.459,0.362,2.324,0.36
33.68,91,"DOLERITE [26120]",4.417,12.71,2.15,10.8,3.427,1.293,4.053,0.74,4.737,1.021,2.795,0.407,2.628,0.407
33.68,91,"DOLERITE [26120]",3.923,10.87,1.804,8.96,2.805,1.093,3.256,0.605,3.868,0.815,2.247,0.326,2.061,0.32
33.68,91,"DOLERITE [26120]",4.063,11.05,1.831,8.952,2.73,1.093,3.195,0.587,3.767,0.81,2.228,0.319,2.025,0.311
33.68,91,"DOLERITE [26120]",4.235,11.96,2.014,9.893,3.057,1.196,3.615,0.663,4.238,0.891,2.481,0.355,2.279,0.347
33.68,91,"DOLERITE [26120]",3.665,9.985,1.687,8.337,2.653,1.009,3.074,0.576,3.654,0.782,2.105,0.306,1.944,0.301
33.68,91,"DOLERITE [26120]",3.606,10.08,1.684,8.398,2.671,1.003,3.097,0.568,3.624,0.774,2.133,0.31,1.954,0.299
33.68,91,"DOLERITE [26120]",3.603,10.06,1.695,8.477,2.736,1.068,3.244,0.604,3.811,0.803,2.206,0.314,2.036,0.315
33.68,91,"DOLERITE [26120]",3.971,11.14,1.856,9.17,2.906,1.091,3.386,0.619,3.963,0.847,2.316,0.342,2.17,0.336
33.68,91,"DOLERITE [26120]",3.777,9.913,1.616,7.992,2.588,0.994,3.124,0.594,3.933,0.853,2.433,0.356,2.329,0.358
33.68,91,"DOLERITE [26120]",3.603,10.51,1.819,9.506,2.974,1.176,3.667,0.658,4.199,0.915,2.504,0.363,2.333,0.36
33.68,91,"DOLERITE [26120]",4.735,13.52,2.219,11.18,3.362,1.18,4.094,0.734,4.65,1.034,2.857,0.421,2.701,0.413
32.871598,86.538743,"DOLERITE [26126]",14.11,33.28,4.03,17.4,4.02,1.5,4.26,0.71,3.94,0.75,1.94,0.28,1.79,0.25
32.871598,86.538743,"DOLERITE [26126]",14.78,30.15,4.22,18.17,4.25,1.51,4.33,0.74,4.04,0.77,1.76,0.28,1.82,0.25
32.871598,86.538743,"DOLERITE [26126]",15.2,31.05,4.33,18.31,4.13,1.49,4.35,0.73,4.04,0.75,1.76,0.28,1.84,0.26
32.871598,86.538743,"DOLERITE [26126]",13.99,28.44,3.92,16.46,3.75,1.28,3.92,0.67,3.66,0.69,1.61,0.26,1.64,0.23
32.871598,86.538743,"DOLERITE [26126]",12.68,28.91,3.63,15.4,3.66,1.48,3.83,0.65,3.54,0.67,2.12,0.25,1.59,0.22
32.871598,86.538743,"DOLERITE [26126]",12.65,30.73,3.61,15.37,3.6,1.41,3.96,0.65,3.55,0.67,1.89,0.25,1.58,0.23
32.871598,86.538743,"DOLERITE [26126]",13.54,31.19,3.73,15.67,3.62,1.46,3.87,0.64,3.52,0.67,1.82,0.24,1.58,0.22
35.77,119.18,"DOLERITE [26132]",124,205,23.1,88.6,14.4,4.01,11.9,1.71,7.3,1.29,3.45,0.51,3.1,0.42
31.8647,87.9786,"DOLERITE [26154]",7.45,15.2,2.16,9.78,2.68,1.03,3.15,0.51,3.22,0.62,1.9,0.28,1.83,0.27
31.8647,87.9786,"DOLERITE [26154]",6.42,12.9,1.86,8.72,2.37,0.85,2.85,0.45,2.82,0.56,1.74,0.26,1.62,0.24
31.8647,87.9786,"DOLERITE [26154]",7.33,15,2.15,9.96,2.79,1.04,3.23,0.52,3.24,0.64,1.99,0.29,1.81,0.26
31.8647,87.9786,"DOLERITE [26154]",7.6,15.6,2.23,10.3,2.84,1.09,3.3,0.53,3.41,0.66,2.02,0.3,1.89,0.28
31.8647,87.9786,"DOLERITE [26154]",13.3,27.9,4.03,17.8,4.55,1.79,5.18,0.83,5.23,1.01,3.07,0.45,2.88,0.42
31.8647,87.9786,"DOLERITE [26154]",11.3,22.8,3.11,13.3,3.35,1.28,3.69,0.57,3.47,0.67,2.06,0.3,1.96,0.29
31.8647,87.9786,"DOLERITE [26154]",12.4,25.2,3.46,14.6,3.67,1.31,3.99,0.62,3.72,0.7,2.16,0.32,2.03,0.31
-23.85,115.55,"DOLERITE [9153]",10.2,22.8,3.02,12.1,2.77,0.95,3.02,0.51,2.96,0.59,1.59,0.24,1.54,0.25
-23.91,115.56,"DOLERITE [9153]",15.4,36.2,5.08,21.2,5.07,1.64,5.54,0.92,5.11,1,2.62,0.39,2.48,0.4
-23.96,115.61,"DOLERITE [9153]",27.7,62.8,8.7,34.7,7.88,2.33,8.26,1.36,7.74,1.49,3.98,0.58,3.73,0.57
-23.96,115.61,"DOLERITE [9153]",16.4,38.7,5.45,23,5.36,1.88,5.82,0.96,5.45,1.04,2.75,0.41,2.58,0.4
-23.46,115.43,"DOLERITE [9153]",9.3,20.5,2.73,10.9,2.45,1.16,2.67,0.44,2.64,0.51,1.39,0.21,1.34,0.22
-23.71,115.63,"DOLERITE [9153]",13.2,29.2,3.93,15.4,3.39,1.11,3.8,0.61,3.43,0.7,1.89,0.29,1.9,0.3
-23.27,115.77,"DOLERITE [9153]",8.8,19.8,2.58,10.2,2.26,0.76,2.36,0.39,2.22,0.45,1.19,0.18,1.13,0.18
-23.27,115.77,"DOLERITE [9153]",13.8,30.7,4.1,16.2,3.58,1.32,3.78,0.65,3.74,0.74,2.01,0.3,1.95,0.31
-23.83,115.88,"DOLERITE [9153]",12.5,28.2,3.73,14.8,3.37,1.06,3.55,0.61,3.42,0.68,1.82,0.27,1.76,0.28
-23.83,115.88,"DOLERITE [9153]",11.6,25.8,3.45,13.9,3.11,1.05,3.35,0.57,3.23,0.64,1.74,0.26,1.69,0.27
-23.83,115.88,"DOLERITE [9153]",11.7,26.6,3.52,14.2,3.2,1.07,3.47,0.58,3.35,0.67,1.79,0.27,1.79,0.29
-23.88,115.64,"DOLERITE [9153]",20.5,46.5,6.34,25.7,5.77,1.79,6.25,1.02,5.69,1.13,2.97,0.44,2.86,0.45
-23.71,115.63,"DOLERITE [9153]",19.4,45,6.19,25.6,5.81,1.86,6.41,1.03,5.8,1.14,3,0.45,2.85,0.44
-23.85,115.55,"DOLERITE [9153]",9.8,22,2.96,11.8,2.63,0.93,2.88,0.48,2.78,0.55,1.49,0.22,1.42,0.23
-23.81,115.67,"DOLERITE [9153]",32.4,73.9,10.5,42.8,9.48,2.86,9.77,1.59,8.69,1.66,4.35,0.63,4.02,0.62
-23.81,115.67,"DOLERITE [9153]",25.2,58.6,8.37,34.8,7.91,2.46,8.3,1.35,7.35,1.41,3.62,0.52,3.33,0.51
49.2,83.5,"DOLERITE [26190]",16,40,5.9,27,6.6,2.2,7.7,1.34,7.6,1.52,4.1,0.64,3.8,0.53
49.2,83.5,"DOLERITE [26190]",28,65,8.9,37,8.2,2.4,8.3,1.15,6.5,1.25,3.5,0.51,3.2,0.45
49.2,83.5,"DOLERITE [26190]",29,64,8.4,26.8,5.1,1.96,6.7,0.99,5.6,1.07,3.1,0.45,2.7,0.4
49.2,83.5,"DOLERITE [26190]",12.2,31,4.4,20,5,1.38,5.3,0.9,5.6,1.1,3,0.42,2.6,0.39
49.2,83.5,"DOLERITE [26190]",36,85,10.7,45,8.8,2.7,8.5,1.5,8.7,1.76,4.7,0.68,4.6,0.66
55.0917,88.3917,"DOLERITE [26191]",32.12,57.41,6.36,27.91,6.05,1.86,5.25,0.9,5.17,1.13,3.42,0.59,3.86,0.47
55.0917,88.3917,"DOLERITE [26191]",25.22,46.15,5.17,22.89,5.45,1.69,4.71,0.85,4.81,1.05,3.25,0.55,3.55,0.44
24.4819,86.0539,"DOLERITE [26194]",8.1,18.8,2.67,13.5,4.2,1.5,4.6,0.8,4.8,1,2.7,0.39,2.5,0.35
24.4842,85.66,"DOLERITE [26194]",13.3,31.1,4.38,19.9,5.2,1.89,5.5,0.9,5.7,1.1,3.2,0.44,2.8,0.42
24.4878,85.6881,"DOLERITE [26194]",12.5,29.1,4.02,19.2,5,1.71,5.5,0.9,5.4,1,2.8,0.38,2.5,0.36
24.4869,85.69,"DOLERITE [26194]",8,18.9,2.56,12.1,3.4,1.33,4.4,0.7,4.6,0.9,2.5,0.36,2.4,0.34
24.4572,85.7336,"DOLERITE [26194]",12,28.2,3.84,18.4,4.9,1.65,5,0.9,5,1,2.8,0.39,2.2,0.35
24.4494,85.7469,"DOLERITE [26194]",11.4,27.1,3.76,17.7,4.5,1.69,5,0.8,4.9,1,2.6,0.36,2.3,0.34
24.4428,85.7606,"DOLERITE [26194]",9.9,23.2,3.24,14.9,4.1,1.49,4.3,0.7,4.4,0.8,2.3,0.32,2,0.29
24.4408,85.7622,"DOLERITE [26194]",12.6,29.8,4.1,18.2,5,1.8,5.4,0.9,5.3,1,2.8,0.38,2.5,0.37
24.4247,85.7747,"DOLERITE [26194]",12.3,28.6,3.93,18.4,4.9,1.77,5.1,0.9,5.1,1,2.7,0.38,2.5,0.37
24.4864,85.6672,"DOLERITE [26194]",12.6,29.1,4.03,18.6,4.9,1.77,5.4,0.9,5.3,1,2.8,0.38,2.5,0.39
24.4561,85.7367,"DOLERITE [26194]",12.6,29.8,4.15,19.3,5.2,1.77,5.4,0.9,5.3,1,2.8,0.39,2.5,0.38
24.4917,85.7903,"DOLERITE [26194]",11.3,26.4,3.61,17,4.6,1.66,4.8,0.8,4.8,0.9,2.7,0.37,2.2,0.34
24.22,86.225,"DOLERITE [26194]",13,31,4.39,19.7,5.3,1.92,5.6,1,6,1.2,3.2,0.44,2.8,0.42
24.2667,86.1278,"DOLERITE [26194]",12.2,28.6,3.92,18.3,4.8,1.73,5.2,0.9,5.3,1,2.8,0.39,2.4,0.34
24.2742,86.1103,"DOLERITE [26194]",10.9,25.6,3.6,17,4.3,1.64,4.8,0.8,5,1,2.7,0.39,2.4,0.34
24.2733,86.1125,"DOLERITE [26194]",13,30.6,4.25,19,5.3,1.85,5.7,1,6,1.2,3.2,0.45,2.9,0.44
24.2719,86.1153,"DOLERITE [26194]",10.8,25.1,3.63,16.1,4.3,1.59,4.7,0.8,5,0.9,2.6,0.36,2.3,0.35
24.2869,86.0906,"DOLERITE [26194]",11,29.9,3.69,17.1,4.6,1.67,4.7,0.9,5.2,1,2.6,0.38,2.3,0.34
24.2397,86.1875,"DOLERITE [26194]",10.6,24.8,3.41,16,4.2,1.57,4.7,0.8,4.5,0.9,2.5,0.34,2,0.33
42.043,123.84295,"DOLERITE [26230]",18,38.5,5,21.9,5.32,1.68,6.01,1.01,6.25,1.3,3.68,0.52,3.49,0.51
42.1485,124.195316666667,"DOLERITE [26230]",16.8,37,4.82,20.7,4.34,2.38,4.06,0.58,3.18,0.59,1.49,0.2,1.19,0.2
42.07845,123.986916666667,"DOLERITE [26230]",15.6,32.6,4.43,19.8,5.37,1.64,6.04,1.07,6.98,1.43,4.25,0.6,4.08,0.59
42.1409,124.20535,"DOLERITE [26230]",22.1,47.2,6.03,25.9,5.9,2.2,5.63,0.87,5.15,0.98,2.69,0.37,2.33,0.36
42.1847,124.2094,"DOLERITE [26230]",42.1,97.9,12.2,53,11,4.81,9.41,1.32,6.91,1.21,3.01,0.39,2.38,0.35
42.1842666666667,124.210716666667,"DOLERITE [26230]",41.5,90,11.8,51,10.3,4.4,8.9,1.19,6.31,1.11,2.84,0.36,2.3,0.31
42.2515,124.400633333333,"DOLERITE [26230]",49.1,111,13.5,57.2,11.1,4.81,8.8,1.18,5.9,1.05,2.81,0.38,2.34,0.34
55.6248,19.4629,"DOLERITE [26247]",44.9,96.9,12.65,54.7,10.56,4.07,9.19,1.22,6.48,1.05,2.69,0.37,2.15,0.3
55.6248,19.4629,"DOLERITE [26247]",45.9,100.1,13.2,56,10.94,4.25,9.58,1.25,6.55,1.1,2.77,0.37,2.23,0.3
-32.2453,28.5856,"DOLERITE [26249]",8.227,18.25,2.485,10.99,3,1.029,3.56,0.595,4.029,0.833,2.446,0.347,2.309,0.36
-32.2453,28.5856,"DOLERITE [26249]",9.693,19.3,2.794,12.14,3.282,1.157,3.964,0.671,4.656,0.979,2.963,0.435,2.927,0.469
-32.2453,28.5856,"DOLERITE [26249]",7.654,17.11,2.272,10.48,2.835,0.957,3.361,0.565,3.784,0.782,2.317,0.332,2.189,0.34
-32.2453,28.5856,"DOLERITE [26249]",7.798,16.78,2.229,10.31,2.764,0.993,3.381,0.571,3.742,0.797,2.356,0.34,2.227,0.351
-32.2453,28.5856,"DOLERITE [26249]",13.47,28.48,3.773,15.59,3.757,1.045,4.143,0.673,4.493,0.928,2.761,0.401,2.664,0.421
-32.2453,28.5856,"DOLERITE [26249]",16,33.14,3.886,15.09,3.066,0.807,2.63,0.414,2.593,0.523,1.535,0.226,1.536,0.246
-32.2453,28.5856,"DOLERITE [26249]",7.451,16.57,2.152,9.714,2.542,0.825,2.919,0.49,3.249,0.677,1.987,0.285,1.828,0.294
-32.2453,28.5856,"DOLERITE [26249]",10.06,21.83,2.774,12.02,2.948,0.901,3.219,0.533,3.538,0.73,2.154,0.311,2,0.317
-32.2453,28.5856,"DOLERITE [26249]",12.95,27.63,3.539,15.21,3.679,1.078,4.056,0.673,4.394,0.925,2.703,0.395,2.618,0.424
-32.2453,28.5856,"DOLERITE [26249]",11.47,25,3.211,13.97,3.406,1.021,3.842,0.631,4.118,0.855,2.516,0.367,2.361,0.382
-32.2453,28.5856,"DOLERITE [26249]",21.58,43.3,5.049,19.44,3.914,1.503,3.402,0.535,3.381,0.675,2.071,0.312,2.151,0.352
-32.2453,28.5856,"DOLERITE [26249]",12.1,25.75,3.365,14.66,3.606,1.057,4.07,0.672,4.449,0.92,2.766,0.399,2.704,0.434
-32.2453,28.5856,"DOLERITE [26249]",13.682,29.277,3.777,15.24,4.26,1.357,5.36,0.876,5.648,1.156,3.497,0.502,3.172,0.488
-32.2453,28.5856,"DOLERITE [26249]",7.759,17.15,2.215,9.754,2.46,0.941,2.791,0.462,3.022,0.614,1.818,0.259,1.705,0.271
-32.2453,28.5856,"DOLERITE [26249]",14.69,31.16,3.988,17.2,4.165,1.212,4.621,0.764,5.032,1.032,3.112,0.448,2.964,0.471
-32.2453,28.5856,"DOLERITE [26249]",14.448,30.941,3.995,16.045,4.428,1.443,5.655,0.919,5.709,1.189,3.521,0.521,3.38,0.521
-32.2453,28.5856,"DOLERITE [26249]",8.994,19.56,2.575,11.67,3.046,0.977,3.644,0.615,3.998,0.856,2.499,0.354,2.317,0.369
-32.2453,28.5856,"DOLERITE [26249]",9.663,21.39,2.791,12.57,3.222,1.036,3.828,0.645,4.293,0.9,2.634,0.381,2.48,0.397
-32.2453,28.5856,"DOLERITE [26249]",12.64,26.84,3.45,15.35,3.737,1.222,4.25,0.684,4.39,0.917,2.633,0.38,2.459,0.391
-32.2453,28.5856,"DOLERITE [26249]",9.763,20.68,2.683,11.29,2.965,1.041,3.439,0.561,3.771,0.769,2.276,0.321,2.137,0.334
-32.2453,28.5856,"DOLERITE [26249]",14.1,27.01,3.629,14.88,3.782,1.162,4.31,0.705,4.731,0.986,2.925,0.42,2.806,0.437
-32.2453,28.5856,"DOLERITE [26249]",11.91,25.01,3.127,13.62,3.435,1.077,3.971,0.655,4.274,0.872,2.592,0.369,2.403,0.379
-32.2453,28.5856,"DOLERITE [26249]",10.86,23.03,2.964,12.39,3.173,0.961,3.537,0.585,3.899,0.79,2.328,0.33,2.163,0.338
-32.2453,28.5856,"DOLERITE [26249]",8.636,18.15,2.419,10.11,2.696,0.886,3.097,0.535,3.502,0.738,2.153,0.321,2.04,0.341
-32.2453,28.5856,"DOLERITE [26249]",7.983,17.427,2.347,9.94,3.077,1.188,4.304,0.704,4.496,0.954,2.906,0.414,2.673,0.415
-32.2453,28.5856,"DOLERITE [26249]",15.17,31.23,3.831,15.83,3.547,1.055,3.78,0.637,3.935,0.825,2.408,0.347,2.275,0.368
-32.2453,28.5856,"DOLERITE [26249]",7.853,17.14,2.259,10.43,2.841,0.974,3.419,0.583,3.836,0.824,2.414,0.339,2.256,0.366
-32.2453,28.5856,"DOLERITE [26249]",9.684,21.46,2.881,12.36,3.231,1.008,3.703,0.607,4.061,0.839,2.466,0.347,2.317,0.361
-32.2453,28.5856,"DOLERITE [26249]",13.21,25.94,3.698,15.76,4.039,1.202,4.678,0.772,5.127,1.056,3.126,0.45,2.938,0.459
-32.2453,28.5856,"DOLERITE [26249]",21.01,42.51,5.107,18.55,3.669,1.178,3.042,0.483,2.99,0.594,1.738,0.265,1.747,0.282
-32.2453,28.5856,"DOLERITE [26249]",25.21,54.09,6.026,22.97,4.465,1.238,3.846,0.601,3.64,0.733,2.099,0.317,2.026,0.325
-32.2453,28.5856,"DOLERITE [26249]",19.18,34.32,4.257,16.03,3.135,1.268,2.72,0.45,3.071,0.645,2.105,0.339,2.531,0.431
-32.2453,28.5856,"DOLERITE [26249]",11.04,23.2,2.83,11.31,2.494,0.709,2.501,0.431,2.675,0.565,1.622,0.251,1.55,0.266
-32.2453,28.5856,"DOLERITE [26249]",7.843,15.95,2.172,9.653,2.531,0.806,2.809,0.477,3.284,0.686,2.1,0.312,2.124,0.34
-32.2453,28.5856,"DOLERITE [26249]",6.843,14.612,1.923,7.836,2.327,0.865,3.103,0.508,3.372,0.673,2.003,0.291,1.898,0.299
-32.2453,28.5856,"DOLERITE [26249]",11.34,23.64,3.116,13.55,3.321,1.063,3.817,0.647,4.399,0.933,2.862,0.426,2.888,0.471
-32.2453,28.5856,"DOLERITE [26249]",12.24,27.16,3.581,15.05,3.709,1.14,4.142,0.679,4.514,0.931,2.787,0.397,2.648,0.413
-32.2453,28.5856,"DOLERITE [26249]",14.03,30.97,4.098,17.33,4.236,1.232,4.796,0.786,5.297,1.095,3.27,0.468,3.106,0.49
-32.2453,28.5856,"DOLERITE [26249]",15.18,33.18,4.203,18.1,4.3,1.169,4.787,0.782,5.134,1.069,3.104,0.454,2.898,0.465
-32.2453,28.5856,"DOLERITE [26249]",9.49,20.84,2.662,11.6,2.82,0.881,3.144,0.52,3.418,0.697,2.076,0.301,1.986,0.316
-32.2453,28.5856,"DOLERITE [26249]",8.98,19.03,2.511,11.06,2.811,0.992,3.229,0.544,3.688,0.77,2.348,0.344,2.302,0.373
-32.2453,28.5856,"DOLERITE [26249]",6.368,14.34,1.885,8.435,2.066,0.509,2.145,0.341,2.216,0.447,1.298,0.179,1.163,0.179
-32.2453,28.5856,"DOLERITE [26249]",7.992,17.95,2.274,9.728,2.297,0.47,2.562,0.423,2.756,0.568,1.669,0.245,1.608,0.255
-32.2453,28.5856,"DOLERITE [26249]",11.4,22.9,2.956,12.78,3.155,1.232,3.814,0.671,4.7,1.02,3.235,0.491,3.417,0.565
-32.2453,28.5856,"DOLERITE [26249]",8.222,18.15,2.408,10.18,2.515,0.818,2.698,0.449,2.999,0.617,1.84,0.265,1.759,0.276
-32.2453,28.5856,"DOLERITE [26249]",9.87,20.91,2.673,11.63,2.824,1.038,3.02,0.482,3.229,0.663,1.957,0.281,1.915,0.3
-32.2453,28.5856,"DOLERITE [26249]",7.858,17.51,2.311,9.742,2.387,0.815,2.661,0.439,2.926,0.6,1.762,0.252,1.665,0.257
-32.2453,28.5856,"DOLERITE [26249]",10.98,19.59,2.606,10.85,2.508,0.741,2.954,0.48,3.266,0.704,2.076,0.304,2.038,0.333
-32.2453,28.5856,"DOLERITE [26249]",5.812,13.11,1.721,7.491,1.904,0.504,2.087,0.36,2.391,0.505,1.478,0.212,1.33,0.212
-32.2453,28.5856,"DOLERITE [26249]",8.354,17.52,2.305,9.968,2.424,0.898,2.758,0.46,3.136,0.66,2.012,0.295,2.021,0.326
-32.2453,28.5856,"DOLERITE [26249]",9.192,19.22,2.538,10.96,2.689,0.975,2.973,0.505,3.436,0.732,2.27,0.344,2.463,0.409
-32.2453,28.5856,"DOLERITE [26249]",4.853,10.8,1.46,6.786,1.858,0.656,2.247,0.372,2.57,0.546,1.627,0.225,1.423,0.217
-32.2453,28.5856,"DOLERITE [26249]",8.304,17.42,2.289,9.933,2.4,0.878,2.759,0.456,3.121,0.661,2.021,0.296,1.981,0.32
-32.2453,28.5856,"DOLERITE [26249]",8.181,17.61,2.352,10.22,2.534,0.844,2.886,0.479,3.232,0.668,2.042,0.298,2.007,0.32
-32.2453,28.5856,"DOLERITE [26249]",8.304,17.9,2.315,10.02,2.504,0.822,2.809,0.468,3.116,0.663,1.962,0.287,1.884,0.304
-32.2453,28.5856,"DOLERITE [26249]",7.324,15.85,2.079,8.992,2.232,0.709,2.613,0.445,3.097,0.663,2.061,0.303,2.004,0.321
-32.2453,28.5856,"DOLERITE [26249]",9.343,20.7,2.685,11.52,2.807,0.915,3.092,0.504,3.342,0.68,2.04,0.289,1.952,0.305
-32.2453,28.5856,"DOLERITE [26249]",9.22,20.64,2.752,11.61,2.83,0.918,3.107,0.512,3.403,0.706,2.089,0.3,1.981,0.314
-32.2453,28.5856,"DOLERITE [26249]",9.277,20.66,2.668,11.59,2.857,0.9,3.174,0.519,3.402,0.698,2.109,0.296,1.958,0.312
-32.2453,28.5856,"DOLERITE [26249]",10.28,22.4,2.892,12.6,3.098,0.991,3.417,0.566,3.745,0.784,2.292,0.339,2.199,0.357
-32.2453,28.5856,"DOLERITE [26249]",9.743,21.21,2.785,12.27,3.111,0.864,3.595,0.597,4.055,0.863,2.542,0.376,2.418,0.393
-32.2453,28.5856,"DOLERITE [26249]",5.995,14.35,2.021,9.614,2.803,0.66,3.429,0.592,4.182,0.892,2.717,0.387,2.476,0.39
-32.2453,28.5856,"DOLERITE [26249]",10.236,22.149,2.863,11.625,3.295,1.156,4.247,0.678,4.518,0.954,2.806,0.414,2.731,0.423
-32.2453,28.5856,"DOLERITE [26249]",11.2,24.45,3.239,13.62,3.344,1.104,3.664,0.616,3.995,0.821,2.468,0.35,2.358,0.372
-32.2453,28.5856,"DOLERITE [26249]",8.156,18.59,2.372,10.28,2.495,0.49,2.633,0.431,2.851,0.579,1.73,0.25,1.683,0.261
-32.2453,28.5856,"DOLERITE [26249]",7.595,26.72,1.982,8.702,2.346,1.031,2.908,0.491,3.307,0.693,2.075,0.301,1.967,0.306
-32.2453,28.5856,"DOLERITE [26249]",10.67,23.39,2.967,13,3.16,1.028,3.37,0.546,3.614,0.746,2.215,0.32,2.125,0.336
-32.2453,28.5856,"DOLERITE [26249]",11.59,24.94,3.172,13.55,3.179,1.106,3.421,0.555,3.612,0.739,2.187,0.324,2.157,0.342
-32.2453,28.5856,"DOLERITE [26249]",9.134,20.05,2.684,12.2,3.156,1.014,3.714,0.64,4.137,0.899,2.606,0.39,2.471,0.395
-9.77102333333333,160.051726666667,"DOLERITE [26260]",11.22,23.71,3.076,12.94,2.88,0.8452,2.797,0.4497,2.895,0.6021,1.786,0.2618,1.788,0.2575
-77.3666666666667,162.333333333333,"DOLERITE [26282]",9.27765560659791,20.6660618858963,2.50562123458811,10.3749156060215,2.43365927467853,0.728482791964929,3.06778162972136,1.29206915583741,2.97100377172142,0.639331309644087,1.95916640161153,0.732740795219171,1.89747818856748,0.286134524207947
-77.15,161.75,"DOLERITE [26282]",11.4748345457998,25.5747460334792,3.05679089199254,12.5886444486887,2.97906182106868,0.850525684801139,3.71047200863959,0.769442297352364,3.63412864907197,0.781217049245993,2.39258685820086,0.34524661468076,2.32319779460505,0.344203055721015
-77.15,161.75,"DOLERITE [26282]",10.8114697512597,23.3098417078162,2.88634310286538,11.9151668109966,2.78140156419084,0.793556140484489,3.52031943204232,0.582449529870529,3.40820887288248,0.739837202418417,2.28586434645936,0.336833082935927,2.19318667597391,0.325092993046936
-77.35,161.166666666667,"DOLERITE [26282]",11.6360402813146,24.7866592421387,3.09256540298322,12.6866499784889,2.96343522732853,0.832177462510879,3.71661069978265,0.56000816960023,3.59443140805614,0.768941593500476,2.36841935339244,0.325433170121704,2.29157810367797,0.343163759146982
-77.35,161.166666666667,"DOLERITE [26282]",13.5316926128841,28.9661057325689,3.58304060677567,14.7809971794185,3.41048954851236,0.948383708974044,4.25426921149585,0.586330223702991,4.04002992310156,0.882834630202641,2.70623299972459,0.336883345935307,2.60887450536105,0.393525671787548
-77.2833333333333,161.666666666667,"DOLERITE [26282]",11.314052557838,24.2022916891469,3.06101334046754,12.4141678899604,2.90940165667156,0.81220465217813,3.63780498805267,0.663402442965577,3.48142497327672,0.757744136561897,2.33728685817239,0.380910174450691,2.26802061360287,0.337727708427053
-77.2833333333333,161.666666666667,"DOLERITE [26282]",11.557623553177,25.1702175695723,3.07560582291992,10.5181775453642,2.53168860626287,0.847654884474427,3.64355894790725,0.609307337244473,3.73144533026755,0.788966243854789,2.45900654468756,0.350891621441894,2.4004178119063,0.367976339329113
-77.8833333333333,-34.325,"DOLERITE [26282]",16.226483420793,36.811470405075,5.14987616698744,23.7917630747431,5.64537209883952,2.00351540447067,6.3457485941345,0.969709611335392,5.60140803759723,1.14278321425702,3.42459749592749,0.475349338488205,3.18838197290658,0.463972669588914
-77.8833333333333,-34.325,"DOLERITE [26282]",10.0379833603927,26.4021050542385,3.95289556343173,19.626398599254,5.14040760065837,1.62519003738688,5.86639270484699,0.889226440419697,5.27761926576284,1.06690376863503,3.05369429632631,0.417451389892724,2.78516296673675,0.410664020303975
-77.8833333333333,-34.325,"DOLERITE [26282]",12.3798916243202,28.1424094403759,4.08462186614472,18.9701127725992,4.78425776004735,1.43554010236405,5.84270382304034,0.937999603911738,5.59798169834401,1.16550035161383,3.55674198942315,0.494917807418909,3.44536805883069,0.514257661738114
-79.0833333333333,-28.6666666666667,"DOLERITE [26282]",22.970048597687,50.3390702001484,6.18923864984746,25.9405717175065,6.14657386767219,1.5898409406061,7.421516159499,1.22975162716101,7.42627667761048,1.57185475296048,4.78559105510504,0.679399998778338,4.58620574494881,0.67758140733107
-77.9333333333333,-34.6,"DOLERITE [26282]",9.25603848290548,25.3362379574741,3.93064137506886,19.5064243918458,5.1956909882178,1.87554008047493,6.08043015297415,0.941279036010466,5.38850099332218,1.0929722280329,3.18378042644383,0.426849910126544,2.77387188585193,0.403835583741886
-77.9333333333333,-34.6,"DOLERITE [26282]",9.12493984919267,22.7151944035809,3.37942208628278,16.3230009556735,4.25602541757201,1.84184156876768,5.05448421528268,1.42123461142149,4.35408505490655,0.886875299341028,2.58037352781737,0.672125926210787,2.26328475957381,0.330334624524542
-80.4333333333333,-29.5,"DOLERITE [26282]",23.8637548881086,53.1454447593772,7.08818254248877,31.8602712976302,7.51768008601247,2.44949035467281,8.85528940761045,0.279062468116097,7.69728278577387,1.58709219620093,4.63686787527267,0.169198074228546,4.1550110297343,0.61612650444853
-80.4333333333333,-29.5,"DOLERITE [26282]",24.8033393397211,56.0889132488776,7.13338673612182,31.9023046432474,7.46901588831987,2.52319741862425,8.75032022591522,1.36950414137372,7.89701727447164,1.58971487629497,4.74213942980425,0.644608998314679,4.26459563317268,0.631984747382011
-80.4333333333333,-29.5,"DOLERITE [26282]",24.9001119661668,55.8504452622112,7.5005834224421,32.4672543061934,7.72473518141515,2.64276196975126,9.57354753980252,1.32169943220042,8.38058789082261,1.69824719189238,4.9540119075563,0.624179729786821,4.49035728624636,0.664298323938407
-82.5,-41.6333333333333,"DOLERITE [26282]",12.2263556949147,26.5750394393579,3.19965516046477,13.5147880403807,3.15468670376975,0.867606300219209,3.70902590960327,0.614147242440862,3.78927931162057,0.809793544232027,2.51305527755207,0.356768642664108,2.42484455588289,0.363166154421915
-83.05,-48.5,"DOLERITE [26282]",17.3323588289427,40.2004183091963,5.47201968346056,24.6672399694216,6.2666098260635,1.85761791618657,7.94841423573644,2.43893478259433,8.01539715706561,1.72718912757986,5.21997862836145,0.913099097206494,4.88912124339089,0.741404327586147
-73.7,-14.3333333333333,"DOLERITE [26282]",16.5573383216565,39.3680928422733,5.33364170833662,24.8757909994891,6.66886150156569,2.11145762214668,8.36379300599629,1.33020997248085,7.89932130733134,1.5739259040692,4.56002458201987,0.609477847712915,3.93753075600489,0.568865608179794
-80.4,-28.5333333333333,"DOLERITE [26282]",61.5238002660466,139.141929850611,18.4103827396033,81.9070623148947,16.7887833902329,4.24763676296958,18.5721945830594,0.99304082255695,13.0294973104252,2.5081622325158,7.09195848207422,0.328429464551091,5.9961909790594,0.867385960237441
23.7167,102.1842,"DOLERITE [26304]",20.9,48.2,6.48,29.3,7.59,2.29,8.32,1.39,8.7,1.77,4.62,0.69,3.99,0.65
23.7167,102.1842,"DOLERITE [26304]",21.1,48.9,6.53,30.5,7.99,2.41,8.57,1.41,8.88,1.81,4.73,0.73,4.07,0.64
23.7167,102.1842,"DOLERITE [26304]",22,50.8,6.86,31.6,8.02,2.54,8.66,1.44,8.92,1.84,4.85,0.73,4.12,0.65
23.7167,102.1842,"DOLERITE [26304]",20.3,46.8,6.28,28.5,7.37,2.31,7.85,1.31,8.34,1.77,4.7,0.69,4,0.6
23.7167,102.1842,"DOLERITE [26304]",20.5,47.3,6.4,29.4,7.62,2.4,8.44,1.39,8.8,1.81,4.81,0.72,4.15,0.62
23.6989,102.1456,"DOLERITE [26304]",23.9,54,7.21,32.8,8.63,2.56,9.59,1.55,9.69,2,5.48,0.84,4.93,0.74
23.6989,102.1456,"DOLERITE [26304]",24.2,54.6,7.41,33.2,8.81,2.54,9.64,1.6,9.94,2.09,5.61,0.89,5.07,0.75
23.6989,102.1456,"DOLERITE [26304]",24.7,55.6,7.44,33.5,8.99,2.57,9.73,1.59,10.2,2.12,5.7,0.9,5.09,0.79
23.6989,102.1456,"DOLERITE [26304]",24.6,55.6,7.47,33.9,9.03,2.63,9.99,1.61,10.2,2.13,5.54,0.89,5.16,0.78
23.6989,102.1456,"DOLERITE [26304]",24.3,56,7.25,32.9,8.73,2.53,9.77,1.58,10,2.08,5.55,0.88,4.89,0.77
23.7,102.2,"DOLERITE [26304]",25.1,56.7,7.68,33.9,8.41,2.94,8.89,1.47,9.51,1.79,5.07,0.76,4.87,0.67
23.7,102.2,"DOLERITE [26304]",26.7,57.8,8.06,36,8.75,2.73,9.64,1.57,10,1.88,5.25,0.81,5.14,0.71
23.7,102.2,"DOLERITE [26304]",28.9,66.4,9.27,41.2,10.2,3.03,10.9,1.8,11.7,2.18,6.16,0.95,5.96,0.8
23.7,102.2,"DOLERITE [26304]",28.8,65.6,8.88,39.3,9.56,2.82,10.1,1.71,10.8,2,5.66,0.85,5.46,0.7
23.7,102.2,"DOLERITE [26304]",17.5,38.6,5.45,25.3,6.77,2.07,7.52,1.32,7.69,1.6,4.37,0.61,4.16,0.62
23.7408,102.2386,"DOLERITE [26304]",27.3,58.9,8.07,36.2,9.31,2.75,10,1.64,10.1,2.04,5.55,0.82,5.15,0.73
23.7408,102.2386,"DOLERITE [26304]",26.6,57.8,7.92,35.4,9.29,2.64,9.75,1.67,9.9,2.03,5.48,0.79,5.02,0.72
23.7408,102.2386,"DOLERITE [26304]",27.4,60.7,8.16,36.4,9.12,2.83,10.1,1.68,10.1,2.12,5.56,0.79,5.1,0.73
23.6864,102.2082,"DOLERITE [26304]",14.9,33,4.48,19.8,5.44,1.74,5.68,0.97,6.08,1.25,3.37,0.49,3.05,0.44
23.6864,102.2082,"DOLERITE [26304]",15.5,35.2,4.84,21.6,5.56,1.69,6.12,1.05,6.42,1.3,3.61,0.52,3.4,0.48
23.6864,102.2082,"DOLERITE [26304]",17.5,40.2,5.41,23.9,6.17,1.62,7.04,1.18,6.89,1.47,3.93,0.56,3.59,0.5
23.6864,102.2082,"DOLERITE [26304]",14.8,34.9,4.79,21.2,5.47,1.81,6.13,1.06,6.42,1.39,3.66,0.52,3.38,0.49
23.6864,102.2082,"DOLERITE [26304]",14,33.3,4.59,20.1,5.25,1.83,5.89,1.06,6.39,1.32,3.59,0.52,3.38,0.49
40.0241,37.1859,"DOLERITE [26316]",1.210877884189,2.70599775187314,0.383456039382571,1.97187891070821,0.750579861814673,0.314604330383818,0.988375357388387,0.202605359296868,1.39175832858992,0.303376047351128,0.963895218918462,0.144728042963155,0.94834589300985,0.14517692597295
40.0241,37.1859,"DOLERITE [26316]",3.06501774054007,7.70037884006473,1.15824508362938,5.4344076620344,1.68113834026116,0.693247402677051,1.94772326623303,0.406201809012628,2.65762216024342,0.570692093064737,1.81719644221363,0.263170428570001,1.7859770983223,0.278210217407581
-16,-40,"DOLERITE [26458]",33.1,73.7,9.29,50.541,9.69,2.44,6.86,0.97,5.17,0.94,2.54,0.34,2.1,0.28
-16,-40,"DOLERITE [26458]",13.7,31.1,4.04,22.008,4.827,1.31,3.62,0.6,3.18,0.6,1.81,0.23,1.5,0.23
69.2665,34.3516,"DOLERITE [26483]",14.8,31,3.86,17,3.77,1.3,3.83,0.56,3.52,0.71,2.04,0.29,1.85,0.27
69.2665,34.3516,"DOLERITE [26483]",23.8,50.8,6.42,25.4,5.75,1.88,6.15,0.89,5.54,1.1,3.19,0.46,2.93,0.42
69.2665,34.3516,"DOLERITE [26483]",34.2,73.1,8.86,36.1,8.1,2.67,8.5,1.27,7.77,1.55,4.52,0.65,4.11,0.6
69.2665,34.3516,"DOLERITE [26483]",14.3,23.6,4.04,14.9,3.46,1.64,4.44,0.71,4.31,0.88,2.52,0.47,3.13,0.36
69.2665,34.3516,"DOLERITE [26483]",12.2,20.3,3.52,15.3,3.68,1.24,3.94,0.62,3.78,0.77,2.21,0.41,2.71,0.31
69.2665,34.3516,"DOLERITE [26483]",12.3,20.5,3.49,15,3.62,1.28,3.83,0.61,3.72,0.74,2.18,0.38,2.59,0.31
69.2665,34.3516,"DOLERITE [26483]",11.5,19,3.14,13.4,3,1.14,3.1,0.48,2.91,0.6,1.68,0.31,1.99,0.24
69.2665,34.3516,"DOLERITE [26483]",12,19.9,3.22,13.6,3.09,1.17,3.21,0.48,2.91,0.58,1.72,0.3,2.01,0.24
69.2665,34.3516,"DOLERITE [26483]",13.1,21.7,3.47,13.8,3.01,1.21,3.32,0.51,3.11,0.61,1.8,0.32,2.06,0.26
69.2665,34.3516,"DOLERITE [26483]",12.1,21.4,3.29,12.8,2.79,1.16,3.23,0.48,2.99,0.6,1.73,0.3,1.94,0.25
69.2665,34.3516,"DOLERITE [26483]",15.2,25.3,4.15,17.4,3.97,1.37,4.09,0.64,3.81,0.74,2.24,0.37,2.49,0.32
69.2665,34.3516,"DOLERITE [26483]",12,21,3.31,14.3,3.28,1.27,3.44,0.54,3.28,0.67,1.96,0.33,2.1,0.28
69.2665,34.3516,"DOLERITE [26483]",11.9,20.9,3.27,14.4,3.39,1.26,3.61,0.56,3.42,0.68,2.01,0.33,2.12,0.29
32.6,107,"DOLERITE [26540]",20.1,43.7,5.44,23.4,5.54,1.76,5.23,0.79,4.83,0.96,2.67,0.37,2.26,0.35
32.6,107,"DOLERITE [26540]",20.9,43.7,5.56,23.8,5.28,1.74,5.12,0.78,4.56,0.93,2.59,0.36,2.23,0.32
32.6,107,"DOLERITE [26540]",19.4,41.1,5.19,22,4.88,1.54,4.75,0.73,4.3,0.85,2.4,0.35,2.05,0.32
32.6,107,"DOLERITE [26540]",18.7,40.3,5.15,22.5,4.77,1.53,5.07,0.75,4.39,0.9,2.47,0.34,2.11,0.31
32.6,107,"DOLERITE [26540]",20.6,44.6,5.82,25,5.48,1.81,5.53,0.76,4.69,0.96,2.7,0.38,2.22,0.32
6.5547,-5.2594,"DOLERITE [26603]",2.95,8.88,1.26,6.63,2.27,0.87,2.86,0.49,3.38,0.68,2.29,0.25,2.17,0.29
6.5547,-5.2594,"DOLERITE [26603]",2.95,8.74,1.26,6.72,2.26,0.92,2.79,0.45,3.34,0.67,2.14,0.29,2.06,0.29
6.5541,-5.2605,"DOLERITE [26603]",3.13,9.21,1.36,7.38,2.43,0.91,3.23,0.5,3.51,0.75,2.33,0.31,2.38,0.31
6.5654,-5.2213,"DOLERITE [26603]",7.76,19.18,2.22,9.25,1.76,0.62,1.73,0.26,1.93,0.33,0.87,0.13,0.99,0.15
6.5541,-5.2605,"DOLERITE [26603]",3.02,8.63,1.36,6.69,2.15,0.93,3.05,0.51,3.29,0.71,2.22,0.29,2.17,0.32
6.5931,-5.1124,"DOLERITE [26603]",35.94,83.87,9.34,36.4,6.42,1.9,4.33,0.45,2.36,0.38,1,0.12,1.12,0.14
6.5935,-5.1121,"DOLERITE [26603]",22.64,51.14,5.79,22.89,4,1.32,3.14,0.42,2.33,0.38,1.13,0.12,0.98,0.14
6.98833333333333,-75.3693333333333,"DOLERITE [26615]",6.64233333333333,14.828,2.016,9.94766666666666,3.057,1.19566666666667,3.53933333333333,0.612,3.81,0.885666666666667,2.32333333333333,0.353666666666667,2.533,0.328666666666667
-2.07066666666667,-78.593,"DOLERITE [26615]",8.82,18.6666666666667,2.47666666666667,11.8333333333333,3.28666666666667,0.997666666666667,3.8,0.618333333333333,3.94333333333333,0.958,2.58,0.429333333333333,2.84,0.46
25.5,108.5,"DOLERITE [26620]",13.1,29.3,4.21,19.5,5.15,1.66,4.9,0.81,4.53,0.95,2.56,0.38,2.53,0.41
25.5,108.5,"DOLERITE [26620]",14.8,30,3.88,16.4,4.16,1.4,4.28,0.83,5.2,1.24,3.27,0.45,3.04,0.45
25.5,108.5,"DOLERITE [26620]",15.3,32.1,3.96,16.9,4.07,1.39,4.43,0.8,4.61,1.05,2.75,0.41,2.67,0.42
25.5,108.5,"DOLERITE [26620]",11.6,24.4,3.34,15.4,4.23,1.39,4.45,0.8,4.94,1.03,2.87,0.41,2.83,0.44
25.5,108.5,"DOLERITE [26620]",16.6,34.6,4.45,18.7,4.71,1.59,4.78,0.9,5.37,1.17,3.17,0.43,2.86,0.42
25.5,108.5,"DOLERITE [26620]",22.2,46.3,5.67,23.5,5.35,1.75,4.92,0.95,5.51,1.21,3.19,0.46,3.01,0.45
25.5,108.5,"DOLERITE [26620]",17.8,39.2,4.57,18.7,4.5,1.4,4.25,0.8,5.15,1.12,3.13,0.44,2.8,0.4
25.5,108.5,"DOLERITE [26620]",19.5,36.4,5.27,21.8,5.21,1.63,5.25,0.97,5.81,1.26,3.38,0.48,2.96,0.42
25.5,108.5,"DOLERITE [26620]",14.5,31,3.97,17.2,4.21,1.38,4.2,0.77,4.88,1.03,2.88,0.42,2.73,0.41
25.5,108.5,"DOLERITE [26620]",13.3,27.3,4.46,19,4.91,1.41,4.93,0.98,5.98,1.29,3.45,0.49,3.23,0.51
25.5,108.5,"DOLERITE [26620]",17.6,40.3,5.48,22.8,5.73,1.9,6.02,1.14,6.79,1.52,3.99,0.54,3.75,0.54
25.5,108.5,"DOLERITE [26620]",15.7,30,4.06,17,4.4,1.32,4.09,0.77,4.83,1.07,2.82,0.4,2.47,0.37
25.5,108.5,"DOLERITE [26620]",17,35.5,4.6,18.5,4.5,1.41,4.34,0.8,4.88,1.08,2.89,0.4,2.56,0.38
25.5,108.5,"DOLERITE [26620]",17,37.4,4.97,21.7,5.63,1.78,5.69,1.03,6.28,1.35,3.61,0.51,3.35,0.5
25.5,108.5,"DOLERITE [26620]",16.5,36.8,5,21.9,5.73,1.8,6.12,1.17,7.06,1.53,4.22,0.59,3.83,0.56
25.5,108.5,"DOLERITE [26620]",14.2,29.8,3.69,15.8,3.69,1.19,3.71,0.67,4.11,0.9,2.5,0.37,2.4,0.34
25.5,108.5,"DOLERITE [26620]",21.7,47.5,6.07,26.1,6.48,2.17,6.58,1.24,7.24,1.56,4.11,0.57,3.77,0.55
25.5,108.5,"DOLERITE [26620]",17.6,38.6,5.09,22.4,5.58,1.84,5.74,1.06,6.54,1.48,3.81,0.53,3.52,0.5
35,47.8,"DOLERITE [26636]",1.58306117162343,3.01722786015042,0.417887170955098,1.8412488221964,0.43165699147975,0.401802535706753,0.477080514430443,0.0740221009621641,0.498547510439598,0.102769781086517,0.281668718394149,0.0367687486927138,0.263896038562937,0.0411346820863592
35,47.8,"DOLERITE [26636]",1.40402647847943,2.99907381958686,0.404921563939856,1.83117502475962,0.556318001357641,0.44297076407157,0.680552421365237,0.106999364054622,0.703318370700719,0.133254712312141,0.390040933639797,0.053248248840393,0.327498632101652,0.0533259314607842
35,47.8,"DOLERITE [26636]",1.44225013969091,3.15404448587662,0.419766804549853,2.08915129543917,0.606959348072644,0.519833449475487,0.73658513544834,0.128517269354238,0.852548511859242,0.170775684829649,0.451484322889237,0.0629205010834548,0.419556697459852,0.0587424234529588
35,47.8,"DOLERITE [26636]",1.71802625532262,3.30664949225022,0.44626628592751,1.88671317596238,0.474939743237065,0.452985013560716,0.496049831883328,0.0850788056180962,0.503347310554067,0.114431569302126,0.307065111700924,0.0457305472470044,0.281863303980114,0.0453134787522569
-34.1084882056822,-70.3794538739646,"DOLERITE [26689]",3.7,33.5,4.67,21.5,3.92,1.17,3.71,0.59,2.92,0.56,1.73,0.25,1.43,0.22
-34.1065803952729,-70.3457723258046,"DOLERITE [26689]",6.8,40.3,5.54,21.9,4.72,1.11,3.59,0.55,2.75,0.46,1.43,0.22,1.39,0.22
-34.103174866067,-70.3723754543118,"DOLERITE [26689]",5.4,27.4,3.87,17.6,3.34,1.07,3.11,0.46,2.49,0.45,1.32,0.18,1.26,0.19
-34.0688852651846,-70.4179843350027,"DOLERITE [26689]",14.3,32.2,4.24,17.6,3.52,0.98,2.87,0.44,2.27,0.43,1.2,0.18,1.07,0.17
-0.3915,-78.9401,"DOLERITE [13538] / BASALT [13522]",4.6,7.1,1,5.6,1.6,0.6,2,0.3,2.4,0.4,1.4,0.2,1.4,0.2
-0.3915,-78.9401,"DOLERITE [13538] / BASALT [13522]",6.6,13,1.9,9.7,2.7,1,3.3,0.5,3.7,0.7,2.1,0.3,2.1,0.3
-0.3905,-78.9408,"DOLERITE [13538] / BASALT [13522]",6.1,11.5,1.8,8.9,2.6,0.9,3.1,0.5,3.4,0.7,2,0.3,1.9,0.3
-0.3905,-78.9408,"DOLERITE [13538] / BASALT [13522]",7.6,16.4,2.5,12.7,3.8,1.3,4.4,0.7,5,1.1,2.9,0.4,2.9,0.4
-0.3905,-78.9408,"DOLERITE [13538] / BASALT [13522]",6.9,13.9,2,10.7,3.1,1.2,4,0.6,4.4,0.9,2.5,0.3,2.5,0.4
-0.4041,-78.9434,"DOLERITE [13538] / BASALT [13522]",4.6,6.3,1,5.3,1.7,0.6,2,0.3,2.3,0.5,1.4,0.2,1.3,0.2
28.282,91.7618,"DOLERITE [26739]",41.6,89.2,12.1,55.1,11.8,3.74,10.8,1.87,9.73,1.74,4.37,0.67,3.78,0.51
28.282,91.7618,"DOLERITE [26739]",41,88.7,12,53.9,11.7,3.75,10.5,1.82,9.41,1.68,4.27,0.65,3.71,0.5
28.282,91.7618,"DOLERITE [26739]",44.1,95.5,12.8,47.4,12.4,3.94,11.3,1.92,10.1,1.78,4.46,0.68,3.86,0.52
28.282,91.7618,"DOLERITE [26739]",40.3,88.5,12.2,54.7,11.9,3.83,10.9,1.88,9.69,1.74,4.48,0.67,3.76,0.5
28.282,91.7618,"DOLERITE [26739]",42.2,86.4,11.6,52.3,11,3.71,10.4,1.74,8.91,1.54,3.9,0.56,3.11,0.4
28.28,91.7583,"DOLERITE [26739]",42.5,93,12.5,46.2,12.1,3.62,10.9,1.93,10.1,1.77,4.45,0.67,3.74,0.52
28.28,91.7583,"DOLERITE [26739]",40.2,87.7,12,53.9,11.9,3.56,10.8,1.91,9.61,1.71,4.15,0.63,3.65,0.49
28.28,91.7583,"DOLERITE [26739]",40.5,80.1,10.9,49.6,10.9,3.27,9.82,1.73,8.93,1.58,3.98,0.6,3.46,0.47
28.28,91.7583,"DOLERITE [26739]",39.4,85.4,11.6,42.5,11.6,3.53,10.6,1.86,9.63,1.7,4.38,0.66,3.7,0.52
28.28,91.7583,"DOLERITE [26739]",40.9,89,12,44.4,11.7,3.59,10.9,1.92,10,1.73,4.44,0.65,3.83,0.5
28.2907,91.7238,"DOLERITE [26739]",32.7,79.3,8.43,40.3,10,2.85,8.45,1.59,8.86,1.61,4.09,0.63,3.67,0.42
28.2907,91.7238,"DOLERITE [26739]",36.9,74.7,8.67,41.1,9.96,2.69,8.9,1.49,8.22,1.51,3.9,0.61,3.56,0.47
28.2907,91.7238,"DOLERITE [26739]",33.5,71.7,8.26,42,9.07,2.61,8.1,1.55,8.55,1.5,3.94,0.6,3.46,0.46
28.2907,91.7238,"DOLERITE [26739]",34.5,75.4,9.13,39.3,11.14,2.72,8.02,1.51,8.39,1.5,3.85,0.58,3.38,0.44
28.2907,91.7238,"DOLERITE [26739]",30.1,81.4,9.34,36.1,10.44,2.61,8.05,1.5,8.43,1.49,3.9,0.59,3.36,0.48
33.6156,109.1489,"DOLERITE [26784]",12.2,29.1,4.18,18.9,4.69,1.76,5.7,0.93,5.78,1.14,3.21,0.46,2.83,0.43
33.6156,109.1489,"DOLERITE [26784]",13.7,32.6,4.62,20.4,5.68,1.85,6.53,1.07,6.43,1.31,3.86,0.52,3.32,0.51
27.9,108.7,"DOLERITE [26828]",13.6,28.1,3.51,13.8,3.32,0.88,3.56,0.63,3.95,0.87,2.49,0.37,2.38,0.37
27.9,108.7,"DOLERITE [26828]",18.3,40.6,5.58,24.8,7.04,2.01,8.1,1.35,8.3,1.76,4.98,0.73,4.66,0.7
27.9,108.7,"DOLERITE [26828]",5.6,12.7,1.59,7.7,1.89,0.63,2.37,0.4,2.52,0.52,1.48,0.23,1.52,0.24
27.9,108.7,"DOLERITE [26828]",5.3,11.7,1.5,7.1,1.78,0.64,2.29,0.4,2.52,0.53,1.52,0.23,1.48,0.23
27.9,108.7,"DOLERITE [26828]",5.5,12.4,1.63,7.2,1.98,0.68,2.27,0.39,2.56,0.54,1.53,0.23,1.46,0.23
27.9,108.7,"DOLERITE [26828]",13.2,30,3.81,17.3,4.42,1.7,5.47,0.92,6.02,1.27,3.54,0.51,3.26,0.53
27.9,108.7,"DOLERITE [26828]",13,29.5,3.78,16.8,4.54,1.75,5.25,0.92,6.06,1.26,3.59,0.54,3.37,0.52
27.9,108.7,"DOLERITE [26828]",8.6,20.2,2.66,12.4,3.33,1.21,4.03,0.69,4.59,1.01,2.73,0.41,2.62,0.42
27.9,108.7,"DOLERITE [26828]",9,21.1,2.71,12.8,3.44,1.07,4.34,0.69,4.56,0.97,2.73,0.41,2.72,0.41
24.5,105.4,"DOLERITE [26829]",37.74,83.18,10.74,45.3,9.785,3.686,8.79,1.235,7.229,1.34,3.49,0.439,2.623,0.384
24.5,105.4,"DOLERITE [26829]",28.64,60.13,8.315,36.4,8.097,2.757,8.231,1.293,7.759,1.493,3.929,0.5278,3.271,0.4849
24.5,105.4,"DOLERITE [26829]",26.34,58.14,7.782,35.54,7.574,2.566,7.675,1.158,6.809,1.303,3.498,0.4854,2.978,0.4465
24.5,105.4,"DOLERITE [26829]",27.07,58.13,7.851,35.43,7.784,2.61,8.223,1.251,7.114,1.385,3.793,0.5031,3.142,0.4641
24,107.1,"DOLERITE [26829]",47.08,108.4,18.17,71.8,16.61,5.166,14.81,2.2,11.19,2.14,5.6,0.65,3.89,0.58
24,107.1,"DOLERITE [26829]",49.7,113.8,19.07,75.53,17.41,5.317,15.34,2.27,11.5,2.17,5.72,0.65,4,0.58
24,107.1,"DOLERITE [26829]",38.17,80.07,10.46,51.09,10.02,3.087,9.609,1.42,7.16,1.38,3.78,0.513,3.37,0.426
24,107.1,"DOLERITE [26829]",28.3,61.17,8.575,37.76,7.59,2.42,7.153,0.99,5.35,0.96,2.66,0.36,2.51,0.31
-63.7852777777778,-57.7841666666667,"DOLERITE [26835]",23.3202028484621,49.4403093618325,5.92644710268944,23.9764683264214,5.63848439821694,1.87097573055968,5.75185027312029,0.880126697582842,4.68350477978453,0.915397350309546,2.41019680597567,0.342000990589401,2.15552253590887,0.304853888063398
40.3,-4,"DOLERITE [13642]",56.1,104,11.5,46.5,8.91,2.94,7.52,1.21,6.06,1.06,3.3,0.446,2.75,0.405
52.8601,99.927,"DOLERITE [26893]",57.45,108.34,12.63,43.57,6.75,1.6,4.61,0.57,3.09,0.54,1.31,0.19,1.12,0.16
52.8601,99.927,"DOLERITE [26893]",42.15,88.37,8.64,29.55,5.73,0.27,4.97,0.75,4.81,1.04,3.03,0.49,3.4,0.47
52.8601,99.927,"DOLERITE [26893]",52.93,107.86,11.8,42.43,6.75,1.73,5.06,0.64,3.23,0.55,1.42,0.19,1.14,0.16
31.36136389,113.0639639,"DOLERITE [26907]",3.08327915762298,10.4855034551959,1.69288087740057,9.23529081701344,3.07712353499244,1.2147076298615,4.01727242411729,0.66739969624288,4.40898368247441,0.931214387739371,2.6726352603141,0.384010974295401,2.42831791785855,0.35623683401579
31.39789167,113.1218694,"DOLERITE [26907]",21.0384848438491,50.911156089853,7.18410968918014,34.6754017117021,8.66502899869864,2.84426744322221,10.1706972145404,1.61918388059199,10.5456112729862,2.10216363287497,5.97245654323008,0.877581886831276,5.58891413354973,0.820325630877544
31.37217222,113.1373056,"DOLERITE [26907]",40.4018155986156,96.6967727457495,13.3924370992628,63.7586657551634,15.2855797991888,5.02927698694022,16.2835432227128,2.65432131263408,17.7064942752788,3.39398383326652,9.73399093411475,1.44726296439363,9.0823714437753,1.36728528173633
31.49140833,113.0264361,"DOLERITE [26907]",6.10210868283343,17.0615539399745,2.51470445456782,12.9045904254896,3.98243114478238,1.43214795820422,5.04714626323621,0.843010576811921,5.44663335027608,1.1811060311834,3.37076025841161,0.487126919311266,3.12273545586421,0.443220537809241
31.34667222,113.1472028,"DOLERITE [26907]",31.5808309203233,78.7100679591305,11.9193894677758,59.6183996470487,14.0502914531601,4.8478621349905,15.9499521281672,2.41147738336229,14.4859666124619,2.96485353646683,8.13668390724298,1.12959688525317,6.97021210699436,0.993755654821412
31.34667222,113.1472028,"DOLERITE [26907]",20.6159771341832,48.0487497717688,6.93897623917067,29.360394120558,7.58544906921231,2.41433663530189,8.55619528089343,1.34766288294016,8.42289189908585,1.79292822956661,5.08767019351209,0.729903597497696,4.63237453230329,0.662857972103979
31.34667222,113.1472028,"DOLERITE [26907]",5.70842953638508,15.1039136958969,2.13034209117223,10.5021569120369,3.2688439948834,1.19723028184132,4.18476678887171,0.693600057065641,4.59895875372373,0.978466375407861,2.84254946010457,0.415057264022512,2.63187483610003,0.382059417186702
31.50527778,112.9961111,"DOLERITE [26907]",11.5632423830383,27.9118916154358,3.81410785000358,18.3902848977047,5.18035087209974,1.48722762889827,6.30344068611574,1.04273891362113,6.93965590555939,1.44655858245645,4.23682751353145,0.639250860760297,4.016491166307,0.599959211760508
-7.94,160.79,"ALKALI BASALT [2057] / DOLERITE [2009]",25.9,54.6,7.24,33.2,8.38,2.89,7.6,1.09,5.9,1.05,2.56,0.31,1.78,0.24
-7.94,160.79,"THOLEIITIC BASALT [2057] / DOLERITE [2009]",6.1,15.9,2.37,7.082,2.322,1.38,4.7,0.84,5.5,1.21,3.37,0.48,3,0.47
67.05,117.45,"DOLERITE [26980]",52,116,16.2,65,13.9,4.2,12.4,1.64,8.4,1.54,4,0.54,3.3,0.46
65.0167,117.0833,"DOLERITE [26980]",50,111,15.8,64,14.4,3.8,15.3,2.4,13.1,2.4,6.6,1,5.9,0.81
62.5167,113.9833,"DOLERITE [26980]",35,76,10.4,42,9.4,2.7,9.5,1.34,7.5,1.48,3.7,0.54,3.2,0.43
60.1167,116.7167,"DOLERITE [26980]",24,54,7.7,32,7.8,2.6,8.4,1.29,7.3,1.5,4.3,0.67,4.1,0.56
61.3833,126.6833,"DOLERITE [26980]",18,41,6,26,6.3,1.85,7.2,1.18,7.1,1.48,3.9,0.62,3.8,0.54
-7.94,160.79,"THOLEIITIC BASALT [2057] / DOLERITE [2009]",4.4,11.6,1.76,8.85,2.91,1.11,3.6,0.65,4.3,0.92,2.68,0.37,2.38,0.37
-7.94,160.79,"THOLEIITIC BASALT [2057] / DOLERITE [2009]",4.3,11.2,1.62,8,2.66,1.03,3.3,0.62,4.1,0.86,2.43,0.35,2.13,0.33
21.923,152.3228,"NOT GIVEN [5803] / DOLERITE [2432]",15.65,32.43,4.42,42.78,8.48,1.11,3.56,0.49,2.73,0.49,1.24,0.18,1.08,0.16
38,139.5,"DOLERITE [9300]",2.35,6.3,0.96,4.79,1.51,0.67,1.98,0.35,2.36,0.49,1.51,0.23,1.48,0.21
38,139.5,"DOLERITE [9300]",3.91,11.3,1.78,8.62,2.57,1.04,2.97,0.55,3.32,0.73,2.07,0.31,1.95,0.29
38,139.5,"DOLERITE [9300]",2.66,7.7,1.24,6.37,1.99,0.66,2.91,0.43,2.8,0.58,1.71,0.24,1.58,0.24
81.9217,-31.86,"DOLERITE [9397]",6.79,15.6,2.34,10.2,2.83,1.05,3.68,0.64,4.03,0.88,2.41,0.38,2.38,0.37
81.9217,-31.86,"DOLERITE [9397]",7.29,16.6,2.45,11.1,3.13,1.13,3.96,0.68,4.34,0.94,2.55,0.42,2.48,0.41
81.915,-32.0883,"DOLERITE [9397]",23.6,48.6,6.39,23.3,4.82,1.31,5.77,0.88,5.25,1.11,3.2,0.5,3.19,0.48
81.915,-32.0883,"DOLERITE [9397]",16.3,34,4.28,17.1,3.62,0.97,4.39,0.67,4.06,0.84,2.44,0.38,2.38,0.38
81.915,-32.0883,"DOLERITE [9397]",25.5,53.7,6.51,25.7,5.38,1.22,6.2,0.92,5.5,1.12,3.21,0.51,3.11,0.51
81.7183,-32.83,"DOLERITE [9397]",21.4,44.8,5.82,21.5,4.48,1.16,5.55,0.84,5,1.03,2.92,0.47,2.84,0.45
81.7183,-32.83,"DOLERITE [9397]",25.2,50.4,6.77,23.6,4.71,1.13,5.75,0.83,5,1.05,2.97,0.46,2.9,0.45
81.7183,-32.83,"DOLERITE [9397]",26.1,53,6.61,24,4.78,1.1,5.82,0.83,4.97,1.01,2.93,0.46,2.83,0.45
80.9433,-26.3317,"DOLERITE [9397]",16.7,33.8,4.57,16.4,3.45,1,4.33,0.66,4.12,0.88,2.53,0.4,2.49,0.38
80.9433,-26.3317,"DOLERITE [9397]",13.7,27.8,3.35,13.2,2.8,0.76,3.42,0.52,3.11,0.67,1.96,0.32,1.91,0.31
80.9433,-26.3317,"DOLERITE [9397]",14.7,30.1,3.59,13.5,2.76,0.76,3.39,0.51,2.97,0.64,1.84,0.29,1.83,0.3
81.9317,-31.8933,"DOLERITE [9397]",33.2,65.6,7.58,26,4.34,0.89,4.69,0.53,2.79,0.49,1.39,0.19,1.22,0.19
81.9317,-31.8933,"DOLERITE [9397]",42.2,81.5,9.46,33,5.58,0.98,5.99,0.74,3.97,0.75,2.1,0.32,1.94,0.3
81.78,-29.49,"DOLERITE [9397]",11.5,22.1,2.85,10.4,2.13,0.63,2.75,0.39,2.4,0.5,1.46,0.22,1.43,0.23
81.78,-29.49,"DOLERITE [9397]",9.3,19.8,2.46,8.6,1.66,0.32,2.02,0.29,1.79,0.38,1.14,0.19,1.14,0.18
81.725,-32.6767,"DOLERITE [9397]",19.6,40.7,5.29,19.3,4.09,1.08,5.19,0.77,4.67,1.01,2.78,0.43,2.63,0.41
41.83,125.5,"DOLERITE [27050]",24.01,52.28,6.45,26.74,5.64,1.85,5.39,0.8,4.83,0.91,2.5,0.35,2.14,0.31
41.83,125.5,"DOLERITE [27050]",23.39,51.06,6.43,26.05,5.75,1.81,5.39,0.81,4.87,0.9,2.49,0.34,2.11,0.31
41.83,125.5,"DOLERITE [27050]",27.04,59.68,7.33,29.5,6.33,1.96,6.17,0.88,5.43,1.03,2.77,0.41,2.46,0.37
41.83,125.5,"DOLERITE [27050]",13.5,30.79,3.96,16.9,4.04,1.38,3.88,0.59,3.58,0.67,1.89,0.28,1.61,0.24
41.83,125.5,"DOLERITE [27050]",13.2,29.58,3.83,16.36,4.04,1.35,4.02,0.57,3.55,0.67,1.83,0.26,1.57,0.23
41.83,125.5,"DOLERITE [27050]",13.3,30.2,3.9,16.7,4.05,1.36,4.01,0.58,3.57,0.68,1.86,0.27,1.59,0.23
41.83,125.5,"DOLERITE [27050]",13.94,31.14,4.04,17.1,4.06,1.41,4.05,0.62,3.76,0.68,1.92,0.27,1.67,0.24
41.83,125.5,"DOLERITE [27050]",15.57,35.35,4.7,20.1,4.58,1.52,4.58,0.69,4.07,0.8,2.21,0.3,1.89,0.27
-29.574,29.5978,"DOLERITE [8886]",11.1,23.7,3.29,14.64,3.75,1.16,4.35,0.732,4.46,0.96,2.62,0.408,2.6,0.43
-29.5846,29.6147,"DOLERITE [8886]",8.1,17.6,2.49,10.64,2.89,0.89,3.67,0.65,3.96,0.85,2.33,0.362,2.3,0.38
-29.5822,29.6274,"DOLERITE [8886]",10.6,22.9,3.2,13.79,3.65,1.14,4.48,0.76,4.76,1,2.74,0.428,2.78,0.46
-29.6514,29.5956,"DOLERITE [8886]",18.7,37.4,4.78,19.04,4.52,1.34,5.08,0.823,4.77,0.96,2.48,0.374,2.29,0.36
-29.6543,29.5475,"DOLERITE [8886]",12.8,26.9,3.64,15.97,4.24,1.26,4.88,0.816,4.82,0.97,2.54,0.377,2.37,0.37
-29.8394,29.5161,"DOLERITE [8886]",12.2,26.3,3.69,21.64,5.69,1.29,5.14,0.878,5.36,1.16,3.2,0.497,3.19,0.52
-29.9359,29.4875,"DOLERITE [8886]",7.9,17.8,2.63,12.57,3.45,1.16,3.86,0.639,3.86,0.81,2.18,0.331,2.12,0.34
-29.8998,29.5588,"DOLERITE [8886]",9.4,20.5,2.87,13.1,3.3,1.08,4.09,0.699,4.38,0.95,2.62,0.4,2.59,0.43
-29.8686,29.6059,"DOLERITE [8886]",11.9,24.6,3.33,13.811,3.39,1.21,4.02,0.665,3.94,0.82,2.2,0.33,2.12,0.34
-29.7875,29.4537,"DOLERITE [8886]",11.7,25.5,3.55,15.1,3.98,1.27,5.06,0.853,5.2,1.13,3.1,0.483,3.14,0.51
-29.8577,29.4324,"DOLERITE [8886]",13.7,28.4,3.79,16.08,3.95,1.33,4.53,0.745,4.44,0.93,2.48,0.377,2.39,0.38
-29.8587,29.4345,"DOLERITE [8886]",10.3,22.3,3.11,14.1,3.61,1.14,4.39,0.755,4.67,0.99,2.73,0.418,2.73,0.44
-29.9528,29.3574,"DOLERITE [8886]",12.3,26,3.59,14.95,3.79,1.19,4.6,0.788,4.76,1.02,2.82,0.438,2.86,0.47
-30.0117,29.352,"DOLERITE [8886]",10.2,22.2,3.11,13.56,3.6,1.13,4.43,0.755,4.6,1,2.73,0.426,2.71,0.45
-30.0339,29.3498,"DOLERITE [8886]",8.6,18.2,2.54,11.21,3.04,1.04,3.8,0.654,3.99,0.86,2.37,0.368,2.35,0.37
-30.0895,29.3302,"DOLERITE [8886]",11.9,25.7,3.56,15.28,3.92,1.19,4.69,0.792,4.85,1.05,2.85,0.441,2.85,0.47
-30.1562,29.2392,"DOLERITE [8886]",7.6,17.4,2.56,9.54,2.67,1.11,3.87,0.619,3.56,0.74,1.97,0.295,1.88,0.3
-30.2402,29.3275,"DOLERITE [8886]",5.9,13.5,1.99,12.41,3.43,0.91,3.05,0.5,2.9,0.6,1.6,0.238,1.51,0.24
30.67,86,"DOLERITE [27055]",26.2,59,7.35,29.1,5.5,1.64,4.79,0.69,4.01,0.82,2.19,0.31,1.9,0.3
30.67,86,"DOLERITE [27055]",26.7,59.5,7.36,29,5.49,1.63,4.75,0.68,3.97,0.81,2.16,0.3,1.85,0.3
30.67,86,"DOLERITE [27055]",22.1,50.3,6.32,25.2,5.02,1.48,4.54,0.67,4.06,0.84,2.24,0.32,1.95,0.32
30.67,86,"DOLERITE [27055]",27.7,62.8,7.78,30.4,5.5,1.48,4.59,0.64,3.59,0.71,1.86,0.27,1.64,0.25
30.67,86,"DOLERITE [27055]",25.2,55.9,6.9,26.6,4.89,1.36,4.08,0.57,3.22,0.63,1.66,0.24,1.46,0.22
30.67,86,"DOLERITE [27055]",28.7,59.5,7.22,28.4,4.91,1.36,4.18,0.57,3.23,0.64,1.65,0.24,1.43,0.22
30.67,86,"DOLERITE [27055]",37.7,81.7,9.91,37.4,6.5,1.74,5.3,0.72,4.25,0.84,2.32,0.34,2.14,0.33
30.67,86,"DOLERITE [27055]",38.1,79.5,10.5,40,6.61,1.85,5.49,0.75,4.24,0.86,2.28,0.33,2.01,0.32
30.67,86,"DOLERITE [27055]",34.1,75.6,9.24,35.7,6.02,1.59,5.12,0.69,3.86,0.77,2.04,0.29,1.79,0.28
30.67,86,"DOLERITE [27055]",41.2,86.5,10.8,39.1,6.49,1.66,5.3,0.73,4.04,0.79,2.06,0.3,1.83,0.28
30.67,86,"DOLERITE [27055]",19,41.8,5.33,21.8,4.51,1.37,4.11,0.62,3.65,0.73,1.99,0.28,1.74,0.27
14.254,1.409,"DOLERITE [27148]",16.4,35.6,4.66,21,5.29,1.75,5.06,0.84,5.01,1.06,2.91,0.39,2.57,0.39
14.719,0.917,"DOLERITE [27148]",12,26.4,3.55,17,4.17,1.31,3.98,0.68,4.3,0.97,2.54,0.37,2.31,0.38
14.744,0.91,"DOLERITE [27148]",14.6,32.2,4.31,19.2,5.02,1.5,5.36,0.77,4.97,1.04,2.79,0.37,2.45,0.42
14.505,0.911,"DOLERITE [27148]",14.6,32.4,4,19,4.94,1.44,5.64,0.86,5.23,1.17,3.06,0.48,3,0.44
14.61,1.02,"DOLERITE [27148]",23.6,53.5,6.87,30.8,7.54,2.19,6.31,0.96,5.38,1.13,2.85,0.39,2.69,0.4
14.245,1.433,"DOLERITE [27148]",17.9,39.5,5.06,22.9,5.48,1.6,5.56,0.9,5.32,1.18,2.99,0.45,2.88,0.39
14.223,1.449,"DOLERITE [27148]",17.1,37.1,4.89,23,5.52,1.51,5.69,0.84,5.01,1.1,3.03,0.43,2.8,0.43
14.244,1.436,"DOLERITE [27148]",16.7,37.7,4.8,22.3,5.54,1.5,5.33,0.82,5.44,1.1,3.05,0.46,2.81,0.44
14.592,1.038,"DOLERITE [27148]",15.2,34,4.49,20.7,5.23,1.44,5,0.74,4.69,0.94,2.65,0.37,2.54,0.39
14.592,1.038,"DOLERITE [27148]",16,37.2,4.8,22.5,5.41,1.65,5.12,0.85,5.06,1.09,2.81,0.43,2.58,0.39
14.729,0.914,"DOLERITE [27148]",15.1,31.5,4.13,18.5,4.61,1.26,4.69,0.79,4.79,0.94,2.52,0.39,2.3,0.35
14.602,1.015,"DOLERITE [27148]",17.3,38.2,5.07,23.7,6.02,1.83,5.57,0.88,4.92,1.08,3.03,0.44,2.83,0.42
14.719,0.919,"DOLERITE [27148]",13.1,29.1,3.95,18.4,4.61,1.46,4.62,0.76,4.43,1.08,2.81,0.4,2.5,0.4
14.712,0.923,"DOLERITE [27148]",17.3,38.2,5.21,23.8,5.89,1.83,5.2,0.85,5.41,1.12,3.3,0.44,2.94,0.44
14.712,0.923,"DOLERITE [27148]",31,67.2,8.88,39.9,9.67,2.35,10.05,1.58,9.18,2.09,5.58,0.79,5.08,0.81
14.22,0.914,"DOLERITE [27148]",11.3,25.3,3.53,16.9,3.84,1.26,4.26,0.63,4.28,0.99,2.58,0.33,2.36,0.37
14.751,0.984,"DOLERITE [27148]",15,33.7,4.5,20.2,4.72,1.39,4.82,0.84,4.78,1.03,2.86,0.38,2.64,0.4
14.751,0.984,"DOLERITE [27148]",24.8,53,7.38,33.2,7.75,2.58,8.27,1.24,8.08,1.63,4.37,0.63,4.03,0.67
14.63,0.968,"DOLERITE [27148]",17.6,38.8,5.01,24.2,5.68,1.74,6.01,0.92,5.72,1.25,3.38,0.49,2.94,0.44
14.63,0.968,"DOLERITE [27148]",26.7,59.7,7.72,34.7,7.74,2.44,7.2,1.07,5.67,1.21,3.3,0.41,2.64,0.4
14.757,0.899,"DOLERITE [27148]",16.7,38.2,5.18,21.8,5.83,1.73,5.61,0.92,5.76,1.24,3.28,0.44,2.95,0.45
-2.2724,-78.1914,"DOLERITE [27183]",16.17,34.56,4.75,21.52,5.09,1.49,4.5,0.67,4.16,0.8,2.33,0.33,2.26,0.32
46.2,10.3,"DOLERITE [27244]",19,42.5,5.73,26.6,8.06,2.63,8.91,1.41,8.36,1.56,4.13,0.521,3.1,0.478
46.2,10.3,"DOLERITE [27244]",9.78,21.8,2.94,14.3,4.47,1.56,5.11,0.87,5.19,0.96,2.56,0.341,2.07,0.317
46.2,10.3,"DOLERITE [27244]",14.1,30.1,3.86,17.9,4.98,1.57,5.23,0.87,5.16,0.95,2.62,0.35,2.1,0.323
46.2,10.3,"DOLERITE [27244]",15.3,30.9,4.23,19.3,5.72,1.95,6.37,1.06,6.49,1.24,3.38,0.452,2.75,0.421
46.2,10.3,"DOLERITE [27244]",24.7,50.7,6.34,27.9,7.1,2.3,6.92,1.08,6.28,1.14,3,0.379,2.22,0.339
46.2,10.3,"DOLERITE [27244]",30.1,63,7.97,37.3,9.94,3.09,10,1.48,8.25,1.43,3.67,0.448,2.61,0.387
46.2,10.3,"DOLERITE [27244]",33.2,68.3,8.47,35.1,8.77,2.76,8.43,1.34,7.6,1.37,3.62,0.479,2.84,0.417
38,120,"DOLERITE [27295]",13.72,32.25,4.23,19.57,4.71,1.78,5.1,0.74,4.45,0.82,2.15,0.3,1.8,0.25
38,120,"DOLERITE [27295]",13,30.8,3.99,18.9,4.63,1.72,4.96,0.76,4.48,0.81,2.13,0.29,1.78,0.26
38,120,"DOLERITE [27295]",14.44,34.49,4.55,21.27,5.02,1.79,5.44,0.79,4.87,0.9,2.35,0.32,1.86,0.26
38,120,"DOLERITE [27295]",13.65,31.96,4.01,19.99,5.02,1.76,5.12,0.75,4.52,0.85,2.21,0.31,1.82,0.25
38,120,"DOLERITE [27295]",14.03,33.61,4.23,20.86,4.56,1.78,5.32,0.78,4.65,0.81,2.19,0.3,1.82,0.26
29.3598,88.3039,"DOLERITE [27300]",16.3779764182437,35.0934841735663,4.53953565551742,20.7889803764983,4.79449336166888,1.69634413177651,4.91889591646647,0.751140496420156,4.42207602221117,0.8661069427031,2.36471656673667,0.342845190273794,2.08637776138168,0.306531161246187
29.3598,88.3039,"DOLERITE [27300]",16.6002801240564,35.7719411824282,4.61486792451391,20.9919043953486,4.9062862043664,1.68967863562589,4.93549292488486,0.760299723658512,4.49314064554566,0.874949065765892,2.38869116182946,0.342597191408287,2.1078670086646,0.310683594626345
29.3598,88.3039,"DOLERITE [27300]",16.3471915872344,35.4528355594959,4.56741433604327,20.7941800671485,4.90109686970732,1.66483094907479,4.8846480144348,0.753530438863977,4.44384377893782,0.86612344114646,2.33566097958767,0.336794370075406,2.08084561955649,0.307324264161907
29.3598,88.3039,"DOLERITE [27300]",16.5206904318969,35.6040575165708,4.61734215717669,21.2051134938442,4.8874458177808,1.6737906642979,4.93808616454671,0.765322330749468,4.53043372231936,0.886876811761418,2.37470408692331,0.342849751943976,2.10161217265083,0.308756240592537
29.3601,88.3021,"DOLERITE [27300]",16.92524449131,37.143435088011,4.86520058187907,22.4977605953055,5.38587403808518,1.79779679239285,5.2393742454908,0.838900543828345,4.9983589852176,0.970110003124692,2.59489307028514,0.378429581896118,2.33150175598165,0.342859003618551
29.3601,88.3021,"DOLERITE [27300]",17.7093169488523,38.8106577397384,5.09602503058103,23.6430449430544,5.65865333002651,1.87672243793752,5.59254189233313,0.884536434807685,5.15321039179321,1.00077666155928,2.69797372037635,0.390425678530101,2.35357618867246,0.341794130015703
29.3611,88.6334,"DOLERITE [27300]",14.7024734529241,33.6303527157991,4.41021561167505,20.2594532546225,5.211100027777,1.76095479611981,5.67996997882844,0.947721401767017,5.87323592981791,1.16050176546856,3.15211500825196,0.469359630038488,2.88057404718211,0.430615725325318
29.3611,88.6334,"DOLERITE [27300]",14.794459492525,33.7163525687149,4.422736041958,20.3624491915666,5.21901647484493,1.78020552307146,5.74604734685509,0.953247141084256,5.86504898776339,1.14689353931998,3.173474113052,0.473545811561257,2.90766499092268,0.436410022202248
29.3609,88.6338,"DOLERITE [27300]",12.5741009982904,29.065105289679,3.89041712894383,18.3121339629608,4.83004327081199,1.65393856699413,5.3807538698647,0.899843227892433,5.51549438544469,1.06567548651124,2.9130803469243,0.431260060194036,2.63151484616339,0.384065173108693
29.3609,88.6338,"DOLERITE [27300]",12.1784737076752,28.0292611333396,3.75785502449111,17.8317505068593,4.75910526968272,1.64343485580423,5.33029140499552,0.873044285367278,5.31855104801228,1.04950505928723,2.84644841470713,0.417414538385852,2.59569485728302,0.374573475723552
29.3598,88.6417,"DOLERITE [27300]",13.6378950572058,29.7089020430328,3.81303124673595,17.2831205741276,4.40847888307201,1.49328705974154,4.65963774456421,0.767153463918335,4.61337382348353,0.90960206389503,2.45463177261851,0.358104514259186,2.21405600662542,0.314168294263462
29.3598,88.6417,"DOLERITE [27300]",13.3449450370225,28.9604141915947,3.71113532363603,17.0744729956313,4.35397224333326,1.46932469438326,4.60701357103494,0.762770059050253,4.64711418770113,0.912204784556773,2.4716064706632,0.360437144131565,2.19854272189116,0.320570756686641
29.3579,88.6476,"DOLERITE [27300]",17.8878698676497,36.185930993709,4.50503198117937,19.8386077930702,4.46508869677555,1.42256551874597,4.25752728171818,0.626169799458526,3.61512807486522,0.703136457181839,1.85871936494693,0.268134296592459,1.66130007451925,0.2439514216541
29.3579,88.6476,"DOLERITE [27300]",18.3833959993667,36.8979383087812,4.51997120006434,19.7110423451369,4.41657060392245,1.38042439065884,4.19853213206874,0.618068356099956,3.53828035907627,0.684945709994291,1.8551909973208,0.272825943767652,1.65775043170799,0.246236204565116
29.3643,88.7232,"DOLERITE [27300]",15.2745778132437,36.0678294216037,4.84238549930814,22.7322278096106,5.68314064084217,1.83325234741885,5.56409654422085,0.869900250683459,5.15488605880994,0.99789018175588,2.63714227067581,0.384273895894936,2.33990458990449,0.346544051132518
29.3643,88.7232,"DOLERITE [27300]",15.4959533605605,36.604985175871,4.93654380145159,23.2508104078857,5.78382255667363,1.85896917586662,5.68041996972962,0.882566345238716,5.14677827982071,1.00609939459615,2.63985781479616,0.38881571798532,2.33115691400864,0.338748019200323
29.3723,88.0441,"DOLERITE [27300]",20.0992924767181,46.6857625563251,6.38190375276501,28.9177355606446,7.03064407821169,2.30489704209038,7.0908941913448,1.08097791855848,6.37281941042655,1.2428658825404,3.37046450308673,0.478633300619904,2.97479951995136,0.429434102365285
29.3723,88.0441,"DOLERITE [27300]",20.533428590139,47.2092772359679,6.42880812942991,29.2579321086892,7.02270030842011,2.30796986771877,7.18512083886349,1.09527826498535,6.38246467568806,1.26965153437772,3.41132252537004,0.488307012797633,3.03236239464393,0.443514635140934
29.3602,88.3002,"DOLERITE [27300]",13.0698222066939,29.464465743192,3.88013777326568,17.5178605310325,3.92812023840794,1.34664595838049,3.85882645539289,0.577092091749602,3.40127266756115,0.666950633632943,1.81239828804219,0.264956540914354,1.63718837604482,0.242466976952423
29.3602,88.3002,"DOLERITE [27300]",13.5537856857957,30.2336607019306,3.95585607597814,17.747714619553,3.98174104750343,1.32064099381095,3.7798620124174,0.585073564777491,3.41774188986783,0.671487279002643,1.80729510964492,0.261675574701085,1.65131712232879,0.243155102281766
29.3602,88.3002,"DOLERITE [27300]",13.4392276624287,30.0039043819871,3.91106189673026,17.7827497285843,4.0136019899451,1.33320680591444,3.79917196419872,0.593579987027038,3.39388534529045,0.671701239767084,1.82930860862533,0.268631770365308,1.66947723232709,0.244370056523316
29.3602,88.3002,"DOLERITE [27300]",13.532666084551,30.4070108095651,3.9793430306281,17.9162210101397,3.97264227479701,1.31285345830684,3.80389602122288,0.586999300300543,3.44629308914074,0.672215388077398,1.83216540715028,0.268242806500226,1.66354334549124,0.24281385021446
29.3602,88.3002,"DOLERITE [27300]",13.3711857446623,30.1359748755807,3.93782869414905,17.7617593756654,3.9666004914085,1.30733262832899,3.75701514715389,0.579471626802024,3.40854886906659,0.670054625419271,1.79506361755406,0.266951584455603,1.6284403651696,0.238356491088838
29.3598,88.6416,"DOLERITE [27300]",13.0613198458304,26.1813345823276,3.1821712482665,13.5244229568911,3.03093557081858,0.953170154807777,2.88679081933451,0.470686175090351,2.91017850854554,0.605811706303091,1.74628132150658,0.268805778480714,1.75499433366692,0.269233786902157
29.3598,88.6416,"DOLERITE [27300]",13.3334969158353,26.339719450086,3.1536857534576,13.5108084850621,3.0276028892583,0.959654114744983,2.89881239395331,0.469779270944917,2.86715284582368,0.596498705198511,1.73876522136739,0.271981512546871,1.78091164426402,0.27591256403877
29.3905,89.2658,"DOLERITE [27300]",15.7749947618974,32.744928154256,3.973551900497,16.6439259458474,3.58986188266659,1.18125113869252,3.54886676109547,0.56646944079492,3.50369032080579,0.728789015135895,2.07084670694692,0.324820098395598,2.07353237926878,0.340503562289756
29.3905,89.2658,"DOLERITE [27300]",15.1883339635277,31.3792631174547,3.76181983860446,15.9490334916697,3.39583761872055,1.178297610382,3.37653408750781,0.545143541417094,3.35756505682708,0.7085579164907,2.02290014244089,0.318532196360143,2.0923168466298,0.334661142634996
29.3746,88.0532,"DOLERITE [27300]",12.5237502882893,29.5989726009343,3.80370379536609,17.330830102629,3.91302073449164,1.203815801079,3.63150780049963,0.554259418978611,3.25288256404882,0.653529741802008,1.8362386906615,0.277168064574718,1.80083814153776,0.278497676524114
29.3746,88.0532,"DOLERITE [27300]",12.4586766718289,29.4516596404681,3.86611120215868,17.4036400861955,3.91684609752875,1.26007390469641,3.65357256246568,0.553525612171638,3.25464817650573,0.642955467625649,1.83751347588036,0.274521343148132,1.79911751138408,0.272055636735404
29.3778,88.0146,"DOLERITE [27300]",8.35541363756202,18.8956744494879,2.61753540274215,12.5116575323543,3.18949039130189,1.02589570852654,3.2490810390709,0.538940491210277,3.42164066054653,0.71165516133375,2.00668514969409,0.308645804309929,2.02083494131605,0.304492523206938
29.3778,88.0146,"DOLERITE [27300]",7.2158826388486,17.0834951591665,2.38749364950381,11.5530795852316,3.01593750862805,0.988488149112175,3.22113781741581,0.516273592816275,3.2718618400695,0.693469220006051,1.97357774713037,0.301505218523558,1.92227977407495,0.286329270247194
34.5,113,"DOLERITE [27307]",8,20.1,2.84,12.7,2.98,0.99,2.95,0.52,3.17,0.69,1.87,0.27,1.74,0.27
34.5,113,"DOLERITE [27307]",8.02,20.2,2.84,12.8,2.96,1,2.95,0.52,3.18,0.7,1.86,0.27,1.73,0.27
34.5,113,"DOLERITE [27307]",7.42,18.5,2.62,11.8,2.75,0.91,2.72,0.48,2.92,0.64,1.72,0.25,1.59,0.25
34.5,113,"DOLERITE [27307]",7.83,19.7,2.79,12.6,2.94,0.97,2.88,0.5,3.13,0.67,1.81,0.27,1.7,0.27
34.5,113,"DOLERITE [27307]",8.25,20.5,2.88,12.9,3,0.99,2.99,0.52,3.2,0.7,1.87,0.27,1.73,0.27
22.1212,106.8169,"DOLERITE [27315]",6.57,13.7,1.71,8.22,2.35,0.9,2.77,0.43,2.57,0.53,1.35,0.21,1.15,0.18
41.3,119.5,"DOLERITE [27316]",13.1,28,3.61,15.8,4.08,1.4,4.16,0.71,4.1,0.8,2.31,0.3,2.04,0.3
41.3,119.5,"DOLERITE [27316]",13.9,30.3,3.9,17,4.31,1.46,4.27,0.72,4.35,0.81,2.36,0.33,2.21,0.32
41.3,119.5,"DOLERITE [27316]",13.4,28.8,3.76,16.6,4.08,1.39,4.2,0.71,4.23,0.8,2.34,0.31,2.12,0.32
41.3,119.5,"DOLERITE [27316]",17.1,36.3,4.72,20.6,5.08,1.64,5.19,0.85,5.2,0.99,2.92,0.39,2.57,0.39
41.3,119.5,"DOLERITE [27316]",18.1,38.6,4.95,21.7,5.3,1.86,5.56,0.94,5.61,1.05,3.09,0.41,2.8,0.4
28.8,91.7,"DOLERITE [27384]",6.67,12.31,1.65,7.49,2.07,0.83,2.46,0.54,3.54,0.76,2.23,0.41,2.74,0.34
28.8,91.7,"DOLERITE [27384]",7.06,12.74,1.71,7.64,2.15,0.82,2.49,0.53,3.45,0.77,2.28,0.42,3.02,0.35
28.8,91.7,"DOLERITE [27384]",7.07,12.8,1.77,7.85,2.31,0.85,2.62,0.58,3.86,0.83,2.56,0.45,3.16,0.38
28.8,91.7,"DOLERITE [27384]",6.46,12.01,1.66,7.45,2.14,0.81,2.38,0.54,3.44,0.74,2.19,0.41,2.8,0.33
28.8,91.7,"DOLERITE [27384]",7.34,13.93,1.95,8.57,2.55,0.93,2.87,0.64,4.22,0.9,2.64,0.49,3.25,0.42
28.8,91.7,"DOLERITE [27384]",7.03,12.86,1.84,8.19,2.45,0.89,2.75,0.61,3.98,0.85,2.51,0.44,3.07,0.37
28.8,91.7,"DOLERITE [27384]",6.77,12.77,1.76,7.74,2.24,0.89,2.61,0.58,3.76,0.81,2.36,0.44,2.97,0.36
28.8,91.7,"DOLERITE [27384]",6.25,11.8,1.63,7.46,2.28,0.8,2.6,0.59,3.89,0.84,2.46,0.45,3.05,0.36
28.8,91.7,"DOLERITE [27384]",7.47,14.09,2,8.95,2.61,0.98,2.98,0.67,4.37,0.94,2.73,0.48,3.14,0.38
31.5,110,"DOLERITE [28558]",13.5769176620504,29.060473512696,3.77715906826608,16.8611093044861,3.96717984152563,1.34692535923875,4.06034649602235,0.676696442216557,4.08384614353243,0.828188141847686,2.3427320151183,0.324254140585575,2.1654314894338,0.331186210348818
31.5,110,"DOLERITE [28558]",11.5517467247002,25.4727055765249,3.33255793721746,15.1449712110914,3.52222625178341,1.24779064788289,3.76211026035761,0.620310321120264,3.60893068081349,0.750958867030527,2.15420626952621,0.294419366894139,1.96636666545106,0.308691021075017
31.5,110,"DOLERITE [28558]",12.6252271563456,27.1819220380607,3.44757652283586,15.2906676152129,3.61125436362255,1.33452024716609,3.91275538464471,0.632949646448815,3.91908024288295,0.759799812325795,2.18812830832301,0.308407708386568,2.0293245932612,0.31088151242627
31.5,110,"DOLERITE [28558]",11.9749055696604,26.24148620852,3.43796814612561,15.1512507226276,3.43776687349431,1.32000389167001,3.84534959752338,0.635235815423292,3.90551712346469,0.80392930679858,2.18205693397364,0.304116272728588,2.05061564301521,0.312662367111433
31.5,110,"DOLERITE [28558]",13.1848852616231,28.1227792243024,3.63067812910361,16.2935890983261,3.66316561983665,1.37034893667037,4.08392257107333,0.641908882873771,3.91466072424669,0.827159644019268,2.24680377528573,0.308051652619883,2.06187744622535,0.317180952257443
31.5,110,"DOLERITE [28558]",12.329428959086,27.179805860882,3.51263895973657,15.4884271186739,3.618244289418,1.31514258837044,3.84322187014175,0.616243295006179,3.78754854927081,0.793672405695863,2.1868331078107,0.302458618049745,1.98808149285933,0.302485363476417
31.5,110,"DOLERITE [28558]",12.1616088625591,26.429221477359,3.43239644575318,15.4295129591001,3.5192371150086,1.33698388124471,3.85318454773338,0.643678252762823,3.85363534311839,0.788741226268578,2.20860519210454,0.308446628849818,2.03319499047861,0.315635478362513
31.5,110,"DOLERITE [28558]",11.3872941322581,24.5354134083886,3.10870965909312,13.8382768973424,3.25132620156399,1.20019282718304,3.38325529575932,0.563942069385687,3.45662380825465,0.67402398456897,1.95503626853353,0.276005183956473,1.77464266677722,0.261766417475418
31.5,110,"DOLERITE [28558]",12.9859866187053,27.0312853949901,3.58363629644761,16.061648610515,3.83512126683688,1.35392459802703,4.02071751320476,0.648671060593715,4.01506424658509,0.809866202352033,2.32286440852704,0.319127806941643,2.08626304776541,0.310895546387236
31.5,110,"DOLERITE [28558]",13.1330803977708,28.5392386034043,3.72951690254439,16.8156532172038,4.01537958011811,1.33107507937067,4.27084076248412,0.676399455447843,4.15226699933908,0.851957364529219,2.3561876228227,0.323008308068082,2.08052453844192,0.318174329410682
31.5,110,"DOLERITE [28558]",12.2434275134885,25.5847214233357,3.4054347802776,15.4012290516115,3.8496494161616,1.38629490049972,3.97110388182465,0.638421759309872,3.97911886155258,0.791794356931598,2.21227280238919,0.309294284260131,2.03710447297594,0.311894205891
31.5,110,"DOLERITE [28558]",12.722283600341,27.6121835749463,3.54593369858015,16.2725957245578,3.97808441328228,1.34832397016647,4.13930542516928,0.650750267551667,4.065108119845,0.776089274865312,2.24165268291905,0.309791919986827,2.0548714808092,0.307103109265349
31.5,110,"DOLERITE [28558]",12.9229602041821,28.0551566442854,3.58592644032586,16.3564515100726,3.82039273418766,1.30216256034499,4.01724740694828,0.644916139959459,4.03384579539127,0.808107429689278,2.24582605220295,0.308354674008255,2.09832842039286,0.310245095055795
-21.1126666666667,119.377783333333,"DOLERITE [28610]",1.47191663325665,3.53573266724567,0.550604093704521,2.77722806229754,0.92463515046242,0.357275604596028,1.22329614396541,0.228548164757523,1.52175579691094,0.324286824843904,0.902302458558284,0.136132115581428,0.88381450213605,0.135182798178489
-21.44705,119.536816666667,"DOLERITE [28610]",13.0137750928998,25.9848198042469,3.09795266257465,12.4108019309887,2.73142094525547,0.829444184140677,2.82592899716875,0.464954029495687,2.96738760783013,0.621014878566689,1.76447988891838,0.267777057730591,1.78565516688786,0.278079827504977
28.91,89.6,"DOLERITE [28619]",6.72,18.1,2.62,13.9,4.7,1.01,5.99,1.04,7.01,1.47,4.06,0.58,3.77,0.52
28.91,89.6,"DOLERITE [28619]",7.92,20.9,2.97,15.6,4.86,1.73,6.52,1.11,7,1.45,4.11,0.6,3.9,0.53
28.91,89.6,"DOLERITE [28619]",6.9,18,2.63,13.6,4.34,2.11,5.73,0.93,6.03,1.26,3.62,0.5,3.28,0.48
28.91,89.6,"DOLERITE [28619]",10.3,26.9,3.77,19.7,6.51,2.18,8.55,1.42,9.26,1.93,5.47,0.77,5.05,0.73
28.91,89.6,"DOLERITE [28619]",6.47,17.1,2.47,12.8,4.18,1.48,6.1,0.99,6.49,1.42,4.03,0.54,3.55,0.5
28.91,89.6,"DOLERITE [28619]",6.97,17.8,2.51,13.4,4.27,1.64,5.48,0.93,5.92,1.27,3.56,0.48,3.17,0.44
28.91,89.6,"DOLERITE [28619]",5.94,15.7,2.28,12.2,3.8,1.58,5.13,0.86,5.79,1.15,3.42,0.45,3.11,0.43
28.91,89.6,"DOLERITE [28619]",5.94,15.4,2.21,11.8,3.92,1.51,5.11,0.88,5.63,1.18,3.29,0.46,3.04,0.43
28.91,89.6,"DOLERITE [28619]",6.25,16.4,2.32,12.5,3.91,1.58,5.56,0.91,5.93,1.29,3.57,0.5,3.12,0.44
61.254227525,26.071251618,"DOLERITE [28638]",29.8071904503131,62.9450201541601,8.19694852900702,33.8969108553146,7.22484019285242,2.30363636283149,6.98274459413499,1.09199310720422,6.42808458226517,1.28895717777723,3.31361762154473,0.472358762969171,2.87793762911377,0.453183260661329
61.268808074,25.906192385,"DOLERITE [28638]",56.4082314335178,118.043181695855,15.1263128031838,61.1287300756545,12.5859280579351,3.18259850856504,11.5144107661866,1.77095041511563,10.3320708024585,2.0405595302005,5.22321005998297,0.733202102860405,4.53558506084299,0.694091993874136
61.29248797,25.756437035,"DOLERITE [28638]",37.9153570757981,80.2621684218423,10.4658428402752,43.3190077732145,9.34331963358134,2.66882116244624,8.75353953664517,1.3737706494017,8.22932940022218,1.65832034209725,4.30670706182342,0.611332618105894,3.72543344471785,0.585247864119942
61.506785984,24.837250724,"DOLERITE [28638]",52.063909599969,109.959042291033,14.1964222095319,58.6178127806153,12.1009926990591,3.11808410867337,10.8772898621285,1.62737787129992,9.38743921635318,1.88650763922676,4.83645556875268,0.673131022407519,4.07186304516812,0.646757119792398
61.668043451,24.277677941,"DOLERITE [28638]",44.5640034217517,94.4810420639936,12.3349682120515,50.6983352671141,10.7374174463884,2.96584294426496,10.0141566408657,1.53563367444453,8.95151285381789,1.79633417590688,4.66052986638468,0.650862142720822,3.99594843998946,0.620288316401237
61.621134425,24.594646759,"DOLERITE [28638]",52.5728936835823,110.730985421637,14.3769465612472,58.879318270678,12.1830928957844,3.17484097177921,10.8489016266457,1.66729712425894,9.47396291942368,1.87956353485051,4.8468703807456,0.674841174529575,4.12384349789545,0.639808819325057
61.630501533,24.866869551,"DOLERITE [28638]",39.6646799281235,82.9672691669791,10.6103948694399,43.4708972496843,9.15317921127761,2.82302240092775,8.46797950700317,1.29297542118911,7.32303719986481,1.43509621974901,3.60162328712975,0.503252730304304,3.0087523268501,0.463185292955056
61.537211537,24.492361125,"DOLERITE [28638]",50.7322229840381,104.23218637617,13.0910022578226,52.5651400674519,10.4943720815214,3.19451286673362,9.27807850853833,1.37144941936501,7.72599753238477,1.47234276464388,3.74936738163528,0.50363344550148,3.03179433605318,0.465933747803305
61.567451609,24.650319368,"DOLERITE [28638]",39.5983645443404,84.1370644151887,10.9649416819544,45.4974895549108,9.75059752014688,2.8461544746848,9.33627563922066,1.4710700536533,8.72372480822826,1.73896382848152,4.57417373846337,0.640321911413435,3.95987186932803,0.619858595162402
61.580265541,24.730388884,"DOLERITE [28638]",48.1164448888063,100.992487590263,13.0931455525851,54.1402678447269,11.1553250398756,2.95825791090593,10.0500220371159,1.51994930873438,8.70612706215563,1.71153938877256,4.49821445627272,0.619655487551837,3.79490089691773,0.590681182847818
61.453893949,25.109821061,"DOLERITE [28638]",33.493087882398,70.3131086335534,9.02622193458359,36.977030711521,7.79489277783425,2.63293618420271,7.28811280339264,1.12711759651537,6.43229343908102,1.26584434508714,3.22622551616378,0.445893467811042,2.71437528122977,0.414271283326135
61.493306953,24.785841725,"DOLERITE [28638]",24.221066941324,51.6786607251299,6.71382713020029,28.1150030794266,6.09975974609476,1.8198907972624,5.81079298974723,0.930649374739832,5.63883279645868,1.12266987904247,2.96599912650282,0.434453084129254,2.63989048692331,0.414683519677505
61.560686544,24.77290604,"DOLERITE [28638]",47.5048980583604,99.4809643164845,12.7401071965554,52.1743722645432,10.8639636588545,3.17225972271792,9.68651991126678,1.4726201146426,8.41809562543207,1.6154501326925,4.10837602281652,0.572843452721133,3.41715863609554,0.519685587288077
61.537136553,24.910774741,"DOLERITE [28638]",38.2498284373037,81.0946393086404,10.4993825377144,43.1912689158492,9.36113646690091,2.6764078480204,8.81629502586518,1.39565945445319,8.33819836616771,1.65624448150101,4.31512719656885,0.628704555614509,3.82677910639041,0.58661446981559
61.538157261,24.872210437,"DOLERITE [28638]",46.6636950097924,98.2554931017857,12.6064817720861,51.3869758839732,10.5409305593448,3.18865972112243,9.71321949131742,1.47423175044637,8.47332247424385,1.58809926274837,4.05494182120811,0.573572174144142,3.35364985418964,0.522114612481524
61.53474497,24.896562308,"DOLERITE [28638]",46.4109952866456,96.9612505346376,12.4879375977168,50.9218386916639,10.5932319076503,3.15801463486992,9.5282237185473,1.44790591571571,8.24831450703176,1.57688803115992,4.06343438720056,0.562449778895156,3.26016475242114,0.502931162760945
61.489716474,25.12489247,"DOLERITE [28638]",46.0732887658786,96.714332956954,12.360473447097,50.7816715465485,10.5404929107521,3.14841194879371,9.43008901592518,1.46064409074947,8.35399102368445,1.59882649624037,4.00915881564336,0.568860787676509,3.28452413133354,0.522148595978359
61.489716474,25.12489247,"DOLERITE [28638]",50.065031925993,105.181261858288,13.5149306128481,55.4426114214841,11.5180990982559,3.01681644071979,10.5766738311498,1.65236219136914,9.6904863929212,1.88143612069909,4.99266704765632,0.712317378242361,4.28475656843948,0.660248311752485
61.476398718,25.128115671,"DOLERITE [28638]",64.4786864799882,134.084697727316,17.0380578994149,68.6817045594262,13.855802663873,3.23526814630627,12.3708349342559,1.88220078970322,10.7824921376724,2.10046188844742,5.49540576192619,0.777149650615932,4.67383767002064,0.72126142219864
61.63675841,24.768210383,"DOLERITE [28638]",61.6065196631548,128.505469408061,16.4911225084732,66.2364528348679,13.5251678302114,3.27860068717401,12.1046086902992,1.82172403566362,10.730595429098,2.05117035748398,5.42180178078232,0.783812578570405,4.65357706828461,0.722769065527648
61.298878286,25.570125136,"DOLERITE [28638]",44.756421972691,94.4452390278515,12.2226852545851,50.6296403210731,10.6361325022413,3.00008675138956,9.86029077774989,1.53654392590093,9.05266403762924,1.7777116845972,4.77995257779095,0.670487062778837,4.06326913221387,0.634804656720055
61.2980657,25.724706853,"DOLERITE [28638]",45.1847689437889,95.5086631013464,12.392633978794,50.9699679230019,10.7335730668947,2.9931670085372,10.0339337968217,1.57080394974607,9.22678010874349,1.79621689376473,4.60255102554843,0.660935281632179,3.96390489227628,0.608566461680415
61.29245614,25.780644545,"DOLERITE [28638]",39.0946029158035,82.6974662031321,10.7633895672228,44.3489739741382,9.40823835909402,2.82616528639297,8.86731028476218,1.40979446945619,8.2689188120478,1.66263844304533,4.328097613938,0.618784499028595,3.70304748780498,0.56926746827461
61.287288964,25.799281213,"DOLERITE [28638]",44.9833745478295,95.2154307694352,12.3107539947497,50.4846024551135,10.7882623793762,2.97939478547938,9.93996198096236,1.54752065672993,9.06588438701555,1.78866241818486,4.67508654579317,0.674356042523666,4.0779947087164,0.623962282016905
61.277859735,25.844598423,"DOLERITE [28638]",48.8533611513133,102.987303253791,13.3280197142625,54.9298039264504,11.6339928413097,3.1526102670935,10.7425926268491,1.67845095779684,9.93909175434289,1.91157138712652,5.12329919249988,0.72129392385734,4.29364753934023,0.688867251290941
61.273397443,25.848828436,"DOLERITE [28638]",41.5133184857687,87.766693127084,11.389127259154,47.3530164369414,10.0925525061299,2.85656521501405,9.44635217667317,1.49707693439713,8.72922021208744,1.72416783219238,4.4978266591643,0.635292746915124,3.93082958977679,0.610845643902923
61.346992692,25.64692328,"DOLERITE [28638]",51.4559583366039,107.936758493762,13.9011813163478,56.7085745927196,11.9138434931492,3.08273816404385,10.85127827964,1.67079281215734,9.89459785602395,1.93312737765571,5.08206374810993,0.722017444943604,4.30621316578881,0.666843599138671
61.442361848,25.218270619,"DOLERITE [28638]",68.6785530581264,139.698125937781,17.4477691801686,69.130318440594,13.4258332335412,3.93879448804355,11.6037406466684,1.70371840782245,9.61565911462498,1.80423149562981,4.56631937761868,0.631773347785807,3.65478275589699,0.575495676647648
61.467465886,25.167920474,"DOLERITE [28638]",60.10513427916,125.928143037264,16.0885834137321,65.6764667091532,13.4146241259279,3.32645563102887,11.9842960101459,1.83944097171062,10.8531472405913,2.12448118191093,5.45889885708908,0.768963044588173,4.66701602265582,0.730600680033986
61.646542842,24.379982413,"DOLERITE [28638]",33.1097824334032,70.7036558227137,9.2971085566513,38.4860900122085,8.33731266914618,2.6041636068692,8.02214932708922,1.28288485207067,7.66336788148755,1.53063925843322,3.96836468327579,0.571494673890129,3.46235091409746,0.537755475598261
61.801518893,23.720698641,"DOLERITE [28638]",65.946639091129,140.178825777805,18.1884017566859,74.99207618173,15.8530683980827,3.95817695980615,14.6158093883992,2.27826037207079,13.4716491755171,2.62510382443165,6.90677582364144,0.969089953348817,5.88059892410565,0.906858637328242
61.328917359,25.611228792,"DOLERITE [28638]",41.9622120957893,89.4417529157561,11.7368822852674,48.67211856189,10.4039279652159,2.90402048820771,9.69963290876509,1.54971205729376,9.2088267733971,1.81212054027399,4.72991291632152,0.681589504568494,4.12174197381748,0.637249757346594
61.316057356,25.650199425,"DOLERITE [28638]",38.8832278667908,82.3715965780579,10.7691374425735,44.4482137132214,9.42312784408419,2.77027284240534,8.94821405640187,1.41698888479469,8.44462001611951,1.65629216397172,4.38095333709254,0.61540896074375,3.82141918650177,0.598529532994373
61.26890299,25.888043777,"DOLERITE [28638]",45.3953636397345,96.0294144085201,12.5420515233177,51.1368590686084,10.8374160720669,3.10603415181608,10.057836358377,1.56593617605943,9.2794147968397,1.81061079111397,4.74820760319933,0.674413529060908,4.0237414665304,0.63138496115996
61.284717934,25.790833803,"DOLERITE [28638]",38.8500264412481,82.5970241070581,10.7633203782129,44.5790150075262,9.53347003945897,2.77450467297964,9.04038442401315,1.42817632508881,8.51023672475617,1.67623713888373,4.41433437452441,0.629238656551922,3.87631904403717,0.611876780852316
61.301790012,25.699893859,"DOLERITE [28638]",49.4743631859877,104.682687742322,13.588418974578,55.9910364642096,11.633232073437,3.15357475982841,10.5943248289853,1.62746479017495,9.4790954037291,1.84824971574975,4.75208120688143,0.68789692792763,4.08979460171194,0.648077954389241
61.332992244,25.692527364,"DOLERITE [28638]",44.8727961148483,94.2707061567224,12.1468760647877,49.6490055167896,10.2863236075686,2.85597094240922,9.50969825170531,1.49224795808063,8.67421454298727,1.70473846944403,4.52696903040779,0.648822715757392,3.87797017426048,0.611246713213415
61.463444158,25.041468002,"DOLERITE [28638]",43.8403613888617,90.1889106215782,11.404227850871,46.2603251114459,9.31754895843519,3.03511186050608,8.16663994508871,1.23493420366122,6.97666720728063,1.3345547504089,3.30318595713805,0.456346901487696,2.7114263008386,0.418550584998775
61.638839639,24.274903447,"DOLERITE [28638]",48.0975639960615,100.80772847539,12.9321110001038,52.9913780906645,10.9867190822198,3.34018251056302,9.82338007735316,1.50142651791277,8.33636924507525,1.6123371255155,4.10250778685302,0.568489379246471,3.38427401634233,0.52650985210189
61.645423196,24.323084239,"DOLERITE [28638]",27.6782356775273,58.1221229562626,7.53981418075349,30.9490629749083,6.62568376068738,2.31692742707315,6.25479687167603,0.982537122269791,5.90864244903937,1.14756248321892,3.14952377794574,0.435074196141689,2.65836712384402,0.414793314854983
61.638078701,24.414757412,"DOLERITE [28638]",30.669737518529,64.7964142372593,8.4185640876942,34.9475074937873,7.56607755355081,2.52237334978673,7.26806369731824,1.14207945459795,6.86220805618481,1.34580020199145,3.5591063724989,0.512624846251071,3.10044407513314,0.491754455397876
65.7299587,29.246817841,"DOLERITE [28668]",20.4,40.9,0,19.9,3.56,0.89,3.39,0.51,2.97,0.58,1.66,0.25,1.53,0.23
19.2153,-70.5867,"DOLERITE [9716]",2.17,7.19,1.29,7.2,2.64,0.79,3.27,0.65,4.31,1.01,2.87,0.43,2.86,0.45
19.2153,-70.5867,"DOLERITE [9716]",2.22,7.05,1.22,6.36,2.49,0.84,2.83,0.68,4.21,0.93,2.77,0.51,2.82,0.42
19.2181,-70.5856,"DOLERITE [9716]",2.15,6.82,1.22,6.17,2.42,0.94,2.76,0.65,3.94,0.86,2.46,0.46,2.51,0.37
19.2314,-70.6786,"DOLERITE [9716]",2.14,6.29,1.15,6.2,2.23,0.84,2.85,0.54,3.62,0.81,2.44,0.36,2.43,0.38
-51.893,-60.44,"DOLERITE [28728]",9.35,20.87,2.77,12.37,3.29,1.12,3.76,0.64,3.98,0.8,2.3,0.35,2.08,0.31
-51.922,-60.215,"DOLERITE [28728]",12.42,27.19,3.44,14.64,3.68,1.19,4.16,0.68,4.2,0.83,2.37,0.36,2.12,0.31
-51.892,-60.457,"DOLERITE, OLIVINE [28728]",5.54,14.19,2.09,10.01,2.8,1.03,3.25,0.54,3.35,0.66,1.87,0.28,1.66,0.25
-51.946,-60.096,"DOLERITE, OLIVINE [28728]",5.6,14.29,2.1,10.16,2.84,1.03,3.29,0.54,3.35,0.67,1.9,0.28,1.68,0.25
-51.935,-60.115,"DOLERITE, OLIVINE [28728]",6.55,16.48,2.45,11.95,3.37,1.2,4.1,0.68,4.42,0.85,2.41,0.36,2.11,0.31
-51.937,-60.383,"DOLERITE [28728]",21.36,48.5,6.14,25.93,6.12,1.72,6.46,1.07,6.62,1.34,3.91,0.62,3.74,0.56
-52.153,-60.601,"DOLERITE [28728]",4.37,11.45,1.83,9.73,3.08,1.29,3.72,0.61,3.66,0.71,1.97,0.3,1.69,0.23
28.93,90.68,"DOLERITE [28748]",16.8232965532831,38.9774160050135,5.392031475882,23.8244493980083,6.09545891420813,1.98156596483779,6.59683086536558,1.02795731145659,5.83573755407989,1.0861115921879,2.77703341597551,0.385422075880797,2.40976368569368,0.335022307571226
28.93,90.68,"DOLERITE [28748]",16.5467801282245,38.609155032133,5.22583713069967,23.5665051220274,6.21423152117859,1.98838282988345,6.42186254206447,0.989581233152584,5.76782148919692,1.06831532055067,2.76177728818615,0.373818470628501,2.37621323779203,0.326064996720251
28.93,90.68,"DOLERITE [28748]",16.7387337921419,39.0687148267738,5.29656450843728,23.6730897124574,6.27743039037693,1.95272183464634,6.48695529639668,1.00150376680006,5.81525682793213,1.0946963295486,2.78346570300362,0.377727973657074,2.37184656516393,0.331355139086873
28.93,90.68,"DOLERITE [28748]",20.3586902325157,46.367630280573,6.35761362734894,28.1431124734352,7.24179668115728,2.25121935873582,7.62322805538482,1.21907209395363,6.83491135417057,1.30307935398946,3.29258125534268,0.456955348850484,2.80893828070353,0.401642232981344
28.93,90.68,"DOLERITE [28748]",16.9069615453839,38.5391217458831,5.31942185372153,23.5981043323764,6.01008181997033,1.95475445931392,6.5991276564356,0.986415963382671,5.70283208715803,1.09261425039595,2.78051582555936,0.369913579712719,2.3213891836698,0.329146238755619
28.93,90.68,"DOLERITE [28748]",16.1137495659771,38.6311474870504,5.13379221960485,23.1135020457212,6.06493417143691,1.91356801884776,6.35662068617635,0.984583635523758,5.71753822997417,1.04632174120897,2.75851893174269,0.374409179122418,2.32194567288435,0.325396024331435
28.93,90.68,"DOLERITE [28748]",15.2140624748025,35.5728586484377,4.7721925657846,21.6535947580542,5.63895447184448,1.85465898476775,5.93664487265969,0.887158734824977,5.38517583396022,1.02064224972631,2.57308858163712,0.356139863925841,2.15580814325359,0.305668196699302
28.93,90.68,"DOLERITE [28748]",15.1003984874289,35.1331649761742,4.77094322081895,21.632180456793,5.53540291188987,1.85229457395831,6.00516379257838,0.909770522717321,5.25475489761157,0.997400122767995,2.55078795792039,0.348050491563464,2.22089046791947,0.310947778376414
15.4,77.7,"DOLERITE [28758]",3.76,9.18,1.3,6.01,1.75,0.75,2.05,0.33,2.13,0.47,1.26,0.18,1.21,0.18
15.4,77.7,"DOLERITE [28758]",22.92,51.65,6.6,26.65,6.43,2.15,6.31,0.94,5.74,1.17,3.03,0.42,2.84,0.42
15.4,77.7,"DOLERITE [28758]",21.98,47.94,6.08,25.22,5.87,1.93,5.94,0.94,5.64,1.1,2.91,0.41,2.58,0.38
15.4,77.7,"DOLERITE [28758]",17.88,37.99,4.51,17.23,3.77,1.17,3.84,0.6,3.68,0.74,1.93,0.27,1.78,0.27
14.5,77.5,"DOLERITE [28758]",2.86,7.02,0.93,4.15,1.16,0.95,1.26,0.2,1.37,0.26,0.7,0.1,0.65,0.09
14.5,77.5,"DOLERITE [28758]",4.19,9.68,1.39,6.06,1.6,0.73,1.79,0.3,1.89,0.38,1.06,0.15,1.02,0.15
25.4293,115.667,"DOLERITE [28871]",59,7.41,29.9,6.04,4.9,3.55,0.63,1.63,0.72,1.96,0.28,1.94,3.6,0.31
25.4,115.7,"DOLERITE [28871]",57,7.07,28.2,5.87,5.16,4.16,0.68,1.66,0.88,2.57,0.39,2.65,4.1,0.4
25.4,115.7,"DOLERITE [28871]",57.8,7.35,29.3,6.33,5.36,4.39,0.72,1.78,0.88,2.47,0.38,2.59,4.1,0.4
25.4,115.7,"DOLERITE [28871]",60.3,8.04,31.9,7.15,6.2,5.15,0.86,1.97,1.06,3.01,0.47,3.23,4.6,0.52
25.4,115.7,"DOLERITE [28871]",67.8,8.1,32.2,6.81,5.91,4.88,0.81,1.89,0.99,2.87,0.45,2.91,4.5,0.46
25.4,115.7,"DOLERITE [28871]",63.3,7.99,30.6,6.15,5.03,3.64,0.63,1.68,0.69,1.81,0.22,1.44,4.1,0.27
25.4,115.7,"DOLERITE [28871]",62,7.78,31.2,6.08,5.27,3.65,0.63,1.76,0.7,1.79,0.24,1.35,4.3,0.25
25.4,115.7,"DOLERITE [28871]",59.9,7.7,30.5,6.4,4.9,3.89,0.65,1.83,0.76,2.15,0.32,2.12,4,0.36
-29.079513147127,-71.4876529906058,"DOLERITE [28910]",8.7,36.97,4.07,25.74,7.52,2.08,8.55,1.56,9.65,2.01,5.77,0.8,5.37,0.78
-20.7283,14.22,"DOLERITE [4586]",10.3,24.4,3.55,16.3,3.75,1.22,3.96,0.61,3.5,0.68,1.79,0.27,1.6,0.24
31.65,85.77,"DOLERITE [29023]",33.75,73.5,8.874,33.52,6.531,1.809,6.516,0.9614,5.318,1.107,3.056,0.4343,2.634,0.3991
31.65,85.77,"DOLERITE [29023]",40.42,86.76,10.55,40.32,7.911,2.205,7.736,1.145,6.454,1.311,3.629,0.5116,3.143,0.4765
31.65,85.77,"DOLERITE [29023]",39.99,84.55,10.51,39.65,7.688,2.179,7.555,1.128,6.337,1.293,3.602,0.5038,3.176,0.4712
31.65,85.77,"DOLERITE [29023]",33.49,71.86,8.79,33.83,6.614,1.859,6.439,0.9634,5.384,1.085,3.047,0.4283,2.66,0.3962
31.65,85.77,"DOLERITE [29023]",28.77,71.21,8.703,34.73,7.038,1.978,6.909,1.009,5.906,1.204,3.447,0.4723,2.958,0.4479
31.65,85.77,"DOLERITE [29023]",41.76,88.16,11.534,42.08,8.206,2.04,7.276,1.08738,6.2832,1.27365,3.4986,0.51326,3.1196,0.47388
31.65,85.77,"DOLERITE [29023]",40.16,87.2,11.016,39.76,7.808,1.9772,6.846,1.0185,5.8338,1.17726,3.2046,0.46376,2.7874,0.42108
31.65,85.77,"DOLERITE [29023]",36.98,80.32,10.178,36.6,7.242,1.854,6.284,0.94059,5.3382,1.07604,2.919,0.42746,2.5542,0.38676
31.65,85.77,"DOLERITE [29023]",40.3009027081244,87.4824473420261,11.0651955867603,39.7793380140421,7.84152457372116,1.96068204613842,6.77231695085256,1.01524573721164,5.7839518555667,1.15594784353059,3.14894684052156,0.462948846539619,2.76489468405216,0.416830491474423
31.65,85.77,"DOLERITE [29023]",36.82,80.94,10.138,36.56,7.206,1.8326,6.334,0.94773,5.4579,1.09683,2.9904,0.43736,2.684,0.39842
37.27,-2.22,"DOLERITE [7839]",4.6,12.3,1.8,8.5,2.7,1,3.5,0.6,4.2,1,2.7,0.4,2.7,0.4
37.27,-2.22,"DOLERITE [7839]",5.4,13.3,1.9,9.2,3,1.1,3.6,0.6,3.2,0.7,1.7,0.2,1.5,0.2
37.27,-2.22,"DOLERITE [7839]",4.3,11,1.6,7.8,2.7,1,3.6,0.6,4.2,1,2.7,0.4,2.6,0.4
37.27,-2.22,"DOLERITE [7839]",2.5,6.5,1,4.5,1.3,0.6,2,0.3,2.4,0.5,1.6,0.2,1.5,0.2
37.27,-2.22,"DOLERITE [7839]",5.7,13.8,1.9,8.8,2.6,1,3.1,0.5,3.4,0.8,1.9,0.3,1.8,0.3
37.27,-2.22,"DOLERITE [7839]",4.4,11.8,1.8,8.6,2.7,1,3.4,0.6,3.6,0.8,2,0.3,1.8,0.3
37.27,-2.22,"DOLERITE [7839]",6.1,16.2,2.4,11.9,3.3,0.9,3.4,0.6,3.7,0.7,1.9,0.3,1.7,0.2
37.27,-2.22,"DOLERITE [7839]",6.8,19.5,3,14.9,4.5,1.2,4.6,0.8,4.9,1,2.7,0.4,2.4,0.3
37.27,-2.22,"DOLERITE [7839]",9.1,21.4,2.9,12.4,3.3,1.1,3.7,0.6,3.4,0.7,1.9,0.3,1.8,0.3
37.27,-2.22,"DOLERITE [7839]",8.1,19.3,2.6,11.2,3.1,1.1,3.4,0.5,3.2,0.7,1.8,0.3,1.7,0.3
37.27,-2.22,"DOLERITE [7839]",14,36.4,4.6,22,5.4,1.3,5.1,0.7,5.1,1,2.8,0.4,2.4,0.3
37.27,-2.22,"DOLERITE [7839]",16.9,41.9,5.5,25.1,6.1,1.5,6.1,1,5.9,1.1,3,0.4,2.3,0.3
37.27,-2.22,"DOLERITE [7839]",5.3,13.3,1.9,8.8,2.4,0.7,2.5,0.4,2.6,0.5,1.4,0.2,1.3,0.2
37.27,-2.22,"DOLERITE [7839]",12.6,33.4,4.5,21.4,5.4,1.2,5.3,0.9,5.5,1.1,2.9,0.4,2.8,0.4
37.27,-2.22,"DOLERITE [7839]",16.2,41.8,5.5,25.1,6,1.6,6.1,1,5.9,1.2,3.3,0.5,2.9,0.4
37.27,-2.22,"DOLERITE [7839]",18.5,42.8,5.6,23.6,5.7,1.8,5.8,0.9,5.3,1.1,3,0.5,2.8,0.4
37.27,-2.22,"DOLERITE [7839]",11.7,27.3,3.7,16.2,4,1.4,4.4,0.7,4.2,0.9,2.3,0.4,2.2,0.3
37.27,-2.22,"DOLERITE [7839]",13.2,31.1,4.1,18.1,4.6,1.5,4.7,0.8,4.8,1,2.5,0.4,2.1,0.3
37.27,-2.22,"DOLERITE [7839]",9.1,21.7,2.9,12.9,3.4,1.2,3.9,0.6,3.7,0.8,2,0.3,1.8,0.3
37.27,-2.22,"DOLERITE [7839]",6.5,16,2.2,9.8,2.8,1,3.1,0.5,2.8,0.6,1.6,0.2,1.5,0.2
37.27,-2.22,"DOLERITE [7839]",8.2,21.3,2.9,13.9,3.6,1,4.3,0.7,4,0.8,2.3,0.3,2.1,0.3
37.27,-2.22,"DOLERITE [7839]",6.3,16.2,2.2,10.7,3,0.8,3.1,0.5,3.2,0.7,1.8,0.3,1.6,0.2
37.27,-2.22,"DOLERITE [7839]",7,17.9,2.4,11.6,3.1,0.9,3.4,0.6,3.5,0.7,2,0.3,1.8,0.3
37.27,-2.22,"DOLERITE [7839]",7.9,20.2,2.9,13.4,3.5,1,3.8,0.6,3.8,0.8,2.2,0.3,2,0.3
37.27,-2.22,"DOLERITE [7839]",6.3,16.1,2.2,10.5,2.8,0.8,2.9,0.5,3.1,0.7,1.8,0.3,1.6,0.2
37.27,-2.22,"DOLERITE [7839]",6.8,14.8,1.8,8.1,2.1,0.8,2.4,0.4,2.5,0.5,1.4,0.2,1.3,0.2
37.27,-2.22,"DOLERITE [7839]",3.7,9.1,1.3,6,1.7,0.7,1.9,0.3,2.1,0.4,1.2,0.2,1,0.2
60.25,-131.17,"DOLERITE [8906]",3.196,9.802,1.662,9.084,3.255,1.172,4.441,0.782,5.326,1.16,3.448,0.499,3.18,0.476
47.76,-3.38,"DOLERITE [14692]",7.6,17.9,1.9,10.4,2.9,0.96,3.2,0.6,3.5,0.74,2.2,0.3,2,0.32
18.9,72.3,"DOLERITE [7060] / THOLEIITIC BASALT [1849]",22.4,49.8,6.7,30.6,7.53,2.54,8.83,1.4,8.17,1.59,4.45,0.6,3.68,0.52
18.9,72.3,"DOLERITE [7060] / THOLEIITIC BASALT [1849]",12.6,27,3.52,15.4,3.9,1.43,4.45,0.73,4.51,0.89,2.42,0.34,2.1,0.3
33.25,35.58,"DOLERITE [7841]",5.3,12.3,1.8,8.1,2.22,0.83,3,0.43,2.57,0.51,1.36,0.19,1.22,0.19
33.25,35.58,"DOLERITE [7841]",9.9,21.7,2.8,13.1,3.4,1.28,3.8,0.63,3.64,0.69,1.78,0.23,1.46,0.21
47,141.5,"THOLEIITIC BASALT, QUARTZ [7753]",12.41,26.42,3.26,14.22,3.69,1.24,3.57,0.58,3.53,0.71,1.89,0.27,1.71,0.27
47,141.5,"THOLEIITIC BASALT, QUARTZ [7753]",12.24,25.81,3.13,14.53,3.61,1.25,3.55,0.57,3.46,0.71,1.84,0.26,1.69,0.26
50.23,87.8,"DOLERITE [12955]",5.392,16.22,2.641,14.64,4.875,1.682,5.662,1.151,7.309,1.585,4.436,0.6609,4.292,0.6423
19.1358,-156.1159,"DOLERITE [10281]",9.18,21.99,3.25,15.66,4.71,1.61,5.22,0.85,4.98,0.94,2.51,0.35,2.12,0.32
19.1332,-156.1162,"DOLERITE [10281]",7.67,18.06,2.71,13.17,3.99,1.39,4.49,0.72,4.19,0.8,2.13,0.3,1.8,0.27
64.65,116.62,"DOLERITE [15335] / BASALT [15231]",40.3,100.1,12.3,59.6,13.3,3.6,13.99,2.25,12.33,2.37,6.54,0.92,5.01,0.76
20.72359,14.30943,"DOLERITE [15724]",6.3,16,2.4,12,3.2,1.1,3.8,0.64,3.9,0.73,2.1,0.28,1.9,0.26
21.28053,14.47859,"DOLERITE [15724]",5,13,1.9,8.8,2.6,1,3.4,0.62,3.8,0.73,2.3,0.32,2.1,0.3
21.31004,14.71148,"DOLERITE [15724]",4.4,10,1.6,6.8,2,0.73,2.4,0.45,2.6,0.49,1.5,0.22,1.4,0.2
53,90,"DOLERITE [20388]",37.9,84.7,9.7,42,8.09,2.42,7.9,1.09,6.47,1.26,3.9,0.51,3.3,0.51
53,90,"DOLERITE [20388]",55.2,112.7,12.4,51.3,9.15,2.43,8.3,1.07,6.44,1.24,3.56,0.5,3.34,0.51
-20.73,139.5,"DOLERITE [12819]",15.5,34.1,4.63,20.2,4.89,1.56,5.46,0.91,5.55,1.19,3.19,0.46,2.98,0.44
-20.1808,12.1713,"BASALT [6857] / DOLERITE [1679]",11.9,26.8,3.62,16.5,4.09,1.26,4.38,0.726,4.53,0.959,2.69,0.399,2.56,0.374
-20.8855,12.5238,"BASALT [6857] / DOLERITE [1679]",18.5,39.8,5.07,21,4.25,1.32,4.4,0.694,4.19,0.869,2.41,0.344,2.2,0.321
-19.8362,12.957,"BASALT [6857]",13.4,31.2,4.27,19.1,4.93,1.68,5.63,0.905,5.53,1.14,3.06,0.439,2.76,0.403
12.5,-70,"DOLERITE [1608]",2.28,5.89,0.92,4.79,1.67,0.65,2.09,0.43,2.95,0.63,1.8,0.26,1.8,0.27
28.4,110,"DOLERITE [11700]",19.8,41.1,5.22,20.5,4.39,1.29,4.67,0.7,3.81,0.72,1.79,0.24,1.53,0.23
28.495,109.8185,"DOLERITE [11700]",24.8,50.6,6.43,25.6,5.28,1.84,5.2,0.78,4.19,0.78,2.02,0.27,1.79,0.26
27.6,110.4,"DOLERITE [11700]",26.3,56.3,7.42,29,6.03,2.34,5.66,0.84,4.38,0.8,1.99,0.26,1.63,0.22
27.6,110.4,"DOLERITE [11700]",24.4,50.5,6.48,25.2,5.22,1.6,5,0.75,4.11,0.74,1.94,0.24,1.6,0.23
27.6,110.4,"DOLERITE [11700]",44.3,91.3,11.7,45.6,9,2.72,8.41,1.26,7.17,1.3,3.36,0.44,2.77,0.41
27.6,110.4,"DOLERITE [11700]",60.5,120,15.3,57.6,11,3.02,9.77,1.5,8.3,1.56,4.01,0.54,3.51,0.5
27.6,110.4,"DOLERITE [11700]",47,93.6,11.8,43.7,7.8,1.92,6.28,0.9,4.53,0.79,1.78,0.21,1.18,0.16
27.6,110.4,"DOLERITE [11700]",28,57.2,7.27,29,5.96,1.74,5.91,0.89,4.77,0.88,2.24,0.3,1.86,0.27
27.6,110.4,"DOLERITE [11700]",34,69.6,8.6,33.8,6.85,2.04,6.42,1.01,5.53,1.07,2.74,0.36,2.42,0.36
25.8,110,"DOLERITE [11700]",16,34.2,4.59,18.9,4.34,1.33,5.01,0.82,4.72,0.93,2.59,0.36,2.39,0.35
25.8,110,"DOLERITE [11700]",15.4,31,4.2,17.1,3.95,1.21,4.49,0.74,4.29,0.86,2.26,0.32,2.06,0.31
27.32,110.13,"DOLERITE [11651]",28.11,62.02,5.95,23,4.68,1.42,5.52,0.71,3.96,0.72,1.84,0.25,1.43,0.24
27.32,110.13,"DOLERITE [11651]",31.49,49.59,5.63,26.06,5.8,1.57,4.34,0.69,3.93,0.78,1.83,0.29,1.63,0.28
27.32,110.13,"DOLERITE [11651]",41.62,76.96,9.72,41.65,8.612,2.24,6.45,0.96,5.87,1.19,2.62,0.41,2.41,0.42
27.32,110.13,"DOLERITE [11651]",46.82,76.94,9.25,40.7,8.323,2.29,6.14,0.87,5.16,1.11,2.79,0.39,2.11,0.36
27.32,110.13,"DOLERITE [11651]",38.27,64.48,8.22,37.08,7.619,1.9,4.92,0.78,4.73,0.99,2.48,0.36,2.32,0.36
28.4,110,"DOLERITE [11651]",23.25,44.87,4.76,23.93,5.343,1.28,3.91,0.7,3.72,0.75,1.75,0.29,1.65,0.25
28.4,110,"DOLERITE [11651]",32.38,55.37,6.44,26.81,5.91,1.67,4.99,0.8,4.19,0.97,2.08,0.33,1.86,0.3
28.4,110,"DOLERITE [11651]",26.25,46.42,5.04,23.96,5.242,1.58,4.11,0.67,3.78,0.79,1.8,0.29,1.65,0.27
28.4,110,"DOLERITE [11651]",33.16,57.39,6.53,28.82,6.218,1.81,4.95,0.79,4.68,0.97,2.29,0.35,1.98,0.31
28.4,110,"DOLERITE [11651]",19.24,37.12,4.31,20.22,4.9,1.47,3.71,0.6,3.17,0.74,1.61,0.24,1.49,0.22
28.4,110,"DOLERITE [11651]",20.48,34.51,4.25,20.14,4.527,1.55,3.52,0.57,3.14,0.68,1.66,0.24,1.37,0.21
35.34,116.99,"DOLERITE [10085]",22.7,50.48,6.68,28.12,5.49,2.01,4.95,0.7,3.65,0.67,1.74,0.25,1.49,0.24
35.34,116.99,"DOLERITE [10085]",22.07,48.16,6.26,26.9,5.12,2.04,4.72,0.68,3.41,0.67,1.65,0.24,1.47,0.24
35.34,116.99,"DOLERITE [10085]",25.97,53.93,7.1,30.82,5.59,2.25,5.17,0.72,3.72,0.71,1.69,0.26,1.55,0.23
35.34,116.99,"DOLERITE [10085]",23.4,50.82,6.68,29.05,5.29,2.07,4.87,0.71,3.51,0.67,1.73,0.25,1.55,0.25
35.34,116.99,"DOLERITE [10085]",25.45,55.18,7.14,31.05,5.71,2.22,5.14,0.74,3.57,0.71,1.78,0.26,1.62,0.27
35.58,118.23,"DOLERITE [10085]",23.48,50.41,6.8,27.74,5.32,2.02,4.81,0.66,3.57,0.66,1.73,0.25,1.53,0.24
35.58,118.23,"DOLERITE [10085]",22.41,53.91,7.27,30.32,5.77,2.25,5.3,0.74,3.8,0.71,1.81,0.27,1.52,0.25
35.58,118.23,"DOLERITE [10085]",21.84,48.88,6.19,26.55,5.06,1.71,4.7,0.68,3.49,0.63,1.67,0.24,1.53,0.23
35.26,117.97,"DOLERITE [10085]",20.29,46.65,5.97,25.5,5.01,1.7,4.37,0.66,3.25,0.62,1.63,0.24,1.43,0.23
35.26,117.97,"DOLERITE [10085]",22.45,49.85,6.54,27.12,5.38,1.78,4.81,0.67,3.56,0.65,1.76,0.23,1.55,0.24
35.26,117.97,"DOLERITE [10085]",21.92,46.94,6.27,26.53,5.07,1.77,4.7,0.66,3.47,0.68,1.67,0.25,1.53,0.24
35.26,117.97,"DOLERITE [10085]",19.16,44,5.78,25.55,4.72,1.64,4.42,0.65,3.29,0.61,1.6,0.22,1.44,0.23
35.26,117.97,"DOLERITE [10085]",22.55,46.25,6.64,25.53,5.08,1.79,4.6,0.7,3.3,0.62,1.65,0.26,1.52,0.28
35.26,117.97,"DOLERITE [10085]",22.53,48.7,6.37,27.84,5.21,1.8,4.71,0.69,3.46,0.68,1.7,0.25,1.53,0.25
35.26,117.97,"DOLERITE [10085]",22.33,49.46,6.42,27.91,5.18,1.87,4.71,0.67,3.57,0.7,1.73,0.26,1.57,0.25
29.8322,120.0925,"DOLERITE [11868]",20,46.1,6.43,29.5,7.42,2.38,7.69,1.31,7.9,1.67,4.62,0.68,4.09,0.58
29.8322,120.0925,"DOLERITE [11868]",19.8,48,6.64,30.6,7.57,2.56,7.98,1.38,8.17,1.63,4.71,0.72,4.38,0.66
29.8322,120.0925,"DOLERITE [11868]",34.2,75.1,10.9,48.1,11.6,3.9,13,1.89,11.5,2.34,6.66,0.97,6.05,0.93
29.8322,120.0925,"DOLERITE [11868]",33.2,73.6,10.4,46.8,11.2,3.95,13.3,2.03,12.2,2.51,7.27,1.04,6.7,1.04
29.8322,120.0925,"DOLERITE [11868]",33.2,75.4,10.4,46.5,10.6,2.64,11.7,1.68,10,2.01,5.57,0.78,4.71,0.72
29.8322,120.0925,"DOLERITE [11868]",11.2,27.2,4.17,20.2,4.91,1.71,5.56,0.92,5.53,1.09,3.1,0.44,2.71,0.43
29.8322,120.0925,"DOLERITE [11868]",13.2,32.5,4.91,23.6,5.46,1.75,5.62,1.04,6.5,1.33,3.55,0.52,3.25,0.49
29.8322,120.0925,"DOLERITE [11868]",33.9,78.7,10.66,48.5,12.23,3.83,13.13,2.23,12.85,2.68,7.84,1.09,6.79,1.12
29.8322,120.0925,"DOLERITE [11868]",14.7,37.1,5.54,26.4,6.32,1.92,7.07,1.19,7.35,1.53,4.3,0.65,3.86,0.62
23,69,"DOLERITE [11859]",62.7,125.39,12.07,60.14,10.79,3.73,11.87,1.52,6.43,1.13,3.27,0.46,2.38,0.33
23,69,"DOLERITE [11859]",67.55,131.27,12.23,60.04,10.25,3.56,11.42,1.45,6.22,1.11,3.29,0.48,2.49,0.35
36.33,120.14,"DOLERITE [11727]",48.7,99.8,11.5,45.6,7.84,2.73,7.1,0.83,3.85,0.74,2.05,0.27,1.9,0.27
36.33,120.14,"DOLERITE [11727]",35.7,76,8.92,35.8,6.56,2.16,6.09,0.8,4.29,0.84,2.3,0.32,1.56,0.27
39.78,78.58,"DOLERITE [11702]",54.2,111.8,13.9,53.7,10.6,3.1,8.9,1.4,7.3,1.3,3.5,0.5,2.9,0.4
39.78,78.58,"DOLERITE [11702]",45.9,95.2,11.8,45.9,9.3,3.1,8.1,1.3,6.9,1.2,3,0.4,2.5,0.4
39.78,78.58,"DOLERITE [11702]",51,103.2,12.9,51.1,10.4,3.3,8.9,1.4,7.2,1.3,3.2,0.5,2.9,0.4
39.78,78.58,"DOLERITE [11702]",39.7,81.7,10.3,41.8,8.3,2.6,7.2,1.1,5.9,1,2.6,0.4,2.3,0.3
39.78,78.58,"DOLERITE [11702]",37.5,79.6,10.1,42.9,9.2,3.1,8,1.2,6.4,1.1,2.7,0.4,2.2,0.3
39.054,121.5461,"DOLERITE [10785]",19,43.3,5.58,26.1,6.47,1.93,6.36,1.05,6.06,1.24,3.09,0.45,2.94,0.48
39.054,121.5461,"DOLERITE [10785]",25.5,57.2,7.4,33,8.05,2.42,8.41,1.38,7.82,1.58,3.9,0.58,3.75,0.59
39.054,121.5461,"DOLERITE [10785]",25.9,58.7,7.52,35.8,8.72,2.56,8.24,1.39,7.9,1.6,3.97,0.59,3.85,0.61
39.054,121.5461,"DOLERITE [10785]",25.2,57.4,7.39,35.6,8.04,2.46,8.38,1.39,7.87,1.57,3.94,0.59,3.81,0.61
39.0321,121.5074,"DOLERITE [10785]",19.5,45.5,5.99,28.3,6.89,2.26,7.41,1.28,7.4,1.52,3.74,0.56,3.69,0.6
39.0321,121.5074,"DOLERITE [10785]",43.1,104.2,13.24,61.6,15.1,4.39,14.77,2.5,14.56,2.94,7.42,1.12,7.4,1.2
39.0686,121.5994,"DOLERITE [10785]",16.3,38.6,5.2,23.7,6.17,2.09,6.86,1.2,6.99,1.42,3.56,0.54,3.48,0.56
39.0105,121.6519,"DOLERITE [10785]",15.2,35.9,4.83,22.7,5.85,2.03,6.33,1.11,6.58,1.33,3.33,0.5,3.27,0.55
39.0831,121.7963,"DOLERITE [10785]",17.4,39.7,5.14,23.2,5.64,2.04,6,1.04,5.95,1.18,2.96,0.44,2.88,0.47
39.041,121.8975,"DOLERITE [10785]",12.3,30.1,4.14,19.3,5.23,1.8,5.62,1.01,5.94,1.17,2.95,0.45,2.94,0.48
39.041,121.8975,"DOLERITE [10785]",27.9,61.4,7.8,33.9,7.58,2.52,7.59,1.2,6.65,1.27,3.12,0.46,3.01,0.48
39.0831,121.7963,"DOLERITE [10785]",21.1,44.4,5.36,21,4.11,1.33,3.95,0.56,2.91,0.54,1.33,0.19,1.26,0.2
38.7616,121.1284,"DOLERITE [10785]",16.7,31.7,4.05,15.9,3.24,1.04,3.27,0.51,2.89,0.57,1.44,0.22,1.46,0.24
38.7616,121.1284,"DOLERITE [10785]",21.2,42.8,5.16,21.1,4.06,1.28,3.75,0.54,2.98,0.57,1.44,0.21,1.48,0.24
38.7616,121.1284,"DOLERITE [10785]",128,273,30.4,115,16.2,4.22,13.8,1.5,6.78,1.05,2.68,0.32,2.16,0.35
38.7616,121.1284,"DOLERITE [10785]",144,292,30.7,108,15,3.98,13.3,1.43,6.66,1.07,2.74,0.36,2.32,0.36
36.65,117.93,"DOLERITE [9690]",77.1,102,10.8,35.9,5.57,1.37,4.39,0.56,3.19,0.64,1.65,0.23,1.43,0.2
36.65,117.93,"DOLERITE [9690]",16.9,36.5,4.29,18.1,3.72,1.01,3.26,0.49,2.79,0.55,1.46,0.19,1.3,0.19
36.65,117.93,"DOLERITE [9690]",29.3,56.2,6.65,27.4,5.17,1.37,4.3,0.57,3.33,0.64,1.74,0.21,1.47,0.23
36.65,117.93,"DOLERITE [9690]",31.1,63.6,7.17,29.2,5.91,1.44,4.71,0.66,3.56,0.68,1.86,0.23,1.76,0.24
36.65,117.93,"DOLERITE [9690]",24.4,50.1,5.74,23.2,4.77,1.21,3.89,0.55,2.95,0.58,1.54,0.21,1.3,0.19
28,92,"DOLERITE [11343]",25.5,54.4,7.3,37.7,9.2,2.9,7.9,1.2,6.8,1.2,3.3,0.4,2.5,0.3
28,92,"DOLERITE [11343]",24.2,54.8,7.6,35.1,8.8,2.8,8.3,1.3,7.2,1.3,3.5,0.4,2.8,0.4
28,92,"DOLERITE [11343]",21.7,48.3,6.5,30.5,7.6,2.5,7.3,1.2,6.5,1.2,3.3,0.4,2.5,0.4
28,92,"DOLERITE [11343]",19.9,43.3,5.8,32.4,8.4,2.3,6.9,1.1,6.3,1.2,3.2,0.4,2.4,0.3
28,92,"DOLERITE [11343]",31.4,68.4,9,42.7,10,3,8.8,1.4,7.8,1.5,4,0.5,3.2,0.5
28,92,"DOLERITE [11343]",26.3,58,7.8,41.7,10.4,3.1,8.5,1.4,7.3,1.3,3.5,0.4,2.6,0.4
28,92,"DOLERITE [11343]",26.8,58.8,7.9,36.7,9.5,2.9,9.2,1.5,8.4,1.5,4.2,0.6,3.5,0.5
28,92,"DOLERITE [11343]",24.6,54.1,7.4,37.2,9.4,3.1,8.4,1.3,7.5,1.3,3.7,0.5,2.8,0.4
28,92,"DOLERITE [11343]",29.4,62.3,8.2,40.3,9.2,3,7.7,1.2,5.9,1,2.7,0.3,1.9,0.3
28,92,"DOLERITE [11343]",25.4,56.4,7.4,35.1,8.3,2.6,7.3,1.2,6.3,1.1,3.1,0.4,2.4,0.3
28,92,"DOLERITE [11343]",24,52.8,6.9,33,8,2.6,7.4,1.2,6.7,1.3,3.5,0.5,2.8,0.4
28,92,"DOLERITE [11343]",18.4,40.8,5.5,27.1,6.9,2.2,6.4,1,5.8,1.1,2.9,0.4,2.3,0.3
28,92,"DOLERITE [11343]",17.3,39.5,5.3,24.9,6.4,2,6.3,1,5.8,1,2.9,0.4,2.2,0.3
28,92,"DOLERITE [11343]",22.1,50.1,7,37.9,9.6,2.7,7.9,1.3,7.1,1.3,3.5,0.4,2.7,0.4
28,92,"DOLERITE [11343]",3.83,10,1.6,8.6,2.9,1.3,3.7,0.7,4.8,1,2.9,0.4,2.7,0.4
28,92,"DOLERITE [11343]",3.4,9.07,1.5,9.2,3.4,1.2,3.7,0.8,5.1,1.1,3.2,0.4,2.9,0.4
28,92,"DOLERITE [11343]",4.01,10.6,1.7,9.8,3.6,1.2,4.1,0.8,5.3,1.1,3.3,0.5,3,0.5
28,92,"DOLERITE [11343]",3.27,8.97,1.5,8.4,3.1,1.2,3.8,0.8,5.1,1.1,3.2,0.4,2.9,0.4
28.061,92.366,"DOLERITE [11343]",3.66,9.93,1.7,10.4,3.8,1.3,4.1,0.8,5.5,1.1,3.4,0.5,3,0.4
28,92,"DOLERITE [11343]",3.85,10.7,1.8,9.9,3.5,1.4,4.4,0.9,5.9,1.2,3.7,0.5,3.3,0.5
28,92,"DOLERITE [11343]",3.13,8.82,1.4,8,2.9,1.1,3.5,0.7,4.8,1,2.9,0.4,2.7,0.4
31.23,116.1,"DOLERITE [7978]",82.2,160.1,17.97,67.27,10.83,2.48,7.69,0.97,5.02,0.85,2.45,0.35,2.17,0.31
31.23,116.1,"DOLERITE [7978]",91.46,179.3,20.28,82.43,13.71,3.13,8.88,1.1,6.01,1.19,2.98,0.43,2.89,0.4
31.23,116.1,"DOLERITE [7978]",93.1,187.2,20.93,87.2,14.14,3,9.2,1.18,6.04,1.27,2.98,0.43,2.94,0.4
31.23,116.1,"DOLERITE [7978]",88.34,173.4,19.53,80.25,13.98,3.12,9.19,1.18,6,1.3,3.07,0.39,2.74,0.38
31,116.4,"DOLERITE [7978]",35.4,70.4,7.77,32.27,6.14,1.84,5.15,0.76,4.48,0.94,2.22,0.32,2.15,0.31
31.03,116.62,"DOLERITE [7978]",53,107,12.3,53.02,10.74,2.58,7.82,1.11,5.74,1.17,2.83,0.39,2.79,0.35
31.2,116.2,"DOLERITE [7978]",51.4,103.5,11.61,44.33,9.07,2.21,7.07,0.89,5.01,0.87,2.25,0.33,2.01,0.28
31.2,116.2,"DOLERITE [7978]",53.3,108,11.83,45.2,9.36,2.32,7.37,1.03,5.61,0.98,2.56,0.38,2.47,0.33
31.2,116.2,"DOLERITE [7978]",53.6,109.1,12.33,45.01,9.21,2.35,6.94,0.89,5.29,0.88,2.48,0.3,1.96,0.28
31.2,116.2,"DOLERITE [7978]",55,110.6,12.24,45.67,9.56,2.15,7.39,1.02,5.59,1.09,2.86,0.37,2.5,0.37
31.23,116.21,"DOLERITE [7978]",82.2,160.3,17.62,66.56,10.78,2.5,7.49,0.95,4.81,0.9,2.43,0.35,2.05,0.29
31.23,116.21,"DOLERITE [7978]",78.8,156.1,17.47,66.36,10.21,2.42,7.56,0.96,4.92,0.89,2.31,0.33,2.18,0.31
31.23,116.21,"DOLERITE [7978]",85.1,165.7,18.42,70,11.57,2.48,8.17,1.04,5.07,0.96,2.51,0.35,2.15,0.29
31.25,116.04,"DOLERITE [7978]",83.9,163.1,17.74,70.1,10.96,2.51,7.79,1.02,5.22,0.91,2.65,0.34,2.2,0.28
40,113,"DOLERITE [12020]",8.49,19.4,2.82,12.48,3.13,1.08,3.46,0.68,4.32,0.86,2.41,0.38,2.49,0.38
40,113,"DOLERITE [12020]",39.57,80.73,10.05,43.03,7.58,2.1,6.88,1.09,6.07,1.21,3.3,0.48,3.3,0.54
40,113,"DOLERITE [12020]",45.87,97.26,13.04,59.6,10.99,3.57,10.04,1.57,8.26,1.61,4.18,0.6,3.88,0.63
40,113,"DOLERITE [12020]",63.04,130.9,19.24,83.32,16.11,4.99,14.29,2.07,11.06,1.98,4.94,0.7,4.43,0.68
40,113,"DOLERITE [12020]",60.23,128.5,18.39,82.16,15.2,4.92,13.7,2.08,10.55,1.96,4.83,0.69,4.31,0.67
40,113,"DOLERITE [12020]",45.44,96.54,12.76,54.81,10.58,2.64,10.01,1.71,9.47,1.86,4.8,0.74,4.67,0.74
40,113,"DOLERITE [12020]",44.93,91.65,12.33,50.84,10.27,2.48,9.57,1.56,8.98,1.68,4.51,0.68,4.34,0.68
40,113,"DOLERITE [12020]",43.32,85.33,10.67,44.61,7.78,2.13,7.03,1.14,5.99,1.22,3.2,0.49,3.26,0.51
40,113,"DOLERITE [12020]",43.03,87.79,11.84,49.54,8.9,2.77,7.89,1.16,6.55,1.22,3.26,0.49,3.06,0.48
39.5,113.3,"DOLERITE [12020]",39.72,83.47,11.39,51.11,9.67,2.97,9.18,1.52,8.51,1.7,4.54,0.7,4.54,0.75
39.5,113.3,"DOLERITE [12020]",36.9,78.94,11,48.15,9.51,2.77,8.99,1.5,8.58,1.67,4.55,0.67,4.48,0.71
39.5,113.3,"DOLERITE [12020]",38.93,83.95,11.26,50.23,9.8,2.89,9.27,1.51,8.49,1.69,4.52,0.67,4.49,0.72
39.5,113.3,"DOLERITE [12020]",37.92,79.63,10.99,47.94,9.46,2.8,9.05,1.47,8.48,1.63,4.46,0.68,4.42,0.7
39.5,113.3,"DOLERITE [12020]",42.82,90.06,12.44,53.29,10.27,3.02,9.44,1.51,8.76,1.69,4.59,0.7,4.51,0.73
39.5,113.3,"DOLERITE [12020]",30.58,60.98,7.81,32.1,5.91,1.66,5.53,0.88,5.05,0.97,2.7,0.4,2.65,0.41
40,113,"DOLERITE [12020]",16.42,38.36,5.46,26.35,6.32,2.02,6.85,1.34,7.81,1.59,4.22,0.65,4.32,0.69
40,113,"DOLERITE [12020]",15.14,35.93,5.11,24.42,5.93,1.91,6.41,1.27,7.29,1.51,3.96,0.61,4.11,0.67
40,113,"DOLERITE [12020]",15.71,36,5.19,25.88,7.2,1.94,6.42,1.27,7.49,1.52,4,0.63,4.11,0.66
39.5,113.3,"DOLERITE [12020]",8.5,19.91,2.89,13.62,3.58,1.23,3.89,0.78,4.7,0.93,2.51,0.39,2.57,0.4
39.5,113.3,"DOLERITE [12020]",13.05,29.03,4.37,20.46,5.02,1.65,5.4,1.06,6.4,1.31,3.39,0.55,3.55,0.59
40,113,"DOLERITE [12020]",29.17,60.66,8.57,37.46,7.45,2.43,7.15,1.18,6.77,1.36,3.64,0.59,3.7,0.61
40,113,"DOLERITE [12020]",12.92,30.11,4.17,19.14,4.1,1.28,3.63,0.64,3.56,0.72,2,0.29,1.99,0.32
40,113,"DOLERITE [12020]",19.25,40.61,5.42,23.36,4.56,1.41,4.11,0.68,3.74,0.73,1.97,0.31,2.07,0.33
40,113,"DOLERITE [12020]",17.84,36.31,4.97,20.96,4.07,1.32,3.73,0.58,3.44,0.67,1.81,0.3,1.94,0.31
40,113,"DOLERITE [12020]",14.28,30.8,4.03,17.67,3.34,1.12,3.12,0.52,2.94,0.57,1.59,0.24,1.63,0.26
37.5,111.5,"DOLERITE [12020]",9.06,20.3,2.78,12.84,2.86,1.02,3.22,0.64,3.84,0.82,2.24,0.33,2.26,0.36
37.5,111.5,"DOLERITE [12020]",6.18,13.95,1.94,9.08,2.19,0.79,2.44,0.49,3.01,0.63,1.7,0.26,1.74,0.29
37.5,111.5,"DOLERITE [12020]",30.48,60.87,8.23,33.29,6.22,1.64,5.58,0.9,5.2,1.04,2.78,0.45,2.99,0.49
37.5,111.5,"DOLERITE [12020]",33.5,67.92,9,38.77,7.07,1.87,6.6,1.1,6.11,1.22,3.38,0.5,3.34,0.55
37.5,111.5,"DOLERITE [12020]",41.76,85.83,11.18,46.37,8.3,2.04,7.48,1.2,6.67,1.3,3.66,0.55,3.64,0.58
48.72,-85.76,"DOLERITE [11763]",4.8,11,1.6,7.7,2,0.68,2.5,0.62,3,0.6,1.7,0.27,1.8,0.28
37.5,119.5,"DOLERITE, QUARTZ [12128]",26.3,50.2,5.87,23.5,5.05,1.49,5.26,0.61,3.31,0.65,1.91,0.24,1.66,0.26
37.5,119.5,"DOLERITE, QUARTZ [12128]",29.9,51.5,5.59,23.9,4.46,1.59,5.02,0.59,3.26,0.64,1.97,0.31,1.75,0.25
37.5,119.5,"DOLERITE, QUARTZ [12128]",74.6,143,16.2,58.6,8.74,3.22,7.41,0.78,3.45,0.65,1.82,0.26,1.42,0.21
37.5,119.5,"DOLERITE, QUARTZ [12128]",37.7,76.2,8.55,31.7,6.01,2.24,6.36,0.76,4.12,0.76,2.14,0.28,2.01,0.27
37.5,120,"DOLERITE [12128]",57.7,118,13.7,49.9,8.03,2.66,7.32,0.78,3.64,0.68,1.84,0.24,1.56,0.23
37.5,120,"DOLERITE [12128]",44.6,93.6,10.8,38.7,6.87,2.42,6.39,0.81,3.7,0.72,1.8,0.32,1.44,0.25
37.5,120,"DOLERITE [12128]",24.1,51.3,5.84,23.2,3.93,1.62,4.37,0.6,2.88,0.73,1.85,0.27,1.53,0.23
37.5,120,"DOLERITE [12128]",35.7,76,8.92,35.8,6.56,2.16,6.09,0.8,4.29,0.84,2.3,0.32,1.56,0.27
37.5,120,"DOLERITE, HORNBLENDE [12128]",82.5,157,16.7,57.4,8.27,2.77,7.38,0.68,3.26,0.55,1.48,0.19,1.26,0.18
37.5,120,"DOLERITE [12128]",48.7,99.8,11.5,45.6,7.84,2.73,7.1,0.83,3.85,0.74,2.05,0.27,1.9,0.27
37.5,120,"DOLERITE [12128]",65.1,127,14,50.8,8.32,2.93,7.62,0.77,3.89,0.75,2.01,0.26,1.52,0.24
37,121.5,"DOLERITE [12128]",26.1,53.8,6.19,24.3,5.14,1.57,5.11,0.64,3.42,0.69,1.69,0.26,1.7,0.23
37,121.5,"DOLERITE [12128]",35.6,66.3,7.66,30.7,5.77,2.28,6.45,0.74,3.99,0.81,2.27,0.34,1.97,0.29
37,121.5,"DOLERITE [12128]",31.4,60,6.98,28.8,4.39,1.76,5.12,0.65,3.59,0.73,1.77,0.27,2.14,0.29
37,121.5,"DOLERITE [12128]",30.7,60.5,6.91,26.9,4.39,1.6,4.94,0.58,2.33,0.58,1.48,0.24,1.42,0.24
29.9803,91.171,"DOLERITE [11842]",34.5,69.7,8.44,36.2,7.88,1.99,7.77,1.03,5.39,1,2.5,0.34,2.41,0.35
29.9648,91.1253,"DOLERITE [11842]",48.8,106,12,51.3,9.73,2.58,8.38,1.28,6.26,1.04,2.77,0.33,2.31,0.31
-9.8,151.7,"DOLERITE [12009]",4.77,12.86,2.01,10.26,3.37,1.23,4.25,0.76,4.9,1.03,2.99,0.45,3,0.47
-9.8,151.7,"DOLERITE [12009]",4.17,11.37,1.8,9.26,3.03,1.17,3.77,0.67,4.32,0.91,2.56,0.39,2.57,0.39
-9.8,151.7,"DOLERITE [12009]",5.09,13.7,2.16,10.92,3.55,1.32,4.49,0.78,5.11,1.08,3.1,0.47,3.1,0.48
-9.8,151.7,"DOLERITE [12009]",4.48,11.92,1.85,9.27,3.09,1.17,3.92,0.71,4.56,0.96,2.75,0.42,2.8,0.43
-9.8,151.7,"DOLERITE [12009]",4.18,11.27,1.78,9.21,3.03,1.15,3.81,0.67,4.34,0.92,2.61,0.39,2.62,0.41
-9.8,151.7,"DOLERITE [12009]",3.98,10.94,1.77,9.14,3.04,1.19,3.87,0.69,4.4,0.92,2.64,0.39,2.63,0.4
-9.8,151.7,"DOLERITE [12009]",4.03,10.83,1.73,8.92,3.01,1.2,3.74,0.68,4.38,0.94,2.64,0.39,2.56,0.4
-9.8,151.7,"DOLERITE [12009]",3.94,10.78,1.73,8.89,2.96,1.14,3.63,0.65,4.23,0.89,2.56,0.38,2.52,0.38
-9.8,151.7,"DOLERITE [12009]",3.23,9.07,1.45,7.64,2.52,1.02,3.27,0.58,3.74,0.78,2.26,0.34,2.24,0.35
-9.8,151.7,"DOLERITE [12009]",3.68,10.02,1.62,8.49,2.79,1.1,3.58,0.65,4.1,0.87,2.54,0.37,2.43,0.37
-9.8,151.7,"DOLERITE [12009]",3.21,8.23,1.32,6.89,2.28,0.91,2.95,0.51,3.33,0.7,2.03,0.3,2.01,0.31
-9.8,151.7,"DOLERITE [12009]",3.8,10.32,1.65,8.67,2.78,1.11,3.59,0.64,4.15,0.87,2.51,0.37,2.46,0.38
34.18,92.4,"DOLERITE [11617]",8.46,21,2.98,14.4,3.79,1.33,4.31,0.689,4.51,1.07,2.84,0.42,2.93,0.46
34.18,92.4,"DOLERITE [11617]",8.27,20.5,2.82,13.4,3.5,1.32,4.01,0.62,3.97,0.98,2.68,0.4,2.72,0.44
34.18,92.4,"DOLERITE [11617]",8.22,20.2,2.87,14.1,3.8,1.36,4.37,0.673,4.25,1.08,2.87,0.41,2.96,0.48
34.18,92.4,"DOLERITE [11617]",12,27.3,3.47,15.5,3.47,1.36,3.62,0.563,3.41,0.74,2.15,0.28,2.06,0.33
34.18,92.4,"DOLERITE [11617]",7.64,19.6,2.81,13.3,3.65,1.36,4.35,0.685,4.41,1.03,2.91,0.41,2.86,0.49
34.18,92.4,"DOLERITE [11617]",10.5,25.4,3.36,15.7,3.77,1.41,4.07,0.637,3.95,0.9,2.5,0.33,2.4,0.37
-21.93,-157.93,"DOLERITE [1199]",32.3,69.5,8.29,35.8,7.53,2.38,6.89,1.055,5.35,1.013,2.48,0.319,1.95,0.266
-21.93,-157.93,"DOLERITE [1199]",47,98.6,11.58,49,9.86,3.03,8.89,1.311,6.58,1.254,3.17,0.404,2.38,0.334
19.27577,-70.76544,"DOLERITE [12407]",2.5,6.6,0.98,5.4,1.8,0.7,2.5,0.44,2.92,0.66,1.88,0.29,1.78,0.3
12.27,144.338,"BASALT [2514] / DOLERITE [2406]",1.51,4.1,1.5,4.2,3.8,0.6,5.2,0.5,7.2,1.6,4.5,0.7,2.2,0.4
12.27,144.338,"BASALT [2403] / DOLERITE [2406]",1.8,5.7,1,6.4,4.2,1,3.9,0.7,6.9,1.3,4,0.6,3.4,0.6
12.27,144.338,"BASALT [2514] / DOLERITE [2406]",2.94,8.18,0.7,4.2,2.84,1.08,2.5,0.85,2.8,0.7,2.1,0.3,3.67,0.6
12.27,144.338,"BASALT [2403] / DOLERITE [2406]",2.4,6.7,1,6.9,1.9,0.8,3.2,0.5,5.5,1,2.8,0.5,2.7,0.5
-72,-1,"DOLERITE [11726]",15.67,33.12,3.79,15.86,3.35,0.95,3.78,0.6,3.9,0.82,2.33,0.34,2.18,0.32
-72,-1,"DOLERITE [11726]",14.4730933333333,31.325126,3.58175633333333,15.0872553333333,3.241747,0.956142333333333,3.63948733333333,0.583301666666667,3.80338366666667,0.798525333333333,2.27393433333333,0.335030666666667,2.12206,0.308462666666667
-72,-1,"DOLERITE [11726]",14.1706993333333,30.264957,3.48397966666667,14.483402,3.103118,0.885603,3.52401166666667,0.559043333333333,3.739069,0.757248333333333,2.21356666666667,0.312107333333333,2.02606833333333,0.291721
-32.0011,26.2847,"DOLERITE [12634]",7.78,16.97,2.13,10.83,2.85,0.97,3,0.57,3.79,0,1.97,0.3,2.06,0.33
-31.9986,26.2793,"DOLERITE [12634]",7.28,16.252,2.11,11.19,2.9,0.913566,3.07,0.5415,3.79,0,2.08,0.3325,1.99,0.31
-31.9989,26.279,"DOLERITE [12634]",7.36,16.714,2.14,10.44,2.83,0.93936125,2.9,0.5415,3.81,0,1.99,0.304,2.05,0.34
-31.9989,26.279,"DOLERITE [12634]",7.98,17.946,2.34,12.48,3.04,1.104146,3.18,0.627,3.98,0,2.15,0.3325,2.17,0.32
-31.9989,26.2791,"DOLERITE [12634]",7.87,16.219,2.08,11.54,2.76,0.97567675,3.15,0.513,3.75,0,1.94,0.304,2.08,0.28
-31.9988,26.2791,"DOLERITE [12634]",7.28,16.659,2.09,10.86,3.25,1.000562,2.98,0.5605,3.81,0,2.04,0.304,2.08,0.31
-31.9988,26.2792,"DOLERITE [12634]",6.68,15.724,2.01,10.38,2.51,0.962316,2.85,0.532,3.76,0,1.9,0.2945,2,0.3
-32.007,26.2898,"DOLERITE [12634]",6.99,15.983,1.93,10.07,2.81,0.9603542,2.88,0.55,3.54,0,1.9764,0.306,2.17,0.31
-32.0069,26.2899,"DOLERITE [12634]",6.72,15.169,1.87,9.73,2.76,0.8824062,2.87,0.58,3.38,0,2.0304,0.288,2.01,0.3
-32.0067,26.2899,"DOLERITE [12634]",6.85,15.884,2.01,10.16,2.94,0.9981998,2.91,0.52,3.5,0,2.16,0.297,2.03,0.31
-32.0067,26.2901,"DOLERITE [12634]",7.51,17.061,2.15,10.41,3.07,0.9971832,3.18,0.62,3.82,0,2.2032,0.306,2.08,0.31
-32.0068,26.2904,"DOLERITE [12634]",6.68,14.663,1.8,9.33,2.57,0.909051,2.6,0.51,3.21,0,1.8144,0.279,1.83,0.28
-32.0067,26.2906,"DOLERITE [12634]",7.18,16.885,2.07,10.76,3.03,1.002456,3.02,0.61,3.68,0,2.1168,0.306,2.28,0.3
-32.0215,26.31,"DOLERITE [12634]",6.88,15.895,2.01,10.69,2.98,1.0637848,2.85,0.57,3.21,0,2.1384,0.288,2.13,0.29
-32.0216,26.3102,"DOLERITE [12634]",7.73,16.555,2.01,11.22,2.9,1.049763,2.92,0.63,3.43,0,2.1492,0.324,2.18,0.33
-32.0218,26.3105,"DOLERITE [12634]",7.28,15.62,1.93,9.98,2.85,1.0003318,2.77,0.57,3.32,0,1.9656,0.27,2.13,0.29
-32.0217,26.3106,"DOLERITE [12634]",5.22,12.023,1.53,7.72,2.23,0.873756,2.33,0.45,2.71,0,1.6956,0.207,1.69,0.26
-32.0212,26.3097,"DOLERITE [12634]",7.17,16.071,2.01,10.28,2.83,1.0141846,2.83,0.6,3.44,0,2.2464,0.297,2.18,0.3
-31.8977,26.3724,"DOLERITE [12634]",6.82,15.334,1.93,9.91,2.73,0.960375,2.72,0.54,3.29,0,1.944,0.252,1.99,0.31
-31.9011,26.3748,"DOLERITE [12634]",6.86,15.609,1.97,9.92,2.85,1.0511176,2.73,0.58,3.47,0,2.1384,0.297,2.06,0.27
-31.9012,26.3745,"DOLERITE [12634]",6.86,15.752,1.95,10.15,2.89,1.039142,2.77,0.55,3.46,0,1.944,0.261,2.09,0.3
-31.9013,26.3742,"DOLERITE [12634]",6.7,15.631,1.94,10.14,2.77,1.0004332,2.85,0.59,3.59,0,2.214,0.288,2.09,0.31
-31.9443,26.3921,"DOLERITE [12634]",6.96,15.224,1.83,9.87,2.71,1.089946,2.69,0.59,3.21,0,1.944,0.27,2.02,0.31
-31.9445,26.3923,"DOLERITE [12634]",7.82,17.248,2.14,11.74,3.13,1.101737,2.92,0.61,3.63,0,2.2248,0.288,2.14,0.31
-31.8177,26.3198,"DOLERITE [12634]",7.87,17.781,2.22,11.98,2.9,1.1233535,3.34,0.589,3.9,0,2.01,0.323,2.15,0.3
-31.8175,26.32,"DOLERITE [12634]",6.93,16.175,2.01,10.73,2.63,0.95188025,2.68,0.494,3.73,0,2.03,0.285,2.1,0.33
-31.7827,26.2994,"DOLERITE [12634]",12.02,27.032,3.28,16.7,4.1,1.30730675,3.8,0.6555,4.44,0,2.45,0.342,2.4,0.36
-31.7827,26.2994,"DOLERITE [12634]",13.03,28.935,3.51,16.45,3.79,1.276942,3.85,0.7125,4.21,0,2.26,0.3515,2.47,0.35
-31.7811,26.2992,"DOLERITE [12634]",15.96,36.415,4.3,20.87,5.13,1.4961545,4.76,0.8455,5.3,1.07,2.85,0.4655,2.82,0.42
-31.7811,26.2992,"DOLERITE [12634]",21.27,48.394,5.61,27.43,6.41,1.6691585,5.98,1.121,6.97,1.37,3.38,0.5795,3.53,0.53
-31.781,26.2994,"DOLERITE [12634]",18.43,42.19,4.98,25.48,5.78,1.52,5.33,1.07,5.96,1.16,3.68,0.5,3.48,0.51
-31.774,26.3006,"DOLERITE [12634]",20.78,47.448,5.48,27.91,6.99,1.7174145,6.4,1.1875,7.39,1.41,3.79,0.646,3.86,0.56
-31.8586,26.3466,"DOLERITE [12634]",11.4,26.174,3.17,15.96,3.47,1.1964005,3.42,0.6365,4.26,0,2.23,0.3325,2.36,0.35
-31.8586,26.3466,"DOLERITE [12634]",8.89,20.839,2.43,12.43,2.76,1.0098895,2.89,0.4845,3.21,0,1.66,0.2755,1.77,0.26
-31.8586,26.3466,"DOLERITE [12634]",12.3,28.105,3.37,16.98,4.14,1.337115,3.8,0.8,4.54,0,2.5812,0.351,2.56,0.37
-31.8586,26.3466,"DOLERITE [12634]",13.89,31.157,3.6,18.86,4.46,1.336183,4.18,0.703,4.66,0,2.62,0.418,2.57,0.37
-31.8237,26.2672,"DOLERITE [12634]",10.8575,22.599,2.58,13.39,3.23,1.132728,3.19,0.608,3.88,0,2.17,0.342,2.43,0.35
-31.8239,26.2674,"DOLERITE [12634]",11.162,24.458,3.04,14.71,3.7,1.046572,3.47,0.684,4,0,2.34,0.3515,2.25,0.34
-31.824,26.2675,"DOLERITE [12634]",11.8235,25.283,2.9,14.78,3.97,1.12983,3.3,0.627,4.16,0,2.27,0.3515,2.37,0.36
-31.8241,26.2674,"DOLERITE [12634]",11.38,25.52,2.97,15.61,3.66,1.1592906,3.53,0.69,4.15,0,2.4948,0.342,2.5,0.39
-31.8242,26.2674,"DOLERITE [12634]",11.9075,24.821,2.87,15.16,3.61,1.1139316,3.4,0.6175,4.25,0,2.16,0.342,2.27,0.35
-31.8419,26.3086,"DOLERITE [12634]",11.4455,25.415,3.02,15.42,3.65,1.0581724,3.3,0.627,4.31,0,2.34,0.3515,2.31,0.37
-31.8412,26.3099,"DOLERITE [12634]",11.96,25.756,3.04,14.54,3.64,1.1410944,3.65,0.6555,3.97,0,2.13,0.3515,2.28,0.35
-31.8413,26.3099,"DOLERITE [12634]",10.8785,23.347,2.71,13.44,3.32,1.0327176,3.22,0.5795,3.96,0,2.04,0.3515,2.25,0.34
-31.8414,26.3096,"DOLERITE [12634]",11.06,25.355,2.96,15.2,3.61,1.2521704,3.19,0.69,3.96,0,2.4732,0.342,2.42,0.34
-31.8415,26.3097,"DOLERITE [12634]",11.31,25.168,2.9,14.73,3.58,1.1873836,3.32,0.67,3.84,0,2.322,0.333,2.35,0.36
-31.8415,26.3096,"DOLERITE [12634]",11.267,24.326,2.93,15,3.58,1.1540752,3.24,0.608,4.1,0,2.12,0.3135,2.19,0.34
-31.8469,26.2953,"DOLERITE [12634]",10.763,24.051,2.88,14.74,3.44,1.1317984,3.24,0.627,4.11,0,2.18,0.323,2.26,0.35
-31.8467,26.2947,"DOLERITE [12634]",10.75,24.442,2.88,15.33,3.44,1.1479572,3.27,0.66,3.72,0,2.3004,0.351,2.4,0.36
-31.8465,26.2941,"DOLERITE [12634]",10.49,23.248,2.8,13.75,3.16,1.1328428,3.13,0.627,3.9,0,2.11,0.342,2.17,0.34
-31.8473,26.2947,"DOLERITE [12634]",10.385,22.621,2.67,13.05,3.08,1.0736144,2.82,0.57,3.63,0,1.96,0.304,2.04,0.32
-31.8477,26.2947,"DOLERITE [12634]",9.944,21.708,2.53,12.78,2.79,1.072976,2.81,0.5605,3.62,0,1.94,0.304,2.04,0.34
-31.9557,26.2986,"DOLERITE [12634]",10.595,23.71,2.89,13.75,3.43,1.1573288,3.19,0.646,3.92,0,2.2,0.3325,2.16,0.37
-31.8882,26.3117,"DOLERITE [12634]",10.85,24.893,2.89,14.37,3.8,1.0495914,3.38,0.66,4.01,0,2.4084,0.36,2.46,0.37
-31.8881,26.3115,"DOLERITE [12634]",10.34,23.166,2.78,13.23,3.29,1.0771436,3.06,0.6,3.71,0,2.2788,0.342,2.3,0.32
-31.8882,26.3114,"DOLERITE [12634]",9.97,22.44,2.6,12.39,3.15,1.0396412,3.11,0.62,3.57,0,2.2788,0.324,2.25,0.34
-31.8882,26.3113,"DOLERITE [12634]",11.32,25.85,3.1,14.35,3.6,1.1266034,3.48,0.72,3.89,0,2.3652,0.36,2.45,0.38
-31.8887,26.3115,"DOLERITE [12634]",10.54,23.639,2.76,13.4,3.45,1.1827504,3.19,0.66,3.74,0,2.3328,0.324,2.3,0.35
-31.8895,26.3043,"DOLERITE [12634]",9.6,21.67,2.56,12.54,3.31,1.0539776,3.26,0.64,3.75,0,2.1492,0.306,2.27,0.37
-31.8907,26.3004,"DOLERITE [12634]",11.14,25.894,3.09,14.75,3.63,1.1808862,3.6,0.71,4.03,0,2.7,0.351,2.59,0.37
-31.9731,26.2955,"DOLERITE [12634]",10.43,23.804,2.76,13.52,3.53,1.0011846,3.25,0.59,3.78,0,2.3112,0.306,2.25,0.32
-31.9697,26.2989,"DOLERITE [12634]",11.14,24.794,2.88,14.35,3.76,1.1163594,3.35,0.7,4.07,0,2.3652,0.333,2.37,0.37
-31.9697,26.2987,"DOLERITE [12634]",11.24,24.871,2.91,14.73,3.6,1.1174176,3.5,0.72,4.03,0,2.4516,0.342,2.43,0.35
-31.9693,26.2989,"DOLERITE [12634]",10.99,24.376,2.88,13.97,3.66,1.0527816,3.31,0.7,3.95,0,2.4192,0.369,2.5,0.34
-31.969,26.2991,"DOLERITE [12634]",11.45,25.641,3.08,15.3,3.92,1.1554348,3.75,0.7,4.22,0,2.592,0.351,2.68,0.38
-31.969,26.2986,"DOLERITE [12634]",10.19,22.748,2.63,12.77,3.42,0.9789858,3.09,0.64,3.62,0,2.322,0.306,2.26,0.33
-31.9686,26.2987,"DOLERITE [12634]",9.46,21.197,2.57,12.31,3.03,1.1219104,2.88,0.62,3.53,0,2.0952,0.288,2.09,0.34
-31.9447,26.3135,"DOLERITE [12634]",10.83,24.31,3.01,14.44,3.63,1.1704056,3.49,0.67,3.76,0,2.4516,0.36,2.35,0.33
-31.9448,26.3135,"DOLERITE [12634]",11.03,25.63,3.08,15.37,3.49,1.1320322,3.65,0.66,3.91,0,2.4732,0.351,2.4,0.36
-31.9448,26.3133,"DOLERITE [12634]",11.37,26.015,3.05,15.29,3.59,1.1324508,3.36,0.67,3.91,0,2.3868,0.333,2.21,0.33
-31.9448,26.3133,"DOLERITE [12634]",9.12,21.571,2.53,12.28,3.17,1.0704902,3.03,0.63,3.58,0,2.2356,0.324,2.19,0.32
-31.9449,26.3133,"DOLERITE [12634]",11.34,26.147,3.07,14.97,3.41,1.1184498,3.55,0.67,3.98,0,2.4624,0.333,2.37,0.36
-31.9451,26.3134,"DOLERITE [12634]",11.62,26.13,3.11,14.93,3.73,1.11,3.62,0.73,4.1,0,2.6,0.35,2.39,0.36
-31.9456,26.3131,"DOLERITE [12634]",9.97,22.693,2.7,13.44,3.39,0.9926696,3.22,0.67,3.73,0,2.484,0.333,2.26,0.34
-31.9459,26.3133,"DOLERITE [12634]",10.23,23.76,2.75,13.41,3.56,1.0185448,3.39,0.67,4.03,0,2.6244,0.315,2.44,0.36
-31.9464,26.3133,"DOLERITE [12634]",9.24,21.609,2.62,12.86,3.3,0.92954625,2.87,0.5415,3.5,0,1.89,0.2945,1.96,0.31
-31.9963,26.2828,"DOLERITE [12634]",9.63,21.472,2.52,12.46,3.66,1.0739664,2.92,0.63,3.41,0,2.2032,0.306,2,0.32
-31.9962,26.2829,"DOLERITE [12634]",9.94,22.814,2.67,13.28,3.43,1.1124646,3.18,0.63,3.62,0,2.1276,0.288,2.16,0.35
-31.9964,26.2826,"DOLERITE [12634]",11.22,25.52,3.11,15.09,3.95,1.2133576,3.54,0.73,4.02,0,2.4084,0.342,2.42,0.36
-31.9959,26.2845,"DOLERITE [12634]",11.18,25.85,3.1,14.79,3.91,1.21199,3.34,0.71,4.1,0,2.484,0.342,2.41,0.38
-31.9958,26.2846,"DOLERITE [12634]",11.21,25.41,3.12,14.99,3.68,1.1876774,3.26,0.67,3.83,0,2.3328,0.342,2.38,0.38
-31.9955,26.2847,"DOLERITE [12634]",10.69,23.98,2.75,13.81,3.59,1.147939,3.1,0.66,3.76,0,2.4084,0.315,2.39,0.35
-31.8517,26.2208,"DOLERITE [12634]",10.66,23.958,2.88,13.7,3.5,1.0701028,3.31,0.67,4.15,0,2.4624,0.333,2.43,0.35
-31.8517,26.2207,"DOLERITE [12634]",10.53,24.31,3.05,13.82,3.69,1.0721802,3.11,0.61,3.82,0,2.2032,0.315,2.15,0.33
-31.8517,26.2206,"DOLERITE [12634]",10.56,24.211,2.75,13.92,3.76,1.1477596,3.24,0.67,3.78,0,2.2896,0.324,2.41,0.35
-31.8516,26.2206,"DOLERITE [12634]",9.63,21.967,2.69,12.63,3.17,1.0459332,3.11,0.64,3.67,0,2.2356,0.324,2.22,0.33
-31.8515,26.2208,"DOLERITE [12634]",11.39,25.971,3.03,14.86,3.78,1.2138204,3.4,0.69,3.78,0,2.4516,0.351,2.26,0.39
-31.8817,26.1993,"DOLERITE [12634]",10.74,24.717,2.97,13.48,3.41,1.1349234,3.28,0.68,3.88,0,2.3652,0.36,2.28,0.33
-31.8782,26.1987,"DOLERITE [12634]",10.33,23.65,2.78,13.01,3.68,1.200732,3.17,0.67,3.92,0,2.3436,0.333,2.33,0.33
-31.9151,26.2142,"DOLERITE [12634]",8.55,19.074,2.34,11.14,3,1.0898186,2.58,0.57,3.27,0,1.8792,0.279,2.1,0.29
-31.9496,26.2307,"DOLERITE [12634]",7.75,17.787,2.13,10.38,2.91,0.9106344,2.89,0.54,3.57,0,2.1276,0.306,2.12,0.34
-31.9504,26.2319,"DOLERITE [12634]",10.48,23.551,2.71,13.58,3.07,1.1363274,3.36,0.65,3.74,0,2.3436,0.288,2.25,0.31
-31.9504,26.2318,"DOLERITE [12634]",8.74,19.954,2.39,11.61,2.89,1.0353096,2.91,0.58,3.36,0,2.1708,0.306,1.99,0.28
-31.9506,26.2319,"DOLERITE [12634]",10.75,24.882,2.9,14.36,3.45,1.0962536,3.36,0.64,4.13,0.84,2.4192,0.351,2.45,0.35
-31.9505,26.2319,"DOLERITE [12634]",8.82,20.262,2.44,11.69,2.83,0.9325862,2.72,0.53,3.4,0.65,2.052,0.297,2.11,0.28
-31.9499,26.2358,"DOLERITE [12634]",10.42,23.562,2.76,13.1,3.64,1.1487086,3.41,0.67,3.79,0.82,2.5164,0.351,2.35,0.36
-31.9504,26.2468,"DOLERITE [12634]",11.49,25.212,2.89,14.87,3.52,1.0969686,3.45,0.68,3.99,0.81,2.4084,0.342,2.33,0.34
-31.984306,26.272787,"DOLERITE [12634]",11.83,25.492,3.12,14.61,3.54,1.26774125,3.53,0.6365,4.11,0.83,2.29,0.342,2.39,0.33
-31.864722,26.270747,"DOLERITE [12634]",10.56,23.958,2.85,14.36,3.32,1.1127402,3.45,0.67,3.82,0,2.3868,0.315,2.34,0.35
-31.998349,26.279713,"DOLERITE [12634]",10.59,24.491,2.91,15.95,3.6,1.152311,3.56,0.646,4,0,2.26,0.361,2.28,0.35
-31.847305,26.200067,"DOLERITE [12634]",9.57,21.934,2.63,12.79,3.04,0.9667242,3.41,0.6,3.57,0,2.1924,0.288,2.21,0.33
-31.847368,26.200026,"DOLERITE [12634]",10.23,23.056,2.71,13.4,3.31,1.0171538,3.24,0.65,3.7,0,2.3976,0.315,2.2,0.34
-31.847349,26.200094,"DOLERITE [12634]",9.4,21.549,2.62,13.22,3.31,1.0065458,3.02,0.61,3.6,0,2.1708,0.315,2.21,0.33
-31.847381,26.200063,"DOLERITE [12634]",8.78,20.768,2.36,11.45,3.14,0.9830314,3.01,0.55,3.36,0,2.1168,0.279,2.01,0.3
-31.847365,26.200083,"DOLERITE [12634]",9.03,21.417,2.47,11.74,3.04,0.9557236,2.87,0.61,3.34,0,1.998,0.306,2.11,0.32
-31.847039,26.200174,"DOLERITE [12634]",9.27,21.186,2.53,11.88,3.16,0.969098,2.8,0.55,3.49,0,2.0844,0.297,2.11,0.31
-31.846733,26.200017,"DOLERITE [12634]",10.04,23.529,2.68,13.39,3.08,1.0443186,3.17,0.65,3.55,0,2.322,0.306,2.04,0.34
-31.847753,26.201153,"DOLERITE [12634]",9.56,22.159,2.74,13.44,3.12,1.0435335,2.97,0.5605,3.58,0,2.06,0.3135,1.98,0.29
-31.836163,26.194101,"DOLERITE [12634]",10.94,24.849,2.9,14.34,3.49,1.23799,3.56,0.71,4.06,0,2.4732,0.36,2.3,0.32
-31.821451,26.195134,"DOLERITE [12634]",10.71,24.211,2.85,13.85,3.34,1.1627538,3.17,0.71,3.85,0,2.3436,0.288,2.19,0.33
-31.821843,26.195395,"DOLERITE [12634]",10.24,23.21,2.85,13.49,3.17,1.202435,3.28,0.64,3.71,0,2.2248,0.324,2.39,0.34
-31.781047,26.301448,"DOLERITE [12634]",12.02,27.137,3.1,15.06,3.91,1.2115636,3.39,0.69,3.86,0,2.4624,0.324,5.06,0.38
-31.793876,26.303327,"DOLERITE [12634]",11.03,25.047,2.9,14.28,3.78,1.0409958,3.32,0.7,3.89,0,2.4192,0.306,2.42,0.34
-31.793829,26.303277,"DOLERITE [12634]",10.77,24.981,2.76,13.68,3.39,1.09343,3.08,0.69,4.02,0,2.2788,0.342,2.29,0.35
-31.793753,26.303378,"DOLERITE [12634]",8.96,20.658,2.46,11.97,3.39,0.955838,2.87,0.6,3.35,0,1.9764,0.27,2.1,0.32
-31.793633,26.30346,"DOLERITE [12634]",9.89,22.429,2.71,13.11,3.12,1.033201,3.08,0.6,3.68,0,2.268,0.306,2.15,0.32
-31.793609,26.303351,"DOLERITE [12634]",12.56,27.995,3.27,15.55,4.07,1.1067212,3.65,0.73,4.08,0,2.2572,0.36,2.4,0.38
-31.79295,26.302633,"DOLERITE [12634]",11.46,26.35,3.14,15.72,3.91,1.1301395,3.59,0.665,4.1,0,2.36,0.38,2.5,0.37
-31.792983,26.302783,"DOLERITE [12634]",11.53,24.805,2.99,14.82,3.67,1.0956088,3.24,0.66,3.95,0,2.4624,0.36,2.31,0.35
-31.782386,26.301823,"DOLERITE [12634]",10.91,24.849,2.92,14.33,3.78,1.071174,3.37,0.67,3.93,0,2.4516,0.324,2.32,0.36
-31.774939,26.301913,"DOLERITE [12634]",11.55,26.482,3.16,15.74,4.06,1.11429575,3.87,0.665,4.43,0,2.32,0.38,2.55,0.37
-31.858596,26.346569,"DOLERITE [12634]",10.79,24.645,2.92,14.51,3.63,1.10269,3.39,0.646,4.19,0,2.44,0.3895,2.48,0.36
-31.858596,26.346569,"DOLERITE [12634]",9.19,21.252,2.61,12.86,3.43,0.9969258,3.17,0.57,3.39,0,2.1816,0.306,2.06,0.31
-31.858596,26.346569,"DOLERITE [12634]",10.21,23.193,2.84,13.61,3.39,1.08252375,3.26,0.5985,3.82,0,2.18,0.3515,2.22,0.34
-31.858596,26.346569,"DOLERITE [12634]",12.5,29.276,3.43,16.03,3.84,1.263084,3.62,0.646,4.44,0,2.38,0.38,2.44,0.4
-31.858596,26.346569,"DOLERITE [12634]",13.98,31.509,3.74,18.29,4.23,1.402262,4.07,0.8075,4.84,0,2.79,0.4465,2.7,0.42
-31.858596,26.346569,"DOLERITE [12634]",11.04,25.652,3.02,14.52,3.56,1.1896066,3.52,0.7,3.76,0,2.4732,0.342,2.39,0.37
-31.858596,26.346569,"DOLERITE [12634]",12.17,27.505,3.34,16.89,3.82,1.31866225,3.59,0.7505,4.56,0,2.49,0.399,2.53,0.39
-31.816319,26.319152,"DOLERITE [12634]",11.85,27.12,3.23,16.72,3.79,1.344841,3.56,0.6365,4.38,0,2.53,0.399,2.47,0.41
-31.817693,26.319768,"DOLERITE [12634]",11.88,27.593,3.26,15.64,3.58,1.25372725,3.57,0.703,4.51,0,2.44,0.4085,2.38,0.37
-31.802511,26.327109,"DOLERITE [12634]",8.45,19.118,2.22,11.23,2.89,0.9890192,2.75,0.58,3.33,0,2.1708,0.279,2.03,0.31
-31.802355,26.327121,"DOLERITE [12634]",9.07,21.065,2.48,12.25,3.29,0.9752028,3.03,0.65,3.64,0,2.2464,0.306,2.05,0.36
-31.792508,26.332992,"DOLERITE [12634]",10.9,25.476,3,14.35,3.42,1.1121474,3.45,0.7,3.99,0,2.484,0.324,2.38,0.35
-31.79252,26.332988,"DOLERITE [12634]",11.72,27.236,3.19,16.07,3.95,1.137721,3.82,0.75,4.48,0,2.5596,0.36,2.48,0.36
-31.792504,26.333114,"DOLERITE [12634]",10.87,25.597,2.93,15,3.63,1.126021,3.48,0.68,4,0,2.4516,0.342,2.3,0.38
-31.792276,26.333137,"DOLERITE [12634]",12.71,35.2,3.72,17.94,4.3,1.3023426,3.89,0.77,4.02,0,2.538,0.378,2.58,0.38
-32.0549,25.3592,"DOLERITE [12634]",12.21,27.24,3.07,15.58,3.66,1.07,3.49,0.7,3.88,0,2.38,0.36,2.51,0.39
-32.0549,25.3593,"DOLERITE [12634]",11.45,25.927,3.11,15.88,3.97,1.3041028,3.79,0.75,4.62,0,2.9376,0.396,2.79,0.41
-32.0549,25.3593,"DOLERITE [12634]",12.23,28.71,3.31,17.17,4.39,1.3156754,4.22,0.85,5.05,1.01,3.1644,0.45,3.07,0.45
-32.0548,25.3593,"DOLERITE [12634]",11.86,26.312,3.22,16.05,4.43,1.2904372,3.96,0.82,4.56,0,2.862,0.414,2.72,0.43
-32.0548,25.3594,"DOLERITE [12634]",11.84,27.005,3.26,15.69,3.71,1.1115156,3.37,0.69,3.93,0,2.5596,0.378,2.46,0.39
-31.9262,25.3064,"DOLERITE [12634]",11.4,26.378,3.18,15.84,3.77,1.0635118,3.5,0.69,4.12,0,2.6028,0.387,2.66,0.4
-31.9261,25.3065,"DOLERITE [12634]",11.24,25.531,3.05,15.14,3.79,1.2112672,3.5,0.72,4.36,0,2.5272,0.378,2.71,0.42
-31.9261,25.3065,"DOLERITE [12634]",12.86,29.04,3.32,16.65,4.37,1.244178,3.76,0.75,4.83,0,2.9484,0.387,2.79,0.42
-31.9261,25.3065,"DOLERITE [12634]",13.33,30.041,3.51,17.19,4.49,1.2573106,4.24,0.82,5.08,1.03,2.916,0.414,2.88,0.44
-31.9261,25.3065,"DOLERITE [12634]",12.49,28.017,3.29,16.15,4.02,1.193127,3.71,0.7,4.15,0,2.5272,0.369,2.64,0.4
-31.7683,25.2127,"DOLERITE [12634]",13.787,29.419,3.35,15.92,3.47,1.1651688,3.54,0.646,4.25,0,2.36,0.3515,2.41,0.36
-31.7683,25.2127,"DOLERITE [12634]",13.6925,29.87,3.51,16.61,3.81,1.2608728,3.56,0.7315,4.55,0,2.58,0.3895,2.66,0.38
-31.7683,25.2126,"DOLERITE [12634]",11.69,25.586,3.09,15,3.74,1.1008452,3.47,0.66,4.13,0,2.592,0.36,2.44,0.4
-31.7684,25.2126,"DOLERITE [12634]",13.304,27.769,3.44,16.7,3.73,1.2109908,3.73,0.6935,4.33,0,2.41,0.38,2.47,0.37
-31.7684,25.2125,"DOLERITE [12634]",12.485,26.218,3.1,15.22,3.18,1.2132952,3.56,0.646,3.98,0,2.36,0.361,2.35,0.32
-31.5525,25.0827,"DOLERITE [12634]",13.22,28.352,3.29,15.18,3.82,1.194412,3.44,0.6365,4.06,0,2.43,0.3515,2.38,0.38
-31.5525,25.0827,"DOLERITE [12634]",12.821,26.823,3.15,15.16,3.75,1.1665744,3.59,0.646,4.45,0,2.38,0.3705,2.4,0.37
-31.5527,25.0827,"DOLERITE [12634]",12.76,27.929,3.17,16.38,4.02,1.2434266,3.82,0.74,4.35,0,2.7756,0.405,2.78,0.44
-31.5527,25.0827,"DOLERITE [12634]",13.22,28.385,3.29,15.78,3.8,1.1377456,3.33,0.665,4.31,0,2.42,0.3705,2.49,0.39
-31.5527,25.0827,"DOLERITE [12634]",15.6665,30.332,3.42,17.3,3.82,1.192116,3.66,0.6935,4.47,0,2.55,0.38,2.67,0.36
-31.9754,26.2203,"DOLERITE [12634]",9.53,21.758,2.62,13.94,3.72,1.241357,3.88,0.74,4.65,0,2.8296,0.378,2.66,0.4
-31.9754,26.2203,"DOLERITE [12634]",8.66,20.724,2.54,13.3,3.63,1.3220142,3.78,0.7,4.52,0,2.6892,0.387,2.58,0.39
-31.9754,26.2201,"DOLERITE [12634]",9.24,21.263,2.58,13.87,3.81,1.3207818,4,0.72,4.29,0,2.8296,0.396,2.77,0.43
-31.9752,26.22,"DOLERITE [12634]",9.39,22,2.68,13.75,3.83,1.3188292,3.86,0.77,4.58,0,2.9592,0.378,2.7,0.43
-31.9009,26.1639,"DOLERITE [12634]",10.133,22.632,2.75,13.92,3.76,1.175022,3.68,0.7315,4.42,1.02,2.54,0.4085,2.7,0.38
-31.901,26.1639,"DOLERITE [12634]",9.818,21.609,2.73,13.47,3.41,1.2362076,3.51,0.7315,4.56,0,2.48,0.38,2.76,0.39
-31.9009,26.164,"DOLERITE [12634]",9.29,21.263,2.54,14.35,3.88,1.1750362,3.86,0.78,4.37,0,2.6676,0.387,2.69,0.42
-31.9009,26.164,"DOLERITE [12634]",9.3875,20.377,2.66,13.39,3.75,1.1111736,3.39,0.665,4.31,0,2.41,0.361,2.54,0.36
-31.8402,26.1327,"DOLERITE [12634]",9.566,21.279,2.63,13.81,3.66,1.1189268,3.55,0.665,4.44,0,2.44,0.3895,2.58,0.35
-31.8402,26.1326,"DOLERITE [12634]",10.1015,22.115,2.74,13.82,3.89,1.201538,3.65,0.6745,4.71,0,2.41,0.4085,2.6,0.4
-31.8402,26.1328,"DOLERITE [12634]",8.8,21.043,2.51,12.12,3.67,1.2147902,3.23,0.71,4.33,0,2.538,0.378,2.62,0.39
-31.84,26.1327,"DOLERITE [12634]",9.734,22.203,2.68,14.16,3.57,1.1463052,3.65,0.627,4.59,0,2.49,0.361,2.45,0.36
-31.8617,26.1578,"DOLERITE [12634]",8.29,18.733,2.32,11.51,3.24,1.016457,2.83,0.6,3.32,0,2.0952,0.297,2.03,0.32
-31.8618,26.1578,"DOLERITE [12634]",7.51,16.72,2.1,10.49,2.53,0.96564,2.65,0.55,3.14,0,1.836,0.252,1.78,0.24
-31.8616,26.1575,"DOLERITE [12634]",6.66,15.059,1.76,9.24,2.66,0.9159644,2.32,0.43,2.92,0,1.6524,0.234,1.72,0.28
-31.8618,26.157,"DOLERITE [12634]",7.15,15.983,1.94,9.53,2.82,0.991796,2.48,0.53,3.1,0,1.836,0.27,1.84,0.28
-31.8614,26.1569,"DOLERITE [12634]",10.12,22.836,2.69,13.16,3.64,1.2459798,3.45,0.73,3.99,0,2.4624,0.378,2.43,0.36
-31.8168,26.1975,"DOLERITE [12634]",6.73,14.861,1.76,9.31,2.41,0.8255416,2.45,0.47,2.79,0,1.6848,0.234,1.64,0.25
-31.816,26.198,"DOLERITE [12634]",7.94,18.161,2.06,10.72,3.02,1.0298158,2.85,0.6,3.43,0,2.052,0.288,1.95,0.3
-31.8887,26.192,"DOLERITE [12634]",9.25,20.63,2.61,12.74,3.89,1.10165,3.18,0.5985,4.12,0,2.13,0.304,2.26,0.32
-31.8925,26.2018,"DOLERITE [12634]",6.77,16.109,1.97,9.91,2.94,0.889724,2.57,0.5415,3.55,0,1.76,0.2755,1.82,0.32
-31.8925,26.2018,"DOLERITE [12634]",6.87,15.68,2,11.57,2.66,0.949979,2.64,0.532,3.72,0,1.98,0.304,1.92,0.28
-31.8891,26.197,"DOLERITE [12634]",6.55,15.262,1.86,10.27,2.61,0.94108375,2.69,0.4845,3.31,0,1.97,0.285,1.87,0.26
-31.8882,26.1967,"DOLERITE [12634]",6.13,14.525,1.83,9.47,2.7,0.927567,2.59,0.475,3.1,0,1.73,0.2565,1.82,0.28
-31.8888,26.1934,"DOLERITE [12634]",6.89,15.152,1.95,10.15,2.84,0.95890025,2.71,0.5225,3.45,0,2.12,0.323,2.13,0.31
-31.8871,26.172,"DOLERITE [12634]",6.64,15.603,1.93,10.38,2.55,0.85880025,2.73,0.5035,3.4,0,1.97,0.342,1.74,0.29
-31.9886,26.2196,"DOLERITE [12634]",9.36,21.67,2.6,13.02,3,1.0087714,2.97,0.6,3.36,0,2.214,0.306,2.22,0.32
-31.9884,26.2197,"DOLERITE [12634]",9.63,22.077,2.59,12.5,3.19,0.9819082,3.04,0.6,3.51,0,2.1384,0.288,2.23,0.32
-31.9885,26.2197,"DOLERITE [12634]",9.55,21.417,2.53,12.95,3.22,1.0205208,3.03,0.62,3.47,0,2.0844,0.306,2.18,0.34
-31.9886,26.2198,"DOLERITE [12634]",9.19,20.922,2.44,12.3,3.02,0.9951552,2.81,0.6,3.54,0,2.052,0.279,2.08,0.29
-31.9887,26.2199,"DOLERITE [12634]",9.29,21.285,2.47,12.51,3.1,0.9831146,2.8,0.59,3.47,0,2.0736,0.279,2.06,0.3
-31.9887,26.2199,"DOLERITE [12634]",10.07,22.583,2.73,13.28,3.22,1.096082,3.03,0.62,3.56,0,2.2572,0.306,2.26,0.33
-31.9888,26.2201,"DOLERITE [12634]",8.93,19.415,2.3,11.68,2.94,0.8906586,2.54,0.56,3.16,0,1.9872,0.261,2,0.3
-31.9888,26.2201,"DOLERITE [12634]",10.15,24.079,2.7,13.48,3.17,1.0972312,3.07,0.59,3.45,0,2.1168,0.333,2.04,0.3
-31.9779,26.2713,"DOLERITE [12634]",6.9095,15.68,1.9,10.33,2.75,1.014106,2.83,0.5225,3.45,0,1.91,0.285,2,0.27
-31.9803,26.2726,"DOLERITE [12634]",7.8,16.978,2.11,10.8,3.19,1.048454,2.99,0.5605,3.82,0,2.02,0.3135,2.13,0.31
-31.9416,26.249,"DOLERITE [12634]",7.05,16.648,2.1,11.54,3.24,1.1057125,2.85,0.532,3.59,0,2.04,0.3135,2.23,0.31
-31.9419,26.2487,"DOLERITE [12634]",5.68,14.118,1.82,9.04,2.56,0.8124585,2.65,0.5035,3.08,0,1.8,0.285,1.87,0.31
-31.8978,26.37,"DOLERITE [12634]",11.42,26.037,3.08,15.13,3.97,1.2256582,3.92,0.71,4.46,0,2.4624,0.351,2.52,0.35
-31.8978,26.3699,"DOLERITE [12634]",11.93,26.389,3.15,14.64,3.93,1.2652744,3.77,0.68,4.07,0,2.4732,0.369,2.35,0.34
-31.8982,26.3698,"DOLERITE [12634]",12.02,26.521,3.21,14.96,4.08,1.2283154,3.81,0.72,4.13,0,2.538,0.36,2.47,0.34
-31.9016,26.3743,"DOLERITE [12634]",11.69,25.85,3.08,15.51,3.99,1.3212108,3.75,0.74,4.37,0,2.4624,0.378,2.47,0.38
-21.95,15.26,"DOLERITE [11025]",9.7,20,3,12,3,0.93,3.3,0.63,3.6,0.7,2.2,0.3,2,0.3
-21.75,15.4,"DOLERITE [11025]",5.5,12,1.7,7.7,2.1,0.92,2.6,0.43,2.8,0.56,1.6,0.23,1.5,0.22
-21.7,15.37,"DOLERITE [11025]",7,15,2.1,9,2.6,1.2,3.2,0.5,3.2,0.65,1.9,0.27,1.7,0.27
-21.36,15.61,"DOLERITE [11025]",13,28,3.8,16,4.2,1.5,4.9,0.78,4.8,0.99,2.9,0.41,2.6,0.41
-21.42,15.9,"DOLERITE [11025]",10,21,2.9,13,3.3,1.2,3.9,0.61,3.8,0.78,2.3,0.33,2.1,0.34
-21.56,15.38,"DOLERITE [11025]",8.4,18,2.4,10,2.7,1.1,3.2,0.53,3.5,0.72,2.1,0.3,1.9,0.28
-21.7,15.44,"DOLERITE [11025]",55,101,11.3,41.3,7.12,2.1,5.7,0.76,4.1,0.76,2.1,0.27,1.7,0.25
-34.04,18.4,"DOLERITE [11025]",11,25,3.2,14,3.5,1.2,4.1,0.7,4.3,0.9,2.6,0.4,2.5,0.4
-34.01,18.34,"DOLERITE [11025]",17,37,5,21,5.1,1.6,5.5,1,5.8,1.2,3.5,0.5,3.4,0.5
-34.01,18.34,"DOLERITE [11025]",20,44,5.9,23,5.5,1.7,5.7,1,5.8,1.2,3.5,0.5,3.3,0.5
-34.04,18.4,"DOLERITE [11025]",12,27,4,16,4,1.4,4.5,0.8,4.9,1,3,0.4,2.9,0.5
-34.04,18.4,"DOLERITE [11025]",11,26,3.7,15,3.8,1.3,4.2,0.8,4.5,0.9,2.8,0.4,2.7,0.4
-34.04,18.4,"DOLERITE [11025]",13,29,3.8,17,4.1,1.4,4.5,0.8,4.8,1,2.9,0.5,2.9,0.4
-34.04,18.4,"DOLERITE [11025]",11,25,3.5,15,3.7,1.3,4.1,0.7,4.4,0.9,2.7,0.4,2.6,0.4
-34.04,18.4,"DOLERITE [11025]",13,28,4,16,4.1,1.3,4.5,0.8,4.8,0.9,2.9,0.5,2.8,0.4
-34.04,18.4,"DOLERITE [11025]",16,36,4.8,21,5,1.6,5.5,1,5.8,1.2,3.5,0.5,3.4,0.5
-34.04,18.4,"DOLERITE [11025]",16,36,4.7,21,4.9,1.6,5.3,0.9,5.6,1.1,3.4,0.5,3.3,0.5
-34.08,18.36,"DOLERITE [11025]",39,85,10.3,43,9.2,2.2,10.5,1.6,10,2.1,5.9,0.9,5.5,0.8
-33.03,17.96,"DOLERITE [11025]",33.3,72.7,8.9,38,8.4,2.3,9.7,1.6,9.9,2.1,6.2,0.9,5.9,0.9
-30.43,17.46,"DOLERITE [11025]",17,38.6,4.8,19.8,4.8,1.4,5.6,0.9,5.6,1.2,3.2,0.5,3.3,0.5
-30.56,17.41,"DOLERITE [11025]",6.4,15.6,2.1,9.4,2.8,0.9,3.6,0.6,4,0.8,2.4,0.4,2.4,0.4
-30.55,17.41,"DOLERITE [11025]",7.3,17.8,2.4,10.7,3.2,1,4.1,0.7,4.5,0.9,2.7,0.4,2.8,0.4
-30.47,17.37,"DOLERITE [11025]",6.4,15.7,2.1,9.3,2.7,1,3.6,0.6,4,0.8,2.4,0.4,2.4,0.4
39.2,-6.6,"DOLERITE [12872]",15.9,37.8,4.97,24.6,6.55,2.38,7.49,1.21,7.24,1.4,3.99,0.55,3.36,0.49
39.2,-6.6,"DOLERITE [12872]",15.5,36.7,4.79,23.2,6.21,2.18,7.22,1.21,7.11,1.39,4.04,0.57,3.44,0.5
39.2,-6.6,"DOLERITE [12872]",7.17,17.6,2.39,12.3,3.45,1.35,3.99,0.67,4.06,0.77,2.2,0.29,1.79,0.26
39.2,-6.6,"DOLERITE [12872]",13.8,33.6,4.44,21.1,5.51,1.92,6.12,1.1,6.5,1.26,3.67,0.52,3.05,0.43
39.2,-6.6,"DOLERITE [12872]",13.6,33,4.31,20.2,5.47,1.87,5.86,1.07,6.37,1.25,3.71,0.52,3.09,0.45
39.2,-6.6,"DOLERITE [12872]",14.6,36.3,4.69,21.9,5.7,1.89,6.19,1.13,6.62,1.27,3.81,0.54,3.17,0.46
39.2,-6.6,"DOLERITE [12872]",10.8,27.1,3.62,17.5,4.82,1.77,5.21,0.95,5.52,1.08,3.21,0.44,2.58,0.38
39.2,-6.6,"DOLERITE [12872]",30.7,76.8,10.3,49.1,12.6,4.01,13.4,2.32,13.5,2.57,7.46,1.01,5.9,0.84
39.2,-6.6,"DOLERITE [12872]",23.5,59.8,8.18,40.3,10.7,3.56,11.3,1.9,10.7,2.03,5.75,0.77,4.37,0.61
39.2,-6.6,"DOLERITE [12872]",17.6,43.7,5.89,28.3,7.5,2.99,8.13,1.43,8.23,1.58,4.59,0.63,3.66,0.52
39.2,-6.6,"DOLERITE [12872]",6.08,16.2,2.25,11.3,3.32,1.11,3.79,0.7,4.15,0.79,2.37,0.32,1.91,0.29
39.2,-6.6,"DOLERITE [12872]",9.01,23.3,3.22,15.8,4.43,1.6,4.93,0.92,5.43,1.05,3.12,0.44,2.47,0.35
39.2,-6.6,"DOLERITE [12872]",31.5,75.7,9.68,44.6,11.1,3.07,11.4,1.97,11.3,2.21,6.48,0.91,5.44,0.77
39.2,-6.6,"DOLERITE [12872]",11.6,28.6,3.8,18,4.97,1.77,5.42,1,5.92,1.16,3.41,0.47,2.74,0.41
39.2,-6.6,"DOLERITE [12872]",12.8,32.9,4.55,22.4,6.42,2.09,7.15,1.32,7.91,1.55,4.61,0.64,3.69,0.55
39.2,-6.6,"DOLERITE [12872]",9.8,23.5,3.06,14.2,3.73,1.54,4.1,0.72,4.3,0.82,2.44,0.34,1.97,0.29
39.2,-6.6,"DOLERITE [12872]",8.13,20.6,2.74,13.1,3.55,1.25,3.91,0.71,4.16,0.8,2.37,0.32,1.94,0.28
39.2,-6.6,"DOLERITE [12872]",5.13,13,1.79,8.99,2.61,1.05,2.93,0.54,3.17,0.62,1.81,0.25,1.45,0.21
39.2,-6.6,"DOLERITE [12872]",5.42,13.9,1.92,9.52,2.79,1.1,3.22,0.6,3.51,0.67,1.99,0.27,1.57,0.23
39.2,-6.6,"DOLERITE [12872]",13.5,33.5,4.34,20.8,5.57,1.94,6.05,1.1,6.52,1.26,3.73,0.51,3.1,0.45
39.2,-6.6,"DOLERITE [12872]",11.6,28.6,3.79,17.9,4.96,1.79,5.44,0.99,5.97,1.17,3.47,0.49,2.85,0.43
39.2,-6.6,"DOLERITE [12872]",9.24,21.7,2.86,13.7,3.7,1.4,4.13,0.76,4.49,0.88,2.57,0.35,2.1,0.31
39.2,-6.6,"DOLERITE [12872]",7.89,19.6,2.64,12.5,3.5,1.3,3.83,0.7,4.1,0.82,2.36,0.33,1.97,0.29
39.2,-6.6,"DOLERITE [12872]",6.94,16.8,2.23,10.8,2.94,1.2,3.33,0.61,3.59,0.69,2.05,0.28,1.66,0.24
39.2,-6.6,"DOLERITE [12872]",6.73,16.8,2.25,10.8,2.98,1.18,3.32,0.6,3.65,0.7,2.05,0.28,1.7,0.25
39.2,-6.6,"DOLERITE [12872]",10.6,25.4,3.36,15.71,4.21,1.67,5.38,0.92,5.49,1.07,3.08,0.43,2.62,0.39
39.2,-6.6,"DOLERITE [12872]",14.5,34.9,4.58,23.1,6.2,2.11,7.32,1.21,7.29,1.43,4.18,0.59,3.57,0.54
39.2,-6.6,"DOLERITE [12872]",15,35.5,4.58,22.3,5.83,2.08,6.75,1.11,6.67,1.29,3.76,0.53,3.2,0.46
39.2,-6.6,"DOLERITE [12872]",17.9,42.8,5.58,27.7,7.23,2.42,8.28,1.39,8.18,1.59,4.61,0.64,3.89,0.58
39.2,-6.6,"DOLERITE [12872]",7.8,18.7,2.55,12.6,3.53,1.48,4.08,0.69,4.13,0.79,2.26,0.31,1.93,0.28
39.2,-6.6,"DOLERITE [12872]",15.2,37.1,4.99,22.94,6.1,2.39,7.9,1.33,7.87,1.53,4.48,0.62,3.77,0.56
39.2,-6.6,"DOLERITE [12872]",34.9,86.1,12.1,60.3,15.8,4.93,17.8,2.94,17.5,3.36,9.7,1.35,8.27,1.18
39.2,-6.6,"DOLERITE [12872]",39.8,96.4,12.7,55.62,13.81,5.32,18,2.93,17.3,3.37,9.81,1.38,8.37,1.25
39.2,-6.6,"DOLERITE [12872]",5.61,14.1,1.95,9.76,2.78,1.19,3.73,0.65,4.03,0.77,2.21,0.31,1.86,0.27
39.2,-6.6,"DOLERITE [12872]",11,27.3,3.71,18.7,5.1,1.89,6.22,1.06,6.41,1.24,3.63,0.51,3.16,0.46
39.2,-6.6,"DOLERITE [12872]",12.8,31,4.01,18.9,5,1.77,5.31,0.96,5.66,1.12,3.34,0.46,2.81,0.41
39.2,-6.6,"DOLERITE [12872]",10.9,26.3,3.47,16.5,4.4,1.57,4.81,0.88,5.19,1.02,2.98,0.41,2.45,0.36
39.2,-6.6,"DOLERITE [12872]",8.4,20.5,2.72,13,3.54,1.35,3.83,0.69,4.1,0.8,2.37,0.32,1.96,0.28
39.2,-6.6,"DOLERITE [12872]",10.2,25.1,3.29,15.6,4.21,1.53,4.69,0.84,4.99,0.96,2.88,0.4,2.4,0.35
39.2,-6.6,"DOLERITE [12872]",9.37,22.5,2.96,14.9,4.15,1.57,4.82,0.8,4.82,0.9,2.61,0.35,2.15,0.32
39.2,-6.6,"DOLERITE [12872]",9.6,23.6,3.02,14.3,3.87,1.46,4.18,0.75,4.5,0.85,2.51,0.35,2.06,0.31
39.2,-6.6,"DOLERITE [12872]",7.6,19.6,2.77,13.9,3.91,1.42,4.33,0.81,4.81,0.94,2.74,0.39,2.29,0.33
39.2,-6.6,"DOLERITE [12872]",50.6,104,11.4,43.5,8.49,1.66,7.49,1.16,6.48,1.22,3.67,0.56,3.38,0.49
58,157.5,"DOLERITE, ILMENITE [12935]",7.87,20.11,2.93,11.69,3.04,1.23,3.57,0.59,3.71,0.79,2.25,0.36,2.05,0.32
58,157.5,"DOLERITE, TITANOMAGNETITE [12935]",13.01,32.39,4.44,21.31,6,1.87,6.29,1.11,6.75,1.53,4.22,0.57,3.88,0.57
25.72,109.87,"DOLERITE [11802]",7.13,11,2.73,7.12,1.95,0.65,2.6,0.42,2.43,0.53,1.33,0.22,1.38,0.24
25.72,109.87,"DOLERITE [11802]",10.6,22.3,3.76,14.1,3.51,0.95,4.18,0.64,3.88,0.79,1.98,0.3,1.87,0.28
36.6675,118.0628,"DOLERITE [12523]",5.39,14.6,2.45,12.8,3.41,1,3.56,0.54,3.26,0.59,1.66,0.21,1.39,0.2
36.6628,118.0686,"DOLERITE [12523]",6.57,16.4,2.48,12.2,3.14,0.87,3.19,0.47,2.83,0.5,1.41,0.18,1.23,0.19
36.6592,118.0758,"DOLERITE [12523]",7.03,15.2,2.18,10.3,2.49,0.95,2.59,0.38,2.32,0.43,1.22,0.17,1.09,0.17
36.6553,118.0828,"DOLERITE [12523]",13.1,27.1,3.6,16.5,3.57,1.22,3.32,0.47,2.83,0.53,1.45,0.2,1.34,0.19
36.6517,118.0894,"DOLERITE [12523]",7.21,17.7,2.6,12.8,2.97,1.07,2.94,0.45,2.68,0.49,1.4,0.19,1.22,0.18
36.6478,118.0967,"DOLERITE [12523]",6.43,13.6,1.94,9.59,2.45,0.9,2.31,0.34,2.13,0.4,1.13,0.15,1.03,0.15
36.6433,118.1022,"DOLERITE [12523]",3.18,9.4,1.62,9.51,2.78,0.82,2.81,0.41,2.65,0.49,1.41,0.19,1.14,0.17
36.6397,118.1042,"DOLERITE [12523]",6.98,17.2,2.7,13.8,3.48,1.22,3.51,0.51,2.97,0.57,1.58,0.2,1.29,0.19
35.6908,118.0369,"DOLERITE [12523]",26.5,52.8,6.43,26.1,4.32,1.64,4.04,0.57,2.88,0.51,1.57,0.2,1.39,0.21
35.6864,118.0431,"DOLERITE [12523]",22.7,44.8,5.51,22.8,3.84,1.38,3.58,0.51,2.6,0.47,1.44,0.18,1.25,0.18
35.6786,118.0492,"DOLERITE [12523]",24,47.9,5.86,23.9,3.91,1.44,3.86,0.53,2.63,0.5,1.47,0.19,1.31,0.2
35.6728,118.0533,"DOLERITE [12523]",23.6,47,5.8,23.6,3.86,1.41,3.86,0.52,2.63,0.49,1.46,0.2,1.29,0.2
35.6681,118.0594,"DOLERITE [12523]",26.9,59.7,8.07,34.9,5.75,1.87,5.31,0.72,3.62,0.66,1.95,0.24,1.59,0.23
35.6633,118.0658,"DOLERITE [12523]",24.3,49.8,5.75,23.2,4.76,1.43,3.88,0.54,2.83,0.56,1.54,0.23,1.32,0.22
48.0033,122.7719,"DOLERITE [12067]",2.08,4.68,0.65,2.6,0.55,0.16,0.45,0.07,0.4,0.08,0.21,0.03,0.19,0.03
-77.75,11.75,"DOLERITE [13038]",12.7,30,4.21,19.7,5.27,1.18,5.94,1.06,6.51,1.39,3.98,0.58,3.76,0.55
-77.75,11.75,"DOLERITE [13038]",10.24,21.6,2.95,14.1,3.7,1.23,3.91,0.64,3.49,0.68,1.83,0.26,1.6,0.23
-77.75,11.75,"DOLERITE [13038]",5.34,11.7,1.65,8.22,2.34,0.76,2.55,0.43,2.49,0.49,1.3,0.19,1.15,0.17
-77.75,11.75,"DOLERITE [13038]",63.72,123.8,14.38,58.1,10.38,2.3,7.31,0.99,5.16,0.97,2.53,0.36,2.26,0.33
-77.75,11.75,"DOLERITE [13038]",7.06,16.4,2.42,12.4,3.61,1.19,3.98,0.65,3.68,0.7,1.83,0.25,1.56,0.22
-77.75,11.75,"DOLERITE [13038]",11.92,28.1,4.14,20.6,5.59,1.75,5.66,0.87,4.78,0.88,2.28,0.3,1.84,0.27
-77.75,11.75,"DOLERITE [13038]",10.15,23.1,3.3,16.1,4.36,1.44,4.63,0.73,4.01,0.77,1.98,0.27,1.69,0.24
-77.75,11.75,"DOLERITE [13038]",76.17,142.9,16.2,63.6,11.06,2.65,8.16,1.07,5.53,1,2.65,0.36,2.34,0.33
-77.75,11.75,"DOLERITE [13038]",15.58,30.2,3.82,17.1,4.04,1.38,4.35,0.7,3.99,0.75,1.94,0.26,1.65,0.23
12,-68.75,"DOLERITE [2906]",2.46,6.62,1.125,5.61,1.91,0.77,2.7,0.502,3.66,0.72,2.31,0.306,2.26,0.31
12,-68.75,"BASALT [2906] / DOLERITE [1701]",2.498,6.61,1.047,5.265,1.814,0.673,2.386,0.436,3.004,0.632,1.787,0.272,1.811,0.271
40.3,-4,"DOLERITE [12455]",54.1,93.7,10.1,37.6,6.71,2.19,6.18,0.93,5.56,1.11,3.13,0.48,3.06,0.45
38.79,15.21,"DOLERITE [13657]",53,104,10.6,43,8.7,2.31,7.5,1.08,5.3,0.96,2.81,0.37,2.36,0.36
38.79,15.21,"DOLERITE [13657]",51,99,10.1,42,8.4,2.19,7.2,1.02,5.1,0.9,2.72,0.37,2.24,0.35
38.79,15.21,"DOLERITE [13657]",51,100,10.3,43,8.7,2.27,7.5,1.05,5.31,0.93,2.77,0.38,2.31,0.37
38.79,15.21,"DOLERITE [13657]",52,103,10.5,43,8.7,2.2,7.3,1.04,5.25,0.92,2.73,0.37,2.36,0.36
38.79,15.21,"DOLERITE [13657]",53,103,10.6,44,8.8,2.26,7.6,1.1,5.2,0.93,2.78,0.39,2.32,0.34
38.79,15.21,"DOLERITE [13657]",50,98,10.1,42,8.3,2.2,7.4,1.04,5.14,0.93,2.71,0.38,2.32,0.36
38.79,15.21,"DOLERITE [13657]",38,82,8.6,34,7,1.84,5.6,0.84,4.38,0.81,2.29,0.32,1.97,0.29
37,121,"DOLERITE [19086]",53.1,106,13.1,48.4,8.31,2.22,6.74,0.94,5.66,0.92,2.43,0.36,2.14,0.32
37,121,"DOLERITE [19086]",58.6,118,14.3,53.2,8.94,2.54,7.73,0.95,4.93,0.94,2.64,0.35,2.21,0.33
33,84,"GABBRO [23413] / DOLERITE [19191]",12.2,29.2,3.63,16.6,4.19,1.27,4.14,0.67,4.05,0.81,2.2,0.31,1.81,0.27
33,84,"GABBRO [23413] / DOLERITE [19191]",12,30,3.67,17.6,5.03,1.75,6,1.07,7.13,1.53,4.39,0.59,4.09,0.6
33,84,"GABBRO [23413] / DOLERITE [19191]",10.6,27.7,3.75,18.6,5.15,1.77,5.54,0.92,5.95,1.19,3.43,0.46,3.02,0.45
33,84,"GABBRO [23413] / DOLERITE [19191]",11.3,24.9,2.99,12.8,3.14,1.05,3.3,0.58,3.64,0.8,2.09,0.32,1.94,0.29
33.308,86.0273,"GABBRO [23413] / DOLERITE [19191]",12.1,27.7,3.68,14.73,4.15,1.75,5.64,1.07,6.61,1.4,3.78,0.52,3.27,0.49
33,84,"GABBRO [23413] / DOLERITE [19191]",8.75,19.16,2.61,12.38,3.47,1.2,4.43,0.72,4.98,0.97,2.99,0.41,2.77,0.38
33,84,"GABBRO [23413] / DOLERITE [19191]",23.8,53.5,6.16,26.1,6.14,1.89,5.88,0.99,5.52,1.1,3,0.4,2.49,0.34
33,84,"GABBRO [23413] / DOLERITE [19191]",16,34.2,3.92,19.85,5.15,1.4,4.87,0.91,5.53,1.24,3.31,0.44,2.67,0.4
33,84,"GABBRO [23413] / DOLERITE [19191]",17.5,38.5,4.59,20.48,5.11,1.33,4.83,0.81,4.76,0.95,2.5,0.35,2.12,0.3
33,84,"GABBRO [23413] / DOLERITE [19191]",25.5,66.2,8.51,34.94,8.6,3.31,9.18,1.42,7.84,1.44,3.83,0.49,2.89,0.4
33,84,"GABBRO [23413] / DOLERITE [19191]",16,37.2,4.42,20,4.72,1.69,4.7,0.76,4.6,0.89,2.38,0.33,2.11,0.3
33,84,"GABBRO [23413] / DOLERITE [19191]",15.9,37,4.46,66.56,15.26,1.35,4.56,0.74,4.36,0.91,2.41,0.33,2.14,0.31
33,84,"GABBRO [23413] / DOLERITE [19191]",16.2,39.4,4.85,30.3,7.31,1.61,5.05,0.78,4.44,0.82,2.25,0.29,1.84,0.27
33,84,"GABBRO [23413] / DOLERITE [19191]",9.33,24.4,3.36,16.7,4.75,1.74,5.77,0.94,6.03,1.19,3.43,0.46,3,0.45
33,84,"DOLERITE [19191]",16.17,39.02,5.63,22.11,6.95,2.23,7.88,1.17,7.42,1.35,3.97,0.51,3.36,0.45
33,84,"GABBRO [23413] / DOLERITE [19191]",17.05,40.6,5.77,27.74,7.13,2.3,8.06,1.17,7.53,1.36,3.96,0.51,3.23,0.41
33,84,"GABBRO [23413] / DOLERITE [19191]",16.36,38.98,5.55,26.74,6.87,2.25,7.79,1.14,7.33,1.34,3.89,0.5,3.26,0.41
33,84,"GABBRO [23413] / DOLERITE [19191]",8.21,20.5,2.82,13.6,4.11,1.5,5.05,0.95,6.15,1.33,3.7,0.51,3.2,0.46
51.4878,-90.1478,"DOLERITE [19181] / NOT GIVEN [20988]",2.9,7.8,1.33,4.65,1.68,0.84,2.87,0.57,3.84,0.76,2.31,0.36,2.38,0.36
25.7986,34.1506,"DOLERITE [13278]",5.18,11.1,1.51,6.83,1.97,0.81,2.51,0.43,2.89,0.62,1.72,0.26,1.73,0.26
25.7983,34.1506,"DOLERITE [13278]",4.82,10,1.35,6.25,1.79,0.59,2.34,0.41,2.78,0.59,1.65,0.26,1.74,0.27
25.7906,34.1444,"DOLERITE [13278]",5.56,12.4,1.73,8.1,2.32,0.98,2.9,0.5,3.27,0.69,1.87,0.28,1.85,0.28
25.7997,34.1472,"DOLERITE [13278]",10.07,21.99,3.02,13.39,3.55,1.36,4.32,0.74,5.01,1.04,2.8,0.43,2.82,0.43
25.9417,34.0394,"DOLERITE [13278]",4.73,12.6,1.94,9.88,3.03,1.32,3.9,0.67,4.38,0.92,2.48,0.38,2.43,0.37
25.9419,34.0386,"DOLERITE [13278]",9.53,27.2,3.81,19.1,5.21,1.64,6.44,1.06,7.03,1.38,3.65,0.55,3.67,0.53
25.9389,34.0417,"DOLERITE, HORNBLENDE [13278]",11.8,33.9,4.96,25.59,6.28,2.18,7.12,1.14,7.29,1.43,3.76,0.56,3.61,0.52
18.8,-70,"DOLERITE [13987]",2.1,5.6,1.12,5.1,1.8,0.9,3.17,0.58,3.85,0.82,2.64,0.37,2.4,0.37
-21.5,29.5,"PICRITE [19720]",36.59,85.32,11.11,50.44,10.32,3,8.95,1.14,6.16,1.02,2.76,0.33,2.07,0.28
-21.5,29.5,"PICRITE [19720]",35.52,82.24,10.68,48.41,9.98,2.9,8.73,1.11,5.92,0.99,2.66,0.33,2.03,0.27
-21.5,29.5,"PICRITE [19720]",36.78,85.59,11.12,50.6,10.35,3.02,9.01,1.15,6.16,1.04,2.76,0.34,2.09,0.28
69,-52,"DOLERITE [2426] / NOT GIVEN [14569]",11.8,27.78,3.63,17.12,4.71,1.4,4.86,0.78,4.78,1.04,2.58,0.39,2.36,0.34
70,-52,"DOLERITE [2426]",17.67,38.85,4.65,20.36,4.8,1.25,4.91,0.78,4.91,0.98,2.6,0.38,2.56,0.35
9.6,13.8,"DOLERITE [13027]",9.1,22,3,14,4.5,1.7,4.6,0.72,4.4,0.96,2.1,0.29,1.9,0.28
12.5,-70,"DOLERITE [1608]",3.83,9.71,1.42,7.25,2.24,0.87,2.65,0.53,3.76,0.77,2.28,0.34,2.3,0.35
37,121,"DOLERITE [17467]",31.5,57.5,6.9,27.12,4.58,1.2,3.7,0.5,2.7,0.5,1.4,0.2,1.3,0.2
37,121,"DOLERITE [17467]",22,41.6,5.3,22.23,4.73,1.5,4.3,0.7,3.7,0.7,1.8,0.2,1.5,0.2
37,121,"DOLERITE [17467]",26.2,49.1,6.1,25.55,5.39,1.7,4.9,0.8,4.3,0.8,2,0.3,1.7,0.2
37,121,"DOLERITE [17467]",34.8,69.8,8.4,27.11,5.71,2.2,6.1,0.9,4.8,0.9,2.1,0.3,1.7,0.2
37,121,"DOLERITE [17467]",30.2,59.5,7.5,31.9,6.61,2,6,0.9,4.9,0.9,2.2,0.3,1.9,0.3
37,121,"DOLERITE [17467]",32.1,62.4,7.7,32.5,6.76,2.1,6.1,0.9,5,0.9,2.3,0.3,1.9,0.3
36.6028,-11.6595,"DOLERITE [10291]",5.71,15.56,2.28,10.5,2.9,1.14,3.67,0.63,4.07,0.86,2.34,0.33,2.06,0.29
7.31525,-80.82845,"DOLERITE [14525]",8.73,20.71,3.06,16.05,4.51,1.55,5.46,0.86,6.42,1.27,3.66,0.55,3.64,0.54
7.5241,-80.45389,"DOLERITE [14525]",7.19,18.74,3.05,16.31,4.75,1.8,5.92,1.03,6.78,1.42,3.95,0.57,3.7,0.54
19.28,-70.77,"DOLERITE [13048]",9.52,22.94,3.22,14.44,3.91,1.23,3.37,0.56,3.32,0.73,1.67,0.24,1.53,0.22
19.28,-70.77,"DOLERITE [13048]",4.63,12.32,1.91,9.77,2.86,0.98,3.37,0.55,3.15,0.63,1.65,0.21,1.27,0.17
5.8,7.5,"DOLERITE [14574]",22.852,50.582,8.138,29.415,7.837,2.486,7.249,0.924,5.894,0.783,1.955,0.363,1.841,0.438
5.8,7.5,"DOLERITE [14574]",17.517,38.785,6.137,22.402,5.761,2.015,5.552,0.7,4.582,0.6,1.558,0.282,1.445,0.354
5.8,7.5,"DOLERITE [14574]",20.071,39.578,6.698,24.543,6.632,2.19,6.474,0.793,5.129,0.694,1.741,0.302,1.551,0.379
5.8,7.5,"DOLERITE [14574]",17.651,38.589,4.657,24.933,6.519,1.941,6.755,1.065,7.143,1.455,3.51,0.406,2.327,0.448
5.8,7.5,"DOLERITE [14574]",16.053,34.948,4.241,22.204,6.004,1.762,6.084,0.939,6.349,1.296,3.159,0.358,2.007,0.387
5.8,7.5,"DOLERITE [14574]",17.13,34.046,3.902,19.403,4.874,1.583,4.722,0.682,4.562,0.847,2.102,0.239,1.304,0.26
5.8,7.5,"DOLERITE [14574]",43.211,77.206,7.93,35.353,6.855,2.029,6.454,0.84,5.158,0.994,2.457,0.284,1.557,0.318
5.8,7.5,"DOLERITE [14574]",22.869,44.641,6.462,21.319,4.81,1.639,4.585,0.55,3.616,0.525,1.392,0.27,1.47,0.355
26.7,0.17,"DOLERITE [14573]",11.86,26.1,3.55,15.34,3.88,1.24,5.07,0.74,4.76,0.94,2.74,0.39,2.58,0.38
26.7,0.17,"DOLERITE [14573]",8.75,19.82,2.52,12,3.08,1.01,4.23,0.53,3.72,0.68,2.19,0.28,2.02,0.27
26.7,0.17,"DOLERITE [14573]",10.73,24.3,3.13,14.95,3.76,1.23,5.02,0.64,4.45,0.81,2.59,0.33,2.38,0.33
24.5,3,"DOLERITE [14573]",7.93,18.13,2.34,11.34,2.95,0.99,3.91,0.51,3.49,0.63,2.02,0.25,1.79,0.24
24.5,3,"DOLERITE [14573]",5.54,12.78,1.8,8.93,2.45,0.88,3.39,0.46,3.2,0.59,1.93,0.25,1.73,0.23
23,1.5,"DOLERITE [14573]",11.08,28.59,3.1,12.96,3.15,1,4.49,0.59,3.61,0.71,2.1,0.29,1.89,0.27
23,1.5,"DOLERITE [14573]",14.45,30.98,4.06,16.98,4.11,1.32,5.77,0.76,4.74,0.93,2.72,0.38,2.47,0.35
31.17,-2.53,"DOLERITE [14573]",9.2,20.35,2.66,12.7,3.22,1.06,4.27,0.56,3.85,0.71,2.23,0.28,2.01,0.27
47.76,-3.38,"DOLERITE [14692]",7.4,17.6,1.9,10.3,2.9,0.92,3,0.6,3.5,0.76,2.2,0.3,2.1,0.31
47.76,-3.38,"DOLERITE [14692]",7.6,17.7,1.9,10.7,2.9,0.94,3.3,0.6,35,0.15,2.2,0.3,2.1,0.31
47.76,-3.38,"DOLERITE [14692]",8.4,19.8,2.1,11.5,3.2,1.06,3.7,0.6,3.7,0.81,2.4,0.3,2.2,0.32
47.76,-3.38,"DOLERITE [14692]",7.9,18.8,2,10.9,3,0.94,3.4,0.6,3.6,0.78,2.3,0.3,2.2,0.33
47.76,-3.38,"DOLERITE [14692]",7.5,17.7,1.9,10.4,2.8,0.9,3.3,0.6,3.4,0.73,2.3,0.3,2.1,0.32
40.4117,77.6361,"DOLERITE [14737]",27.1,60.8,7.91,32.13,6.49,1.9,6.08,0.99,5.4,0.98,2.57,0.38,2.39,0.37
40.4117,77.6361,"DOLERITE [14737]",32.4,72.4,9.47,38.9,7.88,2.36,7.27,1.18,6.51,1.2,3.14,0.48,2.87,0.45
39.5,78.93,"DOLERITE [14737]",33.5,76.8,10.6,45.75,9.28,2.84,8.68,1.36,7.39,1.36,3.59,0.53,3.32,0.54
39.5,78.93,"DOLERITE [14737]",54.8,116.8,15,60.4,11.44,3.65,10.1,1.45,6.98,1.13,2.62,0.35,1.94,0.29
39.5,78.93,"DOLERITE [14737]",36,81.4,10.8,45.4,9.25,2.94,8.47,1.27,6.43,1.1,2.64,0.36,2.11,0.31
39.5,78.93,"DOLERITE [14737]",39.1,86.7,11.3,47.5,9.37,2.91,8.21,1.24,6.17,1.08,2.69,0.38,2.25,0.35
39.5,78.93,"DOLERITE [14737]",30,69.3,9.45,40.5,8.46,2.7,7.55,1.16,5.83,1.01,2.54,0.35,1.95,0.29
39.5,78.93,"DOLERITE [14737]",39.1,86.3,11.2,46.4,9.02,2.75,7.95,1.19,5.97,1.02,2.61,0.35,2.13,0.33
39.5,78.93,"DOLERITE [14737]",33,75,10,42.1,8.61,2.68,7.36,1.11,5.43,0.91,2.25,0.3,1.8,0.27
39.5,78.93,"DOLERITE [14737]",39.6,89.8,12.1,51,10.4,3.23,9.23,1.37,6.82,1.19,2.99,0.41,2.39,0.35
39.5,78.93,"DOLERITE [14737]",36.1,83.6,11.2,47.4,9.64,2.96,8.53,1.26,6.34,1.08,2.67,0.37,2.1,0.31
39.5,78.93,"DOLERITE [14737]",42.5,96.4,13,54.2,10.6,3.29,9.23,1.39,6.75,1.18,2.87,0.41,2.33,0.34
39.5,78.93,"DOLERITE [14737]",35.7,81,10.9,46.8,9.71,3.15,8.84,1.32,6.51,1.13,2.81,0.38,2.27,0.34
39.5,78.93,"DOLERITE [14737]",35.8,80.7,10.7,44.4,8.88,2.74,7.88,1.18,5.81,0.96,2.38,0.33,1.85,0.29
39.5,78.93,"DOLERITE [14737]",67.2,147,19.1,73.9,12.5,3.55,9.93,1.33,6.28,1.07,2.66,0.37,2.14,0.32
39.5,78.93,"DOLERITE [14737]",103,207,25,91.7,15,4.45,12,1.68,8.23,1.4,3.47,0.49,2.83,0.41
39.5,78.93,"DOLERITE [14737]",60.1,133,17.8,73.8,14,4.18,11.7,1.64,7.89,1.28,3.13,0.41,2.37,0.35
39.5,78.93,"DOLERITE [14737]",32.4,74.6,10.2,44,9.1,2.86,8.17,1.24,6.17,1.07,2.72,0.37,2.2,0.33
44.67,80.97,"DOLERITE [14733]",12.85,29.58,3.847,15.66,3.575,1.438,3.558,0.614,3.79,0.805,2.272,0.351,2.304,0.384
12.0741,144.0169,"DOLERITE [19216] / NOT GIVEN [21502]",2.1102767618254,6.05008693170533,1.04526047984837,5.38566953712984,1.79354421477166,0.747544599005782,2.50667693047057,0.460073456636394,2.9438360278604,0.635559470080641,1.80297861528349,0.276283327174252,1.74364184559,0.270125077319496
43.02,-71.22,"DOLERITE [14717]",15,20,2.5,13.05,3.758,0.9,3,0.6,3,0.7,1.8,0.3,1.7,0.2
43.02,-71.22,"DOLERITE [14717]",13,24,2.5,13.99,3.578,1,3.1,0.6,3,0.7,1.8,0.3,1.6,0.2
43.02,-71.22,"DOLERITE [14717]",9,26,2.9,17,4,1.1,3.4,0.6,3.8,0.8,2.2,0.3,1.9,0.3
43.02,-71.22,"DOLERITE [14717]",8,18,2.8,13.5,3.489,1,3.5,0.6,3.3,0.8,2.4,0.3,1.8,0.3
43.02,-71.22,"DOLERITE [14717]",19,29,2.7,18,4,1,3.6,0.6,3.3,0.7,2.2,0.3,1.7,0.3
43.02,-71.22,"DOLERITE [14717]",12,24,2.4,13.22,3.385,1,3.1,0.5,2.9,0.6,2,0.3,1.7,0.2
43,-71.5,"DOLERITE [14717]",24,52,5.9,27,6.3,2.1,5.4,1.9,4,0.8,2.2,0.3,1.9,0.3
43,-71.5,"DOLERITE [14717]",22,46,5,24.64,5.541,1.6,4.9,1.7,3.8,0.8,2.2,0.3,1.7,0.2
43,-71.5,"DOLERITE [14717]",28,62,6.9,32.12,7.237,2.4,6.6,2.1,4.6,1,2.8,0.3,2.1,0.3
33.22,134.18,"DOLERITE [13611]",6.42,18.9,2.73,13.3,3.82,1.66,5.22,1,6.39,1.31,3.99,0.61,4,0.6
39,78,"DOLERITE [13962]",49,107,13.3,56.9,12.8,3.98,10.7,1.69,9.21,1.67,4.13,0.53,3.07,0.43
39,78,"DOLERITE [13962]",49,109,13.6,57,11.65,3.52,10.5,1.66,9.26,1.64,4.16,0.53,3.03,0.42
39,78,"DOLERITE [13962]",49,105,12.4,51.5,10.8,3.4,9.09,1.4,7.96,1.46,3.85,0.49,2.87,0.41
39,78,"DOLERITE [13962]",46,100,11.8,49.4,10.44,3.21,8.72,1.36,7.5,1.37,3.56,0.48,2.81,0.41
39,78,"DOLERITE [13962]",49,108,12.4,50.7,10.4,3.22,8.48,1.36,7.17,1.35,3.57,0.46,2.65,0.38
39,78,"DOLERITE [13962]",63,127,14.7,59.6,11.78,3.59,9.84,1.55,8.45,1.59,4.17,0.55,3.29,0.48
39,78,"DOLERITE [13962]",39,88,10.3,43.8,9.9,3.14,8.4,1.32,7.14,1.31,3.43,0.44,2.54,0.35
39,78,"DOLERITE [13962]",32.1,72.5,8.47,36.6,8.39,2.66,6.92,1.09,6.05,1.09,2.94,0.37,2.13,0.29
39,78,"DOLERITE [13962]",41.9,101,11.1,46.7,10.38,3.27,8.62,1.39,7.16,1.34,3.44,0.43,2.65,0.36
39,78,"DOLERITE [13962]",46.5,104,11.7,48.8,10.68,3.39,8.77,1.4,7.4,1.4,3.76,0.47,2.76,0.39
39,78,"DOLERITE [13962]",37.3,94,9.6,46.9,10.23,2.82,7.48,1.17,6.16,1.15,2.99,0.38,2.25,0.32
39,78,"DOLERITE [13962]",38.5,93,10.1,42.2,9.4,3.01,7.89,1.22,6.66,1.25,3.21,0.43,2.4,0.35
39,78,"DOLERITE [13962]",37.4,87,9.51,40.2,8.79,2.76,7.42,1.17,6.18,1.13,2.92,0.35,2.13,0.29
39,78,"DOLERITE [13962]",48.9,109,11.7,47.1,10.35,3.07,8.38,1.28,6.86,1.28,3.34,0.43,2.49,0.33
39,78,"DOLERITE [13962]",12.2,29,3.61,15.8,3.67,1.23,3.35,0.54,2.88,0.58,1.39,0.17,0.99,0.13
39,78,"DOLERITE [13962]",12.7,29,3.79,16.3,4,1.24,3.44,0.55,3.08,0.55,1.45,0.18,1.05,0.13
39,78,"DOLERITE [13962]",11.7,27,3.41,15,3.69,1.17,3.18,0.52,2.82,0.49,1.35,0.15,0.95,0.13
39,78,"DOLERITE [13962]",12.5,29,3.69,16.1,3.86,1.23,3.39,0.55,3,0.56,1.41,0.18,1.01,0.14
36.16,120.67,"DOLERITE [13963]",18.9,37.5,4.27,17.2,3.72,1.17,3.37,0.56,3.41,0.64,1.74,0.23,1.44,0.2
36.16,120.67,"DOLERITE [13963]",16.1,29.8,3.53,14.1,3.13,1.15,2.9,0.45,2.76,0.53,1.46,0.29,1.28,0.19
36.16,120.67,"DOLERITE [13963]",20.6,40.4,4.58,18.6,4.11,1.25,3.71,0.6,3.65,0.7,1.87,0.24,1.53,0.21
36.16,120.67,"DOLERITE [13963]",10.1,21.1,2.64,11.6,3.09,1.05,3.32,0.56,3.51,0.67,1.82,0.24,1.48,0.22
36.16,120.67,"DOLERITE [13963]",20.2,40.1,4.62,18.7,3.99,1.26,3.62,0.59,3.69,0.69,1.8,0.24,1.53,0.22
36.16,120.67,"DOLERITE [13963]",17.3,34,3.97,16.4,3.74,1.1,3.46,0.59,3.67,0.72,1.94,0.26,1.68,0.24
36.16,120.67,"DOLERITE [13963]",11.1,22.7,2.79,11.9,3.15,1.04,3.27,0.56,3.39,0.67,1.82,0.24,1.52,0.23
36.16,120.67,"DOLERITE [13963]",62.9,127,13.9,51.5,8.36,1.62,4.75,0.77,4.51,0.83,2.37,0.33,2.03,0.3
36.16,120.67,"DOLERITE [13963]",62,128,13.9,51.8,8.33,1.5,4.84,0.74,4.51,0.83,2.38,0.31,2.05,0.31
36.16,120.67,"DOLERITE [13963]",58.9,120,13.2,50.1,7.97,1.41,4.87,0.73,4.29,0.8,2.27,0.3,1.97,0.29
36.16,120.67,"DOLERITE [13963]",58.9,123,13.4,50,8.16,1.4,4.68,0.75,4.38,0.82,2.32,0.31,1.98,0.29
36.16,120.67,"DOLERITE [13963]",59.3,122,13.4,50.2,8.13,1.46,4.72,0.75,4.44,0.83,2.31,0.31,2.04,0.29
36.16,120.67,"DOLERITE [13963]",59.9,123,13.6,49.6,8.18,1.44,4.71,0.74,4.34,0.82,2.32,0.31,1.99,0.3
36.16,120.67,"DOLERITE [13963]",58.9,123,13.6,49.8,8.05,1.47,4.62,0.74,4.44,0.82,2.32,0.31,1.99,0.31
36.16,120.67,"DOLERITE [13963]",59.6,123,13.48,51.2,8.41,1.51,4.88,0.77,4.43,0.82,2.32,0.31,2.04,0.3
36.16,120.67,"DOLERITE [13963]",56.1,110,11.7,43.4,7.03,1.45,4.14,0.61,3.45,0.63,1.79,0.23,1.5,0.23
36.16,120.67,"DOLERITE [13963]",55.7,107,11.5,42.3,6.91,0.96,4.61,0.59,3.4,0.62,1.74,0.24,1.5,0.23
36.16,120.67,"DOLERITE [13963]",55,106,11.5,42.1,6.96,0.96,4.28,0.57,3.46,0.62,1.75,0.23,1.52,0.22
-36.0005,-178.5313,"DOLERITE [14855]",3.21,8.31,1.37,6.97,2.24,0.915,2.76,0.504,3.28,0.66,1.74,0.255,1.65,0.233
-36.4732,-177.7153,"DOLERITE [14855]",1.17,2.7,0.439,2.34,0.873,0.382,1.32,0.248,1.75,0.385,1.13,0.174,1.19,0.186
-36.4732,-177.7153,"DOLERITE [14855]",1.11,2.48,0.416,2.21,0.833,0.353,1.23,0.239,1.67,0.37,1.08,0.168,1.15,0.179
-36.4732,-177.7153,"DOLERITE [14855]",1.11,2.49,0.416,2.22,0.841,0.351,1.23,0.238,1.68,0.371,1.08,0.168,1.15,0.178
19.4,-155.27,"DOLERITE [20998]",83.875,92.7675902784006,12.8614189119698,54.6769090262078,14.3633333333333,3.42,14.585,2.4525,13.1975,1.83017175480813,4.63243724814516,0.667210839853366,6.1475,0.94525
37.1612,75.5183,"DOLERITE [14964]",27.1,41.8,5.81,20.8,4.01,1.02,3.82,0.68,3.77,1,2.4,0.36,2.17,0.35
37.1612,75.5183,"DOLERITE [14964]",22.2,38.1,5.48,22.7,4.47,1.22,4.17,0.58,3.02,1.07,2.73,0.44,2.51,0.45
48,-89,"DOLERITE [14995]",14.89,35.14,4.75,21.61,5.3,1.65,5.8,0.89,5.3,1.07,2.95,0.41,2.54,0.37
48,-89,"DOLERITE [14995]",8.29,18.62,2.51,11.23,2.69,1.26,3.09,0.48,2.95,0.59,1.63,0.23,1.44,0.21
48,-89,"DOLERITE [14995]",11.03,26.08,3.51,16.05,4.01,1.5,4.61,0.72,4.51,0.87,2.31,0.34,2.21,0.33
48,-89,"DOLERITE [14995]",3.82,8.65,1.11,5.43,1.31,0.73,1.51,0.24,1.51,0.3,0.77,0.12,0.77,0.11
48,-89,"DOLERITE [14995]",19.81,39.62,5.11,21.89,4.59,1.25,4.38,0.75,4.48,0.91,2.4,0.38,2.61,0.42
48,-89,"DOLERITE [14995]",9.71,23.02,3,14.01,3.6,1.4,4,0.68,4,0.81,2,0.3,2.1,0.29
48,-89,"DOLERITE [14995]",26.98,59.14,7.78,34.24,8.09,2.08,8.82,1.45,8.82,1.87,4.77,0.71,4.57,0.71
48,-89,"DOLERITE [14995]",5.59,12.97,1.8,8.18,2.2,1,2.5,0.39,2.4,0.49,1.3,0.2,1.3,0.21
48,-89,"DOLERITE [14995]",9.48,22.43,2.96,13.25,3.47,1.33,3.98,0.62,3.67,0.74,1.94,0.3,1.94,0.3
48,-89,"DOLERITE [14995]",16.17,34.69,4.39,19.06,4.16,1.29,4.18,0.66,3.94,0.79,2.02,0.31,1.93,0.29
48,-89,"DOLERITE [14995]",8.06,18.72,2.62,12.58,3.39,1.25,3.93,0.65,4.07,0.83,2.19,0.33,2.02,0.31
48,-89,"DOLERITE [14995]",13.4,29.73,3.97,18.32,4.75,1.57,5.38,0.91,5.62,1.18,3.14,0.47,2.96,0.45
48,-89,"DOLERITE [14995]",33.47,65.83,7.88,30.99,5.79,1.23,4.91,0.77,4.48,0.91,2.57,0.42,2.7,0.42
48,-89,"DOLERITE [14995]",10.74,24.76,3.39,16.23,4.13,1.44,4.35,0.73,4.55,0.93,2.5,0.38,2.36,0.37
48,-89,"DOLERITE [14995]",13.54,30.83,4.1,18.78,4.57,1.51,4.97,0.8,4.94,1,2.68,0.41,2.55,0.39
48,-89,"DOLERITE [14995]",25.77,58.07,7.6,33.6,7.48,2.04,7.5,1.2,7.18,1.44,3.79,0.58,3.59,0.54
48,-89,"DOLERITE [14995]",15.08,34.44,4.56,20.91,5.04,1.61,5.28,0.87,5.17,1.06,2.85,0.43,2.7,0.41
48,-89,"DOLERITE [14995]",15.87,36.13,4.78,21.31,5.11,1.59,5.24,0.85,5.18,1.07,2.77,0.44,2.71,0.41
48,-89,"DOLERITE [14995]",14.22,32.5,4.32,19.51,4.55,1.45,4.6,0.75,4.57,0.93,2.49,0.38,2.38,0.36
48,-89,"DOLERITE [14995]",9.62,22.72,3.18,14.88,3.82,1.34,4.16,0.7,4.36,0.91,2.36,0.37,2.32,0.35
48,-89,"DOLERITE [14995]",19.49,44.08,5.81,25.54,5.84,1.84,5.84,0.88,5.27,1.01,2.61,0.39,2.41,0.36
48,-89,"DOLERITE [14995]",23.92,53.36,7.01,30.89,6.92,2.06,6.68,1.08,6.39,1.31,3.4,0.53,3.33,0.5
48,-89,"DOLERITE [14995]",20.87,46.57,6.18,27.51,6.55,1.99,6.53,1.05,6.26,1.29,3.4,0.53,3.28,0.5
48,-89,"DOLERITE [14995]",9.22,21.17,2.9,13.51,3.35,1.15,3.44,0.57,3.46,0.74,1.99,0.3,1.9,0.29
48,-89,"DOLERITE, QUARTZ [14995]",7.82,19.29,2.64,12.18,3.05,1.22,3.45,0.53,3.25,0.67,1.83,0.27,1.73,0.25
48,-89,"DOLERITE, QUARTZ [14995]",7.73,19.33,2.54,12.21,3.05,1.12,3.56,0.56,3.36,0.68,1.83,0.26,1.73,0.27
48,-89,"DOLERITE, QUARTZ [14995]",10.27,21.56,2.98,13.35,3.39,1.23,3.9,0.64,3.9,0.78,2.05,0.32,2.05,0.31
48,-89,"DOLERITE, QUARTZ [14995]",9.44,21.8,3.03,14.36,3.61,1.31,4.01,0.66,4.2,0.85,2.28,0.35,2.22,0.34
48,-89,"DOLERITE, QUARTZ [14995]",10.31,22.19,2.9,13.23,3.5,1.17,4.07,0.69,4.36,0.92,2.46,0.38,2.37,0.36
48,-89,"DOLERITE, QUARTZ [14995]",21.66,48.86,6.43,28.68,6.76,2.05,6.98,1.12,6.82,1.39,3.7,0.56,3.5,0.52
75.5,135.84,"DOLERITE [15096]",13.2,28,3.7,15,3.63,0.92,3.63,0.56,3.46,0.78,1.9,0.29,1.8,0.26
75.5,135.84,"DOLERITE [15096]",14.3,28.3,3.8,14.8,3.55,1.1,3.38,0.56,3.38,0.74,1.8,0.28,1.7,0.24
75.5,135.84,"DOLERITE [15096]",4.08,9.71,1.5,6.55,2.01,0.85,2.55,0.43,2.61,0.6,1.5,0.22,1.4,0.2
75.5,135.84,"DOLERITE [15096]",8.45,19,2.7,11.7,3.17,1.3,3.63,0.6,3.59,0.81,2,0.31,1.8,0.29
75.5,135.84,"DOLERITE [15096]",7.6,17.9,2.5,10.8,3.11,1.3,3.29,0.51,3.25,0.7,1.7,0.25,1.6,0.25
75.5,135.84,"DOLERITE [15096]",14.6,29,3.9,14.3,3.43,1.4,3.24,0.52,3,0.65,1.7,0.26,1.7,0.26
75.5,135.84,"DOLERITE [15096]",13.7,27.5,3.5,13.4,3.24,1,3.47,0.52,3.23,0.68,1.7,0.25,1.6,0.25
75.5,135.84,"DOLERITE [15096]",10.3,22.3,3.2,14.6,3.98,1.4,4.21,0.75,4.22,0.85,2.2,0.34,2,0.29
75.5,135.84,"DOLERITE [15096]",9.25,20.2,2.8,12.9,3.58,1.2,3.9,0.72,4.2,0.86,2.4,0.36,2.1,0.29
51.5,86,"DOLERITE [13959]",3.71,9.6,1.45,7.47,2.49,0.87,2.89,0.56,3.59,0.77,2.18,0.32,2.11,0.32
50.23,87.8,"DOLERITE [13959]",4.27,11.24,1.7,8.7,2.74,0.89,3.39,0.64,4.08,0.9,2.58,0.39,2.52,0.41
50.23,87.8,"DOLERITE [13959]",8.58,21.31,3.06,14.32,4.29,1.39,4.67,0.84,4.93,0.99,2.64,0.36,2.24,0.33
52,87,"DOLERITE [12738]",12.33,26.75,3.98,19.17,4.76,1.36,5.19,0.86,5.21,1.17,3.51,0.51,2.8,0.43
54.32,108.42,"DOLERITE [15118]",36.61,75.09,9.13,37.3,8.02,2.26,6.77,1.11,5.71,1.22,3.24,0.44,2.42,0.39
54.32,108.42,"DOLERITE [15118]",25.17,54.62,6.9,27.73,5.86,2.29,6.17,0.87,4.91,1,3,0.43,2.59,0.38
54.32,108.42,"DOLERITE [15118]",28.86,62.03,7.86,33.46,7.27,1.73,7.14,1.03,6.35,1.29,3.31,0.47,2.81,0.4
54.32,108.42,"DOLERITE [15118]",21.31,45.96,6.01,24.57,5.39,1.86,5.33,0.77,4.41,0.92,2.77,0.45,2.5,0.39
54.32,108.42,"DOLERITE [15118]",21.84,46.78,6.13,25.33,5.46,1.78,5.38,0.79,4.43,0.94,2.85,0.43,2.55,0.39
54.32,108.42,"DOLERITE [15118]",33.99,67.97,8.45,32.53,6.55,1.86,6.46,0.91,5.34,1.06,3.39,0.54,3.14,0.45
54.32,108.42,"DOLERITE [15118]",29.29,56.61,7.45,30.6,6.24,1.83,6.17,0.92,5.18,1.05,3.29,0.49,3.06,0.41
54.32,108.42,"DOLERITE [15118]",27.45,54.6,7.16,28.94,5.9,1.81,5.84,0.84,4.78,0.99,3.21,0.46,2.63,0.38
54.32,108.42,"DOLERITE [15118]",37.11,70.47,8.18,33.53,6.36,2.24,6.26,0.93,5.35,1.24,2.8,0.39,2.65,0.39
54.32,108.42,"DOLERITE [15118]",23.87,50.72,6.32,26.62,6.05,2.06,5.22,0.8,4.76,1,2.66,0.4,2.42,0.32
54.32,108.42,"DOLERITE [15118]",26.47,53.47,6.82,28.97,6.43,1.98,5.96,0.9,5.36,1.06,2.94,0.42,2.69,0.39
54.32,108.42,"DOLERITE [15118]",26.06,52.62,6.83,27.48,5.99,1.95,5.74,0.85,5.05,1.07,2.73,0.44,2.45,0.35
54.32,108.42,"DOLERITE [15118]",24.37,50.8,6.2,26.11,5.69,1.83,5.35,0.85,5.05,1.02,2.62,0.41,2.63,0.37
54.32,108.42,"DOLERITE [15118]",31.3,63.99,7.64,30.93,6.73,1.87,5.93,0.89,5.31,1.13,2.86,0.42,2.76,0.38
54.32,108.42,"DOLERITE [15118]",40.23,82.74,10.06,39.71,8,2.26,7.46,1.09,6.4,1.37,3.6,0.56,3.39,0.48
54.32,108.42,"DOLERITE [15118]",29.81,62.13,7.42,29.8,6.36,1.93,5.72,0.87,5.13,1.09,2.89,0.47,2.74,0.39
54.32,108.42,"DOLERITE [15118]",31.74,64.81,7.97,32.71,6.99,2.18,6.44,0.99,5.91,1.23,3.19,0.51,3.1,0.44
19.21315,-70.67745,"DOLERITE [13134]",2.8,7.2,0.97,5.5,1.8,0.66,2.52,0.44,2.88,0.67,1.85,0.27,2.03,0.28
19.27577,-70.76544,"DOLERITE [13134]",2.5,6.6,0.98,5.4,1.8,0.7,2.5,0.44,2.92,0.66,1.88,0.29,1.78,0.3
19.26674,-70.74047,"DOLERITE [13134]",5.1,12.3,1.75,9.3,3,1.09,4.27,0.72,4.91,1.11,3.11,0.48,3.11,0.48
60,136,"DOLERITE [14121]",9.1,22.6,3.3,15.8,4.1,1.4,4.7,0.76,5.6,1.16,3.39,0.5,3.07,0.43
60,136,"DOLERITE [14121]",7.9,20.2,3.1,14.7,3.8,1,4.1,0.71,5.1,1,2.98,0.4,2.67,0.38
60,136,"DOLERITE [14121]",7.8,19.8,3.1,15,4.2,1.7,5.5,0.94,6.3,1.37,4.04,0.6,3.84,0.47
60,136,"DOLERITE [14121]",22.7,49.9,7.6,34.3,8.1,2.3,8.7,1.22,8.6,1.84,5.16,0.73,4.37,0.56
-30.4790961,141.9268299,"DOLERITE [15266]",12.2,29.2,4.5,20.3,5.4,2,5.1,0.8,3.9,0.7,1.7,0.2,1.3,0.2
-30.5095387,141.9777659,"DOLERITE [15266]",21,43.2,6,24.8,6.1,2,5.9,0.8,4.4,0.8,1.8,0.2,1.3,0.2
-30.5428817,141.9653816,"DOLERITE [15266]",7.9,19.2,3.1,14.4,4.6,1.6,5.3,1,6,1.2,3.5,0.5,3.1,0.5
40.9,92,"DOLERITE [15282]",14.2,31.4,4.24,19,5.03,1.43,5.26,0.96,6.33,1.39,4,0.62,4.04,0.6
-31.75,26.2,"DOLERITE [15464]",14.4,29.8725,3.87,19.32,4.05,1.2623715,4.48,1.05,5.85,1.17,3.28,0.47,3.3,0.47
-31.75,26.2,"DOLERITE [15464]",8.04,16.9365,2.15,8.98,1.57,0.7997106,2.35,0.53,3.19,0.64,1.74,0.26,1.82,0.27
-31.75,26.2,"DOLERITE [15464]",18.75,42.126,4.96,23.78,5.59,1.2116039,4.82,1.04,6.48,1.19,3.4,0.48,3.08,0.5
-31.75,26.2,"DOLERITE [15464]",10.57,23.7195,2.81,12.2,3.41,0.9740016,3.41,0.68,3.92,0.8,2.3,0.306,2.22,0.33
-31.75,26.2,"DOLERITE [15464]",12.9,24.339,3.13,14.2,3.39,0.949143,3.23,0.63,3.87,0.76,2.06,0.31,1.93,0.31
-31.75,26.2,"DOLERITE [15464]",8.92,20.7165,2.6,11.61,3.52,0.9589968,3.35,0.66,3.69,0.75,2.01,0.306,2.1,0.31
-31.75,26.2,"DOLERITE [15464]",7.98,17.64,2.36,10.36,3.03,0.9042192,3.28,0.63,3.68,0.74,2.18,0.324,2.05,0.29
-31.75,26.2,"DOLERITE [15464]",7.93,17.745,2.28,10.08,3.19,1.0087752,3.06,0.6,3.53,0.75,1.98,0.315,1.98,0.34
-31.75,26.2,"DOLERITE [15464]",9.06,18.9315,2.43,10.74,3.13,0.9119856,2.84,0.56,3.37,0.67,1.97,0.288,2.03,0.28
-31.75,26.2,"DOLERITE [15464]",7.87,17.1045,2.32,9.9,3.1,0.9319368,3.17,0.64,3.71,0.74,2.04,0.315,2.04,0.32
-31.75,26.2,"DOLERITE [15464]",7.68,16.7895,2.12,9.65,2.96,0.897084,2.75,0.57,3.29,0.7,1.93,0.297,2.04,0.3
-31.75,26.2,"DOLERITE [15464]",6.06,12.8625,1.64,7.4,2.36,0.8657136,2.35,0.47,2.97,0.56,1.56,0.234,1.69,0.27
-31.75,26.2,"DOLERITE [15464]",8.65,20.076,2.38,10.18,3.05,1.0061136,3.01,0.62,3.75,0.73,2.08,0.306,2.15,0.34
-31.75,26.2,"DOLERITE [15464]",14.85,32.466,3.75,15.7,4.09,1.0738392,3.88,0.8,4.66,0.9,2.52,0.369,2.64,0.4
-31.75,26.2,"DOLERITE [15464]",8.47,18.5115,2.25,9.03,2.54,0.6854376,2.21,0.46,2.59,0.54,1.47,0.234,1.5,0.25
-31.75,26.2,"DOLERITE [15464]",36.66,78.435,8.62,35.2,6.88,1.2130488,5.13,0.93,4.96,0.93,2.56,0.396,2.74,0.41
-31.75,26.2,"DOLERITE [15464]",8.44,18.06,2.23,9.75,2.8,0.9838536,2.81,0.58,3.41,0.71,1.95,0.27,2.13,0.32
-31.75,26.2,"DOLERITE [15464]",13.08,30.807,3.76,16.29,4.82,1.4574456,4.95,0.97,5.78,1.12,3.19,0.495,3.27,0.5
-31.75,26.2,"DOLERITE [15464]",12.07,27.762,3.45,15.13,4.13,1.4009256,4.73,0.91,5.36,1.13,3.09,0.441,3.27,0.48
-31.75,26.2,"DOLERITE [15464]",9.93,23.352,2.78,12.42,3.36,1.2440568,3.51,0.67,4.16,0.84,2.19,0.36,2.62,0.37
-31.75,26.2,"DOLERITE [15464]",20.1,41.1495,4.57,18.96,3.79,1.5105216,2.84,0.51,2.96,0.55,1.62,0.252,1.81,0.28
-31.75,26.2,"DOLERITE [15464]",9.76,21.609,2.8,11.82,3.69,1.161204,3.39,0.65,3.91,0.86,2.18,0.36,2.47,0.36
-31.75,26.2,"DOLERITE [15464]",9.66,22.2075,2.78,12.04,3.67,1.233756,3.47,0.67,4.04,0.78,2.24,0.36,2.4,0.36
-31.75,26.2,"DOLERITE [15464]",10.68,23.2995,2.99,13.04,3.57,1.2428688,3.57,0.73,4.09,0.88,2.41,0.351,2.42,0.38
-31.75,26.2,"DOLERITE [15464]",10.11,22.743,2.79,12.28,3.48,1.1476608,3.46,0.65,3.94,0.83,2.15,0.324,2.44,0.35
-31.75,26.2,"DOLERITE [15464]",8.74,20.2545,2.45,11.03,3.36,1.0897968,3.05,0.61,3.64,0.77,2.02,0.306,2.13,0.33
-31.75,26.2,"DOLERITE [15464]",9.12,21.1575,2.56,11.2,3.42,1.0772424,3.15,0.66,3.81,0.76,2.08,0.324,2.24,0.34
-31.75,26.2,"DOLERITE [15464]",16.01,37.1175,4.39,19.26,5.39,1.6208952,5.2,1.02,6.41,1.27,3.53,0.504,3.5,0.52
-31.75,26.2,"DOLERITE [15464]",24.24,50.8935,6.52,31.54,7.13,1.7573335,6.97,1.59,9.24,1.68,4.87,0.76,4.84,0.9
-31.75,26.2,"DOLERITE [15464]",9.57,21.4305,2.56,11.18,3.23,1.148412,3.04,0.6,3.59,0.74,2.06,0.297,2.23,0.33
-31.75,26.2,"DOLERITE [15464]",7.81,18.102,2.2,9.63,2.71,0.8266272,2.78,0.55,3.38,0.65,1.82,0.279,1.93,0.3
-31.75,26.2,"DOLERITE [15464]",9.95,23.5725,2.91,12.37,3.59,1.1614008,3.47,0.71,4.36,0.85,2.39,0.351,2.39,0.36
-31.75,26.2,"DOLERITE [15464]",8.29,18.733,2.32,11.51,3.24,1.016457,2.83,0.6,3.32,0.72,2.0952,0.297,2.03,0.32
-31.75,26.2,"DOLERITE [15464]",7.51,16.72,2.1,10.49,2.53,0.96564,2.65,0.55,3.14,0.61,1.836,0.252,1.78,0.24
-31.75,26.2,"DOLERITE [15464]",7.15,15.983,1.94,9.53,2.82,0.991796,2.48,0.53,3.1,0.59,1.836,0.27,1.84,0.28
-31.75,26.2,"DOLERITE [15464]",8.96,20.658,2.46,11.97,3.39,0.955838,2.87,0.6,3.35,0.69,1.9764,0.27,2.1,0.32
-31.75,26.2,"DOLERITE [15464]",11.72,27.236,3.19,16.07,3.95,1.137721,3.82,0.75,4.48,0.92,2.5596,0.36,2.48,0.36
-31.75,26.2,"DOLERITE [15464]",10.87,25.597,2.93,15,3.63,1.126021,3.48,0.68,4,0.89,2.4516,0.342,2.3,0.38
-31.75,26.2,"DOLERITE [15464]",12.71,35.2,3.72,17.94,4.3,1.3023426,3.89,0.77,4.02,0.83,2.538,0.378,2.58,0.38
-31.75,26.2,"DOLERITE [15464]",12.02,27.032,3.28,16.7,4.1,1.30730675,3.8,0.6555,4.44,0.94,2.45,0.342,2.4,0.36
-31.75,26.2,"DOLERITE [15464]",18.43,42.185,4.98,25.48,5.78,1.5151474,5.33,1.07,5.96,1.16,3.6828,0.495,3.48,0.51
-31.75,26.2,"DOLERITE [15464]",12.3,28.105,3.37,16.98,4.14,1.337115,3.8,0.8,4.54,0.88,2.5812,0.351,2.56,0.37
-31.75,26.2,"DOLERITE [15464]",13.89,31.157,3.6,18.86,4.46,1.336183,4.18,0.703,4.66,0.97,2.62,0.418,2.57,0.37
-31.75,26.2,"DOLERITE [15464]",11.4,26.378,3.18,15.84,3.77,1.0635118,3.5,0.69,4.12,0.89,2.6028,0.387,2.66,0.4
-31.75,26.2,"DOLERITE [15464]",13.787,29.419,3.35,15.92,3.47,1.1651688,3.54,0.646,4.25,0.85,2.36,0.3515,2.41,0.36
-31.75,26.2,"DOLERITE [15464]",15.6665,30.332,3.42,17.3,3.82,1.192116,3.66,0.6935,4.47,0.93,2.55,0.38,2.67,0.36
-31.75,26.2,"DOLERITE [15464]",8.66,20.724,2.54,13.3,3.63,1.3220142,3.78,0.7,4.52,0.87,2.6892,0.387,2.58,0.39
-31.75,26.2,"DOLERITE [15464]",9.24,21.263,2.58,13.87,3.81,1.3207818,4,0.72,4.29,0.91,2.8296,0.396,2.77,0.43
-31.75,26.2,"DOLERITE [15464]",8.8,21.043,2.51,12.12,3.67,1.2147902,3.23,0.71,4.33,0.89,2.538,0.378,2.62,0.39
68,118,"DOLERITE [14816]",29.73,60.86,8.81,38.72,8.79,2.35,8.73,1.6,7.5,1.49,3.74,0.65,3.72,0.46
68,118,"DOLERITE [14816]",37.7,78.68,10.53,43.03,9.5,2.66,10.28,1.73,9.23,1.61,4.49,0.71,4.12,0.58
68,118,"DOLERITE [14816]",21.03,44.22,6.46,28,6.29,1.8,6.45,1.17,6.13,1.17,3.18,0.52,2.9,0.41
68,118,"DOLERITE [14816]",40.81,95.91,12.59,52.94,11.94,3.3,11.63,1.93,10.37,2.15,5.95,0.8,5.17,0.73
68,118,"DOLERITE [14816]",23.62,48.9,6.78,28.27,6.05,1.76,6.1,1.07,5.25,1.02,2.55,0.43,2.5,0.34
68,118,"DOLERITE [14816]",24.41,49.78,7.04,29.25,5.82,1.81,5.83,1.1,5.16,1.03,2.54,0.45,2.5,0.37
68,118,"DOLERITE [14816]",39.5,84.94,12.17,51.88,10.84,3.15,9.26,1.62,7.08,1.2,2.83,0.43,2.42,0.34
68,118,"DOLERITE [14816]",29.75,64.47,9.26,40.81,8.44,2.58,7.24,1.3,5.78,1.12,2.77,0.45,2.64,0.37
68,118,"DOLERITE [14816]",25.36,54.95,7.89,34.43,7.1,2.26,6.15,1.15,5.35,0.97,2.33,0.39,2.09,0.27
68,118,"DOLERITE [14816]",24.56,52.83,7.94,33.87,6.97,2.28,6.41,1.16,5.02,1.02,2.42,0.4,2.21,0.27
68,118,"DOLERITE [14816]",27.26,56.27,8.29,35.72,7.73,2.25,7.34,1.25,5.71,1.17,2.66,0.48,2.56,0.35
67,119,"DOLERITE [14816]",29.86,63.11,7.52,31.49,7.31,2.13,7.06,1.18,5.62,1.05,2.5,0.43,2.39,0.3
67,119,"DOLERITE [14816]",28,55.49,7.18,29.3,6.61,1.78,6.22,1.14,5.46,1.22,2.71,0.51,2.65,0.39
67,119,"DOLERITE [14816]",57,112.51,13.79,53.82,13.36,2.85,11.9,1.94,10.51,1.88,5.19,0.79,4.31,0.58
21.2461,81.4814,"DOLERITE [15586]",13.4,33.8,4.58,21.7,5.8,1.94,6.54,1.1,6.19,1.26,3.23,0.48,2.8,0.4
21.2466,81.619,"DOLERITE [15586]",11.7,29.2,4.24,19.2,5.29,1.77,6.16,1.01,5.66,1.17,3.07,0.42,2.72,0.38
3.7732,-76.74,"DOLERITE [15581]",2.89,8.3,1.33,7.84,1.96,0.97,3.08,0.64,4.1,0.85,2.55,0.43,2.38,0.42
3.478,-76.6466,"DOLERITE [15581]",2.9,8.67,1.28,7.27,2.51,0.73,2.55,0.55,3.67,0.65,2.44,0.61,2.04,0.27
-34.08,-70.35,"DOLERITE [15579]",11.5,26.5,3.2,15.8,3.9,1.16,3.4,0.6,3.3,0.7,2,0.27,1.6,0.25
-34.08,-70.35,"DOLERITE [15579]",6.3,16.6,2,9.9,2.8,1.1,3,0.6,3.8,0.7,1.9,0.3,1.7,0.2
-34.08,-70.35,"DOLERITE [15579]",12.6,28.3,3.5,17.3,4.4,1.52,4.1,0.7,4.2,0.9,2.6,0.36,2.2,0.34
48.2764,-65.8544,"DOLERITE [12868]",26.11,63.73,9.08,39.08,8.92,2.82,8.59,1.21,7.17,1.42,4.47,0.55,3.5,0.49
-21.298,14.651,"DOLERITE [15724]",6.1,14,2,8.8,2.5,0.92,3,0.55,3.2,0.61,1.8,0.26,1.7,0.23
24.18,35.05,"DOLERITE [15834]",0.96,3.17,0.48,3.26,1.35,0.6,1.78,0.29,2.02,0.41,1.27,0.19,1.18,0.19
12.103,145.1528,"DOLERITE [15967]",1.73,5.35,0.88,5.37,2.2,0.8,3.22,0.63,4.39,1.03,3.05,0.49,3.2,0.48
12.6699,144.7291,"DOLERITE [15967]",0.97,3.01,0.47,2.91,1.17,0.47,1.72,0.36,2.5,0.57,1.7,0.28,1.79,0.27
12.6699,144.7291,"DOLERITE [15967]",1.01,3.36,0.52,3.13,1.25,0.53,1.92,0.39,2.5,0.58,1.72,0.26,1.72,0.27
12.5789,144.6529,"DOLERITE [15967]",1.62,5.52,0.9,5.04,1.92,0.77,2.66,0.54,3.64,0.87,2.51,0.39,2.5,0.4
10.5,123.8,"DOLERITE [19607]",11.5,24.1,3.61,16.6,3.87,1.2,4.13,0.61,3.65,0.73,2.18,0.3,2.02,0.29
10.5,123.8,"DOLERITE [19607]",10.2,23.9,3.05,13.5,3.52,1.1,3.51,0.55,3.25,0.67,1.91,0.27,1.8,0.25
10.5,123.8,"DOLERITE [19607]",10.4,24.4,3.07,13.8,3.58,1.1,3.47,0.56,3.3,0.69,1.96,0.27,1.79,0.26
10.5,123.8,"DOLERITE [19607]",8.5,20.8,2.96,13.6,3.31,1.1,3.56,0.58,3.74,0.76,2.32,0.34,2.29,0.32
10.5,123.8,"DOLERITE [19607]",9.4,24,3.44,15.7,3.64,1,3.26,0.5,2.98,0.59,1.74,0.25,1.73,0.25
39.98,121.62,"DOLERITE [16003]",24.4,46.5,5.53,24.5,4.68,1.32,4.31,0.6,3.52,0.7,1.86,0.25,1.68,0.26
39.98,121.62,"DOLERITE [16003]",26.6,50.7,6.11,25.8,4.97,1.46,4.46,0.63,3.71,0.77,2.06,0.28,1.87,0.28
39.98,121.62,"DOLERITE [16003]",25.8,50.2,6.03,24.4,4.78,1.41,4.42,0.66,3.69,0.77,2.11,0.29,1.86,0.28
39.48,121.77,"DOLERITE [16003]",16.1,34.9,4.91,24,6.1,2.14,6.72,1.1,6.57,1.32,3.45,0.46,2.99,0.44
39.48,121.77,"DOLERITE [16003]",17.9,39,5.38,26.1,6.13,2.25,7.34,1.14,7.16,1.41,3.68,0.48,3.36,0.49
39.48,121.77,"DOLERITE [16003]",17.6,37.5,5.28,25.1,6.43,2.19,6.83,1.06,6.73,1.35,3.42,0.45,3.06,0.48
40.46,113.57,"DOLERITE [16003]",12.4,25.8,3.99,17.2,5.2,1.72,6.33,1.08,7.24,1.54,4.3,0.6,3.79,0.56
40.46,113.57,"DOLERITE [16003]",10.6,23.2,3.57,16.1,4.88,1.61,5.81,0.95,6.44,1.29,3.84,0.52,3.42,0.49
40.46,113.57,"DOLERITE [16003]",9.62,20.2,3.27,14.5,4.48,1.43,5.13,0.87,5.55,1.23,3.32,0.47,3.04,0.51
40.5,113.95,"DOLERITE [16003]",5.36,11.3,1.82,8.03,2.41,1.02,3.73,0.57,3.93,0.87,2.56,0.37,2.41,0.35
40.5,113.95,"DOLERITE [16003]",4.64,9.8,1.66,7.16,2.23,1.05,3.65,0.55,3.64,0.84,2.47,0.36,2.3,0.37
40.5,113.95,"DOLERITE [16003]",4.75,10.1,1.73,7.62,2.61,1.08,3.7,0.55,4.04,0.9,2.6,0.35,2.32,0.37
34.75,116.03,"DOLERITE [16003]",17.6,40.1,5.68,26.9,7.22,2.64,8.37,1.37,9.34,2.03,5.5,0.81,5.42,0.79
34.75,116.03,"DOLERITE [16003]",16.8,40.1,5.72,27.3,7.47,2.57,8.27,1.4,9.71,2.04,5.66,0.8,5.46,0.79
34.75,116.03,"DOLERITE [16003]",15.1,38.9,5.71,27.5,7.34,2.58,8.45,1.35,8.96,1.94,5.16,0.71,4.73,0.71
37.07,113.89,"DOLERITE [16003]",18.3,36,5.4,25.6,6.5,2.26,7.9,1.2,7.46,1.52,4,0.5,3.31,0.48
37.07,113.89,"DOLERITE [16003]",18.8,39.6,5.66,25.8,6.67,2.09,7.6,1.13,7.39,1.37,3.59,0.47,3.15,0.5
37.07,113.89,"DOLERITE [16003]",17.2,36.5,5.09,24.8,6.04,2.18,7.2,1.05,6.67,1.36,3.51,0.44,3.04,0.45
37.07,113.89,"DOLERITE [16003]",3.23,10.2,1.76,10.1,3.61,1.26,4.42,0.84,6.04,1.3,3.7,0.53,3.49,0.53
37.07,113.89,"DOLERITE [16003]",3.27,10.4,1.74,9.93,3.38,1.32,4.36,0.78,5.71,1.22,3.59,0.53,3.43,0.49
37.07,113.89,"DOLERITE [16003]",2.82,9.32,1.62,8.82,3.01,1.16,4.32,0.77,4.93,1.16,3.12,0.48,2.94,0.43
37.07,113.89,"DOLERITE [16003]",2.97,9.8,1.65,9.08,3.19,1.23,4.55,0.78,5.06,1.21,3.25,0.49,3.08,0.46
2.9469,12.1448,"DOLERITE [24160]",21.1,44,5.51,0.464,0.105,1.59,5.25,0.79,4.58,0.94,2.49,0.35,2.06,0.009
2.887,12.0273,"DOLERITE [24160]",27.1,43.3,4.01,1.102,0.252,0.42,0.79,0.08,0.51,0.07,0.23,0.03,0.19,0.014
42.93,140.53,"DOLERITE [16193]",5.08,12.38,1.75,8.41,2.37,0.82,2.77,0.47,2.99,0.63,1.84,0.3,1.79,0.27
42.93,140.53,"DOLERITE [16193]",5.65,13.65,2,9.02,2.56,0.85,2.84,0.49,3.08,0.68,1.98,0.3,1.85,0.29
42.93,140.53,"DOLERITE [16193]",5.2,12.21,1.77,8.08,2.39,0.8,2.68,0.45,2.89,0.61,1.79,0.28,1.7,0.27
41.77,140.9,"DOLERITE [16193]",3.32,8.58,1.25,6.39,1.9,0.76,2.38,0.44,2.84,0.64,1.83,0.28,1.79,0.28
41.77,140.9,"DOLERITE [16193]",3.25,8.91,1.28,6.3,2,0.75,2.44,0.44,2.86,0.65,1.88,0.28,1.8,0.28
41.77,140.9,"DOLERITE [16193]",3.39,9.14,1.31,6.52,2.03,0.79,2.53,0.43,2.93,0.65,1.95,0.3,1.84,0.29
41.77,140.9,"DOLERITE [16193]",3.39,9.11,1.33,6.29,1.98,0.78,2.52,0.45,2.95,0.66,1.85,0.28,1.8,0.28
41.73,140.03,"DOLERITE [16193]",11.05,25.34,3.51,15.72,3.9,1.3,4.11,0.66,4.08,0.91,2.53,0.38,2.37,0.37
41.73,140.03,"DOLERITE [16193]",11.21,26.06,3.58,15.97,4.06,1.32,4.15,0.68,4.11,0.89,2.57,0.37,2.36,0.36
41.73,140.03,"DOLERITE [16193]",11.63,27.65,3.75,17.17,4.36,1.38,4.56,0.72,4.45,0.95,2.69,0.42,2.53,0.38
41.73,140.03,"DOLERITE [16193]",10.35,24.5,3.3,15.17,3.78,1.22,3.81,0.62,3.81,0.83,2.35,0.34,2.16,0.34
33.9759,117.3053,"DOLERITE [16432]",10.3,23.8,3.08,15.2,4,1.6,4.62,0.77,4.82,1.03,2.76,0.4,2.53,0.37
33.9759,117.3053,"DOLERITE [16432]",9.26,21.4,2.78,13.5,3.57,1.45,4.09,0.69,4.32,0.93,2.49,0.36,2.29,0.34
33.9759,117.3053,"DOLERITE [16432]",8.93,20.4,2.66,13.1,3.51,1.4,4.08,0.69,4.33,0.93,2.47,0.37,2.28,0.33
34.4942,117.696,"DOLERITE [16432]",14.5,33.6,4.34,21.1,5.44,1.89,5.93,0.97,5.96,1.25,3.26,0.47,2.96,0.43
34.4942,117.696,"DOLERITE [16432]",21,49,6.41,30.5,7.84,2.51,8.46,1.38,8.39,1.76,4.6,0.67,4.13,0.6
34.4942,117.696,"DOLERITE [16432]",18.8,42.6,5.51,26.5,6.88,2.27,7.54,1.25,7.6,1.6,4.25,0.62,3.88,0.57
34.4942,117.696,"DOLERITE [16432]",13.3,30.9,4.03,19.7,5.18,1.73,5.75,0.94,5.79,1.22,3.18,0.47,2.93,0.42
34.4942,117.696,"DOLERITE [16432]",13,30.2,3.95,19.3,5.05,1.71,5.62,0.94,5.75,1.22,3.24,0.48,2.97,0.43
45,89,"DOLERITE [16418]",24.3,64.8,9.01,41.4,10.5,3.49,11.1,1.67,10.1,2.14,5.5,0.85,5.21,0.79
45,89,"DOLERITE [16418]",23.8,61.6,8.67,37.5,9.67,3.57,10.3,1.5,9.03,1.94,5.38,0.78,4.58,0.73
45,89,"DOLERITE [16418]",22.9,57.8,8.15,38.4,10.2,3.44,9.96,1.55,9.29,1.9,4.91,0.76,4.75,0.7
45,89,"DOLERITE [16418]",21.3,54,7.79,35.2,9.1,2.94,9.47,1.44,8.81,1.86,4.86,0.72,4.45,0.66
45,89,"DOLERITE [16418]",19.7,50.3,7.09,32.9,8.59,2.7,8.6,1.35,8.08,1.69,4.41,0.67,4.12,0.61
38.5,99.3,"DOLERITE [16522]",2.28,5.76,0.85,4.27,1.43,0.51,1.85,0.33,2.24,0.49,1.48,0.22,1.41,0.22
38.5,99.3,"DOLERITE [16522]",4.89,12.42,1.97,10.22,3.44,1.35,4.74,0.85,5.69,1.23,3.61,0.52,3.33,0.5
38.5,99.3,"DOLERITE [16522]",1.01,2.79,0.46,2.51,0.99,0.42,1.48,0.28,1.98,0.45,1.38,0.21,1.31,0.21
38.5,99.3,"DOLERITE [16522]",2.73,7.75,1.08,5.3,1.65,0.63,2.24,0.4,2.47,0.56,1.62,0.25,1.65,0.25
38.5,99.3,"DOLERITE [16522]",1.05,3.38,0.54,2.78,1.02,0.38,1.65,0.29,1.9,0.45,1.29,0.2,1.39,0.22
38.5,99.3,"DOLERITE [16522]",2.14,5.98,0.86,4.18,1.37,0.48,2.1,0.36,2.3,0.51,1.48,0.22,1.53,0.23
43.51,123.51,"DOLERITE [16518]",16.9,35,4.5,19,4.15,1.67,4.13,0.65,3.24,0.58,1.37,0.19,1.06,0.15
43.51,123.51,"DOLERITE [16518]",17.4,37.4,4.88,20.7,4.72,1.78,4.46,0.69,3.5,0.62,1.45,0.19,1.13,0.16
43.51,123.51,"DOLERITE [16518]",14.5,29.8,3.8,16,3.5,1.46,3.66,0.55,2.81,0.54,1.25,0.17,0.98,0.14
30.6526766666667,120.034843333333,"DOLERITE [25202]",25.4,47.9,5.46,22.4,4.55,1.56,4.27,0.64,3.75,0.77,2.12,0.31,2.03,0.31
30.6526766666667,120.034843333333,"DOLERITE [25202]",27.8,52.9,6.19,24.8,5.01,1.71,4.7,0.71,4.06,0.81,2.22,0.32,2.04,0.31
30.6526766666667,120.034843333333,"DOLERITE [25202]",28.3,52.3,5.89,24,4.76,1.63,4.51,0.67,3.85,0.77,2.13,0.31,2,0.3
30.6526766666667,120.034843333333,"DOLERITE [25202]",26.8,49.9,5.71,23.6,4.82,1.69,4.66,0.67,3.92,0.79,2.18,0.31,2,0.31
30.6526766666667,120.034843333333,"DOLERITE [25202]",28.7,54.2,6.18,24.8,4.99,1.7,4.81,0.71,4.05,0.82,2.31,0.34,2.11,0.33
30.6526766666667,120.034843333333,"DOLERITE [25202]",28.9,53.5,5.88,24.4,4.76,1.73,4.71,0.69,3.92,0.79,2.17,0.32,2.03,0.31
30.6526766666667,120.034843333333,"DOLERITE [25202]",28.4,52.9,5.84,24.3,4.98,1.74,4.75,0.68,3.9,0.77,2.12,0.32,2.01,0.31
30.6526766666667,120.034843333333,"DOLERITE [25202]",27.8,51.9,5.8,24.2,4.98,1.74,4.81,0.68,3.98,0.79,2.17,0.32,1.99,0.31
30.6526766666667,120.034843333333,"DOLERITE [25202]",26.2,49.9,5.81,23.8,4.8,1.61,4.51,0.68,3.82,0.74,2.08,0.3,1.95,0.29
30.6526766666667,120.034843333333,"DOLERITE [25202]",17.7,33.1,3.85,15.6,3.27,1.23,3.14,0.48,2.79,0.56,1.59,0.24,1.57,0.24
30.6526766666667,120.034843333333,"DOLERITE [25202]",20.1,37.2,4.3,17.3,3.59,1.36,3.54,0.54,3.16,0.63,1.82,0.27,1.79,0.27
30.6526766666667,120.034843333333,"DOLERITE [25202]",19.9,37.9,4.52,18.5,3.9,1.38,3.62,0.56,3.28,0.65,1.87,0.28,1.8,0.272
30.6526766666667,120.034843333333,"DOLERITE [25202]",17.2,32.4,3.84,15.8,3.34,1.33,3.19,0.5,2.92,0.59,1.69,0.26,1.68,0.262
30.6526766666667,120.034843333333,"DOLERITE [25202]",17.8,32.7,3.82,15.7,3.26,1.27,3.04,0.48,3.05,0.58,1.7,0.25,1.66,0.261
30.6526766666667,120.034843333333,"DOLERITE [25202]",28.2,52,6,24.1,4.76,1.61,4.44,0.68,3.87,0.77,2.2,0.32,2.02,0.31
30.6526766666667,120.034843333333,"DOLERITE [25202]",28.2,51.9,5.8,24.6,4.89,1.65,4.6,0.71,4.04,0.8,2.27,0.32,2.05,0.31
30.6526766666667,120.034843333333,"DOLERITE [25202]",19.6,37.3,4.46,18.4,3.82,1.41,3.6,0.56,3.27,0.66,1.88,0.28,1.8,0.286
30.6526766666667,120.034843333333,"DOLERITE [25202]",19.3,36,4.27,17.5,3.71,1.37,3.38,0.55,3.14,0.64,1.82,0.26,1.75,0.267
-74,-6,"DOLERITE [4309]",7,21.31,3.58,20.31,6.6,2.28,7.62,1.1,6.46,1.13,2.96,0.36,2.2,0.29
-74,-6,"DOLERITE [4309]",7.63,21.97,3.53,19.57,6.37,2.15,7.43,1.09,6.38,1.11,2.97,0.36,2.2,0.3
29.76,117.99,"DOLERITE [25512]",10.8,23.4,3.12,14.2,3.36,1.14,3.74,0.65,3.63,0.76,2.14,0.32,1.8,0.27
29.76,117.99,"DOLERITE [25512]",10.8,23.1,3.12,13.8,3.67,1.11,3.79,0.63,3.87,0.79,2.18,0.29,1.82,0.27
29.76,117.99,"DOLERITE [25512]",11.8,26.4,3.46,15.3,4.01,1.26,4.34,0.719,4.25,0.851,2.32,0.341,2.06,0.306
29.76,117.99,"DOLERITE [25512]",11.4,25.4,3.33,14.8,3.82,1.21,4.14,0.685,4.05,0.811,2.21,0.324,1.96,0.292
48.65,-94.05,"DOLERITE [11763]",6.8,19,2.9,15,4.6,1.6,5.8,1.1,7,1.4,3.9,0.63,4.2,0.63
48.6,-93.82,"DOLERITE [11763]",4,11,1.8,8.9,2.7,1,3.4,0.63,4.1,0.81,2.2,0.35,2.3,0.34
47.76,-92.25,"DOLERITE [11763]",16,36,4.6,20,4.2,1.6,4.5,0.69,4.2,0.8,2.1,0.34,2.1,0.33
48.18,-93.8,"DOLERITE [11763]",5,14,2.1,10,3.3,1.3,4.3,0.77,5.2,1,2.9,0.46,3,0.45
47.6,-92.56,"DOLERITE [11763]",5.2,17,2.6,13,3.5,0.82,3.8,0.62,4,0.77,2.1,0.33,2.2,0.32
47.37,-93.22,"DOLERITE [11763]",3.9,11,1.6,8.1,2.6,0.96,3.4,0.64,4,0.83,2.3,0.38,2.5,0.38
48.7,-94.45,"DOLERITE [11763]",10,29,4.3,22,6.5,2,8,1.4,9.1,1.9,5.2,0.83,5.4,0.84
49.48,-94.48,"DOLERITE [11763]",2.6,7.4,1.2,5.9,2,0.45,2.6,0.46,3.1,0.61,1.7,0.27,1.7,0.25
49.03,-94.54,"DOLERITE [11763]",7.9,22,3.3,17,4.7,1.6,6,1,6.4,1.3,3.5,0.57,3.6,0.55
49.58,-95.15,"DOLERITE [11763]",2.7,7.3,1.1,5.3,1.7,0.61,2.3,0.39,2.7,0.57,1.6,0.25,1.7,0.26
48.62,-93.37,"DOLERITE [11763]",3.5,9.4,1.5,7.4,2.3,0.71,3.1,0.53,3.5,0.71,1.9,0.31,2,0.31
49.62,-94.54,"DOLERITE [11763]",35,75,9.1,37,7.9,2.2,7.8,1.2,6.9,1.4,3.7,0.58,3.7,0.57
47.89,-84.01,"DOLERITE [11763]",22.38,48.91,6.168,26.15,5.87,1.723,6.061,0.973,5.906,1.215,3.547,0.511,3.27,0.488
47.89,-84.01,"DOLERITE [11763]",19.08,42.02,5.38,23.29,5.24,1.59,5.38,0.87,5.35,1.11,3.23,0.47,3.02,0.46
47.97,-84.11,"DOLERITE [11763]",21.47,45.56,5.856,24.64,5.45,1.686,5.342,0.823,4.968,0.993,2.844,0.416,2.62,0.393
48.05,-84.1,"DOLERITE [11763]",48,98.28,12.143,49.48,10.23,2.694,10.04,1.557,9.449,1.905,5.556,0.786,5.02,0.746
47.77,-84.38,"DOLERITE [11763]",10.94,22.3,3,13.03,3.2,0.943,3.535,0.564,3.605,0.758,2.235,0.326,2.12,0.323
47.7,-84.3,"DOLERITE [11763]",34.49,73.12,8.921,37,7.98,2.21,7.629,1.173,7.061,1.404,4.078,0.573,3.64,0.552
47.95,-84.2,"DOLERITE [11763]",35.91,77.62,9.728,40.98,8.66,2.534,8.475,1.302,7.703,1.506,4.443,0.62,3.97,0.591
47.99,-82.92,"DOLERITE [11763]",7.94,18.27,2.491,11.57,3.04,1.044,3.522,0.627,3.958,0.828,2.511,0.363,2.41,0.362
48.52,-82.93,"DOLERITE [11763]",25.23,55.13,7.135,30.42,6.71,2.079,6.54,1.005,6.096,1.214,3.502,0.491,3.21,0.474
47.91,-84.09,"DOLERITE [11763]",18.55,41.27,5.532,24.39,5.73,1.856,6.245,1.023,6.347,1.309,3.918,0.558,3.64,0.548
49.13,-84.79,"DOLERITE [11763]",7.87,18.98,2.554,11.32,2.86,0.931,3.256,0.561,3.622,0.776,2.385,0.35,2.32,0.361
47.96,-84.32,"DOLERITE [11763]",15.36,33.22,4.217,17.48,3.92,1.156,4.002,0.625,3.89,0.804,2.346,0.341,2.16,0.331
47.75,-84.12,"DOLERITE [11763]",30.16,65.83,8.546,36.13,7.8,2.24,7.52,1.138,6.825,1.355,3.856,0.553,3.55,0.528
47.98,-84.11,"DOLERITE [11763]",35.36,74.86,9.449,38.94,8.44,2.466,8.23,1.231,7.271,1.429,4.096,0.582,3.73,0.547
47.83,-84.43,"DOLERITE [11763]",29.5,66.44,8.482,35.76,7.86,2.177,7.712,1.162,6.962,1.408,3.956,0.573,3.57,0.545
50.44,-87.07,"DOLERITE [11763]",20,46,6.3,28,6.1,2,6.6,1,6.3,1.2,3.2,0.49,3.1,0.51
47.95,-84.24,"DOLERITE [11763]",26.6,54.68,6.73,28.5,6.54,1.75,6.81,1.06,6.51,1.37,3.99,0.57,3.71,0.55
48.71,-85.83,"DOLERITE [11763]",24.07,51.08,6.37,27.62,6.01,1.68,6.19,0.97,5.84,1.21,3.44,0.5,3.19,0.48
50.56,-87.15,"DOLERITE [11763]",18.96,40.91,5.26,22.17,5,1.54,5.28,0.82,5.07,1.04,2.98,0.44,2.88,0.43
47.84,-84.44,"DOLERITE [11763]",17.12,39.61,5.13,22.16,5.27,1.59,5.77,0.92,5.77,1.2,3.49,0.51,3.27,0.5
47.95,-84.24,"DOLERITE [11763]",23.98,51.12,6.51,27.89,6.12,1.76,6.27,1.05,6.3,1.28,3.87,0.55,3.49,0.52
49.04,-85.9,"DOLERITE [11763]",22,52,6.5,28,6.7,2,7.2,1.2,7,1.5,4,0.63,4,0.64
48.7,-85.91,"DOLERITE [11763]",22,47,6,25,5.4,1.7,5.6,0.88,5.4,1.1,2.8,0.45,2.9,0.47
48.72,-85.59,"DOLERITE [11763]",13,30,3.8,17,4.2,1.3,4.9,0.82,5,1.1,3,0.48,3.1,0.49
48.72,-85.6,"DOLERITE [11763]",11,25,3.5,15,3.8,1.3,4.5,0.73,4.9,1,2.7,0.44,2.9,0.47
48.81,-86.94,"DOLERITE [11763]",27,58,7,30,6.1,1.9,6,0.94,5.6,1.2,3.2,0.5,3.2,0.51
48.85,-86.96,"DOLERITE [11763]",32,70,8.6,38,8.5,2.5,8.5,1.3,7.7,1.5,4,0.59,3.8,0.58
49.74,-86.68,"DOLERITE [11763]",21,46,5.7,23,5.4,1.4,5.6,0.92,5.4,1.1,3.1,0.46,3.1,0.5
50.44,-87.07,"DOLERITE [11763]",20,45,5.5,24,5.4,1.4,5.9,0.96,5.6,1.2,3.3,0.5,3.2,0.52
50.44,-87.1,"DOLERITE [11763]",22,46,6,25,5.1,1.1,5.6,0.89,5.7,1.1,3.1,0.51,3.2,0.51
49.81,-87.65,"DOLERITE [11763]",8.71,19.02,2.45,10.65,2.62,0.88,2.97,0.48,3.09,0.65,1.93,0.28,1.8,0.27
49.61,-88.05,"DOLERITE [11763]",44.06,95.39,12.24,52.26,10.85,2.88,10.51,1.56,9.21,1.88,5.24,0.74,4.77,0.71
50.32,-87.84,"DOLERITE [11763]",11.56,26.28,3.44,15.14,3.42,1.09,3.57,0.56,3.47,0.71,2.04,0.3,1.86,0.29
48.42,-85.1,"DOLERITE [11763]",34.49,73.3,9.04,38.44,8.21,2.15,8.32,1.26,7.48,1.55,4.44,0.63,4.06,0.62
49.46,-82.61,"DOLERITE [11763]",18.04,38.87,4.84,20.39,4.86,1.48,5.23,0.84,5.45,1.15,3.46,0.5,3.33,0.51
48.12,-84.41,"DOLERITE [11763]",13.8,29.96,3.81,15.97,3.68,1.15,3.84,0.61,3.75,0.77,2.23,0.32,2.07,0.32
47.8,-84.4,"DOLERITE [11763]",5.62,12.84,1.74,7.79,2.09,0.75,2.38,0.41,2.55,0.54,1.56,0.23,1.48,0.23
47.77,-84.38,"DOLERITE [11763]",37.9,82.84,10.41,43.56,9.35,2.54,8.91,1.32,7.89,1.57,4.48,0.63,4.03,0.6
47.75,-83.91,"DOLERITE [11763]",3.9,9.35,1.34,6.45,1.86,0.72,2.26,0.38,2.44,0.51,1.51,0.21,1.38,0.21
47.45,-83.95,"DOLERITE [11763]",5.86,13.47,1.88,8.55,2.25,0.8,2.64,0.43,2.74,0.57,1.68,0.24,1.53,0.23
48.83,-85.85,"DOLERITE [11763]",34,77,9.6,41,8.3,2.2,8.2,1.3,7.3,1.5,3.9,0.62,3.9,0.61
48.73,-85.71,"DOLERITE [11763]",5.8,15,2,9.8,2.7,1,3.4,0.6,3.7,0.82,2.3,0.37,2.6,0.4
48.72,-85.6,"DOLERITE [11763]",24,52,6.6,28,6,1.6,6.2,0.97,6,1.2,3.2,0.5,3.3,0.52
49.67,-87.66,"DOLERITE [11763]",44,98,12,50,10,2.7,9.8,1.5,8.6,1.8,4.6,0.71,4.5,0.72
50.15,-87.71,"DOLERITE [11763]",14.19,30.89,4.04,18.08,4.05,1.36,4.51,0.71,4.27,0.88,2.54,0.36,2.27,0.35
50.32,-87.69,"DOLERITE [11763]",10.41,23.04,3.03,12.88,3.01,1.11,3.11,0.54,3.16,0.7,1.87,0.27,1.67,0.266
49.46,-85.62,"DOLERITE [11763]",28.05,62.43,8.08,35.48,8.22,2.59,8.19,1.22,6.98,1.4,3.78,0.52,3.31,0.49
49.14,-85.95,"DOLERITE [11763]",24.55,56.73,7.46,33.24,7.71,2.49,7.57,1.15,6.56,1.29,3.63,0.5,3.13,0.47
48.91,-84.81,"DOLERITE [11763]",32.43,67.76,8.45,35.12,7.56,2.25,7.3,1.12,6.69,1.33,3.72,0.53,3.35,0.5
48.57,-85.26,"DOLERITE [11763]",15.02,32.17,4.11,17.3,3.89,1.23,4.12,0.66,4.13,0.86,2.51,0.36,2.36,0.35
48.52,-85.16,"DOLERITE [11763]",7.95,18.62,2.48,11.19,2.76,0.91,2.99,0.5,3.19,0.66,1.98,0.29,1.87,0.28
49.67,-83.51,"DOLERITE [11763]",31.71,68.31,8.54,37.19,8.28,2.43,8.37,1.23,7.17,1.39,3.77,0.53,3.33,0.49
48.62,-80.21,"DOLERITE [11763]",12,25,3.2,14,3.6,1.2,4.3,0.78,4.8,1,2.8,0.44,3,0.46
31,115.9,"DOLERITE [16792]",91.82,174.55,20.09,71.9,11.4,2.79,9.13,1.05,5.32,1.03,2.73,0.37,2.23,0.32
30.9,115.5,"DOLERITE [16792]",199.52,315.01,41.97,132.02,20.17,4.93,15.8,1.87,9.17,1.71,4.36,0.57,3.26,0.48
31.23,115.87,"DOLERITE [16792]",111.75,215.6,24.48,87.61,12.97,3.36,10.48,1.23,6.17,1.15,3,0.4,2.45,0.32
31.2,116.1,"DOLERITE [16792]",79.67,152.56,18,65.64,10.71,2.94,8.63,1.06,5.43,1.02,2.71,0.35,2.06,0.27
31.5,115.8,"DOLERITE [16792]",90.15,166.13,19.98,74.86,12.84,3.71,9.85,1.25,5.88,1.09,2.75,0.4,2.19,0.33
31.5,115.8,"DOLERITE [16792]",37.77,75.3,9.37,34.86,6.92,2.18,6.56,0.98,5.41,1.14,3.12,0.5,3,0.46
31.5,115.8,"DOLERITE [16792]",48.414,106.369,13.747,57.46,11.82,3.245,10.371,1.301,7.143,1.333,3.305,0.405,2.344,0.293
30.028,118.3244,"DOLERITE [16778]",17.9,37.3,4.76,20.5,4.7,1.27,5.32,0.77,5.76,1.34,3.88,0.57,3.7,0.57
30.03,118.32,"DOLERITE [16778]",19.8,39.7,4.92,20.5,4.9,1.31,5.46,0.81,5.7,1.34,3.91,0.56,3.57,0.55
30.03,118.32,"DOLERITE [16778]",26.5,54.3,7,30.1,7.25,1.87,8.27,1.26,8.87,1.99,5.82,0.84,5.07,0.84
30.03,118.32,"DOLERITE [16778]",36.8,69.9,8.07,32.1,6.47,1.93,6.49,0.78,5.27,1.13,3.24,0.46,2.88,0.46
30.03,118.32,"DOLERITE [16778]",13.4,29.6,3.77,16.6,4.2,1.08,4.75,0.8,5.16,1.17,3.46,0.53,3.46,0.55
30.03,118.32,"DOLERITE [16778]",30.4,62.6,7.45,30.1,6.72,0.94,6.66,1.09,6.92,1.49,4.28,0.61,3.98,0.59
30.03,118.32,"DOLERITE [16778]",40.8,81.9,9.06,34.7,6.58,1.4,5.73,0.85,4.97,1.08,3.27,0.45,3.39,0.55
29.52,118.34,"DOLERITE [16778]",12.8,29.6,4.23,19.3,5.18,2.01,6.31,1.12,7.25,1.51,4.36,0.63,3.98,0.61
29.52,118.34,"DOLERITE [16778]",38.1,30.3,9.81,41.2,10.3,2.83,12.1,2.12,13.6,2.87,8.61,1.21,7.47,1.12
29.52,118.34,"DOLERITE [16778]",16.3,38.6,5.49,25.3,6.77,2.43,8.03,1.43,9.01,1.84,5.49,0.78,5,0.74
50.73,85.82,"DOLERITE [16776]",10.69,24.47,3.45,15.15,3.73,1.2,4.63,0.7,4.17,0.93,2.66,0.36,2.37,0.35
69.55,90.21,"DOLERITE, OLIVINE [16901]",7,15.8,2.04,8.8,2.15,0.61,2.38,0.4,2.53,0.53,1.49,0.22,1.34,0.2
-19.59,128.85,"DOLERITE [16960]",3.39,9.15,1.04,6.03,1.8,0.74,2.8,0.47,3.31,0.6,1.91,0.26,1.86,0.28
-19.59,128.85,"DOLERITE [16960]",5.31,12.1,1.53,8.31,2.25,0.89,3.19,0.52,3.68,0.7,2.22,0.3,2.19,0.32
-19.59,128.85,"DOLERITE [16960]",4.98,11.6,1.48,8.24,2.23,0.9,3.35,0.55,3.97,0.74,2.33,0.32,2.28,0.33
-19.59,128.85,"DOLERITE [16960]",9.84,22.9,3.09,14.4,4.07,1.42,5.1,0.85,5.55,1.18,3.39,0.51,3.33,0.5
-19.59,128.85,"DOLERITE [16960]",10.4,24.2,3.29,15.5,4.31,1.33,5.37,0.9,5.86,1.25,3.62,0.54,3.47,0.52
-19.59,128.85,"DOLERITE [16960]",10.4,24.3,3.27,15.3,4.23,1.31,5.27,0.88,5.73,1.22,3.58,0.53,3.49,0.52
-19.59,128.85,"DOLERITE [16960]",6.13,14.3,1.94,9.12,2.59,0.99,3.26,0.55,3.61,0.78,2.23,0.33,2.17,0.32
-19.59,128.85,"DOLERITE [16960]",9.03,21.3,2.88,13.6,3.86,1.24,4.85,0.81,5.37,1.14,3.35,0.49,3.19,0.47
-19.59,128.85,"DOLERITE [16960]",5.91,13.6,1.81,8.5,2.42,0.88,3.16,0.54,3.65,0.79,2.32,0.35,2.26,0.34
-19.59,128.85,"DOLERITE [16960]",8.14,18.7,2.46,11.4,3.16,1.13,3.8,0.62,3.92,0.83,2.36,0.35,2.26,0.34
-19.59,128.85,"DOLERITE [16960]",6.11,14,1.87,8.79,2.5,0.9,3.12,0.52,3.43,0.73,2.14,0.32,2.06,0.31
-19.59,128.85,"DOLERITE [16960]",37.8,86.8,9.28,42.2,7.24,1.67,6.17,0.74,4.21,0.83,2.13,0.28,1.99,0.31
-19.59,128.85,"DOLERITE [16960]",40.7,79.3,8.47,38.5,6.65,1.78,5.96,0.71,4.1,0.63,1.85,0.24,1.59,0.25
-19.59,128.85,"DOLERITE [16960]",33,68.2,7.2,32.5,5.43,1.52,4.96,0.59,3.75,0.61,1.8,0.24,1.66,0.25
-19.59,128.85,"DOLERITE [16960]",34.5,69.2,7.38,34.1,5.7,1.56,4.89,0.6,3.62,0.6,1.79,0.23,1.43,0.22
-19.59,128.85,"DOLERITE [16960]",42.9,89.1,9.62,43.6,7.35,1.81,6.32,0.78,4.61,0.74,2.2,0.29,2.01,0.3
-19.59,128.85,"DOLERITE [16960]",46.3,93.2,9.83,44.2,7.21,1.68,5.8,0.67,4.01,0.67,2.09,0.27,1.86,0.27
-19.59,128.85,"DOLERITE [16960]",40.1,81.6,8.73,39.3,6.48,1.6,5.3,0.62,3.69,0.58,1.71,0.24,1.61,0.24
-19.59,128.85,"DOLERITE [16960]",41.3,82.8,8.79,39.8,6.59,1.6,5.57,0.67,3.95,0.65,1.92,0.25,1.74,0.25
-19.59,128.85,"DOLERITE [16960]",41.7,84.1,10,40.1,7.05,1.71,5.78,0.72,4.38,0.76,2.21,0.28,1.89,0.28
-21.2497,14.442,"DOLERITE [4586]",4.4,11.1,1.72,8.3,2.35,0.81,2.69,0.44,2.64,0.53,1.43,0.23,1.3,0.21
-21.2497,14.442,"DOLERITE [4586]",4.7,11.8,1.83,9,2.49,0.84,2.97,0.46,2.81,0.57,1.54,0.24,1.4,0.22
-21.2497,14.442,"DOLERITE [4586]",4.7,10.8,1.6,7.8,2.14,0.78,2.65,0.45,2.77,0.56,1.55,0.24,1.42,0.22
-21.2497,14.442,"DOLERITE [4586]",4.3,10.6,1.65,8,2.32,0.8,2.83,0.47,2.82,0.57,1.56,0.24,1.44,0.22
-20.7283,14.22,"DOLERITE [4586]",5.3,13.3,2.07,10.2,2.89,0.98,3.32,0.55,3.26,0.65,1.72,0.27,1.58,0.24
-20.7,14.1,"DOLERITE [4586]",3.6,9.1,1.45,7.6,2.52,0.92,3.18,0.56,3.44,0.7,1.9,0.29,1.75,0.26
-21.2497,14.442,"DOLERITE [4586]",3.8,10.4,1.71,8.8,2.68,0.92,3.23,0.54,3.27,0.67,1.8,0.28,1.63,0.25
-20.2912,14.33,"DOLERITE [4586]",15.3,36.4,5.03,22.3,4.91,1.53,4.73,0.7,3.8,0.68,1.76,0.26,1.5,0.22
2.5,-75.4,"DOLERITE [2908]",3.048,7.939,1.262,6.319,2.234,0.834,2.999,0.552,3.737,0.788,2.251,0.347,2.334,0.346
2.5,-75.4,"DOLERITE [2908]",2.954,7.751,1.212,6.293,2.176,0.801,2.914,0.539,3.639,0.787,2.247,0.339,2.283,0.343
21.3,71.75,"DOLERITE [17313]",14.5,35.1,4.87,22.3,5.82,1.9,6.21,0.952,5.6,1.1,2.82,0.386,2.32,0.322
21.3,71.75,"DOLERITE [17313]",14.6,35.6,4.96,22.8,6.03,1.99,6.37,0.971,5.67,1.1,2.78,0.376,2.28,0.314
21.3,71.75,"DOLERITE [17313]",10.1,24.7,3.46,16.3,4.62,1.61,5.38,0.859,5.39,1.11,2.92,0.416,2.58,0.368
21.3,71.75,"DOLERITE [17313]",13.1,32.8,4.51,20.8,5.49,1.8,5.77,0.876,5.17,1.01,2.58,0.351,2.15,0.302
55.25,14.85,"DOLERITE [10456]",22.9,54.9,7.55,32.6,7.67,2.43,7.9,1.17,6.65,1.2,3.21,0.43,2.75,0.4
55.25,14.82,"DOLERITE [10456]",22.7,54.3,7.4,32.1,7.62,2.35,7.9,1.17,6.61,1.18,3.17,0.42,2.64,0.39
55.25,14.82,"DOLERITE [10456]",23.1,54.2,7.47,32.7,7.75,2.3,8.06,1.18,6.74,1.24,3.26,0.45,2.77,0.41
55.25,14.82,"DOLERITE [10456]",29.4,64.1,8.16,32.3,6.55,1.88,6.04,0.82,4.48,0.81,2.14,0.29,1.78,0.28
55.25,14.83,"DOLERITE [10456]",24.3,54.5,7.28,30.4,6.34,1.93,5.78,0.73,3.76,0.64,1.58,0.21,1.2,0.19
55.25,14.87,"DOLERITE [10456]",28.4,63.3,9.36,40.7,8.96,2.85,8.56,1.15,6.26,1.14,2.93,0.38,2.35,0.36
55.25,14.87,"DOLERITE [10456]",32.9,76.7,10.7,46.4,9.99,2.94,9.78,1.33,7.31,1.32,3.51,0.46,2.78,0.42
55.25,14.75,"DOLERITE [10456]",13.3,29.4,3.8,15.2,3.17,0.76,3.28,0.55,3.82,0.89,3.09,0.55,4.06,0.7
62.089108,-94.910155,"DOLERITE [17504]",17,36,4.6,18,4.2,1.3,4.4,0.75,3.9,0.84,2.4,0.37,2.5,0.37
62.913199,-94.887319,"DOLERITE [17504]",16,32,4,16,3.3,1.1,3.2,0.58,3,0.68,1.8,0.29,1.9,0.28
62.852452,-95.345202,"DOLERITE [17504]",21,38,4.8,19,3.9,1.6,3.8,0.65,3.7,0.82,2.2,0.32,2.1,0.31
62.346464,-94.412208,"DOLERITE [17504]",18,37,4.6,18,4,1.3,4,0.7,3.7,0.83,2.2,0.35,2.3,0.34
62.344342,-94.400037,"DOLERITE [17504]",12,25,3.2,13,2.8,0.89,2.8,0.49,2.7,0.59,1.6,0.25,1.7,0.25
62.284743,-94.170795,"DOLERITE [17504]",16,34,4.3,17,3.8,1.2,3.8,0.68,3.6,0.78,2.2,0.32,2.2,0.32
62.485745,-94.877245,"DOLERITE [17504]",23,47,6.1,24,4.9,1.4,5,0.82,4.3,0.94,2.6,0.39,2.6,0.38
62.45979,-94.887735,"DOLERITE [17504]",24,49,6.1,24,5.1,1.4,5,0.83,4.4,0.94,2.6,0.39,2.6,0.38
62.419907,-94.848913,"DOLERITE [17504]",29,57,7.1,28,6,1.6,5.7,0.9,4.9,1,2.9,0.44,3,0.44
62.263767,-95.740068,"DOLERITE [17504]",14,30,3.9,15,3.5,1.2,3.5,0.63,3.3,0.71,2,0.3,2.1,0.31
62.620262,-94.520232,"DOLERITE [17504]",22,45,5.6,22,4.8,1.3,4.6,0.76,3.9,0.84,2.5,0.35,2.5,0.36
62.571031,-94.607723,"DOLERITE [17504]",17,34,4.4,18,3.9,1.2,4,0.7,3.7,0.8,2.3,0.33,2.2,0.35
62.179405,-95.511442,"DOLERITE [17504]",12,25,3.2,13,3,0.95,3.1,0.54,3,0.67,1.9,0.29,1.9,0.28
62.163936,-94.85487,"DOLERITE [17504]",15,30,3.9,16,3.2,1.1,3.5,0.62,3.2,0.72,2,0.31,2.1,0.31
62.164341,-94.848079,"DOLERITE [17504]",15,31,4,17,3.5,1.2,3.7,0.59,3.7,0.73,2,0.32,2,0.32
62.164659,-94.85117,"DOLERITE [17504]",15,31,3.9,16,3.5,1.2,3.7,0.6,3.8,0.75,2.1,0.33,2.1,0.35
62.297571,-93.751703,"DOLERITE [17504]",18.2,38.3,4.59,18.31,4.16,1.34,4.19,0.67,4.04,0.82,2.41,0.35,2.35,0.32
61.745864,-94.064828,"DOLERITE [17504]",13.8,30.3,3.77,15.45,3.53,1.17,3.61,0.59,3.57,0.75,2.21,0.31,1.92,0.27
61.532661,-96.883742,"DOLERITE [17504]",17,35,4.4,18,3.9,1.2,3.9,0.68,3.6,0.81,2.3,0.33,2.3,0.33
62.38333,-94.878589,"DOLERITE [17504]",29,60,7.2,30,6.3,1.5,5.8,0.87,5.3,1.1,2.9,0.44,2.8,0.46
62.219903,-94.844567,"DOLERITE [17504]",23,47,5.7,23,5,1.5,5,0.81,4.4,0.97,2.6,0.39,2.6,0.39
62.155515,-95.413907,"DOLERITE [17504]",35,72,8.8,36,7.6,1.7,6.8,1.1,6.2,1.2,3.3,0.48,3.2,0.51
62.050021,-95.395049,"DOLERITE [17504]",22,45,5.5,23,4.8,1.4,4.6,0.76,4.6,0.93,2.5,0.39,2.5,0.41
62.164698,-95.404902,"DOLERITE [17504]",37,77,9.2,37,7.3,1.7,6.6,1,6,1.2,3.2,0.49,3.2,0.49
62.159769,-94.971169,"DOLERITE [17504]",14,29,3.7,15,3.5,1.2,3.8,0.58,3.5,0.74,2,0.3,2,0.28
62.27897,-94.680055,"DOLERITE [17504]",23,49,6.1,25,5.4,1.5,5.2,0.83,5.2,1,2.8,0.43,2.8,0.43
62.135713,-95.493877,"DOLERITE [17504]",15,31,3.7,16,3.8,1.1,3.4,0.6,3.9,0.77,2.2,0.33,2.1,0.37
62.063036,-95.474458,"DOLERITE [17504]",33,69,8.3,34,6.4,1.6,5.9,0.91,5.8,1.1,3.1,0.48,3,0.48
62.115613,-95.093702,"DOLERITE [17504]",14,29,3.6,15,3.7,1.1,3.5,0.57,3.4,0.73,1.9,0.31,2.1,0.31
62.152454,-94.897025,"DOLERITE [17504]",20,40,5,20,4.4,1.3,4.5,0.71,4.4,0.87,2.5,0.36,2.4,0.36
62.284682,-94.623334,"DOLERITE [17504]",14,30,3.7,15,3.4,1.1,3.4,0.54,3.4,0.69,1.9,0.27,2,0.3
62.260681,-94.537486,"DOLERITE [17504]",15,32,4,16,3.6,1.1,3.7,0.61,3.9,0.77,2.1,0.32,2,0.33
61.567771,-97.007039,"DOLERITE [17504]",12,25,3.3,14,3.4,1,3.7,0.66,3.6,0.8,2.3,0.34,2.3,0.34
65,107,"DOLERITE [17665]",7.51,17.38,2.365,10.59,3.017,1.063,3.731,0.644,4.188,0.895,2.641,0.376,2.408,0.365
65,107,"DOLERITE [17665]",7.52,17.2,2.347,10.54,3.12,1.036,3.707,0.64,4.244,0.905,2.61,0.38,2.391,0.366
65,107,"DOLERITE [17665]",7.14,16.59,2.243,10.17,2.897,1.008,3.53,0.607,4.023,0.848,2.422,0.36,2.33,0.34
65,107,"DOLERITE [17665]",6.82,15.62,2.14,9.72,2.749,0.956,3.325,0.583,3.814,0.805,2.375,0.345,2.208,0.336
65,107,"DOLERITE [17665]",6.89,15.56,2.154,9.58,2.71,0.957,3.334,0.569,3.805,0.796,2.341,0.335,2.181,0.332
65,107,"DOLERITE [17665]",5.29,12.04,1.671,7.63,2.163,0.806,2.694,0.458,3.086,0.658,1.878,0.275,1.779,0.266
65,107,"DOLERITE [17665]",6.59,15.05,2.075,9.44,2.616,0.914,3.258,0.555,3.685,0.78,2.262,0.33,2.116,0.322
65,107,"DOLERITE [17665]",5.61,12.81,1.793,7.98,2.308,0.874,2.864,0.494,3.268,0.696,1.996,0.291,1.864,0.284
65,107,"DOLERITE [17665]",6.3,14.39,1.952,9.01,2.518,0.894,3.047,0.519,3.495,0.748,2.181,0.308,1.955,0.295
65,107,"DOLERITE [17665]",6,13.43,1.877,8.59,2.412,0.891,2.903,0.511,3.335,0.71,2.057,0.299,1.957,0.294
65,107,"DOLERITE [17665]",5.36,12.34,1.717,7.69,2.107,0.809,2.572,0.448,3.045,0.632,1.836,0.271,1.731,0.266
65,107,"DOLERITE [17665]",5.13,11.67,1.637,7.38,2.083,0.785,2.571,0.447,2.952,0.623,1.809,0.265,1.734,0.257
65,107,"DOLERITE [17665]",5.34,12.11,1.701,7.68,2.169,0.789,2.609,0.46,3.08,0.637,1.849,0.27,1.738,0.265
65,107,"DOLERITE [17665]",4.57,10.55,1.455,6.81,1.893,0.729,2.335,0.402,2.656,0.562,1.649,0.237,1.526,0.235
65,107,"DOLERITE [17665]",5.12,11.48,1.606,7.41,2.05,0.775,2.526,0.441,2.916,0.606,1.764,0.26,1.663,0.246
65,107,"DOLERITE [17665]",5.16,11.87,1.634,7.45,2.128,0.782,2.655,0.454,3.023,0.637,1.852,0.268,1.758,0.256
65,107,"DOLERITE [17665]",4.71,10.78,1.502,6.69,1.958,0.726,2.419,0.406,2.775,0.575,1.696,0.24,1.587,0.24
65,107,"DOLERITE [17665]",5.32,12.3,1.744,7.78,2.201,0.818,2.721,0.467,3.165,0.654,1.943,0.274,1.781,0.265
65,107,"DOLERITE [17665]",5.07,11.81,1.63,7.36,2.071,0.777,2.596,0.441,2.988,0.625,1.833,0.266,1.728,0.262
65,107,"DOLERITE [17665]",5.29,12.11,1.65,7.69,2.247,0.833,2.773,0.481,3.218,0.677,1.96,0.281,1.821,0.275
65,107,"DOLERITE [17665]",5.6,12.8,1.778,8.06,2.329,0.863,2.833,0.497,3.299,0.696,2.045,0.29,1.861,0.283
65,107,"DOLERITE [17665]",5.68,13.06,1.841,8.3,2.416,0.889,2.932,0.5,3.296,0.696,2.034,0.296,1.901,0.288
65,107,"DOLERITE [17665]",5.54,12.76,1.744,7.96,2.317,0.859,2.861,0.5,3.24,0.688,1.995,0.294,1.889,0.282
65,107,"DOLERITE [17665]",6.85,15.24,2.087,9.27,2.685,1,3.237,0.557,3.709,0.791,2.307,0.329,2.099,0.32
65,107,"DOLERITE [17665]",6.63,15.13,2.109,9.55,2.741,0.992,3.273,0.578,3.852,0.794,2.314,0.337,2.186,0.329
65,107,"DOLERITE [17665]",5.7,12.96,1.816,7.93,2.225,0.86,2.751,0.478,3.174,0.666,1.919,0.284,1.799,0.276
65,107,"DOLERITE [17665]",6.24,14.18,1.968,8.69,2.507,0.964,3.146,0.532,3.541,0.744,2.138,0.316,1.976,0.309
65,107,"DOLERITE [17665]",6.81,15.34,2.116,9.69,2.685,0.988,3.238,0.565,3.738,0.782,2.307,0.338,2.141,0.323
65,107,"DOLERITE [17665]",7.15,16.38,2.265,10.18,2.891,1.035,3.564,0.61,4.093,0.86,2.526,0.361,2.356,0.361
65,107,"DOLERITE [17665]",7.64,17.37,2.371,10.71,3.025,1.07,3.666,0.648,4.221,0.882,2.63,0.376,2.385,0.364
65,107,"DOLERITE [17665]",6.33,14.33,1.973,8.95,2.54,0.951,3.172,0.546,3.567,0.755,2.22,0.321,2.059,0.31
-63.8745,-58.079,"DOLERITE [12871]",19.3,41,5.19,21,4.91,1.65,4.1,0.66,4.75,0.95,2.81,0.36,2.44,0.35
-63.852,-58.059,"DOLERITE [12871]",29.3,57.7,6.73,26.3,5.86,1.94,5.18,0.8,4.96,0.99,3.19,0.39,2.63,0.37
-63.8862,-57.903,"DOLERITE [12871]",32.6,65.2,7.93,30.8,6.64,2.17,5.94,0.95,5.43,1.05,3.42,0.4,2.72,0.38
-63.8272,-57.9365,"DOLERITE [12871]",20.2,44.4,5.39,22,5.25,1.87,4.48,0.71,4.97,1.01,2.99,0.4,2.68,0.38
-63.8177,-57.9417,"DOLERITE [12871]",23.7,49.5,5.92,23.2,5.37,1.77,5.13,0.76,4.66,0.92,2.56,0.35,2.26,0.33
-63.809,-57.9167,"DOLERITE [12871]",15.5,33.5,4.18,17.3,4.34,1.46,4.43,0.66,4.08,0.81,2.23,0.31,1.99,0.29
-15.183,-174.916,"DOLERITE [4134]",10.3,23,3.3,16,4.75,1.42,5,0.79,4.8,1.1,3,0.48,2.8,0.48
-31.38,121.8,"DOLERITE [17715]",4.5124226860279,11.4480963452616,1.99506487891119,10.0741365701624,3.31256055366386,1.17163008219077,4.89355536336706,0.870488213675872,5.59465127600331,1.17163008219077,3.73604130626293,0.498766219727797,3.51018490487676,0.526998269901068
-31.38,121.8,"DOLERITE [17715]",4.32807751461089,11.4284425349087,1.82206749740395,9.21964256701868,3.04748640869843,1.04521857923497,3.95311144353029,0.738723404255319,4.82435211633342,1.08587939698492,3.21441102756892,0.470525967581872,3.06465150048403,0.4597
-31.38,121.8,"DOLERITE [17715]",2.21398646570286,6.17945721446473,1.04378587746625,5.59553614947197,1.97732011512632,0.801732422586521,2.65043380703067,0.500015644555695,3.30776162035835,0.748507537688442,2.21091060985798,0.323704928878597,2.1017279767667,0.3173
-31.38,121.8,"DOLERITE [17715]",6.98616425715165,17.7582957393484,2.70009657320872,13.2971567831032,4.21821234409978,1.17164025500911,5.31466716529544,0.968507509386733,6.29862373409504,1.4035175879397,4.14427736006683,0.605491233873635,3.9145788964182,0.5972
-31.38,121.8,"DOLERITE [17715]",2.20855736696401,6.16458288578589,1.00009397715472,5.11582859463851,1.77196674128558,0.553269034608379,2.41308152580404,0.465969962453066,3.14931186704752,0.720753768844221,2.14954887218045,0.317036056897122,2.06144240077444,0.3131
-31.38,121.8,"DOLERITE [17715]",3.11304521685635,8.214761188686,1.29608826583593,6.60229082047116,2.2101950751519,0.803424681238616,2.87030665669409,0.537165206508135,3.51443521163334,0.790718592964824,2.33363408521303,0.341594442606682,2.21374152952565,0.3345
69,86,"DOLERITE [2981]",31.8,75.2,8.83,43.3,9.7,3.18,9.11,1.21,7.14,1.29,3.25,0.42,2.57,0.35
69,86,"DOLERITE [2981]",28,62.2,8.84,38.2,9.55,2.89,10.4,1.64,10.5,2.1,5.69,0.84,5.11,0.8
69,86,"DOLERITE [2981]",15.5,37.8,5.28,23.5,5.92,2.01,6.55,1.12,6.94,1.33,3.5,0.54,3.27,0.48
69,86,"DOLERITE [2981]",9.9,25,3.63,16.3,4.91,1.56,5.91,0.98,6.26,1.38,3.98,0.56,3,0.56
69,86,"DOLERITE [2981]",26.2,71,10.67,50.5,14.14,4.31,16.6,2.61,16.4,3.53,9.72,1.33,8.82,1.31
69,86,"DOLERITE [2981]",6.21,15.9,2.38,10.8,3.17,1.25,4.03,0.68,0.3,0.93,2.65,0.39,2.54,0.38
69,86,"DOLERITE [2981]",9.49,23.9,3.36,15.7,4.68,1.52,5.64,0.96,6.31,1.33,3.88,0.56,3.63,0.51
69,86,"DOLERITE [2981]",8.95,21.77,3.1,14.04,3.91,1.38,4.72,0.81,5.64,1.14,3.12,0.47,3.01,0.47
69,86,"DOLERITE [2981]",8.55,21.4,2.8,13.9,3.82,1.37,4.4,0.75,4.91,1.03,2.77,0.41,2.84,0.41
69,86,"DOLERITE [2981]",9.05,22.9,3,14.5,4.22,1.41,4.68,0.79,5.2,1.1,2.91,0.44,2.97,0.42
69,86,"DOLERITE [2981]",5.54,13.4,1.64,8.3,2.32,0.95,2.95,0.52,3.17,0.7,1.89,0.27,1.7,0.27
69,86,"DOLERITE, AUGITE [2981]",22.9,54.7,6.47,27.7,6.29,2.04,5.94,0.89,5.51,1.1,2.79,0.39,2.56,0.36
-4.4833,55.2333,"DOLERITE [18028]",6.36,13.8,1.61,7.07,1.79,0.8,2.09,0.36,2.43,0.5,1.54,0.22,1.51,0.23
-4.4833,55.2333,"DOLERITE [18028]",47.3,80.4,9.78,39.4,7.85,2.58,7.91,1.17,7.29,1.47,4.23,0.57,3.73,0.57
-4.4833,55.2333,"DOLERITE [18028]",72.6,137,15.5,62.9,11.9,4.5,11.2,1.59,9.47,1.81,5.13,0.66,4.09,0.6
-33,119,"DOLERITE [18195]",6.12,16.3,2.47,12.4,3.51,1.26,4.56,0.786,5.12,1.09,2.92,0.434,2.57,0.416
-33,119,"DOLERITE [18195]",3.81,10.2,1.56,8.17,2.37,0.882,3.12,0.552,3.56,0.759,1.98,0.308,1.86,0.307
-33,119,"DOLERITE [18195]",4.2,11.3,1.73,8.8,2.53,0.958,3.25,0.564,3.88,0.832,2.16,0.323,1.95,0.313
-33,119,"DOLERITE [18195]",3.98,10.6,1.64,8.26,2.44,0.949,3.07,0.556,3.65,0.767,2.06,0.313,1.86,0.3
-33,119,"DOLERITE [18195]",5.35,14.1,2.1,10.5,2.99,1.09,3.78,0.671,4.31,0.925,2.52,0.379,2.29,0.372
-33,119,"DOLERITE [18195]",4.44,11.8,1.76,8.83,2.45,0.927,3.25,0.576,3.6,0.778,2.12,0.328,1.94,0.329
-33,119,"DOLERITE [18195]",3.72,9.83,1.47,7.26,2.19,0.808,2.82,0.482,3.26,0.708,1.91,0.285,1.74,0.286
-33,119,"DOLERITE [18195]",7.61,19.6,2.99,15,4.12,1.46,5.34,0.918,5.46,1.13,3.08,0.45,2.84,0.41
-33,119,"DOLERITE [18195]",7.7,19.4,3,15,4.09,1.5,5.2,0.879,5.48,1.06,2.98,0.454,2.73,0.399
-33,119,"DOLERITE [18195]",6.29,16.1,2.46,12.1,3.43,1.28,4.4,0.809,4.87,1.03,2.75,0.406,2.46,0.374
-33,119,"DOLERITE [18195]",7.02,17.9,2.71,13.7,3.8,1.43,5.04,0.854,5.43,1.11,3.02,0.446,2.78,0.404
-33,119,"DOLERITE [18195]",8.99,22.6,3.5,17.1,4.76,1.68,6.12,1.07,6.5,1.35,3.64,0.536,3.27,0.516
-33,119,"DOLERITE [18195]",17.6,43.7,6.35,30.4,7.61,2.65,8.82,1.43,8.53,1.64,4.36,0.631,3.74,0.55
-33,119,"DOLERITE [18195]",8.94,22.6,3.43,17,4.79,1.73,5.99,1.07,6.52,1.33,3.7,0.549,3.41,0.493
-33,119,"DOLERITE [18195]",6,15.7,2.36,12.3,3.51,1.3,4.78,0.845,5.08,1.06,2.94,0.438,2.83,0.406
-33,119,"DOLERITE [18195]",5.97,15.6,2.35,12.2,3.51,1.27,4.76,0.843,5.16,1.11,2.93,0.432,2.85,0.422
-33,119,"DOLERITE [18195]",5.9,15.7,2.44,12.8,3.81,1.41,5.18,0.897,5.69,1.19,3.34,0.483,3.05,0.448
-33,119,"DOLERITE [18195]",5.16,13.5,2.12,10.8,3.09,1.19,4.16,0.739,4.76,0.961,2.56,0.394,2.5,0.369
-33,119,"DOLERITE [18195]",5.92,15.3,2.4,12.2,3.42,1.28,4.69,0.816,5.22,1.04,2.84,0.441,2.81,0.423
-33,119,"DOLERITE [18195]",5.77,15.5,2.48,12.2,3.61,1.34,4.63,0.835,5.33,1.07,2.98,0.445,2.85,0.422
-33,119,"DOLERITE [18195]",9.76,25.1,3.88,19.2,5.45,1.8,7.13,1.23,7.69,1.62,4.43,0.649,4.18,0.617
-33,119,"DOLERITE [18195]",11.4,28.7,4.49,22.4,6.08,2.1,8.09,1.38,8.67,1.77,4.87,0.73,4.66,0.692
-33,119,"DOLERITE [18195]",9.98,24.9,3.75,19,5.35,1.86,6.92,1.21,7.46,1.59,4.3,0.666,4.09,0.61
-33,119,"DOLERITE [18195]",6.33,16.2,2.54,12.9,3.68,1.34,4.83,0.836,5.38,1.11,3.11,0.465,2.86,0.442
-33,119,"DOLERITE [18195]",6.31,16.2,2.48,12.6,3.7,1.28,4.94,0.879,5.31,1.1,2.96,0.457,2.87,0.416
-33,119,"DOLERITE [18195]",4.6,11.8,1.79,9.07,2.66,0.966,3.49,0.63,3.94,0.784,2.14,0.324,2,0.303
-33,119,"DOLERITE [18195]",4.14,10.4,1.59,8.23,2.4,0.941,3.15,0.553,3.67,0.715,2.08,0.303,1.98,0.287
-33,119,"DOLERITE [18195]",4.56,11.5,1.77,8.93,2.58,0.958,3.44,0.611,3.75,0.774,2.14,0.32,2.02,0.307
-33,119,"DOLERITE [18195]",4.47,11.4,1.74,8.98,2.58,0.94,3.51,0.607,3.74,0.772,2.18,0.34,2.02,0.299
-33,119,"DOLERITE [18195]",5.81,15,2.37,12,3.4,1.25,4.5,0.818,5.03,1.03,2.84,0.423,2.74,0.405
-33,119,"DOLERITE [18195]",7.25,18.6,2.82,14.2,4.12,1.43,5.15,0.922,5.61,1.14,3.13,0.469,2.94,0.417
54.58,-6.83,"DOLERITE [13353]",1.03,3.18,0.58,3.37,1.44,0.62,2.29,0.44,3.03,0.67,1.88,0.28,1.74,0.28
54.58,-6.83,"DOLERITE [13353]",1.14,3.57,0.67,3.9,1.69,0.68,2.54,0.5,3.45,0.76,2.18,0.32,2.01,0.33
54.58,-6.83,"DOLERITE [13353]",1.13,3.97,0.78,4.73,2.04,0.74,3,0.59,4.08,0.9,2.52,0.37,2.37,0.38
54.58,-6.83,"DOLERITE [13353]",1.49,4.34,0.79,4.68,2.05,0.79,2.92,0.58,4.03,0.88,2.49,0.37,2.35,0.37
54.4,-124,"DOLERITE [16371]",3.63,11.63,2.2,11.77,3.98,1.35,5.24,1.01,6.66,1.46,4.16,0.66,4.1,0.55
54.4,-124,"DOLERITE [16371]",3.57,11.3,2.09,11.69,3.84,1.33,5.18,0.96,6.33,1.39,3.87,0.63,4,0.52
54.4,-124,"DOLERITE [16371]",4.02,11.84,1.98,10.71,4.19,1.68,6.25,1.12,7.74,1.67,4.97,0.7,4.54,0.62
54.4,-124,"DOLERITE [16371]",4.21,11.93,2.01,11.3,4.03,1.53,5.72,1.12,7.17,1.7,4.77,0.73,4.93,0.66
54.4,-124,"DOLERITE [16371]",3.52,11.19,1.94,9.83,3.5,1.22,4.94,0.87,5.48,1.25,3.7,0.54,3.47,0.53
54.4,-124,"DOLERITE [16371]",3.77,12.07,2.09,11.71,4.02,1.44,5.3,1,6.54,1.44,4.09,0.62,4.14,0.58
54.4,-124,"DOLERITE [16371]",3.02,8.72,1.53,8.59,2.91,1.07,3.82,0.71,4.99,1.08,2.88,0.47,3,0.4
54.4,-124,"DOLERITE [16371]",43.48,92.44,11.5,43.52,8.46,2.78,7.22,0.96,5.78,0.95,2.43,0.32,1.73,0.23
40.45,39.49,"DOLERITE [15434]",13.6,26.6,3.34,14.5,3.6,1.06,3.64,0.57,3.51,0.74,2.27,0.32,2.25,0.36
40.45,39.49,"DOLERITE [15434]",14.5,30.4,3.89,16.7,4,1.07,3.57,0.72,3.67,0.75,2.39,0.36,2.12,0.39
40.45,39.49,"DOLERITE [15434]",14.4,29.7,3.89,16.9,4.2,1.08,3.35,0.66,3.53,0.7,2.3,0.37,2.13,0.37
40.45,39.49,"DOLERITE [15434]",13.2,26.3,3.3,14.7,3.5,0.97,3.28,0.62,3.36,0.68,2.15,0.32,2.03,0.33
40.45,39.49,"DOLERITE [15434]",13.2,26.3,3.3,14.7,3.5,0.97,3.28,0.62,3.36,0.68,2.15,0.32,2.03,0.33
61.2,155.2,"DOLERITE [15139]",3.52,10.1,1.63,8.92,2.98,1.13,4.39,0.75,5.21,1.28,3.28,0.5,3.15,0.45
23.7825,86.2392,"DOLERITE [18408]",16.2,38.2,5.09,23.8,6.3,2.22,6.4,1.2,7.4,1.4,4,0.56,3.5,0.52
23.7853,86.2456,"DOLERITE [18408]",15.3,36.1,4.89,23.2,6.3,2.13,6.3,1.2,7.3,1.4,3.9,0.56,3.7,0.54
23.7853,86.2411,"DOLERITE [18408]",17.1,40.2,5.4,25.9,6.8,2.26,7,1.3,8.1,1.5,4.3,0.62,3.9,0.58
23.7511,86.1889,"DOLERITE [18408]",15.9,37.7,5.03,23.5,6.5,2.22,6.7,1.3,7.7,1.5,4.1,0.6,3.8,0.53
23.7525,86.1944,"DOLERITE [18408]",16.1,38.2,5.17,24.8,6.7,2.27,6.8,1.3,8,1.5,4.1,0.6,3.7,0.56
23.7486,86.1847,"DOLERITE [18408]",16.3,38.6,5.21,24.5,6.6,2.29,6.9,1.3,8,1.5,4.2,0.6,3.8,0.54
23.7472,86.1936,"DOLERITE [18408]",16.1,38.3,5.2,24.3,6.5,2.27,6.7,1.2,7.6,1.4,4,0.59,3.8,0.53
23.74,86.1883,"DOLERITE [18408]",15.2,37.1,4.87,23.1,5.8,2.23,6.8,1.2,7.1,1.3,3.8,0.56,3.5,0.51
23.7483,86.1764,"DOLERITE [18408]",14.2,34.1,5,21.9,5.7,1.96,6.6,1.1,6.6,1.4,3.9,0.57,3.4,0.49
23.7347,86.1817,"DOLERITE [18408]",14.5,34.4,4.2,19.8,5.8,1.93,6.4,1.1,6.5,1.3,3.9,0.56,3.3,0.47
23.6897,85.3178,"DOLERITE [18408]",17.7,41.4,5.86,24.7,6.5,2.16,7.7,1.2,7.2,1.5,4.6,0.66,3.8,0.53
23.6844,85.3253,"DOLERITE [18408]",15.6,37.6,5.39,23.5,6.3,2.08,7.3,1.2,7.1,1.5,4.4,0.64,3.7,0.54
23.6867,85.325,"DOLERITE [18408]",13.9,33.7,4.93,21.6,5.7,1.96,6.4,1.1,6.7,1.4,4,0.57,3.4,0.49
23.6925,85.3228,"DOLERITE [18408]",16.5,38.7,4.78,22.2,6.5,2.09,7.1,1.2,7.2,1.5,4.3,0.62,3.7,0.54
23.7761,86.235,"DOLERITE [18408]",14.6,35.5,5.07,22.6,6,1.99,7.2,1.1,6.7,1.4,4.2,0.57,3.5,0.5
23.7808,86.2411,"DOLERITE [18408]",12.7,30.6,4.4,19.3,5.2,1.84,6.3,1,6.1,1.3,3.8,0.54,3.2,0.47
23.7886,86.2525,"DOLERITE [18408]",17,38.7,5.81,24.1,6.4,2.19,6.9,1.3,7.2,1.5,4.4,0.63,3.8,0.52
23.7886,86.2525,"DOLERITE [18408]",16.5,37.6,5.45,23.2,6.4,2.09,7.1,1.3,7,1.4,4.3,0.65,3.6,0.51
23.6744,86.2914,"DOLERITE [18408]",15.2,34.8,5.31,21.9,6.3,2.11,6.8,1.3,6.9,1.4,4.4,0.58,3.7,0.52
23.6744,86.2914,"DOLERITE [18408]",16,37,5.62,23.8,6.6,2.2,7.1,1.3,7.3,1.6,4.5,0.61,3.9,0.55
23.5942,87.0381,"DOLERITE [18408]",10.3,24.3,3.1,14.6,4.4,1.52,5.4,0.9,5.4,1,2.9,0.42,2.7,0.43
23.6633,87.0072,"DOLERITE [18408]",8.8,20.8,2.67,13.1,3.9,1.39,4.6,0.8,4.5,0.9,2.5,0.36,2.3,0.36
23.6267,87.0233,"DOLERITE [18408]",8.7,20.6,2.66,12.8,3.9,1.34,4.7,0.8,4.7,0.9,2.5,0.37,2.4,0.36
23.6303,87.0222,"DOLERITE [18408]",8.3,19.9,2.56,12.4,3.7,1.33,4.5,0.8,4.5,0.9,2.4,0.35,2.3,0.35
23.6883,86.9967,"DOLERITE [18408]",8.6,20.1,2.57,12.6,3.8,1.35,4.6,0.8,4.7,0.9,2.6,0.38,2.4,0.38
23.7233,86.9825,"DOLERITE [18408]",8.4,19.7,2.55,12.5,3.8,1.31,4.5,0.8,4.5,0.9,2.5,0.36,2.3,0.36
23.7233,86.9825,"DOLERITE [18408]",9.4,22.2,2.81,13.1,3.9,1.36,4.5,0.8,4.6,0.9,2.5,0.36,2.3,0.36
23.7272,86.9811,"DOLERITE [18408]",8.4,20.5,2.69,13,4.1,1.51,4.8,0.8,4.9,0.9,2.6,0.39,2.5,0.38
23.7417,86.9767,"DOLERITE [18408]",8.7,20.5,2.6,12.4,3.9,1.38,4.7,0.8,4.7,0.9,2.6,0.38,2.5,0.38
23.7714,86.9503,"DOLERITE [18408]",7.7,18,2.35,11.5,3.5,1.26,4.2,0.7,4.2,0.8,2.4,0.34,2.2,0.34
39.5,78.93,"DOLERITE [18407]",25.6,51.6,7.9,32.8,6.78,2,6.43,0.93,5.07,0.98,2.44,0.36,1.77,0.25
50.0043,17.2573,"DOLERITE [18381]",13.6,29.5,3.69,19.4,5.4,1.82,6.35,0.97,6.27,1.27,3.57,0.51,3.23,0.52
50,17.2981,"DOLERITE [18381]",11,22.5,2.83,14.7,3.8,1.28,3.96,0.67,4.16,0.88,2.29,0.34,2.16,0.32
49.9262,17.2457,"DOLERITE [18381]",3.2,7.4,1.11,5.4,2.4,0.97,2.71,0.51,3.07,0.67,2.3,0.34,2,0.32
49.9019,17.0909,"DOLERITE [18381]",12.5,25.3,3.2,15.8,4.4,1.17,5.17,0.85,4.89,1.09,3.17,0.51,3.03,0.5
20.5,-156.67,"DOLERITE [18376]",6.78,17.67,2.52,12.14,3.26,1.25,3.96,0.57,3.19,0.59,1.53,0.2,1.17,0.16
20.5,-156.67,"DOLERITE [18376]",13.14,32.18,5.11,25.39,6.79,2.29,8.51,1.19,6.53,1.2,3.05,0.38,2.24,0.3
20.5,-156.67,"DOLERITE [18376]",7.2,16.69,2.4,12.6,3.7,1.1,4,0.6,3.5,0.7,1.7,0.2,1.5,0.2
20.5,-156.67,"DOLERITE [18376]",8.5,19.66,3.2,16.7,4.1,1.4,4.6,0.8,4.6,0.9,2.4,0.3,1.9,0.3
20.5,-156.67,"DOLERITE [18376]",11.8,29.19,4.4,22,5.5,1.9,6,0.9,5.7,1.1,2.5,0.3,2,0.3
11.26,-60.65,"DOLERITE [17405]",8.96405738105698,20.5947282836224,2.96470148327425,13.3920757458014,3.20897448358557,0.999818486183246,3.36019514012866,0.55048835252231,3.58940419205031,0.702871307073055,2.0905378812199,0.339742897229856,2.31086256019262,0.375828792873262
11.26,-60.65,"DOLERITE [17405]",7.98532946773196,19.9782725980848,3.03740438815179,14.4140177006931,3.73677871759254,1.15742201906726,4.02500126546677,0.674639159472086,4.41692328949416,0.887317706749966,2.65158706743194,0.43768780692493,2.93343163865473,0.484091783630688
11.26,-60.65,"DOLERITE [17405]",9.7301084122253,21.0150107577694,3.04083276202928,13.7132218403819,3.38560790681703,1.01229516543519,3.59857384273668,0.571053144367179,3.6954828269442,0.712645090090966,2.09121970359034,0.329452115874016,2.17219367701789,0.353511002671498
11.26,-60.65,"DOLERITE [17405]",11.1160645522603,25.186163605353,3.68622062207438,16.6550198068219,4.07234835039063,1.22868340872177,4.22368522904799,0.682650770682007,4.35037309491547,0.851866349500765,2.53511419716993,0.409890495382299,2.77036571943539,0.452843125850681
11.26,-60.65,"DOLERITE [17405]",4.14945571797077,9.71015885947047,1.60963809812235,7.79221495327103,2.4138025871766,0.895,2.58486583037906,0.4492656,3.01447893681043,0.593859210526316,1.7933865470852,0.286953488372093,1.85121399363925,0.285427299703264
11.26,-60.65,"DOLERITE [17405]",2.54837575236457,6.15408961303462,1.07274530587523,5.28784112149533,1.70982845894263,0.697,1.92581128988274,0.3394416,2.32845837512538,0.450576315789474,1.36776860986547,0.21471511627907,1.40019173103135,0.211094955489614
11.26,-60.65,"DOLERITE [17405]",6.49950655176058,14.1505699739487,2.08386302276891,9.48448759040808,2.71261584232715,1.09407806373238,2.85216647127945,0.492856880487106,2.96013343432549,0.577560181525521,1.66672433444416,0.26680538097026,1.72011255254554,0.274818720527038
11.26,-60.65,"DOLERITE [17405]",5.98084738525033,14.0588888618583,2.18119960016044,10.3540324919355,3.14685628768279,1.18597674049969,3.44985931302336,0.601592068093734,3.72127593090962,0.726306238087195,2.12678652995378,0.342498349389924,2.1864023084001,0.351469834772557
11.26,-60.65,"DOLERITE [17405]",7.38139814057742,14.99549009309,2.19431505872637,10.1781537964356,2.90102303392516,1.1298300883198,3.05510475357441,0.53087441129888,3.22174390285437,0.632881242606607,1.86163315930963,0.302673704136072,1.91743619425583,0.309722829549281
11.26,-60.65,"DOLERITE [17405]",6.5582874049804,14.2668907609795,2.32622352678251,10.8121747563508,3.06603069725561,1.03550628978084,3.23163434576214,0.565436081369544,3.53712017638704,0.686088698105102,2.08708341385672,0.344292618441726,2.25070956964045,0.370189925787572
11.26,-60.65,"DOLERITE [17405]",5.96716255991686,14.4439039284715,2.34566438769815,11.326051778605,3.22774029512989,1.07890723405006,3.3704880892597,0.576444626646377,3.37557706456466,0.65234368726704,1.87327636564731,0.297351000889547,1.85542580061908,0.290380375641369
11.26,-60.65,"DOLERITE [17405]",6.76854220686734,16.6379794426046,2.69742804559588,13.0429695152393,3.77512833944943,1.26734947788214,3.89643406327799,0.66627658201865,3.90828728817356,0.745982719621883,2.15881587221576,0.339318596263994,2.17554113727195,0.328480182180731
11.26,-60.65,"DOLERITE [17405]",5.26392918825561,11.3066415403523,1.84972175226586,8.67785981308411,2.45123697478992,0.915604221635884,2.48665499172642,0.400625806451613,2.55982508250825,0.486,1.43894292134831,0.224169590643275,1.43641662901039,0.220337313432836
11.26,-60.65,"DOLERITE [17405]",13.7616002668912,32.5499505563767,5.00015003943987,22.5795768288505,6.03054266986656,1.76752316891068,6.17709332422013,1.02385746904796,6.02563427393366,1.15025256772004,3.37501358783492,0.541455492509013,3.49154403963482,0.558654777705703
11.26,-60.65,"DOLERITE [17405]",6.1809266553649,13.452032390744,1.96712229484105,8.8305230716678,2.46022085519603,0.968832483626624,2.55123081370789,0.432023967803415,2.64557418414645,0.510625220312447,1.51332711159292,0.247038802266766,1.60440635373196,0.256287356669268
11.26,-60.65,"DOLERITE [17405]",2.18922138267797,5.57532403399426,0.954959962776004,4.96208631782472,1.72557318080133,0.726067748098639,2.03006087183586,0.375792427312544,2.3995790560529,0.46684879962121,1.37049795899587,0.218812480774108,1.36586020420918,0.21829706967318
11.26,-60.65,"DOLERITE [17405]",13.6780261504998,32.3678964353,5.04133274567024,22.9041456172997,6.04298547657049,1.76893621771022,6.19456563201915,1.03373304823634,6.00075311725741,1.14682016546081,3.37182651976088,0.536417495311083,3.45841499925153,0.552765421794412
11.26,-60.65,"DOLERITE [17405]",2.79008277798376,7.02757335696845,1.18940268081969,5.97250495276796,1.96720986824121,0.732396495004644,2.32522383583497,0.422738837580041,2.67113373953801,0.525456943501697,1.53364404629288,0.247174328708325,1.56976602116191,0.24924115304573
11.26,-60.65,"DOLERITE [17405]",10.4419447554943,22.087300042837,3.225879236931,14.1444807289547,3.54774532145375,1.16257851336861,3.4957634138258,0.569200788882749,3.23826786695874,0.611906260143198,1.78011808001585,0.280474753293322,1.79793302505966,0.284904538975676
11.26,-60.65,"DOLERITE [17405]",1.68154980773416,5.03874695069183,0.85385308479987,4.74204692974547,1.57765073123629,0.682108504394228,1.93168235446367,0.321587489501636,2.18580601996974,0.434674969659025,1.26076143188838,0.200131639270797,1.28835526773047,0.203817936331686
11.26,-60.65,"DOLERITE [17405]",3.86577319587629,9.234827473426,1.52334541641702,7.63494520547945,2.50637307472904,0.94043932683791,2.75815184980674,0.481285714285714,3.2120881978078,0.621985234899329,1.85486390532544,0.284363636363636,1.80799451804477,0.277501510574018
11.26,-60.65,"DOLERITE [17405]",5.75524199114037,12.7086976991585,1.83481123876965,8.94004755114557,2.48201140559137,0.964434926873136,2.88594007990709,0.471013478821988,3.13323015577853,0.625298136142889,1.84806096938185,0.288219422316635,1.95096927938795,0.31326082839057
11.26,-60.65,"DOLERITE [17405]",3.95872416418758,11.2515535394274,1.83737985581648,9.57648384900654,2.84967792895526,1.0647877962142,3.31193657946807,0.583711459965696,3.92039028650764,0.785876715303933,2.35906513357182,0.377046500603951,2.59785979238781,0.423657775776876
11.26,-60.65,"DOLERITE [17405]",4.08232882502113,8.98337381840996,1.33995958854312,6.79694104718264,2.04475271999487,0.783912057311624,2.3858543864679,0.383658735773919,2.52731205069759,0.492194924367338,1.37839220973558,0.208106046907309,1.28493262695271,0.201328569030432
11.26,-60.65,"DOLERITE [17405]",5.56013008384923,14.9683174743312,2.4380605273634,11.6149228900664,3.46172407452335,1.12947857525384,3.81356782399502,0.694636869438845,4.34959293583026,0.858687378447116,2.62361920816899,0.431559733617678,2.81434992270483,0.454479284441684
11.26,-60.65,"DOLERITE [17405]",14.2162323532091,34.0542458157179,5.06752114593307,24.2262396752117,6.12179617507497,1.79993722441193,6.3967456827108,0.983106875105094,6.19066021580605,1.20339451464583,3.47190157578249,0.549944897679442,3.53152399044243,0.552237125095033
11.26,-60.65,"DOLERITE [17405]",6.95032942078592,15.7337172877103,2.56440866449083,11.9976572319437,3.34171320930068,1.13981247974256,3.34226116658098,0.559420228474776,3.21987467689574,0.604391547272672,1.69722917649623,0.271287888333889,1.7176980999388,0.268697314995096
11.26,-60.65,"DOLERITE [17405]",7.03734872340867,15.1542147520949,2.41490552795625,11.1709867207351,3.06646978518435,1.08837082999054,3.12878210629361,0.524462840888921,3.16351024106185,0.615279252982685,1.79689774091772,0.295786581469079,1.87579886094822,0.302834585363435
11.26,-60.65,"DOLERITE [17405]",4.66045329905741,12.4810204081633,2.10955475330927,10.4849283101683,3.15016887884778,1.05770848056537,3.50196265094075,0.601979133226324,4.06542254601227,0.793235609103079,2.39422242314647,0.379157270029674,2.48520775623269,0.385736842105263
11.26,-60.65,"DOLERITE [17405]",3.12142728459582,8.74436347146274,1.42404039475679,7.46307190299588,2.23219725679381,0.909202880811335,2.57657294714893,0.430937039501244,2.85778208855947,0.5636443836465,1.6400321263843,0.258805685841938,1.69463027925809,0.273587383592437
11.26,-60.65,"DOLERITE [17405]",7.15058665776557,16.6402316949747,2.62998331478858,12.9460233119317,3.31109285685163,1.18172913964202,3.5916335401983,0.573190194821006,3.68131010449226,0.71419170064528,2.06378168848782,0.32142983242839,2.06428798751154,0.319500663261417
11.26,-60.65,"DOLERITE [17405]",3.8944728138062,9.24108000009022,1.46397395883017,7.48908830570119,2.25093449951318,0.859053323061392,2.6746410973106,0.460414787551396,3.07883177996747,0.611690161773517,1.77312913824603,0.271702124146937,1.81839921166352,0.290553143895077
11.26,-60.65,"DOLERITE [17405]",17.3145833333333,33.2031346938776,4.57803097479502,18.9669336697909,4.64935836177474,1.56453946227233,4.43183833970508,0.697796116504854,4.14596262854276,0.747039164490862,2.14536470588235,0.325551020408163,1.97136294302378,0.286829411764706
11.26,-60.65,"DOLERITE [17405]",8.55284391529917,17.5862268032431,2.40387986711103,10.3068200837545,2.73552790394149,1.01066747341758,2.87164206009461,0.482965534758741,2.81210167872481,0.530482380203192,1.47809538071614,0.230294996506239,1.42084270635851,0.219574459133952
11.26,-60.65,"DOLERITE [17405]",5.7188592235942,14.0824811706583,2.14254583299776,9.54423079828098,2.51113955835809,0.910989940663518,2.67315483798776,0.429341726658562,2.78443814246975,0.515950701723484,1.45356504170435,0.224148837102858,1.38666876335248,0.232802678082533
66.33,112.8,"DOLERITE [18440]",7.02,16.09,2.15,9.85,2.63,0.94,2.7,0.59,3.36,0.77,2.1,0.32,1.93,0.32
66.33,112.8,"DOLERITE [18440]",4.71,10.82,1.45,6.74,1.76,0.73,2.01,0.42,2.63,0.56,1.51,0.23,1.5,0.24
66.33,112.8,"DOLERITE [18440]",6,15.8,2.02,9.17,2.4,0.96,2.6,0.56,3.15,0.74,2.01,0.3,1.95,0.31
66.33,112.8,"DOLERITE [18440]",10.17,24.27,3.29,15.31,4.27,1.41,4.48,0.98,5.51,1.23,3.17,0.51,3.14,0.5
66.33,112.8,"DOLERITE [18440]",9.28,22.16,2.96,13.7,3.62,1.23,4.08,0.8,4.83,1.09,3.04,0.45,2.78,0.44
66.33,112.8,"DOLERITE [18440]",9.15,21.95,2.86,13.54,3.55,1.23,3.82,0.8,4.82,1.07,2.94,0.44,2.91,0.43
66.33,112.8,"DOLERITE [18440]",10.47,26.25,3.41,16.31,4.21,1.38,4.69,0.94,6.06,1.28,3.45,0.52,3.34,0.51
66.33,112.8,"DOLERITE [18440]",8.02,18.38,2.38,11,2.85,1.03,3.24,0.66,3.99,0.87,2.45,0.39,2.55,0.38
66.33,112.8,"DOLERITE [18440]",10.18,24.47,3.15,14.96,3.99,1.38,4.4,0.93,5.41,1.18,2.41,0.37,3.09,0.47
66.33,112.8,"DOLERITE [18440]",31.61,31.61,4.24,19.44,5.18,1.54,5.53,1.12,6.66,1.48,4.12,0.61,3.78,0.6
66.33,112.8,"DOLERITE [18440]",9.71,22.44,2.88,13.95,3.85,1.32,4.24,0.84,5.1,1.14,3.17,0.48,3.09,0.46
66.33,112.8,"DOLERITE [18440]",10.69,22.19,3.37,14.19,3.97,1.05,4.13,0.8,4.66,0.88,2.53,0.44,2.42,0.31
66.33,112.8,"DOLERITE [18440]",10.11,20.58,2.66,11.28,3.12,1,3.19,0.64,3.97,0.78,2.12,0.37,2,0.29
66.33,112.8,"DOLERITE [18440]",9.42,21.7,3.05,15.2,4.35,1.41,5.52,0.89,5.51,1.09,2.86,0.48,3.13,0.45
66.33,112.8,"DOLERITE [18440]",19.49,39.57,4.6,19.06,4.59,1.54,4.52,0.71,4.3,0.89,2.28,0.37,2.24,0.34
66.33,112.8,"DOLERITE [18440]",7.35,15.23,2.04,9.41,2.83,1.01,3.37,0.56,3.77,0.8,2.14,0.38,2.23,0.35
66.33,112.8,"DOLERITE [18440]",7.03,15.09,2.02,9.03,2.68,0.92,3.12,0.54,3.5,0.76,2.03,0.35,2.09,0.33
66.33,112.8,"DOLERITE [18440]",7.71,16.79,2.22,10.44,2.94,0.97,3.59,0.58,3.87,0.81,2.13,0.37,2.31,0.36
62.5,113.5,"DOLERITE [18440]",8.88,20.46,2.81,11.83,3.15,1.12,4.09,0.61,4.52,1,2.84,0.44,2.74,0.41
62.5,113.5,"DOLERITE [18440]",9.38,21.61,3.03,13.13,3.38,1.27,4.37,0.61,4.56,1,2.79,0.44,2.79,0.42
62.5,113.5,"DOLERITE [18440]",10.43,24.56,3.55,15.22,4.01,1.42,5.19,0.74,5.45,1.18,3.39,0.52,3.2,0.48
42.9,-2.07,"DOLERITE [15077]",23.18,52.01,7.09,30.68,7.33,1.8,7.54,1.25,7.77,1.61,4.32,0.66,4.02,0.59
42.9,-2.07,"DOLERITE [15077]",15.06,35.07,4.72,20.12,5.1,1.5,5.24,0.85,5.44,1.16,3.05,0.46,2.8,0.42
42.9,-2.07,"DOLERITE [15077]",13.16,31.04,4.16,18.28,4.55,1.51,4.93,0.81,5.2,1.11,3,0.44,2.65,0.4
42.9,-2.07,"DOLERITE [15077]",17.89,42.47,5.41,23.28,5.35,1.57,5.59,0.9,5.77,1.25,3.38,0.5,2.89,0.42
42.9,-2.07,"DOLERITE [15077]",27.99,62.37,8.43,35.48,8.36,2.08,8.59,1.39,8.58,1.82,4.9,0.73,4.34,0.62
40.4,113.5,"DOLERITE [17720]",12.2,25.4,3.97,17.4,5.4,1.73,6.34,1.05,7.26,1.52,4.32,0.57,3.41,0.44
40.4,113.5,"DOLERITE [17720]",5.42,11.4,1.84,8.03,2.38,1.03,3.74,0.59,3.96,0.92,2.61,0.29,2.37,0.34
40.4,113.5,"DOLERITE [17720]",4.63,10.4,1.67,7.19,2.25,1.03,3.63,0.49,3.65,0.79,2.52,0.31,2.27,0.33
40.4,113.5,"DOLERITE [17720]",5.41,11.5,1.85,8.05,2.43,1.03,3.75,0.58,3.94,0.86,2.53,0.28,2.43,0.34
40.4,113.5,"DOLERITE [17720]",4.82,10.3,1.75,7.63,2.55,1.06,3.66,0.54,3.88,0.92,2.54,0.32,2.26,0.31
40.4,113.5,"DOLERITE [17720]",4.76,10.4,1.74,7.65,2.63,1.08,3.58,0.52,3.86,0.93,2.62,0.31,2.25,0.32
40.4,113.5,"DOLERITE [17720]",10.3,23.5,3.56,16.3,4.85,1.62,5.83,0.93,6.45,1.31,3.83,0.56,3.44,0.47
40.4,113.5,"DOLERITE [17720]",4.71,10.2,1.75,8.63,2.65,1.09,3.55,0.47,3.87,0.95,2.63,0.32,2.27,0.32
40.4,113.5,"DOLERITE [17720]",5.44,11.5,1.85,8.05,2.35,1.06,3.76,0.57,3.93,0.93,2.62,0.28,2.34,0.33
40.4,113.5,"DOLERITE [17720]",4.73,10.4,1.74,8.62,2.64,1.08,3.48,0.49,3.88,0.96,2.66,0.33,2.26,0.32
40.4,113.5,"DOLERITE [17720]",4.82,11.3,1.75,7.63,2.67,1.06,3.53,0.48,3.79,0.94,2.63,0.29,2.26,0.33
40.4,113.5,"DOLERITE [17720]",10.1,24.1,3.53,17.2,4.92,1.58,5.82,0.91,6.42,1.26,3.81,0.55,3.45,0.43
40.4,113.5,"DOLERITE [17720]",10.5,23.6,3.54,16.8,4.95,1.63,5.86,0.93,6.47,1.25,3.93,0.59,3.46,0.42
40.4,113.5,"DOLERITE [17720]",4.72,11.2,1.71,7.23,2.24,1.04,3.65,0.48,3.71,0.82,2.53,0.32,2.24,0.34
40.4,113.5,"DOLERITE [17720]",5.38,12.2,1.83,8.03,2.42,1.04,3.78,0.59,3.98,0.89,2.54,0.26,2.42,0.34
40.4,113.5,"DOLERITE [17720]",11.2,25.2,3.47,17.4,4.87,1.55,5.85,0.93,6.45,1.27,3.93,0.61,3.43,0.45
57.9,-5.15,"DOLERITE [18547]",9.23,22.63,3.58,16.16,4.62,1.52,4.72,0.87,5.54,1.14,3.38,0.49,3.08,0.5
57.9,-5.15,"DOLERITE [18547]",11.76,27.77,4.44,19.8,5.39,1.68,5.73,1.04,6.79,1.42,4.29,0.61,4.08,0.66
57.9,-5.15,"DOLERITE [18547]",12.92,29.31,4.08,15.72,3.29,1.13,3.1,0.51,3.15,0.64,1.85,0.27,1.84,0.28
57.9,-5.15,"DOLERITE [18547]",12,27.41,4.04,17.66,4.83,1.52,4.74,0.87,5.67,1.15,3.44,0.48,3.38,0.51
57.9,-5.15,"DOLERITE [18547]",15.15,34.16,4.95,21.07,5.27,1.49,5.42,0.96,6.1,1.28,3.8,0.57,3.87,0.59
57.9,-5.15,"DOLERITE [18547]",14.42,32.67,4.83,20.53,5.6,1.49,5.24,0.92,6.19,1.25,3.72,0.54,3.58,0.59
57.9,-5.15,"DOLERITE [18547]",17.03,38.35,5.65,23.54,6.07,1.56,5.81,1.03,6.67,1.34,4.03,0.58,3.92,0.64
57.9,-5.15,"DOLERITE [18547]",5.34,13.83,2.31,11.13,3.62,1.1,3.74,0.72,4.86,1.02,2.92,0.43,2.84,0.49
57.9,-5.15,"DOLERITE [18547]",22.67,49.13,6.85,27.5,6.34,1.6,5.36,0.86,5.19,1.04,3.06,0.43,2.89,0.47
57.9,-5.15,"DOLERITE [18547]",24.38,54.09,7.67,30.69,7.16,1.62,6.26,0.96,5.53,1.06,2.99,0.41,2.62,0.41
57.9,-5.15,"DOLERITE [18547]",9.1,20.77,3.12,13.26,3.95,1.06,3.76,0.67,4.39,0.91,2.74,0.39,2.63,0.43
57.9,-5.15,"DOLERITE [18547]",13.71,31.58,4.52,18.82,4.82,1.27,4.12,0.72,4.45,0.93,2.76,0.4,2.69,0.42
57.9,-5.15,"DOLERITE [18547]",12.06,26.48,3.7,15.41,4.4,1.23,4.36,0.84,5.45,1.14,3.49,0.51,3.48,0.53
57.9,-5.15,"DOLERITE [18547]",9.84,23.18,3.46,14.82,3.91,1.17,3.32,0.56,3.47,0.68,1.97,0.28,1.81,0.28
57.9,-5.15,"DOLERITE [18547]",3.65,9.6,1.61,7.81,2.71,0.85,2.64,0.52,3.64,0.77,2.33,0.34,2.31,0.36
57.9,-5.15,"DOLERITE [18547]",25.02,61.15,8.25,34.06,8.33,2.13,7.99,1.36,8.75,1.81,5.31,0.76,4.98,0.79
57.9,-5.15,"DOLERITE [18547]",10.01,24.42,3.79,17.12,4.63,1.61,4.87,0.85,5.53,1.17,3.3,0.48,3.18,0.5
57.9,-5.15,"DOLERITE [18547]",13.59,33.67,5.3,23.77,6.46,1.85,6.03,1.06,6.75,1.4,4.04,0.57,3.8,0.6
57.9,-5.15,"DOLERITE [18547]",6.5,17.92,2.84,13.62,4.44,1.41,4.71,0.9,6.15,1.28,3.81,0.55,3.82,0.61
57.9,-5.15,"DOLERITE [18547]",11.75,28.18,4.22,18.01,4.57,1.36,4.67,0.82,5.3,1.11,3.22,0.48,3.1,0.49
57.9,-5.15,"DOLERITE [18547]",14.08,32.81,4.91,21.06,5.49,1.57,5.15,0.93,5.93,1.24,3.65,0.52,3.59,0.54
57.9,-5.15,"DOLERITE [18547]",10.03,23.72,3.6,15.49,4.2,1.22,4,0.75,4.73,0.97,2.89,0.43,2.92,0.45
57.9,-5.15,"DOLERITE [18547]",7.81,18.73,2.81,12.56,3.66,1.11,3.5,0.66,4.24,0.88,2.64,0.38,2.49,0.37
57.9,-5.15,"DOLERITE [18547]",5.23,12.39,1.9,8.27,2.34,0.79,2.32,0.45,2.9,0.6,1.8,0.26,1.84,0.27
57.9,-5.15,"DOLERITE [18547]",9.78,20.22,2.64,10.1,2.09,0.58,1.73,0.27,1.67,0.33,0.93,0.13,0.87,0.13
57.9,-5.15,"DOLERITE [18547]",2.16,6.54,1.15,5.11,1.16,0.29,1.07,0.17,1.06,0.21,0.6,0.09,0.57,0.09
57.9,-5.15,"DOLERITE [18547]",9.42,23.13,3.57,15.59,4.32,1.45,4.59,0.87,5.69,1.15,3.45,0.51,3.47,0.52
57.9,-5.15,"DOLERITE [18547]",7.54,17.51,2.65,11.72,3.34,1.06,3.33,0.63,4.12,0.85,2.55,0.38,2.54,0.38
57.9,-5.15,"DOLERITE [18547]",9.67,23.35,3.58,15.59,4.23,1.44,4.27,0.77,5.09,1.04,3.06,0.43,3.06,0.45
57.9,-5.15,"DOLERITE [18547]",8.5,20.99,3.27,14.65,4.37,1.36,4.33,0.81,5.47,1.09,3.28,0.46,3.09,0.53
57.9,-5.15,"DOLERITE [18547]",22.87,48.76,6.84,27.53,6.33,1.48,4.68,0.74,4.48,0.9,2.7,0.38,2.5,0.42
57.9,-5.15,"DOLERITE [18547]",31.99,69.33,9.96,39.83,8.9,2.13,7.1,1.07,6.48,1.25,3.76,0.53,3.53,0.58
57.9,-5.15,"DOLERITE [18547]",3.91,10.36,1.77,8.35,2.83,0.87,2.78,0.52,3.55,0.71,2.17,0.32,2.12,0.35
57.9,-5.15,"DOLERITE [18547]",32.02,66.45,9.45,38.6,7.94,2.18,6.63,0.97,5.36,1.01,3.17,0.44,2.91,0.49
57.9,-5.15,"DOLERITE [18547]",25.98,57.19,8.07,32.09,7.83,1.91,7.23,1.21,7.49,1.48,4.5,0.63,4.24,0.69
57.9,-5.15,"DOLERITE [18547]",6.67,15.47,2.42,10.62,3.13,0.94,3.04,0.62,4.15,0.89,2.67,0.41,2.74,0.44
57.9,-5.15,"DOLERITE [18547]",11.02,25.12,3.72,15.95,4.41,1.15,4.15,0.74,4.96,1.02,3.03,0.44,2.95,0.46
57.9,-5.15,"DOLERITE [18547]",25.31,55.43,7.86,32.07,7.91,1.98,7.21,1.23,7.67,1.56,4.62,0.67,4.48,0.7
57.9,-5.15,"DOLERITE [18547]",28.37,63.15,8.81,36.24,8.98,2.27,8.48,1.4,8.82,1.77,5.17,0.75,5.09,0.79
57.9,-5.15,"DOLERITE [18547]",6.77,16.49,2.63,11.58,3.39,1.17,3.42,0.63,4.07,0.86,2.47,0.37,2.48,0.38
57.9,-5.15,"DOLERITE [18547]",8.37,18.6,2.77,11.83,3.39,1.12,3.21,0.6,3.86,0.82,2.35,0.35,2.31,0.36
57.9,-5.15,"DOLERITE [18547]",24.13,54.5,7.76,31.93,8.29,2.02,7.29,1.29,8.28,1.68,5.07,0.74,4.97,0.79
57.9,-5.15,"DOLERITE [18547]",24.26,51.77,7,28.23,6.88,1.64,5.92,1.03,6.38,1.32,3.95,0.56,3.83,0.6
57.9,-5.15,"DOLERITE [18547]",8.29,19.21,2.87,12.22,3.24,0.93,2.69,0.45,2.75,0.54,1.54,0.22,1.45,0.22
57.9,-5.15,"DOLERITE [18547]",12.53,26.27,3.47,13.96,3.31,0.99,3.07,0.51,3,0.59,1.71,0.23,1.57,0.26
-0.3799,31.3045,"DOLERITE [18536]",9.7,20.7,2.54,10.5,2.5,0.82,3.06,0.5,3.16,0.64,1.86,0.27,1.81,0.26
0.4878,31.5836,"DOLERITE [18536]",11.5,25.7,3.31,14.8,3.92,1.26,4.77,0.81,5.09,1.05,3.11,0.45,2.9,0.42
0.4972,31.5702,"DOLERITE [18536]",10.8,22.3,2.96,13.9,3.41,1.13,4.7,0.76,4.44,0.97,2.74,0.4,2.72,0.42
0.7042,31.1596,"DOLERITE [18536]",5.79,12.8,1.76,7.76,2.61,0.8,3.46,0.55,3.27,0.73,2.08,0.31,2.07,0.32
0.2312,31.1952,"DOLERITE [18536]",6.35,14.5,1.95,8.86,2.24,0.8,3.26,0.47,3.19,0.69,1.8,0.28,1.82,0.28
0.3658,30.6224,"DOLERITE [18536]",9.59,20.7,2.72,12.8,3.15,1.09,4.19,0.69,4.68,0.95,2.83,0.43,2.75,0.42
0.6018,31.3932,"DOLERITE [18536]",10.1,22.1,2.94,13.1,3.44,1.12,4.32,0.71,4.69,0.95,2.82,0.42,2.65,0.41
0.7669,31.1013,"DOLERITE [18536]",18.12,55.28,4.17,16.23,3.72,1.15,4.31,0.81,5.08,1.05,2.97,0.48,3.04,0.46
0.9731,30.6063,"DOLERITE [18536]",7.07,15.8,2.18,10.1,2.76,0.97,3.62,0.61,3.98,0.81,2.37,0.34,2.25,0.34
0.7541,30.7309,"DOLERITE [18536]",5.6,12.3,1.67,7.48,2.15,0.74,2.98,0.45,3.21,0.64,1.93,0.29,1.81,0.28
0.7224,30.7726,"DOLERITE [18536]",5.76,11.7,1.57,7.01,1.98,0.71,2.59,0.44,2.84,0.6,1.78,0.27,1.75,0.26
0.7489,30.5272,"DOLERITE [18536]",9.81,20.6,2.74,12.3,3.13,1.1,3.95,0.64,4.14,0.83,2.48,0.35,2.23,0.35
0.6376,30.9774,"DOLERITE [18536]",12.3,26.4,3.46,15.1,3.81,1.22,4.8,0.77,4.98,0.99,2.87,0.43,2.75,0.41
-0.4304,31.3443,"DOLERITE [18536]",18,36.8,4.61,18.7,4.38,1.28,5.22,0.84,5.38,1.07,3.16,0.46,2.94,0.44
-0.3754,31.2834,"DOLERITE [18536]",4.64,10,1.35,6.05,1.65,0.57,1.98,0.31,1.98,0.4,1.13,0.16,1.04,0.16
-0.5256,32.1468,"DOLERITE [18536]",4.75,8.8,1.36,6.33,1.8,0.66,2.54,0.44,3.03,0.64,1.89,0.3,1.91,0.29
-0.583,31.3225,"DOLERITE [18536]",12.1,22.6,2.85,11.4,2.52,0.79,3.02,0.48,3.11,0.63,1.9,0.28,1.78,0.27
-0.1729,31.1698,"DOLERITE [18536]",8.16,17.3,2.29,10.2,2.71,0.94,3.46,0.57,3.8,0.77,2.31,0.33,2.18,0.33
-0.0738,31.087,"DOLERITE [18536]",8.39,17.8,2.33,10.4,2.66,0.94,3.54,0.58,3.85,0.78,2.37,0.35,2.23,0.34
0.1333,31.0399,"DOLERITE [18536]",10.4,22.3,2.94,12.7,3.31,1.11,4.17,0.68,4.52,0.91,2.67,0.39,2.48,0.39
0.2145,30.5421,"DOLERITE [18536]",9.53,20.4,2.68,11.9,3.21,1.06,4.03,0.67,4.3,0.89,2.66,0.39,2.5,0.37
0.1544,30.3416,"DOLERITE [18536]",9.1,19.9,2.7,12.3,3.12,1.08,3.82,0.6,3.72,0.72,2.12,0.3,1.9,0.28
0.7532,31.3921,"DOLERITE [18536]",13,28.1,3.74,17,4.25,1.43,5.24,0.85,5.67,1.14,3.49,0.49,3.13,0.46
0.8785,31.2391,"DOLERITE [18536]",19.3,38.8,4.81,19.1,3.8,0.98,4.36,0.66,4.3,0.86,2.64,0.38,2.6,0.45
0.8792,31.4097,"DOLERITE [18536]",7.86,17,2.31,10.7,2.63,0.99,3.39,0.59,3.76,0.74,2.16,0.3,2.2,0.31
0.8809,31.4068,"DOLERITE [18536]",15,31.4,3.59,16.1,3.2,0.93,4.05,0.66,3.79,0.78,2.34,0.29,2.24,0.33
0.881,31.3706,"DOLERITE [18536]",19,37.9,4.63,19.4,3.6,0.91,4.62,0.68,4.27,0.89,2.57,0.37,2.73,0.38
45.8614,92.8067,"DOLERITE [18638]",13.92,32.58,4.712,21.35,5.152,1.873,5.187,0.885,5.449,1.13,3.069,0.427,2.759,0.421
45.8614,92.8067,"DOLERITE [18638]",13.54,31.35,4.485,20.57,4.96,1.829,5.051,0.851,5.193,1.1,2.931,0.409,2.648,0.411
45.8614,92.8067,"DOLERITE [18638]",13.79,32.37,4.677,21.21,5.21,1.943,5.349,0.894,5.402,1.138,3.035,0.433,2.836,0.437
45.8614,92.8067,"DOLERITE [18638]",14.71,33.9,4.958,22.35,5.398,1.996,5.475,0.915,5.662,1.195,3.168,0.443,2.92,0.441
45.8614,92.8067,"DOLERITE [18638]",14.22,32.87,4.762,21.6,5.277,1.963,5.422,0.903,5.499,1.147,3.035,0.431,2.754,0.436
45.8614,92.8067,"DOLERITE [18638]",13.99,32.9,4.744,21.85,5.358,1.954,5.395,0.901,5.536,1.189,3.117,0.445,2.853,0.428
45.8614,92.8067,"DOLERITE [18638]",14.06,33.22,4.834,21.94,5.363,1.965,5.449,0.932,5.606,1.2,3.177,0.446,2.853,0.45
45.8614,92.8067,"DOLERITE [18638]",17.15,40.6,5.776,25.18,5.508,1.656,5.072,0.779,4.258,0.843,2.182,0.301,1.88,0.285
45.8614,92.8067,"DOLERITE [18638]",17.76,41.84,5.929,25.93,5.599,1.648,5.222,0.793,4.44,0.865,2.245,0.314,1.959,0.286
45.8614,92.8067,"DOLERITE [18638]",18.48,44.13,6.282,27.5,5.989,1.824,5.478,0.86,4.685,0.914,2.399,0.326,2.061,0.298
65.9369,31.1378,"DOLERITE [18706]",2.49,6.55,0.91,4.56,1.64,0.66,2.18,0.408,2.83,0.588,1.66,0.24,1.66,0.24
65.9369,31.1378,"DOLERITE [18706]",3.5,8.78,1.33,6.45,2.26,0.844,3.05,0.564,3.9,0.82,2.31,0.34,2.28,0.344
65.9369,31.1378,"DOLERITE [18706]",5.12,13.3,2.02,9.876,3.093,1.19,4.46,0.739,4.69,1.01,3.04,0.409,2.9,0.423
65.9369,31.1378,"DOLERITE [18706]",1.97,5.03,0.79,4.48,1.37,0.557,1.85,0.34,2.25,0.485,1.42,0.218,1.45,0.22
65.9369,31.1378,"DOLERITE [18706]",2.42,6.52,1,6.101,1.977,0.63,2.27,0.409,2.75,0.593,1.77,0.253,1.75,0.248
65.1589,30.5061,"DOLERITE [18706]",3.49,10.1,1.53,7.41,2.56,0.922,3.3,0.536,3.05,0.76,2.38,0.336,2.33,0.324
65.1589,30.5061,"DOLERITE [18706]",3.68,10.4,1.58,7.72,2.61,0.97,3.49,0.544,3.2,0.78,2.49,0.356,2.45,0.36
65.1589,30.5061,"DOLERITE [18706]",3.76,10.7,1.63,7.79,2.67,0.988,3.54,0.556,3.25,0.792,2.51,0.364,2.5,0.376
64.68,30.82,"DOLERITE [18706]",3.86,10.6,1.53,7.705,2.378,0.841,2.98,0.569,3.66,0.726,2.3,0.401,2.15,0.337
64.68,30.82,"DOLERITE [18706]",3.93,8.47,1.56,8.073,2.521,0.83,2.93,0.573,3.72,0.719,2.34,0.377,2.07,0.337
64.9786,30.7358,"DOLERITE [18706]",5.87,12.1,1.81,7.602,2.02,0.799,2.83,0.563,3.53,0.719,2.17,0.374,2.01,0.347
64.9786,30.7358,"DOLERITE [18706]",4.47,9.57,1.69,8.763,2.677,0.92,3.3,0.6,3.83,0.824,2.4,0.34,2.32,0.336
64.9786,30.7358,"DOLERITE [18706]",5.84,15.7,2.27,11,3.31,1.12,3.93,0.74,4.7,1.02,2.96,0.431,2.85,0.416
64.9786,30.7358,"DOLERITE [18706]",3.55,10.2,1.16,5.957,1.878,0.753,2.27,0.445,2.9,0.618,1.83,0.261,1.77,0.25
64.9786,30.7358,"DOLERITE [18706]",3.26,10.3,1.25,6.94,1.96,0.773,2.41,0.467,3.1,0.648,1.97,0.276,1.91,0.276
64.9786,30.7358,"DOLERITE [18706]",3.37,10.8,1.34,7.45,2.15,0.828,2.6,0.486,3.19,0.684,2.04,0.291,1.92,0.287
64.9786,30.7358,"DOLERITE [18706]",4.91,14,1.97,9.898,3.015,1.09,3.61,0.673,4.38,0.92,2.76,0.39,2.67,0.379
64.8,29.8,"DOLERITE [18737]",16.4,36.1,4.72,20.5,6.12,1.88,6.4,1.04,7.39,1.55,4.53,0.648,4.51,0.626
64.8,29.8,"DOLERITE [18737]",18.3,41.9,5.44,23.4,6.4,1.98,7.24,1.11,6.6,1.49,4.76,0.68,4.64,0.688
64.8,29.8,"DOLERITE [18737]",16.5,35.8,4.71,20.6,6.23,1.91,6.63,1.07,7.53,1.59,4.62,0.652,4.55,0.644
64.8,29.8,"DOLERITE [18737]",17.8,40.8,5.32,22.9,6.25,1.91,7.16,1.12,6.47,1.5,4.69,0.668,4.55,0.676
64.8,29.8,"DOLERITE [18737]",16.4,35.9,4.68,20.6,6.25,1.92,6.46,1.07,7.58,1.58,4.67,0.666,4.67,0.652
64.8,29.8,"DOLERITE [18737]",18.3,39.7,5.17,22.7,6.93,1.99,7.08,1.17,8.34,1.73,5.12,0.727,5.04,0.706
64.8,29.8,"DOLERITE [18737]",20,43,5.66,24.7,7.53,2.11,7.78,1.28,9.08,1.9,5.53,0.781,5.46,0.763
64.8,29.8,"DOLERITE [18737]",21,45,5.89,25.6,7.71,2.15,7.87,1.3,9.29,1.92,5.69,0.796,5.54,0.77
64.8,29.8,"DOLERITE [18737]",19.5,40.4,5.28,22.6,6.55,1.87,6.56,1.08,7.49,1.56,4.57,0.644,4.48,0.63
-19.1835,-172.9752,"DOLERITE [18716]",3.7,11.98,2.07,11.32,4,1.46,5.44,0.95,6.28,1.34,3.98,0.58,4.08,0.57
-19.1835,-172.9752,"DOLERITE [18716]",3.69,11.62,2.01,11.63,4.12,1.47,5.64,1.06,6.68,1.48,4.16,0.63,4.01,0.6
-19.22,143.55,"DOLERITE [14100]",10.09,23.26,3.17,14.58,3.87,1.17,4.5,0.83,5.27,1.16,3.38,0.51,3.28,48
-19.22,143.55,"DOLERITE [14100]",8.58,20.38,2.92,13.53,3.68,1.03,4.02,0.68,4.04,0.84,2.28,0.31,1.98,0.28
-19.22,143.55,"DOLERITE [14100]",9.37,24.24,3.76,17.74,5.46,1.68,6.8,1.21,7.82,1.64,4.69,0.69,4.35,0.62
-19.22,143.55,"DOLERITE [14100]",8.39,20.5,3.15,14.96,4.55,1.48,5.59,0.99,6.16,1.3,3.69,0.53,3.39,0.5
-19.22,143.55,"DOLERITE [14100]",5.54,13.98,2.2,10.59,3.29,1.21,4.32,0.76,4.89,1.06,3.06,0.47,2.9,0.42
-19.22,143.55,"DOLERITE [14100]",6.19,15.62,2.44,11.83,3.71,1.42,4.71,0.85,5.53,1.19,3.46,0.51,3.25,0.48
-19.22,143.55,"DOLERITE [14100]",8.8,19.33,2.74,11.86,3.29,1.05,3.93,0.67,4.23,0.91,2.54,0.38,2.35,0.34
-19.22,143.55,"DOLERITE [14100]",3.39,8.66,1.37,6.7,2.1,0.8,2.68,0.49,3.1,0.66,1.87,0.28,1.82,0.26
-19.22,143.55,"DOLERITE [14100]",3.42,8.77,1.4,6.68,2.15,0.78,2.7,0.49,3.05,0.65,1.86,0.27,1.73,0.25
-19.22,143.55,"DOLERITE [14100]",4.13,10.87,1.72,8.29,2.64,0.93,3.39,0.61,3.79,0.83,2.3,0.34,2.13,0.31
-19.22,143.55,"DOLERITE [14100]",9.74,24.9,3.79,18.29,5.48,1.78,6.83,1.23,7.79,1.65,4.68,0.68,4.32,0.63
-19.22,143.55,"DOLERITE [14100]",3.25,7.71,1.17,5.67,1.76,0.79,2.29,0.41,2.65,0.57,1.65,0.24,1.55,0.23
-18.8,143.5,"DOLERITE [14100]",5.92,14.7,2.25,11.03,3.19,1.16,3.89,0.68,4.25,0.9,2.58,0.37,2.28,0.34
-19,143.4,"DOLERITE [14100]",6.07,15.4,2.41,11.8,3.66,1.15,4.52,0.8,4.97,1.06,3.05,0.47,2.88,0.44
-19,143.4,"DOLERITE [14100]",7.65,19.4,3.07,15.46,4.68,1.61,5.86,1.05,6.41,1.36,3.84,0.58,3.55,0.53
25.75,73.2,"DOLERITE [13207]",18.2,37.7,4.35,17.5,3.76,1.25,4.27,0.71,4.4,0.92,2.72,0.39,2.56,0.39
25.75,73.2,"DOLERITE [13207]",19.2,47.3,6.19,26.8,5.44,1.79,5.3,0.79,4.42,0.86,2.37,0.32,2.06,0.31
25.75,73.2,"DOLERITE [13207]",9,21.7,3.06,14.7,4.14,1.62,5.47,0.92,5.8,1.21,3.53,0.49,3.21,0.48
25.75,73.2,"DOLERITE [13207]",7.01,17.7,2.51,13.1,3.8,1.46,4.62,0.78,4.95,1.03,2.97,0.42,2.68,0.41
24.78,72.75,"DOLERITE [13207]",25,58.2,7.44,35.28,7.77,2.59,7.1,1.07,6.11,1.17,3.27,0.44,2.75,0.4
15,79,"DOLERITE [7991]",16.83,36.2,4.7,20.3,5.25,1.43,6.18,1.03,6.6,1.38,4.16,0.61,3.62,0.55
15.47,78.16,"DOLERITE [7991]",11.7,24.9,2.88,12.53,3.23,1.19,4.64,0.78,4.76,1.02,3.08,0.46,2.85,0.47
15.57,77.92,"DOLERITE [7991]",21.87,44.7,5.02,20.37,4.8,1.81,6.16,0.83,5.03,1.07,3.09,0.42,2.8,0.42
15,78.5,"DOLERITE [7991]",9.53,21.1,2.15,8.58,1.98,0.74,2.6,0.4,2.52,0.54,1.62,0.24,1.56,0.25
15,78.5,"DOLERITE [7991]",8.07,18.17,1.9,7.25,1.6,0.62,2.18,0.33,2.12,0.46,1.47,0.21,1.38,0.23
14.47,78.82,"DOLERITE [7991]",11.37,28,3.55,16.17,4.3,1.62,5.35,0.89,5.26,1.13,3.15,0.41,2.78,0.38
14.68,78.39,"DOLERITE [7991]",18.03,40.8,5.13,22.47,5.48,1.97,6.92,1.11,7,1.42,4.01,0.58,3.79,0.53
14.68,78.39,"DOLERITE [7991]",24.33,50.47,6.1,25.43,5.16,1.88,6.34,0.89,5.38,1.19,3.61,0.51,3.47,0.51
14.48,78.82,"DOLERITE [7991]",7.95,18.17,1.76,6.46,1.57,0.61,2.04,0.31,1.98,0.42,1.35,0.2,1.21,0.19
14.48,78.82,"DOLERITE [7991]",7.78,21.43,2.73,13.27,3.91,1.52,4.81,0.84,5.13,1.01,3.01,0.4,2.66,0.35
14.42,78.22,"DOLERITE [7991]",7.2,17,1.68,6.64,1.51,0.6,1.98,0.32,1.85,0.42,1.26,0.17,1.17,0.2
14.42,78.22,"DOLERITE [7991]",9.18,19.8,2.06,8.38,1.92,0.64,2.5,0.39,2.52,0.53,1.63,0.24,1.59,0.24
17.48,80.95,"DOLERITE [7991]",6.37,17.13,1.93,8.53,2.33,1.07,3.15,0.53,3.27,0.77,2.17,0.3,2.06,0.33
17,80,"DOLERITE [7991]",15.93,33.27,3.61,13.3,2.86,0.8,3.31,0.5,2.84,0.63,1.88,0.28,1.78,0.26
16.87,79.57,"DOLERITE [7991]",9.98,21.83,2.36,9.17,1.9,0.66,2.48,0.39,2.24,0.5,1.56,0.2,1.3,0.18
16.26,80.01,"DOLERITE [10376]",1.6,4.81,0.76,4.15,0.94,0.56,0.95,0.14,1.12,0.2,0.4,0.08,0.34,0.11
16.26,80.01,"DOLERITE [10376]",1.48,3.97,0.58,3.11,0.7,0.44,0.87,0.11,0.8,0.14,0.33,0.05,0.32,0.05
16.26,80.01,"DOLERITE [10376]",8.43,20.23,3.05,14.35,2.96,1.21,2.59,0.35,2.63,0.49,1.08,0.19,1.02,0.19
16.26,80.01,"DOLERITE [10376]",4.25,10.27,1.4,6.12,2.38,0.67,2.29,0.37,2.87,0.65,1.89,0.3,1.87,0.3
16.26,80.01,"DOLERITE [10376]",18.88,38.73,4.79,19.78,4.5,1.37,3.81,0.6,3.67,0.66,2.04,0.32,1.76,0.23
17,-64.5,"DOLERITE, HORNBLENDE-AUGITE [4119]",9.22,20.63,2.96,13.36,3.51,1.15,3.8,0.61,3.85,0.81,2.42,0.33,2.31,0.34
17,-64.5,"DOLERITE, AUGITE-HORNBLENDE [4119]",7.79,17.58,2.55,11.87,3.13,1.02,3.51,0.52,3.53,0.71,2.13,0.31,2.06,0.3
36,118,"DOLERITE [19086]",65.6,133,15.4,53.8,8.42,2.12,6.24,0.85,4.13,0.82,2.13,0.32,1.93,0.29
36,118,"DOLERITE [19086]",92.3,195,22.1,76.8,13.2,2.98,9.65,1.16,5.05,0.91,2.42,0.33,1.96,0.32
36,118,"DOLERITE [19086]",32.4,54.2,7.16,31.2,5.42,1.43,4.87,0.65,3.43,0.76,1.95,0.27,1.71,0.26
36,118,"DOLERITE [19086]",64.1,131,14.2,49.4,7.63,1.92,6.45,0.82,3.82,0.81,2.14,0.29,1.79,0.28
36,118,"DOLERITE [19086]",55.3,91.8,13.1,44.2,7.16,1.85,6.16,0.84,4.11,0.85,2.22,0.31,1.75,0.28
36,118,"DOLERITE [19086]",72.5,138,16.4,54.5,8.15,2.12,6.42,0.83,3.83,0.83,2.11,0.28,1.78,0.27
36,118,"DOLERITE [19086]",59.4,97.6,14.3,52.4,8.76,2.23,7.55,0.98,5.45,1.13,3.21,0.45,2.93,0.46
36,118,"DOLERITE [19086]",55.2,98.2,13.1,46.5,7.55,1.96,6.78,0.92,5.18,1.12,3.08,0.42,2.54,0.38
36,118,"DOLERITE [19086]",97.4,195,22.2,79.3,12.8,2.78,10.8,1.15,4.96,0.94,2.44,0.32,1.94,0.31
36,118,"DOLERITE [19086]",64.6,124,15.3,50.8,7.78,1.83,6.74,0.81,3.84,0.75,2.15,0.28,1.85,0.28
36,118,"DOLERITE [19086]",47.5,94.3,12.4,42.2,6.87,1.76,5.45,0.73,3.42,0.64,1.76,0.24,1.54,0.24
36,118,"DOLERITE [19086]",58.7,118,15.3,53.5,9.13,2.44,8.18,0.96,4.91,0.96,2.63,0.35,2.12,0.34
36,118,"DOLERITE [19086]",61.6,125,15.5,56.4,9.45,2.45,8.54,0.98,5.13,0.95,2.72,0.37,2.33,0.35
36,118,"DOLERITE [19086]",62.5,126,15.3,56.5,9.65,2.46,7.96,0.97,5.15,0.97,2.73,0.36,2.41,0.36
36,118,"DOLERITE [19086]",66.4,118,16.1,57.4,9.82,2.42,9.06,1.12,5.55,1.11,2.92,0.37,2.54,0.38
36,118,"DOLERITE [19086]",62.3,124,15.4,55.3,9.43,2.37,8.22,0.97,5.14,0.96,2.74,0.36,2.33,0.35
36,118,"DOLERITE [19086]",66.5,135,16.2,58.7,10.5,2.62,8.93,1.13,5.72,1.14,2.93,0.38,2.42,0.38
36,118,"DOLERITE [19086]",59.6,119,15.3,53.4,8.97,2.44,7.83,0.94,4.94,0.95,2.64,0.35,2.31,0.34
36,118,"DOLERITE [19086]",67.1,134,16.2,58.6,9.87,2.45,8.55,0.98,5.35,0.97,2.67,0.36,2.36,0.36
36,118,"DOLERITE [19086]",64.2,126,15.2,56.4,9.32,2.42,7.86,0.95,5.16,0.96,2.63,0.36,2.32,0.36
37,121,"DOLERITE [19086]",64.5,128,16.3,57.6,9.64,2.48,7.85,1.05,5.43,0.98,2.82,0.35,2.43,0.37
37,121,"DOLERITE [19086]",63.3,127,15.4,56.8,9.54,2.53,8.75,0.96,5.35,0.98,2.82,0.38,2.32,0.36
-27.35,-48.26,"DOLERITE [19080]",35.4,78.1,9.98,41.3,9.1,2.98,8.7,1.3,7.3,1.3,3.7,0.51,3.1,0.45
-27.35,-48.26,"DOLERITE [19080]",31.7,63.8,9.47,41.4,9.25,2.86,8.64,1.26,6.76,1.32,3.31,0.46,2.63,0.4
-27.35,-48.26,"DOLERITE [19080]",90.6,183.5,21.31,84,16.57,3.4,14.48,2.05,11.06,2.07,5.29,0.72,4.47,0.64
20.1844,100.4807,"DOLERITE [15295]",12.74,27.58,3.71,16.39,3.74,1.15,3.7,0.58,3.44,0.68,1.98,0.29,1.88,0.29
71.48411647,-117.4461555,"DOLERITE, OLIVINE [19202]",6.61,15.34,2.09,9.09,2.38,0.77,2.65,0.43,2.83,0.5,1.55,0.24,1.53,0.24
71.48411647,-117.4461555,"DOLERITE, OLIVINE [19202]",6.39,14.3,1.93,8.55,2.15,0.74,2.48,0.43,2.73,0.5,1.45,0.24,1.46,0.23
71.48411647,-117.4461555,"DOLERITE [19202]",7.92,17.84,2.41,10.4,2.78,0.9,2.98,0.5,3.24,0.58,1.75,0.28,1.76,0.27
71.48411647,-117.4461555,"DOLERITE [19202]",8,18.53,2.54,10.78,2.81,0.96,3.04,0.54,3.45,0.61,1.84,0.29,1.81,0.28
45.6964,84.8406,"DOLERITE [19192]",12.75,29.05,4.101,18.23,4.212,1.391,4.442,0.746,4.735,1.003,2.705,0.385,2.539,0.393
45.7,84.8,"DOLERITE [19192]",13.11,30.02,4.266,18.67,4.377,1.436,4.605,0.787,4.914,1.034,2.826,0.399,2.593,0.396
45.7,84.8,"DOLERITE [19192]",15.22,34.2,4.793,21.17,4.794,1.526,4.722,0.78,4.84,1.025,2.835,0.412,2.695,0.416
45.7,84.8,"DOLERITE [19192]",16.84,38.1,5.346,23.19,5.218,1.282,5.135,0.849,5.268,1.113,3.04,0.444,2.911,0.456
45.7,84.8,"DOLERITE [19192]",16.06,36.25,5.08,22.25,5,1.58,4.92,0.82,5.03,1.05,2.92,0.42,2.82,0.44
45.7,84.8,"DOLERITE [19192]",15.17,34.81,4.95,21.91,5.01,1.64,4.88,0.82,5.02,1.07,2.91,0.43,2.74,0.44
45.7,84.8,"DOLERITE [19192]",15.12,34.86,4.95,21.93,4.94,1.67,4.98,0.82,5.09,1.07,2.97,0.42,2.75,0.44
45.7,84.8,"DOLERITE [19192]",14.98,33.9,4.8,20.94,4.76,1.54,4.63,0.78,4.79,1.02,2.81,0.4,2.64,0.41
45.7,84.8,"DOLERITE [19192]",15.29,42.24,6.36,29.8,7.42,2.45,7.39,1.26,7.74,1.59,4.27,0.64,3.95,0.58
45.7,84.8,"DOLERITE [19192]",14.37,33.7,4.6,20.18,4.75,1.56,4.68,0.81,4.93,1.04,2.8,0.44,2.7,0.43
45.6736,84.8406,"DOLERITE [19192]",6,13.4,1.87,8.53,2.09,0.74,1.97,0.32,1.89,0.37,1.01,0.15,0.89,0.14
45.6736,84.8406,"DOLERITE [19192]",5.61,12.81,1.79,8.05,1.99,0.68,1.93,0.31,1.85,0.37,1.02,0.15,0.95,0.14
45.6736,84.8406,"DOLERITE [19192]",10.67,24.45,3.29,14.05,3.19,0.95,3.09,0.5,3.06,0.63,1.74,0.27,1.69,0.25
45.6736,84.8406,"DOLERITE [19192]",10.67,24.86,3.32,14.3,3.24,0.96,3.11,0.53,3.17,0.66,1.8,0.28,1.72,0.27
43.5903,82.545,"DOLERITE [19192]",6.96,20.67,3.48,17.22,5.05,1.33,5.19,1,6.39,1.35,3.62,0.52,3.22,0.49
43.5903,82.545,"DOLERITE [19192]",13.43,31.83,4.46,20.29,5.23,1.38,5.4,0.97,6.21,1.35,3.82,0.58,3.63,0.57
43.5903,82.545,"DOLERITE [19192]",3.26,10.39,1.95,10.79,4.3,1.61,5.31,1.19,8.63,2.01,5.73,0.92,5.79,0.95
43.5903,82.545,"DOLERITE [19192]",2.62,8.13,1.67,9.75,4.54,1.35,5.92,1.39,10.54,2.53,7.62,1.27,8.22,1.33
43.5903,82.545,"DOLERITE [19192]",7.9,18.56,2.73,12.87,4.03,1.16,4.5,0.87,5.96,1.31,3.78,0.6,3.74,0.57
43.5903,82.545,"DOLERITE [19192]",6.34,16.5,2.5,11.95,3.23,1.11,3.27,0.62,4.13,0.94,2.86,0.46,2.96,0.48
41.41,91.675,"DOLERITE [19192]",24.13,55.24,7.79,33.2,7.03,1.85,6.04,0.89,4.71,0.9,2.43,0.35,2.18,0.34
41.41,91.675,"DOLERITE [19192]",23.24,49.45,6.32,25.24,4.91,1.44,4.59,0.69,3.92,0.77,2.11,0.3,1.93,0.29
41.41,91.675,"DOLERITE [19192]",20.2,46.75,6.46,27.64,5.64,1.52,4.89,0.75,4.19,0.85,2.32,0.33,2.17,0.32
41.41,91.675,"DOLERITE [19192]",24.36,55.71,7.76,33.28,6.98,1.81,6.08,0.89,4.82,0.92,2.42,0.35,2.26,0.34
41.41,91.675,"DOLERITE [19192]",19.2,43.51,5.86,24.14,4.95,1.3,4.29,0.66,3.76,0.75,2.05,0.31,1.99,0.29
41.41,91.675,"DOLERITE [19192]",24.03,54.78,7.65,33.04,6.93,1.88,6.05,0.87,4.59,0.9,2.4,0.35,2.16,0.33
41.41,91.675,"DOLERITE [19192]",23.13,51.51,6.87,28.43,5.66,1.45,4.99,0.76,4.26,0.86,2.37,0.35,2.22,0.35
41.41,91.675,"DOLERITE [19192]",26.13,51.53,6.079,23.31,4.46,1.37,4.131,0.633,3.609,0.742,1.968,0.282,1.828,0.285
41.41,91.675,"DOLERITE [19192]",28.61,65.95,8.889,38.35,7.851,2.047,6.461,0.899,4.559,0.879,2.239,0.31,2.004,0.308
41.41,91.675,"DOLERITE [19192]",24.5,53.33,6.655,26.71,5.321,1.308,4.84,0.751,4.269,0.885,2.384,0.346,2.254,0.353
41.41,91.675,"DOLERITE [19192]",23.87,52.17,6.518,26.12,5.228,1.252,4.699,0.727,4.16,0.851,2.303,0.339,2.191,0.348
41.41,91.675,"DOLERITE [19192]",27.04,62.02,8.262,35.1,7.131,1.773,5.869,0.851,4.433,0.865,2.235,0.314,2.03,0.315
41.41,91.675,"DOLERITE [19192]",14.61,31.39,4.007,16.24,3.403,0.957,3.263,0.511,2.967,0.612,1.635,0.239,1.553,0.246
41.41,91.675,"DOLERITE [19192]",24.38,53.07,6.7,26.82,5.341,1.291,4.854,0.745,4.256,0.879,2.348,0.336,2.233,0.352
41.41,91.675,"DOLERITE [19192]",0.708,1.93,0.328,1.768,0.589,0.378,0.755,0.149,0.999,0.213,0.58,0.081,0.521,0.081
33,84,"DOLERITE [19191]",14.28,30.72,4.08,18.59,4.39,1.61,4.86,0.7,4.56,0.84,2.46,0.33,2.16,0.29
33,84,"DOLERITE [19191]",15.41,36.76,5.24,25.1,6.39,2.1,7.22,1.07,6.92,1.27,3.71,0.49,3.21,0.43
33,84,"DOLERITE [19191]",13.5,32.5,4.03,18,4.47,1.42,4.43,0.71,4.14,0.79,2.05,0.27,1.73,0.25
70.9716,127.5313,"DOLERITE [19190]",18.3,44.3,5.91,29.2,5.2,2.14,6.73,1.04,5.79,1.15,3.16,0.42,2.46,0.4
70.8532,127.5591,"DOLERITE [19190]",17.7,42.1,5.53,27.6,5,1.95,6.72,0.99,5.71,1.06,3.06,0.45,2.08,0.33
71.0893,127.4211,"DOLERITE [19190]",17.5,40.5,5.49,26.5,6.62,2.09,6.49,0.97,5.48,1.12,2.98,0.4,2.37,0.35
71.0893,127.4211,"DOLERITE [19190]",20,43.9,5.8,28.1,6.47,2.29,6.52,1.1,6.02,1.15,2.97,0.43,2.3,0.34
71.0788,127.4555,"DOLERITE [19190]",17.3,40.1,5.58,27.2,4.7,2.09,5.93,0.86,5.35,1.11,2.79,0.34,2.16,0.31
61.2161,137.186,"DOLERITE [19190]",33.8,75.9,10.3,49.13,7.5,3.03,11.2,1.67,10.4,2.09,6.69,0.9,5.64,0.79
61.4751,136.6894,"DOLERITE [19190]",25.6,58.9,8.06,34.91,8.51,2.43,8.8,1.49,9.02,1.95,5.62,0.73,4.69,0.69
61.3535,137.3512,"DOLERITE [19190]",28.2,65.5,8.97,42.54,6.5,2.41,10.6,1.69,10.3,1.97,5.51,0.8,4.99,0.79
60.6917,137.0433,"DOLERITE [19190]",35,81.5,11.4,47.8,9.98,3.3,10.1,1.52,8.89,1.68,4.37,0.63,3.84,0.58
61.3764,137.3445,"DOLERITE [19190]",32.5,77.9,10.4,43.7,10.06,3.04,10.2,1.66,9.88,2,5.36,0.83,4.64,0.69
60.6968,137.0566,"DOLERITE [19190]",35.1,83.9,11.2,50.2,10.9,3.15,10.2,1.57,8.99,1.85,4.75,0.63,4.1,0.53
50.32,28.04,"DOLERITE [19182]",9.3,22.8,3.13,14.3,3.35,1.21,3.58,0.58,3.61,0.72,2.15,0.34,2.02,0.31
50.32,28.05,"DOLERITE [19182]",12.2,28.8,3.91,17.8,4.01,1.75,4.22,0.65,3.95,0.78,2.27,0.35,2.08,0.32
51.44,26.68,"DOLERITE [19182]",16.5,31.3,3.63,11.1,4.02,1.3,4.67,0.79,4.98,1.01,3.03,0.47,2.89,0.44
51.51,27.66,"DOLERITE [19182]",10.1,24.3,3.34,15,3.16,1.15,2.65,0.38,2.08,0.4,1.1,0.15,0.97,0.15
51.31,27.08,"DOLERITE [19182]",12.7,29.5,3.78,16.5,4.3,1.88,5.36,0.89,5.47,1.2,3.43,0.51,3.15,0.52
51.25,27.16,"DOLERITE [19182]",13.8,31.3,4.08,17.9,4.36,1.32,4.93,0.8,4.97,1.02,2.99,0.46,2.81,0.43
51.26,28.63,"DOLERITE [19182]",69.4,154.3,20.39,84.7,15.8,2.66,12.93,2,9.83,1.78,5.11,0.69,4.65,0.66
51.12,28.02,"DOLERITE [19182]",34.5,82.9,10.39,44.8,9.4,2.49,8.06,1.23,6.82,1.24,3.59,0.49,2.78,0.45
51.16,27.85,"DOLERITE [19182]",37.2,85.5,10.73,46.5,9.6,2.38,9.07,1.34,6.75,1.38,3.58,0.5,3.23,0.51
50.77,27.47,"DOLERITE [19182]",41.4,101.9,13.15,55.8,11.7,3.18,11.18,1.52,8.84,1.68,4.8,0.71,3.63,0.63
50.99,27.71,"DOLERITE [19182]",27.5,62.3,7.23,27.8,6,1.76,5.89,1.08,6.81,1.32,3.95,0.57,3.63,0.6
48.64,32.54,"DOLERITE, OLIVINE [19182]",22.4,53.9,7.4,32.9,8.04,2.07,7.47,1.08,5.62,0.87,2.47,0.3,1.73,0.27
48.58,32.27,"DOLERITE [19182]",58.2,120.3,14.87,59,11.6,3.54,9.71,1.28,6.39,0.96,2.53,0.35,1.74,0.25
48.55,32.26,"DOLERITE [19182]",32.2,68.3,8.52,35.2,7.4,2.66,6.66,1.15,5.63,1.05,2.72,0.39,2.42,0.35
47.36,37.38,"DOLERITE [19182]",79.9,155.6,17.09,60.2,9.97,2.32,8.11,1.18,6.29,1.17,3.2,0.47,2.93,0.41
62.01501667,-48.8356,"DOLERITE [19180]",19.03,43.65,5.89,28.45,7.24,2.08,7.9,1.25,8.91,1.79,5.21,0.79,4.9,0.72
63.38921,-50.576095,"DOLERITE [19180]",15.7533333333333,32.63,4.32333333333333,19.76,4.60666666666667,1.38666666666667,4.96,0.767,4.87333333333333,1.01,3.03333333333333,0.413,2.82,0.414666666666667
63.21826,-49.82143333,"DOLERITE [19180]",12.73,26.81,3.55,15.43,3.78,1.21,3.75,0.6,4.4,0.9,2.36,0.38,2.46,0.38
63.20811167,-49.29927833,"DOLERITE [19180]",15.35,33.95,4.6,21.37,5.26,1.59,5.17,0.83,5.22,1.01,2.78,0.41,2.54,0.36
63.2172,-49.72274333,"DOLERITE [19180]",8.59,19.55,2.78,13.42,3.67,1.24,4.1,0.69,4.55,0.97,2.85,0.43,2.75,0.4
23,106,"DOLERITE [18587]",17.62,36.3,4.33,18.92,4.81,1.47,5.35,0.98,6.32,1.35,3.86,0.74,3.7,0.58
23,106,"DOLERITE [18587]",14.46,30.64,3.74,15.92,4.07,1.08,4.54,0.8,5.01,1.1,3.17,0.5,2.98,0.45
23,106,"DOLERITE [18587]",12.69,26.74,3.09,14.25,3.72,1.01,4.31,0.77,5.06,1.07,3.18,0.49,3.11,0.49
65,30.25,"DOLERITE [19243]",16.4,36.1,4.72,20.5,6.12,1.88,6.4,1.04,7.39,1.55,4.53,0.648,4.51,0.626
65,30.25,"DOLERITE [19243]",16.7,36.1,4.76,20.8,6.22,1.87,6.5,1.07,7.91,1.57,4.55,0.655,4.31,0.608
65,30.25,"DOLERITE [19243]",18.3,41.9,5.44,23.4,6.4,1.98,7.24,1.11,6.6,1.49,4.76,0.68,4.64,0.688
65,30.25,"DOLERITE [19243]",16.5,35.8,4.71,20.6,6.23,1.91,6.63,1.07,7.53,1.59,4.62,0.652,4.55,0.644
65,30.25,"DOLERITE [19243]",17.8,40.8,5.32,22.9,6.25,1.91,7.16,1.12,6.47,1.5,4.69,0.668,4.55,0.676
65,30.25,"DOLERITE [19243]",16.4,35.9,4.68,20.6,6.25,1.92,6.46,1.07,7.58,1.58,4.67,0.666,4.67,0.652
65,30.25,"DOLERITE [19243]",16.1,40.8,4.19,23.6,6.25,1.97,6.44,1.31,8.29,1.7,5.03,0.728,5.03,0.707
65,30.25,"DOLERITE [19243]",15.5,37.5,3.8,21.4,5.65,1.83,5.79,1.18,7.59,1.55,4.61,0.686,4.56,0.651
65,30.25,"DOLERITE [19243]",16.1,37.9,3.85,22.1,5.78,1.88,6.11,1.25,8.08,1.68,4.98,0.732,4.74,0.696
65,30.25,"DOLERITE [19243]",18.4,44.2,5.89,26.9,6.71,1.89,8.78,1.34,8.51,1.73,5.15,0.714,4.6,0.688
65,30.25,"DOLERITE [19243]",17.6,40.5,5.34,23.3,7.33,2.04,7.68,1.3,9.35,1.95,5.78,0.817,5.79,0.792
65,30.25,"DOLERITE [19243]",19.97,43.02,5.66,24.72,7.53,2.11,7.78,1.28,9.08,1.9,5.53,0.78,5.46,0.76
65,30.25,"DOLERITE [19243]",20.9,45.1,5.89,25.6,7.71,2.15,7.87,1.3,9.29,1.92,5.69,0.796,5.54,0.77
65,30.25,"DOLERITE [19243]",19.5,40.4,5.28,22.6,6.55,1.87,6.56,1.08,7.49,1.56,4.57,0.644,4.48,0.63
65,30.25,"DOLERITE [19243]",20.9,44.6,5.76,24.8,7.2,2.06,7.19,1.16,8.09,1.7,4.9,0.698,4.93,0.673
65,30.25,"DOLERITE [19243]",18,39.1,5.05,22,6.4,1.85,6.44,1.05,7.38,1.53,4.47,0.626,4.38,0.612
31.1533,116.3867,"DOLERITE [19240]",62,139,17.1,72.4,13.5,3.83,11.4,1.46,7.39,1.33,3.18,0.4,2.21,0.34
31.1642,116.3864,"DOLERITE [19240]",53.4,121,15,65.1,12.6,3.46,9.92,1.32,6.72,1.13,2.85,0.34,1.97,0.28
31.152,116.3937,"DOLERITE [19240]",48.1,109,13.8,60.6,12,3.23,9.3,1.24,6.4,1.07,2.66,0.33,1.87,0.27
31.1533,116.3867,"DOLERITE [19240]",62.4,134,16.3,67.6,12.9,3.56,10.1,1.3,6.66,1.07,2.71,0.34,2.04,0.28
31.1533,116.3867,"DOLERITE [19240]",55.4,125,15.2,63.6,12.6,3.39,9.98,1.33,6.89,1.16,2.98,0.37,2.2,0.32
31.152,116.3972,"DOLERITE [19240]",46.1,106,13.1,55.6,11.3,2.98,8.81,1.23,6.53,1.07,2.84,0.38,2.26,0.32
31.1642,116.3864,"DOLERITE [19240]",38.2,87.4,11.4,49.7,10.1,2.77,8.19,1.19,6.18,1.12,2.88,0.37,2.3,0.36
31.1533,116.3867,"DOLERITE [19240]",37.5,92.9,12.7,56,11.5,2.84,9.23,1.24,6.57,1.12,2.87,0.36,2.19,0.28
71.4837548,-117.4457805,"DOLERITE [19328]",6.59,15.26,2.08,9.11,2.5,0.97,2.74,0.48,3.19,0.59,1.72,0.26,1.68,0.26
71.4837548,-117.4457805,"DOLERITE [19328]",7.46,17.44,2.4,10.39,2.74,0.89,3.01,0.53,3.25,0.59,1.81,0.28,1.72,0.27
71.4837548,-117.4457805,"DOLERITE [19328]",6.9,16.27,2.22,9.66,2.46,0.85,2.71,0.46,3.11,0.57,1.68,0.26,1.66,0.26
71.4837548,-117.4457805,"DOLERITE [19328]",7.55,17.34,2.34,10.33,2.88,1.13,2.98,0.53,3.43,0.63,1.87,0.3,1.89,0.29
71.48408647,-117.44632883,"DOLERITE [19328]",7.94,18.34,2.51,10.64,2.82,1.02,3.25,0.53,3.52,0.66,1.9,0.29,1.8,0.3
71.4837548,-117.4457805,"DOLERITE [19328]",7.97,19.1,2.59,11.51,2.94,1.03,3.37,0.62,3.72,0.69,2,0.31,2.04,0.31
71.4837548,-117.4457805,"DOLERITE [19328]",7.64,17.6,2.42,10.5,2.74,0.93,3.06,0.5,3.26,0.59,1.8,0.28,1.85,0.28
71.4837548,-117.4457805,"DOLERITE [19328]",7.53,17.15,2.33,10.37,2.74,0.91,2.98,0.52,3.32,0.6,1.79,0.28,1.73,0.29
71.4837548,-117.4457805,"DOLERITE [19328]",7.92,17.84,2.41,10.4,2.78,0.91,2.98,0.5,3.24,0.58,1.75,0.28,1.76,0.27
71.48408647,-117.44632883,"DOLERITE [19328]",8,18.53,2.54,10.78,2.81,0.96,3.04,0.54,3.45,0.61,1.84,0.29,1.81,0.28
-20.7,14.1,"DOLERITE [4586]",4.9,11.7,1.72,8.1,2.22,0.69,2.45,0.42,2.5,0.5,1.38,0.22,1.29,0.2
-21.2497,14.442,"DOLERITE [4586]",5.3,12.7,1.89,9.2,2.46,0.84,2.75,0.45,2.71,0.56,1.48,0.23,1.37,0.21
-21.2497,14.442,"DOLERITE [4586]",4.7,11.4,1.75,8.6,2.52,0.89,3.08,0.51,3.08,0.62,1.7,0.27,1.55,0.24
-21.2497,14.442,"DOLERITE [4586]",4.3,10.5,1.61,8.2,2.46,0.9,3.1,0.54,3.32,0.69,1.9,0.31,1.79,0.27
-21.2497,14.442,"DOLERITE [4586]",5.4,12.5,1.85,9,2.6,0.92,3.09,0.51,3.22,0.65,1.75,0.27,1.66,0.25
-20.7283,14.22,"DOLERITE [4586]",5.8,14.9,2.32,11.5,3.24,1.09,3.58,0.61,3.67,0.73,1.98,0.3,1.78,0.27
-20.7283,14.22,"DOLERITE [4586]",9.8,20.9,2.83,12.2,2.95,0.83,3.33,0.6,3.74,0.79,2.27,0.37,2.22,0.34
-21.2497,14.442,"DOLERITE [4586]",73,17.6,2.63,12.6,3.43,1.08,3.83,0.65,3.93,0.8,2.17,0.34,1.96,0.3
-21.2497,14.442,"DOLERITE [4586]",4.5,11.8,1.9,9.6,2.85,0.99,3.42,0.56,3.47,0.7,1.87,0.29,1.73,0.26
-20.7,14.1,"DOLERITE [4586]",5.5,13.7,2.13,10.4,2.94,0.97,3.34,0.57,3.49,0.69,1.9,0.29,1.74,0.27
-20.7283,14.22,"DOLERITE [4586]",21.2,46,6.02,24.7,4.94,1.49,4.58,0.63,3.32,0.59,1.47,0.21,1.17,0.17
-20.7283,14.22,"DOLERITE [4586]",19.7,45.2,5.99,26.5,6.07,2.05,5.6,0.86,4.67,0.86,2.41,0.36,2.11,0.32
-21.2497,14.442,"DOLERITE [4586]",12.5,27.6,3.78,16.5,3.81,1.17,3.95,0.66,4.03,0.82,2.29,0.36,2.15,0.33
-21.2497,14.442,"DOLERITE [4586]",9.6,20.7,2.8,12.1,2.91,0.85,3.36,0.59,3.79,0.8,2.26,0.37,2.2,0.34
-21.2497,14.442,"DOLERITE [4586]",12.7,28.2,3.95,17.8,4.33,1.45,4.58,0.76,4.59,0.94,2.62,0.42,2.5,0.39
-20.7,14.1,"DOLERITE [4586]",25.4,53.1,6.97,29,6.3,1.79,6.5,1.01,5.95,1.2,3.35,0.53,3.14,0.49
-20.2912,14.33,"DOLERITE [4586]",6.7,17.4,2.66,13.2,3.44,1.19,3.71,0.57,3.31,0.64,1.7,0.26,1.48,0.22
-20.2912,14.33,"DOLERITE [4586]",8.2,20.5,3.09,14.6,3.77,1.28,4.16,0.63,3.63,0.71,1.86,0.29,1.69,0.25
-20.2912,14.33,"DOLERITE [4586]",10.9,26.6,3.89,18.5,4.47,1.46,4.61,0.7,3.9,0.74,1.95,0.3,1.68,0.25
-20.2912,14.33,"DOLERITE [4586]",8.9,22.4,3.33,16.1,4.07,1.39,4.41,0.68,3.92,0.77,2.03,0.31,1.82,0.28
-20.2912,14.33,"DOLERITE [4586]",18.9,44.8,6.33,28.3,6.22,1.9,6.03,0.91,5.11,0.98,2.56,0.39,2.28,0.35
-20.2912,14.33,"DOLERITE [4586]",10.4,24.5,3.54,16.6,4.1,1.35,4.38,0.68,3.99,0.77,2.1,0.32,1.87,0.28
-20.2912,14.33,"DOLERITE [4586]",15.1,32.3,4.27,18.3,4.28,1.27,4.7,0.77,4.7,0.95,2.7,0.43,2.61,0.4
-19.5,32.25,"DOLERITE [11780]",12.3,24,2.39,10.8,2.4,0.66,2.5,0.4,2.5,0.5,1.6,0.22,1.6,0.26
-19.5,32.25,"DOLERITE [11780]",17.5,29.9,3.12,14.2,3.1,0.86,3.2,0.6,3.4,0.7,2.1,0.3,2.1,0.33
-19.5,32.25,"DOLERITE [11780]",20.5,33.5,3.43,15.5,3.2,0.92,3.5,0.6,3.6,0.7,2.2,0.31,2.2,0.36
-19.5,32.25,"DOLERITE [11780]",19.2,32,3.35,15.2,3.5,0.98,3.6,0.6,3.9,0.8,2.4,0.35,2.5,0.4
-19.5,32.25,"DOLERITE [11780]",16.2,27.9,2.91,13.1,2.9,0.83,3,0.5,3.1,0.6,2,0.29,2,0.3
-19.5,32.25,"DOLERITE [11780]",16,25.5,2.56,11.4,2.5,0.76,2.6,0.4,2.6,0.5,1.6,0.24,1.6,0.25
-19.5,32.25,"DOLERITE [11780]",13.8,25.2,2.62,12.1,2.7,0.76,2.8,0.5,2.9,0.6,1.9,0.26,1.8,0.29
-19.5,32.25,"DOLERITE [11780]",35.2,51.2,5.3,23.3,5.1,1.24,5.2,0.8,5.1,1,3.2,0.45,3.1,0.49
-19.5,32.25,"DOLERITE [11780]",22.3,34.2,3.69,16.6,3.7,0.98,3.8,0.6,3.8,0.8,2.3,0.33,2.3,0.36
41.06581,43.65789,"DOLERITE [19604]",28,51,6.9,26.8,5.3,1.7,5.6,0.8,4.9,1,2.7,0.4,2.7,0.4
28.3,102.25,"DOLERITE [19734]",17.43,39,5.84,25.2,4.76,1.85,6.41,1.09,7.07,1.53,4.78,0.64,4.2,0.63
28.3,102.25,"DOLERITE [19734]",15.9,37.5,5.12,24.3,6.61,2.37,8.13,1.32,8.45,1.76,5.55,0.69,4.71,0.73
28.3,102.25,"DOLERITE [19734]",16.5,39.5,5.38,26.1,7.41,2.48,8.94,1.53,9.41,2,6.13,0.81,5.2,0.77
28.3,102.25,"DOLERITE [19734]",29.8,66.3,7.93,33.7,7.3,1.61,7.28,1.15,6.82,1.4,4.3,0.57,3.68,0.54
28.3,102.25,"DOLERITE [19734]",15.2,34.7,4.49,20.3,5.14,1.62,6.17,1,6.35,1.32,4.08,0.56,3.65,0.55
28.3,102.25,"DOLERITE [19734]",14.6,33.2,4.31,19.6,5.19,1.58,5.8,0.97,6.3,1.35,4.01,0.54,3.67,0.55
28.3,102.25,"DOLERITE [19734]",12.8,31.1,4.08,19.2,4.84,1.16,5.63,0.94,5.95,1.25,3.78,0.5,3.28,0.51
28.3,102.25,"DOLERITE [19734]",14.7,37.4,4.96,24,6.12,1.89,7.22,1.07,6.66,1.39,4.28,0.55,3.83,0.56
28.3,102.25,"DOLERITE [19734]",7.69,19.9,3.01,15.5,4.89,1.39,6.02,0.95,6.03,1.28,3.93,0.53,3.63,0.55
28.3,102.25,"DOLERITE [19734]",15.9,38.2,4.86,22.3,5.78,1.44,5.97,0.96,5.78,1.2,3.47,0.46,3.09,0.46
28.3,102.25,"DOLERITE [19734]",17.7,41.5,5.37,24.6,6.03,1.55,6.94,1.06,6.55,1.36,4.16,0.56,3.6,0.56
28.3,102.25,"DOLERITE [19734]",17.4,41.1,5.27,24.1,5.84,1.51,6.64,1.03,6.43,1.32,4.02,0.53,3.47,0.54
28.3,102.25,"DOLERITE [19734]",20,45.5,5.59,25,5.82,1.33,6.32,0.99,6.02,1.25,3.74,0.51,3.36,0.48
28.3,102.25,"DOLERITE [19734]",17.56,39.1,5.85,25.5,4.93,1.79,6.39,1.1,7.24,1.54,4.77,0.66,4.28,0.64
61,-48,"DOLERITE [19752]",36.4,75.8,9.97,40.3,8.44,2.36,8.2,1.4,8.17,1.57,4.45,0.65,4.14,0.644
61,-48,"DOLERITE [19752]",9.9,23,3.31,15.3,3.98,1.49,4.47,0.72,4.34,0.84,2.28,0.331,2.12,0.322
61,-48,"DOLERITE [19752]",20.7,43.1,5.48,23,5.25,1.87,5.55,0.85,5.2,1.03,2.9,0.415,2.62,0.373
61,-48,"DOLERITE [19752]",20,44.7,5.83,24.7,5.53,1.93,5.62,0.9,5.2,1.02,2.93,0.426,2.71,0.42
61,-48,"DOLERITE [19752]",14.9,32,4.34,18.2,4.05,1.42,4.03,0.66,3.88,0.75,2.13,0.304,1.91,0.314
61.217717,-48.375167,"DOLERITE [19752]",28.5,61.6,8.13,35.7,7.53,2.42,7.45,1.2,7.02,1.36,3.74,0.543,3.54,0.54
61.315067,-48.703333,"DOLERITE [19752]",17.9,39.3,5.1,24.57,5.22,1.66,4.61,0.8,4.98,0.98,2.62,0.386,2.43,0.407
61.315067,-48.703333,"DOLERITE [19752]",17.6,38.6,5.13,25.71,5.6,1.62,5.07,0.8,5,0.95,2.61,0.371,2.52,0.397
61.200183,-48.201817,"DOLERITE [19752]",35,75.6,9.75,40.8,9.25,2.42,8.46,1.41,8.14,1.59,4.37,0.638,4.18,0.681
61.200183,-48.201817,"DOLERITE [19752]",41.1,93.6,11.5,49.4,10.9,2.79,10.5,1.72,9.54,1.88,5.4,0.777,5.15,0.788
61,-48,"DOLERITE [19752]",14.9,33.9,4.7,21.4,5.34,1.68,5.78,0.96,5.86,1.13,3.21,0.487,3.28,0.489
61,-48,"DOLERITE [19752]",15.6,35.2,4.84,22,5.53,1.76,5.55,1,6.08,1.22,3.56,0.524,3.24,0.498
61,-48,"DOLERITE [19752]",14.9,34.4,4.74,21.2,5.36,1.76,5.84,1.03,6.02,1.16,3.31,0.51,3.35,0.509
61,-48,"DOLERITE [19752]",13.9,31.3,4.44,19.8,5,1.7,5.52,0.98,5.62,1.13,3.25,0.497,3.09,0.456
61,-48,"DOLERITE [19752]",13.3,30,4.22,19.6,4.95,1.55,5.01,0.88,5.38,1.08,3.15,0.481,2.93,0.458
61,-48,"DOLERITE [19752]",15,33.5,4.77,21.7,5.56,1.81,5.82,0.98,6.03,1.18,3.44,0.514,3.35,0.494
61,-48,"DOLERITE [19752]",14.7,33.2,4.59,21.8,5.41,1.81,5.74,1,6,1.22,3.61,0.542,3.2,0.494
61,-48,"DOLERITE [19752]",13.9,31.2,4.38,20,5.23,1.62,5.53,0.96,5.58,1.16,3.23,0.472,3.03,0.419
61,-48,"DOLERITE [19752]",20.5,45.2,5.94,25.1,5.61,1.93,6.14,1.02,5.73,1.18,3.39,0.47,2.94,0.448
61,-48,"DOLERITE [19752]",81.9,154,18,69,12.2,4.73,9.22,1.36,7.04,1.23,3.15,0.413,2.26,0.292
61,-48,"DOLERITE [19752]",10.4,24.1,3.38,15.5,3.94,1.49,4.34,0.71,4.22,0.82,2.28,0.346,2.17,0.327
61,-48,"DOLERITE [19752]",9,19.3,2.54,11.2,2.51,1.18,2.5,0.4,2.38,0.47,1.33,0.194,1.24,0.191
61.325217,-48.737033,"DOLERITE [19752]",5.91,13.7,1.97,9.32,2.25,1.03,2.43,0.42,2.48,0.46,1.26,0.181,1.23,0.224
61.325217,-48.737033,"DOLERITE [19752]",17.7,39.6,5.58,25.4,5.57,1.96,5.69,0.93,5.59,1.06,2.88,0.409,2.75,0.444
61.328867,-48.742533,"DOLERITE [19752]",19.2,41.5,5.61,25.2,5.48,1.91,5.41,0.83,4.91,0.94,2.55,0.365,2.39,0.383
61.328867,-48.742533,"DOLERITE [19752]",38.4,81.9,10.5,43.8,9.08,2.69,8.04,1.18,6.67,1.25,3.48,0.506,3.23,0.51
61.328867,-48.742533,"DOLERITE [19752]",39.2,83.5,10.8,44.9,9.41,2.73,8.09,1.14,6.82,1.28,3.43,0.492,3.25,0.5
61.324733,-48.71485,"DOLERITE [19752]",12.9,29.9,4.08,18.7,4.9,1.61,4.99,0.87,5.37,1.06,2.97,0.429,2.85,0.438
61.324733,-48.71485,"DOLERITE [19752]",11.9,27.4,3.8,17.4,4.46,1.51,4.88,0.87,5.05,1,2.66,0.38,2.62,0.416
61.188983,-48.21215,"DOLERITE [19752]",9.23,22.3,3.05,14.43,3.47,1.33,3.24,0.54,2.99,0.57,1.56,0.216,1.34,0.228
61.188983,-48.21215,"DOLERITE [19752]",13.2,31.8,4.3,20.6,5.6,1.88,5.69,0.95,5.54,1.06,3.03,0.435,2.82,0.452
61.188983,-48.21215,"DOLERITE [19752]",10,24.2,3.27,14.7,3.78,1.49,4,0.68,3.95,0.79,2.26,0.331,2.21,0.361
61,-48,"DOLERITE [19752]",11,25.6,3.59,16.8,4.16,1.54,4.67,0.76,4.58,0.89,2.51,0.383,2.45,0.346
61,-48,"DOLERITE [19752]",28,61.1,8.16,35.2,7.8,2.48,7.42,1.19,6.77,1.34,3.75,0.555,3.51,0.511
61,-48,"DOLERITE [19752]",18.2,40.9,5.66,24.2,5.28,1.99,5.5,0.83,4.93,0.97,2.74,0.406,2.51,0.373
61,-48,"DOLERITE [19752]",9.05,20.6,2.81,13.62,3.25,1.32,3.59,0.59,3.6,0.69,1.93,0.287,1.9,0.284
61.339,-48.762383,"DOLERITE [19752]",9.92,22.8,3.17,15.53,3.74,1.26,3.91,0.66,4.07,0.78,2.16,0.319,2.14,0.348
61.339,-48.762383,"DOLERITE [19752]",12.7,29.5,4.17,19.3,4.95,1.61,5.11,0.87,5.51,1.03,2.84,0.403,2.74,0.472
61.299083,-48.816117,"DOLERITE [19752]",8.58,20.7,3.09,15,4.27,1.47,4.36,0.76,4.65,0.9,2.59,0.387,2.55,0.396
61.299083,-48.816117,"DOLERITE [19752]",7.85,18.9,2.93,13.6,3.76,1.46,4.17,0.71,4.33,0.85,2.39,0.353,2.45,0.423
61.298433,-48.808483,"DOLERITE [19752]",12.2,28.1,3.89,17.5,4.75,1.64,5.02,0.84,5.03,0.97,2.73,0.389,2.57,0.428
61.298433,-48.808483,"DOLERITE [19752]",13.6,30.8,4.12,19.4,4.79,1.68,5.16,0.95,5.67,1.1,3.04,0.438,2.96,0.507
61,-48,"DOLERITE [19752]",18.9,40.9,5.42,23.4,5.06,1.71,5.38,0.91,5.38,1.09,3.08,0.473,2.98,0.447
61,-48,"DOLERITE [19752]",19.2,40.7,5.47,23.9,5.34,1.73,5.6,0.94,5.39,1.07,3.05,0.475,2.94,0.421
61,-48,"DOLERITE [19752]",50.6,106,13.8,57.2,12.2,3.65,11.8,2.01,12,2.39,6.72,1,6.68,0.992
61,-48,"DOLERITE [19752]",40.4,85.3,11.3,46.8,10.2,2.98,9.83,1.61,9.16,1.79,5,0.757,4.87,0.753
61,-48,"DOLERITE [19752]",33.1,68.7,9.24,37.8,8.82,2.61,8.1,1.33,7.62,1.44,4.13,0.613,4.01,0.586
61,-48,"DOLERITE [19752]",26.1,56.1,7.14,29.4,6.11,1.84,5.98,1,5.74,1.14,3.29,0.487,2.94,0.451
61,-48,"DOLERITE [19752]",44.8,96.5,12.2,49.5,10.1,2.84,10,1.54,8.83,1.73,5.04,0.748,4.73,0.707
61,-48,"DOLERITE [19752]",51.9,112,14.6,60.2,12.8,3.53,13,2.04,12,2.23,6.4,0.966,6.09,0.914
61,-48,"DOLERITE [19752]",74.2,125,12.7,40.9,6.01,1.3,4.31,0.62,3.43,0.65,1.91,0.288,2,0.289
61,-48,"DOLERITE [19752]",29.7,64.5,8.54,35.9,7.69,2.42,7.36,1.16,7.04,1.34,3.85,0.57,3.63,0.546
61,-48,"DOLERITE [19752]",10.2,22.4,3.1,14.86,3.38,1.49,3.32,0.55,3.24,0.63,1.82,0.268,1.64,0.242
61,-48,"DOLERITE [19752]",31,62,7.62,28.1,5.12,1.65,4.26,0.63,3.28,0.61,1.75,0.258,1.6,0.237
61,-48,"DOLERITE [19752]",17.6,37.5,4.83,20.8,4.22,1.85,4.4,0.68,4.02,0.81,2.28,0.33,1.97,0.299
61,-48,"DOLERITE [19752]",11,24.3,3.29,16.35,3.75,1.35,3.91,0.59,3.41,0.69,1.95,0.283,1.77,0.283
61,-48,"DOLERITE [19752]",21.9,48.5,6.31,27.3,6.12,2.02,6.19,1.01,5.56,1.11,3.06,0.455,2.85,0.429
61,-48,"DOLERITE [19752]",30.6,66,8.67,36.5,7.69,2.52,7.66,1.21,7.13,1.39,3.99,0.58,3.7,0.553
60.718983,-46.036217,"DOLERITE [19752]",31.2,67.8,8.79,35.2,7.47,2.31,7.06,1.18,6.77,1.31,3.74,0.556,3.64,0.519
61.349667,-45.730183,"DOLERITE [19752]",25.2,52.3,6.5,24.1,4.54,1.22,3.71,0.56,3.13,0.65,1.74,0.266,1.67,0.249
61.349667,-45.730183,"DOLERITE [19752]",6.9,16.4,2.4,10.7,2.85,1.16,3.03,0.53,3.07,0.64,1.71,0.252,1.66,0.266
61.349667,-45.730183,"DOLERITE [19752]",7.29,17.1,2.53,11.2,2.95,1.22,3.08,0.53,3.11,0.62,1.77,0.271,1.71,0.246
60.702133,-46.462467,"DOLERITE [19752]",19.4,39.8,4.89,19.5,3.74,1.35,3.34,0.51,2.88,0.53,1.43,0.197,1.34,0.236
60.702367,-46.463833,"DOLERITE [19752]",14.3,30.2,3.93,18.46,3.78,1.49,3.56,0.58,3.34,0.64,1.77,0.256,1.73,0.284
60.702367,-46.463833,"DOLERITE [19752]",16.8,36.2,4.68,18.6,4.19,1.45,4.05,0.66,3.86,0.74,2.02,0.291,1.99,0.338
60.702367,-46.463833,"DOLERITE [19752]",29.8,64.8,8.55,35.3,8.49,2.42,7.92,1.24,7.57,1.5,4.22,0.595,3.79,0.571
60.702367,-46.463833,"DOLERITE [19752]",26.4,57.4,7.46,31.2,7.1,2.26,6.69,1.06,6.4,1.25,3.51,0.506,3.31,0.499
60.702367,-46.463833,"DOLERITE [19752]",23,49.9,6.58,27.8,6.04,2.05,5.84,0.94,5.63,1.09,2.99,0.43,2.81,0.45
60.702367,-46.463833,"DOLERITE [19752]",28.4,62,7.9,33.4,7.64,2.3,7,1.17,6.9,1.4,3.9,0.57,3.64,0.56
60.702367,-46.463833,"DOLERITE [19752]",18.7,41.2,5.29,24.29,5.05,1.76,4.81,0.76,4.72,0.92,2.5,0.363,2.38,0.389
60.705567,-46.441117,"DOLERITE [19752]",10.1,22.2,3.06,13.3,3.45,1.29,3.36,0.49,2.67,0.48,1.27,0.175,1.14,0.179
60.706133,-46.442617,"DOLERITE [19752]",3.53,8.54,1.42,7.19,2.35,1.13,2.34,0.39,2.07,0.37,0.97,0.13,0.8,0.127
60.706,-46.441167,"DOLERITE [19752]",13.9,30.8,4.22,19,4.57,1.57,4.61,0.75,4.6,0.91,2.49,0.354,2.36,0.377
60.70525,-46.43955,"DOLERITE [19752]",14.2,32.1,4.44,19.5,4.64,1.62,4.84,0.83,4.84,0.93,2.57,0.367,2.51,0.429
60.696833,-46.408933,"DOLERITE [19752]",78.2,155,17.8,65.5,9.88,2.32,6.46,0.84,4.33,0.79,2.09,0.292,1.93,0.306
60.696833,-46.408933,"DOLERITE [19752]",8.24,18.4,2.46,11.44,2.61,1.13,2.39,0.41,2.39,0.47,1.3,0.19,1.26,0.213
60.696833,-46.408933,"DOLERITE [19752]",11.9,26.6,3.63,18.01,4.12,1.5,4.04,0.71,4.06,0.76,2.13,0.305,1.97,0.336
60.696833,-46.408933,"DOLERITE [19752]",15.2,33.6,4.74,20.7,4.93,1.71,4.71,0.85,5.18,1,2.76,0.399,2.75,0.452
38.5,102,"DOLERITE [19755]",27.82,65.68,8.261,34.16,6.417,1.813,6.522,0.846,4.564,0.88,2.473,0.331,1.885,0.31
38.5,102,"DOLERITE [19755]",24.71,58.58,7.32,31.71,6.379,1.859,7.213,0.996,5.808,1.194,3.291,0.452,2.653,0.44
38.4792,102.1713,"DOLERITE [19755]",24.02,57.94,7.116,30.68,6.344,1.788,7.019,0.967,5.642,1.146,3.291,0.453,2.675,0.445
38.5,102,"DOLERITE [19755]",23.2,55.12,7.35,32.62,6.74,2.09,7.65,1.12,6.63,1.33,3.66,0.53,2.81,0.51
38.5,102,"DOLERITE [19755]",25.4082065505713,58.3096936482945,7.04726535629331,30.2538438122946,6.33547525578696,2.0040160407995,6.97616656472445,1.06033873593413,6.25225298732114,1.29809643769999,3.73589126721849,0.53,3.06,0.499820111460723
38.5,102,"DOLERITE [19755]",27.1593290600694,64.5474427866974,7.99436522338141,35.0751443796038,7.72454021170712,2.40429235029102,8.56351638774246,1.32815369931726,7.96090845257734,1.6730901957569,4.8159290136451,0.68,4.03,0.657963783303879
38.5,102,"DOLERITE [19755]",24.8104033294124,59.5477413821323,7.41883490828113,32.9557760762485,7.32599150457059,2.32392961862068,8.27385844542929,1.27729986934743,7.69925127820105,1.6102131559556,4.65221222598948,0.66,3.93,0.6301969680178
38.5,102,"DOLERITE [19755]",29.7163774833749,71.2905167981027,8.76667963086659,38.0312257907597,7.86681560004201,2.35336188724718,8.34226849615453,1.24210882593516,7.22497132636341,1.48878400413249,4.28782423541221,0.61,3.55,0.571624929433171
38.5,102,"DOLERITE [19755]",27.2124055904262,65.7506395912936,7.98836019383642,34.6714784230841,7.16517118153227,2.17741050684177,7.62152532069063,1.13442107345119,6.54699732939405,1.37099741463269,3.94279804493888,0.55,3.29,0.531274317733329
38.5,102,"DOLERITE [19755]",33.7326472217926,83.7740740395145,10.0796710042825,43.6744930657304,8.9012654933144,2.58838086835435,9.58185274665388,1.42382933852207,8.32916694577614,1.73685204151165,5.04430906763037,0.71,4.13,0.673635420957354
38.5,102,"DOLERITE [19755]",28.4938644304142,69.4236825453446,8.41068544088774,36.4307904716336,7.54162843130367,2.29904876528964,8.10409536138145,1.1868501142638,6.90502859205071,1.42744498719914,4.12924276136768,0.58,3.43,0.557386662312611
38.5,102,"DOLERITE [19755]",33.3935427384281,76.2082011058738,8.92248112135836,37.0101657996017,7.5830772063912,2.2422325289537,8.20583562144548,1.23859009697445,7.28163081747473,1.53456863673333,4.4423223377826,0.65,3.86,0.621208100325602
71.31838953,-115.80420467,"DOLERITE [19776]",5.53,13.56,1.96,9.25,2.62,0.99,3.21,0.55,3.63,0.64,1.89,0.3,1.81,0.29
71.30692786,-115.7632947,"DOLERITE [19776]",8.49,20.84,3.08,14.3,4.1,1.38,4.91,0.91,5.52,1.07,3.06,0.47,3.03,0.47
71.31716287,-115.80430133,"DOLERITE [19776]",6.73,16.66,2.43,11.54,3.41,1.16,3.88,0.69,4.41,0.78,2.32,0.37,2.32,0.35
71.31731287,-115.804013,"DOLERITE [19776]",5.51,13.3,1.93,8.9,2.6,0.97,2.89,0.52,3.44,0.64,1.85,0.29,1.83,0.29
71.31706787,-115.80494133,"DOLERITE [19776]",6.97,16.87,2.38,11.15,3.26,1.11,3.62,0.67,4.21,0.77,2.24,0.36,2.18,0.34
71.3173062,-115.80578967,"DOLERITE [19776]",10.63,25.58,3.72,17.29,4.89,1.52,5.55,0.94,6,1.05,3.12,0.51,3.17,0.46
71.3184562,-115.80989633,"DOLERITE [19776]",6.92,16.1,2.28,10.58,2.95,1.09,3.52,0.66,3.93,0.74,2.1,0.33,2.04,0.33
71.31734787,-115.80381467,"DOLERITE [19776]",6.18,15.04,2.24,10.37,3,1.1,3.38,0.64,3.91,0.72,2.17,0.34,2.04,0.33
71.3184612,-115.80890633,"DOLERITE [19776]",4.91,11.86,1.79,8.41,2.52,0.98,2.94,0.54,3.57,0.65,1.9,0.3,1.84,0.29
71.31714287,-115.80401633,"DOLERITE [19776]",6.44,15.45,2.27,10.83,3.1,1.19,3.64,0.67,4.05,0.77,2.21,0.34,2.1,0.34
71.30457619,-115.75841637,"DOLERITE [19776]",4.69,11.65,1.75,7.98,2.25,0.89,2.8,0.52,3.31,0.62,1.81,0.28,1.78,0.29
71.30461286,-115.75796804,"DOLERITE [19776]",8.58,20.93,3.01,14.07,4.05,1.39,4.69,0.87,5.18,0.95,2.88,0.45,2.78,0.44
71.30624786,-115.76225637,"DOLERITE [19776]",4.96,11.99,1.75,8.5,2.48,0.98,2.99,0.54,3.46,0.62,1.87,0.3,1.79,0.28
71.27692785,-115.67626477,"DOLERITE [19776]",4.88,12.02,1.8,8.38,2.46,0.92,2.8,0.5,3.18,0.58,1.73,0.27,1.72,0.27
71.27812618,-115.67938811,"DOLERITE [19776]",6.02,14.61,2.12,9.82,3.03,1.08,3.42,0.64,4.09,0.74,2.18,0.35,2.16,0.32
71.28600618,-115.70383808,"DOLERITE [19776]",6.81,16.59,2.47,11.36,3.44,1.22,4,0.69,4.56,0.83,2.48,0.39,2.47,0.36
-28,121,"DOLERITE [19865]",8.3486708373436,16.5343099598035,2.03610767696909,8.28097286821705,2.01652912621359,0.71546518448439,2.31974875759249,0.400391779062299,2.54417625523013,0.553340409775364,1.63079545454545,0.23719729563614,1.53088249174139,0.229949482271729
-28,121,"DOLERITE [19865]",4.84653031761309,9.96284948637785,1.26150149551346,5.26733720930233,1.36276395631068,0.533677672658467,1.61170071783545,0.286904303147078,1.88013336820084,0.413577141446556,1.22087412587413,0.180454824830977,1.15726285983955,0.175440853467211
-28,121,"DOLERITE [19865]",7.7065437921078,15.1839392585976,1.82786939182453,7.34536046511628,1.78856492718447,0.625191863765374,2.04366096079514,0.352010276172126,2.24387029288703,0.491584547025426,1.43916958041958,0.210251997541487,1.3641906559698,0.201522434891748
-28,121,"DOLERITE [19865]",9.25376419634264,18.5753282715498,2.26647756729811,9.18747286821705,2.19528519417476,0.695714664143803,2.46543346217559,0.422989723827874,2.66608263598326,0.576092569735868,1.69006118881119,0.248309772587585,1.59219443133554,0.238768434264198
-28,121,"DOLERITE [19865]",8.99181713185755,17.7712907548012,2.13771186440678,8.65843023255814,2.03862257281553,0.666967833491012,2.30548591938156,0.391432241490045,2.46786087866109,0.536202419155764,1.56757867132867,0.227559926244622,1.46190655969797,0.21944179479134
-28,121,"DOLERITE [19865]",4.38684889316651,8.66298883430103,1.06432901296112,4.30261240310077,1.03337075242718,0.411245127719962,1.18687189398123,0.206168914579319,1.30033472803347,0.284746729202666,0.837128496503497,0.121647203441918,0.790636621047664,0.118305302792595
-28,121,"DOLERITE [19865]",11.0894321462945,21.6987047789192,2.63466699900299,10.6511240310078,2.56484830097087,0.748761873226112,2.97583931529542,0.513879254977521,3.27165010460251,0.706794371760059,2.06145979020979,0.301020282728949,1.92462010382256,0.286991214308127
-28,121,"DOLERITE [19865]",9.70733012512031,19.4721393479232,2.34796211365902,9.56794186046512,2.35194781553398,0.641943614001892,2.70077029265599,0.463208092485549,2.9703530334728,0.650160207356208,1.89749125874126,0.275550092194223,1.76463426144408,0.263161280200816
-28,121,"DOLERITE [19865]",7.27235169720447,16.1990481935805,2.2388104926449,10.2234188146614,3.09874004618975,0.908317470827141,3.58601701374876,0.706481915195356,4.6657695284033,1.10108397146705,3.10129980912772,0.432213575118915,2.87993174924166,0.445475790193183
-28,121,"DOLERITE [19865]",3.744,8.853,1.177,5.835,1.723,0.5403,2.078,0.4148,2.775,0.6035,1.793,0.278,1.815,0.2831
-28,121,"DOLERITE [19865]",3.186,7.667,1.026,5.139,1.543,0.5371,1.863,0.3778,2.545,0.5513,1.652,0.2529,1.667,0.262
-28,121,"DOLERITE [19865]",2.57827243311082,5.84420867032323,0.823452900376925,3.86378035014197,1.23234900683724,0.414180948783346,1.46279575270481,0.291388699856733,1.96723643599483,0.468042209391619,1.31425067691416,0.186083698778845,1.22588496185311,0.189409562815936
-28,121,"DOLERITE [19865]",3.83115185418031,8.28627468299755,1.14739190229456,5.29422453723153,1.71661402852658,0.513676459185026,2.19761939266238,0.439986107419977,2.9825823853465,0.698300577506656,2.00958560510144,0.284933757479572,1.86061270341342,0.278310657472641
-28,121,"DOLERITE [19865]",2.35137053596123,6.19918473735711,1.00703599252317,5.19384381830117,1.83713179393998,0.671440514323662,2.24094597923233,0.443169381738052,2.95956150919467,0.703445261313962,1.95482674652907,0.270644916135042,1.80879842044867,0.276190242455558
-28,121,"DOLERITE [19865]",1.7716418156575,4.37678253335651,0.691373793939375,3.59273979883731,1.26709258205293,0.582047101939777,1.56206270925559,0.305838479612487,2.01365299446974,0.462889233906321,1.29646661160191,0.181662775847169,1.19365119286348,0.179771591585079
-28,121,"DOLERITE [19865]",5.36971849281759,14.1920423730125,2.22227290909085,10.8297898242464,3.49801363818269,1.15864885677201,4.02629440629489,0.769220975514509,4.97557216949844,1.12588869625357,3.16458817760466,0.444525726252856,2.9192665651918,0.441882884170291
-28,121,"DOLERITE [19865]",1.2030117621097,3.16016699252499,0.515953797154136,2.70207553650593,0.990515715578717,0.464064581276309,1.17838164548551,0.2311382855454,1.49585651017752,0.341510898622479,0.940986977841386,0.130792941720077,0.853254454207801,0.1290536211436
-28,121,"DOLERITE [19865]",5.85676778921827,15.2862380063516,2.43161745849796,12.1083066784978,3.98875010381677,1.1334389164593,4.68807353839955,0.919928365698309,6.05328747113046,1.39590741603226,3.98500083400587,0.563186531800362,3.72173804952631,0.571449845095688
-28,121,"DOLERITE [19865]",13.7096933591171,31.0203009281803,4.44332084374987,20.6899496197723,5.99501174758388,1.90090447029136,6.82492231232682,1.22568272596431,7.79722034346664,1.76636277409091,4.97133664967141,0.694645910624282,4.58097764735318,0.702534739116921
-28,121,"DOLERITE [19865]",11.8316450328137,27.2465546321575,3.927089034519,18.5760978235338,5.45985672214454,1.89679590912807,6.11910020867715,1.10793558360605,7.04470335871377,1.59273714892498,4.45715270760656,0.622995834686191,4.12297379169356,0.629149236569596
24.5,114.3,"DOLERITE [19898]",14,36,4.9,22,5.6,1.7,5.8,1,5.6,1.1,2.9,0.4,2.5,0.4
24.5,114.3,"DOLERITE [19898]",8,19,2.9,14,3.8,1.4,4.5,0.8,4.7,0.9,2.6,0.4,2.2,0.3
24.5,114.3,"DOLERITE [19898]",22,49,6.2,27,6.2,1.9,6.4,1,6.1,1.2,3.3,0.4,2.8,0.4
24.5,114.3,"DOLERITE [19898]",17,44,6,27,6.7,2,7.1,1.1,6.8,1.3,3.5,0.5,3.1,0.5
24.5,114.3,"DOLERITE [19898]",16,39,5.2,23,5.7,1.8,6.1,1,5.8,1.1,3.1,0.4,2.7,0.4
24.5,114.3,"DOLERITE [19898]",20,52,7.5,36,9.6,3.2,10.7,1.8,10.9,2.1,6,0.8,5.2,0.8
24.5,114.3,"DOLERITE [19898]",25,61,8.7,41,10.8,3.4,12,2,11.8,2.3,6.5,0.9,5.6,0.8
24.5,114.3,"DOLERITE [19898]",22,55,7.7,36,9.6,3.1,10.6,1.8,10.8,2.1,6,0.8,5.3,0.8
24.5,114.3,"DOLERITE [19898]",22,50,7,32,8,2.4,8.6,1.4,8.2,1.6,4.2,0.6,3.5,0.5
24.5,114.3,"DOLERITE [19898]",18,46,6.3,30,7.8,2.8,8.6,1.4,8.5,1.7,4.7,0.6,4,0.6
24.5,114.3,"DOLERITE [19898]",27,64,8.9,41,10.1,3.5,10.6,1.7,9.9,1.9,5.2,0.7,4.4,0.6
24.5,114.3,"DOLERITE [19898]",26,62,8.5,39,9.9,3.2,10.3,1.7,9.8,1.8,5,0.7,4.3,0.6
45.72,84.6,"DOLERITE [19925]",8.6,20.2,3.11,14.577,3.663,1.44,3.88,0.67,4.15,0.87,2.27,0.33,2.04,0.29
45.72,84.6,"DOLERITE [19925]",8.8,20.7,3.32,15.4,3.89,1.42,4.16,0.73,4.4,0.92,2.47,0.37,2.3,0.34
45.72,84.6,"DOLERITE [19925]",21.9,48.8,7.16,31.7,7.89,2.02,7.3,1.24,7.53,1.56,4.16,0.61,3.83,0.59
45.72,84.6,"DOLERITE, PYROXENE [19925]",15.7,34.3,5.22,24,6.04,1.73,5.74,0.97,5.88,1.24,3.26,0.48,2.98,0.44
-30.45,136.67,"DOLERITE [19934]",17.2,40.2,5.7,27.4,7,2.2,7.6,1.3,7.3,1.5,3.9,0.6,3.3,0.5
-30.45,136.67,"DOLERITE [19934]",18.5,45.4,6.49,29.9,7.73,2.52,8.63,1.38,8.39,1.68,4.68,0.66,4.25,0.66
-30.45,136.67,"DOLERITE [19934]",13.6,33.4,4.68,21.8,5.82,1.94,6.6,1.03,6.46,1.31,3.85,0.56,3.55,0.55
-30.45,136.67,"DOLERITE [19934]",22.3,53.3,7.4,34.8,8.7,2.5,9.6,1.5,8.8,1.8,4.6,0.7,3.8,0.6
-30.45,136.67,"DOLERITE [19934]",15.5,34.9,5.3,24.8,6.5,2.1,7.6,1.3,7.4,1.4,4,0.6,3.3,0.5
-30.45,136.67,"DOLERITE [19934]",15.4,35.3,5.07,23.2,6.67,1.93,7.63,1.39,8.46,1.68,4.81,0.69,4.27,0.63
-30.45,136.67,"DOLERITE [19934]",13,32.8,4.86,22.6,6.24,2.32,7.01,1.18,6.76,1.28,3.61,0.51,3.14,0.48
-30.45,136.67,"DOLERITE [19934]",13,43.3,6.5,31.5,8.2,2.7,9.2,1.5,8.3,1.7,4.4,0.6,3.8,0.6
-30.45,136.67,"DOLERITE [19934]",20.2,42.4,5.79,26.1,6.97,2.14,7.69,1.31,7.7,1.53,4.28,0.61,3.7,0.55
-30.45,136.67,"DOLERITE [19934]",18.3,45.5,6.26,28.4,7.16,2.5,8,1.23,7.84,1.59,4.36,0.66,4.17,0.63
-30.45,136.67,"DOLERITE [19934]",19.3,45.8,6.04,26.4,6.72,2.48,7.6,1.23,7.53,1.51,4.25,0.59,4.01,0.61
-30.45,136.67,"DOLERITE [19934]",16.7,39.3,4.97,20.3,4.93,0.94,5.29,0.84,5.39,1.11,3.19,0.47,2.97,0.37
-30.45,136.67,"DOLERITE [19934]",24.6,54.5,7.07,29.7,6.55,2.08,6.85,1.03,6.5,1.31,3.71,0.54,3.08,0.4
-30.45,136.67,"DOLERITE [19934]",13.9,33.5,4.64,21,5.71,1.8,6.3,0.97,5.9,1.19,3.39,0.48,2.96,0.38
-30.45,136.67,"DOLERITE [19934]",13.6,32.7,4.59,20.8,5.7,1.89,6.43,1.04,6.25,1.29,3.52,0.52,3.1,0.33
-30.45,136.67,"DOLERITE [19934]",11.7,29.3,4.23,19.4,5.1,1.78,5.96,0.95,5.89,1.18,3.21,0.48,3.03,0.36
-30.45,136.67,"DOLERITE [19934]",10.2,25.7,3.66,17.3,4.71,1.58,5.24,0.85,5.24,1.06,3.09,0.43,2.81,0.3
-30.45,136.67,"DOLERITE [19934]",6.4,17,2.5,11.7,3.21,1.1,3.81,0.59,3.6,0.75,2.17,0.32,2.09,0.22
-30.45,136.67,"DOLERITE [19934]",11,35.1,3.8,17.5,4.85,1.62,5.58,0.89,5.31,1.09,2.96,0.42,2.61,0.29
-30.45,136.67,"DOLERITE [19934]",14.9,36.2,5.04,23.3,6.38,2.15,7.25,1.12,6.68,1.35,3.62,0.55,3.29,0.38
-30.45,136.67,"DOLERITE [19934]",13.9,34.7,4.98,24,6.75,2.16,7.56,1.19,7.31,1.46,3.88,0.6,3.64,0.42
-30.45,136.67,"DOLERITE [19934]",15.5,39.8,5.4,25.4,6.43,1.56,7.58,1.19,7.33,1.52,4.2,0.59,3.57,0.47
-30.45,136.67,"DOLERITE [19934]",14.3,36.8,5.35,25.5,6.95,2.32,7.57,1.19,7.01,1.47,4.03,0.6,3.59,0.44
-30.45,136.67,"DOLERITE [19934]",15.2,38,5.37,24.3,6.48,2.17,7.23,1.11,6.87,1.42,4.04,0.58,3.57,0.44
-30.45,136.67,"DOLERITE [19934]",16,38.7,5.33,24.8,6.72,2.18,7.32,1.11,6.81,1.42,3.84,0.54,3.66,0.4
-30.45,136.67,"DOLERITE [19934]",14.6,34.8,5.06,23.9,6.53,2.32,7.33,1.17,7.06,1.5,4.25,0.59,3.77,0.45
-30.45,136.67,"DOLERITE [19934]",18.2,43,6.21,28.3,7.54,2.47,7.9,1.26,7.67,1.53,4.23,0.62,3.88,0.46
-30.45,136.67,"DOLERITE [19934]",12.4,33.5,4.79,23.8,6.52,2.35,7.59,1.16,7.07,1.48,3.91,0.55,3.48,0.41
-30.45,136.67,"DOLERITE [19934]",15,37.4,5.25,24.8,6.93,2.34,7.41,1.22,7.24,1.46,3.99,0.57,3.38,0.45
-30.45,136.67,"DOLERITE [19934]",15.1,36.9,5.14,24.9,6.67,2.3,7.44,1.19,7.51,1.52,4.13,0.57,3.61,0.48
-30.45,136.67,"DOLERITE [19934]",16.5,41,5.79,26.2,6.69,2.39,7.35,1.13,6.93,1.46,4.14,0.6,3.32,0.45
-30.45,136.67,"DOLERITE [19934]",19.4,46.5,6.51,29.6,7.54,2.31,8.2,1.29,7.44,1.51,4.32,0.62,3.66,0.46
-30.45,136.67,"DOLERITE [19934]",17.9,43.4,6.12,28.7,7.41,2.25,7.9,1.19,7.22,1.49,4.04,0.58,3.67,0.44
-30.45,136.67,"DOLERITE [19934]",16.3,40.7,5.79,26.9,7.25,2.38,7.95,1.28,7.67,1.55,4.41,0.6,3.82,0.46
-30.45,136.67,"DOLERITE [19934]",14.5,39.1,5.24,25,6.56,2.33,7.66,1.21,7.39,1.46,4.07,0.58,3.8,0.43
-30.45,136.67,"DOLERITE [19934]",16.3,41.4,5.71,26.6,6.61,2.31,7.45,1.19,7.23,1.46,3.94,0.58,3.74,0.45
-30.45,136.67,"DOLERITE [19934]",17.8,47,5.92,28.1,7.23,2.33,8.05,1.26,7.82,1.52,4.33,0.63,3.78,0.44
-30.45,136.67,"DOLERITE [19934]",22.9,56.4,7.82,35.3,8.91,2.87,9.35,1.47,8.68,1.76,4.85,0.73,4.34,0.56
-30.45,136.67,"DOLERITE [19934]",19.8,51.2,6.47,30.1,7.84,2.54,8.49,1.36,7.85,1.58,4.5,0.62,3.91,0.47
-30.45,136.67,"DOLERITE [19934]",14.8,36.9,5.26,25.4,6.98,2.19,7.3,1.18,7.06,1.48,4.05,0.57,3.59,0.48
-30.45,136.67,"DOLERITE [19934]",14.3,35.8,5.14,24.3,6.25,2.15,7.35,1.2,7.12,1.47,3.87,0.53,3.53,0.45
-30.45,136.67,"DOLERITE [19934]",17.1,41.3,5.77,26.4,6.83,2.63,7.37,1.13,7.08,1.45,3.98,0.59,3.42,0.43
-30.45,136.67,"DOLERITE [19934]",17.9,43,5.98,27.3,7.33,2.39,7.98,1.24,7.52,1.56,4.05,0.61,3.56,0.44
-30.45,136.67,"DOLERITE [19934]",15.3,37,5.5,24.9,6.59,2.39,7.23,1.13,6.81,1.45,3.94,0.57,3.49,0.47
-30.45,136.67,"DOLERITE [19934]",13.9,35.1,5.21,25,6.97,1.82,7.5,1.23,7.17,1.46,3.99,0.59,3.64,0.44
-30.45,136.67,"DOLERITE [19934]",15.9,38.9,5.53,25.5,6.53,2.25,7.23,1.18,6.8,1.41,3.87,0.57,3.45,0.48
-30.45,136.67,"DOLERITE [19934]",11.9,30.4,4.67,22.9,6.55,2.02,7.3,1.17,7.51,1.48,4.21,0.57,3.63,0.48
-30.45,136.67,"DOLERITE [19934]",24.3,52.2,6.99,31.9,8.06,2.41,8.36,1.26,7.6,1.51,4.15,0.59,3.56,0.46
-30.45,136.67,"DOLERITE [19934]",17.6,41.5,5.87,26.8,7.06,2.68,7.19,1.15,6.87,1.41,4,0.54,3.5,0.48
-30.45,136.67,"DOLERITE [19934]",18,42.7,6.03,26.9,6.97,2.3,7.6,1.21,7.11,1.47,4.16,0.6,3.48,0.46
-30.45,136.67,"DOLERITE [19934]",19.3,53.8,6.27,29,7.14,2.23,7.39,1.13,6.89,1.38,3.81,0.54,3.41,0.39
-30.45,136.67,"DOLERITE [19934]",15.7,38.3,5.39,24.9,6.56,2.28,7.4,1.16,6.88,1.37,3.96,0.53,3.31,0.41
-30.45,136.67,"DOLERITE [19934]",15.9,37.7,5.31,25.7,6.54,2.21,7.28,1.11,6.86,1.38,3.83,0.55,3.43,0.43
-30.45,136.67,"DOLERITE [19934]",11.4,29.6,4.47,21.4,6.29,1.91,6.96,1.14,6.82,1.34,3.92,0.55,3.26,0.43
-30.45,136.67,"DOLERITE [19934]",15,38.2,5.37,25.5,6.79,2.11,7.5,1.15,7.23,1.47,3.83,0.59,3.4,0.56
-30.45,136.67,"DOLERITE [19934]",15,37.8,5.25,25.7,6.89,2.43,7.48,1.18,7.03,1.46,4.03,0.57,3.58,0.45
-30.45,136.67,"DOLERITE [19934]",14.7,36.2,5.05,23.9,6.9,2.14,7.19,1.14,6.8,1.39,3.75,0.55,3.51,0.43
-30.45,136.67,"DOLERITE [19934]",16,38.2,5.44,26.2,6.91,2.54,7.49,1.22,7.19,1.46,3.91,0.56,3.26,0.43
-30.45,136.67,"DOLERITE [19934]",15.9,37.3,5.51,25.9,6.9,2.2,7.41,1.15,6.97,1.43,3.86,0.57,3.51,0.43
-30.45,136.67,"DOLERITE [19934]",14.7,36.1,5.16,24.2,6.36,2.05,6.89,1.07,6.49,1.35,3.76,0.56,3.27,0.44
-30.45,136.67,"DOLERITE [19934]",13.9,34.3,4.81,23.7,6.4,2.17,6.79,1.13,6.74,1.44,3.81,0.55,3.35,0.41
-30.45,136.67,"DOLERITE [19934]",14.9,35.9,4.97,23.8,6.21,2.04,6.75,1.07,6.35,1.34,3.74,0.56,3.35,0.44
-30.45,136.67,"DOLERITE [19934]",12.1,30.5,4.24,20.4,5.48,1.85,5.86,0.95,5.71,1.2,3.33,0.45,2.92,0.36
-30.45,136.67,"DOLERITE [19934]",12.3,35,4.41,21.7,5.94,2.01,6.72,1.02,6.29,1.24,3.46,0.49,3.24,0.36
-30.45,136.67,"DOLERITE [19934]",14.9,36.8,5.31,25.1,6.86,2.25,7.57,1.21,7.03,1.48,4.04,0.59,3.6,0.42
-30.45,136.67,"DOLERITE [19934]",9.4,23.7,3.4,16.1,4.53,1.55,5.06,0.76,4.76,0.98,2.73,0.4,2.4,0.27
-30.45,136.67,"DOLERITE [19934]",10.4,25.4,3.67,17.5,4.61,1.58,5.3,0.83,5.18,1.06,2.94,0.44,2.65,0.31
-30.45,136.67,"DOLERITE [19934]",9.2,22.4,3.2,15.5,4.16,1.54,4.78,0.81,4.74,0.97,2.68,0.39,2.38,0.27
-30.45,136.67,"DOLERITE [19934]",15.2,42.8,5.72,23.2,5.3,1.55,5.17,0.84,4.97,1.01,2.83,0.4,2.58,0.28
-30.45,136.67,"DOLERITE [19934]",11,27.3,3.81,18.8,5.09,1.73,5.91,0.92,5.58,1.17,3.03,0.42,2.74,0.35
-30.45,136.67,"DOLERITE [19934]",11.7,28.7,4.2,20.5,5.49,1.92,6.2,0.98,6.1,1.21,3.35,0.49,2.87,0.32
-30.45,136.67,"DOLERITE [19934]",11.7,29,3.99,19.4,5.36,1.85,6.09,0.99,5.87,1.16,3.29,0.48,3.01,0.34
-30.45,136.67,"DOLERITE [19934]",19.4,48.8,6.54,27.6,7.06,1.93,7.07,1.1,7.07,1.42,4.01,0.59,3.84,0.48
-30.45,136.67,"DOLERITE [19934]",12.7,30.9,4.37,21,5.7,1.79,6.33,1.01,5.97,1.22,3.33,0.47,3.08,0.35
-30.45,136.67,"DOLERITE [19934]",33.1,71.4,9.09,37.4,7.91,1.78,7.87,1.23,7.52,1.5,4.08,0.58,3.74,0.43
